date_utc,league,home,away,market,pick,price_at_publish,model_probability,result,grade,snapshot_frozen_at
2025-10-01T00:00:00+00:00,CONCACAF Caribbean Club Championship,Mount Pleasant Academy,Universidad O&M,Team Total Goals,Over 0.5,1.17,,,WON,
2025-10-01T00:30:00+00:00,Primera B,Barranquilla,Real Soacha,Team Total Goals,Under 2.5,1.18,,,WON,
2025-10-01T00:30:00+00:00,Primera Division,Cusco,Deportivo Garcilaso,Asian Handicap,Home +0.25,1.48,,,WON,
2025-10-01T00:30:00+00:00,Serie A,Atletico-MG,Juventude,Over/Under Goals,Under 3.5,1.33,,,WON,
2025-10-01T00:35:00+00:00,Serie B,Goias,Atletico Goianiense,1X2 / Match Winner,Draw,3.35,,,WON,
2025-10-01T01:00:00+00:00,Liga MX Femenil,Mazatlán W,Guadalajara W,Over/Under Goals,Under 3.5,2.15,,,WON,
2025-10-01T10:00:00+00:00,AFC Champions League,Vissel Kobe,Melbourne City,Over/Under Goals,Under 3.5,1.44,,,WON,
2025-10-01T10:00:00+00:00,AFC Cup,Home United,Selangor,Over/Under Goals,Over 2.5,1.57,,,WON,
2025-10-01T10:00:00+00:00,Liga Revelação U23,Rio Ave U23,Gil Vicente U23,Asian Handicap,Home +0.25,1.6,,,WON,
2025-10-01T11:00:00+00:00,Birinci Dasta,Şahdağ,Mingəçevir,Double Chance,Draw/Away,1.22,,,WON,
2025-10-01T11:00:00+00:00,Erovnuli Liga 2,Saburtalo II,Merani Martvili,Double Chance,Home/Draw,1.22,,,WON,
2025-10-01T11:00:00+00:00,Erovnuli Liga 2,Samtredia,Meshakhte,1X2 / Match Winner,Draw,3.0,,,WON,
2025-10-01T12:00:00+00:00,CAF Champions League,APR,Pyramids FC,1X2 / Match Winner,Away,1.53,,,WON,
2025-10-01T12:15:00+00:00,AFC Champions League,Shanghai Shenhua,Ulsan Hyundai FC,1X2 / Match Winner,Draw,3.68,,,WON,
2025-10-01T12:15:00+00:00,AFC Cup,Bangkok United,Persib Bandung,Over/Under Goals,Over 1.5,1.22,,,WON,
2025-10-01T13:30:00+00:00,3. liga - MSFL,Uničov,Sigma Olomouc II,Double Chance,Draw/Away,1.28,,,WON,
2025-10-01T13:30:00+00:00,Cup,Rača,Inter Bratislava,Asian Handicap,Home +1.25,1.55,,,WON,
2025-10-01T13:30:00+00:00,Cup,Rimavská Sobota,Lokomotíva Zvolen,Asian Handicap,Home +1.25,1.65,,,LOST,
2025-10-01T13:45:00+00:00,AFC Cup,Andijan,Al Ahli Doha,Over/Under Goals,Under 3.5,1.22,,,WON,
2025-10-01T13:45:00+00:00,AFC Cup,Istiqlol,Goa,Double Chance,Draw/Away,1.48,,,LOST,
2025-10-01T14:00:00+00:00,3. liga - CFL B,Neratovice-Byškovice,Jablonec II,Double Chance,Draw/Away,1.52,,,WON,
2025-10-01T14:00:00+00:00,Erovnuli Liga 2,Lokomotivi Tbilisi,Spaeri,Double Chance,Home/Draw,1.62,,,LOST,
2025-10-01T14:00:00+00:00,First League,Mladost DG,Dečić,Double Chance,Home/Draw,1.5,,,LOST,
2025-10-01T14:00:00+00:00,Ligue 1,AS Marsa,ES Tunis,Over/Under Goals,Under 2.5,1.4,,,LOST,
2025-10-01T14:00:00+00:00,Ligue 1,CS Sfaxien,US Monastirienne,Double Chance,Draw/Away,1.58,,,WON,
2025-10-01T14:00:00+00:00,Ligue 1,ES Sahel,Stade Tunisien,Over/Under Goals,Under 2.5,1.35,,,WON,
2025-10-01T14:30:00+00:00,Regionalliga - Nord,Bremer SV,Weiche Flensburg,Over/Under Goals,Under 3.5,1.73,,,LOST,
2025-10-01T15:00:00+00:00,Botola Pro,Olympique Safi,Hassania Agadir,Over/Under Goals,Under 3.5,1.17,,,WON,
2025-10-01T15:00:00+00:00,Cup,Akritas,Doxa,Over/Under Goals,Under 3.5,1.36,,,LOST,
2025-10-01T15:00:00+00:00,Cup,Nizhny Novgorod,Spartak Moscow,Over/Under Goals,Under 3.5,1.36,,,WON,
2025-10-01T15:00:00+00:00,First League,Jedinstvo,Arsenal Tivat,Over/Under Goals,Under 2.5,1.65,,,WON,
2025-10-01T16:00:00+00:00,A Lyga,Hegelmann Litauen,Kauno Žalgiris,Over/Under Goals,Under 3.5,1.28,,,WON,
2025-10-01T16:00:00+00:00,A Lyga,Panevėžys,Dainava,Over/Under Goals,Under 3.5,1.28,,,LOST,
2025-10-01T16:00:00+00:00,AFC Cup,Al Wihdat,Al-Wasl FC,1X2 / Match Winner,Away,1.62,,,WON,
2025-10-01T16:00:00+00:00,AFC Cup,Esteghlal FC,Muharraq,Over/Under Goals,Under 3.5,1.25,,,WON,
2025-10-01T16:00:00+00:00,Czech Liga,Pardubice,Baník Ostrava,BTTS,Yes,1.6,,,LOST,
2025-10-01T16:00:00+00:00,First League,Bokelj,Petrovac,Over/Under Goals,Under 3.5,1.18,,,WON,
2025-10-01T16:00:00+00:00,First League,Mornar,Sutjeska,Double Chance,Draw/Away,1.44,,,LOST,
2025-10-01T16:00:00+00:00,Super Liga,FK Košice,Dunajska Streda,Team Total Goals,Over 0.5,1.17,,,WON,
2025-10-01T16:30:00+00:00,Damallsvenskan,Malmö FF W,Häcken,Double Chance,Draw/Away,1.18,,,WON,
2025-10-01T16:30:00+00:00,Regionalliga - Nord,VfB Oldenburg,SV Drochtersen/Assel,Over/Under Goals,Over 2.5,1.42,,,WON,
2025-10-01T16:45:00+00:00,UEFA Champions League,Qarabag,FC Copenhagen,Over/Under Goals,Over 1.5,1.25,,,WON,
2025-10-01T16:45:00+00:00,UEFA Champions League,Union St. Gilloise,Newcastle,Team Total Goals,Over 0.5,1.2,,,WON,
2025-10-01T17:00:00+00:00,3. Liga,Rot-Weiß Essen,Hoffenheim II,Over/Under Goals,Over 2.5,1.53,,,WON,
2025-10-01T17:00:00+00:00,3. Liga,SSV Ulm 1846,FC Schweinfurt 05,Over/Under Goals,Over 2.5,1.62,,,WON,
2025-10-01T17:00:00+00:00,3. Liga,TSV 1860 München,FC Viktoria Köln,Team Total Goals,Over 0.5,1.53,,,WON,
2025-10-01T17:00:00+00:00,3. Liga,Verl,FC Ingolstadt 04,Over/Under Goals,Over 1.5,1.18,,,WON,
2025-10-01T17:00:00+00:00,3. Liga,VfL Osnabrück,SSV Jahn Regensburg,Over/Under Goals,Under 3.5,1.38,,,WON,
2025-10-01T17:00:00+00:00,Botola Pro,FAR Rabat,Ittihad Tanger,Over/Under Goals,Under 3.5,1.22,,,WON,
2025-10-01T17:00:00+00:00,Copa Federacion,Bergantiños,Ourense CF,Double Chance,Home/Draw,1.62,,,LOST,
2025-10-01T17:00:00+00:00,Eliteserien,KFUM Oslo,Fredrikstad,Over/Under Goals,Over 1.5,1.33,,,WON,
2025-10-01T17:00:00+00:00,Regionalliga - Nord,Hamburger SV II,Eintracht Norderstedt,Double Chance,Draw/Away,1.57,,,WON,
2025-10-01T17:00:00+00:00,Regionalliga - Nord,SSV Jeddeloh,BW Lohne,1X2 / Match Winner,Home,1.46,,,WON,
2025-10-01T17:00:00+00:00,Regionalliga - Nord,St. Pauli II,Kickers Emden,Team Total Goals,Under 2.5,1.15,,,WON,
2025-10-01T17:00:00+00:00,USL League One,Union Omaha,Portland Hearts of Pine,Team Total Goals,Under 2.5,1.46,,,WON,
2025-10-01T17:30:00+00:00,1. Liga Promotion,SC Kriens,Breitenrain,1X2 / Match Winner,Home,1.49,,,WON,
2025-10-01T17:30:00+00:00,Cup,Baltika,Akron,Over/Under Goals,Under 3.5,1.32,,,WON,
2025-10-01T17:30:00+00:00,Premier Soccer League,Kaizer Chiefs,Amazulu,Over/Under Goals,Under 3.5,1.18,,,WON,
2025-10-01T18:00:00+00:00,Copa Federacion,SS Reyes,Toledo,Over/Under Goals,Under 3.5,1.22,,,WON,
2025-10-01T18:00:00+00:00,First Amateur Division,Cercle Brugge II,Merelbeke,Over/Under Goals,Under 3.5,1.42,,,WON,
2025-10-01T18:00:00+00:00,First League,Buducnost Podgorica,Jezero,1X2 / Match Winner,Draw,3.94,,,WON,
2025-10-01T18:00:00+00:00,USL Championship,El Paso Locomotive,Oakland Roots,Asian Handicap,Away -1.25,1.4,,,LOST,
2025-10-01T18:15:00+00:00,AFC Cup,Khalidiya,Arkadag,Over/Under Goals,Under 2.5,2.2,,,WON,
2025-10-01T18:30:00+00:00,Serie B,Carrarese,Modena,Double Chance,Draw/Away,1.44,,,WON,
2025-10-01T18:30:00+00:00,Serie B,Empoli,Monza,Over/Under Goals,Over 1.5,1.4,,,WON,
2025-10-01T18:30:00+00:00,Serie B,Pescara,Sudtirol,Over/Under Goals,Over 1.5,1.4,,,WON,
2025-10-01T18:30:00+00:00,Serie B,Sampdoria,Catanzaro,1X2 / Match Winner,Draw,3.45,,,WON,
2025-10-01T18:45:00+00:00,Championship,Millwall,Coventry,1X2 / Match Winner,Draw,3.6,,,LOST,
2025-10-01T18:45:00+00:00,Championship,Norwich,West Brom,Over/Under Goals,Under 3.5,1.35,,,WON,
2025-10-01T18:45:00+00:00,Championship,Portsmouth,Watford,1X2 / Match Winner,Draw,3.5,,,WON,
2025-10-01T18:45:00+00:00,National League,Altrincham,Tamworth,Over/Under Goals,Over 1.5,1.2,,,WON,
2025-10-01T18:45:00+00:00,National League,Boston United,Forest Green,1X2 / Match Winner,Draw,3.95,,,WON,
2025-10-01T18:45:00+00:00,National League,Brackley Town,Wealdstone,1X2 / Match Winner,Draw,3.87,,,LOST,
2025-10-01T18:45:00+00:00,National League,Carlisle,Hartlepool,Asian Handicap,Away -1.25,1.48,,,LOST,
2025-10-01T18:45:00+00:00,National League,Rochdale,FC Halifax Town,1X2 / Match Winner,Home,1.61,,,LOST,
2025-10-01T18:45:00+00:00,National League,York,Scunthorpe,1X2 / Match Winner,Home,1.57,,,LOST,
2025-10-01T19:00:00+00:00,Botola Pro,Renaissance Berkane,Yacoub El Mansour,Over/Under Goals,Over 1.5,1.38,,,WON,
2025-10-01T19:00:00+00:00,Championship,QPR,Oxford United,Over/Under Goals,Over 1.5,1.35,,,LOST,
2025-10-01T19:00:00+00:00,UEFA Champions League,Arsenal,Olympiakos Piraeus,Over/Under Goals,Under 3.5,1.57,,,WON,
2025-10-01T19:00:00+00:00,UEFA Champions League,Barcelona,Paris Saint Germain,Over/Under Goals,Under 3.5,1.8,,,WON,
2025-10-01T19:00:00+00:00,UEFA Champions League,Bayer Leverkusen,PSV Eindhoven,Over/Under Goals,Over 2.5,1.53,,,LOST,
2025-10-01T19:00:00+00:00,UEFA Champions League,Borussia Dortmund,Athletic Club,Over/Under Goals,Over 1.5,1.25,,,WON,
2025-10-01T19:00:00+00:00,UEFA Champions League,Monaco,Manchester City,Over/Under Goals,Over 1.5,1.17,,,WON,
2025-10-01T19:00:00+00:00,UEFA Champions League,Napoli,Sporting CP,Team Total Goals,Over 0.5,1.44,,,WON,
2025-10-01T19:00:00+00:00,UEFA Champions League,Villarreal,Juventus,Over/Under Goals,Over 1.5,1.3,,,WON,
2025-10-01T19:30:00+00:00,Copa Costa Rica,Cariari Pococi,AD Carmelita,Over/Under Goals,Under 3.5,1.5,,,WON,
2025-10-01T19:30:00+00:00,Copa Paraguay,12 de Octubre,Tacuary,Double Chance,Home/Draw,1.62,,,WON,
2025-10-01T20:00:00+00:00,World Cup - U20,Spain U20,Mexico U20,Over/Under Goals,Under 3.5,1.4,,,LOST,
2025-10-01T22:00:00+00:00,Copa Santa Catarina,Avai,Marcílio Dias,Over/Under Goals,Under 3.5,1.33,,,LOST,
2025-10-01T22:00:00+00:00,Copa Santa Catarina,Barra,Figueirense,1X2 / Match Winner,Away,1.24,,,WON,
2025-10-01T22:00:00+00:00,Serie A,Mirassol,RB Bragantino,Asian Handicap,Home +0,1.5,,,WON,
2025-10-01T22:00:00+00:00,Serie A,Palmeiras,Vasco DA Gama,Team Total Goals,Over 1.5,1.55,,,WON,
2025-10-01T22:00:00+00:00,Serie A,Sport Recife,Fluminense,Asian Handicap,Away -0.5,1.42,,,WON,
2025-10-01T22:30:00+00:00,Copa Santa Catarina,Carlos Renaux,Joinville,Over/Under Goals,Under 2.5,1.85,,,WON,
2025-10-01T22:30:00+00:00,Serie A,Internacional,Corinthians,Asian Handicap,Away -0.5,1.67,,,WON,
2025-10-01T22:30:00+00:00,USL League One,One Knoxville,Chattanooga Red Wolves,Over/Under Goals,Under 3.5,1.22,,,WON,
2025-10-01T23:00:00+00:00,Copa Costa Rica,Guadalupe FC,Sporting San Jose,Asian Handicap,Away -0.25,1.4,,,WON,
2025-10-01T23:00:00+00:00,Primera Division,Alianza Atletico,Universitario,Over/Under Goals,Under 3.5,1.3,,,WON,
2025-10-01T23:30:00+00:00,MLS Next Pro,FC Cincinnati II,New York RB II,Double Chance,Draw/Away,1.67,,,LOST,
2025-10-02T00:00:00+00:00,US Open Cup,Austin,Nashville SC,Over/Under Goals,Over 2.5,1.83,,,WON,
2025-10-02T00:00:00+00:00,USL Championship,Birmingham Legion,North Carolina,Over/Under Goals,Over 1.5,1.22,,,WON,
2025-10-02T00:30:00+00:00,Serie A,Botafogo,Bahia,Over/Under Goals,Under 3.5,1.25,,,WON,
2025-10-02T00:30:00+00:00,Serie A,Santos,Gremio,Double Chance,Draw/Away,1.67,,,WON,
2025-10-02T01:00:00+00:00,Copa Colombia,Santa Fe,Independiente Medellin,Asian Handicap,Home +0,1.65,,,LOST,
2025-10-02T01:30:00+00:00,Primera Division,Alianza Lima,Atletico Grau,Over/Under Goals,Under 3.5,1.33,,,WON,
2025-10-02T02:00:00+00:00,Canadian Championship,Vancouver Whitecaps,Vancouver FC,Over/Under Goals,Over 2.5,1.35,,,WON,
2025-10-02T02:00:00+00:00,MLS Next Pro,The Town,Vancouver Whitecaps II,Team Total Goals,Under 2.5,1.58,,,WON,
2025-10-02T02:15:00+00:00,USL Championship,Sacramento Republic,Orange County SC,Double Chance,Home/Draw,1.18,,,WON,
2025-10-02T02:30:00+00:00,Campeones Cup,Los Angeles Galaxy,Toluca,Over/Under Goals,Over 1.5,1.22,,,WON,
2025-10-02T06:00:00+00:00,WK-League,Boeun Sangmu,Gyeongju,1X2 / Match Winner,Draw,3.68,,,WON,
2025-10-02T07:45:00+00:00,AFC Cup,Macarthur,Beijing Guoan,Over/Under Goals,Over 1.5,1.25,,,WON,
2025-10-02T10:00:00+00:00,AFC Cup,Eastern,Nam Dinh,Team Total Goals,Over 0.5,1.62,,,LOST,
2025-10-02T10:00:00+00:00,AFC Cup,Pohang Steelers,Kaya,Over/Under Goals,Under 3.5,2.05,,,WON,
2025-10-02T10:00:00+00:00,AFC Cup,Tampines Rovers,Bangkok Glass,Over/Under Goals,Under 3.5,1.67,,,WON,
2025-10-02T10:00:00+00:00,WK-League,Changnyeong,Seoul,Over/Under Goals,Under 3.5,1.42,,,WON,
2025-10-02T10:00:00+00:00,WK-League,Gumi Sportstoto,Hwacheon KSPO,Over/Under Goals,Under 3.5,1.26,,,WON,
2025-10-02T10:00:00+00:00,WK-League,Incheon Red Angels,Suwon FMC,Over/Under Goals,Under 3.5,1.39,,,WON,
2025-10-02T11:00:00+00:00,Birinci Dasta,Safa Baku,MOIK,1X2 / Match Winner,Home,1.6,,,WON,
2025-10-02T11:00:00+00:00,Birinci Dasta,Zaqatala,Baku Sportinq,Double Chance,Draw/Away,1.73,,,WON,
2025-10-02T12:15:00+00:00,AFC Cup,Công An Nhân Dân,Wofoo Tai Po,Team Total Goals,Over 0.5,1.6,,,LOST,
2025-10-02T12:15:00+00:00,AFC Cup,Ratchaburi,Gamba Osaka,Over/Under Goals,Over 1.5,1.25,,,WON,
2025-10-02T13:00:00+00:00,Second League,Dayrout,La Viena FC,Over/Under Goals,Under 2.5,1.47,,,WON,
2025-10-02T15:00:00+00:00,3. Division - Girone 6,Fredrikstad II,Odd II,Team Total Goals,Under 2.5,1.21,,,WON,
2025-10-02T15:00:00+00:00,QSL Cup,Al Shahaniya,Muaither SC,Double Chance,Home/Draw,1.4,,,WON,
2025-10-02T15:00:00+00:00,QSL Cup,Al-Duhail SC,Al Kharaitiyat,Over/Under Goals,Over 2.5,1.65,,,WON,
2025-10-02T15:00:00+00:00,Second League,Masar,Abu Qair Semad,Over/Under Goals,Under 2.5,1.42,,,WON,
2025-10-02T16:00:00+00:00,Toppserien,Rosenborg W,Røa W,Over/Under Goals,Under 3.5,1.43,,,WON,
2025-10-02T16:45:00+00:00,Premier League,Mosta,Gzira United,Double Chance,Home/Draw,1.62,,,LOST,
2025-10-02T16:45:00+00:00,UEFA Europa Conference League,Dynamo Kyiv,Crystal Palace,Over/Under Goals,Over 1.5,1.25,,,WON,
2025-10-02T16:45:00+00:00,UEFA Europa Conference League,FC Noah,HNK Rijeka,Over/Under Goals,Over 1.5,1.28,,,LOST,
2025-10-02T16:45:00+00:00,UEFA Europa Conference League,Jagiellonia,Hamrun Spartans,Over/Under Goals,Under 3.5,1.55,,,WON,
2025-10-02T16:45:00+00:00,UEFA Europa Conference League,Lech Poznan,Rapid Vienna,Double Chance,Draw/Away,1.62,,,LOST,
2025-10-02T16:45:00+00:00,UEFA Europa Conference League,Omonia Nicosia,FSV Mainz 05,Over/Under Goals,Over 1.5,1.25,,,LOST,
2025-10-02T16:45:00+00:00,UEFA Europa Conference League,Rayo Vallecano,Shkendija,Over/Under Goals,Under 3.5,1.5,,,WON,
2025-10-02T16:45:00+00:00,UEFA Europa Conference League,Zrinjski,Lincoln Red Imps FC,Team Total Goals,Under 2.5,1.65,,,LOST,
2025-10-02T16:45:00+00:00,UEFA Europa League,AS Roma,Lille,Team Total Goals,Over 0.5,1.16,,,LOST,
2025-10-02T16:45:00+00:00,UEFA Europa League,Bologna,SC Freiburg,Over/Under Goals,Under 3.5,1.3,,,WON,
2025-10-02T16:45:00+00:00,UEFA Europa League,Brann,Utrecht,Asian Handicap,Away -0.5,1.7,,,LOST,
2025-10-02T16:45:00+00:00,UEFA Europa League,Celtic,SC Braga,Over/Under Goals,Under 3.5,1.38,,,WON,
2025-10-02T16:45:00+00:00,UEFA Europa League,FCSB,BSC Young Boys,Over/Under Goals,Over 1.5,1.25,,,WON,
2025-10-02T16:45:00+00:00,UEFA Europa League,Fenerbahce,Nice,Team Total Goals,Over 0.5,1.53,,,WON,
2025-10-02T16:45:00+00:00,UEFA Europa League,Ludogorets,Real Betis,Team Total Goals,Over 0.5,1.17,,,WON,
2025-10-02T16:45:00+00:00,UEFA Europa League,Panathinaikos,GO Ahead Eagles,Over/Under Goals,Under 3.5,1.5,,,WON,
2025-10-02T16:45:00+00:00,UEFA Europa League,Plzen,Malmo FF,Over/Under Goals,Over 1.5,1.28,,,WON,
2025-10-02T17:00:00+00:00,1. Division,Aalborg,HB Koge,Over/Under Goals,Over 1.5,1.15,,,WON,
2025-10-02T17:00:00+00:00,I Liga,Wieczysta Kraków,Wisla Krakow,Over/Under Goals,Over 2.5,1.6,,,LOST,
2025-10-02T17:00:00+00:00,QSL Cup,Al-Gharafa,Al-Khor,Over/Under Goals,Over 1.5,1.2,,,LOST,
2025-10-02T17:30:00+00:00,Division 2 - Södra Svealand,Atvidabergs FF,Smedby,1X2 / Match Winner,Home,1.25,,,LOST,
2025-10-02T18:00:00+00:00,Reserve League,Barracas Central Res.,Boca Juniors Res.,Over/Under Goals,Under 2.5,1.8,,,WON,
2025-10-02T18:00:00+00:00,Reserve League,Independiente Res.,Lanús Res.,Over/Under Goals,Under 3.5,1.2,,,LOST,
2025-10-02T18:00:00+00:00,Reserve League,Instituto Res.,Atlético Tucumán Res.,Over/Under Goals,Under 3.5,1.17,,,WON,
2025-10-02T19:00:00+00:00,League One,Rotherham,Bradford,Double Chance,Home/Draw,1.7,,,WON,
2025-10-02T19:00:00+00:00,Premier League,Tarxien Rainbows,Marsaxlokk,Over/Under Goals,Under 3.5,1.25,,,WON,
2025-10-02T19:00:00+00:00,UEFA Europa Conference League,Aberdeen,Shakhtar Donetsk,1X2 / Match Winner,Away,1.65,,,WON,
2025-10-02T19:00:00+00:00,UEFA Europa Conference League,Legia Warszawa,Samsunspor,Over/Under Goals,Under 3.5,1.38,,,WON,
2025-10-02T19:00:00+00:00,UEFA Europa Conference League,Shelbourne,BK Hacken,Team Total Goals,Over 0.5,1.44,,,LOST,
2025-10-02T19:00:00+00:00,UEFA Europa League,FC Basel 1893,VfB Stuttgart,Team Total Goals,Over 0.5,1.15,,,LOST,
2025-10-02T20:00:00+00:00,World Cup - U20,Colombia U20,Norway U20,Asian Handicap,Home +0,1.5,,,WON,
2025-10-02T20:00:00+00:00,World Cup - U20,United States U20,France U20,Double Chance,Home/Draw,1.62,,,WON,
2025-10-02T21:00:00+00:00,Copa Argentina,Racing Club,River Plate,Over/Under Goals,Over 1.5,1.4,,,LOST,
2025-10-02T22:00:00+00:00,Reserve League,Central Córdoba SdE Res.,Unión Santa Fe Res.,Over/Under Goals,Under 2.5,1.62,,,LOST,
2025-10-02T22:00:00+00:00,Serie A,Vitoria,Ceara,Over/Under Goals,Under 3.5,1.17,,,WON,
2025-10-02T22:00:00+00:00,Serie B,Paysandu,Cuiaba,Over/Under Goals,Under 3.5,1.2,,,WON,
2025-10-02T22:30:00+00:00,Serie A,Fortaleza EC,Sao Paulo,Over/Under Goals,Under 3.5,1.22,,,WON,
2025-10-02T23:00:00+00:00,World Cup - U20,Nigeria U20,Saudi Arabia U20,BTTS,No,1.7,,,LOST,
2025-10-02T23:30:00+00:00,Copa Uruguay,Defensor Sporting,Central Espanol,Over/Under Goals,Under 3.5,1.18,,,WON,
2025-10-02T23:30:00+00:00,Serie A,Flamengo,Cruzeiro,Over/Under Goals,Under 3.5,1.22,,,WON,
2025-10-03T00:30:00+00:00,Primera Division,FBC Melgar,Cienciano,BTTS,Yes,1.62,,,LOST,
2025-10-03T00:30:00+00:00,Serie B,Vila Nova,Criciuma,Double Chance,Draw/Away,1.5,,,WON,
2025-10-03T01:00:00+00:00,Copa Colombia,Junior,America de Cali,Over/Under Goals,Under 3.5,1.44,,,WON,
2025-10-03T05:00:00+00:00,K League 2,Seongnam FC,Seoul E-Land FC,Over/Under Goals,Under 3.5,1.25,,,WON,
2025-10-03T05:00:00+00:00,K-League Classic,Jeju United FC,Jeonbuk Motors,Over/Under Goals,Under 3.5,1.36,,,WON,
2025-10-03T09:00:00+00:00,1. Liga U19,Mladá Boleslav U19,Hradec Králové U19,Double Chance,Draw/Away,1.44,,,WON,
2025-10-03T10:00:00+00:00,J. League Div.1,Shonan Bellmare,Tokyo Verdy,Double Chance,Home/Draw,1.5,,,LOST,
2025-10-03T10:30:00+00:00,Erovnuli Liga,Kolkheti Poti,Dinamo Batumi,1X2 / Match Winner,Draw,3.25,,,WON,
2025-10-03T11:00:00+00:00,Erovnuli Liga,Gareji,Torpedo Kutaisi,Double Chance,Draw/Away,1.27,,,WON,
2025-10-03T11:30:00+00:00,1. Liga U19,Baník Ostrava U19,Jindřichův Hradec,Over/Under Goals,Over 2.5,1.44,,,WON,
2025-10-03T12:00:00+00:00,1st Division,Laci,Apolonia Fier,Over/Under Goals,Under 2.5,1.53,,,WON,
2025-10-03T12:00:00+00:00,Liga III - Serie 2,Braila,Sporting Lieşti,Team Total Goals,Over 0.5,2.26,,,WON,
2025-10-03T12:00:00+00:00,Liga III - Serie 7,Timişul Şag,Unirea DMO,Over/Under Goals,Under 3.5,1.62,,,WON,
2025-10-03T12:00:00+00:00,Premier League 2 Division One,West Bromwich Albion U21,Leeds United U21,Over/Under Goals,Under 3.5,1.64,,,LOST,
2025-10-03T12:00:00+00:00,Regionalliga - Bayern,Aubstadt,Viktoria Aschaffenburg,Over/Under Goals,Over 2.5,1.57,,,LOST,
2025-10-03T12:00:00+00:00,Regionalliga - Nordost,BFC Dynamo,FSV Zwickau,Double Chance,Draw/Away,1.55,,,LOST,
2025-10-03T12:00:00+00:00,Regionalliga - Nordost,BSG Chemie Leipzig,Altglienicke,Double Chance,Draw/Away,1.17,,,LOST,
2025-10-03T12:00:00+00:00,Regionalliga - Nordost,Greifswalder FC,BFC Preussen,Over/Under Goals,Under 3.5,1.4,,,WON,
2025-10-03T12:00:00+00:00,Regionalliga - West,SSVg Velbert,SV Rodinghausen,Over/Under Goals,Under 3.5,1.53,,,LOST,
2025-10-03T12:00:00+00:00,Thai League 1,Lamphun Warrior,Muangthong United,Double Chance,Draw/Away,1.5,,,WON,
2025-10-03T12:30:00+00:00,Premier League,Kolos Kovalivka,Ruh Lviv,Double Chance,Home/Draw,1.17,,,LOST,
2025-10-03T12:30:00+00:00,Second League,Itesalat,Baladiyyat Al Mehalla,Double Chance,Draw/Away,1.6,,,LOST,
2025-10-03T13:00:00+00:00,First League,Makedonija GjP,Aresimi,Double Chance,Draw/Away,1.67,,,LOST,
2025-10-03T13:00:00+00:00,Premyer Liqa,Araz,Mil-Muğan,Over/Under Goals,Under 3.5,1.2,,,WON,
2025-10-03T13:00:00+00:00,Professional Development League,Cardiff City U21,Bristol City U21,1X2 / Match Winner,Home,1.66,,,WON,
2025-10-03T13:00:00+00:00,Second League,CSKA Sofia II,Sportist Svoge,Over/Under Goals,Under 3.5,1.33,,,LOST,
2025-10-03T13:00:00+00:00,Second League,FK Minyor Pernik,Ludogorets II,Over/Under Goals,Under 3.5,1.3,,,WON,
2025-10-03T13:00:00+00:00,Super League,Terengganu,Kelantan United,Over/Under Goals,Under 3.5,1.57,,,LOST,
2025-10-03T13:30:00+00:00,2. SNL,Slovan Ljubljana,Dravinja,Over/Under Goals,Under 3.5,1.36,,,WON,
2025-10-03T13:30:00+00:00,Premier League,Al Najma,Al Ahli,Asian Handicap,Away -0.25,1.48,,,WON,
2025-10-03T13:30:00+00:00,Premier League,Al Shabab,A'Ali,Over/Under Goals,Under 3.5,1.26,,,WON,
2025-10-03T13:30:00+00:00,Second NL,Hrvatski Dragovoljac,Mladost Ždralovi,Over/Under Goals,Under 3.5,1.6,,,WON,
2025-10-03T13:45:00+00:00,First NL,Opatija,Dugopolje,Over/Under Goals,Under 3.5,1.2,,,WON,
2025-10-03T14:00:00+00:00,Júniores U19,Chaves U19,Sporting Braga U19,Over/Under Goals,Under 3.5,1.62,,,WON,
2025-10-03T14:00:00+00:00,Liga II,Bihor Oradea,FC Voluntari,Asian Handicap,Home +0.25,1.5,,,WON,
2025-10-03T14:00:00+00:00,Ligue 1,AS Gabes,Club Africain,Over/Under Goals,Under 2.5,1.34,,,WON,
2025-10-03T14:00:00+00:00,Premier League,Smouha SC,Ismaily SC,Over/Under Goals,Under 2.5,1.48,,,WON,
2025-10-03T14:00:00+00:00,Regionalliga - Bayern,Augsburg II,Hankofen-Hailing,Over/Under Goals,Over 1.5,1.17,,,WON,
2025-10-03T14:30:00+00:00,First League,Septemvri Sofia,Lokomotiv Plovdiv,Over/Under Goals,Under 3.5,1.28,,,LOST,
2025-10-03T15:00:00+00:00,Premier League,Epitsentr Dunayivtsi,Zorya Luhansk,Over/Under Goals,Under 3.5,1.44,,,WON,
2025-10-03T15:00:00+00:00,QSL Cup,Al Shamal,Al Bidda SC,1X2 / Match Winner,Draw,3.5,,,WON,
2025-10-03T15:00:00+00:00,QSL Cup,Al Wakrah,Al Mesaimeer,Over/Under Goals,Over 2.5,1.65,,,WON,
2025-10-03T15:00:00+00:00,Veikkausliiga,FF Jaro,Haka,Over/Under Goals,Under 3.5,1.53,,,WON,
2025-10-03T15:00:00+00:00,Virsliga,Riga,FK Liepaja,Over/Under Goals,Over 1.5,1.23,,,WON,
2025-10-03T15:20:00+00:00,Division 1,Al Zulfi,Abha,Over/Under Goals,Over 1.5,1.4,,,WON,
2025-10-03T15:30:00+00:00,FNL,Ústí nad Labem,Zbrojovka Brno,Over/Under Goals,Over 1.5,1.16,,,LOST,
2025-10-03T15:30:00+00:00,Premyer Liqa,Zira,Neftchi Baku,Over/Under Goals,Under 3.5,1.17,,,LOST,
2025-10-03T15:30:00+00:00,Ykkösliiga,PK-35,EIF,Over/Under Goals,Under 3.5,1.57,,,WON,
2025-10-03T15:45:00+00:00,Division 1,Al Ula,Al Baten,Double Chance,Home/Draw,1.17,,,WON,
2025-10-03T16:00:00+00:00,1 Lyga,Neptūną Klaipėda,Ekranas,1X2 / Match Winner,Home,1.31,,,WON,
2025-10-03T16:00:00+00:00,1. Division,Omonia Aradippou,Apoel Nicosia,Over/Under Goals,Under 3.5,1.23,,,LOST,
2025-10-03T16:00:00+00:00,2. SNL,Triglav,Gorica,Over/Under Goals,Over 1.5,1.24,,,WON,
2025-10-03T16:00:00+00:00,2. liga,Dukla Banská Bystrica,Pohronie,1X2 / Match Winner,Home,1.33,,,LOST,
2025-10-03T16:00:00+00:00,2. liga,Zlaté Moravce,Stará Ľubovňa,1X2 / Match Winner,Home,1.22,,,WON,
2025-10-03T16:00:00+00:00,3. liga - MSFL,Hranice,Start Brno,Asian Handicap,Away -0.25,1.46,,,LOST,
2025-10-03T16:00:00+00:00,Ekstraklasa,Lechia Gdansk,Wisla Plock,Asian Handicap,Away -0.5,1.62,,,WON,
2025-10-03T16:00:00+00:00,Erovnuli Liga,Gagra,Saburtalo,Over/Under Goals,Under 3.5,1.22,,,LOST,
2025-10-03T16:00:00+00:00,Erste Liga,SKU Amstetten,FC Liefering,Asian Handicap,Home +0.25,1.42,,,WON,
2025-10-03T16:00:00+00:00,Erste Liga,Stripfing,Admira Wacker,Team Total Goals,Under 2.5,1.22,,,WON,
2025-10-03T16:00:00+00:00,FNL,České Budějovice,Příbram,Over/Under Goals,Under 3.5,1.37,,,WON,
2025-10-03T16:00:00+00:00,First NL,Karlovac 1919,Sesvete,Over/Under Goals,Under 3.5,1.25,,,WON,
2025-10-03T16:00:00+00:00,I Liga,Stal Mielec,Chrobry Głogów,Over/Under Goals,Under 3.5,1.42,,,WON,
2025-10-03T16:00:00+00:00,II Liga - East,Kalisz,Sandecja Nowy Sącz,Asian Handicap,Away -0.25,1.52,,,WON,
2025-10-03T16:00:00+00:00,Prva HNL,Istra 1961,NK Varazdin,Asian Handicap,Away -0.5,1.7,,,LOST,
2025-10-03T16:00:00+00:00,Regionalliga - West,FC Gutersloh,Wiedenbrück,Team Total Goals,Over 0.5,1.62,,,LOST,
2025-10-03T16:00:00+00:00,Super Liga,Radnicki NIS,Radnik Surdulica,Over/Under Goals,Under 3.5,1.25,,,LOST,
2025-10-03T16:00:00+00:00,Veikkausliiga,HJK helsinki,Gnistan,1X2 / Match Winner,Home,1.3,,,LOST,
2025-10-03T16:30:00+00:00,3. Division - Girone 5,Hinna,Staal Jørpeland,Double Chance,Draw/Away,1.95,,,WON,
2025-10-03T16:30:00+00:00,Bundesliga 2,Eintracht Braunschweig,SC Paderborn 07,Over/Under Goals,Under 3.5,1.48,,,WON,
2025-10-03T16:30:00+00:00,Bundesliga 2,Fortuna Düsseldorf,1. FC Nürnberg,Over/Under Goals,Under 3.5,1.5,,,LOST,
2025-10-03T16:30:00+00:00,Esiliiga A,Tartu Welco,Viimsi,Over/Under Goals,Under 3.5,1.47,,,LOST,
2025-10-03T16:30:00+00:00,Frauen Bundesliga,Eintracht Frankfurt W,Carl Zeiss Jena  W,Result + Total Goals,Home/Over 1.5,1.18,,,WON,
2025-10-03T16:45:00+00:00,First League,Slavia Sofia,Lokomotiv Sofia,Over/Under Goals,Under 3.5,1.25,,,WON,
2025-10-03T16:45:00+00:00,Premier League,Hibernians,Floriana,Over/Under Goals,Under 3.5,1.2,,,WON,
2025-10-03T17:00:00+00:00,1. Division,AC Horsens,Hobro,1X2 / Match Winner,Draw,4.1,,,WON,
2025-10-03T17:00:00+00:00,2. Division,FC Helsingor,Roskilde,Double Chance,Draw/Away,1.25,,,WON,
2025-10-03T17:00:00+00:00,2. Division,Fremad Amager,HIK,Over/Under Goals,Under 3.5,1.3,,,WON,
2025-10-03T17:00:00+00:00,2. Division,Thisted FC,Vendsyssel FF,Double Chance,Home/Draw,1.62,,,LOST,
2025-10-03T17:00:00+00:00,3. Liga,MSV Duisburg,Hansa Rostock,Over/Under Goals,Over 1.5,1.16,,,WON,
2025-10-03T17:00:00+00:00,AXA Women’s Super League,Young Boys W,Grasshopper W,Over/Under Goals,Under 3.5,1.41,,,WON,
2025-10-03T17:00:00+00:00,Botola Pro,CODM Meknès,Wydad AC,Over/Under Goals,Under 3.5,1.17,,,LOST,
2025-10-03T17:00:00+00:00,Damallsvenskan,Hammarby,AIK,1X2 / Match Winner,Home,1.17,,,WON,
2025-10-03T17:00:00+00:00,Division 2 - Västra Götaland,Lindome,Landvetter IS,1X2 / Match Winner,Home,1.62,,,LOST,
2025-10-03T17:00:00+00:00,Division 2 - Östra Götaland,IFK Hässleholm,IFK Trelleborg,Double Chance,Draw/Away,1.23,,,WON,
2025-10-03T17:00:00+00:00,Erovnuli Liga,Dinamo Tbilisi,Dila,Over/Under Goals,Under 3.5,1.22,,,WON,
2025-10-03T17:00:00+00:00,Erovnuli Liga,Samgurali,Telavi,Over/Under Goals,Under 2.5,1.73,,,WON,
2025-10-03T17:00:00+00:00,Ettan - Norra,Vasalund,Stockholm Internazionale,Double Chance,Home/Draw,1.64,,,WON,
2025-10-03T17:00:00+00:00,Premier League,National Bank of Egypt,AL Masry,Over/Under Goals,Under 3.5,1.22,,,WON,
2025-10-03T17:00:00+00:00,Premijer Liga,Posušje,Siroki Brijeg,Over/Under Goals,Under 3.5,1.22,,,WON,
2025-10-03T17:00:00+00:00,Primera División RFEF - Group 2,Villarreal II,Atlético Madrid II,Over/Under Goals,Under 3.5,1.18,,,LOST,
2025-10-03T17:00:00+00:00,QSL Cup,Al Sadd,Al-Markhiya,Over/Under Goals,Under 3.5,1.7,,,LOST,
2025-10-03T17:00:00+00:00,Regionalliga - Bayern,Ansbach,Bayern München II,Double Chance,Home/Draw,1.67,,,WON,
2025-10-03T17:00:00+00:00,Segunda Liga,Maritimo,Academico Viseu,Double Chance,Draw/Away,1.7,,,WON,
2025-10-03T17:00:00+00:00,Shield Cup,Al Buqa'a,Al Faisaly,Over/Under Goals,Over 1.5,1.2,,,WON,
2025-10-03T17:00:00+00:00,Super League Women,Standard Liege W,OH Leuven W,Over/Under Goals,Under 3.5,1.67,,,LOST,
2025-10-03T17:00:00+00:00,Super Lig,Antalyaspor,Rizespor,Over/Under Goals,Under 3.5,1.33,,,LOST,
2025-10-03T17:00:00+00:00,Super Lig,Trabzonspor,Kayserispor,1X2 / Match Winner,Home,1.54,,,WON,
2025-10-03T17:00:00+00:00,Superligaen,Odense,Sonderjyske,Over/Under Goals,Over 1.5,1.2,,,WON,
2025-10-03T17:00:00+00:00,TFF 1. Lig,Boluspor,Erokspor,Over/Under Goals,Over 1.5,1.19,,,WON,
2025-10-03T17:00:00+00:00,TFF 1. Lig,Yeni Çorumspor,Manisa BBSK,Over/Under Goals,Over 1.5,1.19,,,WON,
2025-10-03T17:30:00+00:00,Challenge League,Neuchatel Xamax FC,Stade Lausanne-Ouchy,Asian Handicap,Away -0.25,1.51,,,WON,
2025-10-03T17:30:00+00:00,Challenge League,Stade Nyonnais,FC WIL 1900,Over/Under Goals,Under 3.5,1.45,,,WON,
2025-10-03T17:30:00+00:00,Liga I,Unirea Slobozia,Dinamo Bucuresti,Over/Under Goals,Under 3.5,1.25,,,WON,
2025-10-03T17:30:00+00:00,Meistaradeildin,NSI Runavik,B36 Torshavn,Over/Under Goals,Under 3.5,1.62,,,WON,
2025-10-03T17:30:00+00:00,National 1,Aubagne,Dijon,Over/Under Goals,Under 3.5,1.21,,,WON,
2025-10-03T17:30:00+00:00,National 1,Bourg-en-bresse 01,Versailles,Over/Under Goals,Under 2.5,1.51,,,WON,
2025-10-03T17:30:00+00:00,National 1,Caen,Le Puy Foot,1X2 / Match Winner,Draw,3.43,,,LOST,
2025-10-03T17:30:00+00:00,National 1,Concarneau,Sochaux,Over/Under Goals,Under 3.5,1.18,,,WON,
2025-10-03T17:30:00+00:00,National 1,Gobelins,Orleans,1X2 / Match Winner,Draw,3.13,,,WON,
2025-10-03T17:30:00+00:00,National 1,Quevilly,Fleury 91,Over/Under Goals,Under 3.5,1.15,,,WON,
2025-10-03T17:30:00+00:00,National 1,Stade Briochin,Rouen,Double Chance,Draw/Away,1.22,,,WON,
2025-10-03T17:30:00+00:00,National 1,Villefranche,Chateauroux,Over/Under Goals,Under 3.5,1.17,,,WON,
2025-10-03T17:30:00+00:00,National 2 - Group C,Andrézieux,Limonest,Double Chance,Home/Draw,1.22,,,LOST,
2025-10-03T17:30:00+00:00,Regionalliga - West,FC Bocholt,Wuppertaler SV,Team Total Goals,Under 2.5,1.67,,,WON,
2025-10-03T17:30:00+00:00,Regionalliga - West,Fortuna Düsseldorf II,Köln II,Over/Under Goals,Under 3.5,1.44,,,LOST,
2025-10-03T17:30:00+00:00,Regionalliga - West,Rot-weiss Oberhausen,Paderborn II,Over/Under Goals,Under 3.5,1.44,,,WON,
2025-10-03T18:00:00+00:00,Challenger Pro League,Francs Borains,RSC Anderlecht II,Over/Under Goals,Under 3.5,1.45,,,LOST,
2025-10-03T18:00:00+00:00,Challenger Pro League,Seraing United,Lommel United,Over/Under Goals,Under 3.5,1.42,,,LOST,
2025-10-03T18:00:00+00:00,Eerste Divisie,Cambuur,Emmen,Over/Under Goals,Over 2.5,1.5,,,WON,
2025-10-03T18:00:00+00:00,Eerste Divisie,Den Bosch,Waalwijk,Over/Under Goals,Over 2.5,1.5,,,WON,
2025-10-03T18:00:00+00:00,Eerste Divisie,Dordrecht,VVV Venlo,Over/Under Goals,Over 1.5,1.16,,,WON,
2025-10-03T18:00:00+00:00,Eerste Divisie,FC OSS,Jong PSV,Over/Under Goals,Over 2.5,1.45,,,LOST,
2025-10-03T18:00:00+00:00,Eerste Divisie,Helmond Sport,Almere City FC,Over/Under Goals,Over 1.5,1.25,,,WON,
2025-10-03T18:00:00+00:00,Eerste Divisie,Jong AZ,ADO Den Haag,Team Total Goals,Under 2.5,1.15,,,WON,
2025-10-03T18:00:00+00:00,Eerste Divisie,Jong Ajax,De Graafschap,Team Total Goals,Under 2.5,1.17,,,WON,
2025-10-03T18:00:00+00:00,Eerste Divisie,MVV,FC Eindhoven,Over/Under Goals,Under 2.5,2.35,,,LOST,
2025-10-03T18:00:00+00:00,Eerste Divisie,Vitesse,Jong Utrecht,Over/Under Goals,Over 2.5,1.62,,,LOST,
2025-10-03T18:00:00+00:00,Eerste Divisie,Willem II,Roda,Over/Under Goals,Over 1.5,1.22,,,WON,
2025-10-03T18:00:00+00:00,Eredivisie,NAC Breda,Groningen,Over/Under Goals,Under 3.5,1.33,,,WON,
2025-10-03T18:00:00+00:00,Ligue 2,Amiens,Boulogne,Asian Handicap,Home +0.25,1.5,,,LOST,
2025-10-03T18:00:00+00:00,Ligue 2,Annecy,Laval,Double Chance,Home/Draw,1.42,,,WON,
2025-10-03T18:00:00+00:00,Ligue 2,Bastia,Dunkerque,Over/Under Goals,Under 3.5,1.25,,,WON,
2025-10-03T18:00:00+00:00,Ligue 2,Guingamp,Nancy,Over/Under Goals,Over 1.5,1.28,,,WON,
2025-10-03T18:00:00+00:00,Ligue 2,Le Mans,Estac Troyes,Team Total Goals,Over 0.5,1.28,,,WON,
2025-10-03T18:00:00+00:00,Ligue 2,PAU,Clermont Foot,1X2 / Match Winner,Draw,3.62,,,LOST,
2025-10-03T18:00:00+00:00,Meistaradeildin,07 Vestur,KI Klaksvik,1X2 / Match Winner,Away,1.15,,,WON,
2025-10-03T18:00:00+00:00,National 2 - Group C,Saint-Priest,Istres,Double Chance,Draw/Away,1.57,,,WON,
2025-10-03T18:00:00+00:00,Premier League 2 Division One,Everton U21,Manchester United U21,Double Chance,Draw/Away,1.22,,,WON,
2025-10-03T18:00:00+00:00,Premier League 2 Division One,Fulham U21,Liverpool U21,1X2 / Match Winner,Home,1.58,,,LOST,
2025-10-03T18:00:00+00:00,Premier League 2 Division One,Nottingham Forest U21,Ipswich Town U21,Over/Under Goals,Under 3.5,1.72,,,WON,
2025-10-03T18:00:00+00:00,Premier League 2 Division One,Southampton U21,Derby County U21,Result + Total Goals,Home/Over 1.5,1.36,,,WON,
2025-10-03T18:00:00+00:00,Premier League 2 Division One,Stoke City U21,Blackburn Rovers U21,Asian Handicap,Home +0,1.51,,,WON,
2025-10-03T18:00:00+00:00,Super League Women,Genk W,Zulte-Waregem W,Over/Under Goals,Under 3.5,1.39,,,WON,
2025-10-03T18:15:00+00:00,1. SNL,Olimpija Ljubljana,Aluminij,Over/Under Goals,Under 3.5,1.5,,,WON,
2025-10-03T18:15:00+00:00,Challenge League,FC Aarau,Yverdon Sport,Asian Handicap,Home +0.25,1.48,,,LOST,
2025-10-03T18:30:00+00:00,Bundesliga 1,1899 Hoffenheim,1.FC Köln,Over/Under Goals,Over 2.5,1.55,,,LOST,
2025-10-03T18:30:00+00:00,Ekstraklasa,Pogon Szczecin,Piast Gliwice,Double Chance,Draw/Away,1.67,,,LOST,
2025-10-03T18:30:00+00:00,Erste Liga,First Vienna,Floridsdorfer AC,Over/Under Goals,Under 3.5,1.25,,,WON,
2025-10-03T18:30:00+00:00,FA WSL,Manchester United W,Chelsea W,Over/Under Goals,Under 3.5,1.36,,,WON,
2025-10-03T18:30:00+00:00,FAI Cup,Cork City,St Patrick's Athl.,1X2 / Match Winner,Away,1.72,,,LOST,
2025-10-03T18:30:00+00:00,First Amateur Division,Thes Sport,Spouwen-Mopertingen,Over/Under Goals,Under 3.5,1.21,,,WON,
2025-10-03T18:30:00+00:00,I Liga,Polonia Warszawa,Stal Rzeszów,1X2 / Match Winner,Draw,4.18,,,LOST,
2025-10-03T18:30:00+00:00,Primera C,Lujan,El Porvenir,Over/Under Goals,Under 2.5,1.42,,,WON,
2025-10-03T18:30:00+00:00,Segunda Division,AD Ceuta FC,Eibar,Double Chance,Draw/Away,1.53,,,LOST,
2025-10-03T18:30:00+00:00,Serie C - Girone C,Latina,Benevento,Over/Under Goals,Under 3.5,1.32,,,WON,
2025-10-03T18:45:00+00:00,FAW Championship,Buckley Town,Newtown AFC,Over/Under Goals,Over 2.5,1.44,,,WON,
2025-10-03T18:45:00+00:00,FAW Championship,Denbigh Town,Rhyl,BTTS,Yes,1.49,,,WON,
2025-10-03T18:45:00+00:00,FAW Championship,Trethomas Bluebirds,Ammanford AFC,Double Chance,Draw/Away,1.62,,,WON,
2025-10-03T18:45:00+00:00,First Division,Athlone Town,Dundalk,1X2 / Match Winner,Away,1.29,,,LOST,
2025-10-03T18:45:00+00:00,First Division,Cobh Ramblers,Bray Wanderers,Double Chance,Home/Draw,1.2,,,WON,
2025-10-03T18:45:00+00:00,Football League - Lowland League,Hearts U21,Bonnyrigg Rose Athletic,Team Total Goals,Under 2.5,1.15,,,WON,
2025-10-03T18:45:00+00:00,Jupiler Pro League,Gent,Charleroi,Over/Under Goals,Over 1.5,1.16,,,WON,
2025-10-03T18:45:00+00:00,Ligue 1,Paris FC,Lorient,Over/Under Goals,Over 1.5,1.25,,,WON,
2025-10-03T18:45:00+00:00,Premier League,Briton Ferry,Penybont,Double Chance,Draw/Away,1.2,,,WON,
2025-10-03T18:45:00+00:00,Serie A,Verona,Sassuolo,Over/Under Goals,Under 3.5,1.22,,,WON,
2025-10-03T19:00:00+00:00,Botola Pro,Raja Casablanca,Maghreb Fès,Over/Under Goals,Under 2.5,1.5,,,WON,
2025-10-03T19:00:00+00:00,CONMEBOL Libertadores Femenina,Deportivo Cali W,Libertad Limpeño,Over/Under Goals,Under 3.5,1.41,,,WON,
2025-10-03T19:00:00+00:00,Championship,Wrexham,Birmingham,Double Chance,Home/Draw,1.48,,,WON,
2025-10-03T19:00:00+00:00,FAW Championship,Airbus UK,Holywell,Over/Under Goals,Over 2.5,1.4,,,LOST,
2025-10-03T19:00:00+00:00,La Liga,Osasuna,Getafe,Asian Handicap,Away -0.5,1.65,,,LOST,
2025-10-03T19:00:00+00:00,Premier League,Bournemouth,Fulham,Asian Handicap,Away -1.25,1.4,,,LOST,
2025-10-03T19:00:00+00:00,Premier League,Zabbar St. Patrick,Birkirkara,Over/Under Goals,Under 3.5,1.25,,,WON,
2025-10-03T19:15:00+00:00,Campionato,Cailungo,Faetano,Over/Under Goals,Under 3.5,1.45,,,WON,
2025-10-03T19:15:00+00:00,Campionato,Folgore,Fiorentino,Over/Under Goals,Under 3.5,1.32,,,WON,
2025-10-03T19:15:00+00:00,Primeira Liga,Casa Pia,Estoril,Asian Handicap,Away -0.5,1.55,,,WON,
2025-10-03T19:15:00+00:00,Primera División RFEF - Group 2,Real Murcia,Sevilla Atletico,Over/Under Goals,Under 3.5,1.2,,,WON,
2025-10-03T20:00:00+00:00,Primera Division,Comerciantes Unidos,UTC,Over/Under Goals,Under 3.5,1.4,,,WON,
2025-10-03T20:00:00+00:00,World Cup - U20,Panama U20,Korea Republic U20,Over/Under Goals,Over 1.5,1.28,,,WON,
2025-10-03T20:00:00+00:00,World Cup - U20,Ukraine U20,Paraguay U20,Over/Under Goals,Over 1.5,1.33,,,WON,
2025-10-03T20:30:00+00:00,Division Profesional - Clausura,Sportivo Luqueno,2 de Mayo,Double Chance,Draw/Away,1.44,,,WON,
2025-10-03T21:30:00+00:00,Primera C,Mercedes,Deportivo Paraguayo,Over/Under Goals,Under 2.5,1.5,,,WON,
2025-10-03T22:00:00+00:00,Primera B,Popayan,Bogota FC,Over/Under Goals,Under 3.5,1.27,,,WON,
2025-10-03T22:00:00+00:00,Primera Division,Tigre,Defensa Y Justicia,Over/Under Goals,Under 3.5,1.18,,,WON,
2025-10-03T22:00:00+00:00,Serie B,Athletic Club,Amazonas,Over/Under Goals,Under 3.5,1.22,,,LOST,
2025-10-03T23:00:00+00:00,Liga MX Femenil,Querétaro W,Necaxa W,Team Total Goals,Under 2.5,1.45,,,WON,
2025-10-03T23:00:00+00:00,Liga de Expansión MX,Tapatío,Alebrijes de Oaxaca,Over/Under Goals,Under 3.5,1.48,,,WON,
2025-10-03T23:00:00+00:00,USL League One,Charlotte Independence,Spokane Velocity,Asian Handicap,Home +0.25,1.57,,,LOST,
2025-10-03T23:00:00+00:00,USL League One,Tormenta,Westchester SC,1X2 / Match Winner,Home,1.57,,,WON,
2025-10-03T23:00:00+00:00,World Cup - U20,Egypt U20,Chile U20,Team Total Goals,Under 2.5,1.18,,,WON,
2025-10-03T23:00:00+00:00,World Cup - U20,New Zealand U20,Japan U20,Over/Under Goals,Under 3.5,1.36,,,WON,
2025-10-04T00:00:00+00:00,NWSL Women,Houston Dash W,Orlando Pride W,Over/Under Goals,Over 1.5,1.27,,,WON,
2025-10-04T00:00:00+00:00,Torneo Federal A,Atenas,Sarmiento Resistencia,Over/Under Goals,Under 2.5,1.3,,,WON,
2025-10-04T00:15:00+00:00,Primera Division,Argentinos JRS,Central Cordoba de Santiago,Double Chance,Home/Draw,1.15,,,WON,
2025-10-04T00:15:00+00:00,Primera Division,Union Santa Fe,Aldosivi,Over/Under Goals,Under 3.5,1.2,,,WON,
2025-10-04T00:30:00+00:00,Primera A,Deportivo Cali,Deportivo Pereira,1X2 / Match Winner,Draw,3.1,,,LOST,
2025-10-04T00:30:00+00:00,Serie B,Coritiba,Botafogo SP,Over/Under Goals,Under 3.5,1.2,,,WON,
2025-10-04T00:30:00+00:00,Torneo Federal A,Sarmiento de La Banda,San Martín Mendoza,Double Chance,Draw/Away,1.6,,,WON,
2025-10-04T00:35:00+00:00,Serie B,CRB,Avai,Over/Under Goals,Over 1.5,1.42,,,LOST,
2025-10-04T01:00:00+00:00,Liga MX,Necaxa,Pachuca,Over/Under Goals,Under 3.5,1.5,,,WON,
2025-10-04T01:00:00+00:00,Liga de Expansión MX,Irapuato,Correcaminos Uat,1X2 / Match Winner,Home,1.57,,,WON,
2025-10-04T01:00:00+00:00,Liga de Expansión MX,Tepatitlán,Monarcas,Over/Under Goals,Over 1.5,1.22,,,WON,
2025-10-04T01:30:00+00:00,Liga Nacional,Juticalpa,CD Marathon,Team Total Goals,Under 2.5,1.19,,,LOST,
2025-10-04T01:30:00+00:00,Liga Panameña de Fútbol,Tauro FC,San Francisco FC,Over/Under Goals,Under 3.5,1.22,,,WON,
2025-10-04T03:00:00+00:00,Liga MX,Mazatlán,Atletico San Luis,Over/Under Goals,Over 1.5,1.28,,,WON,
2025-10-04T03:00:00+00:00,Liga de Expansión MX,CA La Paz,Cancún,Over/Under Goals,Under 3.5,1.42,,,LOST,
2025-10-04T03:00:00+00:00,Second League A - Fall Season Silver,Dinamo Vladivostok,Kaluga,Over/Under Goals,Under 3.5,1.24,,,WON,
2025-10-04T03:05:00+00:00,Liga MX,Atlas,FC Juarez,Double Chance,Draw/Away,1.42,,,LOST,
2025-10-04T04:00:00+00:00,J. League Div.1,Shimizu S-pulse,FC Tokyo,1X2 / Match Winner,Draw,3.45,,,WON,
2025-10-04T04:30:00+00:00,J. League Div.1,Nagoya Grampus,Cerezo Osaka,Double Chance,Draw/Away,1.45,,,LOST,
2025-10-04T05:00:00+00:00,J. League Div.1,Albirex Niigata,Fagiano Okayama,Double Chance,Home/Draw,1.42,,,WON,
2025-10-04T05:00:00+00:00,J3 League,FC Gifu,Thespakusatsu Gunma,Over/Under Goals,Under 3.5,1.48,,,WON,
2025-10-04T05:00:00+00:00,J3 League,Parceiro Nagano,Kanazawa,Team Total Goals,Over 0.5,1.25,,,WON,
2025-10-04T05:00:00+00:00,K League 2,Gimpo Citizen,Ansan Greeners,Over/Under Goals,Under 3.5,1.25,,,WON,
2025-10-04T05:00:00+00:00,K League 2,Suwon Bluewings,Bucheon FC 1995,1X2 / Match Winner,Draw,4.12,,,WON,
2025-10-04T05:00:00+00:00,K-League Classic,Gwangju FC,Daegu FC,Team Total Goals,Under 2.5,1.22,,,WON,
2025-10-04T05:00:00+00:00,K3 League,Gyeongju HNP,Changwon City,1X2 / Match Winner,Draw,3.3,,,WON,
2025-10-04T05:00:00+00:00,K3 League,Pocheon,Ulsan Citizen,Over/Under Goals,Under 2.5,1.95,,,WON,
2025-10-04T05:00:00+00:00,K3 League,Yangpyeong,Jeonbuk Motors II,Over/Under Goals,Under 2.5,1.62,,,LOST,
2025-10-04T06:00:00+00:00,J. League Div.1,Avispa Fukuoka,Yokohama FC,Over/Under Goals,Under 3.5,1.16,,,WON,
2025-10-04T07:00:00+00:00,J. League Div.1,Sanfrecce Hiroshima,Machida Zelvia,Double Chance,Draw/Away,1.6,,,LOST,
2025-10-04T07:00:00+00:00,League Two,Xi'an Ronghai,Hainan Star,Over/Under Goals,Under 3.5,1.24,,,LOST,
2025-10-04T07:30:00+00:00,K League 2,Asan Mugunghwa,Cheongju,Over/Under Goals,Under 3.5,1.28,,,WON,
2025-10-04T07:30:00+00:00,K League 2,Hwaseong,Incheon United,Over/Under Goals,Under 3.5,1.25,,,WON,
2025-10-04T07:30:00+00:00,League Two,Langfang Glory City,Guangdong Mingtu,Over/Under Goals,Under 3.5,1.22,,,WON,
2025-10-04T07:30:00+00:00,League Two,Quanzhou Yassin,Hubei Chufeng Heli,Over/Under Goals,Under 3.5,1.26,,,WON,
2025-10-04T08:00:00+00:00,J. League Div.1,Urawa,Vissel Kobe,Over/Under Goals,Under 3.5,1.28,,,WON,
2025-10-04T08:00:00+00:00,League Two,Guangzhou Dandelion,Shanghai Port II,Over/Under Goals,Under 3.5,1.28,,,WON,
2025-10-04T08:00:00+00:00,Liga II,CSM Reşiţa,Slatina,Over/Under Goals,Under 3.5,1.33,,,WON,
2025-10-04T08:00:00+00:00,Liga II,CSM Satu Mare,Dumbrăviţa,Over/Under Goals,Under 3.5,1.36,,,LOST,
2025-10-04T08:00:00+00:00,Liga II,Chindia Targoviste,FC Bacau,Over/Under Goals,Under 3.5,1.33,,,LOST,
2025-10-04T08:00:00+00:00,Liga II,Concordia,Politehnica Iasi,Over/Under Goals,Under 3.5,1.25,,,WON,
2025-10-04T08:00:00+00:00,Liga II,Tunari,Metalul Buzău,Over/Under Goals,Under 3.5,1.25,,,LOST,
2025-10-04T08:00:00+00:00,Liga II,Viitorul Şelimbăr,Muscelul Câmpulung Elite,Over/Under Goals,Under 3.5,1.42,,,LOST,
2025-10-04T08:15:00+00:00,3. liga - CFL A,Motorlet Praha,Loko Vltavín,1X2 / Match Winner,Draw,4.05,,,LOST,
2025-10-04T08:15:00+00:00,3. liga - CFL A,Petřín Plzeň,Admira Praha,Team Total Goals,Over 0.5,1.16,,,WON,
2025-10-04T08:15:00+00:00,3. liga - MSFL,Frýdek-Místek,Vítkovice,Over/Under Goals,Over 2.5,1.5,,,LOST,
2025-10-04T08:15:00+00:00,4. liga - Divizie A,Povltava FA,Tachov,Over/Under Goals,Under 3.5,1.83,,,WON,
2025-10-04T08:15:00+00:00,4. liga - Divizie D,Kuřim,Velká Bíteš,Double Chance,Draw/Away,1.3,,,LOST,
2025-10-04T08:30:00+00:00,3. liga - CFL A,Králův Dvůr,Táborsko II,Asian Handicap,Home +0,1.52,,,WON,
2025-10-04T08:30:00+00:00,4. liga - Divizie D,Sparta Brno,Velké Meziříčí,Double Chance,Home/Draw,1.4,,,LOST,
2025-10-04T08:30:00+00:00,J. League Div.1,Kashiwa Reysol,Yokohama F. Marinos,Team Total Goals,Over 0.5,1.15,,,WON,
2025-10-04T09:00:00+00:00,J3 League,FC Ryukyu,Nara Club,Double Chance,Draw/Away,1.5,,,WON,
2025-10-04T09:00:00+00:00,J3 League,Kagoshima United,Tochigi City,Over/Under Goals,Under 3.5,1.5,,,WON,
2025-10-04T09:00:00+00:00,J3 League,Sagamihara,Vanraure Hachinohe,Over/Under Goals,Under 3.5,1.22,,,WON,
2025-10-04T09:00:00+00:00,Super League,Penang,Negeri Sembilan,Over/Under Goals,Under 3.5,1.5,,,WON,
2025-10-04T09:30:00+00:00,Esiliiga A,Elva,Nõmme Kalju II,1X2 / Match Winner,Home,1.5,,,LOST,
2025-10-04T09:30:00+00:00,Liga II,Corvinul Hunedoara,CSA Steaua Bucureşti,Asian Handicap,Home +0,1.55,,,WON,
2025-10-04T10:00:00+00:00,Central Youth League,Legia Warszawa U19,Górnik Zabrze U19,1X2 / Match Winner,Home,1.5,,,LOST,
2025-10-04T10:00:00+00:00,III Liga - Group 1,Wisła Płock II,Wasilków,Over/Under Goals,Over 1.5,1.19,,,LOST,
2025-10-04T10:00:00+00:00,III Liga - Group 2,Lech Poznań II,Pogoń Szczecin II,Over/Under Goals,Over 2.5,1.4,,,WON,
2025-10-04T10:00:00+00:00,III Liga - Group 2,Luzino,Tłuchowia,Team Total Goals,Under 2.5,1.91,,,LOST,
2025-10-04T10:00:00+00:00,III Liga - Group 3,Słowianin,Polonia Nysa,Over/Under Goals,Under 3.5,1.52,,,LOST,
2025-10-04T10:00:00+00:00,III Liga - Group 4,Wisła Kraków II,Wisłoka Dębica,Double Chance,Draw/Away,1.44,,,WON,
2025-10-04T10:00:00+00:00,J. League Div.1,Kyoto Sanga,Kawasaki Frontale,Over/Under Goals,Over 1.5,1.22,,,WON,
2025-10-04T10:00:00+00:00,Premier League,Akron,Zenit,Over/Under Goals,Over 1.5,1.15,,,WON,
2025-10-04T10:00:00+00:00,Premier League,Oleksandria,Karpaty,Over/Under Goals,Under 3.5,1.28,,,WON,
2025-10-04T10:00:00+00:00,Primera División Femenina,Atletico Madrid W,Athletic Club W,1X2 / Match Winner,Home,1.63,,,LOST,
2025-10-04T10:00:00+00:00,Primera División Femenina,Real Sociedad W,Granad. Tenerife W,Over/Under Goals,Under 3.5,1.44,,,WON,
2025-10-04T10:00:00+00:00,Second League A - Fall Season Silver,Rodina Moskva II,Murom,Over/Under Goals,Under 2.5,1.66,,,LOST,
2025-10-04T10:00:00+00:00,Segunda Liga,Lusitânia Lourosa,Farense,Over/Under Goals,Under 3.5,1.25,,,WON,
2025-10-04T10:00:00+00:00,Thai League 2,Pattani,Kasetsart FC,Double Chance,Home/Draw,1.4,,,WON,
2025-10-04T10:30:00+00:00,Frauenliga,Rheindorf Altach,First Vienna W,Over/Under Goals,Under 3.5,1.57,,,LOST,
2025-10-04T10:30:00+00:00,TFF 1. Lig,Bandırmaspor,Ümraniyespor,1X2 / Match Winner,Home,1.58,,,WON,
2025-10-04T10:45:00+00:00,Premier League,Naftan,FC Gomel,Double Chance,Home/Draw,1.6,,,WON,
2025-10-04T11:00:00+00:00,1 Lyga,Babrungas,BFA,Team Total Goals,Under 2.5,1.16,,,WON,
2025-10-04T11:00:00+00:00,1 Lyga,Minija,FA Šiauliai II,Over/Under Goals,Under 3.5,1.83,,,WON,
2025-10-04T11:00:00+00:00,1 Lyga,Tauras,Atmosfera,Double Chance,Home/Draw,1.15,,,WON,
2025-10-04T11:00:00+00:00,3. Division,Odder,Brønshøj,Double Chance,Home/Draw,1.53,,,WON,
2025-10-04T11:00:00+00:00,Bundesliga 2,1. FC Kaiserslautern,VfL Bochum,Over/Under Goals,Over 1.5,1.22,,,WON,
2025-10-04T11:00:00+00:00,Bundesliga 2,Hertha BSC,Preußen Münster,Over/Under Goals,Under 3.5,1.42,,,WON,
2025-10-04T11:00:00+00:00,Bundesliga 2,Holstein Kiel,SV Darmstadt 98,Over/Under Goals,Under 3.5,1.48,,,WON,
2025-10-04T11:00:00+00:00,C-League,Dangkor Senchey,Life Sihanoukville,Double Chance,Home/Draw,1.4,,,LOST,
2025-10-04T11:00:00+00:00,C-League,Kompong Dewa,National Defense,Over/Under Goals,Under 3.5,1.65,,,WON,
2025-10-04T11:00:00+00:00,Damallsvenskan,Malmö FF W,Rosengård W,Over/Under Goals,Over 2.5,1.28,,,WON,
2025-10-04T11:00:00+00:00,Damallsvenskan,Vittsjö,Kristianstad,Over/Under Goals,Under 3.5,1.29,,,WON,
2025-10-04T11:00:00+00:00,Division 2 - Norra Götaland,Haga,Motala,Over/Under Goals,Under 3.5,1.65,,,WON,
2025-10-04T11:00:00+00:00,Division 2 - Norra Götaland,Herrestads,Ahlafors,Over/Under Goals,Under 3.5,1.5,,,LOST,
2025-10-04T11:00:00+00:00,Division 2 - Norra Svealand,Kungsängen,Falu BS,Over/Under Goals,Under 3.5,1.48,,,WON,
2025-10-04T11:00:00+00:00,Division 2 - Södra Svealand,Enskede,Eker Örebro,1X2 / Match Winner,Home,1.62,,,WON,
2025-10-04T11:00:00+00:00,Ettan - Norra,Stocksund,Sollentuna,Team Total Goals,Over 0.5,1.15,,,WON,
2025-10-04T11:00:00+00:00,Ettan - Södra,Husqvarna,Ljungskile SK,Over/Under Goals,Under 3.5,1.5,,,WON,
2025-10-04T11:00:00+00:00,FA WSL,Manchester City W,Arsenal W,Over/Under Goals,Over 1.5,1.25,,,WON,
2025-10-04T11:00:00+00:00,First League,FC UFA,Spartak Kostroma,1X2 / Match Winner,Draw,3.28,,,WON,
2025-10-04T11:00:00+00:00,III Liga - Group 2,Pogoń Nowe Skalmierzyce,Noteć Czarnków,Over/Under Goals,Under 3.5,1.42,,,WON,
2025-10-04T11:00:00+00:00,III Liga - Group 2,Unia Swarzędz,Flota Świnoujście,Over/Under Goals,Under 3.5,1.47,,,WON,
2025-10-04T11:00:00+00:00,III Liga - Group 3,Goczałkowice Zdrój,Warta Gorzów,Over/Under Goals,Under 3.5,1.45,,,WON,
2025-10-04T11:00:00+00:00,III Liga - Group 3,Starowice Dolne,SKRA Częstochowa,Over/Under Goals,Over 1.5,1.21,,,WON,
2025-10-04T11:00:00+00:00,Second League - Group 3,Dinamo St. Petersburg,Ryazan,Over/Under Goals,Under 3.5,1.28,,,WON,
2025-10-04T11:00:00+00:00,Second League - Group 3,Kvant,Strogino,Asian Handicap,Home +0.25,1.52,,,LOST,
2025-10-04T11:00:00+00:00,Second League - Group 3,Metallurg Lipetsk,Rodina Moskva III,Over/Under Goals,Under 3.5,1.3,,,WON,
2025-10-04T11:00:00+00:00,Second League A - Fall Season Silver,Irtysh Omsk,Avangard Kursk,Over/Under Goals,Under 3.5,1.32,,,WON,
2025-10-04T11:00:00+00:00,Super League,Meizhou Kejia,Qingdao Jonoon,Over/Under Goals,Under 3.5,1.45,,,WON,
2025-10-04T11:00:00+00:00,Superettan,Ostersunds FK,Vasteras SK FK,Over/Under Goals,Under 3.5,1.4,,,LOST,
2025-10-04T11:00:00+00:00,Thai League 1,Chiangrai United,Rayong FC,Team Total Goals,Over 0.5,1.21,,,LOST,
2025-10-04T11:00:00+00:00,Thai League 2,Esan Pattaya,Trat FC,Asian Handicap,Home +0.25,1.4,,,LOST,
2025-10-04T11:30:00+00:00,Championship,Blackburn,Stoke City,Over/Under Goals,Under 3.5,1.22,,,WON,
2025-10-04T11:30:00+00:00,Championship,Hull City,Sheffield Utd,Over/Under Goals,Under 3.5,1.38,,,WON,
2025-10-04T11:30:00+00:00,Championship,Sheffield Wednesday,Coventry,Over/Under Goals,Under 3.5,1.45,,,LOST,
2025-10-04T11:30:00+00:00,First NL,Rudes,Croatia Zmijavci,Over/Under Goals,Under 2.5,1.7,,,LOST,
2025-10-04T11:30:00+00:00,II Liga - East,Podhale Nowy Targ,ŁKS Łódź II,1X2 / Match Winner,Home,1.55,,,WON,
2025-10-04T11:30:00+00:00,League One,Doncaster,Burton Albion,Over/Under Goals,Under 3.5,1.33,,,WON,
2025-10-04T11:30:00+00:00,League One,Dongguan United,Dalian Huayi,Over/Under Goals,Under 3.5,1.25,,,WON,
2025-10-04T11:30:00+00:00,League One,Heilongjiang Lava Spring,Yanbian Longding,Over/Under Goals,Under 3.5,1.25,,,WON,
2025-10-04T11:30:00+00:00,League One,Nantong Zhiyun,Qingdao Red Lions,Double Chance,Home/Draw,1.15,,,WON,
2025-10-04T11:30:00+00:00,League One,Wycombe,Barnsley,Over/Under Goals,Under 3.5,1.44,,,LOST,
2025-10-04T11:30:00+00:00,League Two,Milton Keynes Dons,Gillingham,Over/Under Goals,Over 1.5,1.35,,,WON,
2025-10-04T11:30:00+00:00,League Two,Nantong Haimen Codion,Chengdu Rongcheng II,Over/Under Goals,Under 3.5,1.29,,,WON,
2025-10-04T11:30:00+00:00,League Two,Wuhan Three Towns II,BIT,Double Chance,Draw/Away,1.54,,,LOST,
2025-10-04T11:30:00+00:00,Meistriliiga,Kuressaare,Paide,Over/Under Goals,Under 3.5,1.5,,,WON,
2025-10-04T11:30:00+00:00,National League,Gateshead,Boston United,Over/Under Goals,Under 3.5,1.42,,,LOST,
2025-10-04T11:30:00+00:00,National League,Hartlepool,York,Team Total Goals,Under 2.5,1.16,,,WON,
2025-10-04T11:30:00+00:00,Premier League,Leeds,Tottenham,Over/Under Goals,Under 3.5,1.33,,,WON,
2025-10-04T11:30:00+00:00,Regionalliga - Nord,Weiche Flensburg,SV Meppen,1X2 / Match Winner,Away,1.37,,,LOST,
2025-10-04T11:30:00+00:00,Super League Women,Anderlecht W,Gent W,Over/Under Goals,Over 2.5,1.18,,,LOST,
2025-10-04T11:30:00+00:00,Super Lig,Genclerbirligi,Alanyaspor,1X2 / Match Winner,Draw,3.45,,,WON,
2025-10-04T11:30:00+00:00,Thai League 1,Uthai Thani,Chonburi FC,Asian Handicap,Home +0.25,1.52,,,WON,
2025-10-04T11:35:00+00:00,Super League,Dalian Zhixing,Qingdao Youth Island,Over/Under Goals,Under 3.5,1.36,,,WON,
2025-10-04T11:35:00+00:00,Super League,Shandong Luneng,Yunnan Yukun,BTTS,Yes,1.48,,,WON,
2025-10-04T12:00:00+00:00,1 Lyga,Žalgiris II,Panevėžys II,1X2 / Match Winner,Draw,5.1,,,WON,
2025-10-04T12:00:00+00:00,1. Division,Aarhus Fremad,B 93,Over/Under Goals,Over 1.5,1.17,,,WON,
2025-10-04T12:00:00+00:00,1. Division,Middelfart,Hillerød,Over/Under Goals,Under 3.5,1.36,,,WON,
2025-10-04T12:00:00+00:00,1st Division,Iliria Fushë-Krujë,Besa Kavajë,Over/Under Goals,Under 2.5,1.5,,,LOST,
2025-10-04T12:00:00+00:00,1st Division,Skenderbeu Korce,FK Kukesi,1X2 / Match Winner,Home,1.28,,,WON,
2025-10-04T12:00:00+00:00,2. Division - Group 2,Ull/Kisa,Hønefoss,Over/Under Goals,Over 2.5,1.31,,,WON,
2025-10-04T12:00:00+00:00,2. Division,Skive,Ishøj,1X2 / Match Winner,Draw,3.4,,,WON,
2025-10-04T12:00:00+00:00,3. Division - Girone 5,Vidar,Stord,Team Total Goals,Over 0.5,1.28,,,WON,
2025-10-04T12:00:00+00:00,3. Division - Girone 6,Oppsal,Lokomotiv Oslo,Double Chance,Draw/Away,1.44,,,LOST,
2025-10-04T12:00:00+00:00,3. Division,Frem,Lyseng,Over/Under Goals,Under 3.5,1.65,,,WON,
2025-10-04T12:00:00+00:00,3. Division,Næsby,Holbæk B&I,Over/Under Goals,Over 1.5,1.15,,,WON,
2025-10-04T12:00:00+00:00,3. Division,Sundby,FA 2000,Double Chance,Draw/Away,1.44,,,WON,
2025-10-04T12:00:00+00:00,3. Division,Vanløse,Hørsholm-Usserød,Double Chance,Home/Draw,1.25,,,WON,
2025-10-04T12:00:00+00:00,3. Liga,FC Ingolstadt 04,SSV Ulm 1846,Double Chance,Draw/Away,1.7,,,LOST,
2025-10-04T12:00:00+00:00,3. Liga,FC Schweinfurt 05,Verl,Over/Under Goals,Over 1.5,1.15,,,WON,
2025-10-04T12:00:00+00:00,3. Liga,FC Viktoria Köln,Havelse,Over/Under Goals,Under 3.5,1.52,,,LOST,
2025-10-04T12:00:00+00:00,3. Liga,SSV Jahn Regensburg,FC Saarbrücken,Over/Under Goals,Under 3.5,1.37,,,WON,
2025-10-04T12:00:00+00:00,3. Liga,Waldhof Mannheim,VfL Osnabrück,Double Chance,Home/Draw,1.4,,,LOST,
2025-10-04T12:00:00+00:00,3. liga - MSFL,Vsetín,Slovácko II,Double Chance,Draw/Away,1.62,,,LOST,
2025-10-04T12:00:00+00:00,Division 2 - Norra Götaland,FBK Karlstad,Kongahälla,Double Chance,Home/Draw,1.15,,,WON,
2025-10-04T12:00:00+00:00,Division 2 - Norra Svealand,Sunnersta,Skiljebo,Team Total Goals,Under 2.5,1.58,,,LOST,
2025-10-04T12:00:00+00:00,Division 2 - Play-offs,Bergnäsets,Friska Viljor,Team Total Goals,Over 1.5,1.6,,,WON,
2025-10-04T12:00:00+00:00,Eliteserien,Valerenga,Tromso,Double Chance,Draw/Away,1.42,,,LOST,
2025-10-04T12:00:00+00:00,III Liga - Group 4,Avia Świdnik,Wiślanie Jaśkowice,Over/Under Goals,Over 1.5,1.15,,,WON,
2025-10-04T12:00:00+00:00,La Liga,Oviedo,Levante,Over/Under Goals,Under 3.5,1.22,,,WON,
2025-10-04T12:00:00+00:00,Liga 1,Persita,Semen Padang,Over/Under Goals,Under 3.5,1.25,,,WON,
2025-10-04T12:00:00+00:00,Liga I,Csikszereda,Universitatea Cluj,Team Total Goals,Under 2.5,1.18,,,WON,
2025-10-04T12:00:00+00:00,Ligue 2,RED Star FC 93,Rodez,Team Total Goals,Over 0.5,1.18,,,WON,
2025-10-04T12:00:00+00:00,Ligue 2,Reims,Grenoble,Asian Handicap,Home +0.25,1.15,,,LOST,
2025-10-04T12:00:00+00:00,Oberliga - Bayern Nord,Eintracht Bamberg,Würzburger FV,1X2 / Match Winner,Home,1.57,,,WON,
2025-10-04T12:00:00+00:00,Oberliga - Nordost-Süd,FC Grimma,Bischofswerdaer FV,Asian Handicap,Home +0.25,1.48,,,LOST,
2025-10-04T12:00:00+00:00,Oberliga - Nordost-Süd,SC Freital,Plauen,Asian Handicap,Home +0.25,1.48,,,WON,
2025-10-04T12:00:00+00:00,Premier League 2 Division One,Arsenal U21,West Ham United U21,Double Chance,Draw/Away,1.5,,,WON,
2025-10-04T12:00:00+00:00,Regionalliga - Bayern,Illertissen,Buchbach,Over/Under Goals,Over 1.5,1.17,,,WON,
2025-10-04T12:00:00+00:00,Regionalliga - Bayern,SpVgg Unterhaching,Greuther Fürth II,Over/Under Goals,Under 3.5,1.5,,,LOST,
2025-10-04T12:00:00+00:00,Regionalliga - Bayern,Vilzing,Bayreuth,Over/Under Goals,Under 3.5,1.44,,,WON,
2025-10-04T12:00:00+00:00,Regionalliga - Bayern,Wacker Burghausen,Schwaben Augsburg,Asian Handicap,Home +0,1.15,,,WON,
2025-10-04T12:00:00+00:00,Regionalliga - Bayern,Würzburger Kickers,Memmingen,BTTS,Yes,1.67,,,LOST,
2025-10-04T12:00:00+00:00,Regionalliga - Nordost,Chemnitzer FC,Eilenburg,Over/Under Goals,Under 3.5,1.4,,,LOST,
2025-10-04T12:00:00+00:00,Regionalliga - Nordost,Hallescher FC,ZFC Meuselwitz,Over/Under Goals,Under 3.5,1.4,,,WON,
2025-10-04T12:00:00+00:00,Regionalliga - SudWest,Bahlinger SC,FSV Mainz 05 II,1X2 / Match Winner,Away,1.7,,,LOST,
2025-10-04T12:00:00+00:00,Regionalliga - SudWest,Eintracht Trier,Freiburg II,BTTS,Yes,1.25,,,WON,
2025-10-04T12:00:00+00:00,Regionalliga - SudWest,Hessen Kassel,FC Astoria Walldorf,Double Chance,Draw/Away,1.7,,,WON,
2025-10-04T12:00:00+00:00,Regionalliga - SudWest,SGV Freiberg,FC 08 Homburg,1X2 / Match Winner,Home,1.61,,,LOST,
2025-10-04T12:00:00+00:00,Regionalliga - West,Fortuna Köln,Borussia Dortmund II,Asian Handicap,Home +0,1.4,,,WON,
2025-10-04T12:00:00+00:00,Second League - Group 3,Rotor-2,FK Spartak Tambov,Double Chance,Draw/Away,1.16,,,WON,
2025-10-04T12:00:00+00:00,Second League - Group 3,Salyut-Belgorod,Znamya Truda,Over/Under Goals,Under 3.5,1.57,,,LOST,
2025-10-04T12:00:00+00:00,Super League,Buxoro,Pakhtakor,Over/Under Goals,Under 3.5,1.26,,,LOST,
2025-10-04T12:00:00+00:00,Super League,Surkhon,Dinamo Samarqand,Over/Under Goals,Under 3.5,1.24,,,WON,
2025-10-04T12:00:00+00:00,Super Liga,Politehnica UTM,Sheriff Tiraspol,Result + Total Goals,Away/Over 1.5,1.25,,,WON,
2025-10-04T12:00:00+00:00,Thai League 1,Port FC,Kanchanaburi,Over/Under Goals,Under 3.5,1.59,,,LOST,
2025-10-04T12:00:00+00:00,Thai League 2,Bangkok,Chiangmai United,Over/Under Goals,Over 1.5,1.15,,,LOST,
2025-10-04T12:00:00+00:00,Toppserien,Stabæk W,Lillestrøm W,Over/Under Goals,Under 3.5,1.46,,,WON,
2025-10-04T12:00:00+00:00,Veikkausliiga,AC Oulu,VPS,Over/Under Goals,Under 3.5,1.5,,,WON,
2025-10-04T12:00:00+00:00,Virsliga,Grobiņa,Tukums,Over/Under Goals,Under 3.5,1.33,,,WON,
2025-10-04T12:00:00+00:00,Ykkösliiga,SalPa,Turku PS,Over/Under Goals,Under 3.5,2.03,,,WON,
2025-10-04T12:15:00+00:00,First League,CSKA 1948,Spartak Varna,Over/Under Goals,Under 3.5,1.62,,,WON,
2025-10-04T12:15:00+00:00,NB I,Nyiregyhaza,Zalaegerszegi TE,Double Chance,Draw/Away,1.5,,,LOST,
2025-10-04T12:15:00+00:00,Premier League,Rubin,Krylia Sovetov,Over/Under Goals,Under 3.5,1.26,,,WON,
2025-10-04T12:15:00+00:00,Super League,Sabah FA,Kuching FA,Over/Under Goals,Under 3.5,1.55,,,WON,
2025-10-04T12:30:00+00:00,III Liga - Group 2,Lipno Stęszew,Cartusia Kartuzy,Over/Under Goals,Over 1.5,1.17,,,LOST,
2025-10-04T12:30:00+00:00,III Liga - Group 4,Korona Kielce II,Chełmianka Chełm,Over/Under Goals,Under 3.5,1.59,,,LOST,
2025-10-04T12:30:00+00:00,Persha Liga,Livyi Bereh,Nyva Ternopil,Team Total Goals,Under 2.5,1.17,,,WON,
2025-10-04T12:30:00+00:00,Premier League,Obolon'-Brovar,Veres Rivne,Over/Under Goals,Under 3.5,1.18,,,WON,
2025-10-04T12:30:00+00:00,Serie C - Girone C,Atalanta II,Foggia,Over/Under Goals,Under 3.5,1.4,,,WON,
2025-10-04T12:30:00+00:00,Super League,Kamuzu Barracks,MAFCO,Over/Under Goals,Under 2.5,1.65,,,LOST,
2025-10-04T12:30:00+00:00,Thai League 1,Ayutthaya FC,Sukhothai FC,Over/Under Goals,Under 3.5,1.4,,,WON,
2025-10-04T12:30:00+00:00,Thai League 2,Sisaket United,Mahasarakham United,Over/Under Goals,Under 3.5,1.3,,,WON,
2025-10-04T12:30:00+00:00,Tweede Divisie,ACV,Barendrecht,Double Chance,Draw/Away,1.44,,,WON,
2025-10-04T12:30:00+00:00,Tweede Divisie,Excelsior Maassluis,RKAV Volendam,Double Chance,Draw/Away,1.7,,,LOST,
2025-10-04T12:30:00+00:00,Tweede Divisie,GVVV Veenendaal,Hoek,Double Chance,Draw/Away,1.5,,,WON,
2025-10-04T12:30:00+00:00,Tweede Divisie,HHC,Sparta Rotterdam II,Asian Handicap,Away -1.25,1.65,,,WON,
2025-10-04T12:45:00+00:00,Ekstraklasa,Nieciecza,Widzew Łódź,Over/Under Goals,Over 1.5,1.25,,,WON,
2025-10-04T12:45:00+00:00,Premier League,Molodechno-DYuSSh 4,Dinamo Minsk,Over/Under Goals,Over 1.5,1.16,,,WON,
2025-10-04T13:00:00+00:00,1. Liga Promotion,Lugano II,Paradiso,Over/Under Goals,Over 2.5,1.41,,,WON,
2025-10-04T13:00:00+00:00,1st League - FBiH,Bratstvo Gračanica,Travnik,Over/Under Goals,Under 3.5,1.5,,,WON,
2025-10-04T13:00:00+00:00,2. Division,VSK Århus,AB Copenhagen,1X2 / Match Winner,Away,1.7,,,WON,
2025-10-04T13:00:00+00:00,2. SNL,Nafta,Tabor Sežana,Over/Under Goals,Under 3.5,1.33,,,LOST,
2025-10-04T13:00:00+00:00,2. liga,Baník Lehota p.Vtáčnikom,Petržalka,Over/Under Goals,Over 1.5,1.2,,,LOST,
2025-10-04T13:00:00+00:00,2. liga,Inter Bratislava,Púchov,Over/Under Goals,Under 3.5,1.53,,,WON,
2025-10-04T13:00:00+00:00,2. liga,Liptovský Mikuláš,Šamorín,Over/Under Goals,Under 3.5,1.38,,,WON,
2025-10-04T13:00:00+00:00,2. liga,Považská Bystrica,Žilina II,Over/Under Goals,Under 3.5,1.44,,,WON,
2025-10-04T13:00:00+00:00,2. liga,Slávia TU Košice,Malženice,BTTS,Yes,1.48,,,WON,
2025-10-04T13:00:00+00:00,3. Division - Girone 1,Gamle Oslo,Bærum,Double Chance,Home/Draw,1.62,,,WON,
2025-10-04T13:00:00+00:00,3. Division - Girone 2,Melhus,Surnadal,Over/Under Goals,Over 2.5,1.17,,,LOST,
2025-10-04T13:00:00+00:00,3. Division - Girone 2,Nardo,Byåsen,Double Chance,Home/Draw,1.4,,,WON,
2025-10-04T13:00:00+00:00,3. Division - Girone 2,Spjelkavik,Volda,Double Chance,Draw/Away,1.7,,,LOST,
2025-10-04T13:00:00+00:00,3. Division,Vejgaard B,Nykobing FC,Over/Under Goals,Under 3.5,1.34,,,LOST,
2025-10-04T13:00:00+00:00,3. liga - CFL B,Baník Souš,Jablonec II,Double Chance,Home/Draw,1.22,,,WON,
2025-10-04T13:00:00+00:00,3. liga - CFL B,Slovan Velvary,Slovan Liberec II,Asian Handicap,Home +0.25,1.41,,,LOST,
2025-10-04T13:00:00+00:00,4. liga - Divizie E,Uherský Brod,Holešov,1X2 / Match Winner,Home,1.22,,,WON,
2025-10-04T13:00:00+00:00,Allsvenskan,Degerfors IF,Djurgardens IF,Over/Under Goals,Under 3.5,1.38,,,WON,
2025-10-04T13:00:00+00:00,Allsvenskan,Mjallby AIF,IF Elfsborg,Team Total Goals,Over 0.5,1.17,,,WON,
2025-10-04T13:00:00+00:00,Allsvenskan,Osters IF,Halmstad,Over/Under Goals,Under 3.5,1.3,,,WON,
2025-10-04T13:00:00+00:00,Campionato Primavera - 1,Fiorentina U20,Hellas Verona U20,Over/Under Goals,Under 3.5,1.44,,,WON,
2025-10-04T13:00:00+00:00,Campionato,Juvenes / Dogana,La Fiorita,Asian Handicap,Home +1.25,1.61,,,WON,
2025-10-04T13:00:00+00:00,Campionato,San Marino Academy,Virtus,Over/Under Goals,Under 3.5,1.59,,,WON,
2025-10-04T13:00:00+00:00,Czech Liga,Dukla Praha,Teplice,Double Chance,Draw/Away,1.57,,,WON,
2025-10-04T13:00:00+00:00,Czech Liga,Mlada Boleslav,Slovácko,Over/Under Goals,Over 1.5,1.22,,,LOST,
2025-10-04T13:00:00+00:00,Czech Liga,Pardubice,Karviná,Over/Under Goals,Over 1.5,1.28,,,WON,
2025-10-04T13:00:00+00:00,Division 2 - Norra Svealand,Viggbyholms IK,Gute,Over/Under Goals,Under 3.5,2.02,,,WON,
2025-10-04T13:00:00+00:00,Division 2 - Play-offs,Boden,Täfteå,Team Total Goals,Over 0.5,1.43,,,WON,
2025-10-04T13:00:00+00:00,Esiliiga A,FCI Levadia II,Luunja,BTTS,Yes,1.7,,,LOST,
2025-10-04T13:00:00+00:00,FNL,Táborsko,Viktoria Žižkov,Over/Under Goals,Under 3.5,1.4,,,LOST,
2025-10-04T13:00:00+00:00,III Liga - Group 1,Swit,Broń Radom,Over/Under Goals,Over 1.5,1.15,,,WON,
2025-10-04T13:00:00+00:00,III Liga - Group 1,Łomża,Wikielec,Over/Under Goals,Under 3.5,1.68,,,LOST,
2025-10-04T13:00:00+00:00,III Liga - Group 2,Wda Świecie,Wybrzeże Rewalskie Rewal,Asian Handicap,Away -1.25,1.41,,,LOST,
2025-10-04T13:00:00+00:00,III Liga - Group 3,Górnik Polkowice,Carina Gubin,Over/Under Goals,Under 3.5,1.42,,,LOST,
2025-10-04T13:00:00+00:00,III Liga - Group 4,Sparta KW,Świdniczanka Świdnik,Over/Under Goals,Under 3.5,1.46,,,LOST,
2025-10-04T13:00:00+00:00,Oberliga - Rheinland-Pfalz / Saar,Hertha Wiesbach,Cosmos Koblenz,Double Chance,Draw/Away,1.42,,,LOST,
2025-10-04T13:00:00+00:00,Premier League,GAP Connah S Quay FC,llanelli AFC,Over/Under Goals,Under 3.5,1.71,,,WON,
2025-10-04T13:00:00+00:00,Premier League,Pyunik Yerevan,Van,Over/Under Goals,Under 3.5,1.28,,,LOST,
2025-10-04T13:00:00+00:00,Premyer Liqa,Qarabag,Kapaz,Team Total Goals,Over 1.5,1.17,,,LOST,
2025-10-04T13:00:00+00:00,Primera División Femenina,Eibar W,Barcelona W,Over/Under Goals,Under 3.5,2.48,,,LOST,
2025-10-04T13:00:00+00:00,Second League - Group 3,Dinamo Bryansk,Orel,Team Total Goals,Under 2.5,1.45,,,WON,
2025-10-04T13:00:00+00:00,Second League,Belasitsa,Hebar 1918,Over/Under Goals,Under 3.5,1.4,,,WON,
2025-10-04T13:00:00+00:00,Second League,Pirin Blagoevgrad,Chernomorets 1919 Burgas,Over/Under Goals,Under 3.5,1.4,,,WON,
2025-10-04T13:00:00+00:00,Second League,Rudar,Grbalj,Over/Under Goals,Under 2.5,1.62,,,LOST,
2025-10-04T13:00:00+00:00,Second League,Spartak Pleven,Sevlievo,Over/Under Goals,Under 2.5,1.67,,,WON,
2025-10-04T13:00:00+00:00,Segunda Liga,Chaves,Vizela,Over/Under Goals,Under 3.5,1.3,,,WON,
2025-10-04T13:00:00+00:00,Serie A,Lazio,Torino,Over/Under Goals,Under 3.5,1.25,,,LOST,
2025-10-04T13:00:00+00:00,Serie A,Parma,Lecce,Over/Under Goals,Under 3.5,1.22,,,WON,
2025-10-04T13:00:00+00:00,Serie B,Avellino,Mantova,Asian Handicap,Home +0,1.55,,,WON,
2025-10-04T13:00:00+00:00,Serie B,Bari,Padova,Over/Under Goals,Under 3.5,1.2,,,WON,
2025-10-04T13:00:00+00:00,Serie B,Monza,Catanzaro,Over/Under Goals,Under 3.5,1.28,,,WON,
2025-10-04T13:00:00+00:00,Serie B,Venezia,Frosinone,Over/Under Goals,Under 3.5,1.3,,,WON,
2025-10-04T13:00:00+00:00,Super League,Nkana,Mutondo Stars,Over/Under Goals,Under 2.5,1.44,,,WON,
2025-10-04T13:00:00+00:00,Superettan,IK brage,Kalmar FF,Over/Under Goals,Under 3.5,1.5,,,LOST,
2025-10-04T13:00:00+00:00,Superettan,Umeå FC,Helsingborg,Over/Under Goals,Under 3.5,1.42,,,WON,
2025-10-04T13:00:00+00:00,Superliga,Prishtina,Ballkani,Double Chance,Draw/Away,1.6,,,LOST,
2025-10-04T13:00:00+00:00,TFF 1. Lig,Erzurum BB,Van BB,Over/Under Goals,Under 3.5,1.21,,,WON,
2025-10-04T13:00:00+00:00,Tweede Divisie,Ijsselmeervogels,Koninklijke HFC,Over/Under Goals,Under 3.5,1.43,,,WON,
2025-10-04T13:00:00+00:00,Tweede Divisie,Kozakken Boys,Katwijk,Over/Under Goals,Under 3.5,1.59,,,WON,
2025-10-04T13:00:00+00:00,Tweede Divisie,Quick Boys,Spakenburg,Over/Under Goals,Under 3.5,1.75,,,LOST,
2025-10-04T13:00:00+00:00,Virsliga,Super Nova,FS Jelgava,Asian Handicap,Home +0.25,1.7,,,WON,
2025-10-04T13:00:00+00:00,Ykkösliiga,JIPPO,KäPa,Over/Under Goals,Under 3.5,1.82,,,WON,
2025-10-04T13:15:00+00:00,Tweede Divisie,AFC Amsterdam,De Treffers,Over/Under Goals,Under 3.5,1.56,,,WON,
2025-10-04T13:30:00+00:00,2. SNL,Beltinci,Jesenice,Over/Under Goals,Under 3.5,1.66,,,LOST,
2025-10-04T13:30:00+00:00,2. SNL,Bilje,Dekani,Asian Handicap,Home +0,1.61,,,WON,
2025-10-04T13:30:00+00:00,2. SNL,Bistrica,Ilirija,Over/Under Goals,Under 3.5,1.47,,,LOST,
2025-10-04T13:30:00+00:00,Bundesliga 1,Bayer Leverkusen,Union Berlin,Over/Under Goals,Over 1.5,1.25,,,WON,
2025-10-04T13:30:00+00:00,Bundesliga 1,Borussia Dortmund,RB Leipzig,Team Total Goals,Under 2.5,1.53,,,WON,
2025-10-04T13:30:00+00:00,Bundesliga 1,FC Augsburg,VfL Wolfsburg,Over/Under Goals,Over 1.5,1.22,,,WON,
2025-10-04T13:30:00+00:00,Bundesliga 1,Werder Bremen,FC St. Pauli,Double Chance,Draw/Away,1.6,,,LOST,
2025-10-04T13:30:00+00:00,FAW Championship,Baglan Dragons,Llantwit Major,Over/Under Goals,Under 3.5,1.24,,,WON,
2025-10-04T13:30:00+00:00,FAW Championship,Cardiff Draconians,Cwmbran Celtic,Over/Under Goals,Under 3.5,1.66,,,WON,
2025-10-04T13:30:00+00:00,FAW Championship,Carmarthen Town,Cambrian & Clydach,Double Chance,Draw/Away,1.44,,,WON,
2025-10-04T13:30:00+00:00,FAW Championship,Ruthin Town,Guilsfield,1X2 / Match Winner,Away,1.7,,,LOST,
2025-10-04T13:30:00+00:00,Oberliga - Baden-Württemberg,Karlsruhe II,VfR Mannheim,Over/Under Goals,Under 3.5,1.85,,,WON,
2025-10-04T13:30:00+00:00,Premier League,Cardiff MET,Bala Town,Asian Handicap,Home +0.25,1.41,,,WON,
2025-10-04T13:30:00+00:00,Premier League,Haverfordwest County AFC,Flint Town United,Over/Under Goals,Under 3.5,1.42,,,LOST,
2025-10-04T13:30:00+00:00,Premier League,The New Saints,Barry Town,Over/Under Goals,Under 3.5,1.89,,,LOST,
2025-10-04T13:30:00+00:00,Regionalliga - Ost,Fach-Donaufeld,Traiskirchen,Double Chance,Draw/Away,1.44,,,LOST,
2025-10-04T13:30:00+00:00,Second League,Lovćen,Mladost Lješkopolje,Over/Under Goals,Under 2.5,1.65,,,WON,
2025-10-04T13:30:00+00:00,Second NL,Jadran LP,Trnje,1X2 / Match Winner,Home,1.33,,,WON,
2025-10-04T13:30:00+00:00,Second NL,Segesta Sisak,Kustosija,Double Chance,Draw/Away,1.25,,,WON,
2025-10-04T13:30:00+00:00,Second NL,Solin,Lucko,Over/Under Goals,Under 2.5,2.05,,,LOST,
2025-10-04T13:30:00+00:00,Tweede Divisie,Almere City II,Rijnsburgse Boys,Double Chance,Home/Draw,1.6,,,WON,
2025-10-04T13:45:00+00:00,Prva HNL,Vukovar,HNK Hajduk Split,Result + Total Goals,Away/Over 1.5,1.62,,,LOST,
2025-10-04T14:00:00+00:00,1. Division,Aalesund,Sogndal,Double Chance,Home/Draw,1.18,,,WON,
2025-10-04T14:00:00+00:00,1. Division,Asane,Mjondalen,Over/Under Goals,Under 3.5,1.44,,,LOST,
2025-10-04T14:00:00+00:00,1. Division,Kongsvinger,Skeid,1X2 / Match Winner,Home,1.32,,,WON,
2025-10-04T14:00:00+00:00,1. Division,Lillestrom,hodd,1X2 / Match Winner,Home,1.21,,,WON,
2025-10-04T14:00:00+00:00,1. Division,Olympiakos,Enosis,Over/Under Goals,Under 3.5,1.17,,,WON,
2025-10-04T14:00:00+00:00,1. Division,Ranheim,Egersund,Over/Under Goals,Under 3.5,1.62,,,LOST,
2025-10-04T14:00:00+00:00,1. Division,Start,Raufoss,Over/Under Goals,Under 3.5,1.59,,,LOST,
2025-10-04T14:00:00+00:00,1. Liga Promotion,Breitenrain,Vevey Sports,Over/Under Goals,Under 3.5,1.63,,,WON,
2025-10-04T14:00:00+00:00,1. Liga Promotion,Cham,Luzern II,BTTS,Yes,1.38,,,WON,
2025-10-04T14:00:00+00:00,3. liga - CFL A,Kladno,Sokol Hostouň,1X2 / Match Winner,Home,1.31,,,WON,
2025-10-04T14:00:00+00:00,3. liga - CFL B,Arsenal Česká Lípa,Kolín,1X2 / Match Winner,Home,1.45,,,WON,
2025-10-04T14:00:00+00:00,4. liga - Divizie C,Vysoké Mýto,Svitavy,1X2 / Match Winner,Home,1.2,,,WON,
2025-10-04T14:00:00+00:00,Challenger Pro League,Club Brugge II,KAA Gent II,Over/Under Goals,Under 3.5,1.48,,,LOST,
2025-10-04T14:00:00+00:00,Championship,Airdrie United,Morton,Over/Under Goals,Under 3.5,1.28,,,WON,
2025-10-04T14:00:00+00:00,Championship,Armagh City,Dundela,Asian Handicap,Home +0.25,1.48,,,WON,
2025-10-04T14:00:00+00:00,Championship,Bristol City,QPR,Over/Under Goals,Under 3.5,1.48,,,WON,
2025-10-04T14:00:00+00:00,Championship,Derby,Southampton,Asian Handicap,Home +0.5,1.7,,,WON,
2025-10-04T14:00:00+00:00,Championship,Dunfermline,Queen's Park,Over/Under Goals,Under 3.5,1.25,,,WON,
2025-10-04T14:00:00+00:00,Championship,H&W Welders,Institute,Asian Handicap,Home +0.5,1.15,,,WON,
2025-10-04T14:00:00+00:00,Championship,Limavady United,Loughgall,Over/Under Goals,Under 2.5,1.85,,,WON,
2025-10-04T14:00:00+00:00,Championship,Millwall,West Brom,1X2 / Match Winner,Draw,3.35,,,LOST,
2025-10-04T14:00:00+00:00,Championship,Newington Youth,Ards,Over/Under Goals,Over 1.5,1.15,,,WON,
2025-10-04T14:00:00+00:00,Championship,Partick,Arbroath,1X2 / Match Winner,Home,1.58,,,LOST,
2025-10-04T14:00:00+00:00,Championship,Portsmouth,Middlesbrough,Over/Under Goals,Under 3.5,1.28,,,WON,
2025-10-04T14:00:00+00:00,Championship,Preston,Charlton,Over/Under Goals,Under 3.5,1.22,,,WON,
2025-10-04T14:00:00+00:00,Championship,Ross County,Raith Rovers,Double Chance,Draw/Away,1.48,,,LOST,
2025-10-04T14:00:00+00:00,Championship,ST Johnstone,Ayr Utd,Double Chance,Home/Draw,1.15,,,WON,
2025-10-04T14:00:00+00:00,Championship,Swansea,Leicester,Over/Under Goals,Under 3.5,1.25,,,LOST,
2025-10-04T14:00:00+00:00,Championship,Watford,Oxford United,1X2 / Match Winner,Draw,3.4,,,LOST,
2025-10-04T14:00:00+00:00,Cup,Ordabasy,FK Tobol Kostanay,Over/Under Goals,Under 3.5,1.24,,,WON,
2025-10-04T14:00:00+00:00,Division 2 - Norra Götaland,Skara,Lidköping,Asian Handicap,Home +0.25,1.57,,,WON,
2025-10-04T14:00:00+00:00,Division 2 - Södra Svealand,Farsta,Sleipner,Over/Under Goals,Under 3.5,1.62,,,LOST,
2025-10-04T14:00:00+00:00,Division 2 - Södra Svealand,Sylvia,Forward,Asian Handicap,Away -1.25,1.5,,,LOST,
2025-10-04T14:00:00+00:00,Eliteserien,Sandefjord,Bryne,Over/Under Goals,Over 1.5,1.22,,,LOST,
2025-10-04T14:00:00+00:00,Elitettan,Mallbacken W,Gamla Upsala W,Over/Under Goals,Under 3.5,1.62,,,WON,
2025-10-04T14:00:00+00:00,Ettan - Norra,Enköping,Assyriska FF,Double Chance,Draw/Away,1.5,,,LOST,
2025-10-04T14:00:00+00:00,Ettan - Norra,United Nordic,AFC Eskilstuna,BTTS,Yes,1.53,,,WON,
2025-10-04T14:00:00+00:00,Ettan - Norra,Örebro Syrianska,Karlberg,Over/Under Goals,Over 1.5,1.17,,,WON,
2025-10-04T14:00:00+00:00,Ettan - Södra,Angelholms FF,Trollhättan,Over/Under Goals,Under 3.5,1.5,,,WON,
2025-10-04T14:00:00+00:00,Ettan - Södra,IFK Skövde,Olympic,Over/Under Goals,Under 3.5,1.53,,,LOST,
2025-10-04T14:00:00+00:00,Ettan - Södra,Torslanda,Hässleholms IF,Team Total Goals,Over 0.5,1.17,,,WON,
2025-10-04T14:00:00+00:00,FNL,Hanácká,Opava,Over/Under Goals,Under 3.5,1.5,,,WON,
2025-10-04T14:00:00+00:00,First League,Chayka,Rodina Moskva,Over/Under Goals,Under 3.5,1.18,,,WON,
2025-10-04T14:00:00+00:00,First League,Fakel,Volga Ulyanovsk,Asian Handicap,Away -1.25,1.53,,,WON,
2025-10-04T14:00:00+00:00,First NL,Orijent 1919,Jarun,Over/Under Goals,Under 3.5,1.28,,,WON,
2025-10-04T14:00:00+00:00,Football League - Highland League,Brechin,Fraserburgh,Team Total Goals,Under 2.5,1.46,,,WON,
2025-10-04T14:00:00+00:00,Football League - Lowland League,Caledonian Braves,Bo'ness United,Asian Handicap,Home +0,1.53,,,LOST,
2025-10-04T14:00:00+00:00,Football League - Lowland League,Cowdenbeath,East Stirlingshire,1X2 / Match Winner,Home,1.65,,,LOST,
2025-10-04T14:00:00+00:00,Football League - Lowland League,Linlithgow Rose,Stirling University,BTTS,Yes,1.45,,,WON,
2025-10-04T14:00:00+00:00,II Liga - East,Podbeskidzie,Warta Poznań,Over/Under Goals,Under 3.5,1.27,,,LOST,
2025-10-04T14:00:00+00:00,III Liga - Group 2,Victoria Września,Polonia Środa,Over/Under Goals,Under 3.5,1.45,,,LOST,
2025-10-04T14:00:00+00:00,III Liga - Group 3,Pawłowice Śląskie,Kluczbork,1X2 / Match Winner,Draw,3.75,,,LOST,
2025-10-04T14:00:00+00:00,Jupiler Pro League,KV Mechelen,St. Truiden,Over/Under Goals,Under 3.5,1.48,,,LOST,
2025-10-04T14:00:00+00:00,Júniores U19,Academico Viseu U19,Sporting CP U19,Double Chance,Home/Draw,1.5,,,WON,
2025-10-04T14:00:00+00:00,Júniores U19,Vitoria Guimaraes U19,Vizela U19,Over/Under Goals,Over 1.5,1.15,,,WON,
2025-10-04T14:00:00+00:00,League One,Blackpool,AFC Wimbledon,Over/Under Goals,Over 1.5,1.3,,,WON,
2025-10-04T14:00:00+00:00,League One,Bolton,Peterborough,Over/Under Goals,Over 1.5,1.15,,,WON,
2025-10-04T14:00:00+00:00,League One,East Fife,Cove Rangers,Over/Under Goals,Under 3.5,1.4,,,WON,
2025-10-04T14:00:00+00:00,League One,Hamilton Academical,Inverness CT,Team Total Goals,Over 0.5,1.2,,,WON,
2025-10-04T14:00:00+00:00,League One,Huddersfield,Stockport County,Over/Under Goals,Under 3.5,1.3,,,WON,
2025-10-04T14:00:00+00:00,League One,Kelty Hearts,Peterhead,Over/Under Goals,Under 3.5,1.4,,,WON,
2025-10-04T14:00:00+00:00,League One,Lincoln,Exeter City,Over/Under Goals,Under 3.5,1.25,,,WON,
2025-10-04T14:00:00+00:00,League One,Plymouth,Wigan,Over/Under Goals,Over 1.5,1.33,,,WON,
2025-10-04T14:00:00+00:00,League One,Port Vale,Northampton,Over/Under Goals,Under 3.5,1.18,,,WON,
2025-10-04T14:00:00+00:00,League One,Reading,Mansfield Town,Double Chance,Draw/Away,1.57,,,WON,
2025-10-04T14:00:00+00:00,League One,Stenhousemuir,Montrose,Double Chance,Draw/Away,1.65,,,LOST,
2025-10-04T14:00:00+00:00,League One,Stevenage,Luton,Team Total Goals,Over 0.5,1.28,,,LOST,
2025-10-04T14:00:00+00:00,League Two,Barnet,Accrington ST,Team Total Goals,Over 0.5,1.15,,,WON,
2025-10-04T14:00:00+00:00,League Two,Barrow,Shrewsbury,Over/Under Goals,Under 3.5,1.25,,,WON,
2025-10-04T14:00:00+00:00,League Two,Bromley,Tranmere,Over/Under Goals,Over 1.5,1.3,,,WON,
2025-10-04T14:00:00+00:00,League Two,Cambridge United,Crawley Town,Over/Under Goals,Under 3.5,1.33,,,LOST,
2025-10-04T14:00:00+00:00,League Two,Cheltenham,Fleetwood Town,Over/Under Goals,Under 3.5,1.28,,,WON,
2025-10-04T14:00:00+00:00,League Two,Clyde,East Kilbride,Over/Under Goals,Over 2.5,1.55,,,WON,
2025-10-04T14:00:00+00:00,League Two,Colchester,Chesterfield,Team Total Goals,Over 0.5,1.4,,,WON,
2025-10-04T14:00:00+00:00,League Two,Elgin City,Forfar Athletic,Over/Under Goals,Under 3.5,1.33,,,WON,
2025-10-04T14:00:00+00:00,League Two,Notts County,Oldham,Double Chance,Draw/Away,1.67,,,LOST,
2025-10-04T14:00:00+00:00,League Two,Salford City,Grimsby,Over/Under Goals,Over 1.5,1.22,,,WON,
2025-10-04T14:00:00+00:00,League Two,Spartans,Edinburgh City,BTTS,Yes,1.57,,,LOST,
2025-10-04T14:00:00+00:00,League Two,Stirling Albion,Dumbarton,Over/Under Goals,Over 2.5,1.62,,,WON,
2025-10-04T14:00:00+00:00,League Two,Stranraer,Annan Athletic,Over/Under Goals,Under 3.5,1.36,,,WON,
2025-10-04T14:00:00+00:00,League Two,Walsall,Bristol Rovers,Double Chance,Draw/Away,1.7,,,LOST,
2025-10-04T14:00:00+00:00,Ligue 1,El Bayadh,Ben Aknoun,Double Chance,Draw/Away,1.65,,,WON,
2025-10-04T14:00:00+00:00,Ligue 1,Khenchela,MC Oran,Over/Under Goals,Under 3.5,1.17,,,WON,
2025-10-04T14:00:00+00:00,Ligue 1,Olympique Béja,AS Marsa,Over/Under Goals,Under 2.5,1.53,,,LOST,
2025-10-04T14:00:00+00:00,Ligue 1,Stade Tunisien,ES Zarzis,Over/Under Goals,Under 3.5,1.17,,,WON,
2025-10-04T14:00:00+00:00,Meistriliiga,Tallinna Kalev,Trans Narva,Over/Under Goals,Under 3.5,1.8,,,LOST,
2025-10-04T14:00:00+00:00,National League - North,AFC Telford United,AFC Fylde,Over/Under Goals,Over 1.5,1.18,,,WON,
2025-10-04T14:00:00+00:00,National League - North,Buxton,Darlington 1883,Over/Under Goals,Over 1.5,1.17,,,LOST,
2025-10-04T14:00:00+00:00,National League - North,Chester,Merthyr Town,Asian Handicap,Away -1.25,1.65,,,WON,
2025-10-04T14:00:00+00:00,National League - North,King's Lynn Town,Scarborough Athletic,Team Total Goals,Over 0.5,1.15,,,WON,
2025-10-04T14:00:00+00:00,National League - North,Leamington,Hereford,Over/Under Goals,Under 3.5,1.28,,,WON,
2025-10-04T14:00:00+00:00,National League - North,Macclesfield,Marine,Team Total Goals,Over 0.5,1.15,,,LOST,
2025-10-04T14:00:00+00:00,National League - North,Oxford City,Curzon Ashton,Double Chance,Draw/Away,1.46,,,WON,
2025-10-04T14:00:00+00:00,National League - North,Peterborough Sports,Kidderminster Harriers,Over/Under Goals,Under 3.5,1.32,,,WON,
2025-10-04T14:00:00+00:00,National League - North,Radcliffe,Alfreton Town,Over/Under Goals,Over 1.5,1.22,,,WON,
2025-10-04T14:00:00+00:00,National League - North,South Shields,Chorley,Over/Under Goals,Under 3.5,1.33,,,WON,
2025-10-04T14:00:00+00:00,National League - North,Spennymoor Town,Southport,Over/Under Goals,Under 3.5,1.28,,,WON,
2025-10-04T14:00:00+00:00,National League - North,Worksop Town,Bedford Town,Over/Under Goals,Over 1.5,1.16,,,WON,
2025-10-04T14:00:00+00:00,National League - South,AFC Hornchurch,Horsham,Asian Handicap,Away -1.25,1.4,,,WON,
2025-10-04T14:00:00+00:00,National League - South,AFC Totton,Weston-super-Mare,Double Chance,Draw/Away,1.51,,,LOST,
2025-10-04T14:00:00+00:00,National League - South,Chelmsford City,Dorking Wanderers,Over/Under Goals,Under 3.5,1.37,,,WON,
2025-10-04T14:00:00+00:00,National League - South,Chesham United,Enfield Town,Team Total Goals,Under 2.5,1.23,,,LOST,
2025-10-04T14:00:00+00:00,National League - South,Chippenham Town,Hemel Hempstead Town,Over/Under Goals,Under 3.5,1.32,,,WON,
2025-10-04T14:00:00+00:00,National League - South,Dagenham & Redbridge,Maidstone Utd,Asian Handicap,Home +0,1.67,,,LOST,
2025-10-04T14:00:00+00:00,National League - South,Ebbsfleet United,Eastbourne Borough,Over/Under Goals,Under 3.5,1.44,,,LOST,
2025-10-04T14:00:00+00:00,National League - South,Farnborough,Bath City,Team Total Goals,Under 2.5,1.15,,,WON,
2025-10-04T14:00:00+00:00,National League - South,Hampton & Richmond,Slough Town,Over/Under Goals,Over 1.5,1.15,,,WON,
2025-10-04T14:00:00+00:00,National League - South,Maidenhead,Worthing,Double Chance,Draw/Away,1.67,,,LOST,
2025-10-04T14:00:00+00:00,National League,Braintree,Sutton Utd,1X2 / Match Winner,Draw,3.4,,,WON,
2025-10-04T14:00:00+00:00,National League,Eastleigh,Solihull Moors,1X2 / Match Winner,Draw,3.42,,,WON,
2025-10-04T14:00:00+00:00,National League,FC Halifax Town,Brackley Town,Over/Under Goals,Under 3.5,1.27,,,WON,
2025-10-04T14:00:00+00:00,National League,Forest Green,Rochdale,Over/Under Goals,Over 1.5,1.2,,,LOST,
2025-10-04T14:00:00+00:00,National League,Southend,Aldershot Town,1X2 / Match Winner,Home,1.44,,,WON,
2025-10-04T14:00:00+00:00,National League,Tamworth,Morecambe,1X2 / Match Winner,Home,1.44,,,LOST,
2025-10-04T14:00:00+00:00,National League,Wealdstone,Altrincham,1X2 / Match Winner,Draw,3.58,,,WON,
2025-10-04T14:00:00+00:00,Premier League 2 Division One,Aston Villa U21,Sunderland U21,Over/Under Goals,Over 2.5,1.36,,,WON,
2025-10-04T14:00:00+00:00,Premier League,Arsenal,West Ham,Over/Under Goals,Over 1.5,1.18,,,WON,
2025-10-04T14:00:00+00:00,Premier League,El Geish,El Gouna FC,Over/Under Goals,Under 2.5,1.33,,,WON,
2025-10-04T14:00:00+00:00,Premier League,Manchester United,Sunderland,Over/Under Goals,Over 1.5,1.2,,,WON,
2025-10-04T14:00:00+00:00,Premier League,Zamalek SC,Ghazl El Mehalla,Over/Under Goals,Under 3.5,1.22,,,WON,
2025-10-04T14:00:00+00:00,Premiership,Bangor,Coleraine FC,Over/Under Goals,Over 1.5,1.17,,,WON,
2025-10-04T14:00:00+00:00,Premiership,Carrick Rangers,Ballymena United,Over/Under Goals,Under 3.5,1.33,,,WON,
2025-10-04T14:00:00+00:00,Premiership,Dundee Utd,Livingston,Over/Under Goals,Over 1.5,1.28,,,WON,
2025-10-04T14:00:00+00:00,Premiership,Dungannon Swifts,Larne,Over/Under Goals,Under 3.5,1.3,,,WON,
2025-10-04T14:00:00+00:00,Premiership,Kilmarnock,ST Mirren,Asian Handicap,Away -0.5,1.48,,,LOST,
2025-10-04T14:00:00+00:00,Second League A - Fall Season Silver,Urozhay,Torpedo Miass,Over/Under Goals,Under 2.5,1.63,,,LOST,
2025-10-04T14:00:00+00:00,Second League,Berane,Iskra,1X2 / Match Winner,Draw,3.5,,,WON,
2025-10-04T14:00:00+00:00,Super League Women,Club Brugge W,Westerlo W,Over/Under Goals,Under 3.5,1.69,,,WON,
2025-10-04T14:00:00+00:00,Super Lig,Kocaelispor,Eyüpspor,Over/Under Goals,Under 3.5,1.3,,,WON,
2025-10-04T14:00:00+00:00,Super Liga,Petrocub,CSF Bălți,Over/Under Goals,Under 3.5,1.23,,,WON,
2025-10-04T14:00:00+00:00,Veikkausliiga,Kooteepee,Mariehamn,Over/Under Goals,Over 1.5,1.18,,,WON,
2025-10-04T14:00:00+00:00,Veikkausliiga,SJK,Ilves,Double Chance,Draw/Away,1.4,,,LOST,
2025-10-04T14:00:00+00:00,Ykkönen,Rops,FC jazz,Over/Under Goals,Over 2.5,1.36,,,WON,
2025-10-04T14:00:00+00:00,Úrvalsdeild,IBV Vestmannaeyjar,IA Akranes,Over/Under Goals,Under 3.5,1.49,,,WON,
2025-10-04T14:00:00+00:00,Úrvalsdeild,KR Reykjavik,Afturelding,Team Total Goals,Over 0.5,1.21,,,WON,
2025-10-04T14:15:00+00:00,La Liga,Girona,Valencia,Over/Under Goals,Under 3.5,1.33,,,WON,
2025-10-04T14:15:00+00:00,Primera División RFEF - Group 1,Lugo,Cacereño,Over/Under Goals,Under 3.5,1.17,,,WON,
2025-10-04T14:15:00+00:00,Segunda Division,Deportivo La Coruna,Almeria,Over/Under Goals,Over 1.5,1.25,,,WON,
2025-10-04T14:15:00+00:00,Super League,Bunyodkor,Nasaf,Team Total Goals,Over 0.5,1.21,,,WON,
2025-10-04T14:30:00+00:00,3. Liga,Energie Cottbus,Alemannia Aachen,Over/Under Goals,Over 1.5,1.2,,,WON,
2025-10-04T14:30:00+00:00,Eredivisie,Sparta Rotterdam,Ajax,Over/Under Goals,Over 1.5,1.18,,,WON,
2025-10-04T14:30:00+00:00,Liga 3,Lusitano Évora 1911,Amora,Over/Under Goals,Under 2.5,1.52,,,LOST,
2025-10-04T14:30:00+00:00,Liga 3,Trofense,Sanjoanense,Over/Under Goals,Under 3.5,1.21,,,WON,
2025-10-04T14:30:00+00:00,Liga I,Arges Pitesti,Petrolul Ploiesti,Over/Under Goals,Under 3.5,1.15,,,WON,
2025-10-04T14:30:00+00:00,Premier League,FC Krasnodar,Akhmat,Over/Under Goals,Over 1.5,1.26,,,WON,
2025-10-04T14:30:00+00:00,Primeira Liga,GIL Vicente,Estrela,Over/Under Goals,Under 3.5,1.18,,,WON,
2025-10-04T14:30:00+00:00,Primeira Liga,Nacional,Moreirense,Double Chance,Draw/Away,1.6,,,LOST,
2025-10-04T14:30:00+00:00,Second League,Kom,Igalo,Double Chance,Home/Draw,1.44,,,WON,
2025-10-04T14:30:00+00:00,Segunda Liga,Portimonense,União de Leiria,Over/Under Goals,Under 3.5,1.33,,,WON,
2025-10-04T14:30:00+00:00,Super Liga,Novi Pazar,Mladost Lucani,Double Chance,Draw/Away,1.57,,,LOST,
2025-10-04T14:45:00+00:00,First League,Montana,Cherno More Varna,Over/Under Goals,Under 3.5,1.22,,,LOST,
2025-10-04T14:45:00+00:00,Premier League,Neman,Torpedo Zhodino,Over/Under Goals,Over 1.5,1.42,,,WON,
2025-10-04T15:00:00+00:00,1 Lyga,Jonava,Nevėžis,Over/Under Goals,Under 3.5,1.33,,,LOST,
2025-10-04T15:00:00+00:00,1. Liga Promotion,Grand-Saconnex,Bavois,Double Chance,Draw/Away,1.32,,,WON,
2025-10-04T15:00:00+00:00,2. SNL,Brinje-Grosuplje,Krško,Team Total Goals,Over 1.5,1.22,,,WON,
2025-10-04T15:00:00+00:00,Division 1,Al-Adalah,Al Arabi SC,Double Chance,Home/Draw,1.22,,,LOST,
2025-10-04T15:00:00+00:00,Júniores U19,Rio Ave U19,Famalicão U19,Team Total Goals,Over 0.5,1.18,,,WON,
2025-10-04T15:00:00+00:00,Ligue 1,ES Setif,ASO Chlef,Asian Handicap,Away -1.25,1.45,,,WON,
2025-10-04T15:00:00+00:00,Ligue 1,Metz,Marseille,Over/Under Goals,Under 3.5,1.48,,,WON,
2025-10-04T15:00:00+00:00,NB I,Puskas Academy,Ujpest,Over/Under Goals,Over 2.5,1.65,,,LOST,
2025-10-04T15:00:00+00:00,Premier League 2 Division One,Brighton U21,Middlesbrough U21,Over/Under Goals,Under 3.5,1.57,,,WON,
2025-10-04T15:00:00+00:00,Premier League,Ararat,BKMA,Over/Under Goals,Under 3.5,1.36,,,LOST,
2025-10-04T15:00:00+00:00,Premier League,Polessya,SK Poltava,Over/Under Goals,Over 1.5,1.2,,,WON,
2025-10-04T15:00:00+00:00,Primera B,Recoleta,Deportes Copiapo,Over/Under Goals,Under 3.5,1.22,,,WON,
2025-10-04T15:00:00+00:00,QSL Cup,Al Ahli Doha,Al Waab,Over/Under Goals,Under 3.5,1.24,,,WON,
2025-10-04T15:00:00+00:00,QSL Cup,Al-Rayyan SC,Lusail City,Team Total Goals,Over 0.5,1.47,,,WON,
2025-10-04T15:00:00+00:00,Super League 1,OFI,Aris Thessalonikis,Over/Under Goals,Over 1.5,1.3,,,WON,
2025-10-04T15:00:00+00:00,Super League 1,Panserraikos,Asteras Tripolis,Over/Under Goals,Under 3.5,1.25,,,WON,
2025-10-04T15:00:00+00:00,Tipp3 Bundesliga,Austria Vienna,FC BW Linz,Asian Handicap,Away -1.25,1.48,,,WON,
2025-10-04T15:00:00+00:00,Tipp3 Bundesliga,Ried,WSG Wattens,Over/Under Goals,Under 3.5,1.33,,,WON,
2025-10-04T15:15:00+00:00,Serie B,Spezia,Palermo,Double Chance,Draw/Away,1.5,,,WON,
2025-10-04T15:20:00+00:00,Division 1,Al-Faisaly FC,Al Wehda Club,Double Chance,Home/Draw,1.44,,,WON,
2025-10-04T15:30:00+00:00,1. Liga Promotion,SC Kriens,Brühl,Team Total Goals,Under 2.5,1.46,,,LOST,
2025-10-04T15:30:00+00:00,1. SNL,Mura,Bravo,Over/Under Goals,Under 3.5,1.38,,,WON,
2025-10-04T15:30:00+00:00,Allsvenskan,Gais,IFK Norrkoping,Over/Under Goals,Under 3.5,1.53,,,WON,
2025-10-04T15:30:00+00:00,Ekstraklasa,Radomiak Radom,Zaglebie Lubin,Over/Under Goals,Over 1.5,1.3,,,WON,
2025-10-04T15:30:00+00:00,Segunda División,Santiago City,Deportes Rengo,Double Chance,Home/Draw,1.4,,,LOST,
2025-10-04T15:30:00+00:00,Serie C - Girone C,Crotone,AZ Picerno,Over/Under Goals,Under 3.5,1.36,,,WON,
2025-10-04T15:30:00+00:00,Super Liga,Radnicki 1923,OFK Beograd,Asian Handicap,Home +0,1.6,,,LOST,
2025-10-04T15:30:00+00:00,Ykkösliiga,Klubi-04,JäPS,Over/Under Goals,Under 3.5,1.86,,,WON,
2025-10-04T15:45:00+00:00,Liga 3,Varzim,Guimaraes B,Over/Under Goals,Under 3.5,1.19,,,WON,
2025-10-04T16:00:00+00:00,1. Division,Akritas,Apollon Limassol,Over/Under Goals,Under 3.5,1.33,,,WON,
2025-10-04T16:00:00+00:00,Challenge League,Bellinzona,Étoile Carouge,Over/Under Goals,Under 3.5,1.23,,,WON,
2025-10-04T16:00:00+00:00,Czech Liga,Slovan Liberec,Bohemians 1905,Over/Under Goals,Under 3.5,1.36,,,WON,
2025-10-04T16:00:00+00:00,Eliteserien,Kristiansund BK,Molde,Over/Under Goals,Under 3.5,1.57,,,WON,
2025-10-04T16:00:00+00:00,FAW Championship,Trefelin,Afan Lido,1X2 / Match Winner,Home,1.25,,,LOST,
2025-10-04T16:00:00+00:00,FNL,Artis,Prostějov,Over/Under Goals,Under 3.5,1.44,,,LOST,
2025-10-04T16:00:00+00:00,II Liga - East,Unia Skierniewice,Śląsk Wrocław II,Over/Under Goals,Under 3.5,1.54,,,WON,
2025-10-04T16:00:00+00:00,Liga 3,CF Os Belenenses,Caldas,Over/Under Goals,Under 3.5,1.24,,,WON,
2025-10-04T16:00:00+00:00,Ligue 1,JS Saoura,Oued Akbou,BTTS,No,1.57,,,LOST,
2025-10-04T16:00:00+00:00,Meistriliiga,Laagri,Flora Tallinn,Over/Under Goals,Over 2.5,1.5,,,WON,
2025-10-04T16:00:00+00:00,Premier League,Al Riffa,Budaiya,Team Total Goals,Under 2.5,1.41,,,LOST,
2025-10-04T16:00:00+00:00,Premier League,Sitra,Al-Hidd,Double Chance,Draw/Away,1.7,,,WON,
2025-10-04T16:00:00+00:00,Prva HNL,NK Slaven Belupo,NK Osijek,Over/Under Goals,Over 1.5,1.28,,,WON,
2025-10-04T16:00:00+00:00,Regionalliga - Nord,Kickers Emden,Hamburger SV II,1X2 / Match Winner,Home,1.65,,,LOST,
2025-10-04T16:00:00+00:00,Serie A,Inter,Cremonese,Over/Under Goals,Under 3.5,1.62,,,LOST,
2025-10-04T16:00:00+00:00,Super League,FC Luzern,FC Sion,Asian Handicap,Home +0.25,1.42,,,WON,
2025-10-04T16:00:00+00:00,Super League,FC ST. Gallen,FC Thun,Over/Under Goals,Over 1.5,1.18,,,WON,
2025-10-04T16:00:00+00:00,Super Liga,Komárno,Tatran Prešov,Over/Under Goals,Over 1.5,1.25,,,LOST,
2025-10-04T16:00:00+00:00,Super Liga,Zemplín Michalovce,AS Trencin,Asian Handicap,Home +0.25,1.4,,,WON,
2025-10-04T16:00:00+00:00,TFF 1. Lig,Amed,Keçiörengücü,Over/Under Goals,Over 1.5,1.16,,,WON,
2025-10-04T16:00:00+00:00,Ykkönen,Atlantis,Inter Turku II,Asian Handicap,Home +1.25,1.65,,,LOST,
2025-10-04T16:15:00+00:00,Jupiler Pro League,RAAL La Louvière,Zulte Waregem,Over/Under Goals,Under 3.5,1.3,,,WON,
2025-10-04T16:15:00+00:00,Ligat Ha'al,Hapoel Haifa,Ironi Kiryat Shmona,Over/Under Goals,Under 3.5,1.28,,,WON,
2025-10-04T16:15:00+00:00,Ligat Ha'al,Ironi Tiberias,Hapoel Katamon,Team Total Goals,Over 0.5,1.28,,,LOST,
2025-10-04T16:15:00+00:00,Premier League,Colwyn Bay,Caernarfon Town,Over/Under Goals,Under 3.5,1.53,,,WON,
2025-10-04T16:30:00+00:00,Bundesliga 1,Eintracht Frankfurt,Bayern München,Over/Under Goals,Over 2.5,1.3,,,WON,
2025-10-04T16:30:00+00:00,La Liga,Athletic Club,Mallorca,Over/Under Goals,Under 3.5,1.22,,,WON,
2025-10-04T16:30:00+00:00,League One,Queen of the South,Alloa Athletic,Over/Under Goals,Under 3.5,1.38,,,WON,
2025-10-04T16:30:00+00:00,Ligat Ha'al,Ashdod,Maccabi Bnei Raina,Over/Under Goals,Over 1.5,1.3,,,WON,
2025-10-04T16:30:00+00:00,National League,Scunthorpe,Carlisle,Over/Under Goals,Under 3.5,1.37,,,WON,
2025-10-04T16:30:00+00:00,Premier League,Chelsea,Liverpool,Over/Under Goals,Over 2.5,1.57,,,WON,
2025-10-04T16:30:00+00:00,Premiership,Portadown,Glenavon FC,Team Total Goals,Under 2.5,1.22,,,LOST,
2025-10-04T16:30:00+00:00,Primera División Femenina,Sevilla W,Espanyol W,Over/Under Goals,Under 3.5,1.22,,,WON,
2025-10-04T16:30:00+00:00,Primera División RFEF - Group 1,Racing Ferrol,Ourense CF,Over/Under Goals,Under 3.5,1.22,,,WON,
2025-10-04T16:30:00+00:00,Primera División RFEF - Group 1,Unionistas de Salamanca,Celta de Vigo II,Over/Under Goals,Over 1.5,1.42,,,WON,
2025-10-04T16:30:00+00:00,Segunda Division,FC Andorra,Leganes,Over/Under Goals,Under 3.5,1.25,,,WON,
2025-10-04T16:30:00+00:00,Segunda Division,Huesca,Burgos,Over/Under Goals,Over 1.5,1.65,,,WON,
2025-10-04T16:30:00+00:00,Super Liga,Železničar Pančevo,TSC Backa Topola,Over/Under Goals,Under 3.5,1.28,,,WON,
2025-10-04T16:45:00+00:00,Eredivisie,Fortuna Sittard,FC Volendam,BTTS,Yes,1.57,,,LOST,
2025-10-04T16:45:00+00:00,Ligue 1,CS Constantine,USM Alger,1X2 / Match Winner,Draw,3.08,,,WON,
2025-10-04T16:45:00+00:00,Persian Gulf Pro League,Foolad FC,Tractor Sazi,Over/Under Goals,Under 2.5,1.57,,,WON,
2025-10-04T16:45:00+00:00,Premier League,Dynamo,Lokomotiv,Over/Under Goals,Over 1.5,1.19,,,WON,
2025-10-04T16:45:00+00:00,Premier League,FC Vitebsk,Arsenal,Over/Under Goals,Under 3.5,1.16,,,WON,
2025-10-04T16:45:00+00:00,Premiership,Heart Of Midlothian,Hibernian,Asian Handicap,Home +0,1.44,,,WON,
2025-10-04T17:00:00+00:00,1. Division,AEL,Anorthosis,Double Chance,Home/Draw,1.4,,,WON,
2025-10-04T17:00:00+00:00,Botola Pro,Ittihad Tanger,FUS Rabat,Over/Under Goals,Under 3.5,1.16,,,WON,
2025-10-04T17:00:00+00:00,Campeonato de Portugal Prio - Group B,Cinfães,Alpendorada,Over/Under Goals,Under 2.5,1.53,,,WON,
2025-10-04T17:00:00+00:00,Ligat Ha'al,Beitar Jerusalem,Hapoel Petah Tikva,Over/Under Goals,Under 3.5,1.53,,,LOST,
2025-10-04T17:00:00+00:00,Ligat Ha'al,Hapoel Beer Sheva,Hapoel Tel Aviv,Over/Under Goals,Over 1.5,1.15,,,WON,
2025-10-04T17:00:00+00:00,Ligue 1,MC Alger,Mostaganem,Over/Under Goals,Under 2.5,1.6,,,WON,
2025-10-04T17:00:00+00:00,Ligue 1,Stade Brestois 29,Nantes,Asian Handicap,Home +0,1.42,,,WON,
2025-10-04T17:00:00+00:00,Premier League,Haras El Hodood,Ceramica Cleopatra,Double Chance,Draw/Away,1.17,,,WON,
2025-10-04T17:00:00+00:00,Premier League,Kahraba Ismailia,Al Ahly,Over/Under Goals,Over 1.5,1.18,,,WON,
2025-10-04T17:00:00+00:00,Primeira Liga,AVS,Alverca,Over/Under Goals,Under 2.5,1.57,,,LOST,
2025-10-04T17:00:00+00:00,QSL Cup,UMM Salal,Al-Sailiya,Double Chance,Draw/Away,1.62,,,LOST,
2025-10-04T17:00:00+00:00,Regionalliga - Mitte,St. Anna,Weiz,1X2 / Match Winner,Away,1.36,,,WON,
2025-10-04T17:00:00+00:00,Super Lig,Galatasaray,Besiktas,Over/Under Goals,Over 1.5,1.15,,,WON,
2025-10-04T17:15:00+00:00,First League,Levski Sofia,Beroe,Team Total Goals,Under 2.5,1.44,,,LOST,
2025-10-04T17:20:00+00:00,Division 1,Al Bukayriyah,Al Jabalain,Double Chance,Draw/Away,1.36,,,WON,
2025-10-04T17:30:00+00:00,A Lyga,FK Trakai,Suduva Marijampole,Over/Under Goals,Under 3.5,1.38,,,WON,
2025-10-04T17:30:00+00:00,First Amateur Division,Merelbeke,Tienen,Over/Under Goals,Under 3.5,1.57,,,WON,
2025-10-04T17:30:00+00:00,I Liga,Pogoń Siedlce,Pogoń Grod. Mazowiecki,Over/Under Goals,Under 3.5,1.44,,,WON,
2025-10-04T17:30:00+00:00,I Liga,Polonia Bytom,Puszcza Niepołomice,Over/Under Goals,Under 3.5,1.4,,,WON,
2025-10-04T17:30:00+00:00,I Liga,Znicz Pruszków,Slask Wroclaw,Over/Under Goals,Under 3.5,1.45,,,WON,
2025-10-04T17:30:00+00:00,Liga I,Rapid,Farul Constanta,Over/Under Goals,Under 3.5,1.36,,,LOST,
2025-10-04T17:30:00+00:00,NB I,Debreceni VSC,Gyori ETO FC,Over/Under Goals,Under 3.5,1.5,,,WON,
2025-10-04T17:30:00+00:00,Primera Division,Sarmiento Junin,Gimnasia L.P.,Over/Under Goals,Under 2.5,1.4,,,WON,
2025-10-04T17:30:00+00:00,Serie B,Cesena,Reggiana,Over/Under Goals,Over 2.5,2.1,,,WON,
2025-10-04T17:30:00+00:00,Super League 1,Larisa,Volos NFC,Over/Under Goals,Over 1.5,1.42,,,WON,
2025-10-04T18:00:00+00:00,Canadian Premier League,HFX Wanderers FC,York United,1X2 / Match Winner,Draw,3.6,,,WON,
2025-10-04T18:00:00+00:00,Challenger Pro League,AS Eupen,RWDM,Over/Under Goals,Under 3.5,1.36,,,LOST,
2025-10-04T18:00:00+00:00,Challenger Pro League,Olympic Charleroi,Lokeren-Temse,Over/Under Goals,Under 3.5,1.4,,,WON,
2025-10-04T18:00:00+00:00,Challenger Pro League,Patro Eisden,Lierse Kempenzonen,Over/Under Goals,Under 3.5,1.35,,,WON,
2025-10-04T18:00:00+00:00,Division Intermedia,Deportivo Santani,Pastoreo,1X2 / Match Winner,Draw,3.2,,,WON,
2025-10-04T18:00:00+00:00,Division Intermedia,Fernando De La Mora,Club Sp. San Lorenzo,Over/Under Goals,Under 3.5,1.15,,,WON,
2025-10-04T18:00:00+00:00,Division Intermedia,Guairena FC,Guaraní de Fram,Double Chance,Home/Draw,1.44,,,WON,
2025-10-04T18:00:00+00:00,Division Intermedia,SOL DE America,Encarnación,Over/Under Goals,Under 2.5,1.62,,,LOST,
2025-10-04T18:00:00+00:00,Division Intermedia,Sportivo Carapeguá,Deportivo Capiata,Over/Under Goals,Under 2.5,1.57,,,LOST,
2025-10-04T18:00:00+00:00,Division Intermedia,Tacuary,Rubio NU,Over/Under Goals,Under 2.5,1.57,,,LOST,
2025-10-04T18:00:00+00:00,Eredivisie,PEC Zwolle,PSV Eindhoven,Over/Under Goals,Over 2.5,1.4,,,WON,
2025-10-04T18:00:00+00:00,Erste Liga,Rapid Wien II,SV Kapfenberg,Over/Under Goals,Under 3.5,1.57,,,WON,
2025-10-04T18:00:00+00:00,Erste Liga,Sturm Graz II,Schwarz-Weiß Bregenz,Over/Under Goals,Under 3.5,1.65,,,LOST,
2025-10-04T18:00:00+00:00,First Amateur Division,Excelsior Virton,Union Saint-Gilloise II,Over/Under Goals,Over 2.5,1.5,,,WON,
2025-10-04T18:00:00+00:00,First Amateur Division,Rochefort,Meux,Over/Under Goals,Under 3.5,1.39,,,WON,
2025-10-04T18:00:00+00:00,Ligue 2,Montpellier,Saint Etienne,Over/Under Goals,Under 3.5,1.38,,,WON,
2025-10-04T18:00:00+00:00,Primera B Metropolitana,Brown DE Adrogue,Deportivo Laferrere,Over/Under Goals,Under 3.5,1.18,,,WON,
2025-10-04T18:00:00+00:00,Primera B,Deportes Santa Cruz,Cobreloa,Double Chance,Home/Draw,1.55,,,LOST,
2025-10-04T18:00:00+00:00,Primera Division,Cultural Santa Rosa,Cusco,Double Chance,Draw/Away,1.44,,,LOST,
2025-10-04T18:00:00+00:00,Segunda División,Provincial Osorno,San Antonio Unido,BTTS,Yes,1.7,,,WON,
2025-10-04T18:15:00+00:00,1. SNL,Maribor,NK Domzale,Over/Under Goals,Under 3.5,1.75,,,WON,
2025-10-04T18:15:00+00:00,Ekstraklasa,Arka Gdynia,Cracovia Krakow,Over/Under Goals,Under 3.5,1.22,,,WON,
2025-10-04T18:30:00+00:00,Bundesliga 2,Dynamo Dresden,Karlsruher SC,Over/Under Goals,Under 3.5,1.55,,,LOST,
2025-10-04T18:30:00+00:00,Major League Soccer,CF Montreal,Nashville SC,Team Total Goals,Over 0.5,1.15,,,WON,
2025-10-04T18:30:00+00:00,Major League Soccer,DC United,Charlotte,Over/Under Goals,Under 3.5,1.48,,,WON,
2025-10-04T18:30:00+00:00,Primera B Metropolitana,Acassuso,Liniers,Over/Under Goals,Under 3.5,1.18,,,WON,
2025-10-04T18:30:00+00:00,Primera B Metropolitana,Real Pilar,Deportivo Merlo,Over/Under Goals,Under 2.5,1.5,,,WON,
2025-10-04T18:30:00+00:00,Primera B Metropolitana,Sportivo Italiano,San Martín Burzaco,Over/Under Goals,Under 2.5,1.5,,,WON,
2025-10-04T18:30:00+00:00,Primera B Metropolitana,Villa San Carlos,Dock Sud,Over/Under Goals,Under 2.5,1.48,,,LOST,
2025-10-04T18:30:00+00:00,Primera C,Deportivo Muñiz,Yupanqui,Over/Under Goals,Under 3.5,1.16,,,LOST,
2025-10-04T18:30:00+00:00,Primera División - Clausura,Boston River,Juventud,Over/Under Goals,Under 3.5,1.22,,,WON,
2025-10-04T18:30:00+00:00,Primera Nacional,Almagro,Club Atlético Güemes,Over/Under Goals,Under 2.5,1.33,,,WON,
2025-10-04T18:30:00+00:00,Primera Nacional,Arsenal Sarandi,Alvarado,Over/Under Goals,Under 3.5,1.15,,,LOST,
2025-10-04T18:30:00+00:00,Primera Nacional,Atlanta,Deportivo Maipu,Double Chance,Home/Draw,1.57,,,LOST,
2025-10-04T18:30:00+00:00,Primera Nacional,Colegiales,Deportivo Madryn,Over/Under Goals,Under 2.5,1.36,,,WON,
2025-10-04T18:30:00+00:00,Primera Nacional,Ferro Carril Oeste,Patronato,BTTS,No,1.55,,,LOST,
2025-10-04T18:30:00+00:00,Primera Nacional,Quilmes,Tristan Suarez,BTTS,No,1.5,,,WON,
2025-10-04T18:30:00+00:00,Primera Nacional,Racing Cordoba,Gimnasia Y Tiro,Double Chance,Draw/Away,1.55,,,WON,
2025-10-04T18:30:00+00:00,Primera Nacional,San Miguel,San Martin Tucuman,Over/Under Goals,Under 2.5,1.33,,,LOST,
2025-10-04T18:30:00+00:00,Super League,Grasshoppers,FC Zurich,Over/Under Goals,Over 1.5,1.22,,,WON,
2025-10-04T18:30:00+00:00,Super Liga,FK Partizan,Vojvodina,Over/Under Goals,Under 3.5,1.5,,,WON,
2025-10-04T18:30:00+00:00,Super Liga,Žilina,FK Košice,BTTS,Yes,1.45,,,WON,
2025-10-04T18:45:00+00:00,Jupiler Pro League,Antwerp,Cercle Brugge,1X2 / Match Winner,Draw,3.65,,,WON,
2025-10-04T18:45:00+00:00,Premijer Liga,Velež,Sloga Doboj,Over/Under Goals,Under 3.5,1.25,,,WON,
2025-10-04T18:45:00+00:00,Serie A,Atalanta,Como,Over/Under Goals,Over 1.5,1.25,,,WON,
2025-10-04T19:00:00+00:00,Eredivisie,Heerenveen,Excelsior,Over/Under Goals,Over 2.5,1.5,,,WON,
2025-10-04T19:00:00+00:00,La Liga,Real Madrid,Villarreal,Team Total Goals,Under 2.5,1.65,,,LOST,
2025-10-04T19:00:00+00:00,Liga Pro,Delfin SC,El Nacional,Over/Under Goals,Under 3.5,1.3,,,LOST,
2025-10-04T19:00:00+00:00,Primera A,Envigado,Bucaramanga,Over/Under Goals,Under 3.5,1.2,,,WON,
2025-10-04T19:00:00+00:00,Primera División RFEF - Group 1,Tenerife,Zamora,Asian Handicap,Home +0.25,1.15,,,WON,
2025-10-04T19:00:00+00:00,Segunda Division,Granada CF,Real Sociedad II,Over/Under Goals,Under 3.5,1.22,,,LOST,
2025-10-04T19:00:00+00:00,Serie B,Chapecoense-sc,Novorizontino,Over/Under Goals,Under 3.5,1.18,,,WON,
2025-10-04T19:00:00+00:00,Serie D,Barra,Santa Cruz,Asian Handicap,Home +0.25,1.48,,,WON,
2025-10-04T19:05:00+00:00,Ligue 1,Auxerre,Lens,Over/Under Goals,Under 3.5,1.38,,,WON,
2025-10-04T19:30:00+00:00,Primeira Liga,Guimaraes,Santa Clara,Over/Under Goals,Under 3.5,1.15,,,WON,
2025-10-04T19:45:00+00:00,Primera Division,San Martin S.J.,Instituto Cordoba,Asian Handicap,Home +0.25,1.48,,,WON,
2025-10-04T20:00:00+00:00,Serie C,Guarani Campinas,Nautico Recife,Over/Under Goals,Under 3.5,1.15,,,WON,
2025-10-04T20:00:00+00:00,USL Championship,Detroit City,North Carolina,Over/Under Goals,Under 3.5,1.2,,,WON,
2025-10-04T20:00:00+00:00,World Cup - U20,Mexico U20,Morocco U20,Asian Handicap,Away -1.25,1.48,,,WON,
2025-10-04T20:00:00+00:00,World Cup - U20,Spain U20,Brazil U20,Over/Under Goals,Under 3.5,1.45,,,WON,
2025-10-04T20:00:00+00:00,Úrvalsdeild,Valur Reykjavik,Stjarnan,Asian Handicap,Away -1.25,1.49,,,WON,
2025-10-04T20:15:00+00:00,Primera Division,ADT,Sporting Cristal,Over/Under Goals,Under 3.5,1.44,,,LOST,
2025-10-04T20:30:00+00:00,Canadian Premier League,Forge,Vancouver FC,1X2 / Match Winner,Draw,5.63,,,WON,
2025-10-04T20:30:00+00:00,Major League Soccer,FC Dallas,Los Angeles Galaxy,BTTS,Yes,1.4,,,WON,
2025-10-04T20:30:00+00:00,Primera B,Real Santander,Quindio,Over/Under Goals,Under 3.5,1.23,,,WON,
2025-10-04T20:30:00+00:00,Segunda División,Trasandino,Real San Joaquín,1X2 / Match Winner,Home,1.6,,,LOST,
2025-10-04T21:00:00+00:00,Liga Nacional,Cobán Imperial,Guastatoya,Over/Under Goals,Under 3.5,1.33,,,WON,
2025-10-04T21:00:00+00:00,USL Championship,Loudoun United,Birmingham Legion,Asian Handicap,Home +0,1.55,,,LOST,
2025-10-04T21:10:00+00:00,Primera A,Union Magdalena,Rionegro Aguilas,Over/Under Goals,Under 3.5,1.18,,,LOST,
2025-10-04T21:30:00+00:00,Liga Pro,Emelec,Deportivo Cuenca,Over/Under Goals,Under 3.5,1.2,,,LOST,
2025-10-04T21:30:00+00:00,Serie A,Fluminense,Atletico-MG,Over/Under Goals,Under 2.5,1.57,,,LOST,
2025-10-04T21:30:00+00:00,Serie A,Internacional,Botafogo,Over/Under Goals,Over 1.5,1.42,,,WON,
2025-10-04T21:30:00+00:00,Serie A,RB Bragantino,Gremio,Over/Under Goals,Over 1.5,1.4,,,LOST,
2025-10-04T21:30:00+00:00,Serie B,Volta Redonda,Goias,Over/Under Goals,Under 3.5,1.18,,,WON,
2025-10-04T21:45:00+00:00,Liga MX Femenil,Cruz Azul W,Tijuana W,Over/Under Goals,Under 3.5,1.5,,,LOST,
2025-10-04T22:00:00+00:00,Division Profesional - Clausura,Olimpia,Sportivo Ameliano,Over/Under Goals,Under 3.5,1.25,,,WON,
2025-10-04T22:00:00+00:00,Primera B,Universidad de Concepcion,Union San Felipe,Over/Under Goals,Under 3.5,1.2,,,WON,
2025-10-04T22:00:00+00:00,Primera Division,Atletico Tucuman,Platense,Over/Under Goals,Under 3.5,1.15,,,WON,
2025-10-04T22:00:00+00:00,Primera Division,Huracan,Banfield,BTTS,No,1.48,,,WON,
2025-10-04T22:00:00+00:00,USL League One,Richmond Kickers,One Knoxville,Double Chance,Draw/Away,1.43,,,LOST,
2025-10-04T22:30:00+00:00,Serie C,Brusque,Ponte Preta,Over/Under Goals,Under 2.5,1.47,,,LOST,
2025-10-04T23:00:00+00:00,Liga MX,Club Queretaro,Puebla,Over/Under Goals,Under 3.5,1.28,,,LOST,
2025-10-04T23:00:00+00:00,Liga Nacional,Comunicaciones,Mixco,Over/Under Goals,Under 2.5,1.7,,,WON,
2025-10-04T23:00:00+00:00,Primera División,Deportivo La Guaira,Zamora FC,Over/Under Goals,Under 3.5,1.45,,,WON,
2025-10-04T23:00:00+00:00,Primera División,Deportivo Tachira FC,Carabobo FC,Over/Under Goals,Under 2.5,1.4,,,LOST,
2025-10-04T23:00:00+00:00,USL Championship,Miami FC,Pittsburgh Riverhounds,Over/Under Goals,Under 3.5,1.25,,,LOST,
2025-10-04T23:00:00+00:00,USL League One,Chattanooga Red Wolves,Greenville Triumph,Over/Under Goals,Under 3.5,1.25,,,WON,
2025-10-04T23:00:00+00:00,World Cup - U20,Argentina U20,Italy U20,Asian Handicap,Home +0.25,1.45,,,WON,
2025-10-04T23:00:00+00:00,World Cup - U20,Australia U20,Cuba U20,Over/Under Goals,Under 3.5,1.67,,,LOST,
2025-10-04T23:15:00+00:00,Liga Nacional,Victoria,Olancho,Team Total Goals,Over 0.5,1.42,,,WON,
2025-10-04T23:20:00+00:00,Primera A,Llaneros,Fortaleza FC,Over/Under Goals,Under 3.5,1.15,,,WON,
2025-10-04T23:30:00+00:00,Major League Soccer,Inter Miami,New England Revolution,1X2 / Match Winner,Home,1.4,,,WON,
2025-10-04T23:30:00+00:00,Major League Soccer,New York Red Bulls,FC Cincinnati,Over/Under Goals,Under 3.5,1.5,,,WON,
2025-10-04T23:30:00+00:00,Major League Soccer,Orlando City SC,Columbus Crew,Team Total Goals,Under 2.5,1.15,,,WON,
2025-10-04T23:30:00+00:00,Major League Soccer,Philadelphia Union,New York City FC,Asian Handicap,Home +0,1.42,,,WON,
2025-10-04T23:30:00+00:00,NWSL Women,North Carolina Courage W,Racing Louisville W,Over/Under Goals,Under 3.5,1.26,,,LOST,
2025-10-04T23:30:00+00:00,Serie B,Ferroviária,America Mineiro,Double Chance,Draw/Away,1.53,,,WON,
2025-10-04T23:30:00+00:00,USL Championship,Louisville City,Indy Eleven,Over/Under Goals,Under 3.5,1.53,,,WON,
2025-10-04T23:30:00+00:00,USL Championship,Tampa Bay Rowdies,Monterey Bay,Over/Under Goals,Over 1.5,1.28,,,WON,
2025-10-05T00:00:00+00:00,Liga Premier Serie A,Gavilanes FC Matamoros,Correcaminos UAT II,Over/Under Goals,Under 2.5,1.53,,,LOST,
2025-10-05T00:00:00+00:00,Liga Pro,Universidad Catolica,LDU de Quito,Double Chance,Draw/Away,1.44,,,WON,
2025-10-05T00:00:00+00:00,Liga de Expansión MX,Atlante FC,Tlaxcala,Over/Under Goals,Over 1.5,1.2,,,WON,
2025-10-05T00:00:00+00:00,Primera Division,Sport Boys,Sport Huancayo,Double Chance,Draw/Away,1.67,,,LOST,
2025-10-05T00:00:00+00:00,Serie A,Corinthians,Mirassol,Over/Under Goals,Under 3.5,1.2,,,WON,
2025-10-05T00:00:00+00:00,USL Championship,Colorado Springs,San Antonio,Team Total Goals,Under 2.5,1.2,,,WON,
2025-10-05T00:00:00+00:00,USL Championship,FC Tulsa,Lexington,Over/Under Goals,Under 3.5,1.3,,,WON,
2025-10-05T00:00:00+00:00,USL League One,Texoma,Alta,1X2 / Match Winner,Draw,3.4,,,WON,
2025-10-05T00:15:00+00:00,Primera Division,Lanus,San Lorenzo,BTTS,No,1.45,,,LOST,
2025-10-05T00:30:00+00:00,Major League Soccer,Austin,St. Louis City,Over/Under Goals,Over 2.5,1.57,,,WON,
2025-10-05T00:30:00+00:00,Major League Soccer,Chicago Fire,Toronto FC,Over/Under Goals,Over 1.5,1.18,,,WON,
2025-10-05T00:30:00+00:00,Major League Soccer,Houston Dynamo,San Diego,Asian Handicap,Home +0.5,1.62,,,LOST,
2025-10-05T00:30:00+00:00,Major League Soccer,Minnesota United FC,Sporting Kansas City,Over/Under Goals,Over 1.5,1.15,,,WON,
2025-10-05T01:00:00+00:00,Liga MX,Leon,Toluca,Over/Under Goals,Over 1.5,1.17,,,WON,
2025-10-05T01:00:00+00:00,Liga MX,Tigres UANL,Cruz Azul,Asian Handicap,Away -0.5,1.67,,,WON,
2025-10-05T01:00:00+00:00,Liga Nacional,Malacateco,Mictlán,Over/Under Goals,Under 3.5,1.27,,,WON,
2025-10-05T01:00:00+00:00,Liga de Expansión MX,Leones Negros UDG,Dorados,Over/Under Goals,Over 1.5,1.17,,,WON,
2025-10-05T01:15:00+00:00,Liga Panameña de Fútbol,CD Arabe Unido,Deportivo Universitario,Over/Under Goals,Under 3.5,1.17,,,WON,
2025-10-05T01:30:00+00:00,Liga Nacional,CD Motagua,Génesis,Asian Handicap,Away -1.25,1.6,,,WON,
2025-10-05T01:30:00+00:00,Major League Soccer,Real Salt Lake,Colorado Rapids,Over/Under Goals,Over 1.5,1.18,,,LOST,
2025-10-05T01:30:00+00:00,Primera B,Internacional Palmira,Jaguares,Over/Under Goals,Under 3.5,1.2,,,WON,
2025-10-05T02:00:00+00:00,NWSL Women,Portland Thorns W,Bay FC,Over/Under Goals,Under 3.5,1.32,,,WON,
2025-10-05T02:00:00+00:00,USL Championship,Orange County SC,El Paso Locomotive,Asian Handicap,Home +0.25,1.6,,,WON,
2025-10-05T02:00:00+00:00,USL Championship,Phoenix Rising,New Mexico United,Over/Under Goals,Over 1.5,1.28,,,LOST,
2025-10-05T02:00:00+00:00,USL League One Cup,Sacramento Republic,Hartford Athletic,Over/Under Goals,Under 3.5,1.25,,,WON,
2025-10-05T02:30:00+00:00,Major League Soccer,Seattle Sounders,Portland Timbers,Over/Under Goals,Over 1.5,1.17,,,LOST,
2025-10-05T03:05:00+00:00,Liga MX,Club America,Santos Laguna,1X2 / Match Winner,Home,1.23,,,WON,
2025-10-05T04:00:00+00:00,J3 League,Fukushima United,Matsumoto Yamaga,Over/Under Goals,Under 3.5,1.31,,,WON,
2025-10-05T05:00:00+00:00,First League,Ska-khabarovsk,Shinnik Yaroslavl,Over/Under Goals,Under 3.5,1.17,,,LOST,
2025-10-05T05:00:00+00:00,J3 League,Gainare Tottori,Osaka,Over/Under Goals,Under 3.5,1.22,,,WON,
2025-10-05T05:00:00+00:00,J3 League,Kamatamare Sanuki,Tegevajaro Miyazaki,Team Total Goals,Over 0.5,1.25,,,WON,
2025-10-05T05:00:00+00:00,J3 League,Kochi United,Azul Claro Numazu,Over/Under Goals,Under 3.5,1.32,,,WON,
2025-10-05T05:00:00+00:00,J3 League,Tochigi SC,Kitakyushu,Over/Under Goals,Under 3.5,1.16,,,WON,
2025-10-05T05:00:00+00:00,K League 2,Jeonnam Dragons,Cheonan City,Over/Under Goals,Under 3.5,1.38,,,LOST,
2025-10-05T05:00:00+00:00,K-League Classic,Gimcheon Sangmu FC,Ulsan Hyundai FC,Over/Under Goals,Over 1.5,1.2,,,WON,
2025-10-05T05:00:00+00:00,K-League Classic,Pohang Steelers,Daejeon Citizen,Over/Under Goals,Under 3.5,1.33,,,LOST,
2025-10-05T06:00:00+00:00,J. League Div.1,Kashima,Gamba Osaka,Over/Under Goals,Over 1.5,1.3,,,LOST,
2025-10-05T07:00:00+00:00,League One,Shenyang Urban,Suzhou Dongwu,Over/Under Goals,Under 3.5,1.3,,,WON,
2025-10-05T07:30:00+00:00,K League 2,Busan I Park,Gyeongnam FC,1X2 / Match Winner,Draw,3.85,,,WON,
2025-10-05T07:30:00+00:00,K-League Classic,Gangwon FC,FC Anyang,Over/Under Goals,Under 3.5,1.25,,,WON,
2025-10-05T07:30:00+00:00,K-League Classic,Suwon City FC,FC Seoul,Over/Under Goals,Over 1.5,1.25,,,WON,
2025-10-05T07:30:00+00:00,League One,Shaanxi Union,Shanghai Jiading,Over/Under Goals,Under 3.5,1.32,,,LOST,
2025-10-05T07:30:00+00:00,League Two,Shandong Taishan II,Guangxi Hengchen,Over/Under Goals,Under 3.5,1.27,,,WON,
2025-10-05T08:00:00+00:00,League Two,Guizhou Zhucheng,Changchun Xidu,Over/Under Goals,Under 3.5,1.19,,,WON,
2025-10-05T08:00:00+00:00,Second League - Group 4,Chelyabinsk II,Rubin Kazan 2,Over/Under Goals,Under 3.5,1.26,,,WON,
2025-10-05T08:15:00+00:00,3. liga - CFL A,Slavia III,Jiskra Domažlice,Over/Under Goals,Under 3.5,1.43,,,WON,
2025-10-05T08:15:00+00:00,3. liga - CFL B,Hradec Králové II,Mladá Boleslav II,Over/Under Goals,Under 3.5,1.75,,,LOST,
2025-10-05T08:15:00+00:00,3. liga - CFL B,Pardubice II,Neratovice-Byškovice,Over/Under Goals,Under 3.5,1.6,,,LOST,
2025-10-05T08:15:00+00:00,3. liga - MSFL,Karviná II,Zlín II,Team Total Goals,Under 2.5,1.4,,,LOST,
2025-10-05T08:15:00+00:00,3. liga - MSFL,Sigma Olomouc II,Hlučín,1X2 / Match Winner,Home,1.47,,,WON,
2025-10-05T08:15:00+00:00,3. liga - MSFL,Uničov,Blansko,Over/Under Goals,Over 2.5,1.25,,,WON,
2025-10-05T08:15:00+00:00,4. liga - Divizie E,Brumov,Šternberk,Double Chance,Home/Draw,1.17,,,LOST,
2025-10-05T08:30:00+00:00,2. liga,Slovan Bratislava II,Lokomotíva Zvolen,Over/Under Goals,Under 3.5,1.45,,,WON,
2025-10-05T08:30:00+00:00,3. liga - CFL A,Viktoria Plzeň II,České Budějovice II,1X2 / Match Winner,Home,1.31,,,WON,
2025-10-05T08:30:00+00:00,Erste Liga,Austria Klagenfurt,SKN ST. Polten,Over/Under Goals,Over 1.5,1.25,,,WON,
2025-10-05T08:30:00+00:00,FNL,Sparta Praha II,Chrudim,Over/Under Goals,Under 3.5,1.44,,,LOST,
2025-10-05T09:00:00+00:00,3. liga - CFL B,Teplice II,Benátky nad Jizerou,Double Chance,Home/Draw,1.18,,,WON,
2025-10-05T09:00:00+00:00,Campionato Primavera - 1,Juventus U20,Lecce U20,Over/Under Goals,Over 1.5,1.17,,,WON,
2025-10-05T09:00:00+00:00,League Two,Guangxi Lanhang,Tai'an Tiankuang,1X2 / Match Winner,Away,1.42,,,WON,
2025-10-05T09:00:00+00:00,NB III - Northwest,Újpest II,Budaörs,Over/Under Goals,Under 3.5,1.5,,,LOST,
2025-10-05T09:00:00+00:00,Premier League,FC Orenburg,FC Rostov,Team Total Goals,Over 0.5,1.25,,,WON,
2025-10-05T09:00:00+00:00,Super League,Imigresen,Selangor,1X2 / Match Winner,Away,1.31,,,WON,
2025-10-05T09:30:00+00:00,Esiliiga A,FC Tallinn,Tallinna Kalev II,Asian Handicap,Home +0,1.6,,,WON,
2025-10-05T09:30:00+00:00,Esiliiga B,JK Tabasalu,Paide II,Asian Handicap,Home +0,1.6,,,WON,
2025-10-05T09:30:00+00:00,Liga II,Sepsi OSK Sfantu Gheorghe,Ceahlăul Piatra Neamţ,Over/Under Goals,Under 3.5,1.28,,,WON,
2025-10-05T09:30:00+00:00,Segunda División RFEF - Group 5,Getafe II,Rayo Majadahonda,Over/Under Goals,Under 2.5,1.5,,,WON,
2025-10-05T09:30:00+00:00,Segunda División RFEF - Group 5,Orihuela,Tenerife II,Double Chance,Draw/Away,1.55,,,WON,
2025-10-05T10:00:00+00:00,Campeonato de Portugal Prio - Group A,Vianense,Machico,Double Chance,Draw/Away,1.67,,,WON,
2025-10-05T10:00:00+00:00,Campeonato de Portugal Prio - Group C,Benfica Castelo Branco,Lajense,Double Chance,Draw/Away,1.55,,,WON,
2025-10-05T10:00:00+00:00,Druha Liga,Kolos Kovalivka II,Lokomotiv Kyiv,Over/Under Goals,Under 2.5,1.73,,,WON,
2025-10-05T10:00:00+00:00,Elitettan,Sunnanå,Trelleborg W,Over/Under Goals,Under 3.5,1.4,,,LOST,
2025-10-05T10:00:00+00:00,First League,FK Sokol Saratov,Arsenal Tula,Over/Under Goals,Under 2.5,1.41,,,WON,
2025-10-05T10:00:00+00:00,I Liga,Odra Opole,Wieczysta Kraków,Over/Under Goals,Over 1.5,1.25,,,WON,
2025-10-05T10:00:00+00:00,II Liga - East,Stal Stalowa Wola,Chojniczanka Chojnice,Over/Under Goals,Over 2.5,1.7,,,WON,
2025-10-05T10:00:00+00:00,Liga 3,SC Braga B,Amarante,1X2 / Match Winner,Draw,3.15,,,LOST,
2025-10-05T10:00:00+00:00,Liga Revelação U23,Sporting CP U23,Benfica U23,Asian Handicap,Home +0.25,1.6,,,LOST,
2025-10-05T10:00:00+00:00,Premier League,Kryvbas KR,Kudrivka,Team Total Goals,Under 2.5,1.18,,,LOST,
2025-10-05T10:00:00+00:00,Primera División Femenina,Alhama,Deportivo de La Coruña W,Double Chance,Draw/Away,1.5,,,LOST,
2025-10-05T10:00:00+00:00,Primera División RFEF - Group 1,Mérida AD,Arenas Getxo,Over/Under Goals,Under 3.5,1.22,,,WON,
2025-10-05T10:00:00+00:00,Primera División RFEF - Group 1,Pontevedra,CF Talavera,Over/Under Goals,Under 3.5,1.2,,,WON,
2025-10-05T10:00:00+00:00,Primera División RFEF - Group 2,Antequera,Sabadell,Over/Under Goals,Under 2.5,1.57,,,WON,
2025-10-05T10:00:00+00:00,Segunda División RFEF - Group 2,Amorebieta,Basconia,Over/Under Goals,Under 3.5,1.22,,,WON,
2025-10-05T10:00:00+00:00,Segunda División RFEF - Group 2,Ejea,Real Zaragoza II,Double Chance,Draw/Away,1.68,,,WON,
2025-10-05T10:00:00+00:00,Segunda División RFEF - Group 3,Barcelona B,Olot,Over/Under Goals,Under 3.5,1.24,,,WON,
2025-10-05T10:00:00+00:00,Segunda División RFEF - Group 3,Poblense,Sant Andreu,Asian Handicap,Home +0.25,1.64,,,WON,
2025-10-05T10:00:00+00:00,Segunda División RFEF - Group 3,Valencia II,Castellón II,Team Total Goals,Over 0.5,1.45,,,WON,
2025-10-05T10:00:00+00:00,Segunda División RFEF - Group 4,Almería II,Águilas,Over/Under Goals,Under 3.5,1.15,,,WON,
2025-10-05T10:00:00+00:00,Segunda División RFEF - Group 4,Extremadura 1924,Ucam Murcia,Over/Under Goals,Under 3.5,1.16,,,LOST,
2025-10-05T10:00:00+00:00,Segunda División RFEF - Group 4,Melilla,Xerez,Over/Under Goals,Under 3.5,1.15,,,WON,
2025-10-05T10:00:00+00:00,Segunda División RFEF - Group 4,Recreativo Huelva,Lorca Deportiva,Over/Under Goals,Under 3.5,1.19,,,WON,
2025-10-05T10:00:00+00:00,Segunda División RFEF - Group 5,Intercity,Socuéllamos,Over/Under Goals,Under 3.5,1.22,,,WON,
2025-10-05T10:00:00+00:00,Segunda Liga,FC Porto B,Torreense,Team Total Goals,Under 2.5,1.15,,,LOST,
2025-10-05T10:00:00+00:00,Segunda Liga,Oliveirense,Pacos Ferreira,Over/Under Goals,Under 3.5,1.28,,,LOST,
2025-10-05T10:15:00+00:00,Ekstraklasa,Jagiellonia,Korona Kielce,Team Total Goals,Under 2.5,1.25,,,LOST,
2025-10-05T10:15:00+00:00,Eredivisie,Twente,Heracles,Result + Total Goals,Home/Over 1.5,1.4,,,WON,
2025-10-05T10:30:00+00:00,Serie A,Udinese,Cagliari,Over/Under Goals,Under 3.5,1.22,,,WON,
2025-10-05T10:30:00+00:00,Serie C - Girone A,Novara,Triestina,1X2 / Match Winner,Draw,3.2,,,WON,
2025-10-05T10:30:00+00:00,TFF 1. Lig,Sarıyer,Sakaryaspor,Over/Under Goals,Under 3.5,1.3,,,WON,
2025-10-05T10:55:00+00:00,FA WSL,Leicester City WFC,Everton W,Over/Under Goals,Over 1.5,1.36,,,WON,
2025-10-05T10:55:00+00:00,FA WSL,London City Lionesses,Liverpool W,Asian Handicap,Home +0.25,1.48,,,WON,
2025-10-05T10:55:00+00:00,FA WSL,Tottenham Hotspur W,Brighton W,Over/Under Goals,Under 3.5,1.44,,,WON,
2025-10-05T10:55:00+00:00,FA WSL,West Ham W,Aston Villa W,Over/Under Goals,Over 1.5,1.2,,,WON,
2025-10-05T11:00:00+00:00,1 Lyga,Kauno Žalgiris II,Be1 NFA,Over/Under Goals,Under 3.5,1.63,,,LOST,
2025-10-05T11:00:00+00:00,2. Division - Group 2,Asker,Kjelsås,Over/Under Goals,Under 3.5,1.59,,,LOST,
2025-10-05T11:00:00+00:00,2. Division - Group 2,Strindheim,Tromsdalen Uil,Over/Under Goals,Over 2.5,1.28,,,WON,
2025-10-05T11:00:00+00:00,C-League,Angkor Tiger,Boeung Ket,Over/Under Goals,Under 3.5,1.57,,,WON,
2025-10-05T11:00:00+00:00,C-League,NagaWorld,Visakha,Double Chance,Home/Draw,1.7,,,WON,
2025-10-05T11:00:00+00:00,Championship,Ipswich,Norwich,Over/Under Goals,Over 1.5,1.25,,,WON,
2025-10-05T11:00:00+00:00,Czech Liga,Zlin,Baník Ostrava,Over/Under Goals,Under 3.5,1.33,,,WON,
2025-10-05T11:00:00+00:00,Division 2 - Play-offs,IFK Östersund,Piteå,Asian Handicap,Away -0.25,1.45,,,WON,
2025-10-05T11:00:00+00:00,Division 2 - Södra Svealand,Huddinge,Nyköping,Double Chance,Draw/Away,1.57,,,WON,
2025-10-05T11:00:00+00:00,League Two,Rizhao Yuqi,Yichun Grand Tiger,Asian Handicap,Home +0.25,1.55,,,WON,
2025-10-05T11:00:00+00:00,NB II,BVSC,Soroksar,Over/Under Goals,Under 3.5,1.57,,,WON,
2025-10-05T11:00:00+00:00,NB II,Budafoki LC,Kozarmisleny FC,Over/Under Goals,Under 3.5,1.41,,,LOST,
2025-10-05T11:00:00+00:00,NB II,Szentlőrinc SE,Kecskeméti TE,Over/Under Goals,Under 3.5,1.27,,,LOST,
2025-10-05T11:00:00+00:00,Premier League,Kairat Almaty,Zhetysu,Team Total Goals,Under 2.5,1.65,,,LOST,
2025-10-05T11:00:00+00:00,Premyer Liqa,Karvan,Sabah FA,Over/Under Goals,Under 2.5,1.9,,,WON,
2025-10-05T11:00:00+00:00,Second League - Group 2,Tver,Cherepovets,Over/Under Goals,Under 3.5,1.31,,,WON,
2025-10-05T11:00:00+00:00,Second League - Group 4,Amkar,Ural II,Over/Under Goals,Under 3.5,1.57,,,WON,
2025-10-05T11:00:00+00:00,Second League - Group 4,Volna Nizhegorodskaya,Krylya Sovetov II,Double Chance,Home/Draw,1.18,,,WON,
2025-10-05T11:00:00+00:00,Second League A - Fall Season Gold,Alaniya Vladikavkaz,Dinamo Moskva II,Over/Under Goals,Under 3.5,1.31,,,WON,
2025-10-05T11:00:00+00:00,Second League A - Fall Season Gold,Tekstilshchik,Mashuk-KMV,Over/Under Goals,Under 3.5,1.22,,,WON,
2025-10-05T11:00:00+00:00,Super League,Prison Leopards,Mufulira Wanderers,Over/Under Goals,Under 2.5,1.4,,,WON,
2025-10-05T11:00:00+00:00,Superettan,Oddevold,Utsikten,Team Total Goals,Over 0.5,1.17,,,WON,
2025-10-05T11:00:00+00:00,Thai League 1,Bangkok United,Nakhon Ratchasima FC,Over/Under Goals,Under 3.5,1.65,,,LOST,
2025-10-05T11:00:00+00:00,Thai League 2,Chainat,Phrae United,Double Chance,Home/Draw,1.6,,,WON,
2025-10-05T11:00:00+00:00,Thai League 2,Police Tero,Nakhon Pathom,Over/Under Goals,Under 3.5,1.2,,,LOST,
2025-10-05T11:00:00+00:00,Virsliga,BFC Daugavpils,Auda,Over/Under Goals,Under 3.5,1.33,,,WON,
2025-10-05T11:15:00+00:00,Premier League,FC Sochi,Nizhny Novgorod,Team Total Goals,Under 2.5,1.18,,,WON,
2025-10-05T11:30:00+00:00,3. Liga,Erzgebirge Aue,Rot-Weiß Essen,Double Chance,Home/Draw,1.6,,,WON,
2025-10-05T11:30:00+00:00,Bundesliga 2,1. FC Magdeburg,SV Elversberg,Over/Under Goals,Under 3.5,1.57,,,LOST,
2025-10-05T11:30:00+00:00,Bundesliga 2,Arminia Bielefeld,FC Schalke 04,Over/Under Goals,Under 3.5,1.45,,,WON,
2025-10-05T11:30:00+00:00,Bundesliga 2,SpVgg Greuther Fürth,Hannover 96,Over/Under Goals,Under 3.5,1.5,,,LOST,
2025-10-05T11:30:00+00:00,First NL,Bsk Bijelo Brdo,Hrvace,Over/Under Goals,Under 3.5,1.2,,,WON,
2025-10-05T11:30:00+00:00,Jupiler Pro League,Anderlecht,Standard Liege,Over/Under Goals,Under 3.5,1.36,,,WON,
2025-10-05T11:30:00+00:00,League One,Guangxi Baoyun,Chongqing Tongliang Long,Over/Under Goals,Under 3.5,1.28,,,WON,
2025-10-05T11:30:00+00:00,League One,Nanjing City,Hebei Kungfu,Over/Under Goals,Under 3.5,1.24,,,LOST,
2025-10-05T11:30:00+00:00,League Two,Jiangxi Liansheng,Shangyu Pterosaur,Over/Under Goals,Under 2.5,1.62,,,LOST,
2025-10-05T11:30:00+00:00,League Two,Shenzhen 2028,Wuxi Wugou,Over/Under Goals,Under 3.5,1.22,,,WON,
2025-10-05T11:30:00+00:00,Super Lig,Kasimpasa,Konyaspor,Over/Under Goals,Under 3.5,1.33,,,WON,
2025-10-05T11:30:00+00:00,Thai League 1,Prachuap,Ratchaburi,Over/Under Goals,Under 3.5,1.32,,,WON,
2025-10-05T11:30:00+00:00,Thai League 2,Chanthaburi,Khon Kaen United,Over/Under Goals,Over 1.5,1.17,,,WON,
2025-10-05T11:30:00+00:00,Thai League 2,Nakhon Si Thammarat,Nong Bua Pitchaya,Over/Under Goals,Over 1.5,1.18,,,WON,
2025-10-05T11:45:00+00:00,FNL,Baník Ostrava II,Slavia Praha II,Over/Under Goals,Under 3.5,1.53,,,WON,
2025-10-05T12:00:00+00:00,1. Liga,JDFS Alberts,JFK Ventspils,1X2 / Match Winner,Home,1.51,,,WON,
2025-10-05T12:00:00+00:00,2. Division - Group 2,Grorud,Eidsvold,Asian Handicap,Home +0,1.53,,,WON,
2025-10-05T12:00:00+00:00,2. Division,Brabrand,Naestved,Over/Under Goals,Under 3.5,1.4,,,WON,
2025-10-05T12:00:00+00:00,2. Lig,Ankaraspor,İnegölspor,Double Chance,Home/Draw,1.22,,,WON,
2025-10-05T12:00:00+00:00,2. Lig,Kastamonuspor 1966,Erzin Spor,Over/Under Goals,Under 3.5,1.26,,,WON,
2025-10-05T12:00:00+00:00,Allsvenskan,AIK Stockholm,IFK Varnamo,Over/Under Goals,Over 1.5,1.22,,,WON,
2025-10-05T12:00:00+00:00,Allsvenskan,IFK Goteborg,Hammarby FF,Over/Under Goals,Under 3.5,1.44,,,WON,
2025-10-05T12:00:00+00:00,Challenge League,FC Vaduz,Rapperswil,Over/Under Goals,Over 1.5,1.2,,,WON,
2025-10-05T12:00:00+00:00,Damallsvenskan,Linköping,Brommapojkarna W,BTTS,Yes,1.65,,,WON,
2025-10-05T12:00:00+00:00,Division 2 - Norra Götaland,Kumla,Grebbestad,Over/Under Goals,Over 1.5,1.2,,,WON,
2025-10-05T12:00:00+00:00,Division 2 - Play-offs,Boden City,Kiruna FF,Over/Under Goals,Over 2.5,1.57,,,LOST,
2025-10-05T12:00:00+00:00,Division 2 - Play-offs,IFK Luleå,Skellefteå,Over/Under Goals,Under 3.5,1.6,,,LOST,
2025-10-05T12:00:00+00:00,Division 2 - Östra Götaland,Sölvesborg,Kristianstad,Over/Under Goals,Over 1.5,1.18,,,WON,
2025-10-05T12:00:00+00:00,Division 2 - Östra Götaland,Torns,Karlshamn,Over/Under Goals,Under 3.5,1.67,,,WON,
2025-10-05T12:00:00+00:00,Division 2 - Östra Götaland,Österlen,Räppe,Over/Under Goals,Under 3.5,1.48,,,LOST,
2025-10-05T12:00:00+00:00,First League,Dobrudzha,Arda Kardzhali,Over/Under Goals,Under 3.5,1.25,,,WON,
2025-10-05T12:00:00+00:00,La Liga,Alaves,Elche,Over/Under Goals,Under 3.5,1.16,,,LOST,
2025-10-05T12:00:00+00:00,Liga I,CFR 1907 Cluj,AFC Hermannstadt,Double Chance,Home/Draw,1.15,,,WON,
2025-10-05T12:00:00+00:00,Premier League,FC Isloch Minsk R.,FC Slutsk,Over/Under Goals,Under 3.5,1.31,,,WON,
2025-10-05T12:00:00+00:00,Regionalliga - Nord,Phönix Lübeck,VfB Lübeck,Over/Under Goals,Under 3.5,1.73,,,WON,
2025-10-05T12:00:00+00:00,Regionalliga - Nordost,FC Rot-Weiß Erfurt,Lokomotive Leipzig,Team Total Goals,Under 2.5,1.22,,,WON,
2025-10-05T12:00:00+00:00,Regionalliga - Nordost,Hertha Zehlendorf,SV Babelsberg 03,Team Total Goals,Under 2.5,1.22,,,LOST,
2025-10-05T12:00:00+00:00,Regionalliga - Nordost,Luckenwalde,FC Carl Zeiss Jena,Over/Under Goals,Under 3.5,1.36,,,WON,
2025-10-05T12:00:00+00:00,Regionalliga - SudWest,FSV Frankfurt,Stuttgarter Kickers,Over/Under Goals,Under 3.5,1.5,,,WON,
2025-10-05T12:00:00+00:00,Regionalliga - SudWest,SV Sandhausen,TSV Steinbach,Over/Under Goals,Over 2.5,1.4,,,WON,
2025-10-05T12:00:00+00:00,Second League - Group 2,Luki-Energiya,Dinamo Vologda,Over/Under Goals,Under 3.5,1.66,,,WON,
2025-10-05T12:00:00+00:00,Second League - Group 2,Torpedo Vladimir,Spartak Moscow 2,BTTS,No,1.86,,,WON,
2025-10-05T12:00:00+00:00,Second League A - Fall Season Gold,Leningradets,Novosibirsk,Over/Under Goals,Under 3.5,1.28,,,WON,
2025-10-05T12:00:00+00:00,Segunda Division,Zaragoza,Cordoba,Over/Under Goals,Under 3.5,1.28,,,WON,
2025-10-05T12:00:00+00:00,Super League,Lausanne,BSC Young Boys,Over/Under Goals,Over 1.5,1.18,,,WON,
2025-10-05T12:00:00+00:00,Superligaen,Randers FC,Viborg,Over/Under Goals,Under 3.5,1.5,,,WON,
2025-10-05T12:00:00+00:00,Superligaen,Vejle,FC Nordsjaelland,Over/Under Goals,Over 1.5,1.22,,,WON,
2025-10-05T12:00:00+00:00,Thai League 1,Buriram United,Bangkok Glass,Over/Under Goals,Under 3.5,1.47,,,LOST,
2025-10-05T12:00:00+00:00,Thai League 2,Songkhla,Rasi Salai United,Over/Under Goals,Under 3.5,1.23,,,WON,
2025-10-05T12:15:00+00:00,Meistaradeildin,Suduroy,EB / Streymur,Over/Under Goals,Over 1.5,1.22,,,WON,
2025-10-05T12:30:00+00:00,2. Lig,Altınordu,Halide Edip Adıvar,Over/Under Goals,Under 3.5,1.19,,,WON,
2025-10-05T12:30:00+00:00,2. Lig,Tuzlaspor,Kepez Belediyespor,Over/Under Goals,Under 3.5,1.25,,,WON,
2025-10-05T12:30:00+00:00,Eliteserien,Viking,Brann,Over/Under Goals,Over 2.5,1.48,,,WON,
2025-10-05T12:30:00+00:00,Eredivisie,Feyenoord,Utrecht,Over/Under Goals,Under 3.5,1.5,,,LOST,
2025-10-05T12:30:00+00:00,First Amateur Division,Union Namur,Habay-la-Neuve,Double Chance,Home/Draw,1.62,,,WON,
2025-10-05T12:30:00+00:00,I Liga,ŁKS Łódź,Tychy 71,Over/Under Goals,Under 3.5,1.42,,,LOST,
2025-10-05T12:30:00+00:00,II Liga - East,Hutnik Kraków,Świt Skolwin,Over/Under Goals,Under 3.5,1.41,,,LOST,
2025-10-05T12:30:00+00:00,Premier League,Dynamo Kyiv,Metalist 1925 Kharkiv,Over/Under Goals,Over 1.5,1.15,,,WON,
2025-10-05T12:30:00+00:00,Serie C - Girone A,PRO Vercelli,Dolomiti Bellunesi,Team Total Goals,Under 2.5,1.17,,,LOST,
2025-10-05T12:30:00+00:00,Serie C - Girone A,Pro Patria,Trento,Over/Under Goals,Under 3.5,1.2,,,LOST,
2025-10-05T12:30:00+00:00,Serie C - Girone C,Casertana,Casarano,Double Chance,Draw/Away,1.5,,,WON,
2025-10-05T12:30:00+00:00,Serie C - Girone C,Catania,Siracusa,Over/Under Goals,Under 2.5,2.35,,,WON,
2025-10-05T12:30:00+00:00,Serie C - Girone C,Salernitana,Cavese,Asian Handicap,Away -1.25,1.63,,,WON,
2025-10-05T12:30:00+00:00,Serie C - Girone C,Trapani 1905,Giugliano,Over/Under Goals,Under 3.5,1.38,,,WON,
2025-10-05T12:30:00+00:00,Super League,Dedza Dynamos,Be Forward Wanderers,1X2 / Match Winner,Away,1.62,,,WON,
2025-10-05T12:30:00+00:00,Super League,Nyasa Big Bullets,Silver Strikers,Over/Under Goals,Under 2.5,1.62,,,LOST,
2025-10-05T12:30:00+00:00,Tipp3 Bundesliga,Lask Linz,TSV Hartberg,Double Chance,Home/Draw,1.25,,,WON,
2025-10-05T12:30:00+00:00,Tipp3 Bundesliga,SCR Altach,Sturm Graz,Over/Under Goals,Under 3.5,1.25,,,WON,
2025-10-05T12:45:00+00:00,Ekstraklasa,Raków Częstochowa,Motor Lublin,Over/Under Goals,Under 3.5,1.5,,,WON,
2025-10-05T13:00:00+00:00,1. Liga Promotion,Biel-Bienne,Young Boys II,1X2 / Match Winner,Home,1.7,,,WON,
2025-10-05T13:00:00+00:00,2. Division - Group 2,Strommen,Levanger,1X2 / Match Winner,Home,1.33,,,WON,
2025-10-05T13:00:00+00:00,2. Lig,Karacabey Belediyespor,Elazığspor,Double Chance,Home/Draw,1.5,,,LOST,
2025-10-05T13:00:00+00:00,2. Lig,Karaman Belediyespor,Adana 1954 FK,Asian Handicap,Home +0.5,1.82,,,LOST,
2025-10-05T13:00:00+00:00,2. Lig,Kırklarelispor,Bursaspor,Over/Under Goals,Under 3.5,1.5,,,WON,
2025-10-05T13:00:00+00:00,A Lyga,Džiugas Telšiai,FK Zalgiris Vilnius,Double Chance,Draw/Away,1.24,,,WON,
2025-10-05T13:00:00+00:00,Campionato Primavera - 1,Frosinone U20,Cesena U20,Double Chance,Draw/Away,1.6,,,WON,
2025-10-05T13:00:00+00:00,Damallsvenskan,Norrköping W,Växjö,1X2 / Match Winner,Home,1.52,,,WON,
2025-10-05T13:00:00+00:00,Damallsvenskan,Piteå W,Djurgården,Over/Under Goals,Over 1.5,1.28,,,LOST,
2025-10-05T13:00:00+00:00,Division Intermedia,Independiente F.b.c.,12 de Junio VH,Over/Under Goals,Under 3.5,1.17,,,WON,
2025-10-05T13:00:00+00:00,First Amateur Division,Cercle Brugge II,Dessel Sport,Over/Under Goals,Over 2.5,1.57,,,WON,
2025-10-05T13:00:00+00:00,First Amateur Division,Crossing Schaerbeek,Sporting Charleroi II,Over/Under Goals,Over 2.5,1.7,,,LOST,
2025-10-05T13:00:00+00:00,First Amateur Division,Oud-Heverlee Leuven II,Diegem Sport,Double Chance,Home/Draw,1.28,,,LOST,
2025-10-05T13:00:00+00:00,First League,Sileks,Tikveš,Over/Under Goals,Under 2.5,2.0,,,WON,
2025-10-05T13:00:00+00:00,First League,Torpedo Moskva,Chernomorets,Over/Under Goals,Under 3.5,1.16,,,LOST,
2025-10-05T13:00:00+00:00,First League,Vardar Skopje,Struga,Double Chance,Draw/Away,1.44,,,WON,
2025-10-05T13:00:00+00:00,II Liga - East,Resovia Rzeszów,Rekord Bielsko-Biała,Over/Under Goals,Over 1.5,1.17,,,LOST,
2025-10-05T13:00:00+00:00,Ligue 1,Lyon,Toulouse,Over/Under Goals,Under 3.5,1.4,,,WON,
2025-10-05T13:00:00+00:00,Ligue A,Flambeau du Centre,Aigle Noir,Double Chance,Draw/Away,1.44,,,WON,
2025-10-05T13:00:00+00:00,Ligue A,Le Messager Ngozi,Rukinzo,Over/Under Goals,Under 2.5,1.5,,,WON,
2025-10-05T13:00:00+00:00,NB II,Fehérvár FC,Mezokovesd-zsory,Over/Under Goals,Over 1.5,1.2,,,WON,
2025-10-05T13:00:00+00:00,Premier League,Aston Villa,Burnley,Over/Under Goals,Under 3.5,1.35,,,WON,
2025-10-05T13:00:00+00:00,Premier League,Everton,Crystal Palace,Over/Under Goals,Under 3.5,1.22,,,WON,
2025-10-05T13:00:00+00:00,Premier League,Newcastle,Nottingham Forest,1X2 / Match Winner,Draw,4.15,,,LOST,
2025-10-05T13:00:00+00:00,Premier League,Wolves,Brighton,Over/Under Goals,Over 1.5,1.28,,,WON,
2025-10-05T13:00:00+00:00,Regionalliga - Nord,HSC Hannover,SSV Jeddeloh,1X2 / Match Winner,Away,1.62,,,WON,
2025-10-05T13:00:00+00:00,Regionalliga - Nord,SV Drochtersen/Assel,Hannover 96 II,BTTS,Yes,1.42,,,LOST,
2025-10-05T13:00:00+00:00,Second League,Dunav Ruse,Etar Veliko Tarnovo,Over/Under Goals,Under 2.5,1.67,,,WON,
2025-10-05T13:00:00+00:00,Segunda Liga,Felgueiras 1932,Feirense,Over/Under Goals,Under 3.5,1.25,,,WON,
2025-10-05T13:00:00+00:00,Serie A,Bologna,Pisa,Over/Under Goals,Under 3.5,1.22,,,LOST,
2025-10-05T13:00:00+00:00,Serie A,Fiorentina,AS Roma,Team Total Goals,Over 0.5,1.3,,,WON,
2025-10-05T13:00:00+00:00,Serie B,Carrarese,Juve Stabia,1X2 / Match Winner,Draw,3.25,,,LOST,
2025-10-05T13:00:00+00:00,Serie B,Sudtirol,Empoli,Over/Under Goals,Over 1.5,1.45,,,WON,
2025-10-05T13:00:00+00:00,Super League,Pdrm,Johor Darul Takzim FC,Over/Under Goals,Under 3.5,2.15,,,LOST,
2025-10-05T13:00:00+00:00,Superettan,Orebro SK,Falkenbergs FF,Over/Under Goals,Under 3.5,1.48,,,LOST,
2025-10-05T13:00:00+00:00,Superettan,trelleborgs FF,GIF Sundsvall,Over/Under Goals,Under 3.5,1.35,,,WON,
2025-10-05T13:00:00+00:00,Superliga,Ferizaj,Drenica Skënderaj,Over/Under Goals,Under 3.5,1.21,,,WON,
2025-10-05T13:00:00+00:00,TFF 1. Lig,76 Iğdır Belediyespor,İstanbulspor,Team Total Goals,Over 0.5,1.16,,,WON,
2025-10-05T13:00:00+00:00,TFF 1. Lig,Sivasspor,Serik Belediyespor,1X2 / Match Winner,Draw,4.32,,,WON,
2025-10-05T13:00:00+00:00,Virsliga,Rīgas FS,Metta / LU,Over/Under Goals,Under 3.5,2.1,,,LOST,
2025-10-05T13:00:00+00:00,Women's Championship,Birmingham City W,Southampton W,1X2 / Match Winner,Home,1.45,,,LOST,
2025-10-05T13:00:00+00:00,Women's Championship,Bristol City W,Durham W,Team Total Goals,Over 0.5,1.54,,,WON,
2025-10-05T13:15:00+00:00,Liga 3,Paredes,AD Marco 09,Over/Under Goals,Under 3.5,1.15,,,WON,
2025-10-05T13:30:00+00:00,Bundesliga 1,VfB Stuttgart,1. FC Heidenheim,Over/Under Goals,Over 1.5,1.15,,,LOST,
2025-10-05T13:30:00+00:00,Czech Liga,Plzen,Hradec Králové,Over/Under Goals,Over 1.5,1.2,,,WON,
2025-10-05T13:30:00+00:00,Czech Liga,Sigma Olomouc,FK Jablonec,Over/Under Goals,Under 3.5,1.33,,,WON,
2025-10-05T13:30:00+00:00,Meistriliiga,Kalju Nomme,Vaprus,Over/Under Goals,Under 3.5,1.53,,,WON,
2025-10-05T13:30:00+00:00,Premier League,CSKA Moscow,Spartak Moscow,Over/Under Goals,Over 1.5,1.3,,,WON,
2025-10-05T13:30:00+00:00,Premyer Liqa,Qabala,Keshla FC,Over/Under Goals,Under 3.5,1.25,,,WON,
2025-10-05T13:30:00+00:00,Primera División - Clausura,Progreso,Cerro,Over/Under Goals,Under 2.5,1.6,,,WON,
2025-10-05T13:30:00+00:00,Super Liga,Cukaricki,Javor,Team Total Goals,Over 0.5,1.65,,,LOST,
2025-10-05T13:45:00+00:00,Prva HNL,HNK Gorica,HNK Rijeka,Double Chance,Home/Draw,1.62,,,LOST,
2025-10-05T14:00:00+00:00,1. Division,Ethnikos Achna,Krasava Ypsonas,Double Chance,Draw/Away,1.62,,,LOST,
2025-10-05T14:00:00+00:00,2. Division - Group 1,jerv,Sotra,Over/Under Goals,Under 3.5,1.36,,,WON,
2025-10-05T14:00:00+00:00,2. Division - Group 2,Follo,Rana,Team Total Goals,Under 2.5,1.53,,,WON,
2025-10-05T14:00:00+00:00,3. Division - Girone 1,KFUM II,Harstad,BTTS,Yes,1.33,,,WON,
2025-10-05T14:00:00+00:00,3. liga - CFL B,Sokol Zápy,Sokol Brozany,1X2 / Match Winner,Home,1.33,,,WON,
2025-10-05T14:00:00+00:00,3. liga - CFL B,Varnsdorf,Velké Hamry,Asian Handicap,Away -0.25,1.43,,,WON,
2025-10-05T14:00:00+00:00,4. liga - Divizie A,Hluboka nad Vltavou,Křimice,Double Chance,Home/Draw,1.3,,,LOST,
2025-10-05T14:00:00+00:00,Campeonato de Portugal Prio - Group A,AR São Martinho,Brito,Over/Under Goals,Under 2.5,1.7,,,WON,
2025-10-05T14:00:00+00:00,Campeonato de Portugal Prio - Group A,Mirandela,Bragança,Double Chance,Draw/Away,1.28,,,LOST,
2025-10-05T14:00:00+00:00,Campeonato de Portugal Prio - Group B,Florgrade,União Lamas,Double Chance,Draw/Away,1.5,,,LOST,
2025-10-05T14:00:00+00:00,Campeonato de Portugal Prio - Group B,Vila Real,Anadia,Double Chance,Home/Draw,1.28,,,WON,
2025-10-05T14:00:00+00:00,Campeonato de Portugal Prio - Group C,Marinhense,Os Marialvas,Double Chance,Home/Draw,1.4,,,WON,
2025-10-05T14:00:00+00:00,Campeonato de Portugal Prio - Group C,Peniche,Mortágua,Over/Under Goals,Under 2.5,1.53,,,LOST,
2025-10-05T14:00:00+00:00,Campeonato de Portugal Prio - Group C,Samora Correir,Fátima,Over/Under Goals,Under 2.5,1.65,,,WON,
2025-10-05T14:00:00+00:00,Campeonato de Portugal Prio - Group D,Moncarapachense,Lagoa,Over/Under Goals,Under 2.5,1.67,,,WON,
2025-10-05T14:00:00+00:00,Challenger Pro League,Kortrijk,Waasland-beveren,Double Chance,Draw/Away,1.5,,,WON,
2025-10-05T14:00:00+00:00,Challenger Pro League,Liège,KRC Genk II,Over/Under Goals,Under 3.5,1.57,,,LOST,
2025-10-05T14:00:00+00:00,Elitettan,Eskilstuna United,Uppsala W,Double Chance,Draw/Away,1.5,,,LOST,
2025-10-05T14:00:00+00:00,Ettan - Norra,IF Karlstad,Haninge,1X2 / Match Winner,Home,1.5,,,WON,
2025-10-05T14:00:00+00:00,Ettan - Norra,Team Thoren,Gefle IF,1X2 / Match Winner,Away,1.45,,,WON,
2025-10-05T14:00:00+00:00,Ettan - Södra,Eskilsminne,Oskarshamns AIK,Asian Handicap,Away -1.25,1.48,,,LOST,
2025-10-05T14:00:00+00:00,Ettan - Södra,Norrby IF,Rosengård,Over/Under Goals,Over 1.5,1.22,,,WON,
2025-10-05T14:00:00+00:00,First NL,HNK Cibalia,Dubrava Zagreb,1X2 / Match Winner,Draw,3.35,,,WON,
2025-10-05T14:00:00+00:00,Frauen Bundesliga,Nürnberg,RB Leipzig W,Asian Handicap,Home +1.25,1.54,,,WON,
2025-10-05T14:00:00+00:00,Jupiler Pro League,Genk,Dender,Over/Under Goals,Under 3.5,1.53,,,WON,
2025-10-05T14:00:00+00:00,Ligue 1,ES Tunis,ES Sahel,Over/Under Goals,Under 3.5,1.16,,,WON,
2025-10-05T14:00:00+00:00,Ligue 1,JS Kairouanaise,CS Sfaxien,Over/Under Goals,Under 2.5,1.42,,,LOST,
2025-10-05T14:00:00+00:00,Ligue 1,US Monastirienne,Jeunesse Sportive Omrane,1X2 / Match Winner,Home,1.49,,,WON,
2025-10-05T14:00:00+00:00,NB III - Northwest,Bicskei,Tatabánya,Over/Under Goals,Over 1.5,1.2,,,WON,
2025-10-05T14:00:00+00:00,Premier League,Enppi,Masr,Over/Under Goals,Under 2.5,1.38,,,WON,
2025-10-05T14:00:00+00:00,Premiership,Aberdeen,Dundee,Team Total Goals,Under 2.5,1.25,,,LOST,
2025-10-05T14:00:00+00:00,Premiership,Celtic,Motherwell,Over/Under Goals,Under 3.5,1.83,,,LOST,
2025-10-05T14:00:00+00:00,Premiership,Falkirk,Rangers,Over/Under Goals,Under 3.5,1.48,,,WON,
2025-10-05T14:00:00+00:00,Primera División Femenina,Edf Logrono W,Granada,Team Total Goals,Under 2.5,1.18,,,WON,
2025-10-05T14:00:00+00:00,Primera División RFEF - Group 1,Arenteiro,Barakaldo,Over/Under Goals,Under 3.5,1.2,,,WON,
2025-10-05T14:00:00+00:00,Primera División RFEF - Group 2,Teruel,Hércules,Over/Under Goals,Under 3.5,1.2,,,WON,
2025-10-05T14:00:00+00:00,Second League A - Fall Season Gold,Volgar Astrakhan,Veles,Over/Under Goals,Under 3.5,1.19,,,WON,
2025-10-05T14:00:00+00:00,Super Lig,Fatih Karagümrük,Gazişehir Gaziantep,Double Chance,Draw/Away,1.48,,,WON,
2025-10-05T14:00:00+00:00,Superligaen,Aarhus,Silkeborg,Over/Under Goals,Over 1.5,1.2,,,WON,
2025-10-05T14:00:00+00:00,Veikkausliiga,Inter Turku,KuPS,Over/Under Goals,Under 3.5,1.45,,,WON,
2025-10-05T14:00:00+00:00,Ykkönen,OLS,JJK,1X2 / Match Winner,Home,1.29,,,WON,
2025-10-05T14:00:00+00:00,Úrvalsdeild,KA Akureyri,Vestri,Over/Under Goals,Over 1.5,1.15,,,WON,
2025-10-05T14:15:00+00:00,La Liga,Sevilla,Barcelona,1X2 / Match Winner,Away,1.54,,,LOST,
2025-10-05T14:15:00+00:00,Segunda Division,Castellón,Sporting Gijon,Over/Under Goals,Over 2.5,1.7,,,WON,
2025-10-05T14:30:00+00:00,3. Liga,SV Wehen,TSV 1860 München,Double Chance,Home/Draw,1.4,,,WON,
2025-10-05T14:30:00+00:00,Allsvenskan,IF Brommapojkarna,BK Hacken,Over/Under Goals,Under 3.5,1.67,,,LOST,
2025-10-05T14:30:00+00:00,Allsvenskan,Sirius,Malmo FF,BTTS,Yes,1.53,,,WON,
2025-10-05T14:30:00+00:00,First League,Botev Vratsa,Botev Plovdiv,Over/Under Goals,Under 3.5,1.2,,,WON,
2025-10-05T14:30:00+00:00,Liga 3,Mafra,1º Dezembro,Double Chance,Draw/Away,1.67,,,LOST,
2025-10-05T14:30:00+00:00,Premier League,Sliema Wanderers,Hamrun Spartans,Over/Under Goals,Under 3.5,1.27,,,WON,
2025-10-05T14:30:00+00:00,Primeira Liga,Arouca,Famalicao,Over/Under Goals,Under 3.5,1.25,,,WON,
2025-10-05T14:30:00+00:00,Segunda Liga,Leixoes,Sporting CP B,Over/Under Goals,Under 3.5,1.25,,,LOST,
2025-10-05T14:30:00+00:00,Super League,FC Winterthur,FC Lugano,Over/Under Goals,Over 1.5,1.22,,,WON,
2025-10-05T14:30:00+00:00,Super League,Servette FC,FC Basel 1893,Over/Under Goals,Over 1.5,1.15,,,WON,
2025-10-05T14:45:00+00:00,Eredivisie,AZ Alkmaar,Telstar,Over/Under Goals,Over 2.5,1.38,,,WON,
2025-10-05T14:45:00+00:00,Persian Gulf Pro League,Chadormalu SC,Esteghlal FC,Over/Under Goals,Under 2.5,1.44,,,WON,
2025-10-05T15:00:00+00:00,1. Division,Lyn,Moss,Over/Under Goals,Under 3.5,1.55,,,LOST,
2025-10-05T15:00:00+00:00,1. Division,Stabaek,ODD Ballklubb,Over/Under Goals,Under 3.5,1.61,,,LOST,
2025-10-05T15:00:00+00:00,2. SNL,Rudar,Krka,Asian Handicap,Home +0,1.45,,,WON,
2025-10-05T15:00:00+00:00,Botola Pro,Hassania Agadir,Difaa EL Jadida,Over/Under Goals,Under 3.5,1.17,,,WON,
2025-10-05T15:00:00+00:00,Botola Pro,Yacoub El Mansour,Olympique Dcheïra,Double Chance,Draw/Away,1.62,,,WON,
2025-10-05T15:00:00+00:00,Campeonato de Portugal Prio - Group B,Rebordosa,Beira-Mar,Double Chance,Home/Draw,1.22,,,WON,
2025-10-05T15:00:00+00:00,Eliteserien,Bodo/Glimt,Haugesund,Over/Under Goals,Over 2.5,1.17,,,LOST,
2025-10-05T15:00:00+00:00,Eliteserien,Fredrikstad,Ham-Kam,Over/Under Goals,Under 3.5,1.38,,,WON,
2025-10-05T15:00:00+00:00,Eliteserien,Stromsgodset,KFUM Oslo,Over/Under Goals,Over 1.5,1.25,,,WON,
2025-10-05T15:00:00+00:00,First Division,Treaty United,Longford Town,Over/Under Goals,Under 3.5,1.48,,,WON,
2025-10-05T15:00:00+00:00,First Division,Wexford,UCD,Double Chance,Home/Draw,1.67,,,LOST,
2025-10-05T15:00:00+00:00,First League,FK Neftekhimik,Rotor Volgograd,BTTS,No,1.58,,,WON,
2025-10-05T15:00:00+00:00,II Liga - East,Zaglebie Sosnowiec,Jastrzębie,1X2 / Match Winner,Home,1.39,,,WON,
2025-10-05T15:00:00+00:00,Liga Alef,Hapoel Azor,Maccabi Kiryat Malachi,Double Chance,Draw/Away,1.25,,,LOST,
2025-10-05T15:00:00+00:00,NB II,Ajka,Karcag SE,Over/Under Goals,Under 3.5,1.26,,,WON,
2025-10-05T15:00:00+00:00,NB II,Budapest Honved,Tiszakecske FC,Double Chance,Home/Draw,1.19,,,WON,
2025-10-05T15:00:00+00:00,NB II,Csakvar,Bekescsaba 1912,Over/Under Goals,Under 3.5,1.28,,,WON,
2025-10-05T15:00:00+00:00,NB II,Vasas,Szeged 2011,Over/Under Goals,Under 3.5,1.35,,,WON,
2025-10-05T15:00:00+00:00,Premier Division,Derry City,Sligo Rovers,Over/Under Goals,Under 3.5,1.33,,,WON,
2025-10-05T15:00:00+00:00,Premier Division,Waterford,Drogheda United,Double Chance,Draw/Away,1.5,,,LOST,
2025-10-05T15:00:00+00:00,Premier League,Shakhtar Donetsk,LNZ Cherkasy,Over/Under Goals,Under 3.5,1.5,,,LOST,
2025-10-05T15:00:00+00:00,Premijer Liga,Radnik Bijeljina,Zeljeznicar Sarajevo,Over/Under Goals,Under 3.5,1.24,,,WON,
2025-10-05T15:00:00+00:00,Segunda División RFEF - Group 1,Bergantiños,Real Valladolid II,Over/Under Goals,Under 3.5,1.2,,,WON,
2025-10-05T15:00:00+00:00,Segunda División RFEF - Group 1,Sámano,Salamanca UDS,Over/Under Goals,Under 2.5,1.65,,,WON,
2025-10-05T15:00:00+00:00,Segunda División RFEF - Group 1,UD Ourense,Real Ávila,Over/Under Goals,Under 3.5,1.21,,,WON,
2025-10-05T15:00:00+00:00,Segunda División RFEF - Group 2,Alfaro,Utebo,Team Total Goals,Over 0.5,1.17,,,LOST,
2025-10-05T15:00:00+00:00,Segunda División RFEF - Group 2,Náxara,Eibar II,Over/Under Goals,Under 3.5,1.19,,,WON,
2025-10-05T15:00:00+00:00,Segunda División RFEF - Group 5,Conquense,Real Madrid III,Double Chance,Draw/Away,1.5,,,LOST,
2025-10-05T15:00:00+00:00,Super League 1,Kifisia,AEK Athens FC,1X2 / Match Winner,Away,1.32,,,WON,
2025-10-05T15:00:00+00:00,Super League 1,Levadiakos,Panetolikos,Over/Under Goals,Over 1.5,1.44,,,WON,
2025-10-05T15:00:00+00:00,Super Liga,IMT Novi Beograd,FK Spartak Zdrepceva KRV,Double Chance,Home/Draw,1.42,,,WON,
2025-10-05T15:00:00+00:00,Super Liga,Skalica,Dunajska Streda,Over/Under Goals,Under 3.5,1.44,,,WON,
2025-10-05T15:00:00+00:00,Tipp3 Bundesliga,Red Bull Salzburg,Rapid Vienna,Over/Under Goals,Under 3.5,1.48,,,WON,
2025-10-05T15:15:00+00:00,Liga 3,Fafe,São João Ver,Double Chance,Home/Draw,1.2,,,WON,
2025-10-05T15:15:00+00:00,Ligue 1,Le Havre,Rennes,Asian Handicap,Home +0.5,1.65,,,WON,
2025-10-05T15:15:00+00:00,Ligue 1,Monaco,Nice,Over/Under Goals,Over 1.5,1.15,,,WON,
2025-10-05T15:15:00+00:00,Ligue 1,Strasbourg,Angers,Double Chance,Home/Draw,1.15,,,WON,
2025-10-05T15:15:00+00:00,Segunda División RFEF - Group 1,Lealtad,Marino de Luanco,Over/Under Goals,Under 3.5,1.18,,,WON,
2025-10-05T15:15:00+00:00,Serie B,Sampdoria,Pescara,Over/Under Goals,Under 3.5,1.25,,,LOST,
2025-10-05T15:25:00+00:00,A Lyga,Šiauliai,Panevėžys,Double Chance,Draw/Away,1.56,,,WON,
2025-10-05T15:30:00+00:00,1. SNL,Primorje,Koper,Over/Under Goals,Over 2.5,1.65,,,WON,
2025-10-05T15:30:00+00:00,Bundesliga 1,Hamburger SV,FSV Mainz 05,Over/Under Goals,Under 3.5,1.48,,,LOST,
2025-10-05T15:30:00+00:00,Ekstraklasa,GKS Katowice,Lech Poznan,Over/Under Goals,Under 3.5,1.5,,,WON,
2025-10-05T15:30:00+00:00,FNL,Vlašim,Vysočina Jihlava,Asian Handicap,Home +0.25,1.62,,,WON,
2025-10-05T15:30:00+00:00,I Liga,Górnik Łęczna,Miedz Legnica,Over/Under Goals,Under 3.5,1.42,,,WON,
2025-10-05T15:30:00+00:00,Premier League,Brentford,Manchester City,Over/Under Goals,Under 3.5,1.53,,,WON,
2025-10-05T15:30:00+00:00,Primera B,Antofagasta,Curico Unido,Over/Under Goals,Under 3.5,1.25,,,WON,
2025-10-05T15:30:00+00:00,Segunda División RFEF - Group 3,Alcoyano,Barbastro,Asian Handicap,Home +0.25,1.41,,,WON,
2025-10-05T15:30:00+00:00,Segunda División,D. Melipilla,Linares Unido,Over/Under Goals,Under 3.5,1.27,,,WON,
2025-10-05T15:30:00+00:00,Serie C - Girone A,Alcione,Vicenza Virtus,Over/Under Goals,Under 3.5,1.28,,,WON,
2025-10-05T15:30:00+00:00,Serie C - Girone C,Sorrento,SS Monopoli,Over/Under Goals,Under 3.5,1.16,,,WON,
2025-10-05T15:30:00+00:00,Serie C - Girone C,Team Altamura,Potenza,Over/Under Goals,Under 3.5,1.31,,,LOST,
2025-10-05T16:00:00+00:00,1. Division,AEK Larnaca,Pafos,Double Chance,Home/Draw,1.5,,,LOST,
2025-10-05T16:00:00+00:00,2. Lig,Batman Petrolspor,Ankaragucu,1X2 / Match Winner,Home,1.42,,,WON,
2025-10-05T16:00:00+00:00,2. Lig,Menemen Belediyespor,68 Aksaray Belediyespor,Double Chance,Home/Draw,1.25,,,WON,
2025-10-05T16:00:00+00:00,2. Lig,Şanlıurfaspor,24 Erzincanspor,Over/Under Goals,Over 1.5,1.26,,,WON,
2025-10-05T16:00:00+00:00,Liga 3,Academica,SC Covilha,Double Chance,Home/Draw,1.15,,,LOST,
2025-10-05T16:00:00+00:00,Liga Leumit,Hapoel Acre,Bnei Yehuda,Over/Under Goals,Under 3.5,1.25,,,WON,
2025-10-05T16:00:00+00:00,Liga Leumit,Hapoel Hadera,Hapoel Afula,Over/Under Goals,Over 1.5,1.28,,,WON,
2025-10-05T16:00:00+00:00,Liga Leumit,Hapoel Kfar Saba,Kiryat Yam SC,Over/Under Goals,Under 3.5,1.28,,,WON,
2025-10-05T16:00:00+00:00,Liga Leumit,Hapoel Kfar Shalem,Maccabi Herzliya,Over/Under Goals,Under 3.5,1.5,,,WON,
2025-10-05T16:00:00+00:00,Liga Leumit,Hapoel Ramat Gan,Hapoel Nazareth Illit,Over/Under Goals,Over 1.5,1.28,,,WON,
2025-10-05T16:00:00+00:00,Liga Leumit,Hapoel Rishon LeZion,Ironi Modi'in,Over/Under Goals,Under 3.5,1.35,,,LOST,
2025-10-05T16:00:00+00:00,Liga Leumit,Kafr Qasim,Hapoel Ra'anana,Over/Under Goals,Under 3.5,1.22,,,WON,
2025-10-05T16:00:00+00:00,Premier League,Bahrain SC,Muharraq,Over/Under Goals,Over 1.5,1.19,,,WON,
2025-10-05T16:00:00+00:00,Premier League,Baltika,Dinamo Makhachkala,Over/Under Goals,Under 2.5,1.57,,,WON,
2025-10-05T16:00:00+00:00,Premier League,Malkiya,Khalidiya,Team Total Goals,Under 2.5,1.52,,,LOST,
2025-10-05T16:00:00+00:00,Premier League,Slavia Mozyr,Smorgon,Team Total Goals,Under 2.5,1.51,,,LOST,
2025-10-05T16:00:00+00:00,Segunda División RFEF - Group 1,Gimnástica Segoviana,Coruxo,Over/Under Goals,Under 2.5,1.7,,,WON,
2025-10-05T16:00:00+00:00,Segunda División RFEF - Group 2,Tudelano,Mutilvera,Over/Under Goals,Under 2.5,1.66,,,WON,
2025-10-05T16:00:00+00:00,Segunda División RFEF - Group 4,Xerez Deportivo,Yeclano,Over/Under Goals,Under 2.5,1.44,,,LOST,
2025-10-05T16:00:00+00:00,Segunda División RFEF - Group 5,Quintanar del Rey,CD Coria,Over/Under Goals,Under 2.5,1.44,,,WON,
2025-10-05T16:00:00+00:00,Serie A,Napoli,Genoa,Over/Under Goals,Over 1.5,1.4,,,WON,
2025-10-05T16:00:00+00:00,Superligaen,FC Copenhagen,FC Midtjylland,Over/Under Goals,Over 1.5,1.2,,,WON,
2025-10-05T16:00:00+00:00,TFF 1. Lig,BB Bodrumspor,Hatayspor,Over/Under Goals,Over 1.5,1.18,,,WON,
2025-10-05T16:15:00+00:00,Primera División RFEF - Group 1,Ponferradina,Real Madrid II,Over/Under Goals,Under 3.5,1.22,,,LOST,
2025-10-05T16:15:00+00:00,Primera División RFEF - Group 2,FC Cartagena,Tarazona,Over/Under Goals,Under 3.5,1.2,,,WON,
2025-10-05T16:30:00+00:00,A Lyga,Hegelmann Litauen,Banga,Over/Under Goals,Under 2.5,2.75,,,WON,
2025-10-05T16:30:00+00:00,Czech Liga,Sparta Praha,Slavia Praha,Asian Handicap,Home +0,1.6,,,WON,
2025-10-05T16:30:00+00:00,Jupiler Pro League,Club Brugge KV,Union St. Gilloise,Over/Under Goals,Over 1.5,1.22,,,LOST,
2025-10-05T16:30:00+00:00,La Liga,Espanyol,Real Betis,Double Chance,Draw/Away,1.5,,,WON,
2025-10-05T16:30:00+00:00,La Liga,Real Sociedad,Rayo Vallecano,Over/Under Goals,Under 3.5,1.25,,,WON,
2025-10-05T16:30:00+00:00,Primeira Liga,Rio Ave,Tondela,Asian Handicap,Home +0.25,1.5,,,WON,
2025-10-05T16:30:00+00:00,Segunda Division,Racing Santander,Malaga,Over/Under Goals,Over 1.5,1.28,,,WON,
2025-10-05T16:30:00+00:00,Segunda Division,Valladolid,Mirandes,Over/Under Goals,Under 3.5,1.22,,,WON,
2025-10-05T16:30:00+00:00,Segunda División RFEF - Group 3,Atlético Baleares,Ibiza Islas Pitiusas,Over/Under Goals,Under 2.5,1.66,,,WON,
2025-10-05T16:45:00+00:00,Premier League,Naxxar Lions,Valletta FC,Over/Under Goals,Under 3.5,1.26,,,WON,
2025-10-05T16:45:00+00:00,Prva HNL,NK Lokomotiva Zagreb,Dinamo Zagreb,Result + Total Goals,Away/Over 1.5,1.44,,,LOST,
2025-10-05T17:00:00+00:00,1. Division,Omonia Nicosia,Aris,Over/Under Goals,Under 3.5,1.4,,,WON,
2025-10-05T17:00:00+00:00,Botola Pro,UTS Rabat,Renaissance Berkane,Over/Under Goals,Under 3.5,1.18,,,LOST,
2025-10-05T17:00:00+00:00,FAI Cup,Shamrock Rovers,Kerry,1X2 / Match Winner,Draw,9.5,,,LOST,
2025-10-05T17:00:00+00:00,Liga Nacional,Aurora,Municipal,Over/Under Goals,Under 3.5,1.16,,,WON,
2025-10-05T17:00:00+00:00,Liga Pro,Macara,Aucas,Over/Under Goals,Under 3.5,1.3,,,LOST,
2025-10-05T17:00:00+00:00,Ligat Ha'al,Maccabi Netanya,Bnei Sakhnin,Over/Under Goals,Over 1.5,1.25,,,WON,
2025-10-05T17:00:00+00:00,MLS Next Pro,Huntsville City,Carolina Core,Over/Under Goals,Under 3.5,1.62,,,WON,
2025-10-05T17:00:00+00:00,MLS Next Pro,Inter Miami II,New England II,1X2 / Match Winner,Away,1.7,,,WON,
2025-10-05T17:00:00+00:00,MLS Next Pro,New York RB II,Toronto II,Asian Handicap,Home +0.25,1.58,,,WON,
2025-10-05T17:00:00+00:00,NWSL Women,Washington Spirit W,San Diego Wave W,Over/Under Goals,Under 3.5,1.27,,,WON,
2025-10-05T17:00:00+00:00,Premier League,Pharco,Wadi Degla,Over/Under Goals,Under 2.5,1.4,,,WON,
2025-10-05T17:00:00+00:00,Primera Division,Alianza Universidad,Alianza Lima,Over/Under Goals,Over 1.5,1.36,,,WON,
2025-10-05T17:00:00+00:00,Segunda Liga,Benfica B,Penafiel,Team Total Goals,Under 2.5,1.3,,,WON,
2025-10-05T17:00:00+00:00,Super Lig,Goztepe,Istanbul Basaksehir,Over/Under Goals,Under 3.5,1.3,,,WON,
2025-10-05T17:00:00+00:00,Super Lig,Samsunspor,Fenerbahce,Double Chance,Draw/Away,1.15,,,WON,
2025-10-05T17:00:00+00:00,Super Liga,Napredak,FK Crvena Zvezda,Over/Under Goals,Over 1.5,1.17,,,WON,
2025-10-05T17:07:00+00:00,Liga MX Femenil,Guadalajara W,Pumas UNAM W,Over/Under Goals,Under 3.5,1.57,,,LOST,
2025-10-05T17:15:00+00:00,Eliteserien,Rosenborg,Sarpsborg 08 FF,Over/Under Goals,Over 1.5,1.15,,,WON,
2025-10-05T17:15:00+00:00,First League,CSKA Sofia,Ludogorets,1X2 / Match Winner,Draw,3.3,,,WON,
2025-10-05T17:15:00+00:00,Jupiler Pro League,KVC Westerlo,OH Leuven,Over/Under Goals,Over 1.5,1.2,,,WON,
2025-10-05T17:30:00+00:00,3. Liga,Hoffenheim II,Stuttgart II,Double Chance,Draw/Away,1.7,,,WON,
2025-10-05T17:30:00+00:00,Bundesliga 1,Borussia Mönchengladbach,SC Freiburg,Double Chance,Draw/Away,1.55,,,WON,
2025-10-05T17:30:00+00:00,II Liga - East,Olimpia Grudziądz,Sokół Kleczew,Over/Under Goals,Over 1.5,1.2,,,WON,
2025-10-05T17:30:00+00:00,Liga Alef,Holon Yermiyahu,Shimshon Tel Aviv,Over/Under Goals,Under 2.5,1.67,,,LOST,
2025-10-05T17:30:00+00:00,Liga I,FCSB,Universitatea Craiova,Over/Under Goals,Over 1.5,1.28,,,LOST,
2025-10-05T17:30:00+00:00,Ligat Ha'al,Maccabi Tel Aviv,Maccabi Haifa,Over/Under Goals,Under 3.5,1.48,,,WON,
2025-10-05T17:30:00+00:00,Primera Division,Godoy Cruz,Independiente,BTTS,No,1.57,,,LOST,
2025-10-05T17:30:00+00:00,Segunda División RFEF - Group 4,Estepona,Real Jaén,Double Chance,Draw/Away,1.67,,,WON,
2025-10-05T17:30:00+00:00,Serie B,Modena,Virtus Entella,Asian Handicap,Home +0,1.53,,,WON,
2025-10-05T17:30:00+00:00,Super League 1,PAOK,Olympiakos Piraeus,Over/Under Goals,Under 3.5,1.2,,,WON,
2025-10-05T17:45:00+00:00,Premijer Liga,Rudar Prijedor,Borac Banja Luka,Over/Under Goals,Under 2.5,1.83,,,WON,
2025-10-05T18:00:00+00:00,Copa Paulista,Primavera SP,XV de Piracicaba,Double Chance,Draw/Away,1.67,,,LOST,
2025-10-05T18:00:00+00:00,Eredivisie,GO Ahead Eagles,NEC Nijmegen,1X2 / Match Winner,Draw,4.0,,,WON,
2025-10-05T18:00:00+00:00,Primera B,San Luis,San Marcos de Arica,1X2 / Match Winner,Draw,3.2,,,WON,
2025-10-05T18:00:00+00:00,Primera B,Santiago Morning,Santiago Wanderers,Over/Under Goals,Under 2.5,1.62,,,WON,
2025-10-05T18:00:00+00:00,Segunda División,General Velásquez,Municipal Salamanca,Over/Under Goals,Under 3.5,1.29,,,WON,
2025-10-05T18:00:00+00:00,Superligaen,FC Fredericia,Brondby,Over/Under Goals,Over 1.5,1.18,,,WON,
2025-10-05T18:00:00+00:00,Torneo Federal A,9 de Julio Rafaela,Germinal de Rawson,Double Chance,Draw/Away,1.63,,,WON,
2025-10-05T18:00:00+00:00,Torneo Federal A,Costa Brava,Bartolomé Mitre,Over/Under Goals,Under 3.5,1.22,,,WON,
2025-10-05T18:15:00+00:00,1. SNL,Radomlje,Celje,Result + Total Goals,Away/Over 1.5,1.4,,,WON,
2025-10-05T18:15:00+00:00,Ekstraklasa,Gornik Zabrze,Legia Warszawa,Over/Under Goals,Under 3.5,1.38,,,LOST,
2025-10-05T18:15:00+00:00,Primeira Liga,Sporting CP,SC Braga,Over/Under Goals,Over 1.5,1.2,,,WON,
2025-10-05T18:30:00+00:00,I Liga,Wisla Krakow,Ruch Chorzów,Over/Under Goals,Under 3.5,1.62,,,WON,
2025-10-05T18:30:00+00:00,Primera B Metropolitana,Argentino Quilmes,Flandria,Over/Under Goals,Under 2.5,1.44,,,WON,
2025-10-05T18:30:00+00:00,Primera C,Claypole,Central Ballester,1X2 / Match Winner,Draw,3.55,,,LOST,
2025-10-05T18:30:00+00:00,Primera C,JJ Urquiza,Sportivo Barracas,Double Chance,Draw/Away,1.46,,,WON,
2025-10-05T18:30:00+00:00,Primera División - Clausura,Racing Montevideo,Plaza Colonia,Asian Handicap,Home +0,1.4,,,LOST,
2025-10-05T18:30:00+00:00,Primera División RFEF - Group 1,Athletic Club II,Osasuna II,1X2 / Match Winner,Draw,3.5,,,WON,
2025-10-05T18:30:00+00:00,Primera Nacional,Agropecuario,San Telmo,1X2 / Match Winner,Home,1.6,,,WON,
2025-10-05T18:30:00+00:00,Primera Nacional,Almirante Brown,Talleres Remedios,Double Chance,Home/Draw,1.17,,,WON,
2025-10-05T18:30:00+00:00,Primera Nacional,Atletico Mitre,CA Estudiantes,Over/Under Goals,Under 2.5,1.33,,,WON,
2025-10-05T18:30:00+00:00,Primera Nacional,Central Norte,Estudiantes de Rio Cuarto,Double Chance,Draw/Away,1.4,,,WON,
2025-10-05T18:30:00+00:00,Primera Nacional,Chaco For Ever,Deportivo Moron,Over/Under Goals,Under 2.5,1.33,,,WON,
2025-10-05T18:30:00+00:00,Primera Nacional,Colon Santa Fe,Defensores Unidos,Over/Under Goals,Under 2.5,1.5,,,WON,
2025-10-05T18:30:00+00:00,Primera Nacional,Gimnasia Jujuy,Chacarita Juniors,Over/Under Goals,Under 2.5,1.44,,,WON,
2025-10-05T18:30:00+00:00,Primera Nacional,Gimnasia M.,Defensores De Belgrano,Team Total Goals,Under 2.5,1.17,,,WON,
2025-10-05T18:30:00+00:00,Primera Nacional,Temperley,Nueva Chicago,Over/Under Goals,Under 2.5,1.33,,,LOST,
2025-10-05T18:30:00+00:00,Serie C - Girone A,Arzignano Valchiampo,Albinoleffe,Double Chance,Draw/Away,1.6,,,WON,
2025-10-05T18:30:00+00:00,Serie C - Girone A,Inter U23,Ospitaletto,Double Chance,Home/Draw,1.17,,,WON,
2025-10-05T18:30:00+00:00,Serie C - Girone C,Audace Cerignola,Cosenza,Over/Under Goals,Under 3.5,1.19,,,WON,
2025-10-05T18:30:00+00:00,Super League 1,Panathinaikos,Atromitos,1X2 / Match Winner,Home,1.48,,,WON,
2025-10-05T18:30:00+00:00,Torneo Federal A,Villa Mitre,Guillermo Brown,Over/Under Goals,Under 2.5,1.42,,,LOST,
2025-10-05T18:45:00+00:00,Ligue 1,Lille,Paris Saint Germain,Over/Under Goals,Under 3.5,1.5,,,WON,
2025-10-05T18:45:00+00:00,Serie A,Juventus,AC Milan,Over/Under Goals,Over 1.5,1.35,,,LOST,
2025-10-05T19:00:00+00:00,Botola Pro,Olympique Safi,FAR Rabat,Double Chance,Draw/Away,1.28,,,WON,
2025-10-05T19:00:00+00:00,Canadian Premier League,Valour,Atlético Ottawa,Double Chance,Draw/Away,1.15,,,WON,
2025-10-05T19:00:00+00:00,La Liga,Celta Vigo,Atletico Madrid,1X2 / Match Winner,Draw,4.08,,,WON,
2025-10-05T19:00:00+00:00,Segunda Division,Las Palmas,Cadiz,Over/Under Goals,Under 3.5,1.2,,,WON,
2025-10-05T19:00:00+00:00,Serie A,Sao Paulo,Palmeiras,Over/Under Goals,Under 3.5,1.17,,,LOST,
2025-10-05T19:00:00+00:00,Serie A,Vasco DA Gama,Vitoria,Over/Under Goals,Over 1.5,1.38,,,WON,
2025-10-05T19:00:00+00:00,Serie B,Operario-PR,remo,Over/Under Goals,Over 1.5,1.5,,,LOST,
2025-10-05T19:00:00+00:00,Torneo Federal A,Sportivo Las Parejas,Deportivo Rincon,Over/Under Goals,Under 3.5,1.16,,,WON,
2025-10-05T19:15:00+00:00,Torneo Federal A,Juventud Unida Univ.,Olimpo Bahia Blanca,Over/Under Goals,Under 2.5,1.32,,,WON,
2025-10-05T19:15:00+00:00,Úrvalsdeild,Breidablik,Fram Reykjavik,Asian Handicap,Away -1.25,1.53,,,LOST,
2025-10-05T19:15:00+00:00,Úrvalsdeild,Vikingur Reykjavik,FH hafnarfjordur,1X2 / Match Winner,Home,1.63,,,WON,
2025-10-05T19:30:00+00:00,Liga Pro,Libertad,Orense SC,Over/Under Goals,Under 3.5,1.25,,,WON,
2025-10-05T19:30:00+00:00,Primera Division,Estudiantes L.P.,Barracas Central,1X2 / Match Winner,Draw,3.5,,,WON,
2025-10-05T19:30:00+00:00,Primera División,Academia Anzoátegui,Monagas SC,Over/Under Goals,Under 3.5,1.18,,,LOST,
2025-10-05T19:30:00+00:00,Primera División,Caracas FC,UCV,Over/Under Goals,Under 3.5,1.17,,,LOST,
2025-10-05T19:30:00+00:00,Primera División,Estudiantes de Merida FC,Yaracuyanos FC,Over/Under Goals,Under 3.5,1.3,,,WON,
2025-10-05T19:30:00+00:00,Primera División,Portuguesa FC,Puerto Cabello,Over/Under Goals,Under 3.5,1.22,,,WON,
2025-10-05T19:30:00+00:00,Primera División,Rayo Zuliano,Metropolitanos FC,Over/Under Goals,Under 3.5,1.28,,,WON,
2025-10-05T19:30:00+00:00,Segunda División,Atletico el Vigia FC,Real Frontera,Double Chance,Home/Draw,1.22,,,LOST,
2025-10-05T19:30:00+00:00,Serie C,Floresta,Londrina,Over/Under Goals,Under 2.5,1.35,,,WON,
2025-10-05T19:30:00+00:00,Torneo Federal A,Independiente De Chivilcoy,Douglas Haig,1X2 / Match Winner,Home,1.66,,,WON,
2025-10-05T19:45:00+00:00,Primera Division,Talleres Cordoba,Belgrano Cordoba,Over/Under Goals,Under 2.5,1.5,,,WON,
2025-10-05T20:00:00+00:00,Liga Mayor,Delfines Del Este,San Cristóbal,Over/Under Goals,Under 3.5,1.48,,,LOST,
2025-10-05T20:00:00+00:00,MLS Next Pro,Los Angeles FC II,North Texas,Over/Under Goals,Over 2.5,1.26,,,WON,
2025-10-05T20:00:00+00:00,MLS Next Pro,Minnesota United II,Sporting KC II,1X2 / Match Winner,Home,1.38,,,WON,
2025-10-05T20:00:00+00:00,MLS Next Pro,Portland Timbers II,St. Louis City II,1X2 / Match Winner,Away,1.47,,,LOST,
2025-10-05T20:00:00+00:00,MLS Next Pro,The Town,Austin II,Asian Handicap,Away -1.25,1.5,,,WON,
2025-10-05T20:00:00+00:00,NWSL Women,Chicago Red Stars W,Utah Royals W,Over/Under Goals,Over 1.5,1.21,,,WON,
2025-10-05T20:00:00+00:00,NWSL Women,NJ/NY Gotham FC W,Seattle Reign FC,1X2 / Match Winner,Home,1.5,,,LOST,
2025-10-05T20:00:00+00:00,Primera A,Deportivo Pasto,Alianza Petrolera,1X2 / Match Winner,Draw,3.15,,,WON,
2025-10-05T20:00:00+00:00,Primera Division,Atletico Grau,FBC Melgar,Asian Handicap,Home +0,1.5,,,WON,
2025-10-05T20:15:00+00:00,Primeira Liga,FC Porto,Benfica,Asian Handicap,Home +0,1.5,,,WON,
2025-10-05T20:30:00+00:00,Copa Chile,Huachipato,A. Italiano,Double Chance,Draw/Away,1.62,,,LOST,
2025-10-05T20:30:00+00:00,Division Profesional - Clausura,Club Guarani,Atlético Tembetary,Team Total Goals,Over 0.5,1.15,,,WON,
2025-10-05T20:30:00+00:00,Segunda División,Provincial Ovalle,D. Puerto Montt,Over/Under Goals,Under 3.5,1.24,,,LOST,
2025-10-05T20:30:00+00:00,Torneo Federal A,Atletico DE Rafaela,Sportivo Belgrano,Double Chance,Home/Draw,1.15,,,WON,
2025-10-05T21:00:00+00:00,Liga Panameña de Fútbol,Herrera,Sporting San Miguelito,Over/Under Goals,Under 2.5,1.48,,,LOST,
2025-10-05T21:00:00+00:00,Primera B,Cucuta,Leones FC,Over/Under Goals,Under 3.5,1.44,,,LOST,
2025-10-05T21:00:00+00:00,Primera Division,Fuerte San Francisco,Cacahuatique,Over/Under Goals,Under 3.5,1.18,,,LOST,
2025-10-05T21:00:00+00:00,Primera Division,Zacatecoluca,Isidro Metapán,Over/Under Goals,Under 3.5,1.22,,,WON,
2025-10-05T21:00:00+00:00,Primera División - Clausura,Penarol,Danubio,Asian Handicap,Away -1.25,1.68,,,LOST,
2025-10-05T21:00:00+00:00,Torneo Federal A,Juventud Antoniana,Boca Unidos,Asian Handicap,Home +0.25,1.41,,,WON,
2025-10-05T21:00:00+00:00,USL Championship,Rhode Island,Las Vegas Lights,Over/Under Goals,Under 3.5,1.35,,,LOST,
2025-10-05T21:00:00+00:00,USL League One,Union Omaha,Naples,Asian Handicap,Away -1.25,1.55,,,WON,
2025-10-05T21:30:00+00:00,Liga Premier Serie A,Real Apodaca,Lobos ULMX,Team Total Goals,Over 0.5,1.19,,,WON,
2025-10-05T21:30:00+00:00,Serie A,Bahia,Flamengo,Over/Under Goals,Under 3.5,1.22,,,WON,
2025-10-05T21:30:00+00:00,Serie A,Juventude,Fortaleza EC,Over/Under Goals,Under 3.5,1.2,,,WON,
2025-10-05T22:00:00+00:00,Canadian Premier League,Pacific FC,Cavalry FC,Over/Under Goals,Under 3.5,1.42,,,LOST,
2025-10-05T22:00:00+00:00,Liga Mayor,Universidad O&M,Moca,Asian Handicap,Home +0.25,1.49,,,WON,
2025-10-05T22:00:00+00:00,Liga Pro Serie B,Guayaquil City FC,Gualaceo SC,Asian Handicap,Away -1.25,1.42,,,WON,
2025-10-05T22:00:00+00:00,Major League Soccer,Vancouver Whitecaps,San Jose Earthquakes,BTTS,Yes,1.4,,,WON,
2025-10-05T22:00:00+00:00,Primera B,Real Cartagena,Depor FC,Over/Under Goals,Under 3.5,1.52,,,LOST,
2025-10-05T22:00:00+00:00,Primera Division,Boca Juniors,Newells Old Boys,1X2 / Match Winner,Home,1.55,,,WON,
2025-10-05T22:00:00+00:00,Serie C,São Bernardo,Caxias,Over/Under Goals,Under 2.5,1.53,,,WON,
2025-10-05T22:15:00+00:00,Primera A,Junior,Deportes Tolima,Over/Under Goals,Under 3.5,1.22,,,WON,
2025-10-05T22:30:00+00:00,Liga Pro,Barcelona SC,Independiente del Valle,Over/Under Goals,Under 3.5,1.25,,,WON,
2025-10-05T22:30:00+00:00,Primera Division,Deportivo Garcilaso,Alianza Atletico,Over/Under Goals,Under 2.5,1.62,,,LOST,
2025-10-05T23:00:00+00:00,Division Profesional - Clausura,Libertad Asuncion,Sportivo Trinidense,Asian Handicap,Away -1.25,1.42,,,WON,
2025-10-05T23:00:00+00:00,Liga MX Femenil,Atlas W,León W,Over/Under Goals,Under 3.5,1.36,,,LOST,
2025-10-05T23:00:00+00:00,Primera Division,Alianza,Platense,Over/Under Goals,Under 3.5,1.3,,,WON,
2025-10-05T23:00:00+00:00,Primera Division,Universitario,Juan Pablo II College,Over/Under Goals,Under 3.5,1.53,,,WON,
2025-10-05T23:15:00+00:00,Liga Nacional,Lobos Upnfm,CD Olimpia,Over/Under Goals,Over 1.5,1.24,,,WON,
2025-10-05T23:15:00+00:00,Liga Panameña de Fútbol,Veraguas,Plaza Amador,Double Chance,Draw/Away,1.17,,,WON,
2025-10-05T23:30:00+00:00,Serie A,Ceara,Santos,Over/Under Goals,Under 2.5,1.48,,,LOST,
2025-10-05T23:30:00+00:00,Serie A,Cruzeiro,Sport Recife,Over/Under Goals,Under 3.5,1.38,,,WON,
2025-10-05T23:30:00+00:00,Serie B,Atletico Goianiense,Atletico Paranaense,1X2 / Match Winner,Draw,3.15,,,LOST,
2025-10-06T00:00:00+00:00,Liga Nacional,Antigua GFC,Xelajú,Over/Under Goals,Over 1.5,1.25,,,WON,
2025-10-06T00:15:00+00:00,Primera Division,Rosario Central,River Plate,Over/Under Goals,Over 1.5,1.5,,,WON,
2025-10-06T00:30:00+00:00,Primera A,Chico,Atletico Nacional,Team Total Goals,Over 0.5,1.15,,,WON,
2025-10-06T01:00:00+00:00,Liga MX Femenil,Pachuca W,Atlético San Luis W,Over/Under Goals,Under 3.5,2.2,,,LOST,
2025-10-06T01:00:00+00:00,Liga MX,U.N.A.M. - Pumas,Guadalajara Chivas,Over/Under Goals,Over 1.5,1.33,,,WON,
2025-10-06T01:00:00+00:00,Major League Soccer,Los Angeles FC,Atlanta United FC,Over/Under Goals,Over 1.5,1.18,,,LOST,
2025-10-06T01:00:00+00:00,Segunda División,Central Espanol,Atenas,Over/Under Goals,Under 3.5,1.18,,,WON,
2025-10-06T03:05:00+00:00,Liga MX,Club Tijuana,Monterrey,Over/Under Goals,Over 1.5,1.18,,,WON,
2025-10-06T08:30:00+00:00,Liga 2,Bekasi City,Sumsel United,Over/Under Goals,Under 2.5,1.7,,,WON,
2025-10-06T12:00:00+00:00,FKF Premier League,Bidco United,Nairobi United,Over/Under Goals,Under 2.5,1.5,,,WON,
2025-10-06T12:00:00+00:00,Liga 2,Persela Lamongan,Persipura Jayapura,Over/Under Goals,Under 2.5,1.65,,,LOST,
2025-10-06T12:00:00+00:00,Professional Development League,AFC Bournemouth U21,Colchester United U21,Result + Total Goals,Home/Over 1.5,1.25,,,WON,
2025-10-06T12:00:00+00:00,Professional Development League,Crewe Alexandra U21,Sheffield United U21,1X2 / Match Winner,Away,1.26,,,WON,
2025-10-06T12:00:00+00:00,Professional Development League,Watford U21,Millwall U21,Asian Handicap,Home +0.25,1.66,,,WON,
2025-10-06T12:45:00+00:00,Azadegan League,Damash Gilanian,Niroye Zamini,Asian Handicap,Home +0.25,1.47,,,WON,
2025-10-06T13:00:00+00:00,Azadegan League,Mes Soongoun,Saipa,1X2 / Match Winner,Away,1.62,,,WON,
2025-10-06T13:00:00+00:00,Second League,Vihren,Marek,Double Chance,Home/Draw,1.18,,,WON,
2025-10-06T13:20:00+00:00,FA Cup,Al-Nahda,Al-Shabab,Asian Handicap,Away -1.25,1.49,,,LOST,
2025-10-06T13:30:00+00:00,2. Division - Group 1,Brann II,Notodden,Asian Handicap,Home +0.25,1.52,,,WON,
2025-10-06T14:00:00+00:00,First League,Chelyabinsk,Enisey,Over/Under Goals,Under 2.5,1.45,,,WON,
2025-10-06T14:20:00+00:00,FA Cup,Al Seeb,Bahla,Team Total Goals,Under 2.5,1.56,,,WON,
2025-10-06T14:30:00+00:00,Liga I,Oţelul,Metaloglobus,Over/Under Goals,Under 3.5,1.3,,,LOST,
2025-10-06T15:00:00+00:00,Erovnuli Liga 2,Gonio,Sioni,1X2 / Match Winner,Draw,3.2,,,WON,
2025-10-06T16:00:00+00:00,First League,Pelister,Shkendija,1X2 / Match Winner,Away,1.3,,,LOST,
2025-10-06T16:00:00+00:00,Second League,Lokomotiv G. Oryahovitsa,Fratria,Over/Under Goals,Under 3.5,1.33,,,WON,
2025-10-06T16:30:00+00:00,First League,KAMAZ,Ural,Over/Under Goals,Under 2.5,1.65,,,LOST,
2025-10-06T17:00:00+00:00,1. Division,Hvidovre,Lyngby,Double Chance,Home/Draw,1.62,,,WON,
2025-10-06T17:00:00+00:00,Ettan - Södra,Jonkopings Sodra,Skövde AIK,Over/Under Goals,Under 3.5,1.53,,,WON,
2025-10-06T17:00:00+00:00,Superettan,Landskrona BoIS,Varbergs BoIS FC,Over/Under Goals,Under 3.5,1.53,,,WON,
2025-10-06T17:00:00+00:00,Superettan,Sandviken,Orgryte IS,Over/Under Goals,Under 3.5,1.65,,,WON,
2025-10-06T17:30:00+00:00,Liga I,FC Botosani,Uta Arad,Asian Handicap,Home +0.25,1.48,,,WON,
2025-10-06T18:00:00+00:00,Eerste Divisie,Vitesse,Den Bosch,BTTS,Yes,1.45,,,WON,
2025-10-06T18:30:00+00:00,Primera B Metropolitana,UAI Urquiza,Sacachispas,BTTS,No,1.62,,,WON,
2025-10-06T18:30:00+00:00,Primera C,Atletico Atlas,Defensores de Cambaceres,Double Chance,Draw/Away,1.65,,,LOST,
2025-10-06T18:30:00+00:00,Primera C,Centro Español,Victoriano Arenas,Over/Under Goals,Under 3.5,1.17,,,LOST,
2025-10-06T18:30:00+00:00,Segunda Division,Cultural Leonesa,Albacete,Over/Under Goals,Under 3.5,1.3,,,WON,
2025-10-06T19:00:00+00:00,League Two,Harrogate Town,Crewe,Over/Under Goals,Under 3.5,1.3,,,WON,
2025-10-06T20:30:00+00:00,Primera B,Huila,Barranquilla,Over/Under Goals,Under 3.5,1.21,,,LOST,
2025-10-06T21:30:00+00:00,Division Profesional - Clausura,General Caballero,Nacional Asuncion,Double Chance,Home/Draw,1.7,,,WON,
2025-10-06T22:00:00+00:00,Primera Division,Deportivo Riestra,Velez Sarsfield,Asian Handicap,Away -0.5,1.42,,,WON,
2025-10-06T22:00:00+00:00,Primera División - Clausura,Defensor Sporting,Wanderers,Over/Under Goals,Under 3.5,1.17,,,WON,
2025-10-06T23:00:00+00:00,Primera B Metropolitana,Excursionistas,Comunicaciones,Over/Under Goals,Under 3.5,1.2,,,WON,
2025-10-06T23:00:00+00:00,Primera Nacional,All Boys,Los Andes,1X2 / Match Winner,Draw,2.8,,,LOST,
2025-10-07T00:00:00+00:00,Liga MX Femenil,Santos Laguna W,Juárez W,Over/Under Goals,Under 3.5,1.42,,,WON,
2025-10-07T00:00:00+00:00,Primera Division,Racing Club,Independ. Rivadavia,Over/Under Goals,Under 3.5,1.25,,,WON,
2025-10-07T00:10:00+00:00,Primera B Metropolitana,Midland,Deportivo Armenio,Over/Under Goals,Under 2.5,1.44,,,WON,
2025-10-07T00:30:00+00:00,Primera A,La Equidad,Once Caldas,Over/Under Goals,Under 3.5,1.2,,,WON,
2025-10-07T02:00:00+00:00,Liga MX Femenil,Monterrey W,América W,Over/Under Goals,Under 3.5,1.77,,,WON,
2025-10-07T02:30:00+00:00,NWSL Women,Angel City W,Kansas City W,Over/Under Goals,Under 3.5,1.26,,,WON,
2025-10-07T05:00:00+00:00,K League 2,Seoul E-Land FC,Hwaseong,Over/Under Goals,Under 3.5,1.36,,,WON,
2025-10-07T07:30:00+00:00,K League 2,Cheongju,Gimpo Citizen,Over/Under Goals,Under 3.5,1.25,,,WON,
2025-10-07T12:00:00+00:00,Professional Development League,Barnsley U21,Peterborough United U21,Double Chance,Draw/Away,1.55,,,WON,
2025-10-07T13:30:00+00:00,Azadegan League,Ario Eslamshahr,Sanat Naft,Over/Under Goals,Under 2.5,1.4,,,WON,
2025-10-07T13:30:00+00:00,Azadegan League,Nassaji Mazandaran,Be'sat Kermanshah,Over/Under Goals,Under 2.5,1.44,,,LOST,
2025-10-07T16:30:00+00:00,3. Division - Girone 1,Ullern,Frigg,Double Chance,Home/Draw,1.57,,,WON,
2025-10-07T17:00:00+00:00,Liga II,ASA Targu Mures,Gloria Bistriţa,Over/Under Goals,Over 1.5,1.25,,,WON,
2025-10-07T17:00:00+00:00,Regionalliga - Mitte,Weiz,Voitsberg,Double Chance,Draw/Away,1.18,,,WON,
2025-10-07T17:30:00+00:00,National 1,Versailles,Villefranche,Over/Under Goals,Under 3.5,1.16,,,WON,
2025-10-07T18:00:00+00:00,EFL Trophy,Cheltenham,Bristol Rovers,Over/Under Goals,Under 3.5,1.44,,,WON,
2025-10-07T18:00:00+00:00,EFL Trophy,Chesterfield,Burton Albion,Over/Under Goals,Under 3.5,1.42,,,WON,
2025-10-07T18:00:00+00:00,EFL Trophy,Fleetwood Town,Leeds United U21,1X2 / Match Winner,Home,1.67,,,WON,
2025-10-07T18:00:00+00:00,EFL Trophy,Grimsby,Doncaster,Over/Under Goals,Under 3.5,1.48,,,WON,
2025-10-07T18:00:00+00:00,EFL Trophy,Reading,Milton Keynes Dons,Over/Under Goals,Over 1.5,1.2,,,LOST,
2025-10-07T18:00:00+00:00,EFL Trophy,Rotherham,Oldham,Over/Under Goals,Under 3.5,1.42,,,LOST,
2025-10-07T18:00:00+00:00,EFL Trophy,Salford City,Stockport County,Over/Under Goals,Over 1.5,1.2,,,WON,
2025-10-07T18:00:00+00:00,EFL Trophy,Walsall,Northampton,Over/Under Goals,Under 3.5,1.28,,,WON,
2025-10-07T18:00:00+00:00,Reserve League,Racing Club Res.,Aldosivi Res.,Over/Under Goals,Under 3.5,1.21,,,LOST,
2025-10-07T18:00:00+00:00,Reserve League,Rosario Central Res.,Platense Res.,Over/Under Goals,Under 3.5,1.38,,,WON,
2025-10-07T18:00:00+00:00,Reserve League,Unión Santa Fe Res.,Defensa y Justicia Res.,Double Chance,Draw/Away,1.57,,,WON,
2025-10-07T18:30:00+00:00,EFL Trophy,Barrow,Tranmere,Over/Under Goals,Under 3.5,1.5,,,WON,
2025-10-07T18:45:00+00:00,EFL Trophy,Accrington ST,Port Vale,Over/Under Goals,Under 3.5,1.42,,,WON,
2025-10-07T18:45:00+00:00,FA Trophy,Prescot Cables,Lancaster City,Double Chance,Draw/Away,1.6,,,LOST,
2025-10-07T18:45:00+00:00,League Cup,Ballymena United,Ballinamallard United,Over/Under Goals,Under 3.5,1.55,,,WON,
2025-10-07T18:45:00+00:00,League Cup,Bangor,Lisburn Distillery,Over/Under Goals,Under 3.5,1.8,,,LOST,
2025-10-07T18:45:00+00:00,League Cup,Institute,Glentoran,Over/Under Goals,Under 3.5,1.65,,,WON,
2025-10-07T18:45:00+00:00,League One,Kelty Hearts,Alloa Athletic,Over/Under Goals,Under 3.5,1.44,,,WON,
2025-10-07T18:45:00+00:00,National League - North,AFC Fylde,Leamington,1X2 / Match Winner,Home,1.53,,,LOST,
2025-10-07T18:45:00+00:00,National League,Scunthorpe,Morecambe,Team Total Goals,Over 0.5,1.42,,,WON,
2025-10-07T18:45:00+00:00,Non League Premier - Northern,Guiseley AFC,Rylands,Asian Handicap,Home +0.25,1.44,,,LOST,
2025-10-07T18:45:00+00:00,Non League Premier - Northern,Hyde United,Bamber Bridge,Double Chance,Draw/Away,1.44,,,LOST,
2025-10-07T18:45:00+00:00,Non League Premier - Southern South,Tiverton Town,Poole Town,Over/Under Goals,Over 1.5,1.22,,,WON,
2025-10-07T18:45:00+00:00,Premier League,Bala Town,GAP Connah S Quay FC,Over/Under Goals,Under 3.5,1.32,,,LOST,
2025-10-07T18:45:00+00:00,Premier League,Barry Town,Briton Ferry,Over/Under Goals,Under 3.5,1.61,,,WON,
2025-10-07T18:45:00+00:00,Premier League,Caernarfon Town,The New Saints,Over/Under Goals,Over 2.5,1.57,,,WON,
2025-10-07T18:45:00+00:00,Premier League,Flint Town United,Colwyn Bay,Over/Under Goals,Under 3.5,1.47,,,WON,
2025-10-07T18:45:00+00:00,Premier League,Penybont,Haverfordwest County AFC,Over/Under Goals,Over 1.5,1.21,,,WON,
2025-10-07T18:45:00+00:00,Premier League,llanelli AFC,Cardiff MET,Over/Under Goals,Under 3.5,1.29,,,LOST,
2025-10-07T19:00:00+00:00,UEFA Champions League Women,Arsenal W,Lyon W,1X2 / Match Winner,Away,2.8,,,WON,
2025-10-07T19:00:00+00:00,UEFA Champions League Women,Barcelona W,Bayern Munich W,1X2 / Match Winner,Draw,6.25,,,LOST,
2025-10-07T20:00:00+00:00,Copa Colombia,Envigado,Deportivo Pereira,Over/Under Goals,Under 3.5,1.17,,,WON,
2025-10-07T22:00:00+00:00,Copa Paraguay,Cerro Porteno,SOL DE America,Over/Under Goals,Under 3.5,1.17,,,WON,
2025-10-07T22:00:00+00:00,Liga Pro Serie B,9 de Octubre,Ind. Juniors,Over/Under Goals,Under 3.5,1.18,,,WON,
2025-10-07T22:00:00+00:00,Reserve League,Talleres Córdoba Res.,River Plate Res.,Over/Under Goals,Under 2.5,1.62,,,LOST,
2025-10-07T22:10:00+00:00,Primera B,Real Soacha,Orsomarso,Over/Under Goals,Under 3.5,1.15,,,WON,
2025-10-07T23:00:00+00:00,Serie B,Amazonas,Criciuma,Over/Under Goals,Under 3.5,1.17,,,WON,
2025-10-07T23:00:00+00:00,World Cup - U20,Chile U20,Mexico U20,Double Chance,Home/Draw,1.67,,,LOST,
2025-10-08T00:30:00+00:00,Primera A,Millonarios,America de Cali,Over/Under Goals,Under 3.5,1.18,,,WON,
2025-10-08T00:30:00+00:00,Serie B,Goias,CRB,Asian Handicap,Away -1.25,1.42,,,WON,
2025-10-08T00:35:00+00:00,Serie B,Botafogo SP,Paysandu,Over/Under Goals,Under 3.5,1.18,,,WON,
2025-10-08T02:00:00+00:00,USL Championship,Oakland Roots,Hartford Athletic,Team Total Goals,Over 0.5,1.28,,,WON,
2025-10-08T05:00:00+00:00,K League 2,Cheonan City,Busan I Park,Team Total Goals,Over 0.5,1.22,,,LOST,
2025-10-08T05:00:00+00:00,K League 2,Gyeongnam FC,Jeonnam Dragons,Over/Under Goals,Under 3.5,1.36,,,LOST,
2025-10-08T05:00:00+00:00,K League 2,Incheon United,Suwon Bluewings,Over/Under Goals,Under 3.5,1.38,,,WON,
2025-10-08T07:30:00+00:00,K League 2,Ansan Greeners,Asan Mugunghwa,Over/Under Goals,Under 2.5,1.8,,,WON,
2025-10-08T07:30:00+00:00,K League 2,Bucheon FC 1995,Seongnam FC,Over/Under Goals,Under 3.5,1.28,,,WON,
2025-10-08T10:00:00+00:00,J-League Cup,Kawasaki Frontale,Kashiwa Reysol,Double Chance,Draw/Away,1.55,,,LOST,
2025-10-08T10:00:00+00:00,J-League Cup,Yokohama FC,Sanfrecce Hiroshima,Over/Under Goals,Under 3.5,1.2,,,WON,
2025-10-08T12:00:00+00:00,Professional Development League,Wigan Athletic U21,Huddersfield Town U21,Asian Handicap,Away -1.25,1.55,,,WON,
2025-10-08T13:00:00+00:00,2. liga,Slávia TU Košice,Považská Bystrica,Over/Under Goals,Over 1.5,1.17,,,WON,
2025-10-08T13:00:00+00:00,First League,Arsenal Tivat,Mornar,Over/Under Goals,Under 3.5,1.17,,,WON,
2025-10-08T13:00:00+00:00,Pernambucano - 2,Vera Cruz,Belo Jardim,Over/Under Goals,Under 3.5,1.45,,,WON,
2025-10-08T13:00:00+00:00,World Cup - Qualification Africa,Eswatini,Angola,Over/Under Goals,Under 3.5,1.19,,,LOST,
2025-10-08T13:00:00+00:00,World Cup - Qualification Africa,Ethiopia,Guinea-Bissau,Over/Under Goals,Under 3.5,1.17,,,WON,
2025-10-08T13:00:00+00:00,World Cup - Qualification Africa,Libya,Cape Verde Islands,Over/Under Goals,Under 3.5,1.16,,,LOST,
2025-10-08T13:00:00+00:00,World Cup - Qualification Africa,Mauritius,Cameroon,Over/Under Goals,Under 3.5,1.68,,,WON,
2025-10-08T14:00:00+00:00,Liga Revelação U23,Farense U23,Portimonense U23,Over/Under Goals,Under 3.5,1.45,,,WON,
2025-10-08T16:00:00+00:00,2. Division - Group 2,Alta,Stjørdals-Blink,Over/Under Goals,Over 2.5,1.3,,,WON,
2025-10-08T16:00:00+00:00,World Cup - Qualification Africa,Central African Republic,Ghana,BTTS,No,1.56,,,WON,
2025-10-08T16:00:00+00:00,World Cup - Qualification Africa,Chad,Mali,Over/Under Goals,Under 3.5,1.68,,,WON,
2025-10-08T16:00:00+00:00,World Cup - Qualification Africa,Comoros,Madagascar,Double Chance,Draw/Away,1.49,,,WON,
2025-10-08T16:00:00+00:00,World Cup - Qualification Africa,Djibouti,Egypt,Over/Under Goals,Under 3.5,2.62,,,WON,
2025-10-08T16:00:00+00:00,World Cup - Qualification Africa,Sierra Leone,Burkina Faso,Over/Under Goals,Under 3.5,1.19,,,WON,
2025-10-08T16:45:00+00:00,UEFA Champions League Women,Real Madrid W,Roma W,Over/Under Goals,Under 3.5,1.57,,,LOST,
2025-10-08T16:45:00+00:00,UEFA Champions League Women,Twente W,Chelsea W,Team Total Goals,Over 0.5,1.5,,,WON,
2025-10-08T17:00:00+00:00,Friendlies,Gibraltar,New Caledonia,Over/Under Goals,Under 2.5,1.7,,,WON,
2025-10-08T17:30:00+00:00,1. Liga Promotion,Vevey Sports,SC Kriens,Over/Under Goals,Over 1.5,1.15,,,WON,
2025-10-08T18:00:00+00:00,Pernambucano - 2,América PE,Centro Limoeirense,1X2 / Match Winner,Home,1.44,,,WON,
2025-10-08T18:00:00+00:00,Reserve League,Deportivo Riestra Res.,Instituto Res.,Over/Under Goals,Under 3.5,1.17,,,WON,
2025-10-08T18:00:00+00:00,Reserve League,Independiente Riva. Res.,Banfield Res.,Over/Under Goals,Under 3.5,1.21,,,LOST,
2025-10-08T18:00:00+00:00,Reserve League,Sarmiento Res.,Vélez Sársfield Res.,Double Chance,Home/Draw,1.67,,,LOST,
2025-10-08T18:00:00+00:00,Reserve League,Tigre Res.,Barracas Central Res.,Over/Under Goals,Under 2.5,1.8,,,WON,
2025-10-08T19:00:00+00:00,CONMEBOL Libertadores Femenina,Ferroviaria W,Boca Juniors W,Over/Under Goals,Under 2.5,1.65,,,WON,
2025-10-08T19:00:00+00:00,UEFA Champions League Women,Manchester United W,Vålerenga W,Over/Under Goals,Under 3.5,1.75,,,WON,
2025-10-08T19:00:00+00:00,UEFA Champions League Women,St. Pölten W,Atletico Madrid W,Over/Under Goals,Over 1.5,1.16,,,WON,
2025-10-08T19:00:00+00:00,World Cup - Qualification Africa,Niger,Congo,Asian Handicap,Home +0.25,1.44,,,WON,
2025-10-08T19:00:00+00:00,World Cup - Qualification Africa,Tanzania,Zambia,Over/Under Goals,Under 3.5,1.16,,,WON,
2025-10-08T19:30:00+00:00,World Cup - U20,Argentina U20,Nigeria U20,Over/Under Goals,Under 3.5,1.4,,,LOST,
2025-10-08T19:30:00+00:00,World Cup - U20,Colombia U20,South Africa U20,Team Total Goals,Under 2.5,1.2,,,LOST,
2025-10-08T20:30:00+00:00,Primera A,Rionegro Aguilas,Independiente Medellin,Over/Under Goals,Over 1.5,1.44,,,WON,
2025-10-08T22:00:00+00:00,Serie A,Atletico-MG,Sport Recife,Over/Under Goals,Under 3.5,1.2,,,LOST,
2025-10-08T22:00:00+00:00,Serie B,Cuiaba,Novorizontino,Over/Under Goals,Under 3.5,1.15,,,WON,
2025-10-08T22:00:00+00:00,Serie B,Operario-PR,Athletic Club,Over/Under Goals,Under 3.5,1.17,,,LOST,
2025-10-08T23:00:00+00:00,CONMEBOL Libertadores Femenina,Santa Fe W,Corinthians W,Over/Under Goals,Under 3.5,1.28,,,WON,
2025-10-09T00:00:00+00:00,Liga Pro Serie B,Vargas Torres,Atlético Vinotinto,Over/Under Goals,Under 3.5,1.15,,,WON,
2025-10-09T00:00:00+00:00,Liga de Ascenso,CS Uruguay,Aserri FC,Double Chance,Draw/Away,1.7,,,WON,
2025-10-09T00:00:00+00:00,Serie A,Mirassol,Fluminense,Over/Under Goals,Over 1.5,1.45,,,WON,
2025-10-09T00:00:00+00:00,Serie B,Avai,Volta Redonda,Double Chance,Home/Draw,1.15,,,WON,
2025-10-09T00:30:00+00:00,Serie B,America Mineiro,Vila Nova,1X2 / Match Winner,Draw,3.35,,,WON,
2025-10-09T01:00:00+00:00,Liga de Ascenso,Inter San Carlos,AD Sarchí,Asian Handicap,Away -1.25,1.58,,,LOST,
2025-10-09T02:00:00+00:00,Liga de Ascenso,AD Cofutpa,Deportivo Upala,Double Chance,Draw/Away,1.53,,,LOST,
2025-10-09T02:30:00+00:00,Major League Soccer,Los Angeles FC,Toronto FC,Over/Under Goals,Over 1.5,1.2,,,WON,
2025-10-09T09:00:00+00:00,Persha Liga,UCSA,Prykarpattia,Over/Under Goals,Under 2.5,1.55,,,LOST,
2025-10-09T12:30:00+00:00,Second League,El Entag EL Harby,Masar,Over/Under Goals,Under 2.5,1.49,,,LOST,
2025-10-09T12:30:00+00:00,Second League,Tanta SC,El Dakhleya,Over/Under Goals,Under 2.5,1.32,,,WON,
2025-10-09T13:00:00+00:00,World Cup - Qualification Africa,Burundi,Kenya,Over/Under Goals,Under 3.5,1.2,,,WON,
2025-10-09T16:00:00+00:00,World Cup - Qualification Africa,Botswana,Uganda,Over/Under Goals,Under 3.5,1.2,,,WON,
2025-10-09T16:00:00+00:00,World Cup - Qualification Africa,Liberia,Namibia,Over/Under Goals,Under 3.5,1.2,,,LOST,
2025-10-09T16:00:00+00:00,World Cup - Qualification Africa,Mozambique,Guinea,Over/Under Goals,Under 3.5,1.2,,,WON,
2025-10-09T16:00:00+00:00,World Cup - Qualification Africa,Somalia,Algeria,Over/Under Goals,Under 3.5,2.6,,,WON,
2025-10-09T18:00:00+00:00,Friendlies,Romania,Moldova,Over/Under Goals,Over 1.5,1.25,,,WON,
2025-10-09T18:00:00+00:00,Sergipano - 2,Flamengo SE,Desportiva Aracaju,1X2 / Match Winner,Away,1.57,,,WON,
2025-10-09T18:45:00+00:00,Friendlies,England,Wales,Over/Under Goals,Over 1.5,1.28,,,WON,
2025-10-09T18:45:00+00:00,Friendlies,Poland,New Zealand,Over/Under Goals,Under 3.5,1.33,,,WON,
2025-10-09T19:00:00+00:00,Friendlies,Morocco,Bahrain,Over/Under Goals,Under 3.5,1.48,,,WON,
2025-10-09T19:30:00+00:00,World Cup - U20,United States U20,Italy U20,Double Chance,Draw/Away,1.62,,,LOST,
2025-10-09T22:00:00+00:00,Serie B,Ferroviária,Chapecoense-sc,Double Chance,Draw/Away,1.6,,,WON,
2025-10-09T22:30:00+00:00,Serie B,Coritiba,Atletico Goianiense,Over/Under Goals,Under 3.5,1.18,,,WON,
2025-10-09T23:00:00+00:00,World Cup - U20,Morocco U20,Korea Republic U20,Double Chance,Draw/Away,1.7,,,LOST,
2025-10-09T23:30:00+00:00,Canadian Premier League,York United,Pacific FC,1X2 / Match Winner,Home,1.62,,,LOST,
2025-10-09T23:30:00+00:00,Primera Division,U. Catolica,Nublense,Double Chance,Draw/Away,1.7,,,LOST,
2025-10-10T00:30:00+00:00,Copa Colombia,Once Caldas,Atletico Nacional,Over/Under Goals,Under 3.5,1.25,,,WON,
2025-10-10T00:35:00+00:00,Serie B,remo,Atletico Paranaense,Over/Under Goals,Over 1.5,1.45,,,WON,
2025-10-10T08:30:00+00:00,Liga 2,PSPS,Sriwijaya FC,Over/Under Goals,Under 3.5,1.4,,,WON,
2025-10-10T08:30:00+00:00,Liga 2,Persiku Kudus,Barito Putera,Team Total Goals,Over 0.5,1.15,,,WON,
2025-10-10T10:00:00+00:00,J3 League,Osaka,FC Ryukyu,Over/Under Goals,Under 3.5,1.31,,,WON,
2025-10-10T10:05:00+00:00,Liga Alef,Maccabi Ashdod,FC Jerusalem,Double Chance,Draw/Away,1.6,,,LOST,
2025-10-10T10:20:00+00:00,Friendlies,Japan,Paraguay,Over/Under Goals,Under 3.5,1.28,,,LOST,
2025-10-10T11:00:00+00:00,1st League - RS,Zvijezda 09,Leotar,Over/Under Goals,Under 3.5,1.37,,,WON,
2025-10-10T11:00:00+00:00,Friendlies,South Korea,Brazil,Over/Under Goals,Under 3.5,1.38,,,LOST,
2025-10-10T11:00:00+00:00,Liga Alef,Maccabi Nujeidat Ahmed,Maccabi Neve Sha'anan,Team Total Goals,Under 2.5,1.5,,,WON,
2025-10-10T12:00:00+00:00,Professional Development League,Colchester United U21,Charlton Athletic U21,1X2 / Match Winner,Away,1.6,,,LOST,
2025-10-10T12:30:00+00:00,Second League,La Viena FC,Itesalat,Over/Under Goals,Under 2.5,1.59,,,WON,
2025-10-10T12:30:00+00:00,Second League,Raya Ghazl,Proxy,Over/Under Goals,Under 2.5,1.44,,,LOST,
2025-10-10T12:30:00+00:00,Second League,Tersana,Dayrout,Over/Under Goals,Under 2.5,1.56,,,WON,
2025-10-10T12:45:00+00:00,Friendlies,Uruguay,Dominican Republic,Over/Under Goals,Under 3.5,1.8,,,WON,
2025-10-10T13:00:00+00:00,2. liga,Žilina II,Slovan Bratislava II,Over/Under Goals,Under 3.5,1.57,,,WON,
2025-10-10T13:00:00+00:00,3. liga - CFL B,Slovan Liberec II,Varnsdorf,1X2 / Match Winner,Home,1.53,,,WON,
2025-10-10T13:00:00+00:00,First NL,Rudes,Bsk Bijelo Brdo,Over/Under Goals,Under 3.5,1.33,,,LOST,
2025-10-10T13:00:00+00:00,III Liga - Group 3,Zagłębie Lubin II,Słowianin,BTTS,Yes,1.4,,,WON,
2025-10-10T13:00:00+00:00,Professional Development League,Queens Park Rangers U21,Watford U21,Double Chance,Home/Draw,1.54,,,WON,
2025-10-10T13:00:00+00:00,World Cup - Qualification Africa,Gambia,Gabon,Double Chance,Home/Draw,1.7,,,LOST,
2025-10-10T13:00:00+00:00,World Cup - Qualification Africa,Seychelles,Ivory Coast,Over/Under Goals,Under 3.5,4.2,,,LOST,
2025-10-10T13:00:00+00:00,World Cup - Qualification Africa,South Sudan,Senegal,Over/Under Goals,Under 3.5,1.83,,,LOST,
2025-10-10T13:00:00+00:00,World Cup - Qualification Africa,Sudan,Mauritania,Over/Under Goals,Under 2.5,1.48,,,WON,
2025-10-10T13:00:00+00:00,World Cup - Qualification Africa,Togo,Congo DR,Over/Under Goals,Under 3.5,1.18,,,WON,
2025-10-10T14:00:00+00:00,3. Division - Girone 1,Junkeren,Tromsø II,Over/Under Goals,Over 2.5,1.17,,,WON,
2025-10-10T14:45:00+00:00,Premier League,Neman,Arsenal,Over/Under Goals,Under 3.5,1.33,,,WON,
2025-10-10T15:00:00+00:00,2. liga,Pohronie,Zlaté Moravce,Over/Under Goals,Over 1.5,1.2,,,WON,
2025-10-10T15:00:00+00:00,II Liga - East,ŁKS Łódź II,Resovia Rzeszów,Over/Under Goals,Under 3.5,1.33,,,WON,
2025-10-10T15:30:00+00:00,Tercera División RFEF - Group 6,Roda,Atzeneta,Over/Under Goals,Under 3.5,1.15,,,WON,
2025-10-10T16:00:00+00:00,2. SNL,Tabor Sežana,Bilje,Over/Under Goals,Under 3.5,1.34,,,WON,
2025-10-10T16:00:00+00:00,3. liga - MSFL,Zlín II,Hranice,Asian Handicap,Home +0.25,1.26,,,WON,
2025-10-10T16:00:00+00:00,Friendlies,Bolivia,Jordan,Over/Under Goals,Under 3.5,1.25,,,WON,
2025-10-10T16:00:00+00:00,III Liga - Group 4,Cracovia Kraków II,Sparta KW,Over/Under Goals,Over 1.5,1.15,,,LOST,
2025-10-10T16:00:00+00:00,Liga III - Serie 6,CSM Targu Jiu,CSM Ramnicu Valcea,Over/Under Goals,Under 3.5,1.55,,,WON,
2025-10-10T16:00:00+00:00,World Cup - Qualification Africa,Lesotho,Nigeria,Over/Under Goals,Under 3.5,1.55,,,WON,
2025-10-10T16:00:00+00:00,World Cup - Qualification Africa,Rwanda,Benin,Over/Under Goals,Under 3.5,1.17,,,WON,
2025-10-10T16:00:00+00:00,World Cup - Qualification Africa,Sao Tome and Principe,Tunisia,Over/Under Goals,Under 3.5,2.85,,,LOST,
2025-10-10T16:00:00+00:00,World Cup - Qualification Africa,Zimbabwe,South Africa,Over/Under Goals,Under 3.5,1.28,,,WON,
2025-10-10T16:30:00+00:00,3. Division,Brønshøj,Vanløse,Asian Handicap,Home +0.25,1.49,,,WON,
2025-10-10T16:30:00+00:00,Frauen Bundesliga,RB Leipzig W,SGS Essen W,Over/Under Goals,Under 3.5,1.29,,,WON,
2025-10-10T16:30:00+00:00,III Liga - Group 1,Broń Radom,Mławianka Mława,Over/Under Goals,Under 3.5,1.7,,,WON,
2025-10-10T16:30:00+00:00,III Liga - Group 3,Lechia Zielona Góra,Górnik Zabrze II,Asian Handicap,Away -1.25,1.41,,,LOST,
2025-10-10T17:00:00+00:00,2. Division,AB Copenhagen,Skive,Over/Under Goals,Over 1.5,1.17,,,WON,
2025-10-10T17:00:00+00:00,2. Division,Fremad Amager,FC Helsingor,Over/Under Goals,Under 3.5,1.33,,,WON,
2025-10-10T17:00:00+00:00,2. Division,Vendsyssel FF,Naestved,Over/Under Goals,Under 3.5,1.36,,,WON,
2025-10-10T17:00:00+00:00,3. Division - Girone 3,Gjøvik-Lyn,Strømsgodset II,Double Chance,Home/Draw,1.22,,,WON,
2025-10-10T17:00:00+00:00,Division 2 - Västra Götaland,Hestrafor,Landvetter IS,Asian Handicap,Home +0.25,1.52,,,LOST,
2025-10-10T17:00:00+00:00,Ettan - Södra,Ariana,Angelholms FF,Over/Under Goals,Under 3.5,1.33,,,LOST,
2025-10-10T17:00:00+00:00,Ettan - Södra,Husqvarna,IFK Skövde,Over/Under Goals,Under 3.5,1.64,,,WON,
2025-10-10T17:00:00+00:00,Friendlies,Russia,Iran,Over/Under Goals,Over 1.5,1.22,,,WON,
2025-10-10T17:00:00+00:00,III Liga - Group 2,Polonia Środa,Wda Świecie,1X2 / Match Winner,Home,1.47,,,WON,
2025-10-10T17:00:00+00:00,Regionalliga - Bayern,Buchbach,Vilzing,Over/Under Goals,Under 3.5,1.6,,,LOST,
2025-10-10T17:00:00+00:00,Regionalliga - Bayern,Hankofen-Hailing,SpVgg Unterhaching,1X2 / Match Winner,Away,1.26,,,WON,
2025-10-10T17:00:00+00:00,Regionalliga - Bayern,Memmingen,Ansbach,Double Chance,Draw/Away,1.67,,,WON,
2025-10-10T17:00:00+00:00,Regionalliga - Mitte,Deutschlandsberger SC,St. Anna,1X2 / Match Winner,Home,1.4,,,WON,
2025-10-10T17:00:00+00:00,Regionalliga - Mitte,Gleisdorf 09,Voitsberg,Over/Under Goals,Over 2.5,1.2,,,WON,
2025-10-10T17:00:00+00:00,Regionalliga - Mitte,Kalsdorf,Oedt,Over/Under Goals,Over 2.5,1.4,,,WON,
2025-10-10T17:00:00+00:00,Regionalliga - Nordost,Magdeburg II,Hertha BSC II,Over/Under Goals,Under 3.5,1.62,,,LOST,
2025-10-10T17:00:00+00:00,Regionalliga - SudWest,FC 08 Homburg,FSV Frankfurt,Over/Under Goals,Under 3.5,1.7,,,LOST,
2025-10-10T17:00:00+00:00,Regionalliga - SudWest,FC Astoria Walldorf,Eintracht Trier,Double Chance,Draw/Away,1.7,,,LOST,
2025-10-10T17:10:00+00:00,Regionalliga - Ost,Favoritner AC,Mannsdorf-Großenzersdorf,BTTS,No,1.75,,,WON,
2025-10-10T17:30:00+00:00,Ettan - Norra,Örebro Syrianska,Enköping,Double Chance,Draw/Away,1.18,,,WON,
2025-10-10T17:30:00+00:00,Primera Division,San Lorenzo,San Martin S.J.,Over/Under Goals,Under 2.5,1.38,,,WON,
2025-10-10T17:30:00+00:00,Regionalliga - Ost,Krems / Rehberg,Parndorf,Over/Under Goals,Under 3.5,1.45,,,LOST,
2025-10-10T17:30:00+00:00,Regionalliga - Ost,TWL Elektra,Wiener SC,Over/Under Goals,Under 3.5,1.5,,,WON,
2025-10-10T17:30:00+00:00,Regionalliga - Ost,Traiskirchen,SV Horn,Double Chance,Draw/Away,1.53,,,WON,
2025-10-10T18:00:00+00:00,Frauenliga,First Vienna W,LASK,Over/Under Goals,Under 3.5,1.64,,,WON,
2025-10-10T18:15:00+00:00,Eerste Divisie,Almere City FC,Vitesse,BTTS,Yes,1.68,,,WON,
2025-10-10T18:15:00+00:00,Tercera División RFEF - Group 15,Beti Onak,Pamplona,Double Chance,Draw/Away,1.5,,,WON,
2025-10-10T18:30:00+00:00,FAW Championship,Afan Lido,Baglan Dragons,Over/Under Goals,Under 3.5,1.37,,,WON,
2025-10-10T18:30:00+00:00,FAW Championship,Ammanford AFC,Carmarthen Town,Over/Under Goals,Under 3.5,1.24,,,WON,
2025-10-10T18:30:00+00:00,FAW Championship,Cwmbran Celtic,Caerau (Ely),Over/Under Goals,Under 3.5,1.44,,,WON,
2025-10-10T18:30:00+00:00,FAW Championship,Newport City,Trethomas Bluebirds,Over/Under Goals,Under 3.5,1.4,,,WON,
2025-10-10T18:30:00+00:00,Primera B Metropolitana,Deportivo Laferrere,Acassuso,Over/Under Goals,Under 3.5,1.17,,,WON,
2025-10-10T18:30:00+00:00,Segunda Division,Granada CF,Las Palmas,Over/Under Goals,Under 3.5,1.22,,,WON,
2025-10-10T18:30:00+00:00,Serie C - Girone B,Arezzo,Gubbio,Asian Handicap,Home +0.25,1.15,,,WON,
2025-10-10T18:30:00+00:00,Serie C - Girone B,Bra,Athletic Carpi,Asian Handicap,Home +0.5,1.68,,,LOST,
2025-10-10T18:45:00+00:00,Challenge Cup,Clyde,Kilmarnock II,Result + Total Goals,Home/Over 1.5,1.44,,,WON,
2025-10-10T18:45:00+00:00,Challenge Cup,East Fife,Celtic II,Over/Under Goals,Over 1.5,1.17,,,WON,
2025-10-10T18:45:00+00:00,FAW Championship,Cambrian & Clydach,Trefelin,Over/Under Goals,Under 3.5,1.43,,,WON,
2025-10-10T18:45:00+00:00,FAW Championship,Rhyl,Mold Alexandra,Double Chance,Home/Draw,1.5,,,LOST,
2025-10-10T18:45:00+00:00,First Division,Dundalk,Finn Harps,Over/Under Goals,Over 1.5,1.2,,,WON,
2025-10-10T18:45:00+00:00,First Division,Kerry,Wexford,Double Chance,Home/Draw,1.5,,,LOST,
2025-10-10T18:45:00+00:00,First Division,Longford Town,Cobh Ramblers,1X2 / Match Winner,Away,1.47,,,LOST,
2025-10-10T18:45:00+00:00,First Division,Treaty United,Bray Wanderers,Over/Under Goals,Under 3.5,1.48,,,WON,
2025-10-10T18:45:00+00:00,First Division,UCD,Athlone Town,Over/Under Goals,Over 1.5,1.25,,,WON,
2025-10-10T18:45:00+00:00,Premier League,Haverfordwest County AFC,Bala Town,Over/Under Goals,Under 2.5,1.73,,,WON,
2025-10-10T19:00:00+00:00,Liga 3,Fafe,Amarante,Team Total Goals,Under 2.5,1.17,,,LOST,
2025-10-10T19:00:00+00:00,Premier Division,Shamrock Rovers,Shelbourne,Double Chance,Home/Draw,1.15,,,LOST,
2025-10-10T19:00:00+00:00,Segunda División,Fenix,Tacuarembo,Over/Under Goals,Under 3.5,1.17,,,LOST,
2025-10-10T19:15:00+00:00,Primera Division,Defensa Y Justicia,Argentinos JRS,Over/Under Goals,Under 2.5,1.53,,,WON,
2025-10-10T19:45:00+00:00,Primera Division,Central Cordoba de Santiago,Union Santa Fe,Over/Under Goals,Under 3.5,1.17,,,LOST,
2025-10-10T20:00:00+00:00,Primera B,Real Santander,Cucuta,Over/Under Goals,Under 3.5,1.28,,,WON,
2025-10-10T20:30:00+00:00,Division Profesional - Clausura,Deportivo Recoleta,Olimpia,Over/Under Goals,Under 3.5,1.38,,,WON,
2025-10-10T21:30:00+00:00,Primera Division,Newells Old Boys,Tigre,Over/Under Goals,Under 3.5,1.15,,,WON,
2025-10-10T22:00:00+00:00,Liga Premier Serie A,Zitacuaro,Zacatepec 1948,Double Chance,Draw/Away,1.18,,,LOST,
2025-10-10T22:00:00+00:00,Primera División - Clausura,Plaza Colonia,Progreso,Over/Under Goals,Under 3.5,1.18,,,WON,
2025-10-10T23:00:00+00:00,Division Profesional - Clausura,Sportivo Trinidense,General Caballero,1X2 / Match Winner,Draw,3.45,,,LOST,
2025-10-10T23:00:00+00:00,Liga MX Femenil,León W,Pachuca W,Over/Under Goals,Under 3.5,1.57,,,LOST,
2025-10-10T23:00:00+00:00,USL Championship,North Carolina,Phoenix Rising,Over/Under Goals,Under 3.5,1.31,,,WON,
2025-10-10T23:30:00+00:00,Friendlies,Canada,Australia,Team Total Goals,Under 2.5,1.17,,,WON,
2025-10-10T23:30:00+00:00,NWSL Women,Racing Louisville W,Chicago Red Stars W,Team Total Goals,Over 0.5,1.42,,,WON,
2025-10-11T00:00:00+00:00,Friendlies,Argentina,Venezuela,Over/Under Goals,Over 1.5,1.2,,,LOST,
2025-10-11T00:00:00+00:00,Liga Premier Serie A,Tecos,UA Zacatecas,Over/Under Goals,Under 3.5,1.42,,,WON,
2025-10-11T00:00:00+00:00,NWSL Women,Orlando Pride W,Portland Thorns W,Over/Under Goals,Under 3.5,1.36,,,WON,
2025-10-11T00:30:00+00:00,Friendlies,USA,Ecuador,Over/Under Goals,Under 3.5,1.25,,,WON,
2025-10-11T01:00:00+00:00,Liga MX Femenil,América W,Tigres UANL W,Over/Under Goals,Over 1.5,1.17,,,WON,
2025-10-11T01:00:00+00:00,Liga de Expansión MX,Alebrijes de Oaxaca,CA La Paz,Over/Under Goals,Under 3.5,1.57,,,WON,
2025-10-11T01:00:00+00:00,Liga de Expansión MX,Cancún,Irapuato,Over/Under Goals,Under 3.5,1.28,,,WON,
2025-10-11T01:00:00+00:00,Torneo Federal A,Juventud Antoniana,Boca Unidos,Over/Under Goals,Under 3.5,1.39,,,WON,
2025-10-11T01:30:00+00:00,Canadian Premier League,Cavalry FC,Forge,Over/Under Goals,Under 3.5,1.33,,,WON,
2025-10-11T01:30:00+00:00,Liga Premier Serie B,Gorilas de Juanacatlan,FC Racing,Double Chance,Home/Draw,1.44,,,WON,
2025-10-11T02:00:00+00:00,Australian Championship,MetroStars,APIA Leichhardt Tigers,Over/Under Goals,Under 3.5,1.4,,,WON,
2025-10-11T02:00:00+00:00,Liga de Expansión MX,Venados FC,Tepatitlán,BTTS,Yes,1.6,,,LOST,
2025-10-11T02:30:00+00:00,NWSL Women,Seattle Reign FC,Bay FC,Over/Under Goals,Under 3.5,1.25,,,WON,
2025-10-11T03:00:00+00:00,Liga MX Femenil,Tijuana W,Monterrey W,Team Total Goals,Over 1.5,1.7,,,WON,
2025-10-11T03:00:00+00:00,Second League - Group 3,SKA Khabarovsk II,Rotor-2,Asian Handicap,Home +0,1.66,,,WON,
2025-10-11T04:00:00+00:00,Australian Championship,Preston Lions,NWS Spirit,Over/Under Goals,Over 1.5,1.2,,,WON,
2025-10-11T05:00:00+00:00,J3 League,Kitakyushu,Kagoshima United,Over/Under Goals,Under 3.5,1.3,,,WON,
2025-10-11T05:00:00+00:00,J3 League,Tochigi City,Nara Club,Over/Under Goals,Under 3.5,1.57,,,WON,
2025-10-11T05:00:00+00:00,K League 2,Gimpo Citizen,Seoul E-Land FC,Over/Under Goals,Under 3.5,1.22,,,WON,
2025-10-11T05:00:00+00:00,K3 League,Siheung Citizen,Daejeon Korail,Over/Under Goals,Under 3.5,1.38,,,WON,
2025-10-11T05:00:00+00:00,Second League A - Fall Season Silver,Dinamo Vladivostok,Rodina Moskva II,Over/Under Goals,Under 3.5,1.2,,,WON,
2025-10-11T07:00:00+00:00,League Cup,Kitchee,BC Rangers,Double Chance,Draw/Away,2.4,,,LOST,
2025-10-11T07:30:00+00:00,K League 2,Hwaseong,Cheongju,Over/Under Goals,Under 3.5,1.22,,,WON,
2025-10-11T07:30:00+00:00,Liga 2,Persipal,PSIS Semarang,Double Chance,Home/Draw,1.42,,,WON,
2025-10-11T08:00:00+00:00,3. liga - CFL B,Kolín,Sokol Brozany,1X2 / Match Winner,Home,1.61,,,LOST,
2025-10-11T08:00:00+00:00,Second League - Group 4,Ural II,Dinamo Barnaul,Over/Under Goals,Under 3.5,1.57,,,LOST,
2025-10-11T08:15:00+00:00,3. liga - CFL A,Loko Vltavín,Slavia III,Over/Under Goals,Under 3.5,1.47,,,WON,
2025-10-11T08:15:00+00:00,3. liga - CFL A,Písek,Motorlet Praha,Over/Under Goals,Under 3.5,1.5,,,LOST,
2025-10-11T08:15:00+00:00,3. liga - CFL B,Jablonec II,Slovan Velvary,Over/Under Goals,Under 3.5,1.66,,,WON,
2025-10-11T08:15:00+00:00,3. liga - CFL B,Mladá Boleslav II,Baník Souš,Double Chance,Draw/Away,1.45,,,LOST,
2025-10-11T08:15:00+00:00,3. liga - CFL B,Neratovice-Byškovice,Sokol Zápy,Double Chance,Draw/Away,1.24,,,WON,
2025-10-11T08:30:00+00:00,3. liga - CFL A,České Budějovice II,Bohemians 1905 II,Double Chance,Draw/Away,1.59,,,WON,
2025-10-11T09:00:00+00:00,1. Liga U19,Sparta Praha U19,Hradec Králové U19,Team Total Goals,Under 2.5,1.55,,,WON,
2025-10-11T09:00:00+00:00,IFA Shield,Sreenidi Deccan,Namdhari,Double Chance,Home/Draw,1.5,,,LOST,
2025-10-11T09:00:00+00:00,Second League A - Fall Season Gold,Novosibirsk,Volgar Astrakhan,Over/Under Goals,Under 3.5,1.19,,,WON,
2025-10-11T09:00:00+00:00,Second League A - Fall Season Silver,Torpedo Miass,Irtysh Omsk,Over/Under Goals,Under 2.5,1.62,,,LOST,
2025-10-11T10:00:00+00:00,Division 2 - Play-offs,Kiruna FF,Lucksta,Double Chance,Draw/Away,1.63,,,WON,
2025-10-11T10:00:00+00:00,Division 2 - Västra Götaland,Qviding FIF,Böljan,1X2 / Match Winner,Home,1.42,,,WON,
2025-10-11T10:00:00+00:00,II Liga - East,Warta Poznań,Olimpia Grudziądz,Double Chance,Draw/Away,1.58,,,LOST,
2025-10-11T10:00:00+00:00,III Liga - Group 1,Jagiellonia II,Warta Sieradz,Over/Under Goals,Under 3.5,1.55,,,WON,
2025-10-11T10:00:00+00:00,III Liga - Group 2,Cartusia Kartuzy,Kluczevia Stargard,Over/Under Goals,Under 3.5,1.6,,,WON,
2025-10-11T10:00:00+00:00,III Liga - Group 3,Sparta Katowice,Pawłowice Śląskie,1X2 / Match Winner,Home,1.57,,,WON,
2025-10-11T10:00:00+00:00,III Liga - Group 4,Korona Kielce II,Wisła Kraków II,1X2 / Match Winner,Home,1.58,,,LOST,
2025-10-11T10:00:00+00:00,Liga 3,Lusitano Évora 1911,Academica,Asian Handicap,Home +0.25,1.62,,,LOST,
2025-10-11T10:00:00+00:00,Primera División Femenina,Granada,Real Sociedad W,1X2 / Match Winner,Draw,3.35,,,WON,
2025-10-11T10:00:00+00:00,Second League - Group 3,Orel,Kvant,Over/Under Goals,Under 3.5,2.38,,,LOST,
2025-10-11T10:00:00+00:00,Second League - Group 3,Strogino,Salyut-Belgorod,1X2 / Match Winner,Away,1.28,,,WON,
2025-10-11T10:00:00+00:00,Super League,Mombasa Elite,Luanda Villa,1X2 / Match Winner,Home,1.65,,,WON,
2025-10-11T10:15:00+00:00,Tercera División RFEF - Group 4,Durango,Leioa,Over/Under Goals,Under 2.5,1.62,,,WON,
2025-10-11T11:00:00+00:00,2. Division,Ishøj,Thisted FC,Asian Handicap,Home +0.25,1.7,,,LOST,
2025-10-11T11:00:00+00:00,3. Division,Holbæk B&I,Vejgaard B,Asian Handicap,Away -1.25,1.57,,,WON,
2025-10-11T11:00:00+00:00,3. Division,Hørsholm-Usserød,Sundby,1X2 / Match Winner,Draw,3.65,,,LOST,
2025-10-11T11:00:00+00:00,Damallsvenskan,Rosengård W,Djurgården,Double Chance,Draw/Away,1.7,,,WON,
2025-10-11T11:00:00+00:00,Division 2 - Norra Götaland,Grebbestad,Tord,Over/Under Goals,Over 2.5,1.7,,,LOST,
2025-10-11T11:00:00+00:00,Division 2 - Norra Svealand,Kungsängen,IFK Österåker,1X2 / Match Winner,Home,1.48,,,WON,
2025-10-11T11:00:00+00:00,Division 2 - Play-offs,IFK Luleå,IFK Östersund,Over/Under Goals,Under 3.5,1.48,,,LOST,
2025-10-11T11:00:00+00:00,Division 2 - Västra Götaland,Jonsered,Åstorp,Over/Under Goals,Over 1.5,1.15,,,LOST,
2025-10-11T11:00:00+00:00,Ettan - Norra,Karlberg,Vasalund,Over/Under Goals,Over 1.5,1.15,,,LOST,
2025-10-11T11:00:00+00:00,Ettan - Norra,Sollentuna,Assyriska FF,Over/Under Goals,Under 3.5,1.5,,,WON,
2025-10-11T11:00:00+00:00,Ettan - Södra,Ljungskile SK,Eskilsminne,Over/Under Goals,Under 3.5,1.67,,,WON,
2025-10-11T11:00:00+00:00,FKF Premier League,Homeboyz,Nairobi United,Double Chance,Home/Draw,1.17,,,LOST,
2025-10-11T11:00:00+00:00,First League,FK Sokol Saratov,FC UFA,Asian Handicap,Home +0.25,1.47,,,WON,
2025-10-11T11:00:00+00:00,League One,Dalian Huayi,Shanghai Jiading,Over/Under Goals,Under 3.5,1.28,,,WON,
2025-10-11T11:00:00+00:00,Professional Development League,Sheffield Wednesday U21,Wigan Athletic U21,Over/Under Goals,Under 3.5,1.8,,,WON,
2025-10-11T11:00:00+00:00,Regionalliga - Nord,Hannover 96 II,St. Pauli II,Team Total Goals,Under 2.5,1.62,,,WON,
2025-10-11T11:00:00+00:00,Second League - Group 3,Ryazan,Arsenal Tula II,Over/Under Goals,Under 3.5,1.65,,,WON,
2025-10-11T11:00:00+00:00,Second League A - Fall Season Gold,Tyumen,Alaniya Vladikavkaz,Over/Under Goals,Under 3.5,1.62,,,WON,
2025-10-11T11:00:00+00:00,Second League A - Fall Season Silver,Kaluga,Urozhay,Over/Under Goals,Under 3.5,1.22,,,LOST,
2025-10-11T11:00:00+00:00,Super League 2,Asteras Tripolis II,Niki Volos,Over/Under Goals,Under 3.5,1.17,,,LOST,
2025-10-11T11:00:00+00:00,Super League 2,Kalamata,Egaleo,Over/Under Goals,Over 1.5,1.17,,,WON,
2025-10-11T11:00:00+00:00,Super League 2,Makedonikos Neapolis,Iraklis 1908,Over/Under Goals,Under 3.5,1.44,,,LOST,
2025-10-11T11:00:00+00:00,Toppserien,Lyn W,Kolbotn W,Asian Handicap,Away -1.25,1.45,,,WON,
2025-10-11T11:15:00+00:00,II Liga - East,Świt Skolwin,Podhale Nowy Targ,Over/Under Goals,Under 3.5,1.4,,,WON,
2025-10-11T11:30:00+00:00,3. Division,Lyseng,Næsby,Over/Under Goals,Under 3.5,1.58,,,WON,
2025-10-11T11:30:00+00:00,FA Cup,Farnham Town,Sutton Utd,Team Total Goals,Over 0.5,1.49,,,WON,
2025-10-11T11:30:00+00:00,First League,Arsenal Tula,Torpedo Moskva,Over/Under Goals,Under 3.5,1.16,,,LOST,
2025-10-11T11:30:00+00:00,League One,Chongqing Tongliang Long,Dongguan United,Over/Under Goals,Under 3.5,1.5,,,WON,
2025-10-11T11:30:00+00:00,League One,Guangzhou E-Power,Nanjing City,Over/Under Goals,Under 3.5,1.42,,,LOST,
2025-10-11T11:30:00+00:00,League One,Hebei Kungfu,Shenyang Urban,Over/Under Goals,Under 3.5,1.28,,,WON,
2025-10-11T11:30:00+00:00,Premier League,Briton Ferry,GAP Connah S Quay FC,Over/Under Goals,Over 1.5,1.16,,,WON,
2025-10-11T12:00:00+00:00,2. Division - Group 1,Sotra,Vard,Over/Under Goals,Under 3.5,1.57,,,WON,
2025-10-11T12:00:00+00:00,2. Division - Group 2,Eidsvold,Asker,Result + Total Goals,Home/Over 1.5,1.25,,,WON,
2025-10-11T12:00:00+00:00,2. Division - Group 2,Kjelsås,Ull/Kisa,Asian Handicap,Home +0.25,1.42,,,WON,
2025-10-11T12:00:00+00:00,2. Division - Group 2,Rana,Strindheim,Team Total Goals,Over 0.5,1.3,,,WON,
2025-10-11T12:00:00+00:00,2. Division,HIK,VSK Århus,Over/Under Goals,Under 3.5,1.37,,,WON,
2025-10-11T12:00:00+00:00,2. Division,Roskilde,Brabrand,1X2 / Match Winner,Home,1.42,,,WON,
2025-10-11T12:00:00+00:00,3. Division - Girone 6,Fredrikstad II,Oppsal,Double Chance,Draw/Away,1.6,,,LOST,
2025-10-11T12:00:00+00:00,3. Division,FA 2000,Odder,Over/Under Goals,Under 3.5,1.37,,,WON,
2025-10-11T12:00:00+00:00,4. liga - Divizie E,Tatran Všechovice,Bzenec,1X2 / Match Winner,Home,1.7,,,WON,
2025-10-11T12:00:00+00:00,Damallsvenskan,Brommapojkarna W,Vittsjö,Over/Under Goals,Over 1.5,1.24,,,WON,
2025-10-11T12:00:00+00:00,Division 2 - Norra Götaland,Kumla,Kongahälla,Asian Handicap,Home +1.25,1.4,,,WON,
2025-10-11T12:00:00+00:00,Division 2 - Norra Svealand,Falu BS,Franke,1X2 / Match Winner,Home,1.2,,,LOST,
2025-10-11T12:00:00+00:00,Division 2 - Norra Svealand,Täby,Korsnäs,BTTS,Yes,1.58,,,WON,
2025-10-11T12:00:00+00:00,Division 2 - Play-offs,Täfteå,Bergnäsets,Over/Under Goals,Over 2.5,1.48,,,WON,
2025-10-11T12:00:00+00:00,Division 2 - Östra Götaland,Karlshamn,Nosaby,Over/Under Goals,Under 3.5,1.5,,,LOST,
2025-10-11T12:00:00+00:00,Division 2 - Östra Götaland,Karlskrona,IFK Hässleholm,1X2 / Match Winner,Home,1.34,,,WON,
2025-10-11T12:00:00+00:00,Division 2 - Östra Götaland,Räppe,Högaborg,Over/Under Goals,Over 1.5,1.16,,,WON,
2025-10-11T12:00:00+00:00,First League,Spartak Kostroma,KAMAZ,Over/Under Goals,Under 3.5,1.17,,,WON,
2025-10-11T12:00:00+00:00,III Liga - Group 1,Olimpia Elbląg,Bełchatów,Over/Under Goals,Under 3.5,1.55,,,LOST,
2025-10-11T12:00:00+00:00,III Liga - Group 2,Pogoń Nowe Skalmierzyce,Luzino,Over/Under Goals,Under 3.5,1.53,,,WON,
2025-10-11T12:00:00+00:00,III Liga - Group 3,Warta Gorzów,Miedź Legnica II,Over/Under Goals,Under 3.5,1.54,,,WON,
2025-10-11T12:00:00+00:00,Kakkonen - Play-offs,Honka,VJS,Over/Under Goals,Over 2.5,1.6,,,WON,
2025-10-11T12:00:00+00:00,Liga 2,Deltras,Persipura Jayapura,Double Chance,Draw/Away,1.55,,,LOST,
2025-10-11T12:00:00+00:00,Liga 2,PSMS Medan,Persikad Depok FC,Asian Handicap,Away -1.25,1.21,,,WON,
2025-10-11T12:00:00+00:00,Liga III - Serie 1,Stiinta Miroslava,Bucovina Rădăuţi,Asian Handicap,Away -1.25,1.45,,,WON,
2025-10-11T12:00:00+00:00,Liga III - Serie 2,Unirea Braniştea,Braila,BTTS,Yes,1.44,,,WON,
2025-10-11T12:00:00+00:00,Liga III - Serie 8,Arieşul Turda,Unirea Dej,Over/Under Goals,Under 3.5,1.42,,,WON,
2025-10-11T12:00:00+00:00,Primera División RFEF - Group 2,Villarreal II,Real Betis II,Over/Under Goals,Under 3.5,1.25,,,LOST,
2025-10-11T12:00:00+00:00,Regionalliga - Bayern,Bayreuth,Würzburger Kickers,Over/Under Goals,Under 3.5,1.36,,,WON,
2025-10-11T12:00:00+00:00,Regionalliga - Bayern,Greuther Fürth II,Wacker Burghausen,Double Chance,Draw/Away,1.44,,,WON,
2025-10-11T12:00:00+00:00,Regionalliga - Bayern,Viktoria Aschaffenburg,Illertissen,Team Total Goals,Over 0.5,1.17,,,WON,
2025-10-11T12:00:00+00:00,Regionalliga - Nord,SV Meppen,BW Lohne,Over/Under Goals,Over 2.5,1.28,,,WON,
2025-10-11T12:00:00+00:00,Regionalliga - Ost,Union Mauer,Donau,Double Chance,Draw/Away,1.25,,,WON,
2025-10-11T12:00:00+00:00,Regionalliga - SudWest,Barockstadt Fulda-Lehn.,SV Sandhausen,1X2 / Match Winner,Home,1.65,,,LOST,
2025-10-11T12:00:00+00:00,Regionalliga - SudWest,FSV Mainz 05 II,Balingen,1X2 / Match Winner,Home,1.44,,,WON,
2025-10-11T12:00:00+00:00,Regionalliga - SudWest,Freiburg II,Hessen Kassel,Over/Under Goals,Over 2.5,1.4,,,WON,
2025-10-11T12:00:00+00:00,Regionalliga - SudWest,Kickers Offenbach,Schott Mainz,Over/Under Goals,Over 2.5,1.4,,,WON,
2025-10-11T12:00:00+00:00,Regionalliga - SudWest,Stuttgarter Kickers,Bahlinger SC,Over/Under Goals,Under 3.5,1.8,,,WON,
2025-10-11T12:00:00+00:00,Regionalliga - SudWest,TSV Steinbach,SGV Freiberg,BTTS,Yes,1.4,,,WON,
2025-10-11T12:00:00+00:00,Regionalliga - West,Paderborn II,FC Gutersloh,Over/Under Goals,Under 3.5,1.53,,,WON,
2025-10-11T12:00:00+00:00,Second League - Group 1,Kuban Kholding,Sevastopol,Over/Under Goals,Under 3.5,1.24,,,WON,
2025-10-11T12:00:00+00:00,Second League - Group 1,Spartak Nalchik,Legion Dynamo,Asian Handicap,Home +1.25,1.15,,,WON,
2025-10-11T12:00:00+00:00,Super League,Vihiga United FC,Naivas,Over/Under Goals,Under 2.5,1.5,,,WON,
2025-10-11T12:00:00+00:00,Tweede Divisie,Katwijk,AFC Amsterdam,Over/Under Goals,Under 3.5,1.56,,,WON,
2025-10-11T12:30:00+00:00,Derde Divisie - Sunday,Noordwijk,UNA,Double Chance,Home/Draw,1.5,,,WON,
2025-10-11T12:30:00+00:00,Regionalliga - West,Wals-Grünau,Hohenems,Double Chance,Home/Draw,1.53,,,WON,
2025-10-11T12:30:00+00:00,Serie C - Girone A,Giana Erminio,Novara,Over/Under Goals,Under 3.5,1.25,,,WON,
2025-10-11T12:30:00+00:00,Serie C - Girone B,Perugia,Rimini,Over/Under Goals,Under 3.5,1.2,,,WON,
2025-10-11T12:30:00+00:00,Serie C - Girone C,AZ Picerno,Casertana,Over/Under Goals,Under 3.5,1.23,,,WON,
2025-10-11T12:30:00+00:00,Serie C - Girone C,Foggia,Crotone,Over/Under Goals,Under 3.5,1.3,,,WON,
2025-10-11T12:30:00+00:00,Serie C - Girone C,Giugliano,Catania,Double Chance,Draw/Away,1.19,,,WON,
2025-10-11T12:30:00+00:00,Tweede Divisie,Excelsior Maassluis,ACV,Asian Handicap,Home +0,1.5,,,WON,
2025-10-11T12:30:00+00:00,Tweede Divisie,Hoek,HHC,Double Chance,Draw/Away,1.5,,,LOST,
2025-10-11T12:30:00+00:00,Tweede Divisie,Koninklijke HFC,Kozakken Boys,Over/Under Goals,Under 3.5,1.45,,,WON,
2025-10-11T12:30:00+00:00,Tweede Divisie,RKAV Volendam,GVVV Veenendaal,Over/Under Goals,Under 3.5,1.59,,,WON,
2025-10-11T12:30:00+00:00,Tweede Divisie,Rijnsburgse Boys,Barendrecht,Team Total Goals,Over 0.5,1.3,,,WON,
2025-10-11T13:00:00+00:00,1. Liga Promotion,Paradiso,FC Schaffhausen,Over/Under Goals,Over 2.5,1.44,,,WON,
2025-10-11T13:00:00+00:00,1st League - FBiH,Travnik,Stupčanica Olovo,Over/Under Goals,Under 2.5,2.0,,,WON,
2025-10-11T13:00:00+00:00,2. Division - Group 1,Eik-Tønsberg,Flekkerøy,Over/Under Goals,Under 3.5,1.73,,,WON,
2025-10-11T13:00:00+00:00,2. Lig,Halide Edip Adıvar,Batman Petrolspor,Double Chance,Draw/Away,1.17,,,WON,
2025-10-11T13:00:00+00:00,2. SNL,Bistrica,Nafta,Over/Under Goals,Over 1.5,1.2,,,WON,
2025-10-11T13:00:00+00:00,2. liga,Baník Lehota p.Vtáčnikom,Slávia TU Košice,Double Chance,Home/Draw,1.44,,,WON,
2025-10-11T13:00:00+00:00,2. liga,Púchov,Dukla Banská Bystrica,Team Total Goals,Under 2.5,1.24,,,LOST,
2025-10-11T13:00:00+00:00,2. liga,Stará Ľubovňa,Liptovský Mikuláš,Over/Under Goals,Under 3.5,1.33,,,WON,
2025-10-11T13:00:00+00:00,2. liga,Šamorín,Považská Bystrica,Over/Under Goals,Under 3.5,1.35,,,WON,
2025-10-11T13:00:00+00:00,3. Division - Girone 5,Viking II,Madla,Asian Handicap,Home +0.25,1.53,,,LOST,
2025-10-11T13:00:00+00:00,3. Division - Girone 5,Våg,Torvastad,Over/Under Goals,Over 2.5,1.2,,,WON,
2025-10-11T13:00:00+00:00,3. Division,Nykobing FC,Frem,Over/Under Goals,Under 3.5,1.46,,,WON,
2025-10-11T13:00:00+00:00,3. liga - East,Spišská Nová Ves,Lipany,Double Chance,Home/Draw,1.15,,,WON,
2025-10-11T13:00:00+00:00,Damallsvenskan,Häcken,Hammarby,Over/Under Goals,Over 1.5,1.24,,,WON,
2025-10-11T13:00:00+00:00,Damallsvenskan,Kristianstad,Norrköping W,Over/Under Goals,Under 3.5,1.38,,,WON,
2025-10-11T13:00:00+00:00,Damallsvenskan,Malmö FF W,Linköping,Over/Under Goals,Over 1.5,1.15,,,WON,
2025-10-11T13:00:00+00:00,Division 2 - Norra Götaland,Skara,Haga,Over/Under Goals,Under 3.5,1.69,,,WON,
2025-10-11T13:00:00+00:00,Division 2 - Play-offs,Gottne,Skellefteå,Double Chance,Home/Draw,1.54,,,WON,
2025-10-11T13:00:00+00:00,Division 2 - Västra Götaland,Onsala,Laholm,Over/Under Goals,Over 2.5,1.4,,,WON,
2025-10-11T13:00:00+00:00,First League,Volga Ulyanovsk,Enisey,Over/Under Goals,Under 3.5,1.18,,,LOST,
2025-10-11T13:00:00+00:00,Frauen Bundesliga,VfL Wolfsburg W,Bayern Munich W,BTTS,Yes,1.5,,,WON,
2025-10-11T13:00:00+00:00,II Liga - East,Sokół Kleczew,Unia Skierniewice,Over/Under Goals,Over 1.5,1.16,,,WON,
2025-10-11T13:00:00+00:00,III Liga - Group 1,Wasilków,Ząbkovia Ząbki,1X2 / Match Winner,Away,1.45,,,WON,
2025-10-11T13:00:00+00:00,III Liga - Group 1,Znicz Biała Piska,Troszyn,Team Total Goals,Under 2.5,1.52,,,LOST,
2025-10-11T13:00:00+00:00,III Liga - Group 2,Elana Toruń,Victoria Września,1X2 / Match Winner,Home,1.41,,,WON,
2025-10-11T13:00:00+00:00,III Liga - Group 2,Flota Świnoujście,Zawisza Bydgoszcz,Over/Under Goals,Under 3.5,1.5,,,WON,
2025-10-11T13:00:00+00:00,III Liga - Group 2,Stargard Szczeciński,Unia Swarzędz,Team Total Goals,Under 2.5,1.54,,,WON,
2025-10-11T13:00:00+00:00,III Liga - Group 3,Carina Gubin,Goczałkowice Zdrój,Over/Under Goals,Under 3.5,1.48,,,WON,
2025-10-11T13:00:00+00:00,III Liga - Group 3,Kluczbork,Stal Jasień,1X2 / Match Winner,Home,1.15,,,WON,
2025-10-11T13:00:00+00:00,III Liga - Group 3,SKRA Częstochowa,Polonia Nysa,Over/Under Goals,Over 1.5,1.19,,,WON,
2025-10-11T13:00:00+00:00,III Liga - Group 3,Ślęza Wrocław,Górnik Polkowice,Double Chance,Draw/Away,1.2,,,WON,
2025-10-11T13:00:00+00:00,III Liga - Group 4,Chełmianka Chełm,Wiślanie Jaśkowice,Over/Under Goals,Under 3.5,1.57,,,WON,
2025-10-11T13:00:00+00:00,League One,Northampton,Rotherham,Over/Under Goals,Under 3.5,1.22,,,WON,
2025-10-11T13:00:00+00:00,Regionalliga - Nord,Hamburger SV II,Werder Bremen II,Team Total Goals,Under 2.5,1.22,,,LOST,
2025-10-11T13:00:00+00:00,Second League - Group 1,Dinamo Stavropol,Pobeda,Asian Handicap,Home +0.25,1.19,,,WON,
2025-10-11T13:00:00+00:00,Second League - Group 1,Druzhba,Astrakhan,Asian Handicap,Home +0.25,1.67,,,WON,
2025-10-11T13:00:00+00:00,Second League,Osogovo,Belasica,Over/Under Goals,Under 2.5,1.67,,,LOST,
2025-10-11T13:00:00+00:00,Second League,Teteks,Shkëndija Haraçinë,1X2 / Match Winner,Away,1.53,,,WON,
2025-10-11T13:00:00+00:00,Segunda División,Deportivo Maldonado,Colón,Over/Under Goals,Under 2.5,1.5,,,WON,
2025-10-11T13:00:00+00:00,Segunda División,Rampla Juniors,Central Espanol,Double Chance,Home/Draw,1.45,,,LOST,
2025-10-11T13:00:00+00:00,Super League 2,Kampaniakos Chalastra,Nestos Chrisoupolis,Double Chance,Draw/Away,1.5,,,WON,
2025-10-11T13:00:00+00:00,Super League 2,Marko,Ellas Syros,Over/Under Goals,Under 3.5,1.19,,,WON,
2025-10-11T13:00:00+00:00,Tweede Divisie,Spakenburg,Ijsselmeervogels,Over/Under Goals,Under 3.5,1.69,,,WON,
2025-10-11T13:00:00+00:00,Tweede Divisie,Sparta Rotterdam II,Quick Boys,Over/Under Goals,Over 1.5,1.15,,,WON,
2025-10-11T13:30:00+00:00,1. Liga Promotion,Basel II,Lausanne Sport II,Over/Under Goals,Over 2.5,1.44,,,WON,
2025-10-11T13:30:00+00:00,2. SNL,Dravinja,Rudar,Over/Under Goals,Under 3.5,1.3,,,WON,
2025-10-11T13:30:00+00:00,2. SNL,Jesenice,Brinje-Grosuplje,Over/Under Goals,Over 1.5,1.16,,,WON,
2025-10-11T13:30:00+00:00,2. SNL,Krško,Triglav,1X2 / Match Winner,Away,1.4,,,WON,
2025-10-11T13:30:00+00:00,3. Division - Girone 6,Lokomotiv Oslo,IF Ready,Over/Under Goals,Over 2.5,1.4,,,WON,
2025-10-11T13:30:00+00:00,3. liga - CFL A,Jiskra Domažlice,Petřín Plzeň,1X2 / Match Winner,Home,1.25,,,WON,
2025-10-11T13:30:00+00:00,3. liga - CFL B,Arsenal Česká Lípa,Hradec Králové II,Team Total Goals,Under 2.5,1.41,,,WON,
2025-10-11T13:30:00+00:00,First NL,Dubrava Zagreb,Orijent 1919,Over/Under Goals,Under 3.5,1.28,,,LOST,
2025-10-11T13:30:00+00:00,First NL,Hrvace,Opatija,Asian Handicap,Home +0.25,1.52,,,WON,
2025-10-11T13:30:00+00:00,Premier League,Barry Town,Caernarfon Town,Asian Handicap,Away -0.25,1.41,,,WON,
2025-10-11T13:30:00+00:00,Premier League,Colwyn Bay,Cardiff MET,Over/Under Goals,Under 3.5,1.28,,,WON,
2025-10-11T13:30:00+00:00,Premier League,Flint Town United,llanelli AFC,Over/Under Goals,Under 3.5,1.73,,,LOST,
2025-10-11T13:30:00+00:00,Second NL,Dugo Selo,Križevci,Over/Under Goals,Under 3.5,1.29,,,WON,
2025-10-11T13:30:00+00:00,Second NL,Solin,Hrvatski Dragovoljac,Over/Under Goals,Under 3.5,1.48,,,WON,
2025-10-11T13:30:00+00:00,Tercera División RFEF - Group 15,Beti Kozkor,Izarra,Double Chance,Draw/Away,1.4,,,WON,
2025-10-11T14:00:00+00:00,1. Liga Promotion,Bavois,Biel-Bienne,Over/Under Goals,Over 2.5,1.5,,,WON,
2025-10-11T14:00:00+00:00,1. Liga Promotion,Young Boys II,Lugano II,Double Chance,Draw/Away,1.58,,,LOST,
2025-10-11T14:00:00+00:00,1. Liga Promotion,Zürich II,Cham,Double Chance,Home/Draw,1.41,,,WON,
2025-10-11T14:00:00+00:00,2. Division - Group 2,Levanger,Alta,Team Total Goals,Under 2.5,1.57,,,WON,
2025-10-11T14:00:00+00:00,Championship,Annagh United,H&W Welders,Double Chance,Draw/Away,1.55,,,LOST,
2025-10-11T14:00:00+00:00,Championship,Arbroath,Queen's Park,Over/Under Goals,Under 3.5,1.33,,,LOST,
2025-10-11T14:00:00+00:00,Championship,Ards,Limavady United,Over/Under Goals,Under 3.5,1.33,,,LOST,
2025-10-11T14:00:00+00:00,Championship,Ballinamallard United,Armagh City,Double Chance,Draw/Away,1.57,,,LOST,
2025-10-11T14:00:00+00:00,Championship,Dundela,Newington Youth,Over/Under Goals,Over 1.5,1.19,,,LOST,
2025-10-11T14:00:00+00:00,Championship,Morton,Partick,1X2 / Match Winner,Draw,3.4,,,WON,
2025-10-11T14:00:00+00:00,Championship,Raith Rovers,Ayr Utd,Over/Under Goals,Under 3.5,1.25,,,WON,
2025-10-11T14:00:00+00:00,Championship,ST Johnstone,Ross County,Over/Under Goals,Under 3.5,1.35,,,WON,
2025-10-11T14:00:00+00:00,Damallsvenskan,AIK,Alingsås W,1X2 / Match Winner,Home,1.19,,,WON,
2025-10-11T14:00:00+00:00,Ettan - Norra,AFC Eskilstuna,Stocksund,BTTS,Yes,1.42,,,WON,
2025-10-11T14:00:00+00:00,Ettan - Norra,Haninge,Hammarby Talang,Over/Under Goals,Over 2.5,1.5,,,WON,
2025-10-11T14:00:00+00:00,Ettan - Norra,Stockholm Internazionale,IF Karlstad,Over/Under Goals,Under 3.5,1.37,,,WON,
2025-10-11T14:00:00+00:00,Ettan - Södra,Oskarshamns AIK,Jonkopings Sodra,Over/Under Goals,Under 3.5,1.36,,,WON,
2025-10-11T14:00:00+00:00,Ettan - Södra,Skövde AIK,Lund,Over/Under Goals,Under 3.5,1.55,,,WON,
2025-10-11T14:00:00+00:00,Ettan - Södra,Trollhättan,Torslanda,Over/Under Goals,Under 3.5,1.7,,,LOST,
2025-10-11T14:00:00+00:00,FA Cup,AFC Totton,Truro City,Over/Under Goals,Under 3.5,1.33,,,WON,
2025-10-11T14:00:00+00:00,FA Cup,Altrincham,Harborough Town,Over/Under Goals,Under 3.5,1.44,,,LOST,
2025-10-11T14:00:00+00:00,FA Cup,Aveley,Gateshead,Over/Under Goals,Under 3.5,1.75,,,WON,
2025-10-11T14:00:00+00:00,FA Cup,Banbury United,St Albans City,Double Chance,Home/Draw,1.4,,,WON,
2025-10-11T14:00:00+00:00,FA Cup,Braintree,Farnborough,Over/Under Goals,Under 3.5,1.57,,,WON,
2025-10-11T14:00:00+00:00,FA Cup,Carlisle,Boston United,Team Total Goals,Under 2.5,1.34,,,LOST,
2025-10-11T14:00:00+00:00,FA Cup,Chelmsford City,Chippenham Town,Over/Under Goals,Under 3.5,1.38,,,LOST,
2025-10-11T14:00:00+00:00,FA Cup,Eastbourne Borough,Boreham Wood,Over/Under Goals,Under 3.5,1.33,,,WON,
2025-10-11T14:00:00+00:00,FA Cup,Ebbsfleet United,Solihull Moors,Over/Under Goals,Under 3.5,1.41,,,WON,
2025-10-11T14:00:00+00:00,First League,FK Neftekhimik,Chayka,Over/Under Goals,Under 2.5,1.55,,,LOST,
2025-10-11T14:00:00+00:00,First League,Shinnik Yaroslavl,Fakel,Double Chance,Home/Draw,1.58,,,LOST,
2025-10-11T14:00:00+00:00,III Liga - Group 4,Czarni Połaniec,Świdniczanka Świdnik,Over/Under Goals,Over 1.5,1.16,,,WON,
2025-10-11T14:00:00+00:00,League One,AFC Wimbledon,Port Vale,Over/Under Goals,Under 3.5,1.18,,,WON,
2025-10-11T14:00:00+00:00,League One,Burton Albion,Bolton,Over/Under Goals,Under 3.5,1.36,,,WON,
2025-10-11T14:00:00+00:00,League One,Exeter City,Reading,Over/Under Goals,Under 3.5,1.33,,,WON,
2025-10-11T14:00:00+00:00,League One,Leyton Orient,Doncaster,Over/Under Goals,Over 1.5,1.25,,,WON,
2025-10-11T14:00:00+00:00,League One,Stockport County,Blackpool,Over/Under Goals,Under 3.5,1.33,,,WON,
2025-10-11T14:00:00+00:00,League Two,Bristol Rovers,Milton Keynes Dons,Over/Under Goals,Over 1.5,1.3,,,WON,
2025-10-11T14:00:00+00:00,League Two,Chesterfield,Salford City,Over/Under Goals,Over 1.5,1.22,,,WON,
2025-10-11T14:00:00+00:00,League Two,Crawley Town,Walsall,Over/Under Goals,Over 1.5,1.33,,,WON,
2025-10-11T14:00:00+00:00,League Two,Crewe,Bromley,Asian Handicap,Home +0,1.57,,,LOST,
2025-10-11T14:00:00+00:00,League Two,Fleetwood Town,Harrogate Town,Team Total Goals,Over 0.5,1.53,,,WON,
2025-10-11T14:00:00+00:00,League Two,Gillingham,Cheltenham,Over/Under Goals,Over 1.5,1.33,,,WON,
2025-10-11T14:00:00+00:00,League Two,Grimsby,Colchester,Over/Under Goals,Over 1.5,1.25,,,WON,
2025-10-11T14:00:00+00:00,League Two,Shrewsbury,Cambridge United,Over/Under Goals,Over 1.5,1.45,,,WON,
2025-10-11T14:00:00+00:00,League Two,Tranmere,Barnet,Over/Under Goals,Over 1.5,1.33,,,WON,
2025-10-11T14:00:00+00:00,National League - North,AFC Fylde,Worksop Town,Over/Under Goals,Over 1.5,1.17,,,WON,
2025-10-11T14:00:00+00:00,National League - North,Chorley,Oxford City,Over/Under Goals,Under 3.5,1.5,,,LOST,
2025-10-11T14:00:00+00:00,National League - North,Kidderminster Harriers,Radcliffe,Team Total Goals,Over 0.5,1.48,,,WON,
2025-10-11T14:00:00+00:00,National League - North,Marine,Curzon Ashton,Double Chance,Draw/Away,1.67,,,WON,
2025-10-11T14:00:00+00:00,National League - North,Scarborough Athletic,Leamington,Over/Under Goals,Under 3.5,1.44,,,WON,
2025-10-11T14:00:00+00:00,National League - South,Dover,Horsham,Over/Under Goals,Over 1.5,1.17,,,WON,
2025-10-11T14:00:00+00:00,National League - South,Maidstone Utd,Chesham United,Over/Under Goals,Under 2.5,1.91,,,WON,
2025-10-11T14:00:00+00:00,National League - South,Torquay,Dagenham & Redbridge,1X2 / Match Winner,Draw,3.78,,,WON,
2025-10-11T14:00:00+00:00,Non League Premier - Isthmian,Brentwood Town,Dartford,Asian Handicap,Home +0.25,1.57,,,WON,
2025-10-11T14:00:00+00:00,Non League Premier - Isthmian,Burgess Hill Town,Hashtag United,Asian Handicap,Home +0.25,1.52,,,WON,
2025-10-11T14:00:00+00:00,Non League Premier - Isthmian,Cheshunt,Cray Valley PM,Asian Handicap,Home +0.25,1.49,,,WON,
2025-10-11T14:00:00+00:00,Non League Premier - Isthmian,Potters Bar Town,Canvey Island,Asian Handicap,Away -1.25,1.41,,,WON,
2025-10-11T14:00:00+00:00,Non League Premier - Isthmian,Whitehawk,Carshalton Athletic,Asian Handicap,Away -0.25,1.5,,,LOST,
2025-10-11T14:00:00+00:00,Non League Premier - Isthmian,Wingate & Finchley,Ramsgate,Over/Under Goals,Over 2.5,1.41,,,LOST,
2025-10-11T14:00:00+00:00,Non League Premier - Northern,Ashton United,Whitby Town,Double Chance,Home/Draw,1.22,,,LOST,
2025-10-11T14:00:00+00:00,Non League Premier - Northern,Bamber Bridge,Rushall Olympic,Double Chance,Home/Draw,1.44,,,WON,
2025-10-11T14:00:00+00:00,Non League Premier - Northern,Cleethorpes Town,Prescot Cables,Over/Under Goals,Under 3.5,1.44,,,WON,
2025-10-11T14:00:00+00:00,Non League Premier - Northern,Guiseley AFC,Ilkeston Town,Double Chance,Draw/Away,1.67,,,WON,
2025-10-11T14:00:00+00:00,Non League Premier - Northern,Leek Town,Lancaster City,Over/Under Goals,Under 3.5,1.36,,,WON,
2025-10-11T14:00:00+00:00,Non League Premier - Northern,Rylands,Morpeth Town,Over/Under Goals,Under 3.5,1.39,,,LOST,
2025-10-11T14:00:00+00:00,Non League Premier - Northern,Stocksbridge Park Steels,Warrington Town,Asian Handicap,Home +0.25,1.61,,,WON,
2025-10-11T14:00:00+00:00,Non League Premier - Northern,United of Manchester,Hebburn Town,Over/Under Goals,Under 2.5,2.38,,,WON,
2025-10-11T14:00:00+00:00,Non League Premier - Southern Central,Alvechurch,Kettering Town,Over/Under Goals,Under 3.5,1.27,,,WON,
2025-10-11T14:00:00+00:00,Non League Premier - Southern Central,Bishop's Stortford,Redditch United,Double Chance,Draw/Away,1.6,,,LOST,
2025-10-11T14:00:00+00:00,Non League Premier - Southern Central,Bromsgrove Sporting,Bury Town,Asian Handicap,Home +0,1.6,,,WON,
2025-10-11T14:00:00+00:00,Non League Premier - Southern Central,Real Bedford,Barwell,1X2 / Match Winner,Home,1.7,,,LOST,
2025-10-11T14:00:00+00:00,Non League Premier - Southern Central,Royston Town,Halesowen Town,Double Chance,Draw/Away,1.4,,,WON,
2025-10-11T14:00:00+00:00,Non League Premier - Southern Central,Stourbridge,Leiston,Double Chance,Draw/Away,1.6,,,WON,
2025-10-11T14:00:00+00:00,Non League Premier - Southern Central,Stratford Town,AFC Sudbury,Team Total Goals,Under 2.5,1.2,,,WON,
2025-10-11T14:00:00+00:00,Non League Premier - Southern South,Evesham United,Tiverton Town,BTTS,Yes,1.66,,,LOST,
2025-10-11T14:00:00+00:00,Non League Premier - Southern South,Gloucester City,Sholing,Over/Under Goals,Over 1.5,1.15,,,WON,
2025-10-11T14:00:00+00:00,Non League Premier - Southern South,Gosport Borough,Hungerford Town,Asian Handicap,Home +0,1.64,,,WON,
2025-10-11T14:00:00+00:00,Non League Premier - Southern South,Hanwell Town,Dorchester Town,Over/Under Goals,Under 3.5,1.31,,,WON,
2025-10-11T14:00:00+00:00,Non League Premier - Southern South,Plymouth Parkway,Bracknell Town,Double Chance,Home/Draw,1.5,,,WON,
2025-10-11T14:00:00+00:00,Non League Premier - Southern South,Poole Town,Weymouth,Asian Handicap,Home +0,1.48,,,WON,
2025-10-11T14:00:00+00:00,Non League Premier - Southern South,Taunton Town,Chertsey Town,Asian Handicap,Away -1.25,1.42,,,WON,
2025-10-11T14:00:00+00:00,Non League Premier - Southern South,Uxbridge,Basingstoke Town,Over/Under Goals,Over 1.5,1.17,,,WON,
2025-10-11T14:00:00+00:00,Non League Premier - Southern South,Walton & Hersham,Wimborne Town,Over/Under Goals,Under 3.5,1.54,,,WON,
2025-10-11T14:00:00+00:00,Non League Premier - Southern South,Yate Town,Berkhamsted,Asian Handicap,Home +0.25,1.45,,,WON,
2025-10-11T14:00:00+00:00,Premiership,Ballymena United,Coleraine FC,Team Total Goals,Over 0.5,1.17,,,WON,
2025-10-11T14:00:00+00:00,Premiership,Carrick Rangers,Portadown,Over/Under Goals,Under 3.5,1.33,,,WON,
2025-10-11T14:00:00+00:00,Premiership,Dungannon Swifts,Glentoran,Over/Under Goals,Under 3.5,1.36,,,LOST,
2025-10-11T14:00:00+00:00,Premiership,Glenavon FC,Bangor,Over/Under Goals,Under 3.5,1.4,,,WON,
2025-10-11T14:00:00+00:00,Primera División RFEF - Group 1,Celta de Vigo II,Ourense CF,Over/Under Goals,Under 3.5,1.25,,,WON,
2025-10-11T14:00:00+00:00,Primera División RFEF - Group 2,Marbella,Eldense,Over/Under Goals,Under 3.5,1.2,,,WON,
2025-10-11T14:00:00+00:00,Regionalliga - Nord,SSV Jeddeloh,Phönix Lübeck,Over/Under Goals,Under 3.5,1.91,,,WON,
2025-10-11T14:00:00+00:00,Regionalliga - Ost,Retz,Oberwart,Over/Under Goals,Under 3.5,1.55,,,LOST,
2025-10-11T14:00:00+00:00,Regionalliga - Ost,Wiener Viktoria,Fach-Donaufeld,1X2 / Match Winner,Away,1.55,,,LOST,
2025-10-11T14:00:00+00:00,Regionalliga - West,Lauterach,Bischofshofen,Asian Handicap,Home +1.25,1.85,,,LOST,
2025-10-11T14:00:00+00:00,Second League - Group 3,FK Spartak Tambov,Metallurg Lipetsk,Over/Under Goals,Under 3.5,1.56,,,WON,
2025-10-11T14:00:00+00:00,Second League - Group 3,Znamya Truda,Zenit Penza,Over/Under Goals,Under 3.5,1.66,,,LOST,
2025-10-11T14:00:00+00:00,Shield Cup,Al Hussein,Al Buqa'a,1X2 / Match Winner,Home,1.2,,,LOST,
2025-10-11T14:15:00+00:00,Primera División RFEF - Group 2,Tarazona,Real Murcia,Over/Under Goals,Under 3.5,1.15,,,WON,
2025-10-11T14:15:00+00:00,Segunda Division,Mirandes,Leganes,Double Chance,Home/Draw,1.5,,,WON,
2025-10-11T14:15:00+00:00,Segunda División RFEF - Group 1,Deportivo La Coruña II,Langreo,1X2 / Match Winner,Home,1.7,,,WON,
2025-10-11T14:30:00+00:00,Liga 3,Mafra,Amora,Over/Under Goals,Under 2.5,1.58,,,WON,
2025-10-11T14:30:00+00:00,Primera División Femenina,Espanyol W,Alhama,Over/Under Goals,Under 3.5,1.25,,,WON,
2025-10-11T14:30:00+00:00,Segunda División RFEF - Group 1,Racing Santander II,UD Ourense,Double Chance,Draw/Away,1.67,,,WON,
2025-10-11T14:30:00+00:00,Segunda Liga,União de Leiria,Oliveirense,1X2 / Match Winner,Draw,4.18,,,WON,
2025-10-11T14:30:00+00:00,Tercera División RFEF - Group 15,Ardoi,Bidezarra,Double Chance,Home/Draw,1.22,,,WON,
2025-10-11T15:00:00+00:00,Division 2 - Play-offs,Friska Viljor,Boden City,BTTS,Yes,1.44,,,WON,
2025-10-11T15:00:00+00:00,III Liga - Group 3,Karkonosze Jelenia Góra,Starowice Dolne,Over/Under Goals,Under 3.5,1.53,,,WON,
2025-10-11T15:00:00+00:00,III Liga - Group 4,KSZO 1929,Siarka Tarnobrzeg,Double Chance,Draw/Away,2.07,,,WON,
2025-10-11T15:00:00+00:00,Liga 3,Trofense,Varzim,Over/Under Goals,Under 3.5,1.17,,,WON,
2025-10-11T15:00:00+00:00,Second League - Group 1,Sochi II,Rubin Yalta,Asian Handicap,Home +0.25,1.4,,,LOST,
2025-10-11T15:00:00+00:00,Segunda División RFEF - Group 1,Marino de Luanco,Gimnástica Segoviana,Over/Under Goals,Under 2.5,1.44,,,WON,
2025-10-11T15:00:00+00:00,Segunda División RFEF - Group 3,Barbastro,Torrent,Over/Under Goals,Under 3.5,1.15,,,WON,
2025-10-11T15:00:00+00:00,Tercera División RFEF - Group 4,Santurtzi,Touring,Over/Under Goals,Under 2.5,1.62,,,WON,
2025-10-11T15:30:00+00:00,1. Liga Promotion,Vevey Sports,Grand-Saconnex,Over/Under Goals,Over 2.5,1.41,,,WON,
2025-10-11T15:30:00+00:00,First NL,Karlovac 1919,HNK Cibalia,Over/Under Goals,Under 3.5,1.33,,,WON,
2025-10-11T15:30:00+00:00,Primera B,Magallanes,Santiago Morning,Over/Under Goals,Under 3.5,1.25,,,WON,
2025-10-11T15:30:00+00:00,Primera División - Clausura,Liverpool Montevideo,Racing Montevideo,Over/Under Goals,Under 3.5,1.22,,,LOST,
2025-10-11T15:30:00+00:00,Segunda División RFEF - Group 5,Real Madrid III,Getafe II,Over/Under Goals,Under 3.5,1.23,,,WON,
2025-10-11T15:30:00+00:00,Serie A Women,Fiorentina W,Inter Milano W,Double Chance,Home/Draw,1.44,,,WON,
2025-10-11T15:30:00+00:00,Serie C - Girone A,Pergolettese,Alcione,Over/Under Goals,Under 3.5,1.26,,,WON,
2025-10-11T15:30:00+00:00,Serie C - Girone A,Vicenza Virtus,Virtus Verona,Over/Under Goals,Under 3.5,1.33,,,WON,
2025-10-11T15:30:00+00:00,Serie C - Girone B,Forli,Ternana,Over/Under Goals,Under 3.5,1.19,,,WON,
2025-10-11T15:30:00+00:00,Serie C - Girone B,Guidonia Montecelio 1937,Pianese,Over/Under Goals,Under 3.5,1.21,,,WON,
2025-10-11T15:30:00+00:00,Serie C - Girone B,Pineto,Livorno,Over/Under Goals,Under 3.5,1.18,,,WON,
2025-10-11T15:30:00+00:00,Tercera División RFEF - Group 11,Collerense,Llosetense,Double Chance,Draw/Away,1.55,,,WON,
2025-10-11T16:00:00+00:00,1st League - FBiH,Čelik,Vitez,Asian Handicap,Away -1.25,1.88,,,LOST,
2025-10-11T16:00:00+00:00,Derde Divisie - Saturday,Hoogeveen,URK,Over/Under Goals,Over 2.5,1.4,,,WON,
2025-10-11T16:00:00+00:00,First League,Rodina Moskva,Ska-khabarovsk,Over/Under Goals,Under 3.5,1.15,,,WON,
2025-10-11T16:00:00+00:00,III Liga - Group 1,Wikielec,Swit,Double Chance,Home/Draw,1.44,,,LOST,
2025-10-11T16:00:00+00:00,III Liga - Group 4,Podlasie Biała Podlaska,Pogoń-Sokół Lubaczów,Over/Under Goals,Under 3.5,1.52,,,WON,
2025-10-11T16:00:00+00:00,Primera División RFEF - Group 1,Unionistas de Salamanca,Mérida AD,Over/Under Goals,Under 3.5,1.22,,,WON,
2025-10-11T16:00:00+00:00,Primera Nacional,Atlanta,Chaco For Ever,Over/Under Goals,Under 2.5,1.33,,,LOST,
2025-10-11T16:00:00+00:00,Regionalliga - Nord,VfB Oldenburg,Kickers Emden,Over/Under Goals,Over 2.5,1.25,,,WON,
2025-10-11T16:00:00+00:00,Second League,Bregalnica Štip,Skopje,Double Chance,Home/Draw,1.18,,,WON,
2025-10-11T16:00:00+00:00,Segunda División RFEF - Group 3,Barcelona B,Reddis,Double Chance,Home/Draw,1.17,,,WON,
2025-10-11T16:00:00+00:00,Tweede Divisie,De Treffers,Almere City II,Over/Under Goals,Under 3.5,1.7,,,WON,
2025-10-11T16:15:00+00:00,Premier League,The New Saints,Penybont,Asian Handicap,Away -1.25,1.62,,,LOST,
2025-10-11T16:30:00+00:00,League Two,Oldham,Barrow,Over/Under Goals,Under 3.5,1.25,,,WON,
2025-10-11T16:30:00+00:00,Primera División RFEF - Group 1,Arenas Getxo,Lugo,Over/Under Goals,Under 3.5,1.2,,,WON,
2025-10-11T16:30:00+00:00,Primera División RFEF - Group 1,CF Talavera,Ponferradina,Over/Under Goals,Under 3.5,1.18,,,WON,
2025-10-11T16:30:00+00:00,Primera División RFEF - Group 2,Algeciras,Europa Fc,Over/Under Goals,Under 3.5,1.17,,,LOST,
2025-10-11T16:30:00+00:00,Segunda Division,Almeria,Zaragoza,Asian Handicap,Away -1.25,1.5,,,LOST,
2025-10-11T16:30:00+00:00,Segunda Division,Real Sociedad II,FC Andorra,Double Chance,Home/Draw,1.62,,,WON,
2025-10-11T16:30:00+00:00,Segunda División RFEF - Group 4,Águilas,Antoniano,Over/Under Goals,Under 2.5,1.44,,,WON,
2025-10-11T16:30:00+00:00,Tercera División RFEF - Group 2,Covadonga,Praviano,1X2 / Match Winner,Home,1.51,,,WON,
2025-10-11T16:45:00+00:00,Eerste Divisie,Emmen,FC Eindhoven,Over/Under Goals,Over 1.5,1.2,,,WON,
2025-10-11T17:00:00+00:00,1. Liga Classic - Group 1,Meyrin,Sion II,Double Chance,Draw/Away,1.5,,,WON,
2025-10-11T17:00:00+00:00,Liga 3,CF Os Belenenses,SC Covilha,Over/Under Goals,Under 3.5,1.26,,,WON,
2025-10-11T17:00:00+00:00,Primera División Femenina,Deportivo de La Coruña W,Edf Logrono W,1X2 / Match Winner,Draw,3.98,,,WON,
2025-10-11T17:00:00+00:00,Second League - Group 3,Rodina Moskva III,Dinamo St. Petersburg,Over/Under Goals,Under 3.5,1.31,,,LOST,
2025-10-11T17:00:00+00:00,Shield Cup,Shabab Al Ordon,Al Wihdat,Over/Under Goals,Under 3.5,1.22,,,WON,
2025-10-11T17:00:00+00:00,Tercera División RFEF - Group 3,Tropezón,Selaya,Double Chance,Draw/Away,2.25,,,LOST,
2025-10-11T17:30:00+00:00,First Amateur Division,Dessel Sport,Spouwen-Mopertingen,1X2 / Match Winner,Away,1.57,,,LOST,
2025-10-11T17:30:00+00:00,First Amateur Division,Union Saint-Gilloise II,Crossing Schaerbeek,Over/Under Goals,Over 2.5,1.57,,,LOST,
2025-10-11T17:30:00+00:00,II Liga - East,Jastrzębie,Kalisz,Over/Under Goals,Under 3.5,1.22,,,WON,
2025-10-11T17:30:00+00:00,Super League Women,Gent W,Standard Liege W,Over/Under Goals,Under 3.5,1.59,,,WON,
2025-10-11T18:00:00+00:00,First Amateur Division,Albert Quévy-Mons,Tubize,Double Chance,Draw/Away,1.55,,,WON,
2025-10-11T18:00:00+00:00,First Amateur Division,Meux,Union Namur,1X2 / Match Winner,Home,1.61,,,WON,
2025-10-11T18:00:00+00:00,First Amateur Division,Thes Sport,Merelbeke,Over/Under Goals,Under 3.5,1.22,,,WON,
2025-10-11T18:00:00+00:00,Liga MX Femenil,Pumas UNAM W,Atlas W,Over/Under Goals,Over 2.5,1.55,,,WON,
2025-10-11T18:00:00+00:00,Liga de Expansión MX,Tlaxcala,CDS Tampico Madero,Over/Under Goals,Over 1.5,1.3,,,WON,
2025-10-11T18:00:00+00:00,Primera División - Clausura,Cerro Largo,Boston River,Over/Under Goals,Under 3.5,1.15,,,LOST,
2025-10-11T18:00:00+00:00,Super League Women,OH Leuven W,Club Brugge W,Over/Under Goals,Under 3.5,1.48,,,WON,
2025-10-11T18:00:00+00:00,USL League One,Greenville Triumph,Union Omaha,Over/Under Goals,Under 3.5,1.42,,,WON,
2025-10-11T18:30:00+00:00,Maranhense - 2,Luminense,Timon MA,Over/Under Goals,Under 2.5,1.7,,,WON,
2025-10-11T18:30:00+00:00,Primera B Metropolitana,Flandria,Argentino de Merlo,Double Chance,Home/Draw,1.28,,,WON,
2025-10-11T18:30:00+00:00,Primera B Metropolitana,San Martín Burzaco,UAI Urquiza,Over/Under Goals,Under 2.5,1.48,,,LOST,
2025-10-11T18:30:00+00:00,Primera B Metropolitana,Villa Dalmine,Argentino Quilmes,Double Chance,Draw/Away,1.62,,,LOST,
2025-10-11T18:30:00+00:00,Primera C,Canuelas,Claypole,Double Chance,Home/Draw,1.45,,,LOST,
2025-10-11T18:30:00+00:00,Primera C,Yupanqui,Centro Español,Double Chance,Home/Draw,1.48,,,LOST,
2025-10-11T18:30:00+00:00,Segunda División,Uruguay Montevideo,La Luz,Over/Under Goals,Under 3.5,1.17,,,WON,
2025-10-11T18:30:00+00:00,Torneo Federal A,Cipolletti,Kimberley Mar del Plata,1X2 / Match Winner,Draw,3.3,,,WON,
2025-10-11T19:00:00+00:00,CONMEBOL Libertadores Femenina,Corinthians W,Boca Juniors W,Over/Under Goals,Under 3.5,1.18,,,LOST,
2025-10-11T19:00:00+00:00,Canadian Premier League,Valour,HFX Wanderers FC,Over/Under Goals,Over 1.5,1.28,,,WON,
2025-10-11T19:00:00+00:00,Eerste Divisie,Cambuur,De Graafschap,Over/Under Goals,Over 2.5,1.42,,,LOST,
2025-10-11T19:00:00+00:00,Primera Division,Gimnasia L.P.,Talleres Cordoba,Over/Under Goals,Under 2.5,1.48,,,LOST,
2025-10-11T19:00:00+00:00,Serie B,Athletic Club,Goias,Over/Under Goals,Under 3.5,1.15,,,WON,
2025-10-11T19:30:00+00:00,Segunda División,Real Frontera,Trujillanos FC,Over/Under Goals,Under 3.5,1.18,,,WON,
2025-10-11T19:30:00+00:00,Torneo Federal A,Independiente De Chivilcoy,Douglas Haig,Over/Under Goals,Under 3.5,1.16,,,WON,
2025-10-11T20:00:00+00:00,Primera A,Deportes Tolima,Envigado,Over/Under Goals,Under 3.5,1.28,,,WON,
2025-10-11T20:00:00+00:00,Serie C,Caxias,Floresta,1X2 / Match Winner,Draw,3.35,,,WON,
2025-10-11T20:00:00+00:00,Serie C,Londrina,São Bernardo,BTTS,No,1.6,,,LOST,
2025-10-11T20:00:00+00:00,Serie C,Nautico Recife,Brusque,Over/Under Goals,Under 3.5,1.16,,,WON,
2025-10-11T20:00:00+00:00,Serie C,Ponte Preta,Guarani Campinas,Over/Under Goals,Under 3.5,1.15,,,WON,
2025-10-11T20:00:00+00:00,USL Championship,Detroit City,Loudoun United,Over/Under Goals,Under 3.5,1.28,,,WON,
2025-10-11T20:00:00+00:00,World Cup - U20,Spain U20,Colombia U20,Over/Under Goals,Under 3.5,1.2,,,LOST,
2025-10-11T20:30:00+00:00,Division Profesional - Clausura,2 de Mayo,Cerro Porteno,Over/Under Goals,Under 3.5,1.28,,,WON,
2025-10-11T20:30:00+00:00,Liga Pro Serie B,Gualaceo SC,Leones del Norte,Over/Under Goals,Under 2.5,1.5,,,LOST,
2025-10-11T20:30:00+00:00,Primera B,Deportes Copiapo,San Marcos de Arica,Over/Under Goals,Under 3.5,1.34,,,LOST,
2025-10-11T21:00:00+00:00,Liga Nacional,Mictlán,Xelajú,Over/Under Goals,Under 3.5,1.15,,,WON,
2025-10-11T21:00:00+00:00,NWSL Women,Kansas City W,NJ/NY Gotham FC W,Over/Under Goals,Under 3.5,1.19,,,WON,
2025-10-11T21:00:00+00:00,Primera Division,Banfield,Racing Club,Over/Under Goals,Under 3.5,1.17,,,LOST,
2025-10-11T21:00:00+00:00,Primera División - Clausura,Miramar,Penarol,Over/Under Goals,Under 3.5,1.28,,,LOST,
2025-10-11T21:30:00+00:00,Liga Premier Serie A,Chapulineros,Celaya,Double Chance,Draw/Away,1.48,,,WON,
2025-10-11T21:30:00+00:00,Liga Premier Serie A,Deportivo Zap,Real Apodaca,Double Chance,Home/Draw,1.53,,,LOST,
2025-10-11T21:30:00+00:00,Liga Premier Serie A,Mexicali FC,Pioneros de Cancún,Over/Under Goals,Under 3.5,1.5,,,WON,
2025-10-11T21:45:00+00:00,Liga MX Femenil,Cruz Azul W,Santos Laguna W,Result + Total Goals,Home/Over 1.5,1.17,,,WON,
2025-10-11T21:45:00+00:00,Liga MX Femenil,Juárez W,Necaxa W,Over/Under Goals,Under 3.5,1.63,,,WON,
2025-10-11T22:00:00+00:00,Serie A,Palmeiras,Juventude,Result + Total Goals,Home/Over 1.5,1.4,,,WON,
2025-10-11T22:00:00+00:00,USL League One,Forward Madison,Chattanooga Red Wolves,Over/Under Goals,Under 3.5,1.25,,,WON,
2025-10-11T22:10:00+00:00,Primera B,Jaguares,Leones FC,Over/Under Goals,Under 3.5,1.38,,,LOST,
2025-10-11T23:00:00+00:00,Division Profesional - Clausura,Atlético Tembetary,Libertad Asuncion,Over/Under Goals,Under 3.5,1.28,,,WON,
2025-10-11T23:00:00+00:00,USL Championship,Hartford Athletic,Sacramento Republic,Asian Handicap,Home +0.25,1.44,,,WON,
2025-10-11T23:00:00+00:00,USL Championship,Lexington,El Paso Locomotive,Over/Under Goals,Under 3.5,1.32,,,WON,
2025-10-11T23:00:00+00:00,USL Championship,Pittsburgh Riverhounds,Indy Eleven,Over/Under Goals,Under 3.5,1.26,,,WON,
2025-10-11T23:00:00+00:00,USL Championship,Rhode Island,Tampa Bay Rowdies,Over/Under Goals,Under 3.5,1.28,,,LOST,
2025-10-11T23:00:00+00:00,World Cup - U20,Mexico U20,Argentina U20,Team Total Goals,Over 0.5,1.22,,,WON,
2025-10-11T23:30:00+00:00,Major League Soccer,Inter Miami,Atlanta United FC,1X2 / Match Winner,Home,1.53,,,WON,
2025-10-11T23:30:00+00:00,Major League Soccer,Orlando City SC,Vancouver Whitecaps,Over/Under Goals,Over 2.5,1.5,,,WON,
2025-10-11T23:30:00+00:00,NWSL Women,North Carolina Courage W,Washington Spirit W,Over/Under Goals,Under 3.5,1.3,,,WON,
2025-10-11T23:30:00+00:00,Primera División - Clausura,Cerro,Defensor Sporting,Over/Under Goals,Under 3.5,1.16,,,WON,
2025-10-11T23:30:00+00:00,Primera Nacional,Gimnasia Y Tiro,Temperley,Double Chance,Draw/Away,1.65,,,LOST,
2025-10-11T23:30:00+00:00,USL Championship,Louisville City,Miami FC,Over/Under Goals,Under 3.5,1.56,,,WON,
2025-10-12T00:00:00+00:00,USL Championship,FC Tulsa,San Antonio,Over/Under Goals,Under 3.5,1.27,,,WON,
2025-10-12T00:00:00+00:00,USL League One,Texoma,Richmond Kickers,Over/Under Goals,Under 3.5,1.4,,,WON,
2025-10-12T00:30:00+00:00,Primera A,America de Cali,La Equidad,Over/Under Goals,Under 3.5,1.3,,,LOST,
2025-10-12T01:00:00+00:00,Friendlies,Mexico,Colombia,Double Chance,Home/Draw,1.48,,,LOST,
2025-10-12T01:00:00+00:00,Liga Nacional,Antigua GFC,Achuapa,1X2 / Match Winner,Home,1.33,,,WON,
2025-10-12T01:00:00+00:00,Liga Premier Serie A,Lobos ULMX,Gavilanes FC Matamoros,Over/Under Goals,Under 3.5,1.35,,,WON,
2025-10-12T01:00:00+00:00,Liga Premier Serie A,Reboceros La Piedad,Durango,Over/Under Goals,Under 3.5,1.5,,,LOST,
2025-10-12T01:00:00+00:00,Liga de Expansión MX,Mineros de Zacatecas,Leones Negros UDG,Team Total Goals,Over 0.5,1.44,,,LOST,
2025-10-12T01:00:00+00:00,Liga de Expansión MX,Monarcas,Tapatío,Double Chance,Home/Draw,1.22,,,WON,
2025-10-12T01:00:00+00:00,Primera Division,FAS,Municipal Limeño,Double Chance,Home/Draw,1.17,,,WON,
2025-10-12T01:00:00+00:00,Primera Division,Firpo,Cacahuatique,Team Total Goals,Under 2.5,1.23,,,LOST,
2025-10-12T01:00:00+00:00,USL Championship,New Mexico United,Orange County SC,Team Total Goals,Over 0.5,1.17,,,WON,
2025-10-12T01:00:00+00:00,USL League One,Spokane Velocity,Tormenta,Team Total Goals,Over 0.5,1.42,,,WON,
2025-10-12T01:15:00+00:00,Primera Division,Belgrano Cordoba,Estudiantes L.P.,1X2 / Match Winner,Draw,3.05,,,WON,
2025-10-12T01:15:00+00:00,Primera Division,Isidro Metapán,Alianza,Over/Under Goals,Over 1.5,1.44,,,LOST,
2025-10-12T01:15:00+00:00,Primera Division,Velez Sarsfield,Rosario Central,Asian Handicap,Away -0.5,1.48,,,WON,
2025-10-12T01:30:00+00:00,Liga Panameña de Fútbol,Plaza Amador,CD Arabe Unido,Over/Under Goals,Under 3.5,1.22,,,WON,
2025-10-12T01:30:00+00:00,Major League Soccer,Seattle Sounders,Real Salt Lake,Over/Under Goals,Over 1.5,1.18,,,LOST,
2025-10-12T02:00:00+00:00,Australian Championship,Broadmeadow Magic,Moreton City Excelsior,Over/Under Goals,Over 1.5,1.15,,,WON,
2025-10-12T02:00:00+00:00,Australian Championship,Heidelberg United,Marconi Stallions,Over/Under Goals,Under 3.5,1.48,,,WON,
2025-10-12T02:00:00+00:00,Australian Championship,South Hobart,Wollongong Wolves,Team Total Goals,Under 2.5,1.48,,,LOST,
2025-10-12T02:00:00+00:00,NWSL Women,Utah Royals W,San Diego Wave W,Over/Under Goals,Under 3.5,1.29,,,LOST,
2025-10-12T02:30:00+00:00,Major League Soccer,Los Angeles Galaxy,FC Dallas,Over/Under Goals,Over 1.5,1.17,,,WON,
2025-10-12T02:30:00+00:00,USL Championship,Las Vegas Lights,Oakland Roots,Asian Handicap,Away -0.25,1.42,,,WON,
2025-10-12T03:00:00+00:00,Liga MX Femenil,Mazatlán W,Querétaro W,Over/Under Goals,Under 3.5,1.83,,,WON,
2025-10-12T03:00:00+00:00,Liga Premier Serie A,Los Cabos United,Cimarrones,Asian Handicap,Home +1.25,1.46,,,WON,
2025-10-12T03:00:00+00:00,Liga de Expansión MX,Dorados,Atlante FC,Over/Under Goals,Under 3.5,1.42,,,WON,
2025-10-12T05:00:00+00:00,J3 League,Gainare Tottori,Sagamihara,Over/Under Goals,Under 3.5,1.24,,,WON,
2025-10-12T05:00:00+00:00,J3 League,Kanazawa,Azul Claro Numazu,Over/Under Goals,Under 3.5,1.33,,,LOST,
2025-10-12T05:00:00+00:00,J3 League,Kochi United,FC Gifu,Over/Under Goals,Under 3.5,1.3,,,LOST,
2025-10-12T05:00:00+00:00,J3 League,Thespakusatsu Gunma,Vanraure Hachinohe,Over/Under Goals,Under 3.5,1.24,,,LOST,
2025-10-12T05:00:00+00:00,J3 League,Tochigi SC,Fukushima United,Over/Under Goals,Under 3.5,1.31,,,WON,
2025-10-12T05:00:00+00:00,K League 2,Busan I Park,Bucheon FC 1995,Over/Under Goals,Under 3.5,1.42,,,WON,
2025-10-12T05:00:00+00:00,K League 2,Jeonnam Dragons,Ansan Greeners,Over/Under Goals,Under 3.5,1.36,,,WON,
2025-10-12T05:00:00+00:00,K League 2,Suwon Bluewings,Cheonan City,1X2 / Match Winner,Home,1.47,,,WON,
2025-10-12T05:00:00+00:00,K3 League,Gangneung City,Busan Transportation,Over/Under Goals,Under 3.5,1.38,,,WON,
2025-10-12T05:00:00+00:00,K3 League,Gimhae City,Mokpo City,Over/Under Goals,Under 3.5,1.43,,,LOST,
2025-10-12T05:30:00+00:00,Australian Championship,Avondale,Canberra FC,Over/Under Goals,Over 2.5,1.22,,,WON,
2025-10-12T05:30:00+00:00,Australian Championship,Sydney United,Bayswater City,Over/Under Goals,Under 2.5,2.38,,,WON,
2025-10-12T06:00:00+00:00,J-League Cup,Sanfrecce Hiroshima,Yokohama FC,Asian Handicap,Home +0.25,1.16,,,WON,
2025-10-12T07:00:00+00:00,J-League Cup,Kashiwa Reysol,Kawasaki Frontale,Over/Under Goals,Over 1.5,1.2,,,WON,
2025-10-12T07:30:00+00:00,K League 2,Asan Mugunghwa,Gyeongnam FC,Over/Under Goals,Under 3.5,1.42,,,WON,
2025-10-12T07:30:00+00:00,K League 2,Seongnam FC,Incheon United,Over/Under Goals,Under 3.5,1.25,,,LOST,
2025-10-12T07:30:00+00:00,League One,Shenzhen Juniors,Shaanxi Union,Double Chance,Draw/Away,1.22,,,WON,
2025-10-12T08:15:00+00:00,3. liga - CFL A,Admira Praha,Kladno,1X2 / Match Winner,Away,1.62,,,WON,
2025-10-12T08:30:00+00:00,2. liga,Petržalka,Inter Bratislava,Double Chance,Home/Draw,1.22,,,LOST,
2025-10-12T08:30:00+00:00,3. liga - CFL B,Velké Hamry,Teplice II,Over/Under Goals,Under 3.5,1.74,,,WON,
2025-10-12T09:00:00+00:00,Central Youth League,Górnik Zabrze U19,Arkonia U19,Double Chance,Draw/Away,2.15,,,LOST,
2025-10-12T09:00:00+00:00,IFA Shield,United,Gokulam,Over/Under Goals,Under 3.5,1.83,,,WON,
2025-10-12T09:30:00+00:00,Esiliiga B,Nõmme United II,Narva U21,Over/Under Goals,Over 2.5,1.39,,,WON,
2025-10-12T09:30:00+00:00,Segunda División RFEF - Group 3,Alcoyano,Poblense,Over/Under Goals,Under 2.5,1.53,,,WON,
2025-10-12T10:00:00+00:00,Campeonato de Portugal Prio - Group A,Machico,Os Limianos,Double Chance,Draw/Away,1.5,,,WON,
2025-10-12T10:00:00+00:00,Campeonato de Portugal Prio - Group C,Mortágua,Lusitânia,Asian Handicap,Home +0.5,1.26,,,LOST,
2025-10-12T10:00:00+00:00,III Liga - Group 1,Widzew II,Wisła Płock II,Asian Handicap,Home +0.25,1.44,,,LOST,
2025-10-12T10:00:00+00:00,III Liga - Group 2,Pogoń Szczecin II,Tłuchowia,BTTS,Yes,1.53,,,WON,
2025-10-12T10:00:00+00:00,Primera División Femenina,Atletico Madrid W,Barcelona W,Over/Under Goals,Over 1.5,1.28,,,WON,
2025-10-12T10:00:00+00:00,Primera División Femenina,Granad. Tenerife W,Eibar W,Over/Under Goals,Under 3.5,1.36,,,WON,
2025-10-12T10:00:00+00:00,Primera División Femenina,Levante W,Sevilla W,Over/Under Goals,Under 2.5,1.55,,,WON,
2025-10-12T10:00:00+00:00,Primera División RFEF - Group 1,Osasuna II,Racing Ferrol,Over/Under Goals,Under 3.5,1.17,,,WON,
2025-10-12T10:00:00+00:00,Primera División RFEF - Group 1,Real Madrid II,Pontevedra,Over/Under Goals,Under 3.5,1.22,,,WON,
2025-10-12T10:00:00+00:00,Primera División RFEF - Group 2,Juventud Torremolinos,Ibiza,Double Chance,Home/Draw,1.67,,,WON,
2025-10-12T10:00:00+00:00,Primera División RFEF - Group 2,Sabadell,Teruel,Over/Under Goals,Under 2.5,1.5,,,WON,
2025-10-12T10:00:00+00:00,Second League - Group 2,Chertanovo Moscow,Tver,Over/Under Goals,Under 3.5,1.66,,,WON,
2025-10-12T10:00:00+00:00,Second League - Group 2,Spartak Moscow 2,Baltika II,Over/Under Goals,Under 3.5,1.55,,,WON,
2025-10-12T10:00:00+00:00,Segunda División RFEF - Group 1,Real Valladolid II,Lealtad,Over/Under Goals,Under 3.5,1.16,,,LOST,
2025-10-12T10:00:00+00:00,Segunda División RFEF - Group 3,Andratx,Atlético Baleares,Over/Under Goals,Under 3.5,1.16,,,WON,
2025-10-12T10:00:00+00:00,Segunda División RFEF - Group 3,Castellón II,Ibiza Islas Pitiusas,Over/Under Goals,Over 1.5,1.22,,,WON,
2025-10-12T10:00:00+00:00,Segunda División RFEF - Group 4,Deportiva Minera,Recreativo Huelva,Double Chance,Home/Draw,1.44,,,WON,
2025-10-12T10:00:00+00:00,Segunda División RFEF - Group 4,Real Jaén,Melilla,Over/Under Goals,Under 3.5,1.17,,,WON,
2025-10-12T10:00:00+00:00,Segunda División RFEF - Group 4,Ucam Murcia,Xerez Deportivo,Asian Handicap,Away -1.25,1.46,,,WON,
2025-10-12T10:00:00+00:00,Segunda División RFEF - Group 5,Colonia Moscardó,Conquense,Double Chance,Draw/Away,1.4,,,WON,
2025-10-12T10:00:00+00:00,Segunda División RFEF - Group 5,Fuenlabrada,Intercity,Over/Under Goals,Under 3.5,1.25,,,WON,
2025-10-12T10:00:00+00:00,Segunda División RFEF - Group 5,RSD Alcalá,Quintanar del Rey,Over/Under Goals,Under 2.5,1.44,,,WON,
2025-10-12T10:00:00+00:00,Segunda División RFEF - Group 5,Tenerife II,Socuéllamos,Over/Under Goals,Under 3.5,1.15,,,WON,
2025-10-12T10:00:00+00:00,Tercera División RFEF - Group 11,Mallorca II,Constància,Double Chance,Home/Draw,1.22,,,WON,
2025-10-12T10:00:00+00:00,Tercera División RFEF - Group 11,Peña Deportiva,Mercadal,Team Total Goals,Under 2.5,1.52,,,WON,
2025-10-12T10:30:00+00:00,Division 2 - Norra Svealand,Gute,Sunnersta,Over/Under Goals,Under 3.5,1.65,,,WON,
2025-10-12T10:30:00+00:00,Segunda División RFEF - Group 1,Burgos Promesas,Atlético Astorga,Double Chance,Home/Draw,1.42,,,WON,
2025-10-12T10:30:00+00:00,Serie A Women,AC Milan W,Roma W,1X2 / Match Winner,Away,1.67,,,WON,
2025-10-12T10:30:00+00:00,Serie C - Girone C,SS Monopoli,Salernitana,Over/Under Goals,Under 3.5,1.22,,,WON,
2025-10-12T10:45:00+00:00,Frauenliga,Sturm Graz W,Rheindorf Altach,Asian Handicap,Away -1.25,1.62,,,WON,
2025-10-12T11:00:00+00:00,2. Division - Group 1,Notodden,Træff,Over/Under Goals,Under 3.5,1.4,,,LOST,
2025-10-12T11:00:00+00:00,2. Division - Group 1,Sandnes ULF,Brattvåg,BTTS,Yes,1.41,,,WON,
2025-10-12T11:00:00+00:00,2. Lig,Erbaaspor,Ankaraspor,Over/Under Goals,Over 1.5,1.18,,,LOST,
2025-10-12T11:00:00+00:00,3. Division - Girone 3,Lillestrøm II,Kongsvinger II,Double Chance,Draw/Away,1.5,,,LOST,
2025-10-12T11:00:00+00:00,3. Division - Girone 4,Lyn II,Gneist,Asian Handicap,Home +0.25,1.41,,,LOST,
2025-10-12T11:00:00+00:00,3. Lig - Group 3,Sebat Gençlikspor,Yeni Orduspor,Double Chance,Draw/Away,1.57,,,LOST,
2025-10-12T11:00:00+00:00,Damallsvenskan,Växjö,Piteå W,Over/Under Goals,Under 3.5,1.39,,,WON,
2025-10-12T11:00:00+00:00,Diski Challenge,AmaZulu U23,Mamelodi Sundowns U23,Over/Under Goals,Under 3.5,1.5,,,WON,
2025-10-12T11:00:00+00:00,Division 2 - Västra Götaland,Västra Frölunda,Lindome,Over/Under Goals,Over 2.5,1.29,,,LOST,
2025-10-12T11:00:00+00:00,Ettan - Södra,Rosengård,Olympic,Over/Under Goals,Under 3.5,1.44,,,LOST,
2025-10-12T11:00:00+00:00,FA WSL,Aston Villa W,Leicester City WFC,Over/Under Goals,Under 3.5,1.4,,,WON,
2025-10-12T11:00:00+00:00,FA WSL,Chelsea W,Tottenham Hotspur W,Over/Under Goals,Under 3.5,1.83,,,WON,
2025-10-12T11:00:00+00:00,FA WSL,Everton W,Manchester United W,Over/Under Goals,Under 3.5,1.4,,,LOST,
2025-10-12T11:00:00+00:00,FA WSL,London City Lionesses,West Ham W,Asian Handicap,Home +0,1.45,,,WON,
2025-10-12T11:00:00+00:00,League One,Suzhou Dongwu,Yanbian Longding,Over/Under Goals,Under 3.5,1.2,,,WON,
2025-10-12T11:00:00+00:00,Second League - Group 1,Nart Cherkessk,Rostov II,Over/Under Goals,Under 3.5,1.18,,,LOST,
2025-10-12T11:00:00+00:00,Second League - Group 2,Cherepovets,Torpedo Vladimir,Double Chance,Draw/Away,1.16,,,LOST,
2025-10-12T11:00:00+00:00,Second League A - Fall Season Gold,Mashuk-KMV,Leningradets,1X2 / Match Winner,Draw,3.58,,,LOST,
2025-10-12T11:00:00+00:00,Super League 2,Kallithea,Olympiakos Piraeus II,Over/Under Goals,Under 2.5,1.57,,,LOST,
2025-10-12T11:00:00+00:00,Super League 2,Panargiakos,Kissamikos,Over/Under Goals,Under 3.5,1.29,,,WON,
2025-10-12T11:00:00+00:00,Super League 2,Panionios,Ilioupoli,1X2 / Match Winner,Home,1.17,,,WON,
2025-10-12T11:00:00+00:00,Women's Championship,Crystal Palace W,Sunderland W,Over/Under Goals,Over 1.5,1.21,,,WON,
2025-10-12T11:00:00+00:00,Women's Championship,Durham W,Nottingham Forest W,Asian Handicap,Home +1.25,1.28,,,WON,
2025-10-12T11:30:00+00:00,Druha Liga,Lokomotiv Kyiv,Dinaz Vyshhorod,Over/Under Goals,Under 3.5,1.4,,,LOST,
2025-10-12T11:30:00+00:00,League One,Heilongjiang Lava Spring,Nantong Zhiyun,Over/Under Goals,Under 3.5,1.2,,,WON,
2025-10-12T11:30:00+00:00,League One,Qingdao Red Lions,Guangxi Baoyun,Over/Under Goals,Under 2.5,1.57,,,WON,
2025-10-12T12:00:00+00:00,2. Division - Group 2,Follo,Grorud,Double Chance,Draw/Away,1.47,,,WON,
2025-10-12T12:00:00+00:00,2. Lig,68 Aksaray Belediyespor,Muş Menderesspor,Double Chance,Draw/Away,1.67,,,LOST,
2025-10-12T12:00:00+00:00,2. Lig,Adana 1954 FK,Şanlıurfaspor,Double Chance,Home/Draw,1.4,,,LOST,
2025-10-12T12:00:00+00:00,2. Lig,Erzin Spor,Muğlaspor,Over/Under Goals,Under 3.5,1.28,,,WON,
2025-10-12T12:00:00+00:00,3. Division - Girone 6,Sarpsborg 08 II,Kvik Halden,1X2 / Match Winner,Away,1.4,,,WON,
2025-10-12T12:00:00+00:00,3. Lig - Group 2,Silifke Belediyespor,Niğde Belediyesispor,Over/Under Goals,Under 3.5,1.19,,,WON,
2025-10-12T12:00:00+00:00,Division 2 - Västra Götaland,Astrio,Tvååker,Over/Under Goals,Under 3.5,1.58,,,WON,
2025-10-12T12:00:00+00:00,Division 2 - Västra Götaland,Varbergs GIF,Bergdalens,Over/Under Goals,Under 3.5,1.94,,,WON,
2025-10-12T12:00:00+00:00,Division 2 - Östra Götaland,IFK Trelleborg,Sölvesborg,Double Chance,Home/Draw,1.2,,,WON,
2025-10-12T12:00:00+00:00,Ettan - Norra,Arlanda,Team Thoren,Over/Under Goals,Under 3.5,1.53,,,LOST,
2025-10-12T12:00:00+00:00,Frauen Bundesliga,SC Freiburg W,Eintracht Frankfurt W,Over/Under Goals,Over 1.5,1.15,,,WON,
2025-10-12T12:00:00+00:00,II Liga - East,Rekord Bielsko-Biała,Stal Stalowa Wola,Over/Under Goals,Over 1.5,1.16,,,LOST,
2025-10-12T12:00:00+00:00,III Liga - Group 2,Noteć Czarnków,Lipno Stęszew,Over/Under Goals,Under 3.5,1.75,,,LOST,
2025-10-12T12:00:00+00:00,Prva Liga,Dinamo Jug,Borac Cacak,Over/Under Goals,Under 3.5,1.19,,,WON,
2025-10-12T12:00:00+00:00,Prva Liga,FAP,Jedinstvo Ub,Over/Under Goals,Under 3.5,1.24,,,WON,
2025-10-12T12:00:00+00:00,Prva Liga,Loznica,Kabel Novi Sad,Over/Under Goals,Under 2.5,1.5,,,WON,
2025-10-12T12:00:00+00:00,Prva Liga,Semendrija 1924,Zemun,Over/Under Goals,Under 3.5,1.18,,,WON,
2025-10-12T12:00:00+00:00,Regionalliga - Bayern,Schwaben Augsburg,Augsburg II,Double Chance,Draw/Away,1.42,,,WON,
2025-10-12T12:00:00+00:00,Regionalliga - Nord,Eintracht Norderstedt,Bremer SV,Asian Handicap,Home +0,1.68,,,LOST,
2025-10-12T12:00:00+00:00,Regionalliga - Nord,VfB Lübeck,HSC Hannover,1X2 / Match Winner,Home,1.42,,,LOST,
2025-10-12T12:00:00+00:00,Second League A - Fall Season Silver,Avangard Kursk,Murom,Over/Under Goals,Under 3.5,1.28,,,WON,
2025-10-12T12:00:00+00:00,Segunda Division,Albacete,AD Ceuta FC,1X2 / Match Winner,Draw,3.68,,,WON,
2025-10-12T12:00:00+00:00,Toppserien,Røa W,Stabæk W,Over/Under Goals,Under 3.5,1.39,,,WON,
2025-10-12T12:15:00+00:00,Primera División RFEF - Group 1,Zamora,Real Avilés,Asian Handicap,Away -1.25,1.55,,,WON,
2025-10-12T12:30:00+00:00,2. Division - Group 1,Pors Grenland,Brann II,Over/Under Goals,Under 3.5,1.84,,,WON,
2025-10-12T12:30:00+00:00,2. Lig,Kepez Belediyespor,Buca FK,Over/Under Goals,Under 3.5,1.42,,,WON,
2025-10-12T12:30:00+00:00,2. Lig,İnegölspor,Tuzlaspor,Asian Handicap,Home +0.25,1.42,,,WON,
2025-10-12T12:30:00+00:00,3. Lig - Group 1,Küçükçekmece Sinopspor,Çankaya FK,Team Total Goals,Under 2.5,1.22,,,WON,
2025-10-12T12:30:00+00:00,3. Lig - Group 1,Nilüfer Belediye,Galata,Over/Under Goals,Under 3.5,1.24,,,WON,
2025-10-12T12:30:00+00:00,3. Lig - Group 1,Yalova Yeşilovaspor,Edirnespor,Over/Under Goals,Under 3.5,1.37,,,WON,
2025-10-12T12:30:00+00:00,Serie C - Girone A,Cittadella,Triestina,Over/Under Goals,Under 3.5,1.28,,,WON,
2025-10-12T12:30:00+00:00,Serie C - Girone C,Casarano,Audace Cerignola,Over/Under Goals,Under 2.5,1.62,,,LOST,
2025-10-12T12:30:00+00:00,Serie C - Girone C,Cavese,Trapani 1905,Over/Under Goals,Under 3.5,1.25,,,WON,
2025-10-12T12:30:00+00:00,Serie C - Girone C,Cosenza,Atalanta II,Asian Handicap,Home +0,1.42,,,LOST,
2025-10-12T12:30:00+00:00,Serie C - Girone C,Potenza,Latina,Double Chance,Home/Draw,1.2,,,WON,
2025-10-12T12:30:00+00:00,Serie C - Girone C,Siracusa,Sorrento,Over/Under Goals,Under 2.5,1.73,,,WON,
2025-10-12T12:30:00+00:00,Serie D - Girone G,Budoni,Nocerina,Asian Handicap,Home +1.25,1.4,,,WON,
2025-10-12T12:30:00+00:00,Serie D - Girone G,Flaminia,Ischia,Double Chance,Home/Draw,1.15,,,WON,
2025-10-12T13:00:00+00:00,3. Division - Girone 5,Haugesund II,Sola,Asian Handicap,Away -1.25,1.66,,,WON,
2025-10-12T13:00:00+00:00,3. Lig - Group 1,Kartal Bulvarspor,Bursa Yıldırımspor,Double Chance,Draw/Away,1.44,,,WON,
2025-10-12T13:00:00+00:00,Campeonato de Portugal Prio - Group C,Lajense,Oliveira Hospital,1X2 / Match Winner,Draw,3.4,,,WON,
2025-10-12T13:00:00+00:00,Esiliiga B,Legion,Kuressaare II,Team Total Goals,Over 0.5,1.21,,,WON,
2025-10-12T13:00:00+00:00,First Amateur Division,Cercle Brugge II,Tienen,1X2 / Match Winner,Home,1.57,,,LOST,
2025-10-12T13:00:00+00:00,First Amateur Division,Diegem Sport,Houtvenne,Double Chance,Home/Draw,1.44,,,WON,
2025-10-12T13:00:00+00:00,First Amateur Division,Habay-la-Neuve,Stockay-Warfusée,Double Chance,Draw/Away,1.5,,,LOST,
2025-10-12T13:00:00+00:00,First Amateur Division,Sporting Charleroi II,Rochefort,Double Chance,Home/Draw,1.2,,,WON,
2025-10-12T13:00:00+00:00,First Amateur Division,Standard Liège II,Excelsior Virton,Over/Under Goals,Over 1.5,1.15,,,WON,
2025-10-12T13:00:00+00:00,First League,Rotor Volgograd,Chernomorets,Over/Under Goals,Under 2.5,1.38,,,WON,
2025-10-12T13:00:00+00:00,First NL,Dugopolje,Sesvete,Over/Under Goals,Under 3.5,1.25,,,WON,
2025-10-12T13:00:00+00:00,Serie D - Girone A,Chisola,Derthona,Asian Handicap,Away -1.25,1.52,,,LOST,
2025-10-12T13:00:00+00:00,Serie D - Girone A,Gozzano,Sestri Levante,Team Total Goals,Under 2.5,1.19,,,WON,
2025-10-12T13:00:00+00:00,Serie D - Girone A,Lavagnese,Saluzzo,Double Chance,Home/Draw,1.15,,,LOST,
2025-10-12T13:00:00+00:00,Serie D - Girone A,Ligorna,Città di Varese,Double Chance,Draw/Away,1.55,,,LOST,
2025-10-12T13:00:00+00:00,Serie D - Girone A,NovaRomentin,Asti,Over/Under Goals,Under 2.5,1.65,,,WON,
2025-10-12T13:00:00+00:00,Serie D - Girone A,Vado,Club Milano,1X2 / Match Winner,Home,1.45,,,WON,
2025-10-12T13:00:00+00:00,Serie D - Girone A,Valenzana,Imperia,1X2 / Match Winner,Home,1.57,,,WON,
2025-10-12T13:00:00+00:00,Serie D - Girone B,Brusaporto,Pavia,1X2 / Match Winner,Home,1.57,,,WON,
2025-10-12T13:00:00+00:00,Serie D - Girone B,Caldiero Terme,Scanzorosciate,Team Total Goals,Under 2.5,1.43,,,WON,
2025-10-12T13:00:00+00:00,Serie D - Girone B,Folgore Caratese,Chievo,Double Chance,Draw/Away,1.57,,,WON,
2025-10-12T13:00:00+00:00,Serie D - Girone B,Villa Valle,Castellanzese,Team Total Goals,Over 0.5,1.43,,,WON,
2025-10-12T13:00:00+00:00,Serie D - Girone C,Cjarlins Muzane,Este,Team Total Goals,Over 0.5,1.15,,,LOST,
2025-10-12T13:00:00+00:00,Serie D - Girone C,Clodiense,Legnago Salus,Double Chance,Draw/Away,1.42,,,WON,
2025-10-12T13:00:00+00:00,Serie D - Girone D,Correggese,Pro Palazzolo,Over/Under Goals,Under 3.5,1.25,,,WON,
2025-10-12T13:00:00+00:00,Serie D - Girone D,Crema,Coriano,Asian Handicap,Home +0.25,1.15,,,LOST,
2025-10-12T13:00:00+00:00,Serie D - Girone D,Lentigione,Sangiuliano City,Over/Under Goals,Under 3.5,1.27,,,WON,
2025-10-12T13:00:00+00:00,Serie D - Girone D,Pro Sesto,Cittadella Vis Modena,Team Total Goals,Under 2.5,1.18,,,WON,
2025-10-12T13:00:00+00:00,Serie D - Girone D,Tuttocuoio,Pistoiese,Team Total Goals,Under 2.5,1.15,,,LOST,
2025-10-12T13:00:00+00:00,Serie D - Girone E,Grosseto,Tau Altopascio,Team Total Goals,Under 2.5,1.17,,,LOST,
2025-10-12T13:00:00+00:00,Serie D - Girone E,Montevarchi Calcio,Orvietana Calcio,Double Chance,Draw/Away,1.57,,,WON,
2025-10-12T13:00:00+00:00,Serie D - Girone E,Robur Siena,Cannara,BTTS,No,1.57,,,WON,
2025-10-12T13:00:00+00:00,Serie D - Girone E,Seravezza,Scandicci,Over/Under Goals,Under 2.5,1.53,,,WON,
2025-10-12T13:00:00+00:00,Serie D - Girone F,Sora,Sammaurese,Double Chance,Home/Draw,1.16,,,WON,
2025-10-12T13:00:00+00:00,Serie D - Girone G,Atletico Lodigiani,Scafatese,Team Total Goals,Over 0.5,1.17,,,WON,
2025-10-12T13:00:00+00:00,Serie D - Girone G,Sarrabus Ogliastra,Anzio,Asian Handicap,Home +0,1.48,,,WON,
2025-10-12T13:00:00+00:00,Serie D - Girone H,Virtus Francavilla,Città di Fasano,Double Chance,Home/Draw,1.44,,,LOST,
2025-10-12T13:00:00+00:00,Serie D - Girone I,Messina,Reggina,Asian Handicap,Home +1.25,1.42,,,WON,
2025-10-12T13:00:00+00:00,Serie D - Girone I,Vibonese,Milazzo,Double Chance,Home/Draw,1.15,,,WON,
2025-10-12T13:00:00+00:00,Super League 2,Kavala,PAOK II,Over/Under Goals,Under 3.5,1.17,,,WON,
2025-10-12T13:00:00+00:00,Super League 2,PAS Giannina,Anagennisi Karditsas,1X2 / Match Winner,Away,1.45,,,LOST,
2025-10-12T13:00:00+00:00,World Cup - Qualification Africa,Zambia,Niger,Over/Under Goals,Under 2.5,1.67,,,WON,
2025-10-12T13:30:00+00:00,2. Division - Group 2,Hønefoss,Stjørdals-Blink,Over/Under Goals,Over 2.5,1.22,,,WON,
2025-10-12T13:30:00+00:00,2. SNL,Dekani,Beltinci,1X2 / Match Winner,Away,1.67,,,WON,
2025-10-12T13:30:00+00:00,2. SNL,Ilirija,Krka,Over/Under Goals,Over 1.5,1.2,,,WON,
2025-10-12T13:30:00+00:00,3. liga - CFL A,Sokol Hostouň,Dukla Praha II,Over/Under Goals,Under 3.5,1.4,,,LOST,
2025-10-12T13:30:00+00:00,3. liga - CFL B,Benátky nad Jizerou,Ústí nad Orlicí,Team Total Goals,Over 0.5,1.2,,,WON,
2025-10-12T13:30:00+00:00,FA WSL,Arsenal W,Brighton W,Over/Under Goals,Under 3.5,1.85,,,WON,
2025-10-12T13:30:00+00:00,First NL,Croatia Zmijavci,Jarun,Over/Under Goals,Under 3.5,1.25,,,LOST,
2025-10-12T13:30:00+00:00,Primera División - Clausura,Atletico Torque,Wanderers,Over/Under Goals,Under 3.5,1.2,,,LOST,
2025-10-12T13:30:00+00:00,Serie D - Girone H,Manfredonia,Martina Franca,Team Total Goals,Over 0.5,1.15,,,LOST,
2025-10-12T14:00:00+00:00,2. Division - Group 1,Arendal,Lysekloster,Asian Handicap,Away -1.25,1.7,,,WON,
2025-10-12T14:00:00+00:00,2. SNL,Gorica,Slovan Ljubljana,Over/Under Goals,Under 3.5,1.3,,,WON,
2025-10-12T14:00:00+00:00,3. Division - Girone 4,Sandefjord II,Askøy,Double Chance,Home/Draw,1.44,,,WON,
2025-10-12T14:00:00+00:00,4. liga - Divizie C,Svitavy,Přepeře,1X2 / Match Winner,Away,1.39,,,WON,
2025-10-12T14:00:00+00:00,Campeonato de Portugal Prio - Group A,Ribeira Brava,Vilaverdense,Asian Handicap,Home +0,1.62,,,WON,
2025-10-12T14:00:00+00:00,Division 2 - Norra Svealand,Järfälla,Bollstanäs,BTTS,Yes,1.58,,,LOST,
2025-10-12T14:00:00+00:00,Division 2 - Norra Svealand,Skiljebo,Viggbyholms IK,Double Chance,Home/Draw,1.62,,,LOST,
2025-10-12T14:00:00+00:00,Division 2 - Södra Svealand,Atvidabergs FF,Enskede,1X2 / Match Winner,Home,1.57,,,WON,
2025-10-12T14:00:00+00:00,Division 2 - Södra Svealand,Sleipner,Eker Örebro,BTTS,Yes,1.46,,,WON,
2025-10-12T14:00:00+00:00,Division 2 - Södra Svealand,Syrianska FC,Huddinge,1X2 / Match Winner,Draw,4.3,,,LOST,
2025-10-12T14:00:00+00:00,Division 2 - Östra Götaland,Kristianstad,Torns,1X2 / Match Winner,Home,1.42,,,WON,
2025-10-12T14:00:00+00:00,Ettan - Norra,Gefle IF,United Nordic,Over/Under Goals,Over 1.5,1.25,,,WON,
2025-10-12T14:00:00+00:00,Ettan - Södra,Hässleholms IF,Norrby IF,Over/Under Goals,Over 1.5,1.17,,,LOST,
2025-10-12T14:00:00+00:00,Frauen Bundesliga,1899 Hoffenheim W,Bayer Leverkusen W,BTTS,Yes,1.5,,,LOST,
2025-10-12T14:00:00+00:00,III Liga - Group 1,Wigry Suwałki,Lechia T. Mazowiecki,Over/Under Goals,Under 3.5,1.47,,,WON,
2025-10-12T14:00:00+00:00,Segunda División,Artigas,Atenas,Double Chance,Draw/Away,1.44,,,WON,
2025-10-12T14:00:00+00:00,Serie D - Girone H,Fidelis Andria,Nola 1925,Double Chance,Home/Draw,1.16,,,WON,
2025-10-12T14:00:00+00:00,Serie D - Girone I,Igea Virtus,Sambiase,Double Chance,Home/Draw,1.52,,,LOST,
2025-10-12T14:15:00+00:00,Segunda Division,Eibar,Castellón,Over/Under Goals,Under 3.5,1.38,,,WON,
2025-10-12T14:15:00+00:00,Segunda Division,Sporting Gijon,Racing Santander,Over/Under Goals,Over 2.5,1.7,,,WON,
2025-10-12T14:30:00+00:00,2. Division - Group 2,Tromsdalen Uil,Strommen,Double Chance,Draw/Away,1.68,,,WON,
2025-10-12T14:30:00+00:00,Primera División RFEF - Group 2,Sevilla Atletico,FC Cartagena,Over/Under Goals,Under 3.5,1.17,,,WON,
2025-10-12T14:30:00+00:00,Segunda División RFEF - Group 2,Basconia,Deportivo Alavés II,Over/Under Goals,Under 3.5,1.18,,,WON,
2025-10-12T14:30:00+00:00,Segunda División RFEF - Group 5,Navalcarnero,Orihuela,Double Chance,Draw/Away,1.62,,,WON,
2025-10-12T15:00:00+00:00,Liga Revelação U23,Sporting CP U23,Torreense U23,Asian Handicap,Home +0.25,1.53,,,LOST,
2025-10-12T15:00:00+00:00,Primera División Femenina,Athletic Club W,Real Madrid W,1X2 / Match Winner,Away,1.7,,,WON,
2025-10-12T15:00:00+00:00,Prva Liga,FK Vozdovac,OFK Vršac,Over/Under Goals,Under 3.5,1.33,,,WON,
2025-10-12T15:00:00+00:00,Segunda División RFEF - Group 1,Coruxo,Bergantiños,Over/Under Goals,Under 3.5,1.16,,,WON,
2025-10-12T15:00:00+00:00,Segunda División RFEF - Group 1,Numancia,Sámano,1X2 / Match Winner,Home,1.37,,,LOST,
2025-10-12T15:00:00+00:00,Tercera División RFEF - Group 1,Alondras,Somozas,Over/Under Goals,Under 2.5,1.6,,,LOST,
2025-10-12T15:00:00+00:00,Tercera División RFEF - Group 1,Celta de Vigo III,Compostela,Over/Under Goals,Under 2.5,1.62,,,WON,
2025-10-12T15:00:00+00:00,Toppserien,Vålerenga W,Brann W,Asian Handicap,Home +0.25,1.67,,,LOST,
2025-10-12T15:30:00+00:00,Liga Alef,Dimona,Hapoel Ramat HaSharon,Over/Under Goals,Under 3.5,1.26,,,WON,
2025-10-12T15:30:00+00:00,Primera B,Union San Felipe,Deportes Santa Cruz,Over/Under Goals,Under 3.5,1.3,,,WON,
2025-10-12T15:30:00+00:00,Segunda División RFEF - Group 2,Sestao River,Tudelano,Over/Under Goals,Under 3.5,1.15,,,WON,
2025-10-12T15:30:00+00:00,Segunda División,D. Puerto Montt,Concón National,1X2 / Match Winner,Home,1.59,,,WON,
2025-10-12T15:30:00+00:00,Serie C - Girone A,Albinoleffe,Lecco,Over/Under Goals,Under 3.5,1.3,,,WON,
2025-10-12T15:30:00+00:00,Serie C - Girone A,Ospitaletto,Arzignano Valchiampo,Over/Under Goals,Under 3.5,1.25,,,WON,
2025-10-12T15:30:00+00:00,Serie C - Girone B,Ascoli,Pontedera,1X2 / Match Winner,Home,1.46,,,WON,
2025-10-12T15:30:00+00:00,Serie C - Girone C,Benevento,Team Altamura,Over/Under Goals,Under 3.5,1.36,,,LOST,
2025-10-12T15:30:00+00:00,Tercera División RFEF - Group 1,Celtiga,Boiro,Over/Under Goals,Under 2.5,1.7,,,LOST,
2025-10-12T15:30:00+00:00,Tercera División RFEF - Group 3,Vimenor,Laredo,Over/Under Goals,Under 2.5,1.62,,,WON,
2025-10-12T15:30:00+00:00,Tercera División RFEF - Group 6,Soneja,Crevillente,Over/Under Goals,Under 2.5,1.62,,,WON,
2025-10-12T15:45:00+00:00,FA WSL,Liverpool W,Manchester City W,Over/Under Goals,Under 3.5,1.42,,,WON,
2025-10-12T16:00:00+00:00,2. Lig,24 Erzincanspor,Kastamonuspor 1966,Over/Under Goals,Under 3.5,1.26,,,WON,
2025-10-12T16:00:00+00:00,2. Lig,Ankaragucu,Karacabey Belediyespor,Double Chance,Home/Draw,1.5,,,WON,
2025-10-12T16:00:00+00:00,2. Lig,Bursaspor,Menemen Belediyespor,Over/Under Goals,Under 3.5,1.42,,,WON,
2025-10-12T16:00:00+00:00,2. Lig,Elazığspor,Karaman Belediyespor,Over/Under Goals,Over 1.5,1.2,,,WON,
2025-10-12T16:00:00+00:00,3. Lig - Group 3,Orduspor 1967,Tokat Bld Plevnespor,Over/Under Goals,Under 2.5,1.57,,,WON,
2025-10-12T16:00:00+00:00,Liga Leumit,Bnei Yehuda,Maccabi Kabilio Jaffa,1X2 / Match Winner,Home,1.45,,,LOST,
2025-10-12T16:00:00+00:00,Liga Leumit,Hapoel Afula,Hapoel Acre,Team Total Goals,Under 2.5,1.28,,,WON,
2025-10-12T16:00:00+00:00,Liga Leumit,Hapoel Nazareth Illit,Kafr Qasim,Double Chance,Home/Draw,1.45,,,WON,
2025-10-12T16:00:00+00:00,Liga Leumit,Hapoel Ra'anana,Hapoel Hadera,Over/Under Goals,Under 3.5,1.28,,,WON,
2025-10-12T16:00:00+00:00,Liga Leumit,Hapoel Rishon LeZion,Hapoel Kfar Shalem,Over/Under Goals,Under 3.5,1.36,,,WON,
2025-10-12T16:00:00+00:00,Liga Leumit,Kiryat Yam SC,Hapoel Ramat Gan,Team Total Goals,Over 0.5,1.18,,,LOST,
2025-10-12T16:00:00+00:00,Liga Leumit,Maccabi Herzliya,Hapoel Kfar Saba,Over/Under Goals,Under 3.5,1.36,,,LOST,
2025-10-12T16:00:00+00:00,Liga Nacional,Municipal,Cobán Imperial,Over/Under Goals,Under 3.5,1.36,,,LOST,
2025-10-12T16:00:00+00:00,Primera División - Clausura,Juventud,CA River Plate,Over/Under Goals,Under 2.5,1.6,,,LOST,
2025-10-12T16:00:00+00:00,Segunda División RFEF - Group 2,UD Logroñés,Beasain,Over/Under Goals,Over 1.5,1.25,,,WON,
2025-10-12T16:00:00+00:00,Segunda División RFEF - Group 3,Espanyol II,Atlètic Lleida,Double Chance,Draw/Away,1.62,,,LOST,
2025-10-12T16:00:00+00:00,Segunda División RFEF - Group 3,Olot,Terrassa,Over/Under Goals,Under 3.5,1.16,,,WON,
2025-10-12T16:00:00+00:00,Segunda División RFEF - Group 3,Sant Andreu,Valencia II,Over/Under Goals,Under 3.5,1.23,,,LOST,
2025-10-12T16:00:00+00:00,Segunda División RFEF - Group 4,Lorca Deportiva,Extremadura 1924,1X2 / Match Winner,Draw,3.44,,,WON,
2025-10-12T16:00:00+00:00,Segunda División RFEF - Group 4,Xerez,Almería II,Over/Under Goals,Under 2.5,1.65,,,WON,
2025-10-12T16:00:00+00:00,Tercera División RFEF - Group 15,Subiza,Atlético Artajonés,Double Chance,Draw/Away,1.55,,,WON,
2025-10-12T16:00:00+00:00,Tercera División RFEF - Group 6,Buñol,La Nucía,Double Chance,Home/Draw,1.6,,,WON,
2025-10-12T16:00:00+00:00,World Cup - Qualification Africa,Chad,Central African Republic,Team Total Goals,Under 2.5,1.16,,,LOST,
2025-10-12T16:15:00+00:00,Primera División RFEF - Group 2,Sanluqueño,Antequera,Over/Under Goals,Under 2.5,1.57,,,LOST,
2025-10-12T16:30:00+00:00,Segunda Division,Burgos,Valladolid,Over/Under Goals,Under 3.5,1.17,,,WON,
2025-10-12T16:30:00+00:00,Segunda Division,Cadiz,Huesca,Over/Under Goals,Under 2.5,1.48,,,WON,
2025-10-12T16:45:00+00:00,Primera División RFEF - Group 2,Gimnastic,Alcorcon,Over/Under Goals,Under 2.5,1.62,,,LOST,
2025-10-12T17:00:00+00:00,Botola 2,Mouloudia Oujda,Stade Marocain,Over/Under Goals,Under 3.5,1.18,,,WON,
2025-10-12T17:00:00+00:00,Friendlies,Malta,Bosnia & Herzegovina,BTTS,No,1.67,,,LOST,
2025-10-12T17:00:00+00:00,Liga MX Femenil,Guadalajara W,Puebla W,Over/Under Goals,Under 3.5,1.91,,,WON,
2025-10-12T17:00:00+00:00,Shield Cup,Sama Al Sarhan,Al Ramtha,Over/Under Goals,Under 2.5,1.5,,,WON,
2025-10-12T17:00:00+00:00,Tercera División RFEF - Group 2,L'Entregu,Mosconia,Double Chance,Draw/Away,1.5,,,WON,
2025-10-12T17:30:00+00:00,Liga Pro Serie B,Atlético Vinotinto,Imbabura,Over/Under Goals,Under 3.5,1.25,,,WON,
2025-10-12T17:30:00+00:00,Primera Division,Aldosivi,Huracan,Over/Under Goals,Under 2.5,1.38,,,WON,
2025-10-12T18:00:00+00:00,Copa Chile,D. La Serena,Deportes Limache,Over/Under Goals,Under 3.5,1.33,,,LOST,
2025-10-12T18:00:00+00:00,Primera B,Cobreloa,Deportes Temuco,Asian Handicap,Home +0.25,1.15,,,WON,
2025-10-12T18:00:00+00:00,Primera Division,Ayacucho FC,ADT,Over/Under Goals,Under 3.5,1.28,,,LOST,
2025-10-12T18:00:00+00:00,Primera Nacional,Gimnasia Jujuy,San Miguel,Double Chance,Draw/Away,1.67,,,WON,
2025-10-12T18:00:00+00:00,Segunda División RFEF - Group 5,Rayo Majadahonda,CD Coria,Over/Under Goals,Under 2.5,1.57,,,WON,
2025-10-12T18:00:00+00:00,Segunda División,Cerrito,Oriental,Double Chance,Home/Draw,1.5,,,LOST,
2025-10-12T18:00:00+00:00,Segunda División,Municipal Salamanca,D. Melipilla,Double Chance,Draw/Away,1.48,,,WON,
2025-10-12T18:00:00+00:00,Torneo Federal A,San Martin Formosa,Sol de Mayo,Team Total Goals,Under 2.5,1.44,,,WON,
2025-10-12T18:00:00+00:00,USL League One,Westchester SC,Naples,Over/Under Goals,Under 3.5,1.42,,,WON,
2025-10-12T18:15:00+00:00,Pernambucano - 2,Ipojuca,América PE,1X2 / Match Winner,Away,1.55,,,LOST,
2025-10-12T18:30:00+00:00,Primera B Metropolitana,Comunicaciones,Midland,BTTS,No,1.53,,,WON,
2025-10-12T18:30:00+00:00,Primera B Metropolitana,Deportivo Armenio,Sportivo Italiano,Over/Under Goals,Under 2.5,1.44,,,LOST,
2025-10-12T18:30:00+00:00,Primera B Metropolitana,Liniers,Excursionistas,Over/Under Goals,Under 3.5,1.2,,,WON,
2025-10-12T18:30:00+00:00,Primera C,Leandro N. Alem,Berazategui,Over/Under Goals,Under 2.5,1.61,,,WON,
2025-10-12T18:30:00+00:00,Serie C - Girone B,Sambenedettese,Ravenna,Team Total Goals,Over 0.5,1.27,,,LOST,
2025-10-12T18:35:00+00:00,Torneo Federal A,Sportivo Belgrano,Atletico DE Rafaela,Over/Under Goals,Under 3.5,1.17,,,WON,
2025-10-12T19:00:00+00:00,Canadian Premier League,Atlético Ottawa,Vancouver FC,Over/Under Goals,Over 1.5,1.15,,,LOST,
2025-10-12T19:00:00+00:00,Primera A,Santa Fe,Llaneros,Asian Handicap,Home +0.25,1.16,,,LOST,
2025-10-12T19:00:00+00:00,Primera B,Bogota FC,Real Soacha,Over/Under Goals,Under 3.5,1.22,,,WON,
2025-10-12T19:00:00+00:00,Primera División RFEF - Group 1,Cacereño,Tenerife,Double Chance,Draw/Away,1.18,,,WON,
2025-10-12T19:00:00+00:00,Segunda Division,Malaga,Deportivo La Coruna,Over/Under Goals,Under 3.5,1.22,,,WON,
2025-10-12T19:00:00+00:00,Segunda División,Albion FC,Rentistas,Over/Under Goals,Under 3.5,1.16,,,LOST,
2025-10-12T19:00:00+00:00,Serie B,Novorizontino,Operario-PR,Over/Under Goals,Under 3.5,1.15,,,WON,
2025-10-12T19:00:00+00:00,Torneo Federal A,Gimnasia Chivilcoy,El Linqueño,Asian Handicap,Away -1.25,1.64,,,WON,
2025-10-12T19:00:00+00:00,World Cup - Qualification Africa,Burkina Faso,Ethiopia,Over/Under Goals,Under 3.5,1.33,,,LOST,
2025-10-12T19:00:00+00:00,World Cup - Qualification Africa,Djibouti,Sierra Leone,Over/Under Goals,Under 3.5,1.36,,,WON,
2025-10-12T19:00:00+00:00,World Cup - Qualification Africa,Egypt,Guinea-Bissau,Over/Under Goals,Under 3.5,1.28,,,WON,
2025-10-12T19:00:00+00:00,World Cup - Qualification Africa,Ghana,Comoros,Over/Under Goals,Under 3.5,1.25,,,WON,
2025-10-12T19:00:00+00:00,World Cup - Qualification Africa,Mali,Madagascar,Over/Under Goals,Under 2.5,1.65,,,LOST,
2025-10-12T19:30:00+00:00,Liga Pro Serie B,Cumbayá,Chacaritas,1X2 / Match Winner,Draw,4.0,,,WON,
2025-10-12T19:30:00+00:00,Segunda División,Titanes FC,Fundación Lara Deportiva,Double Chance,Draw/Away,1.44,,,LOST,
2025-10-12T19:45:00+00:00,Primera Division,Independ. Rivadavia,Godoy Cruz,Asian Handicap,Home +0,1.5,,,WON,
2025-10-12T19:45:00+00:00,Primera Division,Instituto Cordoba,Atletico Tucuman,Over/Under Goals,Under 2.5,1.5,,,WON,
2025-10-12T20:00:00+00:00,Liga Nacional,Mixco,Malacateco,Over/Under Goals,Under 3.5,1.2,,,LOST,
2025-10-12T20:00:00+00:00,Premier League,Molynes United,Montego Bay United,Over/Under Goals,Under 3.5,1.42,,,WON,
2025-10-12T20:00:00+00:00,Premier League,Mount Pleasant Academy,Chapelton,Over/Under Goals,Under 3.5,1.42,,,LOST,
2025-10-12T20:00:00+00:00,Premier League,Racing United,Spanish Town Police,1X2 / Match Winner,Home,1.46,,,WON,
2025-10-12T20:00:00+00:00,Premier League,Tivoli Gardens,Harbour View,Double Chance,Draw/Away,1.62,,,LOST,
2025-10-12T20:00:00+00:00,Segunda División,Aragua FC,Petare FC,Double Chance,Draw/Away,1.4,,,WON,
2025-10-12T20:00:00+00:00,Torneo Federal A,Ciudad de Bolívar,Argentino Monte Maíz,Team Total Goals,Under 2.5,1.44,,,LOST,
2025-10-12T20:00:00+00:00,Torneo Federal A,Sarmiento de La Banda,San Martín Mendoza,Over/Under Goals,Under 2.5,1.53,,,WON,
2025-10-12T20:00:00+00:00,World Cup - U20,United States U20,Morocco U20,Team Total Goals,Under 2.5,1.17,,,WON,
2025-10-12T20:10:00+00:00,Primera Nacional,CA Estudiantes,Deportivo Maipu,Asian Handicap,Away -1.25,1.5,,,WON,
2025-10-12T20:30:00+00:00,Division Profesional - Clausura,Sportivo Ameliano,Club Guarani,Over/Under Goals,Under 3.5,1.25,,,WON,
2025-10-12T20:30:00+00:00,Primera B,Universidad de Concepcion,Curico Unido,Over/Under Goals,Under 2.5,2.0,,,WON,
2025-10-12T20:30:00+00:00,Primera Division,Alianza Atletico,Cultural Santa Rosa,Over/Under Goals,Under 3.5,1.36,,,WON,
2025-10-12T20:30:00+00:00,Segunda División,Deportes Rengo,Trasandino,Over/Under Goals,Under 3.5,1.38,,,LOST,
2025-10-12T21:00:00+00:00,Liga Panameña de Fútbol,Herrera,Veraguas,Double Chance,Home/Draw,1.48,,,LOST,
2025-10-12T21:00:00+00:00,NWSL Women,Angel City W,Houston Dash W,Over/Under Goals,Under 3.5,1.3,,,WON,
2025-10-12T21:00:00+00:00,Primera B Metropolitana,Deportivo Merlo,Villa San Carlos,Over/Under Goals,Under 2.5,1.44,,,WON,
2025-10-12T21:00:00+00:00,Torneo Federal A,9 de Julio Rafaela,Germinal de Rawson,Team Total Goals,Under 2.5,1.4,,,LOST,
2025-10-12T21:10:00+00:00,Primera A,Alianza Petrolera,Junior,Over/Under Goals,Over 1.5,1.4,,,LOST,
2025-10-12T21:30:00+00:00,Serie B,Criciuma,America Mineiro,Team Total Goals,Over 0.5,1.62,,,WON,
2025-10-12T21:30:00+00:00,Serie B,Vila Nova,Amazonas,Over/Under Goals,Over 1.5,1.5,,,LOST,
2025-10-12T22:00:00+00:00,Liga Nacional,Guastatoya,Comunicaciones,Over/Under Goals,Under 3.5,1.22,,,WON,
2025-10-12T22:00:00+00:00,Primera Nacional,Tristan Suarez,Agropecuario,Double Chance,Draw/Away,1.67,,,LOST,
2025-10-12T22:00:00+00:00,Torneo Federal A,Costa Brava,Bartolomé Mitre,Over/Under Goals,Under 3.5,1.17,,,WON,
2025-10-12T22:10:00+00:00,Primera Nacional,Estudiantes de Rio Cuarto,Patronato,BTTS,No,1.5,,,LOST,
2025-10-12T22:15:00+00:00,Primera Division,River Plate,Sarmiento Junin,Over/Under Goals,Under 3.5,1.25,,,WON,
2025-10-12T22:30:00+00:00,Premier League,Cavalier,Portmore United,Over/Under Goals,Under 2.5,1.53,,,LOST,
2025-10-12T23:00:00+00:00,CONMEBOL Libertadores Femenina,Deportivo Cali W,São Paulo W,Asian Handicap,Home +1.25,1.43,,,WON,
2025-10-12T23:00:00+00:00,Division Profesional - Clausura,Nacional Asuncion,Sportivo Luqueno,1X2 / Match Winner,Home,1.65,,,LOST,
2025-10-12T23:00:00+00:00,Liga MX Femenil,Atlético San Luis W,Toluca W,1X2 / Match Winner,Away,1.62,,,LOST,
2025-10-12T23:00:00+00:00,Major League Soccer,Austin,Los Angeles FC,Double Chance,Draw/Away,1.41,,,LOST,
2025-10-12T23:00:00+00:00,Primera Division,Cusco,Comerciantes Unidos,Team Total Goals,Under 2.5,1.44,,,WON,
2025-10-12T23:00:00+00:00,World Cup - U20,Norway U20,France U20,Over/Under Goals,Under 2.5,1.55,,,LOST,
2025-10-12T23:20:00+00:00,Primera A,Bucaramanga,Union Magdalena,Over/Under Goals,Under 3.5,1.25,,,WON,
2025-10-12T23:30:00+00:00,Serie B,Cuiaba,Coritiba,Over/Under Goals,Under 3.5,1.17,,,WON,
2025-10-13T00:00:00+00:00,Liga Nacional,Marquense,Aurora,Over/Under Goals,Under 3.5,1.22,,,WON,
2025-10-13T00:15:00+00:00,Primera Division,Independiente,Lanus,Double Chance,Draw/Away,1.7,,,WON,
2025-10-13T00:15:00+00:00,Primera Nacional,Deportivo Moron,San Martin Tucuman,Asian Handicap,Home +0,1.4,,,WON,
2025-10-13T01:30:00+00:00,Primera A,Rionegro Aguilas,Deportivo Pasto,Asian Handicap,Home +0.5,1.16,,,WON,
2025-10-13T05:00:00+00:00,J3 League,Parceiro Nagano,Kamatamare Sanuki,Asian Handicap,Home +0.25,1.5,,,WON,
2025-10-13T10:00:00+00:00,Liga Revelação U23,Farense U23,Benfica U23,Over/Under Goals,Under 3.5,1.5,,,WON,
2025-10-13T10:30:00+00:00,Persha Liga,Prykarpattia,Chornomorets,Double Chance,Draw/Away,1.16,,,WON,
2025-10-13T11:15:00+00:00,Persha Liga,Livyi Bereh,Vorskla Poltava,Over/Under Goals,Under 2.5,1.53,,,WON,
2025-10-13T12:00:00+00:00,Liga Revelação U23,Santa Clara U23,Estoril U23,Asian Handicap,Home +0,1.51,,,WON,
2025-10-13T12:15:00+00:00,Persha Liga,Metal Kharkiv,Nyva Ternopil,Over/Under Goals,Under 2.5,1.62,,,LOST,
2025-10-13T12:45:00+00:00,Friendlies,Uzbekistan,Uruguay,Over/Under Goals,Under 3.5,1.22,,,WON,
2025-10-13T13:00:00+00:00,Second League,Internacional Podgorica,Kom,Double Chance,Home/Draw,1.4,,,LOST,
2025-10-13T13:00:00+00:00,World Cup - Qualification Africa,Equatorial Guinea,Liberia,Over/Under Goals,Over 1.5,1.42,,,WON,
2025-10-13T13:00:00+00:00,World Cup - Qualification Africa,Sao Tome and Principe,Malawi,Over/Under Goals,Under 3.5,1.38,,,WON,
2025-10-13T13:00:00+00:00,World Cup - Qualification Africa,South Sudan,Togo,Over/Under Goals,Under 3.5,1.2,,,WON,
2025-10-13T13:00:00+00:00,World Cup - Qualification Africa,Tunisia,Namibia,Over/Under Goals,Under 3.5,1.2,,,WON,
2025-10-13T15:00:00+00:00,Division One League,Police National,Elmina Sharks,Double Chance,Draw/Away,1.5,,,LOST,
2025-10-13T15:00:00+00:00,Tercera División RFEF - Group 14,Don Benito,Villanovense,Double Chance,Draw/Away,1.55,,,LOST,
2025-10-13T16:00:00+00:00,Friendlies,Montenegro,Liechtenstein,Over/Under Goals,Under 3.5,1.77,,,WON,
2025-10-13T16:00:00+00:00,Prva Liga,Dubočica,Macva,Double Chance,Home/Draw,1.6,,,WON,
2025-10-13T16:00:00+00:00,World Cup - Qualification Africa,Cameroon,Angola,Over/Under Goals,Under 3.5,1.18,,,WON,
2025-10-13T16:00:00+00:00,World Cup - Qualification Africa,Cape Verde Islands,Eswatini,1X2 / Match Winner,Home,1.18,,,WON,
2025-10-13T16:00:00+00:00,World Cup - Qualification Africa,Lesotho,Zimbabwe,Over/Under Goals,Under 3.5,1.18,,,WON,
2025-10-13T16:00:00+00:00,World Cup - Qualification Africa,Mauritius,Libya,Over/Under Goals,Under 3.5,1.22,,,WON,
2025-10-13T17:00:00+00:00,3. Division - Girone 5,Hinna,Sandnes Ulf II,Over/Under Goals,Under 3.5,2.05,,,LOST,
2025-10-13T17:45:00+00:00,Carioca B2,7 de Abril,Barra Mansa,Double Chance,Home/Draw,1.42,,,WON,
2025-10-13T18:00:00+00:00,Carioca B2,Macaé,Goytacaz,Team Total Goals,Over 0.5,1.57,,,WON,
2025-10-13T18:00:00+00:00,Primera Division,UTC,Cienciano,Over/Under Goals,Under 3.5,1.33,,,WON,
2025-10-13T18:30:00+00:00,FA Cup,Worthing,Forest Green,Asian Handicap,Home +1.25,1.62,,,LOST,
2025-10-13T18:30:00+00:00,Primera B Metropolitana,Sacachispas,Real Pilar,Over/Under Goals,Under 2.5,1.4,,,WON,
2025-10-13T18:30:00+00:00,Primera C,Atletico Atlas,Mercedes,Over/Under Goals,Under 2.5,1.7,,,LOST,
2025-10-13T18:30:00+00:00,Primera C,Sportivo Barracas,Lujan,Double Chance,Draw/Away,1.3,,,WON,
2025-10-13T18:30:00+00:00,Segunda Division,Cordoba,Cultural Leonesa,Double Chance,Home/Draw,1.17,,,WON,
2025-10-13T18:30:00+00:00,Serie C - Girone A,Dolomiti Bellunesi,Lumezzane,Over/Under Goals,Under 3.5,1.2,,,WON,
2025-10-13T18:30:00+00:00,Serie C - Girone A,Trento,PRO Vercelli,Over/Under Goals,Under 3.5,1.33,,,WON,
2025-10-13T18:35:00+00:00,Primera C,Deportivo Español,Central Cordoba,Double Chance,Draw/Away,1.4,,,WON,
2025-10-13T18:45:00+00:00,First Division,Finn Harps,Kerry,Over/Under Goals,Over 1.5,1.38,,,WON,
2025-10-13T18:45:00+00:00,Premier Division,Cork City,Shelbourne,Over/Under Goals,Under 3.5,1.25,,,WON,
2025-10-13T19:00:00+00:00,Segunda División,Real San Joaquín,Provincial Osorno,Over/Under Goals,Over 1.5,1.28,,,WON,
2025-10-13T20:00:00+00:00,Primera B,Depor FC,Popayan,Over/Under Goals,Under 3.5,1.25,,,WON,
2025-10-13T20:15:00+00:00,Primera Division,Juan Pablo II College,Deportivo Garcilaso,Double Chance,Draw/Away,1.62,,,WON,
2025-10-13T21:00:00+00:00,USL Championship,Charleston Battery,Colorado Springs,Over/Under Goals,Under 3.5,1.38,,,LOST,
2025-10-13T21:30:00+00:00,Primera Division,Platense,Deportivo Riestra,Double Chance,Draw/Away,1.67,,,WON,
2025-10-13T22:00:00+00:00,Serie B,Volta Redonda,Atletico Goianiense,Over/Under Goals,Under 3.5,1.18,,,WON,
2025-10-13T22:15:00+00:00,Primera A,Once Caldas,Independiente Medellin,Double Chance,Home/Draw,1.48,,,LOST,
2025-10-13T22:15:00+00:00,Primera B,Orsomarso,Internacional Palmira,Over/Under Goals,Under 3.5,1.18,,,WON,
2025-10-13T23:00:00+00:00,Primera B,San Luis,Recoleta,Over/Under Goals,Under 3.5,1.22,,,WON,
2025-10-14T00:30:00+00:00,Primera A,Fortaleza FC,Chico,Over/Under Goals,Over 1.5,1.45,,,LOST,
2025-10-14T00:30:00+00:00,Serie B,CRB,Ferroviária,1X2 / Match Winner,Home,1.67,,,LOST,
2025-10-14T01:30:00+00:00,Liga Panameña de Fútbol,UMECIT,Sporting San Miguelito,Double Chance,Draw/Away,1.45,,,WON,
2025-10-14T09:00:00+00:00,IFA Shield,Namdhari,East Bengal II,Over/Under Goals,Under 3.5,1.38,,,WON,
2025-10-14T09:00:00+00:00,Premier League,Ugyen Academy,BFF Academy U20,Over/Under Goals,Over 2.5,1.33,,,WON,
2025-10-14T10:30:00+00:00,Friendlies,Japan,Brazil,Over/Under Goals,Under 3.5,1.48,,,LOST,
2025-10-14T11:00:00+00:00,Friendlies,South Korea,Paraguay,Over/Under Goals,Under 3.5,1.25,,,WON,
2025-10-14T12:00:00+00:00,Professional Development League,Hull City U21,Crewe Alexandra U21,Over/Under Goals,Over 2.5,1.18,,,WON,
2025-10-14T12:00:00+00:00,Professional Development League,Peterborough United U21,Fleetwood Town U21,Team Total Goals,Over 0.5,1.26,,,LOST,
2025-10-14T13:00:00+00:00,2. liga,Slovan Bratislava II,Považská Bystrica,Double Chance,Home/Draw,1.5,,,LOST,
2025-10-14T13:00:00+00:00,Professional Development League,Sheffield United U21,Barnsley U21,Result + Total Goals,Home/Over 1.5,1.17,,,WON,
2025-10-14T13:00:00+00:00,World Cup - Qualification Africa,Seychelles,Gambia,Over/Under Goals,Under 3.5,2.25,,,LOST,
2025-10-14T16:00:00+00:00,Friendlies,Norway,New Zealand,Over/Under Goals,Under 3.5,1.7,,,WON,
2025-10-14T16:00:00+00:00,World Cup - Qualification Africa,Guinea,Botswana,Asian Handicap,Home +0.25,1.15,,,WON,
2025-10-14T16:00:00+00:00,World Cup - Qualification Africa,Nigeria,Benin,Over/Under Goals,Under 3.5,1.22,,,LOST,
2025-10-14T16:00:00+00:00,World Cup - Qualification Africa,Somalia,Mozambique,Over/Under Goals,Under 3.5,1.33,,,WON,
2025-10-14T16:00:00+00:00,World Cup - Qualification Africa,South Africa,Rwanda,Over/Under Goals,Under 3.5,1.25,,,WON,
2025-10-14T17:00:00+00:00,Friendlies,Albania,Jordan,Over/Under Goals,Under 3.5,1.25,,,LOST,
2025-10-14T17:00:00+00:00,Friendlies,Russia,Bolivia,Over/Under Goals,Under 3.5,1.57,,,WON,
2025-10-14T17:00:00+00:00,Professional Development League,Bristol City U21,AFC Bournemouth U21,Team Total Goals,Under 2.5,1.23,,,LOST,
2025-10-14T18:00:00+00:00,Copa Santa Catarina,Tubarao,Camboriú,Over/Under Goals,Under 3.5,1.25,,,WON,
2025-10-14T18:00:00+00:00,EFL Trophy,Blackpool,Nottingham Forest U21,Over/Under Goals,Under 3.5,1.6,,,WON,
2025-10-14T18:00:00+00:00,EFL Trophy,Crewe,Liverpool U21,1X2 / Match Winner,Home,1.42,,,WON,
2025-10-14T18:00:00+00:00,Professional Development League,Brentford U21,Queens Park Rangers U21,1X2 / Match Winner,Home,1.44,,,WON,
2025-10-14T18:30:00+00:00,EFL Trophy,Bradford,Everton U21,Over/Under Goals,Over 1.5,1.15,,,WON,
2025-10-14T18:30:00+00:00,Non League Premier - Southern South,Wimborne Town,Yate Town,Asian Handicap,Away -1.25,1.41,,,LOST,
2025-10-14T18:45:00+00:00,FA Cup,Brackley Town,Woking,Over/Under Goals,Under 3.5,1.3,,,LOST,
2025-10-14T18:45:00+00:00,FA Cup,Chester,Morecambe,Asian Handicap,Home +0,1.6,,,WON,
2025-10-14T18:45:00+00:00,FA Cup,Hartlepool,Gainsborough Trinity,Asian Handicap,Away -1.25,1.6,,,WON,
2025-10-14T18:45:00+00:00,Football League - Lowland League,Cowdenbeath,Cumbernauld Colts,Over/Under Goals,Under 3.5,1.59,,,WON,
2025-10-14T18:45:00+00:00,Football League - Lowland League,Hearts U21,Berwick Rangers,Over/Under Goals,Over 2.5,1.4,,,WON,
2025-10-14T18:45:00+00:00,Non League Premier - Isthmian,Billericay Town,Cheshunt,Asian Handicap,Away -1.25,1.52,,,WON,
2025-10-14T18:45:00+00:00,Non League Premier - Isthmian,Canvey Island,Brentwood Town,Over/Under Goals,Under 3.5,1.44,,,LOST,
2025-10-14T18:45:00+00:00,Non League Premier - Isthmian,Cray Valley PM,Chatham Town,Team Total Goals,Over 0.5,1.16,,,WON,
2025-10-14T18:45:00+00:00,Non League Premier - Isthmian,Dartford,Whitehawk,Over/Under Goals,Under 3.5,1.44,,,WON,
2025-10-14T18:45:00+00:00,Non League Premier - Isthmian,Hashtag United,Wingate & Finchley,Over/Under Goals,Over 2.5,1.49,,,LOST,
2025-10-14T18:45:00+00:00,Non League Premier - Isthmian,Ramsgate,Welling United,Asian Handicap,Home +0.25,1.42,,,LOST,
2025-10-14T18:45:00+00:00,Non League Premier - Northern,Ashton United,Hebburn Town,Over/Under Goals,Over 1.5,1.17,,,WON,
2025-10-14T18:45:00+00:00,Non League Premier - Northern,Morpeth Town,Cleethorpes Town,Double Chance,Draw/Away,1.4,,,WON,
2025-10-14T18:45:00+00:00,Non League Premier - Northern,Whitby Town,Hednesford Town,Double Chance,Draw/Away,1.44,,,LOST,
2025-10-14T18:45:00+00:00,Non League Premier - Southern Central,Alvechurch,Quorn,Double Chance,Draw/Away,1.62,,,WON,
2025-10-14T18:45:00+00:00,Non League Premier - Southern Central,Bishop's Stortford,Spalding United,Double Chance,Home/Draw,1.53,,,LOST,
2025-10-14T18:45:00+00:00,Non League Premier - Southern Central,Bromsgrove Sporting,Stamford,Over/Under Goals,Over 1.5,1.24,,,WON,
2025-10-14T18:45:00+00:00,Non League Premier - Southern Central,Bury Town,St Ives Town,Over/Under Goals,Under 3.5,1.28,,,WON,
2025-10-14T18:45:00+00:00,Non League Premier - Southern Central,Halesowen Town,Redditch United,Team Total Goals,Under 2.5,1.21,,,WON,
2025-10-14T18:45:00+00:00,Non League Premier - Southern Central,Royston Town,Leiston,Double Chance,Draw/Away,1.62,,,WON,
2025-10-14T18:45:00+00:00,Non League Premier - Southern Central,Stratford Town,Worcester City,Double Chance,Draw/Away,1.6,,,LOST,
2025-10-14T18:45:00+00:00,Non League Premier - Southern South,Basingstoke Town,Chertsey Town,Over/Under Goals,Over 1.5,1.19,,,WON,
2025-10-14T18:45:00+00:00,Non League Premier - Southern South,Berkhamsted,Evesham United,Over/Under Goals,Under 3.5,1.31,,,LOST,
2025-10-14T18:45:00+00:00,Non League Premier - Southern South,Plymouth Parkway,Taunton Town,Over/Under Goals,Over 1.5,1.15,,,WON,
2025-10-14T18:45:00+00:00,Non League Premier - Southern South,Poole Town,Dorchester Town,Over/Under Goals,Under 3.5,1.36,,,WON,
2025-10-14T18:45:00+00:00,Non League Premier - Southern South,Uxbridge,Hungerford Town,Double Chance,Home/Draw,1.4,,,WON,
2025-10-14T18:45:00+00:00,Non League Premier - Southern South,Walton & Hersham,Havant & Wville,Over/Under Goals,Over 1.5,1.15,,,WON,
2025-10-14T19:00:00+00:00,World Cup - Qualification Africa,Congo DR,Sudan,Over/Under Goals,Under 3.5,1.3,,,WON,
2025-10-14T19:00:00+00:00,World Cup - Qualification Africa,Gabon,Burundi,Team Total Goals,Under 2.5,1.42,,,WON,
2025-10-14T19:00:00+00:00,World Cup - Qualification Africa,Ivory Coast,Kenya,Over/Under Goals,Under 3.5,1.35,,,WON,
2025-10-14T19:00:00+00:00,World Cup - Qualification Africa,Senegal,Mauritania,Over/Under Goals,Under 3.5,1.55,,,LOST,
2025-10-14T22:30:00+00:00,Serie B,Chapecoense-sc,Botafogo SP,Asian Handicap,Away -1.25,1.5,,,WON,
2025-10-14T22:30:00+00:00,Serie B,Paysandu,remo,Over/Under Goals,Under 3.5,1.22,,,LOST,
2025-10-14T23:00:00+00:00,Primera Division,FBC Melgar,Alianza Universidad,Result + Total Goals,Home/Over 1.5,1.53,,,WON,
2025-10-15T00:00:00+00:00,Friendlies,Canada,Colombia,Double Chance,Home/Draw,1.62,,,WON,
2025-10-15T00:00:00+00:00,Friendlies,Puerto Rico,Argentina,Over/Under Goals,Under 3.5,2.9,,,LOST,
2025-10-15T00:30:00+00:00,Primera A,Atletico Nacional,Deportivo Cali,Over/Under Goals,Under 3.5,1.3,,,WON,
2025-10-15T00:30:00+00:00,Serie B,Atletico Paranaense,Avai,Asian Handicap,Away -1.25,1.6,,,WON,
2025-10-15T01:00:00+00:00,Friendlies,USA,Australia,Over/Under Goals,Under 3.5,1.33,,,WON,
2025-10-15T02:00:00+00:00,Primera División,Municipal Liberia,Puntarenas FC,Over/Under Goals,Under 3.5,1.28,,,WON,
2025-10-15T02:30:00+00:00,Friendlies,Mexico,Ecuador,Over/Under Goals,Under 3.5,1.55,,,WON,
2025-10-15T09:00:00+00:00,IFA Shield,ATK Mohun Bagan,United,Over/Under Goals,Under 3.5,1.9,,,WON,
2025-10-15T10:00:00+00:00,J3 League,Kanazawa,Matsumoto Yamaga,Over/Under Goals,Under 3.5,1.26,,,WON,
2025-10-15T11:30:00+00:00,Cup,Luftëtari,Oriku,Team Total Goals,Over 0.5,1.51,,,LOST,
2025-10-15T11:30:00+00:00,Cup,Vora,Maliqi,1X2 / Match Winner,Home,1.15,,,WON,
2025-10-15T12:30:00+00:00,Cup,Fiľakovo,Slávia TU Košice,Asian Handicap,Home +0.5,1.62,,,WON,
2025-10-15T12:30:00+00:00,Premier League,FC Slutsk,Neman,Over/Under Goals,Under 2.5,1.73,,,LOST,
2025-10-15T12:30:00+00:00,Super League,MAFCO,Karonga United,1X2 / Match Winner,Draw,2.82,,,WON,
2025-10-15T13:00:00+00:00,2. liga,Lokomotíva Zvolen,Malženice,Over/Under Goals,Under 3.5,1.61,,,LOST,
2025-10-15T13:30:00+00:00,3. liga - MSFL,Vítkovice,Sigma Olomouc II,Over/Under Goals,Over 1.5,1.15,,,WON,
2025-10-15T15:00:00+00:00,Cup,Chayka,KAMAZ,Asian Handicap,Home +0.25,3.14,,,LOST,
2025-10-15T16:00:00+00:00,Liga Leumit,Ironi Modi'in,Maccabi Petah Tikva,Over/Under Goals,Over 1.5,1.19,,,WON,
2025-10-15T16:30:00+00:00,Cup,Arsenal Tula,FK Sokol Saratov,Over/Under Goals,Under 3.5,1.16,,,WON,
2025-10-15T16:45:00+00:00,UEFA Champions League Women,Vålerenga W,VfL Wolfsburg W,1X2 / Match Winner,Away,1.4,,,WON,
2025-10-15T18:00:00+00:00,Reserve League,Defensa y Justicia Res.,Huracán Res.,Over/Under Goals,Under 3.5,1.21,,,LOST,
2025-10-15T18:00:00+00:00,Reserve League,Estudiantes La Plata Res,Boca Juniors Res.,Over/Under Goals,Under 3.5,1.18,,,WON,
2025-10-15T18:00:00+00:00,Reserve League,Independiente Res.,Atlético Tucumán Res.,Double Chance,Draw/Away,1.62,,,LOST,
2025-10-15T18:45:00+00:00,Football League - Lowland League,Stirling University,Civil Service Strollers,Over/Under Goals,Over 2.5,1.4,,,WON,
2025-10-15T19:00:00+00:00,Liga de Ascenso,Quepos Cambute,ADR Jicaral,Double Chance,Draw/Away,1.53,,,WON,
2025-10-15T19:00:00+00:00,UEFA Champions League Women,OH Leuven W,Twente W,Over/Under Goals,Over 2.5,1.45,,,WON,
2025-10-15T19:00:00+00:00,UEFA Champions League Women,Roma W,Barcelona W,Team Total Goals,Over 2.5,1.22,,,WON,
2025-10-15T22:00:00+00:00,Serie A,Palmeiras,RB Bragantino,1X2 / Match Winner,Home,1.43,,,WON,
2025-10-15T22:30:00+00:00,Primera División,Sporting San Jose,Perez Zeledon,Over/Under Goals,Under 3.5,1.33,,,WON,
2025-10-15T22:30:00+00:00,Serie A,Botafogo,Flamengo,Over/Under Goals,Under 3.5,1.22,,,WON,
2025-10-15T23:00:00+00:00,Serie A,Mirassol,Internacional,Double Chance,Draw/Away,1.7,,,LOST,
2025-10-15T23:00:00+00:00,Serie A,Sport Recife,Ceara,Double Chance,Draw/Away,1.57,,,WON,
2025-10-15T23:00:00+00:00,World Cup - U20,Argentina U20,Colombia U20,Over/Under Goals,Over 1.5,1.45,,,LOST,
2025-10-15T23:20:00+00:00,Primera A,Deportivo Pereira,Millonarios,Over/Under Goals,Under 3.5,1.2,,,LOST,
2025-10-16T00:00:00+00:00,Copa Uruguay,Defensor Sporting,Penarol,Over/Under Goals,Under 3.5,1.2,,,WON,
2025-10-16T00:15:00+00:00,CONCACAF W Champions Cup,Orlando Pride W,Pachuca W,Over/Under Goals,Under 3.5,1.5,,,WON,
2025-10-16T00:30:00+00:00,Serie A,Atletico-MG,Cruzeiro,Over/Under Goals,Under 2.5,1.53,,,WON,
2025-10-16T00:30:00+00:00,Serie A,Fortaleza EC,Vasco DA Gama,Asian Handicap,Home +0,1.62,,,LOST,
2025-10-16T00:30:00+00:00,Serie A,Santos,Corinthians,1X2 / Match Winner,Draw,3.14,,,LOST,
2025-10-16T01:00:00+00:00,Liga MX Femenil,Atlas W,América W,Result + Total Goals,Away/Over 1.5,1.44,,,WON,
2025-10-16T02:00:00+00:00,Liga Nacional,Marquense,Antigua GFC,Double Chance,Draw/Away,1.42,,,LOST,
2025-10-16T02:00:00+00:00,Primera División,CS Cartagines,Guadalupe FC,Over/Under Goals,Under 3.5,1.38,,,WON,
2025-10-16T02:00:00+00:00,USL Championship,Orange County SC,San Antonio,Over/Under Goals,Under 3.5,1.28,,,WON,
2025-10-16T03:00:00+00:00,Liga de Expansión MX,CDS Tampico Madero,Mineros de Zacatecas,Over/Under Goals,Over 1.5,1.33,,,WON,
2025-10-16T10:30:00+00:00,Birinci Dasta,Difai Ağsu,Şahdağ,Double Chance,Home/Draw,1.22,,,LOST,
2025-10-16T10:30:00+00:00,Birinci Dasta,MOIK,Cəbrayıl,Double Chance,Draw/Away,1.67,,,LOST,
2025-10-16T10:30:00+00:00,Birinci Dasta,Mingəçevir,Şimal,Team Total Goals,Under 2.5,1.5,,,LOST,
2025-10-16T11:00:00+00:00,Liga 3,Merani Tbilisi,Shturmi,Double Chance,Draw/Away,1.25,,,LOST,
2025-10-16T12:00:00+00:00,Liga 1,Dewa United,Persepam Madura Utd,Over/Under Goals,Under 3.5,1.32,,,WON,
2025-10-16T12:00:00+00:00,UEFA Europa Cup - Women,Ferencváros,Sparta Praha W,1X2 / Match Winner,Away,1.5,,,WON,
2025-10-16T12:30:00+00:00,Second League,Aswan Sc,Asyut Petrol,Over/Under Goals,Under 2.5,1.33,,,WON,
2025-10-16T12:30:00+00:00,Second League,El Dakhleya,Abu Qair Semad,Double Chance,Draw/Away,1.22,,,WON,
2025-10-16T12:30:00+00:00,Second League,Maleyet Kafr El Zayiat,Tanta SC,Asian Handicap,Home +0.25,1.65,,,WON,
2025-10-16T12:30:00+00:00,Second League,Olympic El Qanah,El Entag EL Harby,Double Chance,Home/Draw,1.26,,,WON,
2025-10-16T13:00:00+00:00,Professional League,Oman Club,Ibri,Over/Under Goals,Over 1.5,1.44,,,WON,
2025-10-16T14:00:00+00:00,Liga Revelação U23,Portimonense U23,Sporting CP U23,Over/Under Goals,Under 3.5,1.39,,,WON,
2025-10-16T14:00:00+00:00,Ligue 2,MO Bejaia,IB Khémis El Khechna,Over/Under Goals,Over 1.5,1.17,,,WON,
2025-10-16T14:30:00+00:00,Cup,Fakel,Ural,Asian Handicap,Home +0.25,1.51,,,WON,
2025-10-16T14:30:00+00:00,Cup,Torpedo Moskva,Veles,Over/Under Goals,Under 3.5,1.28,,,WON,
2025-10-16T14:30:00+00:00,Super League,Nasaf,Kokand-1912,Over/Under Goals,Under 3.5,1.35,,,WON,
2025-10-16T15:00:00+00:00,Second League,Masar,El Seka El Hadid,Over/Under Goals,Under 2.5,1.51,,,WON,
2025-10-16T15:00:00+00:00,Veikkausliiga,Ilves,KuPS,Double Chance,Draw/Away,1.7,,,WON,
2025-10-16T15:20:00+00:00,Professional League,Al-Khabourah,Al-Nahda,Over/Under Goals,Under 2.5,1.53,,,LOST,
2025-10-16T15:30:00+00:00,Kakkonen - Play-offs,Ilves II,TPV,Double Chance,Home/Draw,1.7,,,WON,
2025-10-16T15:30:00+00:00,Ligue 1,Olympique Sport d'Abobo,Bouaké,Over/Under Goals,Under 2.5,1.44,,,WON,
2025-10-16T16:00:00+00:00,Frauen Bundesliga,FC Koln W,Bayer Leverkusen W,Over/Under Goals,Over 1.5,1.2,,,WON,
2025-10-16T16:00:00+00:00,UEFA Europa Cup - Women,Brann W,Hammarby,Double Chance,Draw/Away,1.67,,,WON,
2025-10-16T16:00:00+00:00,UEFA Europa Cup - Women,GKS Katowice W,Häcken,Over/Under Goals,Under 3.5,2.2,,,LOST,
2025-10-16T16:00:00+00:00,UEFA Europa Cup - Women,SFK 2000,Young Boys W,Over/Under Goals,Under 3.5,1.31,,,WON,
2025-10-16T16:30:00+00:00,1. Division,Esbjerg,Hobro,Over/Under Goals,Under 3.5,1.45,,,WON,
2025-10-16T16:45:00+00:00,UEFA Champions League Women,Atletico Madrid W,Manchester United W,Over/Under Goals,Under 3.5,1.4,,,WON,
2025-10-16T17:00:00+00:00,Cup,Chernomorets,Kuban Kholding,Over/Under Goals,Under 3.5,1.36,,,WON,
2025-10-16T17:00:00+00:00,Second League,Itesalat,Tersana,Over/Under Goals,Under 2.5,1.5,,,WON,
2025-10-16T17:30:00+00:00,Liga I,Csikszereda,CFR 1907 Cluj,Over/Under Goals,Over 1.5,1.36,,,WON,
2025-10-16T17:30:00+00:00,UEFA Europa Cup - Women,Ajax W,Grasshopper W,Over/Under Goals,Under 3.5,1.59,,,WON,
2025-10-16T18:00:00+00:00,Reserve League,Aldosivi Res.,Independiente Riva. Res.,Over/Under Goals,Under 3.5,1.22,,,LOST,
2025-10-16T18:00:00+00:00,Reserve League,Barracas Central Res.,Argentinos Juniors Res.,Over/Under Goals,Under 2.5,1.62,,,LOST,
2025-10-16T18:00:00+00:00,Reserve League,Newell's Old Boys Res.,Unión Santa Fe Res.,Over/Under Goals,Under 3.5,1.56,,,LOST,
2025-10-16T18:00:00+00:00,Reserve League,San Lorenzo Res.,Deportivo Riestra Res.,Over/Under Goals,Under 3.5,1.16,,,WON,
2025-10-16T19:00:00+00:00,League One,Huddersfield,Bolton,Over/Under Goals,Under 3.5,1.36,,,WON,
2025-10-16T19:00:00+00:00,UEFA Champions League Women,Paris Saint Germain W,Real Madrid W,Over/Under Goals,Over 2.5,1.5,,,WON,
2025-10-16T20:00:00+00:00,Liga Pro Serie B,Atlético Vinotinto,Chacaritas,Over/Under Goals,Under 3.5,1.27,,,LOST,
2025-10-16T20:00:00+00:00,Liga Pro Serie B,Ind. Juniors,Gualaceo SC,Over/Under Goals,Under 3.5,1.15,,,WON,
2025-10-16T21:30:00+00:00,Division Profesional - Clausura,General Caballero,Atlético Tembetary,Over/Under Goals,Under 3.5,1.25,,,WON,
2025-10-16T21:30:00+00:00,Reserve League,Central Córdoba SdE Res.,Racing Club Res.,Double Chance,Draw/Away,1.4,,,WON,
2025-10-16T22:00:00+00:00,Serie A,Gremio,Sao Paulo,Over/Under Goals,Under 3.5,1.17,,,WON,
2025-10-17T00:00:00+00:00,Liga MX Femenil,Pumas UNAM W,Juárez W,Over/Under Goals,Under 3.5,1.42,,,LOST,
2025-10-17T00:00:00+00:00,Primera B,Quindio,Tigres FC,Over/Under Goals,Under 3.5,1.25,,,WON,
2025-10-17T00:30:00+00:00,Serie A,Fluminense,Juventude,Over/Under Goals,Under 3.5,1.28,,,WON,
2025-10-17T00:30:00+00:00,Serie A,Vitoria,Bahia,Over/Under Goals,Over 1.5,1.38,,,WON,
2025-10-17T01:00:00+00:00,Primera Division,Alianza Lima,Sport Boys,Over/Under Goals,Over 1.5,1.25,,,WON,
2025-10-17T01:30:00+00:00,Liga Nacional,CD Olimpia,CD Motagua,Double Chance,Home/Draw,1.18,,,WON,
2025-10-17T02:00:00+00:00,Primera División,CS Herediano,LD Alajuelense,Over/Under Goals,Under 3.5,1.25,,,LOST,
2025-10-17T03:00:00+00:00,Second League - Group 3,SKA Khabarovsk II,Metallurg Lipetsk,Double Chance,Home/Draw,1.66,,,WON,
2025-10-17T08:00:00+00:00,A-League,Adelaide United,Sydney,Double Chance,Draw/Away,1.53,,,LOST,
2025-10-17T08:00:00+00:00,Liga Alef,Maccabi K. Ata Bialik,Maccabi Neve Sha'anan,Over/Under Goals,Under 3.5,1.24,,,WON,
2025-10-17T08:00:00+00:00,Youth Championship,Ural U20,Fakel U19,Over/Under Goals,Under 3.5,1.27,,,WON,
2025-10-17T08:30:00+00:00,Liga 1,Persita,PSIM Yogyakarta,Over/Under Goals,Under 3.5,1.19,,,LOST,
2025-10-17T08:30:00+00:00,Liga 2,Persiku Kudus,Persipal,Double Chance,Home/Draw,1.17,,,WON,
2025-10-17T08:30:00+00:00,Liga 2,Sriwijaya FC,Persekat,Over/Under Goals,Under 3.5,1.23,,,WON,
2025-10-17T09:30:00+00:00,Liga Alef,FC Jerusalem,Nordia Jerusalem,Asian Handicap,Away -1.25,1.66,,,LOST,
2025-10-17T09:40:00+00:00,Liga Alef,Hapoel Ramat HaSharon,Maccabi Kiryat Gat,Over/Under Goals,Under 3.5,1.68,,,WON,
2025-10-17T09:45:00+00:00,Liga Alef,Hapoel Azor,Maccabi Ashdod,Double Chance,Home/Draw,1.4,,,LOST,
2025-10-17T09:50:00+00:00,Liga Alef,Maccabi Ahi Nazareth,Ironi Baka El Garbiya,Team Total Goals,Over 0.5,1.18,,,WON,
2025-10-17T09:55:00+00:00,Liga Alef,Hapoel Marmorek,Hapoel Herzliya,Double Chance,Home/Draw,1.6,,,LOST,
2025-10-17T10:00:00+00:00,J. League Div.1,Sanfrecce Hiroshima,FC Tokyo,1X2 / Match Winner,Draw,4.1,,,WON,
2025-10-17T10:00:00+00:00,J. League Div.1,Vissel Kobe,Kashima,Over/Under Goals,Under 3.5,1.25,,,WON,
2025-10-17T10:00:00+00:00,Liga Alef,Hapoel Ironi Karmiel,Tira,Double Chance,Home/Draw,1.6,,,LOST,
2025-10-17T10:00:00+00:00,Premier League,Kyzyl-Zhar,Kairat Almaty,Over/Under Goals,Under 3.5,1.4,,,WON,
2025-10-17T10:05:00+00:00,A-League,Brisbane Roar,Macarthur,Asian Handicap,Away -0.5,1.57,,,LOST,
2025-10-17T10:30:00+00:00,Birinci Dasta,Baku Sportinq,Safa Baku,1X2 / Match Winner,Away,1.7,,,WON,
2025-10-17T10:30:00+00:00,Premyer Liqa,Keshla FC,Kapaz,Over/Under Goals,Under 3.5,1.25,,,LOST,
2025-10-17T11:00:00+00:00,Erovnuli Liga 2,Meshakhte,Sioni,Double Chance,Draw/Away,1.57,,,LOST,
2025-10-17T11:00:00+00:00,Erovnuli Liga 2,Saburtalo II,Samtredia,Double Chance,Home/Draw,1.4,,,LOST,
2025-10-17T11:00:00+00:00,Liga Alef,Ironi Nesher,Hapoel Migdal HaEmek,Double Chance,Home/Draw,1.5,,,WON,
2025-10-17T11:15:00+00:00,Liga Alef,Hapoel Beit Shean,Hapoel Tirat HaCarmel,Asian Handicap,Home +0,1.5,,,LOST,
2025-10-17T11:30:00+00:00,1 Lyga,Panevėžys II,TransINVEST Vilnius,Over/Under Goals,Under 3.5,1.9,,,WON,
2025-10-17T11:30:00+00:00,Premier League,Hougang United,Albirex Niigata S,Team Total Goals,Under 2.5,1.26,,,WON,
2025-10-17T11:35:00+00:00,Super League,Chengdu Better City,Meizhou Kejia,1X2 / Match Winner,Home,1.15,,,WON,
2025-10-17T12:00:00+00:00,Liga 1,PSBS Biak Numfor,Persib Bandung,Over/Under Goals,Under 3.5,1.36,,,WON,
2025-10-17T12:00:00+00:00,Liga 2,Tornado Pekanbaru,Deltras,Double Chance,Draw/Away,1.5,,,WON,
2025-10-17T12:00:00+00:00,Liga III - Serie 6,CSM Ramnicu Valcea,Minerul Lupeni,1X2 / Match Winner,Home,1.41,,,WON,
2025-10-17T12:00:00+00:00,Super League,Mash'al,Xorazm,Over/Under Goals,Under 3.5,1.16,,,WON,
2025-10-17T12:00:00+00:00,Super League,Qingdao Youth Island,Shanghai Shenhua,BTTS,Yes,1.62,,,WON,
2025-10-17T12:00:00+00:00,Thai League 2,Nakhon Pathom,Esan Pattaya,Over/Under Goals,Under 3.5,1.21,,,WON,
2025-10-17T12:00:00+00:00,Youth Championship,Krasnodar U19,Rostov U19,Over/Under Goals,Under 3.5,1.86,,,WON,
2025-10-17T12:00:00+00:00,Youth Championship,Lokomotiv Moskva U19,Rubin Kazan U20,Over/Under Goals,Under 3.5,1.28,,,WON,
2025-10-17T12:00:00+00:00,Youth Championship,Nizhny Novgorod U19,Krylya Sovetov U19,Over/Under Goals,Under 3.5,1.58,,,WON,
2025-10-17T12:30:00+00:00,Liga Alef,Tzeirey Tamra,Araba,Over/Under Goals,Over 2.5,1.7,,,WON,
2025-10-17T12:30:00+00:00,Premier League,SK Poltava,Obolon'-Brovar,Over/Under Goals,Under 3.5,1.15,,,WON,
2025-10-17T12:30:00+00:00,Second League,Dayrout,Raya Ghazl,Double Chance,Home/Draw,1.27,,,WON,
2025-10-17T12:30:00+00:00,Second League,La Viena FC,Baladiyyat Al Mehalla,Double Chance,Home/Draw,1.22,,,WON,
2025-10-17T12:30:00+00:00,Second League,Proxy,El Mansura,Over/Under Goals,Under 2.5,1.63,,,WON,
2025-10-17T13:00:00+00:00,1 Lyga,Ekranas,Tauras,Over/Under Goals,Under 3.5,1.38,,,LOST,
2025-10-17T13:00:00+00:00,Erovnuli Liga 2,Gonio,Lokomotivi Tbilisi,1X2 / Match Winner,Draw,3.1,,,LOST,
2025-10-17T13:00:00+00:00,FA Cup,Kelantan United,Sabah FA,Double Chance,Home/Draw,1.62,,,LOST,
2025-10-17T13:00:00+00:00,First NL,Sesvete,Hrvace,1X2 / Match Winner,Draw,3.25,,,WON,
2025-10-17T13:00:00+00:00,Liga Leumit,Hapoel Acre,Hapoel Ra'anana,Over/Under Goals,Under 3.5,1.25,,,WON,
2025-10-17T13:00:00+00:00,Liga Leumit,Hapoel Hadera,Hapoel Nazareth Illit,1X2 / Match Winner,Draw,3.25,,,WON,
2025-10-17T13:00:00+00:00,Liga Leumit,Hapoel Kfar Saba,Hapoel Rishon LeZion,Over/Under Goals,Under 3.5,1.2,,,LOST,
2025-10-17T13:00:00+00:00,Liga Leumit,Hapoel Ramat Gan,Maccabi Herzliya,Over/Under Goals,Under 3.5,1.3,,,WON,
2025-10-17T13:00:00+00:00,Liga Leumit,Maccabi Kabilio Jaffa,Hapoel Afula,Asian Handicap,Home +0,1.4,,,LOST,
2025-10-17T13:00:00+00:00,Professional League,Bahla,Dhofar,Double Chance,Draw/Away,1.67,,,WON,
2025-10-17T13:00:00+00:00,Second NL,Hrvatski Dragovoljac,Lucko,Double Chance,Home/Draw,1.4,,,LOST,
2025-10-17T13:00:00+00:00,Super League,Mufulira Wanderers,Nkwazi,Over/Under Goals,Under 2.5,1.44,,,WON,
2025-10-17T13:05:00+00:00,Pro League,Al Bataeh,Al Wahda FC,Over/Under Goals,Under 3.5,1.5,,,LOST,
2025-10-17T13:05:00+00:00,Pro League,Sharjah FC,Al-Dhafra,Over/Under Goals,Over 1.5,1.15,,,WON,
2025-10-17T13:20:00+00:00,Professional League,Al Nasr,Al Seeb,Asian Handicap,Home +1.25,1.42,,,LOST,
2025-10-17T13:30:00+00:00,First NL,Opatija,Rudes,Over/Under Goals,Under 3.5,1.2,,,WON,
2025-10-17T13:30:00+00:00,Super League,Andijan,Shortan,Over/Under Goals,Under 3.5,1.26,,,LOST,
2025-10-17T13:35:00+00:00,Premier League,Muharraq,Al Riffa,Over/Under Goals,Under 3.5,1.25,,,WON,
2025-10-17T14:00:00+00:00,CAF Champions League,US Monastirienne,JS Kabylie,Over/Under Goals,Over 1.5,1.53,,,WON,
2025-10-17T14:00:00+00:00,Erovnuli Liga 2,Dinamo Tbilisi II,Spaeri,Asian Handicap,Home +1.25,1.98,,,WON,
2025-10-17T14:00:00+00:00,III Liga - Group 3,Polonia Nysa,Warta Gorzów,Team Total Goals,Over 0.5,1.15,,,WON,
2025-10-17T14:00:00+00:00,Ligue 1,Oued Akbou,El Bayadh,Over/Under Goals,Under 3.5,1.15,,,WON,
2025-10-17T14:00:00+00:00,Ligue 2,Béchar Djedid,WA Mostaganem,Team Total Goals,Over 0.5,1.6,,,WON,
2025-10-17T14:00:00+00:00,Ligue 2,CA Batna,CR Béni Thour,1X2 / Match Winner,Home,1.57,,,WON,
2025-10-17T14:00:00+00:00,Ligue 2,CRB Adrar,RC Kouba,Over/Under Goals,Over 1.5,1.49,,,WON,
2025-10-17T14:00:00+00:00,Ligue 2,Hussein Dey,ASM Oran,Over/Under Goals,Under 2.5,1.57,,,WON,
2025-10-17T14:00:00+00:00,Ligue 2,JS Bordj Ménaïel,MSP Batna,Double Chance,Draw/Away,1.83,,,WON,
2025-10-17T14:00:00+00:00,Ligue 2,JS El Biar,MC Saida,Double Chance,Home/Draw,1.17,,,WON,
2025-10-17T14:00:00+00:00,Ligue 2,JS Jijel,MO Constantine,Over/Under Goals,Under 3.5,1.22,,,WON,
2025-10-17T14:00:00+00:00,Ligue 2,Koléa,GC Mascara,Over/Under Goals,Under 3.5,1.15,,,WON,
2025-10-17T14:00:00+00:00,Ligue 2,NC Magra,HB Chelghoum Laïd,Double Chance,Draw/Away,2.0,,,LOST,
2025-10-17T14:00:00+00:00,Ligue 2,Nrb Beni Oulbene,USM Annaba,Double Chance,Draw/Away,1.67,,,LOST,
2025-10-17T14:00:00+00:00,Ligue 2,RC Arba,JS Tixeraine,Double Chance,Home/Draw,1.44,,,WON,
2025-10-17T14:00:00+00:00,Ligue 2,Teleghma,US Biskra,Double Chance,Home/Draw,1.44,,,WON,
2025-10-17T14:00:00+00:00,Premier League,Arsenal,FC Isloch Minsk R.,Over/Under Goals,Under 2.5,1.85,,,WON,
2025-10-17T14:00:00+00:00,Premier League,Wadi Degla,Future FC,Double Chance,Draw/Away,1.45,,,WON,
2025-10-17T14:00:00+00:00,Youth Championship,Baltika U19,Akhmat Grozny U20,Over/Under Goals,Under 3.5,1.3,,,WON,
2025-10-17T14:00:00+00:00,Youth Championship,Sochi U20,CSKA Moskva U19,Over/Under Goals,Under 3.5,1.37,,,LOST,
2025-10-17T14:00:00+00:00,Youth Championship,Spartak Moskva U19,Dinamo Moskva U19,Over/Under Goals,Under 3.5,1.3,,,LOST,
2025-10-17T14:15:00+00:00,Super League,Sogdiana,Surkhon,1X2 / Match Winner,Home,1.7,,,WON,
2025-10-17T14:30:00+00:00,Persian Gulf Pro League,Esteghlal FC,Mes Rafsanjan,Over/Under Goals,Under 3.5,1.17,,,WON,
2025-10-17T14:40:00+00:00,Premier League,Al Jahra,Al Tadhamon,Over/Under Goals,Under 3.5,1.42,,,WON,
2025-10-17T15:00:00+00:00,1 Lyga,Be1 NFA,Hegelmann II,Over/Under Goals,Under 3.5,1.52,,,LOST,
2025-10-17T15:00:00+00:00,3. liga - MSFL,Hranice,Hlučín,Asian Handicap,Home +0.25,1.57,,,LOST,
2025-10-17T15:00:00+00:00,Erovnuli Liga,Gareji,Dila,Over/Under Goals,Under 3.5,1.21,,,LOST,
2025-10-17T15:00:00+00:00,Erovnuli Liga,Telavi,Saburtalo,Over/Under Goals,Under 2.5,1.65,,,WON,
2025-10-17T15:00:00+00:00,Premier League,Shirak,Alashkert,Over/Under Goals,Under 3.5,1.33,,,WON,
2025-10-17T15:00:00+00:00,Premyer Liqa,Turan,Qarabag,Over/Under Goals,Under 3.5,1.28,,,WON,
2025-10-17T15:05:00+00:00,Pro League,Al-Fayha,Al-Ittihad FC,Over/Under Goals,Under 3.5,1.44,,,WON,
2025-10-17T15:10:00+00:00,Pro League,Al Kholood,Al Najma,Asian Handicap,Home +0,1.48,,,WON,
2025-10-17T15:30:00+00:00,1. SNL,Aluminij,Mura,Over/Under Goals,Under 3.5,1.4,,,LOST,
2025-10-17T15:30:00+00:00,FNL,Opava,Ústí nad Labem,Over/Under Goals,Under 3.5,1.44,,,LOST,
2025-10-17T15:30:00+00:00,FNL,Vysočina Jihlava,České Budějovice,Over/Under Goals,Under 3.5,1.33,,,WON,
2025-10-17T15:45:00+00:00,Pro League,Al-Ittihad Kalba,Shabab Al Ahli Dubai,Over/Under Goals,Under 3.5,1.42,,,WON,
2025-10-17T15:45:00+00:00,Professional League,Sohar,Al-Shabab,Over/Under Goals,Under 3.5,1.3,,,WON,
2025-10-17T16:00:00+00:00,1. Division,Pafos,Ethnikos Achna,Over/Under Goals,Under 3.5,1.45,,,LOST,
2025-10-17T16:00:00+00:00,2. SNL,Triglav,Jesenice,Over/Under Goals,Over 2.5,1.42,,,WON,
2025-10-17T16:00:00+00:00,2. liga,Dukla Banská Bystrica,Petržalka,1X2 / Match Winner,Draw,4.7,,,LOST,
2025-10-17T16:00:00+00:00,2. liga,Zlaté Moravce,Púchov,Over/Under Goals,Under 3.5,1.54,,,WON,
2025-10-17T16:00:00+00:00,A Lyga,Kauno Žalgiris,Šiauliai,Over/Under Goals,Over 1.5,1.28,,,WON,
2025-10-17T16:00:00+00:00,Ekstraklasa,Motor Lublin,GKS Katowice,Over/Under Goals,Under 3.5,1.5,,,LOST,
2025-10-17T16:00:00+00:00,Erovnuli Liga,Gagra,Torpedo Kutaisi,Team Total Goals,Over 0.5,1.25,,,WON,
2025-10-17T16:00:00+00:00,Erste Liga,SV Kapfenberg,Austria Klagenfurt,Over/Under Goals,Under 3.5,1.45,,,WON,
2025-10-17T16:00:00+00:00,FNL,Prostějov,Sparta Praha II,Over/Under Goals,Over 1.5,1.21,,,WON,
2025-10-17T16:00:00+00:00,FNL,Příbram,Artis,Over/Under Goals,Under 3.5,1.35,,,WON,
2025-10-17T16:00:00+00:00,I Liga,Pogoń Grod. Mazowiecki,Ruch Chorzów,Over/Under Goals,Over 1.5,1.25,,,WON,
2025-10-17T16:00:00+00:00,II Liga - East,Warta Poznań,Hutnik Kraków,Team Total Goals,Over 0.5,1.17,,,WON,
2025-10-17T16:00:00+00:00,Premier League,Dinamo Brest,FC Vitebsk,BTTS,No,1.92,,,LOST,
2025-10-17T16:00:00+00:00,Premier League,Khalidiya,Bahrain SC,Over/Under Goals,Under 3.5,1.61,,,LOST,
2025-10-17T16:00:00+00:00,Prva HNL,Vukovar,NK Lokomotiva Zagreb,Team Total Goals,Under 2.5,1.17,,,WON,
2025-10-17T16:30:00+00:00,1. Division,HB Koge,Kolding IF,Over/Under Goals,Under 3.5,1.4,,,WON,
2025-10-17T16:30:00+00:00,Bundesliga 2,Fortuna Düsseldorf,Eintracht Braunschweig,Over/Under Goals,Over 1.5,1.22,,,WON,
2025-10-17T16:30:00+00:00,Bundesliga 2,Hannover 96,FC Schalke 04,Over/Under Goals,Over 1.5,1.25,,,WON,
2025-10-17T16:30:00+00:00,Eerste Divisie,Waalwijk,Willem II,Over/Under Goals,Over 1.5,1.2,,,WON,
2025-10-17T16:30:00+00:00,Frauen Bundesliga,SGS Essen W,1899 Hoffenheim W,Over/Under Goals,Under 3.5,1.48,,,WON,
2025-10-17T16:30:00+00:00,Regionalliga - Bayern,Würzburger Kickers,Greuther Fürth II,Over/Under Goals,Under 3.5,1.57,,,LOST,
2025-10-17T17:00:00+00:00,1. Division,B 93,Aalborg,Over/Under Goals,Over 1.5,1.15,,,WON,
2025-10-17T17:00:00+00:00,1. Division,Lillestrom,Lyn,Over/Under Goals,Under 3.5,1.63,,,LOST,
2025-10-17T17:00:00+00:00,2. Division,FC Helsingor,Ishøj,Asian Handicap,Home +0.25,1.58,,,LOST,
2025-10-17T17:00:00+00:00,2. Division,Naestved,AB Copenhagen,Over/Under Goals,Under 3.5,1.5,,,WON,
2025-10-17T17:00:00+00:00,2. Division,Roskilde,Fremad Amager,1X2 / Match Winner,Home,1.53,,,WON,
2025-10-17T17:00:00+00:00,2. Division,Skive,Vendsyssel FF,Over/Under Goals,Under 3.5,1.33,,,WON,
2025-10-17T17:00:00+00:00,3. Liga,Erzgebirge Aue,Waldhof Mannheim,Double Chance,Home/Draw,1.45,,,LOST,
2025-10-17T17:00:00+00:00,Damallsvenskan,Linköping,AIK,BTTS,Yes,1.59,,,WON,
2025-10-17T17:00:00+00:00,Ettan - Norra,Assyriska FF,Stocksund,Asian Handicap,Away -1.25,1.42,,,WON,
2025-10-17T17:00:00+00:00,Ettan - Södra,IFK Skövde,Trollhättan,Over/Under Goals,Under 3.5,1.8,,,LOST,
2025-10-17T17:00:00+00:00,Ettan - Södra,Lund,Angelholms FF,Over/Under Goals,Under 3.5,1.53,,,WON,
2025-10-17T17:00:00+00:00,First League,Lokomotiv Plovdiv,Botev Vratsa,Over/Under Goals,Under 3.5,1.17,,,WON,
2025-10-17T17:00:00+00:00,Ligue 1,Mostaganem,ASO Chlef,Over/Under Goals,Under 2.5,1.4,,,WON,
2025-10-17T17:00:00+00:00,Premier League,El Mokawloon,Enppi,Over/Under Goals,Under 2.5,1.42,,,WON,
2025-10-17T17:00:00+00:00,Premier League,Ghazl El Mehalla,Kahraba Ismailia,Over/Under Goals,Under 3.5,1.17,,,WON,
2025-10-17T17:00:00+00:00,Primera División RFEF - Group 2,Alcorcon,Sabadell,Over/Under Goals,Under 3.5,1.17,,,WON,
2025-10-17T17:00:00+00:00,Regionalliga - Bayern,SpVgg Unterhaching,Bayreuth,Over/Under Goals,Under 3.5,1.45,,,WON,
2025-10-17T17:00:00+00:00,Regionalliga - Bayern,Wacker Burghausen,Memmingen,Over/Under Goals,Under 3.5,1.56,,,WON,
2025-10-17T17:00:00+00:00,Regionalliga - Mitte,Treibach,Deutschlandsberger SC,Double Chance,Draw/Away,1.44,,,WON,
2025-10-17T17:00:00+00:00,Regionalliga - Mitte,Velden,Wallern / Marienkirchen,Double Chance,Draw/Away,1.55,,,WON,
2025-10-17T17:00:00+00:00,Regionalliga - Mitte,Voitsberg,SV Lafnitz,Over/Under Goals,Over 2.5,1.22,,,WON,
2025-10-17T17:00:00+00:00,Regionalliga - Nordost,Eilenburg,Luckenwalde,Over/Under Goals,Under 3.5,1.44,,,WON,
2025-10-17T17:00:00+00:00,Regionalliga - Nordost,FC Carl Zeiss Jena,BFC Preussen,Over/Under Goals,Under 3.5,1.5,,,LOST,
2025-10-17T17:00:00+00:00,Regionalliga - Ost,Mannsdorf-Großenzersdorf,Wiener SC,1X2 / Match Winner,Draw,3.85,,,WON,
2025-10-17T17:00:00+00:00,Regionalliga - Ost,Neusiedl,Retz,Double Chance,Home/Draw,1.28,,,WON,
2025-10-17T17:00:00+00:00,Regionalliga - SudWest,Eintracht Trier,FC 08 Homburg,Double Chance,Home/Draw,1.5,,,WON,
2025-10-17T17:00:00+00:00,Superligaen,Silkeborg,FC Copenhagen,Over/Under Goals,Over 2.5,1.62,,,WON,
2025-10-17T17:00:00+00:00,TFF 1. Lig,Ümraniyespor,Sarıyer,Asian Handicap,Home +0.25,1.63,,,LOST,
2025-10-17T17:30:00+00:00,2. SNL,Brinje-Grosuplje,Dekani,Over/Under Goals,Under 3.5,1.57,,,WON,
2025-10-17T17:30:00+00:00,Challenge League,Rapperswil,Stade Nyonnais,Team Total Goals,Over 0.5,1.44,,,LOST,
2025-10-17T17:30:00+00:00,Liga I,Farul Constanta,Arges Pitesti,Over/Under Goals,Under 3.5,1.2,,,WON,
2025-10-17T17:30:00+00:00,National 1,Dijon,Quevilly,Over/Under Goals,Under 3.5,1.19,,,LOST,
2025-10-17T17:30:00+00:00,National 1,Fleury 91,Versailles,Over/Under Goals,Under 3.5,1.15,,,WON,
2025-10-17T17:30:00+00:00,National 1,Le Puy Foot,Villefranche,Over/Under Goals,Under 3.5,1.17,,,WON,
2025-10-17T17:30:00+00:00,National 1,Orleans,Caen,Over/Under Goals,Under 3.5,1.23,,,WON,
2025-10-17T17:30:00+00:00,National 1,Rouen,Gobelins,Over/Under Goals,Under 3.5,1.2,,,WON,
2025-10-17T17:30:00+00:00,National 1,Sochaux,Aubagne,Over/Under Goals,Under 2.5,1.73,,,WON,
2025-10-17T17:30:00+00:00,National 1,Stade Briochin,Bourg-en-bresse 01,Over/Under Goals,Under 3.5,1.16,,,WON,
2025-10-17T17:30:00+00:00,National 1,Valenciennes,Concarneau,Over/Under Goals,Under 3.5,1.26,,,WON,
2025-10-17T17:30:00+00:00,Premier Soccer League,Richards Bay,Orbit College,Double Chance,Home/Draw,1.2,,,LOST,
2025-10-17T17:30:00+00:00,Regionalliga - Nord,SV Drochtersen/Assel,VfB Lübeck,1X2 / Match Winner,Home,1.67,,,WON,
2025-10-17T17:30:00+00:00,Regionalliga - Ost,Donau,Favoritner AC,Over/Under Goals,Under 3.5,1.44,,,WON,
2025-10-17T17:30:00+00:00,Regionalliga - Ost,Oberwart,Union Mauer,1X2 / Match Winner,Draw,3.7,,,LOST,
2025-10-17T17:30:00+00:00,Regionalliga - Ost,SV Horn,Wiener Viktoria,1X2 / Match Winner,Home,1.48,,,WON,
2025-10-17T17:30:00+00:00,Regionalliga - West,Schalke 04 II,Fortuna Köln,Over/Under Goals,Over 1.5,1.2,,,LOST,
2025-10-17T17:45:00+00:00,II Liga - East,Unia Skierniewice,Jastrzębie,Over/Under Goals,Under 3.5,1.65,,,WON,
2025-10-17T17:45:00+00:00,III Liga - Group 1,Warta Sieradz,Wasilków,Over/Under Goals,Under 3.5,1.59,,,WON,
2025-10-17T18:00:00+00:00,Challenger Pro League,Beerschot Wilrijk,Waasland-beveren,Over/Under Goals,Over 1.5,1.33,,,WON,
2025-10-17T18:00:00+00:00,Challenger Pro League,Olympic Charleroi,AS Eupen,Over/Under Goals,Under 3.5,1.42,,,WON,
2025-10-17T18:00:00+00:00,Eerste Divisie,ADO Den Haag,Dordrecht,Result + Total Goals,Home/Over 1.5,1.4,,,WON,
2025-10-17T18:00:00+00:00,Eerste Divisie,Almere City FC,Cambuur,Over/Under Goals,Over 1.5,1.2,,,WON,
2025-10-17T18:00:00+00:00,Eerste Divisie,FC Eindhoven,Vitesse,Double Chance,Draw/Away,1.7,,,WON,
2025-10-17T18:00:00+00:00,Eerste Divisie,Helmond Sport,Jong AZ,Over/Under Goals,Over 1.5,1.2,,,WON,
2025-10-17T18:00:00+00:00,Eerste Divisie,Jong Ajax,Jong PSV,Double Chance,Draw/Away,1.57,,,WON,
2025-10-17T18:00:00+00:00,Eerste Divisie,Jong Utrecht,MVV,Over/Under Goals,Under 3.5,1.48,,,LOST,
2025-10-17T18:00:00+00:00,Eerste Divisie,Roda,Den Bosch,Over/Under Goals,Over 1.5,1.15,,,WON,
2025-10-17T18:00:00+00:00,Eerste Divisie,VVV Venlo,Emmen,Over/Under Goals,Over 1.5,1.17,,,WON,
2025-10-17T18:00:00+00:00,Ligue 2,Boulogne,Guingamp,Double Chance,Draw/Away,1.5,,,WON,
2025-10-17T18:00:00+00:00,Ligue 2,Clermont Foot,Annecy,Over/Under Goals,Under 3.5,1.2,,,WON,
2025-10-17T18:00:00+00:00,Ligue 2,Estac Troyes,Bastia,Asian Handicap,Home +0,1.4,,,WON,
2025-10-17T18:00:00+00:00,Ligue 2,Grenoble,PAU,Team Total Goals,Over 0.5,1.25,,,WON,
2025-10-17T18:00:00+00:00,Ligue 2,Rodez,Reims,Over/Under Goals,Under 3.5,1.4,,,LOST,
2025-10-17T18:00:00+00:00,National 2 - Group B,Chambly Thelle FC,Biesheim,Double Chance,Draw/Away,1.6,,,WON,
2025-10-17T18:00:00+00:00,Pro League,Al-Ahli Jeddah,Al Shabab,Over/Under Goals,Under 3.5,1.5,,,WON,
2025-10-17T18:00:00+00:00,Reserve Pro League,Lierse K. U21,Waasland-Beveren U21,Double Chance,Home/Draw,1.6,,,LOST,
2025-10-17T18:15:00+00:00,Challenge League,Stade Lausanne-Ouchy,FC Aarau,Over/Under Goals,Under 3.5,1.5,,,WON,
2025-10-17T18:15:00+00:00,Challenge League,Étoile Carouge,Neuchatel Xamax FC,Over/Under Goals,Under 3.5,1.36,,,WON,
2025-10-17T18:30:00+00:00,Bundesliga 1,Union Berlin,Borussia Mönchengladbach,Asian Handicap,Away -0.5,1.67,,,LOST,
2025-10-17T18:30:00+00:00,Ekstraklasa,Widzew Łódź,Radomiak Radom,Over/Under Goals,Over 2.5,1.8,,,WON,
2025-10-17T18:30:00+00:00,Erste Liga,SKN ST. Polten,Austria Lustenau,Asian Handicap,Home +0,1.45,,,WON,
2025-10-17T18:30:00+00:00,I Liga,Miedz Legnica,Pogoń Siedlce,Over/Under Goals,Under 3.5,1.45,,,LOST,
2025-10-17T18:30:00+00:00,Segunda Division,FC Andorra,Granada CF,Over/Under Goals,Under 3.5,1.25,,,WON,
2025-10-17T18:30:00+00:00,Serie B,Virtus Entella,Sampdoria,Over/Under Goals,Under 3.5,1.15,,,LOST,
2025-10-17T18:30:00+00:00,Serie C - Girone A,Alcione,Inter U23,Over/Under Goals,Under 3.5,1.17,,,WON,
2025-10-17T18:30:00+00:00,Serie C - Girone A,Novara,Arzignano Valchiampo,Over/Under Goals,Under 2.5,1.54,,,WON,
2025-10-17T18:30:00+00:00,Taça de Portugal,Chaves,Benfica,Over/Under Goals,Under 3.5,1.36,,,WON,
2025-10-17T18:30:00+00:00,Welsh Cup,Pontypridd Town,Cefn Cribwr,Team Total Goals,Over 0.5,1.85,,,WON,
2025-10-17T18:45:00+00:00,Championship,Dunfermline,Raith Rovers,Over/Under Goals,Under 3.5,1.17,,,WON,
2025-10-17T18:45:00+00:00,First Division,Athlone Town,Longford Town,Over/Under Goals,Over 1.5,1.22,,,WON,
2025-10-17T18:45:00+00:00,First Division,Bray Wanderers,Kerry,Over/Under Goals,Under 3.5,1.44,,,LOST,
2025-10-17T18:45:00+00:00,First Division,Cobh Ramblers,Dundalk,Over/Under Goals,Over 1.5,1.25,,,WON,
2025-10-17T18:45:00+00:00,First Division,Finn Harps,UCD,Over/Under Goals,Over 1.5,1.3,,,WON,
2025-10-17T18:45:00+00:00,First Division,Wexford,Treaty United,Over/Under Goals,Under 3.5,1.48,,,WON,
2025-10-17T18:45:00+00:00,Ligue 1,Paris Saint Germain,Strasbourg,Team Total Goals,Over 0.5,1.62,,,WON,
2025-10-17T18:45:00+00:00,Premier Division,Drogheda United,Cork City,Over/Under Goals,Under 3.5,1.33,,,WON,
2025-10-17T18:45:00+00:00,Premier Division,Galway United,Bohemians,Team Total Goals,Over 0.5,1.25,,,LOST,
2025-10-17T18:45:00+00:00,Premier Division,Shelbourne,Sligo Rovers,Over/Under Goals,Under 3.5,1.42,,,LOST,
2025-10-17T18:45:00+00:00,Premier Division,St Patrick's Athl.,Shamrock Rovers,Over/Under Goals,Under 3.5,1.22,,,WON,
2025-10-17T18:45:00+00:00,Premier Division,Waterford,Derry City,Team Total Goals,Over 0.5,1.18,,,WON,
2025-10-17T18:45:00+00:00,Premiership,Portadown,Linfield,Over/Under Goals,Under 3.5,1.28,,,WON,
2025-10-17T18:45:00+00:00,Welsh Cup,llanelli AFC,Haverfordwest County AFC,Over/Under Goals,Under 3.5,1.53,,,WON,
2025-10-17T19:00:00+00:00,Championship,Ballinamallard United,Loughgall,Over/Under Goals,Under 3.5,1.31,,,WON,
2025-10-17T19:00:00+00:00,Championship,Middlesbrough,Ipswich,Over/Under Goals,Over 1.5,1.35,,,WON,
2025-10-17T19:00:00+00:00,La Liga,Oviedo,Espanyol,Over/Under Goals,Under 3.5,1.2,,,WON,
2025-10-17T19:00:00+00:00,Welsh Cup,Llandudno,Flint Mountain,1X2 / Match Winner,Home,1.27,,,WON,
2025-10-17T19:15:00+00:00,Primera División RFEF - Group 2,FC Cartagena,Algeciras,Over/Under Goals,Under 3.5,1.2,,,WON,
2025-10-17T20:30:00+00:00,Division Profesional - Clausura,Sportivo Luqueno,Sportivo Trinidense,Over/Under Goals,Under 3.5,1.28,,,WON,
2025-10-17T21:00:00+00:00,Primera B,Santiago Morning,Cobreloa,Over/Under Goals,Under 3.5,1.25,,,WON,
2025-10-17T21:00:00+00:00,Primera Division,A. Italiano,Union La Calera,Over/Under Goals,Over 1.5,1.36,,,WON,
2025-10-17T21:30:00+00:00,Primera División,Real Tomayapo,Guabirá,Over/Under Goals,Under 3.5,1.33,,,LOST,
2025-10-17T22:00:00+00:00,Primera Division,Racing Club,Aldosivi,Over/Under Goals,Under 2.5,1.62,,,WON,
2025-10-17T22:00:00+00:00,Segunda División,Rentistas,Uruguay Montevideo,Over/Under Goals,Under 2.5,1.6,,,LOST,
2025-10-17T22:00:00+00:00,USL Championship,Lexington,Sacramento Republic,Over/Under Goals,Under 3.5,1.25,,,LOST,
2025-10-17T23:00:00+00:00,Division Profesional - Clausura,2 de Mayo,Nacional Asuncion,Double Chance,Home/Draw,1.45,,,WON,
2025-10-17T23:00:00+00:00,Liga MX Femenil,Necaxa W,Toluca W,Over/Under Goals,Under 3.5,1.83,,,WON,
2025-10-17T23:00:00+00:00,Liga MX Femenil,Querétaro W,Cruz Azul W,Team Total Goals,Over 0.5,1.36,,,WON,
2025-10-17T23:00:00+00:00,Liga Pro,Orense SC,Independiente del Valle,Over/Under Goals,Under 3.5,1.25,,,WON,
2025-10-17T23:00:00+00:00,Primera División - Clausura,Boston River,Danubio,Over/Under Goals,Under 3.5,1.22,,,WON,
2025-10-17T23:00:00+00:00,Serie B,Amazonas,Novorizontino,Over/Under Goals,Under 3.5,1.17,,,WON,
2025-10-17T23:00:00+00:00,USL League One,Charlotte Independence,Chattanooga Red Wolves,Double Chance,Home/Draw,1.21,,,LOST,
2025-10-17T23:30:00+00:00,Primera A,Independiente Medellin,Fortaleza FC,Over/Under Goals,Over 1.5,1.28,,,WON,
2025-10-17T23:30:00+00:00,Primera Division,Deportes Iquique,O'Higgins,Team Total Goals,Over 0.5,1.22,,,WON,
2025-10-18T00:00:00+00:00,Liga Premier Serie A,FC Santiago,Zitacuaro,Over/Under Goals,Under 3.5,1.42,,,WON,
2025-10-18T00:00:00+00:00,Liga Premier Serie A,Tecos,Tritons Vallarta,Over/Under Goals,Under 3.5,1.38,,,WON,
2025-10-18T00:00:00+00:00,Primera B Metropolitana,Argentino de Merlo,Villa Dalmine,Double Chance,Draw/Away,1.65,,,LOST,
2025-10-18T00:00:00+00:00,Primera División,The Strongest,Independiente Petrolero,Team Total Goals,Over 0.5,1.55,,,WON,
2025-10-18T00:15:00+00:00,Primera Division,Argentinos JRS,Newells Old Boys,Asian Handicap,Home +0.25,1.15,,,WON,
2025-10-18T00:15:00+00:00,Primera Division,Lanus,Godoy Cruz,Over/Under Goals,Under 3.5,1.15,,,WON,
2025-10-18T01:00:00+00:00,Liga MX Femenil,Santos Laguna W,Mazatlán W,1X2 / Match Winner,Home,1.62,,,WON,
2025-10-18T01:00:00+00:00,Liga MX,Puebla,Club Tijuana,Double Chance,Draw/Away,1.45,,,LOST,
2025-10-18T01:00:00+00:00,Liga Premier Serie A,Cañoneros Marina,Mexicali FC,Over/Under Goals,Under 3.5,1.48,,,WON,
2025-10-18T01:00:00+00:00,Liga Premier Serie A,Héroes de Zaci,Chapulineros,Over/Under Goals,Under 3.5,1.36,,,WON,
2025-10-18T01:00:00+00:00,Liga de Expansión MX,Correcaminos Uat,Dorados,Over/Under Goals,Over 1.5,1.2,,,LOST,
2025-10-18T01:00:00+00:00,Liga de Expansión MX,Tepatitlán,Cancún,Over/Under Goals,Under 3.5,1.3,,,WON,
2025-10-18T01:00:00+00:00,Torneo Federal A,Juventud Antoniana,Gimnasia Chivilcoy,Over/Under Goals,Under 3.5,1.4,,,WON,
2025-10-18T01:15:00+00:00,Liga Pro,LDU de Quito,Barcelona SC,Double Chance,Home/Draw,1.17,,,WON,
2025-10-18T01:30:00+00:00,Liga Panameña de Fútbol,Tauro FC,Plaza Amador,Over/Under Goals,Over 1.5,1.4,,,WON,
2025-10-18T01:30:00+00:00,Primera A,Chico,Santa Fe,Over/Under Goals,Over 1.5,1.42,,,LOST,
2025-10-18T02:00:00+00:00,Liga Premier Serie A,Cimarrones,Leones Negros,Over/Under Goals,Under 3.5,1.33,,,WON,
2025-10-18T02:00:00+00:00,Liga Premier Serie B,FC Racing,Aguacateros CDU,Asian Handicap,Home +0.25,1.17,,,WON,
2025-10-18T02:00:00+00:00,Liga de Expansión MX,Leones Negros UDG,Alebrijes de Oaxaca,Over/Under Goals,Under 3.5,1.62,,,WON,
2025-10-18T02:00:00+00:00,NWSL Women,Bay FC,North Carolina Courage W,Over/Under Goals,Under 3.5,1.26,,,LOST,
2025-10-18T02:00:00+00:00,NWSL Women,Seattle Reign FC,Utah Royals W,Over/Under Goals,Under 3.5,1.29,,,WON,
2025-10-18T02:30:00+00:00,USL League One,Alta,Richmond Kickers,Over/Under Goals,Under 3.5,1.5,,,WON,
2025-10-18T03:00:00+00:00,Liga MX,Atletico San Luis,Atlas,Over/Under Goals,Over 1.5,1.2,,,WON,
2025-10-18T03:00:00+00:00,Liga MX,Tigres UANL,Necaxa,Over/Under Goals,Under 3.5,1.5,,,LOST,
2025-10-18T05:00:00+00:00,First League,Ska-khabarovsk,FK Sokol Saratov,Over/Under Goals,Under 3.5,1.16,,,WON,
2025-10-18T05:00:00+00:00,J. League Div.1,Fagiano Okayama,Cerezo Osaka,Over/Under Goals,Under 3.5,1.33,,,WON,
2025-10-18T05:00:00+00:00,J. League Div.1,Gamba Osaka,Kashiwa Reysol,Over/Under Goals,Over 1.5,1.28,,,WON,
2025-10-18T05:00:00+00:00,J. League Div.1,Kawasaki Frontale,Shimizu S-pulse,Over/Under Goals,Over 1.5,1.2,,,WON,
2025-10-18T05:00:00+00:00,J. League Div.1,Machida Zelvia,Avispa Fukuoka,Asian Handicap,Away -1.25,1.45,,,WON,
2025-10-18T05:00:00+00:00,J. League Div.1,Tokyo Verdy,Albirex Niigata,Over/Under Goals,Under 3.5,1.17,,,WON,
2025-10-18T05:00:00+00:00,J. League Div.1,Yokohama F. Marinos,Urawa,Over/Under Goals,Under 3.5,1.36,,,LOST,
2025-10-18T05:00:00+00:00,J. League Div.1,Yokohama FC,Nagoya Grampus,Over/Under Goals,Under 3.5,1.17,,,LOST,
2025-10-18T05:00:00+00:00,J2 League,Iwaki,Ehime FC,Over/Under Goals,Under 3.5,1.42,,,WON,
2025-10-18T05:00:00+00:00,J2 League,Omiya Ardija,Fujieda MYFC,Over/Under Goals,Under 3.5,1.45,,,WON,
2025-10-18T05:00:00+00:00,J2 League,Sagan Tosu,Blaublitz Akita,Over/Under Goals,Under 3.5,1.22,,,WON,
2025-10-18T05:00:00+00:00,J3 League,Nara Club,Parceiro Nagano,Over/Under Goals,Under 3.5,1.22,,,WON,
2025-10-18T05:00:00+00:00,J3 League,Thespakusatsu Gunma,Fukushima United,Over/Under Goals,Under 3.5,1.6,,,WON,
2025-10-18T05:00:00+00:00,K-League Classic,Daegu FC,Gangwon FC,Double Chance,Home/Draw,1.62,,,WON,
2025-10-18T05:00:00+00:00,K-League Classic,Daejeon Citizen,Jeju United FC,Over/Under Goals,Under 3.5,1.38,,,LOST,
2025-10-18T05:00:00+00:00,K-League Classic,FC Anyang,Gimcheon Sangmu FC,Over/Under Goals,Under 3.5,1.44,,,LOST,
2025-10-18T05:00:00+00:00,K-League Classic,FC Seoul,Pohang Steelers,Double Chance,Draw/Away,1.67,,,WON,
2025-10-18T05:00:00+00:00,K-League Classic,Jeonbuk Motors,Suwon City FC,Asian Handicap,Away -1.25,1.52,,,LOST,
2025-10-18T05:00:00+00:00,K-League Classic,Ulsan Hyundai FC,Gwangju FC,1X2 / Match Winner,Draw,3.5,,,LOST,
2025-10-18T06:00:00+00:00,A-League,Western Sydney Wanderers,Melbourne City,Double Chance,Home/Draw,1.48,,,WON,
2025-10-18T06:00:00+00:00,J3 League,Kagoshima United,Gainare Tottori,Over/Under Goals,Under 3.5,1.35,,,LOST,
2025-10-18T06:30:00+00:00,League Two,Guangdong Mingtu,Shanghai Port II,Over/Under Goals,Under 3.5,1.34,,,WON,
2025-10-18T06:30:00+00:00,League Two,Guangxi Lanhang,Jiangxi Liansheng,Over/Under Goals,Under 3.5,1.46,,,LOST,
2025-10-18T06:30:00+00:00,League Two,Rizhao Yuqi,Guangzhou Dandelion,Over/Under Goals,Under 2.5,1.55,,,WON,
2025-10-18T06:30:00+00:00,League Two,Wuhan Three Towns II,Xi'an Ronghai,Over/Under Goals,Under 3.5,1.24,,,WON,
2025-10-18T06:30:00+00:00,League Two,Yichun Grand Tiger,Hubei Chufeng Heli,Over/Under Goals,Under 3.5,1.19,,,LOST,
2025-10-18T07:00:00+00:00,League One,Yanbian Longding,Dongguan United,Over/Under Goals,Under 3.5,1.25,,,LOST,
2025-10-18T07:30:00+00:00,League One,Shanghai Jiading,Shenyang Urban,Double Chance,Draw/Away,1.15,,,WON,
2025-10-18T08:00:00+00:00,J2 League,Jubilo Iwata,Tokushima Vortis,Over/Under Goals,Under 3.5,1.25,,,LOST,
2025-10-18T08:00:00+00:00,J2 League,V-varen Nagasaki,Ventforet Kofu,Over/Under Goals,Under 3.5,1.36,,,LOST,
2025-10-18T08:00:00+00:00,Liga II,CS Afumati,CSM Reşiţa,Over/Under Goals,Under 3.5,1.25,,,LOST,
2025-10-18T08:00:00+00:00,Liga II,CSA Steaua Bucureşti,Viitorul Şelimbăr,Team Total Goals,Under 2.5,1.46,,,LOST,
2025-10-18T08:00:00+00:00,Liga II,FC Bacau,Sepsi OSK Sfantu Gheorghe,Over/Under Goals,Under 3.5,1.27,,,WON,
2025-10-18T08:00:00+00:00,Liga II,FC Voluntari,ASA Targu Mures,Over/Under Goals,Under 3.5,1.3,,,LOST,
2025-10-18T08:00:00+00:00,Liga II,Gloria Bistriţa,Chindia Targoviste,Over/Under Goals,Under 3.5,1.24,,,LOST,
2025-10-18T08:00:00+00:00,Liga II,Metalul Buzău,Dumbrăviţa,Team Total Goals,Over 0.5,1.16,,,WON,
2025-10-18T08:00:00+00:00,Liga II,Muscelul Câmpulung Elite,CSM Satu Mare,Over/Under Goals,Under 3.5,1.32,,,WON,
2025-10-18T08:00:00+00:00,Liga II,Tunari,Concordia,Over/Under Goals,Under 3.5,1.27,,,WON,
2025-10-18T08:00:00+00:00,Super League,Sichuan Jiuniu,Beijing Guoan,Over/Under Goals,Over 1.5,1.15,,,WON,
2025-10-18T08:15:00+00:00,3. liga - CFL A,Petřín Plzeň,Loko Vltavín,Double Chance,Draw/Away,1.68,,,LOST,
2025-10-18T08:15:00+00:00,3. liga - CFL A,Slavia III,Písek,Over/Under Goals,Under 3.5,1.44,,,WON,
2025-10-18T08:15:00+00:00,3. liga - MSFL,Frýdek-Místek,Třinec,Double Chance,Draw/Away,1.25,,,WON,
2025-10-18T08:15:00+00:00,4. liga - Divizie D,Tatran Bohunice,Sokol Tasovice,Over/Under Goals,Under 3.5,1.35,,,WON,
2025-10-18T08:30:00+00:00,3. liga - CFL A,Králův Dvůr,České Budějovice II,BTTS,Yes,1.41,,,WON,
2025-10-18T08:30:00+00:00,4. liga - Divizie D,Sparta Brno,Velká Bíteš,Asian Handicap,Home +0.5,1.43,,,WON,
2025-10-18T08:30:00+00:00,Liga 1,Pusamania Borneo,Persik Kediri,Double Chance,Home/Draw,1.15,,,WON,
2025-10-18T08:35:00+00:00,A-League,Melbourne Victory,Auckland,Asian Handicap,Away -0.5,1.62,,,WON,
2025-10-18T09:00:00+00:00,1. Liga U19,Mladá Boleslav U19,Slavia Praha U19,Asian Handicap,Home +1.25,1.42,,,LOST,
2025-10-18T09:00:00+00:00,1. Liga,Progress / AFA Olaine,Skanste,1X2 / Match Winner,Away,1.43,,,LOST,
2025-10-18T09:00:00+00:00,J3 League,FC Ryukyu,Kochi United,Over/Under Goals,Under 3.5,1.24,,,WON,
2025-10-18T09:00:00+00:00,National League,I.S.P.E,Sagaing United,Asian Handicap,Home +0,1.62,,,WON,
2025-10-18T09:00:00+00:00,National League,Shan United,Dagon,Asian Handicap,Away -1.25,1.54,,,LOST,
2025-10-18T09:00:00+00:00,Persha Liga,Vorskla Poltava,Bukovyna,Over/Under Goals,Under 2.5,1.75,,,WON,
2025-10-18T09:30:00+00:00,Liga II,Ceahlăul Piatra Neamţ,Corvinul Hunedoara,Over/Under Goals,Under 3.5,1.26,,,LOST,
2025-10-18T10:00:00+00:00,Frauen Bundesliga,Nürnberg,SC Freiburg W,Double Chance,Draw/Away,1.24,,,LOST,
2025-10-18T10:00:00+00:00,III Liga - Group 1,Swit,Znicz Biała Piska,1X2 / Match Winner,Home,1.39,,,WON,
2025-10-18T10:00:00+00:00,III Liga - Group 2,Lipno Stęszew,Pogoń Nowe Skalmierzyce,Over/Under Goals,Under 3.5,1.5,,,WON,
2025-10-18T10:00:00+00:00,III Liga - Group 3,Miedź Legnica II,Ślęza Wrocław,Over/Under Goals,Under 3.5,1.56,,,WON,
2025-10-18T10:00:00+00:00,III Liga - Group 4,Stal Kraśnik,Cracovia Kraków II,1X2 / Match Winner,Draw,3.46,,,WON,
2025-10-18T10:00:00+00:00,III Liga - Group 4,Wisła Kraków II,KSZO 1929,Over/Under Goals,Under 3.5,1.68,,,WON,
2025-10-18T10:00:00+00:00,Premier League,Krylia Sovetov,FC Orenburg,BTTS,Yes,1.67,,,WON,
2025-10-18T10:00:00+00:00,Premier League,Nizhny Novgorod,Akron,Asian Handicap,Home +0.25,1.56,,,LOST,
2025-10-18T10:00:00+00:00,Premier League,Ruh Lviv,Kryvbas KR,Over/Under Goals,Under 3.5,1.15,,,WON,
2025-10-18T10:00:00+00:00,Premier League,Smorgon,Bate Borisov,Over/Under Goals,Under 3.5,1.28,,,WON,
2025-10-18T10:00:00+00:00,Premier League,Ulytau,Kaisar,Over/Under Goals,Under 3.5,1.17,,,WON,
2025-10-18T10:00:00+00:00,Second League - Group 3,Orel,Strogino,Over/Under Goals,Under 3.5,1.55,,,LOST,
2025-10-18T10:30:00+00:00,Premyer Liqa,Mil-Muğan,Qabala,Over/Under Goals,Under 3.5,1.17,,,LOST,
2025-10-18T10:30:00+00:00,TFF 1. Lig,Manisa BBSK,Erzurum BB,Over/Under Goals,Over 1.5,1.28,,,WON,
2025-10-18T10:30:00+00:00,TFF 1. Lig,Van BB,Pendikspor,Over/Under Goals,Under 3.5,1.25,,,WON,
2025-10-18T10:45:00+00:00,A-League,Perth Glory,Wellington Phoenix,Over/Under Goals,Under 3.5,1.5,,,LOST,
2025-10-18T11:00:00+00:00,1 Lyga,Minija,Jonava,Over/Under Goals,Under 3.5,1.26,,,WON,
2025-10-18T11:00:00+00:00,2. Division - Group 1,Lysekloster,Pors Grenland,Over/Under Goals,Over 2.5,1.47,,,WON,
2025-10-18T11:00:00+00:00,2. Division - Group 1,jerv,Vard,Over/Under Goals,Under 3.5,1.67,,,WON,
2025-10-18T11:00:00+00:00,3. Division,Odder,Holbæk B&I,Over/Under Goals,Under 3.5,1.36,,,WON,
2025-10-18T11:00:00+00:00,Bundesliga 2,Karlsruher SC,1. FC Kaiserslautern,Over/Under Goals,Over 2.5,1.62,,,WON,
2025-10-18T11:00:00+00:00,Bundesliga 2,Preußen Münster,Dynamo Dresden,Over/Under Goals,Over 1.5,1.25,,,WON,
2025-10-18T11:00:00+00:00,Bundesliga 2,SC Paderborn 07,Arminia Bielefeld,Over/Under Goals,Over 1.5,1.22,,,WON,
2025-10-18T11:00:00+00:00,Campionato Primavera - 1,Monza U20,Juventus U20,BTTS,Yes,1.5,,,WON,
2025-10-18T11:00:00+00:00,Damallsvenskan,Djurgården,Malmö FF W,Over/Under Goals,Under 3.5,1.25,,,LOST,
2025-10-18T11:00:00+00:00,Elitettan,Gamla Upsala W,Uppsala W,Over/Under Goals,Under 3.5,1.89,,,LOST,
2025-10-18T11:00:00+00:00,Erovnuli Liga,Kolkheti Poti,Samgurali,Double Chance,Home/Draw,1.55,,,LOST,
2025-10-18T11:00:00+00:00,Ettan - Norra,Stockholm Internazionale,Gefle IF,Over/Under Goals,Under 3.5,1.32,,,WON,
2025-10-18T11:00:00+00:00,Ettan - Södra,Rosengård,Ariana,Over/Under Goals,Under 3.5,1.29,,,LOST,
2025-10-18T11:00:00+00:00,Ettan - Södra,Torslanda,Norrby IF,Over/Under Goals,Over 1.5,1.16,,,WON,
2025-10-18T11:00:00+00:00,II Liga - East,Podhale Nowy Targ,Sandecja Nowy Sącz,1X2 / Match Winner,Draw,3.55,,,WON,
2025-10-18T11:00:00+00:00,III Liga - Group 2,Lech Poznań II,Cartusia Kartuzy,Over/Under Goals,Under 3.5,1.5,,,LOST,
2025-10-18T11:00:00+00:00,III Liga - Group 2,Unia Swarzędz,Noteć Czarnków,Over/Under Goals,Under 3.5,1.68,,,LOST,
2025-10-18T11:00:00+00:00,III Liga - Group 3,Goczałkowice Zdrój,Karkonosze Jelenia Góra,Over/Under Goals,Under 3.5,1.5,,,WON,
2025-10-18T11:00:00+00:00,III Liga - Group 3,Starowice Dolne,Zagłębie Lubin II,Over/Under Goals,Under 3.5,1.61,,,LOST,
2025-10-18T11:00:00+00:00,III Liga - Group 4,Wiślanie Jaśkowice,Czarni Połaniec,1X2 / Match Winner,Home,1.4,,,LOST,
2025-10-18T11:00:00+00:00,League One,Dalian Huayi,Chongqing Tongliang Long,Over/Under Goals,Under 3.5,1.32,,,WON,
2025-10-18T11:00:00+00:00,League One,Suzhou Dongwu,Guangzhou E-Power,Over/Under Goals,Under 3.5,1.21,,,WON,
2025-10-18T11:00:00+00:00,Premier League,Atyrau,Zhenys,Asian Handicap,Home +0.25,1.4,,,WON,
2025-10-18T11:00:00+00:00,Second League - Group 1,Nart Cherkessk,Sevastopol,Over/Under Goals,Under 3.5,1.31,,,WON,
2025-10-18T11:00:00+00:00,Second League - Group 3,Arsenal Tula II,Rodina Moskva III,Over/Under Goals,Under 3.5,1.28,,,WON,
2025-10-18T11:00:00+00:00,Second League - Group 3,Dinamo St. Petersburg,FK Spartak Tambov,Double Chance,Draw/Away,1.7,,,LOST,
2025-10-18T11:00:00+00:00,Second League - Group 3,Zenit Penza,Salyut-Belgorod,Over/Under Goals,Over 1.5,1.18,,,LOST,
2025-10-18T11:00:00+00:00,Second League A - Fall Season Silver,Irtysh Omsk,Kaluga,1X2 / Match Winner,Draw,3.32,,,WON,
2025-10-18T11:00:00+00:00,Second League A - Fall Season Silver,Murom,Torpedo Miass,Over/Under Goals,Under 3.5,1.24,,,WON,
2025-10-18T11:00:00+00:00,Second League A - Fall Season Silver,Rodina Moskva II,Avangard Kursk,Over/Under Goals,Under 2.5,1.88,,,WON,
2025-10-18T11:00:00+00:00,Second League A - Fall Season Silver,Urozhay,Dinamo Vladivostok,Over/Under Goals,Under 2.5,1.69,,,WON,
2025-10-18T11:00:00+00:00,Super Liga,Politehnica UTM,Milsami Orhei,Team Total Goals,Over 0.5,1.9,,,LOST,
2025-10-18T11:00:00+00:00,Superettan,Vasteras SK FK,GIF Sundsvall,Result + Total Goals,Home/Over 1.5,1.53,,,WON,
2025-10-18T11:00:00+00:00,Superliga,Drita,Malisheva,Asian Handicap,Away -1.25,1.41,,,WON,
2025-10-18T11:00:00+00:00,Thai League 1,Nakhon Ratchasima FC,Port FC,Over/Under Goals,Over 1.5,1.16,,,WON,
2025-10-18T11:00:00+00:00,Thai League 2,Mahasarakham United,Chainat,Over/Under Goals,Under 3.5,1.4,,,WON,
2025-10-18T11:00:00+00:00,Virsliga,FS Jelgava,BFC Daugavpils,1X2 / Match Winner,Draw,3.4,,,WON,
2025-10-18T11:15:00+00:00,First NL,Bsk Bijelo Brdo,Croatia Zmijavci,Over/Under Goals,Under 3.5,1.17,,,WON,
2025-10-18T11:30:00+00:00,Championship,Oxford United,Derby,Over/Under Goals,Under 3.5,1.18,,,WON,
2025-10-18T11:30:00+00:00,Championship,QPR,Millwall,Over/Under Goals,Under 3.5,1.22,,,WON,
2025-10-18T11:30:00+00:00,Championship,Southampton,Swansea,Team Total Goals,Over 0.5,1.48,,,LOST,
2025-10-18T11:30:00+00:00,League One,Burton Albion,Peterborough,Over/Under Goals,Under 3.5,1.38,,,WON,
2025-10-18T11:30:00+00:00,League One,Hebei Kungfu,Shenzhen Juniors,Double Chance,Home/Draw,1.15,,,WON,
2025-10-18T11:30:00+00:00,League One,Lincoln,Stevenage,Over/Under Goals,Over 1.5,1.42,,,LOST,
2025-10-18T11:30:00+00:00,League Two,Cambridge United,Bromley,Over/Under Goals,Under 3.5,1.25,,,WON,
2025-10-18T11:30:00+00:00,League Two,Salford City,Oldham,Team Total Goals,Under 2.5,1.2,,,WON,
2025-10-18T11:30:00+00:00,Meistriliiga,Kuressaare,FC Levadia Tallinn,Over/Under Goals,Under 3.5,1.83,,,WON,
2025-10-18T11:30:00+00:00,National League,Solihull Moors,Braintree,Over/Under Goals,Under 3.5,1.36,,,WON,
2025-10-18T11:30:00+00:00,Premier League,Geylang International,Tanjong Pagar,1X2 / Match Winner,Home,1.32,,,WON,
2025-10-18T11:30:00+00:00,Premier League,Nottingham Forest,Chelsea,Over/Under Goals,Over 1.5,1.22,,,WON,
2025-10-18T11:30:00+00:00,Premier League,Van,Pyunik Yerevan,Over/Under Goals,Under 3.5,1.39,,,WON,
2025-10-18T11:30:00+00:00,Premijer Liga,Sloga Doboj,Zrinjski,Over/Under Goals,Under 3.5,1.23,,,WON,
2025-10-18T11:30:00+00:00,Regionalliga - Nord,Weiche Flensburg,VfB Oldenburg,BTTS,Yes,1.43,,,WON,
2025-10-18T11:30:00+00:00,Second League - Group 1,Legion Dynamo,Sochi II,Team Total Goals,Over 0.5,1.15,,,WON,
2025-10-18T11:30:00+00:00,Super Lig,Konyaspor,Kocaelispor,Team Total Goals,Over 0.5,1.2,,,WON,
2025-10-18T11:30:00+00:00,Thai League 1,Ratchaburi,Lamphun Warrior,Double Chance,Home/Draw,1.22,,,WON,
2025-10-18T11:30:00+00:00,Thai League 2,Kasetsart FC,Nakhon Si Thammarat,Over/Under Goals,Under 3.5,1.53,,,WON,
2025-10-18T11:35:00+00:00,Super League,Hangzhou Greentown,Shandong Luneng,1X2 / Match Winner,Draw,3.8,,,WON,
2025-10-18T12:00:00+00:00,1 Lyga,Atmosfera,Nevėžis,Over/Under Goals,Under 3.5,1.49,,,LOST,
2025-10-18T12:00:00+00:00,1. Division,Hillerød,Hvidovre,Team Total Goals,Under 2.5,1.22,,,WON,
2025-10-18T12:00:00+00:00,1. Division,Middelfart,AC Horsens,Over/Under Goals,Under 3.5,1.25,,,WON,
2025-10-18T12:00:00+00:00,1. Division,Skeid,Stabaek,Over/Under Goals,Under 3.5,1.53,,,LOST,
2025-10-18T12:00:00+00:00,1. Liga,Augšdaugava,Smiltene,Over/Under Goals,Under 3.5,1.6,,,LOST,
2025-10-18T12:00:00+00:00,2. Division,Brabrand,VSK Århus,Over/Under Goals,Over 1.5,1.16,,,WON,
2025-10-18T12:00:00+00:00,2. Lig,Arnavutköy Belediyespor,Ankara Demirspor,Double Chance,Home/Draw,1.44,,,LOST,
2025-10-18T12:00:00+00:00,2. Lig,Karacabey Belediyespor,Halide Edip Adıvar,Over/Under Goals,Under 3.5,1.18,,,WON,
2025-10-18T12:00:00+00:00,2. Lig,Tuzlaspor,Erbaaspor,Over/Under Goals,Under 3.5,1.33,,,WON,
2025-10-18T12:00:00+00:00,2. SNL,Slovan Ljubljana,Krško,Over/Under Goals,Under 3.5,1.5,,,WON,
2025-10-18T12:00:00+00:00,3. Division,Frem,Hørsholm-Usserød,Over/Under Goals,Under 3.5,1.44,,,WON,
2025-10-18T12:00:00+00:00,3. Division,Næsby,Brønshøj,Over/Under Goals,Over 1.5,1.15,,,WON,
2025-10-18T12:00:00+00:00,3. Division,Sundby,Nykobing FC,Double Chance,Draw/Away,1.17,,,WON,
2025-10-18T12:00:00+00:00,3. Division,Vanløse,Lyseng,Over/Under Goals,Under 3.5,1.57,,,WON,
2025-10-18T12:00:00+00:00,3. Division,Vejgaard B,FA 2000,1X2 / Match Winner,Draw,3.45,,,WON,
2025-10-18T12:00:00+00:00,3. Liga,Alemannia Aachen,FC Ingolstadt 04,Over/Under Goals,Over 1.5,1.18,,,LOST,
2025-10-18T12:00:00+00:00,3. Liga,FC Saarbrücken,Verl,Over/Under Goals,Under 3.5,1.5,,,LOST,
2025-10-18T12:00:00+00:00,3. Liga,Hansa Rostock,SV Wehen,Over/Under Goals,Over 1.5,1.22,,,WON,
2025-10-18T12:00:00+00:00,3. Liga,Stuttgart II,FC Schweinfurt 05,Over/Under Goals,Over 1.5,1.18,,,WON,
2025-10-18T12:00:00+00:00,3. Liga,VfL Osnabrück,Hoffenheim II,Over/Under Goals,Under 3.5,1.45,,,LOST,
2025-10-18T12:00:00+00:00,3. liga - MSFL,Vsetín,Start Brno,Asian Handicap,Home +0.25,1.41,,,WON,
2025-10-18T12:00:00+00:00,A Lyga,Banga,Panevėžys,Over/Under Goals,Under 2.5,1.45,,,LOST,
2025-10-18T12:00:00+00:00,Division 2 - Norra Götaland,Haga,Lidköping,Over/Under Goals,Under 3.5,1.36,,,WON,
2025-10-18T12:00:00+00:00,Division 2 - Norra Götaland,Herrestads,Kumla,Asian Handicap,Home +0.25,1.62,,,WON,
2025-10-18T12:00:00+00:00,Division 2 - Norra Götaland,Kongahälla,Ahlafors,Asian Handicap,Home +0.25,1.48,,,LOST,
2025-10-18T12:00:00+00:00,Division 2 - Norra Götaland,Motala,Vänersborgs FK,Over/Under Goals,Under 3.5,1.62,,,WON,
2025-10-18T12:00:00+00:00,Division 2 - Norra Götaland,Tidaholms GoIF,Grebbestad,Over/Under Goals,Under 3.5,1.46,,,LOST,
2025-10-18T12:00:00+00:00,Division 2 - Norra Götaland,Tord,Skara,Asian Handicap,Away -0.5,1.7,,,WON,
2025-10-18T12:00:00+00:00,Division 2 - Norra Svealand,Sunnersta,Falu BS,1X2 / Match Winner,Away,1.45,,,LOST,
2025-10-18T12:00:00+00:00,Division 2 - Norra Svealand,Viggbyholms IK,Täby,Team Total Goals,Under 2.5,1.47,,,WON,
2025-10-18T12:00:00+00:00,Eliteserien,Sarpsborg 08 FF,Bodo/Glimt,BTTS,Yes,1.42,,,WON,
2025-10-18T12:00:00+00:00,Esiliiga B,Tartu Kalev,Nõmme United II,Over/Under Goals,Over 2.5,1.4,,,WON,
2025-10-18T12:00:00+00:00,First League,Botev Plovdiv,Slavia Sofia,Over/Under Goals,Under 3.5,1.25,,,WON,
2025-10-18T12:00:00+00:00,III Liga - Group 1,Olimpia Elbląg,Widzew II,Double Chance,Home/Draw,1.4,,,WON,
2025-10-18T12:00:00+00:00,III Liga - Group 1,Troszyn,Broń Radom,Over/Under Goals,Under 3.5,1.68,,,LOST,
2025-10-18T12:00:00+00:00,III Liga - Group 2,Tłuchowia,Polonia Środa,1X2 / Match Winner,Away,1.62,,,WON,
2025-10-18T12:00:00+00:00,III Liga - Group 4,Pogoń-Sokół Lubaczów,Korona Kielce II,Over/Under Goals,Under 3.5,1.57,,,WON,
2025-10-18T12:00:00+00:00,La Liga,Sevilla,Mallorca,Over/Under Goals,Over 1.5,1.4,,,WON,
2025-10-18T12:00:00+00:00,Liga 1,Persebaya Surabaya,Persija,Over/Under Goals,Under 3.5,1.28,,,LOST,
2025-10-18T12:00:00+00:00,Liga I,Universitatea Cluj,FC Botosani,Over/Under Goals,Under 3.5,1.22,,,WON,
2025-10-18T12:00:00+00:00,Liga Revelação U23,Benfica U23,Santa Clara U23,Over/Under Goals,Under 3.5,1.52,,,WON,
2025-10-18T12:00:00+00:00,Ligue 2,Dunkerque,Montpellier,1X2 / Match Winner,Draw,3.4,,,LOST,
2025-10-18T12:00:00+00:00,Ligue 2,Laval,RED Star FC 93,Over/Under Goals,Under 3.5,1.2,,,WON,
2025-10-18T12:00:00+00:00,NB I,MTK Budapest,Nyiregyhaza,Over/Under Goals,Over 2.5,1.53,,,WON,
2025-10-18T12:00:00+00:00,Persian Gulf Pro League,Paykan,Aluminium Arak,Over/Under Goals,Under 3.5,1.15,,,WON,
2025-10-18T12:00:00+00:00,Premier League,Torpedo Zhodino,Slavia Mozyr,Asian Handicap,Home +0.25,1.42,,,WON,
2025-10-18T12:00:00+00:00,Prva Liga,Borac Cacak,FAP,Over/Under Goals,Under 3.5,1.3,,,WON,
2025-10-18T12:00:00+00:00,Prva Liga,Tekstilac Odžaci,Stepojevac Vaga,Double Chance,Home/Draw,1.17,,,WON,
2025-10-18T12:00:00+00:00,Regionalliga - Bayern,Ansbach,Schwaben Augsburg,Over/Under Goals,Over 1.5,1.17,,,WON,
2025-10-18T12:00:00+00:00,Regionalliga - Bayern,Aubstadt,Bayern München II,Over/Under Goals,Under 3.5,1.65,,,LOST,
2025-10-18T12:00:00+00:00,Regionalliga - Bayern,Augsburg II,Buchbach,Double Chance,Home/Draw,1.63,,,LOST,
2025-10-18T12:00:00+00:00,Regionalliga - Bayern,Illertissen,Eichstätt,Over/Under Goals,Under 3.5,1.49,,,WON,
2025-10-18T12:00:00+00:00,Regionalliga - Bayern,Vilzing,Hankofen-Hailing,1X2 / Match Winner,Home,1.57,,,WON,
2025-10-18T12:00:00+00:00,Regionalliga - Nord,Phönix Lübeck,Hamburger SV II,Over/Under Goals,Under 3.5,1.87,,,WON,
2025-10-18T12:00:00+00:00,Regionalliga - Nord,Werder Bremen II,Hannover 96 II,Double Chance,Home/Draw,1.35,,,LOST,
2025-10-18T12:00:00+00:00,Regionalliga - SudWest,Balingen,Stuttgarter Kickers,Asian Handicap,Away -0.25,1.48,,,WON,
2025-10-18T12:00:00+00:00,Regionalliga - SudWest,Hessen Kassel,Barockstadt Fulda-Lehn.,Over/Under Goals,Over 2.5,1.4,,,WON,
2025-10-18T12:00:00+00:00,Regionalliga - SudWest,SGV Freiberg,SG Sonnenhof Grossaspach,BTTS,Yes,1.44,,,WON,
2025-10-18T12:00:00+00:00,Regionalliga - SudWest,SV Sandhausen,FSV Mainz 05 II,BTTS,Yes,1.4,,,WON,
2025-10-18T12:00:00+00:00,Regionalliga - SudWest,Schott Mainz,TSV Steinbach,Over/Under Goals,Over 2.5,1.36,,,WON,
2025-10-18T12:00:00+00:00,Regionalliga - West,Borussia Dortmund II,SSVg Velbert,Asian Handicap,Home +0,1.15,,,WON,
2025-10-18T12:00:00+00:00,Regionalliga - West,SV Rodinghausen,FC Bocholt,Asian Handicap,Home +0.25,1.7,,,WON,
2025-10-18T12:00:00+00:00,Regionalliga - West,Sportfreunde Lotte,Borussia M'gladbach II,Double Chance,Draw/Away,1.6,,,WON,
2025-10-18T12:00:00+00:00,Regionalliga - West,Sportfreunde Siegen,Rot-weiss Oberhausen,Asian Handicap,Away -1.25,1.58,,,WON,
2025-10-18T12:00:00+00:00,Regionalliga - West,Wiedenbrück,Fortuna Düsseldorf II,Asian Handicap,Home +0.5,1.68,,,WON,
2025-10-18T12:00:00+00:00,Second League - Group 1,Angust Nazran,Spartak Nalchik,Over/Under Goals,Under 3.5,1.18,,,WON,
2025-10-18T12:00:00+00:00,Second League - Group 1,Rostov II,Dinamo Stavropol,Over/Under Goals,Under 3.5,1.22,,,WON,
2025-10-18T12:00:00+00:00,Second League - Group 3,Rotor-2,Znamya Truda,Over/Under Goals,Under 3.5,1.38,,,WON,
2025-10-18T12:00:00+00:00,Super League,Navbahor,Bunyodkor,Over/Under Goals,Under 3.5,1.28,,,WON,
2025-10-18T12:00:00+00:00,Super League,Yunnan Yukun,Tianjin Teda,Over/Under Goals,Over 1.5,1.18,,,WON,
2025-10-18T12:00:00+00:00,Super Liga,OFK Beograd,Napredak,Over/Under Goals,Under 3.5,1.42,,,LOST,
2025-10-18T12:00:00+00:00,Superliga,Bylis,Vllaznia Shkodër,Over/Under Goals,Under 2.5,1.44,,,WON,
2025-10-18T12:00:00+00:00,Thai League 1,Muangthong United,Bangkok United,1X2 / Match Winner,Draw,3.75,,,WON,
2025-10-18T12:00:00+00:00,Thai League 2,Khon Kaen United,Songkhla,Over/Under Goals,Under 3.5,1.43,,,LOST,
2025-10-18T12:00:00+00:00,Virsliga,Grobiņa,Super Nova,Over/Under Goals,Under 3.5,1.36,,,WON,
2025-10-18T12:00:00+00:00,Ykkösliiga,EIF,Klubi-04,Double Chance,Home/Draw,1.18,,,WON,
2025-10-18T12:00:00+00:00,Ykkösliiga,JäPS,JIPPO,Over/Under Goals,Under 3.5,1.62,,,WON,
2025-10-18T12:00:00+00:00,Ykkösliiga,KäPa,SalPa,Double Chance,Home/Draw,1.22,,,LOST,
2025-10-18T12:00:00+00:00,Ykkösliiga,SJK Akatemia,PK-35,Team Total Goals,Under 2.5,1.15,,,WON,
2025-10-18T12:00:00+00:00,Ykkösliiga,Turku PS,Lahti,Over/Under Goals,Under 3.5,1.53,,,LOST,
2025-10-18T12:15:00+00:00,Premier League,Spartak Moscow,FC Rostov,Over/Under Goals,Under 3.5,1.39,,,WON,
2025-10-18T12:30:00+00:00,1. Deild,ÍF II,Skála,Over/Under Goals,Over 2.5,1.46,,,WON,
2025-10-18T12:30:00+00:00,2. Division,Ahironas / Onisilos,APEA,Double Chance,Draw/Away,1.4,,,WON,
2025-10-18T12:30:00+00:00,2. Division,Digenis Morphou,Doxa,Double Chance,Home/Draw,1.5,,,LOST,
2025-10-18T12:30:00+00:00,2. Division,Halkanoras,Ethnikos Latsion,Double Chance,Draw/Away,1.53,,,LOST,
2025-10-18T12:30:00+00:00,2. Division,Iraklis Yerolakkou,Ayia Napa,Double Chance,Draw/Away,1.4,,,WON,
2025-10-18T12:30:00+00:00,2. Division,MEAP Nisou,Nea Salamis,1X2 / Match Winner,Away,1.67,,,WON,
2025-10-18T12:30:00+00:00,2. liga,Inter Bratislava,Baník Lehota p.Vtáčnikom,Over/Under Goals,Under 3.5,1.44,,,LOST,
2025-10-18T12:30:00+00:00,2. liga,Liptovský Mikuláš,Pohronie,Over/Under Goals,Under 3.5,1.43,,,WON,
2025-10-18T12:30:00+00:00,2. liga,Považská Bystrica,Stará Ľubovňa,Over/Under Goals,Under 3.5,1.42,,,WON,
2025-10-18T12:30:00+00:00,3. liga - CFL A,Kladno,Jiskra Domažlice,1X2 / Match Winner,Home,1.57,,,LOST,
2025-10-18T12:30:00+00:00,3. liga - MSFL,Vítkovice,Blansko,Over/Under Goals,Under 3.5,1.69,,,LOST,
2025-10-18T12:30:00+00:00,Erste Liga,Floridsdorfer AC,FC Liefering,Over/Under Goals,Under 3.5,1.33,,,WON,
2025-10-18T12:30:00+00:00,Erste Liga,Schwarz-Weiß Bregenz,SKU Amstetten,Over/Under Goals,Under 3.5,1.55,,,WON,
2025-10-18T12:30:00+00:00,Esiliiga B,Legion,JK Tabasalu,Double Chance,Draw/Away,1.69,,,WON,
2025-10-18T12:30:00+00:00,FA Cup,Negeri Sembilan,Selangor,Team Total Goals,Over 0.5,1.48,,,LOST,
2025-10-18T12:30:00+00:00,Frauenliga,Sturm Graz W,LASK,Over/Under Goals,Under 3.5,1.59,,,WON,
2025-10-18T12:30:00+00:00,III Liga - Group 3,Pawłowice Śląskie,Lechia Zielona Góra,Double Chance,Draw/Away,1.2,,,WON,
2025-10-18T12:30:00+00:00,Premier League,Zorya Luhansk,Dynamo Kyiv,Over/Under Goals,Under 3.5,1.37,,,WON,
2025-10-18T12:30:00+00:00,Thai League 1,Bangkok Glass,Ayutthaya FC,Over/Under Goals,Under 3.5,1.5,,,WON,
2025-10-18T12:30:00+00:00,Thai League 2,Chiangmai United,Chanthaburi,Asian Handicap,Home +0.25,1.44,,,WON,
2025-10-18T12:30:00+00:00,Tweede Divisie,ACV,Rijnsburgse Boys,Over/Under Goals,Under 3.5,1.61,,,LOST,
2025-10-18T12:30:00+00:00,Tweede Divisie,Barendrecht,De Treffers,Asian Handicap,Home +0.25,1.63,,,WON,
2025-10-18T12:30:00+00:00,Tweede Divisie,GVVV Veenendaal,Excelsior Maassluis,Over/Under Goals,Under 3.5,1.26,,,WON,
2025-10-18T12:30:00+00:00,Tweede Divisie,HHC,RKAV Volendam,Over/Under Goals,Under 3.5,1.8,,,WON,
2025-10-18T12:45:00+00:00,Ekstraklasa,Korona Kielce,Gornik Zabrze,Over/Under Goals,Under 3.5,1.33,,,WON,
2025-10-18T13:00:00+00:00,1. SNL,NK Domzale,Radomlje,Over/Under Goals,Under 3.5,1.48,,,WON,
2025-10-18T13:00:00+00:00,2. Division - Group 1,Notodden,Eik-Tønsberg,Over/Under Goals,Under 3.5,1.41,,,WON,
2025-10-18T13:00:00+00:00,2. SNL,Bilje,Bistrica,1X2 / Match Winner,Draw,3.6,,,WON,
2025-10-18T13:00:00+00:00,2. SNL,Krka,Dravinja,Double Chance,Draw/Away,1.43,,,WON,
2025-10-18T13:00:00+00:00,2. SNL,Rudar,Gorica,Over/Under Goals,Under 3.5,1.35,,,WON,
2025-10-18T13:00:00+00:00,3. liga - CFL B,Slovan Velvary,Mladá Boleslav II,Double Chance,Draw/Away,1.58,,,WON,
2025-10-18T13:00:00+00:00,A Lyga,Dainava,FK Zalgiris Vilnius,1X2 / Match Winner,Away,1.33,,,LOST,
2025-10-18T13:00:00+00:00,Allsvenskan,IFK Norrkoping,Malmo FF,Team Total Goals,Over 0.5,1.45,,,LOST,
2025-10-18T13:00:00+00:00,CAF Confederation Cup,ZESCO United,Galaxy,Double Chance,Home/Draw,1.2,,,WON,
2025-10-18T13:00:00+00:00,Campionato Primavera - 1,Bologna U20,Fiorentina U20,Over/Under Goals,Under 3.5,1.4,,,WON,
2025-10-18T13:00:00+00:00,Campionato Primavera - 2,AlbinoLeffe U19,Venezia U19,Over/Under Goals,Over 2.5,1.57,,,WON,
2025-10-18T13:00:00+00:00,Campionato Primavera - 2,Renate U19,Cittadella U19,Team Total Goals,Under 2.5,1.19,,,WON,
2025-10-18T13:00:00+00:00,Czech Liga,Bohemians 1905,Plzen,Team Total Goals,Over 0.5,1.18,,,WON,
2025-10-18T13:00:00+00:00,Czech Liga,Karviná,Sigma Olomouc,Over/Under Goals,Under 3.5,1.33,,,WON,
2025-10-18T13:00:00+00:00,Czech Liga,Pardubice,Mlada Boleslav,Over/Under Goals,Under 3.5,1.45,,,WON,
2025-10-18T13:00:00+00:00,Czech Liga,Teplice,Slovan Liberec,1X2 / Match Winner,Draw,3.4,,,WON,
2025-10-18T13:00:00+00:00,Elitettan,Eskilstuna United,Trelleborg W,Over/Under Goals,Under 3.5,1.3,,,WON,
2025-10-18T13:00:00+00:00,Erovnuli Liga,Dinamo Tbilisi,Dinamo Batumi,1X2 / Match Winner,Draw,3.6,,,WON,
2025-10-18T13:00:00+00:00,FA Cup,Terengganu,Kuching FA,Double Chance,Home/Draw,1.4,,,LOST,
2025-10-18T13:00:00+00:00,First League,Bokelj,Jezero,Over/Under Goals,Under 3.5,1.24,,,WON,
2025-10-18T13:00:00+00:00,II Liga - East,Śląsk Wrocław II,Sokół Kleczew,Over/Under Goals,Under 3.5,1.52,,,LOST,
2025-10-18T13:00:00+00:00,III Liga - Group 1,Bełchatów,Wikielec,Over/Under Goals,Under 3.5,1.6,,,WON,
2025-10-18T13:00:00+00:00,III Liga - Group 1,Mławianka Mława,Wigry Suwałki,Over/Under Goals,Under 3.5,1.56,,,WON,
2025-10-18T13:00:00+00:00,III Liga - Group 1,Ząbkovia Ząbki,Legia Warszawa II,Asian Handicap,Home +0,1.59,,,LOST,
2025-10-18T13:00:00+00:00,III Liga - Group 1,Łomża,Jagiellonia II,Team Total Goals,Under 2.5,1.79,,,WON,
2025-10-18T13:00:00+00:00,III Liga - Group 2,Wda Świecie,Flota Świnoujście,Over/Under Goals,Over 1.5,1.16,,,WON,
2025-10-18T13:00:00+00:00,III Liga - Group 3,Kluczbork,Carina Gubin,Over/Under Goals,Over 1.5,1.16,,,WON,
2025-10-18T13:00:00+00:00,III Liga - Group 3,Słowianin,Sparta Katowice,Over/Under Goals,Under 3.5,1.45,,,WON,
2025-10-18T13:00:00+00:00,III Liga - Group 4,Siarka Tarnobrzeg,Avia Świdnik,Over/Under Goals,Over 1.5,1.21,,,WON,
2025-10-18T13:00:00+00:00,III Liga - Group 4,Sokół Kolb.,Naprzód,Over/Under Goals,Under 3.5,1.67,,,WON,
2025-10-18T13:00:00+00:00,III Liga - Group 4,Sparta KW,Wisłoka Dębica,Over/Under Goals,Under 3.5,1.46,,,LOST,
2025-10-18T13:00:00+00:00,III Liga - Group 4,Świdniczanka Świdnik,Podlasie Biała Podlaska,Over/Under Goals,Over 1.5,1.17,,,WON,
2025-10-18T13:00:00+00:00,Meistriliiga,Trans Narva,Vaprus,Over/Under Goals,Under 3.5,1.5,,,WON,
2025-10-18T13:00:00+00:00,Premier League,Turan Turkistan,Yelimay Semey,Over/Under Goals,Under 3.5,1.4,,,LOST,
2025-10-18T13:00:00+00:00,Professional League,Saham,Sur,Double Chance,Draw/Away,1.6,,,LOST,
2025-10-18T13:00:00+00:00,Regionalliga - Ost,Fach-Donaufeld,Krems / Rehberg,Over/Under Goals,Over 2.5,1.44,,,LOST,
2025-10-18T13:00:00+00:00,Second League - Group 3,Dinamo Bryansk,Ryazan,1X2 / Match Winner,Home,1.46,,,LOST,
2025-10-18T13:00:00+00:00,Second League,Hebar 1918,Pirin Blagoevgrad,Over/Under Goals,Under 3.5,1.33,,,LOST,
2025-10-18T13:00:00+00:00,Second League,Igalo,Iskra,Over/Under Goals,Under 2.5,1.5,,,WON,
2025-10-18T13:00:00+00:00,Second League,Lovćen,Grbalj,Double Chance,Draw/Away,1.44,,,WON,
2025-10-18T13:00:00+00:00,Second League,Marek,Dunav Ruse,Double Chance,Draw/Away,1.17,,,WON,
2025-10-18T13:00:00+00:00,Second League,Sportist Svoge,Vihren,Over/Under Goals,Under 3.5,1.33,,,WON,
2025-10-18T13:00:00+00:00,Second NL,Jadran LP,Mladost Ždralovi,Over/Under Goals,Under 3.5,1.26,,,WON,
2025-10-18T13:00:00+00:00,Second NL,Trnje,Križevci,Over/Under Goals,Under 3.5,1.23,,,WON,
2025-10-18T13:00:00+00:00,Segunda División,Artigas,Colón,Over/Under Goals,Over 1.5,1.22,,,WON,
2025-10-18T13:00:00+00:00,Segunda División,Central Espanol,Fenix,Over/Under Goals,Under 3.5,1.17,,,WON,
2025-10-18T13:00:00+00:00,Serie A,Lecce,Sassuolo,Over/Under Goals,Under 3.5,1.22,,,WON,
2025-10-18T13:00:00+00:00,Serie A,Pisa,Verona,Over/Under Goals,Under 3.5,1.2,,,WON,
2025-10-18T13:00:00+00:00,Serie B,Frosinone,Monza,Team Total Goals,Over 0.5,1.33,,,LOST,
2025-10-18T13:00:00+00:00,Serie B,Mantova,Sudtirol,Over/Under Goals,Over 1.5,1.33,,,WON,
2025-10-18T13:00:00+00:00,Serie B,Pescara,Carrarese,Over/Under Goals,Under 3.5,1.22,,,LOST,
2025-10-18T13:00:00+00:00,Serie B,Reggiana,Bari,Over/Under Goals,Over 1.5,1.42,,,WON,
2025-10-18T13:00:00+00:00,Super League,Green Buffaloes,Nchanga Rangers,Over/Under Goals,Under 2.5,1.44,,,WON,
2025-10-18T13:00:00+00:00,Superettan,Kalmar FF,Oddevold,Asian Handicap,Away -1.25,1.7,,,WON,
2025-10-18T13:00:00+00:00,Superettan,Ostersunds FK,IK brage,Over/Under Goals,Over 1.5,1.22,,,LOST,
2025-10-18T13:00:00+00:00,Superettan,Varbergs BoIS FC,Sandviken,Over/Under Goals,Under 3.5,1.44,,,WON,
2025-10-18T13:00:00+00:00,TFF 1. Lig,Adana Demirspor,Sakaryaspor,Over/Under Goals,Under 3.5,1.46,,,LOST,
2025-10-18T13:00:00+00:00,Tweede Divisie,Ijsselmeervogels,Sparta Rotterdam II,Over/Under Goals,Under 3.5,1.86,,,LOST,
2025-10-18T13:00:00+00:00,Tweede Divisie,Kozakken Boys,Spakenburg,Over/Under Goals,Under 3.5,1.67,,,WON,
2025-10-18T13:00:00+00:00,Tweede Divisie,Quick Boys,Hoek,Team Total Goals,Under 2.5,1.65,,,WON,
2025-10-18T13:05:00+00:00,Pro League,Al Ain,Baniyas SC,Over/Under Goals,Over 1.5,1.16,,,WON,
2025-10-18T13:05:00+00:00,Pro League,Dibba Al-Fujairah,Al-Jazira,Over/Under Goals,Under 3.5,1.4,,,WON,
2025-10-18T13:15:00+00:00,CAF Confederation Cup,KMKM,Azam,Double Chance,Draw/Away,1.62,,,WON,
2025-10-18T13:15:00+00:00,Tweede Divisie,AFC Amsterdam,Koninklijke HFC,Over/Under Goals,Under 3.5,1.38,,,WON,
2025-10-18T13:30:00+00:00,1st Division,Baroka FC,University of Pretoria,Over/Under Goals,Under 2.5,1.4,,,WON,
2025-10-18T13:30:00+00:00,3. liga - CFL B,Ústí nad Orlicí,Velké Hamry,Over/Under Goals,Under 3.5,1.35,,,WON,
2025-10-18T13:30:00+00:00,Bundesliga 1,1. FC Heidenheim,Werder Bremen,Asian Handicap,Home +0.5,1.62,,,WON,
2025-10-18T13:30:00+00:00,Bundesliga 1,1.FC Köln,FC Augsburg,Over/Under Goals,Over 1.5,1.2,,,WON,
2025-10-18T13:30:00+00:00,Bundesliga 1,FSV Mainz 05,Bayer Leverkusen,Over/Under Goals,Under 3.5,1.42,,,LOST,
2025-10-18T13:30:00+00:00,Bundesliga 1,RB Leipzig,Hamburger SV,Team Total Goals,Under 2.5,1.7,,,WON,
2025-10-18T13:30:00+00:00,Bundesliga 1,VfL Wolfsburg,VfB Stuttgart,Over/Under Goals,Under 3.5,1.55,,,WON,
2025-10-18T13:30:00+00:00,FNL,Zbrojovka Brno,Baník Ostrava II,Over/Under Goals,Under 3.5,1.56,,,LOST,
2025-10-18T13:30:00+00:00,First NL,Orijent 1919,Karlovac 1919,1X2 / Match Winner,Draw,3.3,,,WON,
2025-10-18T13:30:00+00:00,III Liga - Group 2,Wybrzeże Rewalskie Rewal,Stargard Szczeciński,Over/Under Goals,Under 3.5,1.7,,,WON,
2025-10-18T13:30:00+00:00,Premier Soccer League,Amazulu,Durban City,Over/Under Goals,Over 1.5,1.57,,,LOST,
2025-10-18T13:30:00+00:00,Prva HNL,NK Slaven Belupo,HNK Rijeka,Over/Under Goals,Over 1.5,1.3,,,WON,
2025-10-18T13:30:00+00:00,Second League,Kom,Mladost Lješkopolje,Double Chance,Home/Draw,1.4,,,WON,
2025-10-18T13:30:00+00:00,Super Liga,AS Trencin,Skalica,Over/Under Goals,Under 3.5,1.3,,,WON,
2025-10-18T13:30:00+00:00,Super Liga,Ružomberok,Komárno,Team Total Goals,Over 0.5,1.18,,,LOST,
2025-10-18T13:30:00+00:00,Super Liga,Tatran Prešov,Podbrezová,Double Chance,Home/Draw,1.4,,,WON,
2025-10-18T13:30:00+00:00,Tweede Divisie,Almere City II,Katwijk,Over/Under Goals,Under 3.5,1.74,,,WON,
2025-10-18T13:35:00+00:00,Premier League,Budaiya,Sitra,Over/Under Goals,Under 3.5,1.25,,,WON,
2025-10-18T14:00:00+00:00,1 Lyga,Kauno Žalgiris II,Babrungas,1X2 / Match Winner,Away,1.6,,,WON,
2025-10-18T14:00:00+00:00,1. Deild,Víkingur II,B36 II,Double Chance,Draw/Away,1.32,,,WON,
2025-10-18T14:00:00+00:00,1. Division,Egersund,Raufoss,Over/Under Goals,Under 3.5,1.57,,,LOST,
2025-10-18T14:00:00+00:00,1. Division,Mjondalen,Aalesund,Over/Under Goals,Over 1.5,1.17,,,WON,
2025-10-18T14:00:00+00:00,1. Division,Moss,Kongsvinger,Over/Under Goals,Over 1.5,1.17,,,WON,
2025-10-18T14:00:00+00:00,1. Division,ODD Ballklubb,Ranheim,Asian Handicap,Home +0.25,1.45,,,WON,
2025-10-18T14:00:00+00:00,1. Division,Sogndal,Start,Over/Under Goals,Over 1.5,1.17,,,LOST,
2025-10-18T14:00:00+00:00,1. Division,hodd,Asane,1X2 / Match Winner,Draw,3.5,,,WON,
2025-10-18T14:00:00+00:00,1. Liga Promotion,Breitenrain,Luzern II,Over/Under Goals,Under 3.5,1.68,,,LOST,
2025-10-18T14:00:00+00:00,1. Liga Promotion,Cham,Bulle,Over/Under Goals,Under 3.5,1.68,,,LOST,
2025-10-18T14:00:00+00:00,1. Liga,Riga Mariners,Rēzekne FA,BTTS,Yes,1.53,,,LOST,
2025-10-18T14:00:00+00:00,2. Division - Group 1,Sandnes ULF,Arendal,Asian Handicap,Home +0.5,1.18,,,WON,
2025-10-18T14:00:00+00:00,Challenger Pro League,KRC Genk II,Francs Borains,Over/Under Goals,Under 3.5,1.44,,,LOST,
2025-10-18T14:00:00+00:00,Championship,Arbroath,ST Johnstone,Over/Under Goals,Under 3.5,1.36,,,LOST,
2025-10-18T14:00:00+00:00,Championship,Ayr Utd,Morton,Over/Under Goals,Under 3.5,1.25,,,WON,
2025-10-18T14:00:00+00:00,Championship,Birmingham,Hull City,Over/Under Goals,Under 3.5,1.33,,,LOST,
2025-10-18T14:00:00+00:00,Championship,Charlton,Sheffield Wednesday,Over/Under Goals,Under 3.5,1.25,,,WON,
2025-10-18T14:00:00+00:00,Championship,Institute,Dundela,Over/Under Goals,Under 3.5,1.36,,,WON,
2025-10-18T14:00:00+00:00,Championship,Limavady United,Annagh United,Over/Under Goals,Under 2.5,1.73,,,WON,
2025-10-18T14:00:00+00:00,Championship,Newington Youth,Armagh City,Asian Handicap,Away -1.25,1.44,,,LOST,
2025-10-18T14:00:00+00:00,Championship,Norwich,Bristol City,Over/Under Goals,Under 3.5,1.35,,,WON,
2025-10-18T14:00:00+00:00,Championship,Partick,Ross County,Over/Under Goals,Under 3.5,1.33,,,WON,
2025-10-18T14:00:00+00:00,Championship,Queen's Park,Airdrie United,1X2 / Match Winner,Draw,3.45,,,WON,
2025-10-18T14:00:00+00:00,Championship,Sheffield Utd,Watford,Over/Under Goals,Under 3.5,1.28,,,WON,
2025-10-18T14:00:00+00:00,Championship,Stoke City,Wrexham,Over/Under Goals,Under 3.5,1.28,,,WON,
2025-10-18T14:00:00+00:00,Championship,West Brom,Preston,Over/Under Goals,Under 3.5,1.22,,,WON,
2025-10-18T14:00:00+00:00,Damallsvenskan,Alingsås W,Växjö,Over/Under Goals,Under 3.5,1.57,,,LOST,
2025-10-18T14:00:00+00:00,Eliteserien,Bryne,Rosenborg,Over/Under Goals,Under 3.5,1.38,,,LOST,
2025-10-18T14:00:00+00:00,Elitettan,Elfsborg,Team TG FF W,1X2 / Match Winner,Home,1.54,,,LOST,
2025-10-18T14:00:00+00:00,Ettan - Norra,IF Karlstad,Sollentuna,Over/Under Goals,Under 3.5,1.77,,,WON,
2025-10-18T14:00:00+00:00,Ettan - Södra,Eskilsminne,Skövde AIK,Over/Under Goals,Under 3.5,1.5,,,LOST,
2025-10-18T14:00:00+00:00,Ettan - Södra,Hässleholms IF,Husqvarna,Over/Under Goals,Under 3.5,1.5,,,WON,
2025-10-18T14:00:00+00:00,Ettan - Södra,Olympic,Oskarshamns AIK,Over/Under Goals,Under 3.5,1.57,,,LOST,
2025-10-18T14:00:00+00:00,Football League - Highland League,Brechin,Wick Academy,Over/Under Goals,Under 3.5,2.59,,,LOST,
2025-10-18T14:00:00+00:00,Football League - Lowland League,Bonnyrigg Rose Athletic,Clydebank,Double Chance,Draw/Away,1.28,,,LOST,
2025-10-18T14:00:00+00:00,Football League - Lowland League,Caledonian Braves,Cowdenbeath,Asian Handicap,Home +0.25,1.44,,,WON,
2025-10-18T14:00:00+00:00,Football League - Lowland League,Civil Service Strollers,Broxburn Athletic,Over/Under Goals,Over 2.5,1.44,,,WON,
2025-10-18T14:00:00+00:00,Football League - Lowland League,Cumbernauld Colts,Gala Fairydean Rovers,Over/Under Goals,Under 3.5,1.66,,,LOST,
2025-10-18T14:00:00+00:00,Football League - Lowland League,Stirling University,East Stirlingshire,Over/Under Goals,Over 2.5,1.36,,,WON,
2025-10-18T14:00:00+00:00,II Liga - East,Kalisz,Resovia Rzeszów,Over/Under Goals,Under 2.5,1.96,,,WON,
2025-10-18T14:00:00+00:00,Jupiler Pro League,RAAL La Louvière,KVC Westerlo,Over/Under Goals,Under 3.5,1.4,,,WON,
2025-10-18T14:00:00+00:00,League One,Alloa Athletic,East Fife,Over/Under Goals,Under 3.5,1.36,,,WON,
2025-10-18T14:00:00+00:00,League One,Blackpool,Wycombe,Over/Under Goals,Under 3.5,1.3,,,WON,
2025-10-18T14:00:00+00:00,League One,Bradford,Barnsley,Over/Under Goals,Over 1.5,1.2,,,WON,
2025-10-18T14:00:00+00:00,League One,Cove Rangers,Stenhousemuir,Over/Under Goals,Under 3.5,1.3,,,WON,
2025-10-18T14:00:00+00:00,League One,Doncaster,Northampton,Over/Under Goals,Under 3.5,1.25,,,WON,
2025-10-18T14:00:00+00:00,League One,Inverness CT,Kelty Hearts,Over/Under Goals,Under 3.5,1.5,,,LOST,
2025-10-18T14:00:00+00:00,League One,Luton,Mansfield Town,Over/Under Goals,Over 1.5,1.25,,,WON,
2025-10-18T14:00:00+00:00,League One,Montrose,Hamilton Academical,Team Total Goals,Over 0.5,1.25,,,WON,
2025-10-18T14:00:00+00:00,League One,Plymouth,AFC Wimbledon,Over/Under Goals,Over 1.5,1.33,,,WON,
2025-10-18T14:00:00+00:00,League One,Rotherham,Leyton Orient,BTTS,Yes,1.6,,,LOST,
2025-10-18T14:00:00+00:00,League One,Stockport County,Exeter City,Over/Under Goals,Under 3.5,1.35,,,WON,
2025-10-18T14:00:00+00:00,League One,Wigan,Port Vale,Double Chance,Draw/Away,1.48,,,LOST,
2025-10-18T14:00:00+00:00,League Two,Accrington ST,Swindon Town,Over/Under Goals,Under 3.5,1.28,,,LOST,
2025-10-18T14:00:00+00:00,League Two,Annan Athletic,Stirling Albion,Double Chance,Home/Draw,1.4,,,WON,
2025-10-18T14:00:00+00:00,League Two,Barnet,Notts County,Over/Under Goals,Over 1.5,1.25,,,LOST,
2025-10-18T14:00:00+00:00,League Two,Bristol Rovers,Tranmere,Over/Under Goals,Over 1.5,1.3,,,WON,
2025-10-18T14:00:00+00:00,League Two,Chesterfield,Fleetwood Town,Over/Under Goals,Over 1.5,1.25,,,WON,
2025-10-18T14:00:00+00:00,League Two,Colchester,Harrogate Town,Team Total Goals,Over 0.5,1.48,,,WON,
2025-10-18T14:00:00+00:00,League Two,Dumbarton,Spartans,Over/Under Goals,Under 3.5,1.5,,,WON,
2025-10-18T14:00:00+00:00,League Two,East Kilbride,Elgin City,Over/Under Goals,Over 1.5,1.15,,,WON,
2025-10-18T14:00:00+00:00,League Two,Edinburgh City,Stranraer,Asian Handicap,Away -1.25,1.52,,,WON,
2025-10-18T14:00:00+00:00,League Two,Forfar Athletic,Clyde,Double Chance,Draw/Away,1.44,,,WON,
2025-10-18T14:00:00+00:00,League Two,Grimsby,Gillingham,Over/Under Goals,Under 3.5,1.3,,,WON,
2025-10-18T14:00:00+00:00,League Two,Milton Keynes Dons,Crewe,Over/Under Goals,Over 1.5,1.28,,,WON,
2025-10-18T14:00:00+00:00,League Two,Shrewsbury,Crawley Town,Asian Handicap,Home +0.25,1.48,,,WON,
2025-10-18T14:00:00+00:00,Ligue 1,Ben Aknoun,CS Constantine,Over/Under Goals,Under 3.5,1.17,,,WON,
2025-10-18T14:00:00+00:00,National 2 - Group B,Thionville Lusitanos,Furiani-Agliani,Over/Under Goals,Under 3.5,1.19,,,LOST,
2025-10-18T14:00:00+00:00,National League - North,AFC Telford United,Scarborough Athletic,Asian Handicap,Home +0.25,1.68,,,WON,
2025-10-18T14:00:00+00:00,National League - North,Buxton,Chorley,Over/Under Goals,Over 1.5,1.21,,,WON,
2025-10-18T14:00:00+00:00,National League - North,Chester,Kidderminster Harriers,Over/Under Goals,Over 1.5,1.28,,,WON,
2025-10-18T14:00:00+00:00,National League - North,King's Lynn Town,AFC Fylde,Asian Handicap,Home +0.25,1.41,,,LOST,
2025-10-18T14:00:00+00:00,National League - North,Leamington,Darlington 1883,Over/Under Goals,Under 3.5,1.33,,,WON,
2025-10-18T14:00:00+00:00,National League - North,Oxford City,Southport,Asian Handicap,Home +0.25,1.42,,,LOST,
2025-10-18T14:00:00+00:00,National League - North,Peterborough Sports,Alfreton Town,Asian Handicap,Home +0.25,1.45,,,WON,
2025-10-18T14:00:00+00:00,National League - North,Radcliffe,Bedford Town,1X2 / Match Winner,Home,1.47,,,LOST,
2025-10-18T14:00:00+00:00,National League - North,South Shields,Hereford,1X2 / Match Winner,Home,1.62,,,WON,
2025-10-18T14:00:00+00:00,National League - North,Spennymoor Town,Merthyr Town,Double Chance,Home/Draw,1.18,,,WON,
2025-10-18T14:00:00+00:00,National League - South,AFC Hornchurch,Bath City,Double Chance,Home/Draw,1.19,,,WON,
2025-10-18T14:00:00+00:00,National League - South,AFC Totton,Hemel Hempstead Town,Double Chance,Draw/Away,1.64,,,LOST,
2025-10-18T14:00:00+00:00,National League - South,Chelmsford City,Worthing,Over/Under Goals,Under 3.5,1.42,,,WON,
2025-10-18T14:00:00+00:00,National League - South,Chesham United,Torquay,Over/Under Goals,Under 3.5,1.32,,,WON,
2025-10-18T14:00:00+00:00,National League - South,Chippenham Town,Dover,Over/Under Goals,Under 3.5,1.39,,,WON,
2025-10-18T14:00:00+00:00,National League - South,Dagenham & Redbridge,Enfield Town,Over/Under Goals,Under 3.5,1.56,,,LOST,
2025-10-18T14:00:00+00:00,National League - South,Ebbsfleet United,Dorking Wanderers,Over/Under Goals,Under 3.5,1.42,,,WON,
2025-10-18T14:00:00+00:00,National League - South,Farnborough,Maidstone Utd,Over/Under Goals,Under 3.5,1.32,,,WON,
2025-10-18T14:00:00+00:00,National League - South,Hampton & Richmond,Weston-super-Mare,Over/Under Goals,Under 3.5,1.4,,,WON,
2025-10-18T14:00:00+00:00,National League - South,Maidenhead,Eastbourne Borough,Over/Under Goals,Under 3.5,1.44,,,WON,
2025-10-18T14:00:00+00:00,National League,Aldershot Town,Tamworth,Double Chance,Draw/Away,1.44,,,WON,
2025-10-18T14:00:00+00:00,National League,Altrincham,Woking,Team Total Goals,Under 2.5,1.22,,,WON,
2025-10-18T14:00:00+00:00,National League,Boreham Wood,Eastleigh,Over/Under Goals,Under 3.5,1.33,,,WON,
2025-10-18T14:00:00+00:00,National League,Boston United,Scunthorpe,Team Total Goals,Over 0.5,1.2,,,WON,
2025-10-18T14:00:00+00:00,National League,Brackley Town,Gateshead,Over/Under Goals,Under 3.5,1.4,,,WON,
2025-10-18T14:00:00+00:00,National League,Morecambe,Southend,1X2 / Match Winner,Away,1.46,,,WON,
2025-10-18T14:00:00+00:00,National League,Rochdale,Yeovil Town,Over/Under Goals,Under 3.5,1.36,,,WON,
2025-10-18T14:00:00+00:00,Non League Premier - Isthmian,Aveley,Lewes,Asian Handicap,Home +0.25,1.42,,,WON,
2025-10-18T14:00:00+00:00,Non League Premier - Isthmian,Brentwood Town,Ramsgate,Over/Under Goals,Under 3.5,1.61,,,WON,
2025-10-18T14:00:00+00:00,Non League Premier - Isthmian,Burgess Hill Town,Whitehawk,Over/Under Goals,Over 1.5,1.16,,,WON,
2025-10-18T14:00:00+00:00,Non League Premier - Isthmian,Carshalton Athletic,Hashtag United,Asian Handicap,Home +0.25,1.56,,,WON,
2025-10-18T14:00:00+00:00,Non League Premier - Isthmian,Chatham Town,Cray Wanderers,Over/Under Goals,Over 1.5,1.18,,,WON,
2025-10-18T14:00:00+00:00,Non League Premier - Isthmian,Cheshunt,Wingate & Finchley,Team Total Goals,Over 0.5,1.45,,,WON,
2025-10-18T14:00:00+00:00,Non League Premier - Isthmian,Chichester City,Billericay Town,Double Chance,Draw/Away,1.65,,,WON,
2025-10-18T14:00:00+00:00,Non League Premier - Isthmian,Cray Valley PM,Canvey Island,1X2 / Match Winner,Draw,4.0,,,WON,
2025-10-18T14:00:00+00:00,Non League Premier - Isthmian,Dartford,Potters Bar Town,Over/Under Goals,Under 3.5,1.59,,,LOST,
2025-10-18T14:00:00+00:00,Non League Premier - Isthmian,Folkestone Invicta,Dulwich Hamlet,Asian Handicap,Home +0.25,1.41,,,WON,
2025-10-18T14:00:00+00:00,Non League Premier - Isthmian,St Albans City,Welling United,Over/Under Goals,Under 3.5,1.57,,,WON,
2025-10-18T14:00:00+00:00,Premier League,Brighton,Newcastle,Over/Under Goals,Over 1.5,1.25,,,WON,
2025-10-18T14:00:00+00:00,Premier League,Burnley,Leeds,Over/Under Goals,Under 3.5,1.22,,,WON,
2025-10-18T14:00:00+00:00,Premier League,Crystal Palace,Bournemouth,Over/Under Goals,Under 3.5,1.33,,,LOST,
2025-10-18T14:00:00+00:00,Premier League,Dinamo Minsk,FC Gomel,Over/Under Goals,Over 1.5,1.31,,,LOST,
2025-10-18T14:00:00+00:00,Premier League,El Gouna FC,National Bank of Egypt,Over/Under Goals,Under 2.5,1.44,,,LOST,
2025-10-18T14:00:00+00:00,Premier League,Manchester City,Everton,Over/Under Goals,Under 3.5,1.42,,,WON,
2025-10-18T14:00:00+00:00,Premier League,Sunderland,Wolves,Over/Under Goals,Under 3.5,1.2,,,WON,
2025-10-18T14:00:00+00:00,Premiership,Bangor,Crusaders FC,Double Chance,Home/Draw,1.57,,,WON,
2025-10-18T14:00:00+00:00,Premiership,Cliftonville FC,Larne,Double Chance,Draw/Away,1.44,,,WON,
2025-10-18T14:00:00+00:00,Premiership,Coleraine FC,Dungannon Swifts,Over/Under Goals,Under 3.5,1.44,,,LOST,
2025-10-18T14:00:00+00:00,Premiership,Glenavon FC,Carrick Rangers,Over/Under Goals,Under 3.5,1.33,,,WON,
2025-10-18T14:00:00+00:00,Premiership,Glentoran,Ballymena United,Over/Under Goals,Under 3.5,1.33,,,WON,
2025-10-18T14:00:00+00:00,Premiership,Hibernian,Livingston,Asian Handicap,Away -1.25,1.7,,,LOST,
2025-10-18T14:00:00+00:00,Premiership,Motherwell,Falkirk,Asian Handicap,Home +0,1.48,,,LOST,
2025-10-18T14:00:00+00:00,Premiership,Rangers,Dundee Utd,1X2 / Match Winner,Draw,6.12,,,WON,
2025-10-18T14:00:00+00:00,Premiership,ST Mirren,Aberdeen,Over/Under Goals,Under 3.5,1.36,,,WON,
2025-10-18T14:00:00+00:00,Premyer Liqa,Sumqayıt,Karvan,Over/Under Goals,Under 3.5,1.22,,,LOST,
2025-10-18T14:00:00+00:00,Primera B Metropolitana,Brown DE Adrogue,Flandria,Over/Under Goals,Under 2.5,1.42,,,WON,
2025-10-18T14:00:00+00:00,Primera División Femenina,Alhama,Athletic Club W,Over/Under Goals,Under 3.5,1.36,,,WON,
2025-10-18T14:00:00+00:00,Super League 1,Larisa,Olympiakos Piraeus,Over/Under Goals,Under 3.5,1.38,,,WON,
2025-10-18T14:00:00+00:00,Super Lig,Besiktas,Genclerbirligi,Over/Under Goals,Under 3.5,1.62,,,WON,
2025-10-18T14:00:00+00:00,Super Lig,Rizespor,Trabzonspor,Double Chance,Draw/Away,1.42,,,WON,
2025-10-18T14:00:00+00:00,Super Liga,CSF Bălți,Dacia-Buiucani,Over/Under Goals,Under 3.5,1.32,,,WON,
2025-10-18T14:00:00+00:00,Veikkausliiga,Haka,Kooteepee,Over/Under Goals,Under 3.5,1.5,,,WON,
2025-10-18T14:00:00+00:00,Veikkausliiga,Mariehamn,AC Oulu,Double Chance,Home/Draw,1.7,,,WON,
2025-10-18T14:00:00+00:00,Veikkausliiga,VPS,FF Jaro,Asian Handicap,Home +0.25,1.42,,,LOST,
2025-10-18T14:15:00+00:00,La Liga,Barcelona,Girona,Result + Total Goals,Home/Over 1.5,1.17,,,WON,
2025-10-18T14:15:00+00:00,NB I,Paks,Debreceni VSC,Double Chance,Home/Draw,1.18,,,WON,
2025-10-18T14:15:00+00:00,Segunda Division,AD Ceuta FC,Mirandes,Over/Under Goals,Under 3.5,1.22,,,WON,
2025-10-18T14:15:00+00:00,Super League,Dinamo Samarqand,Buxoro,Over/Under Goals,Under 3.5,1.31,,,LOST,
2025-10-18T14:30:00+00:00,3. Liga,Rot-Weiß Essen,FC Viktoria Köln,Over/Under Goals,Under 3.5,1.48,,,WON,
2025-10-18T14:30:00+00:00,Eerste Divisie,De Graafschap,FC OSS,BTTS,Yes,1.53,,,WON,
2025-10-18T14:30:00+00:00,Eredivisie,NEC Nijmegen,Twente,1X2 / Match Winner,Draw,3.8,,,WON,
2025-10-18T14:30:00+00:00,First League,Jedinstvo,Mladost DG,Double Chance,Draw/Away,1.5,,,WON,
2025-10-18T14:30:00+00:00,First League,Ludogorets,Spartak Varna,Over/Under Goals,Under 3.5,1.67,,,WON,
2025-10-18T14:30:00+00:00,Liga I,Universitatea Craiova,Unirea Slobozia,Asian Handicap,Away -1.25,1.63,,,LOST,
2025-10-18T14:30:00+00:00,Persian Gulf Pro League,Shams Azar Qazvin,Fajr Sepasi,Over/Under Goals,Under 3.5,1.15,,,WON,
2025-10-18T14:30:00+00:00,Persian Gulf Pro League,ZOB Ahan,Foolad FC,Over/Under Goals,Under 2.5,1.48,,,WON,
2025-10-18T14:30:00+00:00,Premier League,Dinamo Makhachkala,FC Krasnodar,Over/Under Goals,Under 3.5,1.23,,,WON,
2025-10-18T14:30:00+00:00,Regionalliga - Ost,Leobendorf,Gloggnitz,Over/Under Goals,Under 3.5,1.48,,,WON,
2025-10-18T14:40:00+00:00,Premier League,Al Fahaheel,Al Nasar,Over/Under Goals,Under 3.5,1.57,,,WON,
2025-10-18T14:45:00+00:00,Pro League,Al-Ettifaq,Al-Hilal Saudi FC,Over/Under Goals,Over 1.5,1.16,,,WON,
2025-10-18T15:00:00+00:00,1. Deild,AB,B71,Over/Under Goals,Over 2.5,1.68,,,WON,
2025-10-18T15:00:00+00:00,1. Liga Promotion,Grand-Saconnex,Biel-Bienne,Over/Under Goals,Over 2.5,1.5,,,WON,
2025-10-18T15:00:00+00:00,A Lyga,FK Trakai,Hegelmann Litauen,Over/Under Goals,Under 3.5,1.81,,,WON,
2025-10-18T15:00:00+00:00,Botola Pro,Olympique Dcheïra,CR Khemis Zemamra,Over/Under Goals,Under 3.5,1.22,,,WON,
2025-10-18T15:00:00+00:00,Feminine Division 1,Paris FC W,Marseille W,BTTS,Yes,1.46,,,WON,
2025-10-18T15:00:00+00:00,First League,Petrovac,Sutjeska,Over/Under Goals,Under 3.5,1.21,,,WON,
2025-10-18T15:00:00+00:00,III Liga - Group 4,Star Starachowice,Chełmianka Chełm,Over/Under Goals,Under 3.5,1.54,,,WON,
2025-10-18T15:00:00+00:00,Ligue 1,Nice,Lyon,Over/Under Goals,Over 1.5,1.25,,,WON,
2025-10-18T15:00:00+00:00,Premier League,FC Noah,FC Urartu,Over/Under Goals,Under 3.5,1.42,,,WON,
2025-10-18T15:00:00+00:00,Premier League,Polessya,Shakhtar Donetsk,Team Total Goals,Over 0.5,1.18,,,LOST,
2025-10-18T15:00:00+00:00,Second League,Etar Veliko Tarnovo,Belasitsa,Over/Under Goals,Under 2.5,1.5,,,LOST,
2025-10-18T15:00:00+00:00,Super Liga,Javor,Radnik Surdulica,Over/Under Goals,Over 1.5,1.3,,,WON,
2025-10-18T15:00:00+00:00,Superettan,Falkenbergs FF,Orgryte IS,Over/Under Goals,Over 1.5,1.2,,,WON,
2025-10-18T15:00:00+00:00,Superliga,Egnatia Rrogozhinë,Dinamo Tirana,Over/Under Goals,Under 2.5,1.57,,,WON,
2025-10-18T15:00:00+00:00,Superliga,Tirana,Teuta Durrës,Double Chance,Draw/Away,1.73,,,WON,
2025-10-18T15:00:00+00:00,Tipp3 Bundesliga,WSG Wattens,Austria Vienna,Over/Under Goals,Over 1.5,1.28,,,WON,
2025-10-18T15:00:00+00:00,Tipp3 Bundesliga,Wolfsberger AC,Ried,Over/Under Goals,Under 3.5,1.28,,,WON,
2025-10-18T15:15:00+00:00,Pro League,Al Akhdoud,Al-Hazm,Over/Under Goals,Under 3.5,1.28,,,WON,
2025-10-18T15:15:00+00:00,Serie B,Juve Stabia,Avellino,Over/Under Goals,Under 3.5,1.18,,,WON,
2025-10-18T15:20:00+00:00,Professional League,Smail,Al-Rustaq,Double Chance,Home/Draw,1.55,,,WON,
2025-10-18T15:25:00+00:00,A Lyga,Džiugas Telšiai,Suduva Marijampole,Over/Under Goals,Under 3.5,1.44,,,WON,
2025-10-18T15:30:00+00:00,1. Liga Promotion,SC Kriens,Zürich II,Over/Under Goals,Over 2.5,1.28,,,WON,
2025-10-18T15:30:00+00:00,1. Liga Promotion,Vevey Sports,Brühl,Over/Under Goals,Under 3.5,1.68,,,WON,
2025-10-18T15:30:00+00:00,Allsvenskan,BK Hacken,Sirius,Over/Under Goals,Over 2.5,1.42,,,LOST,
2025-10-18T15:30:00+00:00,Ekstraklasa,Jagiellonia,Arka Gdynia,Over/Under Goals,Under 3.5,1.4,,,LOST,
2025-10-18T15:30:00+00:00,Premier Soccer League,Magesi,TS Galaxy,Double Chance,Draw/Away,1.42,,,LOST,
2025-10-18T15:30:00+00:00,Primera B,Curico Unido,Santiago Wanderers,Over/Under Goals,Under 3.5,1.18,,,WON,
2025-10-18T15:30:00+00:00,Primera B,San Marcos de Arica,Union San Felipe,Over/Under Goals,Under 2.5,1.62,,,WON,
2025-10-18T15:45:00+00:00,Pro League,Ajman,Khorfakkan,Asian Handicap,Home +0,1.67,,,LOST,
2025-10-18T15:45:00+00:00,Pro League,Al-Wasl FC,Al Nasr,Over/Under Goals,Under 3.5,1.5,,,WON,
2025-10-18T15:45:00+00:00,Segunda División,La Luz,Oriental,Over/Under Goals,Under 3.5,1.22,,,WON,
2025-10-18T16:00:00+00:00,1. Division,Anorthosis,Akritas,Asian Handicap,Away -1.25,1.55,,,WON,
2025-10-18T16:00:00+00:00,1. Division,Apollon Limassol,Omonia Aradippou,Over/Under Goals,Under 3.5,1.22,,,WON,
2025-10-18T16:00:00+00:00,1. Division,Enosis,AEK Larnaca,Over/Under Goals,Under 3.5,1.3,,,WON,
2025-10-18T16:00:00+00:00,Czech Liga,Slavia Praha,Zlin,Over/Under Goals,Over 1.5,1.16,,,LOST,
2025-10-18T16:00:00+00:00,First League,Buducnost Podgorica,Arsenal Tivat,1X2 / Match Winner,Home,1.57,,,WON,
2025-10-18T16:00:00+00:00,First League,Mornar,Dečić,Double Chance,Home/Draw,1.4,,,WON,
2025-10-18T16:00:00+00:00,National 2 - Group A,Bordeaux,La Roche VF,Double Chance,Draw/Away,1.44,,,LOST,
2025-10-18T16:00:00+00:00,National 2 - Group B,Haguenau,Chantilly,Double Chance,Draw/Away,1.67,,,WON,
2025-10-18T16:00:00+00:00,National 2 - Group B,Wasquehal,Blois,Over/Under Goals,Under 2.5,1.53,,,LOST,
2025-10-18T16:00:00+00:00,National 2 - Group C,Toulon,Hyères,Double Chance,Draw/Away,1.55,,,WON,
2025-10-18T16:00:00+00:00,Premier League,Al-Hidd,Al Najma,Team Total Goals,Under 2.5,1.18,,,LOST,
2025-10-18T16:00:00+00:00,Prva HNL,Dinamo Zagreb,NK Osijek,Over/Under Goals,Over 1.5,1.22,,,WON,
2025-10-18T16:00:00+00:00,Regionalliga - Nord,BW Lohne,Eintracht Norderstedt,Double Chance,Draw/Away,1.55,,,WON,
2025-10-18T16:00:00+00:00,Regionalliga - Nord,Kickers Emden,SSV Jeddeloh,Double Chance,Draw/Away,1.43,,,WON,
2025-10-18T16:00:00+00:00,Regionalliga - West,Wuppertaler SV,Bochum II,Asian Handicap,Home +0.25,1.5,,,WON,
2025-10-18T16:00:00+00:00,Serie A,Torino,Napoli,Over/Under Goals,Under 3.5,1.25,,,WON,
2025-10-18T16:00:00+00:00,Super League,FC Basel 1893,FC Winterthur,BTTS,Yes,1.55,,,LOST,
2025-10-18T16:00:00+00:00,Super League,FC Thun,Servette FC,Over/Under Goals,Over 1.5,1.17,,,WON,
2025-10-18T16:00:00+00:00,Super Liga,Spartak Trnava,Slovan Bratislava,BTTS,Yes,1.45,,,LOST,
2025-10-18T16:00:00+00:00,Super Liga,Vojvodina,Radnicki 1923,Asian Handicap,Away -1.25,1.42,,,LOST,
2025-10-18T16:00:00+00:00,TFF 1. Lig,Hatayspor,Yeni Çorumspor,Over/Under Goals,Over 1.5,1.17,,,WON,
2025-10-18T16:05:00+00:00,Primera C,Central Cordoba,Deportivo Español,Double Chance,Home/Draw,1.17,,,LOST,
2025-10-18T16:15:00+00:00,Jupiler Pro League,OH Leuven,Club Brugge KV,Over/Under Goals,Over 1.5,1.2,,,LOST,
2025-10-18T16:15:00+00:00,Ligat Ha'al,Bnei Sakhnin,Ironi Tiberias,Double Chance,Home/Draw,1.42,,,WON,
2025-10-18T16:15:00+00:00,Ligat Ha'al,Hapoel Petah Tikva,Hapoel Katamon,Double Chance,Home/Draw,1.2,,,WON,
2025-10-18T16:30:00+00:00,Bundesliga 1,Bayern München,Borussia Dortmund,BTTS,Yes,1.5,,,WON,
2025-10-18T16:30:00+00:00,La Liga,Villarreal,Real Betis,Over/Under Goals,Over 1.5,1.22,,,WON,
2025-10-18T16:30:00+00:00,League One,Peterhead,Queen of the South,Double Chance,Draw/Away,1.5,,,LOST,
2025-10-18T16:30:00+00:00,Ligat Ha'al,Ironi Kiryat Shmona,Hapoel Beer Sheva,Result + Total Goals,Away/Over 1.5,1.5,,,LOST,
2025-10-18T16:30:00+00:00,Ligat Ha'al,Maccabi Bnei Raina,Hapoel Haifa,Double Chance,Draw/Away,1.42,,,WON,
2025-10-18T16:30:00+00:00,NWSL Women,Washington Spirit W,Orlando Pride W,Over/Under Goals,Under 3.5,1.3,,,LOST,
2025-10-18T16:30:00+00:00,National Division,Racing FC Union Luxembourg,UNA Strassen,Double Chance,Draw/Away,1.44,,,WON,
2025-10-18T16:30:00+00:00,National League,Carlisle,Forest Green,Double Chance,Home/Draw,1.4,,,WON,
2025-10-18T16:30:00+00:00,National League,Sutton Utd,Hartlepool,1X2 / Match Winner,Draw,3.6,,,WON,
2025-10-18T16:30:00+00:00,Premier League,Fulham,Arsenal,Over/Under Goals,Under 3.5,1.33,,,WON,
2025-10-18T16:30:00+00:00,Premijer Liga,Radnik Bijeljina,FK Sarajevo,Over/Under Goals,Under 3.5,1.41,,,LOST,
2025-10-18T16:30:00+00:00,Premijer Liga,Zeljeznicar Sarajevo,Posušje,Over/Under Goals,Under 3.5,1.23,,,WON,
2025-10-18T16:30:00+00:00,Primera División Femenina,Edf Logrono W,Espanyol W,Over/Under Goals,Under 2.5,1.57,,,WON,
2025-10-18T16:30:00+00:00,Segunda Division,Zaragoza,Cultural Leonesa,Over/Under Goals,Under 3.5,1.28,,,LOST,
2025-10-18T16:30:00+00:00,Super League 1,Atromitos,Levadiakos,Double Chance,Draw/Away,1.5,,,WON,
2025-10-18T16:30:00+00:00,Super Liga,TSC Backa Topola,FK Partizan,Over/Under Goals,Under 3.5,1.5,,,WON,
2025-10-18T16:30:00+00:00,Tercera División RFEF - Group 18,Villarrubia,Illescas,Over/Under Goals,Under 3.5,1.2,,,LOST,
2025-10-18T16:45:00+00:00,Eredivisie,PSV Eindhoven,GO Ahead Eagles,BTTS,Yes,1.5,,,WON,
2025-10-18T16:45:00+00:00,Eredivisie,Utrecht,FC Volendam,Over/Under Goals,Under 3.5,1.57,,,LOST,
2025-10-18T16:45:00+00:00,Premier League,Lokomotiv,CSKA Moscow,BTTS,Yes,1.64,,,LOST,
2025-10-18T16:45:00+00:00,Premiership,Kilmarnock,Heart Of Midlothian,Over/Under Goals,Over 1.5,1.28,,,WON,
2025-10-18T16:45:00+00:00,Primera B Metropolitana,Sportivo Italiano,Comunicaciones,Over/Under Goals,Under 2.5,1.5,,,LOST,
2025-10-18T16:55:00+00:00,Premier League,Al Qadsia,Kazma,Over/Under Goals,Under 3.5,1.4,,,WON,
2025-10-18T17:00:00+00:00,III Liga - Group 2,Zawisza Bydgoszcz,Elana Toruń,Over/Under Goals,Under 3.5,1.65,,,WON,
2025-10-18T17:00:00+00:00,Liga Nacional,Aurora,Achuapa,Over/Under Goals,Under 3.5,1.25,,,WON,
2025-10-18T17:00:00+00:00,Ligat Ha'al,Maccabi Haifa,Maccabi Netanya,1X2 / Match Winner,Home,1.53,,,LOST,
2025-10-18T17:00:00+00:00,Ligue 1,Angers,Monaco,Over/Under Goals,Under 3.5,1.5,,,WON,
2025-10-18T17:00:00+00:00,Ligue 1,MC Oran,JS Saoura,Over/Under Goals,Under 3.5,1.17,,,WON,
2025-10-18T17:00:00+00:00,National 2 - Group A,Bayonne,Lorient II,Double Chance,Draw/Away,1.6,,,LOST,
2025-10-18T17:00:00+00:00,Premier League,Ismaily SC,Haras El Hodood,Double Chance,Draw/Away,1.42,,,LOST,
2025-10-18T17:00:00+00:00,Regionalliga - Mitte,St. Anna,Gleisdorf 09,Double Chance,Home/Draw,1.44,,,LOST,
2025-10-18T17:00:00+00:00,Super League 1,Panetolikos,OFI,Over/Under Goals,Under 3.5,1.22,,,LOST,
2025-10-18T17:00:00+00:00,Super Lig,Istanbul Basaksehir,Galatasaray,Over/Under Goals,Under 3.5,1.55,,,WON,
2025-10-18T17:15:00+00:00,Second League,Yantra 2019,Lokomotiv G. Oryahovitsa,Over/Under Goals,Under 3.5,1.17,,,LOST,
2025-10-18T17:23:00+00:00,III Liga - Group 1,Lechia T. Mazowiecki,Wisła Płock II,Over/Under Goals,Under 3.5,1.48,,,LOST,
2025-10-18T17:30:00+00:00,1a Divisió,Ranger's,Atlètic Club d'Escaldes,Double Chance,Home/Draw,1.6,,,WON,
2025-10-18T17:30:00+00:00,I Liga,Chrobry Głogów,Polonia Warszawa,Double Chance,Home/Draw,1.57,,,WON,
2025-10-18T17:30:00+00:00,I Liga,Stal Rzeszów,ŁKS Łódź,Double Chance,Home/Draw,1.7,,,LOST,
2025-10-18T17:30:00+00:00,I Liga,Tychy 71,Wieczysta Kraków,Over/Under Goals,Under 3.5,1.48,,,LOST,
2025-10-18T17:30:00+00:00,Liga I,Metaloglobus,FCSB,Over/Under Goals,Under 3.5,1.3,,,WON,
2025-10-18T17:30:00+00:00,Serie B,Spezia,Cesena,Double Chance,Draw/Away,1.65,,,WON,
2025-10-18T18:00:00+00:00,1. Liga Promotion,Lausanne Sport II,Paradiso,Double Chance,Home/Draw,1.4,,,WON,
2025-10-18T18:00:00+00:00,1. Liga,Ogre United,JDFS Alberts,Double Chance,Home/Draw,1.5,,,WON,
2025-10-18T18:00:00+00:00,CAF Confederation Cup,Olympique Safi,Stade Tunisien,Over/Under Goals,Under 2.5,1.57,,,WON,
2025-10-18T18:00:00+00:00,Challenger Pro League,KAA Gent II,Kortrijk,Over/Under Goals,Under 3.5,1.36,,,LOST,
2025-10-18T18:00:00+00:00,Challenger Pro League,RSC Anderlecht II,Lommel United,Over/Under Goals,Under 3.5,1.53,,,LOST,
2025-10-18T18:00:00+00:00,Challenger Pro League,RWDM,Club Brugge II,Over/Under Goals,Over 1.5,1.17,,,WON,
2025-10-18T18:00:00+00:00,Erste Liga,Sturm Graz II,First Vienna,Over/Under Goals,Under 3.5,1.42,,,WON,
2025-10-18T18:00:00+00:00,Ligue 2,Saint Etienne,Le Mans,1X2 / Match Winner,Home,1.63,,,LOST,
2025-10-18T18:00:00+00:00,Primera Division,Cultural Santa Rosa,Juan Pablo II College,Over/Under Goals,Under 3.5,1.3,,,WON,
2025-10-18T18:00:00+00:00,Primera Division,D. La Serena,Nublense,Double Chance,Draw/Away,1.42,,,WON,
2025-10-18T18:00:00+00:00,Pro League,Al-Nassr,Al-Fateh,1X2 / Match Winner,Home,1.23,,,WON,
2025-10-18T18:15:00+00:00,1. SNL,Celje,Olimpija Ljubljana,BTTS,Yes,1.5,,,LOST,
2025-10-18T18:15:00+00:00,Ekstraklasa,Cracovia Krakow,Raków Częstochowa,Over/Under Goals,Under 3.5,1.22,,,WON,
2025-10-18T18:30:00+00:00,Bundesliga 2,VfL Bochum,Hertha BSC,Over/Under Goals,Under 3.5,1.57,,,LOST,
2025-10-18T18:30:00+00:00,NB I,Gyori ETO FC,Diosgyori VTK,Over/Under Goals,Under 3.5,1.62,,,LOST,
2025-10-18T18:30:00+00:00,Primera B Metropolitana,Dock Sud,Deportivo Merlo,BTTS,No,1.53,,,LOST,
2025-10-18T18:30:00+00:00,Primera B Metropolitana,Villa San Carlos,Sacachispas,Over/Under Goals,Under 2.5,1.53,,,LOST,
2025-10-18T18:30:00+00:00,Primera C,Berazategui,Leandro N. Alem,Over/Under Goals,Under 3.5,1.2,,,WON,
2025-10-18T18:30:00+00:00,Primera C,Centro Español,Yupanqui,Over/Under Goals,Under 3.5,1.17,,,LOST,
2025-10-18T18:30:00+00:00,Primera División - Clausura,Atletico Torque,Cerro,Over/Under Goals,Under 3.5,1.28,,,WON,
2025-10-18T18:30:00+00:00,Super League,FC Lugano,FC Zurich,Over/Under Goals,Over 1.5,1.2,,,LOST,
2025-10-18T18:45:00+00:00,Championship,Leicester,Portsmouth,Over/Under Goals,Under 3.5,1.3,,,WON,
2025-10-18T18:45:00+00:00,Jupiler Pro League,Union St. Gilloise,Charleroi,Over/Under Goals,Over 1.5,1.22,,,WON,
2025-10-18T18:45:00+00:00,Primera Division,Independ. Rivadavia,Banfield,Over/Under Goals,Under 2.5,1.5,,,LOST,
2025-10-18T18:45:00+00:00,Serie A,AS Roma,Inter,Over/Under Goals,Under 3.5,1.25,,,WON,
2025-10-18T19:00:00+00:00,Botola Pro,Maghreb Fès,UTS Rabat,1X2 / Match Winner,Draw,3.4,,,LOST,
2025-10-18T19:00:00+00:00,Eredivisie,Ajax,AZ Alkmaar,Over/Under Goals,Over 1.5,1.18,,,WON,
2025-10-18T19:00:00+00:00,Eredivisie,NAC Breda,PEC Zwolle,Asian Handicap,Home +0.25,1.45,,,WON,
2025-10-18T19:00:00+00:00,La Liga,Atletico Madrid,Osasuna,Over/Under Goals,Over 1.5,1.28,,,LOST,
2025-10-18T19:00:00+00:00,Primera A,Deportivo Pasto,Atletico Nacional,Over/Under Goals,Under 3.5,1.22,,,LOST,
2025-10-18T19:00:00+00:00,Primera B Metropolitana,Midland,Liniers,Over/Under Goals,Under 3.5,1.17,,,WON,
2025-10-18T19:00:00+00:00,Primera B,Leones FC,Depor FC,Double Chance,Draw/Away,1.5,,,LOST,
2025-10-18T19:00:00+00:00,Primera División,Blooming,Bolívar,Over/Under Goals,Under 3.5,1.57,,,WON,
2025-10-18T19:00:00+00:00,Serie B,Atletico Goianiense,Vila Nova,Over/Under Goals,Over 1.5,1.5,,,LOST,
2025-10-18T19:00:00+00:00,World Cup - U20,Colombia U20,France U20,Double Chance,Home/Draw,1.57,,,WON,
2025-10-18T19:05:00+00:00,Ligue 1,Marseille,Le Havre,Over/Under Goals,Over 1.5,1.2,,,WON,
2025-10-18T19:15:00+00:00,Úrvalsdeild,Breidablik,Vikingur Reykjavik,Team Total Goals,Over 0.5,1.22,,,WON,
2025-10-18T20:00:00+00:00,Canadian Premier League,Forge,York United,1X2 / Match Winner,Draw,3.59,,,LOST,
2025-10-18T20:00:00+00:00,Canadian Premier League,HFX Wanderers FC,Atlético Ottawa,Double Chance,Home/Draw,1.44,,,LOST,
2025-10-18T20:00:00+00:00,Canadian Premier League,Pacific FC,Valour,Over/Under Goals,Under 3.5,1.4,,,LOST,
2025-10-18T20:00:00+00:00,Canadian Premier League,Vancouver FC,Cavalry FC,1X2 / Match Winner,Draw,4.18,,,WON,
2025-10-18T20:00:00+00:00,Primera División,Metropolitanos FC,Deportivo Tachira FC,Over/Under Goals,Under 3.5,1.25,,,WON,
2025-10-18T20:00:00+00:00,Serie C,Londrina,Ponte Preta,Over/Under Goals,Under 2.5,1.44,,,WON,
2025-10-18T20:15:00+00:00,Primera Division,Comerciantes Unidos,Alianza Atletico,Over/Under Goals,Under 3.5,1.2,,,WON,
2025-10-18T20:30:00+00:00,Division Profesional - Clausura,Libertad Asuncion,Sportivo Ameliano,Over/Under Goals,Under 3.5,1.25,,,WON,
2025-10-18T20:30:00+00:00,Liga Pro,Mushuc Runa SC,Cuniburo,Asian Handicap,Home +0,1.42,,,WON,
2025-10-18T20:30:00+00:00,Primera Division,Deportes Limache,Cobresal,Over/Under Goals,Under 3.5,1.33,,,WON,
2025-10-18T21:00:00+00:00,Liga Nacional,Génesis,CD Marathon,Double Chance,Draw/Away,1.17,,,WON,
2025-10-18T21:00:00+00:00,Liga Nacional,Mictlán,Antigua GFC,Over/Under Goals,Under 3.5,1.2,,,WON,
2025-10-18T21:00:00+00:00,Primera Division,Boca Juniors,Belgrano Cordoba,Asian Handicap,Away -1.25,1.5,,,WON,
2025-10-18T21:00:00+00:00,Segunda División,Marítimo,Dinamo de Puerto La Cruz,Double Chance,Home/Draw,1.17,,,WON,
2025-10-18T21:00:00+00:00,USL League One,Portland Hearts of Pine,Westchester SC,Over/Under Goals,Under 3.5,1.4,,,LOST,
2025-10-18T21:10:00+00:00,Primera A,Rionegro Aguilas,Alianza Petrolera,Over/Under Goals,Over 1.5,1.42,,,LOST,
2025-10-18T21:30:00+00:00,Serie A,Corinthians,Atletico-MG,Over/Under Goals,Under 3.5,1.15,,,WON,
2025-10-18T21:30:00+00:00,Serie B,America Mineiro,CRB,Over/Under Goals,Under 3.5,1.22,,,WON,
2025-10-18T22:00:00+00:00,Liga Pro Serie B,Guayaquil City FC,9 de Octubre,Over/Under Goals,Under 2.5,1.75,,,WON,
2025-10-18T22:00:00+00:00,Major League Soccer,Atlanta United FC,DC United,Over/Under Goals,Under 3.5,1.62,,,WON,
2025-10-18T22:00:00+00:00,Major League Soccer,Charlotte,Philadelphia Union,Over/Under Goals,Under 3.5,1.55,,,WON,
2025-10-18T22:00:00+00:00,Major League Soccer,Columbus Crew,New York Red Bulls,1X2 / Match Winner,Draw,4.45,,,LOST,
2025-10-18T22:00:00+00:00,Major League Soccer,FC Cincinnati,CF Montreal,Over/Under Goals,Under 3.5,1.7,,,WON,
2025-10-18T22:00:00+00:00,Major League Soccer,Nashville SC,Inter Miami,Double Chance,Draw/Away,1.57,,,WON,
2025-10-18T22:00:00+00:00,Major League Soccer,New England Revolution,Chicago Fire,Double Chance,Draw/Away,1.42,,,WON,
2025-10-18T22:00:00+00:00,Major League Soccer,New York City FC,Seattle Sounders,Double Chance,Draw/Away,1.67,,,WON,
2025-10-18T22:00:00+00:00,Major League Soccer,Toronto FC,Orlando City SC,1X2 / Match Winner,Draw,4.14,,,LOST,
2025-10-18T22:00:00+00:00,Primera B Metropolitana,Real Pilar,San Martín Burzaco,Over/Under Goals,Under 2.5,1.45,,,LOST,
2025-10-18T22:00:00+00:00,USL Championship,Charleston Battery,Detroit City,Over/Under Goals,Under 3.5,1.4,,,WON,
2025-10-18T23:00:00+00:00,Division Profesional - Clausura,Club Guarani,Deportivo Recoleta,Over/Under Goals,Under 3.5,1.33,,,WON,
2025-10-18T23:00:00+00:00,Liga MX,FC Juarez,Pachuca,Over/Under Goals,Over 1.5,1.33,,,WON,
2025-10-18T23:00:00+00:00,Liga MX,Santos Laguna,Leon,Asian Handicap,Home +0.5,1.62,,,WON,
2025-10-18T23:00:00+00:00,Liga MX,Toluca,Club Queretaro,Team Total Goals,Over 1.5,1.2,,,WON,
2025-10-18T23:00:00+00:00,Liga Pro,Delfin SC,Macara,Over/Under Goals,Under 3.5,1.18,,,LOST,
2025-10-18T23:00:00+00:00,Primera Division,Cienciano,Cusco,Over/Under Goals,Under 3.5,1.33,,,WON,
2025-10-18T23:00:00+00:00,Primera División,Puntarenas FC,CS Cartagines,Over/Under Goals,Under 3.5,1.16,,,WON,
2025-10-18T23:00:00+00:00,USL Championship,Indy Eleven,Loudoun United,Over/Under Goals,Under 3.5,1.44,,,WON,
2025-10-18T23:00:00+00:00,USL Championship,North Carolina,Rhode Island,Over/Under Goals,Under 3.5,1.3,,,WON,
2025-10-18T23:00:00+00:00,USL League One,Greenville Triumph,Tormenta,Over/Under Goals,Under 3.5,1.44,,,LOST,
2025-10-18T23:00:00+00:00,USL League One,Naples,Spokane Velocity,Over/Under Goals,Under 3.5,1.28,,,WON,
2025-10-18T23:00:00+00:00,USL League One,Union Omaha,Forward Madison,Over/Under Goals,Under 3.5,1.46,,,LOST,
2025-10-18T23:15:00+00:00,Liga Panameña de Fútbol,Deportivo Universitario,San Francisco FC,Over/Under Goals,Under 2.5,1.6,,,WON,
2025-10-18T23:20:00+00:00,Primera A,Junior,Deportivo Pereira,Double Chance,Home/Draw,1.15,,,WON,
2025-10-18T23:30:00+00:00,NWSL Women,Houston Dash W,Kansas City W,Over/Under Goals,Under 3.5,1.33,,,WON,
2025-10-18T23:30:00+00:00,Primera Division,Talleres Cordoba,River Plate,Asian Handicap,Home +0.5,1.57,,,LOST,
2025-10-18T23:30:00+00:00,Serie B,remo,Athletic Club,Over/Under Goals,Under 3.5,1.18,,,LOST,
2025-10-18T23:30:00+00:00,USL Championship,Tampa Bay Rowdies,Hartford Athletic,Over/Under Goals,Over 1.5,1.25,,,WON,
2025-10-19T00:00:00+00:00,Liga Premier Serie A,Gavilanes FC Matamoros,Ciervos,Over/Under Goals,Under 3.5,1.27,,,WON,
2025-10-19T00:00:00+00:00,Liga Premier Serie B,Deportivo Ayense,Dragones de Oaxaca,Team Total Goals,Under 2.5,1.19,,,WON,
2025-10-19T00:00:00+00:00,Liga de Expansión MX,Atlante FC,Venados FC,Over/Under Goals,Under 3.5,1.48,,,WON,
2025-10-19T00:00:00+00:00,Liga de Expansión MX,Irapuato,Monarcas,Over/Under Goals,Under 3.5,1.4,,,WON,
2025-10-19T00:00:00+00:00,Serie A,Cruzeiro,Fortaleza EC,Over/Under Goals,Under 3.5,1.25,,,WON,
2025-10-19T00:00:00+00:00,USL Championship,Colorado Springs,Las Vegas Lights,Asian Handicap,Away -1.25,1.65,,,WON,
2025-10-19T00:15:00+00:00,Segunda División,Tacuarembo,Albion FC,Double Chance,Home/Draw,1.44,,,WON,
2025-10-19T00:30:00+00:00,Primera División,Caracas FC,Carabobo FC,Over/Under Goals,Under 2.5,1.4,,,WON,
2025-10-19T01:00:00+00:00,Liga MX,Monterrey,U.N.A.M. - Pumas,Over/Under Goals,Over 1.5,1.25,,,WON,
2025-10-19T01:00:00+00:00,Liga Premier Serie A,Lobos ULMX,Deportivo Zap,Over/Under Goals,Under 3.5,1.17,,,WON,
2025-10-19T01:00:00+00:00,Liga de Expansión MX,CDS Tampico Madero,CA La Paz,Over/Under Goals,Over 1.5,1.15,,,WON,
2025-10-19T01:00:00+00:00,Major League Soccer,Colorado Rapids,Los Angeles FC,Over/Under Goals,Under 3.5,1.62,,,LOST,
2025-10-19T01:00:00+00:00,Major League Soccer,Los Angeles Galaxy,Minnesota United FC,Over/Under Goals,Over 1.5,1.18,,,WON,
2025-10-19T01:00:00+00:00,Major League Soccer,Portland Timbers,San Diego,1X2 / Match Winner,Draw,3.9,,,LOST,
2025-10-19T01:00:00+00:00,Major League Soccer,San Jose Earthquakes,Austin,BTTS,Yes,1.44,,,WON,
2025-10-19T01:00:00+00:00,Major League Soccer,Sporting Kansas City,Houston Dynamo,Over/Under Goals,Over 1.5,1.17,,,LOST,
2025-10-19T01:00:00+00:00,Major League Soccer,St. Louis City,Real Salt Lake,BTTS,Yes,1.38,,,WON,
2025-10-19T01:00:00+00:00,Major League Soccer,Vancouver Whitecaps,FC Dallas,Over/Under Goals,Over 2.5,1.48,,,WON,
2025-10-19T01:00:00+00:00,Primera Nacional,Gimnasia Y Tiro,Estudiantes de Rio Cuarto,Asian Handicap,Home +0.25,1.4,,,WON,
2025-10-19T01:00:00+00:00,USL Championship,El Paso Locomotive,FC Tulsa,1X2 / Match Winner,Draw,3.56,,,WON,
2025-10-19T01:07:00+00:00,Liga MX,Guadalajara Chivas,Mazatlán,Over/Under Goals,Over 1.5,1.2,,,WON,
2025-10-19T01:30:00+00:00,Liga Nacional,Real Espana,Atlético Choloma,Over/Under Goals,Over 1.5,1.2,,,WON,
2025-10-19T01:30:00+00:00,Liga Panameña de Fútbol,CD Arabe Unido,UMECIT,1X2 / Match Winner,Draw,3.1,,,WON,
2025-10-19T01:30:00+00:00,Primera A,Deportivo Cali,America de Cali,1X2 / Match Winner,Draw,3.2,,,LOST,
2025-10-19T02:00:00+00:00,Australian Championship,Sydney Olympic,Broadmeadow Magic,Team Total Goals,Under 2.5,1.5,,,WON,
2025-10-19T02:00:00+00:00,NWSL Women,San Diego Wave W,Chicago Red Stars W,Team Total Goals,Under 2.5,1.45,,,LOST,
2025-10-19T02:00:00+00:00,USL Championship,Monterey Bay,Pittsburgh Riverhounds,Over/Under Goals,Under 3.5,1.22,,,WON,
2025-10-19T02:00:00+00:00,USL Championship,Orange County SC,Louisville City,Over/Under Goals,Under 3.5,1.33,,,WON,
2025-10-19T02:00:00+00:00,USL Championship,Phoenix Rising,San Antonio,Over/Under Goals,Under 3.5,1.36,,,WON,
2025-10-19T03:05:00+00:00,Liga MX,Cruz Azul,Club America,Over/Under Goals,Over 1.5,1.25,,,WON,
2025-10-19T03:55:00+00:00,J2 League,Kataller Toyama,Consadole Sapporo,Over/Under Goals,Under 3.5,1.33,,,WON,
2025-10-19T04:00:00+00:00,A-League,Central Coast Mariners,Newcastle Jets,Over/Under Goals,Over 1.5,1.18,,,WON,
2025-10-19T04:00:00+00:00,J2 League,Imabari,Renofa Yamaguchi,Over/Under Goals,Under 3.5,1.22,,,WON,
2025-10-19T04:00:00+00:00,J3 League,Vanraure Hachinohe,Tochigi SC,Over/Under Goals,Under 2.5,1.57,,,WON,
2025-10-19T05:00:00+00:00,J2 League,Montedio Yamagata,Roasso Kumamoto,Asian Handicap,Home +0.25,1.45,,,WON,
2025-10-19T05:00:00+00:00,J2 League,Oita Trinita,Vegalta Sendai,Over/Under Goals,Under 2.5,1.5,,,WON,
2025-10-19T05:00:00+00:00,J3 League,Azul Claro Numazu,Osaka,Over/Under Goals,Under 3.5,1.2,,,WON,
2025-10-19T05:00:00+00:00,J3 League,Kamatamare Sanuki,Kitakyushu,Over/Under Goals,Under 3.5,1.21,,,LOST,
2025-10-19T05:00:00+00:00,J3 League,Kanazawa,FC Gifu,Over/Under Goals,Over 1.5,1.26,,,WON,
2025-10-19T05:00:00+00:00,J3 League,Sagamihara,Matsumoto Yamaga,Over/Under Goals,Under 3.5,1.19,,,WON,
2025-10-19T05:00:00+00:00,J3 League,Tegevajaro Miyazaki,Tochigi City,Over/Under Goals,Over 1.5,1.28,,,WON,
2025-10-19T05:00:00+00:00,K League 2,Ansan Greeners,Incheon United,Over/Under Goals,Under 3.5,1.25,,,WON,
2025-10-19T05:00:00+00:00,K League 2,Asan Mugunghwa,Gimpo Citizen,Over/Under Goals,Under 3.5,1.22,,,WON,
2025-10-19T05:00:00+00:00,K League 2,Gyeongnam FC,Seongnam FC,Over/Under Goals,Under 3.5,1.28,,,WON,
2025-10-19T05:00:00+00:00,K League 2,Seoul E-Land FC,Busan I Park,Over/Under Goals,Under 3.5,1.22,,,WON,
2025-10-19T05:00:00+00:00,K3 League,Jeonbuk Motors II,Yeoju Sejong,Over/Under Goals,Under 3.5,1.26,,,LOST,
2025-10-19T05:30:00+00:00,Australian Championship,Bayswater City,MetroStars,Over/Under Goals,Under 3.5,1.55,,,WON,
2025-10-19T05:30:00+00:00,Australian Championship,NWS Spirit,Avondale,Over/Under Goals,Under 3.5,1.42,,,LOST,
2025-10-19T05:30:00+00:00,Australian Championship,South Melbourne,Moreton City Excelsior,Over/Under Goals,Over 1.5,1.18,,,WON,
2025-10-19T06:00:00+00:00,J. League Div.1,Shonan Bellmare,Kyoto Sanga,Team Total Goals,Over 0.5,1.17,,,WON,
2025-10-19T07:00:00+00:00,First League,Enisey,Spartak Kostroma,Over/Under Goals,Under 3.5,1.16,,,WON,
2025-10-19T07:00:00+00:00,J2 League,Mito Hollyhock,JEF United Chiba,Asian Handicap,Home +0.25,1.52,,,LOST,
2025-10-19T07:00:00+00:00,Premier League,BC Rangers,Eastern,Asian Handicap,Home +1.25,1.44,,,WON,
2025-10-19T07:30:00+00:00,K League 2,Bucheon FC 1995,Cheonan City,Over/Under Goals,Under 3.5,1.36,,,WON,
2025-10-19T07:30:00+00:00,K League 2,Cheongju,Jeonnam Dragons,Over/Under Goals,Under 3.5,1.36,,,WON,
2025-10-19T07:30:00+00:00,K League 2,Hwaseong,Suwon Bluewings,Over/Under Goals,Under 3.5,1.42,,,LOST,
2025-10-19T07:30:00+00:00,League One,Shaanxi Union,Qingdao Red Lions,Over/Under Goals,Over 1.5,1.2,,,WON,
2025-10-19T07:30:00+00:00,Super League,Dalian Zhixing,Wuhan Three Towns,Asian Handicap,Away -1.25,1.48,,,WON,
2025-10-19T08:00:00+00:00,Liga II,Slatina,Bihor Oradea,Double Chance,Draw/Away,1.42,,,LOST,
2025-10-19T08:00:00+00:00,Second League - Group 4,Dinamo Barnaul,Amkar,Over/Under Goals,Under 3.5,1.62,,,LOST,
2025-10-19T08:15:00+00:00,3. liga - CFL A,Dukla Praha II,Admira Praha,Over/Under Goals,Under 3.5,1.46,,,LOST,
2025-10-19T08:15:00+00:00,3. liga - MSFL,Sigma Olomouc II,Karviná II,Team Total Goals,Under 2.5,1.58,,,WON,
2025-10-19T08:15:00+00:00,FNL,Slavia Praha II,Hanácká,Over/Under Goals,Under 3.5,1.53,,,WON,
2025-10-19T08:15:00+00:00,FNL,Viktoria Žižkov,Vlašim,Over/Under Goals,Under 3.5,1.44,,,WON,
2025-10-19T08:30:00+00:00,2. liga,Malženice,Žilina II,Asian Handicap,Home +0,1.55,,,WON,
2025-10-19T08:30:00+00:00,2. liga,Slovan Bratislava II,Šamorín,Over/Under Goals,Over 1.5,1.17,,,WON,
2025-10-19T08:30:00+00:00,3. liga - CFL A,Viktoria Plzeň II,Sokol Hostouň,1X2 / Match Winner,Home,1.3,,,LOST,
2025-10-19T08:30:00+00:00,3. liga - Center,Jednota Bánová,Fiľakovo,Over/Under Goals,Under 3.5,1.63,,,WON,
2025-10-19T08:30:00+00:00,Erste Liga,WSPG Wels,Rapid Wien II,Over/Under Goals,Over 1.5,1.2,,,WON,
2025-10-19T08:30:00+00:00,Liga 1,PSM Makassar,Arema FC,Over/Under Goals,Under 3.5,1.23,,,WON,
2025-10-19T08:30:00+00:00,Premier League,Hong Kong FC,Southern District,Over/Under Goals,Under 3.5,1.6,,,WON,
2025-10-19T09:00:00+00:00,2. liga,Slávia TU Košice,Lokomotíva Zvolen,Over/Under Goals,Under 3.5,1.43,,,WON,
2025-10-19T09:00:00+00:00,First League,Chelyabinsk,Arsenal Tula,Asian Handicap,Home +0.25,1.56,,,WON,
2025-10-19T09:00:00+00:00,National League,Ayeyawady United,Hantharwady United,Double Chance,Draw/Away,1.28,,,WON,
2025-10-19T09:00:00+00:00,Second League - Group 4,Nosta,Volna Nizhegorodskaya,Over/Under Goals,Under 3.5,1.23,,,WON,
2025-10-19T09:30:00+00:00,Esiliiga A,Tallinna Kalev II,Tartu Welco,Asian Handicap,Home +1.25,1.41,,,LOST,
2025-10-19T09:30:00+00:00,Persha Liga,Ahrobiznes Volochysk,Probiy Horodenka,Over/Under Goals,Under 3.5,1.22,,,WON,
2025-10-19T09:30:00+00:00,Segunda División RFEF - Group 5,Getafe II,SS Reyes,Double Chance,Draw/Away,1.44,,,LOST,
2025-10-19T10:00:00+00:00,2. Lig,Kastamonuspor 1966,Adana 1954 FK,Over/Under Goals,Under 3.5,1.23,,,WON,
2025-10-19T10:00:00+00:00,I Liga,Polonia Bytom,Odra Opole,Over/Under Goals,Under 3.5,1.36,,,WON,
2025-10-19T10:00:00+00:00,Júniores U19,Rio Ave U19,Sporting Braga U19,Double Chance,Home/Draw,1.67,,,LOST,
2025-10-19T10:00:00+00:00,Premier League,FC Slutsk,Molodechno-DYuSSh 4,Over/Under Goals,Under 3.5,1.28,,,LOST,
2025-10-19T10:00:00+00:00,Premier League,LNZ Cherkasy,Kolos Kovalivka,Asian Handicap,Home +0,1.62,,,WON,
2025-10-19T10:00:00+00:00,Premier League,Zhetysu,FK Tobol Kostanay,Over/Under Goals,Under 3.5,1.36,,,WON,
2025-10-19T10:00:00+00:00,Primera División Femenina,Deportivo de La Coruña W,Atletico Madrid W,Over/Under Goals,Under 3.5,1.33,,,WON,
2025-10-19T10:00:00+00:00,Primera División Femenina,Eibar W,Real Sociedad W,Over/Under Goals,Under 3.5,1.18,,,WON,
2025-10-19T10:00:00+00:00,Primera División RFEF - Group 1,Ourense CF,Real Madrid II,Double Chance,Home/Draw,1.5,,,LOST,
2025-10-19T10:00:00+00:00,Primera División RFEF - Group 1,Ponferradina,Zamora,Over/Under Goals,Under 3.5,1.2,,,WON,
2025-10-19T10:00:00+00:00,Primera División RFEF - Group 2,Atlético Madrid II,Juventud Torremolinos,Asian Handicap,Away -1.25,1.68,,,LOST,
2025-10-19T10:00:00+00:00,Primera División RFEF - Group 2,Gimnastic,Tarazona,Asian Handicap,Away -1.25,1.42,,,WON,
2025-10-19T10:00:00+00:00,Second League - Group 4,Akron II,Krylya Sovetov II,Asian Handicap,Home +0.25,1.43,,,WON,
2025-10-19T10:00:00+00:00,Segunda División RFEF - Group 5,Conquense,Navalcarnero,Over/Under Goals,Under 2.5,1.5,,,WON,
2025-10-19T10:00:00+00:00,Segunda División RFEF - Group 5,Intercity,Tenerife II,Over/Under Goals,Under 3.5,1.19,,,LOST,
2025-10-19T10:00:00+00:00,Segunda División RFEF - Group 5,Socuéllamos,Rayo Majadahonda,Over/Under Goals,Under 2.5,1.5,,,LOST,
2025-10-19T10:00:00+00:00,Segunda Liga,FC Porto B,Maritimo,Over/Under Goals,Under 3.5,1.25,,,WON,
2025-10-19T10:15:00+00:00,Ekstraklasa,Piast Gliwice,Lechia Gdansk,Over/Under Goals,Under 3.5,1.33,,,WON,
2025-10-19T10:15:00+00:00,Eredivisie,Telstar,Heerenveen,Over/Under Goals,Over 2.5,1.65,,,WON,
2025-10-19T10:30:00+00:00,2. Division - Group 2,Grorud,Rana,1X2 / Match Winner,Home,1.25,,,WON,
2025-10-19T10:30:00+00:00,Serie A,Como,Juventus,Over/Under Goals,Over 1.5,1.35,,,WON,
2025-10-19T10:30:00+00:00,Serie C - Girone B,Campobasso FC,Ternana,Asian Handicap,Home +0.5,1.65,,,LOST,
2025-10-19T10:30:00+00:00,Serie C - Girone C,Casertana,Siracusa,Over/Under Goals,Under 3.5,1.22,,,WON,
2025-10-19T10:30:00+00:00,TFF 1. Lig,Keçiörengücü,Sivasspor,Double Chance,Draw/Away,1.62,,,WON,
2025-10-19T11:00:00+00:00,2. Division - Group 2,Alta,Eidsvold,Double Chance,Draw/Away,1.44,,,WON,
2025-10-19T11:00:00+00:00,2. Division - Group 2,Ull/Kisa,Tromsdalen Uil,BTTS,Yes,1.4,,,WON,
2025-10-19T11:00:00+00:00,Czech Liga,Baník Ostrava,Hradec Králové,Over/Under Goals,Over 1.5,1.25,,,LOST,
2025-10-19T11:00:00+00:00,Ettan - Norra,Team Thoren,Örebro Syrianska,Over/Under Goals,Over 1.5,1.2,,,LOST,
2025-10-19T11:00:00+00:00,NB II,Karcag SE,Csakvar,Double Chance,Draw/Away,1.53,,,LOST,
2025-10-19T11:00:00+00:00,Premiership,Dundee,Celtic,Over/Under Goals,Under 3.5,1.7,,,WON,
2025-10-19T11:00:00+00:00,Second League - Group 2,Torpedo Vladimir,Chertanovo Moscow,Asian Handicap,Home +0.25,1.49,,,WON,
2025-10-19T11:00:00+00:00,Second League - Group 2,Tver,Irkutsk,Over/Under Goals,Under 3.5,1.37,,,WON,
2025-10-19T11:00:00+00:00,Super League,Green Eagles,Nkana,Asian Handicap,Home +0.25,1.44,,,WON,
2025-10-19T11:00:00+00:00,Super League,Pakhtakor,Qizilqum,Team Total Goals,Under 2.5,1.53,,,LOST,
2025-10-19T11:00:00+00:00,Superettan,Utsikten,trelleborgs FF,Over/Under Goals,Under 3.5,1.4,,,LOST,
2025-10-19T11:00:00+00:00,Superliga,Ballkani,Dukagjini,Over/Under Goals,Under 3.5,1.26,,,WON,
2025-10-19T11:00:00+00:00,Thai League 1,Rayong FC,Prachuap,Double Chance,Home/Draw,1.5,,,WON,
2025-10-19T11:00:00+00:00,Thai League 2,Trat FC,Police Tero,Over/Under Goals,Under 3.5,1.35,,,WON,
2025-10-19T11:15:00+00:00,1a Divisió,FC Santa Coloma,UE Santa Coloma,Double Chance,Draw/Away,1.53,,,LOST,
2025-10-19T11:15:00+00:00,NB I,Kazincbarcikai,Kisvarda FC,Double Chance,Home/Draw,1.62,,,LOST,
2025-10-19T11:30:00+00:00,2. Lig,Ankaraspor,Erzin Spor,Asian Handicap,Away -1.25,1.64,,,WON,
2025-10-19T11:30:00+00:00,3. Liga,SSV Ulm 1846,Energie Cottbus,Over/Under Goals,Over 1.5,1.18,,,WON,
2025-10-19T11:30:00+00:00,Bundesliga 2,1. FC Nürnberg,Holstein Kiel,Over/Under Goals,Under 3.5,1.38,,,WON,
2025-10-19T11:30:00+00:00,Bundesliga 2,SV Darmstadt 98,1. FC Magdeburg,Over/Under Goals,Under 3.5,1.7,,,WON,
2025-10-19T11:30:00+00:00,Bundesliga 2,SV Elversberg,SpVgg Greuther Fürth,Over/Under Goals,Over 1.5,1.17,,,WON,
2025-10-19T11:30:00+00:00,Jupiler Pro League,Cercle Brugge,Genk,1X2 / Match Winner,Draw,3.8,,,WON,
2025-10-19T11:30:00+00:00,League One,Nanjing City,Heilongjiang Lava Spring,Double Chance,Draw/Away,1.5,,,LOST,
2025-10-19T11:30:00+00:00,League One,Nantong Zhiyun,Guangxi Baoyun,Over/Under Goals,Under 3.5,1.33,,,WON,
2025-10-19T11:30:00+00:00,Meistriliiga,Laagri,Kalju Nomme,Over/Under Goals,Under 3.5,1.53,,,LOST,
2025-10-19T11:30:00+00:00,Premier League,FC Sochi,Zenit,Over/Under Goals,Over 1.5,1.21,,,WON,
2025-10-19T11:30:00+00:00,Premier League,Tampines Rovers,Balestier Khalsa,1X2 / Match Winner,Home,1.51,,,LOST,
2025-10-19T11:30:00+00:00,Super Lig,Kayserispor,Samsunspor,Team Total Goals,Over 0.5,1.25,,,WON,
2025-10-19T11:30:00+00:00,Thai League 1,Chonburi FC,Chiangrai United,1X2 / Match Winner,Draw,3.8,,,WON,
2025-10-19T11:30:00+00:00,Thai League 2,Nong Bua Pitchaya,Sisaket United,Asian Handicap,Away -1.25,1.42,,,WON,
2025-10-19T11:35:00+00:00,Super League,Henan Jianye,Changchun Yatai,Over/Under Goals,Over 1.5,1.17,,,WON,
2025-10-19T11:45:00+00:00,First NL,Jarun,Dubrava Zagreb,Over/Under Goals,Under 3.5,1.17,,,WON,
2025-10-19T12:00:00+00:00,1st Division,Kastrioti Krujë,Iliria Fushë-Krujë,Double Chance,Home/Draw,1.44,,,WON,
2025-10-19T12:00:00+00:00,1st Division,Korabi Peshkopi,Lushnja,Over/Under Goals,Under 3.5,1.18,,,WON,
2025-10-19T12:00:00+00:00,2. Division - Group 2,Stjørdals-Blink,Kjelsås,Over/Under Goals,Over 2.5,1.5,,,WON,
2025-10-19T12:00:00+00:00,2. Division,Thisted FC,HIK,Over/Under Goals,Under 3.5,1.28,,,WON,
2025-10-19T12:00:00+00:00,2. Lig,68 Aksaray Belediyespor,Bursaspor,Over/Under Goals,Under 3.5,1.27,,,WON,
2025-10-19T12:00:00+00:00,2. Lig,Muğlaspor,24 Erzincanspor,Over/Under Goals,Under 3.5,1.38,,,WON,
2025-10-19T12:00:00+00:00,Allsvenskan,Gais,Djurgardens IF,Double Chance,Draw/Away,1.6,,,LOST,
2025-10-19T12:00:00+00:00,Allsvenskan,Hammarby FF,AIK Stockholm,Over/Under Goals,Over 1.5,1.33,,,WON,
2025-10-19T12:00:00+00:00,Challenge League,FC WIL 1900,FC Vaduz,Over/Under Goals,Over 1.5,1.2,,,WON,
2025-10-19T12:00:00+00:00,Challenge League,Yverdon Sport,Bellinzona,Over/Under Goals,Under 3.5,1.44,,,WON,
2025-10-19T12:00:00+00:00,Damallsvenskan,Brommapojkarna W,Häcken,Over/Under Goals,Over 1.5,1.16,,,WON,
2025-10-19T12:00:00+00:00,Damallsvenskan,Piteå W,Kristianstad,Over/Under Goals,Under 3.5,1.3,,,WON,
2025-10-19T12:00:00+00:00,Elitettan,Sunnanå,Bollstanäs W,Over/Under Goals,Under 3.5,1.37,,,WON,
2025-10-19T12:00:00+00:00,First League,Dobrudzha,CSKA Sofia,Over/Under Goals,Under 3.5,1.3,,,WON,
2025-10-19T12:00:00+00:00,Frauen Bundesliga,Eintracht Frankfurt W,Werder Bremen W,Over/Under Goals,Over 2.5,1.43,,,LOST,
2025-10-19T12:00:00+00:00,III Liga - Group 2,Kluczevia Stargard,Pogoń Szczecin II,Asian Handicap,Home +0,1.95,,,WON,
2025-10-19T12:00:00+00:00,La Liga,Elche,Athletic Club,Asian Handicap,Home +0.5,1.7,,,WON,
2025-10-19T12:00:00+00:00,Liga 1,Persijap,Bali United,Over/Under Goals,Under 3.5,1.28,,,WON,
2025-10-19T12:00:00+00:00,Premier League,FC Astana,Aktobe,Over/Under Goals,Over 1.5,1.19,,,WON,
2025-10-19T12:00:00+00:00,Prva Liga,Kabel Novi Sad,Dubočica,1X2 / Match Winner,Draw,3.1,,,LOST,
2025-10-19T12:00:00+00:00,Prva Liga,OFK Vršac,Grafičar,1X2 / Match Winner,Draw,3.4,,,WON,
2025-10-19T12:00:00+00:00,Prva Liga,Zemun,Dinamo Jug,Over/Under Goals,Under 3.5,1.32,,,WON,
2025-10-19T12:00:00+00:00,Regionalliga - SudWest,Bahlinger SC,Freiburg II,Asian Handicap,Home +0.5,1.58,,,LOST,
2025-10-19T12:00:00+00:00,Regionalliga - SudWest,FSV Frankfurt,Kickers Offenbach,Team Total Goals,Over 0.5,1.2,,,WON,
2025-10-19T12:00:00+00:00,Second League - Group 1,Rubin Yalta,Druzhba,Over/Under Goals,Under 3.5,1.18,,,WON,
2025-10-19T12:00:00+00:00,Second League - Group 2,Luki-Energiya,Zenit 2,Over/Under Goals,Under 3.5,1.62,,,WON,
2025-10-19T12:00:00+00:00,Second League - Group 4,Orenburg II,Uralets Nizhnyi Tagil,Over/Under Goals,Under 3.5,1.22,,,WON,
2025-10-19T12:00:00+00:00,Segunda Division,Leganes,Malaga,Over/Under Goals,Under 3.5,1.2,,,WON,
2025-10-19T12:00:00+00:00,Super League,Grasshoppers,FC Sion,Over/Under Goals,Over 1.5,1.28,,,LOST,
2025-10-19T12:00:00+00:00,Superligaen,FC Nordsjaelland,Randers FC,Over/Under Goals,Over 1.5,1.2,,,LOST,
2025-10-19T12:00:00+00:00,Superligaen,Viborg,Odense,Over/Under Goals,Over 1.5,1.2,,,WON,
2025-10-19T12:00:00+00:00,Thai League 1,Kanchanaburi,Uthai Thani,Over/Under Goals,Under 3.5,1.33,,,WON,
2025-10-19T12:00:00+00:00,Virsliga,Metta / LU,Riga,Over/Under Goals,Under 3.5,2.1,,,WON,
2025-10-19T12:00:00+00:00,Ykkönen,EPS,Atlantis,1X2 / Match Winner,Home,1.66,,,WON,
2025-10-19T12:00:00+00:00,Ykkönen,FC jazz,PKKU,Team Total Goals,Under 2.5,1.23,,,WON,
2025-10-19T12:00:00+00:00,Ykkönen,Inter Turku II,Rops,Team Total Goals,Over 0.5,1.2,,,WON,
2025-10-19T12:00:00+00:00,Ykkönen,JJK,Tampere United,Asian Handicap,Home +0.25,1.49,,,WON,
2025-10-19T12:00:00+00:00,Ykkönen,KPV-j,KuPS Akatemia,Team Total Goals,Under 2.5,1.56,,,WON,
2025-10-19T12:00:00+00:00,Ykkönen,MP,OLS,Double Chance,Draw/Away,1.62,,,WON,
2025-10-19T12:30:00+00:00,2. Division,AE Zakakiou,Spartakos Kitiou,Double Chance,Draw/Away,1.55,,,WON,
2025-10-19T12:30:00+00:00,2. Division,Omonia 29is Maiou,PAEEK,Team Total Goals,Over 0.5,1.44,,,LOST,
2025-10-19T12:30:00+00:00,3. liga - Center,Baník Kalinovo,MFK Bytča,Double Chance,Draw/Away,1.67,,,WON,
2025-10-19T12:30:00+00:00,3. liga - MSFL,Polanka nad Odrou,Slovácko II,Over/Under Goals,Under 3.5,1.43,,,WON,
2025-10-19T12:30:00+00:00,Eliteserien,Tromso,Viking,Over/Under Goals,Under 3.5,1.5,,,LOST,
2025-10-19T12:30:00+00:00,Eredivisie,Excelsior,Fortuna Sittard,Over/Under Goals,Under 3.5,1.42,,,WON,
2025-10-19T12:30:00+00:00,Eredivisie,Groningen,Sparta Rotterdam,Asian Handicap,Home +0,1.4,,,LOST,
2025-10-19T12:30:00+00:00,I Liga,Slask Wroclaw,Stal Mielec,1X2 / Match Winner,Home,1.6,,,WON,
2025-10-19T12:30:00+00:00,Premier League,Veres Rivne,Oleksandria,Over/Under Goals,Under 2.5,1.61,,,WON,
2025-10-19T12:30:00+00:00,Serie C - Girone A,Vicenza Virtus,Albinoleffe,Over/Under Goals,Under 3.5,1.28,,,LOST,
2025-10-19T12:30:00+00:00,Serie C - Girone B,Ravenna,Arezzo,Over/Under Goals,Under 3.5,1.25,,,WON,
2025-10-19T12:30:00+00:00,Serie C - Girone B,Rimini,Juventus U23,Asian Handicap,Home +0.25,1.6,,,LOST,
2025-10-19T12:30:00+00:00,Serie C - Girone C,Atalanta II,Trapani 1905,Over/Under Goals,Under 3.5,1.3,,,WON,
2025-10-19T12:30:00+00:00,Serie C - Girone C,Benevento,Potenza,Over/Under Goals,Under 3.5,1.44,,,WON,
2025-10-19T12:30:00+00:00,Serie C - Girone C,Catania,Salernitana,Asian Handicap,Home +0.25,1.45,,,WON,
2025-10-19T12:30:00+00:00,Tipp3 Bundesliga,FC BW Linz,Sturm Graz,Over/Under Goals,Under 3.5,1.33,,,LOST,
2025-10-19T12:30:00+00:00,Tipp3 Bundesliga,Red Bull Salzburg,SCR Altach,Asian Handicap,Away -1.25,1.6,,,WON,
2025-10-19T12:30:00+00:00,Toppserien,Røa W,Lillestrøm W,Over/Under Goals,Under 3.5,1.46,,,LOST,
2025-10-19T12:30:00+00:00,Toppserien,Stabæk W,Vålerenga W,Over/Under Goals,Under 3.5,1.44,,,LOST,
2025-10-19T12:45:00+00:00,Ekstraklasa,Lech Poznan,Pogon Szczecin,Over/Under Goals,Over 1.5,1.15,,,WON,
2025-10-19T13:00:00+00:00,1. Division,Lyngby,Aarhus Fremad,1X2 / Match Winner,Draw,3.75,,,WON,
2025-10-19T13:00:00+00:00,1. Liga Promotion,Lugano II,Bavois,Double Chance,Draw/Away,1.25,,,WON,
2025-10-19T13:00:00+00:00,2. Division - Group 2,Asker,Levanger,Asian Handicap,Home +1.25,1.45,,,WON,
2025-10-19T13:00:00+00:00,2. Lig,Karaman Belediyespor,Ankaragucu,Double Chance,Home/Draw,1.6,,,WON,
2025-10-19T13:00:00+00:00,2. SNL,Beltinci,Tabor Sežana,Over/Under Goals,Under 3.5,1.26,,,WON,
2025-10-19T13:00:00+00:00,Damallsvenskan,Norrköping W,Rosengård W,Over/Under Goals,Under 3.5,1.37,,,WON,
2025-10-19T13:00:00+00:00,First Amateur Division,Crossing Schaerbeek,Union Namur,Asian Handicap,Away -1.25,1.53,,,WON,
2025-10-19T13:00:00+00:00,First Amateur Division,Spouwen-Mopertingen,Diegem Sport,Over/Under Goals,Over 1.5,1.19,,,WON,
2025-10-19T13:00:00+00:00,First Amateur Division,Stockay-Warfusée,Sporting Charleroi II,Over/Under Goals,Under 3.5,1.37,,,WON,
2025-10-19T13:00:00+00:00,III Liga - Group 3,Górnik Zabrze II,SKRA Częstochowa,Double Chance,Draw/Away,1.69,,,WON,
2025-10-19T13:00:00+00:00,III Liga - Group 3,Stal Jasień,Górnik Polkowice,Over/Under Goals,Under 3.5,1.58,,,WON,
2025-10-19T13:00:00+00:00,Ligue 1,Lens,Paris FC,Over/Under Goals,Under 3.5,1.48,,,WON,
2025-10-19T13:00:00+00:00,Meistaradeildin,EB / Streymur,B36 Torshavn,Over/Under Goals,Over 1.5,1.18,,,WON,
2025-10-19T13:00:00+00:00,Meistaradeildin,Suduroy,Vikingur Gota,1X2 / Match Winner,Away,1.25,,,WON,
2025-10-19T13:00:00+00:00,Premier League,Gandzasar,Ararat-Armenia,Over/Under Goals,Under 3.5,1.4,,,WON,
2025-10-19T13:00:00+00:00,Premier League,Ordabasy,Okzhetpes,Over/Under Goals,Under 3.5,1.35,,,LOST,
2025-10-19T13:00:00+00:00,Premier League,Tottenham,Aston Villa,Over/Under Goals,Under 3.5,1.38,,,WON,
2025-10-19T13:00:00+00:00,Second League,Ludogorets II,Chernomorets 1919 Burgas,Over/Under Goals,Under 3.5,1.28,,,LOST,
2025-10-19T13:00:00+00:00,Serie A,Cagliari,Bologna,Over/Under Goals,Over 1.5,1.42,,,WON,
2025-10-19T13:00:00+00:00,Serie A,Genoa,Parma,1X2 / Match Winner,Draw,3.3,,,WON,
2025-10-19T13:00:00+00:00,Serie B,Palermo,Modena,Over/Under Goals,Under 3.5,1.25,,,WON,
2025-10-19T13:00:00+00:00,Super League 1,Asteras Tripolis,Kifisia,Over/Under Goals,Over 1.5,1.36,,,WON,
2025-10-19T13:00:00+00:00,Superettan,Helsingborg,Orebro SK,Over/Under Goals,Under 3.5,1.44,,,LOST,
2025-10-19T13:00:00+00:00,Superettan,Landskrona BoIS,Umeå FC,Over/Under Goals,Under 3.5,1.45,,,LOST,
2025-10-19T13:00:00+00:00,TFF 1. Lig,76 Iğdır Belediyespor,Boluspor,BTTS,Yes,1.67,,,WON,
2025-10-19T13:00:00+00:00,Veikkausliiga,Gnistan,SJK,Team Total Goals,Under 2.5,1.18,,,LOST,
2025-10-19T13:00:00+00:00,Veikkausliiga,Ilves,Inter Turku,Double Chance,Home/Draw,1.44,,,LOST,
2025-10-19T13:15:00+00:00,Super League,Neftchi,Olmaliq,Over/Under Goals,Under 3.5,1.28,,,WON,
2025-10-19T13:30:00+00:00,1st Division,Casric Stars,Hungry Lions,1X2 / Match Winner,Home,1.51,,,WON,
2025-10-19T13:30:00+00:00,Bundesliga 1,SC Freiburg,Eintracht Frankfurt,Over/Under Goals,Over 1.5,1.2,,,WON,
2025-10-19T13:30:00+00:00,Czech Liga,Slovácko,Sparta Praha,Over/Under Goals,Under 3.5,1.44,,,WON,
2025-10-19T13:30:00+00:00,First NL,HNK Cibalia,Dugopolje,Over/Under Goals,Under 2.5,1.44,,,WON,
2025-10-19T13:30:00+00:00,NB I,Zalaegerszegi TE,Puskas Academy,Double Chance,Home/Draw,1.67,,,LOST,
2025-10-19T13:30:00+00:00,Premier Soccer League,Marumo Gallants,Chippa United,Double Chance,Home/Draw,1.2,,,WON,
2025-10-19T13:30:00+00:00,Primera División - Clausura,CA River Plate,Cerro Largo,Over/Under Goals,Under 3.5,1.17,,,WON,
2025-10-19T13:30:00+00:00,Super Liga,Cukaricki,Novi Pazar,Asian Handicap,Home +0.25,1.42,,,WON,
2025-10-19T13:30:00+00:00,Super Liga,FK Košice,Zemplín Michalovce,Over/Under Goals,Under 3.5,1.44,,,LOST,
2025-10-19T14:00:00+00:00,1a Divisió,Ordino,Esperança d'Andorra,1X2 / Match Winner,Home,1.33,,,LOST,
2025-10-19T14:00:00+00:00,Challenger Pro League,Lierse Kempenzonen,Liège,Over/Under Goals,Under 3.5,1.36,,,WON,
2025-10-19T14:00:00+00:00,Challenger Pro League,Patro Eisden,Seraing United,1X2 / Match Winner,Home,1.57,,,LOST,
2025-10-19T14:00:00+00:00,Ettan - Norra,Enköping,Arlanda,Asian Handicap,Home +0.25,1.58,,,LOST,
2025-10-19T14:00:00+00:00,Ettan - Norra,United Nordic,Haninge,1X2 / Match Winner,Home,1.21,,,WON,
2025-10-19T14:00:00+00:00,Ettan - Norra,Vasalund,AFC Eskilstuna,BTTS,Yes,1.44,,,WON,
2025-10-19T14:00:00+00:00,Ettan - Södra,Jonkopings Sodra,Ljungskile SK,Double Chance,Draw/Away,1.55,,,WON,
2025-10-19T14:00:00+00:00,First League,KAMAZ,Rodina Moskva,Over/Under Goals,Under 3.5,1.17,,,WON,
2025-10-19T14:00:00+00:00,Jupiler Pro League,Dender,KV Mechelen,Over/Under Goals,Under 3.5,1.33,,,LOST,
2025-10-19T14:00:00+00:00,Júniores U19,Belenenses U19,Alverca U19,Double Chance,Home/Draw,1.22,,,LOST,
2025-10-19T14:00:00+00:00,Júniores U19,Moreirense U19,Porto U19,Over/Under Goals,Over 2.5,1.44,,,LOST,
2025-10-19T14:00:00+00:00,National Division,AS Jeunesse Esch,US Mondorf-les-bains,Team Total Goals,Under 2.5,1.22,,,WON,
2025-10-19T14:00:00+00:00,National Division,FC Differdange 03,Swift Hesperange,Over/Under Goals,Under 3.5,1.5,,,WON,
2025-10-19T14:00:00+00:00,National Division,Jeunesse Canach,Victoria Rosport,Asian Handicap,Home +1.25,1.16,,,WON,
2025-10-19T14:00:00+00:00,National Division,US Hostert,F91 Dudelange,1X2 / Match Winner,Away,1.48,,,LOST,
2025-10-19T14:00:00+00:00,Premier League,Masr,Petrojet,1X2 / Match Winner,Draw,3.2,,,LOST,
2025-10-19T14:00:00+00:00,Premier League,Neman,Naftan,Team Total Goals,Under 2.5,1.4,,,WON,
2025-10-19T14:00:00+00:00,Premier League,Rubin,Baltika,Over/Under Goals,Under 3.5,1.15,,,WON,
2025-10-19T14:00:00+00:00,Primera División Femenina,Real Madrid W,Levante W,Team Total Goals,Over 1.5,1.15,,,WON,
2025-10-19T14:00:00+00:00,Primera División RFEF - Group 1,Real Avilés,CF Talavera,Asian Handicap,Home +0,1.5,,,WON,
2025-10-19T14:00:00+00:00,Prva HNL,Istra 1961,HNK Hajduk Split,Double Chance,Home/Draw,1.67,,,LOST,
2025-10-19T14:00:00+00:00,Second League - Group 2,Baltika II,Cherepovets,Team Total Goals,Over 0.5,1.53,,,WON,
2025-10-19T14:00:00+00:00,Second League - Group 4,Chelyabinsk II,Ural II,Over/Under Goals,Under 3.5,1.21,,,WON,
2025-10-19T14:00:00+00:00,Super Lig,Alanyaspor,Goztepe,Team Total Goals,Under 2.5,1.15,,,WON,
2025-10-19T14:00:00+00:00,Super Lig,Gazişehir Gaziantep,Antalyaspor,Over/Under Goals,Over 1.5,1.3,,,WON,
2025-10-19T14:00:00+00:00,Superligaen,Brondby,Aarhus,Over/Under Goals,Over 1.5,1.25,,,WON,
2025-10-19T14:00:00+00:00,Úrvalsdeild,Afturelding,Vestri,Over/Under Goals,Over 1.5,1.17,,,WON,
2025-10-19T14:00:00+00:00,Úrvalsdeild,KA Akureyri,IA Akranes,Team Total Goals,Under 2.5,1.5,,,LOST,
2025-10-19T14:00:00+00:00,Úrvalsdeild,KR Reykjavik,IBV Vestmannaeyjar,Team Total Goals,Over 0.5,1.18,,,WON,
2025-10-19T14:15:00+00:00,La Liga,Celta Vigo,Real Sociedad,1X2 / Match Winner,Draw,3.52,,,WON,
2025-10-19T14:15:00+00:00,Primera División RFEF - Group 2,Teruel,Sevilla Atletico,BTTS,No,1.65,,,WON,
2025-10-19T14:15:00+00:00,Segunda Division,Castellón,Albacete,Over/Under Goals,Under 3.5,1.48,,,WON,
2025-10-19T14:15:00+00:00,Segunda Division,Valladolid,Sporting Gijon,Over/Under Goals,Over 1.5,1.4,,,WON,
2025-10-19T14:30:00+00:00,3. Liga,TSV 1860 München,MSV Duisburg,Over/Under Goals,Under 3.5,1.35,,,LOST,
2025-10-19T14:30:00+00:00,Allsvenskan,IF Elfsborg,Osters IF,Over/Under Goals,Under 3.5,1.48,,,LOST,
2025-10-19T14:30:00+00:00,Allsvenskan,IFK Varnamo,IF Brommapojkarna,Over/Under Goals,Over 2.5,1.57,,,LOST,
2025-10-19T14:30:00+00:00,First League,Cherno More Varna,Levski Sofia,Over/Under Goals,Under 3.5,1.17,,,LOST,
2025-10-19T14:30:00+00:00,Liga I,Uta Arad,Oţelul,Over/Under Goals,Under 3.5,1.22,,,LOST,
2025-10-19T14:30:00+00:00,Segunda Liga,Penafiel,Feirense,Over/Under Goals,Under 3.5,1.22,,,WON,
2025-10-19T14:30:00+00:00,Super League 1,Volos NFC,Panserraikos,Over/Under Goals,Over 1.5,1.28,,,WON,
2025-10-19T14:30:00+00:00,Super League,BSC Young Boys,FC ST. Gallen,Over/Under Goals,Over 1.5,1.15,,,WON,
2025-10-19T14:30:00+00:00,Super League,FC Luzern,Lausanne,Over/Under Goals,Over 1.5,1.18,,,WON,
2025-10-19T14:45:00+00:00,Eredivisie,Heracles,Feyenoord,Over/Under Goals,Under 3.5,1.65,,,LOST,
2025-10-19T14:45:00+00:00,Pro League,Al Khaleej Saihat,Al Riyadh,Over/Under Goals,Over 2.5,1.93,,,WON,
2025-10-19T15:00:00+00:00,1. Division,Krasava Ypsonas,Omonia Nicosia,Over/Under Goals,Under 3.5,1.4,,,WON,
2025-10-19T15:00:00+00:00,2. SNL,Nafta,Ilirija,Over/Under Goals,Over 1.5,1.15,,,WON,
2025-10-19T15:00:00+00:00,Eliteserien,Ham-Kam,Valerenga,BTTS,Yes,1.5,,,WON,
2025-10-19T15:00:00+00:00,Eliteserien,KFUM Oslo,Kristiansund BK,Team Total Goals,Over 0.5,1.15,,,WON,
2025-10-19T15:00:00+00:00,Eliteserien,Molde,Sandefjord,Over/Under Goals,Over 1.5,1.17,,,WON,
2025-10-19T15:00:00+00:00,NB II,Kozarmisleny FC,Budapest Honved,Over/Under Goals,Over 1.5,1.2,,,WON,
2025-10-19T15:00:00+00:00,NB II,Soroksar,Fehérvár FC,Over/Under Goals,Under 3.5,1.36,,,LOST,
2025-10-19T15:00:00+00:00,NB II,Szeged 2011,BVSC,Over/Under Goals,Under 3.5,1.31,,,WON,
2025-10-19T15:00:00+00:00,NB II,Tiszakecske FC,Ajka,Double Chance,Draw/Away,1.53,,,LOST,
2025-10-19T15:00:00+00:00,NB II,Vasas,Szentlőrinc SE,1X2 / Match Winner,Home,1.7,,,WON,
2025-10-19T15:00:00+00:00,Premier League,BKMA,Ararat,Over/Under Goals,Over 1.5,1.16,,,WON,
2025-10-19T15:00:00+00:00,Premier League,Karpaty,Epitsentr Dunayivtsi,Over/Under Goals,Over 1.5,1.2,,,WON,
2025-10-19T15:00:00+00:00,Prva Liga,FK Vozdovac,Semendrija 1924,Double Chance,Home/Draw,1.18,,,WON,
2025-10-19T15:00:00+00:00,Prva Liga,Jedinstvo Ub,Loznica,Team Total Goals,Over 0.5,1.5,,,WON,
2025-10-19T15:00:00+00:00,Prva Liga,Macva,FK Trayal,Over/Under Goals,Under 3.5,1.31,,,WON,
2025-10-19T15:00:00+00:00,Segunda División RFEF - Group 5,Quintanar del Rey,Elche II,Over/Under Goals,Under 2.5,1.4,,,WON,
2025-10-19T15:00:00+00:00,Super Liga,Mladost Lucani,Železničar Pančevo,Over/Under Goals,Under 3.5,1.22,,,WON,
2025-10-19T15:00:00+00:00,Superliga,AF Elbasani,Vora,Over/Under Goals,Under 3.5,1.2,,,WON,
2025-10-19T15:00:00+00:00,Superliga,Flamurtari,Partizani,Over/Under Goals,Under 3.5,1.16,,,WON,
2025-10-19T15:00:00+00:00,Tipp3 Bundesliga,Rapid Vienna,Lask Linz,Over/Under Goals,Over 1.5,1.2,,,WON,
2025-10-19T15:10:00+00:00,Pro League,Al Taawon,Damac,Over/Under Goals,Over 1.5,1.42,,,WON,
2025-10-19T15:15:00+00:00,Frauen Bundesliga,Bayer Leverkusen W,VfL Wolfsburg W,Over/Under Goals,Over 2.5,1.5,,,WON,
2025-10-19T15:15:00+00:00,Ligue 1,Lorient,Stade Brestois 29,Over/Under Goals,Over 1.5,1.3,,,WON,
2025-10-19T15:15:00+00:00,Ligue 1,Rennes,Auxerre,1X2 / Match Winner,Draw,4.1,,,WON,
2025-10-19T15:15:00+00:00,Ligue 1,Toulouse,Metz,Over/Under Goals,Over 1.5,1.25,,,WON,
2025-10-19T15:15:00+00:00,Serie B,Empoli,Venezia,Over/Under Goals,Over 1.5,1.42,,,WON,
2025-10-19T15:30:00+00:00,1. SNL,Bravo,Primorje,1X2 / Match Winner,Home,1.6,,,WON,
2025-10-19T15:30:00+00:00,Bundesliga 1,FC St. Pauli,1899 Hoffenheim,Over/Under Goals,Under 3.5,1.38,,,WON,
2025-10-19T15:30:00+00:00,Ekstraklasa,Zaglebie Lubin,Legia Warszawa,Asian Handicap,Home +1.25,1.4,,,WON,
2025-10-19T15:30:00+00:00,I Liga,Górnik Łęczna,Znicz Pruszków,1X2 / Match Winner,Draw,3.55,,,WON,
2025-10-19T15:30:00+00:00,Premier League,Liverpool,Manchester United,Over/Under Goals,Over 1.5,1.15,,,WON,
2025-10-19T15:30:00+00:00,Premijer Liga,Borac Banja Luka,Velež,Over/Under Goals,Over 1.5,1.25,,,LOST,
2025-10-19T15:30:00+00:00,Primera B,Antofagasta,Universidad de Concepcion,Over/Under Goals,Under 3.5,1.16,,,WON,
2025-10-19T15:30:00+00:00,Primera Division,Coquimbo Unido,Colo Colo,Double Chance,Draw/Away,1.53,,,LOST,
2025-10-19T15:30:00+00:00,Segunda División RFEF - Group 5,CD Coria,Fuenlabrada,Over/Under Goals,Under 3.5,1.18,,,WON,
2025-10-19T15:30:00+00:00,Serie C - Girone A,Lumezzane,Trento,Over/Under Goals,Under 3.5,1.25,,,WON,
2025-10-19T15:30:00+00:00,Serie C - Girone A,PRO Vercelli,Giana Erminio,Over/Under Goals,Under 2.5,1.53,,,WON,
2025-10-19T15:30:00+00:00,Serie C - Girone A,Virtus Verona,Pro Patria,Over/Under Goals,Under 3.5,1.22,,,WON,
2025-10-19T15:30:00+00:00,Serie C - Girone B,Pineto,Perugia,Over/Under Goals,Under 3.5,1.2,,,WON,
2025-10-19T15:30:00+00:00,Serie C - Girone C,Audace Cerignola,Cavese,Over/Under Goals,Under 3.5,1.22,,,LOST,
2025-10-19T15:30:00+00:00,Veikkausliiga,KuPS,HJK helsinki,Over/Under Goals,Under 3.5,1.7,,,LOST,
2025-10-19T16:00:00+00:00,1. Division,Apoel Nicosia,Olympiakos,Over/Under Goals,Over 1.5,1.25,,,WON,
2025-10-19T16:00:00+00:00,1. Division,Aris,AEL,Result + Total Goals,Home/Over 1.5,1.44,,,WON,
2025-10-19T16:00:00+00:00,2. Lig,Batman Petrolspor,Altınordu,Over/Under Goals,Under 3.5,1.53,,,WON,
2025-10-19T16:00:00+00:00,2. Lig,Buca FK,İnegölspor,Over/Under Goals,Under 3.5,1.44,,,LOST,
2025-10-19T16:00:00+00:00,2. Lig,Isparta 32 Spor,Fethiyespor,Over/Under Goals,Under 3.5,1.27,,,WON,
2025-10-19T16:00:00+00:00,2. Lig,İçel İdmanyurdu Spor,Somaspor,Double Chance,Home/Draw,1.44,,,WON,
2025-10-19T16:00:00+00:00,2. Lig,Şanlıurfaspor,Elazığspor,Over/Under Goals,Over 1.5,1.21,,,WON,
2025-10-19T16:00:00+00:00,NB I,Ujpest,Ferencvarosi TC,Over/Under Goals,Under 3.5,1.46,,,WON,
2025-10-19T16:00:00+00:00,Premier League,A'Ali,Malkiya,Over/Under Goals,Under 3.5,1.26,,,WON,
2025-10-19T16:00:00+00:00,Premier League,Al Ahli,Al Shabab,Over/Under Goals,Under 3.5,1.24,,,WON,
2025-10-19T16:00:00+00:00,Serie A,Atalanta,Lazio,Asian Handicap,Away -1.25,1.42,,,WON,
2025-10-19T16:00:00+00:00,Super Liga,Dunajska Streda,Žilina,Over/Under Goals,Over 1.5,1.17,,,WON,
2025-10-19T16:00:00+00:00,Superligaen,FC Midtjylland,Vejle,Over/Under Goals,Over 1.5,1.15,,,WON,
2025-10-19T16:00:00+00:00,TFF 1. Lig,Erokspor,BB Bodrumspor,Over/Under Goals,Over 1.5,1.25,,,WON,
2025-10-19T16:15:00+00:00,Meistaradeildin,HB,NSI Runavik,Over/Under Goals,Over 2.5,1.55,,,WON,
2025-10-19T16:15:00+00:00,Primera División RFEF - Group 2,Antequera,Marbella,Double Chance,Home/Draw,1.4,,,WON,
2025-10-19T16:15:00+00:00,Primera División RFEF - Group 2,Real Murcia,Ibiza,Over/Under Goals,Under 3.5,1.17,,,WON,
2025-10-19T16:15:00+00:00,Prva HNL,HNK Gorica,NK Varazdin,Double Chance,Home/Draw,1.4,,,LOST,
2025-10-19T16:30:00+00:00,Czech Liga,FK Jablonec,Dukla Praha,1X2 / Match Winner,Home,1.47,,,LOST,
2025-10-19T16:30:00+00:00,Jupiler Pro League,St. Truiden,Anderlecht,1X2 / Match Winner,Draw,3.6,,,WON,
2025-10-19T16:30:00+00:00,La Liga,Levante,Rayo Vallecano,Over/Under Goals,Under 3.5,1.33,,,WON,
2025-10-19T16:30:00+00:00,Premier League,Dynamo,Akhmat,Over/Under Goals,Over 1.5,1.22,,,WON,
2025-10-19T16:30:00+00:00,Segunda Division,Cordoba,Almeria,Over/Under Goals,Over 1.5,1.22,,,WON,
2025-10-19T16:30:00+00:00,Segunda Division,Racing Santander,Deportivo La Coruna,Over/Under Goals,Over 1.5,1.18,,,WON,
2025-10-19T16:30:00+00:00,Segunda División RFEF - Group 5,Orihuela,Real Madrid III,Double Chance,Draw/Away,1.7,,,WON,
2025-10-19T16:30:00+00:00,Super League 1,Aris Thessalonikis,Panathinaikos,Over/Under Goals,Under 3.5,1.25,,,WON,
2025-10-19T17:00:00+00:00,Botola Pro,Difaa EL Jadida,Ittihad Tanger,Asian Handicap,Home +0.25,1.43,,,WON,
2025-10-19T17:00:00+00:00,First League,Lokomotiv Sofia,CSKA 1948,Over/Under Goals,Under 3.5,1.22,,,WON,
2025-10-19T17:00:00+00:00,Liga de Ascenso,Quepos Cambute,Deportivo Upala,Asian Handicap,Away -1.25,1.44,,,LOST,
2025-10-19T17:00:00+00:00,Premier League,Ceramica Cleopatra,El Geish,Over/Under Goals,Under 3.5,1.15,,,WON,
2025-10-19T17:00:00+00:00,Premier League,ML Vitebsk,FC Minsk,Team Total Goals,Under 2.5,1.41,,,LOST,
2025-10-19T17:00:00+00:00,Super Lig,Fenerbahce,Fatih Karagümrük,Over/Under Goals,Under 3.5,1.7,,,WON,
2025-10-19T17:15:00+00:00,Eliteserien,Stromsgodset,Fredrikstad,Over/Under Goals,Over 1.5,1.25,,,WON,
2025-10-19T17:15:00+00:00,Jupiler Pro League,Zulte Waregem,Gent,Double Chance,Home/Draw,1.5,,,WON,
2025-10-19T17:30:00+00:00,3. Liga,Havelse,SSV Jahn Regensburg,Over/Under Goals,Under 3.5,1.48,,,WON,
2025-10-19T17:30:00+00:00,Liga I,Dinamo Bucuresti,Rapid,Over/Under Goals,Under 3.5,1.25,,,WON,
2025-10-19T17:30:00+00:00,Serie B,Catanzaro,Padova,1X2 / Match Winner,Draw,3.2,,,LOST,
2025-10-19T17:30:00+00:00,Super Liga,FK Crvena Zvezda,IMT Novi Beograd,Over/Under Goals,Under 3.5,2.1,,,LOST,
2025-10-19T17:30:00+00:00,Super Liga,FK Spartak Zdrepceva KRV,Radnicki NIS,Over/Under Goals,Over 1.5,1.28,,,WON,
2025-10-19T17:45:00+00:00,Premijer Liga,Siroki Brijeg,Rudar Prijedor,Over/Under Goals,Under 3.5,1.28,,,WON,
2025-10-19T18:00:00+00:00,Liga MX Femenil,Puebla W,Tijuana W,Over/Under Goals,Under 3.5,1.65,,,WON,
2025-10-19T18:00:00+00:00,Liga Pro,Manta FC,Tecnico Universitario,Over/Under Goals,Under 3.5,1.22,,,WON,
2025-10-19T18:00:00+00:00,Primera B,Deportes Copiapo,Magallanes,Over/Under Goals,Under 3.5,1.18,,,WON,
2025-10-19T18:00:00+00:00,Primera Division,Estudiantes L.P.,Gimnasia L.P.,Over/Under Goals,Under 2.5,1.62,,,WON,
2025-10-19T18:00:00+00:00,Primera Division,Everton de Vina,U. Catolica,Over/Under Goals,Under 3.5,1.22,,,WON,
2025-10-19T18:00:00+00:00,Primera Division,Sarmiento Junin,Velez Sarsfield,Asian Handicap,Home +0.5,1.55,,,LOST,
2025-10-19T18:00:00+00:00,Pro League,NEOM,Al-Qadisiyah FC,Double Chance,Draw/Away,1.5,,,WON,
2025-10-19T18:00:00+00:00,Super League 1,AEK Athens FC,PAOK,Over/Under Goals,Under 3.5,1.28,,,WON,
2025-10-19T18:15:00+00:00,1. SNL,Koper,Maribor,Over/Under Goals,Under 3.5,1.4,,,WON,
2025-10-19T18:30:00+00:00,Primera B Metropolitana,UAI Urquiza,Deportivo Armenio,Double Chance,Draw/Away,1.36,,,WON,
2025-10-19T18:30:00+00:00,Primera C,Claypole,Canuelas,1X2 / Match Winner,Draw,3.0,,,WON,
2025-10-19T18:30:00+00:00,Primera División - Clausura,Progreso,Defensor Sporting,Over/Under Goals,Under 2.5,1.73,,,LOST,
2025-10-19T18:30:00+00:00,Primera División RFEF - Group 1,Athletic Club II,Cacereño,Double Chance,Draw/Away,1.67,,,WON,
2025-10-19T18:30:00+00:00,Primera División RFEF - Group 2,Real Betis II,Sanluqueño,Over/Under Goals,Under 3.5,1.25,,,WON,
2025-10-19T18:30:00+00:00,Segunda División,Cerrito,Deportivo Maldonado,Double Chance,Home/Draw,1.7,,,LOST,
2025-10-19T18:30:00+00:00,Serie C - Girone C,Team Altamura,AZ Picerno,Over/Under Goals,Under 3.5,1.25,,,LOST,
2025-10-19T18:45:00+00:00,Ligue 1,Nantes,Lille,Over/Under Goals,Under 3.5,1.33,,,WON,
2025-10-19T18:45:00+00:00,Serie A,AC Milan,Fiorentina,Over/Under Goals,Under 3.5,1.36,,,WON,
2025-10-19T19:00:00+00:00,La Liga,Getafe,Real Madrid,Team Total Goals,Over 0.5,1.15,,,WON,
2025-10-19T19:00:00+00:00,NWSL Women,NJ/NY Gotham FC W,Racing Louisville W,Over/Under Goals,Under 3.5,1.3,,,LOST,
2025-10-19T19:00:00+00:00,Segunda Division,Las Palmas,Eibar,Over/Under Goals,Under 3.5,1.18,,,LOST,
2025-10-19T19:00:00+00:00,Segunda División,Atenas,Rampla Juniors,Over/Under Goals,Under 3.5,1.16,,,WON,
2025-10-19T19:00:00+00:00,Serie A,Flamengo,Palmeiras,Over/Under Goals,Over 1.5,1.48,,,WON,
2025-10-19T19:00:00+00:00,Serie B,Avai,Criciuma,1X2 / Match Winner,Draw,3.27,,,WON,
2025-10-19T19:00:00+00:00,Serie B,Operario-PR,Volta Redonda,Over/Under Goals,Under 3.5,1.18,,,WON,
2025-10-19T19:00:00+00:00,USL League One,One Knoxville,Texoma,Over/Under Goals,Under 3.5,1.32,,,WON,
2025-10-19T19:15:00+00:00,Úrvalsdeild,Valur Reykjavik,FH hafnarfjordur,Over/Under Goals,Under 3.5,1.67,,,LOST,
2025-10-19T19:30:00+00:00,Segunda División,Petare FC,Aragua FC,1X2 / Match Winner,Home,1.7,,,WON,
2025-10-19T19:30:00+00:00,Segunda División,Trujillanos FC,Real Frontera,Over/Under Goals,Under 3.5,1.21,,,WON,
2025-10-19T20:00:00+00:00,Primera Division,Atletico Grau,UTC,Over/Under Goals,Under 3.5,1.4,,,WON,
2025-10-19T20:00:00+00:00,Primera Nacional,Deportivo Moron,Atlanta,BTTS,No,1.5,,,WON,
2025-10-19T20:30:00+00:00,Division Profesional - Clausura,Cerro Porteno,Olimpia,1X2 / Match Winner,Draw,3.55,,,WON,
2025-10-19T20:30:00+00:00,Liga Pro,Aucas,Emelec,1X2 / Match Winner,Draw,3.64,,,WON,
2025-10-19T20:30:00+00:00,Primera B,Deportes Temuco,Deportes Santa Cruz,1X2 / Match Winner,Draw,3.25,,,WON,
2025-10-19T21:00:00+00:00,Liga Nacional,Cobán Imperial,Marquense,Over/Under Goals,Under 3.5,1.28,,,WON,
2025-10-19T21:00:00+00:00,NWSL Women,Angel City W,Portland Thorns W,Asian Handicap,Home +0.25,1.49,,,LOST,
2025-10-19T21:00:00+00:00,Primera Division,Rosario Central,Platense,Over/Under Goals,Over 1.5,1.55,,,LOST,
2025-10-19T21:00:00+00:00,Primera Division,San Martin S.J.,Independiente,Over/Under Goals,Under 2.5,1.38,,,WON,
2025-10-19T21:00:00+00:00,Primera División,Municipal Liberia,CS Herediano,Over/Under Goals,Under 3.5,1.25,,,WON,
2025-10-19T21:00:00+00:00,USL Championship,Birmingham Legion,Miami FC,Asian Handicap,Home +0,1.45,,,LOST,
2025-10-19T21:00:00+00:00,USL Championship,New Mexico United,Oakland Roots,Asian Handicap,Home +0,1.48,,,WON,
2025-10-19T21:10:00+00:00,Primera A,Llaneros,Once Caldas,Asian Handicap,Away -0.5,1.48,,,LOST,
2025-10-19T21:30:00+00:00,Primera División - Clausura,Penarol,Wanderers,Over/Under Goals,Over 1.5,1.28,,,WON,
2025-10-19T21:30:00+00:00,Serie A,Ceara,Botafogo,Double Chance,Home/Draw,1.48,,,LOST,
2025-10-19T21:30:00+00:00,Serie A,Internacional,Sport Recife,Over/Under Goals,Over 1.5,1.36,,,WON,
2025-10-19T21:30:00+00:00,Serie A,Mirassol,Sao Paulo,Over/Under Goals,Under 3.5,1.2,,,WON,
2025-10-19T21:30:00+00:00,Serie B,Botafogo SP,Cuiaba,Over/Under Goals,Under 3.5,1.17,,,LOST,
2025-10-19T21:30:00+00:00,Serie B,Coritiba,Atletico Paranaense,Over/Under Goals,Under 3.5,1.18,,,WON,
2025-10-19T22:00:00+00:00,Primera B,Orsomarso,Quindio,Over/Under Goals,Under 3.5,1.17,,,LOST,
2025-10-19T22:30:00+00:00,Primera Division,Deportivo Garcilaso,Sporting Cristal,Double Chance,Draw/Away,1.57,,,WON,
2025-10-19T23:00:00+00:00,Liga MX Femenil,Monterrey W,León W,BTTS,Yes,1.6,,,WON,
2025-10-19T23:00:00+00:00,Liga Nacional,Comunicaciones,Municipal,Over/Under Goals,Under 2.5,1.6,,,WON,
2025-10-19T23:00:00+00:00,Liga Nacional,Juticalpa,CD Olimpia,Over/Under Goals,Over 1.5,1.17,,,WON,
2025-10-19T23:00:00+00:00,Liga Pro,Libertad,Universidad Catolica,Over/Under Goals,Under 3.5,1.33,,,WON,
2025-10-19T23:00:00+00:00,Liga de Expansión MX,Tapatío,Mineros de Zacatecas,Double Chance,Draw/Away,1.44,,,WON,
2025-10-19T23:00:00+00:00,World Cup - U20,Argentina U20,Morocco U20,Over/Under Goals,Over 1.5,1.4,,,WON,
2025-10-19T23:20:00+00:00,Primera B,Real Cartagena,Cucuta,Over/Under Goals,Under 3.5,1.2,,,WON,
2025-10-19T23:30:00+00:00,Serie A,Bahia,Gremio,Over/Under Goals,Under 3.5,1.22,,,LOST,
2025-10-19T23:30:00+00:00,Serie B,Goias,Chapecoense-sc,Asian Handicap,Away -1.25,1.45,,,WON,
2025-10-20T00:00:00+00:00,MLS Next Pro,Real Monarchs,Minnesota United II,BTTS,Yes,1.44,,,WON,
2025-10-20T00:00:00+00:00,Premier League,Montego Bay United,Racing United,Over/Under Goals,Under 3.5,1.3,,,LOST,
2025-10-20T00:00:00+00:00,Primera División,LD Alajuelense,Deportivo Saprissa,Over/Under Goals,Under 3.5,1.25,,,WON,
2025-10-20T01:00:00+00:00,Liga MX Femenil,Pachuca W,Guadalajara W,Over/Under Goals,Over 1.5,1.18,,,WON,
2025-10-20T01:00:00+00:00,MLS Next Pro,The Town,North Texas,Over/Under Goals,Under 3.5,1.7,,,WON,
2025-10-20T01:00:00+00:00,Primera Division,Diriangén,UNAN Managua,1X2 / Match Winner,Home,1.17,,,WON,
2025-10-20T01:30:00+00:00,Liga Nacional,Malacateco,Guastatoya,Over/Under Goals,Under 3.5,1.38,,,WON,
2025-10-20T08:30:00+00:00,Liga 1,Semen Padang,Bhayangkara FC,Over/Under Goals,Under 2.5,1.8,,,WON,
2025-10-20T10:00:00+00:00,Premier League,Adama Kenema,Ethiopian Medhin,Over/Under Goals,Over 1.5,1.43,,,LOST,
2025-10-20T10:00:00+00:00,Second League - Group 1,Pobeda,Kuban Kholding,Over/Under Goals,Under 3.5,1.19,,,WON,
2025-10-20T11:00:00+00:00,Persha Liga,UCSA,Livyi Bereh,BTTS,No,1.75,,,WON,
2025-10-20T12:00:00+00:00,Liga 1,Persis Solo,Malut United,Double Chance,Home/Draw,1.55,,,LOST,
2025-10-20T12:00:00+00:00,Premier League,Thimphu City,Paro,Over/Under Goals,Over 2.5,1.4,,,WON,
2025-10-20T12:00:00+00:00,Professional Development League,Crewe Alexandra U21,Sheffield Wednesday U21,Team Total Goals,Under 2.5,1.16,,,WON,
2025-10-20T13:00:00+00:00,Jupiler Pro League,Standard Liege,Antwerp,Over/Under Goals,Under 3.5,1.28,,,WON,
2025-10-20T13:00:00+00:00,Premier League,Bahardar,Hadiya Hosaena,Over/Under Goals,Under 2.5,1.4,,,LOST,
2025-10-20T13:00:00+00:00,Premier League,Suhul Shire,Mekelle Kenema,Over/Under Goals,Under 2.5,1.5,,,WON,
2025-10-20T13:00:00+00:00,Premier Soccer League,Bikita Minerals,Herentals,Double Chance,Draw/Away,1.3,,,LOST,
2025-10-20T13:00:00+00:00,Second League,Sevlievo,CSKA Sofia II,Over/Under Goals,Under 3.5,1.33,,,WON,
2025-10-20T13:00:00+00:00,TFF 1. Lig,Serik Belediyespor,Amed,Over/Under Goals,Under 3.5,1.33,,,WON,
2025-10-20T13:45:00+00:00,AFC Champions League,Al Wahda FC,Al-Duhail SC,Asian Handicap,Home +0,1.45,,,WON,
2025-10-20T14:00:00+00:00,Esiliiga A,FCI Levadia II,Nõmme Kalju II,Double Chance,Home/Draw,1.3,,,WON,
2025-10-20T14:00:00+00:00,First League,Volga Ulyanovsk,FC UFA,Over/Under Goals,Under 3.5,1.17,,,WON,
2025-10-20T14:30:00+00:00,Campionato Primavera - 1,Hellas Verona U20,Cremonese U20,Over/Under Goals,Under 3.5,1.33,,,WON,
2025-10-20T14:30:00+00:00,First League,Arda Kardzhali,Septemvri Sofia,Over/Under Goals,Under 3.5,1.33,,,WON,
2025-10-20T14:50:00+00:00,Division 1,Al-Adalah,Al Orubah,Asian Handicap,Home +0.25,1.49,,,LOST,
2025-10-20T15:00:00+00:00,First League,Chayka,Ural,Over/Under Goals,Under 3.5,1.3,,,WON,
2025-10-20T15:00:00+00:00,Liga I,AFC Hermannstadt,Csikszereda,Over/Under Goals,Under 3.5,1.3,,,WON,
2025-10-20T15:00:00+00:00,Premier League,Kudrivka,Metalist 1925 Kharkiv,Over/Under Goals,Under 3.5,1.28,,,WON,
2025-10-20T15:00:00+00:00,Virsliga,Auda,FK Liepaja,Over/Under Goals,Under 3.5,1.42,,,WON,
2025-10-20T15:30:00+00:00,First League,Chernomorets,FK Neftekhimik,Over/Under Goals,Under 3.5,1.17,,,WON,
2025-10-20T15:30:00+00:00,Second League,Fratria,Spartak Pleven,Over/Under Goals,Under 3.5,1.4,,,WON,
2025-10-20T16:00:00+00:00,3. Division - Girone 5,Sola,Viking II,Double Chance,Draw/Away,1.5,,,WON,
2025-10-20T16:00:00+00:00,AFC Champions League,Sharjah FC,Tractor Sazi,Team Total Goals,Under 2.5,1.17,,,WON,
2025-10-20T16:00:00+00:00,Cup,Al Jazeera,Al Tora,Over/Under Goals,Under 3.5,1.55,,,LOST,
2025-10-20T16:00:00+00:00,Cup,Al Salt,Sahab,Over/Under Goals,Under 3.5,2.75,,,LOST,
2025-10-20T16:00:00+00:00,FNL,Chrudim,Táborsko,Over/Under Goals,Under 3.5,1.36,,,WON,
2025-10-20T16:00:00+00:00,Liga Leumit,Hapoel Kfar Shalem,Ironi Modi'in,Over/Under Goals,Under 3.5,1.55,,,LOST,
2025-10-20T16:00:00+00:00,Liga Leumit,Kafr Qasim,Kiryat Yam SC,Double Chance,Draw/Away,1.48,,,LOST,
2025-10-20T16:00:00+00:00,Liga Leumit,Maccabi Petah Tikva,Bnei Yehuda,Over/Under Goals,Over 1.5,1.17,,,WON,
2025-10-20T16:30:00+00:00,First League,Fakel,Rotor Volgograd,Over/Under Goals,Under 2.5,1.3,,,LOST,
2025-10-20T16:30:00+00:00,First League,Torpedo Moskva,Shinnik Yaroslavl,1X2 / Match Winner,Draw,3.5,,,WON,
2025-10-20T17:00:00+00:00,Allsvenskan,Degerfors IF,Halmstad,Over/Under Goals,Under 3.5,1.3,,,WON,
2025-10-20T17:00:00+00:00,Ekstraklasa,Wisla Plock,Nieciecza,Asian Handicap,Home +0,1.45,,,WON,
2025-10-20T17:00:00+00:00,Ettan - Norra,Hammarby Talang,Karlberg,Over/Under Goals,Over 1.5,1.17,,,WON,
2025-10-20T17:00:00+00:00,First League,Beroe,Montana,1X2 / Match Winner,Draw,3.45,,,WON,
2025-10-20T17:00:00+00:00,I Liga,Puszcza Niepołomice,Wisla Krakow,Over/Under Goals,Under 3.5,1.42,,,WON,
2025-10-20T17:00:00+00:00,Ligat Ha'al,Beitar Jerusalem,Ashdod,Over/Under Goals,Over 1.5,1.15,,,LOST,
2025-10-20T17:00:00+00:00,Super Lig,Eyüpspor,Kasimpasa,Over/Under Goals,Under 3.5,1.25,,,WON,
2025-10-20T17:00:00+00:00,Superligaen,Sonderjyske,FC Fredericia,Over/Under Goals,Over 1.5,1.2,,,WON,
2025-10-20T17:00:00+00:00,TFF 1. Lig,İstanbulspor,Bandırmaspor,Double Chance,Draw/Away,1.5,,,WON,
2025-10-20T17:10:00+00:00,Allsvenskan,IFK Goteborg,Mjallby AIF,Over/Under Goals,Under 3.5,1.38,,,WON,
2025-10-20T17:30:00+00:00,Liga I,Petrolul Ploiesti,CFR 1907 Cluj,Over/Under Goals,Under 3.5,1.22,,,WON,
2025-10-20T18:00:00+00:00,3. Division - Girone 3,Kongsvinger II,Gjøvik-Lyn,Double Chance,Draw/Away,1.17,,,WON,
2025-10-20T18:00:00+00:00,Eerste Divisie,Dordrecht,Waalwijk,Double Chance,Draw/Away,1.67,,,WON,
2025-10-20T18:00:00+00:00,Eerste Divisie,Jong AZ,Willem II,Double Chance,Draw/Away,1.45,,,LOST,
2025-10-20T18:00:00+00:00,Eerste Divisie,Jong PSV,ADO Den Haag,1X2 / Match Winner,Away,1.45,,,WON,
2025-10-20T18:00:00+00:00,Eerste Divisie,Roda,Almere City FC,Over/Under Goals,Over 1.5,1.16,,,WON,
2025-10-20T18:15:00+00:00,AFC Champions League,Al-Ahli Jeddah,Al-Gharafa,BTTS,Yes,1.7,,,LOST,
2025-10-20T18:15:00+00:00,Primera Division,Sport Huancayo,Alianza Lima,Over/Under Goals,Over 2.5,2.35,,,WON,
2025-10-20T18:30:00+00:00,Segunda Division,Cadiz,Burgos,Over/Under Goals,Under 2.5,1.45,,,LOST,
2025-10-20T18:30:00+00:00,Serie C - Girone B,Athletic Carpi,Ascoli,Over/Under Goals,Under 3.5,1.2,,,WON,
2025-10-20T18:30:00+00:00,Serie C - Girone B,Pontedera,Vis Pesaro,Over/Under Goals,Under 2.5,1.65,,,WON,
2025-10-20T18:30:00+00:00,Torneo Federal A,Kimberley Mar del Plata,Olimpo Bahia Blanca,1X2 / Match Winner,Draw,3.0,,,WON,
2025-10-20T18:45:00+00:00,Ligue 2,Nancy,Amiens,Over/Under Goals,Under 3.5,1.28,,,WON,
2025-10-20T18:45:00+00:00,Non League Premier - Southern Central,Redditch United,Alvechurch,Over/Under Goals,Under 3.5,1.25,,,WON,
2025-10-20T18:45:00+00:00,Premier Division,Bohemians,St Patrick's Athl.,Double Chance,Draw/Away,1.53,,,WON,
2025-10-20T18:45:00+00:00,Serie A,Cremonese,Udinese,1X2 / Match Winner,Draw,3.4,,,WON,
2025-10-20T19:00:00+00:00,La Liga,Alaves,Valencia,1X2 / Match Winner,Draw,3.16,,,WON,
2025-10-20T19:00:00+00:00,Premier League,West Ham,Brentford,Double Chance,Draw/Away,1.53,,,WON,
2025-10-20T19:00:00+00:00,Primera B,Tigres FC,Bogota FC,Over/Under Goals,Under 3.5,1.24,,,WON,
2025-10-20T19:00:00+00:00,Primera División - Clausura,Racing Montevideo,Juventud,Asian Handicap,Home +0.25,1.45,,,WON,
2025-10-20T19:15:00+00:00,Úrvalsdeild,Fram Reykjavik,Stjarnan,Team Total Goals,Over 0.5,1.18,,,WON,
2025-10-20T21:00:00+00:00,Primera B,Internacional Palmira,Real Santander,Over/Under Goals,Under 3.5,1.24,,,WON,
2025-10-20T21:00:00+00:00,Primera B,Popayan,Barranquilla,Over/Under Goals,Under 3.5,1.16,,,WON,
2025-10-20T22:00:00+00:00,Premier League,Portmore United,Harbour View,Asian Handicap,Home +0.25,1.16,,,WON,
2025-10-20T22:00:00+00:00,Primera Division,Deportivo Riestra,Instituto Cordoba,BTTS,No,1.53,,,WON,
2025-10-20T22:00:00+00:00,Primera Division,Tigre,Barracas Central,Double Chance,Home/Draw,1.2,,,WON,
2025-10-20T22:00:00+00:00,Primera División - Clausura,Plaza Colonia,Liverpool Montevideo,Team Total Goals,Under 2.5,1.17,,,WON,
2025-10-20T22:00:00+00:00,Primera Nacional,Tristan Suarez,CA Estudiantes,Double Chance,Draw/Away,1.44,,,WON,
2025-10-20T22:00:00+00:00,Serie A,Juventude,RB Bragantino,Over/Under Goals,Under 3.5,1.22,,,WON,
2025-10-20T22:30:00+00:00,Serie A,Vasco DA Gama,Fluminense,Over/Under Goals,Over 1.5,1.42,,,WON,
2025-10-20T22:30:00+00:00,Serie B,Ferroviária,Paysandu,Over/Under Goals,Over 1.5,1.38,,,WON,
2025-10-20T23:00:00+00:00,Primera A,La Equidad,Deportes Tolima,Over/Under Goals,Under 3.5,1.2,,,WON,
2025-10-20T23:00:00+00:00,Primera Division,Sport Boys,FBC Melgar,Team Total Goals,Over 0.5,1.25,,,LOST,
2025-10-21T00:00:00+00:00,Liga Pro,El Nacional,Deportivo Cuenca,Over/Under Goals,Under 3.5,1.22,,,WON,
2025-10-21T00:00:00+00:00,Primera B Metropolitana,Excursionistas,Deportivo Laferrere,Over/Under Goals,Under 3.5,1.17,,,WON,
2025-10-21T00:15:00+00:00,Primera Division,Atletico Tucuman,San Lorenzo,Double Chance,Draw/Away,1.44,,,WON,
2025-10-21T00:30:00+00:00,Premier League,Arnett Gardens,Tivoli Gardens,Double Chance,Home/Draw,1.22,,,LOST,
2025-10-21T00:30:00+00:00,Serie A,Santos,Vitoria,Team Total Goals,Over 0.5,1.7,,,WON,
2025-10-21T01:10:00+00:00,Primera A,Independiente Medellin,Santa Fe,Over/Under Goals,Over 1.5,1.33,,,WON,
2025-10-21T01:15:00+00:00,Primera Division,Universitario,Ayacucho FC,Over/Under Goals,Under 3.5,1.53,,,WON,
2025-10-21T02:00:00+00:00,Primera División,Guadalupe FC,Sporting San Jose,Over/Under Goals,Under 3.5,1.33,,,LOST,
2025-10-21T07:00:00+00:00,UEFA Youth League,Kairat U19,Pafos U19,Over/Under Goals,Over 2.5,1.53,,,WON,
2025-10-21T07:45:00+00:00,AFC Champions League,Melbourne City,Buriram United,Over/Under Goals,Under 3.5,1.36,,,WON,
2025-10-21T10:00:00+00:00,AFC Champions League,Chengdu Better City,Johor Darul Takzim FC,Over/Under Goals,Over 1.5,1.22,,,WON,
2025-10-21T10:00:00+00:00,AFC Champions League,Ulsan Hyundai FC,Sanfrecce Hiroshima,Team Total Goals,Over 0.5,1.18,,,LOST,
2025-10-21T10:00:00+00:00,UEFA Youth League,Barcelona U19,Olympiakos Piraeus U19,Team Total Goals,Under 2.5,1.67,,,LOST,
2025-10-21T10:00:00+00:00,UEFA Youth League,Villarreal U19,Manchester City U19,Double Chance,Draw/Away,1.18,,,LOST,
2025-10-21T11:00:00+00:00,Erovnuli Liga 2,Rustavi,Samtredia,Double Chance,Home/Draw,1.18,,,WON,
2025-10-21T11:00:00+00:00,Liga Revelação U23,Portimonense U23,Estoril U23,Over/Under Goals,Under 3.5,1.42,,,WON,
2025-10-21T12:00:00+00:00,UEFA Youth League,Arsenal U19,Atlético Madrid U19,Over/Under Goals,Under 3.5,1.53,,,LOST,
2025-10-21T12:00:00+00:00,UEFA Youth League,Bayer Leverkusen U19,PSG U19,Over/Under Goals,Over 2.5,1.44,,,WON,
2025-10-21T12:15:00+00:00,AFC Champions League,SHANGHAI SIPG,Machida Zelvia,Over/Under Goals,Over 1.5,1.18,,,WON,
2025-10-21T12:30:00+00:00,UEFA Youth League,PSV U19,Napoli U19,Team Total Goals,Over 0.5,1.53,,,LOST,
2025-10-21T12:30:00+00:00,UEFA Youth League,R. Union SG U19,Internazionale U19,Team Total Goals,Over 0.5,1.48,,,WON,
2025-10-21T13:00:00+00:00,UEFA Youth League,Newcastle United U19,Benfica U19,1X2 / Match Winner,Away,1.33,,,WON,
2025-10-21T14:00:00+00:00,Erovnuli Liga 2,Dinamo Tbilisi II,Saburtalo II,Over/Under Goals,Over 1.5,1.29,,,WON,
2025-10-21T14:00:00+00:00,Erovnuli Liga 2,Lokomotivi Tbilisi,Meshakhte,Double Chance,Draw/Away,1.57,,,WON,
2025-10-21T14:00:00+00:00,Erovnuli Liga 2,Spaeri,Gonio,Over/Under Goals,Under 3.5,1.3,,,WON,
2025-10-21T14:00:00+00:00,Liga Alef,Hapoel Umm al-Fahm,Tzeirey Tamra,Team Total Goals,Over 0.5,1.19,,,WON,
2025-10-21T14:00:00+00:00,Liga Revelação U23,Academico Viseu U23,Sporting Braga U23,Over/Under Goals,Over 1.5,1.16,,,WON,
2025-10-21T14:00:00+00:00,Liga Revelação U23,Estrela U23,Farense U23,Double Chance,Draw/Away,1.64,,,WON,
2025-10-21T14:00:00+00:00,Liga Revelação U23,Gil Vicente U23,Vizela U23,Asian Handicap,Home +0,1.47,,,WON,
2025-10-21T14:00:00+00:00,Liga Revelação U23,Leixões U23,Rio Ave U23,Double Chance,Home/Draw,1.16,,,WON,
2025-10-21T14:00:00+00:00,Ligue 1,Club Africain,US Monastirienne,Double Chance,Home/Draw,1.19,,,WON,
2025-10-21T14:00:00+00:00,Ligue 2,MC Saida,Béchar Djedid,Over/Under Goals,Under 2.5,1.44,,,LOST,
2025-10-21T14:00:00+00:00,Ligue 2,MO Constantine,MO Bejaia,Double Chance,Draw/Away,1.53,,,WON,
2025-10-21T14:00:00+00:00,Ligue 2,MSP Batna,Khroub,Over/Under Goals,Under 3.5,1.16,,,WON,
2025-10-21T14:00:00+00:00,Ligue 2,RC Kouba,Témouchent,Over/Under Goals,Under 2.5,1.44,,,WON,
2025-10-21T14:00:00+00:00,Ligue 2,US Biskra,CA Batna,Over/Under Goals,Under 2.5,1.44,,,LOST,
2025-10-21T14:00:00+00:00,Ligue 2,US Chaouia,USM Annaba,Double Chance,Home/Draw,1.15,,,WON,
2025-10-21T14:00:00+00:00,Premier League,Pyramids FC,Pharco,Over/Under Goals,Under 3.5,1.3,,,WON,
2025-10-21T14:30:00+00:00,Serie C - Girone A,Inter U23,Renate,Over/Under Goals,Under 3.5,1.3,,,WON,
2025-10-21T15:00:00+00:00,Cup,Dinamo Makhachkala,Spartak Moscow,Over/Under Goals,Under 3.5,1.24,,,LOST,
2025-10-21T15:00:00+00:00,Erovnuli Liga,Dila,Gagra,Over/Under Goals,Under 3.5,1.4,,,LOST,
2025-10-21T15:00:00+00:00,Liga MX U21,Necaxa U21,Cruz Azul U21,Double Chance,Home/Draw,1.44,,,LOST,
2025-10-21T15:00:00+00:00,Meistriliiga,Flora Tallinn,Trans Narva,Over/Under Goals,Under 3.5,1.5,,,LOST,
2025-10-21T15:00:00+00:00,Meistriliiga,Vaprus,Kuressaare,Over/Under Goals,Under 3.5,1.6,,,WON,
2025-10-21T16:00:00+00:00,AFC Champions League,Shabab Al Ahli Dubai,Nasaf,Team Total Goals,Under 2.5,1.48,,,LOST,
2025-10-21T16:00:00+00:00,Erovnuli Liga,Torpedo Kutaisi,Saburtalo,1X2 / Match Winner,Draw,3.2,,,LOST,
2025-10-21T16:00:00+00:00,FNL,Sparta Praha II,Příbram,Over/Under Goals,Under 3.5,1.38,,,WON,
2025-10-21T16:00:00+00:00,FNL,Zbrojovka Brno,Opava,Over/Under Goals,Under 3.5,1.48,,,WON,
2025-10-21T16:45:00+00:00,UEFA Champions League,Barcelona,Olympiakos Piraeus,1X2 / Match Winner,Home,1.21,,,WON,
2025-10-21T16:45:00+00:00,UEFA Champions League,Kairat Almaty,Pafos,Double Chance,Draw/Away,1.45,,,WON,
2025-10-21T17:00:00+00:00,Erovnuli Liga 2,Sioni,Merani Martvili,Over/Under Goals,Under 3.5,1.33,,,WON,
2025-10-21T17:00:00+00:00,Liga Alef,Hapoel Bnei Musmus,Hapoel Ironi Karmiel,Asian Handicap,Home +0.25,1.51,,,WON,
2025-10-21T17:30:00+00:00,Cup,CSKA Moscow,Akron,Over/Under Goals,Over 1.5,1.16,,,WON,
2025-10-21T17:30:00+00:00,National 1,Aubagne,Valenciennes,Over/Under Goals,Under 3.5,1.19,,,WON,
2025-10-21T17:30:00+00:00,National 1,Bourg-en-bresse 01,Fleury 91,Over/Under Goals,Under 2.5,1.53,,,LOST,
2025-10-21T17:30:00+00:00,National 1,Concarneau,Chateauroux,Over/Under Goals,Under 3.5,1.22,,,WON,
2025-10-21T17:30:00+00:00,National 1,Gobelins,Stade Briochin,Over/Under Goals,Under 3.5,1.17,,,WON,
2025-10-21T17:30:00+00:00,National 1,Quevilly,Sochaux,Over/Under Goals,Under 3.5,1.18,,,WON,
2025-10-21T17:30:00+00:00,National 1,Versailles,Dijon,Double Chance,Draw/Away,1.4,,,WON,
2025-10-21T17:30:00+00:00,National 1,Villefranche,Orleans,Over/Under Goals,Under 3.5,1.22,,,WON,
2025-10-21T18:00:00+00:00,EFL Trophy,Barnsley,Manchester United U21,Over/Under Goals,Under 3.5,1.62,,,LOST,
2025-10-21T18:00:00+00:00,EFL Trophy,Stevenage,Crystal Palace U21,Result + Total Goals,Home/Over 2.5,1.64,,,WON,
2025-10-21T18:00:00+00:00,Eerste Divisie,Den Bosch,Helmond Sport,Over/Under Goals,Over 2.5,1.61,,,LOST,
2025-10-21T18:00:00+00:00,Eerste Divisie,FC OSS,Jong Ajax,1X2 / Match Winner,Draw,3.78,,,WON,
2025-10-21T18:00:00+00:00,Eerste Divisie,MVV,Vitesse,Over/Under Goals,Over 2.5,1.55,,,WON,
2025-10-21T18:00:00+00:00,Eerste Divisie,VVV Venlo,Jong Utrecht,Asian Handicap,Away -1.25,1.57,,,WON,
2025-10-21T18:00:00+00:00,National 1,Caen,Rouen,Over/Under Goals,Under 3.5,1.22,,,WON,
2025-10-21T18:00:00+00:00,Tweede Divisie,Sparta Rotterdam II,RKAV Volendam,Double Chance,Home/Draw,1.44,,,LOST,
2025-10-21T18:15:00+00:00,AFC Champions League,Al-Hilal Saudi FC,Al Sadd,Result + Total Goals,Home/Over 1.5,1.33,,,WON,
2025-10-21T18:30:00+00:00,FAW Championship,Caerau (Ely),Newport City,Asian Handicap,Home +0.25,1.44,,,WON,
2025-10-21T18:45:00+00:00,Championship,Airdrie United,Dunfermline,Over/Under Goals,Under 3.5,1.22,,,LOST,
2025-10-21T18:45:00+00:00,Championship,Blackburn,Sheffield Utd,Asian Handicap,Home +0.25,1.55,,,LOST,
2025-10-21T18:45:00+00:00,Championship,Derby,Norwich,Asian Handicap,Home +0.25,1.5,,,WON,
2025-10-21T18:45:00+00:00,Championship,Hull City,Leicester,Double Chance,Draw/Away,1.41,,,LOST,
2025-10-21T18:45:00+00:00,Championship,Ipswich,Charlton,Over/Under Goals,Under 3.5,1.26,,,WON,
2025-10-21T18:45:00+00:00,Championship,Millwall,Stoke City,1X2 / Match Winner,Draw,3.2,,,LOST,
2025-10-21T18:45:00+00:00,Championship,Partick,Ayr Utd,Over/Under Goals,Under 3.5,1.33,,,WON,
2025-10-21T18:45:00+00:00,Championship,Portsmouth,Coventry,Team Total Goals,Over 0.5,1.15,,,WON,
2025-10-21T18:45:00+00:00,Championship,Preston,Birmingham,Asian Handicap,Away -0.25,1.44,,,WON,
2025-10-21T18:45:00+00:00,EFL Trophy,Barnet,Cambridge United,Double Chance,Home/Draw,1.42,,,WON,
2025-10-21T18:45:00+00:00,League Two,Swindon Town,Notts County,BTTS,Yes,1.62,,,WON,
2025-10-21T18:45:00+00:00,National League - North,Alfreton Town,Chester,Over/Under Goals,Under 3.5,1.24,,,WON,
2025-10-21T18:45:00+00:00,National League - North,Bedford Town,Oxford City,Asian Handicap,Home +0.25,1.49,,,WON,
2025-10-21T18:45:00+00:00,National League - North,Hereford,AFC Telford United,Over/Under Goals,Over 1.5,1.21,,,WON,
2025-10-21T18:45:00+00:00,National League - North,Leamington,Macclesfield,Over/Under Goals,Under 3.5,1.33,,,WON,
2025-10-21T18:45:00+00:00,National League - North,Merthyr Town,Kidderminster Harriers,Over/Under Goals,Over 1.5,1.17,,,LOST,
2025-10-21T18:45:00+00:00,National League - North,Peterborough Sports,Buxton,Over/Under Goals,Over 1.5,1.21,,,WON,
2025-10-21T18:45:00+00:00,National League - North,Radcliffe,Darlington 1883,1X2 / Match Winner,Home,1.62,,,WON,
2025-10-21T18:45:00+00:00,National League - North,South Shields,Scarborough Athletic,Over/Under Goals,Under 3.5,1.5,,,LOST,
2025-10-21T18:45:00+00:00,National League - North,Southport,Chorley,Team Total Goals,Over 0.5,1.18,,,WON,
2025-10-21T18:45:00+00:00,National League - North,Spennymoor Town,AFC Fylde,Asian Handicap,Home +0.5,1.58,,,LOST,
2025-10-21T18:45:00+00:00,National League - South,Bath City,AFC Totton,Over/Under Goals,Under 3.5,1.29,,,WON,
2025-10-21T18:45:00+00:00,National League - South,Chesham United,Worthing,Over/Under Goals,Under 3.5,1.36,,,WON,
2025-10-21T18:45:00+00:00,National League - South,Dagenham & Redbridge,Horsham,Over/Under Goals,Under 3.5,1.41,,,WON,
2025-10-21T18:45:00+00:00,National League - South,Dover,Dorking Wanderers,Over/Under Goals,Under 3.5,1.49,,,LOST,
2025-10-21T18:45:00+00:00,National League - South,Enfield Town,Ebbsfleet United,Team Total Goals,Over 0.5,1.17,,,WON,
2025-10-21T18:45:00+00:00,National League - South,Hampton & Richmond,Hemel Hempstead Town,Over/Under Goals,Over 1.5,1.16,,,WON,
2025-10-21T18:45:00+00:00,National League - South,Maidenhead,Tonbridge Angels,Over/Under Goals,Under 3.5,1.44,,,WON,
2025-10-21T18:45:00+00:00,National League - South,Maidstone Utd,Eastbourne Borough,Over/Under Goals,Under 3.5,1.33,,,WON,
2025-10-21T18:45:00+00:00,National League - South,Salisbury,Farnborough,Over/Under Goals,Under 3.5,1.36,,,WON,
2025-10-21T18:45:00+00:00,National League - South,Torquay,Chippenham Town,Over/Under Goals,Under 3.5,1.64,,,WON,
2025-10-21T18:45:00+00:00,National League,Boston United,Morecambe,Over/Under Goals,Under 3.5,1.44,,,LOST,
2025-10-21T18:45:00+00:00,National League,Eastleigh,Scunthorpe,Over/Under Goals,Under 3.5,1.28,,,WON,
2025-10-21T18:45:00+00:00,National League,York,Boreham Wood,Over/Under Goals,Under 3.5,1.5,,,LOST,
2025-10-21T18:45:00+00:00,Non League Premier - Isthmian,Folkestone Invicta,Lewes,Over/Under Goals,Over 1.5,1.19,,,WON,
2025-10-21T18:45:00+00:00,Non League Premier - Northern,Hyde United,Stocksbridge Park Steels,Asian Handicap,Home +0,1.49,,,WON,
2025-10-21T18:45:00+00:00,Non League Premier - Southern Central,Banbury United,Kettering Town,Double Chance,Home/Draw,1.44,,,LOST,
2025-10-21T18:45:00+00:00,Non League Premier - Southern Central,Harborough Town,Stratford Town,Asian Handicap,Away -1.25,1.52,,,WON,
2025-10-21T18:45:00+00:00,Non League Premier - Southern Central,Leiston,AFC Sudbury,Double Chance,Home/Draw,1.22,,,WON,
2025-10-21T18:45:00+00:00,Non League Premier - Southern Central,Quorn,Halesowen Town,Double Chance,Draw/Away,1.5,,,WON,
2025-10-21T18:45:00+00:00,Non League Premier - Southern Central,Real Bedford,Stourbridge,Over/Under Goals,Over 2.5,1.7,,,WON,
2025-10-21T18:45:00+00:00,Non League Premier - Southern Central,Spalding United,Royston Town,Over/Under Goals,Over 1.5,1.15,,,WON,
2025-10-21T18:45:00+00:00,Non League Premier - Southern Central,Worcester City,Bromsgrove Sporting,Over/Under Goals,Under 3.5,1.36,,,WON,
2025-10-21T18:45:00+00:00,Non League Premier - Southern South,Chertsey Town,Sholing,Double Chance,Home/Draw,1.4,,,WON,
2025-10-21T18:45:00+00:00,Non League Premier - Southern South,Dorchester Town,Basingstoke Town,Over/Under Goals,Under 3.5,1.48,,,WON,
2025-10-21T18:45:00+00:00,Non League Premier - Southern South,Farnham Town,Walton & Hersham,Double Chance,Draw/Away,1.53,,,WON,
2025-10-21T18:45:00+00:00,Non League Premier - Southern South,Gloucester City,Berkhamsted,Over/Under Goals,Under 3.5,1.55,,,LOST,
2025-10-21T19:00:00+00:00,Championship,Bristol City,Southampton,Over/Under Goals,Over 1.5,1.22,,,WON,
2025-10-21T19:00:00+00:00,League One,Reading,Northampton,Over/Under Goals,Under 2.5,1.89,,,WON,
2025-10-21T19:00:00+00:00,UEFA Champions League,Arsenal,Atletico Madrid,Over/Under Goals,Over 1.5,1.3,,,WON,
2025-10-21T19:00:00+00:00,UEFA Champions League,Bayer Leverkusen,Paris Saint Germain,Over/Under Goals,Under 3.5,1.57,,,LOST,
2025-10-21T19:00:00+00:00,UEFA Champions League,FC Copenhagen,Borussia Dortmund,Over/Under Goals,Over 1.5,1.25,,,WON,
2025-10-21T19:00:00+00:00,UEFA Champions League,Newcastle,Benfica,Over/Under Goals,Over 1.5,1.22,,,WON,
2025-10-21T19:00:00+00:00,UEFA Champions League,PSV Eindhoven,Napoli,BTTS,Yes,1.5,,,WON,
2025-10-21T19:00:00+00:00,UEFA Champions League,Union St. Gilloise,Inter,Over/Under Goals,Over 1.5,1.22,,,WON,
2025-10-21T19:00:00+00:00,UEFA Champions League,Villarreal,Manchester City,Over/Under Goals,Over 1.5,1.2,,,WON,
2025-10-21T20:45:00+00:00,Primera B,Huila,Real Soacha,Over/Under Goals,Under 2.5,1.57,,,WON,
2025-10-21T22:15:00+00:00,Primera Division,Union Santa Fe,Defensa Y Justicia,Over/Under Goals,Under 3.5,1.17,,,WON,
2025-10-21T22:30:00+00:00,USL League One,Portland Hearts of Pine,Spokane Velocity,Double Chance,Home/Draw,1.42,,,WON,
2025-10-21T23:00:00+00:00,Primera A,Millonarios,Bucaramanga,Over/Under Goals,Under 3.5,1.2,,,WON,
2025-10-22T00:30:00+00:00,CONMEBOL Sudamericana,Independiente del Valle,Atletico-MG,Over/Under Goals,Under 3.5,1.22,,,WON,
2025-10-22T01:00:00+00:00,Liga MX,Club America,Puebla,Over/Under Goals,Over 1.5,1.17,,,WON,
2025-10-22T01:00:00+00:00,Liga MX,Necaxa,Cruz Azul,Over/Under Goals,Over 1.5,1.18,,,WON,
2025-10-22T03:00:00+00:00,Liga MX,Mazatlán,Santos Laguna,Over/Under Goals,Over 1.5,1.22,,,WON,
2025-10-22T03:05:00+00:00,Liga MX,Monterrey,FC Juarez,Over/Under Goals,Over 1.5,1.22,,,WON,
2025-10-22T08:30:00+00:00,Liga 1,PSIM Yogyakarta,Dewa United,Over/Under Goals,Under 3.5,1.3,,,WON,
2025-10-22T09:00:00+00:00,1a Divisió,Ordino,UE Santa Coloma,Over/Under Goals,Under 3.5,1.43,,,WON,
2025-10-22T10:00:00+00:00,1. Liga U19,Zbrojovka Brno U19,Sparta Praha U19,1X2 / Match Winner,Away,1.65,,,WON,
2025-10-22T10:00:00+00:00,AFC Champions League,Gangwon FC,Vissel Kobe,Team Total Goals,Under 2.5,1.17,,,LOST,
2025-10-22T10:00:00+00:00,AFC Cup,Gamba Osaka,Nam Dinh,1X2 / Match Winner,Home,1.38,,,WON,
2025-10-22T10:00:00+00:00,Birinci Dasta,MOIK,Baku Sportinq,Double Chance,Draw/Away,1.67,,,WON,
2025-10-22T10:00:00+00:00,Birinci Dasta,Şimal,Difai Ağsu,Double Chance,Home/Draw,1.48,,,LOST,
2025-10-22T12:15:00+00:00,AFC Champions League,Shanghai Shenhua,FC Seoul,Over/Under Goals,Over 1.5,1.2,,,WON,
2025-10-22T12:15:00+00:00,AFC Cup,Ratchaburi,Eastern,Over/Under Goals,Under 3.5,1.6,,,LOST,
2025-10-22T12:30:00+00:00,1a Divisió,FC Santa Coloma,Penya Encarnada,Over/Under Goals,Over 1.5,1.18,,,LOST,
2025-10-22T12:30:00+00:00,Cup,Malženice,AS Trencin,Team Total Goals,Under 2.5,1.52,,,LOST,
2025-10-22T12:30:00+00:00,Serie C - Girone B,Juventus U23,Campobasso FC,Double Chance,Draw/Away,1.58,,,WON,
2025-10-22T12:45:00+00:00,Cup,Lokomotíva Zvolen,Ružomberok,Double Chance,Draw/Away,1.17,,,WON,
2025-10-22T13:00:00+00:00,Coppa Italia Serie D,Rovato Vertovese,Este,Asian Handicap,Home +0.25,1.41,,,LOST,
2025-10-22T13:00:00+00:00,Serie D - Girone C,Vigasio,Mestre,1X2 / Match Winner,Draw,3.0,,,WON,
2025-10-22T13:30:00+00:00,4. liga - Divizie C,Spartak Police n/Metují,Přepeře,Double Chance,Draw/Away,1.17,,,WON,
2025-10-22T13:45:00+00:00,AFC Cup,Andijan,Khalidiya,Over/Under Goals,Under 3.5,1.18,,,WON,
2025-10-22T13:45:00+00:00,AFC Cup,Istiqlol,Al Zawra'a,Double Chance,Home/Draw,1.5,,,WON,
2025-10-22T14:00:00+00:00,Campeonato de Portugal Prio - Group A,Vilaverdense,Mirandela,Double Chance,Draw/Away,1.44,,,LOST,
2025-10-22T14:00:00+00:00,III Liga - Group 2,Wybrzeże Rewalskie Rewal,Lech Poznań II,1X2 / Match Winner,Away,1.43,,,WON,
2025-10-22T14:00:00+00:00,Ligue 1,CA Bizertin,Stade Tunisien,Over/Under Goals,Under 2.5,1.5,,,WON,
2025-10-22T14:00:00+00:00,Ligue 1,ES Sahel,Olympique Béja,Over/Under Goals,Under 3.5,1.17,,,WON,
2025-10-22T14:00:00+00:00,Ligue 1,ES Zarzis,ES Tunis,Over/Under Goals,Under 3.5,1.2,,,WON,
2025-10-22T14:40:00+00:00,Division 1,Al Jubail,Al Taee,Over/Under Goals,Under 2.5,1.65,,,LOST,
2025-10-22T15:00:00+00:00,1st League - RS,Sutjeska Foča,Slavija,Double Chance,Draw/Away,1.57,,,WON,
2025-10-22T15:00:00+00:00,AGCFF Gulf Champions League,Sitra,Zakho,Over/Under Goals,Under 3.5,1.2,,,WON,
2025-10-22T15:00:00+00:00,Cup,Dynamo,Krylia Sovetov,Over/Under Goals,Over 1.5,1.16,,,WON,
2025-10-22T15:00:00+00:00,Esiliiga B,Nõmme United II,Johvi Phoenix,Over/Under Goals,Over 2.5,1.33,,,WON,
2025-10-22T15:00:00+00:00,Meistriliiga,Laagri,Tammeka,Asian Handicap,Home +0.25,1.57,,,WON,
2025-10-22T15:00:00+00:00,Meistriliiga,Tallinna Kalev,Kalju Nomme,1X2 / Match Winner,Away,1.23,,,WON,
2025-10-22T15:00:00+00:00,Veikkausliiga,Inter Turku,Gnistan,Over/Under Goals,Under 3.5,1.72,,,WON,
2025-10-22T15:15:00+00:00,Liga MX U21,Pachuca U21,Tigres UANL U21,Double Chance,Draw/Away,1.53,,,LOST,
2025-10-22T15:20:00+00:00,Division 1,Al Jandal,Al Jabalain,Team Total Goals,Over 0.5,1.15,,,WON,
2025-10-22T15:30:00+00:00,A Lyga,Šiauliai,Banga,Double Chance,Home/Draw,1.15,,,LOST,
2025-10-22T15:30:00+00:00,AGCFF Gulf Champions League,Al-Nahda,Al-Rayyan SC,Team Total Goals,Over 0.5,1.57,,,WON,
2025-10-22T15:30:00+00:00,II Liga - East,Chojniczanka Chojnice,Hutnik Kraków,Over/Under Goals,Under 3.5,1.57,,,WON,
2025-10-22T16:00:00+00:00,1. Division,Aalesund,Lyn,Asian Handicap,Away -1.25,1.4,,,WON,
2025-10-22T16:00:00+00:00,1. Division,Egersund,Moss,Team Total Goals,Over 1.5,1.67,,,WON,
2025-10-22T16:00:00+00:00,1. Division,Kongsvinger,hodd,Over/Under Goals,Over 1.5,1.16,,,WON,
2025-10-22T16:00:00+00:00,1. Division,ODD Ballklubb,Lillestrom,Over/Under Goals,Over 1.5,1.17,,,WON,
2025-10-22T16:00:00+00:00,1. Division,Ranheim,Mjondalen,1X2 / Match Winner,Home,1.56,,,WON,
2025-10-22T16:00:00+00:00,1. Division,Raufoss,Sogndal,Over/Under Goals,Under 3.5,1.44,,,LOST,
2025-10-22T16:00:00+00:00,1. Division,Stabaek,Asane,Over/Under Goals,Over 1.5,1.16,,,WON,
2025-10-22T16:00:00+00:00,1. Division,Start,Skeid,Over/Under Goals,Under 3.5,1.74,,,WON,
2025-10-22T16:00:00+00:00,A Lyga,Kauno Žalgiris,FK Zalgiris Vilnius,Double Chance,Draw/Away,1.7,,,WON,
2025-10-22T16:00:00+00:00,A Lyga,Panevėžys,FK Trakai,1X2 / Match Winner,Draw,4.15,,,LOST,
2025-10-22T16:00:00+00:00,AFC Cup,Al Ahli Doha,Arkadag,Over/Under Goals,Under 3.5,1.36,,,LOST,
2025-10-22T16:00:00+00:00,AFC Cup,Esteghlal FC,Al Wihdat,Over/Under Goals,Under 3.5,1.3,,,WON,
2025-10-22T16:00:00+00:00,Cup,Zlaté Moravce,FK Košice,Asian Handicap,Home +1.25,1.45,,,LOST,
2025-10-22T16:00:00+00:00,DBU Pokalen,Brønshøj,Odense,1X2 / Match Winner,Draw,4.95,,,LOST,
2025-10-22T16:00:00+00:00,Liga Nacional,Aurora,Mictlán,1X2 / Match Winner,Home,1.66,,,WON,
2025-10-22T16:00:00+00:00,Meistriliiga,FC Levadia Tallinn,Paide,Double Chance,Home/Draw,1.15,,,LOST,
2025-10-22T16:00:00+00:00,Veikkausliiga,HJK helsinki,SJK,Team Total Goals,Over 0.5,1.22,,,WON,
2025-10-22T16:30:00+00:00,Czech Liga,Bohemians 1905,Mlada Boleslav,1X2 / Match Winner,Draw,3.6,,,WON,
2025-10-22T16:30:00+00:00,Premier League,Inter Nouakchott,Gendrim,Double Chance,Draw/Away,1.5,,,WON,
2025-10-22T16:45:00+00:00,UEFA Champions League,Athletic Club,Qarabag,Over/Under Goals,Under 3.5,1.53,,,LOST,
2025-10-22T16:45:00+00:00,UEFA Champions League,Galatasaray,Bodo/Glimt,1X2 / Match Winner,Home,1.59,,,WON,
2025-10-22T17:00:00+00:00,Division 1,Al Arabi SC,Al-Raed,Asian Handicap,Home +1.25,1.44,,,WON,
2025-10-22T17:00:00+00:00,Premier League,AL Masry,Smouha SC,Over/Under Goals,Under 3.5,1.17,,,WON,
2025-10-22T17:00:00+00:00,Primera División RFEF - Group 2,Hércules,Atlético Madrid II,Over/Under Goals,Under 3.5,1.17,,,WON,
2025-10-22T17:00:00+00:00,Regionalliga - Nord,Schöningen,Bremer SV,Over/Under Goals,Over 2.5,1.44,,,WON,
2025-10-22T17:00:00+00:00,Super Lig,Konyaspor,Besiktas,Over/Under Goals,Over 1.5,1.22,,,WON,
2025-10-22T17:00:00+00:00,Super Lig,Rizespor,Istanbul Basaksehir,Double Chance,Draw/Away,1.48,,,WON,
2025-10-22T17:30:00+00:00,Cup,FC Rostov,Nizhny Novgorod,Over/Under Goals,Under 3.5,1.31,,,LOST,
2025-10-22T17:30:00+00:00,Cup,Zenit,FC Orenburg,1X2 / Match Winner,Home,1.22,,,WON,
2025-10-22T17:30:00+00:00,Premier Soccer League,Kaizer Chiefs,Siwelele,Over/Under Goals,Under 2.5,1.5,,,WON,
2025-10-22T17:30:00+00:00,Premier Soccer League,Orlando Pirates,Polokwane City,Over/Under Goals,Under 3.5,1.17,,,WON,
2025-10-22T17:30:00+00:00,Premier Soccer League,Stellenbosch,Golden Arrows,Over/Under Goals,Under 2.5,1.45,,,LOST,
2025-10-22T18:00:00+00:00,II Liga - East,Zaglebie Sosnowiec,Podbeskidzie,Over/Under Goals,Under 3.5,1.3,,,WON,
2025-10-22T18:00:00+00:00,Reserve League,Banfield Res.,Aldosivi Res.,Over/Under Goals,Under 3.5,1.17,,,LOST,
2025-10-22T18:00:00+00:00,Reserve League,Deportivo Riestra Res.,Independiente Res.,Team Total Goals,Over 0.5,1.25,,,WON,
2025-10-22T18:00:00+00:00,Reserve League,Rosario Central Res.,San Lorenzo Res.,Team Total Goals,Over 0.5,1.19,,,WON,
2025-10-22T18:00:00+00:00,Tercera División RFEF - Group 11,Alcúdia,Platges Calvià,Over/Under Goals,Under 3.5,1.42,,,WON,
2025-10-22T18:15:00+00:00,AFC Cup,Muharraq,Al-Wasl FC,Team Total Goals,Over 0.5,1.48,,,LOST,
2025-10-22T18:30:00+00:00,Coppa Italia Serie D,Pistoiese,Vado,Over/Under Goals,Under 3.5,1.17,,,WON,
2025-10-22T18:30:00+00:00,Coppa Italia Serie D,Reggina,Nocerina,Double Chance,Home/Draw,1.17,,,LOST,
2025-10-22T18:30:00+00:00,Tercera División RFEF - Group 6,RC Catarroja,Levante II,Double Chance,Home/Draw,1.6,,,LOST,
2025-10-22T18:45:00+00:00,Championship,Swansea,QPR,Team Total Goals,Over 0.5,1.5,,,WON,
2025-10-22T18:45:00+00:00,Championship,Watford,West Brom,Asian Handicap,Home +0.25,1.68,,,WON,
2025-10-22T18:45:00+00:00,Championship,Wrexham,Oxford United,Over/Under Goals,Under 3.5,1.33,,,WON,
2025-10-22T18:45:00+00:00,Non League Premier - Southern Central,Needham Market,Bury Town,Double Chance,Home/Draw,1.2,,,WON,
2025-10-22T18:45:00+00:00,Non League Premier - Southern South,Gosport Borough,Bracknell Town,Over/Under Goals,Over 1.5,1.18,,,WON,
2025-10-22T18:45:00+00:00,Non League Premier - Southern South,Havant & Wville,Hanwell Town,Over/Under Goals,Over 1.5,1.16,,,WON,
2025-10-22T18:45:00+00:00,Non League Premier - Southern South,Taunton Town,Poole Town,Double Chance,Draw/Away,1.5,,,WON,
2025-10-22T19:00:00+00:00,Championship,Sheffield Wednesday,Middlesbrough,Over/Under Goals,Under 3.5,1.33,,,WON,
2025-10-22T19:00:00+00:00,UEFA Champions League,Atalanta,Slavia Praha,Over/Under Goals,Over 1.5,1.17,,,LOST,
2025-10-22T19:00:00+00:00,UEFA Champions League,Bayern München,Club Brugge KV,Over/Under Goals,Over 2.5,1.33,,,WON,
2025-10-22T19:00:00+00:00,UEFA Champions League,Chelsea,Ajax,Team Total Goals,Over 0.5,1.67,,,WON,
2025-10-22T19:00:00+00:00,UEFA Champions League,Eintracht Frankfurt,Liverpool,Over/Under Goals,Over 2.5,1.4,,,WON,
2025-10-22T19:00:00+00:00,UEFA Champions League,Monaco,Tottenham,Over/Under Goals,Over 1.5,1.2,,,LOST,
2025-10-22T19:00:00+00:00,UEFA Champions League,Real Madrid,Juventus,1X2 / Match Winner,Home,1.6,,,WON,
2025-10-22T19:00:00+00:00,UEFA Champions League,Sporting CP,Marseille,Over/Under Goals,Over 1.5,1.2,,,WON,
2025-10-22T20:00:00+00:00,Copa Paraguay,Nacional Asuncion,12 de Octubre,Over/Under Goals,Under 3.5,1.45,,,WON,
2025-10-22T20:00:00+00:00,Liga Pro Serie B,Chacaritas,Vargas Torres,1X2 / Match Winner,Draw,3.12,,,LOST,
2025-10-22T20:00:00+00:00,Liga Pro Serie B,Cumbayá,Atlético Vinotinto,1X2 / Match Winner,Draw,3.1,,,WON,
2025-10-22T20:30:00+00:00,Liga Nacional,Achuapa,Mixco,Over/Under Goals,Under 3.5,1.19,,,LOST,
2025-10-22T21:30:00+00:00,Primera División,Carabobo FC,Metropolitanos FC,Team Total Goals,Under 2.5,1.3,,,WON,
2025-10-22T22:00:00+00:00,Primera Division,Rancho Santana,Walter Ferretti,Over/Under Goals,Over 1.5,1.18,,,WON,
2025-10-22T22:00:00+00:00,Reserve League,Atlético Tucumán Res.,Godoy Cruz Res.,Over/Under Goals,Under 3.5,1.24,,,WON,
2025-10-22T22:00:00+00:00,Serie A,Bahia,Internacional,Asian Handicap,Home +0,1.4,,,WON,
2025-10-22T22:30:00+00:00,Primera Division,Huracan,Central Cordoba de Santiago,Over/Under Goals,Under 2.5,1.4,,,WON,
2025-10-22T23:00:00+00:00,Copa Colombia,Atletico Nacional,Once Caldas,Over/Under Goals,Under 3.5,1.3,,,WON,
2025-10-22T23:30:00+00:00,Primera División,Deportivo Tachira FC,Caracas FC,Over/Under Goals,Under 2.5,1.6,,,LOST,
2025-10-23T00:00:00+00:00,Liga de Ascenso,Aserri FC,Pitbulls Santa Barbara FC,Over/Under Goals,Under 3.5,1.18,,,WON,
2025-10-23T00:00:00+00:00,Primera Division,Diriangén,Matagalpa,Over/Under Goals,Under 3.5,1.5,,,LOST,
2025-10-23T00:30:00+00:00,CONMEBOL Libertadores,Flamengo,Racing Club,Over/Under Goals,Under 3.5,1.28,,,WON,
2025-10-23T00:30:00+00:00,Major League Soccer,Chicago Fire,Orlando City SC,BTTS,Yes,1.44,,,WON,
2025-10-23T01:00:00+00:00,Liga MX,Club Queretaro,Guadalajara Chivas,Over/Under Goals,Under 3.5,1.36,,,WON,
2025-10-23T01:00:00+00:00,Liga MX,Pachuca,Tigres UANL,Over/Under Goals,Under 3.5,1.33,,,WON,
2025-10-23T01:30:00+00:00,Primera Division,Águila,FAS,Double Chance,Draw/Away,1.49,,,WON,
2025-10-23T02:00:00+00:00,USL Championship,Sacramento Republic,Charleston Battery,Over/Under Goals,Under 3.5,1.28,,,WON,
2025-10-23T02:30:00+00:00,Major League Soccer,Portland Timbers,Real Salt Lake,1X2 / Match Winner,Draw,3.75,,,LOST,
2025-10-23T03:00:00+00:00,Liga MX,Atlas,Leon,Asian Handicap,Home +0.25,1.65,,,WON,
2025-10-23T03:00:00+00:00,Liga MX,Club Tijuana,Toluca,Over/Under Goals,Over 1.5,1.18,,,LOST,
2025-10-23T03:05:00+00:00,Liga MX,U.N.A.M. - Pumas,Atletico San Luis,Over/Under Goals,Under 3.5,1.44,,,WON,
2025-10-23T10:00:00+00:00,AFC Cup,Kaya,Bangkok Glass,Over/Under Goals,Under 3.5,1.22,,,WON,
2025-10-23T10:00:00+00:00,AFC Cup,Tampines Rovers,Pohang Steelers,Over/Under Goals,Over 1.5,1.25,,,LOST,
2025-10-23T10:00:00+00:00,AFC Cup,Wofoo Tai Po,Beijing Guoan,Team Total Goals,Over 0.5,1.45,,,WON,
2025-10-23T10:00:00+00:00,Birinci Dasta,Cəbrayıl,Şahdağ,Double Chance,Home/Draw,1.44,,,WON,
2025-10-23T10:00:00+00:00,Birinci Dasta,Safa Baku,Səbail,Double Chance,Draw/Away,1.53,,,WON,
2025-10-23T10:00:00+00:00,Birinci Dasta,Zaqatala,Mingəçevir,Double Chance,Draw/Away,1.48,,,WON,
2025-10-23T12:15:00+00:00,AFC Cup,Bangkok United,Home United,Over/Under Goals,Under 3.5,1.55,,,WON,
2025-10-23T12:15:00+00:00,AFC Cup,Công An Nhân Dân,Macarthur,Over/Under Goals,Under 3.5,1.6,,,WON,
2025-10-23T12:15:00+00:00,AFC Cup,Persib Bandung,Selangor,Over/Under Goals,Over 1.5,1.18,,,WON,
2025-10-23T12:30:00+00:00,Second League,Abu Qair Semad,Maleyet Kafr El Zayiat,Team Total Goals,Under 2.5,1.48,,,WON,
2025-10-23T12:30:00+00:00,Second League,Asyut Petrol,Proxy,Over/Under Goals,Under 2.5,1.36,,,WON,
2025-10-23T12:30:00+00:00,Second League,Baladiyyat Al Mehalla,Masar,Over/Under Goals,Under 3.5,1.15,,,WON,
2025-10-23T12:30:00+00:00,Second League,El Entag EL Harby,El Dakhleya,Double Chance,Draw/Away,1.44,,,WON,
2025-10-23T12:30:00+00:00,Second League,El Seka El Hadid,Olympic El Qanah,Over/Under Goals,Under 2.5,1.36,,,WON,
2025-10-23T12:30:00+00:00,Second League,Tanta SC,Aswan Sc,BTTS,No,1.55,,,WON,
2025-10-23T13:00:00+00:00,Super League,Xorazm,Pakhtakor,Over/Under Goals,Under 3.5,1.22,,,WON,
2025-10-23T13:30:00+00:00,Super League,Buxoro,Sogdiana,Double Chance,Draw/Away,1.44,,,LOST,
2025-10-23T14:00:00+00:00,Esiliiga A,Tallinna Kalev II,Flora II,Double Chance,Draw/Away,1.62,,,WON,
2025-10-23T14:55:00+00:00,Pro League,Al Riyadh,Al Kholood,Over/Under Goals,Over 2.5,1.93,,,LOST,
2025-10-23T15:00:00+00:00,Esiliiga A,FC Tallinn,Nõmme United,1X2 / Match Winner,Away,1.18,,,WON,
2025-10-23T15:00:00+00:00,Esiliiga A,Luunja,Viimsi,Over/Under Goals,Under 3.5,2.9,,,LOST,
2025-10-23T15:00:00+00:00,Esiliiga A,Tartu Welco,Nõmme Kalju II,Team Total Goals,Under 2.5,1.65,,,LOST,
2025-10-23T15:00:00+00:00,Pro League,Al-Fayha,Al Taawon,Over/Under Goals,Under 3.5,1.25,,,WON,
2025-10-23T15:30:00+00:00,A Lyga,Hegelmann Litauen,Džiugas Telšiai,Over/Under Goals,Under 3.5,1.41,,,LOST,
2025-10-23T15:30:00+00:00,Cup,FC Krasnodar,FC Sochi,Over/Under Goals,Under 3.5,1.41,,,WON,
2025-10-23T15:30:00+00:00,UEFA Youth League,HJK U19,Trabzonspor U19,Double Chance,Home/Draw,1.67,,,WON,
2025-10-23T15:30:00+00:00,Veikkausliiga,Turku PS,Kooteepee,Over/Under Goals,Under 3.5,1.25,,,WON,
2025-10-23T16:00:00+00:00,A Lyga,Suduva Marijampole,Dainava,Team Total Goals,Under 2.5,1.36,,,WON,
2025-10-23T16:00:00+00:00,Esiliiga A,FCI Levadia II,Elva,Double Chance,Home/Draw,1.64,,,WON,
2025-10-23T16:30:00+00:00,1. Division,Hvidovre,HB Koge,Over/Under Goals,Under 3.5,1.53,,,LOST,
2025-10-23T16:45:00+00:00,UEFA Europa Conference League,AZ Alkmaar,Slovan Bratislava,Over/Under Goals,Over 1.5,1.15,,,LOST,
2025-10-23T16:45:00+00:00,UEFA Europa Conference League,BK Hacken,Rayo Vallecano,Over/Under Goals,Over 1.5,1.22,,,WON,
2025-10-23T16:45:00+00:00,UEFA Europa Conference League,Breidablik,KuPS,Double Chance,Draw/Away,1.67,,,WON,
2025-10-23T16:45:00+00:00,UEFA Europa Conference League,Drita,Omonia Nicosia,Team Total Goals,Under 2.5,1.25,,,WON,
2025-10-23T16:45:00+00:00,UEFA Europa Conference League,HNK Rijeka,Sparta Praha,Team Total Goals,Over 0.5,1.2,,,LOST,
2025-10-23T16:45:00+00:00,UEFA Europa Conference League,Rapid Vienna,Fiorentina,Team Total Goals,Over 0.5,1.18,,,WON,
2025-10-23T16:45:00+00:00,UEFA Europa Conference League,Shakhtar Donetsk,Legia Warszawa,Over/Under Goals,Under 3.5,1.4,,,WON,
2025-10-23T16:45:00+00:00,UEFA Europa Conference League,Shkendija,Shelbourne,Over/Under Goals,Under 2.5,1.75,,,WON,
2025-10-23T16:45:00+00:00,UEFA Europa Conference League,Strasbourg,Jagiellonia,Over/Under Goals,Over 1.5,1.18,,,WON,
2025-10-23T16:45:00+00:00,UEFA Europa League,Brann,Rangers,Double Chance,Draw/Away,1.65,,,LOST,
2025-10-23T16:45:00+00:00,UEFA Europa League,FCSB,Bologna,Team Total Goals,Over 0.5,1.17,,,WON,
2025-10-23T16:45:00+00:00,UEFA Europa League,Fenerbahce,VfB Stuttgart,Over/Under Goals,Under 3.5,1.53,,,WON,
2025-10-23T16:45:00+00:00,UEFA Europa League,GO Ahead Eagles,Aston Villa,1X2 / Match Winner,Away,1.56,,,LOST,
2025-10-23T16:45:00+00:00,UEFA Europa League,Genk,Real Betis,Double Chance,Draw/Away,1.4,,,WON,
2025-10-23T16:45:00+00:00,UEFA Europa League,Lyon,FC Basel 1893,Over/Under Goals,Over 1.5,1.17,,,WON,
2025-10-23T16:45:00+00:00,UEFA Europa League,Red Bull Salzburg,Ferencvarosi TC,Over/Under Goals,Under 3.5,1.4,,,LOST,
2025-10-23T16:45:00+00:00,UEFA Europa League,SC Braga,FK Crvena Zvezda,Over/Under Goals,Over 1.5,1.28,,,WON,
2025-10-23T18:00:00+00:00,Pro League,Al Najma,Al-Ahli Jeddah,Over/Under Goals,Over 2.5,1.5,,,LOST,
2025-10-23T18:00:00+00:00,Reserve League,Huracán Res.,Newell's Old Boys Res.,Over/Under Goals,Under 3.5,1.21,,,WON,
2025-10-23T18:00:00+00:00,Reserve League,Independiente Riva. Res.,Central Córdoba SdE Res.,Asian Handicap,Home +0,1.4,,,WON,
2025-10-23T18:00:00+00:00,Reserve League,Racing Club Res.,Defensa y Justicia Res.,Over/Under Goals,Under 3.5,1.25,,,LOST,
2025-10-23T18:00:00+00:00,Reserve League,Unión Santa Fe Res.,Barracas Central Res.,Team Total Goals,Under 2.5,1.15,,,WON,
2025-10-23T18:30:00+00:00,Primera C,Deportivo Español,Ituzaingó,Double Chance,Draw/Away,1.53,,,WON,
2025-10-23T18:30:00+00:00,Primera C,Leandro N. Alem,Sportivo Barracas,Over/Under Goals,Under 2.5,1.33,,,WON,
2025-10-23T19:00:00+00:00,League One,Exeter City,Plymouth,Over/Under Goals,Under 3.5,1.36,,,WON,
2025-10-23T19:00:00+00:00,UEFA Europa Conference League,Lincoln Red Imps FC,Lech Poznan,Over/Under Goals,Over 1.5,1.17,,,WON,
2025-10-23T19:00:00+00:00,UEFA Europa Conference League,Sigma Olomouc,Raków Częstochowa,Over/Under Goals,Under 3.5,1.28,,,WON,
2025-10-23T19:00:00+00:00,UEFA Europa League,Celta Vigo,Nice,Over/Under Goals,Over 1.5,1.25,,,WON,
2025-10-23T19:00:00+00:00,UEFA Europa League,Feyenoord,Panathinaikos,Over/Under Goals,Under 3.5,1.4,,,LOST,
2025-10-23T22:00:00+00:00,CONMEBOL Sudamericana,Universidad de Chile,Lanus,Over/Under Goals,Under 3.5,1.17,,,LOST,
2025-10-23T23:00:00+00:00,Friendlies Women,USA W,Portugal W,Team Total Goals,Over 1.5,1.17,,,LOST,
2025-10-24T00:10:00+00:00,Copa Argentina,Belgrano Cordoba,Argentinos JRS,Over/Under Goals,Under 3.5,1.16,,,WON,
2025-10-24T00:30:00+00:00,CONMEBOL Libertadores,LDU de Quito,Palmeiras,Asian Handicap,Away -0.5,1.4,,,LOST,
2025-10-24T01:00:00+00:00,Liga de Expansión MX,Venados FC,CDS Tampico Madero,Over/Under Goals,Over 1.5,1.33,,,WON,
2025-10-24T01:00:00+00:00,Primera Division,Sporting Cristal,Universitario,Team Total Goals,Over 0.5,1.28,,,WON,
2025-10-24T02:00:00+00:00,Concacaf Central American Cup,LD Alajuelense,CD Olimpia,Team Total Goals,Over 0.5,1.42,,,WON,
2025-10-24T08:30:00+00:00,Liga 1,PSBS Biak Numfor,Persebaya Surabaya,Over/Under Goals,Under 3.5,1.28,,,WON,
2025-10-24T08:35:00+00:00,A-League,Newcastle Jets,Melbourne Victory,Asian Handicap,Home +0.5,1.7,,,WON,
2025-10-24T08:35:00+00:00,Australian Championship,Preston Lions,Avondale,1X2 / Match Winner,Away,1.68,,,LOST,
2025-10-24T09:00:00+00:00,1. Division,AKAS,Kaspiy,1X2 / Match Winner,Away,1.52,,,WON,
2025-10-24T09:00:00+00:00,1. Division,Aktobe Jas,Khan Tengri,Double Chance,Home/Draw,1.6,,,WON,
2025-10-24T09:00:00+00:00,1. Division,Ekibastuz,Irtysh,1X2 / Match Winner,Away,1.35,,,WON,
2025-10-24T09:00:00+00:00,1. Division,Sport Academy Kairat,SD Family,1X2 / Match Winner,Home,1.45,,,WON,
2025-10-24T09:00:00+00:00,1. Division,Zhetisay,Taraz,Double Chance,Draw/Away,1.75,,,WON,
2025-10-24T10:00:00+00:00,J3 League,Osaka,Tochigi SC,Over/Under Goals,Under 3.5,1.25,,,WON,
2025-10-24T10:00:00+00:00,Liga Alef,Tzeirei Kafr Kanna,Tzeirei Umm al-Fahm,Over/Under Goals,Under 2.5,1.65,,,LOST,
2025-10-24T10:00:00+00:00,Youth Championship,Akademiya Konoplev U20,Ural U20,Team Total Goals,Over 0.5,1.25,,,LOST,
2025-10-24T10:00:00+00:00,Youth Championship,Krylya Sovetov U19,Sochi U20,Over/Under Goals,Under 3.5,1.61,,,WON,
2025-10-24T10:00:00+00:00,Youth Championship,Lokomotiv Moskva U19,Baltika U19,1X2 / Match Winner,Home,1.22,,,WON,
2025-10-24T10:00:00+00:00,Youth Championship,Rostov U19,Akhmat Grozny U20,Over/Under Goals,Under 3.5,1.61,,,LOST,
2025-10-24T10:30:00+00:00,Premyer Liqa,Karvan,Turan,Over/Under Goals,Under 3.5,1.25,,,WON,
2025-10-24T11:00:00+00:00,FKF Premier League,Mara Sugar,Bidco United,Double Chance,Draw/Away,1.6,,,WON,
2025-10-24T11:00:00+00:00,III Liga - Group 3,Goczałkowice Zdrój,Kluczbork,Over/Under Goals,Under 3.5,1.47,,,WON,
2025-10-24T11:30:00+00:00,Premier League,Alashkert,Van,Over/Under Goals,Under 3.5,1.36,,,WON,
2025-10-24T11:30:00+00:00,Premier League,Balestier Khalsa,Tanjong Pagar,Result + Total Goals,Home/Over 1.5,1.25,,,WON,
2025-10-24T11:35:00+00:00,Super League,Meizhou Kejia,Yunnan Yukun,Double Chance,Draw/Away,1.57,,,WON,
2025-10-24T11:35:00+00:00,Super League,Wuhan Three Towns,Sichuan Jiuniu,Over/Under Goals,Over 1.5,1.18,,,WON,
2025-10-24T12:00:00+00:00,1st Division,Iliria Fushë-Krujë,Korabi Peshkopi,Over/Under Goals,Under 2.5,1.53,,,LOST,
2025-10-24T12:00:00+00:00,1st Division,Lushnja,Apolonia Fier,1X2 / Match Winner,Draw,3.4,,,LOST,
2025-10-24T12:00:00+00:00,2. Division,APEA,MEAP Nisou,Double Chance,Home/Draw,1.4,,,LOST,
2025-10-24T12:00:00+00:00,First League,Montana,Arda Kardzhali,1X2 / Match Winner,Draw,3.35,,,WON,
2025-10-24T12:00:00+00:00,Liga 1,Persepam Madura Utd,Persija,Over/Under Goals,Under 3.5,1.33,,,WON,
2025-10-24T12:00:00+00:00,Liga 2,Sumsel United,Adhyaksa,Over/Under Goals,Under 3.5,1.29,,,WON,
2025-10-24T12:00:00+00:00,Liga III - Serie 6,Unirea Bascov,CSM Ramnicu Valcea,Over/Under Goals,Under 3.5,1.44,,,WON,
2025-10-24T12:00:00+00:00,Prva Liga,Dubočica,Jedinstvo Ub,Over/Under Goals,Under 3.5,1.16,,,WON,
2025-10-24T12:00:00+00:00,Prva Liga,Grafičar,Tekstilac Odžaci,Over/Under Goals,Under 3.5,1.24,,,WON,
2025-10-24T12:00:00+00:00,Prva Liga,Stepojevac Vaga,Macva,Over/Under Goals,Under 3.5,1.17,,,WON,
2025-10-24T12:00:00+00:00,Superliga,Vora,Dinamo Tirana,Over/Under Goals,Under 2.5,1.5,,,WON,
2025-10-24T12:00:00+00:00,Thai League 1,Port FC,Muangthong United,Over/Under Goals,Under 3.5,1.53,,,WON,
2025-10-24T12:00:00+00:00,Thai League 2,Chainat,Bangkok,1X2 / Match Winner,Draw,3.9,,,WON,
2025-10-24T12:00:00+00:00,Youth Championship,CSKA Moskva U19,Zenit U19,Asian Handicap,Home +0.25,1.55,,,LOST,
2025-10-24T12:00:00+00:00,Youth Championship,Fakel U19,Spartak Moskva U19,Over/Under Goals,Under 3.5,1.46,,,LOST,
2025-10-24T12:00:00+00:00,Youth Championship,Rubin Kazan U20,Nizhny Novgorod U19,Over/Under Goals,Under 2.5,2.03,,,WON,
2025-10-24T12:30:00+00:00,Campionato Primavera - 1,Frosinone U20,Bologna U20,Over/Under Goals,Under 3.5,1.51,,,WON,
2025-10-24T12:30:00+00:00,First League,Bashkimi Kumanovo,Shkupi 1927,1X2 / Match Winner,Home,1.23,,,WON,
2025-10-24T12:30:00+00:00,First League,Tikveš,Aresimi,Double Chance,Draw/Away,1.62,,,WON,
2025-10-24T12:30:00+00:00,Second League,El Mansura,Dayrout,Double Chance,Home/Draw,1.22,,,WON,
2025-10-24T12:30:00+00:00,Second League,Raya Ghazl,Itesalat,Over/Under Goals,Under 2.5,1.4,,,LOST,
2025-10-24T12:30:00+00:00,Second League,Tersana,La Viena FC,Over/Under Goals,Under 2.5,1.32,,,WON,
2025-10-24T13:00:00+00:00,CAF Champions League,Power Dynamos,Vipers,Team Total Goals,Under 2.5,1.15,,,WON,
2025-10-24T13:00:00+00:00,Campionato Primavera - 2,Avellino U19,Monopoli U19,Over/Under Goals,Under 3.5,1.41,,,WON,
2025-10-24T13:00:00+00:00,First NL,HNK Cibalia,Hrvace,1X2 / Match Winner,Draw,3.7,,,WON,
2025-10-24T13:00:00+00:00,First NL,Orijent 1919,Dugopolje,Over/Under Goals,Under 3.5,1.17,,,WON,
2025-10-24T13:00:00+00:00,First NL,Sesvete,Rudes,Over/Under Goals,Under 3.5,1.17,,,WON,
2025-10-24T13:00:00+00:00,II Liga - East,Świt Skolwin,ŁKS Łódź II,Asian Handicap,Home +0,1.42,,,WON,
2025-10-24T13:00:00+00:00,III Liga - Group 3,Miedź Legnica II,Górnik Zabrze II,Over/Under Goals,Under 3.5,1.56,,,WON,
2025-10-24T13:00:00+00:00,III Liga - Group 3,Ślęza Wrocław,SKRA Częstochowa,Team Total Goals,Under 2.5,1.16,,,WON,
2025-10-24T13:00:00+00:00,Liga Leumit,Hapoel Afula,Maccabi Petah Tikva,Over/Under Goals,Over 1.5,1.25,,,WON,
2025-10-24T13:00:00+00:00,Liga Leumit,Hapoel Kfar Shalem,Hapoel Kfar Saba,Double Chance,Home/Draw,1.2,,,LOST,
2025-10-24T13:00:00+00:00,Liga Leumit,Hapoel Nazareth Illit,Hapoel Acre,1X2 / Match Winner,Draw,3.2,,,WON,
2025-10-24T13:00:00+00:00,Liga Leumit,Hapoel Ra'anana,Maccabi Kabilio Jaffa,Over/Under Goals,Under 3.5,1.28,,,WON,
2025-10-24T13:00:00+00:00,Liga Leumit,Hapoel Rishon LeZion,Hapoel Ramat Gan,Over/Under Goals,Under 3.5,1.22,,,LOST,
2025-10-24T13:00:00+00:00,Liga Leumit,Ironi Modi'in,Bnei Yehuda,Double Chance,Home/Draw,1.6,,,WON,
2025-10-24T13:00:00+00:00,Liga Leumit,Kiryat Yam SC,Hapoel Hadera,Over/Under Goals,Under 3.5,1.33,,,LOST,
2025-10-24T13:00:00+00:00,Liga Leumit,Maccabi Herzliya,Kafr Qasim,Asian Handicap,Home +0.25,1.42,,,WON,
2025-10-24T13:00:00+00:00,Premyer Liqa,Kapaz,Mil-Muğan,Over/Under Goals,Under 3.5,1.25,,,WON,
2025-10-24T13:00:00+00:00,Professional Development League,Sheffield United U21,Fleetwood Town U21,1X2 / Match Winner,Home,1.33,,,WON,
2025-10-24T13:00:00+00:00,Professional Development League,Sheffield Wednesday U21,Coventry City U21,Over/Under Goals,Under 3.5,1.94,,,WON,
2025-10-24T13:00:00+00:00,Super League,Kelantan United,Melaka,Asian Handicap,Home +0,1.47,,,WON,
2025-10-24T13:00:00+00:00,TFF 1. Lig,Erzurum BB,Ümraniyespor,Over/Under Goals,Over 1.5,1.25,,,WON,
2025-10-24T13:30:00+00:00,1st Division,Milford FC,Black Leopards,Asian Handicap,Home +0.25,1.42,,,WON,
2025-10-24T13:30:00+00:00,Persha Liga,Nyva Ternopil,Podillya Khmelnytskyi,Over/Under Goals,Under 3.5,1.18,,,WON,
2025-10-24T13:30:00+00:00,Persian Gulf Pro League,Aluminium Arak,Mes Rafsanjan,Asian Handicap,Home +0,1.68,,,WON,
2025-10-24T14:00:00+00:00,CAF Confederation Cup,Azam,KMKM,1X2 / Match Winner,Home,1.15,,,WON,
2025-10-24T14:00:00+00:00,League,Al Jazeera,Shabab Al Ordon,Double Chance,Draw/Away,1.65,,,WON,
2025-10-24T14:00:00+00:00,Super League,Qizilqum,Dinamo Samarqand,Over/Under Goals,Under 2.5,1.8,,,WON,
2025-10-24T14:00:00+00:00,Super Liga,Napredak,Vojvodina,Team Total Goals,Over 0.5,1.18,,,WON,
2025-10-24T14:15:00+00:00,First League,KAMAZ,Enisey,Over/Under Goals,Under 3.5,1.2,,,LOST,
2025-10-24T14:30:00+00:00,Campionato Primavera - 1,Sassuolo U20,Parma U20,Over/Under Goals,Under 3.5,1.36,,,WON,
2025-10-24T14:30:00+00:00,First League,Spartak Varna,Botev Plovdiv,Over/Under Goals,Under 3.5,1.28,,,LOST,
2025-10-24T14:30:00+00:00,Liga I,Csikszereda,Petrolul Ploiesti,Over/Under Goals,Under 3.5,1.2,,,WON,
2025-10-24T14:45:00+00:00,Pro League,Al-Fateh,Al-Ettifaq,Double Chance,Draw/Away,1.65,,,LOST,
2025-10-24T15:00:00+00:00,1 Lyga,Be1 NFA,Panevėžys II,1X2 / Match Winner,Home,1.57,,,WON,
2025-10-24T15:00:00+00:00,1 Lyga,Nevėžis,Ekranas,Over/Under Goals,Under 3.5,1.48,,,WON,
2025-10-24T15:00:00+00:00,Girabola,1º de Agosto,Desportivo Huíla,Over/Under Goals,Under 2.5,1.5,,,LOST,
2025-10-24T15:00:00+00:00,Premier League,FC Minsk,Smorgon,Double Chance,Home/Draw,1.2,,,WON,
2025-10-24T15:00:00+00:00,Premier League,FC Urartu,Shirak,Over/Under Goals,Under 3.5,1.46,,,LOST,
2025-10-24T15:00:00+00:00,Premier League,Veres Rivne,Zorya Luhansk,1X2 / Match Winner,Draw,3.2,,,WON,
2025-10-24T15:00:00+00:00,Prva Liga,Loznica,Borac Cacak,Over/Under Goals,Under 2.5,1.65,,,WON,
2025-10-24T15:00:00+00:00,Superliga,AF Elbasani,Bylis,Over/Under Goals,Under 3.5,1.18,,,WON,
2025-10-24T15:00:00+00:00,Superliga,Vllaznia Shkodër,Tirana,1X2 / Match Winner,Home,1.65,,,WON,
2025-10-24T15:00:00+00:00,Virsliga,Riga,Tukums,Over/Under Goals,Under 3.5,1.9,,,WON,
2025-10-24T15:30:00+00:00,1. SNL,Aluminij,Bravo,Team Total Goals,Over 0.5,1.17,,,WON,
2025-10-24T15:30:00+00:00,Persian Gulf Pro League,Foolad FC,Shams Azar Qazvin,Over/Under Goals,Under 2.5,1.44,,,WON,
2025-10-24T15:30:00+00:00,Pro League,NEOM,Al Khaleej Saihat,Team Total Goals,Over 0.5,1.48,,,WON,
2025-10-24T15:30:00+00:00,Super Liga,FK Partizan,Mladost Lucani,Over/Under Goals,Under 3.5,1.48,,,WON,
2025-10-24T15:30:00+00:00,Super Liga,Novi Pazar,Javor,1X2 / Match Winner,Draw,3.54,,,LOST,
2025-10-24T16:00:00+00:00,1 Lyga,Žalgiris II,Minija,Over/Under Goals,Under 3.5,1.45,,,WON,
2025-10-24T16:00:00+00:00,2. Division,Ethnikos Latsion,ASIL Lysi,Double Chance,Draw/Away,1.4,,,LOST,
2025-10-24T16:00:00+00:00,2. SNL,Gorica,Krka,Over/Under Goals,Under 3.5,1.45,,,LOST,
2025-10-24T16:00:00+00:00,3. liga - MSFL,Hlučín,Zbrojovka Brno II,Double Chance,Draw/Away,1.22,,,WON,
2025-10-24T16:00:00+00:00,Ekstraklasa,Nieciecza,Zaglebie Lubin,Over/Under Goals,Over 1.5,1.22,,,WON,
2025-10-24T16:00:00+00:00,Erste Liga,Austria Klagenfurt,Sturm Graz II,Double Chance,Home/Draw,1.17,,,WON,
2025-10-24T16:00:00+00:00,Erste Liga,FC Liefering,SKN ST. Polten,Over/Under Goals,Under 3.5,1.45,,,LOST,
2025-10-24T16:00:00+00:00,Erste Liga,First Vienna,Admira Wacker,Over/Under Goals,Under 3.5,1.25,,,LOST,
2025-10-24T16:00:00+00:00,Erste Liga,Schwarz-Weiß Bregenz,SV Kapfenberg,Over/Under Goals,Under 3.5,1.55,,,WON,
2025-10-24T16:00:00+00:00,Erste Liga,Stripfing,WSPG Wels,Asian Handicap,Home +0.25,1.4,,,WON,
2025-10-24T16:00:00+00:00,FNL,Ústí nad Labem,Baník Ostrava II,Asian Handicap,Away -0.5,1.98,,,LOST,
2025-10-24T16:00:00+00:00,FNL,České Budějovice,Prostějov,Asian Handicap,Away -0.25,1.78,,,LOST,
2025-10-24T16:00:00+00:00,I Liga,Znicz Pruszków,Puszcza Niepołomice,Double Chance,Home/Draw,1.28,,,LOST,
2025-10-24T16:00:00+00:00,II Liga - East,Kalisz,Śląsk Wrocław II,Over/Under Goals,Under 3.5,1.44,,,WON,
2025-10-24T16:00:00+00:00,Liga Premier Serie A,Correcaminos UAT II,Zacatepec 1948,Over/Under Goals,Under 3.5,1.28,,,WON,
2025-10-24T16:00:00+00:00,Prva HNL,HNK Gorica,HNK Hajduk Split,Over/Under Goals,Over 1.5,1.33,,,WON,
2025-10-24T16:00:00+00:00,Youth Championship,Dinamo Moskva U19,Krasnodar U19,Team Total Goals,Under 2.5,1.22,,,WON,
2025-10-24T16:30:00+00:00,3. liga - CFL A,Písek,Petřín Plzeň,Asian Handicap,Home +0.25,1.17,,,WON,
2025-10-24T16:30:00+00:00,Bundesliga 2,FC Schalke 04,SV Darmstadt 98,Over/Under Goals,Under 3.5,1.5,,,WON,
2025-10-24T16:30:00+00:00,Bundesliga 2,SpVgg Greuther Fürth,Karlsruher SC,Over/Under Goals,Over 1.5,1.2,,,WON,
2025-10-24T16:30:00+00:00,First League,Arsenal Tula,Ural,Over/Under Goals,Under 3.5,1.15,,,WON,
2025-10-24T16:30:00+00:00,League,Al Salt,Al Ramtha,BTTS,No,1.7,,,LOST,
2025-10-24T16:45:00+00:00,Premier League,Mosta,Zabbar St. Patrick,Over/Under Goals,Under 3.5,1.32,,,WON,
2025-10-24T17:00:00+00:00,1. Division,B 93,AC Horsens,Over/Under Goals,Under 3.5,1.42,,,WON,
2025-10-24T17:00:00+00:00,1. Division,Kolding IF,Middelfart,Over/Under Goals,Under 3.5,1.36,,,WON,
2025-10-24T17:00:00+00:00,2. Division,FC Helsingor,Thisted FC,Team Total Goals,Under 2.5,1.22,,,WON,
2025-10-24T17:00:00+00:00,2. Division,Vendsyssel FF,Fremad Amager,Over/Under Goals,Under 3.5,1.3,,,WON,
2025-10-24T17:00:00+00:00,3. Liga,SV Wehen,Alemannia Aachen,1X2 / Match Winner,Draw,3.74,,,LOST,
2025-10-24T17:00:00+00:00,Ettan - Norra,Örebro Syrianska,IF Karlstad,Over/Under Goals,Under 3.5,1.44,,,WON,
2025-10-24T17:00:00+00:00,First League,Lokomotiv Sofia,Lokomotiv Plovdiv,Over/Under Goals,Under 3.5,1.22,,,LOST,
2025-10-24T17:00:00+00:00,III Liga - Group 2,Polonia Środa,Noteć Czarnków,1X2 / Match Winner,Home,1.65,,,LOST,
2025-10-24T17:00:00+00:00,Primera División RFEF - Group 1,Mérida AD,Ponferradina,Over/Under Goals,Under 3.5,1.25,,,WON,
2025-10-24T17:00:00+00:00,Regionalliga - Mitte,Gleisdorf 09,Treibach,Asian Handicap,Home +0.25,1.41,,,WON,
2025-10-24T17:00:00+00:00,Regionalliga - Mitte,Kalsdorf,Gurten,Double Chance,Draw/Away,1.44,,,LOST,
2025-10-24T17:00:00+00:00,Regionalliga - Mitte,Wallern / Marienkirchen,Oedt,Double Chance,Home/Draw,1.44,,,WON,
2025-10-24T17:00:00+00:00,Regionalliga - Ost,Donau,Wiener SC,Double Chance,Draw/Away,1.62,,,LOST,
2025-10-24T17:00:00+00:00,Regionalliga - Ost,Parndorf,Fach-Donaufeld,Double Chance,Draw/Away,1.44,,,LOST,
2025-10-24T17:00:00+00:00,Super Lig,Fatih Karagümrük,Kayserispor,Asian Handicap,Home +0.25,1.48,,,WON,
2025-10-24T17:00:00+00:00,Superettan,Orgryte IS,Vasteras SK FK,Over/Under Goals,Under 3.5,1.55,,,WON,
2025-10-24T17:00:00+00:00,Superligaen,Aarhus,FC Nordsjaelland,Over/Under Goals,Under 3.5,1.5,,,WON,
2025-10-24T17:00:00+00:00,TFF 1. Lig,Sivasspor,Hatayspor,Over/Under Goals,Under 3.5,1.44,,,WON,
2025-10-24T17:08:00+00:00,III Liga - Group 4,Wisłoka Dębica,Korona Kielce II,Over/Under Goals,Under 3.5,1.54,,,LOST,
2025-10-24T17:10:00+00:00,Regionalliga - Ost,Favoritner AC,Oberwart,Over/Under Goals,Under 3.5,1.45,,,LOST,
2025-10-24T17:23:00+00:00,III Liga - Group 1,Lechia T. Mazowiecki,Troszyn,Over/Under Goals,Under 3.5,1.64,,,WON,
2025-10-24T17:30:00+00:00,Liga I,Arges Pitesti,Dinamo Bucuresti,Over/Under Goals,Under 3.5,1.22,,,WON,
2025-10-24T17:30:00+00:00,Reserve Pro League,Waasland-Beveren U21,Westerlo U21,Double Chance,Draw/Away,1.57,,,LOST,
2025-10-24T17:45:00+00:00,Segunda Liga,Torreense,Oliveirense,Asian Handicap,Away -1.25,1.48,,,WON,
2025-10-24T18:00:00+00:00,1. Deild,B36 II,EB / Streymur II,1X2 / Match Winner,Home,1.34,,,LOST,
2025-10-24T18:00:00+00:00,2. SNL,Tabor Sežana,Brinje-Grosuplje,Double Chance,Draw/Away,1.25,,,WON,
2025-10-24T18:00:00+00:00,Challenger Pro League,Francs Borains,KAA Gent II,Over/Under Goals,Under 3.5,1.38,,,WON,
2025-10-24T18:00:00+00:00,Challenger Pro League,Seraing United,Lierse Kempenzonen,Double Chance,Draw/Away,1.44,,,WON,
2025-10-24T18:00:00+00:00,Eerste Divisie,Almere City FC,Jong AZ,Over/Under Goals,Over 1.5,1.15,,,WON,
2025-10-24T18:00:00+00:00,Eerste Divisie,De Graafschap,Jong PSV,Team Total Goals,Over 0.5,1.22,,,WON,
2025-10-24T18:00:00+00:00,Eerste Divisie,FC Eindhoven,VVV Venlo,Double Chance,Draw/Away,1.42,,,WON,
2025-10-24T18:00:00+00:00,Eerste Divisie,Helmond Sport,Dordrecht,Over/Under Goals,Over 1.5,1.18,,,WON,
2025-10-24T18:00:00+00:00,Eerste Divisie,Jong Ajax,Emmen,1X2 / Match Winner,Draw,4.1,,,LOST,
2025-10-24T18:00:00+00:00,Eerste Divisie,Jong Utrecht,FC OSS,Over/Under Goals,Over 1.5,1.2,,,LOST,
2025-10-24T18:00:00+00:00,Eerste Divisie,Vitesse,Roda,BTTS,Yes,1.44,,,WON,
2025-10-24T18:00:00+00:00,Eerste Divisie,Waalwijk,Cambuur,Over/Under Goals,Over 1.5,1.17,,,WON,
2025-10-24T18:00:00+00:00,Eredivisie,Heerenveen,NAC Breda,Over/Under Goals,Over 1.5,1.2,,,WON,
2025-10-24T18:00:00+00:00,First Amateur Division,Ninove,Cercle Brugge II,Double Chance,Draw/Away,1.6,,,WON,
2025-10-24T18:00:00+00:00,Ligue 2,Guingamp,Clermont Foot,Over/Under Goals,Over 1.5,1.25,,,LOST,
2025-10-24T18:00:00+00:00,Ligue 2,Le Mans,Boulogne,Team Total Goals,Over 0.5,1.5,,,LOST,
2025-10-24T18:00:00+00:00,Ligue 2,PAU,Dunkerque,Over/Under Goals,Under 3.5,1.33,,,WON,
2025-10-24T18:00:00+00:00,Ligue 2,RED Star FC 93,Grenoble,Over/Under Goals,Under 3.5,1.25,,,WON,
2025-10-24T18:00:00+00:00,Ligue 2,Reims,Estac Troyes,Double Chance,Draw/Away,1.7,,,WON,
2025-10-24T18:00:00+00:00,Premier League 2 Division One,Birmingham City U21,Nottingham Forest U21,Over/Under Goals,Under 3.5,1.65,,,WON,
2025-10-24T18:00:00+00:00,Premier League 2 Division One,Fulham U21,Derby County U21,1X2 / Match Winner,Home,1.3,,,LOST,
2025-10-24T18:00:00+00:00,Premier League 2 Division One,Ipswich Town U21,Brighton U21,Double Chance,Draw/Away,1.4,,,LOST,
2025-10-24T18:00:00+00:00,Premier League 2 Division One,Norwich City U21,Burnley U21,Asian Handicap,Home +0,1.42,,,LOST,
2025-10-24T18:00:00+00:00,Premier League 2 Division One,West Bromwich Albion U21,Reading U21,Double Chance,Draw/Away,1.6,,,LOST,
2025-10-24T18:00:00+00:00,Premier League 2 Division One,West Ham United U21,Aston Villa U21,Team Total Goals,Over 1.5,1.47,,,LOST,
2025-10-24T18:00:00+00:00,Pro League,Al-Ittihad FC,Al-Hilal Saudi FC,Team Total Goals,Under 2.5,1.18,,,WON,
2025-10-24T18:00:00+00:00,Segunda División,Oriental,Rentistas,Over/Under Goals,Under 3.5,1.16,,,WON,
2025-10-24T18:30:00+00:00,Bundesliga 1,Werder Bremen,Union Berlin,Team Total Goals,Over 0.5,1.18,,,WON,
2025-10-24T18:30:00+00:00,Ekstraklasa,Motor Lublin,Widzew Łódź,Over/Under Goals,Over 2.5,1.7,,,WON,
2025-10-24T18:30:00+00:00,I Liga,Odra Opole,Ruch Chorzów,Double Chance,Home/Draw,1.44,,,WON,
2025-10-24T18:30:00+00:00,Segunda Division,Huesca,Las Palmas,Over/Under Goals,Under 3.5,1.16,,,WON,
2025-10-24T18:30:00+00:00,Serie B,Modena,Empoli,Over/Under Goals,Over 1.5,1.4,,,WON,
2025-10-24T18:30:00+00:00,Serie C - Girone A,Novara,Virtus Verona,Over/Under Goals,Under 3.5,1.25,,,WON,
2025-10-24T18:30:00+00:00,Serie C - Girone C,Foggia,Team Altamura,Over/Under Goals,Under 3.5,1.21,,,WON,
2025-10-24T18:45:00+00:00,FA Trophy,Dunston UTS,Hebburn Town,Double Chance,Home/Draw,1.6,,,WON,
2025-10-24T18:45:00+00:00,First Division,Treaty United,Cobh Ramblers,Team Total Goals,Over 0.5,1.17,,,LOST,
2025-10-24T18:45:00+00:00,First Division,UCD,Bray Wanderers,1X2 / Match Winner,Draw,3.5,,,LOST,
2025-10-24T18:45:00+00:00,Jupiler Pro League,Charleroi,Anderlecht,Over/Under Goals,Under 3.5,1.33,,,WON,
2025-10-24T18:45:00+00:00,League One,Hamilton Academical,Queen of the South,Asian Handicap,Home +0,1.4,,,LOST,
2025-10-24T18:45:00+00:00,Ligue 1,Paris FC,Nantes,Over/Under Goals,Under 3.5,1.38,,,WON,
2025-10-24T18:45:00+00:00,Premier Division,Galway United,Drogheda United,1X2 / Match Winner,Draw,3.44,,,WON,
2025-10-24T18:45:00+00:00,Premier Division,St Patrick's Athl.,Waterford,Over/Under Goals,Under 3.5,1.55,,,WON,
2025-10-24T18:45:00+00:00,Serie A,AC Milan,Pisa,Over/Under Goals,Under 3.5,1.45,,,LOST,
2025-10-24T19:00:00+00:00,CAF Confederation Cup,Wydad AC,Asante Kotoko,Over/Under Goals,Under 3.5,1.55,,,LOST,
2025-10-24T19:00:00+00:00,Championship,Preston,Sheffield Utd,Over/Under Goals,Under 3.5,1.15,,,LOST,
2025-10-24T19:00:00+00:00,La Liga,Real Sociedad,Sevilla,Team Total Goals,Over 0.5,1.45,,,WON,
2025-10-24T19:00:00+00:00,Premier League,Gzira United,Tarxien Rainbows,Over/Under Goals,Under 3.5,1.25,,,LOST,
2025-10-24T19:00:00+00:00,Premier League,Leeds,West Ham,Over/Under Goals,Under 3.5,1.28,,,WON,
2025-10-24T19:00:00+00:00,Primera Division,Sarmiento Junin,Rosario Central,Over/Under Goals,Under 3.5,1.16,,,WON,
2025-10-24T19:15:00+00:00,Campionato,Tre Penne,Tre Fiori,Double Chance,Home/Draw,1.5,,,WON,
2025-10-24T19:15:00+00:00,Primeira Liga,Alverca,GIL Vicente,Over/Under Goals,Under 3.5,1.18,,,LOST,
2025-10-24T19:15:00+00:00,Primera División RFEF - Group 1,Barakaldo,Tenerife,1X2 / Match Winner,Draw,3.05,,,LOST,
2025-10-24T19:45:00+00:00,Segunda Liga,Vizela,Felgueiras 1932,1X2 / Match Winner,Draw,3.57,,,WON,
2025-10-24T20:00:00+00:00,Primera Division,Juan Pablo II College,Comerciantes Unidos,Over/Under Goals,Under 2.5,1.75,,,WON,
2025-10-24T20:00:00+00:00,Primera Division,Palestino,Everton de Vina,Over/Under Goals,Under 3.5,1.25,,,WON,
2025-10-24T21:00:00+00:00,Liga de Ascenso,AD Carmelita,CS Uruguay,Over/Under Goals,Under 3.5,1.23,,,WON,
2025-10-24T21:00:00+00:00,Primera A,Alianza Petrolera,La Equidad,Over/Under Goals,Under 2.5,1.65,,,WON,
2025-10-24T21:00:00+00:00,Primera Division,Independiente,Platense,Over/Under Goals,Under 2.5,1.33,,,LOST,
2025-10-24T21:30:00+00:00,Liga Premier Serie A,Deportivo Zap,Gavilanes FC Matamoros,Over/Under Goals,Under 2.5,1.65,,,LOST,
2025-10-24T22:00:00+00:00,Liga Premier Serie A,Atletico Hidalgo,Real Apodaca,Double Chance,Draw/Away,1.18,,,WON,
2025-10-24T22:00:00+00:00,Serie B,Novorizontino,Botafogo SP,Over/Under Goals,Under 3.5,1.22,,,WON,
2025-10-24T22:30:00+00:00,Primera B,San Luis,Deportes Copiapo,Over/Under Goals,Under 3.5,1.17,,,WON,
2025-10-24T22:30:00+00:00,Primera B,Universidad de Concepcion,Deportes Temuco,Over/Under Goals,Under 3.5,1.18,,,LOST,
2025-10-24T22:30:00+00:00,Primera División - Clausura,Defensor Sporting,Atletico Torque,Double Chance,Home/Draw,1.44,,,LOST,
2025-10-24T23:00:00+00:00,Primera A,Fortaleza FC,Deportivo Pasto,Over/Under Goals,Over 1.5,1.5,,,WON,
2025-10-25T00:00:00+00:00,Liga Pro,Orense SC,Universidad Catolica,Over/Under Goals,Under 3.5,1.22,,,WON,
2025-10-25T00:00:00+00:00,Major League Soccer,Inter Miami,Nashville SC,1X2 / Match Winner,Home,1.54,,,WON,
2025-10-25T00:35:00+00:00,Serie B,Cuiaba,remo,Over/Under Goals,Over 1.5,1.42,,,WON,
2025-10-25T01:00:00+00:00,Liga MX,FC Juarez,Puebla,Over/Under Goals,Over 1.5,1.28,,,WON,
2025-10-25T01:00:00+00:00,Liga de Expansión MX,Alebrijes de Oaxaca,Tepatitlán,Over/Under Goals,Under 3.5,1.48,,,WON,
2025-10-25T01:10:00+00:00,Primera A,America de Cali,Junior,Over/Under Goals,Over 1.5,1.4,,,WON,
2025-10-25T01:10:00+00:00,Primera A,Deportivo Pereira,Rionegro Aguilas,Team Total Goals,Over 0.5,1.55,,,WON,
2025-10-25T01:30:00+00:00,Liga Panameña de Fútbol,San Francisco FC,Herrera,Asian Handicap,Home +0.5,1.15,,,WON,
2025-10-25T01:30:00+00:00,Liga Premier Serie B,Gorilas de Juanacatlan,Artesanos Metepec,Over/Under Goals,Under 3.5,1.42,,,WON,
2025-10-25T02:00:00+00:00,Liga Premier Serie B,FC Racing,Caja Oblatos CFD,Over/Under Goals,Under 3.5,1.25,,,WON,
2025-10-25T03:00:00+00:00,Liga MX,Mazatlán,Club America,Over/Under Goals,Over 1.5,1.2,,,WON,
2025-10-25T03:00:00+00:00,Liga Premier Serie A,Tigres de Alica,Tecos,Over/Under Goals,Under 3.5,1.28,,,WON,
2025-10-25T03:00:00+00:00,Liga de Expansión MX,CA La Paz,Irapuato,Over/Under Goals,Under 3.5,1.55,,,LOST,
2025-10-25T03:00:00+00:00,Second League - Group 3,SKA Khabarovsk II,Dinamo St. Petersburg,Over/Under Goals,Over 1.5,1.19,,,WON,
2025-10-25T04:00:00+00:00,A-League,Auckland,Western Sydney Wanderers,Over/Under Goals,Under 3.5,1.67,,,WON,
2025-10-25T05:00:00+00:00,J. League Div.1,FC Tokyo,Fagiano Okayama,Asian Handicap,Home +0.25,1.42,,,WON,
2025-10-25T05:00:00+00:00,J. League Div.1,Kashiwa Reysol,Yokohama FC,Over/Under Goals,Under 3.5,1.25,,,WON,
2025-10-25T05:00:00+00:00,J. League Div.1,Kyoto Sanga,Kashima,Double Chance,Draw/Away,1.42,,,WON,
2025-10-25T05:00:00+00:00,J. League Div.1,Nagoya Grampus,Gamba Osaka,Double Chance,Draw/Away,1.48,,,WON,
2025-10-25T05:00:00+00:00,J. League Div.1,Shimizu S-pulse,Tokyo Verdy,Over/Under Goals,Under 3.5,1.17,,,WON,
2025-10-25T05:00:00+00:00,J. League Div.1,Urawa,Machida Zelvia,1X2 / Match Winner,Draw,3.5,,,WON,
2025-10-25T05:00:00+00:00,J. League Div.1,Yokohama F. Marinos,Sanfrecce Hiroshima,Over/Under Goals,Under 3.5,1.36,,,WON,
2025-10-25T05:00:00+00:00,J2 League,Fujieda MYFC,Ventforet Kofu,Over/Under Goals,Under 3.5,1.3,,,WON,
2025-10-25T05:00:00+00:00,J3 League,FC Gifu,Kagoshima United,Over/Under Goals,Under 3.5,1.34,,,LOST,
2025-10-25T05:00:00+00:00,J3 League,Kitakyushu,FC Ryukyu,Asian Handicap,Home +0,1.49,,,WON,
2025-10-25T05:00:00+00:00,J3 League,Parceiro Nagano,Azul Claro Numazu,Over/Under Goals,Under 3.5,1.19,,,WON,
2025-10-25T05:00:00+00:00,J3 League,Thespakusatsu Gunma,Nara Club,Over/Under Goals,Under 3.5,1.29,,,WON,
2025-10-25T05:00:00+00:00,J3 League,Tochigi City,Vanraure Hachinohe,Over/Under Goals,Under 3.5,1.22,,,WON,
2025-10-25T05:00:00+00:00,K League 2,Seongnam FC,Hwaseong,Over/Under Goals,Under 3.5,1.25,,,WON,
2025-10-25T05:00:00+00:00,K League 2,Suwon Bluewings,Jeonnam Dragons,BTTS,Yes,1.48,,,WON,
2025-10-25T05:00:00+00:00,K-League Classic,Gwangju FC,FC Anyang,Over/Under Goals,Under 3.5,1.25,,,WON,
2025-10-25T05:00:00+00:00,K-League Classic,Jeonbuk Motors,Gimcheon Sangmu FC,Over/Under Goals,Under 3.5,1.57,,,LOST,
2025-10-25T05:00:00+00:00,K3 League,Ulsan Citizen,Yangpyeong,Over/Under Goals,Under 2.5,1.62,,,WON,
2025-10-25T06:00:00+00:00,A-League,Melbourne City,Perth Glory,Over/Under Goals,Under 3.5,1.62,,,LOST,
2025-10-25T06:00:00+00:00,J. League Div.1,Cerezo Osaka,Kawasaki Frontale,Over/Under Goals,Over 1.5,1.17,,,WON,
2025-10-25T07:30:00+00:00,K League 2,Busan I Park,Gimpo Citizen,Over/Under Goals,Under 3.5,1.25,,,LOST,
2025-10-25T07:30:00+00:00,K League 2,Cheonan City,Ansan Greeners,Over/Under Goals,Under 3.5,1.28,,,WON,
2025-10-25T07:30:00+00:00,K League 2,Cheongju,Bucheon FC 1995,Over/Under Goals,Under 3.5,1.33,,,WON,
2025-10-25T07:30:00+00:00,K-League Classic,Suwon City FC,Jeju United FC,Over/Under Goals,Under 3.5,1.5,,,WON,
2025-10-25T07:30:00+00:00,Super League,Tianjin Teda,Changchun Yatai,Over/Under Goals,Under 3.5,1.4,,,LOST,
2025-10-25T08:00:00+00:00,3. liga - CFL B,Kolín,Neratovice-Byškovice,Over/Under Goals,Under 3.5,1.49,,,WON,
2025-10-25T08:00:00+00:00,Central Youth League,Legia Warszawa U19,Arkonia U19,1X2 / Match Winner,Home,1.2,,,LOST,
2025-10-25T08:00:00+00:00,J2 League,V-varen Nagasaki,Imabari,Asian Handicap,Home +0,1.48,,,WON,
2025-10-25T08:00:00+00:00,Liga II,ASA Targu Mures,Slatina,Team Total Goals,Over 0.5,1.43,,,WON,
2025-10-25T08:00:00+00:00,Liga II,CSM Reşiţa,Politehnica Iasi,Over/Under Goals,Under 3.5,1.28,,,WON,
2025-10-25T08:00:00+00:00,Liga II,CSM Satu Mare,CSA Steaua Bucureşti,Over/Under Goals,Under 3.5,1.31,,,LOST,
2025-10-25T08:00:00+00:00,Liga II,Concordia,Metalul Buzău,Over/Under Goals,Under 3.5,1.26,,,WON,
2025-10-25T08:00:00+00:00,Liga II,Corvinul Hunedoara,FC Bacau,Over/Under Goals,Under 3.5,1.46,,,WON,
2025-10-25T08:00:00+00:00,Liga II,Dumbrăviţa,Muscelul Câmpulung Elite,Double Chance,Home/Draw,1.16,,,WON,
2025-10-25T08:00:00+00:00,Liga II,Sepsi OSK Sfantu Gheorghe,Gloria Bistriţa,Result + Total Goals,Home/Over 1.5,1.4,,,LOST,
2025-10-25T08:00:00+00:00,Liga II,Viitorul Şelimbăr,Ceahlăul Piatra Neamţ,Asian Handicap,Home +0,1.62,,,WON,
2025-10-25T08:15:00+00:00,3. liga - CFL A,Loko Vltavín,Kladno,Over/Under Goals,Under 3.5,1.49,,,WON,
2025-10-25T08:15:00+00:00,3. liga - CFL A,Motorlet Praha,Slavia III,Over/Under Goals,Under 3.5,1.5,,,WON,
2025-10-25T08:15:00+00:00,3. liga - CFL B,Jablonec II,Teplice II,Double Chance,Draw/Away,1.62,,,LOST,
2025-10-25T08:15:00+00:00,4. liga - Divizie B,Baník Sokolov,Olympie Březová,Double Chance,Home/Draw,1.17,,,WON,
2025-10-25T08:30:00+00:00,Liga 1,Persik Kediri,PSM Makassar,1X2 / Match Winner,Draw,3.3,,,WON,
2025-10-25T08:35:00+00:00,A-League,Sydney,Central Coast Mariners,Over/Under Goals,Over 1.5,1.17,,,WON,
2025-10-25T08:45:00+00:00,C-League,Kirivong Sok Sen Chey,National Defense,1X2 / Match Winner,Away,1.65,,,WON,
2025-10-25T09:00:00+00:00,1. Liga U19,Zbrojovka Brno U19,Mladá Boleslav U19,Over/Under Goals,Under 3.5,1.47,,,WON,
2025-10-25T09:00:00+00:00,Friendlies Women,Andorra W,Gibraltar W,Over/Under Goals,Over 2.5,1.44,,,WON,
2025-10-25T09:00:00+00:00,Second League A - Fall Season Gold,Novosibirsk,Alaniya Vladikavkaz,Over/Under Goals,Under 3.5,1.27,,,LOST,
2025-10-25T09:30:00+00:00,Campionato Primavera - 2,Benevento U19,Crotone U19,Over/Under Goals,Under 3.5,1.48,,,WON,
2025-10-25T09:30:00+00:00,Campionato Primavera - 2,Sampdoria U19,Brescia U19,Double Chance,Home/Draw,1.18,,,LOST,
2025-10-25T10:00:00+00:00,1. Liga U19,Pardubice U19,Baník Ostrava U19,Double Chance,Home/Draw,1.7,,,LOST,
2025-10-25T10:00:00+00:00,1. Liga,JDFS Alberts,Tukums II,1X2 / Match Winner,Draw,7.5,,,LOST,
2025-10-25T10:00:00+00:00,2. Lig,Yeni Malatyaspor,Hekimoğlu Trabzon,Team Total Goals,Over 1.5,1.2,,,WON,
2025-10-25T10:00:00+00:00,First League,Botev Vratsa,Septemvri Sofia,Over/Under Goals,Under 3.5,1.25,,,WON,
2025-10-25T10:00:00+00:00,III Liga - Group 1,Wisła Płock II,Warta Sieradz,Over/Under Goals,Under 3.5,1.45,,,WON,
2025-10-25T10:00:00+00:00,III Liga - Group 2,Lipno Stęszew,Kluczevia Stargard,Over/Under Goals,Over 1.5,1.16,,,WON,
2025-10-25T10:00:00+00:00,III Liga - Group 3,Sparta Katowice,Starowice Dolne,Over/Under Goals,Under 3.5,1.52,,,WON,
2025-10-25T10:00:00+00:00,Liga Revelação U23,Estoril U23,Benfica U23,Over/Under Goals,Under 3.5,1.53,,,WON,
2025-10-25T10:00:00+00:00,Premier League 2 Division One,Blackburn Rovers U21,Manchester City U21,BTTS,Yes,1.41,,,LOST,
2025-10-25T10:00:00+00:00,Premier League,Metalist 1925 Kharkiv,LNZ Cherkasy,Over/Under Goals,Under 3.5,1.15,,,WON,
2025-10-25T10:00:00+00:00,Second League - Group 1,Astrakhan,Rubin Yalta,Over/Under Goals,Under 3.5,1.18,,,WON,
2025-10-25T10:00:00+00:00,Second League - Group 3,Salyut-Belgorod,Rotor-2,Over/Under Goals,Under 3.5,1.69,,,WON,
2025-10-25T10:00:00+00:00,Second League A - Fall Season Gold,Dinamo Moskva II,Leningradets,Over/Under Goals,Under 2.5,1.86,,,WON,
2025-10-25T10:00:00+00:00,Segunda Liga,Sporting CP B,Lusitânia Lourosa,Over/Under Goals,Under 3.5,1.25,,,LOST,
2025-10-25T10:00:00+00:00,Segunda Liga,União de Leiria,Leixoes,Asian Handicap,Home +0,1.5,,,LOST,
2025-10-25T10:30:00+00:00,Júniores U19,Santa Clara U19,Academico Viseu U19,Over/Under Goals,Under 3.5,1.3,,,WON,
2025-10-25T10:30:00+00:00,Liga II,Chindia Targoviste,FC Voluntari,Over/Under Goals,Under 3.5,1.2,,,WON,
2025-10-25T10:30:00+00:00,TFF 1. Lig,Adana Demirspor,Van BB,Over/Under Goals,Under 3.5,1.69,,,LOST,
2025-10-25T10:30:00+00:00,TFF 1. Lig,Sarıyer,Manisa BBSK,Team Total Goals,Over 0.5,1.16,,,LOST,
2025-10-25T11:00:00+00:00,1 Lyga,Babrungas,Hegelmann II,Over/Under Goals,Under 3.5,1.55,,,LOST,
2025-10-25T11:00:00+00:00,1 Lyga,TransINVEST Vilnius,FA Šiauliai II,Over/Under Goals,Under 3.5,2.15,,,WON,
2025-10-25T11:00:00+00:00,2. Division - Group 2,Eidsvold,Ull/Kisa,Asian Handicap,Home +0.25,1.45,,,LOST,
2025-10-25T11:00:00+00:00,2. Division - Group 2,Follo,Strommen,1X2 / Match Winner,Away,1.42,,,WON,
2025-10-25T11:00:00+00:00,2. Division - Group 2,Hønefoss,Asker,1X2 / Match Winner,Home,1.27,,,WON,
2025-10-25T11:00:00+00:00,2. Division - Group 2,Kjelsås,Alta,Result + Total Goals,Home/Over 1.5,1.4,,,WON,
2025-10-25T11:00:00+00:00,2. Division - Group 2,Levanger,Strindheim,Asian Handicap,Home +0.25,1.16,,,LOST,
2025-10-25T11:00:00+00:00,2. Division - Group 2,Rana,Stjørdals-Blink,Double Chance,Draw/Away,1.4,,,LOST,
2025-10-25T11:00:00+00:00,2. Division - Group 2,Tromsdalen Uil,Grorud,Team Total Goals,Over 0.5,1.18,,,WON,
2025-10-25T11:00:00+00:00,2. Division,Ishøj,Naestved,Over/Under Goals,Under 3.5,1.33,,,WON,
2025-10-25T11:00:00+00:00,3. Division,Hørsholm-Usserød,Odder,1X2 / Match Winner,Draw,3.75,,,LOST,
2025-10-25T11:00:00+00:00,Bundesliga 2,Arminia Bielefeld,SV Elversberg,Over/Under Goals,Over 1.5,1.18,,,WON,
2025-10-25T11:00:00+00:00,Bundesliga 2,Dynamo Dresden,SC Paderborn 07,Over/Under Goals,Over 1.5,1.2,,,WON,
2025-10-25T11:00:00+00:00,Bundesliga 2,Holstein Kiel,VfL Bochum,Asian Handicap,Home +0,1.48,,,WON,
2025-10-25T11:00:00+00:00,Ettan - Norra,Sollentuna,United Nordic,Over/Under Goals,Over 1.5,1.15,,,WON,
2025-10-25T11:00:00+00:00,Ettan - Norra,Stocksund,Enköping,BTTS,Yes,1.36,,,WON,
2025-10-25T11:00:00+00:00,FKF Premier League,Homeboyz,Ulinzi Stars,Asian Handicap,Home +0.25,1.58,,,WON,
2025-10-25T11:00:00+00:00,First League,FC UFA,FK Neftekhimik,Double Chance,Draw/Away,1.56,,,LOST,
2025-10-25T11:00:00+00:00,First League,FK Sokol Saratov,Volga Ulyanovsk,Over/Under Goals,Under 3.5,1.18,,,WON,
2025-10-25T11:00:00+00:00,III Liga - Group 3,Warta Gorzów,Stal Jasień,1X2 / Match Winner,Home,1.29,,,WON,
2025-10-25T11:00:00+00:00,Premier League 2 Division One,Manchester United U21,Tottenham Hotspur U21,Team Total Goals,Over 0.5,1.2,,,WON,
2025-10-25T11:00:00+00:00,Premier League,Naftan,Dinamo Minsk,Team Total Goals,Over 0.5,1.8,,,WON,
2025-10-25T11:00:00+00:00,Premier League,Spartak Moscow,FC Orenburg,1X2 / Match Winner,Home,1.42,,,WON,
2025-10-25T11:00:00+00:00,Regionalliga - Nord,Hannover 96 II,HSC Hannover,Asian Handicap,Home +0,1.15,,,LOST,
2025-10-25T11:00:00+00:00,Second League - Group 1,Kuban Kholding,Dinamo Stavropol,Over/Under Goals,Under 3.5,1.31,,,WON,
2025-10-25T11:00:00+00:00,Second League - Group 1,Pobeda,Nart Cherkessk,Over/Under Goals,Under 3.5,1.18,,,WON,
2025-10-25T11:00:00+00:00,Second League - Group 3,Ryazan,Kvant,Over/Under Goals,Under 3.5,1.33,,,WON,
2025-10-25T11:00:00+00:00,Second League - Group 3,Zenit Penza,Strogino,Asian Handicap,Home +0.25,1.43,,,WON,
2025-10-25T11:00:00+00:00,Second League A - Fall Season Gold,Tekstilshchik,Volgar Astrakhan,Over/Under Goals,Under 3.5,1.16,,,WON,
2025-10-25T11:00:00+00:00,Second League A - Fall Season Gold,Veles,Tyumen,Over/Under Goals,Under 3.5,1.31,,,LOST,
2025-10-25T11:00:00+00:00,Super League,Henan Jianye,Hangzhou Greentown,BTTS,Yes,1.3,,,WON,
2025-10-25T11:00:00+00:00,Superettan,Umeå FC,Varbergs BoIS FC,1X2 / Match Winner,Draw,3.75,,,WON,
2025-10-25T11:00:00+00:00,Superliga,Ballkani,Gjilani,Over/Under Goals,Under 3.5,1.28,,,WON,
2025-10-25T11:00:00+00:00,Superliga,Prishtina e Re,Malisheva,Double Chance,Home/Draw,1.57,,,LOST,
2025-10-25T11:00:00+00:00,Thai League 1,Ayutthaya FC,Chonburi FC,Over/Under Goals,Under 3.5,1.35,,,WON,
2025-10-25T11:00:00+00:00,Thai League 2,Songkhla,Mahasarakham United,Over/Under Goals,Under 3.5,1.18,,,WON,
2025-10-25T11:00:00+00:00,Virsliga,BFC Daugavpils,Super Nova,Over/Under Goals,Under 3.5,1.5,,,LOST,
2025-10-25T11:15:00+00:00,II Liga - East,Hutnik Kraków,Zaglebie Sosnowiec,Over/Under Goals,Under 3.5,1.57,,,WON,
2025-10-25T11:30:00+00:00,2. Division,VSK Århus,Roskilde,1X2 / Match Winner,Away,1.55,,,LOST,
2025-10-25T11:30:00+00:00,2. Lig,Adana 1954 FK,Muğlaspor,Over/Under Goals,Under 3.5,1.23,,,WON,
2025-10-25T11:30:00+00:00,2. liga,Baník Lehota p.Vtáčnikom,Dukla Banská Bystrica,Over/Under Goals,Under 3.5,1.38,,,WON,
2025-10-25T11:30:00+00:00,2. liga,Inter Bratislava,Slávia TU Košice,Over/Under Goals,Under 3.5,1.5,,,LOST,
2025-10-25T11:30:00+00:00,2. liga,Púchov,Liptovský Mikuláš,1X2 / Match Winner,Draw,3.96,,,WON,
2025-10-25T11:30:00+00:00,2. liga,Stará Ľubovňa,Slovan Bratislava II,Double Chance,Draw/Away,1.62,,,LOST,
2025-10-25T11:30:00+00:00,2. liga,Šamorín,Malženice,Over/Under Goals,Over 2.5,1.57,,,LOST,
2025-10-25T11:30:00+00:00,3. Division,Lyseng,Sundby,Double Chance,Home/Draw,1.44,,,WON,
2025-10-25T11:30:00+00:00,Championship,Coventry,Watford,1X2 / Match Winner,Home,1.5,,,WON,
2025-10-25T11:30:00+00:00,Championship,Ipswich,West Brom,Over/Under Goals,Over 1.5,1.28,,,LOST,
2025-10-25T11:30:00+00:00,Championship,Portsmouth,Stoke City,1X2 / Match Winner,Draw,3.15,,,LOST,
2025-10-25T11:30:00+00:00,League One,Bolton,Cardiff,Over/Under Goals,Over 1.5,1.25,,,LOST,
2025-10-25T11:30:00+00:00,League One,Mansfield Town,Wigan,Over/Under Goals,Over 1.5,1.35,,,WON,
2025-10-25T11:30:00+00:00,League Two,Cheltenham,Walsall,Over/Under Goals,Under 3.5,1.25,,,WON,
2025-10-25T11:30:00+00:00,League Two,Fleetwood Town,Accrington ST,Over/Under Goals,Over 1.5,1.33,,,WON,
2025-10-25T11:30:00+00:00,Meistriliiga,Kuressaare,Kalju Nomme,Over/Under Goals,Under 3.5,1.7,,,WON,
2025-10-25T11:30:00+00:00,Meistriliiga,Laagri,Trans Narva,Double Chance,Draw/Away,1.17,,,LOST,
2025-10-25T11:30:00+00:00,National League,FC Halifax Town,York,Over/Under Goals,Over 1.5,1.17,,,WON,
2025-10-25T11:30:00+00:00,Premier League 2 Division One,Sunderland U21,Stoke City U21,BTTS,Yes,1.33,,,WON,
2025-10-25T11:30:00+00:00,Premier League,Young Lions,Geylang International,Result + Total Goals,Away/Over 1.5,1.25,,,WON,
2025-10-25T11:30:00+00:00,Thai League 1,Chiangrai United,Kanchanaburi,Asian Handicap,Home +0.25,1.47,,,WON,
2025-10-25T11:30:00+00:00,Thai League 2,Police Tero,Khon Kaen United,Double Chance,Draw/Away,1.41,,,LOST,
2025-10-25T12:00:00+00:00,1. Division,Aalborg,Lyngby,Over/Under Goals,Over 1.5,1.22,,,WON,
2025-10-25T12:00:00+00:00,1. Division,Aarhus Fremad,Esbjerg,Over/Under Goals,Under 3.5,1.5,,,WON,
2025-10-25T12:00:00+00:00,1. Division,Hobro,Hillerød,Double Chance,Draw/Away,1.44,,,WON,
2025-10-25T12:00:00+00:00,1. Division,Skeid,Raufoss,Asian Handicap,Home +0.25,1.58,,,LOST,
2025-10-25T12:00:00+00:00,1. Liga Promotion,Young Boys II,Lausanne Sport II,Double Chance,Draw/Away,1.5,,,LOST,
2025-10-25T12:00:00+00:00,1. Liga,Skanste,JFK Ventspils,Double Chance,Home/Draw,1.5,,,WON,
2025-10-25T12:00:00+00:00,1st Division,FK Kukesi,Luftëtari,Double Chance,Draw/Away,1.17,,,WON,
2025-10-25T12:00:00+00:00,1st Division,Laci,Burreli,Double Chance,Home/Draw,1.17,,,WON,
2025-10-25T12:00:00+00:00,1st Division,Pogradeci,Kastrioti Krujë,1X2 / Match Winner,Home,1.22,,,WON,
2025-10-25T12:00:00+00:00,2. Division,AB Copenhagen,Brabrand,1X2 / Match Winner,Home,1.28,,,WON,
2025-10-25T12:00:00+00:00,2. Division,Ayia Napa,PAEEK,Over/Under Goals,Under 2.5,1.65,,,WON,
2025-10-25T12:00:00+00:00,2. Division,HIK,Skive,Over/Under Goals,Under 3.5,1.37,,,WON,
2025-10-25T12:00:00+00:00,2. Division,Iraklis Yerolakkou,Digenis Morphou,Double Chance,Draw/Away,1.15,,,WON,
2025-10-25T12:00:00+00:00,2. Lig,Altınordu,Karacabey Belediyespor,Over/Under Goals,Under 3.5,1.22,,,WON,
2025-10-25T12:00:00+00:00,2. Lig,İnegölspor,Kepez Belediyespor,Over/Under Goals,Under 3.5,1.32,,,WON,
2025-10-25T12:00:00+00:00,3. Division,Brønshøj,Vejgaard B,1X2 / Match Winner,Home,1.7,,,WON,
2025-10-25T12:00:00+00:00,3. Division,FA 2000,Vanløse,Over/Under Goals,Under 3.5,1.34,,,WON,
2025-10-25T12:00:00+00:00,3. Division,Frem,Holbæk B&I,Over/Under Goals,Under 3.5,1.26,,,WON,
2025-10-25T12:00:00+00:00,3. Liga,Energie Cottbus,Havelse,Result + Total Goals,Home/Over 1.5,1.4,,,WON,
2025-10-25T12:00:00+00:00,3. Liga,FC Ingolstadt 04,FC Saarbrücken,Over/Under Goals,Over 1.5,1.18,,,WON,
2025-10-25T12:00:00+00:00,3. Liga,SSV Jahn Regensburg,Stuttgart II,Over/Under Goals,Under 3.5,1.48,,,LOST,
2025-10-25T12:00:00+00:00,3. Liga,Verl,SSV Ulm 1846,Over/Under Goals,Over 1.5,1.18,,,WON,
2025-10-25T12:00:00+00:00,3. Liga,Waldhof Mannheim,TSV 1860 München,Over/Under Goals,Over 1.5,1.25,,,WON,
2025-10-25T12:00:00+00:00,3. liga - CFL B,Arsenal Česká Lípa,Slovan Velvary,1X2 / Match Winner,Home,1.17,,,WON,
2025-10-25T12:00:00+00:00,FKF Premier League,Kariobangi Sharks,APS Bomet,Double Chance,Draw/Away,1.53,,,WON,
2025-10-25T12:00:00+00:00,II Liga - East,Jastrzębie,Podbeskidzie,1X2 / Match Winner,Away,1.67,,,LOST,
2025-10-25T12:00:00+00:00,III Liga - Group 2,Elana Toruń,Pogoń Szczecin II,1X2 / Match Winner,Home,1.7,,,LOST,
2025-10-25T12:00:00+00:00,III Liga - Group 4,Avia Świdnik,Star Starachowice,Over/Under Goals,Under 3.5,1.68,,,WON,
2025-10-25T12:00:00+00:00,La Liga,Girona,Oviedo,1X2 / Match Winner,Draw,3.65,,,WON,
2025-10-25T12:00:00+00:00,Liga 1,Bali United,Persita,Over/Under Goals,Over 1.5,1.23,,,LOST,
2025-10-25T12:00:00+00:00,Ligue 2,Amiens,Rodez,Over/Under Goals,Under 3.5,1.33,,,WON,
2025-10-25T12:00:00+00:00,Ligue 2,Montpellier,Nancy,Over/Under Goals,Under 3.5,1.25,,,LOST,
2025-10-25T12:00:00+00:00,Premier League 2 Division One,Leicester City U21,Southampton U21,Double Chance,Draw/Away,1.55,,,LOST,
2025-10-25T12:00:00+00:00,Premyer Liqa,Araz,Sabah FA,Over/Under Goals,Under 3.5,1.3,,,LOST,
2025-10-25T12:00:00+00:00,Primera División RFEF - Group 2,Algeciras,Alcorcon,Over/Under Goals,Under 3.5,1.17,,,WON,
2025-10-25T12:00:00+00:00,Prva Liga,Dinamo Jug,FK Vozdovac,Over/Under Goals,Under 3.5,1.21,,,WON,
2025-10-25T12:00:00+00:00,Prva Liga,FAP,Zemun,Over/Under Goals,Under 3.5,1.18,,,WON,
2025-10-25T12:00:00+00:00,Prva Liga,Semendrija 1924,OFK Vršac,Over/Under Goals,Under 3.5,1.22,,,WON,
2025-10-25T12:00:00+00:00,Regionalliga - Bayern,Bayern München II,Illertissen,Over/Under Goals,Over 1.5,1.19,,,WON,
2025-10-25T12:00:00+00:00,Regionalliga - Bayern,Greuther Fürth II,Ansbach,Over/Under Goals,Over 1.5,1.18,,,WON,
2025-10-25T12:00:00+00:00,Regionalliga - Bayern,Hankofen-Hailing,Aubstadt,Over/Under Goals,Over 1.5,1.2,,,WON,
2025-10-25T12:00:00+00:00,Regionalliga - Bayern,Memmingen,SpVgg Unterhaching,1X2 / Match Winner,Away,1.42,,,LOST,
2025-10-25T12:00:00+00:00,Regionalliga - Bayern,Schwaben Augsburg,Vilzing,Over/Under Goals,Under 3.5,1.45,,,WON,
2025-10-25T12:00:00+00:00,Regionalliga - Bayern,Viktoria Aschaffenburg,Eichstätt,Double Chance,Draw/Away,1.15,,,WON,
2025-10-25T12:00:00+00:00,Regionalliga - Nord,Eintracht Norderstedt,Weiche Flensburg,Over/Under Goals,Over 2.5,1.42,,,WON,
2025-10-25T12:00:00+00:00,Regionalliga - Nordost,BSG Chemie Leipzig,Hertha BSC II,Asian Handicap,Home +0.25,1.42,,,WON,
2025-10-25T12:00:00+00:00,Regionalliga - Nordost,Chemnitzer FC,Hertha Zehlendorf,Over/Under Goals,Under 3.5,1.5,,,WON,
2025-10-25T12:00:00+00:00,Regionalliga - Nordost,Greifswalder FC,FC Carl Zeiss Jena,1X2 / Match Winner,Away,1.7,,,LOST,
2025-10-25T12:00:00+00:00,Regionalliga - SudWest,Balingen,Hessen Kassel,Asian Handicap,Home +1.25,1.52,,,WON,
2025-10-25T12:00:00+00:00,Regionalliga - SudWest,FSV Mainz 05 II,SGV Freiberg,Asian Handicap,Home +0.5,1.68,,,WON,
2025-10-25T12:00:00+00:00,Regionalliga - SudWest,Freiburg II,FC Astoria Walldorf,Over/Under Goals,Over 2.5,1.44,,,WON,
2025-10-25T12:00:00+00:00,Regionalliga - SudWest,SG Sonnenhof Grossaspach,Bahlinger SC,Over/Under Goals,Over 2.5,1.28,,,WON,
2025-10-25T12:00:00+00:00,Regionalliga - SudWest,TSV Steinbach,FSV Frankfurt,1X2 / Match Winner,Home,1.53,,,LOST,
2025-10-25T12:00:00+00:00,Regionalliga - West,Bischofshofen,Imst,Double Chance,Home/Draw,1.5,,,WON,
2025-10-25T12:00:00+00:00,Regionalliga - West,Borussia M'gladbach II,Wuppertaler SV,Over/Under Goals,Over 2.5,1.62,,,WON,
2025-10-25T12:00:00+00:00,Regionalliga - West,FC Bocholt,Bochum II,Double Chance,Home/Draw,1.17,,,WON,
2025-10-25T12:00:00+00:00,Regionalliga - West,Fortuna Düsseldorf II,Paderborn II,Over/Under Goals,Under 3.5,1.5,,,WON,
2025-10-25T12:00:00+00:00,Regionalliga - West,Fortuna Köln,Köln II,Over/Under Goals,Under 3.5,1.62,,,LOST,
2025-10-25T12:00:00+00:00,Regionalliga - West,Kitzbühel,Kufstein,Asian Handicap,Away -1.25,1.45,,,WON,
2025-10-25T12:00:00+00:00,Regionalliga - West,Rot-weiss Oberhausen,Sportfreunde Lotte,Over/Under Goals,Under 3.5,1.5,,,WON,
2025-10-25T12:00:00+00:00,Regionalliga - West,SSVg Velbert,Schalke 04 II,Over/Under Goals,Under 3.5,1.8,,,LOST,
2025-10-25T12:00:00+00:00,Second League - Group 1,Druzhba,Legion Dynamo,Over/Under Goals,Under 3.5,1.28,,,WON,
2025-10-25T12:00:00+00:00,Second League - Group 3,Znamya Truda,Metallurg Lipetsk,Asian Handicap,Home +0,1.4,,,WON,
2025-10-25T12:00:00+00:00,Segunda Division,Cultural Leonesa,AD Ceuta FC,Over/Under Goals,Under 3.5,1.2,,,WON,
2025-10-25T12:00:00+00:00,Thai League 1,Prachuap,Nakhon Ratchasima FC,Over/Under Goals,Under 3.5,1.32,,,WON,
2025-10-25T12:00:00+00:00,Úrvalsdeild,IBV Vestmannaeyjar,KA Akureyri,Double Chance,Draw/Away,1.53,,,WON,
2025-10-25T12:30:00+00:00,Campionato Primavera - 2,Bari U19,Ascoli U19,Double Chance,Home/Draw,1.7,,,LOST,
2025-10-25T12:30:00+00:00,Campionato Primavera - 2,Cittadella U19,Sudtirol U19,Over/Under Goals,Under 3.5,1.38,,,WON,
2025-10-25T12:30:00+00:00,Campionato Primavera - 2,Padova U19,Venezia U19,Double Chance,Home/Draw,1.57,,,WON,
2025-10-25T12:30:00+00:00,Campionato Primavera - 2,Spezia U19,Empoli U19,Double Chance,Draw/Away,1.3,,,LOST,
2025-10-25T12:30:00+00:00,FNL,Hanácká,Vysočina Jihlava,Over/Under Goals,Under 2.5,1.85,,,WON,
2025-10-25T12:30:00+00:00,FNL,Příbram,Chrudim,1X2 / Match Winner,Draw,3.2,,,WON,
2025-10-25T12:30:00+00:00,FNL,Táborsko,Slavia Praha II,1X2 / Match Winner,Home,1.7,,,LOST,
2025-10-25T12:30:00+00:00,First League,FK Rabotnicki,Makedonija GjP,Double Chance,Draw/Away,1.55,,,WON,
2025-10-25T12:30:00+00:00,First League,Slavia Sofia,Cherno More Varna,1X2 / Match Winner,Draw,3.3,,,WON,
2025-10-25T12:30:00+00:00,II Liga - East,Rekord Bielsko-Biała,Olimpia Grudziądz,Asian Handicap,Home +0.25,1.6,,,WON,
2025-10-25T12:30:00+00:00,III Liga - Group 1,Łomża,Swit,Over/Under Goals,Under 3.5,1.48,,,WON,
2025-10-25T12:30:00+00:00,NB I,Puskas Academy,MTK Budapest,Over/Under Goals,Over 1.5,1.17,,,WON,
2025-10-25T12:30:00+00:00,Premier League,Karpaty,Ruh Lviv,1X2 / Match Winner,Draw,4.1,,,WON,
2025-10-25T12:30:00+00:00,Regionalliga - West,Wals-Grünau,TSV St. Johann,Asian Handicap,Away -1.25,1.57,,,WON,
2025-10-25T12:30:00+00:00,Serie C - Girone C,Atalanta II,AZ Picerno,Over/Under Goals,Under 3.5,1.4,,,LOST,
2025-10-25T12:30:00+00:00,Serie C - Girone C,Cavese,Crotone,Over/Under Goals,Under 3.5,1.25,,,WON,
2025-10-25T12:30:00+00:00,Thai League 2,Trat FC,Nakhon Pathom,Over/Under Goals,Under 3.5,1.27,,,WON,
2025-10-25T12:30:00+00:00,Tweede Divisie,Excelsior Maassluis,HHC,Double Chance,Draw/Away,1.18,,,LOST,
2025-10-25T12:30:00+00:00,Tweede Divisie,GVVV Veenendaal,ACV,Asian Handicap,Home +0.25,1.2,,,WON,
2025-10-25T12:30:00+00:00,Tweede Divisie,Hoek,Ijsselmeervogels,Asian Handicap,Away -1.25,1.47,,,WON,
2025-10-25T12:30:00+00:00,Tweede Divisie,Koninklijke HFC,Almere City II,Double Chance,Draw/Away,1.44,,,LOST,
2025-10-25T12:30:00+00:00,Tweede Divisie,RKAV Volendam,Quick Boys,Over/Under Goals,Under 3.5,1.57,,,WON,
2025-10-25T12:45:00+00:00,Ekstraklasa,Arka Gdynia,Piast Gliwice,Over/Under Goals,Under 3.5,1.22,,,WON,
2025-10-25T12:55:00+00:00,Presidents Cup,Khorfakkan,Al-Ittihad Kalba,Team Total Goals,Under 2.5,1.2,,,WON,
2025-10-25T13:00:00+00:00,1. Liga Promotion,Paradiso,Kreuzlingen,Over/Under Goals,Over 2.5,1.4,,,LOST,
2025-10-25T13:00:00+00:00,1. Liga,Rīgas FS II,Augšdaugava,Over/Under Goals,Under 3.5,1.69,,,WON,
2025-10-25T13:00:00+00:00,1. SNL,Radomlje,Koper,1X2 / Match Winner,Draw,3.68,,,WON,
2025-10-25T13:00:00+00:00,2. SNL,Bistrica,Beltinci,Over/Under Goals,Under 3.5,1.38,,,WON,
2025-10-25T13:00:00+00:00,2. SNL,Dekani,Triglav,Over/Under Goals,Under 3.5,1.55,,,LOST,
2025-10-25T13:00:00+00:00,2. SNL,Ilirija,Dravinja,Over/Under Goals,Under 3.5,1.42,,,LOST,
2025-10-25T13:00:00+00:00,2. SNL,Jesenice,Slovan Ljubljana,Team Total Goals,Over 0.5,1.17,,,WON,
2025-10-25T13:00:00+00:00,3. Division,Nykobing FC,Næsby,Over/Under Goals,Over 1.5,1.15,,,WON,
2025-10-25T13:00:00+00:00,Allsvenskan,Djurgardens IF,IFK Varnamo,Over/Under Goals,Over 2.5,1.45,,,WON,
2025-10-25T13:00:00+00:00,Campionato Primavera - 2,Vicenza U19,Pro Vercelli U19,BTTS,Yes,1.55,,,WON,
2025-10-25T13:00:00+00:00,Campionato,Folgore,Pennarossa,1X2 / Match Winner,Home,1.17,,,WON,
2025-10-25T13:00:00+00:00,Challenge League,Fgura United,Melita,Double Chance,Home/Draw,1.44,,,LOST,
2025-10-25T13:00:00+00:00,Czech Liga,Dukla Praha,Slovácko,Over/Under Goals,Under 3.5,1.2,,,WON,
2025-10-25T13:00:00+00:00,Czech Liga,Hradec Králové,Teplice,1X2 / Match Winner,Draw,3.7,,,WON,
2025-10-25T13:00:00+00:00,Czech Liga,Mlada Boleslav,Karviná,Over/Under Goals,Under 3.5,1.57,,,LOST,
2025-10-25T13:00:00+00:00,Czech Liga,Zlin,Pardubice,Team Total Goals,Under 2.5,1.18,,,WON,
2025-10-25T13:00:00+00:00,First NL,Jarun,Karlovac 1919,Over/Under Goals,Under 3.5,1.22,,,LOST,
2025-10-25T13:00:00+00:00,Friendlies Women,Wales W,Australia W,Team Total Goals,Over 0.5,1.17,,,WON,
2025-10-25T13:00:00+00:00,III Liga - Group 2,Stargard Szczeciński,Pogoń Nowe Skalmierzyce,Over/Under Goals,Under 3.5,1.73,,,WON,
2025-10-25T13:00:00+00:00,III Liga - Group 2,Victoria Września,Unia Swarzędz,Over/Under Goals,Under 3.5,1.41,,,LOST,
2025-10-25T13:00:00+00:00,III Liga - Group 2,Wda Świecie,Zawisza Bydgoszcz,Over/Under Goals,Under 3.5,1.44,,,WON,
2025-10-25T13:00:00+00:00,III Liga - Group 4,Cracovia Kraków II,Wisła Kraków II,Team Total Goals,Under 2.5,1.62,,,WON,
2025-10-25T13:00:00+00:00,III Liga - Group 4,Siarka Tarnobrzeg,Stal Kraśnik,Over/Under Goals,Over 2.5,1.65,,,LOST,
2025-10-25T13:00:00+00:00,Liga I,Oţelul,Universitatea Cluj,Over/Under Goals,Under 3.5,1.2,,,WON,
2025-10-25T13:00:00+00:00,Premier League 2 Division One,Chelsea U21,Arsenal U21,Over/Under Goals,Under 3.5,1.85,,,WON,
2025-10-25T13:00:00+00:00,Premier League,GAP Connah S Quay FC,Haverfordwest County AFC,Over/Under Goals,Under 3.5,1.5,,,LOST,
2025-10-25T13:00:00+00:00,Premier League,Pyunik Yerevan,Gandzasar,Over/Under Goals,Under 3.5,1.48,,,WON,
2025-10-25T13:00:00+00:00,Premier League,Slavia Mozyr,Neman,Asian Handicap,Home +0.25,1.44,,,WON,
2025-10-25T13:00:00+00:00,Second League - Group 1,Sevastopol,Rostov II,Over/Under Goals,Under 3.5,1.3,,,WON,
2025-10-25T13:00:00+00:00,Second League,Belasitsa,Marek,Over/Under Goals,Under 2.5,1.44,,,WON,
2025-10-25T13:00:00+00:00,Second League,Chernomorets 1919 Burgas,Hebar 1918,Over/Under Goals,Under 3.5,1.2,,,WON,
2025-10-25T13:00:00+00:00,Second League,Lokomotiv G. Oryahovitsa,FK Minyor Pernik,Over/Under Goals,Under 3.5,1.22,,,LOST,
2025-10-25T13:00:00+00:00,Second League,Vihren,Sevlievo,Asian Handicap,Home +0.25,1.15,,,WON,
2025-10-25T13:00:00+00:00,Segunda Liga,Pacos Ferreira,Portimonense,Over/Under Goals,Under 3.5,1.25,,,LOST,
2025-10-25T13:00:00+00:00,Serie A,Parma,Como,Over/Under Goals,Under 3.5,1.28,,,WON,
2025-10-25T13:00:00+00:00,Serie A,Udinese,Lecce,Over/Under Goals,Under 3.5,1.22,,,LOST,
2025-10-25T13:00:00+00:00,Serie B,Avellino,Spezia,Over/Under Goals,Over 1.5,1.45,,,WON,
2025-10-25T13:00:00+00:00,Serie B,Monza,Reggiana,Over/Under Goals,Over 1.5,1.3,,,WON,
2025-10-25T13:00:00+00:00,Serie B,Sampdoria,Frosinone,Over/Under Goals,Over 1.5,1.4,,,WON,
2025-10-25T13:00:00+00:00,Serie B,Sudtirol,Cesena,Over/Under Goals,Over 1.5,1.42,,,LOST,
2025-10-25T13:00:00+00:00,Serie B,Virtus Entella,Pescara,Over/Under Goals,Over 1.5,1.4,,,WON,
2025-10-25T13:00:00+00:00,Super League,Nkana,Mufulira Wanderers,Over/Under Goals,Under 2.5,1.36,,,WON,
2025-10-25T13:00:00+00:00,Super League,Nkwazi,Red Arrows,Double Chance,Draw/Away,1.25,,,WON,
2025-10-25T13:00:00+00:00,Super Liga,Radnicki 1923,TSC Backa Topola,Over/Under Goals,Under 3.5,1.3,,,WON,
2025-10-25T13:00:00+00:00,Superettan,GIF Sundsvall,Kalmar FF,Over/Under Goals,Under 3.5,1.4,,,WON,
2025-10-25T13:00:00+00:00,Superettan,IK brage,Helsingborg,Over/Under Goals,Under 3.5,1.4,,,LOST,
2025-10-25T13:00:00+00:00,Superettan,Oddevold,Ostersunds FK,Over/Under Goals,Under 3.5,1.4,,,WON,
2025-10-25T13:00:00+00:00,Superettan,Sandviken,Utsikten,Over/Under Goals,Under 3.5,1.44,,,LOST,
2025-10-25T13:00:00+00:00,TFF 1. Lig,Pendikspor,Serik Belediyespor,Over/Under Goals,Under 3.5,1.41,,,LOST,
2025-10-25T13:00:00+00:00,Tweede Divisie,Spakenburg,AFC Amsterdam,Over/Under Goals,Under 3.5,1.49,,,WON,
2025-10-25T13:00:00+00:00,Tweede Divisie,Sparta Rotterdam II,Kozakken Boys,Asian Handicap,Home +0.25,1.6,,,WON,
2025-10-25T13:00:00+00:00,Virsliga,FK Liepaja,FS Jelgava,Over/Under Goals,Under 3.5,1.44,,,LOST,
2025-10-25T13:30:00+00:00,1. Liga Promotion,Basel II,Cham,Over/Under Goals,Over 2.5,1.44,,,WON,
2025-10-25T13:30:00+00:00,1st Division,University of Pretoria,Upington City,Double Chance,Draw/Away,1.55,,,WON,
2025-10-25T13:30:00+00:00,Bundesliga 1,1899 Hoffenheim,1. FC Heidenheim,Over/Under Goals,Over 1.5,1.17,,,WON,
2025-10-25T13:30:00+00:00,Bundesliga 1,Borussia Mönchengladbach,Bayern München,Over/Under Goals,Under 3.5,2.25,,,WON,
2025-10-25T13:30:00+00:00,Bundesliga 1,Eintracht Frankfurt,FC St. Pauli,Over/Under Goals,Over 2.5,1.57,,,LOST,
2025-10-25T13:30:00+00:00,Bundesliga 1,FC Augsburg,RB Leipzig,Over/Under Goals,Over 1.5,1.15,,,WON,
2025-10-25T13:30:00+00:00,Bundesliga 1,Hamburger SV,VfL Wolfsburg,Over/Under Goals,Under 3.5,1.55,,,WON,
2025-10-25T13:30:00+00:00,CAF Confederation Cup,USM Alger,AFAD,Over/Under Goals,Under 3.5,1.25,,,WON,
2025-10-25T13:30:00+00:00,FAW Championship,Brickfield Rangers,Gresford Athletic,Over/Under Goals,Over 2.5,1.44,,,LOST,
2025-10-25T13:30:00+00:00,FAW Championship,Caersws,Guilsfield,Over/Under Goals,Under 3.5,1.66,,,WON,
2025-10-25T13:30:00+00:00,FAW Championship,Cardiff Draconians,Trethomas Bluebirds,Over/Under Goals,Under 3.5,1.27,,,WON,
2025-10-25T13:30:00+00:00,FAW Championship,Llantwit Major,Ynyshir Albions,1X2 / Match Winner,Home,1.6,,,WON,
2025-10-25T13:30:00+00:00,FAW Championship,Mold Alexandra,Holywell,1X2 / Match Winner,Away,1.53,,,WON,
2025-10-25T13:30:00+00:00,FAW Championship,Penrhyncoch,Flint Mountain,Double Chance,Home/Draw,1.44,,,LOST,
2025-10-25T13:30:00+00:00,Ligue 1,ES Metlaoui,AS Gabes,Over/Under Goals,Under 2.5,1.5,,,WON,
2025-10-25T13:30:00+00:00,Meistaradeildin,07 Vestur,EB / Streymur,Result + Total Goals,Home/Over 1.5,1.4,,,LOST,
2025-10-25T13:30:00+00:00,Meistaradeildin,B36 Torshavn,Suduroy,Over/Under Goals,Over 2.5,1.18,,,LOST,
2025-10-25T13:30:00+00:00,Meistaradeildin,NSI Runavik,KI Klaksvik,Over/Under Goals,Over 1.5,1.24,,,WON,
2025-10-25T13:30:00+00:00,Meistaradeildin,TB,B68,Double Chance,Draw/Away,1.15,,,WON,
2025-10-25T13:30:00+00:00,Meistaradeildin,Vikingur Gota,HB,Double Chance,Draw/Away,1.56,,,WON,
2025-10-25T13:30:00+00:00,Premier League,Bala Town,Barry Town,Over/Under Goals,Under 3.5,1.36,,,WON,
2025-10-25T13:30:00+00:00,Premier League,Briton Ferry,Colwyn Bay,Over/Under Goals,Under 3.5,1.44,,,WON,
2025-10-25T13:30:00+00:00,Premier League,FC Rostov,Dinamo Makhachkala,Over/Under Goals,Under 3.5,1.17,,,WON,
2025-10-25T13:30:00+00:00,Premier League,Penybont,Caernarfon Town,Asian Handicap,Home +0,1.65,,,LOST,
2025-10-25T13:30:00+00:00,Super Liga,AS Trencin,Komárno,Over/Under Goals,Under 3.5,1.36,,,WON,
2025-10-25T13:30:00+00:00,Super Liga,Zemplín Michalovce,Dunajska Streda,Over/Under Goals,Under 3.5,1.4,,,LOST,
2025-10-25T13:30:00+00:00,Super Liga,Žilina,Skalica,Over/Under Goals,Over 1.5,1.22,,,WON,
2025-10-25T13:30:00+00:00,Tweede Divisie,Katwijk,Barendrecht,Over/Under Goals,Under 3.5,1.59,,,LOST,
2025-10-25T13:45:00+00:00,Premier League,Valletta FC,Hibernians,Double Chance,Home/Draw,1.15,,,WON,
2025-10-25T13:45:00+00:00,Prva HNL,NK Lokomotiva Zagreb,Istra 1961,Over/Under Goals,Under 3.5,1.3,,,WON,
2025-10-25T14:00:00+00:00,1. Division,Asane,Start,Over/Under Goals,Under 3.5,1.45,,,LOST,
2025-10-25T14:00:00+00:00,1. Division,Ethnikos Achna,Enosis,Double Chance,Home/Draw,1.17,,,WON,
2025-10-25T14:00:00+00:00,1. Division,Lillestrom,Ranheim,Over/Under Goals,Over 1.5,1.16,,,WON,
2025-10-25T14:00:00+00:00,1. Division,Lyn,Kongsvinger,Double Chance,Draw/Away,1.49,,,WON,
2025-10-25T14:00:00+00:00,1. Division,Mjondalen,ODD Ballklubb,Over/Under Goals,Over 1.5,1.2,,,WON,
2025-10-25T14:00:00+00:00,1. Division,Moss,Aalesund,Over/Under Goals,Over 1.5,1.15,,,WON,
2025-10-25T14:00:00+00:00,1. Division,Sogndal,Egersund,Over/Under Goals,Under 3.5,1.63,,,WON,
2025-10-25T14:00:00+00:00,1. Division,hodd,Stabaek,Over/Under Goals,Over 1.5,1.16,,,WON,
2025-10-25T14:00:00+00:00,1. Liga Promotion,Bavois,FC Schaffhausen,Double Chance,Home/Draw,1.22,,,WON,
2025-10-25T14:00:00+00:00,1. Liga Promotion,Brühl,Grand-Saconnex,Over/Under Goals,Under 3.5,1.95,,,LOST,
2025-10-25T14:00:00+00:00,1. Liga Promotion,Luzern II,Vevey Sports,Team Total Goals,Over 1.5,1.43,,,WON,
2025-10-25T14:00:00+00:00,1. Liga,Mārupe,Progress / AFA Olaine,Over/Under Goals,Under 3.5,1.66,,,LOST,
2025-10-25T14:00:00+00:00,2. Lig,Fethiyespor,Kırklarelispor,Over/Under Goals,Under 3.5,1.24,,,WON,
2025-10-25T14:00:00+00:00,3. Division - Girone 2,Kristiansund II,Aalesund II,Over/Under Goals,Under 3.5,2.88,,,WON,
2025-10-25T14:00:00+00:00,CAF Champions League,Young Africans,Silver Strikers,Over/Under Goals,Under 2.5,1.7,,,WON,
2025-10-25T14:00:00+00:00,Campionato Primavera - 2,Lecco U19,Modena U19,Double Chance,Home/Draw,1.55,,,WON,
2025-10-25T14:00:00+00:00,Challenger Pro League,Club Brugge II,Olympic Charleroi,1X2 / Match Winner,Draw,4.29,,,WON,
2025-10-25T14:00:00+00:00,Championship,Airdrie United,Arbroath,Over/Under Goals,Under 3.5,1.28,,,WON,
2025-10-25T14:00:00+00:00,Championship,Ards,Institute,Over/Under Goals,Under 3.5,1.41,,,WON,
2025-10-25T14:00:00+00:00,Championship,Blackburn,Southampton,Over/Under Goals,Under 3.5,1.28,,,WON,
2025-10-25T14:00:00+00:00,Championship,Bristol City,Birmingham,Asian Handicap,Home +0.25,1.52,,,WON,
2025-10-25T14:00:00+00:00,Championship,Derby,QPR,Asian Handicap,Away -0.5,1.7,,,LOST,
2025-10-25T14:00:00+00:00,Championship,Dundela,Limavady United,Over/Under Goals,Under 3.5,1.4,,,WON,
2025-10-25T14:00:00+00:00,Championship,H&W Welders,Ballinamallard United,Over/Under Goals,Under 3.5,1.66,,,WON,
2025-10-25T14:00:00+00:00,Championship,Hull City,Charlton,Over/Under Goals,Under 3.5,1.28,,,WON,
2025-10-25T14:00:00+00:00,Championship,Loughgall,Newington Youth,Over/Under Goals,Under 3.5,1.41,,,LOST,
2025-10-25T14:00:00+00:00,Championship,Middlesbrough,Wrexham,Over/Under Goals,Under 3.5,1.32,,,WON,
2025-10-25T14:00:00+00:00,Championship,Millwall,Leicester,Double Chance,Draw/Away,1.44,,,LOST,
2025-10-25T14:00:00+00:00,Championship,Morton,ST Johnstone,Double Chance,Draw/Away,1.15,,,WON,
2025-10-25T14:00:00+00:00,Championship,Queen's Park,Ayr Utd,Over/Under Goals,Under 3.5,1.22,,,WON,
2025-10-25T14:00:00+00:00,Championship,Raith Rovers,Partick,Over/Under Goals,Under 3.5,1.22,,,WON,
2025-10-25T14:00:00+00:00,Championship,Ross County,Dunfermline,Over/Under Goals,Under 2.5,1.65,,,LOST,
2025-10-25T14:00:00+00:00,Championship,Sheffield Wednesday,Oxford United,Over/Under Goals,Over 1.5,1.31,,,WON,
2025-10-25T14:00:00+00:00,Championship,Swansea,Norwich,Asian Handicap,Home +0.25,1.42,,,WON,
2025-10-25T14:00:00+00:00,Eliteserien,Viking,Bryne,Over/Under Goals,Over 1.5,1.17,,,WON,
2025-10-25T14:00:00+00:00,Ettan - Norra,AFC Eskilstuna,Stockholm Internazionale,1X2 / Match Winner,Away,1.54,,,WON,
2025-10-25T14:00:00+00:00,Ettan - Norra,Karlberg,Assyriska FF,Asian Handicap,Home +0.25,1.55,,,LOST,
2025-10-25T14:00:00+00:00,FA Cup,Clyde,Annan Athletic,Double Chance,Draw/Away,1.62,,,WON,
2025-10-25T14:00:00+00:00,FA Cup,Cumbernauld Colts,Bonnyrigg Rose Athletic,Team Total Goals,Over 0.5,1.2,,,LOST,
2025-10-25T14:00:00+00:00,FA Cup,Spartans,East Kilbride,Over/Under Goals,Under 3.5,1.45,,,WON,
2025-10-25T14:00:00+00:00,FA Trophy,Anstey Nomads,Stratford Town,Double Chance,Draw/Away,1.5,,,LOST,
2025-10-25T14:00:00+00:00,FA Trophy,Brentwood Town,Welling United,Over/Under Goals,Over 1.5,1.15,,,WON,
2025-10-25T14:00:00+00:00,FA Trophy,Ilkeston Town,St Ives Town,Double Chance,Draw/Away,1.67,,,LOST,
2025-10-25T14:00:00+00:00,FA Trophy,Leek Town,Bromsgrove Sporting,Double Chance,Draw/Away,1.67,,,LOST,
2025-10-25T14:00:00+00:00,FA Trophy,Real Bedford,Ashford United,Team Total Goals,Over 0.5,1.44,,,WON,
2025-10-25T14:00:00+00:00,FA Trophy,Tilbury,Hadley,Double Chance,Draw/Away,1.5,,,LOST,
2025-10-25T14:00:00+00:00,First League,Chernomorets,Chelyabinsk,Double Chance,Draw/Away,1.66,,,WON,
2025-10-25T14:00:00+00:00,First League,Shinnik Yaroslavl,Spartak Kostroma,1X2 / Match Winner,Draw,3.0,,,WON,
2025-10-25T14:00:00+00:00,Jupiler Pro League,KVC Westerlo,Dender,Over/Under Goals,Under 3.5,1.5,,,WON,
2025-10-25T14:00:00+00:00,Júniores U19,Belenenses U19,Sporting CP U19,Over/Under Goals,Under 2.5,1.67,,,LOST,
2025-10-25T14:00:00+00:00,Júniores U19,Sporting Braga U19,Famalicão U19,Over/Under Goals,Under 3.5,1.42,,,WON,
2025-10-25T14:00:00+00:00,Júniores U19,Vizela U19,Rio Ave U19,Double Chance,Home/Draw,1.53,,,LOST,
2025-10-25T14:00:00+00:00,League One,AFC Wimbledon,Burton Albion,Team Total Goals,Under 2.5,1.18,,,WON,
2025-10-25T14:00:00+00:00,League One,Alloa Athletic,Stenhousemuir,Over/Under Goals,Under 3.5,1.2,,,WON,
2025-10-25T14:00:00+00:00,League One,Barnsley,Rotherham,Over/Under Goals,Over 1.5,1.2,,,LOST,
2025-10-25T14:00:00+00:00,League One,Kelty Hearts,East Fife,Asian Handicap,Home +1.25,1.42,,,LOST,
2025-10-25T14:00:00+00:00,League One,Leyton Orient,Lincoln,Double Chance,Draw/Away,1.5,,,LOST,
2025-10-25T14:00:00+00:00,League One,Montrose,Cove Rangers,Over/Under Goals,Under 3.5,1.28,,,WON,
2025-10-25T14:00:00+00:00,League One,Northampton,Luton,Team Total Goals,Over 0.5,1.45,,,LOST,
2025-10-25T14:00:00+00:00,League One,Peterborough,Blackpool,Over/Under Goals,Over 1.5,1.25,,,WON,
2025-10-25T14:00:00+00:00,League One,Peterhead,Inverness CT,Team Total Goals,Over 0.5,1.17,,,WON,
2025-10-25T14:00:00+00:00,League One,Reading,Doncaster,Over/Under Goals,Over 1.5,1.28,,,WON,
2025-10-25T14:00:00+00:00,League One,Stevenage,Bradford,1X2 / Match Winner,Draw,3.35,,,WON,
2025-10-25T14:00:00+00:00,League One,Wycombe,Huddersfield,Over/Under Goals,Under 3.5,1.3,,,WON,
2025-10-25T14:00:00+00:00,League Two,Barrow,Barnet,Team Total Goals,Under 2.5,1.18,,,WON,
2025-10-25T14:00:00+00:00,League Two,Bromley,Milton Keynes Dons,Over/Under Goals,Over 1.5,1.28,,,WON,
2025-10-25T14:00:00+00:00,League Two,Crawley Town,Bristol Rovers,Double Chance,Home/Draw,1.42,,,WON,
2025-10-25T14:00:00+00:00,League Two,Crewe,Grimsby,Over/Under Goals,Under 3.5,1.36,,,LOST,
2025-10-25T14:00:00+00:00,League Two,Gillingham,Salford City,Over/Under Goals,Under 3.5,1.3,,,WON,
2025-10-25T14:00:00+00:00,League Two,Notts County,Cambridge United,Double Chance,Home/Draw,1.42,,,WON,
2025-10-25T14:00:00+00:00,League Two,Oldham,Shrewsbury,Over/Under Goals,Under 3.5,1.25,,,LOST,
2025-10-25T14:00:00+00:00,League Two,Swindon Town,Colchester,Team Total Goals,Over 0.5,1.18,,,LOST,
2025-10-25T14:00:00+00:00,Ligue 1,El Bayadh,MC Oran,Asian Handicap,Home +0.25,1.47,,,LOST,
2025-10-25T14:00:00+00:00,Meistriliiga,Tammeka,Tallinna Kalev,Team Total Goals,Under 2.5,1.55,,,LOST,
2025-10-25T14:00:00+00:00,National League - North,AFC Fylde,Hereford,Over/Under Goals,Over 1.5,1.17,,,WON,
2025-10-25T14:00:00+00:00,National League - North,AFC Telford United,Worksop Town,Over/Under Goals,Over 1.5,1.22,,,WON,
2025-10-25T14:00:00+00:00,National League - North,Buxton,Alfreton Town,Double Chance,Home/Draw,1.17,,,WON,
2025-10-25T14:00:00+00:00,National League - North,Chester,Bedford Town,Over/Under Goals,Under 3.5,1.4,,,WON,
2025-10-25T14:00:00+00:00,National League - North,Chorley,Merthyr Town,Over/Under Goals,Over 1.5,1.15,,,WON,
2025-10-25T14:00:00+00:00,National League - North,Curzon Ashton,Peterborough Sports,Team Total Goals,Over 0.5,1.4,,,LOST,
2025-10-25T14:00:00+00:00,National League - North,Darlington 1883,Southport,Over/Under Goals,Under 3.5,1.33,,,WON,
2025-10-25T14:00:00+00:00,National League - North,Kidderminster Harriers,Spennymoor Town,Team Total Goals,Over 0.5,1.4,,,LOST,
2025-10-25T14:00:00+00:00,National League - North,King's Lynn Town,Radcliffe,Double Chance,Draw/Away,1.44,,,WON,
2025-10-25T14:00:00+00:00,National League - North,Macclesfield,South Shields,Double Chance,Draw/Away,1.4,,,LOST,
2025-10-25T14:00:00+00:00,National League - South,AFC Hornchurch,Hampton & Richmond,Over/Under Goals,Under 3.5,1.5,,,WON,
2025-10-25T14:00:00+00:00,National League - South,AFC Totton,Chelmsford City,Asian Handicap,Home +0.25,1.62,,,WON,
2025-10-25T14:00:00+00:00,National League - South,Chippenham Town,Dagenham & Redbridge,Over/Under Goals,Under 3.5,1.3,,,WON,
2025-10-25T14:00:00+00:00,National League - South,Dorking Wanderers,Torquay,Over/Under Goals,Under 3.5,1.4,,,LOST,
2025-10-25T14:00:00+00:00,National League - South,Eastbourne Borough,Chesham United,Over/Under Goals,Under 3.5,1.25,,,WON,
2025-10-25T14:00:00+00:00,National League - South,Ebbsfleet United,Salisbury,Over/Under Goals,Under 3.5,1.3,,,WON,
2025-10-25T14:00:00+00:00,National League - South,Farnborough,Maidenhead,Over/Under Goals,Under 3.5,1.36,,,WON,
2025-10-25T14:00:00+00:00,National League - South,Hemel Hempstead Town,Bath City,Over/Under Goals,Under 3.5,1.22,,,WON,
2025-10-25T14:00:00+00:00,National League - South,Horsham,Enfield Town,Asian Handicap,Home +0.5,1.19,,,WON,
2025-10-25T14:00:00+00:00,National League - South,Slough Town,Maidstone Utd,Asian Handicap,Away -0.25,1.42,,,WON,
2025-10-25T14:00:00+00:00,National League,Braintree,Altrincham,1X2 / Match Winner,Draw,3.5,,,WON,
2025-10-25T14:00:00+00:00,National League,Eastleigh,Morecambe,Over/Under Goals,Under 3.5,1.5,,,WON,
2025-10-25T14:00:00+00:00,National League,Forest Green,Boreham Wood,Team Total Goals,Over 0.5,1.67,,,WON,
2025-10-25T14:00:00+00:00,National League,Gateshead,Truro City,Over/Under Goals,Under 3.5,1.44,,,LOST,
2025-10-25T14:00:00+00:00,National League,Hartlepool,Solihull Moors,Over/Under Goals,Under 3.5,1.4,,,WON,
2025-10-25T14:00:00+00:00,National League,Scunthorpe,Aldershot Town,Over/Under Goals,Over 1.5,1.17,,,WON,
2025-10-25T14:00:00+00:00,National League,Southend,Brackley Town,Over/Under Goals,Under 3.5,1.28,,,WON,
2025-10-25T14:00:00+00:00,National League,Wealdstone,Sutton Utd,Over/Under Goals,Over 1.5,1.2,,,WON,
2025-10-25T14:00:00+00:00,Non League Premier - Isthmian,Cray Wanderers,Dartford,Over/Under Goals,Over 1.5,1.15,,,WON,
2025-10-25T14:00:00+00:00,Non League Premier - Isthmian,Potters Bar Town,Aveley,Double Chance,Home/Draw,1.67,,,LOST,
2025-10-25T14:00:00+00:00,Non League Premier - Isthmian,Ramsgate,Carshalton Athletic,Team Total Goals,Over 0.5,1.3,,,WON,
2025-10-25T14:00:00+00:00,Non League Premier - Northern,Cleethorpes Town,Rylands,Double Chance,Draw/Away,1.55,,,WON,
2025-10-25T14:00:00+00:00,Non League Premier - Northern,Warrington Town,Lancaster City,Over/Under Goals,Under 2.5,1.62,,,LOST,
2025-10-25T14:00:00+00:00,Non League Premier - Northern,Whitby Town,Rushall Olympic,Asian Handicap,Home +0.25,1.42,,,WON,
2025-10-25T14:00:00+00:00,Non League Premier - Southern Central,Kettering Town,Needham Market,Team Total Goals,Under 2.5,1.17,,,WON,
2025-10-25T14:00:00+00:00,Non League Premier - Southern Central,Stamford,Barwell,Double Chance,Draw/Away,1.67,,,WON,
2025-10-25T14:00:00+00:00,Non League Premier - Southern South,Evesham United,Uxbridge,Double Chance,Draw/Away,1.67,,,WON,
2025-10-25T14:00:00+00:00,Non League Premier - Southern South,Hungerford Town,Weymouth,Asian Handicap,Home +0.25,1.43,,,WON,
2025-10-25T14:00:00+00:00,Non League Premier - Southern South,Sholing,Gosport Borough,Over/Under Goals,Over 1.5,1.2,,,WON,
2025-10-25T14:00:00+00:00,Non League Premier - Southern South,Tiverton Town,Yate Town,Double Chance,Home/Draw,1.44,,,LOST,
2025-10-25T14:00:00+00:00,Premier League,Chelsea,Sunderland,Over/Under Goals,Under 3.5,1.42,,,WON,
2025-10-25T14:00:00+00:00,Premier League,Haras El Hodood,Ghazl El Mehalla,Double Chance,Draw/Away,1.28,,,WON,
2025-10-25T14:00:00+00:00,Premier League,Newcastle,Fulham,Over/Under Goals,Under 3.5,1.36,,,WON,
2025-10-25T14:00:00+00:00,Premiership,Carrick Rangers,Cliftonville FC,Over/Under Goals,Under 3.5,1.33,,,WON,
2025-10-25T14:00:00+00:00,Premiership,Crusaders FC,Glentoran,Over/Under Goals,Under 3.5,1.33,,,LOST,
2025-10-25T14:00:00+00:00,Premiership,Dundee Utd,ST Mirren,1X2 / Match Winner,Draw,3.6,,,LOST,
2025-10-25T14:00:00+00:00,Premiership,Dungannon Swifts,Glenavon FC,Over/Under Goals,Under 3.5,1.33,,,WON,
2025-10-25T14:00:00+00:00,Premiership,Falkirk,Dundee,Asian Handicap,Away -1.25,1.5,,,WON,
2025-10-25T14:00:00+00:00,Premiership,Linfield,Ballymena United,Over/Under Goals,Under 3.5,1.4,,,WON,
2025-10-25T14:00:00+00:00,Premiership,Livingston,Motherwell,Over/Under Goals,Over 1.5,1.25,,,WON,
2025-10-25T14:00:00+00:00,Premiership,Portadown,Coleraine FC,Over/Under Goals,Under 3.5,1.36,,,WON,
2025-10-25T14:00:00+00:00,Premijer Liga,Rudar Prijedor,Zeljeznicar Sarajevo,Over/Under Goals,Under 2.5,1.73,,,WON,
2025-10-25T14:00:00+00:00,Regionalliga - Nord,SSV Jeddeloh,Werder Bremen II,Team Total Goals,Over 0.5,1.18,,,WON,
2025-10-25T14:00:00+00:00,Regionalliga - West,Lauterach,Schwaz,1X2 / Match Winner,Away,1.5,,,WON,
2025-10-25T14:00:00+00:00,Segunda División RFEF - Group 3,Castellón II,Terrassa,Over/Under Goals,Over 1.5,1.16,,,WON,
2025-10-25T14:00:00+00:00,Super League 1,Kifisia,Panetolikos,Asian Handicap,Home +0,1.42,,,WON,
2025-10-25T14:00:00+00:00,Super Lig,Kocaelispor,Alanyaspor,Over/Under Goals,Under 3.5,1.3,,,WON,
2025-10-25T14:00:00+00:00,Super Liga,Dacia-Buiucani,Zimbru,Over/Under Goals,Under 3.5,1.47,,,LOST,
2025-10-25T14:00:00+00:00,Veikkausliiga,Gnistan,Ilves,Over/Under Goals,Over 2.5,1.38,,,WON,
2025-10-25T14:00:00+00:00,Úrvalsdeild,FH hafnarfjordur,Fram Reykjavik,Asian Handicap,Away -1.25,1.4,,,WON,
2025-10-25T14:00:00+00:00,Úrvalsdeild,IA Akranes,Afturelding,Asian Handicap,Home +0,1.5,,,WON,
2025-10-25T14:00:00+00:00,Úrvalsdeild,Vestri,KR Reykjavik,Over/Under Goals,Under 3.5,1.69,,,LOST,
2025-10-25T14:15:00+00:00,La Liga,Espanyol,Elche,Over/Under Goals,Under 3.5,1.25,,,WON,
2025-10-25T14:15:00+00:00,Primera División RFEF - Group 1,Cacereño,Ourense CF,Over/Under Goals,Under 3.5,1.22,,,WON,
2025-10-25T14:15:00+00:00,Primera División RFEF - Group 1,Celta de Vigo II,Racing Ferrol,Asian Handicap,Home +0.25,1.48,,,WON,
2025-10-25T14:15:00+00:00,Primera División RFEF - Group 2,Tarazona,Real Betis II,Over/Under Goals,Under 3.5,1.18,,,WON,
2025-10-25T14:15:00+00:00,Segunda Division,Albacete,Cordoba,Over/Under Goals,Under 3.5,1.42,,,LOST,
2025-10-25T14:15:00+00:00,Segunda Division,Eibar,Leganes,Over/Under Goals,Under 3.5,1.17,,,WON,
2025-10-25T14:30:00+00:00,3. Liga,FC Schweinfurt 05,VfL Osnabrück,Team Total Goals,Over 0.5,1.15,,,WON,
2025-10-25T14:30:00+00:00,Eerste Divisie,ADO Den Haag,Den Bosch,Team Total Goals,Over 1.5,1.22,,,WON,
2025-10-25T14:30:00+00:00,Eredivisie,Fortuna Sittard,Groningen,Over/Under Goals,Under 3.5,1.3,,,WON,
2025-10-25T14:30:00+00:00,Liga 3,São João Ver,SC Braga B,Over/Under Goals,Under 3.5,1.21,,,WON,
2025-10-25T14:30:00+00:00,Premyer Liqa,Zira,Sumqayıt,Over/Under Goals,Under 3.5,1.21,,,WON,
2025-10-25T14:30:00+00:00,Regionalliga - West,SV Rodinghausen,Borussia Dortmund II,Over/Under Goals,Under 3.5,1.55,,,LOST,
2025-10-25T14:30:00+00:00,Segunda División RFEF - Group 1,Coruxo,UD Ourense,Over/Under Goals,Under 3.5,1.15,,,WON,
2025-10-25T14:30:00+00:00,Segunda División RFEF - Group 2,Mutilvera,Beasain,Over/Under Goals,Under 3.5,1.18,,,WON,
2025-10-25T14:30:00+00:00,Segunda Liga,Academico Viseu,Chaves,Over/Under Goals,Under 3.5,1.22,,,WON,
2025-10-25T14:30:00+00:00,Segunda Liga,Feirense,Benfica B,Over/Under Goals,Under 3.5,1.33,,,WON,
2025-10-25T14:40:00+00:00,Pro League,Al-Qadisiyah FC,Al Akhdoud,Over/Under Goals,Over 1.5,1.18,,,LOST,
2025-10-25T14:55:00+00:00,Pro League,Al Shabab,Damac,1X2 / Match Winner,Home,1.65,,,LOST,
2025-10-25T15:00:00+00:00,1 Lyga,Jonava,Atmosfera,Over/Under Goals,Under 3.5,1.41,,,WON,
2025-10-25T15:00:00+00:00,1. Liga,Riga FC II,Ogre United,Over/Under Goals,Under 3.5,1.67,,,WON,
2025-10-25T15:00:00+00:00,1. Liga,Smiltene,Riga Mariners,1X2 / Match Winner,Away,1.52,,,WON,
2025-10-25T15:00:00+00:00,First League,Levski Sofia,Dobrudzha,Over/Under Goals,Under 2.5,2.35,,,LOST,
2025-10-25T15:00:00+00:00,Friendlies Women,Slovakia W,Ukraine W,Double Chance,Home/Draw,1.7,,,LOST,
2025-10-25T15:00:00+00:00,II Liga - East,Chojniczanka Chojnice,Podhale Nowy Targ,1X2 / Match Winner,Draw,3.4,,,WON,
2025-10-25T15:00:00+00:00,III Liga - Group 3,Karkonosze Jelenia Góra,Słowianin,Over/Under Goals,Over 1.5,1.15,,,WON,
2025-10-25T15:00:00+00:00,III Liga - Group 4,KSZO 1929,Chełmianka Chełm,Over/Under Goals,Under 3.5,1.5,,,LOST,
2025-10-25T15:00:00+00:00,Liga Revelação U23,Sporting CP U23,União Leiria U23,Over/Under Goals,Under 3.5,1.48,,,WON,
2025-10-25T15:00:00+00:00,Ligue 1,Stade Brestois 29,Paris Saint Germain,Over/Under Goals,Over 1.5,1.17,,,WON,
2025-10-25T15:00:00+00:00,NB I,Diosgyori VTK,Paks,Team Total Goals,Under 2.5,1.18,,,WON,
2025-10-25T15:00:00+00:00,Premier League,Ararat-Armenia,BKMA,Over/Under Goals,Under 3.5,1.55,,,WON,
2025-10-25T15:00:00+00:00,Premier League,FC Gomel,FC Slutsk,Over/Under Goals,Under 3.5,1.15,,,LOST,
2025-10-25T15:00:00+00:00,Prva Liga,FK Trayal,Kabel Novi Sad,Over/Under Goals,Under 3.5,1.19,,,WON,
2025-10-25T15:00:00+00:00,Segunda División RFEF - Group 1,Marino de Luanco,Numancia,Over/Under Goals,Under 3.5,1.16,,,WON,
2025-10-25T15:00:00+00:00,Super Liga,Radnik Surdulica,FK Spartak Zdrepceva KRV,Over/Under Goals,Over 1.5,1.25,,,WON,
2025-10-25T15:00:00+00:00,Tipp3 Bundesliga,SCR Altach,TSV Hartberg,1X2 / Match Winner,Draw,3.4,,,WON,
2025-10-25T15:00:00+00:00,Tipp3 Bundesliga,WSG Wattens,FC BW Linz,Over/Under Goals,Over 1.5,1.33,,,WON,
2025-10-25T15:15:00+00:00,Serie B,Carrarese,Venezia,Over/Under Goals,Under 3.5,1.25,,,LOST,
2025-10-25T15:30:00+00:00,1. SNL,Maribor,Primorje,Over/Under Goals,Under 3.5,1.62,,,LOST,
2025-10-25T15:30:00+00:00,Allsvenskan,Osters IF,Degerfors IF,Over/Under Goals,Over 1.5,1.3,,,WON,
2025-10-25T15:30:00+00:00,Challenge League,Zurrieq,Birzebbuga,Over/Under Goals,Over 1.5,1.17,,,WON,
2025-10-25T15:30:00+00:00,Ekstraklasa,Pogon Szczecin,Cracovia Krakow,Over/Under Goals,Over 1.5,1.25,,,WON,
2025-10-25T15:30:00+00:00,Primera B,Deportes Santa Cruz,San Marcos de Arica,Over/Under Goals,Under 3.5,1.23,,,WON,
2025-10-25T15:30:00+00:00,Primera B,Recoleta,Curico Unido,Over/Under Goals,Under 3.5,1.19,,,WON,
2025-10-25T15:30:00+00:00,Primera B,Union San Felipe,Santiago Morning,Over/Under Goals,Under 2.5,1.57,,,WON,
2025-10-25T15:30:00+00:00,Segunda División RFEF - Group 2,Real Zaragoza II,SD Logroñés,Over/Under Goals,Under 3.5,1.19,,,WON,
2025-10-25T15:30:00+00:00,Segunda División RFEF - Group 4,Ucam Murcia,Estepona,Over/Under Goals,Under 3.5,1.16,,,WON,
2025-10-25T15:30:00+00:00,Segunda División RFEF - Group 5,SS Reyes,CD Coria,Over/Under Goals,Under 3.5,1.18,,,WON,
2025-10-25T15:30:00+00:00,Segunda División,Concón National,Municipal Salamanca,Over/Under Goals,Under 3.5,1.38,,,WON,
2025-10-25T15:30:00+00:00,Serie C - Girone C,Siracusa,Casarano,Over/Under Goals,Under 2.5,1.73,,,LOST,
2025-10-25T16:00:00+00:00,1. Division,Olympiakos,Apollon Limassol,Over/Under Goals,Under 3.5,1.22,,,LOST,
2025-10-25T16:00:00+00:00,2. Lig,Ankaragucu,Şanlıurfaspor,Over/Under Goals,Over 1.5,1.3,,,WON,
2025-10-25T16:00:00+00:00,2. Lig,Bursaspor,Muş Menderesspor,Over/Under Goals,Under 3.5,1.56,,,LOST,
2025-10-25T16:00:00+00:00,Challenge League,Bellinzona,Stade Lausanne-Ouchy,Over/Under Goals,Under 3.5,1.44,,,WON,
2025-10-25T16:00:00+00:00,Czech Liga,Slovan Liberec,FK Jablonec,Over/Under Goals,Under 3.5,1.28,,,WON,
2025-10-25T16:00:00+00:00,Eliteserien,Sarpsborg 08 FF,KFUM Oslo,Over/Under Goals,Over 1.5,1.3,,,WON,
2025-10-25T16:00:00+00:00,First League,Torpedo Moskva,Chayka,Over/Under Goals,Under 3.5,1.19,,,LOST,
2025-10-25T16:00:00+00:00,Ligue 1,CS Constantine,Oued Akbou,Over/Under Goals,Under 3.5,1.17,,,WON,
2025-10-25T16:00:00+00:00,Premier League,CSKA Moscow,Krylia Sovetov,Over/Under Goals,Over 1.5,1.25,,,LOST,
2025-10-25T16:00:00+00:00,Presidents Cup,Al Nasr,Baniyas SC,Over/Under Goals,Under 3.5,1.36,,,WON,
2025-10-25T16:00:00+00:00,Prva HNL,NK Varazdin,NK Slaven Belupo,Over/Under Goals,Under 3.5,1.28,,,LOST,
2025-10-25T16:00:00+00:00,Segunda División RFEF - Group 1,Langreo,Atlético Astorga,Team Total Goals,Under 2.5,1.15,,,WON,
2025-10-25T16:00:00+00:00,Segunda División RFEF - Group 1,Real Ávila,Sámano,Over/Under Goals,Under 3.5,1.19,,,LOST,
2025-10-25T16:00:00+00:00,Segunda División RFEF - Group 2,Gernika,Ejea,Asian Handicap,Home +0.25,1.42,,,WON,
2025-10-25T16:00:00+00:00,Segunda División RFEF - Group 4,Extremadura 1924,Xerez Deportivo,Over/Under Goals,Under 3.5,1.18,,,LOST,
2025-10-25T16:00:00+00:00,Segunda División RFEF - Group 5,RSD Alcalá,Tenerife II,Double Chance,Draw/Away,1.44,,,LOST,
2025-10-25T16:00:00+00:00,Serie A,Napoli,Inter,Over/Under Goals,Under 3.5,1.25,,,LOST,
2025-10-25T16:00:00+00:00,Super League,FC ST. Gallen,Grasshoppers,Over/Under Goals,Under 3.5,1.5,,,LOST,
2025-10-25T16:00:00+00:00,Super League,FC Sion,FC Thun,Double Chance,Draw/Away,1.62,,,WON,
2025-10-25T16:00:00+00:00,Super Liga,FK Košice,Podbrezová,Over/Under Goals,Over 1.5,1.18,,,WON,
2025-10-25T16:00:00+00:00,Super Liga,Železničar Pančevo,Cukaricki,Double Chance,Draw/Away,1.5,,,LOST,
2025-10-25T16:00:00+00:00,TFF 1. Lig,Sakaryaspor,Keçiörengücü,Over/Under Goals,Under 3.5,1.32,,,WON,
2025-10-25T16:00:00+00:00,Tweede Divisie,De Treffers,Rijnsburgse Boys,Double Chance,Draw/Away,1.43,,,WON,
2025-10-25T16:15:00+00:00,Jupiler Pro League,KV Mechelen,OH Leuven,Asian Handicap,Home +0.25,1.4,,,WON,
2025-10-25T16:15:00+00:00,Ligat Ha'al,Ashdod,Hapoel Petah Tikva,Over/Under Goals,Over 1.5,1.25,,,WON,
2025-10-25T16:15:00+00:00,Ligat Ha'al,Hapoel Haifa,Beitar Jerusalem,Over/Under Goals,Under 3.5,1.5,,,LOST,
2025-10-25T16:15:00+00:00,Premier League,Cardiff MET,Flint Town United,Over/Under Goals,Over 1.5,1.2,,,WON,
2025-10-25T16:15:00+00:00,Úrvalsdeild,Vikingur Reykjavik,Valur Reykjavik,1X2 / Match Winner,Home,1.67,,,WON,
2025-10-25T16:30:00+00:00,Bundesliga 1,Borussia Dortmund,1.FC Köln,Team Total Goals,Under 2.5,1.62,,,WON,
2025-10-25T16:30:00+00:00,Friendlies Women,England W,Brazil W,Team Total Goals,Over 0.5,1.44,,,WON,
2025-10-25T16:30:00+00:00,Júniores U19,Alverca U19,Mafra U19,Over/Under Goals,Under 3.5,1.33,,,WON,
2025-10-25T16:30:00+00:00,La Liga,Athletic Club,Getafe,Over/Under Goals,Under 3.5,1.16,,,WON,
2025-10-25T16:30:00+00:00,Ligat Ha'al,Hapoel Katamon,Bnei Sakhnin,1X2 / Match Winner,Draw,3.3,,,WON,
2025-10-25T16:30:00+00:00,Ligat Ha'al,Ironi Tiberias,Maccabi Haifa,Over/Under Goals,Over 1.5,1.17,,,WON,
2025-10-25T16:30:00+00:00,National League,Tamworth,Boston United,Team Total Goals,Over 0.5,1.2,,,WON,
2025-10-25T16:30:00+00:00,Premier League,Manchester United,Brighton,Over/Under Goals,Over 1.5,1.18,,,WON,
2025-10-25T16:30:00+00:00,Premiership,Larne,Bangor,Over/Under Goals,Over 1.5,1.22,,,WON,
2025-10-25T16:30:00+00:00,Primera División - Clausura,Juventud,Plaza Colonia,Over/Under Goals,Under 2.5,1.53,,,WON,
2025-10-25T16:30:00+00:00,Primera División RFEF - Group 1,CF Talavera,Osasuna II,Over/Under Goals,Under 3.5,1.22,,,WON,
2025-10-25T16:30:00+00:00,Primera División RFEF - Group 2,Sabadell,Gimnastic,Over/Under Goals,Under 2.5,1.48,,,WON,
2025-10-25T16:30:00+00:00,Primera División RFEF - Group 2,Sanluqueño,Juventud Torremolinos,Over/Under Goals,Under 3.5,1.18,,,WON,
2025-10-25T16:30:00+00:00,Segunda Division,Burgos,Real Sociedad II,Over/Under Goals,Over 1.5,1.45,,,LOST,
2025-10-25T16:30:00+00:00,Segunda Division,Granada CF,Cadiz,Over/Under Goals,Under 3.5,1.2,,,WON,
2025-10-25T16:30:00+00:00,Segunda División RFEF - Group 2,Utebo,Amorebieta,Over/Under Goals,Under 3.5,1.19,,,LOST,
2025-10-25T16:30:00+00:00,Stars League,Al Sadd,Al-Arabi SC,Over/Under Goals,Over 2.5,1.28,,,WON,
2025-10-25T16:30:00+00:00,Super League 1,Panserraikos,Larisa,Over/Under Goals,Under 3.5,1.28,,,WON,
2025-10-25T16:30:00+00:00,Superliga,Prishtina,Dukagjini,1X2 / Match Winner,Home,1.57,,,WON,
2025-10-25T16:45:00+00:00,Eredivisie,Sparta Rotterdam,Telstar,Over/Under Goals,Over 1.5,1.2,,,LOST,
2025-10-25T17:00:00+00:00,Ligat Ha'al,Maccabi Netanya,Hapoel Tel Aviv,Over/Under Goals,Over 1.5,1.2,,,WON,
2025-10-25T17:00:00+00:00,Ligue 1,Monaco,Toulouse,Over/Under Goals,Over 1.5,1.18,,,LOST,
2025-10-25T17:00:00+00:00,Premier League,Bate Borisov,Torpedo Zhodino,Over/Under Goals,Under 3.5,1.31,,,WON,
2025-10-25T17:00:00+00:00,Premier League,Floriana,Birkirkara,Over/Under Goals,Under 3.5,1.17,,,WON,
2025-10-25T17:00:00+00:00,Premier League,Future FC,El Mokawloon,Over/Under Goals,Under 3.5,1.17,,,WON,
2025-10-25T17:00:00+00:00,Primeira Liga,Santa Clara,AVS,1X2 / Match Winner,Home,1.57,,,WON,
2025-10-25T17:00:00+00:00,Segunda División RFEF - Group 2,Eibar II,Real Unión,Over/Under Goals,Under 3.5,1.21,,,WON,
2025-10-25T17:00:00+00:00,Segunda División RFEF - Group 3,Sant Andreu,Torrent,Over/Under Goals,Under 2.5,1.65,,,LOST,
2025-10-25T17:00:00+00:00,Super League 1,OFI,Atromitos,Double Chance,Draw/Away,1.7,,,WON,
2025-10-25T17:00:00+00:00,Super Lig,Trabzonspor,Eyüpspor,Over/Under Goals,Under 3.5,1.42,,,WON,
2025-10-25T17:30:00+00:00,1. Liga Promotion,Bulle,SC Kriens,1X2 / Match Winner,Away,1.53,,,WON,
2025-10-25T17:30:00+00:00,I Liga,Pogoń Siedlce,ŁKS Łódź,Over/Under Goals,Over 2.5,1.7,,,WON,
2025-10-25T17:30:00+00:00,I Liga,Polonia Warszawa,Polonia Bytom,Over/Under Goals,Under 3.5,1.48,,,WON,
2025-10-25T17:30:00+00:00,I Liga,Slask Wroclaw,Górnik Łęczna,Over/Under Goals,Under 3.5,1.5,,,LOST,
2025-10-25T17:30:00+00:00,Liga 3,AD Marco 09,Trofense,Over/Under Goals,Under 3.5,1.18,,,WON,
2025-10-25T17:30:00+00:00,NB I,Nyiregyhaza,Kazincbarcikai,Over/Under Goals,Under 3.5,1.4,,,WON,
2025-10-25T17:30:00+00:00,Serie B,Catanzaro,Palermo,Over/Under Goals,Under 2.5,1.7,,,WON,
2025-10-25T18:00:00+00:00,Challenger Pro League,AS Eupen,KRC Genk II,1X2 / Match Winner,Home,1.57,,,WON,
2025-10-25T18:00:00+00:00,Challenger Pro League,Liège,RWDM,Over/Under Goals,Under 3.5,1.38,,,LOST,
2025-10-25T18:00:00+00:00,Challenger Pro League,Waasland-beveren,Patro Eisden,Over/Under Goals,Under 3.5,1.25,,,WON,
2025-10-25T18:00:00+00:00,Eredivisie,FC Volendam,Heracles,Over/Under Goals,Over 1.5,1.2,,,WON,
2025-10-25T18:00:00+00:00,Erste Liga,Rapid Wien II,Austria Lustenau,Over/Under Goals,Under 3.5,1.4,,,WON,
2025-10-25T18:00:00+00:00,First Amateur Division,Hoogstraten,Tienen,Over/Under Goals,Under 3.5,1.42,,,WON,
2025-10-25T18:00:00+00:00,First Amateur Division,Houtvenne,Spouwen-Mopertingen,Over/Under Goals,Under 3.5,1.35,,,WON,
2025-10-25T18:00:00+00:00,First Amateur Division,Rochefort,Stockay-Warfusée,Over/Under Goals,Under 3.5,1.32,,,WON,
2025-10-25T18:00:00+00:00,First Amateur Division,Sporting Hasselt,Merelbeke,Over/Under Goals,Under 3.5,1.61,,,LOST,
2025-10-25T18:00:00+00:00,First Amateur Division,Thes Sport,Knokke,Over/Under Goals,Under 3.5,1.25,,,WON,
2025-10-25T18:00:00+00:00,First Amateur Division,Tubize,Excelsior Virton,Over/Under Goals,Over 1.5,1.15,,,WON,
2025-10-25T18:00:00+00:00,Liga I,CFR 1907 Cluj,Farul Constanta,1X2 / Match Winner,Draw,3.67,,,LOST,
2025-10-25T18:00:00+00:00,Ligue 2,Annecy,Saint Etienne,Over/Under Goals,Over 1.5,1.3,,,WON,
2025-10-25T18:00:00+00:00,Primera Division,Ayacucho FC,Deportivo Garcilaso,Over/Under Goals,Under 3.5,1.22,,,LOST,
2025-10-25T18:00:00+00:00,Primera Division,D. La Serena,A. Italiano,BTTS,Yes,1.57,,,WON,
2025-10-25T18:00:00+00:00,Pro League,Al-Hazm,Al-Nassr,Over/Under Goals,Under 3.5,1.93,,,WON,
2025-10-25T18:15:00+00:00,Ekstraklasa,GKS Katowice,Korona Kielce,Asian Handicap,Away -0.5,1.55,,,LOST,
2025-10-25T18:30:00+00:00,Bundesliga 2,Hertha BSC,Fortuna Düsseldorf,Over/Under Goals,Under 3.5,1.55,,,WON,
2025-10-25T18:30:00+00:00,Segunda División RFEF - Group 2,UD Logroñés,Tudelano,Asian Handicap,Away -1.25,1.42,,,WON,
2025-10-25T18:30:00+00:00,Segunda División,Uruguay Montevideo,Tacuarembo,Over/Under Goals,Under 3.5,1.18,,,WON,
2025-10-25T18:30:00+00:00,Super League,FC Winterthur,FC Luzern,Over/Under Goals,Over 1.5,1.2,,,WON,
2025-10-25T18:45:00+00:00,Jupiler Pro League,Gent,Standard Liege,Over/Under Goals,Over 1.5,1.25,,,WON,
2025-10-25T18:45:00+00:00,Premier Division,Sligo Rovers,Cork City,Over/Under Goals,Under 3.5,1.38,,,WON,
2025-10-25T18:45:00+00:00,Premijer Liga,Velež,Siroki Brijeg,Over/Under Goals,Under 3.5,1.25,,,WON,
2025-10-25T18:45:00+00:00,Serie A,Cremonese,Atalanta,1X2 / Match Winner,Draw,4.3,,,WON,
2025-10-25T19:00:00+00:00,Eredivisie,PEC Zwolle,NEC Nijmegen,Over/Under Goals,Over 2.5,1.5,,,WON,
2025-10-25T19:00:00+00:00,La Liga,Valencia,Villarreal,Team Total Goals,Over 0.5,1.22,,,WON,
2025-10-25T19:00:00+00:00,Liga 3,Fafe,Guimaraes B,Double Chance,Home/Draw,1.18,,,WON,
2025-10-25T19:00:00+00:00,Liga Pro,Mushuc Runa SC,Manta FC,1X2 / Match Winner,Home,1.5,,,LOST,
2025-10-25T19:00:00+00:00,Premier League,Brentford,Liverpool,Team Total Goals,Under 2.5,1.4,,,WON,
2025-10-25T19:00:00+00:00,Primera A,Envigado,Chico,Over/Under Goals,Over 1.5,1.48,,,WON,
2025-10-25T19:00:00+00:00,Primera División - Clausura,Cerro,Penarol,Over/Under Goals,Under 3.5,1.25,,,WON,
2025-10-25T19:00:00+00:00,Primera División RFEF - Group 1,Real Madrid II,Real Avilés,Double Chance,Draw/Away,1.67,,,LOST,
2025-10-25T19:00:00+00:00,Segunda Division,Mirandes,Racing Santander,Over/Under Goals,Under 3.5,1.48,,,LOST,
2025-10-25T19:00:00+00:00,Segunda División RFEF - Group 4,Real Jaén,Almería II,Over/Under Goals,Under 3.5,1.17,,,WON,
2025-10-25T19:00:00+00:00,Segunda División RFEF - Group 5,Rayo Majadahonda,Elche II,Over/Under Goals,Under 2.5,1.57,,,LOST,
2025-10-25T19:00:00+00:00,Serie A,Atletico-MG,Ceara,Over/Under Goals,Under 3.5,1.17,,,WON,
2025-10-25T19:00:00+00:00,Serie A,Vitoria,Corinthians,Over/Under Goals,Under 3.5,1.17,,,WON,
2025-10-25T19:00:00+00:00,Serie B,Athletic Club,America Mineiro,Over/Under Goals,Over 1.5,1.42,,,WON,
2025-10-25T19:00:00+00:00,Serie B,Volta Redonda,Coritiba,Over/Under Goals,Under 3.5,1.17,,,WON,
2025-10-25T19:05:00+00:00,Ligue 1,Lens,Marseille,Over/Under Goals,Over 1.5,1.22,,,WON,
2025-10-25T19:30:00+00:00,Primeira Liga,Benfica,Arouca,Over/Under Goals,Under 3.5,1.7,,,LOST,
2025-10-25T19:30:00+00:00,Primeira Liga,Estrela,Rio Ave,Over/Under Goals,Under 3.5,1.25,,,WON,
2025-10-25T20:00:00+00:00,Liga Mayor,Jarabacoa,Moca,Asian Handicap,Home +1.25,1.53,,,WON,
2025-10-25T20:00:00+00:00,Primera A,Deportes Tolima,Deportivo Cali,Over/Under Goals,Under 3.5,1.21,,,WON,
2025-10-25T20:00:00+00:00,Primera B,Bogota FC,Leones FC,Over/Under Goals,Under 3.5,1.27,,,WON,
2025-10-25T20:00:00+00:00,Segunda División,Santiago City,D. Puerto Montt,1X2 / Match Winner,Away,1.63,,,WON,
2025-10-25T20:00:00+00:00,Segunda División,Trasandino,Linares Unido,Over/Under Goals,Under 3.5,1.36,,,WON,
2025-10-25T20:00:00+00:00,Serie C,Ponte Preta,Londrina,Over/Under Goals,Under 3.5,1.17,,,WON,
2025-10-25T20:15:00+00:00,Primera Division,Alianza Atletico,Cienciano,Over/Under Goals,Under 3.5,1.3,,,WON,
2025-10-25T20:30:00+00:00,Division Profesional - Clausura,Atlético Tembetary,Sportivo Luqueno,1X2 / Match Winner,Draw,3.3,,,WON,
2025-10-25T20:30:00+00:00,Primera Division,Huachipato,Deportes Iquique,Over/Under Goals,Over 1.5,1.25,,,WON,
2025-10-25T20:30:00+00:00,Serie A,Fluminense,Internacional,Over/Under Goals,Over 1.5,1.4,,,LOST,
2025-10-25T21:00:00+00:00,Liga Nacional,CD Marathon,CD Motagua,Team Total Goals,Over 0.5,1.15,,,WON,
2025-10-25T21:00:00+00:00,Liga Nacional,Mixco,Mictlán,Over/Under Goals,Under 3.5,1.22,,,WON,
2025-10-25T21:00:00+00:00,Primera B,Barranquilla,Tigres FC,Over/Under Goals,Under 3.5,1.2,,,LOST,
2025-10-25T21:00:00+00:00,Primera B,Cucuta,Orsomarso,Over/Under Goals,Under 2.5,1.62,,,WON,
2025-10-25T21:00:00+00:00,Primera Division,Zacatecoluca,Águila,Team Total Goals,Over 0.5,1.15,,,WON,
2025-10-25T21:00:00+00:00,USL Championship,Charleston Battery,Birmingham Legion,Over/Under Goals,Under 3.5,1.66,,,WON,
2025-10-25T21:00:00+00:00,USL Championship,Loudoun United,North Carolina,Over/Under Goals,Under 3.5,1.44,,,WON,
2025-10-25T21:00:00+00:00,USL League One,Portland Hearts of Pine,Alta,Over/Under Goals,Over 1.5,1.15,,,WON,
2025-10-25T21:10:00+00:00,Primera A,Bucaramanga,Llaneros,Over/Under Goals,Under 3.5,1.24,,,WON,
2025-10-25T21:30:00+00:00,Liga Pro,Barcelona SC,Libertad,Over/Under Goals,Under 3.5,1.48,,,WON,
2025-10-25T21:30:00+00:00,Primera División - Clausura,Cerro Largo,Racing Montevideo,Over/Under Goals,Under 3.5,1.18,,,LOST,
2025-10-25T21:30:00+00:00,Primera División,Monagas SC,Deportivo La Guaira,Team Total Goals,Over 0.5,1.28,,,WON,
2025-10-25T21:30:00+00:00,Segunda División,Dinamo de Puerto La Cruz,Trujillanos FC,Over/Under Goals,Under 2.5,1.5,,,WON,
2025-10-25T21:30:00+00:00,Serie A,Sport Recife,Mirassol,Double Chance,Draw/Away,1.48,,,WON,
2025-10-25T21:30:00+00:00,Serie B,Paysandu,Avai,Over/Under Goals,Under 3.5,1.22,,,WON,
2025-10-25T22:00:00+00:00,MLS Next Pro,Philadelphia Union II,Huntsville City,Double Chance,Draw/Away,1.67,,,LOST,
2025-10-25T22:30:00+00:00,Serie A,Fortaleza EC,Flamengo,Over/Under Goals,Under 3.5,1.25,,,WON,
2025-10-25T23:00:00+00:00,Division Profesional - Clausura,Sportivo Trinidense,2 de Mayo,Double Chance,Draw/Away,1.62,,,LOST,
2025-10-25T23:00:00+00:00,Liga MX,Tigres UANL,Club Tijuana,BTTS,Yes,1.62,,,LOST,
2025-10-25T23:00:00+00:00,Liga Nacional,Municipal,Malacateco,Over/Under Goals,Under 3.5,1.48,,,LOST,
2025-10-25T23:00:00+00:00,Liga Panameña de Fútbol,Sporting San Miguelito,CD Arabe Unido,Over/Under Goals,Under 2.5,1.53,,,WON,
2025-10-25T23:00:00+00:00,Primera Division,Cusco,Atletico Grau,Over/Under Goals,Under 3.5,1.33,,,WON,
2025-10-25T23:00:00+00:00,USL Championship,Pittsburgh Riverhounds,Phoenix Rising,Over/Under Goals,Under 3.5,1.3,,,WON,
2025-10-25T23:15:00+00:00,Liga Nacional,Atlético Choloma,Juticalpa,Double Chance,Home/Draw,1.4,,,WON,
2025-10-25T23:20:00+00:00,Primera A,Santa Fe,Millonarios,Asian Handicap,Away -0.5,1.65,,,WON,
2025-10-25T23:30:00+00:00,Primera División,Puerto Cabello,Zamora FC,Over/Under Goals,Under 3.5,1.2,,,WON,
2025-10-25T23:30:00+00:00,Serie B,Criciuma,Goias,Over/Under Goals,Under 3.5,1.18,,,WON,
2025-10-25T23:30:00+00:00,USL Championship,Louisville City,Hartford Athletic,Over/Under Goals,Under 3.5,1.5,,,WON,
2025-10-25T23:30:00+00:00,USL Championship,Tampa Bay Rowdies,Detroit City,Double Chance,Draw/Away,1.57,,,WON,
2025-10-26T00:00:00+00:00,Liga Pro,Deportivo Cuenca,Aucas,Over/Under Goals,Under 3.5,1.25,,,WON,
2025-10-26T00:00:00+00:00,Primera Division,FAS,Alianza,1X2 / Match Winner,Draw,3.2,,,WON,
2025-10-26T00:00:00+00:00,Primera Division,Real Estelí,Diriangén,Double Chance,Draw/Away,1.6,,,WON,
2025-10-26T00:00:00+00:00,Primera División,Sporting San Jose,Municipal Liberia,Over/Under Goals,Under 3.5,1.28,,,WON,
2025-10-26T00:00:00+00:00,USL Championship,FC Tulsa,Colorado Springs,Team Total Goals,Under 2.5,1.22,,,LOST,
2025-10-26T00:30:00+00:00,Primera A,Once Caldas,Union Magdalena,Over/Under Goals,Over 1.5,1.27,,,LOST,
2025-10-26T00:30:00+00:00,Primera Division,Isidro Metapán,Cacahuatique,Over/Under Goals,Over 1.5,1.4,,,LOST,
2025-10-26T00:30:00+00:00,Serie A,Sao Paulo,Bahia,Over/Under Goals,Under 3.5,1.19,,,WON,
2025-10-26T00:30:00+00:00,USL Championship,San Antonio,El Paso Locomotive,Over/Under Goals,Under 3.5,1.4,,,LOST,
2025-10-26T02:00:00+00:00,A-League,Wellington Phoenix,Brisbane Roar,Over/Under Goals,Under 3.5,1.44,,,WON,
2025-10-26T02:00:00+00:00,Australian Championship,Broadmeadow Magic,South Melbourne,Team Total Goals,Over 0.5,1.4,,,LOST,
2025-10-26T02:00:00+00:00,Australian Championship,Heidelberg United,South Hobart,Team Total Goals,Over 0.5,2.2,,,WON,
2025-10-26T02:00:00+00:00,Australian Championship,Moreton City Excelsior,Sydney Olympic,Double Chance,Home/Draw,1.5,,,LOST,
2025-10-26T02:00:00+00:00,Liga MX,Leon,U.N.A.M. - Pumas,Over/Under Goals,Under 3.5,1.42,,,WON,
2025-10-26T02:00:00+00:00,Liga Nacional,Antigua GFC,Aurora,Over/Under Goals,Under 3.5,1.3,,,WON,
2025-10-26T02:00:00+00:00,Liga Premier Serie A,Celaya,Héroes de Zaci,Team Total Goals,Under 2.5,1.18,,,LOST,
2025-10-26T02:00:00+00:00,Liga de Expansión MX,Cancún,Correcaminos Uat,1X2 / Match Winner,Home,1.45,,,WON,
2025-10-26T02:00:00+00:00,Liga de Expansión MX,Mineros de Zacatecas,Atlante FC,Double Chance,Draw/Away,1.45,,,WON,
2025-10-26T02:00:00+00:00,Primera División,CS Herediano,CS Cartagines,Over/Under Goals,Under 3.5,1.25,,,WON,
2025-10-26T02:00:00+00:00,USL Championship,Monterey Bay,Las Vegas Lights,Over/Under Goals,Under 3.5,1.33,,,WON,
2025-10-26T02:00:00+00:00,USL Championship,Oakland Roots,Lexington,1X2 / Match Winner,Draw,3.35,,,LOST,
2025-10-26T02:00:00+00:00,USL Championship,Orange County SC,Indy Eleven,Over/Under Goals,Under 3.5,1.44,,,WON,
2025-10-26T02:00:00+00:00,USL Championship,Sacramento Republic,Miami FC,Over/Under Goals,Under 3.5,1.3,,,WON,
2025-10-26T02:07:00+00:00,Liga MX,Guadalajara Chivas,Atlas,1X2 / Match Winner,Home,1.45,,,WON,
2025-10-26T02:15:00+00:00,Liga Panameña de Fútbol,Plaza Amador,Alianza FC,Over/Under Goals,Under 3.5,1.36,,,WON,
2025-10-26T02:30:00+00:00,Liga Nacional,Victoria,Lobos Upnfm,Over/Under Goals,Under 3.5,1.36,,,WON,
2025-10-26T03:00:00+00:00,Liga Nacional,Marquense,Comunicaciones,Over/Under Goals,Under 3.5,1.18,,,WON,
2025-10-26T03:00:00+00:00,Liga de Expansión MX,Dorados,Tlaxcala,Over/Under Goals,Under 3.5,1.45,,,WON,
2025-10-26T03:05:00+00:00,Liga MX,Cruz Azul,Monterrey,Over/Under Goals,Under 3.5,1.47,,,WON,
2025-10-26T04:00:00+00:00,J2 League,Consadole Sapporo,Mito Hollyhock,Over/Under Goals,Under 3.5,1.33,,,WON,
2025-10-26T04:00:00+00:00,J2 League,Montedio Yamagata,Omiya Ardija,Over/Under Goals,Under 3.5,1.48,,,LOST,
2025-10-26T04:05:00+00:00,J2 League,Tokushima Vortis,Iwaki,Over/Under Goals,Under 3.5,1.22,,,WON,
2025-10-26T05:00:00+00:00,First League,Ska-khabarovsk,Fakel,Over/Under Goals,Under 2.5,1.41,,,WON,
2025-10-26T05:00:00+00:00,J. League Div.1,Albirex Niigata,Vissel Kobe,Over/Under Goals,Under 3.5,1.3,,,LOST,
2025-10-26T05:00:00+00:00,J2 League,Blaublitz Akita,JEF United Chiba,Over/Under Goals,Under 3.5,1.28,,,WON,
2025-10-26T05:00:00+00:00,J2 League,Renofa Yamaguchi,Kataller Toyama,Over/Under Goals,Under 2.5,1.65,,,WON,
2025-10-26T05:00:00+00:00,J2 League,Roasso Kumamoto,Oita Trinita,Over/Under Goals,Under 2.5,1.55,,,WON,
2025-10-26T05:00:00+00:00,J2 League,Vegalta Sendai,Sagan Tosu,Over/Under Goals,Under 3.5,1.25,,,LOST,
2025-10-26T05:00:00+00:00,J3 League,Fukushima United,Kanazawa,Team Total Goals,Over 0.5,1.17,,,WON,
2025-10-26T05:00:00+00:00,J3 League,Gainare Tottori,Tegevajaro Miyazaki,Double Chance,Draw/Away,1.44,,,WON,
2025-10-26T05:00:00+00:00,J3 League,Kochi United,Sagamihara,Over/Under Goals,Under 3.5,1.29,,,WON,
2025-10-26T05:00:00+00:00,J3 League,Matsumoto Yamaga,Kamatamare Sanuki,Over/Under Goals,Under 3.5,1.22,,,WON,
2025-10-26T05:00:00+00:00,K League 2,Incheon United,Gyeongnam FC,Over/Under Goals,Under 3.5,1.33,,,WON,
2025-10-26T05:00:00+00:00,K-League Classic,FC Seoul,Gangwon FC,Team Total Goals,Over 0.5,1.22,,,WON,
2025-10-26T05:00:00+00:00,K-League Classic,Ulsan Hyundai FC,Daegu FC,1X2 / Match Winner,Draw,4.3,,,WON,
2025-10-26T05:00:00+00:00,K3 League,Busan Transportation,Paju Citizen,Over/Under Goals,Under 3.5,1.2,,,WON,
2025-10-26T05:00:00+00:00,K3 League,Changwon City,Yeoju Sejong,1X2 / Match Winner,Draw,3.65,,,LOST,
2025-10-26T05:00:00+00:00,K3 League,Gimhae City,Siheung Citizen,Over/Under Goals,Under 3.5,1.21,,,WON,
2025-10-26T05:00:00+00:00,K3 League,Jeonbuk Motors II,Gyeongju HNP,Over/Under Goals,Under 3.5,1.36,,,WON,
2025-10-26T05:00:00+00:00,K3 League,Mokpo City,Gangneung City,Over/Under Goals,Under 3.5,1.38,,,WON,
2025-10-26T05:30:00+00:00,Australian Championship,Bayswater City,Wests APIA,Over/Under Goals,Under 3.5,1.53,,,WON,
2025-10-26T05:30:00+00:00,Australian Championship,NWS Spirit,Canberra FC,Over/Under Goals,Over 2.5,1.36,,,WON,
2025-10-26T05:40:00+00:00,J. League Div.1,Avispa Fukuoka,Shonan Bellmare,Over/Under Goals,Under 3.5,1.22,,,WON,
2025-10-26T06:00:00+00:00,Second League - Group 2,Irkutsk,Torpedo Vladimir,Over/Under Goals,Under 3.5,1.35,,,WON,
2025-10-26T06:30:00+00:00,League Two,Chengdu Rongcheng II,Changchun Xidu,Over/Under Goals,Under 2.5,1.77,,,LOST,
2025-10-26T06:30:00+00:00,League Two,Shandong Taishan II,Shenzhen 2028,Over/Under Goals,Under 3.5,1.25,,,LOST,
2025-10-26T07:00:00+00:00,J2 League,Ehime FC,Jubilo Iwata,Over/Under Goals,Under 3.5,1.42,,,LOST,
2025-10-26T07:00:00+00:00,League One,Shenyang Urban,Nantong Zhiyun,Over/Under Goals,Under 3.5,1.33,,,WON,
2025-10-26T07:00:00+00:00,Premier League,Kowloon City,Hong Kong FC,Over/Under Goals,Under 3.5,1.66,,,WON,
2025-10-26T07:00:00+00:00,Premier League,Wofoo Tai Po,Eastern,Double Chance,Home/Draw,1.18,,,WON,
2025-10-26T07:30:00+00:00,K League 2,Seoul E-Land FC,Asan Mugunghwa,Over/Under Goals,Under 3.5,1.3,,,LOST,
2025-10-26T07:30:00+00:00,K-League Classic,Daejeon Citizen,Pohang Steelers,Over/Under Goals,Under 3.5,1.36,,,WON,
2025-10-26T07:30:00+00:00,Super League,Shandong Luneng,SHANGHAI SIPG,BTTS,Yes,1.25,,,WON,
2025-10-26T08:00:00+00:00,AFC Challenge League,Shan United,Tainan City,Double Chance,Draw/Away,1.55,,,WON,
2025-10-26T08:30:00+00:00,Liga 1,Arema FC,Pusamania Borneo,Over/Under Goals,Under 3.5,1.33,,,LOST,
2025-10-26T09:00:00+00:00,Super League,Imigresen,Sabah FA,Over/Under Goals,Under 3.5,1.48,,,LOST,
2025-10-26T09:15:00+00:00,3. liga - CFL A,Admira Praha,Viktoria Plzeň II,Double Chance,Draw/Away,1.45,,,WON,
2025-10-26T09:15:00+00:00,3. liga - CFL A,České Budějovice II,Táborsko II,BTTS,Yes,1.38,,,WON,
2025-10-26T09:15:00+00:00,3. liga - CFL B,Hradec Králové II,Baník Souš,Double Chance,Draw/Away,1.57,,,LOST,
2025-10-26T09:15:00+00:00,3. liga - CFL B,Slovan Liberec II,Ústí nad Orlicí,Over/Under Goals,Under 3.5,1.47,,,WON,
2025-10-26T09:30:00+00:00,2. liga,Žilina II,Lokomotíva Zvolen,Double Chance,Home/Draw,1.5,,,LOST,
2025-10-26T09:30:00+00:00,Erste Liga,SKU Amstetten,Floridsdorfer AC,Over/Under Goals,Under 3.5,1.3,,,WON,
2025-10-26T09:30:00+00:00,FNL,Sparta Praha II,Viktoria Žižkov,Over/Under Goals,Under 3.5,1.5,,,WON,
2025-10-26T09:30:00+00:00,Liga II,Bihor Oradea,CS Afumati,Asian Handicap,Away -1.25,1.6,,,WON,
2025-10-26T10:00:00+00:00,2. Lig,Erbaaspor,Buca FK,Over/Under Goals,Over 1.5,1.17,,,WON,
2025-10-26T10:00:00+00:00,2. Lig,Mardin BB,Isparta 32 Spor,Double Chance,Draw/Away,1.6,,,LOST,
2025-10-26T10:00:00+00:00,2. liga,Petržalka,Zlaté Moravce,Asian Handicap,Home +1.25,1.26,,,WON,
2025-10-26T10:00:00+00:00,Campionato Primavera - 1,Juventus U20,Lazio U20,Over/Under Goals,Under 3.5,1.44,,,WON,
2025-10-26T10:00:00+00:00,Erovnuli Liga 2,Merani Martvili,Lokomotivi Tbilisi,Double Chance,Home/Draw,1.4,,,WON,
2025-10-26T10:00:00+00:00,Erovnuli Liga 2,Saburtalo II,Rustavi,1X2 / Match Winner,Away,1.65,,,LOST,
2025-10-26T10:00:00+00:00,Erovnuli Liga 2,Samtredia,Sioni,Double Chance,Draw/Away,1.67,,,LOST,
2025-10-26T10:00:00+00:00,NB III - Northeast,Nyiregyhaza II,Cigand SE,Over/Under Goals,Under 3.5,1.64,,,WON,
2025-10-26T10:00:00+00:00,Premier League,Akron,Lokomotiv,Over/Under Goals,Over 1.5,1.17,,,WON,
2025-10-26T10:00:00+00:00,Premier League,Aktobe,Ordabasy,Over/Under Goals,Under 3.5,1.3,,,LOST,
2025-10-26T10:00:00+00:00,Premier League,FC Isloch Minsk R.,Dinamo Brest,Over/Under Goals,Under 3.5,1.24,,,WON,
2025-10-26T10:00:00+00:00,Premier League,Kairat Almaty,FC Astana,Double Chance,Draw/Away,1.51,,,WON,
2025-10-26T10:00:00+00:00,Premier League,Kitchee,North District,Over/Under Goals,Over 1.5,1.16,,,WON,
2025-10-26T10:00:00+00:00,Premier League,Okzhetpes,Turan Turkistan,Over/Under Goals,Over 2.5,1.42,,,WON,
2025-10-26T10:00:00+00:00,Premier League,Ulytau,FK Tobol Kostanay,Double Chance,Draw/Away,1.17,,,WON,
2025-10-26T10:00:00+00:00,Premier League,Yelimay Semey,Atyrau,Asian Handicap,Away -1.25,1.55,,,WON,
2025-10-26T10:00:00+00:00,Premier League,Zhenys,Kaisar,1X2 / Match Winner,Draw,3.39,,,WON,
2025-10-26T10:00:00+00:00,Premier League,Zhetysu,Kyzyl-Zhar,Over/Under Goals,Under 3.5,1.26,,,WON,
2025-10-26T10:00:00+00:00,Second League - Group 2,Spartak Moscow 2,Zvezda St. Petersburg,Over/Under Goals,Under 3.5,1.47,,,WON,
2025-10-26T10:00:00+00:00,Segunda División RFEF - Group 5,Real Madrid III,Intercity,Over/Under Goals,Under 3.5,1.17,,,WON,
2025-10-26T10:30:00+00:00,Segunda División RFEF - Group 2,Basconia,Náxara,Over/Under Goals,Under 3.5,1.28,,,WON,
2025-10-26T10:30:00+00:00,Segunda División RFEF - Group 4,Antoniano,Melilla,Over/Under Goals,Under 2.5,1.44,,,LOST,
2025-10-26T10:30:00+00:00,Segunda División RFEF - Group 4,La Unión Atlético,Recreativo Huelva,Double Chance,Draw/Away,1.44,,,WON,
2025-10-26T10:30:00+00:00,Super League,Qingdao Youth Island,Chengdu Better City,Over/Under Goals,Under 3.5,1.6,,,LOST,
2025-10-26T10:30:00+00:00,TFF 1. Lig,Bandırmaspor,Erokspor,Double Chance,Draw/Away,1.62,,,WON,
2025-10-26T11:00:00+00:00,2. Lig,24 Erzincanspor,Ankaraspor,Over/Under Goals,Under 3.5,1.25,,,LOST,
2025-10-26T11:00:00+00:00,3. Division - Girone 1,Bærum,Ullern,BTTS,Yes,1.33,,,WON,
2025-10-26T11:00:00+00:00,3. Division - Girone 1,Frigg,Gamle Oslo,Over/Under Goals,Over 2.5,1.25,,,WON,
2025-10-26T11:00:00+00:00,3. Division - Girone 2,Trygg/Lade,Melhus,Asian Handicap,Away -1.25,1.51,,,LOST,
2025-10-26T11:00:00+00:00,3. Division - Girone 3,Skjetten,Elverum,1X2 / Match Winner,Away,1.6,,,WON,
2025-10-26T11:00:00+00:00,3. Division - Girone 5,Vidar,Madla,1X2 / Match Winner,Home,1.26,,,LOST,
2025-10-26T11:00:00+00:00,3. Division - Girone 5,Våg,Vindbjart,Double Chance,Draw/Away,1.5,,,WON,
2025-10-26T11:00:00+00:00,3. Division - Girone 6,Fredrikstad II,Fram,Double Chance,Home/Draw,1.67,,,WON,
2025-10-26T11:00:00+00:00,3. Division - Girone 6,IF Ready,Oppsal,Over/Under Goals,Over 2.5,1.33,,,WON,
2025-10-26T11:00:00+00:00,3. Division - Girone 6,Lokomotiv Oslo,Ørn Horten,Over/Under Goals,Over 2.5,1.22,,,LOST,
2025-10-26T11:00:00+00:00,3. Division - Girone 6,Sarpsborg 08 II,Odd II,Double Chance,Draw/Away,1.44,,,LOST,
2025-10-26T11:00:00+00:00,3. Lig - Group 3,Sebat Gençlikspor,Düzcespor,Double Chance,Draw/Away,1.67,,,LOST,
2025-10-26T11:00:00+00:00,C-League,Angkor Tiger,Life Sihanoukville,1X2 / Match Winner,Home,1.25,,,WON,
2025-10-26T11:00:00+00:00,C-League,Visakha,Boeung Ket,Over/Under Goals,Under 3.5,1.5,,,LOST,
2025-10-26T11:00:00+00:00,I Liga,Tychy 71,Chrobry Głogów,Double Chance,Draw/Away,1.42,,,WON,
2025-10-26T11:00:00+00:00,III Liga - Group 1,Widzew II,Bełchatów,Asian Handicap,Home +0.25,1.58,,,WON,
2025-10-26T11:00:00+00:00,Premier League,SK Poltava,Kolos Kovalivka,1X2 / Match Winner,Away,1.44,,,LOST,
2025-10-26T11:00:00+00:00,Primera División RFEF - Group 1,Arenteiro,Pontevedra,Over/Under Goals,Under 3.5,1.22,,,WON,
2025-10-26T11:00:00+00:00,Primera División RFEF - Group 2,Eldense,Real Murcia,Over/Under Goals,Under 3.5,1.17,,,WON,
2025-10-26T11:00:00+00:00,Primera División RFEF - Group 2,Ibiza,Teruel,Over/Under Goals,Under 3.5,1.2,,,WON,
2025-10-26T11:00:00+00:00,Primera División RFEF - Group 2,Marbella,FC Cartagena,Over/Under Goals,Under 3.5,1.22,,,WON,
2025-10-26T11:00:00+00:00,Primera División RFEF - Group 2,Villarreal II,Antequera,1X2 / Match Winner,Draw,3.2,,,WON,
2025-10-26T11:00:00+00:00,Segunda División RFEF - Group 1,Real Valladolid II,Sarriana,Team Total Goals,Over 0.5,1.49,,,LOST,
2025-10-26T11:00:00+00:00,Segunda División RFEF - Group 1,Salamanca UDS,Gimnástica Segoviana,Over/Under Goals,Under 3.5,1.2,,,WON,
2025-10-26T11:00:00+00:00,Segunda División RFEF - Group 3,Alcoyano,Reddis,Double Chance,Draw/Away,1.55,,,WON,
2025-10-26T11:00:00+00:00,Segunda División RFEF - Group 3,Andratx,Ibiza Islas Pitiusas,Over/Under Goals,Under 3.5,1.16,,,WON,
2025-10-26T11:00:00+00:00,Segunda División RFEF - Group 3,Atlético Baleares,Espanyol II,Over/Under Goals,Under 3.5,1.16,,,WON,
2025-10-26T11:00:00+00:00,Segunda División RFEF - Group 3,Barbastro,Atlètic Lleida,Over/Under Goals,Under 3.5,1.15,,,WON,
2025-10-26T11:00:00+00:00,Segunda División RFEF - Group 3,Barcelona B,Poblense,Double Chance,Home/Draw,1.17,,,WON,
2025-10-26T11:00:00+00:00,Segunda División RFEF - Group 3,Olot,Girona II,Over/Under Goals,Under 3.5,1.19,,,WON,
2025-10-26T11:00:00+00:00,Segunda División RFEF - Group 3,Valencia II,Porreres,Double Chance,Home/Draw,1.18,,,WON,
2025-10-26T11:00:00+00:00,Segunda División RFEF - Group 5,Colonia Moscardó,Getafe II,Double Chance,Home/Draw,1.5,,,LOST,
2025-10-26T11:00:00+00:00,Segunda División RFEF - Group 5,Fuenlabrada,Socuéllamos,Over/Under Goals,Under 3.5,1.15,,,WON,
2025-10-26T11:00:00+00:00,Segunda Liga,Farense,Penafiel,Over/Under Goals,Under 3.5,1.28,,,WON,
2025-10-26T11:00:00+00:00,Tercera División RFEF - Group 6,Alzira,Atzeneta,Over/Under Goals,Under 2.5,1.57,,,LOST,
2025-10-26T11:00:00+00:00,Thai League 1,Buriram United,Rayong FC,Over/Under Goals,Over 1.5,1.18,,,WON,
2025-10-26T11:00:00+00:00,Thai League 2,Esan Pattaya,Rasi Salai United,Double Chance,Draw/Away,1.51,,,WON,
2025-10-26T11:00:00+00:00,Virsliga,Metta / LU,Auda,Asian Handicap,Away -0.25,1.42,,,LOST,
2025-10-26T11:15:00+00:00,Eredivisie,Twente,Ajax,Over/Under Goals,Over 1.5,1.18,,,WON,
2025-10-26T11:30:00+00:00,2. Lig,Erzin Spor,Tuzlaspor,Over/Under Goals,Under 3.5,1.22,,,WON,
2025-10-26T11:30:00+00:00,League One,Chongqing Tongliang Long,Hebei Kungfu,Over/Under Goals,Under 3.5,1.28,,,WON,
2025-10-26T11:30:00+00:00,League One,Guangzhou E-Power,Shaanxi Union,Over/Under Goals,Under 3.5,1.48,,,LOST,
2025-10-26T11:30:00+00:00,Serie A,Torino,Genoa,Over/Under Goals,Under 3.5,1.17,,,WON,
2025-10-26T11:30:00+00:00,Serie C - Girone C,Trapani 1905,Audace Cerignola,Over/Under Goals,Under 3.5,1.25,,,WON,
2025-10-26T11:30:00+00:00,Super Lig,Antalyaspor,Istanbul Basaksehir,Double Chance,Draw/Away,1.4,,,WON,
2025-10-26T11:30:00+00:00,Thai League 1,Bangkok United,Lamphun Warrior,Over/Under Goals,Under 3.5,1.49,,,LOST,
2025-10-26T11:30:00+00:00,Thai League 1,Sukhothai FC,Bangkok Glass,1X2 / Match Winner,Draw,3.68,,,LOST,
2025-10-26T11:35:00+00:00,Super League,Beijing Guoan,Qingdao Jonoon,BTTS,Yes,1.44,,,WON,
2025-10-26T11:35:00+00:00,Super League,Shanghai Shenhua,Dalian Zhixing,1X2 / Match Winner,Home,1.23,,,LOST,
2025-10-26T11:45:00+00:00,NB I,Kisvarda FC,Gyori ETO FC,Over/Under Goals,Under 3.5,1.42,,,LOST,
2025-10-26T12:00:00+00:00,2. Lig,Halide Edip Adıvar,Karaman Belediyespor,Over/Under Goals,Under 3.5,1.35,,,WON,
2025-10-26T12:00:00+00:00,2. Lig,Somaspor,Arnavutköy Belediyespor,Double Chance,Draw/Away,1.5,,,WON,
2025-10-26T12:00:00+00:00,A Lyga,FK Trakai,Banga,Over/Under Goals,Under 3.5,1.37,,,LOST,
2025-10-26T12:00:00+00:00,AFC Challenge League,Dewa United,Phnom Penh Crown,Team Total Goals,Over 0.5,1.42,,,WON,
2025-10-26T12:00:00+00:00,Campeonato de Portugal Prio - Group C,Lajense,Fátima,Double Chance,Home/Draw,1.17,,,LOST,
2025-10-26T12:00:00+00:00,Czech Liga,Sigma Olomouc,Slavia Praha,Over/Under Goals,Under 3.5,1.3,,,WON,
2025-10-26T12:00:00+00:00,Ettan - Norra,Arlanda,Vasalund,Over/Under Goals,Under 3.5,1.53,,,LOST,
2025-10-26T12:00:00+00:00,Ettan - Norra,Gefle IF,Hammarby Talang,Over/Under Goals,Under 3.5,1.44,,,LOST,
2025-10-26T12:00:00+00:00,First NL,Croatia Zmijavci,Dubrava Zagreb,Over/Under Goals,Under 3.5,1.2,,,WON,
2025-10-26T12:00:00+00:00,II Liga - East,Sokół Kleczew,Stal Stalowa Wola,Over/Under Goals,Over 1.5,1.17,,,WON,
2025-10-26T12:00:00+00:00,III Liga - Group 3,Górnik Polkowice,Pawłowice Śląskie,Over/Under Goals,Over 1.5,1.15,,,LOST,
2025-10-26T12:00:00+00:00,Liga 1,Malut United,Semen Padang,Over/Under Goals,Under 3.5,1.34,,,WON,
2025-10-26T12:00:00+00:00,Liga I,Metaloglobus,Universitatea Craiova,Over/Under Goals,Over 1.5,1.25,,,LOST,
2025-10-26T12:00:00+00:00,NB II,BVSC,Vasas,Over/Under Goals,Under 3.5,1.28,,,WON,
2025-10-26T12:00:00+00:00,NB II,Szentlőrinc SE,Bekescsaba 1912,Over/Under Goals,Under 3.5,1.25,,,LOST,
2025-10-26T12:00:00+00:00,Premier League,Molodechno-DYuSSh 4,Arsenal,Over/Under Goals,Under 3.5,1.24,,,WON,
2025-10-26T12:00:00+00:00,Premiership,Heart Of Midlothian,Celtic,Over/Under Goals,Over 1.5,1.25,,,WON,
2025-10-26T12:00:00+00:00,Premyer Liqa,Qabala,Neftchi Baku,Over/Under Goals,Under 3.5,1.3,,,WON,
2025-10-26T12:00:00+00:00,Second League - Group 2,Dinamo Vologda,Tver,Over/Under Goals,Under 3.5,1.49,,,WON,
2025-10-26T12:00:00+00:00,Second League - Group 3,FK Spartak Tambov,Arsenal Tula II,Over/Under Goals,Under 3.5,1.3,,,WON,
2025-10-26T12:00:00+00:00,Super League 2,Panionios,Kalamata,Double Chance,Draw/Away,1.44,,,WON,
2025-10-26T12:00:00+00:00,Superettan,trelleborgs FF,Falkenbergs FF,Over/Under Goals,Over 1.5,1.25,,,WON,
2025-10-26T12:00:00+00:00,Superliga,Drita,Ferizaj,1X2 / Match Winner,Home,1.47,,,WON,
2025-10-26T12:00:00+00:00,Superliga,Llapi,Drenica Skënderaj,Asian Handicap,Home +0.25,1.41,,,WON,
2025-10-26T12:00:00+00:00,Thai League 1,Uthai Thani,Ratchaburi,Double Chance,Home/Draw,1.62,,,LOST,
2025-10-26T12:00:00+00:00,Veikkausliiga,Kooteepee,Turku PS,Over/Under Goals,Under 3.5,1.55,,,LOST,
2025-10-26T12:15:00+00:00,Premier League,Nizhny Novgorod,Baltika,Over/Under Goals,Under 3.5,1.17,,,WON,
2025-10-26T12:15:00+00:00,Super League,Selangor,Kuala Lumpur FA,Over/Under Goals,Under 3.5,1.5,,,WON,
2025-10-26T12:30:00+00:00,2. Division,Karmiotissa,AE Zakakiou,Over/Under Goals,Under 3.5,1.47,,,WON,
2025-10-26T12:30:00+00:00,2. Division,Spartakos Kitiou,Omonia 29is Maiou,Double Chance,Draw/Away,1.17,,,WON,
2025-10-26T12:30:00+00:00,3. Liga,Hoffenheim II,Erzgebirge Aue,Over/Under Goals,Over 1.5,1.2,,,WON,
2025-10-26T12:30:00+00:00,Bundesliga 2,1. FC Kaiserslautern,1. FC Nürnberg,Over/Under Goals,Over 1.5,1.2,,,WON,
2025-10-26T12:30:00+00:00,Bundesliga 2,1. FC Magdeburg,Preußen Münster,Over/Under Goals,Under 3.5,1.5,,,WON,
2025-10-26T12:30:00+00:00,Bundesliga 2,Eintracht Braunschweig,Hannover 96,Over/Under Goals,Over 1.5,1.22,,,WON,
2025-10-26T12:30:00+00:00,Jupiler Pro League,Antwerp,Club Brugge KV,Over/Under Goals,Under 3.5,1.55,,,WON,
2025-10-26T12:30:00+00:00,Second League,Pirin Blagoevgrad,Etar Veliko Tarnovo,Over/Under Goals,Under 3.5,1.22,,,WON,
2025-10-26T12:30:00+00:00,Super League,Nyasa Big Bullets,Be Forward Wanderers,Over/Under Goals,Under 2.5,1.5,,,LOST,
2025-10-26T13:00:00+00:00,3. liga - CFL A,Sokol Hostouň,Bohemians 1905 II,Over/Under Goals,Under 3.5,1.65,,,WON,
2025-10-26T13:00:00+00:00,3. liga - CFL B,Benátky nad Jizerou,Sokol Zápy,Over/Under Goals,Over 2.5,1.53,,,LOST,
2025-10-26T13:00:00+00:00,3. liga - CFL B,Mladá Boleslav II,Varnsdorf,1X2 / Match Winner,Home,1.62,,,LOST,
2025-10-26T13:00:00+00:00,Allsvenskan,Mjallby AIF,IFK Norrkoping,Team Total Goals,Over 0.5,1.16,,,WON,
2025-10-26T13:00:00+00:00,Allsvenskan,Sirius,IF Elfsborg,Over/Under Goals,Over 2.5,1.55,,,WON,
2025-10-26T13:00:00+00:00,Challenge League,FC Vaduz,Étoile Carouge,Over/Under Goals,Over 1.5,1.2,,,WON,
2025-10-26T13:00:00+00:00,Erovnuli Liga 2,Gonio,Dinamo Tbilisi II,Double Chance,Home/Draw,1.25,,,LOST,
2025-10-26T13:00:00+00:00,First League,Jedinstvo,Bokelj,Over/Under Goals,Under 2.5,1.65,,,WON,
2025-10-26T13:00:00+00:00,First League,Rodina Moskva,Rotor Volgograd,Over/Under Goals,Under 2.5,1.34,,,WON,
2025-10-26T13:00:00+00:00,First League,Sutjeska,Jezero,Over/Under Goals,Under 2.5,1.8,,,WON,
2025-10-26T13:00:00+00:00,La Liga,Mallorca,Levante,Over/Under Goals,Over 1.5,1.38,,,WON,
2025-10-26T13:00:00+00:00,Premier League 2 Division One,Liverpool U21,Everton U21,Asian Handicap,Away -1.25,1.49,,,LOST,
2025-10-26T13:00:00+00:00,Regionalliga - Nordost,BFC Dynamo,Eilenburg,Over/Under Goals,Under 3.5,1.45,,,WON,
2025-10-26T13:00:00+00:00,Regionalliga - Nordost,BFC Preussen,FSV Zwickau,Over/Under Goals,Under 3.5,1.36,,,LOST,
2025-10-26T13:00:00+00:00,Regionalliga - Nordost,FC Rot-Weiß Erfurt,ZFC Meuselwitz,Over/Under Goals,Under 3.5,1.7,,,LOST,
2025-10-26T13:00:00+00:00,Regionalliga - SudWest,Barockstadt Fulda-Lehn.,FC 08 Homburg,1X2 / Match Winner,Draw,4.0,,,WON,
2025-10-26T13:00:00+00:00,Regionalliga - SudWest,Kickers Offenbach,Eintracht Trier,Asian Handicap,Home +0.25,1.5,,,LOST,
2025-10-26T13:00:00+00:00,Regionalliga - West,FC Gutersloh,Sportfreunde Siegen,Over/Under Goals,Under 3.5,1.62,,,LOST,
2025-10-26T13:00:00+00:00,Segunda Division,Malaga,FC Andorra,Over/Under Goals,Under 3.5,1.25,,,LOST,
2025-10-26T13:00:00+00:00,Segunda División,Albion FC,Central Espanol,Over/Under Goals,Under 3.5,1.17,,,WON,
2025-10-26T13:00:00+00:00,Segunda División,Fenix,Atenas,Over/Under Goals,Under 3.5,1.17,,,WON,
2025-10-26T13:00:00+00:00,Super League 2,Makedonikos Neapolis,Kampaniakos Chalastra,Over/Under Goals,Under 3.5,1.15,,,WON,
2025-10-26T13:00:00+00:00,Super League 2,Marko,Olympiakos Piraeus II,Double Chance,Draw/Away,1.67,,,LOST,
2025-10-26T13:00:00+00:00,Super League 2,PAOK II,Nestos Chrisoupolis,Over/Under Goals,Under 2.5,1.62,,,WON,
2025-10-26T13:00:00+00:00,Super League,FC Zurich,BSC Young Boys,Over/Under Goals,Over 1.5,1.18,,,WON,
2025-10-26T13:00:00+00:00,Superligaen,FC Fredericia,FC Midtjylland,1X2 / Match Winner,Away,1.48,,,WON,
2025-10-26T13:00:00+00:00,Superligaen,Vejle,Silkeborg,Over/Under Goals,Over 1.5,1.22,,,WON,
2025-10-26T13:00:00+00:00,TFF 1. Lig,Amed,İstanbulspor,Over/Under Goals,Over 2.5,1.67,,,LOST,
2025-10-26T13:00:00+00:00,TFF 1. Lig,Yeni Çorumspor,Boluspor,Over/Under Goals,Over 1.5,1.22,,,LOST,
2025-10-26T13:30:00+00:00,1st League - FBiH,Sloboda Tuzla,Stupčanica Olovo,Double Chance,Draw/Away,1.7,,,WON,
2025-10-26T13:30:00+00:00,Eerste Divisie,Willem II,MVV,Over/Under Goals,Over 1.5,1.15,,,WON,
2025-10-26T13:30:00+00:00,Eliteserien,Rosenborg,Brann,Over/Under Goals,Over 1.5,1.2,,,WON,
2025-10-26T13:30:00+00:00,Eredivisie,Feyenoord,PSV Eindhoven,Over/Under Goals,Over 1.5,1.15,,,WON,
2025-10-26T13:30:00+00:00,First Amateur Division,Diegem Sport,Dessel Sport,Over/Under Goals,Over 1.5,1.16,,,WON,
2025-10-26T13:30:00+00:00,First Amateur Division,Union Namur,Albert Quévy-Mons,Over/Under Goals,Under 3.5,1.43,,,LOST,
2025-10-26T13:30:00+00:00,I Liga,Wisla Krakow,Stal Rzeszów,Over/Under Goals,Under 3.5,1.95,,,WON,
2025-10-26T13:30:00+00:00,Ligue 1,Olympique Béja,ES Zarzis,Over/Under Goals,Under 2.5,1.5,,,LOST,
2025-10-26T13:30:00+00:00,Serie C - Girone A,PRO Vercelli,Pergolettese,Over/Under Goals,Under 2.5,1.51,,,WON,
2025-10-26T13:30:00+00:00,Serie C - Girone A,Trento,Vicenza Virtus,Team Total Goals,Over 0.5,1.17,,,WON,
2025-10-26T13:30:00+00:00,Serie C - Girone B,Ascoli,Sambenedettese,1X2 / Match Winner,Home,1.62,,,WON,
2025-10-26T13:30:00+00:00,Serie C - Girone B,Bra,Vis Pesaro,Over/Under Goals,Under 2.5,1.57,,,WON,
2025-10-26T13:30:00+00:00,Serie C - Girone C,Catania,Benevento,Double Chance,Draw/Away,1.6,,,LOST,
2025-10-26T13:30:00+00:00,Serie C - Girone C,Cosenza,Potenza,1X2 / Match Winner,Draw,3.75,,,LOST,
2025-10-26T13:30:00+00:00,Serie D - Girone A,Cairese,Saluzzo,Asian Handicap,Home +0.25,1.55,,,LOST,
2025-10-26T13:30:00+00:00,Serie D - Girone A,Lavagnese,Sestri Levante,Double Chance,Draw/Away,1.64,,,WON,
2025-10-26T13:30:00+00:00,Serie D - Girone A,Vado,Città di Varese,Asian Handicap,Home +0,1.47,,,WON,
2025-10-26T13:30:00+00:00,Serie D - Girone A,Valenzana,Club Milano,Team Total Goals,Over 0.5,1.16,,,WON,
2025-10-26T13:30:00+00:00,Serie D - Girone B,Breno,Scanzorosciate,Team Total Goals,Over 0.5,1.49,,,LOST,
2025-10-26T13:30:00+00:00,Serie D - Girone B,Brusaporto,USD Casatese,Double Chance,Draw/Away,1.6,,,WON,
2025-10-26T13:30:00+00:00,Serie D - Girone B,Folgore Caratese,Milan II,Double Chance,Home/Draw,1.17,,,LOST,
2025-10-26T13:30:00+00:00,Serie D - Girone B,Oltrepò,Caldiero Terme,Double Chance,Draw/Away,1.47,,,WON,
2025-10-26T13:30:00+00:00,Serie D - Girone B,Villa Valle,Leon Monza e Brianza,Team Total Goals,Over 0.5,1.55,,,LOST,
2025-10-26T13:30:00+00:00,Serie D - Girone B,Vogherese,Castellanzese,Double Chance,Draw/Away,1.67,,,WON,
2025-10-26T13:30:00+00:00,Serie D - Girone C,Adriese,Mestre,Double Chance,Draw/Away,1.64,,,WON,
2025-10-26T13:30:00+00:00,Serie D - Girone C,Cjarlins Muzane,Vigasio,Team Total Goals,Over 0.5,1.42,,,WON,
2025-10-26T13:30:00+00:00,Serie D - Girone C,Legnago Salus,Luparense,Over/Under Goals,Under 3.5,1.23,,,WON,
2025-10-26T13:30:00+00:00,Serie D - Girone D,Coriano,Cittadella Vis Modena,Over/Under Goals,Under 3.5,1.26,,,WON,
2025-10-26T13:30:00+00:00,Serie D - Girone D,Lentigione,Pro Palazzolo,Over/Under Goals,Under 2.5,1.7,,,WON,
2025-10-26T13:30:00+00:00,Serie D - Girone D,Pro Sesto,Rovato Vertovese,Over/Under Goals,Under 2.5,1.65,,,LOST,
2025-10-26T13:30:00+00:00,Serie D - Girone E,Grosseto,Poggibonsi,Asian Handicap,Home +0.25,1.16,,,WON,
2025-10-26T13:30:00+00:00,Serie D - Girone E,Montevarchi Calcio,Scandicci,Double Chance,Draw/Away,1.62,,,WON,
2025-10-26T13:30:00+00:00,Serie D - Girone F,Teramo,Sammaurese,1X2 / Match Winner,Home,1.5,,,WON,
2025-10-26T13:30:00+00:00,Serie D - Girone F,Unipomezia,Recanatese,Asian Handicap,Home +0.25,1.41,,,WON,
2025-10-26T13:30:00+00:00,Serie D - Girone G,Atletico Lodigiani,Anzio,Double Chance,Draw/Away,1.64,,,LOST,
2025-10-26T13:30:00+00:00,Serie D - Girone G,Flaminia,Scafatese,Team Total Goals,Over 0.5,1.15,,,WON,
2025-10-26T13:30:00+00:00,Serie D - Girone H,Manfredonia,Real Normanna,Team Total Goals,Under 2.5,1.15,,,WON,
2025-10-26T13:30:00+00:00,Serie D - Girone I,Savoia,Vibonese,Over/Under Goals,Under 2.5,1.53,,,WON,
2025-10-26T13:30:00+00:00,Tipp3 Bundesliga,Ried,Rapid Vienna,Double Chance,Home/Draw,1.7,,,LOST,
2025-10-26T13:30:00+00:00,Tipp3 Bundesliga,Sturm Graz,Wolfsberger AC,Over/Under Goals,Over 1.5,1.3,,,WON,
2025-10-26T13:45:00+00:00,Ekstraklasa,Raków Częstochowa,Lechia Gdansk,Over/Under Goals,Under 3.5,1.38,,,WON,
2025-10-26T14:00:00+00:00,A Lyga,Džiugas Telšiai,Panevėžys,Double Chance,Home/Draw,1.5,,,LOST,
2025-10-26T14:00:00+00:00,Campionato,San Marino Academy,Cosmos,Over/Under Goals,Under 3.5,1.61,,,LOST,
2025-10-26T14:00:00+00:00,Druha Liga,Kolos Kovalivka II,Dinaz Vyshhorod,1X2 / Match Winner,Home,1.42,,,WON,
2025-10-26T14:00:00+00:00,First Amateur Division,Habay-la-Neuve,Crossing Schaerbeek,Double Chance,Draw/Away,1.44,,,LOST,
2025-10-26T14:00:00+00:00,First Amateur Division,Sporting Charleroi II,Union Saint-Gilloise II,Asian Handicap,Home +0.25,1.16,,,LOST,
2025-10-26T14:00:00+00:00,First Amateur Division,Standard Liège II,Meux,Over/Under Goals,Over 1.5,1.18,,,WON,
2025-10-26T14:00:00+00:00,II Liga - East,Sandecja Nowy Sącz,Warta Poznań,Double Chance,Draw/Away,1.44,,,WON,
2025-10-26T14:00:00+00:00,Ligue 1,Lille,Metz,Over/Under Goals,Under 3.5,1.53,,,LOST,
2025-10-26T14:00:00+00:00,NB I,Debreceni VSC,Ujpest,Over/Under Goals,Under 3.5,1.45,,,LOST,
2025-10-26T14:00:00+00:00,National Division,US Mondorf-les-bains,F91 Dudelange,Over/Under Goals,Under 3.5,1.48,,,LOST,
2025-10-26T14:00:00+00:00,Premier League,Arsenal,Crystal Palace,1X2 / Match Winner,Home,1.49,,,WON,
2025-10-26T14:00:00+00:00,Premier League,Aston Villa,Manchester City,Over/Under Goals,Under 3.5,1.44,,,WON,
2025-10-26T14:00:00+00:00,Premier League,Bournemouth,Nottingham Forest,Team Total Goals,Over 0.5,1.15,,,WON,
2025-10-26T14:00:00+00:00,Premier League,Kahraba Ismailia,Ceramica Cleopatra,Over/Under Goals,Under 3.5,1.25,,,WON,
2025-10-26T14:00:00+00:00,Premier League,Wolves,Burnley,Over/Under Goals,Under 3.5,1.22,,,LOST,
2025-10-26T14:00:00+00:00,Regionalliga - Nord,VfB Oldenburg,Bremer SV,1X2 / Match Winner,Home,1.28,,,LOST,
2025-10-26T14:00:00+00:00,Second League - Group 2,Chertanovo Moscow,Baltika II,Team Total Goals,Under 2.5,1.4,,,WON,
2025-10-26T14:00:00+00:00,Segunda División,Deportivo Maldonado,La Luz,Over/Under Goals,Under 3.5,1.16,,,WON,
2025-10-26T14:00:00+00:00,Serie A,Sassuolo,AS Roma,Over/Under Goals,Under 3.5,1.25,,,WON,
2025-10-26T14:00:00+00:00,Serie A,Verona,Cagliari,Over/Under Goals,Under 3.5,1.18,,,LOST,
2025-10-26T14:00:00+00:00,Serie B,Padova,Juve Stabia,1X2 / Match Winner,Draw,3.1,,,WON,
2025-10-26T14:00:00+00:00,Serie D - Girone A,Asti,Sanremese,Double Chance,Draw/Away,1.5,,,LOST,
2025-10-26T14:00:00+00:00,Serie D - Girone A,Chisola,Imperia,Asian Handicap,Away -1.25,1.46,,,WON,
2025-10-26T14:00:00+00:00,Serie D - Girone A,Gozzano,Ligorna,Double Chance,Draw/Away,1.42,,,LOST,
2025-10-26T14:00:00+00:00,Serie D - Girone F,Maceratese,Ancona,Over/Under Goals,Under 2.5,1.62,,,LOST,
2025-10-26T14:00:00+00:00,Serie D - Girone G,Budoni,Olbia,Asian Handicap,Home +0.25,1.63,,,LOST,
2025-10-26T14:00:00+00:00,Serie D - Girone H,Sarnese,Città di Fasano,Double Chance,Draw/Away,1.57,,,WON,
2025-10-26T14:00:00+00:00,Serie D - Girone I,Sancataldese,Reggina,Asian Handicap,Home +1.25,1.69,,,WON,
2025-10-26T14:00:00+00:00,Super Lig,Galatasaray,Goztepe,Over/Under Goals,Under 3.5,1.5,,,LOST,
2025-10-26T14:00:00+00:00,Super Lig,Genclerbirligi,Konyaspor,Asian Handicap,Home +0.5,1.67,,,LOST,
2025-10-26T14:00:00+00:00,Superettan,Orebro SK,Landskrona BoIS,Over/Under Goals,Under 3.5,1.44,,,WON,
2025-10-26T14:00:00+00:00,Virsliga,Rīgas FS,Grobiņa,Over/Under Goals,Under 3.5,1.67,,,LOST,
2025-10-26T14:00:00+00:00,Ykkösliiga,KäPa,OLS,Over/Under Goals,Over 2.5,1.4,,,WON,
2025-10-26T14:00:00+00:00,Úrvalsdeild,Stjarnan,Breidablik,Double Chance,Home/Draw,1.57,,,LOST,
2025-10-26T14:30:00+00:00,1. Liga Promotion,Lugano II,Biel-Bienne,Over/Under Goals,Over 2.5,1.44,,,LOST,
2025-10-26T14:30:00+00:00,Bundesliga 1,Bayer Leverkusen,SC Freiburg,Over/Under Goals,Over 1.5,1.25,,,WON,
2025-10-26T14:30:00+00:00,Premier League,Zenit,Dynamo,Over/Under Goals,Over 1.5,1.22,,,WON,
2025-10-26T14:30:00+00:00,Premiership,Aberdeen,Hibernian,Over/Under Goals,Under 3.5,1.38,,,WON,
2025-10-26T14:30:00+00:00,Premijer Liga,Posušje,Radnik Bijeljina,Over/Under Goals,Under 2.5,1.57,,,LOST,
2025-10-26T14:30:00+00:00,Premyer Liqa,Qarabag,Keshla FC,Over/Under Goals,Over 1.5,1.21,,,LOST,
2025-10-26T14:30:00+00:00,Stars League,Al Shahaniya,Al-Sailiya,Double Chance,Draw/Away,1.6,,,WON,
2025-10-26T14:30:00+00:00,Stars League,Qatar SC,UMM Salal,Over/Under Goals,Over 1.5,1.15,,,WON,
2025-10-26T14:30:00+00:00,Super Liga,Ružomberok,Spartak Trnava,Over/Under Goals,Over 1.5,1.25,,,WON,
2025-10-26T14:35:00+00:00,Premier League,Al Nasar,Al Jahra,Over/Under Goals,Under 2.5,2.15,,,WON,
2025-10-26T14:45:00+00:00,Segunda División RFEF - Group 1,Racing Santander II,Bergantiños,Double Chance,Draw/Away,1.57,,,WON,
2025-10-26T15:00:00+00:00,1. Division,Akritas,Omonia Aradippou,Over/Under Goals,Under 3.5,1.22,,,WON,
2025-10-26T15:00:00+00:00,1. Liga Promotion,Zürich II,Breitenrain,Team Total Goals,Under 2.5,1.18,,,WON,
2025-10-26T15:00:00+00:00,Botola 2,Chabab Mohammédia,Racing de Casablanca,Double Chance,Draw/Away,1.6,,,LOST,
2025-10-26T15:00:00+00:00,Botola Pro,UTS Rabat,Yacoub El Mansour,Over/Under Goals,Under 3.5,1.17,,,WON,
2025-10-26T15:00:00+00:00,Campeonato de Portugal Prio - Group A,Bragança,Brito,Double Chance,Draw/Away,1.7,,,LOST,
2025-10-26T15:00:00+00:00,Campeonato de Portugal Prio - Group A,Celoricense,Chaves II,Double Chance,Draw/Away,1.6,,,WON,
2025-10-26T15:00:00+00:00,Campeonato de Portugal Prio - Group A,Machico,AR São Martinho,Over/Under Goals,Under 2.5,1.57,,,WON,
2025-10-26T15:00:00+00:00,Campeonato de Portugal Prio - Group A,Mirandela,Monção,Double Chance,Home/Draw,1.16,,,WON,
2025-10-26T15:00:00+00:00,Campeonato de Portugal Prio - Group A,Vilaverdense,Tirsense,Over/Under Goals,Under 2.5,1.62,,,WON,
2025-10-26T15:00:00+00:00,Campeonato de Portugal Prio - Group B,Anadia,Leça,Double Chance,Home/Draw,1.7,,,LOST,
2025-10-26T15:00:00+00:00,Campeonato de Portugal Prio - Group B,Beira-Mar,Vila Real,Over/Under Goals,Under 2.5,1.57,,,WON,
2025-10-26T15:00:00+00:00,Campeonato de Portugal Prio - Group B,Salgueiros,Rebordosa,Over/Under Goals,Under 2.5,1.5,,,WON,
2025-10-26T15:00:00+00:00,Campeonato de Portugal Prio - Group B,União Lamas,Cinfães,Over/Under Goals,Under 2.5,1.53,,,LOST,
2025-10-26T15:00:00+00:00,Campeonato de Portugal Prio - Group B,Vila Meã,Alpendorada,Double Chance,Home/Draw,1.17,,,WON,
2025-10-26T15:00:00+00:00,Campeonato de Portugal Prio - Group C,Mortágua,Samora Correir,Over/Under Goals,Under 2.5,1.53,,,WON,
2025-10-26T15:00:00+00:00,Campeonato de Portugal Prio - Group C,Os Marialvas,Oliveira Hospital,Double Chance,Home/Draw,1.2,,,LOST,
2025-10-26T15:00:00+00:00,Challenger Pro League,Lommel United,Beerschot Wilrijk,Over/Under Goals,Under 3.5,1.42,,,WON,
2025-10-26T15:00:00+00:00,Challenger Pro League,RSC Anderlecht II,Lokeren-Temse,Over/Under Goals,Under 3.5,1.48,,,WON,
2025-10-26T15:00:00+00:00,Erovnuli Liga,Saburtalo,Dila,Double Chance,Home/Draw,1.4,,,WON,
2025-10-26T15:00:00+00:00,Ettan - Norra,Haninge,Team Thoren,Team Total Goals,Over 0.5,1.5,,,WON,
2025-10-26T15:00:00+00:00,Jupiler Pro League,Cercle Brugge,Zulte Waregem,Team Total Goals,Over 0.5,1.4,,,WON,
2025-10-26T15:00:00+00:00,Liga 3,1º Dezembro,CF Os Belenenses,Double Chance,Draw/Away,1.22,,,WON,
2025-10-26T15:00:00+00:00,Liga 3,Amarante,Paredes,Over/Under Goals,Under 3.5,1.17,,,WON,
2025-10-26T15:00:00+00:00,Liga 3,Amora,Academica,Over/Under Goals,Under 2.5,1.65,,,LOST,
2025-10-26T15:00:00+00:00,Liga 3,Caldas,Lusitano Évora 1911,Over/Under Goals,Under 3.5,1.18,,,WON,
2025-10-26T15:00:00+00:00,Liga 3,Sanjoanense,Varzim,Over/Under Goals,Under 3.5,1.21,,,LOST,
2025-10-26T15:00:00+00:00,Liga 3,União Santarém,Mafra,Over/Under Goals,Under 3.5,1.15,,,WON,
2025-10-26T15:00:00+00:00,National Division,Swift Hesperange,AS Jeunesse Esch,Over/Under Goals,Under 3.5,1.36,,,WON,
2025-10-26T15:00:00+00:00,National Division,UNA Strassen,Rodange 91,Over/Under Goals,Under 3.5,1.65,,,LOST,
2025-10-26T15:00:00+00:00,National Division,Union Titus Petange,Jeunesse Canach,Double Chance,Draw/Away,1.55,,,LOST,
2025-10-26T15:00:00+00:00,National Division,Victoria Rosport,FC Differdange 03,Over/Under Goals,Under 3.5,1.5,,,WON,
2025-10-26T15:00:00+00:00,Premier Division,Derry City,Shamrock Rovers,Over/Under Goals,Over 1.5,1.48,,,WON,
2025-10-26T15:00:00+00:00,Premier League,Sliema Wanderers,Marsaxlokk,Over/Under Goals,Under 2.5,1.65,,,WON,
2025-10-26T15:00:00+00:00,Premiership,Rangers,Kilmarnock,Over/Under Goals,Under 3.5,1.57,,,LOST,
2025-10-26T15:00:00+00:00,Primera División RFEF - Group 1,Unionistas de Salamanca,Lugo,Over/Under Goals,Under 3.5,1.2,,,WON,
2025-10-26T15:00:00+00:00,Second League - Group 1,Sochi II,Angust Nazran,Over/Under Goals,Under 3.5,1.3,,,WON,
2025-10-26T15:00:00+00:00,Segunda División RFEF - Group 1,Burgos Promesas,Lealtad,Team Total Goals,Over 0.5,1.27,,,WON,
2025-10-26T15:00:00+00:00,Super League 1,Levadiakos,Aris Thessalonikis,Double Chance,Home/Draw,1.44,,,WON,
2025-10-26T15:00:00+00:00,Superligaen,Randers FC,Sonderjyske,Over/Under Goals,Under 3.5,1.48,,,WON,
2025-10-26T15:00:00+00:00,Veikkausliiga,HJK helsinki,Inter Turku,Asian Handicap,Away -0.5,1.62,,,WON,
2025-10-26T15:15:00+00:00,First League,CSKA Sofia,Beroe,1X2 / Match Winner,Draw,5.6,,,LOST,
2025-10-26T15:15:00+00:00,La Liga,Real Madrid,Barcelona,Team Total Goals,Over 0.5,1.18,,,WON,
2025-10-26T15:30:00+00:00,3. Liga,FC Viktoria Köln,Hansa Rostock,Over/Under Goals,Over 1.5,1.25,,,WON,
2025-10-26T15:30:00+00:00,Allsvenskan,AIK Stockholm,BK Hacken,Double Chance,Draw/Away,1.67,,,WON,
2025-10-26T15:30:00+00:00,Allsvenskan,Halmstad,IFK Goteborg,Over/Under Goals,Under 3.5,1.38,,,WON,
2025-10-26T15:30:00+00:00,FNL,Vlašim,Zbrojovka Brno,1X2 / Match Winner,Draw,3.65,,,LOST,
2025-10-26T15:30:00+00:00,Primeira Liga,Estoril,Nacional,1X2 / Match Winner,Draw,3.55,,,WON,
2025-10-26T15:30:00+00:00,Primeira Liga,Famalicao,Guimaraes,Over/Under Goals,Under 3.5,1.22,,,WON,
2025-10-26T15:30:00+00:00,Primera B,Magallanes,Antofagasta,Over/Under Goals,Under 3.5,1.27,,,WON,
2025-10-26T15:30:00+00:00,Primera Division,U. Catolica,Universidad de Chile,Over/Under Goals,Under 3.5,1.36,,,WON,
2025-10-26T15:30:00+00:00,Super League 1,Panathinaikos,Asteras Tripolis,Over/Under Goals,Over 1.5,1.25,,,WON,
2025-10-26T15:30:00+00:00,Super League,Lausanne,FC Basel 1893,Team Total Goals,Under 2.5,1.17,,,LOST,
2025-10-26T15:30:00+00:00,Super League,Servette FC,FC Lugano,Over/Under Goals,Over 1.5,1.22,,,WON,
2025-10-26T15:45:00+00:00,Eredivisie,AZ Alkmaar,Utrecht,Over/Under Goals,Over 1.5,1.18,,,WON,
2025-10-26T16:00:00+00:00,2. Lig,Elazığspor,Kastamonuspor 1966,Over/Under Goals,Under 3.5,1.33,,,WON,
2025-10-26T16:00:00+00:00,2. SNL,Nafta,Bilje,Over/Under Goals,Under 3.5,1.34,,,LOST,
2025-10-26T16:00:00+00:00,3. Lig - Group 4,Afjet Afyonspor,Eskişehirspor,Asian Handicap,Home +1.25,1.51,,,LOST,
2025-10-26T16:00:00+00:00,3. Lig - Group 4,Altay,Karşıyaka,Over/Under Goals,Under 3.5,1.36,,,WON,
2025-10-26T16:00:00+00:00,Eliteserien,Bodo/Glimt,Molde,Over/Under Goals,Over 2.5,1.33,,,WON,
2025-10-26T16:00:00+00:00,Eliteserien,Haugesund,Tromso,Over/Under Goals,Over 1.5,1.18,,,WON,
2025-10-26T16:00:00+00:00,Eliteserien,Kristiansund BK,Ham-Kam,Double Chance,Draw/Away,1.67,,,WON,
2025-10-26T16:00:00+00:00,Eliteserien,Sandefjord,Fredrikstad,Over/Under Goals,Over 1.5,1.22,,,LOST,
2025-10-26T16:00:00+00:00,Erovnuli Liga,Gagra,Dinamo Batumi,Double Chance,Draw/Away,1.7,,,LOST,
2025-10-26T16:00:00+00:00,I Liga,Stal Mielec,Miedz Legnica,Over/Under Goals,Under 3.5,1.5,,,WON,
2025-10-26T16:00:00+00:00,NB II,Ajka,Kozarmisleny FC,Over/Under Goals,Under 3.5,1.21,,,WON,
2025-10-26T16:00:00+00:00,NB II,Budapest Honved,Mezokovesd-zsory,Over/Under Goals,Under 3.5,1.3,,,LOST,
2025-10-26T16:00:00+00:00,NB II,Csakvar,Tiszakecske FC,Over/Under Goals,Under 3.5,1.25,,,LOST,
2025-10-26T16:00:00+00:00,NB II,Kecskeméti TE,Karcag SE,Over/Under Goals,Under 3.5,1.28,,,WON,
2025-10-26T16:00:00+00:00,Premier Division,Bohemians,Shelbourne,Double Chance,Draw/Away,1.7,,,WON,
2025-10-26T16:00:00+00:00,Premier League,Dynamo Kyiv,Kryvbas KR,Over/Under Goals,Under 3.5,1.6,,,LOST,
2025-10-26T16:00:00+00:00,Primera Division,Sporting Cristal,Cultural Santa Rosa,Over/Under Goals,Under 3.5,1.57,,,WON,
2025-10-26T16:00:00+00:00,Segunda División RFEF - Group 2,Alfaro,Deportivo Alavés II,Over/Under Goals,Under 3.5,1.18,,,WON,
2025-10-26T16:00:00+00:00,Super Liga,Radnicki NIS,FK Crvena Zvezda,1X2 / Match Winner,Away,1.21,,,LOST,
2025-10-26T16:00:00+00:00,TFF 1. Lig,BB Bodrumspor,76 Iğdır Belediyespor,Over/Under Goals,Over 1.5,1.28,,,WON,
2025-10-26T16:00:00+00:00,Tipp3 Bundesliga,Austria Vienna,Red Bull Salzburg,Over/Under Goals,Over 1.5,1.22,,,WON,
2025-10-26T16:15:00+00:00,Ligue 1,Angers,Lorient,Over/Under Goals,Over 1.5,1.4,,,WON,
2025-10-26T16:15:00+00:00,Ligue 1,Auxerre,Le Havre,Double Chance,Draw/Away,1.7,,,WON,
2025-10-26T16:15:00+00:00,Ligue 1,Rennes,Nice,Asian Handicap,Home +0.25,1.48,,,LOST,
2025-10-26T16:15:00+00:00,Serie B,Bari,Mantova,Over/Under Goals,Under 3.5,1.33,,,WON,
2025-10-26T16:25:00+00:00,A Lyga,FK Zalgiris Vilnius,Šiauliai,1X2 / Match Winner,Home,1.4,,,WON,
2025-10-26T16:30:00+00:00,1. SNL,Olimpija Ljubljana,NK Domzale,Over/Under Goals,Under 3.5,1.53,,,WON,
2025-10-26T16:30:00+00:00,Bundesliga 1,VfB Stuttgart,FSV Mainz 05,Over/Under Goals,Over 1.5,1.18,,,WON,
2025-10-26T16:30:00+00:00,Ekstraklasa,Gornik Zabrze,Jagiellonia,Over/Under Goals,Over 1.5,1.22,,,WON,
2025-10-26T16:30:00+00:00,NB I,Ferencvarosi TC,Zalaegerszegi TE,Over/Under Goals,Over 1.5,1.15,,,WON,
2025-10-26T16:30:00+00:00,Premier League,Everton,Tottenham,Over/Under Goals,Under 3.5,1.33,,,WON,
2025-10-26T16:30:00+00:00,Primera División - Clausura,Danubio,CA River Plate,Over/Under Goals,Under 2.5,1.65,,,WON,
2025-10-26T16:30:00+00:00,Segunda División RFEF - Group 2,Sestao River,Ebro,Over/Under Goals,Under 3.5,1.15,,,WON,
2025-10-26T16:30:00+00:00,Serie C - Girone A,Giana Erminio,Alcione,Over/Under Goals,Under 3.5,1.16,,,WON,
2025-10-26T16:30:00+00:00,Serie C - Girone A,Pro Patria,Ospitaletto,Over/Under Goals,Under 3.5,1.17,,,WON,
2025-10-26T16:30:00+00:00,Serie C - Girone B,Pianese,Ravenna,Over/Under Goals,Under 3.5,1.25,,,WON,
2025-10-26T16:30:00+00:00,Serie C - Girone C,SS Monopoli,Giugliano,Over/Under Goals,Under 3.5,1.25,,,LOST,
2025-10-26T16:30:00+00:00,Serie C - Girone C,Sorrento,Latina,Over/Under Goals,Under 3.5,1.2,,,LOST,
2025-10-26T16:30:00+00:00,Stars League,Al Wakrah,Al-Rayyan SC,Over/Under Goals,Over 2.5,1.44,,,LOST,
2025-10-26T16:45:00+00:00,Premier League,FC Krasnodar,Rubin,Over/Under Goals,Under 3.5,1.31,,,WON,
2025-10-26T16:50:00+00:00,Premier League,Kazma,Al Shabab,Over/Under Goals,Under 3.5,1.42,,,WON,
2025-10-26T17:00:00+00:00,1. Division,AEL,Krasava Ypsonas,Over/Under Goals,Under 3.5,1.3,,,WON,
2025-10-26T17:00:00+00:00,1. Division,Anorthosis,Aris,Over/Under Goals,Under 3.5,1.4,,,WON,
2025-10-26T17:00:00+00:00,First League,Mladost DG,Mornar,Double Chance,Draw/Away,1.5,,,WON,
2025-10-26T17:00:00+00:00,Premier League,El Geish,Masr,Over/Under Goals,Under 2.5,1.33,,,LOST,
2025-10-26T17:00:00+00:00,Premier League,Pharco,Ismaily SC,Over/Under Goals,Under 2.5,1.38,,,WON,
2025-10-26T17:00:00+00:00,Primera División,Deportivo Saprissa,Puntarenas FC,Over/Under Goals,Under 3.5,1.36,,,WON,
2025-10-26T17:00:00+00:00,Serie A,Fiorentina,Bologna,Over/Under Goals,Under 3.5,1.22,,,LOST,
2025-10-26T17:00:00+00:00,Super Lig,Kasimpasa,Besiktas,Team Total Goals,Over 0.5,1.15,,,WON,
2025-10-26T17:00:00+00:00,Super Liga,Slovan Bratislava,Tatran Prešov,Team Total Goals,Over 0.5,1.65,,,WON,
2025-10-26T17:00:00+00:00,Superligaen,FC Copenhagen,Viborg,Over/Under Goals,Over 2.5,1.67,,,LOST,
2025-10-26T17:15:00+00:00,Campionato,Cailungo,San Giovanni,Asian Handicap,Home +1.25,1.31,,,LOST,
2025-10-26T17:15:00+00:00,Premier League,FC Vitebsk,ML Vitebsk,Over/Under Goals,Under 3.5,1.26,,,WON,
2025-10-26T17:15:00+00:00,Primera División RFEF - Group 1,Zamora,Athletic Club II,Over/Under Goals,Under 3.5,1.22,,,LOST,
2025-10-26T17:15:00+00:00,Primera División RFEF - Group 2,Sevilla Atletico,Hércules,Over/Under Goals,Under 3.5,1.17,,,WON,
2025-10-26T17:30:00+00:00,Czech Liga,Plzen,Baník Ostrava,Over/Under Goals,Over 1.5,1.17,,,WON,
2025-10-26T17:30:00+00:00,Jupiler Pro League,Genk,RAAL La Louvière,Over/Under Goals,Under 3.5,1.45,,,WON,
2025-10-26T17:30:00+00:00,La Liga,Osasuna,Celta Vigo,Over/Under Goals,Under 3.5,1.25,,,LOST,
2025-10-26T17:30:00+00:00,Segunda Division,Almeria,Castellón,Over/Under Goals,Under 3.5,1.5,,,WON,
2025-10-26T17:30:00+00:00,Segunda Division,Sporting Gijon,Zaragoza,Over/Under Goals,Over 1.5,1.35,,,LOST,
2025-10-26T17:30:00+00:00,Super League 1,PAOK,Volos NFC,Over/Under Goals,Under 3.5,1.5,,,WON,
2025-10-26T18:00:00+00:00,Canadian Premier League,Forge,Atlético Ottawa,1X2 / Match Winner,Draw,3.57,,,LOST,
2025-10-26T18:00:00+00:00,Liga Pro,Cuniburo,Tecnico Universitario,Over/Under Goals,Under 3.5,1.22,,,WON,
2025-10-26T18:00:00+00:00,Premier League,Naxxar Lions,Hamrun Spartans,1X2 / Match Winner,Draw,4.5,,,WON,
2025-10-26T18:00:00+00:00,Primeira Liga,Tondela,Sporting CP,Over/Under Goals,Under 3.5,1.57,,,WON,
2025-10-26T18:00:00+00:00,Primera B,Cobreloa,Santiago Wanderers,Over/Under Goals,Under 3.5,1.27,,,WON,
2025-10-26T18:00:00+00:00,Segunda División RFEF - Group 4,Xerez,Deportiva Minera,Over/Under Goals,Under 2.5,1.5,,,WON,
2025-10-26T18:00:00+00:00,Segunda División RFEF - Group 5,Orihuela,Quintanar del Rey,BTTS,No,1.6,,,LOST,
2025-10-26T18:00:00+00:00,Segunda División,Colón,Cerrito,Over/Under Goals,Under 3.5,1.18,,,WON,
2025-10-26T18:00:00+00:00,Tercera División RFEF - Group 6,Crevillente,La Nucía,Over/Under Goals,Under 2.5,1.44,,,LOST,
2025-10-26T18:15:00+00:00,Eliteserien,Valerenga,Stromsgodset,BTTS,Yes,1.4,,,WON,
2025-10-26T18:15:00+00:00,Jupiler Pro League,Union St. Gilloise,St. Truiden,Over/Under Goals,Over 1.5,1.18,,,WON,
2025-10-26T18:15:00+00:00,Ligat Ha'al,Hapoel Beer Sheva,Maccabi Bnei Raina,1X2 / Match Winner,Home,1.17,,,WON,
2025-10-26T18:15:00+00:00,Primera Division,UTC,Alianza Universidad,Over/Under Goals,Under 3.5,1.3,,,LOST,
2025-10-26T18:30:00+00:00,3. Liga,MSV Duisburg,Rot-Weiß Essen,Double Chance,Draw/Away,1.6,,,WON,
2025-10-26T18:30:00+00:00,II Liga - East,Resovia Rzeszów,Unia Skierniewice,Over/Under Goals,Under 3.5,1.4,,,WON,
2025-10-26T18:30:00+00:00,Liga I,FCSB,Uta Arad,Over/Under Goals,Under 3.5,1.33,,,LOST,
2025-10-26T19:00:00+00:00,Eredivisie,GO Ahead Eagles,Excelsior,Over/Under Goals,Under 3.5,1.62,,,WON,
2025-10-26T19:00:00+00:00,Primera Division,Cobresal,Union Espanola,BTTS,Yes,1.67,,,LOST,
2025-10-26T19:00:00+00:00,Primera División - Clausura,Liverpool Montevideo,Progreso,Over/Under Goals,Under 3.5,1.3,,,LOST,
2025-10-26T19:00:00+00:00,Serie A,Botafogo,Santos,1X2 / Match Winner,Draw,3.7,,,WON,
2025-10-26T19:00:00+00:00,Serie A,Gremio,Juventude,Over/Under Goals,Under 2.5,1.68,,,LOST,
2025-10-26T19:00:00+00:00,Serie B,CRB,Atletico Goianiense,Over/Under Goals,Under 3.5,1.22,,,WON,
2025-10-26T19:00:00+00:00,Super League 1,Olympiakos Piraeus,AEK Athens FC,Team Total Goals,Over 0.5,1.18,,,WON,
2025-10-26T19:15:00+00:00,1. SNL,Mura,Celje,Over/Under Goals,Under 3.5,1.65,,,WON,
2025-10-26T19:15:00+00:00,Ekstraklasa,Legia Warszawa,Lech Poznan,Over/Under Goals,Under 3.5,1.48,,,WON,
2025-10-26T19:30:00+00:00,Primera División RFEF - Group 2,Atlético Madrid II,Europa Fc,Over/Under Goals,Under 3.5,1.25,,,WON,
2025-10-26T19:30:00+00:00,Segunda División,Titanes FC,Petare FC,Double Chance,Home/Draw,1.53,,,WON,
2025-10-26T19:30:00+00:00,Serie C - Girone C,Salernitana,Casertana,Over/Under Goals,Under 3.5,1.33,,,WON,
2025-10-26T19:45:00+00:00,Ligue 1,Lyon,Strasbourg,Over/Under Goals,Over 1.5,1.22,,,WON,
2025-10-26T19:45:00+00:00,Serie A,Lazio,Juventus,Over/Under Goals,Under 3.5,1.22,,,WON,
2025-10-26T20:00:00+00:00,Friendlies Women,USA W,Portugal W,1X2 / Match Winner,Home,1.17,,,WON,
2025-10-26T20:00:00+00:00,La Liga,Rayo Vallecano,Alaves,Over/Under Goals,Under 3.5,1.17,,,WON,
2025-10-26T20:00:00+00:00,Segunda Division,Deportivo La Coruna,Valladolid,Over/Under Goals,Under 3.5,1.28,,,WON,
2025-10-26T20:30:00+00:00,Division Profesional - Clausura,Olimpia,Club Guarani,Over/Under Goals,Under 3.5,1.36,,,LOST,
2025-10-26T20:30:00+00:00,Liga Pro,El Nacional,Macara,Team Total Goals,Over 0.5,1.28,,,LOST,
2025-10-26T20:30:00+00:00,Primeira Liga,SC Braga,Casa Pia,Over/Under Goals,Under 3.5,1.33,,,LOST,
2025-10-26T20:30:00+00:00,Primera Division,ADT,Universitario,Over/Under Goals,Over 1.5,1.44,,,WON,
2025-10-26T21:00:00+00:00,Liga Nacional,Achuapa,Cobán Imperial,Over/Under Goals,Under 3.5,1.25,,,WON,
2025-10-26T21:00:00+00:00,Liga Nacional,Olancho,Génesis,Over/Under Goals,Over 1.5,1.25,,,WON,
2025-10-26T21:00:00+00:00,Primera Division,Fuerte San Francisco,Municipal Limeño,Over/Under Goals,Under 3.5,1.2,,,WON,
2025-10-26T21:00:00+00:00,Primera Division,Matagalpa,Jalapa,Over/Under Goals,Under 3.5,1.4,,,WON,
2025-10-26T21:00:00+00:00,Primera Division,Platense,Firpo,Double Chance,Draw/Away,1.15,,,WON,
2025-10-26T21:05:00+00:00,Primera B,Real Soacha,Internacional Palmira,Over/Under Goals,Under 2.5,1.55,,,WON,
2025-10-26T21:30:00+00:00,Primera Division,O'Higgins,Coquimbo Unido,Over/Under Goals,Over 1.5,1.42,,,LOST,
2025-10-26T21:30:00+00:00,Primera Division,Union La Calera,Nublense,Double Chance,Home/Draw,1.45,,,WON,
2025-10-26T21:30:00+00:00,Primera División,Carabobo FC,Deportivo Tachira FC,Over/Under Goals,Under 2.5,1.5,,,WON,
2025-10-26T21:30:00+00:00,Serie A,RB Bragantino,Vasco DA Gama,Over/Under Goals,Over 1.5,1.28,,,WON,
2025-10-26T21:30:00+00:00,Serie B,Vila Nova,Ferroviária,Over/Under Goals,Over 1.5,1.42,,,WON,
2025-10-26T22:00:00+00:00,Canadian Premier League,Cavalry FC,York United,Team Total Goals,Over 0.5,1.15,,,WON,
2025-10-26T22:00:00+00:00,Liga Pro Serie B,9 de Octubre,Leones del Norte,Over/Under Goals,Under 3.5,1.16,,,WON,
2025-10-26T22:00:00+00:00,Liga Pro Serie B,Guayaquil City FC,Ind. Juniors,1X2 / Match Winner,Home,1.67,,,LOST,
2025-10-26T22:00:00+00:00,MLS Next Pro,St. Louis City II,Minnesota United II,Team Total Goals,Under 2.5,1.54,,,WON,
2025-10-26T23:00:00+00:00,Division Profesional - Clausura,Deportivo Recoleta,Libertad Asuncion,Team Total Goals,Over 0.5,1.44,,,WON,
2025-10-26T23:00:00+00:00,Liga MX,Santos Laguna,Club Queretaro,Over/Under Goals,Over 1.5,1.23,,,WON,
2025-10-26T23:00:00+00:00,Liga Nacional,Guastatoya,Xelajú,Over/Under Goals,Under 3.5,1.18,,,WON,
2025-10-26T23:00:00+00:00,Liga Pro,Emelec,Delfin SC,Over/Under Goals,Under 2.5,1.7,,,WON,
2025-10-26T23:00:00+00:00,Liga de Expansión MX,Monarcas,Leones Negros UDG,Team Total Goals,Under 2.5,1.22,,,WON,
2025-10-26T23:00:00+00:00,Primera Division,FBC Melgar,Sport Huancayo,Over/Under Goals,Over 1.5,1.24,,,WON,
2025-10-26T23:00:00+00:00,Primera Division,UNAN Managua,Real Madriz,Asian Handicap,Away -1.25,1.49,,,WON,
2025-10-26T23:00:00+00:00,Primera División,LD Alajuelense,Perez Zeledon,Over/Under Goals,Under 3.5,1.35,,,LOST,
2025-10-26T23:15:00+00:00,Liga Nacional,CD Olimpia,Real Espana,Double Chance,Home/Draw,1.17,,,WON,
2025-10-26T23:30:00+00:00,Major League Soccer,Vancouver Whitecaps,FC Dallas,Over/Under Goals,Over 2.5,1.4,,,WON,
2025-10-26T23:30:00+00:00,Primera A,Atletico Nacional,Independiente Medellin,Double Chance,Draw/Away,1.7,,,LOST,
2025-10-26T23:30:00+00:00,Primera División,Metropolitanos FC,Caracas FC,Over/Under Goals,Under 3.5,1.28,,,LOST,
2025-10-26T23:30:00+00:00,Serie A,Palmeiras,Cruzeiro,Over/Under Goals,Over 1.5,1.32,,,LOST,
2025-10-27T00:00:00+00:00,Primera División - Clausura,Miramar,Boston River,Over/Under Goals,Under 2.5,1.65,,,LOST,
2025-10-27T01:00:00+00:00,Liga MX,Atletico San Luis,Necaxa,Double Chance,Home/Draw,1.46,,,LOST,
2025-10-27T01:00:00+00:00,Liga MX,Toluca,Pachuca,Over/Under Goals,Over 1.5,1.16,,,WON,
2025-10-27T01:30:00+00:00,Major League Soccer,San Diego,Portland Timbers,1X2 / Match Winner,Home,1.65,,,WON,
2025-10-27T08:00:00+00:00,A-League,Macarthur,Adelaide United,Over/Under Goals,Over 1.5,1.16,,,WON,
2025-10-27T08:30:00+00:00,Liga 1,Bhayangkara FC,Persijap,Over/Under Goals,Under 3.5,1.15,,,WON,
2025-10-27T11:00:00+00:00,Friendlies Women,Thailand W,Bangladesh W,Team Total Goals,Under 2.5,1.67,,,LOST,
2025-10-27T11:30:00+00:00,Premier League,Home United,Albirex Niigata S,BTTS,Yes,1.55,,,LOST,
2025-10-27T11:30:00+00:00,Premier League,Hougang United,Tampines Rovers,1X2 / Match Winner,Away,1.41,,,WON,
2025-10-27T12:00:00+00:00,Friendlies Women,Croatia W,Montenegro W,Over/Under Goals,Over 1.5,1.22,,,WON,
2025-10-27T12:00:00+00:00,Liga 1,Persib Bandung,Persis Solo,Over/Under Goals,Under 3.5,1.34,,,WON,
2025-10-27T12:30:00+00:00,First League,Shkendija,Vardar Skopje,Asian Handicap,Home +0.5,1.18,,,LOST,
2025-10-27T12:50:00+00:00,Division 1,Al Thaid,Al Urooba,Double Chance,Home/Draw,1.57,,,WON,
2025-10-27T12:50:00+00:00,Division 1,Majd,Masfut,Team Total Goals,Over 0.5,1.25,,,LOST,
2025-10-27T13:00:00+00:00,Friendlies Women,Slovenia W,Serbia W,Asian Handicap,Home +0.25,1.58,,,LOST,
2025-10-27T13:30:00+00:00,Super League,Surkhon,Andijan,Over/Under Goals,Under 3.5,1.19,,,LOST,
2025-10-27T14:00:00+00:00,Erovnuli Liga,Telavi,Torpedo Kutaisi,Over/Under Goals,Under 3.5,1.28,,,LOST,
2025-10-27T14:00:00+00:00,Premier League,Smouha SC,El Gouna FC,Asian Handicap,Home +0.5,1.22,,,LOST,
2025-10-27T14:30:00+00:00,QSL Cup,Al Kharaitiyat,Al Waab,Asian Handicap,Home +0,1.53,,,LOST,
2025-10-27T15:00:00+00:00,Erovnuli Liga,Dinamo Tbilisi,Kolkheti Poti,Over/Under Goals,Over 1.5,1.2,,,WON,
2025-10-27T15:00:00+00:00,Premier League,Ararat,FC Noah,Over/Under Goals,Under 3.5,1.9,,,WON,
2025-10-27T15:30:00+00:00,First League,CSKA 1948,Ludogorets,Over/Under Goals,Under 3.5,1.28,,,LOST,
2025-10-27T15:30:00+00:00,Liga I,FC Botosani,AFC Hermannstadt,Over/Under Goals,Under 3.5,1.24,,,WON,
2025-10-27T15:30:00+00:00,Prva HNL,HNK Rijeka,NK Osijek,Asian Handicap,Away -1.25,1.4,,,LOST,
2025-10-27T16:00:00+00:00,Veikkausliiga,SJK,KuPS,BTTS,Yes,1.46,,,LOST,
2025-10-27T16:30:00+00:00,Premier League,Akhmat,FC Sochi,1X2 / Match Winner,Home,1.67,,,LOST,
2025-10-27T16:30:00+00:00,QSL Cup,Al-Gharafa,Al Shamal,Double Chance,Draw/Away,1.44,,,WON,
2025-10-27T16:50:00+00:00,Division 1,Al Sulaibikhat,Al Sahel,Over/Under Goals,Under 2.5,1.67,,,WON,
2025-10-27T17:00:00+00:00,1. Division,AEK Larnaca,Apoel Nicosia,Over/Under Goals,Over 1.5,1.36,,,WON,
2025-10-27T17:00:00+00:00,1. Division,Omonia Nicosia,Pafos,Over/Under Goals,Under 3.5,1.3,,,WON,
2025-10-27T17:00:00+00:00,A Lyga,Dainava,Hegelmann Litauen,Over/Under Goals,Under 3.5,1.39,,,WON,
2025-10-27T17:00:00+00:00,A Lyga,Suduva Marijampole,Kauno Žalgiris,Double Chance,Draw/Away,1.44,,,LOST,
2025-10-27T17:00:00+00:00,Esiliiga A,Tartu Welco,Elva,Over/Under Goals,Under 3.5,1.65,,,LOST,
2025-10-27T17:00:00+00:00,Premijer Liga,Zrinjski,Borac Banja Luka,Over/Under Goals,Under 3.5,1.16,,,WON,
2025-10-27T17:00:00+00:00,Super Lig,Gazişehir Gaziantep,Fenerbahce,Over/Under Goals,Over 1.5,1.22,,,WON,
2025-10-27T17:00:00+00:00,Super Lig,Samsunspor,Rizespor,1X2 / Match Winner,Draw,3.6,,,WON,
2025-10-27T17:30:00+00:00,Iraqi League,Al-Qasim,Al Zawra'a,Double Chance,Home/Draw,1.67,,,LOST,
2025-10-27T18:00:00+00:00,Allsvenskan,IF Brommapojkarna,Gais,Over/Under Goals,Over 1.5,1.22,,,WON,
2025-10-27T18:00:00+00:00,Copa Fares Lopes,Uniclinic Atletico Clube,Itapipoca,Team Total Goals,Over 0.5,1.27,,,LOST,
2025-10-27T18:00:00+00:00,Ekstraklasa,Radomiak Radom,Wisla Plock,1X2 / Match Winner,Draw,3.4,,,WON,
2025-10-27T18:00:00+00:00,I Liga,Wieczysta Kraków,Pogoń Grod. Mazowiecki,Over/Under Goals,Over 1.5,1.15,,,WON,
2025-10-27T18:00:00+00:00,Ligat Ha'al,Maccabi Tel Aviv,Ironi Kiryat Shmona,Over/Under Goals,Under 3.5,1.48,,,LOST,
2025-10-27T18:00:00+00:00,Prva HNL,Vukovar,Dinamo Zagreb,Over/Under Goals,Over 1.5,1.15,,,LOST,
2025-10-27T18:00:00+00:00,Superligaen,Odense,Brondby,Over/Under Goals,Over 2.5,1.58,,,WON,
2025-10-27T18:10:00+00:00,Allsvenskan,Malmo FF,Hammarby FF,Over/Under Goals,Over 1.5,1.24,,,WON,
2025-10-27T18:30:00+00:00,Liga I,Rapid,Unirea Slobozia,Over/Under Goals,Under 3.5,1.32,,,LOST,
2025-10-27T19:00:00+00:00,Primera Division,Barracas Central,Boca Juniors,Over/Under Goals,Under 3.5,1.15,,,LOST,
2025-10-27T19:30:00+00:00,Serie C - Girone A,Dolomiti Bellunesi,Triestina,Over/Under Goals,Under 3.5,1.22,,,WON,
2025-10-27T19:30:00+00:00,Serie C - Girone A,Inter U23,Cittadella,Over/Under Goals,Under 3.5,1.17,,,WON,
2025-10-27T19:30:00+00:00,Serie C - Girone B,Perugia,Livorno,Over/Under Goals,Under 3.5,1.2,,,WON,
2025-10-27T20:00:00+00:00,La Liga,Real Betis,Atletico Madrid,Over/Under Goals,Over 1.5,1.26,,,WON,
2025-10-27T20:00:00+00:00,League One,Port Vale,Stockport County,Over/Under Goals,Under 3.5,1.21,,,WON,
2025-10-27T20:00:00+00:00,Liga Pro Serie B,Cumbayá,Imbabura,Over/Under Goals,Under 3.5,1.22,,,WON,
2025-10-27T20:15:00+00:00,Primeira Liga,Moreirense,FC Porto,Over/Under Goals,Under 3.5,1.34,,,WON,
2025-10-27T20:30:00+00:00,Division Profesional - Clausura,Sportivo Ameliano,General Caballero,Over/Under Goals,Under 3.5,1.22,,,LOST,
2025-10-27T21:00:00+00:00,Primera Division,Colo Colo,Deportes Limache,Team Total Goals,Under 2.5,1.32,,,WON,
2025-10-27T22:00:00+00:00,Serie B,Chapecoense-sc,Operario-PR,Over/Under Goals,Over 1.5,1.44,,,WON,
2025-10-27T22:45:00+00:00,Major League Soccer,FC Cincinnati,Columbus Crew,Over/Under Goals,Under 3.5,1.57,,,WON,
2025-10-27T23:00:00+00:00,Division Profesional - Clausura,Nacional Asuncion,Cerro Porteno,Over/Under Goals,Under 3.5,1.19,,,WON,
2025-10-28T00:30:00+00:00,Serie B,Atletico Paranaense,Amazonas,Over/Under Goals,Under 3.5,1.28,,,WON,
2025-10-28T00:45:00+00:00,Primera A,Deportivo Pasto,Deportivo Pereira,Over/Under Goals,Over 1.5,1.36,,,WON,
2025-10-28T01:00:00+00:00,Liga de Ascenso,Santa Ana,Futbol Consultants Moravia,Double Chance,Home/Draw,1.22,,,LOST,
2025-10-28T01:30:00+00:00,Liga Panameña de Fútbol,UMECIT,Tauro FC,Double Chance,Home/Draw,1.4,,,WON,
2025-10-28T09:00:00+00:00,AFC Challenge League,Abdish-Ata,Al-Shabab,Double Chance,Draw/Away,1.6,,,WON,
2025-10-28T10:00:00+00:00,Premier League,Mebrat Hayl,Arba Minch Kenema,Double Chance,Draw/Away,1.4,,,LOST,
2025-10-28T10:45:00+00:00,Cup,Spartak Pleven,Botev Plovdiv,Over/Under Goals,Under 3.5,1.3,,,LOST,
2025-10-28T11:45:00+00:00,FA Cup,Kuching FA,Terengganu,Over/Under Goals,Under 3.5,1.6,,,WON,
2025-10-28T12:00:00+00:00,AFC Challenge League,Paro,Altyn Asyr,Team Total Goals,Under 2.5,1.18,,,WON,
2025-10-28T12:00:00+00:00,Premier League,Suhul Shire,Welwalo Adigrat Uni,Asian Handicap,Home +0.25,1.45,,,WON,
2025-10-28T12:15:00+00:00,FA Cup,Johor Darul Takzim FC,Penang,Over/Under Goals,Under 3.5,3.6,,,WON,
2025-10-28T12:30:00+00:00,Cup,Bukovyna,Nyva Ternopil,Asian Handicap,Away -1.25,1.65,,,WON,
2025-10-28T12:35:00+00:00,Division 1,Abha,Al Arabi SC,Over/Under Goals,Under 3.5,1.42,,,WON,
2025-10-28T13:00:00+00:00,Coppa Italia Primavera,Napoli U20,Renate U19,Over/Under Goals,Under 3.5,1.53,,,WON,
2025-10-28T13:00:00+00:00,Cup,Karviná,Slovácko,Over/Under Goals,Over 1.5,1.22,,,LOST,
2025-10-28T13:00:00+00:00,FNL,Slavia Praha II,Ústí nad Labem,Over/Under Goals,Under 3.5,1.57,,,WON,
2025-10-28T13:00:00+00:00,Premier League,Bahardar,Ethiopia Bunna,Double Chance,Draw/Away,1.58,,,WON,
2025-10-28T13:00:00+00:00,Professional Development League,Bristol City U21,Brentford U21,1X2 / Match Winner,Away,1.68,,,LOST,
2025-10-28T13:00:00+00:00,Professional Development League,Huddersfield Town U21,Peterborough United U21,Double Chance,Draw/Away,1.4,,,LOST,
2025-10-28T13:00:00+00:00,Superliga,Bylis,Vora,Over/Under Goals,Under 3.5,1.17,,,WON,
2025-10-28T13:30:00+00:00,3. liga - CFL B,Sokol Brozany,Teplice II,Double Chance,Draw/Away,1.36,,,WON,
2025-10-28T13:30:00+00:00,4. liga - Divizie E,Sokol Lanžhot,Holešov,Over/Under Goals,Under 3.5,1.68,,,WON,
2025-10-28T13:30:00+00:00,4. liga - Divizie E,Šternberk,Slavičín,Double Chance,Draw/Away,1.6,,,WON,
2025-10-28T13:30:00+00:00,Coppa Italia Primavera,Cremonese U19,Spezia U19,Asian Handicap,Away -1.25,1.52,,,WON,
2025-10-28T13:30:00+00:00,Professional Development League,Millwall U21,Charlton Athletic U21,Team Total Goals,Under 2.5,1.2,,,WON,
2025-10-28T13:45:00+00:00,Cup,Fratria,Arda Kardzhali,Over/Under Goals,Under 3.5,1.25,,,WON,
2025-10-28T14:00:00+00:00,AFC Challenge League,Muras United,Safa,Asian Handicap,Home +0,1.46,,,WON,
2025-10-28T14:00:00+00:00,Cup,OFI,Iraklis 1908,Over/Under Goals,Over 1.5,1.33,,,WON,
2025-10-28T14:00:00+00:00,Professional Development League,Cardiff City U21,AFC Bournemouth U21,Double Chance,Home/Draw,1.4,,,LOST,
2025-10-28T14:30:00+00:00,QSL Cup,Al Sadd,Al Shahaniya,1X2 / Match Winner,Away,1.6,,,WON,
2025-10-28T14:30:00+00:00,QSL Cup,Qatar SC,Al Mesaimeer,Over/Under Goals,Over 2.5,1.57,,,WON,
2025-10-28T15:00:00+00:00,Liga Revelação U23,Gil Vicente U23,Famalicão U23,Over/Under Goals,Under 3.5,1.28,,,WON,
2025-10-28T15:00:00+00:00,Liga Revelação U23,Leixões U23,Vizela U23,Over/Under Goals,Over 1.5,1.3,,,WON,
2025-10-28T15:00:00+00:00,Liga Revelação U23,Rio Ave U23,Sporting Braga U23,Team Total Goals,Over 0.5,1.17,,,WON,
2025-10-28T16:00:00+00:00,AFC Challenge League,Al Kuwait,Al Seeb,Asian Handicap,Home +0,1.43,,,WON,
2025-10-28T16:00:00+00:00,Cup,FK Jablonec,Dukla Praha,Over/Under Goals,Under 3.5,1.3,,,WON,
2025-10-28T16:00:00+00:00,Cup,Panetolikos,Ellas Syros,Team Total Goals,Under 2.5,1.57,,,LOST,
2025-10-28T16:00:00+00:00,Czech Liga,Sparta Praha,Bohemians 1905,Over/Under Goals,Under 3.5,1.6,,,WON,
2025-10-28T16:00:00+00:00,Superliga,Egnatia Rrogozhinë,Teuta Durrës,Over/Under Goals,Under 3.5,1.16,,,WON,
2025-10-28T16:30:00+00:00,Coppa Italia Serie C,Crotone,Foggia,Over/Under Goals,Under 3.5,1.36,,,WON,
2025-10-28T16:30:00+00:00,QSL Cup,Al-Duhail SC,Al-Rayyan SC,Team Total Goals,Over 1.5,1.66,,,WON,
2025-10-28T17:00:00+00:00,Coppa Italia Serie C,Forli,Arzignano Valchiampo,Over/Under Goals,Under 3.5,1.25,,,WON,
2025-10-28T17:00:00+00:00,UEFA Nations League - Women,Albania W,Cyprus W,Over/Under Goals,Over 1.5,1.17,,,WON,
2025-10-28T17:00:00+00:00,UEFA Nations League - Women,Austria W,Czech Republic W,Over/Under Goals,Under 3.5,1.45,,,WON,
2025-10-28T17:00:00+00:00,UEFA Nations League - Women,Denmark W,Finland W,Over/Under Goals,Under 3.5,1.53,,,WON,
2025-10-28T17:00:00+00:00,UEFA Nations League - Women,Turkey W,Kosovo W,Over/Under Goals,Under 3.5,1.5,,,WON,
2025-10-28T17:30:00+00:00,DFB Pokal,1. FC Heidenheim,Hamburger SV,Asian Handicap,Away -0.5,1.52,,,WON,
2025-10-28T17:30:00+00:00,DFB Pokal,Hertha BSC,SV Elversberg,Double Chance,Draw/Away,1.57,,,LOST,
2025-10-28T17:30:00+00:00,DFB Pokal,VfL Wolfsburg,Holstein Kiel,Over/Under Goals,Under 3.5,1.52,,,WON,
2025-10-28T17:30:00+00:00,Serie A,Lecce,Napoli,Over/Under Goals,Under 3.5,1.28,,,WON,
2025-10-28T17:45:00+00:00,KNVB Beker,Gemert,Fortuna Sittard,Over/Under Goals,Under 3.5,1.7,,,WON,
2025-10-28T17:45:00+00:00,Premier League,Valletta FC,Gzira United,Over/Under Goals,Under 3.5,1.25,,,WON,
2025-10-28T18:00:00+00:00,Cup,Kifisia,Kallithea,Team Total Goals,Over 0.5,1.57,,,WON,
2025-10-28T18:00:00+00:00,UEFA Nations League - Women,Sweden W,Spain W,Over/Under Goals,Over 2.5,1.53,,,LOST,
2025-10-28T18:30:00+00:00,Copa del Rey,SD Logroñés,Racing Santander,Double Chance,Draw/Away,1.18,,,WON,
2025-10-28T18:30:00+00:00,Friendlies Women,Morocco W,Haiti W,Team Total Goals,Over 0.5,1.2,,,WON,
2025-10-28T19:00:00+00:00,Copa del Rey,Maracena,Valencia,Over/Under Goals,Under 3.5,3.9,,,LOST,
2025-10-28T19:00:00+00:00,Copa del Rey,Rayo Majadahonda,CF Talavera,Over/Under Goals,Under 2.5,1.55,,,LOST,
2025-10-28T19:00:00+00:00,EFL Trophy,Barrow,Nottingham Forest U21,Over/Under Goals,Under 2.5,2.2,,,WON,
2025-10-28T19:00:00+00:00,EFL Trophy,Exeter City,Arsenal U21,Over/Under Goals,Under 3.5,1.45,,,LOST,
2025-10-28T19:00:00+00:00,EFL Trophy,Leyton Orient,Aston Villa U21,Team Total Goals,Over 0.5,1.48,,,LOST,
2025-10-28T19:00:00+00:00,EFL Trophy,Luton,Brighton U21,Over/Under Goals,Under 3.5,1.7,,,LOST,
2025-10-28T19:00:00+00:00,EFL Trophy,Rotherham,Manchester City U21,Asian Handicap,Home +0,1.5,,,WON,
2025-10-28T19:00:00+00:00,EFL Trophy,Swindon Town,West Ham United U21,Over/Under Goals,Over 2.5,1.44,,,WON,
2025-10-28T19:00:00+00:00,Friendlies Women,England W,Australia W,Over/Under Goals,Over 1.5,1.18,,,WON,
2025-10-28T19:00:00+00:00,KNVB Beker,Capelle,Roda,Team Total Goals,Over 0.5,1.7,,,WON,
2025-10-28T19:00:00+00:00,KNVB Beker,GVVV Veenendaal,De Graafschap,Over/Under Goals,Over 2.5,1.62,,,WON,
2025-10-28T19:00:00+00:00,KNVB Beker,HHC,FC OSS,Over/Under Goals,Under 3.5,1.5,,,WON,
2025-10-28T19:00:00+00:00,KNVB Beker,Helmond Sport,PEC Zwolle,Over/Under Goals,Under 3.5,1.45,,,LOST,
2025-10-28T19:00:00+00:00,KNVB Beker,Hoogeveen,Emmen,BTTS,Yes,1.5,,,LOST,
2025-10-28T19:00:00+00:00,KNVB Beker,Sparta Nijkerk,Almere City FC,BTTS,Yes,1.45,,,LOST,
2025-10-28T19:00:00+00:00,National League Cup,Rochdale,Manchester United U21,Asian Handicap,Home +0,1.54,,,LOST,
2025-10-28T19:00:00+00:00,National League Cup,Scunthorpe,Middlesbrough U21,Double Chance,Draw/Away,1.48,,,LOST,
2025-10-28T19:30:00+00:00,Copa del Rey,RSD Alcalá,Tenerife,Asian Handicap,Home +1.25,1.4,,,LOST,
2025-10-28T19:30:00+00:00,Coppa Italia Serie C,Ternana,Campobasso FC,Over/Under Goals,Under 3.5,1.25,,,WON,
2025-10-28T19:30:00+00:00,Cup,Stripfing,Lask Linz,Over/Under Goals,Under 3.5,1.42,,,WON,
2025-10-28T19:30:00+00:00,Ligue 2,Boulogne,Reims,Team Total Goals,Over 0.5,1.48,,,WON,
2025-10-28T19:30:00+00:00,Ligue 2,Clermont Foot,Montpellier,Over/Under Goals,Under 3.5,1.28,,,WON,
2025-10-28T19:30:00+00:00,Ligue 2,Dunkerque,RED Star FC 93,Over/Under Goals,Under 3.5,1.25,,,WON,
2025-10-28T19:30:00+00:00,Ligue 2,Estac Troyes,Amiens,Over/Under Goals,Under 3.5,1.45,,,LOST,
2025-10-28T19:30:00+00:00,Ligue 2,Grenoble,Guingamp,Over/Under Goals,Under 3.5,1.33,,,WON,
2025-10-28T19:30:00+00:00,Ligue 2,Laval,Le Mans,Over/Under Goals,Under 3.5,1.25,,,WON,
2025-10-28T19:30:00+00:00,Ligue 2,Nancy,Bastia,Over/Under Goals,Under 3.5,1.28,,,WON,
2025-10-28T19:30:00+00:00,Ligue 2,Rodez,Annecy,Over/Under Goals,Under 3.5,1.3,,,WON,
2025-10-28T19:30:00+00:00,Ligue 2,Saint Etienne,PAU,Over/Under Goals,Over 2.5,1.62,,,WON,
2025-10-28T19:30:00+00:00,Serie B,Cesena,Carrarese,Over/Under Goals,Over 1.5,1.33,,,WON,
2025-10-28T19:30:00+00:00,Serie B,Empoli,Sampdoria,Over/Under Goals,Over 1.5,1.48,,,WON,
2025-10-28T19:30:00+00:00,Serie B,Frosinone,Virtus Entella,Over/Under Goals,Over 1.5,1.4,,,WON,
2025-10-28T19:30:00+00:00,Serie B,Palermo,Monza,Over/Under Goals,Under 3.5,1.3,,,WON,
2025-10-28T19:30:00+00:00,Serie B,Pescara,Avellino,Double Chance,Draw/Away,1.44,,,WON,
2025-10-28T19:30:00+00:00,Serie B,Reggiana,Modena,Over/Under Goals,Over 1.5,1.36,,,LOST,
2025-10-28T19:30:00+00:00,Super League,FC Sion,FC ST. Gallen,Over/Under Goals,Under 3.5,1.44,,,LOST,
2025-10-28T19:30:00+00:00,Super League,FC Thun,FC Winterthur,Over/Under Goals,Over 1.5,1.15,,,WON,
2025-10-28T19:30:00+00:00,UEFA Nations League - Women,Belgium W,Republic of Ireland,Asian Handicap,Home +0.25,1.45,,,WON,
2025-10-28T19:45:00+00:00,DFB Pokal,Borussia Mönchengladbach,Karlsruher SC,1X2 / Match Winner,Home,1.57,,,WON,
2025-10-28T19:45:00+00:00,DFB Pokal,Energie Cottbus,RB Leipzig,1X2 / Match Winner,Away,1.4,,,WON,
2025-10-28T19:45:00+00:00,DFB Pokal,FC Augsburg,VfL Bochum,Over/Under Goals,Over 2.5,1.6,,,LOST,
2025-10-28T19:45:00+00:00,First Division,Bray Wanderers,UCD,Over/Under Goals,Over 1.5,1.22,,,WON,
2025-10-28T19:45:00+00:00,League Cup,Grimsby,Brentford,Over/Under Goals,Over 1.5,1.16,,,WON,
2025-10-28T19:45:00+00:00,League One,Bradford,Lincoln,Double Chance,Draw/Away,1.67,,,WON,
2025-10-28T19:45:00+00:00,League One,Mansfield Town,Plymouth,Double Chance,Draw/Away,1.62,,,LOST,
2025-10-28T19:45:00+00:00,League Two,Accrington ST,Tranmere,Over/Under Goals,Over 1.5,1.28,,,WON,
2025-10-28T19:45:00+00:00,National League - North,Curzon Ashton,King's Lynn Town,Over/Under Goals,Over 1.5,1.18,,,WON,
2025-10-28T19:45:00+00:00,National League - North,Southport,Peterborough Sports,Over/Under Goals,Under 3.5,1.28,,,LOST,
2025-10-28T19:45:00+00:00,National League - South,Dorking Wanderers,Maidenhead,Over/Under Goals,Under 3.5,1.28,,,WON,
2025-10-28T19:45:00+00:00,National League - South,Dover,Chelmsford City,Double Chance,Draw/Away,1.4,,,WON,
2025-10-28T19:45:00+00:00,Non League Premier - Isthmian,Billericay Town,Potters Bar Town,Team Total Goals,Over 0.5,1.51,,,WON,
2025-10-28T19:45:00+00:00,Non League Premier - Isthmian,Cray Valley PM,Brentwood Town,Double Chance,Draw/Away,1.44,,,WON,
2025-10-28T19:45:00+00:00,Non League Premier - Isthmian,Dulwich Hamlet,Aveley,Double Chance,Home/Draw,1.44,,,WON,
2025-10-28T19:45:00+00:00,Non League Premier - Isthmian,Hashtag United,Folkestone Invicta,Asian Handicap,Home +1.25,1.57,,,WON,
2025-10-28T19:45:00+00:00,Non League Premier - Isthmian,Lewes,Cheshunt,Over/Under Goals,Under 3.5,1.4,,,WON,
2025-10-28T19:45:00+00:00,Non League Premier - Northern,Warrington Town,Ashton United,Over/Under Goals,Under 3.5,1.39,,,WON,
2025-10-28T19:45:00+00:00,Premiership,Coleraine FC,Linfield,Double Chance,Draw/Away,1.55,,,WON,
2025-10-28T19:45:00+00:00,Serie A,Atalanta,AC Milan,Over/Under Goals,Under 3.5,1.38,,,WON,
2025-10-28T20:00:00+00:00,Copa del Rey,Extremadura 1924,Las Palmas,Over/Under Goals,Under 3.5,1.22,,,LOST,
2025-10-28T20:00:00+00:00,Copa del Rey,SD Negreira,Real Sociedad,Over/Under Goals,Under 3.5,4.5,,,WON,
2025-10-28T20:00:00+00:00,Copa del Rey,Toledo,Sevilla,Over/Under Goals,Under 3.5,2.2,,,LOST,
2025-10-28T20:00:00+00:00,KNVB Beker,VVV Venlo,Heerenveen,Over/Under Goals,Under 3.5,1.55,,,WON,
2025-10-28T20:00:00+00:00,League Cup,Wrexham,Cardiff,Asian Handicap,Home +0,1.62,,,LOST,
2025-10-28T20:00:00+00:00,Premier League,Tarxien Rainbows,Birkirkara,Over/Under Goals,Under 2.5,1.62,,,LOST,
2025-10-28T20:10:00+00:00,UEFA Nations League - Women,France W,Germany W,Over/Under Goals,Over 1.5,1.25,,,WON,
2025-10-28T21:00:00+00:00,CONMEBOL Nations League Women,Uruguay W,Argentina W,Over/Under Goals,Under 2.5,1.85,,,LOST,
2025-10-28T21:00:00+00:00,Friendlies Women,Peru W,Panama W,Team Total Goals,Under 2.5,1.22,,,LOST,
2025-10-28T21:00:00+00:00,Primera A,Rionegro Aguilas,Envigado,Asian Handicap,Home +0.25,1.15,,,WON,
2025-10-28T22:45:00+00:00,Major League Soccer,Charlotte,New York City FC,Double Chance,Home/Draw,1.42,,,LOST,
2025-10-28T23:00:00+00:00,CONMEBOL Nations League Women,Ecuador W,Colombia W,Team Total Goals,Over 0.5,1.17,,,WON,
2025-10-28T23:00:00+00:00,CONMEBOL Nations League Women,Paraguay W,Venezuela W,Over/Under Goals,Under 3.5,1.33,,,WON,
2025-10-28T23:10:00+00:00,Primera A,Deportivo Cali,Alianza Petrolera,Over/Under Goals,Under 3.5,1.22,,,WON,
2025-10-29T00:30:00+00:00,CONMEBOL Sudamericana,Atletico-MG,Independiente del Valle,Over/Under Goals,Under 3.5,1.25,,,LOST,
2025-10-29T02:00:00+00:00,Concacaf Central American Cup,CD Motagua,CS Cartagines,Over/Under Goals,Under 3.5,1.18,,,LOST,
2025-10-29T07:00:00+00:00,Premier League,Eastern District,Kowloon City,Over/Under Goals,Under 3.5,1.7,,,WON,
2025-10-29T08:00:00+00:00,AFC Challenge League,Phnom Penh Crown,Shan United,Over/Under Goals,Under 3.5,1.5,,,LOST,
2025-10-29T09:00:00+00:00,Cup,Isparta 32 Spor,Halide Edip Adıvar,Over/Under Goals,Under 3.5,1.22,,,WON,
2025-10-29T10:00:00+00:00,Cup,FK Minyor Pernik,Cherno More Varna,Over/Under Goals,Under 3.5,1.35,,,WON,
2025-10-29T10:00:00+00:00,Cup,Xankəndi FK,Difai Ağsu,Double Chance,Home/Draw,1.54,,,LOST,
2025-10-29T10:00:00+00:00,Cup,Zaqatala,Sumqayıt,Over/Under Goals,Under 3.5,1.48,,,WON,
2025-10-29T10:30:00+00:00,Cup,Silifke Belediyespor,Amed,Double Chance,Draw/Away,1.15,,,LOST,
2025-10-29T10:30:00+00:00,Cup,Tuzlaspor,Yalova Yeşilovaspor,Over/Under Goals,Under 2.5,1.62,,,LOST,
2025-10-29T10:30:00+00:00,Cup,Çankaya FK,Hekimoğlu Trabzon,Double Chance,Draw/Away,1.48,,,LOST,
2025-10-29T11:00:00+00:00,Cup,Avia Świdnik,Flota Świnoujście,Asian Handicap,Away -1.25,1.5,,,LOST,
2025-10-29T11:00:00+00:00,Liga Revelação U23,Estoril U23,Santa Clara U23,Over/Under Goals,Under 3.5,1.39,,,WON,
2025-10-29T11:30:00+00:00,Cup,Ahironas / Onisilos,APEA,Over/Under Goals,Under 2.5,1.67,,,WON,
2025-10-29T11:30:00+00:00,Cup,Marek,Montana,Over/Under Goals,Under 3.5,1.17,,,LOST,
2025-10-29T11:30:00+00:00,Cup,Sevlievo,CSKA Sofia,Over/Under Goals,Under 3.5,1.7,,,WON,
2025-10-29T11:30:00+00:00,Cup,Spartak Plovdiv,Slavia Sofia,Over/Under Goals,Under 3.5,1.9,,,WON,
2025-10-29T11:30:00+00:00,Cup,Sportist Svoge,Septemvri Sofia,Over/Under Goals,Under 3.5,1.28,,,WON,
2025-10-29T12:00:00+00:00,AFC Challenge League,Tainan City,Dewa United,Double Chance,Home/Draw,1.7,,,LOST,
2025-10-29T12:00:00+00:00,Cup,Bursa Yıldırımspor,Alanyaspor,Over/Under Goals,Under 3.5,1.55,,,WON,
2025-10-29T12:00:00+00:00,Cup,FK Romanija Pale,Zrinjski,Over/Under Goals,Under 3.5,1.62,,,WON,
2025-10-29T12:00:00+00:00,Cup,Grafičar,TSC Backa Topola,Over/Under Goals,Under 3.5,1.42,,,WON,
2025-10-29T12:00:00+00:00,Cup,Hutnik Kraków,Wisla Krakow,Over/Under Goals,Under 3.5,1.5,,,WON,
2025-10-29T12:00:00+00:00,Cup,Qabala,Mingəçevir,Over/Under Goals,Under 3.5,1.5,,,LOST,
2025-10-29T12:00:00+00:00,Cup,Səbail,Keshla FC,Over/Under Goals,Under 3.5,1.22,,,WON,
2025-10-29T12:00:00+00:00,Cup,Zemun,Radnicki 1923,Over/Under Goals,Under 3.5,1.3,,,WON,
2025-10-29T12:00:00+00:00,Premier League,Awassa Kenema,Welayta Dicha,Asian Handicap,Home +0,1.65,,,WON,
2025-10-29T12:00:00+00:00,Superliga,Drenica Skënderaj,Drita,BTTS,Yes,1.69,,,WON,
2025-10-29T12:00:00+00:00,Superliga,Llapi,Prishtina,Team Total Goals,Over 0.5,1.16,,,WON,
2025-10-29T12:30:00+00:00,2. Division,ASIL Lysi,Karmiotissa,Double Chance,Draw/Away,1.57,,,LOST,
2025-10-29T12:30:00+00:00,Cup,Orduspor 1967,Erbaaspor,Over/Under Goals,Under 3.5,1.42,,,LOST,
2025-10-29T12:30:00+00:00,Cup,Partizán Bardejov,Zemplín Michalovce,Over/Under Goals,Under 3.5,1.64,,,LOST,
2025-10-29T12:30:00+00:00,Cup,Pendikspor,Çorluspor 1947,Over/Under Goals,Under 3.5,1.36,,,LOST,
2025-10-29T12:30:00+00:00,Cup,Yeni Çorumspor,Kütahyaspor,Team Total Goals,Under 2.5,1.61,,,LOST,
2025-10-29T12:30:00+00:00,First League,Aresimi,FK Rabotnicki,Team Total Goals,Over 0.5,1.41,,,WON,
2025-10-29T12:30:00+00:00,First League,Makedonija GjP,Bashkimi Kumanovo,Double Chance,Draw/Away,1.7,,,WON,
2025-10-29T13:00:00+00:00,Cup,Beltinci,Radomlje,Asian Handicap,Home +1.25,1.43,,,LOST,
2025-10-29T13:00:00+00:00,Cup,Nové Sady,Plzen,Over/Under Goals,Under 3.5,3.75,,,WON,
2025-10-29T13:00:00+00:00,Cupa României,Metaloglobus,Arges Pitesti,Over/Under Goals,Under 3.5,1.4,,,LOST,
2025-10-29T13:00:00+00:00,Cupa României,Metalul Buzău,Universitatea Cluj,Team Total Goals,Over 0.5,1.44,,,WON,
2025-10-29T13:00:00+00:00,Professional League,Al-Nahda,Sur,Over/Under Goals,Under 2.5,1.53,,,LOST,
2025-10-29T13:30:00+00:00,1a Divisió,Inter Club d'Escaldes,Ranger's,Double Chance,Draw/Away,1.5,,,WON,
2025-10-29T13:30:00+00:00,Cup,Pakhtakor,Buxoro,Over/Under Goals,Under 3.5,1.38,,,WON,
2025-10-29T13:30:00+00:00,First League,Arsenal Tivat,Petrovac,Over/Under Goals,Under 2.5,1.57,,,LOST,
2025-10-29T13:30:00+00:00,Ligue 1,AS Marsa,ES Sahel,Over/Under Goals,Under 2.5,1.4,,,WON,
2025-10-29T13:30:00+00:00,Ligue 1,Stade Tunisien,CS Sfaxien,Over/Under Goals,Under 2.5,1.44,,,WON,
2025-10-29T13:30:00+00:00,Ligue 1,US Monastirienne,US Ben Guerdane,Over/Under Goals,Under 2.5,1.42,,,WON,
2025-10-29T14:00:00+00:00,Coppa Italia Serie C,Atalanta II,Alcione,Over/Under Goals,Under 3.5,1.22,,,WON,
2025-10-29T14:00:00+00:00,Coppa Italia Serie C,Sambenedettese,Ascoli,Over/Under Goals,Under 3.5,1.25,,,WON,
2025-10-29T14:30:00+00:00,Cup,FK Trayal,Napredak,Double Chance,Home/Draw,1.6,,,WON,
2025-10-29T14:30:00+00:00,Cup,Hebar 1918,Levski Sofia,Over/Under Goals,Under 3.5,1.53,,,WON,
2025-10-29T14:30:00+00:00,QSL Cup,Al-Sailiya,Al Bidda SC,Over/Under Goals,Under 3.5,1.61,,,WON,
2025-10-29T15:00:00+00:00,Cup,Manisa BBSK,Muğlaspor,Over/Under Goals,Under 3.5,1.48,,,WON,
2025-10-29T15:00:00+00:00,Cup,Neftchi Baku,MOIK,Over/Under Goals,Under 3.5,2.0,,,LOST,
2025-10-29T15:00:00+00:00,Cup,Radnik Surdulica,IMT Novi Beograd,Over/Under Goals,Over 1.5,1.28,,,LOST,
2025-10-29T15:00:00+00:00,Liga Revelação U23,Torreense U23,Portimonense U23,Over/Under Goals,Under 2.5,1.85,,,LOST,
2025-10-29T15:00:00+00:00,Ligue 1,JS Saoura,JS Kabylie,Double Chance,Draw/Away,1.42,,,WON,
2025-10-29T15:00:00+00:00,Premier League,Fasil Ketema,Sidama Bunna,Over/Under Goals,Over 1.5,1.61,,,LOST,
2025-10-29T15:00:00+00:00,Premier League,Torpedo Zhodino,FC Gomel,Over/Under Goals,Under 3.5,1.18,,,WON,
2025-10-29T15:30:00+00:00,Cup,Zlin,Slavia Praha,Over/Under Goals,Under 3.5,1.4,,,LOST,
2025-10-29T16:00:00+00:00,AFC Cup,Khalidiya,Al Ahli Doha,1X2 / Match Winner,Home,2.1,,,LOST,
2025-10-29T16:00:00+00:00,Cup,Paide,Tammeka,Over/Under Goals,Under 3.5,1.63,,,WON,
2025-10-29T16:00:00+00:00,Cup,Tabor Sežana,Primorje,Over/Under Goals,Under 3.5,1.57,,,LOST,
2025-10-29T16:00:00+00:00,Ligue 1,ASO Chlef,CR Belouizdad,Over/Under Goals,Over 1.5,1.55,,,LOST,
2025-10-29T16:30:00+00:00,Cupa României,Sănătatea Cluj,Universitatea Craiova,Over/Under Goals,Under 3.5,1.67,,,LOST,
2025-10-29T16:30:00+00:00,QSL Cup,Al-Markhiya,Al-Khor,Over/Under Goals,Under 3.5,1.43,,,WON,
2025-10-29T16:30:00+00:00,QSL Cup,UMM Salal,Muaither SC,Over/Under Goals,Over 2.5,1.53,,,WON,
2025-10-29T16:45:00+00:00,DBU Pokalen,Hobro,FC Copenhagen,BTTS,Yes,1.62,,,WON,
2025-10-29T17:00:00+00:00,Botola Pro,FAR Rabat,Hassania Agadir,1X2 / Match Winner,Home,1.5,,,WON,
2025-10-29T17:00:00+00:00,Cup,MEAP Nisou,Apollon Limassol,Over/Under Goals,Under 3.5,1.7,,,LOST,
2025-10-29T17:00:00+00:00,Cup,Čelik,Posušje,Double Chance,Home/Draw,1.5,,,WON,
2025-10-29T17:00:00+00:00,DBU Pokalen,Lyseng,Vejle,Over/Under Goals,Under 3.5,1.66,,,LOST,
2025-10-29T17:00:00+00:00,DFB Pokal,FSV Mainz 05,VfB Stuttgart,Over/Under Goals,Under 3.5,1.5,,,WON,
2025-10-29T17:00:00+00:00,DFB Pokal,Illertissen,1. FC Magdeburg,Team Total Goals,Over 0.5,1.53,,,LOST,
2025-10-29T17:00:00+00:00,DFB Pokal,SpVgg Greuther Fürth,1. FC Kaiserslautern,Over/Under Goals,Over 1.5,1.17,,,LOST,
2025-10-29T17:00:00+00:00,Division 1,Al-Raed,Al Jandal,Over/Under Goals,Under 3.5,1.3,,,LOST,
2025-10-29T17:00:00+00:00,League Cup,Marumo Gallants,Stellenbosch,BTTS,No,1.72,,,WON,
2025-10-29T17:00:00+00:00,Ligue 1,ES Setif,USM Alger,Over/Under Goals,Under 2.5,1.41,,,LOST,
2025-10-29T17:00:00+00:00,Premier League,Neman,Dinamo Minsk,Over/Under Goals,Under 3.5,1.15,,,WON,
2025-10-29T17:00:00+00:00,Premier League,Petrojet,Al Ahly,Over/Under Goals,Under 2.5,1.93,,,WON,
2025-10-29T17:00:00+00:00,Super Liga,Komárno,Slovan Bratislava,Over/Under Goals,Under 3.5,1.53,,,LOST,
2025-10-29T17:00:00+00:00,Super Liga,Spartak Trnava,FK Košice,Over/Under Goals,Under 3.5,1.55,,,LOST,
2025-10-29T17:00:00+00:00,UEFA Nations League - Women,Iceland W,Northern Ireland W,Over/Under Goals,Under 3.5,1.8,,,WON,
2025-10-29T17:15:00+00:00,Premier League,Hibernians,Sliema Wanderers,Team Total Goals,Under 2.5,1.17,,,LOST,
2025-10-29T17:15:00+00:00,Segunda Liga,Lusitânia Lourosa,Vizela,Over/Under Goals,Under 3.5,1.28,,,WON,
2025-10-29T17:30:00+00:00,Cup,Antalyaspor,Bursaspor,Over/Under Goals,Under 3.5,1.7,,,WON,
2025-10-29T17:30:00+00:00,Serie A,AS Roma,Parma,Over/Under Goals,Under 3.5,1.3,,,WON,
2025-10-29T17:30:00+00:00,Serie A,Como,Verona,1X2 / Match Winner,Home,1.67,,,WON,
2025-10-29T17:30:00+00:00,Serie A,Juventus,Udinese,Over/Under Goals,Under 3.5,1.3,,,LOST,
2025-10-29T17:45:00+00:00,KNVB Beker,Quick Boys,FC Volendam,Over/Under Goals,Over 1.5,1.15,,,WON,
2025-10-29T17:45:00+00:00,Premier League,Floriana,Hamrun Spartans,Over/Under Goals,Under 3.5,1.18,,,LOST,
2025-10-29T18:00:00+00:00,1. Division,Mjondalen,Stabaek,1X2 / Match Winner,Away,1.55,,,LOST,
2025-10-29T18:00:00+00:00,Copa del Rey,CD Sant Jordi,Osasuna,Team Total Goals,Over 0.5,2.88,,,LOST,
2025-10-29T18:00:00+00:00,Copa do Brasil U20,CRB U20,Sport Recife U20,Team Total Goals,Under 2.5,1.17,,,WON,
2025-10-29T18:00:00+00:00,Copa do Brasil U20,Fortaleza U20,Bahia U20,Double Chance,Draw/Away,1.64,,,LOST,
2025-10-29T18:00:00+00:00,Eliteserien,Brann,Bodo/Glimt,Over/Under Goals,Over 2.5,1.45,,,WON,
2025-10-29T18:00:00+00:00,Ligue 1,Le Havre,Stade Brestois 29,Double Chance,Draw/Away,1.48,,,LOST,
2025-10-29T18:00:00+00:00,Ligue 1,Lorient,Paris Saint Germain,Over/Under Goals,Over 1.5,1.15,,,WON,
2025-10-29T18:00:00+00:00,Ligue 1,Metz,Lens,Over/Under Goals,Over 1.5,1.28,,,WON,
2025-10-29T18:00:00+00:00,Ligue 1,Nice,Lille,Over/Under Goals,Over 1.5,1.25,,,WON,
2025-10-29T18:00:00+00:00,Reserve League,Belgrano Córdoba Res.,Unión Santa Fe Res.,Over/Under Goals,Under 3.5,1.42,,,WON,
2025-10-29T18:00:00+00:00,Reserve League,Godoy Cruz Res.,Deportivo Riestra Res.,Over/Under Goals,Under 3.5,1.25,,,WON,
2025-10-29T18:00:00+00:00,Reserve League,Independiente Res.,Rosario Central Res.,Over/Under Goals,Under 3.5,1.29,,,WON,
2025-10-29T18:00:00+00:00,Reserve League,Vélez Sársfield Res.,River Plate Res.,Team Total Goals,Over 0.5,1.27,,,WON,
2025-10-29T18:00:00+00:00,State Cup,Dimona,Maccabi Petah Tikva,1X2 / Match Winner,Away,1.55,,,LOST,
2025-10-29T18:30:00+00:00,Copa del Rey,La Unión Atlético,AD Ceuta FC,1X2 / Match Winner,Away,1.55,,,WON,
2025-10-29T18:30:00+00:00,National Division,FC Differdange 03,Racing FC Union Luxembourg,Over/Under Goals,Under 3.5,1.36,,,LOST,
2025-10-29T19:00:00+00:00,1. Liga Promotion,Luzern II,SC Kriens,Team Total Goals,Over 0.5,1.17,,,WON,
2025-10-29T19:00:00+00:00,Botola Pro,Wydad AC,Raja Casablanca,Double Chance,Draw/Away,1.64,,,WON,
2025-10-29T19:00:00+00:00,Copa del Rey,Azuaga,Leganes,Over/Under Goals,Under 3.5,1.9,,,LOST,
2025-10-29T19:00:00+00:00,Copa del Rey,Cieza,Cordoba,Over/Under Goals,Over 1.5,1.2,,,LOST,
2025-10-29T19:00:00+00:00,Copa del Rey,Lorca Deportiva,Almeria,Over/Under Goals,Over 1.5,1.22,,,WON,
2025-10-29T19:00:00+00:00,Cupa României,Gloria Bistriţa,FCSB,Over/Under Goals,Under 3.5,1.73,,,LOST,
2025-10-29T19:00:00+00:00,KNVB Beker,FC Lisse,Telstar,Team Total Goals,Over 0.5,1.85,,,LOST,
2025-10-29T19:00:00+00:00,KNVB Beker,NAC Breda,Heracles,Over/Under Goals,Over 1.5,1.15,,,WON,
2025-10-29T19:00:00+00:00,KNVB Beker,SC Genemuiden,Halsteren,Over/Under Goals,Under 3.5,2.0,,,WON,
2025-10-29T19:00:00+00:00,KNVB Beker,Waalwijk,Cambuur,Over/Under Goals,Over 2.5,1.36,,,WON,
2025-10-29T19:00:00+00:00,Premier League International Cup,Southampton U21,Real Madrid II,Asian Handicap,Home +1.25,1.63,,,WON,
2025-10-29T19:15:00+00:00,Cup,Sloboda Tuzla,Zeljeznicar Sarajevo,Over/Under Goals,Under 3.5,1.44,,,WON,
2025-10-29T19:15:00+00:00,Segunda Liga,Oliveirense,FC Porto B,Over/Under Goals,Under 3.5,1.25,,,WON,
2025-10-29T19:15:00+00:00,Taça da Liga,SC Braga,Santa Clara,Asian Handicap,Away -1.25,1.4,,,LOST,
2025-10-29T19:30:00+00:00,Coppa Italia Serie C,Audace Cerignola,Casarano,Over/Under Goals,Under 3.5,1.22,,,WON,
2025-10-29T19:30:00+00:00,Coppa Italia Serie C,Giugliano,Benevento,Over/Under Goals,Under 3.5,1.28,,,WON,
2025-10-29T19:30:00+00:00,Coppa Italia Serie C,Vicenza Virtus,PRO Vercelli,Over/Under Goals,Under 2.5,2.1,,,WON,
2025-10-29T19:30:00+00:00,Cup,Antwerp,AS Eupen,Over/Under Goals,Under 3.5,1.55,,,LOST,
2025-10-29T19:30:00+00:00,Cup,Genk,RWDM,Over/Under Goals,Under 3.5,1.77,,,WON,
2025-10-29T19:30:00+00:00,Cup,Heist,RAAL La Louvière,Over/Under Goals,Under 3.5,1.62,,,WON,
2025-10-29T19:30:00+00:00,Cup,Raków Częstochowa,Cracovia Krakow,Over/Under Goals,Under 3.5,1.25,,,WON,
2025-10-29T19:30:00+00:00,Cup,Spouwen-Mopertingen,Zulte Waregem,Result + Total Goals,Away/Over 1.5,1.44,,,WON,
2025-10-29T19:30:00+00:00,Cup,Tubize,Union St. Gilloise,Over/Under Goals,Under 3.5,2.0,,,WON,
2025-10-29T19:30:00+00:00,Serie B,Mantova,Catanzaro,Over/Under Goals,Under 3.5,1.36,,,LOST,
2025-10-29T19:30:00+00:00,Serie B,Spezia,Padova,Over/Under Goals,Over 1.5,1.42,,,WON,
2025-10-29T19:30:00+00:00,Serie B,Venezia,Sudtirol,Over/Under Goals,Over 1.5,1.3,,,WON,
2025-10-29T19:30:00+00:00,Super League,FC Basel 1893,FC Zurich,1X2 / Match Winner,Home,1.64,,,WON,
2025-10-29T19:30:00+00:00,Super League,Lausanne,Servette FC,Over/Under Goals,Over 1.5,1.18,,,WON,
2025-10-29T19:30:00+00:00,Tercera División RFEF - Group 6,Alzira,Castellonense,Over/Under Goals,Under 2.5,1.65,,,WON,
2025-10-29T19:45:00+00:00,DBU Pokalen,Aarhus,Sonderjyske,Over/Under Goals,Over 1.5,1.15,,,WON,
2025-10-29T19:45:00+00:00,DFB Pokal,1.FC Köln,Bayern München,Result + Total Goals,Away/Over 1.5,1.4,,,WON,
2025-10-29T19:45:00+00:00,DFB Pokal,Fortuna Düsseldorf,SC Freiburg,Over/Under Goals,Under 3.5,1.44,,,LOST,
2025-10-29T19:45:00+00:00,DFB Pokal,SV Darmstadt 98,FC Schalke 04,Over/Under Goals,Under 3.5,1.62,,,LOST,
2025-10-29T19:45:00+00:00,League Cup,Arsenal,Brighton,1X2 / Match Winner,Home,1.41,,,WON,
2025-10-29T19:45:00+00:00,League Cup,Liverpool,Crystal Palace,Over/Under Goals,Over 1.5,1.17,,,WON,
2025-10-29T19:45:00+00:00,League Cup,Swansea,Manchester City,Over/Under Goals,Under 3.5,1.65,,,LOST,
2025-10-29T19:45:00+00:00,League Cup,Wolves,Chelsea,Over/Under Goals,Under 3.5,1.53,,,LOST,
2025-10-29T19:45:00+00:00,Premiership,Celtic,Falkirk,Over/Under Goals,Under 3.5,1.83,,,LOST,
2025-10-29T19:45:00+00:00,Premiership,Hibernian,Rangers,Asian Handicap,Home +0.5,1.62,,,LOST,
2025-10-29T19:45:00+00:00,Premiership,Kilmarnock,Aberdeen,Double Chance,Home/Draw,1.42,,,LOST,
2025-10-29T19:45:00+00:00,Premiership,Motherwell,Dundee Utd,Over/Under Goals,Over 1.5,1.3,,,WON,
2025-10-29T19:45:00+00:00,Premiership,ST Mirren,Heart Of Midlothian,Over/Under Goals,Under 3.5,1.25,,,LOST,
2025-10-29T19:45:00+00:00,Serie A,Bologna,Torino,Over/Under Goals,Under 3.5,1.22,,,WON,
2025-10-29T19:45:00+00:00,Serie A,Genoa,Cremonese,Over/Under Goals,Under 3.5,1.2,,,WON,
2025-10-29T19:45:00+00:00,Serie A,Inter,Fiorentina,Team Total Goals,Under 2.5,1.45,,,LOST,
2025-10-29T20:00:00+00:00,Copa del Rey,CD Yuncos,Rayo Vallecano,Over/Under Goals,Under 3.5,4.3,,,LOST,
2025-10-29T20:00:00+00:00,Copa del Rey,Ciudad de Lucena,Villarreal,Team Total Goals,Over 0.5,2.4,,,LOST,
2025-10-29T20:00:00+00:00,Copa del Rey,Real Jaén,Eldense,Asian Handicap,Home +0.25,1.95,,,LOST,
2025-10-29T20:00:00+00:00,Copa do Brasil U20,Novorizontino U20,Operário PR U20,Over/Under Goals,Under 3.5,1.38,,,WON,
2025-10-29T20:00:00+00:00,Eliteserien,Rosenborg,Sandefjord,BTTS,Yes,1.42,,,WON,
2025-10-29T20:00:00+00:00,League Cup,Newcastle,Tottenham,Team Total Goals,Over 0.5,1.15,,,WON,
2025-10-29T20:00:00+00:00,Premier Division,Shamrock Rovers,Galway United,Over/Under Goals,Under 3.5,1.28,,,WON,
2025-10-29T20:00:00+00:00,Premier League,Marsaxlokk,Zabbar St. Patrick,Over/Under Goals,Under 3.5,1.21,,,WON,
2025-10-29T20:00:00+00:00,Premier League,Mosta,Naxxar Lions,Over/Under Goals,Under 3.5,1.28,,,WON,
2025-10-29T20:05:00+00:00,Ligue 1,Marseille,Angers,Over/Under Goals,Over 1.5,1.2,,,WON,
2025-10-29T20:05:00+00:00,Ligue 1,Nantes,Monaco,Over/Under Goals,Under 3.5,1.5,,,LOST,
2025-10-29T20:05:00+00:00,Ligue 1,Paris FC,Lyon,Over/Under Goals,Over 1.5,1.22,,,WON,
2025-10-29T20:05:00+00:00,Ligue 1,Strasbourg,Auxerre,Over/Under Goals,Over 1.5,1.28,,,WON,
2025-10-29T20:05:00+00:00,Ligue 1,Toulouse,Rennes,Over/Under Goals,Over 1.5,1.28,,,WON,
2025-10-29T20:30:00+00:00,Copa do Brasil U20,Atlético Mineiro U20,Flamengo U20,Double Chance,Draw/Away,1.5,,,LOST,
2025-10-29T20:45:00+00:00,Taça da Liga,Benfica,Tondela,Over/Under Goals,Under 3.5,1.62,,,WON,
2025-10-29T21:00:00+00:00,Primera A,La Equidad,Fortaleza FC,Over/Under Goals,Under 2.5,1.53,,,WON,
2025-10-29T21:15:00+00:00,Primera Division,Águila,Fuerte San Francisco,1X2 / Match Winner,Home,1.36,,,LOST,
2025-10-29T22:00:00+00:00,Reserve League,Central Córdoba SdE Res.,Banfield Res.,Double Chance,Draw/Away,1.4,,,LOST,
2025-10-29T22:00:00+00:00,Serie A,Fluminense,Ceara,Asian Handicap,Away -1.25,1.48,,,WON,
2025-10-29T23:10:00+00:00,Primera A,Independiente Medellin,Bucaramanga,Over/Under Goals,Over 1.5,1.3,,,WON,
2025-10-29T23:10:00+00:00,Primera A,Junior,Santa Fe,Double Chance,Home/Draw,1.2,,,LOST,
2025-10-29T23:30:00+00:00,Copa Uruguay,Penarol,Plaza Colonia,Over/Under Goals,Under 3.5,1.3,,,WON,
2025-10-30T00:30:00+00:00,CONMEBOL Libertadores,Racing Club,Flamengo,Over/Under Goals,Under 2.5,1.65,,,WON,
2025-10-30T01:20:00+00:00,Primera A,Millonarios,Once Caldas,Over/Under Goals,Under 3.5,1.25,,,WON,
2025-10-30T02:30:00+00:00,Major League Soccer,Los Angeles FC,Austin,Over/Under Goals,Over 1.5,1.2,,,WON,
2025-10-30T10:00:00+00:00,Cup,Karaköprü Belediyespor,Rizespor,Over/Under Goals,Under 3.5,2.25,,,WON,
2025-10-30T10:30:00+00:00,Cup,1926 Bulancak,76 Iğdır Belediyespor,Over/Under Goals,Under 3.5,1.53,,,LOST,
2025-10-30T11:00:00+00:00,Central Youth League,Odra Opole U19,Górnik Zabrze U19,Double Chance,Draw/Away,1.2,,,WON,
2025-10-30T11:00:00+00:00,Liga Revelação U23,Sporting CP U23,Estrela U23,Over/Under Goals,Under 2.5,2.14,,,WON,
2025-10-30T11:30:00+00:00,Cup,Chernomorets 1919 Burgas,Ludogorets,Over/Under Goals,Under 3.5,1.47,,,LOST,
2025-10-30T11:45:00+00:00,Cup,Zonguldak Kömürspor,BB Bodrumspor,Over/Under Goals,Under 3.5,1.55,,,LOST,
2025-10-30T12:00:00+00:00,Premier League,Adama Kenema,Hadiya Hosaena,Asian Handicap,Home +0.25,1.47,,,WON,
2025-10-30T12:30:00+00:00,First League,Shkupi 1927,Struga,Over/Under Goals,Under 3.5,1.57,,,WON,
2025-10-30T12:30:00+00:00,Second League,Aswan Sc,Abu Qair Semad,Over/Under Goals,Under 2.5,1.28,,,LOST,
2025-10-30T12:30:00+00:00,Second League,Dayrout,Asyut Petrol,BTTS,No,1.51,,,WON,
2025-10-30T12:30:00+00:00,Second League,El Dakhleya,El Seka El Hadid,Over/Under Goals,Under 2.5,1.33,,,LOST,
2025-10-30T12:30:00+00:00,Second League,La Viena FC,Raya Ghazl,Over/Under Goals,Under 2.5,1.25,,,WON,
2025-10-30T12:30:00+00:00,Second League,Maleyet Kafr El Zayiat,El Entag EL Harby,Over/Under Goals,Under 3.5,1.17,,,WON,
2025-10-30T12:30:00+00:00,Second League,Olympic El Qanah,Masar,Over/Under Goals,Under 2.5,1.44,,,WON,
2025-10-30T13:00:00+00:00,2. SNL,Slovan Ljubljana,Dekani,Over/Under Goals,Under 3.5,1.35,,,WON,
2025-10-30T13:00:00+00:00,Cup,Dravinja,Mura,Over/Under Goals,Under 3.5,2.38,,,WON,
2025-10-30T13:00:00+00:00,Premier League,Dire Dawa Kenema,Mekelle Kenema,Double Chance,Draw/Away,1.44,,,LOST,
2025-10-30T13:00:00+00:00,Pro League,Al Wahda FC,Al Nasr,1X2 / Match Winner,Home,1.62,,,WON,
2025-10-30T13:00:00+00:00,Super League,NAPSA Stars,ZESCO United,Double Chance,Draw/Away,1.2,,,LOST,
2025-10-30T13:30:00+00:00,Ligue 1,ES Tunis,CA Bizertin,Over/Under Goals,Under 3.5,1.36,,,WON,
2025-10-30T13:30:00+00:00,Super League,Dinamo Samarqand,Xorazm,Over/Under Goals,Under 3.5,1.33,,,LOST,
2025-10-30T13:30:00+00:00,Super League,Navbahor,Nasaf,1X2 / Match Winner,Draw,3.42,,,WON,
2025-10-30T14:00:00+00:00,Cup,Miedz Legnica,Jagiellonia,Over/Under Goals,Under 3.5,1.67,,,LOST,
2025-10-30T14:00:00+00:00,League,Shabab Al Ordon,Al Salt,Over/Under Goals,Under 3.5,1.18,,,WON,
2025-10-30T14:00:00+00:00,Ligue 1,Khenchela,MC Alger,Double Chance,Draw/Away,1.39,,,WON,
2025-10-30T14:30:00+00:00,Cup,Yantra 2019,CSKA 1948,Team Total Goals,Under 2.5,1.41,,,LOST,
2025-10-30T14:30:00+00:00,Stars League,Al-Gharafa,Al-Duhail SC,Team Total Goals,Under 2.5,1.4,,,WON,
2025-10-30T15:00:00+00:00,CAF Champions League,Pyramids FC,Ethiopian Medhin,Over/Under Goals,Under 3.5,1.53,,,WON,
2025-10-30T15:00:00+00:00,Cup,Gazişehir Gaziantep,Karabük İdman Yurdu,Over/Under Goals,Under 3.5,2.75,,,WON,
2025-10-30T15:00:00+00:00,Cup,Metalist 1925 Kharkiv,Ahrobiznes Volochysk,Over/Under Goals,Under 3.5,1.57,,,LOST,
2025-10-30T15:00:00+00:00,Cupa României,Uta Arad,Petrolul Ploiesti,Double Chance,Draw/Away,1.6,,,WON,
2025-10-30T15:15:00+00:00,Pro League,Damac,Al-Fateh,Over/Under Goals,Over 1.5,1.2,,,WON,
2025-10-30T15:45:00+00:00,Pro League,Ajman,Al Ain,Over/Under Goals,Under 3.5,1.62,,,WON,
2025-10-30T15:45:00+00:00,Pro League,Shabab Al Ahli Dubai,Sharjah FC,Over/Under Goals,Under 3.5,1.33,,,WON,
2025-10-30T16:00:00+00:00,Cup,Kalju Nomme,Viimsi,Over/Under Goals,Under 3.5,1.54,,,WON,
2025-10-30T16:00:00+00:00,Cup,Laagri,Nõmme United,Team Total Goals,Under 2.5,1.53,,,WON,
2025-10-30T16:00:00+00:00,First League,Pelister,Tikveš,Over/Under Goals,Under 3.5,1.17,,,WON,
2025-10-30T16:00:00+00:00,III Liga - Group 1,Wigry Suwałki,Wasilków,1X2 / Match Winner,Home,1.4,,,WON,
2025-10-30T16:00:00+00:00,Premier League,Bahrain SC,A'Ali,Double Chance,Draw/Away,1.4,,,LOST,
2025-10-30T16:00:00+00:00,Premier League,Malkiya,Al Ahli,Over/Under Goals,Over 1.5,1.22,,,WON,
2025-10-30T16:00:00+00:00,Veikkausliiga,Inter Turku,SJK,Over/Under Goals,Over 2.5,1.4,,,WON,
2025-10-30T16:00:00+00:00,Veikkausliiga,KuPS,Gnistan,1X2 / Match Winner,Home,1.47,,,LOST,
2025-10-30T16:30:00+00:00,Cup,Fakel,Arsenal Tula,Double Chance,Home/Draw,1.17,,,LOST,
2025-10-30T16:30:00+00:00,League,Al Ahli,Al Hussein,Over/Under Goals,Under 3.5,1.35,,,WON,
2025-10-30T16:30:00+00:00,Stars League,Al Sadd,Al-Rayyan SC,Over/Under Goals,Over 2.5,1.42,,,WON,
2025-10-30T16:45:00+00:00,DBU Pokalen,FC Midtjylland,Silkeborg,BTTS,Yes,1.57,,,LOST,
2025-10-30T17:00:00+00:00,Cup,Arka Gdynia,Gornik Zabrze,Over/Under Goals,Under 3.5,1.3,,,WON,
2025-10-30T17:00:00+00:00,Cup,FK Vozdovac,Jedinstvo Ub,Over/Under Goals,Under 2.5,1.7,,,LOST,
2025-10-30T17:00:00+00:00,Cup,Trans Narva,FC Tallinn,Over/Under Goals,Under 3.5,1.68,,,LOST,
2025-10-30T17:00:00+00:00,Cupa României,FC Botosani,Farul Constanta,Asian Handicap,Home +0.25,1.43,,,WON,
2025-10-30T17:00:00+00:00,Liga Alef,Hapoel Migdal HaEmek,Tzeirey Tamra,Over/Under Goals,Under 2.5,2.0,,,WON,
2025-10-30T17:00:00+00:00,Liga Alef,Tira,Hapoel Beit Shean,1X2 / Match Winner,Home,1.62,,,WON,
2025-10-30T17:00:00+00:00,Magyar Kupa,Zalaegerszegi TE,Budafoki LC,Over/Under Goals,Under 3.5,1.62,,,LOST,
2025-10-30T17:00:00+00:00,Premier League,National Bank of Egypt,Zamalek SC,Over/Under Goals,Under 3.5,1.16,,,WON,
2025-10-30T17:00:00+00:00,Super Liga,Vojvodina,FK Crvena Zvezda,1X2 / Match Winner,Away,1.49,,,LOST,
2025-10-30T17:00:00+00:00,Veikkausliiga,Ilves,HJK helsinki,Over/Under Goals,Over 2.5,1.38,,,WON,
2025-10-30T17:30:00+00:00,Cup,Elva,Tallinna Kalev,Asian Handicap,Home +1.25,1.47,,,WON,
2025-10-30T17:30:00+00:00,Pro League,Al Kholood,NEOM,Over/Under Goals,Over 1.5,1.28,,,WON,
2025-10-30T17:30:00+00:00,Pro League,Al-Ahli Jeddah,Al Riyadh,Result + Total Goals,Home/Over 1.5,1.5,,,LOST,
2025-10-30T17:30:00+00:00,Serie A,Cagliari,Sassuolo,Over/Under Goals,Under 3.5,1.25,,,WON,
2025-10-30T17:45:00+00:00,KNVB Beker,Rijnsburgse Boys,NEC Nijmegen,Over/Under Goals,Over 1.5,1.16,,,WON,
2025-10-30T18:00:00+00:00,Copa del Rey,Orihuela,Levante,Result + Total Goals,Away/Over 1.5,1.2,,,WON,
2025-10-30T18:00:00+00:00,Copa del Rey,Puerto de Vega,Celta Vigo,Over/Under Goals,Under 3.5,4.33,,,WON,
2025-10-30T18:00:00+00:00,Reserve League,Barracas Central Res.,Huracán Res.,Over/Under Goals,Under 3.5,1.22,,,LOST,
2025-10-30T18:00:00+00:00,Reserve League,Boca Juniors Res.,Tigre Res.,Over/Under Goals,Under 3.5,1.22,,,WON,
2025-10-30T18:00:00+00:00,Reserve League,Defensa y Justicia Res.,Independiente Riva. Res.,Double Chance,Draw/Away,1.58,,,WON,
2025-10-30T18:00:00+00:00,Reserve League,Estudiantes La Plata Res,Argentinos Juniors Res.,Over/Under Goals,Under 2.5,1.62,,,LOST,
2025-10-30T18:00:00+00:00,Reserve League,Newell's Old Boys Res.,Racing Club Res.,Over/Under Goals,Under 3.5,1.33,,,WON,
2025-10-30T18:00:00+00:00,Segunda Liga,Benfica B,Pacos Ferreira,Team Total Goals,Over 0.5,1.5,,,WON,
2025-10-30T18:00:00+00:00,Segunda Liga,Portimonense,Torreense,Team Total Goals,Over 0.5,1.25,,,WON,
2025-10-30T19:00:00+00:00,Botola Pro,FUS Rabat,Olympique Safi,Double Chance,Draw/Away,1.54,,,LOST,
2025-10-30T19:00:00+00:00,Copa del Rey,Atlético Baleares,Gimnastic,Over/Under Goals,Under 3.5,1.25,,,WON,
2025-10-30T19:00:00+00:00,Copa del Rey,Deportivo Getxo,Alaves,Over/Under Goals,Under 3.5,3.55,,,LOST,
2025-10-30T19:00:00+00:00,Copa del Rey,UD Logroñés,Ponferradina,Over/Under Goals,Under 3.5,1.2,,,LOST,
2025-10-30T19:00:00+00:00,Cupa României,Dumbrăviţa,Rapid,1X2 / Match Winner,Away,1.15,,,WON,
2025-10-30T19:00:00+00:00,KNVB Beker,De Treffers,MVV,Over/Under Goals,Over 1.5,1.15,,,WON,
2025-10-30T19:00:00+00:00,KNVB Beker,Eemdijk,AFC Amsterdam,Team Total Goals,Under 2.5,1.57,,,WON,
2025-10-30T19:00:00+00:00,KNVB Beker,Spakenburg,Dovo,Team Total Goals,Under 2.5,1.93,,,LOST,
2025-10-30T19:00:00+00:00,KNVB Beker,Sparta Rotterdam,Groningen,Over/Under Goals,Over 1.5,1.22,,,WON,
2025-10-30T19:00:00+00:00,KNVB Beker,Willem II,Dordrecht,Over/Under Goals,Over 1.5,1.25,,,WON,
2025-10-30T19:30:00+00:00,Cup,Beerschot Wilrijk,KVC Westerlo,Over/Under Goals,Under 3.5,1.55,,,LOST,
2025-10-30T19:30:00+00:00,Cup,Cercle Brugge,Kortrijk,Double Chance,Home/Draw,1.15,,,WON,
2025-10-30T19:30:00+00:00,Cup,Gent,Patro Eisden,Team Total Goals,Over 1.5,1.25,,,WON,
2025-10-30T19:30:00+00:00,Cup,Knokke,St. Truiden,Over/Under Goals,Over 1.5,1.17,,,LOST,
2025-10-30T19:30:00+00:00,Cup,Seraing United,OH Leuven,Over/Under Goals,Under 3.5,1.4,,,LOST,
2025-10-30T19:30:00+00:00,Super League,FC Lugano,FC Luzern,Over/Under Goals,Over 1.5,1.22,,,WON,
2025-10-30T19:30:00+00:00,Super League,Grasshoppers,BSC Young Boys,Over/Under Goals,Under 3.5,1.57,,,LOST,
2025-10-30T19:45:00+00:00,Serie A,Pisa,Lazio,Over/Under Goals,Under 3.5,1.22,,,WON,
2025-10-30T20:00:00+00:00,Copa del Rey,Antoniano,Castellón,Over/Under Goals,Under 2.5,1.8,,,WON,
2025-10-30T20:00:00+00:00,Copa del Rey,Estepona,Malaga,Over/Under Goals,Under 3.5,1.28,,,LOST,
2025-10-30T20:00:00+00:00,KNVB Beker,ROHDA Raalte,Twente,Over/Under Goals,Over 2.5,1.36,,,WON,
2025-10-30T20:00:00+00:00,Liga de Ascenso,Aserri FC,Santa Ana,Double Chance,Draw/Away,1.44,,,WON,
2025-10-30T20:15:00+00:00,Segunda Liga,Leixoes,Academico Viseu,Over/Under Goals,Under 3.5,1.22,,,LOST,
2025-10-30T20:15:00+00:00,Segunda Liga,Maritimo,União de Leiria,Double Chance,Draw/Away,1.6,,,WON,
2025-10-30T20:30:00+00:00,Copa do Brasil U20,Grêmio U20,São Paulo U20,Double Chance,Draw/Away,1.44,,,WON,
2025-10-30T21:00:00+00:00,Primera A,Union Magdalena,Deportes Tolima,Over/Under Goals,Over 1.5,1.42,,,WON,
2025-10-30T22:00:00+00:00,CONCACAF Caribbean Club Championship,Universidad O&M,Cibao,Double Chance,Home/Draw,1.6,,,WON,
2025-10-30T22:00:00+00:00,CONMEBOL Sudamericana,Lanus,Universidad de Chile,Team Total Goals,Over 0.5,1.57,,,LOST,
2025-10-30T22:00:00+00:00,Copa do Brasil U20,Monte Roraima U20,IAPE U20,1X2 / Match Winner,Away,1.62,,,WON,
2025-10-31T00:30:00+00:00,CONMEBOL Libertadores,Palmeiras,LDU de Quito,Over/Under Goals,Over 1.5,1.2,,,WON,
2025-10-31T01:00:00+00:00,USL Super League,Spokane Zephyr W,Carolina Ascent W,Double Chance,Draw/Away,1.44,,,WON,
2025-10-31T01:20:00+00:00,Primera A,Llaneros,Atletico Nacional,Over/Under Goals,Under 3.5,1.25,,,WON,
2025-10-31T02:00:00+00:00,Liga de Ascenso,Futbol Consultants Moravia,AD Carmelita,Over/Under Goals,Over 1.5,1.23,,,LOST,
2025-10-31T08:00:00+00:00,Youth Championship,Spartak Moskva U19,Akademiya Konoplev U20,1X2 / Match Winner,Home,1.34,,,LOST,
2025-10-31T08:00:00+00:00,Youth Championship,Ural U20,CSKA Moskva U19,Over/Under Goals,Under 3.5,1.96,,,WON,
2025-10-31T08:30:00+00:00,Liga 1,PSIM Yogyakarta,Persik Kediri,Over/Under Goals,Under 3.5,1.18,,,WON,
2025-10-31T08:30:00+00:00,Liga 2,Persela Lamongan,PSIS Semarang,1X2 / Match Winner,Home,1.22,,,LOST,
2025-10-31T08:35:00+00:00,A-League,Brisbane Roar,Melbourne City,Over/Under Goals,Under 3.5,1.35,,,WON,
2025-10-31T08:35:00+00:00,Australian Championship,Marconi Stallions,Heidelberg United,Over/Under Goals,Under 3.5,1.4,,,WON,
2025-10-31T09:00:00+00:00,AFC Challenge League,Altyn Asyr,Al-Shabab,Over/Under Goals,Under 3.5,1.4,,,LOST,
2025-10-31T10:00:00+00:00,AFC Challenge League,Regar-TadAZ,Safa,Double Chance,Draw/Away,1.53,,,WON,
2025-10-31T10:00:00+00:00,Liga Alef,Nordia Jerusalem,Hapoel Azor,Double Chance,Draw/Away,1.62,,,WON,
2025-10-31T10:00:00+00:00,Super League,SHANGHAI SIPG,Hangzhou Greentown,BTTS,Yes,1.35,,,LOST,
2025-10-31T10:00:00+00:00,Youth Championship,Akhmat Grozny U20,Dinamo Moskva U19,Over/Under Goals,Under 3.5,1.73,,,LOST,
2025-10-31T10:30:00+00:00,Liga Alef,Hapoel Herzliya,Beitar Yavne,1X2 / Match Winner,Home,1.52,,,WON,
2025-10-31T10:30:00+00:00,Liga Alef,Maccabi Yavne,Kfar Saba 1928,Double Chance,Draw/Away,1.3,,,LOST,
2025-10-31T10:35:00+00:00,Liga Alef,Maccabi Kiryat Malachi,Holon Yermiyahu,Double Chance,Draw/Away,1.65,,,LOST,
2025-10-31T10:40:00+00:00,Liga Alef,Ironi Baka El Garbiya,Ironi Nesher,Double Chance,Draw/Away,1.67,,,LOST,
2025-10-31T10:45:00+00:00,A-League,Perth Glory,Melbourne Victory,Over/Under Goals,Under 3.5,1.62,,,WON,
2025-10-31T11:00:00+00:00,III Liga - Group 3,Górnik Zabrze II,Goczałkowice Zdrój,Over/Under Goals,Under 3.5,1.5,,,WON,
2025-10-31T11:00:00+00:00,III Liga - Group 3,Zagłębie Lubin II,Warta Gorzów,1X2 / Match Winner,Draw,3.95,,,LOST,
2025-10-31T11:00:00+00:00,III Liga - Group 4,Wisła Kraków II,Siarka Tarnobrzeg,Asian Handicap,Home +1.25,1.44,,,WON,
2025-10-31T11:00:00+00:00,Liga Alef,Shimshon Tel Aviv,Hapoel Ramat HaSharon,Double Chance,Home/Draw,2.27,,,WON,
2025-10-31T11:30:00+00:00,Liga Alef,Araba,Hapoel Ironi Karmiel,Double Chance,Draw/Away,1.44,,,WON,
2025-10-31T11:35:00+00:00,Super League,Chengdu Better City,Henan Jianye,Team Total Goals,Over 0.5,1.48,,,WON,
2025-10-31T12:00:00+00:00,AFC Challenge League,Paro,Abdish-Ata,Over/Under Goals,Under 3.5,1.53,,,LOST,
2025-10-31T12:00:00+00:00,II Liga - East,Sokół Kleczew,Podbeskidzie,Over/Under Goals,Over 1.5,1.18,,,WON,
2025-10-31T12:00:00+00:00,III Liga - Group 1,Swit,Lechia T. Mazowiecki,Over/Under Goals,Under 3.5,1.57,,,WON,
2025-10-31T12:00:00+00:00,III Liga - Group 1,Ząbkovia Ząbki,Znicz Biała Piska,Result + Total Goals,Home/Over 1.5,1.18,,,WON,
2025-10-31T12:00:00+00:00,III Liga - Group 2,Luzino,Lipno Stęszew,Team Total Goals,Over 0.5,1.54,,,WON,
2025-10-31T12:00:00+00:00,III Liga - Group 2,Tłuchowia,Wda Świecie,Over/Under Goals,Under 3.5,1.53,,,WON,
2025-10-31T12:00:00+00:00,III Liga - Group 2,Unia Swarzędz,Elana Toruń,Over/Under Goals,Under 3.5,1.43,,,WON,
2025-10-31T12:00:00+00:00,III Liga - Group 4,Stal Kraśnik,Podlasie Biała Podlaska,Over/Under Goals,Under 3.5,1.44,,,WON,
2025-10-31T12:00:00+00:00,Liga 1,Persija,PSBS Biak Numfor,Over/Under Goals,Under 3.5,1.53,,,LOST,
2025-10-31T12:00:00+00:00,Liga Alef,Maccabi Nujeidat Ahmed,Maccabi Ahi Nazareth,Team Total Goals,Under 2.5,1.51,,,WON,
2025-10-31T12:00:00+00:00,Prva Liga,Stepojevac Vaga,Kabel Novi Sad,Over/Under Goals,Under 3.5,1.16,,,WON,
2025-10-31T12:00:00+00:00,Super League,Shanghai Shenhua,Sichuan Jiuniu,1X2 / Match Winner,Home,1.15,,,WON,
2025-10-31T12:00:00+00:00,Youth Championship,Krasnodar U19,Fakel U19,Over/Under Goals,Under 3.5,1.96,,,LOST,
2025-10-31T12:00:00+00:00,Youth Championship,Nizhny Novgorod U19,Lokomotiv Moskva U19,Over/Under Goals,Under 2.5,2.74,,,WON,
2025-10-31T12:30:00+00:00,III Liga - Group 1,Troszyn,Jagiellonia II,Double Chance,Home/Draw,1.2,,,WON,
2025-10-31T12:30:00+00:00,III Liga - Group 3,SKRA Częstochowa,Sparta Katowice,Team Total Goals,Under 2.5,1.15,,,WON,
2025-10-31T12:30:00+00:00,Second League,Proxy,Tanta SC,Over/Under Goals,Under 2.5,1.47,,,LOST,
2025-10-31T12:45:00+00:00,II Liga - East,Rekord Bielsko-Biała,Jastrzębie,1X2 / Match Winner,Home,1.41,,,LOST,
2025-10-31T13:00:00+00:00,AFC Challenge League,Al Seeb,Al Ansar,Over/Under Goals,Over 1.5,1.15,,,WON,
2025-10-31T13:00:00+00:00,First NL,Dugopolje,Jarun,Over/Under Goals,Under 3.5,1.16,,,LOST,
2025-10-31T13:00:00+00:00,First NL,Opatija,Croatia Zmijavci,Over/Under Goals,Under 3.5,1.16,,,WON,
2025-10-31T13:00:00+00:00,II Liga - East,Śląsk Wrocław II,Świt Skolwin,Double Chance,Draw/Away,1.68,,,WON,
2025-10-31T13:00:00+00:00,III Liga - Group 3,Pawłowice Śląskie,Miedź Legnica II,1X2 / Match Winner,Draw,3.6,,,LOST,
2025-10-31T13:00:00+00:00,III Liga - Group 3,Słowianin,Ślęza Wrocław,Over/Under Goals,Over 1.5,1.15,,,WON,
2025-10-31T13:00:00+00:00,III Liga - Group 4,Sokół Kolb.,KSZO 1929,Team Total Goals,Under 2.5,1.4,,,LOST,
2025-10-31T13:00:00+00:00,III Liga - Group 4,Sparta KW,Pogoń-Sokół Lubaczów,Over/Under Goals,Under 3.5,1.46,,,WON,
2025-10-31T13:00:00+00:00,III Liga - Group 4,Świdniczanka Świdnik,Naprzód,Double Chance,Home/Draw,1.44,,,LOST,
2025-10-31T13:00:00+00:00,Liga Leumit,Hapoel Ramat Gan,Hapoel Kfar Shalem,Over/Under Goals,Over 1.5,1.28,,,WON,
2025-10-31T13:00:00+00:00,Liga Leumit,Kafr Qasim,Hapoel Rishon LeZion,Over/Under Goals,Under 3.5,1.25,,,WON,
2025-10-31T13:00:00+00:00,Liga Leumit,Maccabi Kabilio Jaffa,Hapoel Nazareth Illit,Double Chance,Draw/Away,1.7,,,LOST,
2025-10-31T13:00:00+00:00,Premyer Liqa,Mil-Muğan,Qarabag,Over/Under Goals,Under 3.5,1.48,,,WON,
2025-10-31T13:00:00+00:00,Pro League,Baniyas SC,Dibba Al-Fujairah,Over/Under Goals,Under 3.5,1.42,,,LOST,
2025-10-31T13:00:00+00:00,Regionalliga - Nord,SV Drochtersen/Assel,SSV Jeddeloh,Over/Under Goals,Over 2.5,1.45,,,WON,
2025-10-31T13:00:00+00:00,Regionalliga - Nordost,FC Carl Zeiss Jena,Magdeburg II,Over/Under Goals,Under 3.5,1.42,,,WON,
2025-10-31T13:25:00+00:00,Premier League,Al Najma,Al Shabab,Asian Handicap,Home +0.25,1.47,,,WON,
2025-10-31T13:30:00+00:00,III Liga - Group 2,Wybrzeże Rewalskie Rewal,Polonia Środa,Over/Under Goals,Under 3.5,1.65,,,WON,
2025-10-31T13:30:00+00:00,Professional Development League,Charlton Athletic U21,Queens Park Rangers U21,1X2 / Match Winner,Home,1.52,,,LOST,
2025-10-31T13:30:00+00:00,Super League,Shortan,Olmaliq,Double Chance,Draw/Away,1.15,,,LOST,
2025-10-31T13:40:00+00:00,Pro League,Al Okhdood,Al Najma,Double Chance,Draw/Away,1.67,,,LOST,
2025-10-31T14:00:00+00:00,2. SNL,Krka,Krško,Over/Under Goals,Over 1.5,1.16,,,WON,
2025-10-31T14:00:00+00:00,League,Sama Al Sarhan,Al Buqa'a,Over/Under Goals,Under 3.5,1.28,,,WON,
2025-10-31T14:00:00+00:00,Ligue 2,ASM Oran,JS Tixeraine,Asian Handicap,Away -1.25,1.67,,,WON,
2025-10-31T14:00:00+00:00,Ligue 2,CRB Adrar,Béchar Djedid,Over/Under Goals,Under 3.5,1.22,,,WON,
2025-10-31T14:00:00+00:00,Ligue 2,GC Mascara,Tiaret,Over/Under Goals,Under 2.5,1.44,,,WON,
2025-10-31T14:00:00+00:00,Ligue 2,HB Chelghoum Laïd,USM Annaba,Over/Under Goals,Under 2.5,1.57,,,WON,
2025-10-31T14:00:00+00:00,Ligue 2,IB Khémis El Khechna,Nrb Beni Oulbene,Double Chance,Home/Draw,1.44,,,WON,
2025-10-31T14:00:00+00:00,Ligue 2,JS Jijel,CA Batna,Over/Under Goals,Under 3.5,1.16,,,WON,
2025-10-31T14:00:00+00:00,Ligue 2,MO Bejaia,NC Magra,Asian Handicap,Away -1.25,1.58,,,WON,
2025-10-31T14:00:00+00:00,Ligue 2,MSP Batna,US Chaouia,Over/Under Goals,Under 3.5,1.17,,,WON,
2025-10-31T14:00:00+00:00,Ligue 2,US Biskra,JS Bordj Ménaïel,Over/Under Goals,Under 3.5,1.16,,,WON,
2025-10-31T14:00:00+00:00,Ligue 2,Usm El Harrach,WA Tlemcen,Over/Under Goals,Under 2.5,1.57,,,WON,
2025-10-31T14:00:00+00:00,Professional Development League,Sheffield Wednesday U21,Hull City U21,Over/Under Goals,Over 2.5,1.4,,,LOST,
2025-10-31T14:00:00+00:00,Youth Championship,Baltika U19,Rostov U19,Over/Under Goals,Under 2.5,2.74,,,WON,
2025-10-31T14:00:00+00:00,Youth Championship,Sochi U20,Rubin Kazan U20,Over/Under Goals,Under 2.5,2.03,,,LOST,
2025-10-31T14:30:00+00:00,2. SNL,Rudar,Jesenice,1X2 / Match Winner,Home,1.61,,,LOST,
2025-10-31T14:30:00+00:00,Persian Gulf Pro League,Shams Azar Qazvin,Sepahan FC,BTTS,No,1.59,,,WON,
2025-10-31T14:30:00+00:00,Premier League,Al Qadsia,Al Tadhamon,Over/Under Goals,Under 3.5,1.5,,,WON,
2025-10-31T14:30:00+00:00,Stars League,Al-Arabi SC,Al Shahaniya,Over/Under Goals,Over 1.5,1.17,,,WON,
2025-10-31T14:50:00+00:00,Pro League,Al-Hilal Saudi FC,Al Shabab,1X2 / Match Winner,Home,1.33,,,WON,
2025-10-31T15:00:00+00:00,1 Lyga,Minija,TransINVEST Vilnius,Over/Under Goals,Under 3.5,1.48,,,LOST,
2025-10-31T15:00:00+00:00,Iraqi League,Al Minaa Basra,Al-Qasim,Over/Under Goals,Under 2.5,1.62,,,WON,
2025-10-31T15:30:00+00:00,Liga II,Politehnica Iasi,Bihor Oradea,Over/Under Goals,Under 3.5,1.2,,,WON,
2025-10-31T15:30:00+00:00,Premier League,Dinamo Brest,Molodechno-DYuSSh 4,Over/Under Goals,Under 3.5,1.79,,,WON,
2025-10-31T15:30:00+00:00,Second League,Fratria,Vihren,Over/Under Goals,Under 3.5,1.27,,,WON,
2025-10-31T15:45:00+00:00,Pro League,Khorfakkan,Al-Wasl FC,Over/Under Goals,Over 1.5,1.15,,,WON,
2025-10-31T16:00:00+00:00,1 Lyga,Be1 NFA,FA Šiauliai II,Over/Under Goals,Under 3.5,1.65,,,WON,
2025-10-31T16:00:00+00:00,1 Lyga,Hegelmann II,Neptūną Klaipėda,1X2 / Match Winner,Away,1.48,,,WON,
2025-10-31T16:00:00+00:00,1 Lyga,Žalgiris II,Jonava,Over/Under Goals,Under 3.5,1.4,,,WON,
2025-10-31T16:00:00+00:00,2. liga,Dukla Banská Bystrica,Inter Bratislava,Over/Under Goals,Under 3.5,1.46,,,WON,
2025-10-31T16:00:00+00:00,First NL,Karlovac 1919,Dubrava Zagreb,Over/Under Goals,Under 3.5,1.18,,,WON,
2025-10-31T16:00:00+00:00,Premier League,Al-Hidd,Budaiya,Over/Under Goals,Under 3.5,1.28,,,WON,
2025-10-31T16:00:00+00:00,Premier League,CSKA Moscow,Nizhny Novgorod,Over/Under Goals,Over 1.5,1.19,,,WON,
2025-10-31T16:00:00+00:00,Premier League,Kudrivka,Obolon'-Brovar,Over/Under Goals,Under 3.5,1.2,,,WON,
2025-10-31T16:30:00+00:00,League,Al Jazeera,Al Faisaly,Double Chance,Draw/Away,1.16,,,WON,
2025-10-31T16:30:00+00:00,Stars League,Al Wakrah,Qatar SC,Team Total Goals,Over 0.5,1.15,,,WON,
2025-10-31T16:45:00+00:00,II Liga - East,Stal Stalowa Wola,Resovia Rzeszów,Double Chance,Home/Draw,1.41,,,WON,
2025-10-31T17:00:00+00:00,1. Division,Aris,Akritas,Over/Under Goals,Under 3.5,1.73,,,LOST,
2025-10-31T17:00:00+00:00,2. liga,Zlaté Moravce,Baník Lehota p.Vtáčnikom,Team Total Goals,Over 0.5,1.9,,,WON,
2025-10-31T17:00:00+00:00,Ekstraklasa,Nieciecza,GKS Katowice,Over/Under Goals,Over 1.5,1.2,,,WON,
2025-10-31T17:00:00+00:00,Elitettan,Häcken II,Elfsborg,Double Chance,Home/Draw,1.62,,,LOST,
2025-10-31T17:00:00+00:00,Erste Liga,Stripfing,Rapid Wien II,Over/Under Goals,Under 3.5,1.48,,,LOST,
2025-10-31T17:00:00+00:00,FNL,Prostějov,Příbram,Double Chance,Draw/Away,1.67,,,WON,
2025-10-31T17:00:00+00:00,FNL,Vysočina Jihlava,Sparta Praha II,Over/Under Goals,Under 3.5,1.42,,,LOST,
2025-10-31T17:00:00+00:00,I Liga,Górnik Łęczna,Polonia Warszawa,Over/Under Goals,Over 1.5,1.22,,,WON,
2025-10-31T17:00:00+00:00,III Liga - Group 4,Chełmianka Chełm,Cracovia Kraków II,Over/Under Goals,Under 3.5,1.66,,,WON,
2025-10-31T17:00:00+00:00,III Liga - Group 4,Star Starachowice,Czarni Połaniec,Over/Under Goals,Under 3.5,1.58,,,LOST,
2025-10-31T17:00:00+00:00,Premijer Liga,Radnik Bijeljina,Rudar Prijedor,Over/Under Goals,Under 3.5,1.28,,,WON,
2025-10-31T17:00:00+00:00,Super Lig,Istanbul Basaksehir,Kocaelispor,Over/Under Goals,Under 3.5,1.33,,,WON,
2025-10-31T17:00:00+00:00,TFF 1. Lig,Hatayspor,Erzurum BB,Over/Under Goals,Over 1.5,1.21,,,WON,
2025-10-31T17:30:00+00:00,Bundesliga 2,Preußen Münster,Holstein Kiel,Over/Under Goals,Over 1.5,1.25,,,WON,
2025-10-31T17:30:00+00:00,Bundesliga 2,SV Elversberg,Hannover 96,Over/Under Goals,Over 1.5,1.2,,,WON,
2025-10-31T17:30:00+00:00,Premier Soccer League,Durban City,Kaizer Chiefs,Double Chance,Home/Draw,1.42,,,LOST,
2025-10-31T17:30:00+00:00,Premier Soccer League,Siwelele,Sekhukhune United,Over/Under Goals,Under 2.5,1.35,,,WON,
2025-10-31T17:30:00+00:00,Pro League,Al-Ettifaq,Al-Hazm,Team Total Goals,Under 2.5,1.18,,,WON,
2025-10-31T17:30:00+00:00,Regionalliga - West,Kuchl,Lauterach,1X2 / Match Winner,Home,1.52,,,LOST,
2025-10-31T17:30:00+00:00,Regionalliga - West,Schalke 04 II,SV Rodinghausen,Over/Under Goals,Under 3.5,1.65,,,LOST,
2025-10-31T18:00:00+00:00,1. Division,AC Horsens,HB Koge,Over/Under Goals,Over 1.5,1.18,,,WON,
2025-10-31T18:00:00+00:00,2. Division,Fremad Amager,AB Copenhagen,Over/Under Goals,Under 3.5,1.44,,,WON,
2025-10-31T18:00:00+00:00,3. Liga,FC Viktoria Köln,FC Ingolstadt 04,Over/Under Goals,Over 1.5,1.2,,,WON,
2025-10-31T18:00:00+00:00,II Liga - East,Warta Poznań,Kalisz,Double Chance,Home/Draw,1.18,,,WON,
2025-10-31T18:00:00+00:00,III Liga - Group 1,Warta Sieradz,Wikielec,Over/Under Goals,Under 3.5,1.47,,,WON,
2025-10-31T18:00:00+00:00,III Liga - Group 3,Polonia Nysa,Karkonosze Jelenia Góra,Double Chance,Home/Draw,1.44,,,LOST,
2025-10-31T18:00:00+00:00,Primera B,Deportes Temuco,Recoleta,Over/Under Goals,Under 3.5,1.19,,,WON,
2025-10-31T18:00:00+00:00,Primera Division,A. Italiano,Cobresal,Over/Under Goals,Over 1.5,1.25,,,WON,
2025-10-31T18:00:00+00:00,Regionalliga - Bayern,Ansbach,Wacker Burghausen,Over/Under Goals,Under 3.5,1.5,,,LOST,
2025-10-31T18:00:00+00:00,Regionalliga - Bayern,SpVgg Unterhaching,Würzburger Kickers,Over/Under Goals,Under 3.5,1.45,,,WON,
2025-10-31T18:00:00+00:00,Regionalliga - Bayern,Viktoria Aschaffenburg,Buchbach,BTTS,Yes,1.5,,,LOST,
2025-10-31T18:00:00+00:00,Regionalliga - Bayern,Vilzing,Memmingen,Asian Handicap,Home +0.25,1.4,,,WON,
2025-10-31T18:00:00+00:00,Regionalliga - Mitte,Oedt,Weiz,Asian Handicap,Away -1.25,1.49,,,LOST,
2025-10-31T18:00:00+00:00,Regionalliga - Mitte,Treibach,SV Lafnitz,Double Chance,Home/Draw,1.53,,,LOST,
2025-10-31T18:00:00+00:00,Regionalliga - Mitte,Velden,Deutschlandsberger SC,Double Chance,Home/Draw,1.44,,,WON,
2025-10-31T18:00:00+00:00,Regionalliga - Nordost,SV Babelsberg 03,BFC Preussen,Double Chance,Home/Draw,1.4,,,LOST,
2025-10-31T18:00:00+00:00,Regionalliga - Ost,Mannsdorf-Großenzersdorf,Wiener Viktoria,Asian Handicap,Away -1.25,1.43,,,LOST,
2025-10-31T18:00:00+00:00,Regionalliga - Ost,Neusiedl,Favoritner AC,Asian Handicap,Away -1.25,1.52,,,WON,
2025-10-31T18:00:00+00:00,Regionalliga - West,SVG Reichenau,Dornbirn,Over/Under Goals,Under 3.5,1.57,,,WON,
2025-10-31T18:30:00+00:00,Liga I,Dinamo Bucuresti,CFR 1907 Cluj,Over/Under Goals,Under 3.5,1.28,,,WON,
2025-10-31T18:30:00+00:00,National 1,Chateauroux,Aubagne,Over/Under Goals,Under 3.5,1.2,,,WON,
2025-10-31T18:30:00+00:00,National 1,Dijon,Fleury 91,Over/Under Goals,Under 3.5,1.17,,,WON,
2025-10-31T18:30:00+00:00,National 1,Gobelins,Bourg-en-bresse 01,Over/Under Goals,Under 3.5,1.2,,,WON,
2025-10-31T18:30:00+00:00,National 1,Le Puy Foot,Concarneau,Over/Under Goals,Under 3.5,1.19,,,WON,
2025-10-31T18:30:00+00:00,National 1,Sochaux,Versailles,Over/Under Goals,Under 3.5,1.15,,,WON,
2025-10-31T18:30:00+00:00,National 1,Stade Briochin,Caen,Over/Under Goals,Under 3.5,1.23,,,WON,
2025-10-31T18:30:00+00:00,National 1,Valenciennes,Quevilly,Over/Under Goals,Under 3.5,1.21,,,WON,
2025-10-31T18:30:00+00:00,Oberliga - Bayern Süd,Sturm Hauzenberg,Heimstetten,Double Chance,Draw/Away,1.19,,,WON,
2025-10-31T18:30:00+00:00,Regionalliga - Ost,Oberwart,Wiener SC,1X2 / Match Winner,Home,1.6,,,WON,
2025-10-31T18:30:00+00:00,Regionalliga - Ost,TWL Elektra,Krems / Rehberg,Over/Under Goals,Under 3.5,1.74,,,WON,
2025-10-31T18:30:00+00:00,Regionalliga - Ost,Traiskirchen,Donau,Over/Under Goals,Under 3.5,1.44,,,LOST,
2025-10-31T18:30:00+00:00,Regionalliga - West,Sportfreunde Lotte,FC Gutersloh,Over/Under Goals,Under 3.5,1.62,,,LOST,
2025-10-31T18:30:00+00:00,Regionalliga - West,Wuppertaler SV,Rot-weiss Oberhausen,Over/Under Goals,Over 1.5,1.2,,,WON,
2025-10-31T18:45:00+00:00,II Liga - East,Unia Skierniewice,ŁKS Łódź II,1X2 / Match Winner,Home,1.47,,,WON,
2025-10-31T19:00:00+00:00,Challenger Pro League,Lierse Kempenzonen,Lommel United,Over/Under Goals,Under 3.5,1.42,,,LOST,
2025-10-31T19:00:00+00:00,Challenger Pro League,Lokeren-Temse,Francs Borains,Over/Under Goals,Under 3.5,1.33,,,LOST,
2025-10-31T19:00:00+00:00,Eerste Divisie,Den Bosch,De Graafschap,Over/Under Goals,Over 2.5,1.45,,,WON,
2025-10-31T19:00:00+00:00,Eerste Divisie,FC OSS,Helmond Sport,Over/Under Goals,Under 3.5,1.48,,,WON,
2025-10-31T19:00:00+00:00,Eerste Divisie,VVV Venlo,Vitesse,Over/Under Goals,Under 3.5,1.62,,,WON,
2025-10-31T19:00:00+00:00,Eredivisie,PSV Eindhoven,Fortuna Sittard,1X2 / Match Winner,Home,1.15,,,WON,
2025-10-31T19:00:00+00:00,Iraqi League,Al Karkh,Al Kahrabaa,Asian Handicap,Home +0,1.45,,,WON,
2025-10-31T19:00:00+00:00,Ligue 2,Annecy,Boulogne,Asian Handicap,Home +0,1.6,,,WON,
2025-10-31T19:00:00+00:00,Ligue 2,Bastia,Clermont Foot,Over/Under Goals,Under 3.5,1.25,,,WON,
2025-10-31T19:00:00+00:00,Ligue 2,Guingamp,Laval,Over/Under Goals,Under 3.5,1.36,,,WON,
2025-10-31T19:00:00+00:00,Ligue 2,Le Mans,Nancy,Asian Handicap,Home +0,1.53,,,WON,
2025-10-31T19:00:00+00:00,Ligue 2,Montpellier,Rodez,Asian Handicap,Home +0,1.49,,,WON,
2025-10-31T19:00:00+00:00,NB I,Kisvarda FC,Nyiregyhaza,Double Chance,Draw/Away,1.67,,,WON,
2025-10-31T19:00:00+00:00,National Division,Rodange 91,Progres Niederkorn,Over/Under Goals,Under 3.5,1.48,,,WON,
2025-10-31T19:00:00+00:00,Premier League 2 Division One,Aston Villa U21,Crystal Palace U21,Over/Under Goals,Over 2.5,1.36,,,LOST,
2025-10-31T19:00:00+00:00,Premier League 2 Division One,Burnley U21,Birmingham City U21,Double Chance,Home/Draw,1.17,,,LOST,
2025-10-31T19:00:00+00:00,Premier League 2 Division One,Derby County U21,Norwich City U21,Asian Handicap,Home +0.25,1.44,,,LOST,
2025-10-31T19:00:00+00:00,Premier League 2 Division One,Everton U21,Chelsea U21,1X2 / Match Winner,Away,1.62,,,LOST,
2025-10-31T19:00:00+00:00,Premier League 2 Division One,Ipswich Town U21,Newcastle United U21,Double Chance,Home/Draw,1.4,,,WON,
2025-10-31T19:00:00+00:00,Premier League 2 Division One,Manchester City U21,Leicester City U21,Asian Handicap,Home +0.25,1.15,,,WON,
2025-10-31T19:00:00+00:00,Premier League 2 Division One,Manchester United U21,Blackburn Rovers U21,BTTS,Yes,1.45,,,LOST,
2025-10-31T19:00:00+00:00,Regionalliga - Ost,SV Horn,Parndorf,Asian Handicap,Away -1.25,1.64,,,WON,
2025-10-31T19:00:00+00:00,Reserve Pro League,Lierse K. U21,RFC de Liege U21,Double Chance,Home/Draw,1.44,,,WON,
2025-10-31T19:15:00+00:00,Challenge League,Yverdon Sport,FC Vaduz,Over/Under Goals,Under 3.5,1.47,,,LOST,
2025-10-31T19:15:00+00:00,Challenge League,Étoile Carouge,Bellinzona,Asian Handicap,Home +0,1.55,,,WON,
2025-10-31T19:15:00+00:00,Tercera División RFEF - Group 15,Huarte,Beti Kozkor,Double Chance,Home/Draw,1.17,,,WON,
2025-10-31T19:30:00+00:00,Bundesliga 1,FC Augsburg,Borussia Dortmund,Over/Under Goals,Over 1.5,1.17,,,LOST,
2025-10-31T19:30:00+00:00,Ekstraklasa,Piast Gliwice,Korona Kielce,Over/Under Goals,Under 3.5,1.3,,,WON,
2025-10-31T19:30:00+00:00,FA Cup,Luton,Forest Green,Over/Under Goals,Under 3.5,1.42,,,LOST,
2025-10-31T19:30:00+00:00,FAW Championship,Afan Lido,Caerau (Ely),1X2 / Match Winner,Away,1.48,,,LOST,
2025-10-31T19:30:00+00:00,FAW Championship,Cwmbran Celtic,Baglan Dragons,Over/Under Goals,Under 3.5,1.35,,,WON,
2025-10-31T19:30:00+00:00,I Liga,Ruch Chorzów,Tychy 71,Over/Under Goals,Under 3.5,1.38,,,WON,
2025-10-31T19:30:00+00:00,II Liga - East,Zaglebie Sosnowiec,Chojniczanka Chojnice,Over/Under Goals,Under 3.5,1.42,,,WON,
2025-10-31T19:30:00+00:00,Reserve Pro League,RAAL La Louviere U21,Kortrijk U21,Over/Under Goals,Over 2.5,1.53,,,WON,
2025-10-31T19:30:00+00:00,Segunda Division,Racing Santander,Real Sociedad II,Over/Under Goals,Over 1.5,1.2,,,LOST,
2025-10-31T19:30:00+00:00,Serie C - Girone C,AZ Picerno,Cavese,Asian Handicap,Home +0.25,1.48,,,WON,
2025-10-31T19:30:00+00:00,Serie C - Girone C,Casertana,Catania,Over/Under Goals,Under 3.5,1.18,,,LOST,
2025-10-31T19:45:00+00:00,Championship,Ayr Utd,Dunfermline,Over/Under Goals,Under 3.5,1.25,,,WON,
2025-10-31T19:45:00+00:00,FAW Championship,Llandudno,Airbus UK,Double Chance,Draw/Away,1.53,,,LOST,
2025-10-31T19:45:00+00:00,FAW Championship,Ruthin Town,Mold Alexandra,Double Chance,Home/Draw,1.6,,,LOST,
2025-10-31T19:45:00+00:00,Jupiler Pro League,Standard Liege,Charleroi,Over/Under Goals,Under 3.5,1.25,,,LOST,
2025-10-31T19:45:00+00:00,Premier League,Bala Town,llanelli AFC,Over/Under Goals,Under 3.5,1.26,,,WON,
2025-10-31T19:45:00+00:00,Premiership,Bangor,Carrick Rangers,Over/Under Goals,Under 3.5,1.4,,,WON,
2025-10-31T19:45:00+00:00,Premiership,Glentoran,Portadown,Over/Under Goals,Under 3.5,1.36,,,WON,
2025-10-31T20:00:00+00:00,Championship,Wrexham,Coventry,Over/Under Goals,Under 3.5,1.38,,,LOST,
2025-10-31T20:00:00+00:00,FAW Championship,Gresford Athletic,Newtown AFC,BTTS,Yes,1.57,,,WON,
2025-10-31T20:00:00+00:00,La Liga,Getafe,Girona,Over/Under Goals,Under 3.5,1.15,,,WON,
2025-10-31T20:30:00+00:00,Division Profesional - Clausura,General Caballero,Deportivo Recoleta,Over/Under Goals,Under 3.5,1.2,,,LOST,
2025-10-31T20:30:00+00:00,Primera Division,Deportes Iquique,D. La Serena,Over/Under Goals,Under 3.5,1.33,,,WON,
2025-10-31T22:00:00+00:00,Primera Division,San Lorenzo,Deportivo Riestra,Over/Under Goals,Under 2.5,1.35,,,WON,
2025-10-31T22:00:00+00:00,Serie B,Atletico Goianiense,Paysandu,Team Total Goals,Over 0.5,1.15,,,WON,
2025-10-31T22:00:00+00:00,Serie B,Coritiba,CRB,Over/Under Goals,Under 3.5,1.22,,,WON,
2025-10-31T23:00:00+00:00,Division Profesional - Clausura,2 de Mayo,Atlético Tembetary,Over/Under Goals,Under 3.5,1.25,,,WON,
2025-10-31T23:00:00+00:00,Liga MX Femenil,Guadalajara W,Necaxa W,Over/Under Goals,Under 3.5,2.3,,,LOST,
2025-10-31T23:00:00+00:00,Liga MX Femenil,Toluca W,Puebla W,1X2 / Match Winner,Home,1.15,,,WON,
2025-10-31T23:00:00+00:00,Primera División - Clausura,Wanderers,Boston River,Over/Under Goals,Under 3.5,1.18,,,LOST,
2025-10-31T23:30:00+00:00,Primera División,Deportivo La Guaira,Monagas SC,Asian Handicap,Home +0.5,1.15,,,WON,
