date_utc,league,home,away,market,pick,price_at_publish,model_probability,result,grade,snapshot_frozen_at
2025-12-01T01:00:00+00:00,Liga MX,Cruz Azul,Guadalajara Chivas,Over/Under Goals,Over 1.5,1.3,,,WON,
2025-12-01T11:30:00+00:00,Liga II,Sepsi OSK Sfantu Gheorghe,Politehnica Iasi,Over/Under Goals,Under 3.5,1.24,,,WON,
2025-12-01T13:00:00+00:00,Arab Cup,Tunisia,Syria,Double Chance,Draw/Away,2.7,,,WON,
2025-12-01T13:00:00+00:00,FKF Premier League,Bidco United,Posta Rangers FC,BTTS,No,1.54,,,WON,
2025-12-01T13:00:00+00:00,Ligue 2,Mégrine,Sporting Ben Arous,Over/Under Goals,Under 2.5,1.44,,,WON,
2025-12-01T14:00:00+00:00,Liga I,Petrolul Ploiesti,Metaloglobus,Over/Under Goals,Under 3.5,1.25,,,LOST,
2025-12-01T14:00:00+00:00,Segunda Liga,Pacos Ferreira,Felgueiras 1932,Double Chance,Home/Draw,1.6,,,WON,
2025-12-01T15:00:00+00:00,Erovnuli Liga,Gagra,Telavi,Over/Under Goals,Over 1.5,1.18,,,WON,
2025-12-01T15:30:00+00:00,Second League,Pirin Blagoevgrad,Yantra 2019,Asian Handicap,Home +0.25,1.5,,,WON,
2025-12-01T15:45:00+00:00,Arab Cup,Qatar,Palestine,Double Chance,Home/Draw,1.18,,,LOST,
2025-12-01T16:00:00+00:00,First League,Rodina Moskva,KAMAZ,Asian Handicap,Away -1.25,1.5,,,WON,
2025-12-01T16:00:00+00:00,I Liga,Stal Rzeszów,Pogoń Grod. Mazowiecki,Over/Under Goals,Over 2.5,1.44,,,LOST,
2025-12-01T16:00:00+00:00,Premier League,Shakhtar Donetsk,Kryvbas KR,Over/Under Goals,Over 2.5,1.42,,,WON,
2025-12-01T16:30:00+00:00,Premier League,FC Sochi,Dinamo Makhachkala,Asian Handicap,Home +0.25,1.68,,,WON,
2025-12-01T17:00:00+00:00,1. Division,Akritas,AEK Larnaca,Over/Under Goals,Under 3.5,1.33,,,WON,
2025-12-01T17:00:00+00:00,1. Division,Omonia Nicosia,Omonia Aradippou,Over/Under Goals,Under 3.5,1.53,,,LOST,
2025-12-01T17:00:00+00:00,Liga I,Universitatea Cluj,Universitatea Craiova,Over/Under Goals,Under 3.5,1.3,,,WON,
2025-12-01T17:00:00+00:00,Liga Leumit,Bnei Yehuda,Hapoel Nazareth Illit,Over/Under Goals,Under 3.5,1.28,,,WON,
2025-12-01T17:00:00+00:00,Liga Leumit,Hapoel Hadera,Hapoel Kfar Shalem,Asian Handicap,Home +0.25,1.6,,,WON,
2025-12-01T17:00:00+00:00,Liga Leumit,Maccabi Kabilio Jaffa,Maccabi Herzliya,Over/Under Goals,Under 3.5,1.4,,,WON,
2025-12-01T17:00:00+00:00,Prva HNL,HNK Gorica,Dinamo Zagreb,Team Total Goals,Under 2.5,1.4,,,WON,
2025-12-01T17:00:00+00:00,Super Lig,Fenerbahce,Galatasaray,Over/Under Goals,Over 1.5,1.22,,,WON,
2025-12-01T17:00:00+00:00,Super Lig,Samsunspor,Alanyaspor,Asian Handicap,Away -1.25,1.4,,,WON,
2025-12-01T17:00:00+00:00,TFF 1. Lig,Adana Demirspor,Hatayspor,1X2 / Match Winner,Away,1.49,,,LOST,
2025-12-01T17:30:00+00:00,Cup,El Geish,El Seka El Hadid,Double Chance,Home/Draw,1.7,,,WON,
2025-12-01T18:00:00+00:00,Ekstraklasa,Motor Lublin,Legia Warszawa,Double Chance,Home/Draw,1.7,,,WON,
2025-12-01T18:00:00+00:00,Segunda Liga,Vizela,Feirense,Double Chance,Home/Draw,1.17,,,WON,
2025-12-01T18:00:00+00:00,Superligaen,Brondby,FC Fredericia,Team Total Goals,Over 1.5,1.25,,,LOST,
2025-12-01T19:00:00+00:00,Eerste Divisie,Jong Ajax,Vitesse,Over/Under Goals,Over 1.5,1.17,,,WON,
2025-12-01T19:00:00+00:00,Eerste Divisie,Jong PSV U21,Waalwijk,Over/Under Goals,Over 2.5,1.3,,,WON,
2025-12-01T19:00:00+00:00,Liga 3,SC Braga B,Trofense,1X2 / Match Winner,Draw,2.95,,,WON,
2025-12-01T19:30:00+00:00,Serie C - Girone B,Vis Pesaro,Ascoli,Over/Under Goals,Under 3.5,1.17,,,WON,
2025-12-01T19:30:00+00:00,Serie C - Girone C,Benevento,Salernitana,Over/Under Goals,Under 3.5,1.22,,,LOST,
2025-12-01T19:45:00+00:00,Serie A,Bologna,Cremonese,1X2 / Match Winner,Home,1.5,,,LOST,
2025-12-01T20:00:00+00:00,Championship,Birmingham,Watford,Team Total Goals,Over 0.5,1.55,,,WON,
2025-12-01T20:00:00+00:00,La Liga,Rayo Vallecano,Valencia,Over/Under Goals,Under 3.5,1.25,,,WON,
2025-12-01T20:00:00+00:00,Primera B Metropolitana,Deportivo Armenio,Sportivo Italiano,1X2 / Match Winner,Draw,2.9,,,WON,
2025-12-01T20:00:00+00:00,Primera Division,Barracas Central,Gimnasia L.P.,Double Chance,Draw/Away,1.57,,,WON,
2025-12-01T20:15:00+00:00,Primeira Liga,Arouca,SC Braga,Over/Under Goals,Over 1.5,1.25,,,WON,
2025-12-01T23:00:00+00:00,Primera Division,A. Italiano,Nublense,Over/Under Goals,Over 1.5,1.28,,,LOST,
2025-12-02T00:00:00+00:00,Friendlies Women,USA W,Italy W,Over/Under Goals,Over 2.5,1.6,,,LOST,
2025-12-02T01:00:00+00:00,Primera A,Independiente Medellin,America de Cali,Asian Handicap,Away -1.25,1.52,,,WON,
2025-12-02T05:00:00+00:00,Friendlies Women,Japan W,Canada W,Double Chance,Home/Draw,1.15,,,WON,
2025-12-02T09:30:00+00:00,Friendlies Women,Australia W,New Zealand W,Over/Under Goals,Under 3.5,1.8,,,WON,
2025-12-02T11:00:00+00:00,Cup,Şahdağ,Turan,Over/Under Goals,Under 3.5,1.48,,,WON,
2025-12-02T11:00:00+00:00,Friendlies Women,Wales W,Switzerland W,Team Total Goals,Over 0.5,1.2,,,WON,
2025-12-02T11:00:00+00:00,Liga Revelação U23,União Leiria U23,Santa Clara U23,1X2 / Match Winner,Draw,3.3,,,LOST,
2025-12-02T11:00:00+00:00,Thai League 2,Chanthaburi,Nakhon Si Thammarat,1X2 / Match Winner,Home,1.6,,,WON,
2025-12-02T12:00:00+00:00,Arab Cup,Morocco,Comoros,Over/Under Goals,Under 3.5,1.6,,,LOST,
2025-12-02T12:00:00+00:00,Cupa României,Dumbrăviţa,Slatina,Over/Under Goals,Under 3.5,1.22,,,WON,
2025-12-02T12:00:00+00:00,Friendlies Women,Serbia W,Czech Republic W,Double Chance,Home/Draw,1.4,,,WON,
2025-12-02T12:00:00+00:00,Premier League,Kedus Giorgis,Arba Minch Kenema,BTTS,No,1.57,,,WON,
2025-12-02T12:00:00+00:00,Premier League,Mekelakeya,Dire Dawa Kenema,Double Chance,Home/Draw,1.15,,,WON,
2025-12-02T12:00:00+00:00,Second League,Etar Veliko Tarnovo,Sportist Svoge,Over/Under Goals,Under 3.5,1.32,,,WON,
2025-12-02T12:00:00+00:00,Second League,Ludogorets II,Marek,Over/Under Goals,Under 3.5,1.22,,,LOST,
2025-12-02T12:00:00+00:00,Thai League 2,Sisaket United,Police Tero,Double Chance,Draw/Away,1.62,,,WON,
2025-12-02T12:30:00+00:00,Friendlies Women,Bosnia-Herzegovina W,Greece W,Asian Handicap,Home +0.25,1.42,,,WON,
2025-12-02T12:30:00+00:00,Friendlies Women,Poland W,Latvia W,Over/Under Goals,Under 3.5,2.8,,,WON,
2025-12-02T12:30:00+00:00,Second League,Mladost Lješkopolje,Berane,Over/Under Goals,Under 2.5,1.75,,,WON,
2025-12-02T13:00:00+00:00,Professional Development League,Barnsley U21,Cardiff City U21,Team Total Goals,Under 2.5,1.41,,,WON,
2025-12-02T13:00:00+00:00,Professional Development League,Huddersfield Town U21,Fleetwood Town U21,Over/Under Goals,Under 3.5,1.66,,,WON,
2025-12-02T13:00:00+00:00,Professional Development League,Wigan Athletic U21,Millwall U21,Double Chance,Home/Draw,1.55,,,LOST,
2025-12-02T13:30:00+00:00,First League,Montana,Lokomotiv Sofia,Over/Under Goals,Under 3.5,1.25,,,WON,
2025-12-02T14:00:00+00:00,Premier League,Van,FC Noah,Over/Under Goals,Under 3.5,1.45,,,WON,
2025-12-02T14:30:00+00:00,Arab Cup,Egypt,Kuwait,Over/Under Goals,Under 3.5,1.36,,,WON,
2025-12-02T15:00:00+00:00,Cupa României,Csikszereda,Oţelul,Over/Under Goals,Under 3.5,1.25,,,WON,
2025-12-02T15:00:00+00:00,Liga Revelação U23,Academico Viseu U23,Rio Ave U23,Over/Under Goals,Over 1.5,1.25,,,WON,
2025-12-02T15:00:00+00:00,Liga Revelação U23,Estrela U23,Benfica U23,Over/Under Goals,Under 2.5,1.85,,,WON,
2025-12-02T15:00:00+00:00,Premier League,Negelle Arsi,Sheger Ketema,BTTS,No,1.5,,,LOST,
2025-12-02T16:00:00+00:00,First League,Arda Kardzhali,Botev Plovdiv,1X2 / Match Winner,Draw,3.3,,,WON,
2025-12-02T16:00:00+00:00,Premier League,AC Douane,SNIM,Over/Under Goals,Under 3.5,1.18,,,WON,
2025-12-02T17:00:00+00:00,Arab Cup,Saudi Arabia,Oman,Over/Under Goals,Under 3.5,1.42,,,WON,
2025-12-02T17:00:00+00:00,Cup,Volos NFC,Egaleo,Over/Under Goals,Under 3.5,1.62,,,LOST,
2025-12-02T17:00:00+00:00,DFB Pokal,Borussia Mönchengladbach,FC St. Pauli,Asian Handicap,Home +0,1.42,,,LOST,
2025-12-02T17:00:00+00:00,DFB Pokal,Hertha BSC,1. FC Kaiserslautern,Asian Handicap,Home +0.25,1.42,,,WON,
2025-12-02T17:30:00+00:00,Cupa României,Arges Pitesti,Rapid,Over/Under Goals,Over 1.5,1.42,,,WON,
2025-12-02T17:30:00+00:00,Ligat Ha'al,Bnei Sakhnin,Ironi Kiryat Shmona,Double Chance,Home/Draw,1.57,,,WON,
2025-12-02T17:30:00+00:00,Premier Soccer League,Golden Arrows,Amazulu,Over/Under Goals,Under 3.5,1.17,,,WON,
2025-12-02T17:30:00+00:00,Premijer Liga,Velež,FK Sarajevo,Over/Under Goals,Under 2.5,1.64,,,WON,
2025-12-02T17:30:00+00:00,Regionalliga - Nord,St. Pauli II,VfB Oldenburg,Team Total Goals,Over 1.5,1.25,,,LOST,
2025-12-02T17:30:00+00:00,UEFA Nations League - Women,Spain W,Germany W,Over/Under Goals,Over 1.5,1.22,,,WON,
2025-12-02T17:45:00+00:00,Ligat Ha'al,Hapoel Katamon,Maccabi Bnei Raina,Over/Under Goals,Under 3.5,1.28,,,WON,
2025-12-02T18:00:00+00:00,Copa del Rey,Ebro,Osasuna,Team Total Goals,Under 2.5,1.45,,,LOST,
2025-12-02T18:00:00+00:00,Copa del Rey,Numancia,Mallorca,Over/Under Goals,Under 3.5,1.25,,,LOST,
2025-12-02T18:00:00+00:00,Copa del Rey,Portugalete,Alaves,Over/Under Goals,Under 3.5,1.45,,,WON,
2025-12-02T18:00:00+00:00,Copa del Rey,Racing Ferrol,Huesca,Over/Under Goals,Under 3.5,1.2,,,WON,
2025-12-02T18:00:00+00:00,Friendlies Women,Scotland W,China W,Team Total Goals,Under 2.5,1.2,,,LOST,
2025-12-02T18:00:00+00:00,Ligat Ha'al,Hapoel Petah Tikva,Hapoel Beer Sheva,Over/Under Goals,Under 3.5,1.45,,,WON,
2025-12-02T18:00:00+00:00,Schweizer Cup,Stade Lausanne-Ouchy,FC Winterthur,Double Chance,Home/Draw,1.48,,,WON,
2025-12-02T18:30:00+00:00,Ligat Ha'al,Maccabi Haifa,Hapoel Tel Aviv,Over/Under Goals,Over 1.5,1.2,,,WON,
2025-12-02T19:00:00+00:00,EFL Trophy,Bolton,Bradford,Asian Handicap,Home +0,1.5,,,WON,
2025-12-02T19:00:00+00:00,EFL Trophy,Cardiff,AFC Wimbledon,Over/Under Goals,Over 1.5,1.22,,,WON,
2025-12-02T19:00:00+00:00,EFL Trophy,Doncaster,Chesterfield,Over/Under Goals,Over 2.5,1.65,,,WON,
2025-12-02T19:00:00+00:00,EFL Trophy,Harrogate Town,Blackpool,Over/Under Goals,Under 3.5,1.42,,,LOST,
2025-12-02T19:00:00+00:00,EFL Trophy,Leyton Orient,Plymouth,Asian Handicap,Home +0,1.45,,,LOST,
2025-12-02T19:00:00+00:00,EFL Trophy,Lincoln,Huddersfield,Over/Under Goals,Over 1.5,1.22,,,WON,
2025-12-02T19:00:00+00:00,EFL Trophy,Luton,Exeter City,Over/Under Goals,Over 1.5,1.22,,,WON,
2025-12-02T19:00:00+00:00,EFL Trophy,Northampton,Wycombe,Team Total Goals,Over 0.5,1.18,,,LOST,
2025-12-02T19:00:00+00:00,EFL Trophy,Port Vale,Barnsley,Double Chance,Draw/Away,1.67,,,LOST,
2025-12-02T19:00:00+00:00,National League Cup,Scunthorpe,Newcastle United U21,Over/Under Goals,Under 3.5,1.6,,,WON,
2025-12-02T19:30:00+00:00,Cup,Beerschot VA,RAAL La Louvière,Over/Under Goals,Under 3.5,1.28,,,WON,
2025-12-02T19:30:00+00:00,Cup,Dender,Standard Liege,Over/Under Goals,Under 3.5,1.28,,,LOST,
2025-12-02T19:30:00+00:00,Premier League,Bournemouth,Everton,Team Total Goals,Over 0.5,1.4,,,WON,
2025-12-02T19:30:00+00:00,Premier League,Fulham,Manchester City,Team Total Goals,Over 0.5,1.44,,,WON,
2025-12-02T19:45:00+00:00,Championship,Blackburn,Ipswich,Over/Under Goals,Under 3.5,1.25,,,WON,
2025-12-02T19:45:00+00:00,Friendlies Women,Netherlands W,South Korea W,Over/Under Goals,Over 1.5,1.2,,,WON,
2025-12-02T19:45:00+00:00,Friendlies Women,Portugal W,Brazil W,1X2 / Match Winner,Away,1.62,,,WON,
2025-12-02T19:45:00+00:00,League One,Wigan,Burton Albion,Over/Under Goals,Under 3.5,1.25,,,WON,
2025-12-02T19:45:00+00:00,National League - North,Radcliffe,Chester,Over/Under Goals,Over 1.5,1.22,,,WON,
2025-12-02T19:45:00+00:00,National League - South,Hampton & Richmond,AFC Totton,Over/Under Goals,Under 3.5,1.44,,,WON,
2025-12-02T19:45:00+00:00,National League - South,Hemel Hempstead Town,AFC Hornchurch,Asian Handicap,Home +0.25,1.48,,,LOST,
2025-12-02T19:45:00+00:00,Non League Premier - Isthmian,Canvey Island,Whitehawk,Over/Under Goals,Under 3.5,1.31,,,WON,
2025-12-02T19:45:00+00:00,Non League Premier - Isthmian,St Albans City,Potters Bar Town,Over/Under Goals,Over 1.5,1.18,,,WON,
2025-12-02T19:45:00+00:00,Non League Premier - Northern,Morpeth Town,Gainsborough Trinity,Over/Under Goals,Under 3.5,1.25,,,WON,
2025-12-02T19:45:00+00:00,Non League Premier - Northern,Stockton Town,Leek Town,Over/Under Goals,Under 3.5,1.42,,,WON,
2025-12-02T19:45:00+00:00,Non League Premier - Southern South,Bracknell Town,Hungerford Town,Over/Under Goals,Under 3.5,1.39,,,WON,
2025-12-02T19:45:00+00:00,Non League Premier - Southern South,Poole Town,Walton & Hersham,Over/Under Goals,Over 1.5,1.17,,,WON,
2025-12-02T20:00:00+00:00,Coppa Italia,Juventus,Udinese,Over/Under Goals,Under 3.5,1.38,,,WON,
2025-12-02T20:00:00+00:00,DFB Pokal,Borussia Dortmund,Bayer Leverkusen,Over/Under Goals,Over 2.5,1.5,,,LOST,
2025-12-02T20:00:00+00:00,DFB Pokal,RB Leipzig,1. FC Magdeburg,1X2 / Match Winner,Home,1.29,,,WON,
2025-12-02T20:00:00+00:00,La Liga,Barcelona,Atletico Madrid,BTTS,Yes,1.4,,,WON,
2025-12-02T20:00:00+00:00,Primera B Metropolitana,Acassuso,Villa San Carlos,Over/Under Goals,Under 3.5,1.17,,,WON,
2025-12-02T20:15:00+00:00,Premier League,Newcastle,Tottenham,Over/Under Goals,Over 2.5,1.67,,,WON,
2025-12-02T21:00:00+00:00,CONMEBOL Nations League Women,Uruguay W,Ecuador W,Team Total Goals,Over 0.5,1.55,,,LOST,
2025-12-02T21:00:00+00:00,Primera Division,Universidad de Chile,Coquimbo Unido,Over/Under Goals,Under 3.5,1.25,,,WON,
2025-12-02T21:30:00+00:00,Primera División,Gualberto Villarroel SJ,San Antonio Bulo Bulo,Over/Under Goals,Under 3.5,1.48,,,LOST,
2025-12-02T22:00:00+00:00,Friendlies Women,Costa Rica W,Mexico W,1X2 / Match Winner,Away,1.5,,,WON,
2025-12-02T22:00:00+00:00,Serie A,Vasco DA Gama,Mirassol,Over/Under Goals,Under 3.5,1.3,,,WON,
2025-12-02T23:00:00+00:00,CONMEBOL Nations League Women,Chile W,Paraguay W,Over/Under Goals,Under 3.5,1.3,,,WON,
2025-12-02T23:00:00+00:00,CONMEBOL Nations League Women,Venezuela W,Peru W,Over/Under Goals,Under 3.5,1.62,,,LOST,
2025-12-02T23:15:00+00:00,Liga Nacional,Victoria,Atlético Choloma,Asian Handicap,Away -1.25,1.46,,,LOST,
2025-12-02T23:30:00+00:00,Primera División,Independiente Petrolero,Guabirá,Asian Handicap,Home +0,1.69,,,WON,
2025-12-03T00:00:00+00:00,CONCACAF Caribbean Club Championship,Mount Pleasant Academy,Universidad O&M,Over/Under Goals,Under 3.5,1.36,,,LOST,
2025-12-03T00:30:00+00:00,Serie A,Gremio,Fluminense,Over/Under Goals,Under 3.5,1.22,,,WON,
2025-12-03T01:00:00+00:00,Primera Division,Sporting Cristal,Alianza Lima,Double Chance,Draw/Away,1.44,,,WON,
2025-12-03T10:00:00+00:00,Coppa Italia Primavera,Lazio U20,Bologna U19,Over/Under Goals,Under 3.5,1.2,,,WON,
2025-12-03T10:00:00+00:00,Cup,Karacabey Belediyespor,Kocaelispor,Over/Under Goals,Under 3.5,1.42,,,WON,
2025-12-03T10:00:00+00:00,Cup,Keshla FC,Baku Sportinq,Over/Under Goals,Under 2.5,1.93,,,WON,
2025-12-03T10:00:00+00:00,Friendlies Clubs,Vysočina Jihlava,Vlašim,Over/Under Goals,Under 2.5,2.2,,,LOST,
2025-12-03T10:00:00+00:00,K-League Classic,Suwon Bluewings,Jeju United FC,Over/Under Goals,Under 3.5,1.25,,,WON,
2025-12-03T10:30:00+00:00,Coppa Italia Primavera,Sampdoria U19,Spezia U19,Double Chance,Draw/Away,1.5,,,LOST,
2025-12-03T10:30:00+00:00,Cup,Eyüpspor,Çankaya FK,Over/Under Goals,Under 3.5,1.8,,,LOST,
2025-12-03T10:30:00+00:00,Cup,Muğlaspor,BB Bodrumspor,Over/Under Goals,Under 3.5,1.36,,,WON,
2025-12-03T10:30:00+00:00,Cup,İstanbulspor,Sarıyer,Asian Handicap,Away -1.25,1.42,,,LOST,
2025-12-03T11:00:00+00:00,First League,Septemvri Sofia,CSKA 1948,Over/Under Goals,Under 3.5,1.3,,,LOST,
2025-12-03T11:00:00+00:00,Liga Revelação U23,Sporting Braga U23,Gil Vicente U23,Over/Under Goals,Under 3.5,1.5,,,WON,
2025-12-03T11:00:00+00:00,Tercera División RFEF - Group 15,Beti Kozkor,Ardoi,Over/Under Goals,Under 3.5,1.18,,,WON,
2025-12-03T11:00:00+00:00,Thai League 2,Chiangmai United,Khon Kaen United,Double Chance,Draw/Away,1.2,,,LOST,
2025-12-03T12:00:00+00:00,Arab Cup,Algeria,Sudan,Over/Under Goals,Under 3.5,1.29,,,WON,
2025-12-03T12:00:00+00:00,Cup,Grafičar,Radnicki NIS,Over/Under Goals,Under 3.5,1.33,,,WON,
2025-12-03T12:00:00+00:00,Cup,OFK Vršac,Vojvodina,Over/Under Goals,Under 3.5,1.5,,,WON,
2025-12-03T12:00:00+00:00,Cupa României,Sănătatea Cluj,Gloria Bistriţa,Over/Under Goals,Under 2.5,1.67,,,LOST,
2025-12-03T12:00:00+00:00,Premijer Liga,Rudar Prijedor,Zrinjski,1X2 / Match Winner,Away,1.44,,,WON,
2025-12-03T12:30:00+00:00,Cup,Erokspor,Fatih Karagümrük,Over/Under Goals,Over 1.5,1.2,,,WON,
2025-12-03T12:30:00+00:00,Second NL,Lucko,Dugo Selo,1X2 / Match Winner,Home,1.55,,,LOST,
2025-12-03T12:30:00+00:00,Second NL,Varteks Varaždin,Križevci,Double Chance,Draw/Away,1.44,,,WON,
2025-12-03T13:00:00+00:00,Cup,Kallithea,Kavala,Over/Under Goals,Under 3.5,1.29,,,WON,
2025-12-03T13:00:00+00:00,Cup,Marko,Levadiakos,Over/Under Goals,Under 3.5,1.53,,,LOST,
2025-12-03T13:00:00+00:00,Professional Development League,Swansea City U21,Brentford U21,Over/Under Goals,Over 2.5,1.3,,,WON,
2025-12-03T13:00:00+00:00,Super League 2,Panionios,Olympiakos Piraeus II,Over/Under Goals,Over 1.5,1.31,,,WON,
2025-12-03T13:00:00+00:00,Super League,Prison Leopards,Power Dynamos,Double Chance,Draw/Away,1.25,,,WON,
2025-12-03T13:30:00+00:00,Cup,Cape Town City,Upington City,Over/Under Goals,Under 2.5,1.48,,,WON,
2025-12-03T13:30:00+00:00,First League,Beroe,Cherno More Varna,Over/Under Goals,Under 2.5,1.7,,,LOST,
2025-12-03T14:00:00+00:00,Coppa Italia,Atalanta,Genoa,Asian Handicap,Home +0.25,1.15,,,WON,
2025-12-03T14:00:00+00:00,Cup,Larisa,Atromitos,Over/Under Goals,Over 1.5,1.3,,,LOST,
2025-12-03T14:30:00+00:00,Arab Cup,Iraq,Bahrain,Double Chance,Home/Draw,1.25,,,WON,
2025-12-03T15:00:00+00:00,Cup,Asteras Tripolis,Ilioupoli,Over/Under Goals,Under 3.5,1.57,,,LOST,
2025-12-03T15:00:00+00:00,Cup,Qarabag,Karvan,Team Total Goals,Over 0.5,2.25,,,LOST,
2025-12-03T15:00:00+00:00,Cupa României,FC Botosani,AFC Hermannstadt,Over/Under Goals,Under 3.5,1.23,,,LOST,
2025-12-03T15:00:00+00:00,Premijer Liga,Radnik Bijeljina,Borac Banja Luka,Over/Under Goals,Under 3.5,1.15,,,WON,
2025-12-03T15:30:00+00:00,Cup,AEK Athens FC,OFI,Over/Under Goals,Over 1.5,1.22,,,WON,
2025-12-03T15:30:00+00:00,Superliga,Partizani,Bylis,Over/Under Goals,Under 2.5,1.53,,,WON,
2025-12-03T16:00:00+00:00,Cup,Novi Pazar,Dubočica,1X2 / Match Winner,Draw,4.75,,,LOST,
2025-12-03T16:00:00+00:00,First League,CSKA Sofia,Lokomotiv Plovdiv,Over/Under Goals,Under 3.5,1.33,,,WON,
2025-12-03T16:30:00+00:00,Cupa României,Farul Constanta,Dinamo Bucuresti,Over/Under Goals,Over 1.5,1.4,,,LOST,
2025-12-03T16:30:00+00:00,Serie C - Girone C,Casertana,Atalanta II,Double Chance,Draw/Away,1.44,,,LOST,
2025-12-03T16:30:00+00:00,Super Liga,Mladost Lucani,Radnicki 1923,Over/Under Goals,Under 3.5,1.28,,,WON,
2025-12-03T17:00:00+00:00,Arab Cup,Jordan,United Arab Emirates,Over/Under Goals,Under 3.5,1.22,,,WON,
2025-12-03T17:00:00+00:00,Cup,Artis,Sparta Praha,Over/Under Goals,Under 3.5,1.7,,,WON,
2025-12-03T17:00:00+00:00,DBU Pokalen,Esbjerg,FC Copenhagen,Over/Under Goals,Under 3.5,1.55,,,LOST,
2025-12-03T17:00:00+00:00,DFB Pokal,SC Freiburg,SV Darmstadt 98,Over/Under Goals,Over 2.5,1.62,,,LOST,
2025-12-03T17:00:00+00:00,DFB Pokal,VfL Bochum,VfB Stuttgart,Over/Under Goals,Over 1.5,1.15,,,WON,
2025-12-03T17:00:00+00:00,Super Liga,Podbrezová,Spartak Trnava,Over/Under Goals,Under 3.5,1.45,,,LOST,
2025-12-03T17:00:00+00:00,Super Liga,Slovan Bratislava,Ružomberok,Over/Under Goals,Under 3.5,1.5,,,WON,
2025-12-03T17:30:00+00:00,Cup,Panathinaikos,Kifisia,Result + Total Goals,Home/Over 1.5,1.5,,,LOST,
2025-12-03T17:30:00+00:00,Cup,Trabzonspor,Van BB,Over/Under Goals,Over 2.5,1.48,,,LOST,
2025-12-03T17:30:00+00:00,Ligat Ha'al,Maccabi Netanya,Ashdod,Over/Under Goals,Over 1.5,1.2,,,WON,
2025-12-03T17:30:00+00:00,Premier Soccer League,Chippa United,Kaizer Chiefs,Double Chance,Draw/Away,1.15,,,WON,
2025-12-03T17:30:00+00:00,Premier Soccer League,Magesi,Sekhukhune United,Double Chance,Home/Draw,1.5,,,LOST,
2025-12-03T17:30:00+00:00,Premier Soccer League,Orbit College,Durban City,Double Chance,Home/Draw,1.55,,,LOST,
2025-12-03T17:30:00+00:00,Premier Soccer League,Siwelele,Mamelodi Sundowns,Over/Under Goals,Under 2.5,1.4,,,WON,
2025-12-03T17:30:00+00:00,Premier Soccer League,Stellenbosch,Polokwane City,Over/Under Goals,Under 2.5,1.35,,,LOST,
2025-12-03T17:30:00+00:00,Serie C - Girone A,Dolomiti Bellunesi,Inter U23,Over/Under Goals,Under 2.5,1.65,,,WON,
2025-12-03T17:30:00+00:00,Tercera División RFEF - Group 15,Bidezarra,Pamplona,Over/Under Goals,Under 3.5,1.17,,,WON,
2025-12-03T17:45:00+00:00,Ligat Ha'al,Ironi Tiberias,Beitar Jerusalem,1X2 / Match Winner,Away,1.57,,,WON,
2025-12-03T18:00:00+00:00,Cup,Borac Cacak,Jedinstvo Ub,Over/Under Goals,Under 3.5,1.36,,,WON,
2025-12-03T18:00:00+00:00,La Liga,Athletic Club,Real Madrid,Over/Under Goals,Under 3.5,1.42,,,WON,
2025-12-03T18:00:00+00:00,Ligat Ha'al,Maccabi Tel Aviv,Hapoel Haifa,Over/Under Goals,Over 1.5,1.16,,,WON,
2025-12-03T18:00:00+00:00,Premier League,Kahraba Ismailia,Pyramids FC,Over/Under Goals,Under 3.5,1.28,,,WON,
2025-12-03T18:30:00+00:00,Copa do Brasil U20,IAPE U20,América Mineiro U20,Double Chance,Draw/Away,1.44,,,WON,
2025-12-03T18:30:00+00:00,Superliga,Dinamo Tirana,Tirana,Over/Under Goals,Under 2.5,1.57,,,LOST,
2025-12-03T19:00:00+00:00,Copa del Rey,CF Talavera,Malaga,Over/Under Goals,Over 1.5,1.48,,,WON,
2025-12-03T19:00:00+00:00,Copa del Rey,Eldense,Almeria,Over/Under Goals,Under 3.5,1.25,,,WON,
2025-12-03T19:00:00+00:00,Copa del Rey,Mirandes,Sporting Gijon,Over/Under Goals,Over 1.5,1.4,,,WON,
2025-12-03T19:00:00+00:00,Copa del Rey,Real Murcia,Cadiz,Over/Under Goals,Under 3.5,1.15,,,LOST,
2025-12-03T19:00:00+00:00,Cupa României,Uta Arad,FCSB,Over/Under Goals,Under 3.5,1.28,,,WON,
2025-12-03T19:00:00+00:00,KNVB Beker,PEC Zwolle,AZ Alkmaar,Over/Under Goals,Over 1.5,1.2,,,WON,
2025-12-03T19:00:00+00:00,National Division,Progres Niederkorn,Jeunesse Canach,Over/Under Goals,Under 3.5,1.36,,,WON,
2025-12-03T19:00:00+00:00,National Division,Swift Hesperange,US Mondorf-les-bains,Over/Under Goals,Under 3.5,1.33,,,WON,
2025-12-03T19:00:00+00:00,National Division,UNA Strassen,FC Differdange 03,Team Total Goals,Over 0.5,1.25,,,WON,
2025-12-03T19:00:00+00:00,National Division,Victoria Rosport,F91 Dudelange,Over/Under Goals,Under 3.5,1.45,,,WON,
2025-12-03T19:00:00+00:00,Primera División,Blooming,ABB,1X2 / Match Winner,Home,1.42,,,WON,
2025-12-03T19:15:00+00:00,DBU Pokalen,Viborg,Vejle,Over/Under Goals,Over 1.5,1.18,,,WON,
2025-12-03T19:30:00+00:00,Cup,Aris Thessalonikis,PAOK,Over/Under Goals,Under 3.5,1.22,,,WON,
2025-12-03T19:30:00+00:00,Cup,Cercle Brugge,Gent,Over/Under Goals,Over 1.5,1.22,,,WON,
2025-12-03T19:30:00+00:00,Cup,OH Leuven,Club Brugge KV,Over/Under Goals,Over 1.5,1.22,,,WON,
2025-12-03T19:30:00+00:00,Cup,Union St. Gilloise,Zulte Waregem,Result + Total Goals,Home/Over 1.5,1.4,,,WON,
2025-12-03T19:30:00+00:00,Premier League,Arsenal,Brentford,Over/Under Goals,Over 1.5,1.22,,,WON,
2025-12-03T19:30:00+00:00,Premier League,Brighton,Aston Villa,Over/Under Goals,Under 3.5,1.38,,,LOST,
2025-12-03T19:30:00+00:00,Premier League,Burnley,Crystal Palace,Over/Under Goals,Under 3.5,1.3,,,WON,
2025-12-03T19:30:00+00:00,Premier League,Wolves,Nottingham Forest,Over/Under Goals,Under 3.5,1.28,,,WON,
2025-12-03T19:30:00+00:00,Tipp3 Bundesliga,Sturm Graz,WSG Wattens,Team Total Goals,Over 0.5,1.62,,,WON,
2025-12-03T19:45:00+00:00,DFB Pokal,Union Berlin,Bayern München,Team Total Goals,Over 0.5,1.6,,,WON,
2025-12-03T19:45:00+00:00,Premiership,Aberdeen,ST Mirren,Over/Under Goals,Under 3.5,1.3,,,LOST,
2025-12-03T19:45:00+00:00,Premiership,Dundee Utd,Rangers,Over/Under Goals,Under 3.5,1.5,,,LOST,
2025-12-03T19:45:00+00:00,Premiership,Falkirk,Motherwell,Over/Under Goals,Under 3.5,1.44,,,WON,
2025-12-03T19:45:00+00:00,Premiership,Heart Of Midlothian,Kilmarnock,Over/Under Goals,Over 1.5,1.17,,,WON,
2025-12-03T20:00:00+00:00,Copa del Rey,Cieza,Levante,Over/Under Goals,Under 3.5,1.38,,,WON,
2025-12-03T20:00:00+00:00,Copa del Rey,Ourense CF,Girona,Over/Under Goals,Under 3.5,1.25,,,WON,
2025-12-03T20:00:00+00:00,Copa del Rey,Pontevedra,Eibar,Over/Under Goals,Under 3.5,1.22,,,WON,
2025-12-03T20:00:00+00:00,Copa del Rey,Reddis,Real Sociedad,Over/Under Goals,Over 1.5,1.18,,,WON,
2025-12-03T20:00:00+00:00,Coppa Italia,Inter,Venezia,Over/Under Goals,Over 1.5,1.18,,,WON,
2025-12-03T20:15:00+00:00,Premier League,Leeds,Chelsea,Team Total Goals,Over 0.5,1.15,,,WON,
2025-12-03T20:15:00+00:00,Premier League,Liverpool,Sunderland,Over/Under Goals,Over 1.5,1.18,,,WON,
2025-12-03T22:00:00+00:00,Primera División,Real Tomayapo,Oriente Petrolero,Over/Under Goals,Over 1.5,1.18,,,LOST,
2025-12-03T22:00:00+00:00,Serie A,RB Bragantino,Vitoria,Over/Under Goals,Under 3.5,1.3,,,LOST,
2025-12-03T22:30:00+00:00,Serie A,Juventude,Santos,Team Total Goals,Over 0.5,1.48,,,LOST,
2025-12-03T23:00:00+00:00,Serie A,Bahia,Sport Recife,Over/Under Goals,Over 2.5,1.42,,,LOST,
2025-12-03T23:00:00+00:00,Serie A,Sao Paulo,Internacional,Double Chance,Draw/Away,1.5,,,LOST,
2025-12-03T23:20:00+00:00,Primera A,Fortaleza FC,Santa Fe,Over/Under Goals,Under 3.5,1.2,,,WON,
2025-12-04T00:00:00+00:00,Primera División,Jorge Wilstermann,Real Oruro,Double Chance,Draw/Away,1.65,,,LOST,
2025-12-04T00:30:00+00:00,Division di Honor,La Fama,Dakota,Result + Total Goals,Away/Over 1.5,1.4,,,WON,
2025-12-04T00:30:00+00:00,Serie A,Atletico-MG,Palmeiras,Over/Under Goals,Under 3.5,1.22,,,WON,
2025-12-04T00:30:00+00:00,Serie A,Flamengo,Ceara,Over/Under Goals,Under 3.5,1.38,,,WON,
2025-12-04T01:00:00+00:00,Liga MX,Cruz Azul,Tigres UANL,Over/Under Goals,Over 1.5,1.3,,,WON,
2025-12-04T01:30:00+00:00,Liga Nacional,Olancho,CD Olimpia,Over/Under Goals,Over 1.5,1.22,,,WON,
2025-12-04T01:30:00+00:00,Primera A,Bucaramanga,Deportes Tolima,Over/Under Goals,Under 2.5,1.57,,,WON,
2025-12-04T03:10:00+00:00,Liga MX,Monterrey,Toluca,Over/Under Goals,Under 3.5,1.5,,,WON,
2025-12-04T07:00:00+00:00,Premier League,North District,Wofoo Tai Po,Over/Under Goals,Over 1.5,1.15,,,WON,
2025-12-04T10:00:00+00:00,Cup,Yalova Yeşilovaspor,Gazişehir Gaziantep,Over/Under Goals,Over 1.5,1.17,,,WON,
2025-12-04T10:30:00+00:00,Cup,Fethiyespor,Bandırmaspor,Over/Under Goals,Under 3.5,1.36,,,LOST,
2025-12-04T11:00:00+00:00,Cup,Qabala,Safa Baku,Over/Under Goals,Under 3.5,1.5,,,WON,
2025-12-04T11:00:00+00:00,First League,Dobrudzha,Ludogorets,Over/Under Goals,Under 3.5,1.36,,,WON,
2025-12-04T11:00:00+00:00,Thai League 2,Phrae United,Rasi Salai United,Double Chance,Home/Draw,1.5,,,LOST,
2025-12-04T11:30:00+00:00,Cup,KEK-u,Vëllaznimi,Over/Under Goals,Under 3.5,1.3,,,WON,
2025-12-04T11:30:00+00:00,Thai League 2,Kasetsart FC,Esan Pattaya,Over/Under Goals,Under 3.5,1.33,,,WON,
2025-12-04T12:00:00+00:00,Cupa României,Sporting Lieşti,Metalul Buzău,Double Chance,Draw/Away,1.15,,,WON,
2025-12-04T12:00:00+00:00,II Liga - East,Sokół Kleczew,ŁKS Łódź II,Over/Under Goals,Over 1.5,1.17,,,WON,
2025-12-04T12:30:00+00:00,Cup,76 Iğdır Belediyespor,Orduspor 1967,Over/Under Goals,Under 3.5,1.62,,,LOST,
2025-12-04T12:30:00+00:00,Cup,El Gouna FC,Asyut Petrol,Over/Under Goals,Under 3.5,1.2,,,WON,
2025-12-04T13:00:00+00:00,Coupe Nationale,Khroub,Oued Akbou,Over/Under Goals,Under 3.5,1.15,,,WON,
2025-12-04T13:00:00+00:00,Coupe Nationale,MC Saida,Teleghma,BTTS,No,1.4,,,WON,
2025-12-04T13:00:00+00:00,Coupe Nationale,Paradou AC,CRB Adrar,Over/Under Goals,Under 3.5,1.27,,,WON,
2025-12-04T13:00:00+00:00,Premijer Liga,Zeljeznicar Sarajevo,Siroki Brijeg,Over/Under Goals,Under 3.5,1.15,,,LOST,
2025-12-04T13:30:00+00:00,First League,Botev Vratsa,Spartak Varna,Over/Under Goals,Under 3.5,1.22,,,WON,
2025-12-04T13:30:00+00:00,Persian Gulf Pro League,Tractor Sazi,Esteghlal Khuzestan,Over/Under Goals,Under 3.5,1.35,,,WON,
2025-12-04T14:15:00+00:00,Cupa României,Sepsi OSK Sfantu Gheorghe,Universitatea Cluj,Over/Under Goals,Over 1.5,1.38,,,WON,
2025-12-04T14:30:00+00:00,Arab Cup,Palestine,Tunisia,Over/Under Goals,Under 3.5,1.25,,,LOST,
2025-12-04T15:00:00+00:00,Cup,Iraklis 1908,Panetolikos,1X2 / Match Winner,Draw,3.5,,,WON,
2025-12-04T15:00:00+00:00,Cup,Silifke Belediyespor,Antalyaspor,Over/Under Goals,Under 3.5,1.48,,,WON,
2025-12-04T15:00:00+00:00,First NL,HNK Cibalia,Sesvete,Over/Under Goals,Under 3.5,1.15,,,WON,
2025-12-04T16:00:00+00:00,Cup,GKS Katowice,Jagiellonia,Over/Under Goals,Over 1.5,1.28,,,WON,
2025-12-04T16:00:00+00:00,Ekstraklasa,Wisla Plock,Cracovia Krakow,1X2 / Match Winner,Draw,3.15,,,WON,
2025-12-04T16:00:00+00:00,First League,Slavia Sofia,Levski Sofia,Over/Under Goals,Under 3.5,1.28,,,WON,
2025-12-04T16:30:00+00:00,Cupa României,Metaloglobus,CFR 1907 Cluj,Over/Under Goals,Under 3.5,1.42,,,LOST,
2025-12-04T17:00:00+00:00,Arab Cup,Syria,Qatar,Team Total Goals,Over 0.5,1.53,,,WON,
2025-12-04T17:00:00+00:00,Coppa Italia,Bologna,Parma,1X2 / Match Winner,Home,1.54,,,WON,
2025-12-04T17:00:00+00:00,Cup,Olimpija Ljubljana,Celje,1X2 / Match Winner,Draw,3.9,,,LOST,
2025-12-04T17:00:00+00:00,Liga Alef,Maccabi K. Ata Bialik,Maccabi Ahi Nazareth,Double Chance,Home/Draw,1.22,,,LOST,
2025-12-04T17:00:00+00:00,NB I,Kisvarda FC,Ferencvarosi TC,Double Chance,Draw/Away,1.15,,,WON,
2025-12-04T17:30:00+00:00,Cup,Yeni Çorumspor,Alanyaspor,Double Chance,Draw/Away,1.25,,,WON,
2025-12-04T18:00:00+00:00,Copa del Rey,Atlético Baleares,Espanyol,Over/Under Goals,Under 3.5,1.45,,,WON,
2025-12-04T18:00:00+00:00,Copa del Rey,Leganes,Albacete,Double Chance,Draw/Away,1.7,,,WON,
2025-12-04T18:00:00+00:00,Copa del Rey,Sabadell,Deportivo La Coruna,Over/Under Goals,Under 3.5,1.25,,,WON,
2025-12-04T18:00:00+00:00,Coupe Nationale,MC Alger,El Bayadh,Over/Under Goals,Under 2.5,1.67,,,WON,
2025-12-04T18:00:00+00:00,DBU Pokalen,FC Midtjylland,FC Nordsjaelland,Over/Under Goals,Over 1.5,1.16,,,WON,
2025-12-04T18:00:00+00:00,Gaúcho - 3,Apafut,Guarani RS,1X2 / Match Winner,Away,1.59,,,LOST,
2025-12-04T18:00:00+00:00,Ligue 1,ASEC Mimosas,San-Pédro,Double Chance,Home/Draw,1.18,,,WON,
2025-12-04T18:00:00+00:00,Super Liga,FK Crvena Zvezda,Cukaricki,Team Total Goals,Over 0.5,1.65,,,LOST,
2025-12-04T18:30:00+00:00,Serie B,Juve Stabia,Bari,Over/Under Goals,Under 3.5,1.22,,,WON,
2025-12-04T19:00:00+00:00,Cupa României,Petrolul Ploiesti,Universitatea Craiova,Over/Under Goals,Under 3.5,1.26,,,LOST,
2025-12-04T19:00:00+00:00,Eerste Divisie,Vitesse,De Graafschap,Over/Under Goals,Under 3.5,1.62,,,WON,
2025-12-04T19:00:00+00:00,Liga de Ascenso,Quepos Cambute,Inter San Carlos,Over/Under Goals,Under 3.5,1.37,,,WON,
2025-12-04T19:00:00+00:00,Primera División,Always Ready,Aurora,1X2 / Match Winner,Home,1.16,,,WON,
2025-12-04T19:00:00+00:00,Tercera División RFEF - Group 11,Platges Calvià,Felanitx,Over/Under Goals,Under 2.5,2.0,,,WON,
2025-12-04T19:30:00+00:00,Cup,Charleroi,KV Mechelen,Double Chance,Draw/Away,1.7,,,LOST,
2025-12-04T19:30:00+00:00,Schweizer Cup,FC Aarau,FC Sion,Over/Under Goals,Under 3.5,1.33,,,LOST,
2025-12-04T19:45:00+00:00,Cup,Zawisza Bydgoszcz,Wisla Krakow,Over/Under Goals,Under 3.5,1.62,,,LOST,
2025-12-04T20:00:00+00:00,Copa del Rey,Extremadura 1924,Sevilla,1X2 / Match Winner,Away,1.4,,,WON,
2025-12-04T20:00:00+00:00,Coppa Italia,Lazio,AC Milan,Over/Under Goals,Under 3.5,1.25,,,WON,
2025-12-04T20:00:00+00:00,Premier League,Manchester United,West Ham,BTTS,Yes,1.65,,,WON,
2025-12-04T20:15:00+00:00,Taça da Liga,FC Porto,Guimaraes,Team Total Goals,Under 2.5,1.55,,,WON,
2025-12-04T21:00:00+00:00,Copa del Rey,Tenerife,Granada CF,Over/Under Goals,Under 3.5,1.22,,,WON,
2025-12-04T21:00:00+00:00,Liga Nacional,CD Marathon,Lobos Upnfm,Over/Under Goals,Under 3.5,1.42,,,WON,
2025-12-04T22:00:00+00:00,Primera División,Universitario de Vinto,The Strongest,Over/Under Goals,Under 3.5,1.62,,,WON,
2025-12-04T22:30:00+00:00,Serie A,Cruzeiro,Botafogo,Over/Under Goals,Under 3.5,1.25,,,LOST,
2025-12-04T23:30:00+00:00,Primera A,Atletico Nacional,Independiente Medellin,Team Total Goals,Under 2.5,1.18,,,WON,
2025-12-05T00:00:00+00:00,Primera División,Bolívar,Nacional Potosí,1X2 / Match Winner,Home,1.2,,,WON,
2025-12-05T01:35:00+00:00,Primera A,Junior,America de Cali,Asian Handicap,Away -1.25,1.4,,,WON,
2025-12-05T08:35:00+00:00,A-League,Macarthur,Melbourne Victory,Over/Under Goals,Under 3.5,1.5,,,WON,
2025-12-05T09:45:00+00:00,Liga Alef,Hapoel Marmorek,Maccabi Kiryat Gat,Over/Under Goals,Under 3.5,1.39,,,WON,
2025-12-05T10:00:00+00:00,K-League Classic,Bucheon FC 1995,Suwon City FC,Over/Under Goals,Under 3.5,1.22,,,WON,
2025-12-05T10:00:00+00:00,Liga Alef,FC Jerusalem,Maccabi Yavne,Over/Under Goals,Under 3.5,1.28,,,WON,
2025-12-05T10:00:00+00:00,Liga Alef,Hapoel Ironi Karmiel,Maccabi Nujeidat Ahmed,Over/Under Goals,Under 3.5,1.41,,,WON,
2025-12-05T10:30:00+00:00,Liga Alef,Beitar Yavne,Dimona,Double Chance,Draw/Away,1.22,,,LOST,
2025-12-05T10:30:00+00:00,Liga Alef,Hapoel Herzliya,Maccabi Ashdod,Double Chance,Draw/Away,1.6,,,WON,
2025-12-05T10:40:00+00:00,Liga Alef,Ironi Nesher,Tzeirei Umm al-Fahm,Over/Under Goals,Under 3.5,1.28,,,WON,
2025-12-05T10:45:00+00:00,A-League,Perth Glory,Western Sydney Wanderers,Asian Handicap,Home +0.5,1.7,,,WON,
2025-12-05T10:45:00+00:00,Liga Alef,Hapoel Azor,Shimshon Tel Aviv,Over/Under Goals,Under 3.5,1.22,,,WON,
2025-12-05T11:00:00+00:00,Liga Revelação U23,Farense U23,Sporting CP U23,Double Chance,Home/Draw,1.5,,,WON,
2025-12-05T11:00:00+00:00,Southeast Asian Games,Myanmar U22,Philippines U22,Double Chance,Draw/Away,1.57,,,WON,
2025-12-05T11:15:00+00:00,Liga Alef,Tzeirey Tamra,Maccabi Neve Sha'anan,Double Chance,Home/Draw,1.7,,,LOST,
2025-12-05T12:00:00+00:00,First League,Makedonija GjP,Vardar Skopje,Over/Under Goals,Under 3.5,1.44,,,WON,
2025-12-05T12:00:00+00:00,First League,Tikveš,Struga,Team Total Goals,Over 0.5,1.18,,,WON,
2025-12-05T12:00:00+00:00,Liga 1,Persib Bandung,Pusamania Borneo,Over/Under Goals,Under 3.5,1.36,,,LOST,
2025-12-05T12:00:00+00:00,Persian Gulf Pro League,Persepolis FC,Esteghlal FC,Asian Handicap,Home +0.25,1.48,,,WON,
2025-12-05T12:00:00+00:00,Premier League,Welayta Dicha,Suhul Shire,Double Chance,Draw/Away,1.57,,,WON,
2025-12-05T12:00:00+00:00,Thai League 1,Ratchaburi,Sukhothai FC,Asian Handicap,Away -1.25,1.68,,,WON,
2025-12-05T12:30:00+00:00,Second League,El Seka El Hadid,Proxy,Over/Under Goals,Under 2.5,1.3,,,WON,
2025-12-05T13:00:00+00:00,Liga Leumit,Hapoel Kfar Saba,Hapoel Hadera,Over/Under Goals,Under 3.5,1.25,,,WON,
2025-12-05T13:00:00+00:00,Liga Leumit,Hapoel Nazareth Illit,Hapoel Afula,1X2 / Match Winner,Draw,3.3,,,WON,
2025-12-05T13:00:00+00:00,Liga Leumit,Hapoel Ramat Gan,Kafr Qasim,Double Chance,Draw/Away,1.5,,,WON,
2025-12-05T13:00:00+00:00,Liga Leumit,Hapoel Rishon LeZion,Maccabi Kabilio Jaffa,Double Chance,Draw/Away,1.6,,,LOST,
2025-12-05T13:00:00+00:00,Liga Leumit,Kiryat Yam SC,Bnei Yehuda,Over/Under Goals,Under 3.5,1.33,,,WON,
2025-12-05T13:00:00+00:00,Premier League,Ethiopian Medhin,Mebrat Hayl,Over/Under Goals,Under 2.5,1.3,,,WON,
2025-12-05T13:00:00+00:00,Professional Development League,Coventry City U21,Barnsley U21,Asian Handicap,Away -1.25,1.5,,,WON,
2025-12-05T13:00:00+00:00,Second League,Fratria,Hebar 1918,Over/Under Goals,Under 3.5,1.34,,,LOST,
2025-12-05T13:00:00+00:00,Super League,Terengganu,Kuching FA,Over/Under Goals,Over 1.5,1.2,,,WON,
2025-12-05T13:30:00+00:00,Coupe Nationale,Khenchela,MB Rouisset,Double Chance,Home/Draw,1.22,,,WON,
2025-12-05T13:30:00+00:00,Coupe Nationale,Koléa,JS Bordj Ménaïel,Double Chance,Home/Draw,1.22,,,WON,
2025-12-05T13:30:00+00:00,Coupe Nationale,MO Bejaia,Usm El Harrach,Double Chance,Draw/Away,1.57,,,WON,
2025-12-05T13:30:00+00:00,Persian Gulf Pro League,Foolad FC,Aluminium Arak,Over/Under Goals,Under 2.5,1.28,,,WON,
2025-12-05T13:30:00+00:00,Persian Gulf Pro League,Sepahan FC,Fajr Sepasi,Over/Under Goals,Under 3.5,1.15,,,WON,
2025-12-05T14:00:00+00:00,Regionalliga - Nord,Werder Bremen II,Phönix Lübeck,Team Total Goals,Under 2.5,1.2,,,WON,
2025-12-05T14:00:00+00:00,Shield Cup,Sama Al Sarhan,Al Jazeera,Over/Under Goals,Under 2.5,1.67,,,LOST,
2025-12-05T14:30:00+00:00,Arab Cup,Oman,Morocco,Over/Under Goals,Under 3.5,1.48,,,WON,
2025-12-05T14:30:00+00:00,First NL,Karlovac 1919,Hrvace,Over/Under Goals,Under 3.5,1.3,,,WON,
2025-12-05T15:00:00+00:00,Liga Revelação U23,Benfica U23,Portimonense U23,Over/Under Goals,Under 3.5,1.42,,,WON,
2025-12-05T15:30:00+00:00,Second League,Lokomotiv G. Oryahovitsa,Dunav Ruse,Over/Under Goals,Under 3.5,1.16,,,WON,
2025-12-05T16:00:00+00:00,1. Division,Pafos,Akritas,Over/Under Goals,Under 3.5,1.5,,,LOST,
2025-12-05T16:00:00+00:00,Coupe Nationale,MC Oran,Mostaganem,Over/Under Goals,Under 2.5,1.44,,,LOST,
2025-12-05T16:00:00+00:00,Premier League,Akhmat,FC Orenburg,Team Total Goals,Over 0.5,1.18,,,WON,
2025-12-05T16:00:00+00:00,Premier League,Pompiers,Nouakchott King's,Over/Under Goals,Under 2.5,1.44,,,WON,
2025-12-05T16:00:00+00:00,Premier League,Zorya Luhansk,Karpaty,Over/Under Goals,Under 3.5,1.28,,,WON,
2025-12-05T16:15:00+00:00,Liga II,Concordia,Chindia Targoviste,Over/Under Goals,Under 3.5,1.23,,,WON,
2025-12-05T16:30:00+00:00,1. SNL,Koper,NK Domzale,1X2 / Match Winner,Draw,4.79,,,LOST,
2025-12-05T16:30:00+00:00,QSL Cup,Al Mesaimeer,Al Shamal,Over/Under Goals,Over 1.5,1.17,,,WON,
2025-12-05T17:00:00+00:00,1. Division,Enosis,Krasava Ypsonas,Over/Under Goals,Under 3.5,1.25,,,WON,
2025-12-05T17:00:00+00:00,2. Division,ASIL Lysi,Digenis Morphou,Double Chance,Draw/Away,1.4,,,LOST,
2025-12-05T17:00:00+00:00,Czech Liga,Teplice,Slavia Praha,Over/Under Goals,Under 3.5,1.33,,,WON,
2025-12-05T17:00:00+00:00,Erste Liga,Admira Wacker,SV Kapfenberg,1X2 / Match Winner,Home,1.53,,,WON,
2025-12-05T17:00:00+00:00,Erste Liga,Floridsdorfer AC,WSPG Wels,Over/Under Goals,Under 3.5,1.33,,,LOST,
2025-12-05T17:00:00+00:00,Erste Liga,Rapid Wien II,Schwarz-Weiß Bregenz,Over/Under Goals,Under 3.5,1.5,,,LOST,
2025-12-05T17:00:00+00:00,I Liga,Tychy 71,Polonia Warszawa,Over/Under Goals,Under 3.5,1.5,,,WON,
2025-12-05T17:00:00+00:00,Prva HNL,NK Slaven Belupo,HNK Gorica,Over/Under Goals,Over 1.5,1.36,,,WON,
2025-12-05T17:00:00+00:00,Super Lig,Galatasaray,Samsunspor,Over/Under Goals,Under 3.5,1.55,,,LOST,
2025-12-05T17:30:00+00:00,Bundesliga 2,Fortuna Düsseldorf,FC Schalke 04,Over/Under Goals,Under 3.5,1.35,,,WON,
2025-12-05T17:30:00+00:00,Bundesliga 2,Preußen Münster,Hannover 96,Over/Under Goals,Under 3.5,1.42,,,LOST,
2025-12-05T17:30:00+00:00,Frauen Bundesliga,VfL Wolfsburg W,SC Freiburg W,BTTS,Yes,1.55,,,WON,
2025-12-05T18:00:00+00:00,3. Liga,Rot-Weiß Essen,Stuttgart II,Over/Under Goals,Over 1.5,1.18,,,WON,
2025-12-05T18:00:00+00:00,Feminine Division 1,Marseille W,Paris Saint Germain W,Over/Under Goals,Under 3.5,1.4,,,LOST,
2025-12-05T18:00:00+00:00,Ligue 1,Stade Brestois 29,Monaco,Over/Under Goals,Under 3.5,1.5,,,WON,
2025-12-05T18:00:00+00:00,National 2 - Group A,Les Herbiers,Bayonne,Over/Under Goals,Under 3.5,1.18,,,WON,
2025-12-05T18:00:00+00:00,Regionalliga - Bayern,Bayern München II,Wacker Burghausen,Over/Under Goals,Over 2.5,1.5,,,WON,
2025-12-05T18:00:00+00:00,Regionalliga - Nordost,BFC Dynamo,Hallescher FC,Over/Under Goals,Under 3.5,1.36,,,WON,
2025-12-05T18:00:00+00:00,Regionalliga - Nordost,Lokomotive Leipzig,FSV Zwickau,Over/Under Goals,Over 1.5,1.25,,,WON,
2025-12-05T18:00:00+00:00,Regionalliga - SudWest,Eintracht Trier,Stuttgarter Kickers,Over/Under Goals,Under 3.5,1.45,,,LOST,
2025-12-05T18:00:00+00:00,Regionalliga - SudWest,FC Astoria Walldorf,TSV Steinbach,Double Chance,Draw/Away,1.55,,,WON,
2025-12-05T18:00:00+00:00,Regionalliga - SudWest,Kickers Offenbach,FSV Mainz 05 II,Over/Under Goals,Under 3.5,1.48,,,LOST,
2025-12-05T18:00:00+00:00,Segunda Liga,Penafiel,União de Leiria,Over/Under Goals,Under 3.5,1.28,,,WON,
2025-12-05T18:00:00+00:00,Superligaen,FC Fredericia,Odense,Over/Under Goals,Under 3.5,1.48,,,LOST,
2025-12-05T18:30:00+00:00,Arab Cup,Comoros,Saudi Arabia,Asian Handicap,Home +1.25,1.57,,,LOST,
2025-12-05T18:30:00+00:00,Liga I,Oţelul,Unirea Slobozia,Over/Under Goals,Under 3.5,1.25,,,WON,
2025-12-05T18:30:00+00:00,National 1,Aubagne,Rouen,Over/Under Goals,Under 3.5,1.25,,,WON,
2025-12-05T18:30:00+00:00,National 1,Bourg-en-bresse 01,Sochaux,Over/Under Goals,Under 3.5,1.17,,,LOST,
2025-12-05T18:30:00+00:00,National 1,Concarneau,Stade Briochin,Over/Under Goals,Under 3.5,1.28,,,LOST,
2025-12-05T18:30:00+00:00,National 1,Dijon,Valenciennes,Over/Under Goals,Under 3.5,1.22,,,LOST,
2025-12-05T18:30:00+00:00,National 1,Fleury 91,Chateauroux,1X2 / Match Winner,Draw,3.49,,,WON,
2025-12-05T18:30:00+00:00,National 1,Quevilly,Orleans,Team Total Goals,Over 0.5,1.25,,,WON,
2025-12-05T18:30:00+00:00,National 1,Versailles,Le Puy Foot,Over/Under Goals,Under 2.5,1.62,,,LOST,
2025-12-05T18:30:00+00:00,National 1,Villefranche,Caen,Over/Under Goals,Under 3.5,1.22,,,WON,
2025-12-05T18:30:00+00:00,Regionalliga - West,Fortuna Düsseldorf II,Borussia M'gladbach II,Over/Under Goals,Under 3.5,1.53,,,LOST,
2025-12-05T18:30:00+00:00,Regionalliga - West,Fortuna Köln,Wuppertaler SV,Over/Under Goals,Under 3.5,1.8,,,WON,
2025-12-05T18:30:00+00:00,Segunda División RFEF - Group 2,Amorebieta,Tudelano,Over/Under Goals,Under 3.5,1.16,,,WON,
2025-12-05T19:00:00+00:00,Challenger Pro League,Olympic Charleroi,Patro Eisden,1X2 / Match Winner,Draw,4.16,,,WON,
2025-12-05T19:00:00+00:00,Challenger Pro League,Seraing United,AS Eupen,Over/Under Goals,Under 3.5,1.36,,,WON,
2025-12-05T19:00:00+00:00,Eerste Divisie,ADO Den Haag,Emmen,Over/Under Goals,Over 2.5,1.38,,,WON,
2025-12-05T19:00:00+00:00,Eerste Divisie,Almere City FC,Jong Ajax,1X2 / Match Winner,Home,1.53,,,WON,
2025-12-05T19:00:00+00:00,Eerste Divisie,Cambuur,Den Bosch,Over/Under Goals,Over 2.5,1.42,,,WON,
2025-12-05T19:00:00+00:00,Eerste Divisie,FC Eindhoven,Jong PSV U21,Over/Under Goals,Over 1.5,1.18,,,WON,
2025-12-05T19:00:00+00:00,Eerste Divisie,Helmond Sport,MVV,Double Chance,Home/Draw,1.17,,,LOST,
2025-12-05T19:00:00+00:00,Eerste Divisie,Roda,Jong AZ,Over/Under Goals,Under 3.5,1.55,,,LOST,
2025-12-05T19:00:00+00:00,Eerste Divisie,Waalwijk,VVV Venlo,1X2 / Match Winner,Home,1.66,,,LOST,
2025-12-05T19:00:00+00:00,Eredivisie,Excelsior,Groningen,Over/Under Goals,Over 1.5,1.22,,,WON,
2025-12-05T19:00:00+00:00,Ligue 2,Clermont Foot,Boulogne,1X2 / Match Winner,Draw,3.39,,,WON,
2025-12-05T19:00:00+00:00,Ligue 2,Grenoble,Nancy,Team Total Goals,Over 0.5,1.4,,,LOST,
2025-12-05T19:00:00+00:00,Ligue 2,Guingamp,Annecy,Double Chance,Home/Draw,1.22,,,LOST,
2025-12-05T19:00:00+00:00,Ligue 2,Le Mans,Amiens,Over/Under Goals,Under 3.5,1.3,,,WON,
2025-12-05T19:00:00+00:00,Premier League Cup,Cardiff City U21,Stockport County U21,BTTS,Yes,1.44,,,WON,
2025-12-05T19:00:00+00:00,Premier League Cup,Hull City U21,AFC Bournemouth U21,Team Total Goals,Under 2.5,1.16,,,LOST,
2025-12-05T19:00:00+00:00,Premier League Cup,Sheffield United U21,Bristol City U21,Team Total Goals,Over 0.5,1.59,,,WON,
2025-12-05T19:00:00+00:00,Tercera División RFEF - Group 15,Aoiz,Txantrea,Double Chance,Home/Draw,1.53,,,LOST,
2025-12-05T19:15:00+00:00,Challenge League,FC Vaduz,Neuchatel Xamax FC,Asian Handicap,Home +0,1.46,,,WON,
2025-12-05T19:15:00+00:00,Challenge League,Étoile Carouge,FC WIL 1900,Over/Under Goals,Under 3.5,1.3,,,WON,
2025-12-05T19:30:00+00:00,Bundesliga 1,FSV Mainz 05,Borussia Mönchengladbach,Over/Under Goals,Under 3.5,1.45,,,WON,
2025-12-05T19:30:00+00:00,Ekstraklasa,Lechia Gdansk,Gornik Zabrze,Asian Handicap,Home +0.5,1.62,,,WON,
2025-12-05T19:30:00+00:00,FA Cup,Salford City,Leyton Orient,Over/Under Goals,Over 1.5,1.22,,,WON,
2025-12-05T19:30:00+00:00,FAW Championship,Newport City,Pontypridd Town,Over/Under Goals,Under 3.5,1.43,,,WON,
2025-12-05T19:30:00+00:00,First Amateur Division,Thes Sport,Lyra-Lierse Berlaar,Over/Under Goals,Under 2.5,1.9,,,WON,
2025-12-05T19:30:00+00:00,Primera División RFEF - Group 2,Sevilla Atletico,Gimnastic,Asian Handicap,Home +0.25,1.4,,,LOST,
2025-12-05T19:30:00+00:00,Serie C - Girone C,Catania,Crotone,Over/Under Goals,Under 2.5,1.62,,,WON,
2025-12-05T19:45:00+00:00,Championship,Morton,Queen's Park,Over/Under Goals,Under 3.5,1.28,,,WON,
2025-12-05T19:45:00+00:00,FAW Championship,Newtown AFC,Penrhyncoch,1X2 / Match Winner,Home,1.38,,,LOST,
2025-12-05T19:45:00+00:00,FAW Championship,Rhyl,Holywell,BTTS,Yes,1.46,,,WON,
2025-12-05T19:45:00+00:00,FAW Championship,Trethomas Bluebirds,Llantwit Major,Over/Under Goals,Under 3.5,1.28,,,LOST,
2025-12-05T19:45:00+00:00,Football League - Lowland League,Hearts U21,Cowdenbeath,Double Chance,Home/Draw,1.6,,,WON,
2025-12-05T19:45:00+00:00,Jupiler Pro League,RAAL La Louvière,Dender,Over/Under Goals,Under 3.5,1.22,,,WON,
2025-12-05T19:45:00+00:00,Non League Premier - Southern South,Gloucester City,Yate Town,Team Total Goals,Under 2.5,1.49,,,WON,
2025-12-05T19:45:00+00:00,Premier League,Bala Town,Haverfordwest County AFC,Over/Under Goals,Under 3.5,1.25,,,WON,
2025-12-05T19:45:00+00:00,Premier League,Caernarfon Town,Flint Town United,Over/Under Goals,Under 3.5,1.7,,,WON,
2025-12-05T19:45:00+00:00,Premier League,Cardiff MET,llanelli AFC,Result + Total Goals,Home/Over 1.5,1.4,,,WON,
2025-12-05T19:45:00+00:00,Premier League,GAP Connah S Quay FC,Colwyn Bay,Over/Under Goals,Over 1.5,1.2,,,WON,
2025-12-05T19:45:00+00:00,Premiership,Larne,Linfield,Over/Under Goals,Under 3.5,1.22,,,WON,
2025-12-05T20:00:00+00:00,Championship,Hull City,Middlesbrough,Over/Under Goals,Over 1.5,1.28,,,WON,
2025-12-05T20:00:00+00:00,La Liga,Oviedo,Mallorca,Over/Under Goals,Under 3.5,1.18,,,WON,
2025-12-05T20:00:00+00:00,Ligue 1,Lille,Marseille,Asian Handicap,Away -0.5,1.5,,,LOST,
2025-12-05T20:15:00+00:00,Primeira Liga,Benfica,Sporting CP,Double Chance,Draw/Away,1.45,,,WON,
2025-12-05T23:00:00+00:00,Primera Division,Palestino,Huachipato,Over/Under Goals,Under 3.5,1.42,,,LOST,
2025-12-06T00:00:00+00:00,Liga Pro,Deportivo Cuenca,Delfin SC,Over/Under Goals,Under 3.5,1.28,,,WON,
2025-12-06T01:00:00+00:00,Primera División,Sporting San Jose,Deportivo Saprissa,Over/Under Goals,Under 3.5,1.28,,,WON,
2025-12-06T04:00:00+00:00,A-League,Auckland,Wellington Phoenix,Asian Handicap,Home +0.5,1.16,,,WON,
2025-12-06T04:00:00+00:00,Australian Championship,South Melbourne,Marconi Stallions,Over/Under Goals,Under 3.5,1.4,,,WON,
2025-12-06T05:00:00+00:00,J. League Div.1,Cerezo Osaka,Yokohama FC,Over/Under Goals,Over 1.5,1.28,,,WON,
2025-12-06T05:00:00+00:00,J. League Div.1,FC Tokyo,Albirex Niigata,Team Total Goals,Over 0.5,1.15,,,WON,
2025-12-06T05:00:00+00:00,J. League Div.1,Gamba Osaka,Tokyo Verdy,Over/Under Goals,Under 3.5,1.25,,,LOST,
2025-12-06T05:00:00+00:00,J. League Div.1,Kashima,Yokohama F. Marinos,Team Total Goals,Over 0.5,1.5,,,WON,
2025-12-06T05:00:00+00:00,J. League Div.1,Kashiwa Reysol,Machida Zelvia,Asian Handicap,Away -1.25,1.42,,,WON,
2025-12-06T05:00:00+00:00,J. League Div.1,Kyoto Sanga,Vissel Kobe,Over/Under Goals,Under 3.5,1.33,,,WON,
2025-12-06T05:00:00+00:00,J. League Div.1,Nagoya Grampus,Avispa Fukuoka,Over/Under Goals,Under 2.5,1.55,,,WON,
2025-12-06T05:00:00+00:00,J. League Div.1,Sanfrecce Hiroshima,Shonan Bellmare,Over/Under Goals,Over 1.5,1.2,,,WON,
2025-12-06T05:00:00+00:00,J. League Div.1,Shimizu S-pulse,Fagiano Okayama,Over/Under Goals,Under 3.5,1.33,,,WON,
2025-12-06T05:00:00+00:00,J. League Div.1,Urawa,Kawasaki Frontale,Over/Under Goals,Under 3.5,1.57,,,LOST,
2025-12-06T06:00:00+00:00,A-League,Newcastle Jets,Melbourne City,Over/Under Goals,Over 1.5,1.18,,,LOST,
2025-12-06T07:00:00+00:00,Premier League,Warriors,Southern District,Team Total Goals,Over 0.5,1.42,,,LOST,
2025-12-06T08:35:00+00:00,A-League,Central Coast Mariners,Sydney,Over/Under Goals,Under 3.5,1.5,,,WON,
2025-12-06T09:00:00+00:00,Liga II,CS Afumati,Viitorul Şelimbăr,Double Chance,Draw/Away,1.66,,,LOST,
2025-12-06T09:00:00+00:00,Liga II,FC Bacau,CSA Steaua Bucureşti,Over/Under Goals,Under 3.5,1.26,,,LOST,
2025-12-06T09:00:00+00:00,Liga II,FC Voluntari,Dumbrăviţa,Over/Under Goals,Under 3.5,1.25,,,LOST,
2025-12-06T09:00:00+00:00,Liga II,Gloria Bistriţa,Muscelul Câmpulung Elite,Over/Under Goals,Under 3.5,1.38,,,LOST,
2025-12-06T09:00:00+00:00,Liga II,Slatina,CSM Satu Mare,Over/Under Goals,Under 3.5,1.33,,,LOST,
2025-12-06T09:00:00+00:00,Southeast Asian Games,Malaysia U22,Laos U22,1X2 / Match Winner,Home,1.34,,,WON,
2025-12-06T09:00:00+00:00,Super League,Pdrm,Sabah FA,Over/Under Goals,Under 3.5,1.55,,,LOST,
2025-12-06T09:30:00+00:00,Erovnuli Liga,Torpedo Kutaisi,Gareji,Over/Under Goals,Over 1.5,1.22,,,WON,
2025-12-06T10:00:00+00:00,3. Lig - Group 3,Fatsa Belediyespor,Zonguldak Kömürspor,Double Chance,Home/Draw,1.44,,,WON,
2025-12-06T10:00:00+00:00,Campionato Primavera - 1,Cremonese U20,Cagliari U20,Over/Under Goals,Under 2.5,1.57,,,LOST,
2025-12-06T10:00:00+00:00,Campionato Primavera - 1,Juventus U20,Torino U20,Team Total Goals,Under 2.5,1.21,,,WON,
2025-12-06T10:30:00+00:00,First League,Lokomotiv Sofia,Botev Plovdiv,Over/Under Goals,Under 3.5,1.28,,,LOST,
2025-12-06T10:30:00+00:00,TFF 1. Lig,Serik Belediyespor,Keçiörengücü,Over/Under Goals,Over 1.5,1.19,,,WON,
2025-12-06T11:00:00+00:00,1a Divisão - Women,SL Benfica,Braga W,Double Chance,Draw/Away,3.4,,,LOST,
2025-12-06T11:00:00+00:00,Arab Cup,Kuwait,Jordan,Double Chance,Home/Draw,1.7,,,LOST,
2025-12-06T11:00:00+00:00,Azadegan League,Mes Kerman,Shahrdari Noshahr,BTTS,No,1.41,,,WON,
2025-12-06T11:00:00+00:00,Frauen Bundesliga,Carl Zeiss Jena  W,Werder Bremen W,Over/Under Goals,Under 3.5,1.62,,,WON,
2025-12-06T11:00:00+00:00,Liga 3,Guimaraes B,São João Ver,Over/Under Goals,Under 3.5,1.18,,,WON,
2025-12-06T11:00:00+00:00,Premier League,FC Rostov,Rubin,Over/Under Goals,Under 3.5,1.19,,,WON,
2025-12-06T11:00:00+00:00,Premier League,LNZ Cherkasy,Obolon'-Brovar,1X2 / Match Winner,Home,1.48,,,WON,
2025-12-06T11:00:00+00:00,Primera División Femenina,Atletico Madrid W,Sevilla W,Over/Under Goals,Under 3.5,1.48,,,LOST,
2025-12-06T11:00:00+00:00,Primera División Femenina,Deportivo de La Coruña W,Granada,Over/Under Goals,Under 3.5,1.25,,,WON,
2025-12-06T11:00:00+00:00,Segunda División RFEF - Group 2,Náxara,Ejea,Over/Under Goals,Under 3.5,1.16,,,WON,
2025-12-06T11:00:00+00:00,Segunda División RFEF - Group 4,Ucam Murcia,Xerez,Double Chance,Draw/Away,1.67,,,LOST,
2025-12-06T11:00:00+00:00,Segunda División RFEF - Group 4,Yeclano,Real Jaén,Over/Under Goals,Under 2.5,1.44,,,WON,
2025-12-06T11:00:00+00:00,Segunda Liga,Felgueiras 1932,Sporting CP B,Over/Under Goals,Under 3.5,1.28,,,WON,
2025-12-06T11:00:00+00:00,Tercera División RFEF - Group 10,Conil,Castilleja,Over/Under Goals,Under 2.5,1.7,,,LOST,
2025-12-06T11:00:00+00:00,Tercera División RFEF - Group 15,Oberena,Atlético Artajonés,Asian Handicap,Home +0,1.67,,,WON,
2025-12-06T11:00:00+00:00,Tercera División RFEF - Group 2,Colunga,Covadonga,1X2 / Match Winner,Away,1.45,,,WON,
2025-12-06T11:00:00+00:00,Thai League 1,Lamphun Warrior,Rayong FC,Asian Handicap,Away -1.25,1.4,,,WON,
2025-12-06T11:00:00+00:00,Thai League 2,Pattani,Sisaket United,Over/Under Goals,Under 3.5,1.21,,,WON,
2025-12-06T11:15:00+00:00,Ekstraklasa,Arka Gdynia,Motor Lublin,Double Chance,Draw/Away,1.42,,,LOST,
2025-12-06T11:30:00+00:00,Azadegan League,Nassaji Mazandaran,Naft Gachsaran,Over/Under Goals,Under 2.5,1.53,,,LOST,
2025-12-06T11:30:00+00:00,Azadegan League,Niroye Zamini,Mes Shahr-e Babak,Over/Under Goals,Under 2.5,1.33,,,WON,
2025-12-06T11:30:00+00:00,Cup,Tanjong Pagar,Geylang International,Over/Under Goals,Under 3.5,1.67,,,LOST,
2025-12-06T11:30:00+00:00,NB I,Diosgyori VTK,Nyiregyhaza,Over/Under Goals,Over 1.5,1.25,,,WON,
2025-12-06T11:30:00+00:00,Serie A Women,Napoli W,AC Milan W,Double Chance,Draw/Away,1.17,,,WON,
2025-12-06T11:30:00+00:00,Super Lig,Eyüpspor,Kayserispor,Over/Under Goals,Under 3.5,1.42,,,WON,
2025-12-06T11:30:00+00:00,Thai League 1,Buriram United,Kanchanaburi,1X2 / Match Winner,Home,1.18,,,WON,
2025-12-06T11:30:00+00:00,Thai League 2,Nakhon Pathom,Mahasarakham United,Over/Under Goals,Under 3.5,1.19,,,WON,
2025-12-06T11:45:00+00:00,Tercera División RFEF - Group 4,Deusto,Durango,Over/Under Goals,Under 2.5,1.5,,,LOST,
2025-12-06T12:00:00+00:00,3. Lig - Group 1,Kestel Çilek,Galata,Double Chance,Draw/Away,1.18,,,WON,
2025-12-06T12:00:00+00:00,Bundesliga 2,1. FC Kaiserslautern,Dynamo Dresden,Over/Under Goals,Under 3.5,1.5,,,LOST,
2025-12-06T12:00:00+00:00,Bundesliga 2,SC Paderborn 07,SV Elversberg,Over/Under Goals,Under 3.5,1.45,,,WON,
2025-12-06T12:00:00+00:00,Bundesliga 2,VfL Bochum,Arminia Bielefeld,Over/Under Goals,Over 1.5,1.2,,,LOST,
2025-12-06T12:00:00+00:00,Campeonato de Portugal Prio - Group C,Lusitânia,Marinhense,Over/Under Goals,Under 2.5,1.53,,,WON,
2025-12-06T12:00:00+00:00,First League,Arsenal Tivat,Mladost DG,Over/Under Goals,Under 3.5,1.15,,,WON,
2025-12-06T12:00:00+00:00,First League,Bashkimi Kumanovo,Shkendija,Over/Under Goals,Under 3.5,1.48,,,LOST,
2025-12-06T12:00:00+00:00,First League,Bokelj,Dečić,1X2 / Match Winner,Draw,3.05,,,WON,
2025-12-06T12:00:00+00:00,III Liga - Group 2,Victoria Września,Lech Poznań II,Asian Handicap,Home +1.25,1.46,,,WON,
2025-12-06T12:00:00+00:00,Liga 1,PSM Makassar,Persebaya Surabaya,1X2 / Match Winner,Draw,3.25,,,WON,
2025-12-06T12:00:00+00:00,Premier League,Adama Kenema,Kedus Giorgis,BTTS,No,1.6,,,WON,
2025-12-06T12:00:00+00:00,Second League,FK Minyor Pernik,Pirin Blagoevgrad,Over/Under Goals,Under 2.5,1.62,,,WON,
2025-12-06T12:00:00+00:00,Second League,Spartak Pleven,Vihren,Over/Under Goals,Under 3.5,1.25,,,LOST,
2025-12-06T12:00:00+00:00,Second League,Yantra 2019,Chernomorets 1919 Burgas,Over/Under Goals,Under 2.5,1.53,,,WON,
2025-12-06T12:00:00+00:00,Super League 2,Asteras Tripolis II,PAOK II,Over/Under Goals,Under 2.5,1.67,,,WON,
2025-12-06T12:00:00+00:00,Super League 2,Kalamata,Olympiakos Piraeus II,Over/Under Goals,Over 1.5,1.2,,,WON,
2025-12-06T12:00:00+00:00,Superliga,Ballkani,Prishtina e Re,Team Total Goals,Under 2.5,1.47,,,LOST,
2025-12-06T12:00:00+00:00,Superliga,Dukagjini,Drita,Over/Under Goals,Under 3.5,1.2,,,WON,
2025-12-06T12:00:00+00:00,Thai League 1,Muangthong United,Chonburi FC,Over/Under Goals,Under 3.5,1.4,,,LOST,
2025-12-06T12:00:00+00:00,Thai League 2,Khon Kaen United,Nong Bua Pitchaya,Over/Under Goals,Under 3.5,1.98,,,WON,
2025-12-06T12:30:00+00:00,2. Division,Spartakos Kitiou,Nea Salamis,Double Chance,Draw/Away,1.18,,,WON,
2025-12-06T12:30:00+00:00,Championship,Derby,Leicester,Over/Under Goals,Over 1.5,1.38,,,WON,
2025-12-06T12:30:00+00:00,Championship,Watford,Norwich,Over/Under Goals,Over 1.5,1.28,,,WON,
2025-12-06T12:30:00+00:00,First League,Jezero,Mornar,Over/Under Goals,Under 3.5,1.2,,,WON,
2025-12-06T12:30:00+00:00,League One,Cardiff,Huddersfield,Over/Under Goals,Over 1.5,1.25,,,WON,
2025-12-06T12:30:00+00:00,League One,Plymouth,Bradford,Over/Under Goals,Under 3.5,1.38,,,WON,
2025-12-06T12:30:00+00:00,League Two,Colchester,Gillingham,Asian Handicap,Home +0,1.45,,,WON,
2025-12-06T12:30:00+00:00,Liga II,CSM Reşiţa,Bihor Oradea,Over/Under Goals,Under 2.5,1.67,,,LOST,
2025-12-06T12:30:00+00:00,National League,Morecambe,Boston United,Over/Under Goals,Under 3.5,1.44,,,WON,
2025-12-06T12:30:00+00:00,Premier League,Aston Villa,Arsenal,Over/Under Goals,Over 1.5,1.35,,,WON,
2025-12-06T12:30:00+00:00,Regionalliga - Nord,Weiche Flensburg,Hannover 96 II,Asian Handicap,Home +0.25,1.7,,,LOST,
2025-12-06T12:30:00+00:00,Second League,Grbalj,Rudar,Asian Handicap,Home +0,1.4,,,WON,
2025-12-06T12:30:00+00:00,Super League,Melaka,Negeri Sembilan,Over/Under Goals,Under 3.5,1.55,,,WON,
2025-12-06T12:30:00+00:00,Thai League 1,Prachuap,Ayutthaya FC,1X2 / Match Winner,Draw,3.75,,,WON,
2025-12-06T12:30:00+00:00,Thai League 2,Police Tero,Chainat,Over/Under Goals,Under 3.5,1.22,,,WON,
2025-12-06T12:30:00+00:00,Tweede Divisie,Katwijk,Spakenburg,Over/Under Goals,Over 1.5,1.15,,,WON,
2025-12-06T13:00:00+00:00,3. Liga,Energie Cottbus,MSV Duisburg,Over/Under Goals,Over 1.5,1.22,,,WON,
2025-12-06T13:00:00+00:00,3. Liga,FC Viktoria Köln,SSV Ulm 1846,Over/Under Goals,Over 1.5,1.18,,,LOST,
2025-12-06T13:00:00+00:00,3. Liga,Havelse,Verl,Over/Under Goals,Over 1.5,1.17,,,WON,
2025-12-06T13:00:00+00:00,3. Liga,Hoffenheim II,SSV Jahn Regensburg,BTTS,Yes,1.48,,,LOST,
2025-12-06T13:00:00+00:00,3. Liga,VfL Osnabrück,SV Wehen,Over/Under Goals,Under 3.5,1.38,,,WON,
2025-12-06T13:00:00+00:00,Azadegan League,Sanat Naft,Naft Bandar Abbas,Double Chance,Home/Draw,1.19,,,WON,
2025-12-06T13:00:00+00:00,Erovnuli Liga,Dila,Dinamo Tbilisi,Over/Under Goals,Under 3.5,1.16,,,LOST,
2025-12-06T13:00:00+00:00,First League,Lokomotiv Plovdiv,Arda Kardzhali,Over/Under Goals,Under 3.5,1.18,,,WON,
2025-12-06T13:00:00+00:00,First League,Petrovac,Buducnost Podgorica,Over/Under Goals,Under 3.5,1.2,,,WON,
2025-12-06T13:00:00+00:00,First League,Sutjeska,Jedinstvo,Over/Under Goals,Under 3.5,1.28,,,WON,
2025-12-06T13:00:00+00:00,Frauen Bundesliga,Bayer Leverkusen W,RB Leipzig W,Double Chance,Home/Draw,1.16,,,WON,
2025-12-06T13:00:00+00:00,Frauenliga,Austria Wien W,Sturm Graz W,Asian Handicap,Away -1.25,2.0,,,LOST,
2025-12-06T13:00:00+00:00,Frauenliga,Neulengbach W,St. Pölten W,Over/Under Goals,Under 3.5,2.15,,,LOST,
2025-12-06T13:00:00+00:00,La Liga,Villarreal,Getafe,Asian Handicap,Away -1.25,1.55,,,LOST,
2025-12-06T13:00:00+00:00,Ligat Ha'al,Hapoel Tel Aviv,Hapoel Petah Tikva,Team Total Goals,Under 2.5,1.22,,,LOST,
2025-12-06T13:00:00+00:00,Ligue 2,Estac Troyes,Rodez,Over/Under Goals,Over 1.5,1.28,,,WON,
2025-12-06T13:00:00+00:00,Ligue 2,Montpellier,PAU,Team Total Goals,Over 0.5,1.18,,,LOST,
2025-12-06T13:00:00+00:00,Premyer Liqa,Zira,Qarabag,Over/Under Goals,Under 3.5,1.18,,,WON,
2025-12-06T13:00:00+00:00,QSL Cup,Qatar SC,UMM Salal,Double Chance,Draw/Away,1.25,,,LOST,
2025-12-06T13:00:00+00:00,Regionalliga - Nord,VfB Lübeck,Eintracht Norderstedt,Asian Handicap,Home +0.25,1.52,,,WON,
2025-12-06T13:00:00+00:00,Regionalliga - Nordost,Eilenburg,BFC Preussen,Over/Under Goals,Under 3.5,1.4,,,WON,
2025-12-06T13:00:00+00:00,Regionalliga - Nordost,Greifswalder FC,Chemnitzer FC,1X2 / Match Winner,Draw,3.4,,,WON,
2025-12-06T13:00:00+00:00,Regionalliga - Nordost,Hertha Zehlendorf,Altglienicke,Over/Under Goals,Under 3.5,1.44,,,LOST,
2025-12-06T13:00:00+00:00,Regionalliga - Nordost,Luckenwalde,FC Rot-Weiß Erfurt,Over/Under Goals,Under 3.5,1.36,,,WON,
2025-12-06T13:00:00+00:00,Regionalliga - SudWest,Bahlinger SC,FC 08 Homburg,1X2 / Match Winner,Away,1.62,,,WON,
2025-12-06T13:00:00+00:00,Regionalliga - SudWest,Balingen,Barockstadt Fulda-Lehn.,Over/Under Goals,Under 3.5,1.62,,,WON,
2025-12-06T13:00:00+00:00,Regionalliga - SudWest,FSV Frankfurt,SG Sonnenhof Grossaspach,Over/Under Goals,Under 3.5,1.55,,,LOST,
2025-12-06T13:00:00+00:00,Regionalliga - SudWest,Hessen Kassel,SV Sandhausen,Over/Under Goals,Under 3.5,1.48,,,LOST,
2025-12-06T13:00:00+00:00,Regionalliga - SudWest,Schott Mainz,SGV Freiberg,Team Total Goals,Under 2.5,1.57,,,WON,
2025-12-06T13:00:00+00:00,Regionalliga - West,FC Gutersloh,Rot-weiss Oberhausen,Over/Under Goals,Under 3.5,1.44,,,WON,
2025-12-06T13:00:00+00:00,Regionalliga - West,Köln II,FC Bocholt,Over/Under Goals,Over 2.5,1.44,,,WON,
2025-12-06T13:00:00+00:00,Regionalliga - West,SV Rodinghausen,Sportfreunde Siegen,BTTS,Yes,1.57,,,WON,
2025-12-06T13:00:00+00:00,Regionalliga - West,Schalke 04 II,Wiedenbrück,Over/Under Goals,Over 2.5,1.44,,,WON,
2025-12-06T13:00:00+00:00,Second League,Mladost Lješkopolje,Lovćen,Over/Under Goals,Under 2.5,1.67,,,WON,
2025-12-06T13:00:00+00:00,Segunda Division,FC Andorra,Almeria,Team Total Goals,Over 0.5,1.22,,,WON,
2025-12-06T13:00:00+00:00,Super League 2,Kampaniakos Chalastra,Anagennisi Karditsas,Over/Under Goals,Under 3.5,1.18,,,WON,
2025-12-06T13:00:00+00:00,Super League 2,PAS Giannina,Niki Volos,Over/Under Goals,Under 2.5,1.95,,,WON,
2025-12-06T13:00:00+00:00,Super League,Mufulira Wanderers,Green Eagles,Over/Under Goals,Under 2.5,1.28,,,WON,
2025-12-06T13:00:00+00:00,TFF 1. Lig,Ümraniyespor,Amed,Asian Handicap,Home +1.25,1.7,,,WON,
2025-12-06T13:15:00+00:00,Ligi kuu Bara,Singida Black Stars,Tabora United,Team Total Goals,Under 2.5,1.42,,,WON,
2025-12-06T13:30:00+00:00,Arab Cup,Bahrain,Algeria,Over/Under Goals,Under 3.5,1.25,,,LOST,
2025-12-06T13:30:00+00:00,Erste Liga,Austria Lustenau,FC Liefering,Over/Under Goals,Under 3.5,1.36,,,WON,
2025-12-06T13:30:00+00:00,Premier League,Kolos Kovalivka,Shakhtar Donetsk,1X2 / Match Winner,Away,1.51,,,LOST,
2025-12-06T13:30:00+00:00,Serie A Women,Roma W,Juventus W,Double Chance,Draw/Away,1.49,,,WON,
2025-12-06T13:30:00+00:00,Serie C - Girone C,Casarano,Latina,Over/Under Goals,Under 3.5,1.28,,,WON,
2025-12-06T13:30:00+00:00,Serie C - Girone C,Siracusa,Foggia,Double Chance,Home/Draw,1.17,,,WON,
2025-12-06T13:30:00+00:00,Serie C - Girone C,Sorrento,Potenza,Double Chance,Draw/Away,1.4,,,WON,
2025-12-06T13:30:00+00:00,Serie D - Girone G,Latte Dolce,Montespaccato,Team Total Goals,Over 0.5,1.41,,,WON,
2025-12-06T13:30:00+00:00,Serie D - Girone G,Trastevere,Olbia,Asian Handicap,Away -1.25,1.48,,,WON,
2025-12-06T13:30:00+00:00,Tweede Divisie,Barendrecht,RKAV Volendam,Over/Under Goals,Over 2.5,1.57,,,WON,
2025-12-06T13:30:00+00:00,Tweede Divisie,Koninklijke HFC,ACV,Over/Under Goals,Under 3.5,1.27,,,WON,
2025-12-06T13:30:00+00:00,Tweede Divisie,Rijnsburgse Boys,Hoek,Over/Under Goals,Over 2.5,1.6,,,LOST,
2025-12-06T13:45:00+00:00,Ekstraklasa,Pogon Szczecin,Radomiak Radom,Over/Under Goals,Over 1.5,1.22,,,WON,
2025-12-06T13:45:00+00:00,NB I,Debreceni VSC,Puskas Academy,Team Total Goals,Over 0.5,1.22,,,WON,
2025-12-06T13:45:00+00:00,Premier League,Spartak Moscow,Dynamo,Team Total Goals,Over 0.5,1.19,,,WON,
2025-12-06T14:00:00+00:00,1. SNL,Maribor,Aluminij,Team Total Goals,Over 0.5,1.57,,,WON,
2025-12-06T14:00:00+00:00,Botola 2,Chabab Mohammédia,Chabab Atl. Khenifra,Double Chance,Home/Draw,1.22,,,LOST,
2025-12-06T14:00:00+00:00,Campionato Primavera - 1,Genoa U20,Atalanta U20,Over/Under Goals,Under 3.5,1.29,,,LOST,
2025-12-06T14:00:00+00:00,Campionato,Cosmos,Folgore,Double Chance,Draw/Away,1.5,,,LOST,
2025-12-06T14:00:00+00:00,Campionato,Tre Fiori,Murata,1X2 / Match Winner,Home,1.21,,,WON,
2025-12-06T14:00:00+00:00,Campionato,Virtus,Tre Penne,Double Chance,Draw/Away,1.62,,,LOST,
2025-12-06T14:00:00+00:00,Czech Liga,Dukla Praha,Slovan Liberec,Over/Under Goals,Under 3.5,1.22,,,WON,
2025-12-06T14:00:00+00:00,Czech Liga,Mlada Boleslav,Zlin,Over/Under Goals,Under 3.5,1.36,,,LOST,
2025-12-06T14:00:00+00:00,Czech Liga,Slovácko,Plzen,Over/Under Goals,Under 3.5,1.36,,,WON,
2025-12-06T14:00:00+00:00,FAW Championship,Flint Mountain,Caersws,Double Chance,Draw/Away,1.67,,,LOST,
2025-12-06T14:00:00+00:00,Prva HNL,Dinamo Zagreb,HNK Hajduk Split,Over/Under Goals,Over 1.5,1.36,,,WON,
2025-12-06T14:00:00+00:00,Segunda Liga,Maritimo,Torreense,Over/Under Goals,Under 3.5,1.25,,,WON,
2025-12-06T14:00:00+00:00,Serie A,Sassuolo,Fiorentina,Over/Under Goals,Under 3.5,1.25,,,LOST,
2025-12-06T14:00:00+00:00,Super Lig,Konyaspor,Rizespor,Over/Under Goals,Over 1.5,1.25,,,WON,
2025-12-06T14:00:00+00:00,Tweede Divisie,Kozakken Boys,HHC,Over/Under Goals,Under 3.5,1.29,,,WON,
2025-12-06T14:15:00+00:00,Tweede Divisie,AFC Amsterdam,GVVV Veenendaal,Asian Handicap,Home +0.25,1.54,,,LOST,
2025-12-06T14:30:00+00:00,Bundesliga 1,1. FC Heidenheim,SC Freiburg,Over/Under Goals,Over 1.5,1.28,,,WON,
2025-12-06T14:30:00+00:00,Bundesliga 1,1. FC Köln,FC St. Pauli,Over/Under Goals,Over 1.5,1.28,,,WON,
2025-12-06T14:30:00+00:00,Bundesliga 1,FC Augsburg,Bayer Leverkusen,Over/Under Goals,Under 3.5,1.53,,,WON,
2025-12-06T14:30:00+00:00,Bundesliga 1,VfB Stuttgart,Bayern München,BTTS,Yes,1.42,,,LOST,
2025-12-06T14:30:00+00:00,Bundesliga 1,VfL Wolfsburg,Union Berlin,Over/Under Goals,Over 1.5,1.3,,,WON,
2025-12-06T14:30:00+00:00,Super Liga,Skalica,Komárno,Over/Under Goals,Under 3.5,1.28,,,WON,
2025-12-06T14:30:00+00:00,Super Liga,Zemplín Michalovce,Podbrezová,Over/Under Goals,Over 1.5,1.2,,,WON,
2025-12-06T14:30:00+00:00,Super Liga,Žilina,Ružomberok,Over/Under Goals,Under 3.5,1.5,,,WON,
2025-12-06T14:30:00+00:00,Tercera División RFEF - Group 3,Cartes,Escobedo,Double Chance,Draw/Away,1.22,,,WON,
2025-12-06T14:30:00+00:00,Tweede Divisie,Almere City II,Excelsior Maassluis,Over/Under Goals,Under 3.5,1.72,,,WON,
2025-12-06T15:00:00+00:00,1. Division,Olympiakos,Omonia Nicosia,Over/Under Goals,Over 1.5,1.22,,,WON,
2025-12-06T15:00:00+00:00,Challenger Pro League,K. Lierse S.K.,KRC Genk II,Over/Under Goals,Under 3.5,1.45,,,WON,
2025-12-06T15:00:00+00:00,Championship,Ards,Loughgall,Over/Under Goals,Under 3.5,1.4,,,WON,
2025-12-06T15:00:00+00:00,Championship,Ayr Utd,Partick,Over/Under Goals,Under 3.5,1.25,,,WON,
2025-12-06T15:00:00+00:00,Championship,Ballinamallard United,Institute,Over/Under Goals,Under 3.5,1.44,,,LOST,
2025-12-06T15:00:00+00:00,Championship,Dundela,Armagh City,1X2 / Match Winner,Home,1.67,,,LOST,
2025-12-06T15:00:00+00:00,Championship,Dunfermline,Arbroath,Over/Under Goals,Under 3.5,1.22,,,WON,
2025-12-06T15:00:00+00:00,Championship,H&W Welders,Annagh United,Team Total Goals,Over 0.5,1.2,,,LOST,
2025-12-06T15:00:00+00:00,Championship,Ipswich,Coventry,BTTS,Yes,1.57,,,LOST,
2025-12-06T15:00:00+00:00,Championship,Preston,Wrexham,Asian Handicap,Away -0.5,1.53,,,WON,
2025-12-06T15:00:00+00:00,Championship,QPR,West Brom,Over/Under Goals,Under 3.5,1.25,,,LOST,
2025-12-06T15:00:00+00:00,Championship,Ross County,Airdrie United,Over/Under Goals,Under 3.5,1.36,,,WON,
2025-12-06T15:00:00+00:00,Championship,ST Johnstone,Raith Rovers,Asian Handicap,Away -1.25,1.55,,,WON,
2025-12-06T15:00:00+00:00,Championship,Sheffield Utd,Stoke City,Over/Under Goals,Over 1.5,1.35,,,WON,
2025-12-06T15:00:00+00:00,Championship,Southampton,Birmingham,BTTS,Yes,1.7,,,WON,
2025-12-06T15:00:00+00:00,Championship,Swansea,Oxford United,Over/Under Goals,Over 1.5,1.4,,,WON,
2025-12-06T15:00:00+00:00,FA Cup,Chelmsford City,Weston-super-Mare,Over/Under Goals,Under 3.5,1.25,,,WON,
2025-12-06T15:00:00+00:00,FA Cup,Cheltenham,Buxton,1X2 / Match Winner,Home,1.55,,,WON,
2025-12-06T15:00:00+00:00,FA Cup,Exeter City,Wycombe,Team Total Goals,Over 0.5,1.2,,,LOST,
2025-12-06T15:00:00+00:00,FA Cup,Grimsby,Wealdstone,Over/Under Goals,Under 3.5,1.67,,,LOST,
2025-12-06T15:00:00+00:00,FA Cup,Milton Keynes Dons,Oldham,Team Total Goals,Over 0.5,1.48,,,WON,
2025-12-06T15:00:00+00:00,FA Cup,Peterborough,Barnsley,Team Total Goals,Over 0.5,1.18,,,LOST,
2025-12-06T15:00:00+00:00,FA Cup,Port Vale,Bristol Rovers,Over/Under Goals,Under 3.5,1.35,,,WON,
2025-12-06T15:00:00+00:00,Football League - Lowland League,Caledonian Braves,Clydebank,Double Chance,Draw/Away,1.22,,,LOST,
2025-12-06T15:00:00+00:00,Jupiler Pro League,Cercle Brugge,Standard Liege,Over/Under Goals,Under 3.5,1.36,,,WON,
2025-12-06T15:00:00+00:00,League One,Alloa Athletic,Peterhead,Double Chance,Draw/Away,1.7,,,LOST,
2025-12-06T15:00:00+00:00,League One,Kelty Hearts,Montrose,Double Chance,Home/Draw,1.62,,,LOST,
2025-12-06T15:00:00+00:00,League One,Queen of the South,Cove Rangers,Over/Under Goals,Under 3.5,1.33,,,WON,
2025-12-06T15:00:00+00:00,League One,Stenhousemuir,Hamilton Academical,Double Chance,Home/Draw,1.55,,,WON,
2025-12-06T15:00:00+00:00,League Two,Annan Athletic,Spartans,Over/Under Goals,Under 3.5,1.36,,,WON,
2025-12-06T15:00:00+00:00,League Two,Edinburgh City,Dumbarton,Double Chance,Home/Draw,1.4,,,WON,
2025-12-06T15:00:00+00:00,League Two,Elgin City,Clyde,Double Chance,Home/Draw,1.5,,,WON,
2025-12-06T15:00:00+00:00,League Two,Forfar Athletic,East Kilbride,Over/Under Goals,Under 3.5,1.4,,,WON,
2025-12-06T15:00:00+00:00,League Two,Stranraer,Stirling Albion,Asian Handicap,Home +0,1.4,,,WON,
2025-12-06T15:00:00+00:00,Liga 3,Amora,1º Dezembro,Asian Handicap,Home +0.25,1.4,,,WON,
2025-12-06T15:00:00+00:00,Liga 3,Sanjoanense,Amarante,Over/Under Goals,Under 3.5,1.18,,,WON,
2025-12-06T15:00:00+00:00,Liga I,Csikszereda,Arges Pitesti,Over/Under Goals,Over 1.5,1.42,,,WON,
2025-12-06T15:00:00+00:00,NM Cupen,Lillestrom,Sarpsborg 08 FF,1X2 / Match Winner,Home,2.24,,,WON,
2025-12-06T15:00:00+00:00,National League - North,AFC Fylde,Merthyr Town,Over/Under Goals,Over 2.5,1.4,,,LOST,
2025-12-06T15:00:00+00:00,National League - North,AFC Telford United,Southport,Over/Under Goals,Over 1.5,1.25,,,WON,
2025-12-06T15:00:00+00:00,National League - North,Curzon Ashton,Alfreton Town,Over/Under Goals,Under 3.5,1.4,,,WON,
2025-12-06T15:00:00+00:00,National League - North,Hereford,Peterborough Sports,Over/Under Goals,Under 3.5,1.5,,,WON,
2025-12-06T15:00:00+00:00,National League - North,King's Lynn Town,Chester,Double Chance,Home/Draw,1.44,,,LOST,
2025-12-06T15:00:00+00:00,National League - North,Marine,Spennymoor Town,Over/Under Goals,Under 3.5,1.25,,,WON,
2025-12-06T15:00:00+00:00,National League - North,Oxford City,Darlington 1883,Over/Under Goals,Under 3.5,1.55,,,LOST,
2025-12-06T15:00:00+00:00,National League - North,Scarborough Athletic,Bedford Town,Over/Under Goals,Under 3.5,1.57,,,LOST,
2025-12-06T15:00:00+00:00,National League - North,South Shields,Kidderminster Harriers,BTTS,Yes,1.62,,,WON,
2025-12-06T15:00:00+00:00,National League - North,Worksop Town,Chorley,Over/Under Goals,Under 3.5,1.48,,,WON,
2025-12-06T15:00:00+00:00,National League - South,Chesham United,Dover,Double Chance,Draw/Away,1.65,,,WON,
2025-12-06T15:00:00+00:00,National League - South,Chippenham Town,Horsham,Team Total Goals,Under 2.5,1.2,,,LOST,
2025-12-06T15:00:00+00:00,National League - South,Dorking Wanderers,Eastbourne Borough,1X2 / Match Winner,Home,1.55,,,WON,
2025-12-06T15:00:00+00:00,National League - South,Ebbsfleet United,Worthing,Over/Under Goals,Under 3.5,1.45,,,WON,
2025-12-06T15:00:00+00:00,National League - South,Farnborough,AFC Totton,Over/Under Goals,Over 1.5,1.2,,,WON,
2025-12-06T15:00:00+00:00,National League - South,Maidenhead,AFC Hornchurch,Over/Under Goals,Under 2.5,1.9,,,WON,
2025-12-06T15:00:00+00:00,National League - South,Maidstone Utd,Bath City,Over/Under Goals,Under 3.5,1.25,,,WON,
2025-12-06T15:00:00+00:00,National League - South,Salisbury,Hemel Hempstead Town,Over/Under Goals,Under 3.5,1.3,,,WON,
2025-12-06T15:00:00+00:00,National League - South,Torquay,Tonbridge Angels,1X2 / Match Winner,Home,1.52,,,LOST,
2025-12-06T15:00:00+00:00,National League,Aldershot Town,Altrincham,Double Chance,Home/Draw,1.44,,,WON,
2025-12-06T15:00:00+00:00,National League,FC Halifax Town,Braintree,Team Total Goals,Under 2.5,1.25,,,LOST,
2025-12-06T15:00:00+00:00,National League,Forest Green,Solihull Moors,Asian Handicap,Away -1.25,1.7,,,WON,
2025-12-06T15:00:00+00:00,National League,Hartlepool,Yeovil Town,Over/Under Goals,Under 3.5,1.3,,,WON,
2025-12-06T15:00:00+00:00,Non League Premier - Isthmian,Billericay Town,Dulwich Hamlet,Over/Under Goals,Under 3.5,1.4,,,WON,
2025-12-06T15:00:00+00:00,Non League Premier - Isthmian,Chatham Town,Burgess Hill Town,Team Total Goals,Over 0.5,1.47,,,LOST,
2025-12-06T15:00:00+00:00,Non League Premier - Isthmian,Chichester City,Cray Valley PM,Over/Under Goals,Under 3.5,1.32,,,WON,
2025-12-06T15:00:00+00:00,Non League Premier - Isthmian,Folkestone Invicta,Brentwood Town,Over/Under Goals,Over 2.5,1.4,,,LOST,
2025-12-06T15:00:00+00:00,Non League Premier - Isthmian,Hashtag United,Canvey Island,Over/Under Goals,Over 1.5,1.15,,,WON,
2025-12-06T15:00:00+00:00,Non League Premier - Isthmian,Lewes,Dartford,Over/Under Goals,Under 3.5,1.39,,,WON,
2025-12-06T15:00:00+00:00,Non League Premier - Isthmian,Potters Bar Town,Cray Wanderers,Double Chance,Draw/Away,1.4,,,WON,
2025-12-06T15:00:00+00:00,Non League Premier - Isthmian,Whitehawk,Welling United,Over/Under Goals,Under 3.5,1.36,,,WON,
2025-12-06T15:00:00+00:00,Non League Premier - Isthmian,Wingate & Finchley,Carshalton Athletic,Over/Under Goals,Under 3.5,1.36,,,LOST,
2025-12-06T15:00:00+00:00,Non League Premier - Northern,Cleethorpes Town,United of Manchester,Over/Under Goals,Under 3.5,1.24,,,WON,
2025-12-06T15:00:00+00:00,Non League Premier - Northern,Guiseley AFC,Leek Town,Over/Under Goals,Under 3.5,1.31,,,WON,
2025-12-06T15:00:00+00:00,Non League Premier - Northern,Hednesford Town,Rylands,Team Total Goals,Under 2.5,1.16,,,WON,
2025-12-06T15:00:00+00:00,Non League Premier - Northern,Hyde United,Hebburn Town,Double Chance,Draw/Away,1.44,,,WON,
2025-12-06T15:00:00+00:00,Non League Premier - Northern,Morpeth Town,Prescot Cables,Over/Under Goals,Under 3.5,1.23,,,WON,
2025-12-06T15:00:00+00:00,Non League Premier - Northern,Stocksbridge Park Steels,Stockton Town,Over/Under Goals,Under 2.5,2.0,,,WON,
2025-12-06T15:00:00+00:00,Non League Premier - Northern,Warrington Town,Gainsborough Trinity,Double Chance,Home/Draw,1.62,,,LOST,
2025-12-06T15:00:00+00:00,Non League Premier - Northern,Workington,Bamber Bridge,Double Chance,Home/Draw,1.44,,,LOST,
2025-12-06T15:00:00+00:00,Non League Premier - Southern Central,Bromsgrove Sporting,Stratford Town,Double Chance,Draw/Away,1.53,,,WON,
2025-12-06T15:00:00+00:00,Non League Premier - Southern Central,Bury Town,Barwell,Double Chance,Home/Draw,1.4,,,WON,
2025-12-06T15:00:00+00:00,Non League Premier - Southern Central,Halesowen Town,Kettering Town,1X2 / Match Winner,Draw,3.6,,,WON,
2025-12-06T15:00:00+00:00,Non League Premier - Southern Central,Needham Market,Quorn,Over/Under Goals,Under 3.5,1.36,,,WON,
2025-12-06T15:00:00+00:00,Non League Premier - Southern Central,Redditch United,Banbury United,Over/Under Goals,Under 3.5,1.32,,,WON,
2025-12-06T15:00:00+00:00,Non League Premier - Southern Central,Spalding United,Leiston,Asian Handicap,Away -1.25,1.59,,,LOST,
2025-12-06T15:00:00+00:00,Non League Premier - Southern Central,St Ives Town,Worcester City,Team Total Goals,Over 0.5,1.19,,,WON,
2025-12-06T15:00:00+00:00,Non League Premier - Southern Central,Stamford,Royston Town,Double Chance,Draw/Away,1.53,,,LOST,
2025-12-06T15:00:00+00:00,Non League Premier - Southern Central,Stourbridge,AFC Sudbury,Over/Under Goals,Over 1.5,1.21,,,WON,
2025-12-06T15:00:00+00:00,Non League Premier - Southern South,Berkhamsted,Farnham Town,Over/Under Goals,Under 3.5,1.45,,,LOST,
2025-12-06T15:00:00+00:00,Non League Premier - Southern South,Chertsey Town,Weymouth,Over/Under Goals,Under 3.5,1.36,,,LOST,
2025-12-06T15:00:00+00:00,Non League Premier - Southern South,Dorchester Town,Hungerford Town,Over/Under Goals,Under 3.5,1.35,,,WON,
2025-12-06T15:00:00+00:00,Non League Premier - Southern South,Gosport Borough,Evesham United,Asian Handicap,Home +0.25,1.15,,,WON,
2025-12-06T15:00:00+00:00,Non League Premier - Southern South,Havant & Wville,Poole Town,Over/Under Goals,Over 1.5,1.15,,,WON,
2025-12-06T15:00:00+00:00,Non League Premier - Southern South,Taunton Town,Bracknell Town,Over/Under Goals,Over 1.5,1.15,,,WON,
2025-12-06T15:00:00+00:00,Non League Premier - Southern South,Uxbridge,Walton & Hersham,1X2 / Match Winner,Away,1.7,,,WON,
2025-12-06T15:00:00+00:00,Non League Premier - Southern South,Wimborne Town,Sholing,1X2 / Match Winner,Draw,3.75,,,WON,
2025-12-06T15:00:00+00:00,Premier League,Bournemouth,Chelsea,Over/Under Goals,Over 1.5,1.22,,,LOST,
2025-12-06T15:00:00+00:00,Premier League,Everton,Nottingham Forest,Over/Under Goals,Under 3.5,1.28,,,WON,
2025-12-06T15:00:00+00:00,Premier League,Manchester City,Sunderland,Over/Under Goals,Over 1.5,1.15,,,WON,
2025-12-06T15:00:00+00:00,Premier League,Newcastle,Burnley,Over/Under Goals,Over 1.5,1.2,,,WON,
2025-12-06T15:00:00+00:00,Premier League,Tottenham,Brentford,Over/Under Goals,Over 1.5,1.25,,,WON,
2025-12-06T15:00:00+00:00,Premiership,Ballymena United,Dungannon Swifts,Over/Under Goals,Under 3.5,1.28,,,WON,
2025-12-06T15:00:00+00:00,Premiership,Coleraine FC,Carrick Rangers,Over/Under Goals,Under 3.5,1.44,,,LOST,
2025-12-06T15:00:00+00:00,Premiership,Crusaders FC,Portadown,Over/Under Goals,Under 3.5,1.4,,,LOST,
2025-12-06T15:00:00+00:00,Premiership,Dundee,Aberdeen,Over/Under Goals,Under 3.5,1.25,,,LOST,
2025-12-06T15:00:00+00:00,Premiership,Glenavon FC,Bangor,Over/Under Goals,Under 3.5,1.4,,,WON,
2025-12-06T15:00:00+00:00,Premiership,Glentoran,Cliftonville FC,Team Total Goals,Under 2.5,1.25,,,WON,
2025-12-06T15:00:00+00:00,Premiership,Hibernian,Falkirk,Over/Under Goals,Under 3.5,1.48,,,WON,
2025-12-06T15:00:00+00:00,Premiership,Motherwell,Livingston,Over/Under Goals,Under 3.5,1.36,,,WON,
2025-12-06T15:00:00+00:00,Premiership,ST Mirren,Dundee Utd,Over/Under Goals,Over 1.5,1.3,,,WON,
2025-12-06T15:00:00+00:00,Primera División RFEF - Group 2,Hércules,Juventud Torremolinos,Over/Under Goals,Under 3.5,1.2,,,WON,
2025-12-06T15:00:00+00:00,Regionalliga - Nord,Kickers Emden,HSC Hannover,BTTS,Yes,1.53,,,WON,
2025-12-06T15:00:00+00:00,Regionalliga - Nord,VfB Oldenburg,Hamburger SV II,Over/Under Goals,Under 3.5,1.7,,,WON,
2025-12-06T15:00:00+00:00,Regionalliga - West,Borussia Dortmund II,Paderborn II,1X2 / Match Winner,Home,1.65,,,WON,
2025-12-06T15:00:00+00:00,Segunda División RFEF - Group 1,Real Oviedo II,Lealtad,Over/Under Goals,Under 3.5,1.25,,,WON,
2025-12-06T15:00:00+00:00,Segunda División RFEF - Group 3,Castellón II,Barbastro,Over/Under Goals,Under 3.5,1.4,,,LOST,
2025-12-06T15:00:00+00:00,Super League 1,Olympiakos Piraeus,OFI,1X2 / Match Winner,Home,1.16,,,WON,
2025-12-06T15:15:00+00:00,La Liga,Alaves,Real Sociedad,Over/Under Goals,Under 3.5,1.18,,,WON,
2025-12-06T15:15:00+00:00,Primera División RFEF - Group 1,Celta de Vigo II,Pontevedra,Over/Under Goals,Under 3.5,1.17,,,WON,
2025-12-06T15:15:00+00:00,Primera División RFEF - Group 2,Marbella,Sanluqueño,Over/Under Goals,Under 3.5,1.17,,,WON,
2025-12-06T15:15:00+00:00,Segunda Division,Huesca,Valladolid,Over/Under Goals,Under 3.5,1.16,,,LOST,
2025-12-06T15:15:00+00:00,Segunda División RFEF - Group 5,Colonia Moscardó,Rayo Majadahonda,1X2 / Match Winner,Away,1.57,,,LOST,
2025-12-06T15:30:00+00:00,3. Liga,TSV 1860 München,FC Schweinfurt 05,Over/Under Goals,Under 3.5,1.48,,,LOST,
2025-12-06T15:30:00+00:00,Eerste Divisie,Willem II,Dordrecht,Over/Under Goals,Over 1.5,1.18,,,WON,
2025-12-06T15:30:00+00:00,Eredivisie,Heerenveen,PSV Eindhoven,1X2 / Match Winner,Away,1.52,,,WON,
2025-12-06T15:30:00+00:00,First League,Cherno More Varna,CSKA Sofia,Over/Under Goals,Under 3.5,1.2,,,WON,
2025-12-06T15:30:00+00:00,I Liga,Miedz Legnica,Odra Opole,Over/Under Goals,Over 1.5,1.22,,,WON,
2025-12-06T15:30:00+00:00,I Liga,Pogoń Grod. Mazowiecki,Puszcza Niepołomice,Over/Under Goals,Under 3.5,1.5,,,WON,
2025-12-06T15:30:00+00:00,I Liga,Pogoń Siedlce,Wieczysta Kraków,Over/Under Goals,Under 3.5,1.5,,,WON,
2025-12-06T15:30:00+00:00,Júniores U19,Sporting CP U19,Alverca U19,Over/Under Goals,Over 1.5,1.19,,,WON,
2025-12-06T15:30:00+00:00,Primeira Liga,Santa Clara,Casa Pia,Asian Handicap,Home +0,1.4,,,WON,
2025-12-06T15:30:00+00:00,Segunda División RFEF - Group 1,Atlético Astorga,Sámano,Over/Under Goals,Under 3.5,1.18,,,WON,
2025-12-06T15:30:00+00:00,Segunda División RFEF - Group 2,Basconia,Eibar II,Over/Under Goals,Under 3.5,1.15,,,WON,
2025-12-06T15:30:00+00:00,Segunda División RFEF - Group 3,Poblense,Atlètic Lleida,Over/Under Goals,Under 3.5,1.27,,,WON,
2025-12-06T15:30:00+00:00,Tercera División RFEF - Group 15,Izarra,Cirbonero,1X2 / Match Winner,Home,1.62,,,WON,
2025-12-06T15:30:00+00:00,Tercera División RFEF - Group 4,Touring,Aurrerá Vitoria,Over/Under Goals,Under 2.5,1.57,,,WON,
2025-12-06T16:00:00+00:00,3. Lig - Group 4,Viven Bornova,Tire 2021 FK,Double Chance,Draw/Away,1.18,,,WON,
2025-12-06T16:00:00+00:00,Arab Cup,Sudan,Iraq,Over/Under Goals,Under 2.5,1.75,,,WON,
2025-12-06T16:00:00+00:00,Feminine Division 1,Paris FC W,Le Havre W,1X2 / Match Winner,Home,1.31,,,WON,
2025-12-06T16:00:00+00:00,Ligue 1,Nantes,Lens,Double Chance,Draw/Away,1.18,,,WON,
2025-12-06T16:00:00+00:00,NB I,Paks,MTK Budapest,Over/Under Goals,Over 2.5,1.4,,,WON,
2025-12-06T16:00:00+00:00,Premier League,Kudrivka,Dynamo Kyiv,Over/Under Goals,Under 3.5,1.57,,,WON,
2025-12-06T16:00:00+00:00,Segunda División RFEF - Group 2,SD Logroñés,Ebro,Over/Under Goals,Under 2.5,1.5,,,LOST,
2025-12-06T16:00:00+00:00,Segunda División RFEF - Group 3,Alcoyano,Barcelona B,BTTS,No,1.83,,,LOST,
2025-12-06T16:00:00+00:00,Super Liga,Javor,OFK Beograd,Over/Under Goals,Over 1.5,1.28,,,LOST,
2025-12-06T16:00:00+00:00,TFF 1. Lig,Erokspor,Sakaryaspor,Over/Under Goals,Over 1.5,1.17,,,WON,
2025-12-06T16:00:00+00:00,Tercera División RFEF - Group 5,Cornellà,Tona,Over/Under Goals,Under 2.5,1.62,,,LOST,
2025-12-06T16:00:00+00:00,Tercera División RFEF - Group 9,Mijas Las Lagunas,Martos,Over/Under Goals,Under 3.5,1.24,,,LOST,
2025-12-06T16:00:00+00:00,Tipp3 Bundesliga,FC BW Linz,Red Bull Salzburg,Over/Under Goals,Over 1.5,1.25,,,WON,
2025-12-06T16:00:00+00:00,Tipp3 Bundesliga,Rapid Vienna,Ried,Over/Under Goals,Under 3.5,1.33,,,WON,
2025-12-06T16:00:00+00:00,Tipp3 Bundesliga,TSV Hartberg,Lask Linz,Team Total Goals,Over 0.5,1.2,,,WON,
2025-12-06T16:30:00+00:00,1. SNL,Radomlje,Mura,Double Chance,Home/Draw,1.5,,,WON,
2025-12-06T16:30:00+00:00,Ekstraklasa,Zaglebie Lubin,Widzew Łódź,Asian Handicap,Away -0.5,1.55,,,LOST,
2025-12-06T16:30:00+00:00,Premier League,Zenit,Akron,Over/Under Goals,Under 3.5,1.64,,,WON,
2025-12-06T16:30:00+00:00,Segunda División RFEF - Group 5,Real Madrid III,Socuéllamos,1X2 / Match Winner,Draw,3.4,,,WON,
2025-12-06T16:30:00+00:00,Serie C - Girone C,Giugliano,Team Altamura,Over/Under Goals,Under 3.5,1.3,,,WON,
2025-12-06T17:00:00+00:00,1. Division,AEK Larnaca,Ethnikos Achna,1X2 / Match Winner,Home,1.33,,,WON,
2025-12-06T17:00:00+00:00,Challenge League,Bellinzona,Stade Nyonnais,Over/Under Goals,Under 3.5,1.31,,,WON,
2025-12-06T17:00:00+00:00,Challenge League,Stade Lausanne-Ouchy,Rapperswil,Over/Under Goals,Under 3.5,1.48,,,WON,
2025-12-06T17:00:00+00:00,Czech Liga,Sigma Olomouc,Sparta Praha,Team Total Goals,Over 0.5,1.53,,,LOST,
2025-12-06T17:00:00+00:00,Ligue 1,Jaraaf,Teungueth,Over/Under Goals,Under 2.5,1.3,,,WON,
2025-12-06T17:00:00+00:00,National 2 - Group A,Bordeaux,Dinan Léhon,Over/Under Goals,Over 1.5,1.19,,,WON,
2025-12-06T17:00:00+00:00,National 2 - Group A,Saint-Malo,Chauray,Asian Handicap,Away -1.25,1.42,,,LOST,
2025-12-06T17:00:00+00:00,National 2 - Group C,Grasse,Andrézieux,Over/Under Goals,Under 2.5,1.57,,,LOST,
2025-12-06T17:00:00+00:00,National 2 - Group C,Nimes,Hyères,Over/Under Goals,Under 2.5,1.53,,,WON,
2025-12-06T17:00:00+00:00,National 2 - Group C,Toulon,Limonest,Over/Under Goals,Under 2.5,1.67,,,LOST,
2025-12-06T17:00:00+00:00,Prva HNL,HNK Rijeka,Vukovar,Over/Under Goals,Under 3.5,1.36,,,LOST,
2025-12-06T17:00:00+00:00,Segunda División RFEF - Group 5,Conquense,Orihuela,Over/Under Goals,Under 2.5,1.44,,,WON,
2025-12-06T17:00:00+00:00,Serie A,Inter,Como,Over/Under Goals,Under 3.5,1.4,,,LOST,
2025-12-06T17:00:00+00:00,Super League,FC Thun,FC Luzern,Over/Under Goals,Over 1.5,1.18,,,WON,
2025-12-06T17:00:00+00:00,Super League,Grasshoppers,Servette FC,Team Total Goals,Over 0.5,1.2,,,WON,
2025-12-06T17:00:00+00:00,Super Lig,Başakşehir,Fenerbahçe,Over/Under Goals,Over 1.5,1.22,,,WON,
2025-12-06T17:00:00+00:00,Super Liga,FK Košice,Slovan Bratislava,Over/Under Goals,Over 1.5,1.17,,,WON,
2025-12-06T17:00:00+00:00,Tercera División RFEF - Group 3,Revilla,Cayón,Double Chance,Draw/Away,1.22,,,WON,
2025-12-06T17:00:00+00:00,Tweede Divisie,De Treffers,Sparta Rotterdam II,Over/Under Goals,Over 2.5,1.47,,,WON,
2025-12-06T17:15:00+00:00,Jupiler Pro League,Union St. Gilloise,Gent,Over/Under Goals,Under 3.5,1.53,,,WON,
2025-12-06T17:15:00+00:00,Primera División RFEF - Group 2,Alcorcon,Eldense,Over/Under Goals,Under 3.5,1.17,,,WON,
2025-12-06T17:15:00+00:00,QSL Cup,Lusail City,Al Shahaniya,Asian Handicap,Home +0,1.58,,,WON,
2025-12-06T17:15:00+00:00,QSL Cup,Muaither SC,Al-Rayyan SC,BTTS,Yes,1.62,,,WON,
2025-12-06T17:30:00+00:00,Bundesliga 1,RB Leipzig,Eintracht Frankfurt,Double Chance,Home/Draw,1.22,,,WON,
2025-12-06T17:30:00+00:00,La Liga,Real Betis,Barcelona,Over/Under Goals,Over 2.5,1.4,,,WON,
2025-12-06T17:30:00+00:00,Liga 3,Academica,Mafra,Team Total Goals,Under 2.5,1.16,,,LOST,
2025-12-06T17:30:00+00:00,Ligat Ha'al,Ironi Kiryat Shmona,Maccabi Haifa,Team Total Goals,Over 0.5,1.48,,,LOST,
2025-12-06T17:30:00+00:00,National League,Scunthorpe,Tamworth,Team Total Goals,Over 0.5,1.4,,,WON,
2025-12-06T17:30:00+00:00,Premier League,Leeds,Liverpool,Over/Under Goals,Under 3.5,1.5,,,LOST,
2025-12-06T17:30:00+00:00,Segunda Division,Real Sociedad II,Sporting Gijon,Over/Under Goals,Under 3.5,1.22,,,WON,
2025-12-06T17:45:00+00:00,Eredivisie,Fortuna Sittard,Ajax,Asian Handicap,Home +1.25,1.4,,,LOST,
2025-12-06T18:00:00+00:00,1a Divisió,Inter Club d'Escaldes,Carroi,Over/Under Goals,Under 3.5,2.28,,,WON,
2025-12-06T18:00:00+00:00,Carioca - 2,Bonsucesso,Serrano RJ,Double Chance,Draw/Away,1.67,,,WON,
2025-12-06T18:00:00+00:00,Liga Alef,Hapoel Beit Shean,Ironi Baka El Garbiya,Over/Under Goals,Under 3.5,1.24,,,WON,
2025-12-06T18:00:00+00:00,Liga Alef,Tzeirey Tira,Kfar Saba 1928,Over/Under Goals,Under 3.5,1.33,,,WON,
2025-12-06T18:00:00+00:00,Ligue 1,Toulouse,Strasbourg,Asian Handicap,Away -0.5,1.62,,,LOST,
2025-12-06T18:00:00+00:00,Premier League,Petrojet,Pyramids FC,Over/Under Goals,Under 3.5,1.25,,,LOST,
2025-12-06T18:00:00+00:00,Primeira Liga,AVS,Rio Ave,Asian Handicap,Home +0.5,1.57,,,LOST,
2025-12-06T18:00:00+00:00,Primera División Femenina,Real Madrid W,Real Sociedad W,Over/Under Goals,Over 2.5,1.5,,,LOST,
2025-12-06T18:00:00+00:00,Segunda Liga,Benfica B,Oliveirense,Over/Under Goals,Under 3.5,1.36,,,WON,
2025-12-06T18:00:00+00:00,Segunda Liga,Leixoes,FC Porto B,Double Chance,Draw/Away,1.67,,,WON,
2025-12-06T18:20:00+00:00,Liga Alef,Holon Yermiyahu,Hapoel Ramat HaSharon,Over/Under Goals,Under 3.5,1.45,,,WON,
2025-12-06T18:30:00+00:00,Arab Cup,United Arab Emirates,Egypt,Over/Under Goals,Under 3.5,1.3,,,WON,
2025-12-06T18:30:00+00:00,First Amateur Division,Ninove,Diegem Sport,Over/Under Goals,Over 1.5,1.15,,,WON,
2025-12-06T18:30:00+00:00,Liga Alef,Hapoel Tirat HaCarmel,Tira,Double Chance,Draw/Away,1.15,,,LOST,
2025-12-06T18:30:00+00:00,Liga I,FCSB,Dinamo Bucuresti,Double Chance,Draw/Away,1.67,,,WON,
2025-12-06T18:30:00+00:00,Super League 1,Volos NFC,Kifisia,Asian Handicap,Home +0.25,1.42,,,WON,
2025-12-06T19:00:00+00:00,Challenger Pro League,Club Brugge II,Beerschot VA,Over/Under Goals,Under 3.5,1.5,,,LOST,
2025-12-06T19:00:00+00:00,Challenger Pro League,RSC Anderlecht II,RWDM,Over/Under Goals,Under 3.5,1.5,,,LOST,
2025-12-06T19:00:00+00:00,Challenger Pro League,SK Beveren,Francs Borains,Over/Under Goals,Over 1.5,1.2,,,LOST,
2025-12-06T19:00:00+00:00,Eredivisie,Heracles,Telstar,Over/Under Goals,Over 1.5,1.2,,,WON,
2025-12-06T19:00:00+00:00,Erste Liga,Sturm Graz II,SKU Amstetten,Over/Under Goals,Under 3.5,1.42,,,LOST,
2025-12-06T19:00:00+00:00,First Amateur Division,Excelsior Virton,Standard Liège II,1X2 / Match Winner,Home,1.44,,,WON,
2025-12-06T19:00:00+00:00,First Amateur Division,Hoogstraten,Knokke,Over/Under Goals,Under 3.5,1.35,,,WON,
2025-12-06T19:00:00+00:00,First Amateur Division,Houtvenne,Dessel Sport,Double Chance,Draw/Away,1.4,,,LOST,
2025-12-06T19:00:00+00:00,First Amateur Division,Rochefort,Sporting Charleroi II,Double Chance,Home/Draw,1.53,,,WON,
2025-12-06T19:00:00+00:00,First Amateur Division,Sporting Hasselt,Cercle Brugge II,Over/Under Goals,Over 2.5,1.44,,,LOST,
2025-12-06T19:00:00+00:00,Ligue 2,Dunkerque,Saint Etienne,BTTS,Yes,1.6,,,LOST,
2025-12-06T19:00:00+00:00,Primera División,Oriente Petrolero,Gualberto Villarroel SJ,1X2 / Match Winner,Home,1.5,,,LOST,
2025-12-06T19:15:00+00:00,Ekstraklasa,Piast Gliwice,Legia Warszawa,Over/Under Goals,Under 3.5,1.28,,,WON,
2025-12-06T19:30:00+00:00,Bundesliga 2,SV Darmstadt 98,Karlsruher SC,Over/Under Goals,Over 1.5,1.18,,,WON,
2025-12-06T19:30:00+00:00,FA Cup,Chesterfield,Doncaster,Over/Under Goals,Over 1.5,1.25,,,WON,
2025-12-06T19:30:00+00:00,Major League Soccer,Inter Miami,Vancouver Whitecaps,Over/Under Goals,Over 2.5,1.4,,,WON,
2025-12-06T19:30:00+00:00,Primera División RFEF - Group 1,Cacereño,Racing Ferrol,Over/Under Goals,Under 3.5,1.15,,,WON,
2025-12-06T19:30:00+00:00,Super League,FC ST. Gallen,FC Zurich,Over/Under Goals,Over 1.5,1.18,,,WON,
2025-12-06T19:45:00+00:00,Jupiler Pro League,St. Truiden,Club Brugge KV,Over/Under Goals,Under 3.5,1.53,,,LOST,
2025-12-06T19:45:00+00:00,Serie A,Verona,Atalanta,Over/Under Goals,Under 3.5,1.3,,,LOST,
2025-12-06T20:00:00+00:00,Eredivisie,Feyenoord,PEC Zwolle,Team Total Goals,Over 0.5,1.73,,,WON,
2025-12-06T20:00:00+00:00,La Liga,Athletic Club,Atletico Madrid,Over/Under Goals,Under 3.5,1.22,,,WON,
2025-12-06T20:00:00+00:00,Premiership,Kilmarnock,Rangers,1X2 / Match Winner,Away,1.55,,,WON,
2025-12-06T20:00:00+00:00,Primera B Metropolitana,Acassuso,Real Pilar,Over/Under Goals,Under 2.5,1.45,,,WON,
2025-12-06T20:00:00+00:00,Primera B Metropolitana,Deportivo Armenio,Argentino de Merlo,Over/Under Goals,Under 3.5,1.15,,,WON,
2025-12-06T20:05:00+00:00,Ligue 1,Paris Saint Germain,Rennes,Team Total Goals,Over 0.5,1.6,,,LOST,
2025-12-06T20:30:00+00:00,Primeira Liga,Famalicao,SC Braga,Team Total Goals,Over 0.5,1.25,,,WON,
2025-12-06T21:00:00+00:00,Liga Nacional,Mictlán,Municipal,Over/Under Goals,Under 3.5,1.22,,,WON,
2025-12-06T21:00:00+00:00,Primera Division,Coquimbo Unido,Union Espanola,Team Total Goals,Over 0.5,1.15,,,WON,
2025-12-06T21:00:00+00:00,Primera Division,Deportes Iquique,Universidad de Chile,Over/Under Goals,Under 3.5,1.45,,,LOST,
2025-12-06T21:00:00+00:00,Primera Division,Deportes Limache,D. La Serena,Asian Handicap,Home +0,1.67,,,WON,
2025-12-06T21:00:00+00:00,Primera Division,O'Higgins,Everton de Vina,Team Total Goals,Over 0.5,1.2,,,WON,
2025-12-06T21:00:00+00:00,Primera Division,U. Catolica,Union La Calera,Over/Under Goals,Under 3.5,1.28,,,WON,
2025-12-06T21:30:00+00:00,Primera División,Real Oruro,Blooming,BTTS,Yes,1.48,,,WON,
2025-12-06T21:30:00+00:00,Serie A,Mirassol,Flamengo,Over/Under Goals,Under 3.5,1.42,,,LOST,
2025-12-06T22:00:00+00:00,Liga Pro,Independiente del Valle,Libertad,Over/Under Goals,Under 3.5,1.48,,,WON,
2025-12-06T22:00:00+00:00,Liga Pro,Orense SC,LDU de Quito,Over/Under Goals,Under 3.5,1.28,,,WON,
2025-12-06T23:00:00+00:00,Primera División,Puntarenas FC,Guadalupe FC,Over/Under Goals,Under 3.5,1.28,,,LOST,
2025-12-07T01:00:00+00:00,Liga MX,Toluca,Monterrey,1X2 / Match Winner,Home,1.65,,,WON,
2025-12-07T01:00:00+00:00,Liga Nacional,Juticalpa,CD Motagua,Over/Under Goals,Under 3.5,1.5,,,LOST,
2025-12-07T01:00:00+00:00,Liga Nacional,Malacateco,Aurora,Over/Under Goals,Under 3.5,1.3,,,WON,
2025-12-07T01:00:00+00:00,Liga de Expansión MX,CDS Tampico Madero,Irapuato,Over/Under Goals,Under 3.5,1.33,,,WON,
2025-12-07T03:10:00+00:00,Liga MX,Tigres UANL,Cruz Azul,BTTS,Yes,1.6,,,WON,
2025-12-07T04:00:00+00:00,J2 League,JEF United Chiba,Omiya Ardija,Over/Under Goals,Under 3.5,1.38,,,LOST,
2025-12-07T04:10:00+00:00,J2 League,Tokushima Vortis,Jubilo Iwata,Over/Under Goals,Under 3.5,1.25,,,WON,
2025-12-07T05:00:00+00:00,J3 League,Osaka,Kanazawa,Over/Under Goals,Under 3.5,1.25,,,WON,
2025-12-07T05:00:00+00:00,K-League Classic,Jeju United FC,Suwon Bluewings,Over/Under Goals,Under 3.5,1.2,,,WON,
2025-12-07T06:00:00+00:00,J3 League,Tegevajaro Miyazaki,Kagoshima United,Over/Under Goals,Under 3.5,1.38,,,WON,
2025-12-07T07:00:00+00:00,Premier League,Kowloon City,Eastern,Over/Under Goals,Under 3.5,1.43,,,WON,
2025-12-07T08:35:00+00:00,A-League,Adelaide United,Brisbane Roar,Over/Under Goals,Under 3.5,1.48,,,WON,
2025-12-07T09:00:00+00:00,Liga II,Metalul Buzău,Ceahlăul Piatra Neamţ,Over/Under Goals,Under 3.5,1.28,,,WON,
2025-12-07T09:00:00+00:00,Liga II,Tunari,Sepsi OSK Sfantu Gheorghe,Over/Under Goals,Under 3.5,1.36,,,WON,
2025-12-07T10:00:00+00:00,2. Lig,Muğlaspor,Batman Petrolspor,Over/Under Goals,Under 3.5,1.17,,,WON,
2025-12-07T10:00:00+00:00,Premier League,Awassa Kenema,Mekelakeya,Over/Under Goals,Under 2.5,1.4,,,WON,
2025-12-07T10:00:00+00:00,Premyer Liqa,Karvan,Keshla FC,Double Chance,Draw/Away,1.2,,,WON,
2025-12-07T10:00:00+00:00,Segunda División RFEF - Group 3,Valencia II,Girona II,1X2 / Match Winner,Draw,3.25,,,LOST,
2025-12-07T10:30:00+00:00,Liga II,Politehnica Iasi,Corvinul Hunedoara,Over/Under Goals,Under 3.5,1.25,,,WON,
2025-12-07T10:30:00+00:00,Segunda División RFEF - Group 5,Getafe II,Elche II,Over/Under Goals,Over 1.5,1.29,,,WON,
2025-12-07T10:30:00+00:00,Segunda División RFEF - Group 5,Navalcarnero,RSD Alcalá,Over/Under Goals,Under 3.5,1.17,,,LOST,
2025-12-07T10:30:00+00:00,TFF 1. Lig,Boluspor,Erzurum BB,Over/Under Goals,Under 3.5,1.27,,,WON,
2025-12-07T10:30:00+00:00,Tercera División RFEF - Group 17,Zuera,CDJ Tamarite,Over/Under Goals,Under 2.5,1.62,,,LOST,
2025-12-07T10:45:00+00:00,Tercera División RFEF - Group 7,Móstoles,Trival Valderas,Asian Handicap,Away -1.25,1.42,,,LOST,
2025-12-07T11:00:00+00:00,2. Lig,Aliağa FAŞ,Kırklarelispor,Result + Total Goals,Home/Over 1.5,1.44,,,WON,
2025-12-07T11:00:00+00:00,I Liga,Stal Mielec,Znicz Pruszków,Over/Under Goals,Under 3.5,1.5,,,WON,
2025-12-07T11:00:00+00:00,Júniores U19,Porto U19,Rio Ave U19,Over/Under Goals,Under 3.5,1.88,,,WON,
2025-12-07T11:00:00+00:00,Premier League,Dinamo Makhachkala,Nizhny Novgorod,Over/Under Goals,Under 3.5,1.15,,,WON,
2025-12-07T11:00:00+00:00,Premier League,Kryvbas KR,Oleksandria,Over/Under Goals,Under 3.5,1.33,,,WON,
2025-12-07T11:00:00+00:00,Primera División Femenina,Alhama,FC Levante Badalona,Over/Under Goals,Under 3.5,1.25,,,WON,
2025-12-07T11:00:00+00:00,Primera División Femenina,Athletic Club W,Levante W,Team Total Goals,Under 2.5,1.44,,,WON,
2025-12-07T11:00:00+00:00,Primera División RFEF - Group 1,Arenas Getxo,Athletic Club II,Over/Under Goals,Under 3.5,1.2,,,LOST,
2025-12-07T11:00:00+00:00,Primera División RFEF - Group 1,Arenteiro,CF Talavera,Over/Under Goals,Under 3.5,1.15,,,WON,
2025-12-07T11:00:00+00:00,Primera División RFEF - Group 1,Mérida AD,Ourense CF,Team Total Goals,Over 0.5,1.67,,,WON,
2025-12-07T11:00:00+00:00,Primera División RFEF - Group 2,Algeciras,Atlético Madrid II,Double Chance,Draw/Away,1.4,,,LOST,
2025-12-07T11:00:00+00:00,Segunda División RFEF - Group 1,Bergantiños,Gimnástica Segoviana,Over/Under Goals,Under 2.5,1.5,,,LOST,
2025-12-07T11:00:00+00:00,Segunda División RFEF - Group 1,Coruxo,Real Ávila,Over/Under Goals,Under 2.5,1.53,,,WON,
2025-12-07T11:00:00+00:00,Segunda División RFEF - Group 1,Deportivo La Coruña II,Marino de Luanco,Over/Under Goals,Under 3.5,1.17,,,WON,
2025-12-07T11:00:00+00:00,Segunda División RFEF - Group 1,Racing Santander II,Salamanca UDS,Over/Under Goals,Under 3.5,1.17,,,WON,
2025-12-07T11:00:00+00:00,Segunda División RFEF - Group 2,Deportivo Alavés II,Beasain,Over/Under Goals,Under 3.5,1.18,,,WON,
2025-12-07T11:00:00+00:00,Segunda División RFEF - Group 2,Real Zaragoza II,UD Logroñés,Over/Under Goals,Under 3.5,1.18,,,LOST,
2025-12-07T11:00:00+00:00,Segunda División RFEF - Group 3,Andratx,Olot,Over/Under Goals,Under 2.5,1.4,,,WON,
2025-12-07T11:00:00+00:00,Segunda División RFEF - Group 3,Atlético Baleares,Porreres,Over/Under Goals,Under 3.5,1.21,,,WON,
2025-12-07T11:00:00+00:00,Segunda División RFEF - Group 3,Ibiza Islas Pitiusas,Torrent,Over/Under Goals,Under 3.5,1.18,,,WON,
2025-12-07T11:00:00+00:00,Segunda División RFEF - Group 4,Melilla,Estepona,Over/Under Goals,Under 3.5,1.16,,,WON,
2025-12-07T11:00:00+00:00,Segunda División RFEF - Group 4,Puente Genil,Almería II,Over/Under Goals,Under 3.5,1.15,,,WON,
2025-12-07T11:00:00+00:00,Segunda División RFEF - Group 5,CD Coria,Tenerife II,Double Chance,Home/Draw,1.18,,,WON,
2025-12-07T11:00:00+00:00,Segunda División RFEF - Group 5,Fuenlabrada,Quintanar del Rey,Over/Under Goals,Under 3.5,1.15,,,WON,
2025-12-07T11:00:00+00:00,Segunda División RFEF - Group 5,SS Reyes,Intercity,Over/Under Goals,Under 3.5,1.16,,,WON,
2025-12-07T11:00:00+00:00,Segunda Liga,Lusitânia Lourosa,Portimonense,Team Total Goals,Under 2.5,1.18,,,LOST,
2025-12-07T11:00:00+00:00,Super League 2,Makedonikos Neapolis,Kavala,Over/Under Goals,Under 2.5,1.53,,,WON,
2025-12-07T11:00:00+00:00,Tercera División RFEF - Group 18,Illescas,La Solana,Over/Under Goals,Under 2.5,1.67,,,WON,
2025-12-07T11:00:00+00:00,Tercera División RFEF - Group 18,Villarrubia,Azuqueca,Team Total Goals,Under 2.5,1.17,,,LOST,
2025-12-07T11:00:00+00:00,Tercera División RFEF - Group 2,Sporting Gijón II,Llanera,Double Chance,Home/Draw,1.44,,,LOST,
2025-12-07T11:00:00+00:00,Tercera División RFEF - Group 5,Montañesa,Europa II,Over/Under Goals,Under 2.5,1.67,,,WON,
2025-12-07T11:00:00+00:00,Thai League 1,Bangkok United,Chiangrai United,Over/Under Goals,Under 3.5,1.36,,,WON,
2025-12-07T11:00:00+00:00,Thai League 2,Rasi Salai United,Chiangmai United,Over/Under Goals,Under 3.5,1.47,,,WON,
2025-12-07T11:00:00+00:00,Thai League 2,Trat FC,Kasetsart FC,Over/Under Goals,Under 3.5,1.28,,,WON,
2025-12-07T11:15:00+00:00,Ekstraklasa,Nieciecza,Jagiellonia,Over/Under Goals,Over 1.5,1.2,,,WON,
2025-12-07T11:15:00+00:00,Eredivisie,Utrecht,Twente,Over/Under Goals,Under 3.5,1.44,,,WON,
2025-12-07T11:30:00+00:00,Segunda División RFEF - Group 4,Antoniano,Lorca Deportiva,Over/Under Goals,Under 3.5,1.15,,,LOST,
2025-12-07T11:30:00+00:00,Segunda División RFEF - Group 4,Xerez Deportivo,Recreativo Huelva,Over/Under Goals,Under 2.5,1.44,,,WON,
2025-12-07T11:30:00+00:00,Serie A Women,Inter Milano W,Genoa W,Over/Under Goals,Under 3.5,1.57,,,LOST,
2025-12-07T11:30:00+00:00,Serie A,Cremonese,Lecce,Over/Under Goals,Under 3.5,1.18,,,WON,
2025-12-07T11:30:00+00:00,Serie C - Girone A,Arzignano Valchiampo,Inter U23,Over/Under Goals,Under 3.5,1.22,,,WON,
2025-12-07T11:30:00+00:00,Serie C - Girone B,Guidonia Montecelio 1937,Juventus U23,Over/Under Goals,Under 2.5,1.7,,,WON,
2025-12-07T11:30:00+00:00,Super Lig,Genclerbirligi,Fatih Karagümrük,Asian Handicap,Home +0,1.65,,,WON,
2025-12-07T11:30:00+00:00,Tercera División RFEF - Group 1,Silva,Alondras,Double Chance,Home/Draw,1.5,,,LOST,
2025-12-07T11:30:00+00:00,Tercera División RFEF - Group 9,Churriana Vega,Granada II,Double Chance,Draw/Away,1.5,,,LOST,
2025-12-07T11:30:00+00:00,Thai League 1,Nakhon Ratchasima FC,Bangkok Glass,Over/Under Goals,Under 3.5,1.44,,,WON,
2025-12-07T11:30:00+00:00,Thai League 2,Esan Pattaya,Phrae United,Double Chance,Home/Draw,1.5,,,LOST,
2025-12-07T11:30:00+00:00,Thai League 2,Nakhon Si Thammarat,Bangkok,Double Chance,Draw/Away,1.62,,,WON,
2025-12-07T12:00:00+00:00,Czech Liga,FK Jablonec,Bohemians 1905,Over/Under Goals,Under 3.5,1.3,,,WON,
2025-12-07T12:00:00+00:00,FA WSL,Leicester City WFC,Manchester City W,Over/Under Goals,Under 3.5,1.65,,,WON,
2025-12-07T12:00:00+00:00,FA WSL,London City Lionesses,Brighton W,Over/Under Goals,Under 3.5,1.48,,,WON,
2025-12-07T12:00:00+00:00,FA WSL,Manchester United W,West Ham W,Over/Under Goals,Under 3.5,1.7,,,WON,
2025-12-07T12:00:00+00:00,FA WSL,Tottenham Hotspur W,Aston Villa W,Over/Under Goals,Under 3.5,1.38,,,WON,
2025-12-07T12:00:00+00:00,FKF Premier League,APS Bomet,Bandari,Over/Under Goals,Under 2.5,1.44,,,WON,
2025-12-07T12:00:00+00:00,FKF Premier League,GOR Mahia,AFC Leopards,Over/Under Goals,Under 2.5,1.44,,,WON,
2025-12-07T12:00:00+00:00,FKF Premier League,KCB,Sofapaka,Double Chance,Home/Draw,1.17,,,WON,
2025-12-07T12:00:00+00:00,First League,FK Rabotnicki,Sileks,Over/Under Goals,Under 3.5,1.31,,,WON,
2025-12-07T12:00:00+00:00,Premier League,Hadiya Hosaena,Negelle Arsi,Over/Under Goals,Under 2.5,1.33,,,LOST,
2025-12-07T12:00:00+00:00,Premijer Liga,FK Sarajevo,Zeljeznicar Sarajevo,Over/Under Goals,Under 3.5,1.18,,,LOST,
2025-12-07T12:00:00+00:00,Prva Liga,Borac Cacak,Macva,Double Chance,Draw/Away,1.36,,,WON,
2025-12-07T12:00:00+00:00,Prva Liga,Dinamo Jug,FK Trayal,Over/Under Goals,Under 3.5,1.17,,,WON,
2025-12-07T12:00:00+00:00,Prva Liga,FAP,Dubočica,Over/Under Goals,Under 3.5,1.16,,,WON,
2025-12-07T12:00:00+00:00,Prva Liga,FK Vozdovac,Grafičar,Over/Under Goals,Under 3.5,1.18,,,WON,
2025-12-07T12:00:00+00:00,Second League,CSKA Sofia II,Ludogorets II,Over/Under Goals,Under 3.5,1.34,,,WON,
2025-12-07T12:00:00+00:00,Second League,Igalo,Kom,Over/Under Goals,Under 3.5,1.22,,,WON,
2025-12-07T12:00:00+00:00,Second League,Sevlievo,Etar Veliko Tarnovo,Over/Under Goals,Under 3.5,1.22,,,WON,
2025-12-07T12:00:00+00:00,Second League,Sportist Svoge,Marek,Over/Under Goals,Under 3.5,1.15,,,LOST,
2025-12-07T12:00:00+00:00,Super League 2,Panionios,Marko,Over/Under Goals,Under 3.5,1.17,,,WON,
2025-12-07T12:00:00+00:00,Super League,Equity Bank,3K,Double Chance,Draw/Away,1.44,,,LOST,
2025-12-07T12:00:00+00:00,Super League,Luanda Villa,Gucha Stars,Over/Under Goals,Under 2.5,1.67,,,WON,
2025-12-07T12:00:00+00:00,Super League,MOFA,Migori Youth,Double Chance,Draw/Away,1.57,,,LOST,
2025-12-07T12:00:00+00:00,Super Liga,Napredak,Železničar Pančevo,Over/Under Goals,Under 3.5,1.25,,,WON,
2025-12-07T12:00:00+00:00,Thai League 1,Port FC,Uthai Thani,Over/Under Goals,Under 3.5,1.62,,,LOST,
2025-12-07T12:00:00+00:00,Thai League 2,Chanthaburi,Songkhla,Double Chance,Home/Draw,1.25,,,WON,
2025-12-07T12:15:00+00:00,NB I,Gyori ETO FC,Kazincbarcikai,Over/Under Goals,Under 3.5,1.5,,,LOST,
2025-12-07T12:15:00+00:00,Super League,DPMM FC,Imigresen,Over/Under Goals,Under 3.5,1.53,,,LOST,
2025-12-07T12:30:00+00:00,1st Division,FK Kukesi,Iliria Fushë-Krujë,Double Chance,Home/Draw,1.67,,,LOST,
2025-12-07T12:30:00+00:00,1st Division,Kastrioti Krujë,Apolonia Fier,Double Chance,Draw/Away,1.36,,,LOST,
2025-12-07T12:30:00+00:00,1st Division,Korabi Peshkopi,Laci,Team Total Goals,Over 0.5,1.22,,,WON,
2025-12-07T12:30:00+00:00,1st Division,Luftëtari,Lushnja,Over/Under Goals,Under 3.5,1.15,,,WON,
2025-12-07T12:30:00+00:00,2. Division,Halkanoras,Ahironas / Onisilos,Over/Under Goals,Under 3.5,1.28,,,LOST,
2025-12-07T12:30:00+00:00,2. Division,Karmiotissa,Ethnikos Latsion,Over/Under Goals,Under 3.5,1.5,,,LOST,
2025-12-07T12:30:00+00:00,3. Liga,Waldhof Mannheim,FC Saarbrücken,Over/Under Goals,Over 1.5,1.2,,,WON,
2025-12-07T12:30:00+00:00,Bundesliga 2,1. FC Nürnberg,SpVgg Greuther Fürth,Over/Under Goals,Under 3.5,1.62,,,LOST,
2025-12-07T12:30:00+00:00,Bundesliga 2,Eintracht Braunschweig,Holstein Kiel,Over/Under Goals,Under 3.5,1.45,,,WON,
2025-12-07T12:30:00+00:00,Bundesliga 2,Hertha BSC,1. FC Magdeburg,Over/Under Goals,Under 3.5,1.57,,,WON,
2025-12-07T12:30:00+00:00,Challenger Pro League,KAA Gent II,Lokeren-Temse,Over/Under Goals,Under 3.5,1.33,,,LOST,
2025-12-07T12:30:00+00:00,First League,Beroe,Septemvri Sofia,Double Chance,Draw/Away,1.62,,,WON,
2025-12-07T12:30:00+00:00,Jupiler Pro League,KV Mechelen,Charleroi,Over/Under Goals,Under 3.5,1.33,,,WON,
2025-12-07T12:30:00+00:00,Regionalliga - Nord,Bremer SV,Altona 93,Over/Under Goals,Over 2.5,1.4,,,LOST,
2025-12-07T12:30:00+00:00,Second League,Iskra,Berane,Over/Under Goals,Under 2.5,1.62,,,LOST,
2025-12-07T12:30:00+00:00,Superliga,Bylis,Teuta Durrës,Over/Under Goals,Under 2.5,1.44,,,WON,
2025-12-07T13:00:00+00:00,Challenge League,Yverdon Sport,FC Aarau,Over/Under Goals,Over 1.5,1.19,,,WON,
2025-12-07T13:00:00+00:00,Gamma Ethniki - Group 1,Iraklis Therm.,PAOK Dytiko,Double Chance,Draw/Away,3.6,,,WON,
2025-12-07T13:00:00+00:00,Gamma Ethniki - Group 3,Asteras Stavros,A. Schimatari,Over/Under Goals,Under 2.5,2.05,,,LOST,
2025-12-07T13:00:00+00:00,Gamma Ethniki - Group 6,Saronikos Anavyssou,Giouchtas,Over/Under Goals,Under 2.5,1.65,,,WON,
2025-12-07T13:00:00+00:00,La Liga,Elche,Girona,Over/Under Goals,Under 3.5,1.33,,,WON,
2025-12-07T13:00:00+00:00,Liga I,Universitatea Cluj,AFC Hermannstadt,Over/Under Goals,Over 1.5,1.36,,,WON,
2025-12-07T13:00:00+00:00,Premier League,Mekelle Kenema,Fasil Ketema,Over/Under Goals,Under 2.5,1.4,,,WON,
2025-12-07T13:00:00+00:00,Regionalliga - Nordost,FC Carl Zeiss Jena,SV Babelsberg 03,Over/Under Goals,Over 1.5,1.17,,,WON,
2025-12-07T13:00:00+00:00,Regionalliga - Nordost,Magdeburg II,BSG Chemie Leipzig,Over/Under Goals,Under 3.5,1.5,,,WON,
2025-12-07T13:00:00+00:00,Regionalliga - Nordost,ZFC Meuselwitz,Hertha BSC II,Over/Under Goals,Under 3.5,1.4,,,LOST,
2025-12-07T13:00:00+00:00,Segunda Division,Cadiz,Racing Santander,Over/Under Goals,Under 3.5,1.33,,,LOST,
2025-12-07T13:00:00+00:00,Serie D - Girone G,Sarrabus Ogliastra,Real Monterotondo,Asian Handicap,Home +0.25,1.51,,,WON,
2025-12-07T13:00:00+00:00,Super League 2,Egaleo,Ilioupoli,Over/Under Goals,Under 3.5,1.15,,,WON,
2025-12-07T13:00:00+00:00,Super League 2,Kallithea,Kissamikos,Over/Under Goals,Under 3.5,1.2,,,WON,
2025-12-07T13:00:00+00:00,Super League 2,Nestos Chrisoupolis,Iraklis 1908,Over/Under Goals,Under 2.5,1.6,,,LOST,
2025-12-07T13:00:00+00:00,Super League 2,Panargiakos,Ellas Syros,1X2 / Match Winner,Away,1.6,,,WON,
2025-12-07T13:00:00+00:00,Super League,FC Winterthur,FC Basel 1893,Team Total Goals,Under 2.5,1.77,,,WON,
2025-12-07T13:00:00+00:00,Super League,Penang,Selangor,Over/Under Goals,Under 3.5,1.53,,,LOST,
2025-12-07T13:00:00+00:00,Superligaen,FC Nordsjaelland,Silkeborg,Over/Under Goals,Under 3.5,1.62,,,LOST,
2025-12-07T13:00:00+00:00,Superligaen,Viborg,FC Midtjylland,Over/Under Goals,Over 1.5,1.18,,,WON,
2025-12-07T13:00:00+00:00,TFF 1. Lig,Manisa BBSK,Van BB,Over/Under Goals,Under 3.5,1.39,,,WON,
2025-12-07T13:30:00+00:00,1st Division,Baroka FC,Venda FC,Double Chance,Draw/Away,1.44,,,WON,
2025-12-07T13:30:00+00:00,Eredivisie,AZ Alkmaar,GO Ahead Eagles,1X2 / Match Winner,Home,1.44,,,LOST,
2025-12-07T13:30:00+00:00,Eredivisie,FC Volendam,NEC Nijmegen,Over/Under Goals,Over 2.5,1.45,,,WON,
2025-12-07T13:30:00+00:00,First Amateur Division,Stockay-Warfusée,Habay-la-Neuve,Over/Under Goals,Under 3.5,1.41,,,WON,
2025-12-07T13:30:00+00:00,First Amateur Division,Union Namur,Meux,Over/Under Goals,Over 1.5,1.18,,,WON,
2025-12-07T13:30:00+00:00,I Liga,ŁKS Łódź,Wisla Krakow,Over/Under Goals,Under 3.5,1.45,,,WON,
2025-12-07T13:30:00+00:00,Premier League,FC Sochi,Lokomotiv,Asian Handicap,Home +1.25,1.43,,,LOST,
2025-12-07T13:30:00+00:00,Premier League,Metalist 1925 Kharkiv,Veres Rivne,Over/Under Goals,Under 2.5,1.5,,,LOST,
2025-12-07T13:30:00+00:00,Premier Soccer League,TS Galaxy,Kaizer Chiefs,Double Chance,Draw/Away,1.27,,,WON,
2025-12-07T13:30:00+00:00,Serie C - Girone A,Novara,Vicenza Virtus,Over/Under Goals,Under 2.5,1.55,,,LOST,
2025-12-07T13:30:00+00:00,Serie C - Girone B,Perugia,Ternana,Over/Under Goals,Under 3.5,1.17,,,WON,
2025-12-07T13:30:00+00:00,Serie C - Girone C,SS Monopoli,Atalanta II,Double Chance,Draw/Away,1.5,,,WON,
2025-12-07T13:30:00+00:00,Serie C - Girone C,Salernitana,Trapani 1905,1X2 / Match Winner,Draw,4.33,,,WON,
2025-12-07T13:30:00+00:00,Serie D - Girone B,Brusaporto,Breno,Over/Under Goals,Under 3.5,1.3,,,LOST,
2025-12-07T13:30:00+00:00,Serie D - Girone B,Castellanzese,Chievo,Over/Under Goals,Under 3.5,1.3,,,WON,
2025-12-07T13:30:00+00:00,Serie D - Girone B,Leon Monza e Brianza,Scanzorosciate,Over/Under Goals,Under 3.5,1.27,,,WON,
2025-12-07T13:30:00+00:00,Serie D - Girone B,Pavia,USD Casatese,Team Total Goals,Over 0.5,1.21,,,WON,
2025-12-07T13:30:00+00:00,Serie D - Girone B,Real Calepina,Folgore Caratese,Over/Under Goals,Under 3.5,1.28,,,WON,
2025-12-07T13:30:00+00:00,Serie D - Girone B,Sondrio,Oltrepò,Asian Handicap,Away -0.25,1.46,,,WON,
2025-12-07T13:30:00+00:00,Serie D - Girone B,Varesina,Milan II,Over/Under Goals,Under 3.5,1.31,,,WON,
2025-12-07T13:30:00+00:00,Serie D - Girone B,Villa Valle,Caldiero Terme,Over/Under Goals,Under 3.5,1.26,,,WON,
2025-12-07T13:30:00+00:00,Serie D - Girone B,Vogherese,Virtus Ciserano Bergamo,Over/Under Goals,Under 3.5,1.27,,,WON,
2025-12-07T13:30:00+00:00,Serie D - Girone D,Cittadella Vis Modena,Sangiuliano City,Over/Under Goals,Under 3.5,1.27,,,WON,
2025-12-07T13:30:00+00:00,Serie D - Girone D,Coriano,Pistoiese,Over/Under Goals,Under 3.5,1.26,,,WON,
2025-12-07T13:30:00+00:00,Serie D - Girone D,Crema,Pro Palazzolo,Double Chance,Draw/Away,1.44,,,WON,
2025-12-07T13:30:00+00:00,Serie D - Girone D,Pro Sesto,Piacenza,Over/Under Goals,Under 3.5,1.27,,,WON,
2025-12-07T13:30:00+00:00,Serie D - Girone D,Progresso,Lentigione,Asian Handicap,Home +0.25,1.7,,,LOST,
2025-12-07T13:30:00+00:00,Serie D - Girone D,Rovato Vertovese,Sasso Marconi Zola,Double Chance,Draw/Away,1.47,,,LOST,
2025-12-07T13:30:00+00:00,Serie D - Girone D,Sant'Angelo,Tuttocuoio,Asian Handicap,Home +0.25,1.4,,,WON,
2025-12-07T13:30:00+00:00,Serie D - Girone D,Trevigliese,Correggese,Over/Under Goals,Under 3.5,1.26,,,WON,
2025-12-07T13:30:00+00:00,Serie D - Girone G,Atletico Lodigiani,Budoni,Over/Under Goals,Under 3.5,1.27,,,WON,
2025-12-07T13:30:00+00:00,Serie D - Girone G,Flaminia,Nocerina,Team Total Goals,Over 0.5,1.21,,,WON,
2025-12-07T13:30:00+00:00,Serie D - Girone G,Ischia,USD Palmese,Over/Under Goals,Under 3.5,1.3,,,LOST,
2025-12-07T13:30:00+00:00,Serie D - Girone G,Valmontone,Cassino,Asian Handicap,Home +0.25,1.55,,,WON,
2025-12-07T13:30:00+00:00,Serie D - Girone I,AC Palermo,Vibonese,Asian Handicap,Home +0.25,1.49,,,WON,
2025-12-07T13:30:00+00:00,Serie D - Girone I,Acireale,Gelbison,Asian Handicap,Home +0.25,1.53,,,LOST,
2025-12-07T13:30:00+00:00,Serie D - Girone I,Enna,Nissa,Asian Handicap,Home +0.25,1.59,,,LOST,
2025-12-07T13:30:00+00:00,Tipp3 Bundesliga,WSG Wattens,SCR Altach,Over/Under Goals,Under 3.5,1.2,,,WON,
2025-12-07T13:30:00+00:00,Tipp3 Bundesliga,Wolfsberger AC,Austria Vienna,Double Chance,Home/Draw,1.4,,,WON,
2025-12-07T13:45:00+00:00,Ekstraklasa,Cracovia Krakow,Lech Poznan,1X2 / Match Winner,Draw,3.4,,,WON,
2025-12-07T14:00:00+00:00,1. SNL,Bravo,Olimpija Ljubljana,Over/Under Goals,Under 3.5,1.3,,,WON,
2025-12-07T14:00:00+00:00,Campionato,Domagnano,Faetano,Over/Under Goals,Under 3.5,1.38,,,LOST,
2025-12-07T14:00:00+00:00,Campionato,Pennarossa,Cailungo,Over/Under Goals,Under 3.5,1.33,,,WON,
2025-12-07T14:00:00+00:00,First Amateur Division,Crossing Schaerbeek,Albert Quévy-Mons,1X2 / Match Winner,Away,1.47,,,LOST,
2025-12-07T14:00:00+00:00,First Amateur Division,Merelbeke,Zelzate,Over/Under Goals,Under 3.5,1.41,,,WON,
2025-12-07T14:00:00+00:00,First Amateur Division,Tienen,Oud-Heverlee Leuven II,Double Chance,Draw/Away,1.4,,,LOST,
2025-12-07T14:00:00+00:00,Ligue 1,Nice,Angers,Team Total Goals,Over 0.5,1.42,,,WON,
2025-12-07T14:00:00+00:00,National Division,Victoria Rosport,Swift Hesperange,Double Chance,Home/Draw,1.62,,,WON,
2025-12-07T14:00:00+00:00,Oberliga - Westfalen,Türkspor Dortmund,Eintracht Rheine,Asian Handicap,Away -1.25,1.83,,,LOST,
2025-12-07T14:00:00+00:00,Premier League,Brighton,West Ham,Over/Under Goals,Over 1.5,1.2,,,WON,
2025-12-07T14:00:00+00:00,Prva HNL,NK Varazdin,NK Lokomotiva Zagreb,Over/Under Goals,Under 3.5,1.25,,,LOST,
2025-12-07T14:00:00+00:00,Regionalliga - Nord,St. Pauli II,SSV Jeddeloh,1X2 / Match Winner,Away,1.47,,,LOST,
2025-12-07T14:00:00+00:00,Segunda Liga,Feirense,Academico Viseu,Over/Under Goals,Under 2.5,1.62,,,WON,
2025-12-07T14:00:00+00:00,Serie A Women,Fiorentina W,Ternana W,Over/Under Goals,Under 3.5,1.53,,,WON,
2025-12-07T14:00:00+00:00,Serie A,Cagliari,AS Roma,Over/Under Goals,Over 1.5,1.4,,,LOST,
2025-12-07T14:00:00+00:00,Serie D - Girone I,Igea Virtus,Savoia,Over/Under Goals,Under 3.5,1.28,,,WON,
2025-12-07T14:00:00+00:00,Serie D - Girone I,Messina,Vigor Lamezia,Over/Under Goals,Under 3.5,1.3,,,WON,
2025-12-07T14:00:00+00:00,Serie D - Girone I,Sambiase,Milazzo,Over/Under Goals,Under 3.5,1.25,,,WON,
2025-12-07T14:00:00+00:00,Serie D - Girone I,Sancataldese,Ragusa,Asian Handicap,Home +0.25,1.5,,,WON,
2025-12-07T14:00:00+00:00,Super Lig,Kocaelispor,Kasımpaşa,Double Chance,Home/Draw,1.22,,,WON,
2025-12-07T14:00:00+00:00,Super Liga,IMT Novi Beograd,Novi Pazar,Double Chance,Home/Draw,1.48,,,LOST,
2025-12-07T14:00:00+00:00,Super Liga,Radnicki 1923,FK Partizan,Over/Under Goals,Under 3.5,1.36,,,LOST,
2025-12-07T14:15:00+00:00,Premijer Liga,Zrinjski,Velež,Over/Under Goals,Under 3.5,1.2,,,WON,
2025-12-07T14:30:00+00:00,1st Division,Skenderbeu Korce,Pogradeci,Asian Handicap,Away -1.25,2.0,,,WON,
2025-12-07T14:30:00+00:00,Bundesliga 1,Hamburger SV,Werder Bremen,Over/Under Goals,Under 3.5,1.48,,,LOST,
2025-12-07T14:30:00+00:00,Czech Liga,Karviná,Baník Ostrava,Asian Handicap,Home +0,1.57,,,WON,
2025-12-07T14:30:00+00:00,FA Cup,Boreham Wood,Newport County,Asian Handicap,Home +0,1.55,,,WON,
2025-12-07T14:30:00+00:00,FA WSL,Chelsea W,Everton W,Over/Under Goals,Over 2.5,1.4,,,LOST,
2025-12-07T14:30:00+00:00,Serie D - Girone I,Gela,CastrumFavara,Asian Handicap,Home +0.25,1.5,,,WON,
2025-12-07T14:30:00+00:00,Super Liga,AS Trencin,Tatran Prešov,Double Chance,Draw/Away,1.5,,,WON,
2025-12-07T14:45:00+00:00,Segunda División RFEF - Group 1,Burgos Promesas,Real Valladolid II,1X2 / Match Winner,Draw,3.25,,,WON,
2025-12-07T15:00:00+00:00,1. Division,Apoel Nicosia,Aris,Over/Under Goals,Over 1.5,1.28,,,WON,
2025-12-07T15:00:00+00:00,1. Division,Omonia Aradippou,AEL,Over/Under Goals,Under 3.5,1.33,,,LOST,
2025-12-07T15:00:00+00:00,Challenger Pro League,Liège,Kortrijk,Over/Under Goals,Under 3.5,1.45,,,WON,
2025-12-07T15:00:00+00:00,First League,Spartak Varna,Levski Sofia,Over/Under Goals,Over 1.5,1.2,,,WON,
2025-12-07T15:00:00+00:00,Jupiler Pro League,KVC Westerlo,Anderlecht,Over/Under Goals,Under 3.5,1.5,,,LOST,
2025-12-07T15:00:00+00:00,Júniores U19,Moreirense U19,Chaves U19,Double Chance,Home/Draw,1.17,,,WON,
2025-12-07T15:00:00+00:00,Júniores U19,Tondela U19,Mafra U19,Asian Handicap,Away -1.25,1.4,,,WON,
2025-12-07T15:00:00+00:00,Liga 3,Lusitano Évora 1911,CF Os Belenenses,Over/Under Goals,Under 3.5,1.18,,,WON,
2025-12-07T15:00:00+00:00,Liga 3,SC Covilha,União Santarém,Over/Under Goals,Under 3.5,1.19,,,WON,
2025-12-07T15:00:00+00:00,Liga 3,Trofense,Paredes,Double Chance,Draw/Away,1.53,,,WON,
2025-12-07T15:00:00+00:00,Liga 3,Varzim,SC Braga B,Double Chance,Home/Draw,1.18,,,WON,
2025-12-07T15:00:00+00:00,National Division,Mamer,Rodange 91,Double Chance,Home/Draw,1.42,,,LOST,
2025-12-07T15:00:00+00:00,National Division,Racing FC Union Luxembourg,US Hostert,Over/Under Goals,Under 3.5,1.62,,,WON,
2025-12-07T15:00:00+00:00,National Division,UNA Strassen,F91 Dudelange,Over/Under Goals,Over 2.5,1.7,,,WON,
2025-12-07T15:00:00+00:00,National Division,Union Titus Petange,US Mondorf-les-bains,Team Total Goals,Over 0.5,1.18,,,WON,
2025-12-07T15:00:00+00:00,Premier League,Arba Minch Kenema,Ethiopia Bunna,BTTS,No,1.43,,,WON,
2025-12-07T15:00:00+00:00,Premiership,Celtic,Heart Of Midlothian,Over/Under Goals,Under 3.5,1.48,,,WON,
2025-12-07T15:00:00+00:00,Primera División Femenina,Edf Logrono W,Eibar W,Over/Under Goals,Under 3.5,1.2,,,WON,
2025-12-07T15:00:00+00:00,Primera División RFEF - Group 1,Zamora,Real Madrid II,Double Chance,Draw/Away,1.67,,,WON,
2025-12-07T15:00:00+00:00,Primera División RFEF - Group 2,Antequera,Real Betis II,Over/Under Goals,Under 3.5,1.2,,,WON,
2025-12-07T15:00:00+00:00,Primera División RFEF - Group 2,Sabadell,Ibiza,Over/Under Goals,Under 2.5,1.5,,,WON,
2025-12-07T15:00:00+00:00,Super League 1,Asteras Tripolis,Levadiakos,Over/Under Goals,Under 3.5,1.25,,,WON,
2025-12-07T15:00:00+00:00,Superligaen,Randers FC,Aarhus,Over/Under Goals,Under 3.5,1.48,,,WON,
2025-12-07T15:00:00+00:00,Tercera División RFEF - Group 3,Selaya,Barquereño,Team Total Goals,Under 2.5,1.19,,,WON,
2025-12-07T15:00:00+00:00,Tercera División RFEF - Group 4,Real Sociedad III,Santurtzi,Team Total Goals,Under 2.5,1.17,,,WON,
2025-12-07T15:15:00+00:00,La Liga,Valencia,Sevilla,1X2 / Match Winner,Draw,3.52,,,WON,
2025-12-07T15:15:00+00:00,Segunda Division,Leganes,Cordoba,Double Chance,Draw/Away,1.57,,,WON,
2025-12-07T15:30:00+00:00,3. Liga,Hansa Rostock,Alemannia Aachen,Over/Under Goals,Over 1.5,1.2,,,WON,
2025-12-07T15:30:00+00:00,FA Cup,Gateshead,Walsall,Over/Under Goals,Over 1.5,1.18,,,WON,
2025-12-07T15:30:00+00:00,Liga I,Metaloglobus,Farul Constanta,Double Chance,Draw/Away,1.15,,,LOST,
2025-12-07T15:30:00+00:00,Primeira Liga,Estoril,Moreirense,1X2 / Match Winner,Draw,3.46,,,WON,
2025-12-07T15:30:00+00:00,Segunda Liga,Chaves,Pacos Ferreira,Over/Under Goals,Under 3.5,1.25,,,WON,
2025-12-07T15:30:00+00:00,Super League 1,Larisa,Panathinaikos,Over/Under Goals,Over 1.5,1.28,,,WON,
2025-12-07T15:30:00+00:00,Super League,FC Sion,BSC Young Boys,Over/Under Goals,Over 1.5,1.22,,,WON,
2025-12-07T15:30:00+00:00,Super League,Lausanne,FC Lugano,Over/Under Goals,Under 3.5,1.55,,,WON,
2025-12-07T15:30:00+00:00,Tercera División RFEF - Group 5,Peralada,L'Hospitalet,Over/Under Goals,Under 3.5,1.16,,,WON,
2025-12-07T15:45:00+00:00,Eerste Divisie,Vitesse,FC OSS,1X2 / Match Winner,Draw,3.7,,,WON,
2025-12-07T15:45:00+00:00,Eredivisie,Sparta Rotterdam,NAC Breda,Team Total Goals,Under 2.5,1.22,,,WON,
2025-12-07T15:45:00+00:00,Tercera División RFEF - Group 3,Tropezón,Vimenor,Team Total Goals,Under 2.5,1.22,,,LOST,
2025-12-07T16:00:00+00:00,Eliteserien,Bryne,Aalesund,Over/Under Goals,Under 3.5,1.4,,,LOST,
2025-12-07T16:00:00+00:00,Frauen Bundesliga,Eintracht Frankfurt W,Bayern Munich W,1X2 / Match Winner,Away,1.6,,,WON,
2025-12-07T16:00:00+00:00,Júniores U19,Santa Clara U19,Belenenses U19,Team Total Goals,Under 2.5,1.19,,,WON,
2025-12-07T16:00:00+00:00,NB I,Ferencvarosi TC,Kisvarda FC,Over/Under Goals,Over 1.5,1.15,,,WON,
2025-12-07T16:00:00+00:00,Premier League,Baltika,Krylia Sovetov,Over/Under Goals,Under 3.5,1.18,,,WON,
2025-12-07T16:00:00+00:00,Premier League,FC Krasnodar,CSKA Moscow,Over/Under Goals,Under 3.5,1.33,,,LOST,
2025-12-07T16:00:00+00:00,Premier League,Kaédi,Gendrim,Double Chance,Draw/Away,1.17,,,WON,
2025-12-07T16:00:00+00:00,Premier League,Nouadhibou,N'Zidane,Over/Under Goals,Under 3.5,1.23,,,WON,
2025-12-07T16:00:00+00:00,Premier League,Ruh Lviv,Polessya,Over/Under Goals,Under 3.5,1.2,,,WON,
2025-12-07T16:00:00+00:00,Segunda División RFEF - Group 1,Langreo,Sarriana,Over/Under Goals,Under 2.5,1.62,,,WON,
2025-12-07T16:00:00+00:00,Segunda División RFEF - Group 1,UD Ourense,Numancia,Double Chance,Home/Draw,1.44,,,LOST,
2025-12-07T16:00:00+00:00,Segunda División RFEF - Group 2,Alfaro,Real Unión,Over/Under Goals,Under 3.5,1.17,,,WON,
2025-12-07T16:00:00+00:00,Segunda División RFEF - Group 2,Utebo,Sestao River,Double Chance,Draw/Away,1.5,,,WON,
2025-12-07T16:00:00+00:00,Segunda División RFEF - Group 3,Reddis,Terrassa,Over/Under Goals,Under 3.5,1.24,,,WON,
2025-12-07T16:00:00+00:00,Segunda División RFEF - Group 4,Águilas,La Unión Atlético,Double Chance,Draw/Away,1.6,,,LOST,
2025-12-07T16:00:00+00:00,Super Liga,FK Crvena Zvezda,Vojvodina,BTTS,Yes,1.65,,,LOST,
2025-12-07T16:00:00+00:00,TFF 1. Lig,İstanbulspor,Sivasspor,Over/Under Goals,Over 1.5,1.24,,,WON,
2025-12-07T16:00:00+00:00,Tercera División RFEF - Group 13,Cieza,Real Murcia II,Double Chance,Home/Draw,1.17,,,WON,
2025-12-07T16:00:00+00:00,Tercera División RFEF - Group 14,Santa Amalia,Don Benito,Double Chance,Draw/Away,1.2,,,WON,
2025-12-07T16:00:00+00:00,Tercera División RFEF - Group 2,Mosconia,San Martín,Over/Under Goals,Under 3.5,1.26,,,WON,
2025-12-07T16:15:00+00:00,Ligue 1,Auxerre,Metz,Over/Under Goals,Under 3.5,1.3,,,LOST,
2025-12-07T16:15:00+00:00,Ligue 1,Le Havre,Paris FC,Over/Under Goals,Under 3.5,1.3,,,WON,
2025-12-07T16:15:00+00:00,Serie B,Empoli,Palermo,Over/Under Goals,Over 1.5,1.38,,,WON,
2025-12-07T16:30:00+00:00,1. SNL,Celje,Primorje,Over/Under Goals,Under 3.5,1.8,,,LOST,
2025-12-07T16:30:00+00:00,Bundesliga 1,Borussia Dortmund,1899 Hoffenheim,Over/Under Goals,Over 1.5,1.15,,,WON,
2025-12-07T16:30:00+00:00,Ekstraklasa,Raków Częstochowa,GKS Katowice,Team Total Goals,Over 0.5,1.55,,,LOST,
2025-12-07T16:30:00+00:00,I Liga,Polonia Bytom,Chrobry Głogów,Over/Under Goals,Under 3.5,1.42,,,WON,
2025-12-07T16:30:00+00:00,Premier League,Fulham,Crystal Palace,Double Chance,Draw/Away,1.48,,,WON,
2025-12-07T16:30:00+00:00,Premijer Liga,Borac Banja Luka,Posušje,Over/Under Goals,Under 3.5,1.31,,,LOST,
2025-12-07T16:30:00+00:00,Prva HNL,NK Osijek,Istra 1961,Over/Under Goals,Under 3.5,1.25,,,LOST,
2025-12-07T16:30:00+00:00,Segunda División RFEF - Group 2,Gernika,Mutilvera,Over/Under Goals,Under 3.5,1.19,,,WON,
2025-12-07T16:30:00+00:00,Serie C - Girone A,Pro Patria,Dolomiti Bellunesi,Over/Under Goals,Under 2.5,1.5,,,WON,
2025-12-07T16:30:00+00:00,Serie C - Girone B,Ravenna,Pontedera,Over/Under Goals,Under 3.5,1.28,,,WON,
2025-12-07T16:30:00+00:00,Serie C - Girone C,Audace Cerignola,Casertana,Over/Under Goals,Over 1.5,1.4,,,WON,
2025-12-07T16:30:00+00:00,Serie C - Girone C,Cavese,Benevento,Over/Under Goals,Under 3.5,1.25,,,WON,
2025-12-07T16:30:00+00:00,Serie C - Girone C,Cosenza,AZ Picerno,Over/Under Goals,Under 3.5,1.33,,,WON,
2025-12-07T17:00:00+00:00,1. Division,Apollon Limassol,Anorthosis,Over/Under Goals,Under 3.5,1.28,,,WON,
2025-12-07T17:00:00+00:00,Arab Cup,Qatar,Tunisia,Over/Under Goals,Over 1.5,1.33,,,WON,
2025-12-07T17:00:00+00:00,Arab Cup,Syria,Palestine,Asian Handicap,Home +0.25,1.47,,,WON,
2025-12-07T17:00:00+00:00,Segunda División RFEF - Group 3,Sant Andreu,Espanyol II,Over/Under Goals,Under 3.5,1.18,,,WON,
2025-12-07T17:00:00+00:00,Serie A Women,Parma W,Como W,Over/Under Goals,Under 3.5,1.3,,,WON,
2025-12-07T17:00:00+00:00,Serie A,Lazio,Bologna,Over/Under Goals,Under 3.5,1.18,,,WON,
2025-12-07T17:00:00+00:00,Super Lig,Göztepe,Trabzonspor,Over/Under Goals,Under 3.5,1.3,,,WON,
2025-12-07T17:00:00+00:00,Super Liga,Dunajska Streda,Spartak Trnava,Over/Under Goals,Under 3.5,1.33,,,LOST,
2025-12-07T17:00:00+00:00,Superliga,Tirana,Partizani,Over/Under Goals,Under 2.5,1.5,,,WON,
2025-12-07T17:00:00+00:00,Superligaen,FC Copenhagen,Sonderjyske,Over/Under Goals,Over 1.5,1.2,,,WON,
2025-12-07T17:15:00+00:00,Primera División RFEF - Group 1,Barakaldo,Real Avilés,Over/Under Goals,Under 3.5,1.25,,,WON,
2025-12-07T17:15:00+00:00,Primera División RFEF - Group 2,Villarreal II,Teruel,Over/Under Goals,Under 3.5,1.2,,,WON,
2025-12-07T17:30:00+00:00,Czech Liga,Pardubice,Hradec Králové,Double Chance,Draw/Away,1.42,,,LOST,
2025-12-07T17:30:00+00:00,FA Cup,Blackpool,Carlisle,Over/Under Goals,Under 3.5,1.45,,,LOST,
2025-12-07T17:30:00+00:00,Frauen Bundesliga,SGS Essen W,Nürnberg,Over/Under Goals,Under 3.5,1.45,,,WON,
2025-12-07T17:30:00+00:00,Jupiler Pro League,Antwerp,Genk,Team Total Goals,Over 0.5,1.2,,,LOST,
2025-12-07T17:30:00+00:00,La Liga,Espanyol,Rayo Vallecano,Over/Under Goals,Under 3.5,1.22,,,WON,
2025-12-07T17:30:00+00:00,Liga 3,AD Marco 09,Fafe,Over/Under Goals,Under 3.5,1.16,,,WON,
2025-12-07T17:30:00+00:00,Segunda Division,Deportivo La Coruna,Castellón,Over/Under Goals,Over 1.5,1.25,,,WON,
2025-12-07T17:30:00+00:00,Segunda Division,Eibar,Cultural Leonesa,Over/Under Goals,Under 3.5,1.25,,,WON,
2025-12-07T17:30:00+00:00,Super League 1,PAOK,Aris Thessalonikis,Over/Under Goals,Over 1.5,1.28,,,WON,
2025-12-07T18:00:00+00:00,Ligat Ha'al,Hapoel Haifa,Maccabi Netanya,Over/Under Goals,Over 1.5,1.17,,,WON,
2025-12-07T18:00:00+00:00,Primeira Liga,Alverca,Nacional,Over/Under Goals,Over 1.5,1.4,,,LOST,
2025-12-07T18:00:00+00:00,Primeira Liga,Estrela,Arouca,Over/Under Goals,Over 1.5,1.38,,,WON,
2025-12-07T18:15:00+00:00,Jupiler Pro League,OH Leuven,Zulte Waregem,Over/Under Goals,Over 1.5,1.3,,,WON,
2025-12-07T18:30:00+00:00,3. Liga,Erzgebirge Aue,FC Ingolstadt 04,Over/Under Goals,Under 3.5,1.57,,,LOST,
2025-12-07T18:30:00+00:00,Liga I,Universitatea Craiova,CFR 1907 Cluj,1X2 / Match Winner,Draw,3.43,,,WON,
2025-12-07T18:30:00+00:00,Ligat Ha'al,Hapoel Beer Sheva,Maccabi Tel Aviv,Asian Handicap,Home +0,1.55,,,WON,
2025-12-07T18:30:00+00:00,NB I,Ujpest,Zalaegerszegi TE,Over/Under Goals,Over 1.5,1.2,,,WON,
2025-12-07T18:30:00+00:00,Serie B,Sampdoria,Carrarese,Over/Under Goals,Under 2.5,1.67,,,LOST,
2025-12-07T19:00:00+00:00,Liga Pro,El Nacional,Aucas,Over/Under Goals,Over 1.5,1.22,,,WON,
2025-12-07T19:00:00+00:00,Primera División,Independiente Petrolero,Bolívar,1X2 / Match Winner,Away,1.65,,,WON,
2025-12-07T19:00:00+00:00,Serie A,Atletico-MG,Vasco DA Gama,Over/Under Goals,Over 1.5,1.33,,,WON,
2025-12-07T19:00:00+00:00,Serie A,Botafogo,Fortaleza EC,Team Total Goals,Over 0.5,1.5,,,WON,
2025-12-07T19:00:00+00:00,Serie A,Ceara,Palmeiras,Over/Under Goals,Under 3.5,1.22,,,LOST,
2025-12-07T19:00:00+00:00,Serie A,Corinthians,Juventude,Team Total Goals,Over 0.5,1.7,,,WON,
2025-12-07T19:00:00+00:00,Serie A,Fluminense,Bahia,Over/Under Goals,Under 3.5,1.25,,,WON,
2025-12-07T19:00:00+00:00,Serie A,Internacional,RB Bragantino,Over/Under Goals,Under 3.5,1.3,,,LOST,
2025-12-07T19:00:00+00:00,Serie A,Santos,Cruzeiro,Over/Under Goals,Under 3.5,1.28,,,WON,
2025-12-07T19:00:00+00:00,Serie A,Sport Recife,Gremio,Over/Under Goals,Over 1.5,1.22,,,WON,
2025-12-07T19:00:00+00:00,Serie A,Vitoria,Sao Paulo,Over/Under Goals,Over 1.5,1.48,,,LOST,
2025-12-07T19:00:00+00:00,Super League 1,AEK Athens FC,Atromitos,1X2 / Match Winner,Home,1.35,,,WON,
2025-12-07T19:15:00+00:00,I Liga,Górnik Łęczna,Ruch Chorzów,Team Total Goals,Under 2.5,1.15,,,WON,
2025-12-07T19:30:00+00:00,Primera División RFEF - Group 1,Lugo,Tenerife,Over/Under Goals,Under 3.5,1.17,,,LOST,
2025-12-07T19:45:00+00:00,Ligue 1,Lorient,Lyon,Team Total Goals,Over 0.5,1.22,,,LOST,
2025-12-07T19:45:00+00:00,Serie A,Napoli,Juventus,Over/Under Goals,Over 1.5,1.48,,,WON,
2025-12-07T20:00:00+00:00,La Liga,Real Madrid,Celta Vigo,Team Total Goals,Over 0.5,1.48,,,WON,
2025-12-07T20:00:00+00:00,Premier League,Portmore United,Arnett Gardens,Asian Handicap,Home +0.25,1.47,,,WON,
2025-12-07T20:00:00+00:00,Premier League,Racing United,Molynes United,Over/Under Goals,Under 3.5,1.33,,,LOST,
2025-12-07T20:00:00+00:00,Segunda Division,Granada CF,AD Ceuta FC,1X2 / Match Winner,Draw,3.42,,,WON,
2025-12-07T20:30:00+00:00,Primeira Liga,Tondela,FC Porto,Over/Under Goals,Under 3.5,1.42,,,WON,
2025-12-07T21:00:00+00:00,Liga Nacional,Achuapa,Mixco,Over/Under Goals,Under 3.5,1.17,,,LOST,
2025-12-07T21:00:00+00:00,Liga Nacional,Atlético Choloma,Olancho,Over/Under Goals,Under 3.5,1.65,,,LOST,
2025-12-07T21:00:00+00:00,Liga Nacional,Lobos Upnfm,Real Espana,1X2 / Match Winner,Draw,3.5,,,WON,
2025-12-07T21:00:00+00:00,Primera Division,Alianza,Cacahuatique,Team Total Goals,Over 0.5,1.64,,,WON,
2025-12-07T21:00:00+00:00,Primera Division,Colo Colo,A. Italiano,Over/Under Goals,Under 3.5,1.45,,,WON,
2025-12-07T21:00:00+00:00,Primera Division,Nublense,Cobresal,Over/Under Goals,Under 3.5,1.36,,,LOST,
2025-12-07T21:00:00+00:00,Primera Division,Águila,Firpo,Double Chance,Home/Draw,1.44,,,LOST,
2025-12-07T21:15:00+00:00,Primera División,The Strongest,Always Ready,Double Chance,Draw/Away,1.67,,,WON,
2025-12-07T21:30:00+00:00,Liga Pro,Barcelona SC,Universidad Catolica,1X2 / Match Winner,Draw,3.66,,,WON,
2025-12-07T22:00:00+00:00,Primera Division,Boca Juniors,Racing Club,Over/Under Goals,Under 2.5,1.62,,,WON,
2025-12-07T22:00:00+00:00,Primera División,CS Cartagines,Municipal Liberia,Over/Under Goals,Under 3.5,1.22,,,WON,
2025-12-07T22:00:00+00:00,Primera División,Perez Zeledon,CS Herediano,Double Chance,Draw/Away,1.4,,,WON,
2025-12-08T00:00:00+00:00,Primera División,Aurora,Universitario de Vinto,Over/Under Goals,Under 3.5,1.45,,,WON,
2025-12-08T10:00:00+00:00,K-League Classic,Suwon City FC,Bucheon FC 1995,Over/Under Goals,Under 3.5,1.2,,,LOST,
2025-12-08T11:30:00+00:00,Serie A Women,Sassuolo W,Lazio W,Double Chance,Home/Draw,1.62,,,LOST,
2025-12-08T11:30:00+00:00,Serie B,Modena,Catanzaro,Over/Under Goals,Under 3.5,1.28,,,WON,
2025-12-08T11:30:00+00:00,TFF 1. Lig,Bandırmaspor,BB Bodrumspor,Double Chance,Draw/Away,1.25,,,LOST,
2025-12-08T11:30:00+00:00,TFF 1. Lig,Hatayspor,Sarıyer,Over/Under Goals,Under 3.5,1.57,,,WON,
2025-12-08T12:00:00+00:00,Prva Liga,Zemun,Tekstilac Odžaci,Over/Under Goals,Under 3.5,1.16,,,LOST,
2025-12-08T12:30:00+00:00,1st Division,Besa Kavajë,Burreli,Asian Handicap,Away -1.25,1.44,,,LOST,
2025-12-08T13:00:00+00:00,FKF Premier League,Mathare United,Mara Sugar,Double Chance,Draw/Away,1.6,,,WON,
2025-12-08T13:00:00+00:00,First League,CSKA 1948,Dobrudzha,Over/Under Goals,Under 3.5,1.5,,,WON,
2025-12-08T13:30:00+00:00,Premier League,SK Poltava,Epitsentr Dunayivtsi,Asian Handicap,Home +1.25,1.5,,,LOST,
2025-12-08T13:30:00+00:00,Serie C - Girone A,Albinoleffe,Ospitaletto,Over/Under Goals,Under 3.5,1.18,,,WON,
2025-12-08T13:30:00+00:00,Serie C - Girone A,Lecco,Alcione,Over/Under Goals,Under 3.5,1.17,,,WON,
2025-12-08T13:30:00+00:00,Serie C - Girone A,Virtus Verona,Pergolettese,Over/Under Goals,Under 3.5,1.22,,,WON,
2025-12-08T13:30:00+00:00,Serie C - Girone B,Ascoli,Forli,Over/Under Goals,Under 3.5,1.25,,,WON,
2025-12-08T13:30:00+00:00,Serie C - Girone B,Athletic Carpi,Vis Pesaro,Over/Under Goals,Under 3.5,1.18,,,WON,
2025-12-08T14:00:00+00:00,Serie A,Pisa,Parma,Asian Handicap,Away -0.5,1.57,,,WON,
2025-12-08T14:00:00+00:00,Serie B,Avellino,Venezia,Team Total Goals,Over 0.5,1.17,,,WON,
2025-12-08T14:00:00+00:00,Serie B,Frosinone,Juve Stabia,Over/Under Goals,Under 3.5,1.25,,,WON,
2025-12-08T14:00:00+00:00,Serie B,Mantova,Reggiana,Over/Under Goals,Under 3.5,1.35,,,WON,
2025-12-08T14:00:00+00:00,Serie B,Monza,Sudtirol,Over/Under Goals,Under 3.5,1.25,,,WON,
2025-12-08T14:00:00+00:00,Serie B,Padova,Cesena,Over/Under Goals,Under 3.5,1.17,,,WON,
2025-12-08T14:00:00+00:00,Serie C - Girone A,Giana Erminio,Triestina,Over/Under Goals,Under 3.5,1.15,,,WON,
2025-12-08T14:00:00+00:00,Super Liga,Radnik Surdulica,Mladost Lucani,Double Chance,Home/Draw,1.18,,,WON,
2025-12-08T15:00:00+00:00,Premijer Liga,Siroki Brijeg,Radnik Bijeljina,Over/Under Goals,Under 3.5,1.16,,,LOST,
2025-12-08T15:00:00+00:00,Primera División RFEF - Group 1,Unionistas de Salamanca,Ponferradina,Asian Handicap,Home +0.25,1.42,,,WON,
2025-12-08T15:00:00+00:00,Superliga,Egnatia Rrogozhinë,Vora,Asian Handicap,Away -1.25,1.55,,,LOST,
2025-12-08T15:15:00+00:00,Segunda Division,Burgos,Albacete,Over/Under Goals,Under 3.5,1.22,,,WON,
2025-12-08T15:30:00+00:00,First League,Ludogorets,Slavia Sofia,Over/Under Goals,Over 1.5,1.2,,,WON,
2025-12-08T15:30:00+00:00,Liga I,Uta Arad,Petrolul Ploiesti,Over/Under Goals,Under 3.5,1.18,,,WON,
2025-12-08T15:30:00+00:00,Segunda Liga,Farense,Vizela,Over/Under Goals,Under 3.5,1.25,,,WON,
2025-12-08T16:00:00+00:00,Premyer Liqa,Sabah FA,Neftchi Baku,Over/Under Goals,Under 3.5,1.19,,,WON,
2025-12-08T16:00:00+00:00,Super League 1,Panserraikos,Panetolikos,Double Chance,Draw/Away,1.45,,,WON,
2025-12-08T16:00:00+00:00,Super Liga,Radnicki NIS,Cukaricki,Over/Under Goals,Under 3.5,1.38,,,WON,
2025-12-08T16:15:00+00:00,Serie B,Bari,Pescara,Double Chance,Home/Draw,1.18,,,WON,
2025-12-08T16:45:00+00:00,Ligue 1,JS Kabylie,USM Alger,Double Chance,Home/Draw,1.17,,,LOST,
2025-12-08T17:00:00+00:00,Frauen Bundesliga,Hamburger SV W,FC Koln W,Over/Under Goals,Under 3.5,1.55,,,LOST,
2025-12-08T17:00:00+00:00,Liga Leumit,Hapoel Kfar Shalem,Hapoel Acre,Over/Under Goals,Over 1.5,1.25,,,WON,
2025-12-08T17:00:00+00:00,Liga Leumit,Ironi Modi'in,Hapoel Ra'anana,Over/Under Goals,Under 3.5,1.33,,,WON,
2025-12-08T17:00:00+00:00,Liga Leumit,Maccabi Herzliya,Maccabi Petah Tikva,Over/Under Goals,Under 3.5,1.44,,,LOST,
2025-12-08T17:00:00+00:00,Premijer Liga,Sloga Doboj,Rudar Prijedor,Over/Under Goals,Under 3.5,1.16,,,WON,
2025-12-08T17:00:00+00:00,Serie A,Udinese,Genoa,Over/Under Goals,Under 3.5,1.18,,,WON,
2025-12-08T17:00:00+00:00,Super Lig,Alanyaspor,Antalyaspor,1X2 / Match Winner,Draw,3.9,,,WON,
2025-12-08T17:00:00+00:00,Super Lig,Beşiktaş,Gazişehir Gaziantep,Over/Under Goals,Under 3.5,1.67,,,LOST,
2025-12-08T17:00:00+00:00,TFF 1. Lig,Yeni Çorumspor,Pendikspor,Double Chance,Draw/Away,1.57,,,LOST,
2025-12-08T17:15:00+00:00,Primera División RFEF - Group 2,FC Cartagena,Real Murcia,Over/Under Goals,Under 3.5,1.17,,,WON,
2025-12-08T17:30:00+00:00,Primera División RFEF - Group 2,Tarazona,Europa Fc,Over/Under Goals,Under 3.5,1.17,,,WON,
2025-12-08T17:30:00+00:00,Segunda Division,Las Palmas,Mirandes,Over/Under Goals,Over 1.5,1.4,,,LOST,
2025-12-08T17:45:00+00:00,Ligat Ha'al,Ashdod,Ironi Tiberias,Over/Under Goals,Over 1.5,1.25,,,WON,
2025-12-08T17:45:00+00:00,Ligat Ha'al,Maccabi Bnei Raina,Bnei Sakhnin,Over/Under Goals,Under 3.5,1.25,,,WON,
2025-12-08T18:00:00+00:00,Ekstraklasa,Korona Kielce,Wisla Plock,Over/Under Goals,Under 3.5,1.25,,,WON,
2025-12-08T18:00:00+00:00,I Liga,Slask Wroclaw,Stal Rzeszów,Team Total Goals,Under 2.5,1.48,,,WON,
2025-12-08T18:00:00+00:00,Ligat Ha'al,Beitar Jerusalem,Hapoel Katamon,1X2 / Match Winner,Home,1.53,,,LOST,
2025-12-08T18:00:00+00:00,Super Liga,FK Spartak Zdrepceva KRV,TSC Backa Topola,Double Chance,Home/Draw,1.6,,,LOST,
2025-12-08T18:00:00+00:00,Superliga,AF Elbasani,Vllaznia Shkodër,Over/Under Goals,Under 3.5,1.15,,,WON,
2025-12-08T18:00:00+00:00,Superliga,Flamurtari,Dinamo Tirana,Over/Under Goals,Under 2.5,1.67,,,LOST,
2025-12-08T18:00:00+00:00,Superligaen,Vejle,Brondby,Over/Under Goals,Over 1.5,1.22,,,WON,
2025-12-08T18:30:00+00:00,Liga I,FC Botosani,Rapid,Over/Under Goals,Under 3.5,1.28,,,WON,
2025-12-08T18:30:00+00:00,Serie B,Virtus Entella,Spezia,Double Chance,Draw/Away,1.55,,,WON,
2025-12-08T19:00:00+00:00,Eerste Divisie,Jong Utrecht,De Graafschap,1X2 / Match Winner,Draw,4.0,,,LOST,
2025-12-08T19:00:00+00:00,Ligue 1,MC Alger,CR Belouizdad,Over/Under Goals,Under 2.5,1.4,,,LOST,
2025-12-08T19:00:00+00:00,Primera División,San Antonio Bulo Bulo,Real Tomayapo,BTTS,Yes,1.5,,,WON,
2025-12-08T19:30:00+00:00,FA Cup,Brackley Town,Burton Albion,Team Total Goals,Over 0.5,1.2,,,WON,
2025-12-08T19:30:00+00:00,Segunda Division,Malaga,Zaragoza,1X2 / Match Winner,Draw,3.2,,,WON,
2025-12-08T19:30:00+00:00,Women's Championship,Newcastle United W,Southampton W,1X2 / Match Winner,Home,1.7,,,WON,
2025-12-08T19:45:00+00:00,Ligue 2,Reims,Laval,Over/Under Goals,Under 3.5,1.25,,,LOST,
2025-12-08T19:45:00+00:00,Serie A,Torino,AC Milan,Double Chance,Draw/Away,1.18,,,WON,
2025-12-08T20:00:00+00:00,La Liga,Osasuna,Levante,Team Total Goals,Over 0.5,1.17,,,WON,
2025-12-08T20:00:00+00:00,Premier League,Wolves,Manchester United,Over/Under Goals,Under 3.5,1.45,,,LOST,
2025-12-08T20:00:00+00:00,Primera A,Deportes Tolima,Fortaleza FC,Over/Under Goals,Under 3.5,1.22,,,WON,
2025-12-08T20:00:00+00:00,Primera Division,Gimnasia L.P.,Estudiantes L.P.,Over/Under Goals,Under 3.5,1.15,,,WON,
2025-12-08T20:30:00+00:00,Primeira Liga,Guimaraes,GIL Vicente,Over/Under Goals,Under 3.5,1.17,,,WON,
2025-12-08T22:00:00+00:00,Premier League,Cavalier,Montego Bay United,Over/Under Goals,Over 1.5,1.45,,,WON,
2025-12-08T22:15:00+00:00,Primera A,America de Cali,Atletico Nacional,Over/Under Goals,Under 3.5,1.25,,,LOST,
2025-12-08T22:15:00+00:00,Primera A,Independiente Medellin,Junior,Team Total Goals,Under 2.5,1.2,,,WON,
2025-12-08T23:00:00+00:00,Primera División,Nacional Potosí,ABB,Team Total Goals,Over 1.5,1.15,,,WON,
2025-12-09T00:00:00+00:00,Liga Pro,Emelec,Macara,Double Chance,Draw/Away,1.6,,,WON,
2025-12-09T00:20:00+00:00,Primera A,Santa Fe,Bucaramanga,Over/Under Goals,Under 3.5,1.25,,,WON,
2025-12-09T00:30:00+00:00,Premier League,Tivoli Gardens,Waterhouse,Over/Under Goals,Under 3.5,1.25,,,WON,
2025-12-09T02:00:00+00:00,Liga Nacional,Xelajú,Antigua GFC,Over/Under Goals,Under 3.5,1.21,,,WON,
2025-12-09T10:00:00+00:00,AFC Champions League,Machida Zelvia,Ulsan Hyundai FC,1X2 / Match Winner,Home,1.6,,,WON,
2025-12-09T10:00:00+00:00,AFC Champions League,Vissel Kobe,Chengdu Better City,1X2 / Match Winner,Home,1.4,,,LOST,
2025-12-09T11:00:00+00:00,Liga Revelação U23,Leixões U23,Gil Vicente U23,Over/Under Goals,Under 3.5,1.42,,,WON,
2025-12-09T12:00:00+00:00,Liga Revelação U23,Santa Clara U23,Estrela U23,Over/Under Goals,Under 3.5,1.36,,,WON,
2025-12-09T12:15:00+00:00,AFC Champions League,Buriram United,Gangwon FC,Double Chance,Draw/Away,1.67,,,WON,
2025-12-09T12:15:00+00:00,AFC Champions League,Johor Darul Takzim FC,SHANGHAI SIPG,1X2 / Match Winner,Home,1.5,,,LOST,
2025-12-09T13:00:00+00:00,Premyer Liqa,Araz,Kapaz,Over/Under Goals,Over 1.5,1.27,,,WON,
2025-12-09T14:30:00+00:00,Arab Cup,Egypt,Jordan,Over/Under Goals,Under 3.5,1.18,,,WON,
2025-12-09T14:30:00+00:00,Arab Cup,United Arab Emirates,Kuwait,Team Total Goals,Under 2.5,1.4,,,LOST,
2025-12-09T15:00:00+00:00,Liga Revelação U23,Rio Ave U23,Marítimo U23,Double Chance,Draw/Away,1.67,,,LOST,
2025-12-09T15:00:00+00:00,Liga Revelação U23,Vizela U23,Academico Viseu U23,Double Chance,Home/Draw,1.53,,,LOST,
2025-12-09T15:30:00+00:00,First League,Botev Vratsa,Montana,Over/Under Goals,Under 3.5,1.2,,,WON,
2025-12-09T15:30:00+00:00,Premyer Liqa,Sumqayıt,Mil-Muğan,Double Chance,Home/Draw,1.2,,,WON,
2025-12-09T15:30:00+00:00,UEFA Champions League,Kairat Almaty,Olympiakos Piraeus,Team Total Goals,Over 0.5,1.62,,,LOST,
2025-12-09T17:00:00+00:00,Arab Cup,Algeria,Iraq,Over/Under Goals,Under 3.5,1.2,,,WON,
2025-12-09T17:00:00+00:00,Arab Cup,Bahrain,Sudan,Over/Under Goals,Under 3.5,1.17,,,LOST,
2025-12-09T17:45:00+00:00,UEFA Champions League Women,St. Pölten W,Juventus W,Over/Under Goals,Over 2.5,1.4,,,WON,
2025-12-09T17:45:00+00:00,UEFA Champions League,Bayern München,Sporting CP,Over/Under Goals,Over 2.5,1.38,,,WON,
2025-12-09T19:00:00+00:00,Challenger Pro League,KRC Genk II,RSC Anderlecht II,Over/Under Goals,Under 3.5,1.55,,,LOST,
2025-12-09T19:30:00+00:00,Derde Divisie - Saturday,Hercules,ROHDA Raalte,Double Chance,Draw/Away,1.22,,,LOST,
2025-12-09T19:45:00+00:00,Challenge Cup,Alloa Athletic,Airdrie United,Over/Under Goals,Under 3.5,1.28,,,LOST,
2025-12-09T19:45:00+00:00,Challenge Cup,Arbroath,Kelty Hearts,Over/Under Goals,Under 3.5,1.48,,,LOST,
2025-12-09T19:45:00+00:00,Challenge Cup,Ayr Utd,Peterhead,1X2 / Match Winner,Home,1.64,,,WON,
2025-12-09T19:45:00+00:00,Challenge Cup,East Kilbride,Stranraer,Over/Under Goals,Under 3.5,1.42,,,LOST,
2025-12-09T19:45:00+00:00,Championship,Blackburn,Oxford United,1X2 / Match Winner,Draw,3.6,,,WON,
2025-12-09T19:45:00+00:00,Championship,Charlton,Middlesbrough,Team Total Goals,Over 0.5,1.28,,,WON,
2025-12-09T19:45:00+00:00,Championship,Preston,Coventry,Over/Under Goals,Over 1.5,1.28,,,WON,
2025-12-09T19:45:00+00:00,Championship,Sheffield Utd,Norwich,Over/Under Goals,Over 1.5,1.28,,,WON,
2025-12-09T19:45:00+00:00,Championship,Southampton,West Brom,Over/Under Goals,Over 1.5,1.3,,,WON,
2025-12-09T19:45:00+00:00,Championship,Swansea,Portsmouth,Over/Under Goals,Over 1.5,1.33,,,LOST,
2025-12-09T19:45:00+00:00,Championship,Watford,Sheffield Wednesday,Over/Under Goals,Over 1.5,1.25,,,WON,
2025-12-09T19:45:00+00:00,EFL Trophy,Colchester,West Ham United U21,Asian Handicap,Away -1.25,1.62,,,WON,
2025-12-09T19:45:00+00:00,League One,Doncaster,Stockport County,Double Chance,Home/Draw,1.44,,,LOST,
2025-12-09T19:45:00+00:00,League One,Exeter City,AFC Wimbledon,Double Chance,Draw/Away,1.62,,,LOST,
2025-12-09T19:45:00+00:00,League One,Leyton Orient,Luton,Over/Under Goals,Under 3.5,1.33,,,WON,
2025-12-09T19:45:00+00:00,League One,Lincoln,Barnsley,Over/Under Goals,Under 3.5,1.4,,,LOST,
2025-12-09T19:45:00+00:00,League One,Mansfield Town,Bolton,Team Total Goals,Over 0.5,1.17,,,WON,
2025-12-09T19:45:00+00:00,League One,Northampton,Huddersfield,Double Chance,Home/Draw,1.62,,,WON,
2025-12-09T19:45:00+00:00,League One,Stevenage,Cardiff,Double Chance,Home/Draw,1.4,,,LOST,
2025-12-09T19:45:00+00:00,League One,Wycombe,Plymouth,Double Chance,Home/Draw,1.15,,,LOST,
2025-12-09T19:45:00+00:00,League Two,Barnet,Bristol Rovers,Asian Handicap,Home +0.5,1.15,,,WON,
2025-12-09T19:45:00+00:00,League Two,Barrow,Tranmere,Over/Under Goals,Over 1.5,1.33,,,WON,
2025-12-09T19:45:00+00:00,League Two,Bromley,Crawley Town,Over/Under Goals,Over 1.5,1.25,,,WON,
2025-12-09T19:45:00+00:00,League Two,Cambridge United,Chesterfield,Asian Handicap,Home +0,1.5,,,WON,
2025-12-09T19:45:00+00:00,League Two,Fleetwood Town,Salford City,Over/Under Goals,Over 1.5,1.22,,,WON,
2025-12-09T19:45:00+00:00,League Two,Harrogate Town,Accrington ST,Over/Under Goals,Over 1.5,1.35,,,WON,
2025-12-09T19:45:00+00:00,League Two,Notts County,Milton Keynes Dons,Double Chance,Draw/Away,1.57,,,LOST,
2025-12-09T19:45:00+00:00,League Two,Shrewsbury,Grimsby,Over/Under Goals,Over 1.5,1.28,,,WON,
2025-12-09T19:45:00+00:00,League Two,Swindon Town,Cheltenham,Over/Under Goals,Over 1.5,1.2,,,LOST,
2025-12-09T19:45:00+00:00,National League - North,Leamington,AFC Telford United,Over/Under Goals,Under 3.5,1.35,,,LOST,
2025-12-09T19:45:00+00:00,Non League Premier - Isthmian,Brentwood Town,Cheshunt,Over/Under Goals,Over 1.5,1.16,,,WON,
2025-12-09T19:45:00+00:00,Non League Premier - Southern Central,Quorn,Redditch United,Over/Under Goals,Over 1.5,1.16,,,WON,
2025-12-09T19:45:00+00:00,Premier League,Briton Ferry,The New Saints,Over/Under Goals,Under 3.5,1.73,,,WON,
2025-12-09T19:45:00+00:00,Premier League,Penybont,Barry Town,Over/Under Goals,Under 3.5,1.44,,,WON,
2025-12-09T20:00:00+00:00,Championship,QPR,Birmingham,Double Chance,Draw/Away,1.42,,,LOST,
2025-12-09T20:00:00+00:00,League One,Reading,Peterborough,Over/Under Goals,Under 3.5,1.33,,,WON,
2025-12-09T20:00:00+00:00,UEFA Champions League Women,Arsenal W,Twente W,Team Total Goals,Over 0.5,1.65,,,LOST,
2025-12-09T20:00:00+00:00,UEFA Champions League Women,Paris Saint Germain W,OH Leuven W,BTTS,Yes,1.6,,,LOST,
2025-12-09T20:00:00+00:00,UEFA Champions League Women,Real Madrid W,VfL Wolfsburg W,Team Total Goals,Over 0.5,1.18,,,LOST,
2025-12-09T20:00:00+00:00,UEFA Champions League,Atalanta,Chelsea,Over/Under Goals,Under 3.5,1.48,,,WON,
2025-12-09T20:00:00+00:00,UEFA Champions League,Barcelona,Eintracht Frankfurt,Team Total Goals,Over 1.5,1.17,,,WON,
2025-12-09T20:00:00+00:00,UEFA Champions League,Inter,Liverpool,Over/Under Goals,Under 3.5,1.45,,,WON,
2025-12-09T20:00:00+00:00,UEFA Champions League,Monaco,Galatasaray,Over/Under Goals,Under 3.5,1.6,,,WON,
2025-12-09T20:00:00+00:00,UEFA Champions League,PSV Eindhoven,Atletico Madrid,Double Chance,Home/Draw,1.67,,,LOST,
2025-12-09T20:00:00+00:00,UEFA Champions League,Tottenham,Slavia Praha,Over/Under Goals,Under 3.5,1.4,,,WON,
2025-12-09T20:00:00+00:00,UEFA Champions League,Union St. Gilloise,Marseille,Over/Under Goals,Over 1.5,1.2,,,WON,
2025-12-09T23:00:00+00:00,Primera División,Jorge Wilstermann,Gualberto Villarroel SJ,Over/Under Goals,Under 3.5,1.45,,,LOST,
2025-12-10T10:00:00+00:00,1a Divisió,UE Santa Coloma,Ranger's,Double Chance,Draw/Away,1.53,,,LOST,
2025-12-10T10:00:00+00:00,AFC Champions League,FC Seoul,Melbourne City,Over/Under Goals,Under 3.5,1.42,,,WON,
2025-12-10T10:00:00+00:00,AFC Champions League,Sanfrecce Hiroshima,Shanghai Shenhua,Over/Under Goals,Under 3.5,1.62,,,WON,
2025-12-10T10:00:00+00:00,Birinci Dasta,Mingəçevir,Cəbrayıl,Over/Under Goals,Over 1.5,1.2,,,WON,
2025-12-10T10:30:00+00:00,Birinci Dasta,Baku Sportinq,Şahdağ,Over/Under Goals,Under 3.5,1.33,,,WON,
2025-12-10T10:30:00+00:00,Birinci Dasta,MOIK,Şimal,1X2 / Match Winner,Home,1.34,,,WON,
2025-12-10T11:00:00+00:00,Thai League 2,Chainat,Songkhla,Over/Under Goals,Under 3.5,1.24,,,LOST,
2025-12-10T12:00:00+00:00,First League,Petrovac,Bokelj,Over/Under Goals,Under 3.5,1.25,,,WON,
2025-12-10T12:00:00+00:00,Second League,Rudar,Mladost Lješkopolje,Over/Under Goals,Under 2.5,2.0,,,LOST,
2025-12-10T12:15:00+00:00,AFC Cup,Persib Bandung,Bangkok United,Double Chance,Home/Draw,1.18,,,WON,
2025-12-10T12:15:00+00:00,AFC Cup,Selangor,Home United,1X2 / Match Winner,Away,1.6,,,WON,
2025-12-10T12:30:00+00:00,Friendlies Clubs,Vlašim,Zlaté Moravce,Team Total Goals,Over 0.5,1.18,,,WON,
2025-12-10T12:30:00+00:00,Super League,Moyale Barracks,Nyasa Big Bullets,Double Chance,Draw/Away,1.17,,,LOST,
2025-12-10T13:00:00+00:00,First League,Arsenal Tivat,Jedinstvo,Over/Under Goals,Under 3.5,1.16,,,WON,
2025-12-10T13:00:00+00:00,First League,Jezero,Buducnost Podgorica,Over/Under Goals,Under 3.5,1.18,,,WON,
2025-12-10T14:00:00+00:00,Cup,Ružomberok,FK Košice,Over/Under Goals,Under 3.5,1.33,,,LOST,
2025-12-10T14:00:00+00:00,First League,Dečić,Mladost DG,1X2 / Match Winner,Draw,3.3,,,LOST,
2025-12-10T14:00:00+00:00,Segunda División RFEF - Group 4,Recreativo Huelva,Ucam Murcia,Over/Under Goals,Under 3.5,1.16,,,WON,
2025-12-10T14:30:00+00:00,Primera División RFEF - Group 2,Marbella,Atlético Madrid II,Over/Under Goals,Under 3.5,1.17,,,WON,
2025-12-10T15:00:00+00:00,David Kipiani Cup,Saburtalo,Dila,Double Chance,Home/Draw,1.4,,,LOST,
2025-12-10T15:00:00+00:00,First League,Sutjeska,Mornar,Double Chance,Draw/Away,1.7,,,WON,
2025-12-10T15:00:00+00:00,League Cup,El Geish,Ceramica Cleopatra,Team Total Goals,Over 0.5,1.15,,,LOST,
2025-12-10T17:00:00+00:00,Challenge League,Pietà Hotspurs,St. Andrews,Over/Under Goals,Under 3.5,1.36,,,LOST,
2025-12-10T17:00:00+00:00,Challenge League,Stade Lausanne-Ouchy,Neuchatel Xamax FC,Team Total Goals,Over 0.5,1.16,,,WON,
2025-12-10T17:00:00+00:00,Coppa Italia Serie C,PRO Vercelli,Latina,Over/Under Goals,Under 3.5,1.22,,,WON,
2025-12-10T17:00:00+00:00,Coppa Italia Serie C,Potenza,Crotone,Over/Under Goals,Under 3.5,1.22,,,LOST,
2025-12-10T17:00:00+00:00,FIFA Intercontinental Cup,Cruz Azul,Flamengo,Over/Under Goals,Under 3.5,1.25,,,WON,
2025-12-10T17:15:00+00:00,Challenge League,Fgura United,Balzan FC,Over/Under Goals,Over 1.5,1.15,,,WON,
2025-12-10T17:45:00+00:00,UEFA Champions League Women,Vålerenga W,Paris FC W,Over/Under Goals,Under 3.5,1.5,,,WON,
2025-12-10T17:45:00+00:00,UEFA Champions League,Qarabag,Ajax,Team Total Goals,Over 0.5,1.15,,,WON,
2025-12-10T17:45:00+00:00,UEFA Champions League,Villarreal,FC Copenhagen,Over/Under Goals,Over 1.5,1.22,,,WON,
2025-12-10T18:00:00+00:00,League Cup,Ismaily SC,El Gouna FC,Double Chance,Draw/Away,1.45,,,WON,
2025-12-10T18:00:00+00:00,League Cup,Masr,Smouha SC,Over/Under Goals,Under 3.5,1.38,,,WON,
2025-12-10T18:30:00+00:00,Frauen Bundesliga,Nürnberg,Eintracht Frankfurt W,1X2 / Match Winner,Away,1.15,,,LOST,
2025-12-10T19:00:00+00:00,Eerste Divisie,Vitesse,Waalwijk,Double Chance,Home/Draw,1.63,,,WON,
2025-12-10T19:00:00+00:00,Premier League Cup,Coventry City U21,Watford U21,Double Chance,Draw/Away,1.57,,,WON,
2025-12-10T19:00:00+00:00,Primera División,Blooming,Aurora,Double Chance,Home/Draw,1.18,,,WON,
2025-12-10T19:30:00+00:00,Challenge League,Swieqi United,Marsa,1X2 / Match Winner,Home,1.65,,,LOST,
2025-12-10T19:30:00+00:00,FAW Championship,Buckley Town,Gresford Athletic,Team Total Goals,Under 2.5,1.65,,,LOST,
2025-12-10T19:30:00+00:00,FAW Championship,Newport City,Cardiff Draconians,Over/Under Goals,Over 1.5,1.15,,,WON,
2025-12-10T19:30:00+00:00,First Amateur Division,Oud-Heverlee Leuven II,Sporting Hasselt,1X2 / Match Winner,Away,1.58,,,WON,
2025-12-10T19:30:00+00:00,Tercera División RFEF - Group 15,Beti Kozkor,Aoiz,Over/Under Goals,Under 3.5,1.25,,,WON,
2025-12-10T19:45:00+00:00,Challenge League,Mgarr United,Melita,Over/Under Goals,Over 1.5,1.18,,,WON,
2025-12-10T19:45:00+00:00,Championship,Bristol City,Leicester,Double Chance,Home/Draw,1.48,,,WON,
2025-12-10T19:45:00+00:00,Championship,Derby,Millwall,Over/Under Goals,Over 1.5,1.45,,,WON,
2025-12-10T19:45:00+00:00,Championship,Ipswich,Stoke City,Over/Under Goals,Over 1.5,1.28,,,LOST,
2025-12-10T19:45:00+00:00,FA Cup,Tranent Juniors,Inverness CT,Team Total Goals,Over 1.5,1.28,,,WON,
2025-12-10T19:45:00+00:00,Football League - Lowland League,Stirling University,Clydebank,Team Total Goals,Under 2.5,1.87,,,LOST,
2025-12-10T19:45:00+00:00,League One,Rotherham,Blackpool,Asian Handicap,Home +0.25,1.5,,,LOST,
2025-12-10T19:45:00+00:00,League Two,Crewe,Newport County,Over/Under Goals,Over 1.5,1.28,,,WON,
2025-12-10T19:45:00+00:00,League Two,Oldham,Walsall,Double Chance,Home/Draw,1.45,,,LOST,
2025-12-10T19:45:00+00:00,National League - North,King's Lynn Town,Macclesfield,Asian Handicap,Home +0.25,1.52,,,WON,
2025-12-10T19:45:00+00:00,National League,Carlisle,Woking,Asian Handicap,Away -1.25,1.7,,,WON,
2025-12-10T19:45:00+00:00,Non League Premier - Northern,Stocksbridge Park Steels,United of Manchester,Over/Under Goals,Under 3.5,1.24,,,WON,
2025-12-10T19:45:00+00:00,Non League Premier - Southern South,Gosport Borough,Hanwell Town,Over/Under Goals,Over 1.5,1.16,,,WON,
2025-12-10T20:00:00+00:00,Championship,Hull City,Wrexham,Over/Under Goals,Under 3.5,1.33,,,WON,
2025-12-10T20:00:00+00:00,Liga Nacional,Aurora,Malacateco,Over/Under Goals,Under 3.5,1.3,,,WON,
2025-12-10T20:00:00+00:00,Premier League,Spanish Town Police,Arnett Gardens,Over/Under Goals,Under 3.5,1.42,,,LOST,
2025-12-10T20:00:00+00:00,UEFA Champions League Women,Atletico Madrid W,Bayern Munich W,Over/Under Goals,Over 1.5,1.15,,,WON,
2025-12-10T20:00:00+00:00,UEFA Champions League Women,Chelsea W,Roma W,Over/Under Goals,Under 3.5,2.25,,,LOST,
2025-12-10T20:00:00+00:00,UEFA Champions League Women,Manchester United W,Lyon W,1X2 / Match Winner,Away,1.5,,,WON,
2025-12-10T20:00:00+00:00,UEFA Champions League,Athletic Club,Paris Saint Germain,1X2 / Match Winner,Draw,4.26,,,WON,
2025-12-10T20:00:00+00:00,UEFA Champions League,Bayer Leverkusen,Newcastle,Asian Handicap,Away -0.5,1.48,,,WON,
2025-12-10T20:00:00+00:00,UEFA Champions League,Benfica,Napoli,Double Chance,Draw/Away,1.6,,,LOST,
2025-12-10T20:00:00+00:00,UEFA Champions League,Borussia Dortmund,Bodo/Glimt,Over/Under Goals,Over 2.5,1.36,,,WON,
2025-12-10T20:00:00+00:00,UEFA Champions League,Club Brugge KV,Arsenal,Over/Under Goals,Over 1.5,1.18,,,WON,
2025-12-10T20:00:00+00:00,UEFA Champions League,Juventus,Pafos,Over/Under Goals,Over 1.5,1.15,,,WON,
2025-12-10T20:00:00+00:00,UEFA Champions League,Real Madrid,Manchester City,Over/Under Goals,Over 2.5,1.5,,,WON,
2025-12-10T21:30:00+00:00,Primera División,Universitario de Vinto,Independiente Petrolero,Over/Under Goals,Under 3.5,1.44,,,LOST,
2025-12-10T22:00:00+00:00,Liga Pro,Independiente del Valle,LDU de Quito,Team Total Goals,Over 0.5,1.4,,,LOST,
2025-12-11T00:30:00+00:00,Copa Do Brasil,Cruzeiro,Corinthians,1X2 / Match Winner,Home,1.65,,,LOST,
2025-12-11T01:00:00+00:00,Liga Nacional,Real Espana,CD Olimpia,Over/Under Goals,Under 3.5,1.33,,,WON,
2025-12-11T01:00:00+00:00,Primera Division,Sporting Cristal,Cusco,Over/Under Goals,Under 3.5,1.4,,,WON,
2025-12-11T02:00:00+00:00,Liga Nacional,Municipal,Mictlán,Over/Under Goals,Under 3.5,1.3,,,WON,
2025-12-11T02:00:00+00:00,Primera División,Municipal Liberia,LD Alajuelense,Over/Under Goals,Under 3.5,1.22,,,WON,
2025-12-11T09:00:00+00:00,Southeast Asian Games,Vietnam U22,Malaysia U22,Team Total Goals,Under 2.5,1.22,,,WON,
2025-12-11T10:00:00+00:00,AFC Cup,Gamba Osaka,Ratchaburi,Over/Under Goals,Under 3.5,1.62,,,WON,
2025-12-11T10:00:00+00:00,AFC Cup,Nam Dinh,Eastern,Over/Under Goals,Under 3.5,2.25,,,LOST,
2025-12-11T10:30:00+00:00,Birinci Dasta,Safa Baku,Zaqatala,Asian Handicap,Away -1.25,1.88,,,WON,
2025-12-11T11:00:00+00:00,Birinci Dasta,Səbail,Difai Ağsu,1X2 / Match Winner,Draw,4.75,,,LOST,
2025-12-11T12:00:00+00:00,Southeast Asian Games,Thailand U22,Singapore U22,Over/Under Goals,Over 2.5,1.4,,,WON,
2025-12-11T12:15:00+00:00,AFC Cup,Bangkok Glass,Tampines Rovers,Over/Under Goals,Over 1.5,1.2,,,WON,
2025-12-11T12:15:00+00:00,AFC Cup,Beijing Guoan,Macarthur,Over/Under Goals,Over 1.5,1.17,,,WON,
2025-12-11T12:15:00+00:00,AFC Cup,Kaya,Pohang Steelers,Over/Under Goals,Under 3.5,1.7,,,WON,
2025-12-11T12:15:00+00:00,AFC Cup,Wofoo Tai Po,Công An Nhân Dân,Over/Under Goals,Under 3.5,1.65,,,WON,
2025-12-11T12:30:00+00:00,Second League,Iskra,Otrant-Olympic,Double Chance,Draw/Away,1.18,,,LOST,
2025-12-11T13:00:00+00:00,Coupe Nationale,CA Batna,Koléa,Over/Under Goals,Under 2.5,1.5,,,LOST,
2025-12-11T13:00:00+00:00,Coupe Nationale,Paradou AC,USF Constantine,1X2 / Match Winner,Home,1.3,,,WON,
2025-12-11T13:00:00+00:00,FKF Premier League,Ulinzi Stars,KCB,Double Chance,Draw/Away,1.4,,,WON,
2025-12-11T14:30:00+00:00,Arab Cup,Morocco,Syria,Over/Under Goals,Under 2.5,1.65,,,WON,
2025-12-11T16:00:00+00:00,Coupe Nationale,CS Constantine,Témouchent,Over/Under Goals,Under 3.5,1.2,,,WON,
2025-12-11T17:00:00+00:00,Challenge League,Mtarfa,Zebbug Rangers,Over/Under Goals,Under 3.5,1.66,,,LOST,
2025-12-11T17:45:00+00:00,UEFA Europa Conference League,BK Hacken,AEK Larnaca,Double Chance,Draw/Away,1.67,,,WON,
2025-12-11T17:45:00+00:00,UEFA Europa Conference League,Breidablik,Shamrock Rovers,Team Total Goals,Under 2.5,1.22,,,LOST,
2025-12-11T17:45:00+00:00,UEFA Europa Conference League,FC Noah,Legia Warszawa,Asian Handicap,Home +0.5,1.6,,,WON,
2025-12-11T17:45:00+00:00,UEFA Europa Conference League,Fiorentina,Dynamo Kyiv,Over/Under Goals,Under 3.5,1.44,,,WON,
2025-12-11T17:45:00+00:00,UEFA Europa Conference League,Jagiellonia,Rayo Vallecano,Double Chance,Home/Draw,1.7,,,LOST,
2025-12-11T17:45:00+00:00,UEFA Europa Conference League,Samsunspor,AEK Athens FC,Asian Handicap,Away -0.5,1.45,,,WON,
2025-12-11T17:45:00+00:00,UEFA Europa Conference League,Shkendija,Slovan Bratislava,Over/Under Goals,Under 3.5,1.28,,,WON,
2025-12-11T17:45:00+00:00,UEFA Europa Conference League,Universitatea Craiova,Sparta Praha,Over/Under Goals,Under 3.5,1.25,,,WON,
2025-12-11T17:45:00+00:00,UEFA Europa League,BSC Young Boys,Lille,Over/Under Goals,Over 1.5,1.2,,,LOST,
2025-12-11T17:45:00+00:00,UEFA Europa League,Dinamo Zagreb,Real Betis,Over/Under Goals,Over 1.5,1.25,,,WON,
2025-12-11T17:45:00+00:00,UEFA Europa League,FC Midtjylland,Genk,Over/Under Goals,Over 1.5,1.2,,,LOST,
2025-12-11T17:45:00+00:00,UEFA Europa League,Ferencvarosi TC,Rangers,Over/Under Goals,Under 3.5,1.4,,,WON,
2025-12-11T17:45:00+00:00,UEFA Europa League,Ludogorets,PAOK,Over/Under Goals,Over 1.5,1.3,,,WON,
2025-12-11T17:45:00+00:00,UEFA Europa League,Nice,SC Braga,Team Total Goals,Over 0.5,1.25,,,WON,
2025-12-11T17:45:00+00:00,UEFA Europa League,Sturm Graz,FK Crvena Zvezda,Double Chance,Draw/Away,1.4,,,WON,
2025-12-11T17:45:00+00:00,UEFA Europa League,Utrecht,Nottingham Forest,Asian Handicap,Home +1.25,1.5,,,WON,
2025-12-11T17:45:00+00:00,UEFA Europa League,VfB Stuttgart,Maccabi Tel Aviv,Team Total Goals,Over 1.5,1.2,,,WON,
2025-12-11T18:00:00+00:00,DBU Pokalen,Odense,Aarhus,Team Total Goals,Over 0.5,1.15,,,LOST,
2025-12-11T18:00:00+00:00,Eliteserien,Aalesund,Bryne,Over/Under Goals,Over 1.5,1.25,,,LOST,
2025-12-11T18:00:00+00:00,League Cup,Wadi Degla,Petrojet,Over/Under Goals,Over 1.5,1.55,,,WON,
2025-12-11T18:00:00+00:00,Liga Alef,Shimshon Tel Aviv,Hapoel Marmorek,1X2 / Match Winner,Home,1.41,,,WON,
2025-12-11T19:00:00+00:00,FA WSL,Aston Villa W,Liverpool W,Over/Under Goals,Under 3.5,1.36,,,WON,
2025-12-11T19:00:00+00:00,Primera División,ABB,Oriente Petrolero,Over/Under Goals,Under 3.5,1.58,,,LOST,
2025-12-11T19:30:00+00:00,Challenge League,Sirens,Birzebbuga,Over/Under Goals,Under 3.5,1.53,,,WON,
2025-12-11T19:30:00+00:00,Premier League,Gzira United,Naxxar Lions,Over/Under Goals,Under 3.5,1.25,,,LOST,
2025-12-11T20:00:00+00:00,Premier League,Montego Bay United,Harbour View,Over/Under Goals,Over 1.5,1.22,,,WON,
2025-12-11T20:00:00+00:00,Premier League,Mount Pleasant Academy,Tivoli Gardens,1X2 / Match Winner,Home,1.44,,,WON,
2025-12-11T20:00:00+00:00,UEFA Europa Conference League,Lech Poznan,FSV Mainz 05,Asian Handicap,Home +0.5,1.62,,,WON,
2025-12-11T20:00:00+00:00,UEFA Europa Conference League,Rapid Vienna,Omonia Nicosia,Over/Under Goals,Under 3.5,1.42,,,WON,
2025-12-11T20:00:00+00:00,UEFA Europa League,FCSB,Feyenoord,Over/Under Goals,Under 3.5,1.42,,,LOST,
2025-12-11T21:00:00+00:00,Liga Nacional,Mixco,Achuapa,Over/Under Goals,Under 3.5,1.25,,,WON,
2025-12-11T21:30:00+00:00,Primera División,Real Oruro,Nacional Potosí,Asian Handicap,Home +0.25,1.52,,,LOST,
2025-12-11T22:00:00+00:00,Premier League,Molynes United,Cavalier,Asian Handicap,Home +1.25,1.48,,,WON,
2025-12-11T23:00:00+00:00,Copa Do Brasil,Vasco DA Gama,Fluminense,Over/Under Goals,Under 3.5,1.25,,,WON,
2025-12-12T00:15:00+00:00,Primera División,Always Ready,Guabirá,Team Total Goals,Over 1.5,1.17,,,WON,
2025-12-12T00:15:00+00:00,Primera División,Bolívar,San Antonio Bulo Bulo,Over/Under Goals,Over 2.5,1.2,,,WON,
2025-12-12T00:15:00+00:00,Primera División,Real Tomayapo,The Strongest,BTTS,Yes,1.4,,,LOST,
2025-12-12T00:30:00+00:00,Premier League,Waterhouse,Portmore United,Over/Under Goals,Under 3.5,1.22,,,WON,
2025-12-12T01:00:00+00:00,Liga Nacional,Olancho,CD Marathon,Over/Under Goals,Over 1.5,1.2,,,WON,
2025-12-12T02:00:00+00:00,Liga MX,Tigres UANL,Toluca,Over/Under Goals,Under 3.5,1.44,,,WON,
2025-12-12T02:00:00+00:00,Liga Nacional,Antigua GFC,Xelajú,Over/Under Goals,Under 3.5,1.24,,,WON,
2025-12-12T02:00:00+00:00,Primera División,CS Cartagines,Deportivo Saprissa,Over/Under Goals,Under 3.5,1.25,,,WON,
2025-12-12T08:35:00+00:00,A-League,Central Coast Mariners,Auckland,Over/Under Goals,Over 1.5,1.25,,,WON,
2025-12-12T11:00:00+00:00,2. Lig,Adana 1954 FK,Erbaaspor,Over/Under Goals,Under 3.5,1.43,,,WON,
2025-12-12T11:00:00+00:00,2. Lig,Arnavutköy Belediyespor,Muş Menderesspor,Double Chance,Draw/Away,1.42,,,WON,
2025-12-12T11:00:00+00:00,2. Lig,Halide Edip Adıvar,Buca FK,Over/Under Goals,Under 3.5,1.43,,,WON,
2025-12-12T11:00:00+00:00,2. Lig,Karacabey Belediyespor,Muğlaspor,Over/Under Goals,Under 3.5,1.18,,,WON,
2025-12-12T11:00:00+00:00,2. Lig,Karaman Belediyespor,Kastamonuspor 1966,Over/Under Goals,Under 3.5,1.24,,,WON,
2025-12-12T11:00:00+00:00,Campionato Primavera - 1,Parma U20,Monza U20,Over/Under Goals,Under 3.5,1.44,,,WON,
2025-12-12T11:30:00+00:00,Azadegan League,Havadar,Nassaji Mazandaran,Over/Under Goals,Under 2.5,1.44,,,WON,
2025-12-12T11:30:00+00:00,Azadegan League,Mes Shahr-e Babak,Shenavarsazi Qeshm,Over/Under Goals,Under 2.5,1.36,,,WON,
2025-12-12T12:00:00+00:00,2. Lig,Ankaragücü,Kepez Belediyespor,1X2 / Match Winner,Home,1.2,,,WON,
2025-12-12T12:00:00+00:00,FKF Premier League,APS Bomet,Posta Rangers FC,BTTS,No,1.67,,,WON,
2025-12-12T12:00:00+00:00,FKF Premier League,Bandari,GOR Mahia,BTTS,No,1.44,,,LOST,
2025-12-12T12:00:00+00:00,FKF Premier League,Bidco United,Mathare United,Double Chance,Draw/Away,1.55,,,WON,
2025-12-12T12:00:00+00:00,FKF Premier League,Homeboyz,Shabana,Double Chance,Draw/Away,1.5,,,WON,
2025-12-12T12:00:00+00:00,Liga III - Serie 3,Înainte Modelu,Agricola Borcea,Team Total Goals,Over 0.5,1.25,,,WON,
2025-12-12T12:00:00+00:00,Liga III - Serie 7,Timişul Şag,Unirea Alba Iulia,1X2 / Match Winner,Away,1.21,,,WON,
2025-12-12T12:00:00+00:00,Prva Liga,Stepojevac Vaga,Dinamo Jug,Over/Under Goals,Under 3.5,1.18,,,WON,
2025-12-12T12:00:00+00:00,Second League,Ludogorets II,Hebar 1918,Double Chance,Home/Draw,1.25,,,WON,
2025-12-12T12:00:00+00:00,Super League,Kisumu All Stars,Naivas,BTTS,No,1.4,,,WON,
2025-12-12T12:00:00+00:00,Super League,Migori Youth,Mombasa Elite,Double Chance,Home/Draw,1.15,,,WON,
2025-12-12T12:00:00+00:00,Super League,Nairobi City Stars,Equity Bank,Double Chance,Home/Draw,1.17,,,WON,
2025-12-12T12:00:00+00:00,Thai League 1,Chonburi FC,Kanchanaburi,Over/Under Goals,Under 3.5,1.37,,,WON,
2025-12-12T12:30:00+00:00,Second League,Aswan Sc,Olympic El Qanah,BTTS,No,1.44,,,WON,
2025-12-12T12:30:00+00:00,Second League,El Mansura,Baladiyyat Al Mehalla,BTTS,No,1.44,,,LOST,
2025-12-12T13:00:00+00:00,Azadegan League,Sanat Naft,Navad Urmia,Team Total Goals,Under 2.5,1.19,,,WON,
2025-12-12T13:00:00+00:00,FKF Premier League,Nairobi United,Murang'a SEAL,Over/Under Goals,Under 2.5,1.44,,,WON,
2025-12-12T13:00:00+00:00,Liga Leumit,Hapoel Hadera,Hapoel Ramat Gan,Over/Under Goals,Under 3.5,1.19,,,WON,
2025-12-12T13:00:00+00:00,Liga Leumit,Hapoel Ra'anana,Hapoel Nazareth Illit,Over/Under Goals,Under 3.5,1.16,,,LOST,
2025-12-12T13:00:00+00:00,Liga Leumit,Kafr Qasim,Ironi Modi'in,Double Chance,Draw/Away,1.6,,,WON,
2025-12-12T13:00:00+00:00,Liga Leumit,Maccabi Kabilio Jaffa,Hapoel Kfar Shalem,BTTS,Yes,1.42,,,WON,
2025-12-12T13:00:00+00:00,Liga Leumit,Maccabi Petah Tikva,Hapoel Rishon LeZion,Over/Under Goals,Under 3.5,1.33,,,WON,
2025-12-12T13:30:00+00:00,Premier League,Oleksandria,Kudrivka,1X2 / Match Winner,Draw,3.4,,,WON,
2025-12-12T14:00:00+00:00,2. Lig,Bursaspor,Ankara Demirspor,Team Total Goals,Under 2.5,1.36,,,LOST,
2025-12-12T14:00:00+00:00,2. Lig,Menemen Belediyespor,Aliağa FAŞ,Over/Under Goals,Over 1.5,1.3,,,WON,
2025-12-12T14:30:00+00:00,Arab Cup,Jordan,Iraq,Double Chance,Home/Draw,1.4,,,WON,
2025-12-12T15:00:00+00:00,Campionato Primavera - 1,Torino U20,Genoa U20,Double Chance,Draw/Away,1.6,,,WON,
2025-12-12T15:30:00+00:00,Cup,Cherno More Varna,Arda Kardzhali,Over/Under Goals,Under 3.5,1.16,,,WON,
2025-12-12T15:30:00+00:00,Liga II,Sepsi OSK Sfantu Gheorghe,Concordia,Double Chance,Home/Draw,1.25,,,WON,
2025-12-12T16:00:00+00:00,Premier League,Inter Nouakchott,Pompiers,Double Chance,Draw/Away,1.15,,,WON,
2025-12-12T16:00:00+00:00,Premier League,Obolon'-Brovar,Metalist 1925 Kharkiv,1X2 / Match Winner,Away,2.19,,,WON,
2025-12-12T17:00:00+00:00,2. Division,Nea Salamis,Karmiotissa,Over/Under Goals,Over 1.5,1.4,,,LOST,
2025-12-12T17:00:00+00:00,Erste Liga,FC Liefering,Rapid Wien II,Team Total Goals,Over 0.5,1.42,,,LOST,
2025-12-12T17:00:00+00:00,Erste Liga,SV Kapfenberg,Floridsdorfer AC,Team Total Goals,Over 0.5,1.15,,,LOST,
2025-12-12T17:00:00+00:00,Erste Liga,Schwarz-Weiß Bregenz,SKN ST. Polten,Over/Under Goals,Under 3.5,1.53,,,WON,
2025-12-12T17:00:00+00:00,Erste Liga,WSPG Wels,Austria Lustenau,Over/Under Goals,Under 3.5,1.25,,,WON,
2025-12-12T17:00:00+00:00,Prva HNL,Vukovar,NK Varazdin,Double Chance,Draw/Away,1.42,,,LOST,
2025-12-12T17:00:00+00:00,Super Lig,Kasımpaşa,Genclerbirligi,Over/Under Goals,Over 1.5,1.33,,,LOST,
2025-12-12T17:30:00+00:00,Bundesliga 2,Dynamo Dresden,Eintracht Braunschweig,Team Total Goals,Over 0.5,1.2,,,WON,
2025-12-12T17:30:00+00:00,Bundesliga 2,SpVgg Greuther Fürth,Hertha BSC,Over/Under Goals,Under 3.5,1.5,,,LOST,
2025-12-12T17:30:00+00:00,Frauen Bundesliga,Werder Bremen W,Bayer Leverkusen W,Over/Under Goals,Over 1.5,1.17,,,LOST,
2025-12-12T18:00:00+00:00,3. Liga,SSV Ulm 1846,VfL Osnabrück,Over/Under Goals,Under 3.5,1.4,,,LOST,
2025-12-12T18:00:00+00:00,League Cup,Al Ahly,Enppi,Over/Under Goals,Under 3.5,1.17,,,WON,
2025-12-12T18:00:00+00:00,Primera División RFEF - Group 2,Real Betis II,Alcorcon,Over/Under Goals,Under 3.5,1.17,,,WON,
2025-12-12T18:00:00+00:00,Regionalliga - Nordost,Altglienicke,Lokomotive Leipzig,Over/Under Goals,Under 3.5,1.36,,,LOST,
2025-12-12T18:00:00+00:00,Regionalliga - Nordost,SV Babelsberg 03,ZFC Meuselwitz,Over/Under Goals,Over 1.5,1.22,,,WON,
2025-12-12T18:00:00+00:00,Segunda Liga,FC Porto B,Penafiel,Over/Under Goals,Under 3.5,1.28,,,WON,
2025-12-12T18:00:00+00:00,Segunda Liga,Oliveirense,Chaves,Double Chance,Draw/Away,1.17,,,WON,
2025-12-12T18:30:00+00:00,Challenge League,Rapperswil,FC Vaduz,Over/Under Goals,Under 3.5,1.5,,,LOST,
2025-12-12T18:30:00+00:00,Liga I,CFR 1907 Cluj,Csikszereda,Result + Total Goals,Home/Over 1.5,1.44,,,WON,
2025-12-12T18:30:00+00:00,National 1,Chateauroux,Dijon,Double Chance,Draw/Away,1.18,,,WON,
2025-12-12T18:30:00+00:00,National 1,Gobelins,Concarneau,Over/Under Goals,Under 3.5,1.25,,,WON,
2025-12-12T18:30:00+00:00,National 1,Le Puy Foot,Fleury 91,Over/Under Goals,Under 3.5,1.25,,,WON,
2025-12-12T18:30:00+00:00,National 1,Orleans,Versailles,Over/Under Goals,Under 3.5,1.25,,,WON,
2025-12-12T18:30:00+00:00,National 1,Stade Briochin,Aubagne,Double Chance,Draw/Away,1.4,,,WON,
2025-12-12T18:30:00+00:00,National 1,Villefranche,Bourg-en-bresse 01,Over/Under Goals,Under 3.5,1.22,,,WON,
2025-12-12T19:00:00+00:00,Challenger Pro League,Lommel United,KAA Gent II,1X2 / Match Winner,Draw,3.93,,,LOST,
2025-12-12T19:00:00+00:00,Challenger Pro League,SK Beveren,RSC Anderlecht II,Over/Under Goals,Under 3.5,1.55,,,WON,
2025-12-12T19:00:00+00:00,Eerste Divisie,De Graafschap,Roda,Asian Handicap,Home +0,1.48,,,LOST,
2025-12-12T19:00:00+00:00,Eerste Divisie,Den Bosch,VVV Venlo,Asian Handicap,Home +0,1.6,,,LOST,
2025-12-12T19:00:00+00:00,Eerste Divisie,Dordrecht,FC Eindhoven,Over/Under Goals,Over 1.5,1.18,,,WON,
2025-12-12T19:00:00+00:00,Eerste Divisie,Emmen,Helmond Sport,Over/Under Goals,Over 2.5,1.57,,,WON,
2025-12-12T19:00:00+00:00,Eerste Divisie,Jong AZ,Jong Utrecht,Over/Under Goals,Over 1.5,1.17,,,WON,
2025-12-12T19:00:00+00:00,Eerste Divisie,Jong PSV U21,Almere City FC,Over/Under Goals,Over 2.5,1.33,,,WON,
2025-12-12T19:00:00+00:00,Eerste Divisie,MVV,Jong Ajax,Over/Under Goals,Under 3.5,1.62,,,WON,
2025-12-12T19:00:00+00:00,Eerste Divisie,Willem II,Cambuur,Double Chance,Draw/Away,1.42,,,WON,
2025-12-12T19:00:00+00:00,Ligue 2,Annecy,Le Mans,Over/Under Goals,Under 3.5,1.18,,,WON,
2025-12-12T19:00:00+00:00,Ligue 2,Laval,Dunkerque,Over/Under Goals,Under 3.5,1.25,,,WON,
2025-12-12T19:00:00+00:00,Ligue 2,Nancy,Clermont Foot,Double Chance,Home/Draw,1.2,,,WON,
2025-12-12T19:00:00+00:00,Ligue 2,PAU,Amiens,Over/Under Goals,Over 1.5,1.2,,,WON,
2025-12-12T19:00:00+00:00,Ligue 2,Rodez,Guingamp,Over/Under Goals,Over 1.5,1.3,,,WON,
2025-12-12T19:00:00+00:00,National 1,Rouen,Quevilly,Over/Under Goals,Under 3.5,1.28,,,WON,
2025-12-12T19:00:00+00:00,Premier League Cup,Cardiff City U21,Queens Park Rangers U21,Double Chance,Draw/Away,1.57,,,LOST,
2025-12-12T19:00:00+00:00,Premier League Cup,Norwich City U21,Sunderland U21,Team Total Goals,Under 2.5,1.2,,,WON,
2025-12-12T19:00:00+00:00,Premier League Cup,Nottingham Forest U21,Millwall U21,Team Total Goals,Under 2.5,1.72,,,WON,
2025-12-12T19:00:00+00:00,Super League Women,Genk W,Westerlo W,Asian Handicap,Home +0.25,1.47,,,LOST,
2025-12-12T19:15:00+00:00,Challenge League,FC Aarau,Étoile Carouge,Over/Under Goals,Under 3.5,1.44,,,WON,
2025-12-12T19:30:00+00:00,Bundesliga 1,Union Berlin,RB Leipzig,Over/Under Goals,Over 1.5,1.25,,,WON,
2025-12-12T19:30:00+00:00,Erste Liga,SKU Amstetten,Admira Wacker,Team Total Goals,Over 0.5,1.4,,,WON,
2025-12-12T19:30:00+00:00,Primera División RFEF - Group 2,Europa Fc,Antequera,Over/Under Goals,Under 3.5,1.2,,,WON,
2025-12-12T19:30:00+00:00,Segunda Division,Cultural Leonesa,Huesca,Over/Under Goals,Under 3.5,1.17,,,WON,
2025-12-12T19:30:00+00:00,Serie B,Palermo,Sampdoria,Team Total Goals,Over 0.5,1.17,,,WON,
2025-12-12T19:30:00+00:00,Serie C - Girone B,Juventus U23,Pianese,Over/Under Goals,Under 2.5,1.62,,,WON,
2025-12-12T19:45:00+00:00,Championship,Ayr Utd,ST Johnstone,Over/Under Goals,Under 3.5,1.25,,,LOST,
2025-12-12T19:45:00+00:00,Jupiler Pro League,Standard Liege,OH Leuven,Over/Under Goals,Under 3.5,1.25,,,WON,
2025-12-12T19:45:00+00:00,Ligue 1,Angers,Nantes,Over/Under Goals,Over 1.5,1.42,,,WON,
2025-12-12T19:45:00+00:00,Non League Premier - Isthmian,Aveley,Billericay Town,Double Chance,Home/Draw,1.55,,,WON,
2025-12-12T19:45:00+00:00,Non League Premier - Isthmian,Cray Wanderers,Whitehawk,Asian Handicap,Home +0,1.52,,,LOST,
2025-12-12T19:45:00+00:00,Premiership,Coleraine FC,Bangor,Over/Under Goals,Under 3.5,1.67,,,WON,
2025-12-12T19:45:00+00:00,Premiership,Larne,Glentoran,Over/Under Goals,Under 3.5,1.25,,,WON,
2025-12-12T19:45:00+00:00,Serie A,Lecce,Pisa,Over/Under Goals,Under 3.5,1.17,,,WON,
2025-12-12T20:00:00+00:00,Championship,West Brom,Sheffield Utd,Over/Under Goals,Over 1.5,1.38,,,WON,
2025-12-12T20:00:00+00:00,La Liga,Real Sociedad,Girona,Team Total Goals,Over 0.5,1.15,,,WON,
2025-12-12T20:15:00+00:00,Primera División RFEF - Group 1,Cacereño,Zamora,Over/Under Goals,Under 3.5,1.15,,,WON,
2025-12-12T20:15:00+00:00,Segunda Liga,Torreense,Feirense,Team Total Goals,Under 2.5,1.18,,,WON,
2025-12-13T01:00:00+00:00,Primera A,Junior,Deportes Tolima,Over/Under Goals,Under 3.5,1.25,,,WON,
2025-12-13T04:05:00+00:00,J2 League,JEF United Chiba,Tokushima Vortis,Over/Under Goals,Under 3.5,1.25,,,WON,
2025-12-13T06:00:00+00:00,A-League,Western Sydney Wanderers,Brisbane Roar,Over/Under Goals,Under 3.5,1.3,,,WON,
2025-12-13T07:00:00+00:00,Premier League,Eastern District,Southern District,Over/Under Goals,Under 3.5,1.38,,,WON,
2025-12-13T07:00:00+00:00,Premier League,North District,Kitchee,Over/Under Goals,Over 1.5,1.2,,,WON,
2025-12-13T08:35:00+00:00,A-League,Melbourne Victory,Adelaide United,Over/Under Goals,Under 2.5,2.4,,,LOST,
2025-12-13T09:00:00+00:00,Liga II,CSA Steaua Bucureşti,Gloria Bistriţa,Over/Under Goals,Under 3.5,1.35,,,WON,
2025-12-13T09:00:00+00:00,Liga II,CSM Satu Mare,CS Afumati,Over/Under Goals,Under 3.5,1.28,,,WON,
2025-12-13T09:00:00+00:00,Liga II,Ceahlăul Piatra Neamţ,FC Bacau,Over/Under Goals,Under 3.5,1.3,,,LOST,
2025-12-13T09:00:00+00:00,Liga II,Corvinul Hunedoara,Tunari,Over/Under Goals,Under 3.5,1.65,,,WON,
2025-12-13T09:00:00+00:00,Liga II,Dumbrăviţa,Slatina,Over/Under Goals,Under 3.5,1.22,,,WON,
2025-12-13T09:00:00+00:00,Liga II,Muscelul Câmpulung Elite,FC Voluntari,Over/Under Goals,Under 3.5,1.5,,,WON,
2025-12-13T09:00:00+00:00,Liga II,Viitorul Şelimbăr,Politehnica Iasi,Over/Under Goals,Under 3.5,1.22,,,WON,
2025-12-13T10:00:00+00:00,2. Lig,Isparta 32 Spor,Hekimoğlu Trabzon,Over/Under Goals,Under 3.5,1.36,,,WON,
2025-12-13T10:00:00+00:00,3. Lig - Group 3,Düzcespor,Giresunspor,Over/Under Goals,Under 3.5,1.33,,,WON,
2025-12-13T10:00:00+00:00,Campionato Primavera - 1,Frosinone U20,Lecce U20,Over/Under Goals,Under 3.5,1.55,,,WON,
2025-12-13T10:00:00+00:00,Premyer Liqa,Keshla FC,Zira,Over/Under Goals,Under 3.5,1.2,,,WON,
2025-12-13T10:30:00+00:00,Azadegan League,Shahrdari Noshahr,Saipa,BTTS,No,1.39,,,WON,
2025-12-13T10:30:00+00:00,Campionato Primavera - 2,Spezia U19,Pescara U19,Double Chance,Home/Draw,1.53,,,WON,
2025-12-13T10:30:00+00:00,Liga II,ASA Targu Mures,CSM Reşiţa,Over/Under Goals,Under 3.5,1.33,,,WON,
2025-12-13T10:30:00+00:00,TFF 1. Lig,Sarıyer,İstanbulspor,Over/Under Goals,Under 3.5,1.4,,,WON,
2025-12-13T10:30:00+00:00,TFF 1. Lig,Serik Belediyespor,Manisa BBSK,Asian Handicap,Home +0,1.56,,,LOST,
2025-12-13T10:45:00+00:00,A-League,Perth Glory,Sydney,Over/Under Goals,Under 3.5,1.57,,,WON,
2025-12-13T11:00:00+00:00,Azadegan League,Mes Soongoun,Naft Gachsaran,Over/Under Goals,Under 2.5,1.57,,,WON,
2025-12-13T11:00:00+00:00,FKF Premier League,Mara Sugar,Kariobangi Sharks,BTTS,No,1.45,,,WON,
2025-12-13T11:00:00+00:00,Frauen Bundesliga,SC Freiburg W,SGS Essen W,Team Total Goals,Under 2.5,1.41,,,WON,
2025-12-13T11:00:00+00:00,Premier League,Kryvbas KR,Kolos Kovalivka,1X2 / Match Winner,Draw,3.25,,,WON,
2025-12-13T11:00:00+00:00,Primera División Femenina,Granada,Real Madrid W,Over/Under Goals,Under 3.5,2.1,,,WON,
2025-12-13T11:00:00+00:00,Primera División Femenina,Levante W,Espanyol W,Team Total Goals,Under 2.5,1.15,,,WON,
2025-12-13T11:00:00+00:00,Segunda Liga,União de Leiria,Felgueiras 1932,Asian Handicap,Home +0.25,1.48,,,LOST,
2025-12-13T11:00:00+00:00,Super League 2,Ellas Syros,Marko,Over/Under Goals,Over 1.5,1.4,,,WON,
2025-12-13T11:00:00+00:00,Super League 2,Olympiakos Piraeus II,Kallithea,Over/Under Goals,Over 1.5,1.37,,,LOST,
2025-12-13T11:00:00+00:00,Thai League 1,Sukhothai FC,Nakhon Ratchasima FC,Over/Under Goals,Under 3.5,1.33,,,WON,
2025-12-13T11:00:00+00:00,Thai League 2,Nong Bua Pitchaya,Chiangmai United,Over/Under Goals,Under 3.5,1.56,,,WON,
2025-12-13T11:30:00+00:00,Azadegan League,Ario Eslamshahr,Damash Gilanian,Asian Handicap,Home +0.25,1.17,,,WON,
2025-12-13T11:30:00+00:00,Serie A Women,Como W,Fiorentina W,Asian Handicap,Home +1.25,1.48,,,LOST,
2025-12-13T11:30:00+00:00,Serie A Women,Juventus W,Napoli W,Over/Under Goals,Under 3.5,1.53,,,WON,
2025-12-13T11:30:00+00:00,Super Lig,Rizespor,Eyüpspor,Over/Under Goals,Under 3.5,1.36,,,WON,
2025-12-13T11:30:00+00:00,Thai League 1,Uthai Thani,Prachuap,Over/Under Goals,Over 1.5,1.18,,,WON,
2025-12-13T12:00:00+00:00,2. Lig,Altınordu,Tuzlaspor,Over/Under Goals,Under 3.5,1.17,,,LOST,
2025-12-13T12:00:00+00:00,Bundesliga 2,1. FC Magdeburg,Holstein Kiel,Over/Under Goals,Under 3.5,1.57,,,LOST,
2025-12-13T12:00:00+00:00,Bundesliga 2,Arminia Bielefeld,1. FC Kaiserslautern,Over/Under Goals,Under 3.5,1.48,,,WON,
2025-12-13T12:00:00+00:00,Bundesliga 2,Karlsruher SC,SC Paderborn 07,Over/Under Goals,Over 1.5,1.2,,,WON,
2025-12-13T12:00:00+00:00,FA WSL,Everton W,Arsenal W,Over/Under Goals,Under 3.5,1.55,,,LOST,
2025-12-13T12:00:00+00:00,Liga III - Serie 3,FCSB II,Agigea,1X2 / Match Winner,Home,1.57,,,WON,
2025-12-13T12:00:00+00:00,Oberliga - Nordost-Süd,Einheit Rudolstadt,Bischofswerdaer FV,Asian Handicap,Away -1.25,1.57,,,WON,
2025-12-13T12:00:00+00:00,Oberliga - Nordost-Süd,SC Freital,FC Grimma,1X2 / Match Winner,Home,1.34,,,WON,
2025-12-13T12:00:00+00:00,Prva Liga,FK Trayal,FAP,Over/Under Goals,Under 3.5,1.15,,,WON,
2025-12-13T12:00:00+00:00,Prva Liga,Grafičar,Semendrija 1924,Over/Under Goals,Under 3.5,1.17,,,WON,
2025-12-13T12:00:00+00:00,Prva Liga,OFK Vršac,Jedinstvo Ub,Double Chance,Draw/Away,1.44,,,WON,
2025-12-13T12:00:00+00:00,Super League 2,Egaleo,Kalamata,Over/Under Goals,Under 3.5,1.21,,,WON,
2025-12-13T12:00:00+00:00,Super League,Talanta,MOFA,Double Chance,Draw/Away,1.5,,,WON,
2025-12-13T12:00:00+00:00,Super Liga,Cukaricki,Radnik Surdulica,Over/Under Goals,Under 3.5,1.28,,,WON,
2025-12-13T12:00:00+00:00,Thai League 1,Chiangrai United,Lamphun Warrior,1X2 / Match Winner,Draw,3.55,,,WON,
2025-12-13T12:00:00+00:00,Thai League 2,Chainat,Trat FC,Over/Under Goals,Under 3.5,1.46,,,WON,
2025-12-13T12:30:00+00:00,1st Division,Apolonia Fier,Korabi Peshkopi,1X2 / Match Winner,Home,1.62,,,LOST,
2025-12-13T12:30:00+00:00,1st Division,Burreli,Kastrioti Krujë,Double Chance,Home/Draw,1.22,,,WON,
2025-12-13T12:30:00+00:00,1st Division,Laci,Skenderbeu Korce,Double Chance,Draw/Away,1.6,,,LOST,
2025-12-13T12:30:00+00:00,1st Division,Pogradeci,FK Kukesi,1X2 / Match Winner,Home,1.34,,,WON,
2025-12-13T12:30:00+00:00,2. Division,APEA,Spartakos Kitiou,Over/Under Goals,Under 3.5,1.4,,,WON,
2025-12-13T12:30:00+00:00,2. Division,Ahironas / Onisilos,ASIL Lysi,Over/Under Goals,Under 3.5,1.21,,,WON,
2025-12-13T12:30:00+00:00,2. Division,Ayia Napa,Ethnikos Latsion,Over/Under Goals,Under 3.5,1.29,,,WON,
2025-12-13T12:30:00+00:00,2. Division,Digenis Morphou,AE Zakakiou,Over/Under Goals,Under 3.5,1.25,,,WON,
2025-12-13T12:30:00+00:00,2. Division,Iraklis Yerolakkou,Omonia 29is Maiou,Team Total Goals,Over 0.5,1.15,,,LOST,
2025-12-13T12:30:00+00:00,2. Division,MEAP Nisou,Halkanoras,Team Total Goals,Under 2.5,1.21,,,WON,
2025-12-13T12:30:00+00:00,Championship,Norwich,Southampton,Over/Under Goals,Over 1.5,1.2,,,WON,
2025-12-13T12:30:00+00:00,Championship,Oxford United,Preston,Over/Under Goals,Over 1.5,1.4,,,WON,
2025-12-13T12:30:00+00:00,Championship,Stoke City,Swansea,Over/Under Goals,Over 1.5,1.33,,,WON,
2025-12-13T12:30:00+00:00,League One,AFC Wimbledon,Mansfield Town,Over/Under Goals,Over 1.5,1.36,,,LOST,
2025-12-13T12:30:00+00:00,League One,Huddersfield,Wigan,Double Chance,Draw/Away,1.7,,,WON,
2025-12-13T12:30:00+00:00,League Two,Bristol Rovers,Swindon Town,Team Total Goals,Over 0.5,1.22,,,WON,
2025-12-13T12:30:00+00:00,League Two,Salford City,Colchester,Over/Under Goals,Over 1.5,1.28,,,WON,
2025-12-13T12:30:00+00:00,Premyer Liqa,Turan,Sabah FA,Over/Under Goals,Under 3.5,1.15,,,LOST,
2025-12-13T12:30:00+00:00,Super League Women,Anderlecht W,OH Leuven W,Asian Handicap,Home +0.25,1.21,,,LOST,
2025-12-13T12:30:00+00:00,Thai League 2,Nakhon Si Thammarat,Songkhla,Over/Under Goals,Under 3.5,1.36,,,WON,
2025-12-13T12:45:00+00:00,Division 1,Al Fujairah SC,Dubai United,Over/Under Goals,Under 3.5,1.45,,,LOST,
2025-12-13T13:00:00+00:00,3. Liga,Alemannia Aachen,FC Viktoria Köln,Over/Under Goals,Under 3.5,1.38,,,WON,
2025-12-13T13:00:00+00:00,3. Liga,FC Ingolstadt 04,TSV 1860 München,Over/Under Goals,Under 3.5,1.5,,,WON,
2025-12-13T13:00:00+00:00,3. Liga,FC Saarbrücken,Hoffenheim II,Over/Under Goals,Under 3.5,1.53,,,LOST,
2025-12-13T13:00:00+00:00,3. Liga,MSV Duisburg,Erzgebirge Aue,Over/Under Goals,Under 3.5,1.48,,,WON,
2025-12-13T13:00:00+00:00,3. Liga,Stuttgart II,Hansa Rostock,Over/Under Goals,Under 3.5,1.65,,,WON,
2025-12-13T13:00:00+00:00,Challenge League,St. Andrews,Melita,Over/Under Goals,Over 1.5,1.18,,,LOST,
2025-12-13T13:00:00+00:00,Cup,Spartak Varna,Botev Plovdiv,Over/Under Goals,Under 3.5,1.25,,,WON,
2025-12-13T13:00:00+00:00,FA Trophy,Ebbsfleet United,Braintree,Double Chance,Home/Draw,1.44,,,WON,
2025-12-13T13:00:00+00:00,FKF Premier League,Police,AFC Leopards,Double Chance,Draw/Away,1.6,,,WON,
2025-12-13T13:00:00+00:00,La Liga,Atletico Madrid,Valencia,Over/Under Goals,Under 3.5,1.42,,,WON,
2025-12-13T13:00:00+00:00,Ligat Ha'al,Ashdod,Hapoel Katamon,Double Chance,Draw/Away,1.67,,,WON,
2025-12-13T13:00:00+00:00,Ligue 2,Grenoble,Montpellier,Over/Under Goals,Under 3.5,1.3,,,WON,
2025-12-13T13:00:00+00:00,Ligue 2,RED Star FC 93,Reims,Double Chance,Draw/Away,1.42,,,WON,
2025-12-13T13:00:00+00:00,NB I,Nyiregyhaza,Gyori ETO FC,Double Chance,Draw/Away,1.2,,,WON,
2025-12-13T13:00:00+00:00,Premier League Cup,Reading U21,Birmingham City U21,Over/Under Goals,Over 2.5,1.2,,,LOST,
2025-12-13T13:00:00+00:00,Primera División RFEF - Group 2,Juventud Torremolinos,Marbella,Over/Under Goals,Under 3.5,1.22,,,WON,
2025-12-13T13:00:00+00:00,Regionalliga - Nordost,Chemnitzer FC,Luckenwalde,Team Total Goals,Under 2.5,1.2,,,LOST,
2025-12-13T13:00:00+00:00,Regionalliga - Nordost,FC Rot-Weiß Erfurt,BFC Dynamo,1X2 / Match Winner,Home,1.7,,,WON,
2025-12-13T13:00:00+00:00,Segunda Division,Cordoba,Eibar,1X2 / Match Winner,Draw,3.4,,,WON,
2025-12-13T13:00:00+00:00,Super League 2,Nestos Chrisoupolis,Kampaniakos Chalastra,Over/Under Goals,Under 2.5,1.67,,,WON,
2025-12-13T13:00:00+00:00,Super League 2,PAOK II,Kavala,BTTS,No,1.64,,,WON,
2025-12-13T13:00:00+00:00,Super Liga,Radnicki 1923,Javor,Over/Under Goals,Under 3.5,1.36,,,WON,
2025-12-13T13:00:00+00:00,TFF 1. Lig,Sivasspor,Yeni Çorumspor,Double Chance,Home/Draw,1.4,,,WON,
2025-12-13T13:30:00+00:00,Campionato Primavera - 2,Bari U19,Ternana U19,Double Chance,Home/Draw,1.44,,,WON,
2025-12-13T13:30:00+00:00,Campionato Primavera - 2,Lecco U19,Renate U19,Asian Handicap,Away -1.25,1.5,,,WON,
2025-12-13T13:30:00+00:00,Campionato Primavera - 2,Modena U19,Como U19,Over/Under Goals,Under 3.5,1.44,,,WON,
2025-12-13T13:30:00+00:00,Campionato Primavera - 2,Monopoli U19,Benevento U19,Over/Under Goals,Under 3.5,1.3,,,WON,
2025-12-13T13:30:00+00:00,Campionato Primavera - 2,Palermo U19,Empoli U19,1X2 / Match Winner,Away,1.48,,,LOST,
2025-12-13T13:30:00+00:00,Campionato Primavera - 2,Pro Vercelli U19,Venezia U19,Double Chance,Draw/Away,1.62,,,LOST,
2025-12-13T13:30:00+00:00,Campionato Primavera - 2,Vicenza U19,Cittadella U19,Double Chance,Draw/Away,1.5,,,LOST,
2025-12-13T13:30:00+00:00,Serie C - Girone A,Lumezzane,Lecco,Over/Under Goals,Under 3.5,1.18,,,WON,
2025-12-13T13:30:00+00:00,Serie C - Girone B,Campobasso FC,Perugia,Over/Under Goals,Under 3.5,1.25,,,WON,
2025-12-13T13:30:00+00:00,Serie C - Girone C,AZ Picerno,Salernitana,Over/Under Goals,Under 3.5,1.35,,,WON,
2025-12-13T13:30:00+00:00,Serie C - Girone C,Cavese,Siracusa,1X2 / Match Winner,Draw,3.2,,,WON,
2025-12-13T13:30:00+00:00,Serie C - Girone C,Trapani 1905,Cosenza,1X2 / Match Winner,Draw,3.25,,,WON,
2025-12-13T13:30:00+00:00,Tweede Divisie,ACV,Ijsselmeervogels,Over/Under Goals,Under 3.5,1.5,,,LOST,
2025-12-13T13:30:00+00:00,Tweede Divisie,Excelsior Maassluis,Barendrecht,Double Chance,Draw/Away,1.49,,,LOST,
2025-12-13T13:30:00+00:00,Tweede Divisie,GVVV Veenendaal,Almere City II,Over/Under Goals,Over 2.5,1.7,,,WON,
2025-12-13T13:30:00+00:00,Tweede Divisie,HHC,AFC Amsterdam,Over/Under Goals,Under 3.5,1.3,,,LOST,
2025-12-13T13:30:00+00:00,Tweede Divisie,Hoek,De Treffers,Double Chance,Draw/Away,1.6,,,LOST,
2025-12-13T13:30:00+00:00,Tweede Divisie,RKAV Volendam,Rijnsburgse Boys,Over/Under Goals,Over 1.5,1.15,,,WON,
2025-12-13T14:00:00+00:00,Campionato,Faetano,Fiorentino,Over/Under Goals,Under 3.5,1.26,,,WON,
2025-12-13T14:00:00+00:00,Campionato,Libertas,Tre Fiori,Over/Under Goals,Under 3.5,1.57,,,LOST,
2025-12-13T14:00:00+00:00,Campionato,Murata,Virtus,Over/Under Goals,Under 3.5,1.46,,,WON,
2025-12-13T14:00:00+00:00,Campionato,San Marino Academy,San Giovanni,Over/Under Goals,Under 3.5,1.32,,,WON,
2025-12-13T14:00:00+00:00,Czech Liga,Baník Ostrava,Pardubice,Over/Under Goals,Under 2.5,1.95,,,LOST,
2025-12-13T14:00:00+00:00,Czech Liga,Hradec Králové,Mlada Boleslav,Over/Under Goals,Over 1.5,1.2,,,WON,
2025-12-13T14:00:00+00:00,Czech Liga,Teplice,Slovácko,Over/Under Goals,Under 2.5,1.62,,,WON,
2025-12-13T14:00:00+00:00,DBU Pokalen,Vejle,Viborg,Over/Under Goals,Over 1.5,1.22,,,LOST,
2025-12-13T14:00:00+00:00,FAW Championship,Caersws,Ruthin Town,Double Chance,Home/Draw,1.5,,,WON,
2025-12-13T14:00:00+00:00,Primera División Femenina,FC Levante Badalona,Barcelona W,Over/Under Goals,Under 3.5,2.55,,,LOST,
2025-12-13T14:00:00+00:00,Prva HNL,NK Osijek,HNK Gorica,Over/Under Goals,Over 1.5,1.33,,,WON,
2025-12-13T14:00:00+00:00,Regionalliga - Nord,Hamburger SV II,St. Pauli II,Asian Handicap,Home +0.25,1.42,,,WON,
2025-12-13T14:00:00+00:00,Segunda Liga,Academico Viseu,Farense,Over/Under Goals,Under 3.5,1.22,,,WON,
2025-12-13T14:00:00+00:00,Serie A Women,AC Milan W,Inter Milano W,Asian Handicap,Home +1.25,1.4,,,LOST,
2025-12-13T14:00:00+00:00,Serie A,Torino,Cremonese,Team Total Goals,Over 0.5,1.53,,,LOST,
2025-12-13T14:00:00+00:00,Serie B,Juve Stabia,Empoli,Over/Under Goals,Under 3.5,1.2,,,WON,
2025-12-13T14:00:00+00:00,Serie B,Reggiana,Padova,Over/Under Goals,Under 3.5,1.22,,,WON,
2025-12-13T14:00:00+00:00,Serie B,Spezia,Modena,Over/Under Goals,Under 3.5,1.2,,,WON,
2025-12-13T14:00:00+00:00,Serie B,Sudtirol,Bari,Over/Under Goals,Under 2.5,1.65,,,WON,
2025-12-13T14:00:00+00:00,Serie B,Venezia,Monza,Double Chance,Draw/Away,1.55,,,LOST,
2025-12-13T14:00:00+00:00,Shield Cup,Al Salt,Sama Al Sarhan,Over/Under Goals,Under 3.5,1.17,,,WON,
2025-12-13T14:00:00+00:00,Super Lig,Kayserispor,Alanyaspor,1X2 / Match Winner,Draw,3.65,,,WON,
2025-12-13T14:00:00+00:00,Tweede Divisie,Quick Boys,Kozakken Boys,Over/Under Goals,Over 1.5,1.23,,,WON,
2025-12-13T14:00:00+00:00,Tweede Divisie,Spakenburg,Koninklijke HFC,1X2 / Match Winner,Home,1.67,,,WON,
2025-12-13T14:00:00+00:00,Tweede Divisie,Sparta Rotterdam II,Katwijk,BTTS,Yes,1.4,,,WON,
2025-12-13T14:00:00+00:00,Welsh Cup,Caerau (Ely),Llandudno,Over/Under Goals,Under 3.5,1.62,,,WON,
2025-12-13T14:00:00+00:00,Welsh Cup,Pontypridd Town,Colwyn Bay,1X2 / Match Winner,Away,1.43,,,WON,
2025-12-13T14:30:00+00:00,Bundesliga 1,1899 Hoffenheim,Hamburger SV,Over/Under Goals,Over 1.5,1.17,,,WON,
2025-12-13T14:30:00+00:00,Bundesliga 1,Borussia Mönchengladbach,VfL Wolfsburg,Asian Handicap,Home +0,1.48,,,LOST,
2025-12-13T14:30:00+00:00,Bundesliga 1,Eintracht Frankfurt,FC Augsburg,1X2 / Match Winner,Draw,4.35,,,LOST,
2025-12-13T14:30:00+00:00,Bundesliga 1,FC St. Pauli,1. FC Heidenheim,Team Total Goals,Under 2.5,1.18,,,WON,
2025-12-13T14:30:00+00:00,Super Liga,Podbrezová,Dunajska Streda,Team Total Goals,Over 0.5,1.17,,,WON,
2025-12-13T14:30:00+00:00,Super Liga,Ružomberok,AS Trencin,Over/Under Goals,Under 3.5,1.36,,,WON,
2025-12-13T14:30:00+00:00,Super Liga,Spartak Trnava,Skalica,Over/Under Goals,Under 3.5,1.35,,,WON,
2025-12-13T15:00:00+00:00,1. Division,Akritas,Ethnikos Achna,Double Chance,Home/Draw,1.53,,,WON,
2025-12-13T15:00:00+00:00,Challenger Pro League,Kortrijk,Seraing United,Over/Under Goals,Under 3.5,1.48,,,WON,
2025-12-13T15:00:00+00:00,Championship,Annagh United,Dundela,Over/Under Goals,Under 3.5,1.5,,,WON,
2025-12-13T15:00:00+00:00,Championship,Arbroath,Partick,Over/Under Goals,Under 3.5,1.25,,,WON,
2025-12-13T15:00:00+00:00,Championship,Ballinamallard United,Warrenpoint Town,Over/Under Goals,Over 2.5,1.57,,,WON,
2025-12-13T15:00:00+00:00,Championship,Birmingham,Charlton,Over/Under Goals,Over 1.5,1.33,,,WON,
2025-12-13T15:00:00+00:00,Championship,Coventry,Bristol City,Over/Under Goals,Under 3.5,1.48,,,WON,
2025-12-13T15:00:00+00:00,Championship,Institute,H&W Welders,Over/Under Goals,Under 3.5,1.44,,,LOST,
2025-12-13T15:00:00+00:00,Championship,Leicester,Ipswich,Over/Under Goals,Over 1.5,1.3,,,WON,
2025-12-13T15:00:00+00:00,Championship,Limavady United,Armagh City,Over/Under Goals,Under 3.5,1.67,,,LOST,
2025-12-13T15:00:00+00:00,Championship,Middlesbrough,QPR,Over/Under Goals,Over 1.5,1.25,,,WON,
2025-12-13T15:00:00+00:00,Championship,Millwall,Hull City,Over/Under Goals,Over 1.5,1.33,,,WON,
2025-12-13T15:00:00+00:00,Championship,Morton,Airdrie United,Over/Under Goals,Under 3.5,1.25,,,WON,
2025-12-13T15:00:00+00:00,Championship,Portsmouth,Blackburn,Asian Handicap,Away -0.5,1.48,,,LOST,
2025-12-13T15:00:00+00:00,Championship,Queen's Park,Dunfermline,Double Chance,Draw/Away,1.2,,,WON,
2025-12-13T15:00:00+00:00,Championship,Raith Rovers,Ross County,Over/Under Goals,Under 3.5,1.25,,,LOST,
2025-12-13T15:00:00+00:00,Championship,Wrexham,Watford,1X2 / Match Winner,Draw,3.35,,,WON,
2025-12-13T15:00:00+00:00,FA Trophy,AFC Telford United,Altrincham,Double Chance,Home/Draw,1.67,,,WON,
2025-12-13T15:00:00+00:00,FA Trophy,Chatham Town,Plymouth Parkway,Over/Under Goals,Over 1.5,1.16,,,WON,
2025-12-13T15:00:00+00:00,FA Trophy,Curzon Ashton,Marine,Double Chance,Draw/Away,1.67,,,WON,
2025-12-13T15:00:00+00:00,FA Trophy,Dagenham & Redbridge,Hanwell Town,1X2 / Match Winner,Home,1.57,,,WON,
2025-12-13T15:00:00+00:00,FA Trophy,Dover,AFC Hornchurch,Double Chance,Home/Draw,1.57,,,LOST,
2025-12-13T15:00:00+00:00,FA Trophy,Eastleigh,Aldershot Town,Double Chance,Draw/Away,1.67,,,LOST,
2025-12-13T15:00:00+00:00,FA Trophy,FC Halifax Town,United of Manchester,Asian Handicap,Home +0.25,1.17,,,WON,
2025-12-13T15:00:00+00:00,FA Trophy,Forest Green,Weston-super-Mare,Team Total Goals,Under 2.5,1.4,,,LOST,
2025-12-13T15:00:00+00:00,FA Trophy,Gateshead,Morecambe,Over/Under Goals,Under 3.5,1.59,,,WON,
2025-12-13T15:00:00+00:00,Jupiler Pro League,Cercle Brugge,KV Mechelen,Over/Under Goals,Under 3.5,1.5,,,LOST,
2025-12-13T15:00:00+00:00,Júniores U19,Alverca U19,Tondela U19,Over/Under Goals,Under 3.5,1.25,,,WON,
2025-12-13T15:00:00+00:00,Júniores U19,Chaves U19,Vitoria Guimaraes U19,Over/Under Goals,Under 3.5,1.38,,,WON,
2025-12-13T15:00:00+00:00,Júniores U19,Mafra U19,Santa Clara U19,1X2 / Match Winner,Draw,3.6,,,LOST,
2025-12-13T15:00:00+00:00,League One,Alloa Athletic,Queen of the South,Over/Under Goals,Under 3.5,1.3,,,WON,
2025-12-13T15:00:00+00:00,League One,Barnsley,Leyton Orient,Over/Under Goals,Under 3.5,1.48,,,LOST,
2025-12-13T15:00:00+00:00,League One,Blackpool,Lincoln,Over/Under Goals,Over 1.5,1.33,,,WON,
2025-12-13T15:00:00+00:00,League One,Bolton,Exeter City,Over/Under Goals,Over 1.5,1.22,,,WON,
2025-12-13T15:00:00+00:00,League One,Bradford,Reading,Over/Under Goals,Under 3.5,1.4,,,WON,
2025-12-13T15:00:00+00:00,League One,Burton Albion,Wycombe,Over/Under Goals,Over 1.5,1.33,,,LOST,
2025-12-13T15:00:00+00:00,League One,Cove Rangers,East Fife,Over/Under Goals,Under 3.5,1.33,,,WON,
2025-12-13T15:00:00+00:00,League One,Inverness CT,Hamilton Academical,Asian Handicap,Home +0.5,1.16,,,WON,
2025-12-13T15:00:00+00:00,League One,Luton,Port Vale,1X2 / Match Winner,Draw,3.61,,,WON,
2025-12-13T15:00:00+00:00,League One,Montrose,Stenhousemuir,Over/Under Goals,Under 3.5,1.38,,,WON,
2025-12-13T15:00:00+00:00,League One,Peterborough,Northampton,Over/Under Goals,Under 3.5,1.28,,,WON,
2025-12-13T15:00:00+00:00,League One,Peterhead,Kelty Hearts,Over/Under Goals,Under 3.5,1.5,,,LOST,
2025-12-13T15:00:00+00:00,League One,Plymouth,Rotherham,Over/Under Goals,Under 3.5,1.28,,,WON,
2025-12-13T15:00:00+00:00,League Two,Accrington ST,Bromley,Over/Under Goals,Over 1.5,1.33,,,LOST,
2025-12-13T15:00:00+00:00,League Two,Annan Athletic,Forfar Athletic,Over/Under Goals,Under 3.5,1.42,,,LOST,
2025-12-13T15:00:00+00:00,League Two,Cheltenham,Harrogate Town,Double Chance,Draw/Away,1.7,,,WON,
2025-12-13T15:00:00+00:00,League Two,Chesterfield,Barnet,Over/Under Goals,Over 1.5,1.28,,,WON,
2025-12-13T15:00:00+00:00,League Two,Crawley Town,Oldham,Double Chance,Draw/Away,1.5,,,WON,
2025-12-13T15:00:00+00:00,League Two,Dumbarton,East Kilbride,Over/Under Goals,Under 3.5,1.55,,,WON,
2025-12-13T15:00:00+00:00,League Two,Edinburgh City,Clyde,Over/Under Goals,Under 3.5,1.45,,,LOST,
2025-12-13T15:00:00+00:00,League Two,Elgin City,Stranraer,Team Total Goals,Over 0.5,1.45,,,WON,
2025-12-13T15:00:00+00:00,League Two,Gillingham,Barrow,Team Total Goals,Over 0.5,1.5,,,WON,
2025-12-13T15:00:00+00:00,League Two,Grimsby,Notts County,Over/Under Goals,Over 1.5,1.28,,,WON,
2025-12-13T15:00:00+00:00,League Two,Milton Keynes Dons,Cambridge United,Over/Under Goals,Under 2.5,1.62,,,WON,
2025-12-13T15:00:00+00:00,League Two,Stirling Albion,Spartans,Asian Handicap,Home +1.25,1.5,,,WON,
2025-12-13T15:00:00+00:00,League Two,Tranmere,Crewe,Over/Under Goals,Over 2.5,1.85,,,WON,
2025-12-13T15:00:00+00:00,Liga 3,Paredes,Varzim,Over/Under Goals,Under 2.5,1.57,,,WON,
2025-12-13T15:00:00+00:00,Liga 3,São João Ver,Sanjoanense,Over/Under Goals,Under 3.5,1.2,,,WON,
2025-12-13T15:00:00+00:00,Liga I,Arges Pitesti,FC Botosani,Over/Under Goals,Under 2.5,1.5,,,WON,
2025-12-13T15:00:00+00:00,Ligat Ha'al,Ironi Kiryat Shmona,Hapoel Tel Aviv,Team Total Goals,Over 0.5,1.22,,,WON,
2025-12-13T15:00:00+00:00,National League - North,Spennymoor Town,Buxton,1X2 / Match Winner,Draw,3.79,,,WON,
2025-12-13T15:00:00+00:00,National League - South,Eastbourne Borough,Chelmsford City,Over/Under Goals,Under 3.5,1.33,,,WON,
2025-12-13T15:00:00+00:00,National League - South,Farnborough,Salisbury,Over/Under Goals,Under 3.5,1.42,,,WON,
2025-12-13T15:00:00+00:00,National League - South,Hampton & Richmond,Maidenhead,Double Chance,Draw/Away,1.22,,,WON,
2025-12-13T15:00:00+00:00,Non League Premier - Isthmian,Brentwood Town,Hashtag United,Team Total Goals,Over 0.5,1.3,,,LOST,
2025-12-13T15:00:00+00:00,Non League Premier - Isthmian,Burgess Hill Town,Ramsgate,Over/Under Goals,Over 1.5,1.19,,,WON,
2025-12-13T15:00:00+00:00,Non League Premier - Isthmian,Cray Valley PM,Wingate & Finchley,Double Chance,Home/Draw,1.44,,,WON,
2025-12-13T15:00:00+00:00,Non League Premier - Isthmian,Dartford,Folkestone Invicta,Over/Under Goals,Under 3.5,1.32,,,WON,
2025-12-13T15:00:00+00:00,Non League Premier - Isthmian,Dulwich Hamlet,Lewes,Double Chance,Home/Draw,1.18,,,LOST,
2025-12-13T15:00:00+00:00,Non League Premier - Isthmian,St Albans City,Chichester City,Over/Under Goals,Under 3.5,1.43,,,WON,
2025-12-13T15:00:00+00:00,Non League Premier - Northern,Bamber Bridge,Ashton United,Team Total Goals,Over 0.5,1.2,,,LOST,
2025-12-13T15:00:00+00:00,Non League Premier - Northern,Gainsborough Trinity,Stocksbridge Park Steels,Asian Handicap,Home +0.25,1.16,,,WON,
2025-12-13T15:00:00+00:00,Non League Premier - Northern,Hebburn Town,Morpeth Town,Over/Under Goals,Under 3.5,1.33,,,WON,
2025-12-13T15:00:00+00:00,Non League Premier - Northern,Ilkeston Town,Hednesford Town,Over/Under Goals,Under 3.5,1.26,,,WON,
2025-12-13T15:00:00+00:00,Non League Premier - Northern,Prescot Cables,Guiseley AFC,Over/Under Goals,Under 2.5,1.67,,,WON,
2025-12-13T15:00:00+00:00,Non League Premier - Northern,Rushall Olympic,Warrington Town,Double Chance,Draw/Away,1.53,,,WON,
2025-12-13T15:00:00+00:00,Non League Premier - Northern,Rylands,Lancaster City,Double Chance,Draw/Away,1.55,,,LOST,
2025-12-13T15:00:00+00:00,Non League Premier - Northern,Stockton Town,Whitby Town,Over/Under Goals,Under 2.5,2.0,,,WON,
2025-12-13T15:00:00+00:00,Non League Premier - Southern South,Bracknell Town,Wimborne Town,Double Chance,Home/Draw,1.6,,,WON,
2025-12-13T15:00:00+00:00,Non League Premier - Southern South,Evesham United,Taunton Town,Double Chance,Home/Draw,1.44,,,WON,
2025-12-13T15:00:00+00:00,Non League Premier - Southern South,Farnham Town,Tiverton Town,Over/Under Goals,Over 2.5,1.4,,,WON,
2025-12-13T15:00:00+00:00,Non League Premier - Southern South,Hungerford Town,Chertsey Town,Over/Under Goals,Under 3.5,1.31,,,WON,
2025-12-13T15:00:00+00:00,Non League Premier - Southern South,Poole Town,Uxbridge,Over/Under Goals,Over 1.5,1.15,,,WON,
2025-12-13T15:00:00+00:00,Non League Premier - Southern South,Sholing,Dorchester Town,Double Chance,Home/Draw,1.18,,,WON,
2025-12-13T15:00:00+00:00,Non League Premier - Southern South,Weymouth,Berkhamsted,Over/Under Goals,Under 3.5,1.36,,,WON,
2025-12-13T15:00:00+00:00,Non League Premier - Southern South,Yate Town,Havant & Wville,Asian Handicap,Home +0.25,1.46,,,LOST,
2025-12-13T15:00:00+00:00,Premier League,Chelsea,Everton,Over/Under Goals,Under 3.5,1.33,,,WON,
2025-12-13T15:00:00+00:00,Premier League,Liverpool,Brighton,Over/Under Goals,Over 1.5,1.17,,,WON,
2025-12-13T15:00:00+00:00,Premiership,Carrick Rangers,Dungannon Swifts,Over/Under Goals,Under 3.5,1.36,,,LOST,
2025-12-13T15:00:00+00:00,Premiership,Cliftonville FC,Glenavon FC,Result + Total Goals,Home/Over 1.5,1.57,,,WON,
2025-12-13T15:00:00+00:00,Premiership,Dundee Utd,Motherwell,Double Chance,Draw/Away,1.4,,,WON,
2025-12-13T15:00:00+00:00,Premiership,Linfield,Crusaders FC,Over/Under Goals,Under 3.5,1.5,,,LOST,
2025-12-13T15:00:00+00:00,Premiership,Livingston,Dundee,Over/Under Goals,Under 3.5,1.3,,,LOST,
2025-12-13T15:00:00+00:00,Premiership,Portadown,Ballymena United,Double Chance,Home/Draw,1.44,,,WON,
2025-12-13T15:00:00+00:00,Premijer Liga,Sloga Doboj,Velež,Over/Under Goals,Under 3.5,1.15,,,WON,
2025-12-13T15:00:00+00:00,Premijer Liga,Zeljeznicar Sarajevo,Radnik Bijeljina,Over/Under Goals,Under 3.5,1.18,,,WON,
2025-12-13T15:00:00+00:00,Segunda División RFEF - Group 5,Rayo Majadahonda,Fuenlabrada,Over/Under Goals,Under 3.5,1.17,,,WON,
2025-12-13T15:00:00+00:00,Super League 1,Levadiakos,Larisa,Over/Under Goals,Over 1.5,1.25,,,WON,
2025-12-13T15:00:00+00:00,Super League Women,Club Brugge W,Standard Liege W,Asian Handicap,Home +0,1.69,,,WON,
2025-12-13T15:00:00+00:00,Tercera División RFEF - Group 1,Coruña,Compostela,Double Chance,Home/Draw,1.6,,,LOST,
2025-12-13T15:00:00+00:00,Tercera División RFEF - Group 16,Peña Balsamaiso,Anguiano,1X2 / Match Winner,Away,1.5,,,WON,
2025-12-13T15:15:00+00:00,La Liga,Mallorca,Elche,Over/Under Goals,Under 3.5,1.22,,,LOST,
2025-12-13T15:15:00+00:00,Primera División RFEF - Group 1,Osasuna II,Lugo,Over/Under Goals,Under 3.5,1.16,,,WON,
2025-12-13T15:15:00+00:00,Primera División RFEF - Group 1,Ponferradina,Arenteiro,Over/Under Goals,Under 3.5,1.17,,,LOST,
2025-12-13T15:15:00+00:00,Primera División RFEF - Group 2,Eldense,Tarazona,Over/Under Goals,Under 3.5,1.16,,,WON,
2025-12-13T15:15:00+00:00,Segunda Division,Sporting Gijon,Granada CF,Over/Under Goals,Under 3.5,1.22,,,WON,
2025-12-13T15:15:00+00:00,Segunda Division,Valladolid,FC Andorra,1X2 / Match Winner,Draw,4.01,,,LOST,
2025-12-13T15:20:00+00:00,Professional League,Al-Khabourah,Al Nasr,Over/Under Goals,Under 2.5,1.53,,,WON,
2025-12-13T15:30:00+00:00,3. Liga,Verl,Rot-Weiß Essen,Over/Under Goals,Over 1.5,1.18,,,LOST,
2025-12-13T15:30:00+00:00,Challenge League,Gudja United,Zurrieq,Double Chance,Home/Draw,1.5,,,WON,
2025-12-13T15:30:00+00:00,Challenge League,Pietà Hotspurs,Mgarr United,Over/Under Goals,Over 1.5,1.22,,,WON,
2025-12-13T15:30:00+00:00,Eredivisie,Telstar,NEC Nijmegen,Over/Under Goals,Over 1.5,1.17,,,WON,
2025-12-13T15:30:00+00:00,League Cup,Al Ain,Al Nasr,Over/Under Goals,Under 3.5,1.6,,,WON,
2025-12-13T15:30:00+00:00,NB I,Puskas Academy,Diosgyori VTK,Team Total Goals,Over 0.5,1.45,,,WON,
2025-12-13T15:30:00+00:00,Primeira Liga,Casa Pia,GIL Vicente,Over/Under Goals,Under 2.5,1.53,,,WON,
2025-12-13T15:30:00+00:00,Super Liga,Vojvodina,OFK Beograd,Over/Under Goals,Under 3.5,1.5,,,WON,
2025-12-13T15:30:00+00:00,Superliga,Partizani,Flamurtari,Over/Under Goals,Under 2.5,1.5,,,LOST,
2025-12-13T15:30:00+00:00,Superliga,Vora,AF Elbasani,Over/Under Goals,Under 3.5,1.15,,,WON,
2025-12-13T15:30:00+00:00,Tercera División RFEF - Group 1,Barbadás,Silva,Double Chance,Draw/Away,1.5,,,WON,
2025-12-13T15:30:00+00:00,Tercera División RFEF - Group 18,Marchamalo,Villarrubia,Double Chance,Home/Draw,1.44,,,LOST,
2025-12-13T16:00:00+00:00,1. Division,Apoel Nicosia,Krasava Ypsonas,1X2 / Match Winner,Home,1.18,,,LOST,
2025-12-13T16:00:00+00:00,Cup,CSKA Sofia,Lokomotiv Sofia,Over/Under Goals,Under 3.5,1.23,,,WON,
2025-12-13T16:00:00+00:00,Feminine Division 1,Le Havre W,Lyon W,Over/Under Goals,Under 3.5,1.83,,,LOST,
2025-12-13T16:00:00+00:00,Liga 3,Mafra,SC Covilha,1X2 / Match Winner,Draw,3.87,,,LOST,
2025-12-13T16:00:00+00:00,Ligat Ha'al,Hapoel Haifa,Ironi Tiberias,Over/Under Goals,Over 1.5,1.25,,,WON,
2025-12-13T16:00:00+00:00,Ligue 1,Rennes,Stade Brestois 29,Over/Under Goals,Under 3.5,1.42,,,LOST,
2025-12-13T16:00:00+00:00,Premier League,AC Douane,Chemal,1X2 / Match Winner,Home,1.51,,,LOST,
2025-12-13T16:00:00+00:00,Primera División Femenina,Sevilla W,Alhama,Over/Under Goals,Under 3.5,1.33,,,WON,
2025-12-13T16:00:00+00:00,Super League 1,OFI,Panserraikos,Double Chance,Home/Draw,1.2,,,WON,
2025-12-13T16:00:00+00:00,TFF 1. Lig,Amed,Bandırmaspor,Over/Under Goals,Under 3.5,1.36,,,WON,
2025-12-13T16:00:00+00:00,Tercera División RFEF - Group 18,Albacete II,Illescas,1X2 / Match Winner,Home,1.53,,,WON,
2025-12-13T16:00:00+00:00,Tercera División RFEF - Group 18,La Solana,Villacañas,Over/Under Goals,Under 2.5,1.4,,,WON,
2025-12-13T16:00:00+00:00,Tercera División RFEF - Group 4,Durango,Lagun Onak,Over/Under Goals,Under 3.5,1.16,,,WON,
2025-12-13T16:00:00+00:00,Tipp3 Bundesliga,Ried,SCR Altach,Over/Under Goals,Under 3.5,1.22,,,WON,
2025-12-13T16:00:00+00:00,Tipp3 Bundesliga,TSV Hartberg,WSG Wattens,Double Chance,Home/Draw,1.42,,,WON,
2025-12-13T16:15:00+00:00,Serie B,Catanzaro,Avellino,Double Chance,Home/Draw,1.22,,,WON,
2025-12-13T16:30:00+00:00,Serie C - Girone A,Alcione,Virtus Verona,Over/Under Goals,Under 3.5,1.2,,,WON,
2025-12-13T16:30:00+00:00,Serie C - Girone A,Renate,Trento,Over/Under Goals,Under 3.5,1.17,,,WON,
2025-12-13T16:30:00+00:00,Serie C - Girone B,Forli,Athletic Carpi,Over/Under Goals,Under 3.5,1.22,,,LOST,
2025-12-13T16:30:00+00:00,Tercera División RFEF - Group 1,Atlético Arteixo,Boiro,Double Chance,Home/Draw,1.44,,,LOST,
2025-12-13T16:30:00+00:00,Tercera División RFEF - Group 11,Collerense,Constància,Double Chance,Draw/Away,1.17,,,WON,
2025-12-13T16:45:00+00:00,Prva HNL,NK Lokomotiva Zagreb,HNK Hajduk Split,Over/Under Goals,Under 3.5,1.25,,,LOST,
2025-12-13T17:00:00+00:00,1. Division,Omonia Aradippou,Anorthosis,Team Total Goals,Over 0.5,1.22,,,LOST,
2025-12-13T17:00:00+00:00,Challenge League,Stade Lausanne-Ouchy,Yverdon Sport,Over/Under Goals,Under 3.5,1.5,,,LOST,
2025-12-13T17:00:00+00:00,Czech Liga,Slavia Praha,FK Jablonec,Over/Under Goals,Under 3.5,1.45,,,LOST,
2025-12-13T17:00:00+00:00,DBU Pokalen,FC Copenhagen,Esbjerg,Team Total Goals,Over 0.5,1.66,,,LOST,
2025-12-13T17:00:00+00:00,FIFA Intercontinental Cup,Flamengo,Pyramids FC,Team Total Goals,Under 2.5,1.48,,,WON,
2025-12-13T17:00:00+00:00,Segunda División RFEF - Group 1,Numancia,Deportivo La Coruña II,Over/Under Goals,Under 2.5,1.67,,,LOST,
2025-12-13T17:00:00+00:00,Serie A Women,Ternana W,Roma W,Over/Under Goals,Under 3.5,1.53,,,WON,
2025-12-13T17:00:00+00:00,Serie A,Parma,Lazio,Over/Under Goals,Under 3.5,1.2,,,WON,
2025-12-13T17:00:00+00:00,Shield Cup,Al Hussein,Al Faisaly,Over/Under Goals,Under 3.5,1.28,,,WON,
2025-12-13T17:00:00+00:00,Super League,FC Sion,Grasshoppers,Over/Under Goals,Under 3.5,1.4,,,WON,
2025-12-13T17:00:00+00:00,Super League,FC Zurich,FC Winterthur,Over/Under Goals,Over 1.5,1.15,,,WON,
2025-12-13T17:00:00+00:00,Super Lig,Antalyaspor,Galatasaray,1X2 / Match Winner,Draw,5.61,,,LOST,
2025-12-13T17:00:00+00:00,Super Liga,Tatran Prešov,Zemplín Michalovce,Over/Under Goals,Under 3.5,1.36,,,WON,
2025-12-13T17:00:00+00:00,Super Liga,Železničar Pančevo,IMT Novi Beograd,Over/Under Goals,Under 3.5,1.36,,,WON,
2025-12-13T17:00:00+00:00,Tercera División RFEF - Group 11,Rotlet Molinar,Santanyí,Over/Under Goals,Under 3.5,1.26,,,LOST,
2025-12-13T17:15:00+00:00,Jupiler Pro League,Zulte Waregem,RAAL La Louvière,1X2 / Match Winner,Draw,3.35,,,WON,
2025-12-13T17:15:00+00:00,Segunda División RFEF - Group 1,Sámano,Langreo,Over/Under Goals,Under 3.5,1.22,,,WON,
2025-12-13T17:25:00+00:00,Welsh Cup,Cardiff MET,Caernarfon Town,Double Chance,Home/Draw,1.57,,,LOST,
2025-12-13T17:30:00+00:00,Bundesliga 1,Bayer Leverkusen,1. FC Köln,BTTS,Yes,1.57,,,LOST,
2025-12-13T17:30:00+00:00,La Liga,Barcelona,Osasuna,BTTS,Yes,1.62,,,LOST,
2025-12-13T17:30:00+00:00,Ligat Ha'al,Hapoel Beer Sheva,Maccabi Netanya,Over/Under Goals,Over 2.5,1.42,,,LOST,
2025-12-13T17:30:00+00:00,Premier League,Burnley,Fulham,Team Total Goals,Over 0.5,1.2,,,WON,
2025-12-13T17:30:00+00:00,Premijer Liga,Siroki Brijeg,Posušje,1X2 / Match Winner,Draw,2.95,,,WON,
2025-12-13T17:30:00+00:00,Primera División RFEF - Group 1,Ourense CF,Barakaldo,Asian Handicap,Home +0.25,1.55,,,WON,
2025-12-13T17:30:00+00:00,Primera División RFEF - Group 1,Real Avilés,Tenerife,Over/Under Goals,Under 3.5,1.22,,,WON,
2025-12-13T17:30:00+00:00,Segunda Division,Racing Santander,Leganes,Over/Under Goals,Over 1.5,1.3,,,WON,
2025-12-13T17:30:00+00:00,Super Liga,FK Partizan,Napredak,1X2 / Match Winner,Home,1.16,,,WON,
2025-12-13T17:45:00+00:00,Eredivisie,Groningen,FC Volendam,Over/Under Goals,Over 1.5,1.2,,,WON,
2025-12-13T18:00:00+00:00,First Amateur Division,Standard Liège II,Union Namur,Double Chance,Draw/Away,1.5,,,WON,
2025-12-13T18:00:00+00:00,Ligue 1,Metz,Paris Saint Germain,1X2 / Match Winner,Away,1.29,,,WON,
2025-12-13T18:00:00+00:00,Ligue 1,Zoman,Stade d'Abidjan,Over/Under Goals,Under 3.5,1.15,,,WON,
2025-12-13T18:00:00+00:00,NB I,MTK Budapest,Ujpest,Over/Under Goals,Over 1.5,1.18,,,WON,
2025-12-13T18:00:00+00:00,Primeira Liga,Rio Ave,Guimaraes,Over/Under Goals,Under 3.5,1.25,,,WON,
2025-12-13T18:00:00+00:00,Super League 1,Kifisia,Asteras Tripolis,Over/Under Goals,Under 2.5,1.7,,,WON,
2025-12-13T18:30:00+00:00,Liga I,Rapid,Oţelul,Over/Under Goals,Over 1.5,1.36,,,WON,
2025-12-13T18:30:00+00:00,Serie B,Cesena,Mantova,Over/Under Goals,Under 3.5,1.28,,,LOST,
2025-12-13T18:30:00+00:00,Super League Women,Gent W,Zulte-Waregem W,Over/Under Goals,Under 3.5,1.3,,,WON,
2025-12-13T18:30:00+00:00,Superliga,Teuta Durrës,Tirana,Over/Under Goals,Under 2.5,1.57,,,WON,
2025-12-13T19:00:00+00:00,Challenger Pro League,Beerschot VA,Patro Eisden,Over/Under Goals,Under 3.5,1.28,,,WON,
2025-12-13T19:00:00+00:00,Challenger Pro League,Francs Borains,K. Lierse S.K.,Double Chance,Draw/Away,1.57,,,WON,
2025-12-13T19:00:00+00:00,Challenger Pro League,RWDM,Olympic Charleroi,1X2 / Match Winner,Draw,4.02,,,WON,
2025-12-13T19:00:00+00:00,Eredivisie,PSV Eindhoven,Heracles,Over/Under Goals,Over 2.5,1.2,,,WON,
2025-12-13T19:00:00+00:00,First Amateur Division,Albert Quévy-Mons,Excelsior Virton,Team Total Goals,Over 0.5,1.41,,,WON,
2025-12-13T19:00:00+00:00,First Amateur Division,Hoogstraten,Dessel Sport,BTTS,Yes,1.44,,,LOST,
2025-12-13T19:00:00+00:00,First Amateur Division,Lyra-Lierse Berlaar,Merelbeke,Over/Under Goals,Under 3.5,1.44,,,LOST,
2025-12-13T19:00:00+00:00,First Amateur Division,Meux,Rochefort,Asian Handicap,Home +0,1.42,,,LOST,
2025-12-13T19:00:00+00:00,First Amateur Division,Sporting Hasselt,Spouwen-Mopertingen,Over/Under Goals,Under 3.5,1.6,,,LOST,
2025-12-13T19:00:00+00:00,Ligue 2,Saint Etienne,Bastia,Over/Under Goals,Over 1.5,1.3,,,WON,
2025-12-13T19:00:00+00:00,USL Super League,Lexington W,DC Power W,1X2 / Match Winner,Home,1.48,,,LOST,
2025-12-13T19:30:00+00:00,Bundesliga 2,Hannover 96,VfL Bochum,Over/Under Goals,Over 1.5,1.18,,,LOST,
2025-12-13T19:30:00+00:00,Super League,FC Thun,FC ST. Gallen,Over/Under Goals,Under 3.5,1.62,,,WON,
2025-12-13T19:45:00+00:00,Jupiler Pro League,Anderlecht,St. Truiden,Over/Under Goals,Under 3.5,1.44,,,WON,
2025-12-13T19:45:00+00:00,Serie A,Atalanta,Cagliari,Over/Under Goals,Under 3.5,1.45,,,WON,
2025-12-13T20:00:00+00:00,Eredivisie,PEC Zwolle,Fortuna Sittard,Over/Under Goals,Over 1.5,1.25,,,LOST,
2025-12-13T20:00:00+00:00,La Liga,Getafe,Espanyol,Double Chance,Draw/Away,1.5,,,WON,
2025-12-13T20:00:00+00:00,Liga 3,SC Braga B,Guimaraes B,Over/Under Goals,Under 3.5,1.15,,,WON,
2025-12-13T20:00:00+00:00,Premier League,Arsenal,Wolves,Over/Under Goals,Over 1.5,1.2,,,WON,
2025-12-13T20:00:00+00:00,Premiership,Falkirk,Heart Of Midlothian,Over/Under Goals,Under 3.5,1.36,,,WON,
2025-12-13T20:00:00+00:00,Primera División RFEF - Group 2,Real Murcia,Sabadell,Over/Under Goals,Under 2.5,1.44,,,WON,
2025-12-13T20:00:00+00:00,Segunda Division,Deportivo La Coruna,Real Sociedad II,Over/Under Goals,Under 3.5,1.33,,,WON,
2025-12-13T20:00:00+00:00,Segunda Division,Zaragoza,Cadiz,Over/Under Goals,Over 1.5,1.42,,,WON,
2025-12-13T20:05:00+00:00,Ligue 1,Paris FC,Toulouse,Over/Under Goals,Under 3.5,1.3,,,WON,
2025-12-13T20:30:00+00:00,Liga Pro,Delfin SC,Aucas,Over/Under Goals,Under 2.5,2.0,,,WON,
2025-12-13T20:30:00+00:00,Liga Pro,Macara,Deportivo Cuenca,Over/Under Goals,Under 3.5,1.25,,,WON,
2025-12-13T20:30:00+00:00,USL Super League,Dallas Trinity W,Carolina Ascent W,Over/Under Goals,Under 3.5,1.22,,,WON,
2025-12-13T22:00:00+00:00,Copa Colombia,Atletico Nacional,Independiente Medellin,Asian Handicap,Away -1.25,1.5,,,WON,
2025-12-14T00:00:00+00:00,Primera Division,Alianza,Cacahuatique,Over/Under Goals,Under 3.5,1.3,,,WON,
2025-12-14T01:00:00+00:00,Liga Nacional,CD Motagua,Real Espana,Over/Under Goals,Under 3.5,1.37,,,WON,
2025-12-14T01:00:00+00:00,Primera Division,Firpo,Águila,Over/Under Goals,Over 1.5,1.28,,,LOST,
2025-12-14T02:00:00+00:00,A-League,Wellington Phoenix,Newcastle Jets,Double Chance,Home/Draw,1.42,,,LOST,
2025-12-14T02:00:00+00:00,Primera División,LD Alajuelense,Municipal Liberia,Over/Under Goals,Under 3.5,1.28,,,WON,
2025-12-14T05:00:00+00:00,J3 League,Osaka,Tegevajaro Miyazaki,Over/Under Goals,Under 3.5,1.25,,,LOST,
2025-12-14T06:30:00+00:00,Liga 1,Malut United,Persib Bandung,Team Total Goals,Over 0.5,1.17,,,LOST,
2025-12-14T07:00:00+00:00,Premier League,BC Rangers,Warriors,1X2 / Match Winner,Away,1.36,,,WON,
2025-12-14T08:30:00+00:00,Premier League,Hong Kong FC,Kowloon City,Double Chance,Draw/Away,1.17,,,WON,
2025-12-14T09:00:00+00:00,Liga II,Bihor Oradea,Metalul Buzău,Double Chance,Home/Draw,1.22,,,WON,
2025-12-14T09:45:00+00:00,Campionato Primavera - 1,Hellas Verona U20,Juventus U20,Over/Under Goals,Under 3.5,1.36,,,WON,
2025-12-14T10:00:00+00:00,1a Divisió,Ranger's,Inter Club d'Escaldes,Over/Under Goals,Under 3.5,1.25,,,WON,
2025-12-14T10:00:00+00:00,Premier League,Eastern,Wofoo Tai Po,Double Chance,Draw/Away,1.25,,,LOST,
2025-12-14T10:00:00+00:00,Premyer Liqa,Kapaz,Qabala,Over/Under Goals,Under 2.5,1.67,,,WON,
2025-12-14T10:15:00+00:00,Tercera División RFEF - Group 4,Santurtzi,Zarautz,Over/Under Goals,Under 3.5,1.22,,,WON,
2025-12-14T10:30:00+00:00,Segunda División RFEF - Group 4,La Unión Atlético,Yeclano,Double Chance,Home/Draw,1.17,,,WON,
2025-12-14T10:30:00+00:00,Segunda División RFEF - Group 5,Navalcarnero,Colonia Moscardó,Over/Under Goals,Under 3.5,1.21,,,WON,
2025-12-14T10:30:00+00:00,TFF 1. Lig,Erzurum BB,BB Bodrumspor,Double Chance,Home/Draw,1.44,,,WON,
2025-12-14T10:30:00+00:00,TFF 1. Lig,Keçiörengücü,Erokspor,Over/Under Goals,Over 1.5,1.18,,,WON,
2025-12-14T11:00:00+00:00,C-League,Phnom Penh Crown,Angkor Tiger,Team Total Goals,Under 2.5,1.47,,,LOST,
2025-12-14T11:00:00+00:00,C-League,Svay Rieng,Kompong Dewa,1X2 / Match Winner,Home,1.15,,,LOST,
2025-12-14T11:00:00+00:00,Liga Revelação U23,Estrela U23,Estoril U23,Over/Under Goals,Under 3.5,1.33,,,WON,
2025-12-14T11:00:00+00:00,Liga Revelação U23,Portimonense U23,Santa Clara U23,Over/Under Goals,Under 3.5,1.28,,,WON,
2025-12-14T11:00:00+00:00,Premier League,SK Poltava,Ruh Lviv,Double Chance,Draw/Away,1.17,,,WON,
2025-12-14T11:00:00+00:00,Primera División Femenina,Eibar W,Atletico Madrid W,Over/Under Goals,Under 3.5,1.27,,,LOST,
2025-12-14T11:00:00+00:00,Primera División Femenina,Granad. Tenerife W,Edf Logrono W,Over/Under Goals,Under 3.5,1.26,,,WON,
2025-12-14T11:00:00+00:00,Primera División Femenina,Real Sociedad W,Deportivo de La Coruña W,Over/Under Goals,Under 3.5,1.5,,,WON,
2025-12-14T11:00:00+00:00,Primera División RFEF - Group 1,Athletic Club II,Celta de Vigo II,Asian Handicap,Home +0,1.52,,,LOST,
2025-12-14T11:00:00+00:00,Primera División RFEF - Group 1,CF Talavera,Mérida AD,Over/Under Goals,Under 3.5,1.17,,,WON,
2025-12-14T11:00:00+00:00,Primera División RFEF - Group 2,Ibiza,Villarreal II,BTTS,No,1.73,,,WON,
2025-12-14T11:00:00+00:00,Segunda División RFEF - Group 1,Gimnástica Segoviana,UD Ourense,Over/Under Goals,Under 2.5,1.5,,,WON,
2025-12-14T11:00:00+00:00,Segunda División RFEF - Group 2,Deportivo Alavés II,Náxara,Over/Under Goals,Under 3.5,1.18,,,WON,
2025-12-14T11:00:00+00:00,Segunda División RFEF - Group 3,Barbastro,Ibiza Islas Pitiusas,BTTS,No,1.57,,,LOST,
2025-12-14T11:00:00+00:00,Segunda División RFEF - Group 3,Porreres,Andratx,Over/Under Goals,Under 3.5,1.15,,,WON,
2025-12-14T11:00:00+00:00,Segunda División RFEF - Group 3,Terrassa,Atlético Baleares,Over/Under Goals,Under 3.5,1.21,,,LOST,
2025-12-14T11:00:00+00:00,Segunda División RFEF - Group 4,Almería II,Melilla,Over/Under Goals,Under 2.5,1.67,,,WON,
2025-12-14T11:00:00+00:00,Segunda División RFEF - Group 4,Deportiva Minera,Extremadura 1924,Over/Under Goals,Under 3.5,1.15,,,LOST,
2025-12-14T11:00:00+00:00,Segunda División RFEF - Group 4,Estepona,Puente Genil,Over/Under Goals,Under 3.5,1.17,,,WON,
2025-12-14T11:00:00+00:00,Segunda División RFEF - Group 4,Recreativo Huelva,Antoniano,Over/Under Goals,Under 2.5,1.5,,,WON,
2025-12-14T11:00:00+00:00,Segunda División RFEF - Group 5,Intercity,Getafe II,1X2 / Match Winner,Draw,3.15,,,LOST,
2025-12-14T11:00:00+00:00,Segunda División RFEF - Group 5,RSD Alcalá,Real Madrid III,1X2 / Match Winner,Draw,3.15,,,LOST,
2025-12-14T11:00:00+00:00,Segunda División RFEF - Group 5,Socuéllamos,Conquense,Over/Under Goals,Under 2.5,1.4,,,WON,
2025-12-14T11:00:00+00:00,Segunda Liga,Portimonense,Leixoes,Over/Under Goals,Under 3.5,1.28,,,WON,
2025-12-14T11:00:00+00:00,Segunda Liga,Sporting CP B,Vizela,Over/Under Goals,Under 3.5,1.25,,,WON,
2025-12-14T11:00:00+00:00,Super League,Soy United,MCF,Over/Under Goals,Under 2.5,1.44,,,WON,
2025-12-14T11:00:00+00:00,Tercera División RFEF - Group 1,Alondras,Celta de Vigo III,Double Chance,Home/Draw,1.17,,,WON,
2025-12-14T11:00:00+00:00,Tercera División RFEF - Group 15,Beti Onak,Peña Sport,Team Total Goals,Over 0.5,1.19,,,LOST,
2025-12-14T11:00:00+00:00,Tercera División RFEF - Group 2,Covadonga,L'Entregu,Over/Under Goals,Under 3.5,1.29,,,WON,
2025-12-14T11:00:00+00:00,Tercera División RFEF - Group 3,Cayón,Gimnástica Torrelavega,Team Total Goals,Over 0.5,1.16,,,WON,
2025-12-14T11:00:00+00:00,Tercera División RFEF - Group 3,Escobedo,Tropezón,Over/Under Goals,Under 3.5,1.17,,,WON,
2025-12-14T11:00:00+00:00,Thai League 1,Ayutthaya FC,Bangkok United,Over/Under Goals,Under 3.5,1.39,,,LOST,
2025-12-14T11:00:00+00:00,Thai League 2,Bangkok,Nakhon Pathom,Over/Under Goals,Under 3.5,1.19,,,WON,
2025-12-14T11:00:00+00:00,Thai League 2,Sisaket United,Esan Pattaya,Over/Under Goals,Under 3.5,1.3,,,WON,
2025-12-14T11:15:00+00:00,Eredivisie,Sparta Rotterdam,Heerenveen,Asian Handicap,Home +0.5,1.62,,,LOST,
2025-12-14T11:15:00+00:00,NB I,Kazincbarcikai,Paks,Over/Under Goals,Over 2.5,1.53,,,LOST,
2025-12-14T11:30:00+00:00,Cup,Balestier Khalsa,Home United,Over/Under Goals,Over 2.5,1.22,,,WON,
2025-12-14T11:30:00+00:00,Segunda División RFEF - Group 1,Real Valladolid II,Racing Santander II,1X2 / Match Winner,Draw,3.1,,,WON,
2025-12-14T11:30:00+00:00,Serie A Women,Genoa W,Sassuolo W,Team Total Goals,Over 0.5,1.2,,,WON,
2025-12-14T11:30:00+00:00,Serie A,AC Milan,Sassuolo,1X2 / Match Winner,Home,1.47,,,LOST,
2025-12-14T11:30:00+00:00,Serie C - Girone A,Inter U23,Giana Erminio,Over/Under Goals,Under 3.5,1.2,,,WON,
2025-12-14T11:30:00+00:00,Serie C - Girone C,Atalanta II,Sorrento,Asian Handicap,Away -1.25,1.45,,,WON,
2025-12-14T11:30:00+00:00,Super Lig,Gazişehir Gaziantep,Göztepe,Double Chance,Home/Draw,1.5,,,LOST,
2025-12-14T11:30:00+00:00,Tercera División RFEF - Group 2,Lenense,Mosconia,Double Chance,Draw/Away,1.2,,,WON,
2025-12-14T11:30:00+00:00,Tercera División RFEF - Group 5,Europa II,Badalona,Over/Under Goals,Under 3.5,1.23,,,WON,
2025-12-14T11:30:00+00:00,Thai League 2,Phrae United,Police Tero,Over/Under Goals,Under 3.5,1.3,,,LOST,
2025-12-14T11:55:00+00:00,FA WSL,Leicester City WFC,London City Lionesses,Over/Under Goals,Under 3.5,1.48,,,WON,
2025-12-14T11:55:00+00:00,FA WSL,West Ham W,Liverpool W,Over/Under Goals,Under 3.5,1.45,,,LOST,
2025-12-14T12:00:00+00:00,Czech Liga,Bohemians 1905,Karviná,Over/Under Goals,Under 3.5,1.42,,,WON,
2025-12-14T12:00:00+00:00,FA WSL,Brighton W,Chelsea W,Over/Under Goals,Under 3.5,1.45,,,WON,
2025-12-14T12:00:00+00:00,FA WSL,Manchester City W,Aston Villa W,Result + Total Goals,Home/Over 1.5,1.44,,,WON,
2025-12-14T12:00:00+00:00,Premier League International Cup,Brighton U21,Paris Saint-Germain U21,Over/Under Goals,Under 3.5,1.55,,,LOST,
2025-12-14T12:00:00+00:00,Prva Liga,Dubočica,Loznica,Over/Under Goals,Under 3.5,1.17,,,WON,
2025-12-14T12:00:00+00:00,Prva Liga,Kabel Novi Sad,Borac Cacak,Over/Under Goals,Under 3.5,1.18,,,LOST,
2025-12-14T12:00:00+00:00,Prva Liga,Tekstilac Odžaci,FK Vozdovac,Double Chance,Draw/Away,1.22,,,WON,
2025-12-14T12:00:00+00:00,Super League 2,Niki Volos,Asteras Tripolis II,Over/Under Goals,Under 3.5,1.2,,,LOST,
2025-12-14T12:00:00+00:00,Super Liga,Mladost Lucani,FK Spartak Zdrepceva KRV,Over/Under Goals,Under 3.5,1.2,,,WON,
2025-12-14T12:00:00+00:00,Superliga,Ballkani,Prishtina,Double Chance,Draw/Away,1.65,,,LOST,
2025-12-14T12:00:00+00:00,Superliga,Drita,Gjilani,Over/Under Goals,Under 3.5,1.28,,,WON,
2025-12-14T12:00:00+00:00,Superliga,Llapi,Malisheva,Double Chance,Draw/Away,1.6,,,WON,
2025-12-14T12:00:00+00:00,Thai League 1,Bangkok Glass,Muangthong United,Over/Under Goals,Under 3.5,1.43,,,WON,
2025-12-14T12:00:00+00:00,Thai League 2,Mahasarakham United,Rasi Salai United,Over/Under Goals,Under 3.5,1.34,,,LOST,
2025-12-14T12:15:00+00:00,1a Divisió,UE Santa Coloma,Esperança d'Andorra,Over/Under Goals,Under 3.5,1.89,,,LOST,
2025-12-14T12:15:00+00:00,Division 1,Al-Faisaly FC,Al Orubah,Double Chance,Draw/Away,1.5,,,WON,
2025-12-14T12:15:00+00:00,Division 1,Al-Raed,Jeddah Club,Over/Under Goals,Under 3.5,1.36,,,WON,
2025-12-14T12:30:00+00:00,1st Division,Lushnja,Besa Kavajë,Over/Under Goals,Under 3.5,1.18,,,WON,
2025-12-14T12:30:00+00:00,3. Liga,SV Wehen,Energie Cottbus,Double Chance,Home/Draw,1.48,,,WON,
2025-12-14T12:30:00+00:00,Bundesliga 2,FC Schalke 04,1. FC Nürnberg,Over/Under Goals,Under 3.5,1.33,,,WON,
2025-12-14T12:30:00+00:00,Bundesliga 2,SV Darmstadt 98,Preußen Münster,Over/Under Goals,Under 3.5,1.5,,,WON,
2025-12-14T12:30:00+00:00,Bundesliga 2,SV Elversberg,Fortuna Düsseldorf,Over/Under Goals,Under 3.5,1.57,,,WON,
2025-12-14T12:30:00+00:00,Jupiler Pro League,Gent,Antwerp,Over/Under Goals,Under 3.5,1.36,,,WON,
2025-12-14T12:30:00+00:00,National 2 - Group B,Feignies-Aulnoye,Bastia-Borgo,Asian Handicap,Home +0.25,1.42,,,LOST,
2025-12-14T13:00:00+00:00,Challenge League,FC WIL 1900,Stade Nyonnais,Over/Under Goals,Under 2.5,1.95,,,WON,
2025-12-14T13:00:00+00:00,Challenge League,Neuchatel Xamax FC,Bellinzona,Over/Under Goals,Under 3.5,1.5,,,WON,
2025-12-14T13:00:00+00:00,First League,Dečić,Buducnost Podgorica,1X2 / Match Winner,Draw,3.3,,,LOST,
2025-12-14T13:00:00+00:00,Frauen Bundesliga,Bayern Munich W,Hamburger SV W,Over/Under Goals,Over 2.5,1.17,,,WON,
2025-12-14T13:00:00+00:00,Gamma Ethniki - Group 1,Xanthi FC,PAOK Dytiko,Double Chance,Draw/Away,3.8,,,LOST,
2025-12-14T13:00:00+00:00,Gamma Ethniki - Group 4,Thyella Patras,Panthouriakos,Over/Under Goals,Under 2.5,1.65,,,WON,
2025-12-14T13:00:00+00:00,Gamma Ethniki - Group 5,Kentavros,Aris Petroupolis,1X2 / Match Winner,Away,1.31,,,WON,
2025-12-14T13:00:00+00:00,La Liga,Sevilla,Oviedo,Team Total Goals,Under 2.5,1.18,,,LOST,
2025-12-14T13:00:00+00:00,QSL Cup,Al Shahaniya,Al-Duhail SC,Over/Under Goals,Under 3.5,1.54,,,WON,
2025-12-14T13:00:00+00:00,Regionalliga - Nordost,BSG Chemie Leipzig,Greifswalder FC,Over/Under Goals,Under 3.5,1.28,,,LOST,
2025-12-14T13:00:00+00:00,Regionalliga - Nordost,FSV Zwickau,Eilenburg,Over/Under Goals,Over 1.5,1.2,,,WON,
2025-12-14T13:00:00+00:00,Regionalliga - Nordost,Hallescher FC,Magdeburg II,Over/Under Goals,Under 3.5,1.44,,,LOST,
2025-12-14T13:00:00+00:00,Regionalliga - Nordost,Hertha BSC II,FC Carl Zeiss Jena,Over/Under Goals,Under 3.5,1.5,,,LOST,
2025-12-14T13:00:00+00:00,Super League 2,Anagennisi Karditsas,PAS Giannina,Over/Under Goals,Under 2.5,1.67,,,WON,
2025-12-14T13:00:00+00:00,Super League 2,Ilioupoli,Panionios,Over/Under Goals,Under 2.5,1.75,,,WON,
2025-12-14T13:00:00+00:00,Super League 2,Iraklis 1908,Makedonikos Neapolis,Over/Under Goals,Under 3.5,1.73,,,WON,
2025-12-14T13:00:00+00:00,Super League 2,Kissamikos,Panargiakos,Over/Under Goals,Under 3.5,1.2,,,WON,
2025-12-14T13:00:00+00:00,Super League,BSC Young Boys,FC Luzern,Over/Under Goals,Over 1.5,1.17,,,WON,
2025-12-14T13:00:00+00:00,TFF 1. Lig,Van BB,Ümraniyespor,Over/Under Goals,Under 3.5,1.44,,,WON,
2025-12-14T13:30:00+00:00,Eredivisie,Ajax,Feyenoord,Over/Under Goals,Over 1.5,1.18,,,WON,
2025-12-14T13:30:00+00:00,Eredivisie,Twente,GO Ahead Eagles,Over/Under Goals,Over 1.5,1.16,,,WON,
2025-12-14T13:30:00+00:00,First Amateur Division,Diegem Sport,Cercle Brugge II,Double Chance,Draw/Away,1.55,,,WON,
2025-12-14T13:30:00+00:00,First Amateur Division,Habay-la-Neuve,Tubize,Over/Under Goals,Over 1.5,1.16,,,WON,
2025-12-14T13:30:00+00:00,Liga I,Petrolul Ploiesti,Universitatea Cluj,Over/Under Goals,Under 3.5,1.17,,,WON,
2025-12-14T13:30:00+00:00,Premier League,Dynamo Kyiv,Veres Rivne,Over/Under Goals,Under 3.5,1.4,,,WON,
2025-12-14T13:30:00+00:00,Premyer Liqa,Qarabag,Araz,Over/Under Goals,Over 1.5,1.2,,,WON,
2025-12-14T13:30:00+00:00,Serie C - Girone A,Cittadella,Novara,Over/Under Goals,Under 3.5,1.17,,,LOST,
2025-12-14T13:30:00+00:00,Serie C - Girone A,Pergolettese,Vicenza Virtus,Over/Under Goals,Under 3.5,1.22,,,WON,
2025-12-14T13:30:00+00:00,Serie C - Girone B,Pontedera,Sambenedettese,Over/Under Goals,Under 3.5,1.2,,,WON,
2025-12-14T13:30:00+00:00,Serie C - Girone B,Ternana,Bra,Over/Under Goals,Under 3.5,1.28,,,WON,
2025-12-14T13:30:00+00:00,Serie C - Girone C,Potenza,Catania,Over/Under Goals,Under 3.5,1.28,,,WON,
2025-12-14T13:30:00+00:00,Serie D - Girone A,Club Milano,Sanremese,Over/Under Goals,Under 2.5,1.57,,,WON,
2025-12-14T13:30:00+00:00,Serie D - Girone A,Gozzano,Biellese,Team Total Goals,Under 2.5,1.17,,,WON,
2025-12-14T13:30:00+00:00,Serie D - Girone A,Lavagnese,Chisola,Over/Under Goals,Under 3.5,1.25,,,WON,
2025-12-14T13:30:00+00:00,Serie D - Girone A,Ligorna,Asti,Over/Under Goals,Under 3.5,1.27,,,LOST,
2025-12-14T13:30:00+00:00,Serie D - Girone A,Saluzzo,Città di Varese,Double Chance,Home/Draw,1.4,,,WON,
2025-12-14T13:30:00+00:00,Serie D - Girone A,Sestri Levante,Celle Varazze,Over/Under Goals,Under 3.5,1.28,,,LOST,
2025-12-14T13:30:00+00:00,Serie D - Girone A,Valenzana,Cairese,Over/Under Goals,Under 3.5,1.22,,,WON,
2025-12-14T13:30:00+00:00,Serie D - Girone B,Breno,Varesina,Double Chance,Home/Draw,1.44,,,WON,
2025-12-14T13:30:00+00:00,Serie D - Girone B,Caldiero Terme,Vogherese,Over/Under Goals,Under 3.5,1.25,,,LOST,
2025-12-14T13:30:00+00:00,Serie D - Girone B,Folgore Caratese,Brusaporto,Over/Under Goals,Under 3.5,1.28,,,WON,
2025-12-14T13:30:00+00:00,Serie D - Girone B,Milan II,Castellanzese,Over/Under Goals,Under 3.5,1.28,,,LOST,
2025-12-14T13:30:00+00:00,Serie D - Girone B,Oltrepò,Villa Valle,Over/Under Goals,Under 3.5,1.28,,,WON,
2025-12-14T13:30:00+00:00,Serie D - Girone B,Real Calepina,Sondrio,Over/Under Goals,Under 3.5,1.24,,,WON,
2025-12-14T13:30:00+00:00,Serie D - Girone B,USD Casatese,Scanzorosciate,Over/Under Goals,Under 3.5,1.29,,,WON,
2025-12-14T13:30:00+00:00,Serie D - Girone B,Virtus Ciserano Bergamo,Pavia,Over/Under Goals,Under 3.5,1.3,,,WON,
2025-12-14T13:30:00+00:00,Serie D - Girone C,Adriese,Clodiense,Over/Under Goals,Under 3.5,1.28,,,WON,
2025-12-14T13:30:00+00:00,Serie D - Girone C,Bassano Virtus,Brian Lignano,Asian Handicap,Home +0.25,1.54,,,WON,
2025-12-14T13:30:00+00:00,Serie D - Girone C,Campodarsego,Calvi Noale,Over/Under Goals,Under 2.5,1.65,,,LOST,
2025-12-14T13:30:00+00:00,Serie D - Girone C,Conegliano,FC Obermais,Double Chance,Draw/Away,1.63,,,WON,
2025-12-14T13:30:00+00:00,Serie D - Girone C,Este,Treviso,Over/Under Goals,Under 2.5,1.7,,,WON,
2025-12-14T13:30:00+00:00,Serie D - Girone C,Mestre,Altavilla,Over/Under Goals,Under 2.5,1.5,,,WON,
2025-12-14T13:30:00+00:00,Serie D - Girone C,Portogruaro,Legnago Salus,Asian Handicap,Home +0.25,1.65,,,LOST,
2025-12-14T13:30:00+00:00,Serie D - Girone C,San Luigi,Cjarlins Muzane,Double Chance,Home/Draw,1.55,,,WON,
2025-12-14T13:30:00+00:00,Serie D - Girone C,Vigasio,Luparense,Over/Under Goals,Under 3.5,1.29,,,LOST,
2025-12-14T13:30:00+00:00,Serie D - Girone D,Correggese,Crema,1X2 / Match Winner,Draw,3.3,,,WON,
2025-12-14T13:30:00+00:00,Serie D - Girone D,Imolese,Sasso Marconi Zola,Double Chance,Draw/Away,1.6,,,WON,
2025-12-14T13:30:00+00:00,Serie D - Girone D,Lentigione,Trevigliese,Over/Under Goals,Under 3.5,1.32,,,LOST,
2025-12-14T13:30:00+00:00,Serie D - Girone D,Piacenza,Coriano,Asian Handicap,Home +0,1.69,,,WON,
2025-12-14T13:30:00+00:00,Serie D - Girone D,Pistoiese,Desenzano Calvina,Over/Under Goals,Under 3.5,1.28,,,WON,
2025-12-14T13:30:00+00:00,Serie D - Girone D,Pro Palazzolo,Cittadella Vis Modena,Over/Under Goals,Under 3.5,1.24,,,WON,
2025-12-14T13:30:00+00:00,Serie D - Girone D,Progresso,Sant'Angelo,Double Chance,Draw/Away,1.44,,,LOST,
2025-12-14T13:30:00+00:00,Serie D - Girone D,Tuttocuoio,Pro Sesto,1X2 / Match Winner,Away,1.7,,,WON,
2025-12-14T13:30:00+00:00,Serie D - Girone E,Foligno Calcio,Seravezza,Double Chance,Draw/Away,1.44,,,WON,
2025-12-14T13:30:00+00:00,Serie D - Girone E,Gavorrano,Scandicci,Double Chance,Draw/Away,1.5,,,LOST,
2025-12-14T13:30:00+00:00,Serie D - Girone E,Ghivizzano Borgo Mozzano,Montevarchi Calcio,Asian Handicap,Home +0.25,1.52,,,LOST,
2025-12-14T13:30:00+00:00,Serie D - Girone E,Prato,Sporting Trestina,Double Chance,Home/Draw,1.17,,,WON,
2025-12-14T13:30:00+00:00,Serie D - Girone E,San Donato Tavarnelle,Grosseto,Over/Under Goals,Under 3.5,1.25,,,WON,
2025-12-14T13:30:00+00:00,Serie D - Girone E,Sansepolcro,Orvietana Calcio,Over/Under Goals,Under 2.5,1.53,,,LOST,
2025-12-14T13:30:00+00:00,Serie D - Girone E,Terranuova Traiana,Tau Altopascio,Over/Under Goals,Under 3.5,1.26,,,WON,
2025-12-14T13:30:00+00:00,Serie D - Girone F,Ancona,L'Aquila,Over/Under Goals,Under 3.5,1.3,,,WON,
2025-12-14T13:30:00+00:00,Serie D - Girone F,Atletico Ascoli,Sammaurese,Over/Under Goals,Under 3.5,1.47,,,LOST,
2025-12-14T13:30:00+00:00,Serie D - Girone F,Castelfidardo Calcio,Fossombrone,Double Chance,Draw/Away,1.4,,,LOST,
2025-12-14T13:30:00+00:00,Serie D - Girone F,Chieti,Vigor Senigallia,Over/Under Goals,Under 3.5,1.25,,,WON,
2025-12-14T13:30:00+00:00,Serie D - Girone F,Real Giulianova,Maceratese,Double Chance,Draw/Away,1.5,,,LOST,
2025-12-14T13:30:00+00:00,Serie D - Girone F,Recanatese,Teramo,Double Chance,Draw/Away,1.17,,,WON,
2025-12-14T13:30:00+00:00,Serie D - Girone F,Termoli Calcio,Ostia Mare,Team Total Goals,Under 2.5,1.15,,,WON,
2025-12-14T13:30:00+00:00,Serie D - Girone F,Unipomezia,Sora,Asian Handicap,Home +0.25,1.55,,,WON,
2025-12-14T13:30:00+00:00,Serie D - Girone G,Albalonga,Trastevere,Double Chance,Draw/Away,1.46,,,WON,
2025-12-14T13:30:00+00:00,Serie D - Girone G,Anzio,Olbia,Over/Under Goals,Under 3.5,1.28,,,WON,
2025-12-14T13:30:00+00:00,Serie D - Girone G,Budoni,Flaminia,Over/Under Goals,Under 3.5,1.28,,,WON,
2025-12-14T13:30:00+00:00,Serie D - Girone G,Montespaccato,Ischia,Over/Under Goals,Over 1.5,1.24,,,WON,
2025-12-14T13:30:00+00:00,Serie D - Girone G,Real Monterotondo,Atletico Lodigiani,Over/Under Goals,Under 3.5,1.25,,,WON,
2025-12-14T13:30:00+00:00,Serie D - Girone G,Sarrabus Ogliastra,Valmontone,Double Chance,Draw/Away,1.42,,,WON,
2025-12-14T13:30:00+00:00,Serie D - Girone G,USD Palmese,Scafatese,Team Total Goals,Over 0.5,1.19,,,WON,
2025-12-14T13:30:00+00:00,Serie D - Girone H,Francavilla,Sarnese,Asian Handicap,Home +0.25,1.57,,,LOST,
2025-12-14T13:30:00+00:00,Serie D - Girone H,Gravina,Afragolese,BTTS,No,1.95,,,WON,
2025-12-14T13:30:00+00:00,Serie D - Girone H,Nola 1925,Paganese,Double Chance,Draw/Away,1.42,,,WON,
2025-12-14T13:30:00+00:00,Serie D - Girone I,Gelbison,Enna,Over/Under Goals,Under 3.5,1.3,,,WON,
2025-12-14T13:30:00+00:00,Serie D - Girone I,Reggina,Milazzo,Over/Under Goals,Under 3.5,1.3,,,WON,
2025-12-14T13:30:00+00:00,Serie D - Girone I,Savoia,AC Palermo,Double Chance,Draw/Away,1.52,,,LOST,
2025-12-14T13:30:00+00:00,Serie D - Girone I,Vibonese,Gela,Over/Under Goals,Under 3.5,1.22,,,WON,
2025-12-14T13:30:00+00:00,Tipp3 Bundesliga,FC BW Linz,Rapid Vienna,Over/Under Goals,Over 1.5,1.33,,,WON,
2025-12-14T13:30:00+00:00,Tipp3 Bundesliga,Red Bull Salzburg,Wolfsberger AC,Over/Under Goals,Over 1.5,1.22,,,WON,
2025-12-14T13:45:00+00:00,Ekstraklasa,Raków Częstochowa,Zaglebie Lubin,Team Total Goals,Over 0.5,1.65,,,WON,
2025-12-14T13:45:00+00:00,NB I,Ferencvarosi TC,Debreceni VSC,Over/Under Goals,Over 1.5,1.16,,,LOST,
2025-12-14T14:00:00+00:00,1. Division,Olympiakos,AEL,Team Total Goals,Over 0.5,1.25,,,LOST,
2025-12-14T14:00:00+00:00,Campionato,Cailungo,Tre Penne,Over/Under Goals,Under 2.5,2.38,,,WON,
2025-12-14T14:00:00+00:00,Campionato,Folgore,Juvenes / Dogana,1X2 / Match Winner,Draw,3.5,,,WON,
2025-12-14T14:00:00+00:00,Campionato,La Fiorita,Domagnano,Double Chance,Draw/Away,2.15,,,WON,
2025-12-14T14:00:00+00:00,Campionato,Pennarossa,Cosmos,Asian Handicap,Home +1.25,1.92,,,WON,
2025-12-14T14:00:00+00:00,Cup,Lokomotiv Plovdiv,Montana,Over/Under Goals,Under 3.5,1.22,,,LOST,
2025-12-14T14:00:00+00:00,DBU Pokalen,Aarhus,Odense,Over/Under Goals,Over 1.5,1.18,,,WON,
2025-12-14T14:00:00+00:00,First Amateur Division,Crossing Schaerbeek,Stockay-Warfusée,Over/Under Goals,Over 1.5,1.16,,,WON,
2025-12-14T14:00:00+00:00,First Amateur Division,Knokke,Thes Sport,Over/Under Goals,Under 3.5,1.28,,,WON,
2025-12-14T14:00:00+00:00,First Amateur Division,Oud-Heverlee Leuven II,Houtvenne,Asian Handicap,Home +0,1.57,,,WON,
2025-12-14T14:00:00+00:00,First Amateur Division,Zelzate,Tienen,Over/Under Goals,Under 3.5,1.38,,,WON,
2025-12-14T14:00:00+00:00,Ligue 1,Lyon,Le Havre,Over/Under Goals,Under 3.5,1.3,,,WON,
2025-12-14T14:00:00+00:00,Premier League,Crystal Palace,Manchester City,Over/Under Goals,Over 1.5,1.22,,,WON,
2025-12-14T14:00:00+00:00,Premier League,Nottingham Forest,Tottenham,Over/Under Goals,Under 3.5,1.3,,,WON,
2025-12-14T14:00:00+00:00,Premier League,Sunderland,Newcastle,Over/Under Goals,Over 1.5,1.3,,,LOST,
2025-12-14T14:00:00+00:00,Premier League,West Ham,Aston Villa,Over/Under Goals,Over 1.5,1.28,,,WON,
2025-12-14T14:00:00+00:00,Prva HNL,NK Slaven Belupo,Dinamo Zagreb,Over/Under Goals,Over 1.5,1.25,,,WON,
2025-12-14T14:00:00+00:00,Serie A Women,Lazio W,Parma W,Over/Under Goals,Under 3.5,1.3,,,WON,
2025-12-14T14:00:00+00:00,Serie A,Fiorentina,Verona,Over/Under Goals,Under 3.5,1.22,,,WON,
2025-12-14T14:00:00+00:00,Serie A,Udinese,Napoli,Over/Under Goals,Under 3.5,1.2,,,WON,
2025-12-14T14:00:00+00:00,Serie B,Carrarese,Virtus Entella,Double Chance,Home/Draw,1.42,,,WON,
2025-12-14T14:00:00+00:00,Serie D - Girone A,Imperia,Derthona,Over/Under Goals,Under 3.5,1.31,,,WON,
2025-12-14T14:00:00+00:00,Serie D - Girone A,Vado,NovaRomentin,Over/Under Goals,Under 3.5,1.26,,,LOST,
2025-12-14T14:00:00+00:00,Serie D - Girone H,Città di Fasano,Real Normanna,Over/Under Goals,Under 3.5,1.22,,,WON,
2025-12-14T14:00:00+00:00,Serie D - Girone H,Heraclea,Martina Franca,Asian Handicap,Home +0.25,1.55,,,LOST,
2025-12-14T14:00:00+00:00,Serie D - Girone H,Nardò,Ferrandina,Asian Handicap,Home +0.25,1.49,,,WON,
2025-12-14T14:00:00+00:00,Serie D - Girone H,Real Acerrana,Barletta,Double Chance,Draw/Away,1.17,,,WON,
2025-12-14T14:00:00+00:00,Serie D - Girone H,Virtus Francavilla,Pompei,Over/Under Goals,Under 3.5,1.26,,,WON,
2025-12-14T14:00:00+00:00,Serie D - Girone I,Messina,Igea Virtus,Over/Under Goals,Under 2.5,1.65,,,WON,
2025-12-14T14:00:00+00:00,Serie D - Girone I,Nissa,Sambiase,Over/Under Goals,Under 3.5,1.19,,,WON,
2025-12-14T14:00:00+00:00,Serie D - Girone I,Ragusa,Acireale,Over/Under Goals,Under 2.5,1.7,,,WON,
2025-12-14T14:00:00+00:00,Serie D - Girone I,Vigor Lamezia,Sancataldese,Over/Under Goals,Under 3.5,1.21,,,WON,
2025-12-14T14:00:00+00:00,Super Lig,Fatih Karagümrük,Kocaelispor,Over/Under Goals,Under 2.5,1.7,,,WON,
2025-12-14T14:15:00+00:00,Premijer Liga,Borac Banja Luka,Rudar Prijedor,Over/Under Goals,Under 3.5,1.49,,,WON,
2025-12-14T14:30:00+00:00,Bundesliga 1,SC Freiburg,Borussia Dortmund,Over/Under Goals,Over 1.5,1.28,,,WON,
2025-12-14T14:30:00+00:00,Czech Liga,Plzen,Dukla Praha,Over/Under Goals,Under 3.5,1.44,,,WON,
2025-12-14T14:30:00+00:00,Czech Liga,Zlin,Sigma Olomouc,Double Chance,Home/Draw,1.5,,,WON,
2025-12-14T14:30:00+00:00,FA WSL,Manchester United W,Tottenham Hotspur W,Over/Under Goals,Under 3.5,1.48,,,LOST,
2025-12-14T14:30:00+00:00,Oberliga - Mittelrhein,Teutonia Weiden,Frechen,1X2 / Match Winner,Away,1.4,,,WON,
2025-12-14T14:30:00+00:00,QSL Cup,Lusail City,UMM Salal,Over/Under Goals,Over 1.5,1.15,,,WON,
2025-12-14T14:30:00+00:00,Super Liga,Komárno,FK Košice,Over/Under Goals,Under 3.5,1.48,,,WON,
2025-12-14T14:45:00+00:00,Segunda División RFEF - Group 1,Lealtad,Bergantiños,Over/Under Goals,Under 2.5,1.67,,,WON,
2025-12-14T14:45:00+00:00,Segunda División RFEF - Group 2,Ebro,Utebo,Double Chance,Draw/Away,1.4,,,LOST,
2025-12-14T15:00:00+00:00,Campeonato de Portugal Prio - Group B,Alpendorada,Salgueiros,Double Chance,Draw/Away,1.67,,,WON,
2025-12-14T15:00:00+00:00,Campeonato de Portugal Prio - Group B,Florgrade,Aparecida,1X2 / Match Winner,Home,1.64,,,WON,
2025-12-14T15:00:00+00:00,Campeonato de Portugal Prio - Group B,Gouveia,Anadia,1X2 / Match Winner,Away,1.64,,,WON,
2025-12-14T15:00:00+00:00,Campeonato de Portugal Prio - Group B,Leça,Rebordosa,Over/Under Goals,Under 2.5,1.6,,,WON,
2025-12-14T15:00:00+00:00,Campeonato de Portugal Prio - Group B,União Lamas,Beira-Mar,Double Chance,Home/Draw,1.4,,,WON,
2025-12-14T15:00:00+00:00,Campeonato de Portugal Prio - Group C,Fátima,Eléctrico,Over/Under Goals,Under 2.5,1.73,,,WON,
2025-12-14T15:00:00+00:00,Campeonato de Portugal Prio - Group D,Lagoa,Portimonense B,Asian Handicap,Home +0,1.53,,,WON,
2025-12-14T15:00:00+00:00,Challenger Pro League,AS Eupen,Club Brugge II,Over/Under Goals,Under 3.5,1.36,,,WON,
2025-12-14T15:00:00+00:00,Challenger Pro League,Lokeren-Temse,KRC Genk II,1X2 / Match Winner,Home,1.68,,,LOST,
2025-12-14T15:00:00+00:00,Erovnuli Liga,Spaeri,Gareji,Over/Under Goals,Under 3.5,1.33,,,WON,
2025-12-14T15:00:00+00:00,Frauen Bundesliga,FC Koln W,Carl Zeiss Jena  W,Over/Under Goals,Under 3.5,1.62,,,WON,
2025-12-14T15:00:00+00:00,Jupiler Pro League,Dender,Club Brugge KV,Team Total Goals,Over 0.5,1.45,,,WON,
2025-12-14T15:00:00+00:00,Liga 3,1º Dezembro,Caldas,Over/Under Goals,Under 3.5,1.16,,,WON,
2025-12-14T15:00:00+00:00,Liga 3,Amarante,AD Marco 09,Asian Handicap,Home +0.5,1.29,,,WON,
2025-12-14T15:00:00+00:00,Liga 3,União Santarém,Amora,Over/Under Goals,Under 3.5,1.18,,,WON,
2025-12-14T15:00:00+00:00,Liga Revelação U23,Torreense U23,Sporting CP U23,Asian Handicap,Home +0,1.45,,,LOST,
2025-12-14T15:00:00+00:00,Premier League,Hamrun Spartans,Marsaxlokk,Over/Under Goals,Under 3.5,1.25,,,LOST,
2025-12-14T15:00:00+00:00,Premiership,Aberdeen,Kilmarnock,Team Total Goals,Over 0.5,1.15,,,WON,
2025-12-14T15:00:00+00:00,Primera División RFEF - Group 1,Racing Ferrol,Unionistas de Salamanca,Over/Under Goals,Under 3.5,1.2,,,WON,
2025-12-14T15:00:00+00:00,Primera División RFEF - Group 2,Teruel,Algeciras,Double Chance,Draw/Away,1.57,,,LOST,
2025-12-14T15:00:00+00:00,Prva Liga,Macva,Zemun,Over/Under Goals,Under 3.5,1.18,,,WON,
2025-12-14T15:00:00+00:00,Serie D - Girone H,Fidelis Andria,Manfredonia,Over/Under Goals,Under 3.5,1.26,,,WON,
2025-12-14T15:00:00+00:00,Tercera División RFEF - Group 16,Berceo,Oyonesa,Team Total Goals,Under 2.5,1.15,,,WON,
2025-12-14T15:00:00+00:00,Tercera División RFEF - Group 3,Torina,Selaya,Over/Under Goals,Under 2.5,1.7,,,WON,
2025-12-14T15:15:00+00:00,La Liga,Celta Vigo,Athletic Club,Over/Under Goals,Under 3.5,1.25,,,WON,
2025-12-14T15:15:00+00:00,Segunda Division,Albacete,Malaga,Over/Under Goals,Over 1.5,1.33,,,WON,
2025-12-14T15:30:00+00:00,3. Liga,SSV Jahn Regensburg,Waldhof Mannheim,Over/Under Goals,Under 3.5,1.53,,,WON,
2025-12-14T15:30:00+00:00,Challenge League,Birzebbuga,Marsa,Over/Under Goals,Over 2.5,1.4,,,LOST,
2025-12-14T15:30:00+00:00,Challenge League,Sirens,Swieqi United,Over/Under Goals,Over 1.5,1.16,,,WON,
2025-12-14T15:30:00+00:00,League Cup,ST Mirren,Celtic,Over/Under Goals,Under 3.5,1.48,,,LOST,
2025-12-14T15:30:00+00:00,Primeira Liga,Famalicao,Estoril,Team Total Goals,Over 0.5,1.48,,,LOST,
2025-12-14T15:30:00+00:00,Segunda División RFEF - Group 5,Quintanar del Rey,SS Reyes,Double Chance,Draw/Away,1.33,,,WON,
2025-12-14T15:30:00+00:00,Super League 1,Panetolikos,AEK Athens FC,Over/Under Goals,Under 3.5,1.28,,,LOST,
2025-12-14T15:30:00+00:00,Super League,FC Basel 1893,Lausanne,Team Total Goals,Under 2.5,1.16,,,WON,
2025-12-14T15:30:00+00:00,Super League,FC Lugano,Servette FC,Team Total Goals,Over 0.5,1.18,,,WON,
2025-12-14T15:45:00+00:00,Eredivisie,NAC Breda,Utrecht,Asian Handicap,Home +0.5,1.62,,,WON,
2025-12-14T15:45:00+00:00,Liga I,Dinamo Bucuresti,Metaloglobus,Over/Under Goals,Over 1.5,1.18,,,WON,
2025-12-14T16:00:00+00:00,Liga Alef,Hapoel Migdal HaEmek,Hapoel Umm al-Fahm,Over/Under Goals,Under 3.5,1.24,,,LOST,
2025-12-14T16:00:00+00:00,Premier League,Shakhtar Donetsk,Epitsentr Dunayivtsi,Over/Under Goals,Under 3.5,1.57,,,LOST,
2025-12-14T16:00:00+00:00,Segunda División RFEF - Group 1,Marino de Luanco,Coruxo,Over/Under Goals,Under 2.5,1.53,,,LOST,
2025-12-14T16:00:00+00:00,Segunda División RFEF - Group 1,Real Ávila,Burgos Promesas,Over/Under Goals,Under 3.5,1.2,,,WON,
2025-12-14T16:00:00+00:00,Segunda División RFEF - Group 1,Salamanca UDS,Real Oviedo II,1X2 / Match Winner,Draw,3.3,,,WON,
2025-12-14T16:00:00+00:00,Segunda División RFEF - Group 1,Sarriana,Atlético Astorga,1X2 / Match Winner,Draw,3.15,,,WON,
2025-12-14T16:00:00+00:00,Segunda División RFEF - Group 2,Real Unión,Real Zaragoza II,Over/Under Goals,Under 2.5,1.9,,,LOST,
2025-12-14T16:00:00+00:00,Segunda División RFEF - Group 2,Tudelano,Basconia,Over/Under Goals,Under 3.5,1.25,,,WON,
2025-12-14T16:00:00+00:00,Segunda División RFEF - Group 2,UD Logroñés,Ejea,Over/Under Goals,Under 2.5,1.62,,,LOST,
2025-12-14T16:00:00+00:00,Segunda División RFEF - Group 3,Girona II,Castellón II,Over/Under Goals,Under 3.5,1.53,,,LOST,
2025-12-14T16:00:00+00:00,Segunda División RFEF - Group 3,Olot,Reddis,Over/Under Goals,Under 2.5,1.4,,,WON,
2025-12-14T16:00:00+00:00,Segunda División RFEF - Group 4,Lorca Deportiva,Águilas,Over/Under Goals,Under 3.5,1.15,,,WON,
2025-12-14T16:00:00+00:00,Segunda División RFEF - Group 4,Real Jaén,Ucam Murcia,Over/Under Goals,Under 3.5,1.17,,,WON,
2025-12-14T16:00:00+00:00,Segunda División RFEF - Group 5,Elche II,CD Coria,1X2 / Match Winner,Draw,3.1,,,WON,
2025-12-14T16:00:00+00:00,Serie D - Girone B,Chievo,Leon Monza e Brianza,Over/Under Goals,Under 3.5,1.26,,,WON,
2025-12-14T16:00:00+00:00,Super League 1,Atromitos,PAOK,1X2 / Match Winner,Away,1.47,,,LOST,
2025-12-14T16:00:00+00:00,Super Liga,Novi Pazar,Radnicki NIS,Asian Handicap,Home +0,1.5,,,WON,
2025-12-14T16:00:00+00:00,TFF 1. Lig,Pendikspor,76 Iğdır Belediyespor,Team Total Goals,Under 2.5,1.22,,,WON,
2025-12-14T16:00:00+00:00,Tercera División RFEF - Group 14,Moralo,Gévora,Double Chance,Home/Draw,1.17,,,WON,
2025-12-14T16:00:00+00:00,Tercera División RFEF - Group 15,Subiza,Huarte,Double Chance,Home/Draw,1.17,,,WON,
2025-12-14T16:00:00+00:00,Tipp3 Bundesliga,Austria Vienna,Sturm Graz,Double Chance,Home/Draw,1.42,,,WON,
2025-12-14T16:15:00+00:00,Ligue 1,Auxerre,Lille,Over/Under Goals,Under 3.5,1.33,,,LOST,
2025-12-14T16:15:00+00:00,Ligue 1,Lens,Nice,Over/Under Goals,Over 1.5,1.17,,,WON,
2025-12-14T16:15:00+00:00,Ligue 1,Strasbourg,Lorient,Over/Under Goals,Under 3.5,1.36,,,WON,
2025-12-14T16:15:00+00:00,Serie B,Pescara,Frosinone,Team Total Goals,Over 0.5,1.17,,,WON,
2025-12-14T16:30:00+00:00,Ekstraklasa,Motor Lublin,Jagiellonia,BTTS,Yes,1.53,,,WON,
2025-12-14T16:30:00+00:00,Ligue 1,Gorée,Pikine,Double Chance,Home/Draw,1.17,,,WON,
2025-12-14T16:30:00+00:00,Ligue 1,Guédiawaye,Jaraaf,Over/Under Goals,Under 2.5,1.17,,,LOST,
2025-12-14T16:30:00+00:00,Ligue 1,HLM,Wally Daan,Double Chance,Home/Draw,1.53,,,WON,
2025-12-14T16:30:00+00:00,Ligue 1,Ouakam,AJEL,Double Chance,Draw/Away,1.53,,,WON,
2025-12-14T16:30:00+00:00,Premier League,Brentford,Leeds,Over/Under Goals,Over 1.5,1.3,,,WON,
2025-12-14T16:30:00+00:00,Premijer Liga,Zrinjski,FK Sarajevo,Over/Under Goals,Under 3.5,1.16,,,WON,
2025-12-14T16:30:00+00:00,QSL Cup,Al Shamal,Al Ahli Doha,Asian Handicap,Home +0.5,1.41,,,LOST,
2025-12-14T16:30:00+00:00,Segunda División RFEF - Group 2,Sestao River,Gernika,Over/Under Goals,Under 2.5,1.57,,,LOST,
2025-12-14T16:30:00+00:00,Serie C - Girone A,Ospitaletto,PRO Vercelli,Over/Under Goals,Under 3.5,1.17,,,WON,
2025-12-14T16:30:00+00:00,Serie C - Girone A,Triestina,Albinoleffe,Over/Under Goals,Under 3.5,1.22,,,LOST,
2025-12-14T16:30:00+00:00,Serie C - Girone B,Guidonia Montecelio 1937,Ascoli,Over/Under Goals,Under 3.5,1.2,,,WON,
2025-12-14T16:30:00+00:00,Serie C - Girone C,Benevento,Giugliano,Over/Under Goals,Over 1.5,1.2,,,WON,
2025-12-14T16:30:00+00:00,Serie C - Girone C,Casertana,Latina,Over/Under Goals,Under 3.5,1.17,,,LOST,
2025-12-14T17:00:00+00:00,1. Division,Apollon Limassol,Aris,Over/Under Goals,Under 3.5,1.33,,,WON,
2025-12-14T17:00:00+00:00,1. Division,Enosis,Pafos,1X2 / Match Winner,Away,1.17,,,WON,
2025-12-14T17:00:00+00:00,DBU Pokalen,FC Nordsjaelland,FC Midtjylland,Over/Under Goals,Over 1.5,1.17,,,WON,
2025-12-14T17:00:00+00:00,Liga Nacional,Aurora,Antigua GFC,Over/Under Goals,Under 3.5,1.25,,,WON,
2025-12-14T17:00:00+00:00,Serie A,Genoa,Inter,Team Total Goals,Over 0.5,1.16,,,WON,
2025-12-14T17:00:00+00:00,Super Lig,Samsunspor,Başakşehir,Over/Under Goals,Over 1.5,1.28,,,WON,
2025-12-14T17:00:00+00:00,Super Lig,Trabzonspor,Beşiktaş,BTTS,Yes,1.48,,,WON,
2025-12-14T17:00:00+00:00,Super Liga,Slovan Bratislava,Žilina,Over/Under Goals,Over 1.5,1.15,,,WON,
2025-12-14T17:15:00+00:00,Premier League,Valletta FC,Sliema Wanderers,Over/Under Goals,Under 3.5,1.22,,,WON,
2025-12-14T17:15:00+00:00,Primera División RFEF - Group 1,Pontevedra,Arenas Getxo,Double Chance,Home/Draw,1.18,,,WON,
2025-12-14T17:15:00+00:00,Primera División RFEF - Group 2,Gimnastic,FC Cartagena,Over/Under Goals,Under 3.5,1.2,,,WON,
2025-12-14T17:15:00+00:00,Primera División RFEF - Group 2,Sanluqueño,Hércules,Over/Under Goals,Under 3.5,1.15,,,WON,
2025-12-14T17:30:00+00:00,Czech Liga,Sparta Praha,Slovan Liberec,Team Total Goals,Over 0.5,1.65,,,WON,
2025-12-14T17:30:00+00:00,Frauen Bundesliga,RB Leipzig W,1899 Hoffenheim W,Over/Under Goals,Over 2.5,1.5,,,WON,
2025-12-14T17:30:00+00:00,Jupiler Pro League,Charleroi,Union St. Gilloise,Over/Under Goals,Under 3.5,1.3,,,WON,
2025-12-14T17:30:00+00:00,Liga 3,CF Os Belenenses,Academica,Over/Under Goals,Under 3.5,1.21,,,WON,
2025-12-14T17:30:00+00:00,Segunda Division,Almeria,Burgos,Over/Under Goals,Under 3.5,1.22,,,WON,
2025-12-14T17:45:00+00:00,NB I,Kisvarda FC,Zalaegerszegi TE,Over/Under Goals,Under 3.5,1.38,,,LOST,
2025-12-14T18:00:00+00:00,1a Divisió,Atlètic Club d'Escaldes,Penya Encarnada,Over/Under Goals,Over 1.5,1.16,,,WON,
2025-12-14T18:00:00+00:00,Coupe Nationale,USM Alger,MO Constantine,Over/Under Goals,Under 3.5,1.36,,,WON,
2025-12-14T18:00:00+00:00,Primeira Liga,Moreirense,Benfica,Over/Under Goals,Over 1.5,1.28,,,WON,
2025-12-14T18:00:00+00:00,Segunda Liga,Pacos Ferreira,Lusitânia Lourosa,Double Chance,Home/Draw,1.57,,,LOST,
2025-12-14T18:00:00+00:00,Super League 1,Aris Thessalonikis,Olympiakos Piraeus,Over/Under Goals,Over 1.5,1.36,,,LOST,
2025-12-14T18:15:00+00:00,Jupiler Pro League,Genk,KVC Westerlo,1X2 / Match Winner,Draw,4.31,,,WON,
2025-12-14T18:15:00+00:00,Ligat Ha'al,Maccabi Bnei Raina,Maccabi Haifa,Over/Under Goals,Under 3.5,1.48,,,LOST,
2025-12-14T18:30:00+00:00,3. Liga,FC Schweinfurt 05,Havelse,Over/Under Goals,Over 1.5,1.17,,,WON,
2025-12-14T18:30:00+00:00,Bundesliga 1,Werder Bremen,VfB Stuttgart,Over/Under Goals,Over 1.5,1.18,,,WON,
2025-12-14T18:30:00+00:00,Liga I,AFC Hermannstadt,Universitatea Craiova,Double Chance,Draw/Away,1.17,,,WON,
2025-12-14T19:00:00+00:00,Primera División,Independiente Petrolero,Always Ready,Team Total Goals,Over 1.5,1.5,,,WON,
2025-12-14T19:00:00+00:00,Primera División,Oriente Petrolero,Bolívar,Double Chance,Draw/Away,1.62,,,WON,
2025-12-14T19:00:00+00:00,Primera División,The Strongest,Jorge Wilstermann,BTTS,Yes,1.6,,,LOST,
2025-12-14T19:00:00+00:00,Super League 1,Panathinaikos,Volos NFC,Over/Under Goals,Under 3.5,1.4,,,WON,
2025-12-14T19:15:00+00:00,Ekstraklasa,Legia Warszawa,Piast Gliwice,Over/Under Goals,Under 3.5,1.28,,,WON,
2025-12-14T19:30:00+00:00,Primera División RFEF - Group 2,Atlético Madrid II,Sevilla Atletico,Over/Under Goals,Under 3.5,1.2,,,WON,
2025-12-14T19:30:00+00:00,Serie C - Girone A,Arzignano Valchiampo,Pro Patria,Over/Under Goals,Under 3.5,1.2,,,WON,
2025-12-14T19:30:00+00:00,Serie C - Girone C,Team Altamura,Audace Cerignola,Over/Under Goals,Under 3.5,1.3,,,WON,
2025-12-14T19:45:00+00:00,Ligue 1,Marseille,Monaco,Over/Under Goals,Under 3.5,1.65,,,WON,
2025-12-14T19:45:00+00:00,Serie A,Bologna,Juventus,Over/Under Goals,Over 1.5,1.4,,,LOST,
2025-12-14T20:00:00+00:00,La Liga,Alaves,Real Madrid,Team Total Goals,Over 0.5,1.53,,,WON,
2025-12-14T20:00:00+00:00,Liga 3,Fafe,Trofense,Over/Under Goals,Under 3.5,1.16,,,WON,
2025-12-14T20:00:00+00:00,Premier League,Portmore United,Mount Pleasant Academy,Over/Under Goals,Under 3.5,1.16,,,WON,
2025-12-14T20:00:00+00:00,Primera B Metropolitana,Acassuso,Deportivo Armenio,BTTS,No,1.5,,,WON,
2025-12-14T20:00:00+00:00,Segunda Division,AD Ceuta FC,Las Palmas,Over/Under Goals,Under 3.5,1.17,,,WON,
2025-12-14T20:30:00+00:00,Primeira Liga,Arouca,Alverca,Over/Under Goals,Under 3.5,1.22,,,WON,
2025-12-14T21:00:00+00:00,Liga Nacional,Achuapa,Municipal,Over/Under Goals,Under 3.5,1.17,,,WON,
2025-12-14T21:30:00+00:00,Liga Pro,Barcelona SC,Orense SC,1X2 / Match Winner,Draw,4.05,,,LOST,
2025-12-14T21:30:00+00:00,Liga Pro,Libertad,LDU de Quito,1X2 / Match Winner,Away,1.57,,,LOST,
2025-12-14T21:30:00+00:00,Liga Pro,Universidad Catolica,Independiente del Valle,1X2 / Match Winner,Draw,3.44,,,LOST,
2025-12-14T21:30:00+00:00,Primera División,Guabirá,Blooming,Team Total Goals,Over 0.5,1.4,,,LOST,
2025-12-14T21:30:00+00:00,Primera División,Nacional Potosí,Real Tomayapo,BTTS,Yes,1.42,,,LOST,
2025-12-14T21:30:00+00:00,Torneo Federal A,Atletico DE Rafaela,San Martin Formosa,Over/Under Goals,Under 3.5,1.2,,,WON,
2025-12-14T22:00:00+00:00,Primera División,Deportivo Saprissa,CS Cartagines,Over/Under Goals,Under 3.5,1.35,,,WON,
2025-12-14T23:00:00+00:00,Primera Division,Cusco,Sporting Cristal,Over/Under Goals,Over 1.5,1.28,,,WON,
2025-12-15T00:00:00+00:00,Division di Honor,River Plate,La Fama,1X2 / Match Winner,Away,1.6,,,WON,
2025-12-15T08:30:00+00:00,Southeast Asian Games,Vietnam U22,Philippines U22,Team Total Goals,Under 2.5,1.41,,,WON,
2025-12-15T09:00:00+00:00,Erovnuli Liga 2,Odishi 1919,Saburtalo II,Double Chance,Home/Draw,1.6,,,WON,
2025-12-15T10:00:00+00:00,Premyer Liqa,Mil-Muğan,Karvan,Over/Under Goals,Under 3.5,1.3,,,WON,
2025-12-15T13:00:00+00:00,Southeast Asian Games,Thailand U22,Malaysia U22,Over/Under Goals,Over 2.5,1.62,,,LOST,
2025-12-15T13:30:00+00:00,Serie D - Girone E,Robur Siena,Camaiore,Over/Under Goals,Under 3.5,1.27,,,WON,
2025-12-15T14:30:00+00:00,Arab Cup,Morocco,United Arab Emirates,Double Chance,Home/Draw,1.17,,,WON,
2025-12-15T15:00:00+00:00,Liga Revelação U23,União Leiria U23,Farense U23,Over/Under Goals,Under 3.5,1.48,,,WON,
2025-12-15T15:00:00+00:00,Premyer Liqa,Neftchi Baku,Sumqayıt,Over/Under Goals,Under 3.5,1.22,,,LOST,
2025-12-15T15:30:00+00:00,Cup,Septemvri Sofia,Ludogorets,Over/Under Goals,Under 3.5,1.37,,,LOST,
2025-12-15T15:30:00+00:00,Liga I,Farul Constanta,Uta Arad,Team Total Goals,Under 2.5,1.2,,,WON,
2025-12-15T17:00:00+00:00,1. Division,AEK Larnaca,Omonia Nicosia,1X2 / Match Winner,Draw,3.4,,,WON,
2025-12-15T17:00:00+00:00,Liga Leumit,Bnei Yehuda,Maccabi Herzliya,Over/Under Goals,Under 3.5,1.33,,,LOST,
2025-12-15T17:00:00+00:00,Liga Leumit,Hapoel Acre,Hapoel Kfar Saba,Over/Under Goals,Under 3.5,1.25,,,WON,
2025-12-15T17:00:00+00:00,Liga Leumit,Hapoel Afula,Kiryat Yam SC,Over/Under Goals,Under 3.5,1.36,,,WON,
2025-12-15T17:00:00+00:00,Super Lig,Fenerbahçe,Konyaspor,Over/Under Goals,Over 1.5,1.17,,,WON,
2025-12-15T17:00:00+00:00,TFF 1. Lig,Sakaryaspor,Hatayspor,Over/Under Goals,Over 1.5,1.15,,,WON,
2025-12-15T17:30:00+00:00,Arab Cup,Saudi Arabia,Jordan,Over/Under Goals,Under 3.5,1.18,,,WON,
2025-12-15T17:30:00+00:00,Primeira Liga,Nacional,Tondela,Asian Handicap,Home +0.25,1.45,,,WON,
2025-12-15T18:00:00+00:00,Ligat Ha'al,Maccabi Tel Aviv,Hapoel Petah Tikva,Over/Under Goals,Under 3.5,1.62,,,LOST,
2025-12-15T18:30:00+00:00,Liga I,Unirea Slobozia,FCSB,Over/Under Goals,Under 3.5,1.28,,,WON,
2025-12-15T18:30:00+00:00,Ligat Ha'al,Beitar Jerusalem,Bnei Sakhnin,Over/Under Goals,Under 3.5,1.5,,,WON,
2025-12-15T18:45:00+00:00,Primeira Liga,SC Braga,Santa Clara,Asian Handicap,Away -1.25,1.68,,,WON,
2025-12-15T19:00:00+00:00,Premier League Cup,Bromley U21,Colchester United U21,Asian Handicap,Home +0,1.44,,,LOST,
2025-12-15T19:00:00+00:00,Premier League Cup,Sheffield United U21,Stoke City U21,Asian Handicap,Home +0,1.45,,,WON,
2025-12-15T19:00:00+00:00,Primera División,San Antonio Bulo Bulo,Real Oruro,Over/Under Goals,Over 2.5,1.25,,,WON,
2025-12-15T19:30:00+00:00,Segunda Division,Castellón,Mirandes,Over/Under Goals,Under 3.5,1.42,,,LOST,
2025-12-15T19:30:00+00:00,Serie C - Girone B,Arezzo,Pineto,Over/Under Goals,Under 3.5,1.28,,,LOST,
2025-12-15T19:30:00+00:00,Serie C - Girone B,Vis Pesaro,Ravenna,Over/Under Goals,Under 3.5,1.22,,,WON,
2025-12-15T19:30:00+00:00,Serie C - Girone C,Crotone,Casarano,Over/Under Goals,Under 3.5,1.36,,,WON,
2025-12-15T19:30:00+00:00,Serie C - Girone C,Foggia,SS Monopoli,Over/Under Goals,Under 3.5,1.17,,,WON,
2025-12-15T19:45:00+00:00,Ligue 2,Boulogne,Estac Troyes,Over/Under Goals,Over 1.5,1.4,,,WON,
2025-12-15T19:45:00+00:00,Non League Premier - Southern Central,Barwell,Banbury United,Over/Under Goals,Under 2.5,1.9,,,WON,
2025-12-15T19:45:00+00:00,Non League Premier - Southern Central,Redditch United,Stamford,Asian Handicap,Away -1.25,1.45,,,LOST,
2025-12-15T19:45:00+00:00,Premiership,Rangers,Hibernian,Over/Under Goals,Under 3.5,1.36,,,WON,
2025-12-15T19:45:00+00:00,Serie A,AS Roma,Como,Over/Under Goals,Under 3.5,1.22,,,WON,
2025-12-15T20:00:00+00:00,Championship,Sheffield Wednesday,Derby,Team Total Goals,Over 0.5,1.28,,,WON,
2025-12-15T20:00:00+00:00,La Liga,Rayo Vallecano,Real Betis,Over/Under Goals,Under 3.5,1.33,,,WON,
2025-12-15T20:00:00+00:00,Premier League,Manchester United,Bournemouth,Asian Handicap,Home +0,1.4,,,WON,
2025-12-15T20:45:00+00:00,Primeira Liga,FC Porto,Estrela,Over/Under Goals,Over 1.5,1.2,,,WON,
2025-12-15T22:00:00+00:00,Premier League,Spanish Town Police,Waterhouse,Over/Under Goals,Under 3.5,1.5,,,WON,
2025-12-15T23:00:00+00:00,Primera División,Aurora,ABB,Team Total Goals,Over 1.5,1.2,,,WON,
2025-12-16T00:00:00+00:00,Liga Pro,Emelec,El Nacional,Over/Under Goals,Under 3.5,1.5,,,LOST,
2025-12-16T00:30:00+00:00,Premier League,Arnett Gardens,Montego Bay United,Double Chance,Draw/Away,1.45,,,WON,
2025-12-16T10:00:00+00:00,2. Lig,Kastamonuspor 1966,Şanlıurfaspor,Over/Under Goals,Under 3.5,1.23,,,LOST,
2025-12-16T10:00:00+00:00,2. Lig,Muş Menderesspor,Fethiyespor,Over/Under Goals,Over 1.5,1.17,,,WON,
2025-12-16T11:00:00+00:00,2. Lig,Aliağa FAŞ,68 Aksaray Belediyespor,Over/Under Goals,Over 1.5,1.28,,,WON,
2025-12-16T11:00:00+00:00,2. Lig,Ankaraspor,Karacabey Belediyespor,1X2 / Match Winner,Home,1.53,,,LOST,
2025-12-16T11:00:00+00:00,2. Lig,Muğlaspor,Karaman Belediyespor,Over/Under Goals,Under 3.5,1.41,,,WON,
2025-12-16T11:00:00+00:00,Campionato Primavera - 1,Lazio U20,Torino U20,Asian Handicap,Home +0.25,1.44,,,WON,
2025-12-16T11:00:00+00:00,FKF Premier League,Posta Rangers FC,Bandari,Asian Handicap,Home +0,1.63,,,WON,
2025-12-16T11:00:00+00:00,Liga Revelação U23,Leixões U23,Sporting Braga U23,Over/Under Goals,Over 1.5,1.19,,,LOST,
2025-12-16T12:00:00+00:00,2. Lig,İnegölspor,Ankaragücü,Double Chance,Home/Draw,1.4,,,LOST,
2025-12-16T12:00:00+00:00,Thai League 1,Rayong FC,Ratchaburi,1X2 / Match Winner,Draw,3.7,,,LOST,
2025-12-16T14:00:00+00:00,Friendlies,South Africa,Ghana B,Over/Under Goals,Under 3.5,1.3,,,WON,
2025-12-16T15:00:00+00:00,Friendlies,Congo DR,Zambia,Over/Under Goals,Under 3.5,1.15,,,WON,
2025-12-16T15:00:00+00:00,Liga Revelação U23,Academico Viseu U23,Famalicão U23,Over/Under Goals,Under 3.5,1.28,,,WON,
2025-12-16T15:00:00+00:00,Liga Revelação U23,Gil Vicente U23,Rio Ave U23,1X2 / Match Winner,Draw,3.5,,,WON,
2025-12-16T15:00:00+00:00,Liga Revelação U23,Marítimo U23,Vizela U23,Over/Under Goals,Under 3.5,1.28,,,WON,
2025-12-16T16:00:00+00:00,Premier League,Ksar,Nouadhibou,Over/Under Goals,Under 3.5,1.25,,,WON,
2025-12-16T16:00:00+00:00,Premier League,Nouakchott King's,SNIM,Over/Under Goals,Under 2.5,1.44,,,LOST,
2025-12-16T17:00:00+00:00,Segunda Liga,Maritimo,Benfica B,Over/Under Goals,Under 3.5,1.36,,,WON,
2025-12-16T17:45:00+00:00,KNVB Beker,Heracles,Hoogeveen,Over/Under Goals,Over 2.5,1.33,,,WON,
2025-12-16T18:00:00+00:00,Copa del Rey,Deportivo La Coruna,Mallorca,Over/Under Goals,Under 3.5,1.2,,,WON,
2025-12-16T18:00:00+00:00,Copa del Rey,Eibar,Elche,Over/Under Goals,Over 1.5,1.42,,,LOST,
2025-12-16T18:00:00+00:00,Friendlies,Egypt,Nigeria,Over/Under Goals,Under 3.5,1.22,,,WON,
2025-12-16T19:00:00+00:00,Challenger Pro League,Beerschot VA,KAA Gent II,Over/Under Goals,Under 3.5,1.35,,,WON,
2025-12-16T19:00:00+00:00,Challenger Pro League,K. Lierse S.K.,Kortrijk,Over/Under Goals,Under 3.5,1.32,,,WON,
2025-12-16T19:00:00+00:00,Challenger Pro League,Olympic Charleroi,Lommel United,Team Total Goals,Over 0.5,1.4,,,WON,
2025-12-16T19:00:00+00:00,Copa de la División Profesional,Blooming,Bolívar,Double Chance,Draw/Away,1.4,,,WON,
2025-12-16T19:00:00+00:00,KNVB Beker,AFC Amsterdam,NEC Nijmegen,1X2 / Match Winner,Away,1.4,,,WON,
2025-12-16T19:00:00+00:00,KNVB Beker,Den Bosch,Katwijk,BTTS,Yes,1.55,,,WON,
2025-12-16T19:00:00+00:00,KNVB Beker,Hoek,Telstar,Over/Under Goals,Over 1.5,1.17,,,WON,
2025-12-16T19:00:00+00:00,Premier League Cup,Bristol City U21,Derby County U21,BTTS,Yes,1.4,,,WON,
2025-12-16T19:00:00+00:00,Premier League Cup,Charlton Athletic U21,Leicester City U21,Double Chance,Home/Draw,1.44,,,LOST,
2025-12-16T19:00:00+00:00,Premier League Cup,Millwall U21,Nottingham Forest U21,Double Chance,Draw/Away,1.18,,,WON,
2025-12-16T19:30:00+00:00,FAW Championship,Afan Lido,Ynyshir Albions,Asian Handicap,Home +0.25,1.41,,,LOST,
2025-12-16T19:30:00+00:00,Super League,FC ST. Gallen,FC Sion,Double Chance,Draw/Away,1.62,,,LOST,
2025-12-16T19:30:00+00:00,Super League,FC Winterthur,FC Thun,Over/Under Goals,Over 1.5,1.22,,,WON,
2025-12-16T19:45:00+00:00,Challenge Cup,Cove Rangers,Partick,Over/Under Goals,Under 3.5,1.44,,,WON,
2025-12-16T19:45:00+00:00,Challenge Cup,Elgin City,East Fife,Double Chance,Home/Draw,1.7,,,LOST,
2025-12-16T19:45:00+00:00,Challenge Cup,Hearts U21,ST Johnstone,1X2 / Match Winner,Away,1.17,,,WON,
2025-12-16T19:45:00+00:00,Challenge Cup,Queen of the South,Dunfermline,Team Total Goals,Over 0.5,1.18,,,WON,
2025-12-16T19:45:00+00:00,Challenge Cup,Queen's Park,Clyde,Asian Handicap,Home +0.25,1.42,,,WON,
2025-12-16T19:45:00+00:00,National League - North,Alfreton Town,Southport,Double Chance,Home/Draw,1.5,,,WON,
2025-12-16T19:45:00+00:00,National League - North,Bedford Town,Macclesfield,Team Total Goals,Under 2.5,1.19,,,WON,
2025-12-16T19:45:00+00:00,National League - North,Scarborough Athletic,Radcliffe,Over/Under Goals,Over 1.5,1.22,,,WON,
2025-12-16T19:45:00+00:00,National League - North,South Shields,Peterborough Sports,BTTS,Yes,1.8,,,WON,
2025-12-16T19:45:00+00:00,National League - South,Dagenham & Redbridge,Slough Town,Over/Under Goals,Under 3.5,1.36,,,WON,
2025-12-16T19:45:00+00:00,National League - South,Dorking Wanderers,Weston-super-Mare,Team Total Goals,Over 0.5,1.44,,,WON,
2025-12-16T19:45:00+00:00,National League,Truro City,Wealdstone,Over/Under Goals,Under 3.5,1.36,,,WON,
2025-12-16T19:45:00+00:00,Non League Premier - Isthmian,Chatham Town,Potters Bar Town,1X2 / Match Winner,Home,1.25,,,WON,
2025-12-16T19:45:00+00:00,Non League Premier - Isthmian,Chichester City,Cheshunt,Double Chance,Home/Draw,1.4,,,WON,
2025-12-16T19:45:00+00:00,Non League Premier - Isthmian,Folkestone Invicta,Cray Valley PM,Over/Under Goals,Under 3.5,1.61,,,WON,
2025-12-16T19:45:00+00:00,Non League Premier - Southern South,Hanwell Town,Hungerford Town,Over/Under Goals,Over 1.5,1.21,,,WON,
2025-12-16T19:45:00+00:00,Premier League,Cardiff MET,Briton Ferry,Over/Under Goals,Under 3.5,1.41,,,LOST,
2025-12-16T20:00:00+00:00,Copa del Rey,Eldense,Real Sociedad,Over/Under Goals,Over 1.5,1.33,,,WON,
2025-12-16T20:00:00+00:00,Copa del Rey,Sporting Gijon,Valencia,Over/Under Goals,Under 3.5,1.2,,,WON,
2025-12-16T20:00:00+00:00,League Cup,Cardiff,Chelsea,Over/Under Goals,Over 1.5,1.18,,,WON,
2025-12-16T23:00:00+00:00,Copa de la División Profesional,The Strongest,Nacional Potosí,Over/Under Goals,Over 2.5,1.53,,,WON,
2025-12-17T00:30:00+00:00,Primera A,Deportes Tolima,Junior,Over/Under Goals,Under 3.5,1.25,,,WON,
2025-12-17T08:00:00+00:00,Super League,Kibera Black Stars,Migori Youth,Double Chance,Draw/Away,1.57,,,LOST,
2025-12-17T10:00:00+00:00,2. Lig,Erbaaspor,Elazığspor,Over/Under Goals,Over 1.5,1.15,,,WON,
2025-12-17T10:00:00+00:00,3. Lig - Group 2,Kırıkkale Büyük Anadolu,Silifke Belediyespor,Over/Under Goals,Under 2.5,1.5,,,WON,
2025-12-17T10:00:00+00:00,3. Lig - Group 3,Giresunspor,Zonguldak Kömürspor,Over/Under Goals,Under 3.5,1.21,,,WON,
2025-12-17T10:00:00+00:00,3. Lig - Group 3,Pazarspor,Karabük İdman Yurdu,Double Chance,Home/Draw,1.18,,,WON,
2025-12-17T10:00:00+00:00,Super League,Mombasa Elite,Mwatate United,Asian Handicap,Away -1.25,1.5,,,LOST,
2025-12-17T11:00:00+00:00,2. Lig,Erzin Spor,Adana 1954 FK,Over/Under Goals,Under 3.5,1.23,,,LOST,
2025-12-17T11:00:00+00:00,2. Lig,İçel İdmanyurdu Spor,Isparta 32 Spor,Asian Handicap,Home +1.25,1.47,,,LOST,
2025-12-17T12:00:00+00:00,2. Lig,Buca FK,Altınordu,Over/Under Goals,Under 3.5,1.27,,,WON,
2025-12-17T12:00:00+00:00,2. Lig,Tuzlaspor,Batman Petrolspor,Asian Handicap,Home +1.25,1.53,,,WON,
2025-12-17T12:00:00+00:00,3. Lig - Group 1,Nilüfer Belediye,Silivrispor,Double Chance,Home/Draw,1.6,,,WON,
2025-12-17T12:00:00+00:00,3. Lig - Group 4,Efeler 09 Spor,Karşıyaka,Over/Under Goals,Under 2.5,1.65,,,WON,
2025-12-17T12:00:00+00:00,3. Lig - Group 4,Viven Bornova,Kütahyaspor,Over/Under Goals,Under 3.5,1.48,,,WON,
2025-12-17T12:00:00+00:00,ASEAN Club Championship,Bangkok United,Nam Dinh,Double Chance,Draw/Away,1.67,,,WON,
2025-12-17T12:00:00+00:00,Cup,Fatih Karagümrük,İstanbulspor,Over/Under Goals,Over 1.5,1.28,,,LOST,
2025-12-17T12:00:00+00:00,Persian Gulf Pro League,ZOB Ahan,Shams Azar Qazvin,BTTS,No,1.51,,,WON,
2025-12-17T12:00:00+00:00,Super League,Equity Bank,Darajani Gogo,Over/Under Goals,Under 2.5,1.44,,,WON,
2025-12-17T12:00:00+00:00,Super League,Fortune Sacco,Talanta,BTTS,No,1.53,,,LOST,
2025-12-17T12:00:00+00:00,Super League,Luanda Villa,Nzoia Sugar,BTTS,No,1.62,,,WON,
2025-12-17T12:30:00+00:00,1st Division,Iliria Fushë-Krujë,Skenderbeu Korce,Team Total Goals,Over 0.5,1.16,,,WON,
2025-12-17T12:30:00+00:00,Second League,Masar,Dayrout,Over/Under Goals,Under 2.5,1.33,,,LOST,
2025-12-17T13:00:00+00:00,Liga Revelação U23,Santa Clara U23,Benfica U23,Over/Under Goals,Under 3.5,1.33,,,WON,
2025-12-17T13:00:00+00:00,Super League 2,Egaleo,Olympiakos Piraeus II,Over/Under Goals,Under 3.5,1.15,,,WON,
2025-12-17T13:00:00+00:00,Super League,Kuala Lumpur FA,Johor Darul Takzim FC,Over/Under Goals,Under 3.5,1.9,,,LOST,
2025-12-17T13:00:00+00:00,Super League,ZESCO United,Nchanga Rangers,1X2 / Match Winner,Home,1.7,,,LOST,
2025-12-17T14:00:00+00:00,3. Lig - Group 4,Eskişehirspor,Balıkesirspor,Over/Under Goals,Under 2.5,1.67,,,LOST,
2025-12-17T14:00:00+00:00,Cup,Kavala,Panathinaikos,Over/Under Goals,Under 3.5,3.5,,,WON,
2025-12-17T14:00:00+00:00,Taça de Portugal,Vila Meã,União de Leiria,Asian Handicap,Home +1.25,1.52,,,WON,
2025-12-17T15:00:00+00:00,Cup,Rizespor,Gazişehir Gaziantep,Over/Under Goals,Over 1.5,1.2,,,WON,
2025-12-17T15:00:00+00:00,Júniores U19,Porto U19,Sporting Braga U19,Team Total Goals,Over 0.5,1.56,,,WON,
2025-12-17T15:00:00+00:00,Júniores U19,Tondela U19,Sporting CP U19,Over/Under Goals,Under 3.5,1.27,,,WON,
2025-12-17T15:00:00+00:00,Premijer Liga,Zeljeznicar Sarajevo,Sloga Doboj,Over/Under Goals,Under 3.5,1.16,,,WON,
2025-12-17T15:30:00+00:00,Super Liga,Radnicki 1923,Cukaricki,Team Total Goals,Under 2.5,1.22,,,LOST,
2025-12-17T16:00:00+00:00,Cup,Olympiakos Piraeus,Iraklis 1908,Over/Under Goals,Under 3.5,1.91,,,LOST,
2025-12-17T17:00:00+00:00,Campionato Primavera - 1,Sassuolo U20,Bologna U20,Asian Handicap,Home +0.25,1.55,,,LOST,
2025-12-17T17:00:00+00:00,Copa del Rey,Cultural Leonesa,Levante,Over/Under Goals,Under 3.5,1.25,,,WON,
2025-12-17T17:30:00+00:00,Cup,Trabzonspor,Alanyaspor,Over/Under Goals,Under 3.5,1.27,,,WON,
2025-12-17T17:45:00+00:00,KNVB Beker,Excelsior Maassluis,Ajax,Result + Total Goals,Away/Over 1.5,1.17,,,WON,
2025-12-17T18:00:00+00:00,Copa del Rey,Atlético Baleares,Atletico Madrid,Over/Under Goals,Under 3.5,1.62,,,LOST,
2025-12-17T18:00:00+00:00,Copa del Rey,Racing Santander,Villarreal,Over/Under Goals,Over 1.5,1.22,,,WON,
2025-12-17T18:30:00+00:00,Taça de Portugal,Casa Pia,Torreense,Asian Handicap,Away -1.25,1.4,,,WON,
2025-12-17T18:45:00+00:00,Tercera División RFEF - Group 12,Telde,Atlético Paso,Over/Under Goals,Under 3.5,1.46,,,WON,
2025-12-17T19:00:00+00:00,Challenge League,Zebbug Rangers,Zurrieq,Double Chance,Home/Draw,1.55,,,LOST,
2025-12-17T19:00:00+00:00,Challenger Pro League,Club Brugge II,RWDM,Over/Under Goals,Under 3.5,1.42,,,WON,
2025-12-17T19:00:00+00:00,Challenger Pro League,KRC Genk II,SK Beveren,Over/Under Goals,Under 3.5,1.5,,,WON,
2025-12-17T19:00:00+00:00,Challenger Pro League,RSC Anderlecht II,Francs Borains,Over/Under Goals,Under 3.5,1.48,,,WON,
2025-12-17T19:00:00+00:00,KNVB Beker,FC OSS,Utrecht,1X2 / Match Winner,Away,1.46,,,WON,
2025-12-17T19:00:00+00:00,KNVB Beker,Fortuna Sittard,Almere City FC,Team Total Goals,Under 2.5,1.42,,,WON,
2025-12-17T19:00:00+00:00,Women's Championship,Bristol City W,Crystal Palace W,Asian Handicap,Home +0.25,1.4,,,LOST,
2025-12-17T19:15:00+00:00,Tercera División RFEF - Group 6,Buñol,RC Catarroja,Over/Under Goals,Over 1.5,1.43,,,WON,
2025-12-17T19:30:00+00:00,League Cup,Manchester City,Brentford,Over/Under Goals,Over 1.5,1.18,,,WON,
2025-12-17T19:30:00+00:00,Super League,BSC Young Boys,Grasshoppers,Over/Under Goals,Under 3.5,1.5,,,LOST,
2025-12-17T19:30:00+00:00,Super League,FC Luzern,FC Basel 1893,Over/Under Goals,Over 1.5,1.18,,,WON,
2025-12-17T19:30:00+00:00,Super League,FC Zurich,FC Lugano,Over/Under Goals,Under 3.5,1.44,,,WON,
2025-12-17T19:45:00+00:00,Non League Premier - Southern Central,Stourbridge,Harborough Town,1X2 / Match Winner,Away,1.47,,,LOST,
2025-12-17T20:00:00+00:00,Copa del Rey,Alaves,Sevilla,Over/Under Goals,Under 3.5,1.18,,,WON,
2025-12-17T20:00:00+00:00,Copa del Rey,CF Talavera,Real Madrid,Over/Under Goals,Under 3.5,1.8,,,LOST,
2025-12-17T20:00:00+00:00,KNVB Beker,Feyenoord,Heerenveen,BTTS,Yes,1.62,,,WON,
2025-12-17T20:00:00+00:00,Premier League,Racing United,Mount Pleasant Academy,Asian Handicap,Home +1.25,1.6,,,WON,
2025-12-17T20:00:00+00:00,Premiership,Dundee Utd,Celtic,Over/Under Goals,Under 3.5,1.55,,,WON,
2025-12-17T20:00:00+00:00,Taça de Portugal,Guimaraes,AVS,Over/Under Goals,Over 1.5,1.28,,,LOST,
2025-12-17T20:00:00+00:00,UEFA Champions League Women,Juventus W,Manchester United W,Double Chance,Home/Draw,1.53,,,LOST,
2025-12-17T20:00:00+00:00,UEFA Champions League Women,Lyon W,Atletico Madrid W,Over/Under Goals,Over 2.5,1.35,,,WON,
2025-12-17T20:00:00+00:00,UEFA Champions League Women,OH Leuven W,Arsenal W,Over/Under Goals,Under 3.5,1.8,,,WON,
2025-12-17T20:00:00+00:00,UEFA Champions League Women,Paris FC W,Barcelona W,Over/Under Goals,Under 3.5,2.45,,,WON,
2025-12-17T20:00:00+00:00,UEFA Champions League Women,Roma W,St. Pölten W,Team Total Goals,Over 0.5,1.77,,,WON,
2025-12-17T20:00:00+00:00,UEFA Champions League Women,SL Benfica,Paris Saint Germain W,Team Total Goals,Over 0.5,1.15,,,WON,
2025-12-17T20:00:00+00:00,UEFA Champions League Women,Twente W,Real Madrid W,1X2 / Match Winner,Away,1.4,,,LOST,
2025-12-17T20:00:00+00:00,UEFA Champions League Women,VfL Wolfsburg W,Chelsea W,1X2 / Match Winner,Away,1.44,,,WON,
2025-12-17T20:15:00+00:00,League Cup,Newcastle,Fulham,Over/Under Goals,Over 1.5,1.25,,,WON,
2025-12-17T20:45:00+00:00,Taça de Portugal,Farense,Benfica,Over/Under Goals,Over 1.5,1.22,,,WON,
2025-12-18T00:30:00+00:00,Copa Colombia,Independiente Medellin,Atletico Nacional,1X2 / Match Winner,Draw,3.8,,,LOST,
2025-12-18T00:30:00+00:00,Copa Do Brasil,Corinthians,Vasco DA Gama,Over/Under Goals,Under 3.5,1.2,,,WON,
2025-12-18T01:30:00+00:00,Liga Nacional,CD Olimpia,CD Motagua,Over/Under Goals,Over 1.5,1.18,,,WON,
2025-12-18T02:00:00+00:00,Liga Nacional,Antigua GFC,Aurora,Over/Under Goals,Under 2.5,1.8,,,LOST,
2025-12-18T02:00:00+00:00,Primera División,Deportivo Saprissa,LD Alajuelense,Over/Under Goals,Under 3.5,1.17,,,LOST,
2025-12-18T08:30:00+00:00,Southeast Asian Games,Philippines U22,Malaysia U22,Over/Under Goals,Under 3.5,1.25,,,WON,
2025-12-18T09:00:00+00:00,Birinci Dasta,Difai Ağsu,Mingəçevir,Double Chance,Draw/Away,1.18,,,WON,
2025-12-18T10:00:00+00:00,2. Lig,Hekimoğlu Trabzon,Kırklarelispor,Over/Under Goals,Under 3.5,1.29,,,WON,
2025-12-18T10:30:00+00:00,Birinci Dasta,Şahdağ,Səbail,Over/Under Goals,Under 3.5,1.36,,,LOST,
2025-12-18T12:00:00+00:00,FKF Premier League,Murang'a SEAL,Police,Over/Under Goals,Under 2.5,1.4,,,WON,
2025-12-18T13:00:00+00:00,FKF Premier League,AFC Leopards,Ulinzi Stars,Double Chance,Home/Draw,1.15,,,WON,
2025-12-18T14:30:00+00:00,Cup,Genclerbirligi,BB Bodrumspor,Asian Handicap,Home +0.25,1.44,,,WON,
2025-12-18T15:00:00+00:00,League Cup,National Bank of Egypt,Future FC,Over/Under Goals,Under 2.5,1.4,,,WON,
2025-12-18T15:00:00+00:00,Liga Alef,Holon Yermiyahu,Tzeirey Tira,Double Chance,Home/Draw,1.18,,,LOST,
2025-12-18T15:30:00+00:00,Premyer Liqa,Sabah FA,Qarabag,Team Total Goals,Over 0.5,1.15,,,WON,
2025-12-18T16:00:00+00:00,Premier League,Pompiers,Tevragh-Zeïne,Over/Under Goals,Under 2.5,1.5,,,WON,
2025-12-18T16:30:00+00:00,Liga Alef,Hapoel Azor,Kfar Saba 1928,Over/Under Goals,Under 3.5,1.18,,,WON,
2025-12-18T17:30:00+00:00,Cup,Galatasaray,Başakşehir,Team Total Goals,Under 2.5,1.41,,,WON,
2025-12-18T17:45:00+00:00,KNVB Beker,Spakenburg,Twente,1X2 / Match Winner,Away,1.28,,,WON,
2025-12-18T18:00:00+00:00,Copa del Rey,Burgos,Getafe,Over/Under Goals,Under 3.5,1.18,,,LOST,
2025-12-18T18:00:00+00:00,Tercera División RFEF - Group 15,Beti Kozkor,Beti Onak,Over/Under Goals,Under 3.5,1.28,,,WON,
2025-12-18T18:30:00+00:00,Liga Alef,Hapoel Marmorek,Maccabi Yavne,Asian Handicap,Home +1.25,1.41,,,LOST,
2025-12-18T19:00:00+00:00,Challenger Pro League,Liège,Lokeren-Temse,Over/Under Goals,Under 3.5,1.33,,,WON,
2025-12-18T19:00:00+00:00,Challenger Pro League,Patro Eisden,AS Eupen,Over/Under Goals,Under 3.5,1.28,,,WON,
2025-12-18T19:00:00+00:00,KNVB Beker,Sportlust '46,De Treffers,Double Chance,Draw/Away,1.23,,,WON,
2025-12-18T19:00:00+00:00,Super Cup,Napoli,AC Milan,Over/Under Goals,Over 1.5,1.42,,,WON,
2025-12-18T19:15:00+00:00,Tercera División RFEF - Group 15,Huarte,Atlético Artajonés,Over/Under Goals,Under 3.5,1.28,,,WON,
2025-12-18T20:00:00+00:00,Copa del Rey,Real Murcia,Real Betis,Over/Under Goals,Under 3.5,1.3,,,WON,
2025-12-18T20:00:00+00:00,KNVB Beker,Willem II,Sparta Rotterdam,Over/Under Goals,Under 3.5,1.5,,,LOST,
2025-12-18T20:00:00+00:00,League One,Reading,Luton,Over/Under Goals,Under 3.5,1.28,,,LOST,
2025-12-18T20:00:00+00:00,UEFA Europa Conference League,AEK Athens FC,Universitatea Craiova,Double Chance,Home/Draw,1.15,,,WON,
2025-12-18T20:00:00+00:00,UEFA Europa Conference League,AEK Larnaca,Shkendija,Over/Under Goals,Under 3.5,1.25,,,WON,
2025-12-18T20:00:00+00:00,UEFA Europa Conference League,Celje,Shelbourne,Over/Under Goals,Under 3.5,1.48,,,WON,
2025-12-18T20:00:00+00:00,UEFA Europa Conference League,Crystal Palace,KuPS,Over/Under Goals,Under 3.5,1.85,,,LOST,
2025-12-18T20:00:00+00:00,UEFA Europa Conference League,FSV Mainz 05,Samsunspor,Over/Under Goals,Under 3.5,1.42,,,WON,
2025-12-18T20:00:00+00:00,UEFA Europa Conference League,Lausanne,Fiorentina,Double Chance,Draw/Away,1.2,,,LOST,
2025-12-18T20:00:00+00:00,UEFA Europa Conference League,Legia Warszawa,Lincoln Red Imps FC,Team Total Goals,Over 0.5,1.67,,,WON,
2025-12-18T20:00:00+00:00,UEFA Europa Conference League,Omonia Nicosia,Raków Częstochowa,Over/Under Goals,Under 3.5,1.22,,,WON,
2025-12-18T20:00:00+00:00,UEFA Europa Conference League,Shakhtar Donetsk,HNK Rijeka,Over/Under Goals,Under 3.5,1.5,,,WON,
2025-12-18T20:00:00+00:00,UEFA Europa Conference League,Sigma Olomouc,Lech Poznan,Over/Under Goals,Over 1.5,1.48,,,WON,
2025-12-18T20:00:00+00:00,UEFA Europa Conference League,Slovan Bratislava,BK Hacken,Over/Under Goals,Under 3.5,1.33,,,WON,
2025-12-18T20:00:00+00:00,UEFA Europa Conference League,Sparta Praha,Aberdeen,Team Total Goals,Under 2.5,1.67,,,LOST,
2025-12-18T20:00:00+00:00,UEFA Europa Conference League,Strasbourg,Breidablik,Over/Under Goals,Under 3.5,1.83,,,LOST,
2025-12-18T20:00:00+00:00,UEFA Europa Conference League,Zrinjski,Rapid Vienna,Over/Under Goals,Under 3.5,1.22,,,WON,
2025-12-18T20:45:00+00:00,Taça de Portugal,FC Porto,Famalicao,Team Total Goals,Under 2.5,1.4,,,LOST,
2025-12-18T23:00:00+00:00,Liga Mayor,Cibao,Atlético Pantoja,Double Chance,Draw/Away,1.65,,,LOST,
2025-12-19T00:00:00+00:00,Copa de la División Profesional,Bolívar,Blooming,1X2 / Match Winner,Home,1.15,,,WON,
2025-12-19T02:00:00+00:00,Liga Nacional,Municipal,Achuapa,Over/Under Goals,Under 3.5,1.3,,,WON,
2025-12-19T07:00:00+00:00,A-League,Macarthur,Brisbane Roar,Double Chance,Draw/Away,1.48,,,LOST,
2025-12-19T09:00:00+00:00,A-League,Western Sydney Wanderers,Auckland,Over/Under Goals,Under 3.5,1.38,,,WON,
2025-12-19T09:30:00+00:00,Liga Alef,Hapoel Ironi Karmiel,Tzeirei Umm al-Fahm,Over/Under Goals,Under 3.5,1.26,,,WON,
2025-12-19T10:00:00+00:00,Liga Alef,FC Jerusalem,Hapoel Ramat HaSharon,Over/Under Goals,Under 3.5,1.51,,,WON,
2025-12-19T10:00:00+00:00,Liga Alef,Hapoel Herzliya,Dimona,Double Chance,Draw/Away,1.55,,,WON,
2025-12-19T10:00:00+00:00,Premyer Liqa,Kapaz,Turan,Double Chance,Draw/Away,1.17,,,WON,
2025-12-19T10:30:00+00:00,Birinci Dasta,Cəbrayıl,Safa Baku,Asian Handicap,Home +1.25,1.78,,,WON,
2025-12-19T10:30:00+00:00,Liga Alef,Beitar Yavne,Shimshon Tel Aviv,Double Chance,Home/Draw,1.44,,,WON,
2025-12-19T10:30:00+00:00,Liga Alef,Maccabi Kiryat Malachi,Maccabi Kiryat Gat,Double Chance,Draw/Away,1.17,,,WON,
2025-12-19T10:40:00+00:00,Liga Alef,Maccabi K. Ata Bialik,Ironi Nesher,Asian Handicap,Away -1.25,1.4,,,WON,
2025-12-19T11:15:00+00:00,Liga Alef,Hapoel Tirat HaCarmel,Hapoel Migdal HaEmek,Double Chance,Home/Draw,1.44,,,LOST,
2025-12-19T11:50:00+00:00,Division 1,Al Jubail,Al Jabalain,Over/Under Goals,Under 3.5,1.28,,,WON,
2025-12-19T12:00:00+00:00,Premier League,Ethiopia Nigd Bank,Arba Minch Kenema,Over/Under Goals,Under 2.5,1.4,,,LOST,
2025-12-19T12:00:00+00:00,Premier League,Suhul Shire,Bahardar,Double Chance,Home/Draw,1.44,,,WON,
2025-12-19T12:20:00+00:00,Division 1,Al Arabi SC,Al Baten,Over/Under Goals,Under 3.5,1.38,,,WON,
2025-12-19T13:00:00+00:00,Liga Leumit,Bnei Yehuda,Hapoel Rishon LeZion,Over/Under Goals,Under 3.5,1.21,,,WON,
2025-12-19T13:00:00+00:00,Liga Leumit,Hapoel Afula,Maccabi Herzliya,Over/Under Goals,Under 3.5,1.36,,,WON,
2025-12-19T13:00:00+00:00,Liga Leumit,Hapoel Nazareth Illit,Ironi Modi'in,1X2 / Match Winner,Draw,3.0,,,LOST,
2025-12-19T13:00:00+00:00,Liga Leumit,Hapoel Ra'anana,Kiryat Yam SC,Over/Under Goals,Under 3.5,1.23,,,WON,
2025-12-19T13:00:00+00:00,Liga Leumit,Maccabi Kabilio Jaffa,Hapoel Kfar Saba,Over/Under Goals,Under 3.5,1.36,,,WON,
2025-12-19T13:00:00+00:00,Premier League,Al Jahra,Al Shabab,Over/Under Goals,Under 3.5,1.3,,,WON,
2025-12-19T13:15:00+00:00,Premier League,Al-Hidd,Khalidiya,Over/Under Goals,Under 3.5,1.36,,,WON,
2025-12-19T13:15:00+00:00,Premier League,Sitra,A'Ali,Over/Under Goals,Under 3.5,1.25,,,WON,
2025-12-19T13:30:00+00:00,Ligue 1,El Bayadh,Khenchela,Over/Under Goals,Under 2.5,1.33,,,LOST,
2025-12-19T14:00:00+00:00,Ligue 2,GC Mascara,MC Saida,Over/Under Goals,Under 2.5,1.36,,,WON,
2025-12-19T14:00:00+00:00,Ligue 2,Hussein Dey,Béchar Djedid,1X2 / Match Winner,Home,1.23,,,LOST,
2025-12-19T14:00:00+00:00,Ligue 2,JS Tixeraine,RC Kouba,Double Chance,Home/Draw,1.67,,,LOST,
2025-12-19T14:00:00+00:00,Ligue 2,Koléa,Usm El Harrach,Over/Under Goals,Under 2.5,1.4,,,WON,
2025-12-19T14:00:00+00:00,Ligue 2,RC Arba,Témouchent,Over/Under Goals,Under 2.5,1.4,,,WON,
2025-12-19T14:00:00+00:00,Ligue 2,Tiaret,CRB Adrar,1X2 / Match Winner,Home,1.6,,,WON,
2025-12-19T14:00:00+00:00,Ligue 2,WA Tlemcen,JS El Biar,Double Chance,Home/Draw,1.4,,,LOST,
2025-12-19T15:00:00+00:00,League Cup,Ghazl El Mehalla,Pharco,BTTS,No,1.44,,,WON,
2025-12-19T15:00:00+00:00,League Cup,Petrojet,Ismaily SC,Over/Under Goals,Under 3.5,1.17,,,WON,
2025-12-19T15:00:00+00:00,Premier League,Mekelle Kenema,Hadiya Hosaena,Double Chance,Home/Draw,1.4,,,LOST,
2025-12-19T15:00:00+00:00,Prva HNL,NK Varazdin,Istra 1961,Over/Under Goals,Under 3.5,1.22,,,LOST,
2025-12-19T15:15:00+00:00,Professional League,Al-Rustaq,Dhofar,Over/Under Goals,Under 3.5,1.18,,,WON,
2025-12-19T15:30:00+00:00,First League,Beroe,Ludogorets,Team Total Goals,Under 2.5,1.44,,,LOST,
2025-12-19T15:30:00+00:00,Superliga,Dinamo Tirana,Vora,1X2 / Match Winner,Home,1.4,,,WON,
2025-12-19T15:30:00+00:00,Superliga,Egnatia Rrogozhinë,Partizani,Team Total Goals,Under 2.5,1.16,,,WON,
2025-12-19T15:40:00+00:00,Premier League,Al Fahaheel,Al Tadhamon,Over/Under Goals,Under 3.5,1.36,,,WON,
2025-12-19T16:00:00+00:00,Ligue 1,CS Constantine,Paradou AC,Over/Under Goals,Under 3.5,1.15,,,WON,
2025-12-19T16:00:00+00:00,Premier League,Budaiya,Muharraq,Over/Under Goals,Under 3.5,1.48,,,WON,
2025-12-19T16:00:00+00:00,Premier League,Gendrim,N'Zidane,Over/Under Goals,Under 2.5,1.67,,,LOST,
2025-12-19T17:00:00+00:00,2. Division,Ethnikos Latsion,Nea Salamis,Over/Under Goals,Under 3.5,1.38,,,WON,
2025-12-19T17:00:00+00:00,Ligue 1,ES Setif,JS Kabylie,Double Chance,Draw/Away,1.45,,,LOST,
2025-12-19T17:00:00+00:00,Super Lig,Kocaelispor,Antalyaspor,Over/Under Goals,Under 3.5,1.25,,,WON,
2025-12-19T17:00:00+00:00,TFF 1. Lig,Erokspor,Sarıyer,1X2 / Match Winner,Draw,4.2,,,WON,
2025-12-19T17:30:00+00:00,Bundesliga 2,Hertha BSC,Arminia Bielefeld,Asian Handicap,Home +0,1.55,,,WON,
2025-12-19T17:30:00+00:00,Bundesliga 2,SC Paderborn 07,SV Darmstadt 98,Over/Under Goals,Under 3.5,1.4,,,LOST,
2025-12-19T17:30:00+00:00,Frauen Bundesliga,SGS Essen W,Eintracht Frankfurt W,Over/Under Goals,Over 1.5,1.15,,,WON,
2025-12-19T17:30:00+00:00,Premier League,Gzira United,Tarxien Rainbows,Over/Under Goals,Under 3.5,1.28,,,WON,
2025-12-19T17:45:00+00:00,Liga 3,Caldas,União Santarém,Over/Under Goals,Under 3.5,1.22,,,WON,
2025-12-19T18:00:00+00:00,3. Liga,Energie Cottbus,SSV Jahn Regensburg,Over/Under Goals,Under 3.5,1.53,,,LOST,
2025-12-19T18:00:00+00:00,League Cup,AL Masry,Masr,Over/Under Goals,Under 2.5,1.42,,,WON,
2025-12-19T18:00:00+00:00,League Cup,Ceramica Cleopatra,Al Ahly,Over/Under Goals,Under 3.5,1.17,,,WON,
2025-12-19T18:00:00+00:00,Liga I,FC Botosani,CFR 1907 Cluj,Over/Under Goals,Under 2.5,1.9,,,WON,
2025-12-19T18:00:00+00:00,Primera División RFEF - Group 2,Algeciras,Villarreal II,Over/Under Goals,Under 3.5,1.2,,,WON,
2025-12-19T18:30:00+00:00,Challenge League,Stade Nyonnais,Neuchatel Xamax FC,Over/Under Goals,Under 3.5,1.5,,,WON,
2025-12-19T18:30:00+00:00,Superliga,Flamurtari,Teuta Durrës,Double Chance,Home/Draw,1.5,,,WON,
2025-12-19T19:00:00+00:00,Challenger Pro League,KAA Gent II,Seraing United,Over/Under Goals,Under 3.5,1.36,,,LOST,
2025-12-19T19:00:00+00:00,Challenger Pro League,Lommel United,K. Lierse S.K.,Over/Under Goals,Over 1.5,1.22,,,WON,
2025-12-19T19:00:00+00:00,Eerste Divisie,ADO Den Haag,Jong PSV U21,Over/Under Goals,Over 2.5,1.2,,,WON,
2025-12-19T19:00:00+00:00,Eerste Divisie,Cambuur,MVV,Over/Under Goals,Under 3.5,1.85,,,LOST,
2025-12-19T19:00:00+00:00,Eerste Divisie,FC Eindhoven,Jong AZ,Over/Under Goals,Over 1.5,1.22,,,WON,
2025-12-19T19:00:00+00:00,Eerste Divisie,VVV Venlo,Dordrecht,Over/Under Goals,Under 3.5,1.57,,,LOST,
2025-12-19T19:00:00+00:00,NB I,Diosgyori VTK,Ferencvarosi TC,Over/Under Goals,Under 3.5,1.7,,,WON,
2025-12-19T19:15:00+00:00,Challenge League,FC Vaduz,FC Aarau,Asian Handicap,Home +0,1.65,,,WON,
2025-12-19T19:15:00+00:00,Challenge League,Étoile Carouge,Stade Lausanne-Ouchy,Over/Under Goals,Under 3.5,1.4,,,WON,
2025-12-19T19:30:00+00:00,Bundesliga 1,Borussia Dortmund,Borussia Mönchengladbach,Over/Under Goals,Under 3.5,1.62,,,WON,
2025-12-19T19:30:00+00:00,Segunda Division,Eibar,Valladolid,Asian Handicap,Home +0,1.67,,,WON,
2025-12-19T19:30:00+00:00,Serie B,Bari,Catanzaro,Over/Under Goals,Under 3.5,1.22,,,WON,
2025-12-19T19:30:00+00:00,Serie C - Girone C,Audace Cerignola,Benevento,Over/Under Goals,Under 3.5,1.22,,,LOST,
2025-12-19T19:30:00+00:00,Serie C - Girone C,Cosenza,Cavese,1X2 / Match Winner,Home,1.55,,,WON,
2025-12-19T19:30:00+00:00,Serie C - Girone C,Giugliano,Casertana,Over/Under Goals,Under 3.5,1.2,,,WON,
2025-12-19T19:30:00+00:00,Super League Women,Westerlo W,Anderlecht W,Over/Under Goals,Under 3.5,1.76,,,WON,
2025-12-19T19:45:00+00:00,Coupe de France,Canet Roussillon,Montpellier,Over/Under Goals,Under 3.5,1.7,,,WON,
2025-12-19T19:45:00+00:00,Coupe de France,Guingamp,Laval,Over/Under Goals,Under 3.5,1.28,,,WON,
2025-12-19T19:45:00+00:00,Coupe de France,Périgny,Le Mans,Over/Under Goals,Under 3.5,2.2,,,WON,
2025-12-19T19:45:00+00:00,Jupiler Pro League,Charleroi,Genk,Double Chance,Home/Draw,1.5,,,WON,
2025-12-19T19:45:00+00:00,League One,Northampton,AFC Wimbledon,Over/Under Goals,Under 3.5,1.2,,,LOST,
2025-12-19T19:45:00+00:00,League Two,Barrow,Cheltenham,Team Total Goals,Under 2.5,1.17,,,WON,
2025-12-19T19:45:00+00:00,League Two,Cambridge United,Accrington ST,Over/Under Goals,Under 3.5,1.22,,,WON,
2025-12-19T19:45:00+00:00,League Two,Crewe,Bristol Rovers,Over/Under Goals,Over 1.5,1.3,,,WON,
2025-12-19T19:45:00+00:00,National League,Altrincham,Rochdale,Over/Under Goals,Under 3.5,1.36,,,WON,
2025-12-19T19:45:00+00:00,Non League Premier - Northern,Prescot Cables,Ashton United,Over/Under Goals,Under 2.5,1.7,,,WON,
2025-12-19T19:45:00+00:00,Premiership,Glentoran,Coleraine FC,Over/Under Goals,Under 3.5,1.33,,,WON,
2025-12-19T20:00:00+00:00,Championship,Swansea,Wrexham,Asian Handicap,Away -0.5,1.62,,,LOST,
2025-12-19T20:00:00+00:00,Coupe de France,Lens,Feignies-Aulnoye,Over/Under Goals,Under 3.5,2.0,,,LOST,
2025-12-19T20:00:00+00:00,La Liga,Valencia,Mallorca,1X2 / Match Winner,Draw,3.49,,,WON,
2025-12-19T20:00:00+00:00,Premier League,Mosta,Naxxar Lions,Over/Under Goals,Under 3.5,1.48,,,LOST,
2025-12-19T20:15:00+00:00,Primeira Liga,Estoril,SC Braga,Over/Under Goals,Over 1.5,1.28,,,LOST,
2025-12-19T20:15:00+00:00,Primera División RFEF - Group 1,Mérida AD,Athletic Club II,Over/Under Goals,Under 3.5,1.25,,,LOST,
2025-12-20T06:00:00+00:00,A-League,Newcastle Jets,Sydney,Team Total Goals,Under 2.5,1.18,,,WON,
2025-12-20T08:30:00+00:00,Liga 1,Dewa United,Persis Solo,Over/Under Goals,Under 3.5,1.52,,,LOST,
2025-12-20T08:35:00+00:00,A-League,Melbourne City,Melbourne Victory,Over/Under Goals,Under 3.5,1.33,,,WON,
2025-12-20T09:30:00+00:00,Super League,Johor Darul Takzim FC,Kelantan United,Over/Under Goals,Under 3.5,3.85,,,LOST,
2025-12-20T10:00:00+00:00,2. Lig,Şanlıurfaspor,Muğlaspor,Over/Under Goals,Under 3.5,1.23,,,WON,
2025-12-20T10:00:00+00:00,Campionato Primavera - 2,Ternana U19,Spezia U19,Asian Handicap,Home +0.25,1.42,,,WON,
2025-12-20T10:00:00+00:00,Premier League,Welwalo Adigrat Uni,Ethiopia Bunna,Over/Under Goals,Under 2.5,1.45,,,WON,
2025-12-20T10:00:00+00:00,Premyer Liqa,Karvan,Neftchi Baku,Over/Under Goals,Under 3.5,1.36,,,WON,
2025-12-20T10:30:00+00:00,TFF 1. Lig,76 Iğdır Belediyespor,Sivasspor,Over/Under Goals,Over 1.5,1.22,,,WON,
2025-12-20T10:30:00+00:00,TFF 1. Lig,Bandırmaspor,Erzurum BB,Over/Under Goals,Under 3.5,1.15,,,WON,
2025-12-20T10:45:00+00:00,A-League,Perth Glory,Adelaide United,Asian Handicap,Home +0.5,1.62,,,LOST,
2025-12-20T11:00:00+00:00,Azadegan League,Mes Kerman,Sanat Naft,Asian Handicap,Home +0.25,1.49,,,WON,
2025-12-20T11:00:00+00:00,C-League,Svay Rieng,Angkor Tiger,Over/Under Goals,Under 3.5,1.9,,,LOST,
2025-12-20T11:00:00+00:00,Frauen Bundesliga,1899 Hoffenheim W,Carl Zeiss Jena  W,Over/Under Goals,Under 3.5,1.62,,,LOST,
2025-12-20T11:00:00+00:00,Liga 3,Amora,Mafra,Over/Under Goals,Under 3.5,1.18,,,WON,
2025-12-20T11:00:00+00:00,Segunda División RFEF - Group 3,Valencia II,Olot,Over/Under Goals,Under 2.5,1.54,,,LOST,
2025-12-20T11:00:00+00:00,Segunda División RFEF - Group 5,SS Reyes,Tenerife II,Over/Under Goals,Under 3.5,1.21,,,WON,
2025-12-20T11:30:00+00:00,Azadegan League,Niroye Zamini,Shahrdari Noshahr,Over/Under Goals,Under 2.5,1.25,,,WON,
2025-12-20T11:30:00+00:00,Campionato Primavera - 2,Empoli U19,Bari U19,Over/Under Goals,Under 3.5,1.45,,,WON,
2025-12-20T11:30:00+00:00,Super League,Sabah FA,DPMM FC,1X2 / Match Winner,Home,1.62,,,LOST,
2025-12-20T11:30:00+00:00,Super Lig,Konyaspor,Kayserispor,Team Total Goals,Under 2.5,1.22,,,WON,
2025-12-20T11:30:00+00:00,Tercera División RFEF - Group 11,Platges Calvià,Mercadal,Over/Under Goals,Under 2.5,1.6,,,LOST,
2025-12-20T12:00:00+00:00,2. Lig,Halide Edip Adıvar,İnegölspor,Double Chance,Home/Draw,1.44,,,LOST,
2025-12-20T12:00:00+00:00,2. Lig,Karaman Belediyespor,Ankaraspor,Over/Under Goals,Under 3.5,1.22,,,WON,
2025-12-20T12:00:00+00:00,Bundesliga 2,1. FC Kaiserslautern,1. FC Magdeburg,Over/Under Goals,Under 3.5,1.57,,,LOST,
2025-12-20T12:00:00+00:00,Bundesliga 2,Fortuna Düsseldorf,SpVgg Greuther Fürth,Over/Under Goals,Under 3.5,1.5,,,WON,
2025-12-20T12:00:00+00:00,Bundesliga 2,VfL Bochum,Karlsruher SC,Over/Under Goals,Under 3.5,1.53,,,LOST,
2025-12-20T12:00:00+00:00,Liga 1,Persebaya Surabaya,Pusamania Borneo,Double Chance,Home/Draw,1.6,,,WON,
2025-12-20T12:00:00+00:00,NB I,Zalaegerszegi TE,MTK Budapest,Over/Under Goals,Over 1.5,1.18,,,WON,
2025-12-20T12:00:00+00:00,Premier League,Welayta Dicha,Sheger Ketema,Double Chance,Draw/Away,1.44,,,LOST,
2025-12-20T12:00:00+00:00,Super League 2,Kalamata,Kallithea,Over/Under Goals,Under 3.5,1.23,,,WON,
2025-12-20T12:00:00+00:00,Super League,Naivas,Talanta,BTTS,No,1.55,,,WON,
2025-12-20T12:00:00+00:00,Super Liga,Radnicki NIS,Železničar Pančevo,Over/Under Goals,Under 3.5,1.25,,,WON,
2025-12-20T12:00:00+00:00,Thai League 2,Bangkok,Songkhla,Over/Under Goals,Under 3.5,1.35,,,WON,
2025-12-20T12:25:00+00:00,Division 1,Al Taee,Al-Faisaly FC,Asian Handicap,Home +0.25,1.47,,,LOST,
2025-12-20T12:30:00+00:00,1st Division,Apolonia Fier,Laci,Double Chance,Draw/Away,1.5,,,WON,
2025-12-20T12:30:00+00:00,1st Division,Kastrioti Krujë,Lushnja,Over/Under Goals,Under 3.5,1.3,,,WON,
2025-12-20T12:30:00+00:00,1st Division,Luftëtari,Pogradeci,Over/Under Goals,Under 3.5,1.26,,,LOST,
2025-12-20T12:30:00+00:00,2. Division,AE Zakakiou,Ahironas / Onisilos,Over/Under Goals,Under 3.5,1.23,,,WON,
2025-12-20T12:30:00+00:00,2. Division,ASIL Lysi,MEAP Nisou,Over/Under Goals,Under 3.5,1.24,,,WON,
2025-12-20T12:30:00+00:00,2. Division,Halkanoras,Ayia Napa,Over/Under Goals,Under 3.5,1.2,,,WON,
2025-12-20T12:30:00+00:00,2. Division,Karmiotissa,APEA,Over/Under Goals,Under 3.5,1.36,,,WON,
2025-12-20T12:30:00+00:00,2. Division,PAEEK,Iraklis Yerolakkou,Over/Under Goals,Under 2.5,1.73,,,LOST,
2025-12-20T12:30:00+00:00,Championship,Blackburn,Millwall,Over/Under Goals,Under 3.5,1.25,,,WON,
2025-12-20T12:30:00+00:00,Championship,Preston,Norwich,Over/Under Goals,Over 1.5,1.28,,,WON,
2025-12-20T12:30:00+00:00,Championship,Southampton,Coventry,Over/Under Goals,Over 1.5,1.18,,,WON,
2025-12-20T12:30:00+00:00,League One,Stevenage,Burton Albion,Over/Under Goals,Under 2.5,1.65,,,LOST,
2025-12-20T12:30:00+00:00,League One,Wigan,Blackpool,Team Total Goals,Over 0.5,1.2,,,LOST,
2025-12-20T12:30:00+00:00,League Two,Bromley,Grimsby,Over/Under Goals,Over 1.5,1.3,,,WON,
2025-12-20T12:30:00+00:00,League Two,Notts County,Walsall,Over/Under Goals,Under 3.5,1.25,,,WON,
2025-12-20T12:30:00+00:00,Liga I,Metaloglobus,Unirea Slobozia,Over/Under Goals,Under 2.5,1.65,,,LOST,
2025-12-20T12:30:00+00:00,National League,Boston United,Aldershot Town,Over/Under Goals,Under 3.5,1.5,,,WON,
2025-12-20T12:30:00+00:00,National League,Woking,Scunthorpe,Over/Under Goals,Under 3.5,1.33,,,WON,
2025-12-20T12:30:00+00:00,Non League Premier - Isthmian,Wingate & Finchley,Cray Wanderers,Over/Under Goals,Under 3.5,1.5,,,WON,
2025-12-20T12:30:00+00:00,Premier League,Newcastle,Chelsea,1X2 / Match Winner,Draw,3.66,,,WON,
2025-12-20T12:30:00+00:00,Premyer Liqa,Zira,Mil-Muğan,Over/Under Goals,Under 3.5,1.22,,,WON,
2025-12-20T12:30:00+00:00,Second League,Asyut Petrol,El Mansura,Over/Under Goals,Under 2.5,1.36,,,LOST,
2025-12-20T12:30:00+00:00,Second League,El Dakhleya,Aswan Sc,Double Chance,Home/Draw,1.22,,,WON,
2025-12-20T12:30:00+00:00,Second League,El Entag EL Harby,La Viena FC,Double Chance,Home/Draw,1.44,,,WON,
2025-12-20T12:30:00+00:00,Second League,Maleyet Kafr El Zayiat,Baladiyyat Al Mehalla,Double Chance,Home/Draw,1.44,,,WON,
2025-12-20T12:30:00+00:00,Second League,Olympic El Qanah,Proxy,Over/Under Goals,Under 2.5,1.44,,,LOST,
2025-12-20T12:30:00+00:00,Second League,Tanta SC,Raya Ghazl,Asian Handicap,Home +0,1.44,,,WON,
2025-12-20T12:30:00+00:00,Super League Women,Zulte-Waregem W,Club Brugge W,Over/Under Goals,Under 3.5,1.29,,,LOST,
2025-12-20T12:30:00+00:00,Superliga,Bylis,AF Elbasani,Double Chance,Home/Draw,1.6,,,WON,
2025-12-20T12:30:00+00:00,Superliga,Tirana,Vllaznia Shkodër,Over/Under Goals,Under 2.5,1.7,,,WON,
2025-12-20T12:40:00+00:00,Division 1,Al Thaid,Majd,1X2 / Match Winner,Home,1.5,,,LOST,
2025-12-20T12:45:00+00:00,Division 1,Al Hamriyah,Al Jazira Al Hamra,Team Total Goals,Under 2.5,1.18,,,WON,
2025-12-20T12:45:00+00:00,Division 1,Al Urooba,Hatta SC,Over/Under Goals,Under 3.5,1.38,,,WON,
2025-12-20T12:50:00+00:00,Pro League,Ajman,Dibba Al-Fujairah,Over/Under Goals,Under 3.5,1.48,,,WON,
2025-12-20T12:50:00+00:00,Pro League,Baniyas SC,Khorfakkan,Over/Under Goals,Under 3.5,1.5,,,WON,
2025-12-20T13:00:00+00:00,3. Liga,Erzgebirge Aue,FC Schweinfurt 05,Asian Handicap,Away -1.25,1.55,,,LOST,
2025-12-20T13:00:00+00:00,3. Liga,Hansa Rostock,FC Saarbrücken,Over/Under Goals,Over 1.5,1.2,,,WON,
2025-12-20T13:00:00+00:00,3. Liga,Rot-Weiß Essen,SSV Ulm 1846,1X2 / Match Winner,Home,1.64,,,WON,
2025-12-20T13:00:00+00:00,3. Liga,VfL Osnabrück,Stuttgart II,Over/Under Goals,Under 3.5,1.4,,,WON,
2025-12-20T13:00:00+00:00,3. Liga,Waldhof Mannheim,FC Ingolstadt 04,Over/Under Goals,Under 3.5,1.55,,,LOST,
2025-12-20T13:00:00+00:00,La Liga,Oviedo,Celta Vigo,1X2 / Match Winner,Draw,3.6,,,WON,
2025-12-20T13:00:00+00:00,Ligat Ha'al,Hapoel Tel Aviv,Maccabi Bnei Raina,1X2 / Match Winner,Home,1.53,,,WON,
2025-12-20T13:00:00+00:00,Ligue 2,HB Chelghoum Laïd,US Biskra,Over/Under Goals,Under 3.5,1.2,,,WON,
2025-12-20T13:00:00+00:00,Ligue 2,JS Bordj Ménaïel,CA Batna,Double Chance,Draw/Away,1.44,,,WON,
2025-12-20T13:00:00+00:00,Ligue 2,Khroub,MO Bejaia,Over/Under Goals,Under 2.5,1.44,,,WON,
2025-12-20T13:00:00+00:00,Ligue 2,MSP Batna,CR Béni Thour,Over/Under Goals,Under 3.5,1.17,,,WON,
2025-12-20T13:00:00+00:00,Ligue 2,NC Magra,IB Khémis El Khechna,Over/Under Goals,Under 2.5,1.73,,,WON,
2025-12-20T13:00:00+00:00,Ligue 2,Nrb Beni Oulbene,Teleghma,Over/Under Goals,Under 2.5,1.44,,,WON,
2025-12-20T13:00:00+00:00,Ligue 2,US Chaouia,MO Constantine,Over/Under Goals,Under 2.5,1.53,,,LOST,
2025-12-20T13:00:00+00:00,Premier League Cup,Millwall U21,Swansea City U21,Asian Handicap,Home +0.5,1.68,,,LOST,
2025-12-20T13:00:00+00:00,Premier League,Fasil Ketema,Negelle Arsi,Asian Handicap,Home +0.25,1.41,,,WON,
2025-12-20T13:00:00+00:00,Primera División RFEF - Group 2,Eldense,Real Betis II,Over/Under Goals,Under 3.5,1.18,,,WON,
2025-12-20T13:00:00+00:00,Super League 2,Kampaniakos Chalastra,PAS Giannina,Over/Under Goals,Under 2.5,1.48,,,WON,
2025-12-20T13:00:00+00:00,Super League 2,Makedonikos Neapolis,Nestos Chrisoupolis,BTTS,No,1.53,,,LOST,
2025-12-20T13:00:00+00:00,Super League,Negeri Sembilan,Kuala Lumpur FA,Over/Under Goals,Under 2.5,2.15,,,WON,
2025-12-20T13:00:00+00:00,Super Liga,Javor,Vojvodina,Over/Under Goals,Under 3.5,1.25,,,WON,
2025-12-20T13:00:00+00:00,TFF 1. Lig,Boluspor,Pendikspor,Over/Under Goals,Under 3.5,1.31,,,WON,
2025-12-20T13:15:00+00:00,Premier League,Bahrain SC,Al Shabab,Over/Under Goals,Under 2.5,1.7,,,LOST,
2025-12-20T13:30:00+00:00,Campionato Primavera - 2,Benevento U19,Avellino U19,Over/Under Goals,Under 3.5,1.39,,,WON,
2025-12-20T13:30:00+00:00,Campionato Primavera - 2,Cittadella U19,AlbinoLeffe U19,Over/Under Goals,Under 3.5,1.46,,,WON,
2025-12-20T13:30:00+00:00,Campionato Primavera - 2,Padova U19,Lecco U19,Team Total Goals,Under 2.5,1.22,,,LOST,
2025-12-20T13:30:00+00:00,Campionato Primavera - 2,Renate U19,Pro Vercelli U19,Over/Under Goals,Under 3.5,1.31,,,WON,
2025-12-20T13:30:00+00:00,Serie C - Girone A,Albinoleffe,Alcione,Over/Under Goals,Under 3.5,1.3,,,WON,
2025-12-20T13:30:00+00:00,Serie C - Girone A,Trento,Dolomiti Bellunesi,Over/Under Goals,Under 3.5,1.25,,,WON,
2025-12-20T13:30:00+00:00,Serie C - Girone B,Athletic Carpi,Guidonia Montecelio 1937,Over/Under Goals,Under 3.5,1.18,,,WON,
2025-12-20T13:30:00+00:00,Serie C - Girone C,Salernitana,Foggia,Over/Under Goals,Under 3.5,1.45,,,WON,
2025-12-20T13:30:00+00:00,Serie C - Girone C,Sorrento,AZ Picerno,Over/Under Goals,Under 3.5,1.32,,,WON,
2025-12-20T14:00:00+00:00,2. Lig,Bursaspor,Aliağa FAŞ,Over/Under Goals,Under 3.5,1.23,,,WON,
2025-12-20T14:00:00+00:00,Campionato Primavera - 2,Sampdoria U19,Modena U19,Double Chance,Home/Draw,1.5,,,WON,
2025-12-20T14:00:00+00:00,Campionato,Domagnano,San Giovanni,Over/Under Goals,Under 3.5,1.37,,,WON,
2025-12-20T14:00:00+00:00,Campionato,Fiorentino,Murata,Over/Under Goals,Under 3.5,1.26,,,WON,
2025-12-20T14:00:00+00:00,Campionato,San Marino Academy,Folgore,Over/Under Goals,Under 3.5,1.47,,,WON,
2025-12-20T14:00:00+00:00,Campionato,Virtus,Cailungo,Over/Under Goals,Under 3.5,1.66,,,LOST,
2025-12-20T14:00:00+00:00,FAW Championship,Buckley Town,Rhyl,Double Chance,Home/Draw,1.18,,,LOST,
2025-12-20T14:00:00+00:00,FAW Championship,Caerau (Ely),Aberystwyth Town,Asian Handicap,Home +0,1.44,,,WON,
2025-12-20T14:00:00+00:00,FAW Championship,Mold Alexandra,Llandudno,1X2 / Match Winner,Away,1.5,,,WON,
2025-12-20T14:00:00+00:00,FAW Championship,Trethomas Bluebirds,Baglan Dragons,Double Chance,Draw/Away,1.67,,,LOST,
2025-12-20T14:00:00+00:00,Ligue 1,JS Saoura,Mostaganem,Over/Under Goals,Under 3.5,1.17,,,LOST,
2025-12-20T14:00:00+00:00,Prva HNL,NK Osijek,NK Slaven Belupo,1X2 / Match Winner,Draw,3.46,,,WON,
2025-12-20T14:00:00+00:00,Segunda Liga,Chaves,Portimonense,Over/Under Goals,Under 3.5,1.33,,,WON,
2025-12-20T14:00:00+00:00,Serie B,Cesena,Juve Stabia,Over/Under Goals,Under 3.5,1.2,,,WON,
2025-12-20T14:00:00+00:00,Serie B,Frosinone,Spezia,Over/Under Goals,Under 3.5,1.33,,,WON,
2025-12-20T14:00:00+00:00,Serie B,Modena,Venezia,Over/Under Goals,Under 3.5,1.22,,,WON,
2025-12-20T14:00:00+00:00,Serie B,Monza,Carrarese,Over/Under Goals,Under 3.5,1.28,,,LOST,
2025-12-20T14:00:00+00:00,Serie B,Padova,Sampdoria,Over/Under Goals,Under 3.5,1.2,,,WON,
2025-12-20T14:00:00+00:00,Super League 1,Asteras Tripolis,Aris Thessalonikis,Over/Under Goals,Under 3.5,1.22,,,WON,
2025-12-20T14:00:00+00:00,Super League Women,OH Leuven W,Standard Liege W,Over/Under Goals,Over 1.5,1.18,,,WON,
2025-12-20T14:00:00+00:00,Super Lig,Eyüpspor,Fenerbahçe,Over/Under Goals,Under 3.5,1.5,,,WON,
2025-12-20T14:15:00+00:00,Division 1,Gulf United,Dubai United,Over/Under Goals,Under 3.5,1.5,,,LOST,
2025-12-20T14:30:00+00:00,Bundesliga 1,1. FC Köln,Union Berlin,Over/Under Goals,Over 1.5,1.3,,,LOST,
2025-12-20T14:30:00+00:00,Bundesliga 1,FC Augsburg,Werder Bremen,Over/Under Goals,Under 3.5,1.42,,,WON,
2025-12-20T14:30:00+00:00,Bundesliga 1,Hamburger SV,Eintracht Frankfurt,Double Chance,Home/Draw,1.5,,,WON,
2025-12-20T14:30:00+00:00,Bundesliga 1,VfB Stuttgart,1899 Hoffenheim,Over/Under Goals,Over 1.5,1.15,,,LOST,
2025-12-20T14:30:00+00:00,Bundesliga 1,VfL Wolfsburg,SC Freiburg,Over/Under Goals,Under 3.5,1.4,,,LOST,
2025-12-20T14:30:00+00:00,Coupe de France,Bayeux,Blois,Asian Handicap,Home +1.25,1.58,,,WON,
2025-12-20T14:30:00+00:00,Coupe de France,Biesheim,Metz,Team Total Goals,Under 2.5,1.4,,,LOST,
2025-12-20T14:30:00+00:00,Coupe de France,Freyming,Chantilly,Team Total Goals,Under 2.5,1.44,,,LOST,
2025-12-20T14:30:00+00:00,Division 1,Al-Adalah,Al Wehda Club,Double Chance,Home/Draw,1.4,,,LOST,
2025-12-20T14:30:00+00:00,NB I,Paks,Nyiregyhaza,Over/Under Goals,Under 3.5,1.45,,,WON,
2025-12-20T14:30:00+00:00,Premier League,Flint Town United,Haverfordwest County AFC,1X2 / Match Winner,Draw,3.75,,,WON,
2025-12-20T14:30:00+00:00,Super Liga,FK Crvena Zvezda,Mladost Lucani,Over/Under Goals,Under 3.5,2.55,,,LOST,
2025-12-20T14:45:00+00:00,Segunda División RFEF - Group 1,Lealtad,Salamanca UDS,Over/Under Goals,Under 2.5,1.53,,,WON,
2025-12-20T15:00:00+00:00,1. Division,Aris,Omonia Aradippou,Over/Under Goals,Under 3.5,1.67,,,LOST,
2025-12-20T15:00:00+00:00,1. Division,Enosis,Akritas,Over/Under Goals,Under 3.5,1.25,,,WON,
2025-12-20T15:00:00+00:00,Challenger Pro League,Francs Borains,Club Brugge II,Over/Under Goals,Under 3.5,1.38,,,WON,
2025-12-20T15:00:00+00:00,Championship,Airdrie United,Queen's Park,Over/Under Goals,Under 3.5,1.28,,,WON,
2025-12-20T15:00:00+00:00,Championship,Armagh City,Ballinamallard United,Over/Under Goals,Under 3.5,1.5,,,WON,
2025-12-20T15:00:00+00:00,Championship,Charlton,Oxford United,Over/Under Goals,Under 3.5,1.22,,,WON,
2025-12-20T15:00:00+00:00,Championship,Derby,Portsmouth,Asian Handicap,Home +0,1.42,,,WON,
2025-12-20T15:00:00+00:00,Championship,Dundela,Ards,Asian Handicap,Home +0.25,1.7,,,LOST,
2025-12-20T15:00:00+00:00,Championship,Dunfermline,Ayr Utd,Over/Under Goals,Under 3.5,1.2,,,LOST,
2025-12-20T15:00:00+00:00,Championship,H&W Welders,Limavady United,Asian Handicap,Home +0,1.5,,,LOST,
2025-12-20T15:00:00+00:00,Championship,Hull City,West Brom,Over/Under Goals,Over 1.5,1.33,,,LOST,
2025-12-20T15:00:00+00:00,Championship,Ipswich,Sheffield Wednesday,Over/Under Goals,Over 1.5,1.15,,,WON,
2025-12-20T15:00:00+00:00,Championship,Newington Youth,Annagh United,Asian Handicap,Away -0.25,1.42,,,WON,
2025-12-20T15:00:00+00:00,Championship,Partick,Raith Rovers,Over/Under Goals,Under 2.5,1.7,,,WON,
2025-12-20T15:00:00+00:00,Championship,QPR,Leicester,BTTS,Yes,1.7,,,WON,
2025-12-20T15:00:00+00:00,Championship,Ross County,Arbroath,Double Chance,Draw/Away,1.67,,,WON,
2025-12-20T15:00:00+00:00,Championship,ST Johnstone,Morton,1X2 / Match Winner,Home,1.41,,,WON,
2025-12-20T15:00:00+00:00,Championship,Sheffield Utd,Birmingham,Over/Under Goals,Over 1.5,1.3,,,WON,
2025-12-20T15:00:00+00:00,Championship,Warrenpoint Town,Loughgall,Asian Handicap,Home +0.5,1.6,,,WON,
2025-12-20T15:00:00+00:00,Championship,Watford,Stoke City,Asian Handicap,Home +0,1.53,,,WON,
2025-12-20T15:00:00+00:00,Jupiler Pro League,Dender,Standard Liege,Double Chance,Home/Draw,1.42,,,LOST,
2025-12-20T15:00:00+00:00,League One,Doncaster,Plymouth,Over/Under Goals,Under 3.5,1.33,,,LOST,
2025-12-20T15:00:00+00:00,League One,East Fife,Peterhead,Over/Under Goals,Under 3.5,1.4,,,WON,
2025-12-20T15:00:00+00:00,League One,Exeter City,Barnsley,Over/Under Goals,Under 3.5,1.38,,,WON,
2025-12-20T15:00:00+00:00,League One,Hamilton Academical,Alloa Athletic,Over/Under Goals,Under 3.5,1.33,,,WON,
2025-12-20T15:00:00+00:00,League One,Kelty Hearts,Cove Rangers,Double Chance,Home/Draw,1.62,,,LOST,
2025-12-20T15:00:00+00:00,League One,Leyton Orient,Bradford,Double Chance,Home/Draw,1.42,,,WON,
2025-12-20T15:00:00+00:00,League One,Lincoln,Cardiff,BTTS,Yes,1.7,,,WON,
2025-12-20T15:00:00+00:00,League One,Mansfield Town,Stockport County,Over/Under Goals,Under 3.5,1.33,,,WON,
2025-12-20T15:00:00+00:00,League One,Port Vale,Peterborough,Over/Under Goals,Under 3.5,1.33,,,WON,
2025-12-20T15:00:00+00:00,League One,Queen of the South,Montrose,Over/Under Goals,Under 3.5,1.4,,,WON,
2025-12-20T15:00:00+00:00,League One,Rotherham,Huddersfield,Over/Under Goals,Under 3.5,1.33,,,LOST,
2025-12-20T15:00:00+00:00,League One,Stenhousemuir,Inverness CT,Over/Under Goals,Under 3.5,1.36,,,WON,
2025-12-20T15:00:00+00:00,League One,Wycombe,Bolton,Double Chance,Home/Draw,1.48,,,WON,
2025-12-20T15:00:00+00:00,League Two,Barnet,Salford City,Over/Under Goals,Over 1.5,1.25,,,WON,
2025-12-20T15:00:00+00:00,League Two,Clyde,Stirling Albion,1X2 / Match Winner,Home,1.47,,,LOST,
2025-12-20T15:00:00+00:00,League Two,Colchester,Newport County,1X2 / Match Winner,Home,1.57,,,WON,
2025-12-20T15:00:00+00:00,League Two,East Kilbride,Annan Athletic,Team Total Goals,Under 2.5,1.44,,,WON,
2025-12-20T15:00:00+00:00,League Two,Fleetwood Town,Gillingham,Over/Under Goals,Over 1.5,1.3,,,WON,
2025-12-20T15:00:00+00:00,League Two,Forfar Athletic,Edinburgh City,Double Chance,Home/Draw,1.4,,,LOST,
2025-12-20T15:00:00+00:00,League Two,Harrogate Town,Milton Keynes Dons,Asian Handicap,Home +1.25,1.55,,,LOST,
2025-12-20T15:00:00+00:00,League Two,Oldham,Tranmere,Team Total Goals,Under 2.5,1.17,,,LOST,
2025-12-20T15:00:00+00:00,League Two,Shrewsbury,Chesterfield,Team Total Goals,Over 0.5,1.25,,,WON,
2025-12-20T15:00:00+00:00,League Two,Spartans,Elgin City,1X2 / Match Winner,Draw,3.4,,,LOST,
2025-12-20T15:00:00+00:00,League Two,Stranraer,Dumbarton,Asian Handicap,Home +0,1.58,,,WON,
2025-12-20T15:00:00+00:00,League Two,Swindon Town,Crawley Town,Over/Under Goals,Over 1.5,1.18,,,LOST,
2025-12-20T15:00:00+00:00,Liga 3,Sanjoanense,SC Braga B,Over/Under Goals,Under 3.5,1.18,,,WON,
2025-12-20T15:00:00+00:00,Liga I,Oţelul,Arges Pitesti,Over/Under Goals,Under 3.5,1.15,,,WON,
2025-12-20T15:00:00+00:00,National League - North,Bedford Town,Marine,1X2 / Match Winner,Draw,3.3,,,WON,
2025-12-20T15:00:00+00:00,National League - North,Buxton,AFC Telford United,Over/Under Goals,Over 1.5,1.22,,,WON,
2025-12-20T15:00:00+00:00,National League - North,Chester,South Shields,Over/Under Goals,Under 3.5,1.42,,,LOST,
2025-12-20T15:00:00+00:00,National League - North,Chorley,Hereford,Over/Under Goals,Under 3.5,1.53,,,LOST,
2025-12-20T15:00:00+00:00,National League - North,Darlington 1883,King's Lynn Town,Over/Under Goals,Under 3.5,1.44,,,WON,
2025-12-20T15:00:00+00:00,National League - North,Kidderminster Harriers,AFC Fylde,Over/Under Goals,Under 3.5,1.33,,,WON,
2025-12-20T15:00:00+00:00,National League - North,Merthyr Town,Curzon Ashton,Asian Handicap,Home +0,1.5,,,WON,
2025-12-20T15:00:00+00:00,National League - North,Peterborough Sports,Scarborough Athletic,Double Chance,Home/Draw,1.48,,,LOST,
2025-12-20T15:00:00+00:00,National League - North,Radcliffe,Leamington,Over/Under Goals,Under 3.5,1.5,,,WON,
2025-12-20T15:00:00+00:00,National League - South,AFC Hornchurch,Enfield Town,Over/Under Goals,Under 3.5,1.48,,,LOST,
2025-12-20T15:00:00+00:00,National League - South,AFC Totton,Torquay,Over/Under Goals,Under 3.5,1.45,,,WON,
2025-12-20T15:00:00+00:00,National League - South,Bath City,Salisbury,Over/Under Goals,Under 3.5,1.22,,,WON,
2025-12-20T15:00:00+00:00,National League - South,Chelmsford City,Ebbsfleet United,Over/Under Goals,Under 3.5,1.3,,,WON,
2025-12-20T15:00:00+00:00,National League - South,Dover,Eastbourne Borough,Over/Under Goals,Under 3.5,1.42,,,LOST,
2025-12-20T15:00:00+00:00,National League - South,Hampton & Richmond,Maidstone Utd,Over/Under Goals,Under 3.5,1.33,,,WON,
2025-12-20T15:00:00+00:00,National League - South,Hemel Hempstead Town,Maidenhead,Over/Under Goals,Under 3.5,1.28,,,WON,
2025-12-20T15:00:00+00:00,National League - South,Horsham,Chesham United,Over/Under Goals,Under 3.5,1.22,,,WON,
2025-12-20T15:00:00+00:00,National League - South,Slough Town,Dorking Wanderers,Over/Under Goals,Under 3.5,1.53,,,WON,
2025-12-20T15:00:00+00:00,National League - South,Tonbridge Angels,Dagenham & Redbridge,Over/Under Goals,Under 3.5,1.28,,,LOST,
2025-12-20T15:00:00+00:00,Non League Premier - Isthmian,Billericay Town,Carshalton Athletic,Over/Under Goals,Under 3.5,1.42,,,WON,
2025-12-20T15:00:00+00:00,Non League Premier - Isthmian,Brentwood Town,Potters Bar Town,1X2 / Match Winner,Home,1.39,,,WON,
2025-12-20T15:00:00+00:00,Non League Premier - Isthmian,Cheshunt,Chatham Town,Over/Under Goals,Over 1.5,1.2,,,WON,
2025-12-20T15:00:00+00:00,Non League Premier - Isthmian,Chichester City,Hashtag United,Over/Under Goals,Under 3.5,1.44,,,WON,
2025-12-20T15:00:00+00:00,Non League Premier - Isthmian,Cray Valley PM,Whitehawk,Over/Under Goals,Under 3.5,1.35,,,WON,
2025-12-20T15:00:00+00:00,Non League Premier - Isthmian,Dartford,St Albans City,Over/Under Goals,Under 3.5,1.4,,,WON,
2025-12-20T15:00:00+00:00,Non League Premier - Isthmian,Dulwich Hamlet,Ramsgate,Over/Under Goals,Under 3.5,1.57,,,WON,
2025-12-20T15:00:00+00:00,Non League Premier - Isthmian,Folkestone Invicta,Canvey Island,Over/Under Goals,Under 3.5,1.75,,,WON,
2025-12-20T15:00:00+00:00,Non League Premier - Isthmian,Lewes,Welling United,Over/Under Goals,Over 1.5,1.19,,,LOST,
2025-12-20T15:00:00+00:00,Non League Premier - Northern,Bamber Bridge,Rylands,Over/Under Goals,Under 3.5,1.25,,,LOST,
2025-12-20T15:00:00+00:00,Non League Premier - Northern,Gainsborough Trinity,Ilkeston Town,Over/Under Goals,Under 3.5,1.25,,,WON,
2025-12-20T15:00:00+00:00,Non League Premier - Northern,Hebburn Town,Guiseley AFC,Over/Under Goals,Under 3.5,1.28,,,WON,
2025-12-20T15:00:00+00:00,Non League Premier - Northern,Hyde United,Cleethorpes Town,Double Chance,Home/Draw,1.6,,,WON,
2025-12-20T15:00:00+00:00,Non League Premier - Northern,Rushall Olympic,Leek Town,Double Chance,Home/Draw,1.44,,,WON,
2025-12-20T15:00:00+00:00,Non League Premier - Northern,United of Manchester,Lancaster City,Team Total Goals,Over 0.5,1.2,,,WON,
2025-12-20T15:00:00+00:00,Non League Premier - Northern,Warrington Town,Hednesford Town,Double Chance,Home/Draw,1.7,,,WON,
2025-12-20T15:00:00+00:00,Non League Premier - Northern,Workington,Stockton Town,Over/Under Goals,Under 3.5,1.31,,,WON,
2025-12-20T15:00:00+00:00,Non League Premier - Southern Central,Bishop's Stortford,Bromsgrove Sporting,Over/Under Goals,Over 1.5,1.15,,,WON,
2025-12-20T15:00:00+00:00,Non League Premier - Southern Central,Bury Town,Stourbridge,Over/Under Goals,Over 1.5,1.19,,,WON,
2025-12-20T15:00:00+00:00,Non League Premier - Southern Central,Halesowen Town,Leiston,Over/Under Goals,Over 1.5,1.15,,,WON,
2025-12-20T15:00:00+00:00,Non League Premier - Southern Central,Kettering Town,Royston Town,1X2 / Match Winner,Home,1.63,,,WON,
2025-12-20T15:00:00+00:00,Non League Premier - Southern Central,Needham Market,Harborough Town,Double Chance,Home/Draw,1.6,,,LOST,
2025-12-20T15:00:00+00:00,Non League Premier - Southern Central,Redditch United,AFC Sudbury,Over/Under Goals,Over 1.5,1.16,,,WON,
2025-12-20T15:00:00+00:00,Non League Premier - Southern Central,Spalding United,Real Bedford,Over/Under Goals,Under 3.5,1.42,,,LOST,
2025-12-20T15:00:00+00:00,Non League Premier - Southern Central,St Ives Town,Barwell,Over/Under Goals,Under 3.5,1.3,,,WON,
2025-12-20T15:00:00+00:00,Non League Premier - Southern South,Basingstoke Town,Evesham United,Over/Under Goals,Under 3.5,1.44,,,WON,
2025-12-20T15:00:00+00:00,Non League Premier - Southern South,Farnham Town,Gosport Borough,Over/Under Goals,Over 1.5,1.15,,,WON,
2025-12-20T15:00:00+00:00,Non League Premier - Southern South,Gloucester City,Hungerford Town,1X2 / Match Winner,Home,1.66,,,WON,
2025-12-20T15:00:00+00:00,Non League Premier - Southern South,Havant & Wville,Wimborne Town,Double Chance,Home/Draw,1.4,,,WON,
2025-12-20T15:00:00+00:00,Non League Premier - Southern South,Poole Town,Sholing,Double Chance,Home/Draw,1.4,,,LOST,
2025-12-20T15:00:00+00:00,Non League Premier - Southern South,Uxbridge,Bracknell Town,Double Chance,Home/Draw,1.4,,,LOST,
2025-12-20T15:00:00+00:00,Non League Premier - Southern South,Walton & Hersham,Hanwell Town,1X2 / Match Winner,Home,1.5,,,WON,
2025-12-20T15:00:00+00:00,Non League Premier - Southern South,Weymouth,Plymouth Parkway,Over/Under Goals,Under 3.5,1.34,,,WON,
2025-12-20T15:00:00+00:00,Non League Premier - Southern South,Yate Town,Taunton Town,Double Chance,Home/Draw,1.4,,,LOST,
2025-12-20T15:00:00+00:00,Premier League,Awassa Kenema,Ethiopian Medhin,Over/Under Goals,Under 2.5,1.4,,,LOST,
2025-12-20T15:00:00+00:00,Premier League,Bournemouth,Burnley,Over/Under Goals,Over 1.5,1.25,,,WON,
2025-12-20T15:00:00+00:00,Premier League,Brighton,Sunderland,1X2 / Match Winner,Draw,4.25,,,WON,
2025-12-20T15:00:00+00:00,Premier League,Manchester City,West Ham,1X2 / Match Winner,Home,1.24,,,WON,
2025-12-20T15:00:00+00:00,Premier League,Wolves,Brentford,Team Total Goals,Under 2.5,1.18,,,WON,
2025-12-20T15:00:00+00:00,Premiership,Ballymena United,Carrick Rangers,Asian Handicap,Home +0,1.62,,,WON,
2025-12-20T15:00:00+00:00,Premiership,Bangor,Cliftonville FC,Over/Under Goals,Under 3.5,1.33,,,WON,
2025-12-20T15:00:00+00:00,Premiership,Crusaders FC,Larne,Over/Under Goals,Under 3.5,1.33,,,WON,
2025-12-20T15:00:00+00:00,Premiership,Dundee Utd,Hibernian,Double Chance,Home/Draw,1.67,,,WON,
2025-12-20T15:00:00+00:00,Premiership,Dungannon Swifts,Portadown,Over/Under Goals,Under 3.5,1.4,,,LOST,
2025-12-20T15:00:00+00:00,Premiership,Glenavon FC,Linfield,Over/Under Goals,Under 3.5,1.44,,,WON,
2025-12-20T15:00:00+00:00,Premiership,Kilmarnock,Falkirk,Asian Handicap,Away -0.5,1.57,,,WON,
2025-12-20T15:00:00+00:00,Premiership,Motherwell,Dundee,Over/Under Goals,Under 3.5,1.42,,,WON,
2025-12-20T15:00:00+00:00,Premiership,ST Mirren,Livingston,Team Total Goals,Over 0.5,1.17,,,WON,
2025-12-20T15:00:00+00:00,Segunda División RFEF - Group 1,Atlético Astorga,Numancia,Asian Handicap,Home +1.25,1.18,,,WON,
2025-12-20T15:00:00+00:00,Segunda División RFEF - Group 1,Burgos Promesas,Marino de Luanco,1X2 / Match Winner,Draw,3.2,,,LOST,
2025-12-20T15:00:00+00:00,Segunda División RFEF - Group 5,Colonia Moscardó,Quintanar del Rey,Double Chance,Draw/Away,1.55,,,WON,
2025-12-20T15:00:00+00:00,Segunda División RFEF - Group 5,Conquense,Intercity,Over/Under Goals,Under 2.5,1.67,,,LOST,
2025-12-20T15:00:00+00:00,Segunda División RFEF - Group 5,Getafe II,Orihuela,Over/Under Goals,Under 3.5,1.17,,,LOST,
2025-12-20T15:15:00+00:00,La Liga,Levante,Real Sociedad,Over/Under Goals,Under 3.5,1.33,,,WON,
2025-12-20T15:15:00+00:00,Primera División RFEF - Group 1,Celta de Vigo II,Real Madrid II,Asian Handicap,Home +0.25,1.42,,,WON,
2025-12-20T15:15:00+00:00,Primera División RFEF - Group 2,Marbella,Hércules,Over/Under Goals,Under 3.5,1.17,,,WON,
2025-12-20T15:15:00+00:00,Segunda Division,Huesca,Racing Santander,Over/Under Goals,Under 3.5,1.3,,,WON,
2025-12-20T15:30:00+00:00,3. Liga,TSV 1860 München,Verl,Over/Under Goals,Under 3.5,1.45,,,WON,
2025-12-20T15:30:00+00:00,Eerste Divisie,FC OSS,De Graafschap,Over/Under Goals,Under 3.5,1.83,,,LOST,
2025-12-20T15:30:00+00:00,Eredivisie,Heracles,Heerenveen,Over/Under Goals,Over 1.5,1.18,,,WON,
2025-12-20T15:30:00+00:00,Ligat Ha'al,Hapoel Katamon,Hapoel Haifa,Double Chance,Home/Draw,1.45,,,LOST,
2025-12-20T15:30:00+00:00,Pro League,Al Ain,Al-Ittihad Kalba,Over/Under Goals,Under 3.5,1.65,,,WON,
2025-12-20T15:30:00+00:00,Segunda División RFEF - Group 2,Basconia,Sestao River,Over/Under Goals,Under 3.5,1.15,,,LOST,
2025-12-20T15:30:00+00:00,Segunda División RFEF - Group 2,Utebo,Deportivo Alavés II,Double Chance,Draw/Away,1.6,,,WON,
2025-12-20T15:30:00+00:00,Segunda Liga,Feirense,Pacos Ferreira,Over/Under Goals,Under 2.5,1.48,,,WON,
2025-12-20T15:30:00+00:00,Segunda Liga,Vizela,Academico Viseu,Over/Under Goals,Under 3.5,1.25,,,WON,
2025-12-20T15:30:00+00:00,Tercera División RFEF - Group 18,Villacañas,Albacete II,Over/Under Goals,Under 2.5,1.44,,,WON,
2025-12-20T16:00:00+00:00,Júniores U19,Rio Ave U19,Chaves U19,Over/Under Goals,Under 3.5,1.41,,,WON,
2025-12-20T16:00:00+00:00,Premier League,Al Riffa,Al Ahli,Over/Under Goals,Under 3.5,1.35,,,WON,
2025-12-20T16:00:00+00:00,Premier League,Kaédi,Ksar,1X2 / Match Winner,Home,1.62,,,LOST,
2025-12-20T16:00:00+00:00,Premier League,Nouakchott Academie,Nouakchott King's,Double Chance,Home/Draw,1.4,,,WON,
2025-12-20T16:00:00+00:00,Segunda División RFEF - Group 1,Bergantiños,Sámano,Over/Under Goals,Under 2.5,1.75,,,WON,
2025-12-20T16:00:00+00:00,Segunda División RFEF - Group 2,Amorebieta,Mutilvera,Over/Under Goals,Under 3.5,1.19,,,WON,
2025-12-20T16:00:00+00:00,Segunda División RFEF - Group 4,Estepona,Almería II,Over/Under Goals,Under 3.5,1.17,,,WON,
2025-12-20T16:00:00+00:00,Super League 1,Volos NFC,Panetolikos,Over/Under Goals,Under 3.5,1.25,,,WON,
2025-12-20T16:00:00+00:00,TFF 1. Lig,Manisa BBSK,Keçiörengücü,Double Chance,Home/Draw,1.62,,,WON,
2025-12-20T16:00:00+00:00,Tercera División RFEF - Group 11,Mallorca II,Binissalem,1X2 / Match Winner,Home,1.16,,,WON,
2025-12-20T16:15:00+00:00,Serie B,Avellino,Palermo,Over/Under Goals,Under 3.5,1.28,,,LOST,
2025-12-20T16:30:00+00:00,Ligat Ha'al,Bnei Sakhnin,Ashdod,Double Chance,Home/Draw,1.5,,,WON,
2025-12-20T16:30:00+00:00,Ligat Ha'al,Hapoel Petah Tikva,Ironi Kiryat Shmona,1X2 / Match Winner,Draw,3.28,,,LOST,
2025-12-20T16:30:00+00:00,Segunda División RFEF - Group 4,Extremadura 1924,Xerez,1X2 / Match Winner,Draw,3.0,,,LOST,
2025-12-20T16:30:00+00:00,Segunda División RFEF - Group 5,Fuenlabrada,Elche II,Over/Under Goals,Under 3.5,1.23,,,WON,
2025-12-20T16:30:00+00:00,Serie C - Girone A,Pro Patria,Renate,Over/Under Goals,Under 3.5,1.28,,,WON,
2025-12-20T16:30:00+00:00,Serie C - Girone A,Virtus Verona,Lumezzane,Over/Under Goals,Under 3.5,1.22,,,WON,
2025-12-20T16:30:00+00:00,Serie C - Girone B,Livorno,Pontedera,Over/Under Goals,Under 3.5,1.2,,,LOST,
2025-12-20T16:30:00+00:00,Serie C - Girone B,Pineto,Gubbio,Over/Under Goals,Under 3.5,1.2,,,WON,
2025-12-20T16:30:00+00:00,Serie C - Girone B,Sambenedettese,Vis Pesaro,Over/Under Goals,Under 2.5,1.5,,,WON,
2025-12-20T16:30:00+00:00,Tercera División RFEF - Group 17,Caspe,Atlético Monzón,Over/Under Goals,Under 2.5,1.44,,,LOST,
2025-12-20T16:30:00+00:00,Tercera División RFEF - Group 9,Mijas Las Lagunas,Huétor Tájar,1X2 / Match Winner,Home,1.67,,,WON,
2025-12-20T16:45:00+00:00,Prva HNL,Dinamo Zagreb,NK Lokomotiva Zagreb,Over/Under Goals,Over 1.5,1.18,,,WON,
2025-12-20T16:45:00+00:00,Segunda División RFEF - Group 5,CD Coria,RSD Alcalá,Over/Under Goals,Under 2.5,1.62,,,WON,
2025-12-20T17:00:00+00:00,1. Division,Anorthosis,Olympiakos,Over/Under Goals,Under 3.5,1.33,,,WON,
2025-12-20T17:00:00+00:00,Challenge League,Bellinzona,FC WIL 1900,Over/Under Goals,Under 2.5,2.05,,,WON,
2025-12-20T17:00:00+00:00,Coupe de France,Stade Béthunois,Sochaux,BTTS,No,1.5,,,LOST,
2025-12-20T17:00:00+00:00,Ligue 1,CR Belouizdad,Oued Akbou,Over/Under Goals,Under 2.5,1.48,,,LOST,
2025-12-20T17:00:00+00:00,NB I,Gyori ETO FC,Puskas Academy,Over/Under Goals,Under 3.5,1.45,,,WON,
2025-12-20T17:00:00+00:00,Segunda División RFEF - Group 1,Langreo,Real Valladolid II,Over/Under Goals,Under 2.5,1.62,,,WON,
2025-12-20T17:00:00+00:00,Segunda División RFEF - Group 4,Antoniano,Deportiva Minera,Over/Under Goals,Under 3.5,1.15,,,WON,
2025-12-20T17:00:00+00:00,Serie A,Lazio,Cremonese,Over/Under Goals,Under 3.5,1.3,,,WON,
2025-12-20T17:00:00+00:00,Super League,FC Thun,FC Zurich,Over/Under Goals,Under 3.5,1.5,,,LOST,
2025-12-20T17:00:00+00:00,Super Lig,Beşiktaş,Rizespor,Over/Under Goals,Over 1.5,1.2,,,LOST,
2025-12-20T17:00:00+00:00,Super Liga,IMT Novi Beograd,FK Partizan,1X2 / Match Winner,Away,1.5,,,LOST,
2025-12-20T17:00:00+00:00,Tercera División RFEF - Group 10,Conil,Pozoblanco,Over/Under Goals,Under 2.5,1.65,,,WON,
2025-12-20T17:15:00+00:00,Jupiler Pro League,KVC Westerlo,RAAL La Louvière,Asian Handicap,Home +0.5,1.21,,,WON,
2025-12-20T17:30:00+00:00,Bundesliga 1,RB Leipzig,Bayer Leverkusen,Asian Handicap,Home +0,1.57,,,LOST,
2025-12-20T17:30:00+00:00,La Liga,Osasuna,Alaves,Over/Under Goals,Under 2.5,1.5,,,LOST,
2025-12-20T17:30:00+00:00,Liga 3,Varzim,Trofense,Over/Under Goals,Under 3.5,1.18,,,WON,
2025-12-20T17:30:00+00:00,Ligat Ha'al,Ironi Tiberias,Hapoel Beer Sheva,Over/Under Goals,Under 3.5,1.62,,,WON,
2025-12-20T17:30:00+00:00,National League,Tamworth,Southend,Over/Under Goals,Over 1.5,1.25,,,WON,
2025-12-20T17:30:00+00:00,National League,York,Truro City,1X2 / Match Winner,Home,1.18,,,WON,
2025-12-20T17:30:00+00:00,Premier League,Tottenham,Liverpool,Over/Under Goals,Over 1.5,1.22,,,WON,
2025-12-20T17:30:00+00:00,Primera División RFEF - Group 1,Tenerife,Ponferradina,Over/Under Goals,Under 3.5,1.2,,,WON,
2025-12-20T17:30:00+00:00,Primera División RFEF - Group 1,Unionistas de Salamanca,Cacereño,Over/Under Goals,Under 3.5,1.17,,,LOST,
2025-12-20T17:30:00+00:00,Primera División RFEF - Group 2,Tarazona,Teruel,BTTS,No,1.57,,,LOST,
2025-12-20T17:30:00+00:00,Segunda Division,Leganes,Sporting Gijon,Over/Under Goals,Under 3.5,1.18,,,WON,
2025-12-20T17:30:00+00:00,Segunda División RFEF - Group 2,Gernika,Eibar II,Over/Under Goals,Under 2.5,1.44,,,LOST,
2025-12-20T17:45:00+00:00,Eredivisie,Excelsior,PEC Zwolle,Asian Handicap,Home +0.25,1.45,,,WON,
2025-12-20T18:00:00+00:00,Liga I,Uta Arad,Dinamo Bucuresti,Over/Under Goals,Under 3.5,1.25,,,WON,
2025-12-20T18:00:00+00:00,Primeira Liga,GIL Vicente,Rio Ave,Over/Under Goals,Under 3.5,1.25,,,LOST,
2025-12-20T18:00:00+00:00,Segunda División RFEF - Group 2,Ejea,Tudelano,Over/Under Goals,Under 2.5,1.67,,,LOST,
2025-12-20T18:30:00+00:00,Serie B,Pescara,Reggiana,Double Chance,Home/Draw,1.48,,,WON,
2025-12-20T18:30:00+00:00,Super League 1,Olympiakos Piraeus,Kifisia,1X2 / Match Winner,Home,1.15,,,LOST,
2025-12-20T18:30:00+00:00,Super League Women,Gent W,Genk W,Over/Under Goals,Under 3.5,1.27,,,LOST,
2025-12-20T19:00:00+00:00,Challenger Pro League,SK Beveren,Beerschot VA,Over/Under Goals,Under 3.5,1.25,,,LOST,
2025-12-20T19:00:00+00:00,Eerste Divisie,Almere City FC,Emmen,Over/Under Goals,Over 2.5,1.48,,,WON,
2025-12-20T19:00:00+00:00,Eredivisie,NEC Nijmegen,Ajax,Double Chance,Home/Draw,1.44,,,WON,
2025-12-20T19:00:00+00:00,USL Super League,Carolina Ascent W,DC Power W,Over/Under Goals,Under 3.5,1.36,,,WON,
2025-12-20T19:30:00+00:00,Bundesliga 2,Holstein Kiel,Dynamo Dresden,Over/Under Goals,Under 3.5,1.5,,,WON,
2025-12-20T19:30:00+00:00,Liga de Ascenso,Cariari Pococi,AD Cofutpa,1X2 / Match Winner,Home,1.7,,,LOST,
2025-12-20T19:30:00+00:00,Super League,FC Basel 1893,Servette FC,1X2 / Match Winner,Home,1.59,,,LOST,
2025-12-20T19:45:00+00:00,Jupiler Pro League,Union St. Gilloise,Zulte Waregem,Over/Under Goals,Over 1.5,1.15,,,WON,
2025-12-20T19:45:00+00:00,National League,Yeovil Town,Forest Green,Over/Under Goals,Under 3.5,1.36,,,WON,
2025-12-20T19:45:00+00:00,Serie A,Juventus,AS Roma,Over/Under Goals,Under 2.5,1.62,,,LOST,
2025-12-20T20:00:00+00:00,Eredivisie,NAC Breda,Telstar,Double Chance,Home/Draw,1.22,,,LOST,
2025-12-20T20:00:00+00:00,Feminine Division 1,Montpellier W,Marseille W,Asian Handicap,Home +0.25,1.45,,,LOST,
2025-12-20T20:00:00+00:00,Feminine Division 1,Paris Saint Germain W,Paris FC W,Over/Under Goals,Under 3.5,1.5,,,WON,
2025-12-20T20:00:00+00:00,La Liga,Real Madrid,Sevilla,Over/Under Goals,Under 3.5,1.9,,,WON,
2025-12-20T20:00:00+00:00,Premier League,Everton,Arsenal,Over/Under Goals,Under 3.5,1.25,,,WON,
2025-12-20T20:00:00+00:00,Premier League,Leeds,Crystal Palace,Asian Handicap,Home +0.5,1.62,,,WON,
2025-12-20T20:00:00+00:00,Primera División RFEF - Group 2,Antequera,Gimnastic,Over/Under Goals,Under 2.5,1.5,,,LOST,
2025-12-20T20:00:00+00:00,Primera División RFEF - Group 2,Sabadell,Atlético Madrid II,Over/Under Goals,Under 2.5,1.44,,,WON,
2025-12-20T20:00:00+00:00,Segunda Division,Las Palmas,Cultural Leonesa,Over/Under Goals,Under 3.5,1.22,,,LOST,
2025-12-20T20:30:00+00:00,Primeira Liga,Estrela,Moreirense,Over/Under Goals,Over 1.5,1.4,,,LOST,
2025-12-20T20:30:00+00:00,USL Super League,Dallas Trinity W,Lexington W,Over/Under Goals,Under 3.5,1.3,,,WON,
2025-12-20T21:30:00+00:00,Liga Pro,Aucas,Macara,Over/Under Goals,Under 3.5,1.3,,,WON,
2025-12-20T21:30:00+00:00,Liga Pro,Deportivo Cuenca,Emelec,Over/Under Goals,Under 3.5,1.25,,,LOST,
2025-12-21T00:30:00+00:00,USL Super League,Fort Lauderdale United W,Spokane Zephyr W,Asian Handicap,Home +0,1.45,,,LOST,
2025-12-21T01:00:00+00:00,Liga Nacional,CD Motagua,CD Olimpia,Over/Under Goals,Under 3.5,1.47,,,WON,
2025-12-21T01:00:00+00:00,Primera División,LD Alajuelense,Deportivo Saprissa,Over/Under Goals,Under 3.5,1.17,,,LOST,
2025-12-21T02:00:00+00:00,A-League,Wellington Phoenix,Central Coast Mariners,1X2 / Match Winner,Draw,3.8,,,LOST,
2025-12-21T08:30:00+00:00,Liga 1,PSM Makassar,Malut United,Over/Under Goals,Under 3.5,1.34,,,WON,
2025-12-21T08:30:00+00:00,Liga 1,Persita,Persik Kediri,Over/Under Goals,Under 3.5,1.24,,,WON,
2025-12-21T10:00:00+00:00,1a Divisió,Atlètic Club d'Escaldes,UE Santa Coloma,Over/Under Goals,Under 3.5,1.18,,,WON,
2025-12-21T10:00:00+00:00,2. Lig,Adana 1954 FK,24 Erzincanspor,Over/Under Goals,Under 3.5,1.29,,,WON,
2025-12-21T10:00:00+00:00,2. Lig,Batman Petrolspor,Buca FK,Over/Under Goals,Under 3.5,1.6,,,WON,
2025-12-21T10:00:00+00:00,3. Lig - Group 3,Düzcespor,Tokat Bld Plevnespor,Over/Under Goals,Under 3.5,1.2,,,WON,
2025-12-21T10:00:00+00:00,Campionato Primavera - 1,Frosinone U20,Sassuolo U20,Double Chance,Home/Draw,1.53,,,WON,
2025-12-21T10:00:00+00:00,Premier League,Dire Dawa Kenema,Adama Kenema,Over/Under Goals,Under 2.5,1.36,,,WON,
2025-12-21T10:30:00+00:00,TFF 1. Lig,Hatayspor,Serik Belediyespor,Over/Under Goals,Under 2.5,2.2,,,WON,
2025-12-21T11:00:00+00:00,C-League,Life Sihanoukville,Visakha,Over/Under Goals,Under 3.5,1.65,,,LOST,
2025-12-21T11:00:00+00:00,C-League,National Defense,NagaWorld,Over/Under Goals,Under 3.5,1.36,,,WON,
2025-12-21T11:00:00+00:00,C-League,Phnom Penh Crown,Boeung Ket,Over/Under Goals,Under 3.5,1.47,,,WON,
2025-12-21T11:00:00+00:00,Campeonato de Portugal Prio - Group A,Celoricense,Camacha,Over/Under Goals,Under 2.5,1.57,,,LOST,
2025-12-21T11:00:00+00:00,Campeonato de Portugal Prio - Group C,Os Marialvas,Lajense,Over/Under Goals,Under 2.5,1.57,,,LOST,
2025-12-21T11:00:00+00:00,FA Cup,Sisaket United,Rayong FC,Over/Under Goals,Under 3.5,1.33,,,WON,
2025-12-21T11:00:00+00:00,Júniores U19,Sporting CP U19,Santa Clara U19,Over/Under Goals,Under 3.5,1.33,,,WON,
2025-12-21T11:00:00+00:00,Premyer Liqa,Qabala,Qarabag,Over/Under Goals,Under 3.5,1.25,,,WON,
2025-12-21T11:00:00+00:00,Primera División RFEF - Group 1,Arenas Getxo,CF Talavera,Over/Under Goals,Under 3.5,1.17,,,WON,
2025-12-21T11:00:00+00:00,Primera División RFEF - Group 1,Arenteiro,Osasuna II,Over/Under Goals,Under 3.5,1.17,,,WON,
2025-12-21T11:00:00+00:00,Primera División RFEF - Group 2,Alcorcon,Ibiza,Over/Under Goals,Under 3.5,1.17,,,LOST,
2025-12-21T11:00:00+00:00,Segunda División RFEF - Group 1,Deportivo La Coruña II,Real Ávila,Over/Under Goals,Under 3.5,1.18,,,WON,
2025-12-21T11:00:00+00:00,Segunda División RFEF - Group 1,Real Oviedo II,Gimnástica Segoviana,Over/Under Goals,Under 3.5,1.16,,,WON,
2025-12-21T11:00:00+00:00,Segunda División RFEF - Group 2,Náxara,Real Unión,Over/Under Goals,Under 3.5,1.2,,,LOST,
2025-12-21T11:00:00+00:00,Segunda División RFEF - Group 2,Real Zaragoza II,Beasain,Over/Under Goals,Under 3.5,1.2,,,WON,
2025-12-21T11:00:00+00:00,Segunda División RFEF - Group 3,Atlético Baleares,Barcelona B,Double Chance,Draw/Away,1.55,,,WON,
2025-12-21T11:00:00+00:00,Segunda División RFEF - Group 3,Espanyol II,Porreres,Over/Under Goals,Under 3.5,1.18,,,WON,
2025-12-21T11:00:00+00:00,Segunda División RFEF - Group 3,Ibiza Islas Pitiusas,Atlètic Lleida,Over/Under Goals,Under 3.5,1.15,,,WON,
2025-12-21T11:00:00+00:00,Segunda División RFEF - Group 4,Melilla,Recreativo Huelva,Over/Under Goals,Under 2.5,1.5,,,WON,
2025-12-21T11:00:00+00:00,Segunda División RFEF - Group 4,Ucam Murcia,La Unión Atlético,Over/Under Goals,Under 3.5,1.16,,,WON,
2025-12-21T11:00:00+00:00,Segunda División RFEF - Group 4,Águilas,Real Jaén,Over/Under Goals,Under 3.5,1.17,,,WON,
2025-12-21T11:00:00+00:00,Segunda Liga,Felgueiras 1932,FC Porto B,Over/Under Goals,Under 3.5,1.28,,,WON,
2025-12-21T11:15:00+00:00,Eerste Divisie,Den Bosch,Vitesse,Over/Under Goals,Under 3.5,1.55,,,WON,
2025-12-21T11:15:00+00:00,Eredivisie,Utrecht,PSV Eindhoven,Over/Under Goals,Over 1.5,1.17,,,WON,
2025-12-21T11:15:00+00:00,Segunda División RFEF - Group 5,Rayo Vallecano II,Rayo Majadahonda,Over/Under Goals,Under 3.5,1.17,,,LOST,
2025-12-21T11:30:00+00:00,Segunda División RFEF - Group 4,Xerez Deportivo,Lorca Deportiva,Over/Under Goals,Under 3.5,1.16,,,WON,
2025-12-21T11:30:00+00:00,Serie A,Cagliari,Pisa,Over/Under Goals,Under 3.5,1.2,,,LOST,
2025-12-21T11:30:00+00:00,Serie C - Girone B,Ascoli,Campobasso FC,Over/Under Goals,Under 3.5,1.3,,,WON,
2025-12-21T11:30:00+00:00,Serie C - Girone B,Bra,Juventus U23,Over/Under Goals,Under 3.5,1.3,,,WON,
2025-12-21T11:30:00+00:00,Super Lig,Alanyaspor,Fatih Karagümrük,Double Chance,Home/Draw,1.15,,,WON,
2025-12-21T12:00:00+00:00,2. Lig,Altınordu,Kepez Belediyespor,Over/Under Goals,Under 3.5,1.29,,,LOST,
2025-12-21T12:00:00+00:00,2. Lig,Ankaragücü,Erbaaspor,Over/Under Goals,Under 3.5,1.45,,,WON,
2025-12-21T12:00:00+00:00,2. Lig,Karacabey Belediyespor,Tuzlaspor,Over/Under Goals,Under 3.5,1.2,,,LOST,
2025-12-21T12:00:00+00:00,3. Lig - Group 1,Küçükçekmece Sinopspor,Çorluspor 1947,Over/Under Goals,Under 2.5,1.65,,,LOST,
2025-12-21T12:00:00+00:00,3. Lig - Group 4,Kütahyaspor,Söke 1970,1X2 / Match Winner,Home,1.46,,,WON,
2025-12-21T12:00:00+00:00,Campeonato de Portugal Prio - Group C,Lusitânia,Peniche,Over/Under Goals,Under 2.5,1.65,,,WON,
2025-12-21T12:00:00+00:00,Campionato Primavera - 1,Fiorentina U20,Cagliari U20,Over/Under Goals,Under 3.5,1.3,,,WON,
2025-12-21T12:00:00+00:00,FA Cup,Port FC,Bangkok United,Over/Under Goals,Under 3.5,1.36,,,WON,
2025-12-21T12:00:00+00:00,Liga 1,Persib Bandung,Bhayangkara FC,Over/Under Goals,Under 3.5,1.24,,,WON,
2025-12-21T12:00:00+00:00,Liga I,AFC Hermannstadt,Petrolul Ploiesti,Over/Under Goals,Under 3.5,1.18,,,WON,
2025-12-21T12:00:00+00:00,National League,Brackley Town,Morecambe,Over/Under Goals,Under 3.5,1.44,,,WON,
2025-12-21T12:00:00+00:00,National League,Solihull Moors,Sutton Utd,Over/Under Goals,Over 1.5,1.22,,,WON,
2025-12-21T12:00:00+00:00,Super League 2,Marko,Kissamikos,Over/Under Goals,Under 3.5,1.15,,,WON,
2025-12-21T12:00:00+00:00,Super League,Equity Bank,Vihiga United FC,Over/Under Goals,Under 2.5,1.57,,,LOST,
2025-12-21T12:00:00+00:00,Super League,Kabati Youth FC,3K,Double Chance,Home/Draw,1.4,,,LOST,
2025-12-21T12:00:00+00:00,Super League,Luanda Villa,Kisumu All Stars,Over/Under Goals,Under 2.5,1.4,,,LOST,
2025-12-21T12:00:00+00:00,Super League,MCF,Darajani Gogo,BTTS,No,1.58,,,WON,
2025-12-21T12:00:00+00:00,Super Liga,OFK Beograd,TSC Backa Topola,Asian Handicap,Home +0.25,1.48,,,LOST,
2025-12-21T12:00:00+00:00,Superliga,Dukagjini,Ballkani,Over/Under Goals,Under 3.5,1.22,,,WON,
2025-12-21T12:00:00+00:00,Superliga,Malisheva,Drita,Double Chance,Home/Draw,1.4,,,WON,
2025-12-21T12:15:00+00:00,1a Divisió,Inter Club d'Escaldes,Esperança d'Andorra,Over/Under Goals,Under 3.5,2.07,,,WON,
2025-12-21T12:25:00+00:00,Division 1,Al Orubah,Al-Raed,Double Chance,Home/Draw,1.4,,,WON,
2025-12-21T12:30:00+00:00,1st Division,Besa Kavajë,Iliria Fushë-Krujë,Asian Handicap,Home +0.25,1.18,,,WON,
2025-12-21T12:30:00+00:00,1st Division,FK Kukesi,Skenderbeu Korce,Over/Under Goals,Under 2.5,2.08,,,WON,
2025-12-21T12:30:00+00:00,3. Liga,Havelse,Alemannia Aachen,Over/Under Goals,Over 1.5,1.2,,,WON,
2025-12-21T12:30:00+00:00,Bundesliga 2,1. FC Nürnberg,Hannover 96,Over/Under Goals,Under 3.5,1.5,,,WON,
2025-12-21T12:30:00+00:00,Bundesliga 2,Eintracht Braunschweig,FC Schalke 04,Double Chance,Home/Draw,1.67,,,WON,
2025-12-21T12:30:00+00:00,Bundesliga 2,Preußen Münster,SV Elversberg,Over/Under Goals,Under 3.5,1.44,,,WON,
2025-12-21T12:30:00+00:00,Jupiler Pro League,Club Brugge KV,Gent,Over/Under Goals,Under 3.5,1.65,,,WON,
2025-12-21T12:30:00+00:00,Premier League,GAP Connah S Quay FC,Briton Ferry,Team Total Goals,Over 0.5,1.57,,,WON,
2025-12-21T12:30:00+00:00,Second League,El Seka El Hadid,Itesalat,Over/Under Goals,Under 2.5,1.36,,,LOST,
2025-12-21T12:50:00+00:00,Pro League,Al Bataeh,Al Nasr,Over/Under Goals,Under 3.5,1.36,,,LOST,
2025-12-21T13:00:00+00:00,Challenge League,Mgarr United,Sirens,Double Chance,Home/Draw,1.5,,,LOST,
2025-12-21T13:00:00+00:00,Challenge League,Swieqi United,Pietà Hotspurs,Double Chance,Draw/Away,1.67,,,LOST,
2025-12-21T13:00:00+00:00,Challenge League,Yverdon Sport,Rapperswil,Asian Handicap,Away -1.25,1.68,,,WON,
2025-12-21T13:00:00+00:00,Frauen Bundesliga,SC Freiburg W,Werder Bremen W,Over/Under Goals,Under 3.5,1.65,,,WON,
2025-12-21T13:00:00+00:00,Hazfi Cup,Naft Gachsaran,Paykan,Over/Under Goals,Under 2.5,1.5,,,WON,
2025-12-21T13:00:00+00:00,Hazfi Cup,Sepahan FC,Kheybar Khorramabad,1X2 / Match Winner,Home,1.46,,,LOST,
2025-12-21T13:00:00+00:00,La Liga,Girona,Atletico Madrid,Team Total Goals,Over 0.5,1.48,,,LOST,
2025-12-21T13:00:00+00:00,Ligue 2,ASM Oran,WA Mostaganem,Double Chance,Home/Draw,1.15,,,WON,
2025-12-21T13:00:00+00:00,Premier League,Mekelakeya,Mebrat Hayl,Over/Under Goals,Under 2.5,1.36,,,WON,
2025-12-21T13:00:00+00:00,Premier League,Sidama Bunna,Kedus Giorgis,Asian Handicap,Home +0,1.62,,,WON,
2025-12-21T13:00:00+00:00,Segunda Division,Malaga,Almeria,Double Chance,Home/Draw,1.57,,,WON,
2025-12-21T13:00:00+00:00,Super League 2,Ellas Syros,Ilioupoli,1X2 / Match Winner,Home,1.45,,,LOST,
2025-12-21T13:00:00+00:00,Super League 2,Kavala,Niki Volos,Over/Under Goals,Under 3.5,1.16,,,LOST,
2025-12-21T13:00:00+00:00,Super League 2,PAOK II,Iraklis 1908,Over/Under Goals,Under 2.5,1.75,,,LOST,
2025-12-21T13:00:00+00:00,Super League 2,Panargiakos,Olympiakos Piraeus II,Over/Under Goals,Under 3.5,1.25,,,WON,
2025-12-21T13:00:00+00:00,Super League 2,Panionios,Egaleo,Over/Under Goals,Under 3.5,1.27,,,WON,
2025-12-21T13:00:00+00:00,Super League,Lausanne,FC Luzern,Over/Under Goals,Under 3.5,1.55,,,LOST,
2025-12-21T13:00:00+00:00,TFF 1. Lig,Yeni Çorumspor,Sakaryaspor,Over/Under Goals,Under 3.5,1.44,,,WON,
2025-12-21T13:00:00+00:00,TFF 1. Lig,Ümraniyespor,Adana Demirspor,Over/Under Goals,Over 2.5,1.4,,,WON,
2025-12-21T13:00:00+00:00,WSL Cup,Liverpool W,Chelsea W,Over/Under Goals,Under 3.5,1.59,,,LOST,
2025-12-21T13:00:00+00:00,WSL Cup,Manchester United W,Tottenham Hotspur W,Over/Under Goals,Under 3.5,1.45,,,WON,
2025-12-21T13:00:00+00:00,Women's Championship,Sheffield United W,Southampton W,Double Chance,Home/Draw,1.58,,,LOST,
2025-12-21T13:30:00+00:00,Eerste Divisie,Helmond Sport,Willem II,Over/Under Goals,Under 3.5,1.45,,,LOST,
2025-12-21T13:30:00+00:00,Eredivisie,Feyenoord,Twente,Over/Under Goals,Under 3.5,1.57,,,WON,
2025-12-21T13:30:00+00:00,Eredivisie,GO Ahead Eagles,Groningen,Asian Handicap,Home +0.5,1.65,,,WON,
2025-12-21T13:30:00+00:00,Premiership,Heart Of Midlothian,Rangers,Over/Under Goals,Under 3.5,1.33,,,WON,
2025-12-21T13:30:00+00:00,Premyer Liqa,Araz,Keshla FC,Double Chance,Draw/Away,1.53,,,LOST,
2025-12-21T13:30:00+00:00,Serie C - Girone A,PRO Vercelli,Arzignano Valchiampo,Over/Under Goals,Under 3.5,1.36,,,LOST,
2025-12-21T13:30:00+00:00,Serie C - Girone A,Vicenza Virtus,Triestina,Over/Under Goals,Under 3.5,1.25,,,WON,
2025-12-21T13:30:00+00:00,Serie C - Girone B,Pianese,Ternana,1X2 / Match Winner,Draw,3.25,,,WON,
2025-12-21T13:30:00+00:00,Serie C - Girone C,Catania,Atalanta II,Over/Under Goals,Under 2.5,1.7,,,WON,
2025-12-21T13:30:00+00:00,Serie C - Girone C,Latina,Crotone,Over/Under Goals,Under 2.5,1.95,,,WON,
2025-12-21T13:30:00+00:00,Serie D - Girone A,Asti,Club Milano,Over/Under Goals,Under 3.5,1.17,,,WON,
2025-12-21T13:30:00+00:00,Serie D - Girone A,Cairese,Gozzano,Over/Under Goals,Under 3.5,1.26,,,WON,
2025-12-21T13:30:00+00:00,Serie D - Girone A,Celle Varazze,Imperia,Double Chance,Draw/Away,1.42,,,WON,
2025-12-21T13:30:00+00:00,Serie D - Girone A,Chisola,Valenzana,Over/Under Goals,Under 2.5,1.81,,,WON,
2025-12-21T13:30:00+00:00,Serie D - Girone A,Città di Varese,Lavagnese,Over/Under Goals,Under 2.5,1.65,,,WON,
2025-12-21T13:30:00+00:00,Serie D - Girone A,Derthona,Saluzzo,Double Chance,Draw/Away,1.5,,,WON,
2025-12-21T13:30:00+00:00,Serie D - Girone B,Brusaporto,Oltrepò,Over/Under Goals,Under 3.5,1.28,,,WON,
2025-12-21T13:30:00+00:00,Serie D - Girone B,Castellanzese,Virtus Ciserano Bergamo,Over/Under Goals,Under 2.5,1.65,,,LOST,
2025-12-21T13:30:00+00:00,Serie D - Girone B,Leon Monza e Brianza,USD Casatese,Over/Under Goals,Under 3.5,1.3,,,WON,
2025-12-21T13:30:00+00:00,Serie D - Girone B,Pavia,Chievo,Over/Under Goals,Under 3.5,1.31,,,WON,
2025-12-21T13:30:00+00:00,Serie D - Girone B,Scanzorosciate,Real Calepina,Over/Under Goals,Under 2.5,1.81,,,LOST,
2025-12-21T13:30:00+00:00,Serie D - Girone B,Sondrio,Folgore Caratese,1X2 / Match Winner,Draw,3.48,,,WON,
2025-12-21T13:30:00+00:00,Serie D - Girone B,Varesina,Caldiero Terme,Over/Under Goals,Under 3.5,1.23,,,WON,
2025-12-21T13:30:00+00:00,Serie D - Girone B,Villa Valle,Breno,Over/Under Goals,Under 3.5,1.31,,,LOST,
2025-12-21T13:30:00+00:00,Serie D - Girone B,Vogherese,Milan II,Asian Handicap,Away -0.25,1.46,,,WON,
2025-12-21T13:30:00+00:00,Serie D - Girone C,Altavilla,Conegliano,Over/Under Goals,Under 3.5,1.28,,,WON,
2025-12-21T13:30:00+00:00,Serie D - Girone C,Calvi Noale,Bassano Virtus,Over/Under Goals,Under 3.5,1.27,,,WON,
2025-12-21T13:30:00+00:00,Serie D - Girone C,Cjarlins Muzane,Campodarsego,Over/Under Goals,Under 3.5,1.2,,,WON,
2025-12-21T13:30:00+00:00,Serie D - Girone C,Clodiense,Portogruaro,Over/Under Goals,Under 3.5,1.28,,,LOST,
2025-12-21T13:30:00+00:00,Serie D - Girone C,FC Obermais,San Luigi,Over/Under Goals,Under 3.5,1.27,,,WON,
2025-12-21T13:30:00+00:00,Serie D - Girone C,Legnago Salus,Vigasio,Asian Handicap,Home +0,1.59,,,LOST,
2025-12-21T13:30:00+00:00,Serie D - Girone C,Luparense,Este,Over/Under Goals,Under 3.5,1.3,,,WON,
2025-12-21T13:30:00+00:00,Serie D - Girone C,Treviso,Mestre,Over/Under Goals,Under 2.5,1.53,,,WON,
2025-12-21T13:30:00+00:00,Serie D - Girone D,Cittadella Vis Modena,Pistoiese,Over/Under Goals,Under 2.5,1.7,,,WON,
2025-12-21T13:30:00+00:00,Serie D - Girone D,Coriano,Pro Palazzolo,Asian Handicap,Away -0.25,1.46,,,WON,
2025-12-21T13:30:00+00:00,Serie D - Girone D,Desenzano Calvina,Sangiuliano City,Over/Under Goals,Under 3.5,1.31,,,WON,
2025-12-21T13:30:00+00:00,Serie D - Girone D,Pro Sesto,Correggese,Over/Under Goals,Under 3.5,1.23,,,WON,
2025-12-21T13:30:00+00:00,Serie D - Girone D,Rovato Vertovese,Imolese,Asian Handicap,Home +0.25,1.53,,,WON,
2025-12-21T13:30:00+00:00,Serie D - Girone D,Sant'Angelo,Lentigione,Over/Under Goals,Under 3.5,1.28,,,LOST,
2025-12-21T13:30:00+00:00,Serie D - Girone D,Sasso Marconi Zola,Progresso,Over/Under Goals,Under 2.5,1.53,,,LOST,
2025-12-21T13:30:00+00:00,Serie D - Girone E,Camaiore,Sansepolcro,Over/Under Goals,Under 3.5,1.19,,,WON,
2025-12-21T13:30:00+00:00,Serie D - Girone E,Cannara,Foligno Calcio,Double Chance,Home/Draw,1.5,,,LOST,
2025-12-21T13:30:00+00:00,Serie D - Girone E,Grosseto,Ghivizzano Borgo Mozzano,Over/Under Goals,Under 3.5,1.31,,,WON,
2025-12-21T13:30:00+00:00,Serie D - Girone E,Montevarchi Calcio,Prato,Over/Under Goals,Under 3.5,1.29,,,WON,
2025-12-21T13:30:00+00:00,Serie D - Girone E,Orvietana Calcio,Terranuova Traiana,Over/Under Goals,Under 3.5,1.17,,,WON,
2025-12-21T13:30:00+00:00,Serie D - Girone E,Scandicci,Poggibonsi,Over/Under Goals,Under 3.5,1.24,,,WON,
2025-12-21T13:30:00+00:00,Serie D - Girone E,Seravezza,San Donato Tavarnelle,Over/Under Goals,Under 3.5,1.15,,,WON,
2025-12-21T13:30:00+00:00,Serie D - Girone E,Sporting Trestina,Robur Siena,Over/Under Goals,Under 3.5,1.16,,,WON,
2025-12-21T13:30:00+00:00,Serie D - Girone E,Tau Altopascio,Gavorrano,Over/Under Goals,Under 3.5,1.25,,,LOST,
2025-12-21T13:30:00+00:00,Serie D - Girone F,Fossombrone,Recanatese,Over/Under Goals,Under 3.5,1.22,,,WON,
2025-12-21T13:30:00+00:00,Serie D - Girone F,L'Aquila,Termoli Calcio,Over/Under Goals,Under 3.5,1.3,,,WON,
2025-12-21T13:30:00+00:00,Serie D - Girone F,Notaresco,Ancona,Double Chance,Home/Draw,1.44,,,WON,
2025-12-21T13:30:00+00:00,Serie D - Girone F,Ostia Mare,Real Giulianova,Over/Under Goals,Under 2.5,1.88,,,WON,
2025-12-21T13:30:00+00:00,Serie D - Girone F,Sora,Castelfidardo Calcio,Over/Under Goals,Under 3.5,1.28,,,WON,
2025-12-21T13:30:00+00:00,Serie D - Girone F,Teramo,Atletico Ascoli,Double Chance,Home/Draw,1.17,,,LOST,
2025-12-21T13:30:00+00:00,Serie D - Girone G,Atletico Lodigiani,Cassino,Over/Under Goals,Under 3.5,1.28,,,LOST,
2025-12-21T13:30:00+00:00,Serie D - Girone G,Flaminia,Montespaccato,Double Chance,Home/Draw,1.17,,,WON,
2025-12-21T13:30:00+00:00,Serie D - Girone G,Ischia,Nocerina,Over/Under Goals,Under 3.5,1.3,,,WON,
2025-12-21T13:30:00+00:00,Serie D - Girone G,Latte Dolce,Budoni,Double Chance,Draw/Away,1.42,,,LOST,
2025-12-21T13:30:00+00:00,Serie D - Girone G,Scafatese,Albalonga,Over/Under Goals,Over 1.5,1.24,,,WON,
2025-12-21T13:30:00+00:00,Serie D - Girone G,Trastevere,Anzio,Asian Handicap,Away -1.25,1.5,,,WON,
2025-12-21T13:30:00+00:00,Serie D - Girone H,Afragolese,Francavilla,Over/Under Goals,Under 2.5,1.87,,,LOST,
2025-12-21T13:30:00+00:00,Serie D - Girone H,Pompei,Fidelis Andria,Over/Under Goals,Under 3.5,1.28,,,WON,
2025-12-21T13:30:00+00:00,Serie D - Girone H,Sarnese,Virtus Francavilla,Asian Handicap,Home +0,1.62,,,WON,
2025-12-21T13:30:00+00:00,Serie D - Girone I,AC Palermo,Ragusa,Double Chance,Home/Draw,1.15,,,WON,
2025-12-21T13:30:00+00:00,Serie D - Girone I,Acireale,Vibonese,Double Chance,Home/Draw,1.4,,,WON,
2025-12-21T13:30:00+00:00,Serie D - Girone I,Milazzo,Messina,BTTS,No,1.91,,,WON,
2025-12-21T13:30:00+00:00,Serie D - Girone I,Sancataldese,Savoia,Asian Handicap,Away -0.25,1.48,,,LOST,
2025-12-21T13:45:00+00:00,Coupe de France,Auxerre,Monaco,Over/Under Goals,Under 3.5,1.5,,,WON,
2025-12-21T13:45:00+00:00,Coupe de France,Concarneau,Nantes,Over/Under Goals,Under 2.5,1.93,,,LOST,
2025-12-21T13:45:00+00:00,Coupe de France,Nice,Saint Etienne,Over/Under Goals,Over 1.5,1.25,,,WON,
2025-12-21T13:45:00+00:00,Coupe de France,Strasbourg,Dunkerque,Over/Under Goals,Under 3.5,1.42,,,WON,
2025-12-21T14:00:00+00:00,3. Lig - Group 4,Balıkesirspor,Bornova 1877,Over/Under Goals,Under 3.5,1.63,,,WON,
2025-12-21T14:00:00+00:00,Campionato,Cosmos,La Fiorita,Double Chance,Draw/Away,1.22,,,WON,
2025-12-21T14:00:00+00:00,Campionato,Juvenes / Dogana,Pennarossa,Double Chance,Home/Draw,1.17,,,WON,
2025-12-21T14:00:00+00:00,Campionato,Tre Penne,Libertas,Over/Under Goals,Under 3.5,1.67,,,LOST,
2025-12-21T14:00:00+00:00,NB I,Ujpest,Kazincbarcikai,Over/Under Goals,Under 3.5,1.5,,,WON,
2025-12-21T14:00:00+00:00,National League,Braintree,Hartlepool,Over/Under Goals,Under 3.5,1.33,,,WON,
2025-12-21T14:00:00+00:00,National League,Gateshead,Eastleigh,Double Chance,Home/Draw,1.44,,,LOST,
2025-12-21T14:00:00+00:00,Premier League Cup,Stoke City U21,Derby County U21,Asian Handicap,Home +0,1.45,,,WON,
2025-12-21T14:00:00+00:00,Premijer Liga,Borac Banja Luka,Zrinjski,Over/Under Goals,Under 3.5,1.2,,,WON,
2025-12-21T14:00:00+00:00,Prva HNL,HNK Hajduk Split,Vukovar,Over/Under Goals,Under 3.5,1.45,,,WON,
2025-12-21T14:00:00+00:00,Segunda Liga,Leixoes,Maritimo,Over/Under Goals,Under 3.5,1.25,,,LOST,
2025-12-21T14:00:00+00:00,Serie A,Sassuolo,Torino,Asian Handicap,Home +0,1.67,,,LOST,
2025-12-21T14:00:00+00:00,Serie B,Virtus Entella,Sudtirol,Asian Handicap,Home +0.25,1.4,,,WON,
2025-12-21T14:00:00+00:00,Serie D - Girone A,Biellese,Vado,Asian Handicap,Home +0.25,1.7,,,LOST,
2025-12-21T14:00:00+00:00,Serie D - Girone A,NovaRomentin,Ligorna,Team Total Goals,Under 2.5,1.43,,,WON,
2025-12-21T14:00:00+00:00,Serie D - Girone A,Sanremese,Sestri Levante,Over/Under Goals,Under 3.5,1.28,,,WON,
2025-12-21T14:00:00+00:00,Serie D - Girone F,Maceratese,Chieti,Team Total Goals,Over 0.5,1.15,,,WON,
2025-12-21T14:00:00+00:00,Serie D - Girone F,Vigor Senigallia,Unipomezia,Asian Handicap,Home +0,1.68,,,WON,
2025-12-21T14:00:00+00:00,Serie D - Girone H,Ferrandina,Heraclea,Over/Under Goals,Under 3.5,1.26,,,WON,
2025-12-21T14:00:00+00:00,Serie D - Girone H,Martina Franca,Nola 1925,Over/Under Goals,Under 2.5,1.67,,,LOST,
2025-12-21T14:00:00+00:00,Serie D - Girone H,Paganese,Città di Fasano,Over/Under Goals,Under 2.5,1.85,,,WON,
2025-12-21T14:00:00+00:00,Serie D - Girone H,Real Normanna,Gravina,Over/Under Goals,Under 2.5,1.75,,,LOST,
2025-12-21T14:00:00+00:00,Serie D - Girone I,Gela,Gelbison,Over/Under Goals,Under 3.5,1.28,,,WON,
2025-12-21T14:00:00+00:00,Serie D - Girone I,Igea Virtus,Vigor Lamezia,Over/Under Goals,Under 3.5,1.31,,,WON,
2025-12-21T14:00:00+00:00,Serie D - Girone I,Sambiase,Reggina,Over/Under Goals,Under 3.5,1.24,,,WON,
2025-12-21T14:00:00+00:00,Super Liga,FK Spartak Zdrepceva KRV,Cukaricki,Double Chance,Home/Draw,1.7,,,LOST,
2025-12-21T14:00:00+00:00,Women's Championship,Birmingham City W,Durham W,Over/Under Goals,Under 3.5,1.56,,,WON,
2025-12-21T14:00:00+00:00,Women's Championship,Charlton Athletic W,Nottingham Forest W,Asian Handicap,Home +0,1.68,,,WON,
2025-12-21T14:00:00+00:00,Women's Championship,Portsmouth W,Newcastle United W,Over/Under Goals,Over 1.5,1.16,,,WON,
2025-12-21T14:00:00+00:00,Women's Championship,Sunderland W,Ipswich Town W,Over/Under Goals,Over 1.5,1.17,,,WON,
2025-12-21T14:15:00+00:00,Serie D - Girone G,Valmontone,Real Monterotondo,Over/Under Goals,Under 3.5,1.28,,,WON,
2025-12-21T14:30:00+00:00,Bundesliga 1,FSV Mainz 05,FC St. Pauli,Over/Under Goals,Under 3.5,1.25,,,WON,
2025-12-21T14:30:00+00:00,Liga I,Universitatea Cluj,Farul Constanta,Over/Under Goals,Under 3.5,1.25,,,WON,
2025-12-21T14:30:00+00:00,Segunda División RFEF - Group 1,Racing Santander II,Coruxo,1X2 / Match Winner,Draw,3.15,,,WON,
2025-12-21T15:00:00+00:00,1a Divisió,FC Santa Coloma,Ranger's,Over/Under Goals,Under 3.5,1.21,,,WON,
2025-12-21T15:00:00+00:00,Campeonato de Portugal Prio - Group A,Chaves II,Tirsense,Double Chance,Draw/Away,1.6,,,WON,
2025-12-21T15:00:00+00:00,Campeonato de Portugal Prio - Group A,Mirandela,Brito,Over/Under Goals,Under 2.5,1.57,,,WON,
2025-12-21T15:00:00+00:00,Campeonato de Portugal Prio - Group A,Os Limianos,Vianense,Double Chance,Home/Draw,1.25,,,WON,
2025-12-21T15:00:00+00:00,Campeonato de Portugal Prio - Group A,Ribeira Brava,Machico,Over/Under Goals,Under 2.5,1.65,,,LOST,
2025-12-21T15:00:00+00:00,Campeonato de Portugal Prio - Group A,Vilaverdense,Bragança,Over/Under Goals,Under 2.5,1.5,,,WON,
2025-12-21T15:00:00+00:00,Campeonato de Portugal Prio - Group B,Anadia,Vila Meã,Double Chance,Draw/Away,1.53,,,LOST,
2025-12-21T15:00:00+00:00,Campeonato de Portugal Prio - Group B,Aparecida,Cinfães,Double Chance,Draw/Away,1.22,,,WON,
2025-12-21T15:00:00+00:00,Campeonato de Portugal Prio - Group B,Beira-Mar,Gouveia,Team Total Goals,Under 2.5,1.7,,,WON,
2025-12-21T15:00:00+00:00,Campeonato de Portugal Prio - Group B,Rebordosa,Florgrade,Over/Under Goals,Under 2.5,1.57,,,WON,
2025-12-21T15:00:00+00:00,Campeonato de Portugal Prio - Group B,Resende,Alpendorada,Double Chance,Home/Draw,1.8,,,WON,
2025-12-21T15:00:00+00:00,Campeonato de Portugal Prio - Group C,Benfica Castelo Branco,Fátima,1X2 / Match Winner,Home,1.62,,,WON,
2025-12-21T15:00:00+00:00,Campeonato de Portugal Prio - Group C,Eléctrico,Mortágua,Over/Under Goals,Under 2.5,1.62,,,LOST,
2025-12-21T15:00:00+00:00,Campeonato de Portugal Prio - Group C,Marinhense,Oliveira Hospital,Over/Under Goals,Under 2.5,1.5,,,LOST,
2025-12-21T15:00:00+00:00,Campeonato de Portugal Prio - Group D,Moncarapachense,O Elvas,Over/Under Goals,Under 2.5,1.44,,,WON,
2025-12-21T15:00:00+00:00,Campeonato de Portugal Prio - Group D,Portimonense B,Sintrense,Over/Under Goals,Under 2.5,1.57,,,LOST,
2025-12-21T15:00:00+00:00,Challenger Pro League,Lokeren-Temse,Patro Eisden,1X2 / Match Winner,Draw,3.15,,,WON,
2025-12-21T15:00:00+00:00,Challenger Pro League,RWDM,Liège,Asian Handicap,Home +0.25,1.4,,,LOST,
2025-12-21T15:00:00+00:00,Frauen Bundesliga,RB Leipzig W,FC Koln W,Over/Under Goals,Under 3.5,1.62,,,WON,
2025-12-21T15:00:00+00:00,Jupiler Pro League,St. Truiden,KV Mechelen,Over/Under Goals,Under 3.5,1.48,,,WON,
2025-12-21T15:00:00+00:00,Júniores U19,Sporting Braga U19,Moreirense U19,1X2 / Match Winner,Home,1.5,,,LOST,
2025-12-21T15:00:00+00:00,Liga 3,AD Marco 09,São João Ver,Over/Under Goals,Under 3.5,1.17,,,WON,
2025-12-21T15:00:00+00:00,Liga 3,Academica,Lusitano Évora 1911,Over/Under Goals,Under 3.5,1.22,,,LOST,
2025-12-21T15:00:00+00:00,Liga 3,Amarante,Fafe,Over/Under Goals,Under 3.5,1.15,,,LOST,
2025-12-21T15:00:00+00:00,Liga 3,Guimaraes B,Paredes,Over/Under Goals,Under 3.5,1.15,,,LOST,
2025-12-21T15:00:00+00:00,Liga 3,SC Covilha,CF Os Belenenses,Over/Under Goals,Under 3.5,1.26,,,LOST,
2025-12-21T15:00:00+00:00,Premier League,Hamrun Spartans,Birkirkara,Over/Under Goals,Under 2.5,1.65,,,LOST,
2025-12-21T15:00:00+00:00,Premiership,Celtic,Aberdeen,Over/Under Goals,Under 3.5,1.62,,,LOST,
2025-12-21T15:00:00+00:00,Primera División RFEF - Group 1,Barakaldo,Pontevedra,Over/Under Goals,Under 3.5,1.17,,,WON,
2025-12-21T15:00:00+00:00,Primera División RFEF - Group 2,Sevilla Atletico,Sanluqueño,Over/Under Goals,Under 2.5,1.48,,,LOST,
2025-12-21T15:00:00+00:00,Tercera División RFEF - Group 15,Aoiz,Bidezarra,Over/Under Goals,Under 2.5,1.73,,,WON,
2025-12-21T15:15:00+00:00,La Liga,Villarreal,Barcelona,Team Total Goals,Over 0.5,1.17,,,LOST,
2025-12-21T15:15:00+00:00,Primera División RFEF - Group 1,Lugo,Ourense CF,1X2 / Match Winner,Draw,3.05,,,LOST,
2025-12-21T15:15:00+00:00,Segunda Division,Mirandes,Cordoba,Double Chance,Home/Draw,1.62,,,LOST,
2025-12-21T15:15:00+00:00,Segunda Division,Real Sociedad II,AD Ceuta FC,Over/Under Goals,Under 3.5,1.22,,,LOST,
2025-12-21T15:25:00+00:00,Division 1,Jeddah Club,Abha,Over/Under Goals,Under 2.5,1.7,,,WON,
2025-12-21T15:30:00+00:00,3. Liga,Hoffenheim II,SV Wehen,Over/Under Goals,Under 3.5,1.57,,,LOST,
2025-12-21T15:30:00+00:00,Challenge League,Marsa,St. Andrews,Asian Handicap,Home +1.25,1.59,,,WON,
2025-12-21T15:30:00+00:00,Challenge League,Melita,Birzebbuga,Double Chance,Home/Draw,1.55,,,LOST,
2025-12-21T15:30:00+00:00,Primeira Liga,AVS,Nacional,Over/Under Goals,Under 3.5,1.22,,,LOST,
2025-12-21T15:30:00+00:00,Pro League,Al-Jazira,Al-Dhafra,Over/Under Goals,Under 3.5,1.48,,,LOST,
2025-12-21T15:30:00+00:00,Segunda Liga,Farense,União de Leiria,Asian Handicap,Home +0.25,1.45,,,LOST,
2025-12-21T15:30:00+00:00,Super League 1,Larisa,Atromitos,Double Chance,Home/Draw,1.45,,,WON,
2025-12-21T15:30:00+00:00,Super League,FC Lugano,BSC Young Boys,Over/Under Goals,Under 3.5,1.55,,,WON,
2025-12-21T15:30:00+00:00,Super League,Grasshoppers,FC ST. Gallen,Over/Under Goals,Under 3.5,1.4,,,WON,
2025-12-21T15:45:00+00:00,Eredivisie,FC Volendam,Sparta Rotterdam,Asian Handicap,Away -0.5,1.48,,,WON,
2025-12-21T15:45:00+00:00,Eredivisie,Fortuna Sittard,AZ Alkmaar,Over/Under Goals,Under 3.5,1.5,,,LOST,
2025-12-21T16:00:00+00:00,LFA First Division,Paynesville,Jubilee,Over/Under Goals,Under 3.5,1.73,,,LOST,
2025-12-21T16:00:00+00:00,National League,Boreham Wood,Carlisle,Asian Handicap,Home +0,1.45,,,WON,
2025-12-21T16:00:00+00:00,National League,FC Halifax Town,Wealdstone,Asian Handicap,Home +0,1.65,,,WON,
2025-12-21T16:00:00+00:00,Premier League,Al Najma,Malkiya,Over/Under Goals,Under 3.5,1.3,,,WON,
2025-12-21T16:00:00+00:00,Segunda División RFEF - Group 1,UD Ourense,Sarriana,Over/Under Goals,Under 2.5,1.57,,,WON,
2025-12-21T16:00:00+00:00,Segunda División RFEF - Group 2,Alfaro,Ebro,Double Chance,Draw/Away,1.44,,,WON,
2025-12-21T16:00:00+00:00,Segunda División RFEF - Group 2,SD Logroñés,UD Logroñés,Over/Under Goals,Under 3.5,1.19,,,LOST,
2025-12-21T16:00:00+00:00,Segunda División RFEF - Group 3,Alcoyano,Girona II,Over/Under Goals,Under 2.5,1.44,,,WON,
2025-12-21T16:00:00+00:00,Segunda División RFEF - Group 3,Sant Andreu,Castellón II,Over/Under Goals,Under 3.5,1.58,,,WON,
2025-12-21T16:00:00+00:00,Super Liga,Radnik Surdulica,Novi Pazar,Over/Under Goals,Under 3.5,1.25,,,WON,
2025-12-21T16:00:00+00:00,TFF 1. Lig,İstanbulspor,Van BB,Asian Handicap,Home +0.25,1.48,,,LOST,
2025-12-21T16:15:00+00:00,Serie B,Mantova,Empoli,Double Chance,Home/Draw,1.45,,,LOST,
2025-12-21T16:30:00+00:00,Bundesliga 1,1. FC Heidenheim,Bayern München,Team Total Goals,Over 0.5,1.67,,,LOST,
2025-12-21T16:30:00+00:00,Coupe de France,Le Havre,Amiens,Over/Under Goals,Under 3.5,1.42,,,WON,
2025-12-21T16:30:00+00:00,Coupe de France,Le Puy Foot,Bordeaux,Over/Under Goals,Under 3.5,1.2,,,WON,
2025-12-21T16:30:00+00:00,Coupe de France,Montreuil,Chauvigny,Asian Handicap,Home +1.25,1.4,,,WON,
2025-12-21T16:30:00+00:00,Coupe de France,Orleans,Dieppe,Over/Under Goals,Under 3.5,1.36,,,WON,
2025-12-21T16:30:00+00:00,Division 1,Al Diriyah,Al Zulfi,Over/Under Goals,Over 1.5,1.33,,,WON,
2025-12-21T16:30:00+00:00,Ligue 1,Guédiawaye,Casa Sport,Over/Under Goals,Under 2.5,1.5,,,WON,
2025-12-21T16:30:00+00:00,NB I,Debreceni VSC,Kisvarda FC,Asian Handicap,Home +0,1.5,,,LOST,
2025-12-21T16:30:00+00:00,Premier League,Aston Villa,Manchester United,Over/Under Goals,Over 1.5,1.22,,,WON,
2025-12-21T16:30:00+00:00,Segunda División RFEF - Group 5,Real Madrid III,Navalcarnero,Over/Under Goals,Under 3.5,1.15,,,WON,
2025-12-21T16:30:00+00:00,Serie C - Girone A,Giana Erminio,Cittadella,Over/Under Goals,Under 3.5,1.28,,,WON,
2025-12-21T16:30:00+00:00,Serie C - Girone A,Lecco,Pergolettese,Over/Under Goals,Under 2.5,1.85,,,WON,
2025-12-21T16:30:00+00:00,Serie C - Girone A,Novara,Ospitaletto,Over/Under Goals,Under 2.5,1.75,,,LOST,
2025-12-21T16:30:00+00:00,Serie C - Girone B,Perugia,Forli,Over/Under Goals,Under 3.5,1.28,,,LOST,
2025-12-21T16:30:00+00:00,Serie C - Girone C,SS Monopoli,Potenza,Over/Under Goals,Under 3.5,1.33,,,WON,
2025-12-21T16:30:00+00:00,Tercera División RFEF - Group 2,Mosconia,Praviano,Over/Under Goals,Under 3.5,1.17,,,WON,
2025-12-21T16:45:00+00:00,Prva HNL,HNK Rijeka,HNK Gorica,Over/Under Goals,Under 3.5,1.25,,,WON,
2025-12-21T17:00:00+00:00,1. Division,Krasava Ypsonas,Apollon Limassol,Over/Under Goals,Under 3.5,1.3,,,WON,
2025-12-21T17:00:00+00:00,Serie A,Fiorentina,Udinese,Over/Under Goals,Under 3.5,1.25,,,LOST,
2025-12-21T17:00:00+00:00,Super Lig,Galatasaray,Kasımpaşa,Over/Under Goals,Under 3.5,1.9,,,WON,
2025-12-21T17:00:00+00:00,Super Lig,Göztepe,Samsunspor,Over/Under Goals,Under 3.5,1.25,,,WON,
2025-12-21T17:15:00+00:00,Primera División RFEF - Group 1,Real Avilés,Racing Ferrol,Over/Under Goals,Under 3.5,1.2,,,WON,
2025-12-21T17:15:00+00:00,Primera División RFEF - Group 2,FC Cartagena,Juventud Torremolinos,Over/Under Goals,Under 3.5,1.2,,,WON,
2025-12-21T17:30:00+00:00,1a Divisão - Women,Sporting CP W,SL Benfica,Asian Handicap,Home +1.25,1.61,,,WON,
2025-12-21T17:30:00+00:00,Frauen Bundesliga,VfL Wolfsburg W,Hamburger SV W,Team Total Goals,Over 2.5,1.2,,,WON,
2025-12-21T17:30:00+00:00,Jupiler Pro League,Antwerp,Anderlecht,Over/Under Goals,Under 3.5,1.28,,,LOST,
2025-12-21T17:30:00+00:00,La Liga,Elche,Rayo Vallecano,Over/Under Goals,Under 2.5,1.57,,,LOST,
2025-12-21T17:30:00+00:00,Liga Alef,Tira,Araba,Double Chance,Home/Draw,1.22,,,WON,
2025-12-21T17:30:00+00:00,Segunda Division,Burgos,Zaragoza,Over/Under Goals,Under 3.5,1.15,,,WON,
2025-12-21T17:30:00+00:00,Segunda Division,Granada CF,Albacete,Over/Under Goals,Under 3.5,1.25,,,WON,
2025-12-21T17:30:00+00:00,Super League 1,PAOK,Panathinaikos,Over/Under Goals,Under 3.5,1.25,,,WON,
2025-12-21T18:00:00+00:00,Liga I,FCSB,Rapid,Over/Under Goals,Under 3.5,1.25,,,WON,
2025-12-21T18:00:00+00:00,Primeira Liga,Tondela,Casa Pia,Over/Under Goals,Under 3.5,1.22,,,WON,
2025-12-21T18:00:00+00:00,Segunda Liga,Penafiel,Torreense,Over/Under Goals,Under 3.5,1.22,,,WON,
2025-12-21T18:15:00+00:00,Challenger Pro League,AS Eupen,Olympic Charleroi,Over/Under Goals,Under 3.5,1.42,,,LOST,
2025-12-21T18:15:00+00:00,Jupiler Pro League,OH Leuven,Cercle Brugge,Over/Under Goals,Over 1.5,1.25,,,WON,
2025-12-21T18:15:00+00:00,Ligat Ha'al,Maccabi Netanya,Maccabi Tel Aviv,Team Total Goals,Under 2.5,1.45,,,WON,
2025-12-21T18:30:00+00:00,3. Liga,FC Viktoria Köln,MSV Duisburg,Over/Under Goals,Under 3.5,1.4,,,WON,
2025-12-21T19:00:00+00:00,Africa Cup of Nations,Morocco,Comoros,Over/Under Goals,Under 3.5,1.48,,,WON,
2025-12-21T19:00:00+00:00,Super League 1,AEK Athens FC,OFI,Over/Under Goals,Under 3.5,1.55,,,WON,
2025-12-21T19:30:00+00:00,Primera División RFEF - Group 2,Real Murcia,Europa Fc,Over/Under Goals,Under 3.5,1.18,,,LOST,
2025-12-21T19:30:00+00:00,Serie C - Girone C,Casarano,Team Altamura,Over/Under Goals,Under 3.5,1.33,,,WON,
2025-12-21T19:30:00+00:00,Serie C - Girone C,Siracusa,Trapani 1905,Over/Under Goals,Under 3.5,1.32,,,WON,
2025-12-21T19:45:00+00:00,Serie A,Genoa,Atalanta,Double Chance,Draw/Away,1.22,,,WON,
2025-12-21T20:00:00+00:00,La Liga,Real Betis,Getafe,Over/Under Goals,Under 3.5,1.2,,,LOST,
2025-12-21T20:00:00+00:00,Premier League,Dunbeholden,Tivoli Gardens,Over/Under Goals,Under 2.5,1.55,,,WON,
2025-12-21T20:00:00+00:00,Premier League,Montego Bay United,Waterhouse,Over/Under Goals,Under 3.5,1.25,,,WON,
2025-12-21T20:00:00+00:00,Premier League,Racing United,Harbour View,Asian Handicap,Away -1.25,1.4,,,WON,
2025-12-21T20:00:00+00:00,Primera B Metropolitana,Deportivo Armenio,Acassuso,Over/Under Goals,Under 3.5,1.15,,,WON,
2025-12-21T20:00:00+00:00,Segunda Division,Cadiz,Castellón,Team Total Goals,Over 0.5,1.25,,,LOST,
2025-12-21T20:30:00+00:00,Friendlies,Peru,Bolivia,Over/Under Goals,Under 2.5,1.95,,,WON,
2025-12-21T20:30:00+00:00,Primeira Liga,Santa Clara,Arouca,Over/Under Goals,Under 3.5,1.2,,,WON,
2025-12-21T21:00:00+00:00,Copa Do Brasil,Vasco DA Gama,Corinthians,Over/Under Goals,Under 3.5,1.17,,,WON,
2025-12-21T21:30:00+00:00,Liga Pro,Independiente del Valle,Barcelona SC,Double Chance,Home/Draw,1.4,,,WON,
2025-12-21T21:30:00+00:00,Liga Pro,LDU de Quito,Universidad Catolica,Asian Handicap,Away -1.25,1.45,,,LOST,
2025-12-21T21:30:00+00:00,Liga Pro,Orense SC,Libertad,Over/Under Goals,Under 3.5,1.3,,,LOST,
2025-12-21T22:30:00+00:00,Premier League,Molynes United,Arnett Gardens,Over/Under Goals,Under 3.5,1.42,,,LOST,
2025-12-22T00:00:00+00:00,Division di Honor,Britannia,Dakota,Over/Under Goals,Over 2.5,1.44,,,WON,
2025-12-22T01:00:00+00:00,Liga Nacional,Antigua GFC,Municipal,Over/Under Goals,Under 3.5,1.18,,,WON,
2025-12-22T08:30:00+00:00,Liga 1,PSBS Biak Numfor,Bali United,Over/Under Goals,Under 3.5,1.46,,,WON,
2025-12-22T10:00:00+00:00,2. Lig,Menemen Belediyespor,Hekimoğlu Trabzon,Over/Under Goals,Over 1.5,1.32,,,WON,
2025-12-22T10:00:00+00:00,Campionato Primavera - 1,Torino U20,Lecce U20,Asian Handicap,Home +0.25,1.54,,,WON,
2025-12-22T10:00:00+00:00,FKF Premier League,Mara Sugar,Murang'a SEAL,Asian Handicap,Home +0,1.56,,,LOST,
2025-12-22T11:00:00+00:00,2. Lig,Kırklarelispor,İçel İdmanyurdu Spor,Over/Under Goals,Over 1.5,1.26,,,WON,
2025-12-22T11:00:00+00:00,FKF Premier League,Sofapaka,Kariobangi Sharks,BTTS,No,1.53,,,WON,
2025-12-22T11:00:00+00:00,Liga Revelação U23,Benfica U23,Estoril U23,Over/Under Goals,Under 2.5,1.93,,,WON,
2025-12-22T11:00:00+00:00,Liga Revelação U23,Estrela U23,Torreense U23,Over/Under Goals,Under 3.5,1.25,,,WON,
2025-12-22T11:00:00+00:00,Liga Revelação U23,Portimonense U23,Farense U23,Over/Under Goals,Under 3.5,1.3,,,WON,
2025-12-22T11:00:00+00:00,Liga Revelação U23,União Leiria U23,Sporting CP U23,1X2 / Match Winner,Draw,3.2,,,LOST,
2025-12-22T12:00:00+00:00,2. Lig,Elazığspor,Erzin Spor,Double Chance,Home/Draw,1.22,,,LOST,
2025-12-22T12:00:00+00:00,Campionato Primavera - 1,Atalanta U20,Juventus U20,Over/Under Goals,Under 3.5,1.44,,,WON,
2025-12-22T12:00:00+00:00,Campionato Primavera - 1,Cesena U20,Monza U20,Asian Handicap,Home +0.25,1.44,,,WON,
2025-12-22T12:00:00+00:00,FKF Premier League,Homeboyz,Police,Asian Handicap,Home +0.25,1.52,,,WON,
2025-12-22T12:00:00+00:00,Liga 1,Semen Padang,Persija,Over/Under Goals,Under 3.5,1.42,,,WON,
2025-12-22T12:00:00+00:00,Super League 2,Asteras Tripolis II,Anagennisi Karditsas,Double Chance,Draw/Away,1.36,,,WON,
2025-12-22T13:00:00+00:00,FKF Premier League,Ulinzi Stars,Posta Rangers FC,Over/Under Goals,Under 2.5,1.44,,,LOST,
2025-12-22T13:00:00+00:00,Iraqi League,Al Karkh,Gharraf,Over/Under Goals,Under 2.5,1.57,,,WON,
2025-12-22T14:00:00+00:00,Africa Cup of Nations,Mali,Zambia,Over/Under Goals,Under 2.5,1.6,,,WON,
2025-12-22T14:00:00+00:00,Liga Revelação U23,Famalicão U23,Marítimo U23,1X2 / Match Winner,Home,1.6,,,WON,
2025-12-22T14:00:00+00:00,Liga Revelação U23,Rio Ave U23,Leixões U23,Over/Under Goals,Over 1.5,1.33,,,WON,
2025-12-22T14:00:00+00:00,Liga Revelação U23,Sporting Braga U23,Academico Viseu U23,Over/Under Goals,Under 3.5,1.33,,,LOST,
2025-12-22T14:00:00+00:00,Liga Revelação U23,Vizela U23,Gil Vicente U23,Over/Under Goals,Under 3.5,1.38,,,WON,
2025-12-22T14:00:00+00:00,Super Lig,Başakşehir,Gazişehir Gaziantep,Over/Under Goals,Over 1.5,1.22,,,WON,
2025-12-22T15:00:00+00:00,Cup,Pyramids FC,Masar,Over/Under Goals,Under 3.5,1.28,,,WON,
2025-12-22T15:00:00+00:00,Division One League,Inter Allies,Accra Lions,BTTS,No,1.57,,,LOST,
2025-12-22T15:30:00+00:00,Iraqi League,Diyala,Erbil,Double Chance,Home/Draw,1.4,,,WON,
2025-12-22T15:30:00+00:00,Premyer Liqa,Sumqayıt,Sabah FA,Over/Under Goals,Under 3.5,1.17,,,LOST,
2025-12-22T16:00:00+00:00,AFC Champions League,Sharjah FC,Al-Hilal Saudi FC,1X2 / Match Winner,Away,1.53,,,WON,
2025-12-22T16:00:00+00:00,AFC Champions League,Tractor Sazi,Al-Duhail SC,Over/Under Goals,Under 3.5,1.36,,,WON,
2025-12-22T16:00:00+00:00,Premier League,Nouadhibou,AC Douane,Asian Handicap,Home +0.25,1.16,,,WON,
2025-12-22T16:00:00+00:00,Super League 1,Panserraikos,Levadiakos,Asian Handicap,Home +1.25,1.6,,,LOST,
2025-12-22T17:00:00+00:00,1. Division,AEL,AEK Larnaca,Over/Under Goals,Under 3.5,1.3,,,WON,
2025-12-22T17:00:00+00:00,1. Division,Omonia Nicosia,Ethnikos Achna,Over/Under Goals,Under 3.5,1.67,,,LOST,
2025-12-22T17:00:00+00:00,Africa Cup of Nations,South Africa,Angola,Over/Under Goals,Under 3.5,1.17,,,WON,
2025-12-22T17:00:00+00:00,Frauen Bundesliga,Bayer Leverkusen W,Bayern Munich W,Over/Under Goals,Over 1.5,1.18,,,WON,
2025-12-22T17:00:00+00:00,Liga Leumit,Hapoel Acre,Hapoel Ramat Gan,Over/Under Goals,Under 3.5,1.33,,,WON,
2025-12-22T17:00:00+00:00,Liga Leumit,Hapoel Hadera,Kafr Qasim,Over/Under Goals,Under 3.5,1.33,,,WON,
2025-12-22T17:00:00+00:00,Liga Leumit,Maccabi Petah Tikva,Hapoel Kfar Shalem,Asian Handicap,Home +0.25,1.16,,,WON,
2025-12-22T17:00:00+00:00,Super Lig,Genclerbirligi,Trabzonspor,Over/Under Goals,Under 3.5,1.36,,,LOST,
2025-12-22T17:00:00+00:00,TFF 1. Lig,BB Bodrumspor,Amed,Team Total Goals,Over 0.5,1.18,,,LOST,
2025-12-22T18:00:00+00:00,Liga I,Universitatea Craiova,Csikszereda,Over/Under Goals,Under 3.5,1.55,,,LOST,
2025-12-22T18:00:00+00:00,Segunda Liga,Benfica B,Sporting CP B,Over/Under Goals,Under 3.5,1.33,,,WON,
2025-12-22T18:00:00+00:00,Super Liga,Napredak,Radnicki 1923,Over/Under Goals,Under 3.5,1.3,,,WON,
2025-12-22T18:30:00+00:00,Ligat Ha'al,Maccabi Haifa,Beitar Jerusalem,Over/Under Goals,Over 1.5,1.18,,,WON,
2025-12-22T18:30:00+00:00,Ligue 1,USM Alger,MB Rouisset,Over/Under Goals,Under 3.5,1.2,,,WON,
2025-12-22T18:45:00+00:00,Primeira Liga,Alverca,FC Porto,Over/Under Goals,Under 3.5,1.3,,,WON,
2025-12-22T19:00:00+00:00,Eerste Divisie,Jong Ajax,Waalwijk,Over/Under Goals,Over 1.5,1.15,,,WON,
2025-12-22T19:00:00+00:00,Eerste Divisie,Jong Utrecht,Roda,Double Chance,Home/Draw,1.55,,,LOST,
2025-12-22T19:00:00+00:00,Premier League Cup,AFC Bournemouth U21,Birmingham City U21,1X2 / Match Winner,Home,1.65,,,LOST,
2025-12-22T19:00:00+00:00,Premier League Cup,Bristol City U21,Sheffield United U21,Team Total Goals,Under 2.5,1.15,,,WON,
2025-12-22T19:00:00+00:00,Premier League Cup,Colchester United U21,Sunderland U21,Double Chance,Draw/Away,1.2,,,LOST,
2025-12-22T19:00:00+00:00,Premier League Cup,Ipswich Town U21,Charlton Athletic U21,Asian Handicap,Home +0.5,1.22,,,WON,
2025-12-22T19:00:00+00:00,Premier League Cup,Stockport County U21,Cardiff City U21,BTTS,Yes,1.33,,,WON,
2025-12-22T19:45:00+00:00,Challenge Cup,Montrose,Spartans,Over/Under Goals,Under 3.5,1.55,,,WON,
2025-12-22T20:00:00+00:00,Africa Cup of Nations,Egypt,Zimbabwe,Over/Under Goals,Under 2.5,1.65,,,LOST,
2025-12-22T20:00:00+00:00,La Liga,Athletic Club,Espanyol,Over/Under Goals,Under 3.5,1.22,,,WON,
2025-12-22T20:00:00+00:00,Premier League,Fulham,Nottingham Forest,Over/Under Goals,Under 3.5,1.28,,,WON,
2025-12-22T20:45:00+00:00,Primeira Liga,Benfica,Famalicao,Over/Under Goals,Under 3.5,1.38,,,WON,
2025-12-22T20:45:00+00:00,Segunda Liga,Lusitânia Lourosa,Oliveirense,Over/Under Goals,Under 3.5,1.28,,,WON,
2025-12-22T23:00:00+00:00,Copa de la División Profesional,Bolívar,Nacional Potosí,1X2 / Match Winner,Home,1.33,,,LOST,
2025-12-23T08:15:00+00:00,A-League,Melbourne City,Macarthur,Over/Under Goals,Under 3.5,1.48,,,WON,
2025-12-23T08:30:00+00:00,Liga 1,Arema FC,Persepam Madura Utd,Over/Under Goals,Under 3.5,1.28,,,LOST,
2025-12-23T11:00:00+00:00,Thai League 2,Songkhla,Phrae United,Over/Under Goals,Under 3.5,1.21,,,WON,
2025-12-23T12:00:00+00:00,1st Division,Korabi Peshkopi,Burreli,Asian Handicap,Home +0.25,1.17,,,LOST,
2025-12-23T12:00:00+00:00,Cup,Kocaelispor,Erzurum BB,Over/Under Goals,Under 3.5,1.28,,,LOST,
2025-12-23T12:00:00+00:00,FKF Premier League,Bidco United,AFC Leopards,Double Chance,Home/Draw,1.6,,,LOST,
2025-12-23T12:00:00+00:00,Liga 1,Persijap,PSIM Yogyakarta,Over/Under Goals,Under 3.5,1.21,,,WON,
2025-12-23T12:15:00+00:00,Super League,DPMM FC,Penang,Double Chance,Home/Draw,1.53,,,WON,
2025-12-23T12:30:00+00:00,Africa Cup of Nations,Congo DR,Benin,Over/Under Goals,Under 2.5,1.57,,,WON,
2025-12-23T13:00:00+00:00,Super League,Pdrm,Selangor,Over/Under Goals,Under 3.5,1.7,,,LOST,
2025-12-23T13:00:00+00:00,Super League,Terengganu,Sabah FA,Team Total Goals,Under 2.5,1.57,,,WON,
2025-12-23T13:45:00+00:00,AFC Cup,Al Hussein,Ahal,Over/Under Goals,Under 3.5,1.55,,,LOST,
2025-12-23T14:30:00+00:00,AGCFF Gulf Champions League,Al Ain,Zakho,Over/Under Goals,Under 3.5,1.22,,,WON,
2025-12-23T14:30:00+00:00,Cup,Konyaspor,Antalyaspor,Over/Under Goals,Over 1.5,1.3,,,LOST,
2025-12-23T15:00:00+00:00,Africa Cup of Nations,Senegal,Botswana,Over/Under Goals,Under 3.5,1.38,,,WON,
2025-12-23T16:00:00+00:00,AFC Champions League,Al Sadd,Shabab Al Ahli Dubai,Over/Under Goals,Over 1.5,1.15,,,WON,
2025-12-23T17:00:00+00:00,Superliga,Partizani,Dinamo Tirana,Over/Under Goals,Under 3.5,1.19,,,LOST,
2025-12-23T17:00:00+00:00,Superliga,Teuta Durrës,Egnatia Rrogozhinë,Over/Under Goals,Under 2.5,1.4,,,WON,
2025-12-23T17:30:00+00:00,Africa Cup of Nations,Nigeria,Tanzania,Over/Under Goals,Under 3.5,1.25,,,WON,
2025-12-23T17:30:00+00:00,Cup,Fenerbahçe,Beşiktaş,Over/Under Goals,Over 1.5,1.17,,,WON,
2025-12-23T18:30:00+00:00,Ligue 1,MC Alger,Ben Aknoun,Team Total Goals,Under 2.5,1.4,,,WON,
2025-12-23T19:00:00+00:00,National League Cup,Aldershot Town,West Ham United U21,Over/Under Goals,Under 3.5,1.65,,,LOST,
2025-12-23T19:00:00+00:00,Taça de Portugal,Caldas,SC Braga,Over/Under Goals,Under 3.5,1.6,,,WON,
2025-12-23T19:45:00+00:00,Non League Premier - Southern South,Hungerford Town,Taunton Town,Over/Under Goals,Under 3.5,1.35,,,WON,
2025-12-23T20:00:00+00:00,Africa Cup of Nations,Tunisia,Uganda,Asian Handicap,Away -1.25,1.5,,,LOST,
2025-12-23T20:45:00+00:00,Primeira Liga,Guimaraes,Sporting CP,Over/Under Goals,Under 3.5,1.35,,,LOST,
2025-12-24T01:00:00+00:00,Liga Nacional,Real Espana,CD Motagua,Over/Under Goals,Under 3.5,1.33,,,WON,
2025-12-24T10:00:00+00:00,Cup,76 Iğdır Belediyespor,Aliağa FAŞ,Over/Under Goals,Over 1.5,1.2,,,WON,
2025-12-24T10:00:00+00:00,Premier League,Negelle Arsi,Welwalo Adigrat Uni,Asian Handicap,Home +0.25,1.41,,,WON,
2025-12-24T11:00:00+00:00,Thai League 1,Ratchaburi,Chiangrai United,Over/Under Goals,Under 3.5,1.32,,,WON,
2025-12-24T12:00:00+00:00,Premier League,Arba Minch Kenema,Mekelle Kenema,Over/Under Goals,Under 2.5,1.36,,,WON,
2025-12-24T12:00:00+00:00,Thai League 1,Bangkok Glass,Kanchanaburi,Over/Under Goals,Under 3.5,1.5,,,WON,
2025-12-24T12:15:00+00:00,Super League,Kuala Lumpur FA,Kuching FA,Over/Under Goals,Under 3.5,1.42,,,WON,
2025-12-24T12:30:00+00:00,Africa Cup of Nations,Burkina Faso,Equatorial Guinea,Over/Under Goals,Under 3.5,1.22,,,WON,
2025-12-24T12:30:00+00:00,Cup,Boluspor,Fethiyespor,Result + Total Goals,Home/Over 1.5,1.53,,,LOST,
2025-12-24T12:30:00+00:00,Superliga,Vora,Bylis,Over/Under Goals,Under 3.5,1.32,,,LOST,
2025-12-24T13:00:00+00:00,Premier League,Bahardar,Fasil Ketema,Over/Under Goals,Under 2.5,1.33,,,WON,
2025-12-24T13:00:00+00:00,Super League,Kelantan United,Negeri Sembilan,Over/Under Goals,Under 3.5,1.62,,,WON,
2025-12-24T13:00:00+00:00,Super League,Melaka,Imigresen,Over/Under Goals,Under 3.5,1.62,,,WON,
2025-12-24T15:00:00+00:00,Africa Cup of Nations,Algeria,Sudan,Over/Under Goals,Under 3.5,1.25,,,WON,
2025-12-24T15:00:00+00:00,Cup,Keçiörengücü,Halide Edip Adıvar,Team Total Goals,Under 2.5,1.42,,,LOST,
2025-12-24T15:00:00+00:00,Premier League,Hadiya Hosaena,Welayta Dicha,Double Chance,Draw/Away,1.4,,,LOST,
2025-12-24T15:30:00+00:00,AGCFF Gulf Champions League,Al Tadamon SC,Al-Nahda,Asian Handicap,Home +1.25,1.42,,,WON,
2025-12-24T15:30:00+00:00,Superliga,AF Elbasani,Tirana,Over/Under Goals,Under 3.5,1.18,,,WON,
2025-12-24T15:30:00+00:00,Superliga,Vllaznia Shkodër,Flamurtari,Double Chance,Home/Draw,1.17,,,WON,
2025-12-24T16:00:00+00:00,AFC Cup,Al Ahli Doha,Andijan,Over/Under Goals,Under 3.5,1.25,,,WON,
2025-12-24T16:00:00+00:00,AFC Cup,Al-Wasl FC,Al Wihdat,Over/Under Goals,Under 3.5,1.7,,,WON,
2025-12-24T16:00:00+00:00,AFC Cup,Arkadag,Khalidiya,Double Chance,Home/Draw,1.48,,,WON,
2025-12-24T16:00:00+00:00,AFC Cup,Goa,Istiqlol,Over/Under Goals,Over 1.5,1.25,,,WON,
2025-12-24T16:00:00+00:00,AFC Cup,Muharraq,Esteghlal FC,Double Chance,Home/Draw,1.42,,,LOST,
2025-12-24T17:30:00+00:00,Africa Cup of Nations,Ivory Coast,Mozambique,Over/Under Goals,Under 2.5,1.8,,,WON,
2025-12-24T17:30:00+00:00,Cup,Samsunspor,Eyüpspor,Over/Under Goals,Under 3.5,1.3,,,WON,
2025-12-24T20:00:00+00:00,Africa Cup of Nations,Cameroon,Gabon,Over/Under Goals,Under 3.5,1.18,,,WON,
2025-12-25T10:00:00+00:00,Premier League,Mebrat Hayl,Suhul Shire,Over/Under Goals,Under 2.5,1.36,,,WON,
2025-12-25T12:00:00+00:00,Premier League,Sheger Ketema,Awassa Kenema,Double Chance,Home/Draw,1.42,,,LOST,
2025-12-25T13:00:00+00:00,Premier League,Ethiopia Bunna,Dire Dawa Kenema,Over/Under Goals,Under 2.5,1.44,,,LOST,
2025-12-25T14:50:00+00:00,Pro League,Al-Fayha,Al-Hazm,Double Chance,Home/Draw,1.2,,,WON,
2025-12-25T15:00:00+00:00,Premier League,Kedus Giorgis,Ethiopia Nigd Bank,Asian Handicap,Home +0.25,1.43,,,WON,
2025-12-25T17:00:00+00:00,State Cup,Bnei Sakhnin,Maccabi Kabilio Jaffa,1X2 / Match Winner,Home,1.4,,,LOST,
2025-12-25T17:00:00+00:00,State Cup,Bnei Yehuda,Maccabi K. Ata Bialik,Over/Under Goals,Under 3.5,1.28,,,WON,
2025-12-25T17:00:00+00:00,State Cup,Hapoel Petah Tikva,Hapoel Ironi Karmiel,Over/Under Goals,Under 3.5,1.44,,,WON,
2025-12-25T17:30:00+00:00,Pro League,NEOM,Al Najma,Over/Under Goals,Over 1.5,1.2,,,WON,
2025-12-25T18:00:00+00:00,State Cup,Hapoel Tel Aviv,Ashdod,Over/Under Goals,Over 1.5,1.3,,,WON,
2025-12-25T18:30:00+00:00,Ligue 1,CR Belouizdad,ES Setif,1X2 / Match Winner,Home,1.63,,,WON,
2025-12-26T08:35:00+00:00,A-League,Newcastle Jets,Macarthur,Over/Under Goals,Under 3.5,1.65,,,LOST,
2025-12-26T10:30:00+00:00,Azadegan League,Shahrdari Noshahr,Mes Soongoun,Over/Under Goals,Under 2.5,1.36,,,WON,
2025-12-26T11:00:00+00:00,State Cup,Dimona,Hapoel Kfar Saba,Asian Handicap,Home +1.25,1.4,,,LOST,
2025-12-26T11:00:00+00:00,State Cup,Kafr Qasim,Holon Yermiyahu,1X2 / Match Winner,Home,1.62,,,WON,
2025-12-26T11:00:00+00:00,State Cup,Maccabi Bnei Raina,Hapoel Kfar Shalem,Over/Under Goals,Under 3.5,1.22,,,WON,
2025-12-26T11:00:00+00:00,State Cup,Maccabi Herzliya,Kfar Saba 1928,1X2 / Match Winner,Home,1.5,,,WON,
2025-12-26T12:00:00+00:00,FAW Championship,Cardiff Draconians,Llantwit Major,Asian Handicap,Home +0.25,1.43,,,WON,
2025-12-26T12:00:00+00:00,National League - South,Eastbourne Borough,Worthing,Over/Under Goals,Over 1.5,1.17,,,WON,
2025-12-26T12:00:00+00:00,Persian Gulf Pro League,Shams Azar Qazvin,Tractor Sazi,Asian Handicap,Home +1.25,1.4,,,WON,
2025-12-26T12:00:00+00:00,Premier League,Barry Town,Cardiff MET,Asian Handicap,Home +0,1.43,,,WON,
2025-12-26T12:00:00+00:00,State Cup,Hapoel Katamon,Hapoel Umm al-Fahm,Over/Under Goals,Under 3.5,1.73,,,WON,
2025-12-26T12:00:00+00:00,State Cup,Hapoel Ramat Gan,Ironi Kiryat Shmona,Over/Under Goals,Under 3.5,1.25,,,LOST,
2025-12-26T12:20:00+00:00,Division 1,Al Zulfi,Al Orubah,Double Chance,Home/Draw,1.44,,,LOST,
2025-12-26T12:20:00+00:00,Division 1,Al-Raed,Al Diriyah,Over/Under Goals,Under 3.5,1.33,,,LOST,
2025-12-26T12:30:00+00:00,Africa Cup of Nations,Angola,Zimbabwe,Over/Under Goals,Under 3.5,1.18,,,WON,
2025-12-26T12:30:00+00:00,Championship,Birmingham,Derby,Over/Under Goals,Over 1.5,1.38,,,WON,
2025-12-26T12:30:00+00:00,Cup,Masr,Alo Egypt,1X2 / Match Winner,Home,1.28,,,WON,
2025-12-26T12:30:00+00:00,Jupiler Pro League,Genk,Club Brugge KV,Double Chance,Home/Draw,1.62,,,LOST,
2025-12-26T12:30:00+00:00,National League - North,Scarborough Athletic,Darlington 1883,Asian Handicap,Home +0.25,1.5,,,LOST,
2025-12-26T12:30:00+00:00,Second League,Aswan Sc,Maleyet Kafr El Zayiat,Double Chance,Home/Draw,1.25,,,WON,
2025-12-26T12:40:00+00:00,Division 1,Abha,Al Taee,Over/Under Goals,Under 3.5,1.3,,,LOST,
2025-12-26T12:45:00+00:00,Division 1,Al Fujairah SC,Al Hamriyah,Over/Under Goals,Under 3.5,1.42,,,WON,
2025-12-26T12:45:00+00:00,Division 1,Al Jazira Al Hamra,Al Thaid,Team Total Goals,Under 2.5,1.2,,,LOST,
2025-12-26T12:45:00+00:00,Division 1,Dibba Al Hisn,Al Urooba,Over/Under Goals,Under 3.5,1.42,,,WON,
2025-12-26T12:45:00+00:00,Division 1,Emirates Club,Al Arabi,Over/Under Goals,Under 3.5,1.42,,,WON,
2025-12-26T12:45:00+00:00,Persian Gulf Pro League,Mes Rafsanjan,Persepolis FC,Over/Under Goals,Under 3.5,1.17,,,WON,
2025-12-26T12:50:00+00:00,Division 1,Dubai United,Masfut,Over/Under Goals,Under 3.5,1.53,,,WON,
2025-12-26T13:00:00+00:00,Championship,Millwall,Ipswich,Over/Under Goals,Under 3.5,1.25,,,WON,
2025-12-26T13:00:00+00:00,FAW Championship,Ynyshir Albions,Cambrian & Clydach,Over/Under Goals,Under 3.5,1.9,,,LOST,
2025-12-26T13:00:00+00:00,National League - North,Oxford City,Merthyr Town,Double Chance,Home/Draw,1.7,,,LOST,
2025-12-26T13:00:00+00:00,National League - South,Chesham United,Hemel Hempstead Town,Over/Under Goals,Under 3.5,1.25,,,WON,
2025-12-26T13:00:00+00:00,National League - South,Dagenham & Redbridge,AFC Hornchurch,Asian Handicap,Home +0.25,1.58,,,LOST,
2025-12-26T13:00:00+00:00,National League - South,Ebbsfleet United,Tonbridge Angels,Over/Under Goals,Under 3.5,1.44,,,WON,
2025-12-26T13:00:00+00:00,National League - South,Maidstone Utd,Dover,Over/Under Goals,Under 3.5,1.44,,,WON,
2025-12-26T13:00:00+00:00,Non League Premier - Northern,Stockton Town,Hebburn Town,Over/Under Goals,Under 3.5,1.33,,,LOST,
2025-12-26T13:00:00+00:00,Persian Gulf Pro League,Fajr Sepasi,Foolad FC,Asian Handicap,Home +0.25,1.44,,,LOST,
2025-12-26T13:20:00+00:00,Premier League,Malkiya,Bahrain SC,Over/Under Goals,Under 3.5,1.25,,,WON,
2025-12-26T13:30:00+00:00,Championship,Annagh United,Ballinamallard United,1X2 / Match Winner,Home,1.41,,,LOST,
2025-12-26T14:00:00+00:00,FAW Championship,Baglan Dragons,Afan Lido,Over/Under Goals,Under 3.5,1.42,,,LOST,
2025-12-26T14:00:00+00:00,FAW Championship,Flint Mountain,Holywell,Team Total Goals,Over 0.5,1.42,,,LOST,
2025-12-26T14:00:00+00:00,FAW Championship,Llandudno,Buckley Town,1X2 / Match Winner,Home,1.2,,,WON,
2025-12-26T14:00:00+00:00,FAW Championship,Mold Alexandra,Caersws,Over/Under Goals,Under 3.5,1.5,,,WON,
2025-12-26T14:00:00+00:00,FAW Championship,Pontypridd Town,Aberystwyth Town,Over/Under Goals,Under 3.5,1.39,,,WON,
2025-12-26T14:00:00+00:00,FAW Championship,Ruthin Town,Denbigh Town,Over/Under Goals,Under 3.5,1.65,,,LOST,
2025-12-26T14:00:00+00:00,FAW Championship,Trefelin,Caerau (Ely),Over/Under Goals,Under 3.5,1.46,,,WON,
2025-12-26T14:00:00+00:00,Ligue 1,JS Saoura,El Bayadh,Over/Under Goals,Under 3.5,1.22,,,WON,
2025-12-26T14:00:00+00:00,Ligue 1,Khenchela,CS Constantine,Double Chance,Draw/Away,1.65,,,WON,
2025-12-26T14:00:00+00:00,Ligue 2,CA Batna,Khroub,Over/Under Goals,Under 3.5,1.17,,,WON,
2025-12-26T14:00:00+00:00,Ligue 2,IB Khémis El Khechna,HB Chelghoum Laïd,Over/Under Goals,Under 3.5,1.18,,,WON,
2025-12-26T14:00:00+00:00,Ligue 2,JS El Biar,Hussein Dey,Double Chance,Home/Draw,1.15,,,WON,
2025-12-26T14:00:00+00:00,Ligue 2,JS Jijel,US Chaouia,Over/Under Goals,Under 2.5,1.44,,,LOST,
2025-12-26T14:00:00+00:00,Ligue 2,MO Bejaia,USM Annaba,Over/Under Goals,Under 2.5,1.44,,,WON,
2025-12-26T14:00:00+00:00,Ligue 2,MO Constantine,MSP Batna,Over/Under Goals,Under 3.5,1.17,,,WON,
2025-12-26T14:00:00+00:00,Ligue 2,Teleghma,JS Bordj Ménaïel,Over/Under Goals,Under 2.5,1.44,,,WON,
2025-12-26T14:00:00+00:00,Ligue 2,US Biskra,CR Béni Thour,Over/Under Goals,Under 2.5,1.73,,,WON,
2025-12-26T14:30:00+00:00,FAW Championship,Newtown AFC,Airbus UK,Over/Under Goals,Under 3.5,1.65,,,WON,
2025-12-26T14:30:00+00:00,Premier League,Flint Town United,GAP Connah S Quay FC,Over/Under Goals,Under 3.5,1.55,,,WON,
2025-12-26T14:30:00+00:00,Premier League,Haverfordwest County AFC,llanelli AFC,Over/Under Goals,Under 3.5,1.53,,,WON,
2025-12-26T14:30:00+00:00,Premier League,Penybont,Briton Ferry,Over/Under Goals,Over 1.5,1.17,,,WON,
2025-12-26T14:55:00+00:00,Division 1,Al-Faisaly FC,Jeddah Club,Over/Under Goals,Under 2.5,1.7,,,WON,
2025-12-26T15:00:00+00:00,Africa Cup of Nations,Egypt,South Africa,Over/Under Goals,Under 3.5,1.15,,,WON,
2025-12-26T15:00:00+00:00,Championship,Ards,Warrenpoint Town,Over/Under Goals,Under 3.5,1.4,,,WON,
2025-12-26T15:00:00+00:00,Championship,Coventry,Swansea,Over/Under Goals,Under 3.5,1.45,,,WON,
2025-12-26T15:00:00+00:00,Championship,Leicester,Watford,Asian Handicap,Away -0.5,1.62,,,WON,
2025-12-26T15:00:00+00:00,Championship,Limavady United,Institute,Over/Under Goals,Over 1.5,1.2,,,LOST,
2025-12-26T15:00:00+00:00,Championship,Loughgall,Armagh City,Over/Under Goals,Under 3.5,1.5,,,WON,
2025-12-26T15:00:00+00:00,Championship,Middlesbrough,Blackburn,Team Total Goals,Over 0.5,1.17,,,LOST,
2025-12-26T15:00:00+00:00,Championship,Norwich,Charlton,Team Total Goals,Over 0.5,1.2,,,WON,
2025-12-26T15:00:00+00:00,Championship,Oxford United,Southampton,1X2 / Match Winner,Draw,4.08,,,LOST,
2025-12-26T15:00:00+00:00,Championship,Portsmouth,QPR,Over/Under Goals,Under 3.5,1.33,,,WON,
2025-12-26T15:00:00+00:00,Championship,Stoke City,Preston,Over/Under Goals,Under 3.5,1.25,,,WON,
2025-12-26T15:00:00+00:00,Jupiler Pro League,Cercle Brugge,Union St. Gilloise,Asian Handicap,Home +1.25,1.4,,,WON,
2025-12-26T15:00:00+00:00,League One,AFC Wimbledon,Stevenage,Double Chance,Home/Draw,1.42,,,WON,
2025-12-26T15:00:00+00:00,League One,Barnsley,Mansfield Town,Over/Under Goals,Under 3.5,1.44,,,LOST,
2025-12-26T15:00:00+00:00,League One,Blackpool,Doncaster,Over/Under Goals,Over 1.5,1.25,,,LOST,
2025-12-26T15:00:00+00:00,League One,Bolton,Rotherham,Over/Under Goals,Under 3.5,1.42,,,WON,
2025-12-26T15:00:00+00:00,League One,Bradford,Wigan,Over/Under Goals,Under 3.5,1.25,,,WON,
2025-12-26T15:00:00+00:00,League One,Burton Albion,Northampton,Double Chance,Draw/Away,1.62,,,LOST,
2025-12-26T15:00:00+00:00,League One,Huddersfield,Port Vale,Over/Under Goals,Over 1.5,1.33,,,WON,
2025-12-26T15:00:00+00:00,League One,Luton,Wycombe,Asian Handicap,Home +0.25,1.45,,,WON,
2025-12-26T15:00:00+00:00,League One,Peterborough,Leyton Orient,Over/Under Goals,Under 3.5,1.4,,,WON,
2025-12-26T15:00:00+00:00,League One,Plymouth,Reading,Over/Under Goals,Under 3.5,1.33,,,LOST,
2025-12-26T15:00:00+00:00,League Two,Accrington ST,Barrow,Over/Under Goals,Under 2.5,1.7,,,LOST,
2025-12-26T15:00:00+00:00,League Two,Bristol Rovers,Bromley,Double Chance,Home/Draw,1.57,,,LOST,
2025-12-26T15:00:00+00:00,League Two,Cheltenham,Shrewsbury,Over/Under Goals,Under 3.5,1.25,,,LOST,
2025-12-26T15:00:00+00:00,League Two,Chesterfield,Notts County,Over/Under Goals,Under 3.5,1.42,,,WON,
2025-12-26T15:00:00+00:00,League Two,Crawley Town,Colchester,Over/Under Goals,Over 1.5,1.25,,,WON,
2025-12-26T15:00:00+00:00,League Two,Gillingham,Cambridge United,Double Chance,Home/Draw,1.45,,,WON,
2025-12-26T15:00:00+00:00,League Two,Grimsby,Oldham,1X2 / Match Winner,Draw,3.68,,,WON,
2025-12-26T15:00:00+00:00,League Two,Milton Keynes Dons,Swindon Town,Team Total Goals,Under 2.5,1.22,,,WON,
2025-12-26T15:00:00+00:00,League Two,Salford City,Harrogate Town,Over/Under Goals,Over 1.5,1.2,,,LOST,
2025-12-26T15:00:00+00:00,League Two,Tranmere,Fleetwood Town,Over/Under Goals,Over 1.5,1.28,,,LOST,
2025-12-26T15:00:00+00:00,National League - North,AFC Fylde,Chorley,Over/Under Goals,Under 3.5,1.57,,,WON,
2025-12-26T15:00:00+00:00,National League - North,AFC Telford United,Chester,Over/Under Goals,Over 1.5,1.22,,,WON,
2025-12-26T15:00:00+00:00,National League - North,Curzon Ashton,Radcliffe,Double Chance,Home/Draw,1.57,,,LOST,
2025-12-26T15:00:00+00:00,National League - North,Hereford,Kidderminster Harriers,Double Chance,Home/Draw,1.62,,,LOST,
2025-12-26T15:00:00+00:00,National League - North,King's Lynn Town,Peterborough Sports,Team Total Goals,Over 0.5,1.17,,,WON,
2025-12-26T15:00:00+00:00,National League - North,Leamington,Bedford Town,Over/Under Goals,Under 3.5,1.36,,,LOST,
2025-12-26T15:00:00+00:00,National League - North,Macclesfield,Buxton,Over/Under Goals,Under 3.5,1.44,,,WON,
2025-12-26T15:00:00+00:00,National League - North,Marine,Southport,Over/Under Goals,Under 3.5,1.25,,,LOST,
2025-12-26T15:00:00+00:00,National League - South,Chippenham Town,Bath City,Asian Handicap,Home +0.25,1.7,,,WON,
2025-12-26T15:00:00+00:00,National League - South,Dorking Wanderers,Horsham,Over/Under Goals,Under 3.5,1.44,,,WON,
2025-12-26T15:00:00+00:00,National League - South,Enfield Town,Chelmsford City,Asian Handicap,Home +0.5,1.65,,,LOST,
2025-12-26T15:00:00+00:00,National League - South,Farnborough,Hampton & Richmond,Over/Under Goals,Under 3.5,1.4,,,WON,
2025-12-26T15:00:00+00:00,National League - South,Maidenhead,Slough Town,Over/Under Goals,Under 3.5,1.57,,,LOST,
2025-12-26T15:00:00+00:00,National League,Brackley Town,Forest Green,Asian Handicap,Home +1.25,1.5,,,WON,
2025-12-26T15:00:00+00:00,National League,Braintree,Southend,Over/Under Goals,Under 3.5,1.33,,,WON,
2025-12-26T15:00:00+00:00,National League,Eastleigh,Woking,Double Chance,Home/Draw,1.44,,,WON,
2025-12-26T15:00:00+00:00,National League,FC Halifax Town,Altrincham,Asian Handicap,Home +0,1.55,,,WON,
2025-12-26T15:00:00+00:00,National League,Gateshead,Carlisle,Team Total Goals,Under 2.5,1.5,,,LOST,
2025-12-26T15:00:00+00:00,National League,Hartlepool,Scunthorpe,Over/Under Goals,Under 3.5,1.4,,,WON,
2025-12-26T15:00:00+00:00,National League,Morecambe,Rochdale,Over/Under Goals,Under 3.5,1.5,,,WON,
2025-12-26T15:00:00+00:00,National League,Solihull Moors,Tamworth,Over/Under Goals,Under 3.5,1.4,,,LOST,
2025-12-26T15:00:00+00:00,National League,Sutton Utd,Aldershot Town,Over/Under Goals,Over 2.5,1.5,,,LOST,
2025-12-26T15:00:00+00:00,National League,Truro City,Yeovil Town,Over/Under Goals,Under 3.5,1.25,,,WON,
2025-12-26T15:00:00+00:00,Non League Premier - Northern,Ashton United,Hyde United,Over/Under Goals,Under 3.5,1.32,,,WON,
2025-12-26T15:00:00+00:00,Non League Premier - Northern,Guiseley AFC,Gainsborough Trinity,Over/Under Goals,Under 3.5,1.23,,,LOST,
2025-12-26T15:00:00+00:00,Non League Premier - Northern,Ilkeston Town,Rushall Olympic,Double Chance,Draw/Away,1.67,,,LOST,
2025-12-26T15:00:00+00:00,Non League Premier - Northern,Lancaster City,Bamber Bridge,Team Total Goals,Under 2.5,1.16,,,WON,
2025-12-26T15:00:00+00:00,Non League Premier - Northern,Leek Town,Stocksbridge Park Steels,Over/Under Goals,Under 3.5,1.31,,,WON,
2025-12-26T15:00:00+00:00,Non League Premier - Northern,Rylands,Warrington Town,Over/Under Goals,Under 3.5,1.25,,,WON,
2025-12-26T15:00:00+00:00,Non League Premier - Northern,Whitby Town,Morpeth Town,Over/Under Goals,Under 3.5,1.24,,,WON,
2025-12-26T15:00:00+00:00,Non League Premier - Southern Central,Worcester City,Halesowen Town,Over/Under Goals,Over 2.5,1.67,,,WON,
2025-12-26T15:00:00+00:00,Premiership,Ballymena United,Coleraine FC,Asian Handicap,Home +1.25,1.68,,,WON,
2025-12-26T15:00:00+00:00,Premiership,Carrick Rangers,Larne,Asian Handicap,Home +1.25,1.58,,,WON,
2025-12-26T15:00:00+00:00,Premiership,Cliftonville FC,Crusaders FC,Over/Under Goals,Under 3.5,1.44,,,WON,
2025-12-26T15:00:00+00:00,Premiership,Dungannon Swifts,Bangor,1X2 / Match Winner,Home,1.67,,,WON,
2025-12-26T15:00:00+00:00,Premiership,Linfield,Glentoran,Over/Under Goals,Under 3.5,1.25,,,WON,
2025-12-26T15:00:00+00:00,Premiership,Portadown,Glenavon FC,Team Total Goals,Over 0.5,1.17,,,WON,
2025-12-26T15:00:00+00:00,Pro League,Al Kholood,Al Taawon,Team Total Goals,Over 0.5,1.22,,,WON,
2025-12-26T16:00:00+00:00,Premier League,A'Ali,Al-Hidd,Over/Under Goals,Under 3.5,1.28,,,WON,
2025-12-26T16:15:00+00:00,Serie B,Modena,Monza,Over/Under Goals,Under 3.5,1.18,,,WON,
2025-12-26T17:00:00+00:00,TFF 1. Lig,Sakaryaspor,Manisa BBSK,Over/Under Goals,Under 3.5,1.57,,,WON,
2025-12-26T17:30:00+00:00,Africa Cup of Nations,Zambia,Comoros,Over/Under Goals,Under 3.5,1.18,,,WON,
2025-12-26T17:30:00+00:00,Championship,Wrexham,Sheffield Utd,Team Total Goals,Over 0.5,1.22,,,WON,
2025-12-26T17:30:00+00:00,Jupiler Pro League,Standard Liege,St. Truiden,Over/Under Goals,Under 3.5,1.33,,,WON,
2025-12-26T17:30:00+00:00,Pro League,Al-Hilal Saudi FC,Al Khaleej Saihat,Team Total Goals,Over 1.5,1.18,,,WON,
2025-12-26T19:45:00+00:00,Jupiler Pro League,Anderlecht,Charleroi,Over/Under Goals,Under 3.5,1.28,,,WON,
2025-12-26T20:00:00+00:00,Africa Cup of Nations,Morocco,Mali,Over/Under Goals,Under 2.5,1.65,,,WON,
2025-12-26T20:00:00+00:00,Premier League,Manchester United,Newcastle,Double Chance,Home/Draw,1.44,,,WON,
2025-12-27T08:30:00+00:00,Liga 1,Persik Kediri,Persis Solo,Over/Under Goals,Under 3.5,1.3,,,WON,
2025-12-27T08:35:00+00:00,A-League,Adelaide United,Western Sydney Wanderers,Over/Under Goals,Under 3.5,1.5,,,LOST,
2025-12-27T10:30:00+00:00,TFF 1. Lig,Sarıyer,BB Bodrumspor,Over/Under Goals,Under 3.5,1.21,,,WON,
2025-12-27T10:30:00+00:00,TFF 1. Lig,Sivasspor,Bandırmaspor,Over/Under Goals,Under 3.5,1.28,,,WON,
2025-12-27T11:00:00+00:00,2. Lig,Ankaraspor,Şanlıurfaspor,Over/Under Goals,Under 3.5,1.21,,,WON,
2025-12-27T11:00:00+00:00,Azadegan League,Mes Shahr-e Babak,Naft Gachsaran,Over/Under Goals,Under 2.5,1.44,,,WON,
2025-12-27T11:00:00+00:00,C-League,Boeung Ket,Svay Rieng,Over/Under Goals,Under 3.5,1.57,,,WON,
2025-12-27T11:00:00+00:00,C-League,Phnom Penh Crown,National Defense,Over/Under Goals,Under 3.5,1.65,,,LOST,
2025-12-27T11:30:00+00:00,Azadegan League,Naft Bandar Abbas,Saipa,Asian Handicap,Home +0.25,1.46,,,WON,
2025-12-27T11:30:00+00:00,Serie A,Parma,Fiorentina,Over/Under Goals,Under 3.5,1.22,,,WON,
2025-12-27T11:30:00+00:00,Serie B,Spezia,Pescara,Over/Under Goals,Under 3.5,1.33,,,WON,
2025-12-27T12:00:00+00:00,Liga 1,Persib Bandung,PSM Makassar,Asian Handicap,Away -1.25,1.6,,,WON,
2025-12-27T12:00:00+00:00,Persian Gulf Pro League,Paykan,Kheybar Khorramabad,Asian Handicap,Home +0.25,1.65,,,WON,
2025-12-27T12:30:00+00:00,Africa Cup of Nations,Benin,Botswana,Over/Under Goals,Under 3.5,1.18,,,WON,
2025-12-27T12:30:00+00:00,Jupiler Pro League,Antwerp,Zulte Waregem,Over/Under Goals,Under 3.5,1.36,,,WON,
2025-12-27T12:30:00+00:00,Premier League,Nottingham Forest,Manchester City,Over/Under Goals,Under 3.5,1.48,,,WON,
2025-12-27T12:30:00+00:00,Premiership,Hibernian,Heart Of Midlothian,Over/Under Goals,Under 3.5,1.3,,,LOST,
2025-12-27T13:00:00+00:00,Ligue 1,Oued Akbou,USM Alger,1X2 / Match Winner,Draw,2.8,,,WON,
2025-12-27T13:00:00+00:00,Ligue 1,Paradou AC,MB Rouisset,Asian Handicap,Home +0,1.5,,,WON,
2025-12-27T13:00:00+00:00,Ligue 2,Béchar Djedid,RC Arba,Double Chance,Home/Draw,1.22,,,LOST,
2025-12-27T13:00:00+00:00,Ligue 2,CRB Adrar,JS Tixeraine,Asian Handicap,Home +0.25,1.15,,,WON,
2025-12-27T13:00:00+00:00,Ligue 2,Koléa,WA Tlemcen,Over/Under Goals,Under 2.5,1.44,,,LOST,
2025-12-27T13:00:00+00:00,Ligue 2,MC Saida,WA Mostaganem,Over/Under Goals,Under 2.5,1.5,,,WON,
2025-12-27T13:00:00+00:00,Ligue 2,RC Kouba,ASM Oran,Over/Under Goals,Under 2.5,1.5,,,WON,
2025-12-27T13:00:00+00:00,Ligue 2,Témouchent,Tiaret,Over/Under Goals,Under 3.5,1.15,,,WON,
2025-12-27T13:00:00+00:00,Ligue 2,Usm El Harrach,GC Mascara,Over/Under Goals,Under 2.5,1.73,,,LOST,
2025-12-27T13:00:00+00:00,Shield Cup,Al Ramtha,Al Hussein,Over/Under Goals,Under 3.5,1.18,,,WON,
2025-12-27T13:00:00+00:00,State Cup,Maccabi Ahi Nazareth,Maccabi Haifa,Over/Under Goals,Under 3.5,1.67,,,LOST,
2025-12-27T13:00:00+00:00,TFF 1. Lig,Van BB,Hatayspor,Over/Under Goals,Under 3.5,1.8,,,LOST,
2025-12-27T13:20:00+00:00,Premier League,Al Shabab,Al Riffa,Over/Under Goals,Under 3.5,1.25,,,WON,
2025-12-27T13:30:00+00:00,Persian Gulf Pro League,Sepahan FC,Chadormalu SC,Over/Under Goals,Under 3.5,1.17,,,WON,
2025-12-27T14:00:00+00:00,FAW Championship,Gresford Athletic,Brickfield Rangers,Double Chance,Draw/Away,1.42,,,WON,
2025-12-27T14:00:00+00:00,FAW Championship,Guilsfield,Penrhyncoch,Over/Under Goals,Under 3.5,1.7,,,WON,
2025-12-27T14:00:00+00:00,FAW Championship,Newport City,Cwmbran Celtic,1X2 / Match Winner,Home,1.19,,,LOST,
2025-12-27T14:00:00+00:00,Serie A,Lecce,Como,Over/Under Goals,Under 3.5,1.22,,,WON,
2025-12-27T14:00:00+00:00,Serie A,Torino,Cagliari,1X2 / Match Winner,Draw,3.56,,,LOST,
2025-12-27T14:00:00+00:00,Serie B,Carrarese,Mantova,Double Chance,Draw/Away,1.67,,,WON,
2025-12-27T14:00:00+00:00,Serie B,Catanzaro,Cesena,Over/Under Goals,Under 3.5,1.25,,,WON,
2025-12-27T14:00:00+00:00,Serie B,Empoli,Frosinone,Over/Under Goals,Under 3.5,1.3,,,WON,
2025-12-27T14:00:00+00:00,Serie B,Juve Stabia,Sudtirol,Over/Under Goals,Under 3.5,1.2,,,WON,
2025-12-27T14:00:00+00:00,Serie B,Sampdoria,Reggiana,Team Total Goals,Under 2.5,1.15,,,WON,
2025-12-27T14:00:00+00:00,Serie B,Venezia,Virtus Entella,Over/Under Goals,Over 1.5,1.28,,,LOST,
2025-12-27T14:00:00+00:00,Taça de Portugal,Lusitano Évora 1911,Fafe,Over/Under Goals,Under 3.5,1.22,,,WON,
2025-12-27T14:30:00+00:00,Premier League,Caernarfon Town,Colwyn Bay,Asian Handicap,Home +0.25,1.42,,,LOST,
2025-12-27T15:00:00+00:00,Africa Cup of Nations,Senegal,Congo DR,Over/Under Goals,Under 3.5,1.2,,,WON,
2025-12-27T15:00:00+00:00,Championship,Arbroath,Airdrie United,Over/Under Goals,Under 3.5,1.28,,,WON,
2025-12-27T15:00:00+00:00,Championship,H&W Welders,Dundela,Asian Handicap,Home +0,1.15,,,WON,
2025-12-27T15:00:00+00:00,Championship,Morton,Ayr Utd,Over/Under Goals,Under 3.5,1.22,,,WON,
2025-12-27T15:00:00+00:00,Championship,Queen's Park,Partick,Over/Under Goals,Under 3.5,1.33,,,LOST,
2025-12-27T15:00:00+00:00,Championship,Raith Rovers,Dunfermline,Over/Under Goals,Under 3.5,1.2,,,WON,
2025-12-27T15:00:00+00:00,Championship,Ross County,ST Johnstone,Asian Handicap,Home +1.25,1.5,,,WON,
2025-12-27T15:00:00+00:00,Iraqi League,Al-Karma,Zakho,Over/Under Goals,Under 2.5,1.4,,,WON,
2025-12-27T15:00:00+00:00,Jupiler Pro League,RAAL La Louvière,OH Leuven,1X2 / Match Winner,Draw,3.05,,,WON,
2025-12-27T15:00:00+00:00,League One,Alloa Athletic,Stenhousemuir,Over/Under Goals,Under 3.5,1.25,,,WON,
2025-12-27T15:00:00+00:00,League One,East Fife,Kelty Hearts,Over/Under Goals,Under 3.5,1.4,,,WON,
2025-12-27T15:00:00+00:00,League One,Montrose,Inverness CT,Over/Under Goals,Under 3.5,1.4,,,WON,
2025-12-27T15:00:00+00:00,League One,Peterhead,Cove Rangers,Over/Under Goals,Under 3.5,1.36,,,LOST,
2025-12-27T15:00:00+00:00,League One,Queen of the South,Hamilton Academical,Over/Under Goals,Under 3.5,1.33,,,LOST,
2025-12-27T15:00:00+00:00,League Two,Annan Athletic,Stranraer,Over/Under Goals,Over 1.5,1.25,,,WON,
2025-12-27T15:00:00+00:00,League Two,Dumbarton,Stirling Albion,Over/Under Goals,Over 1.5,1.2,,,WON,
2025-12-27T15:00:00+00:00,League Two,East Kilbride,Clyde,Over/Under Goals,Under 3.5,1.5,,,WON,
2025-12-27T15:00:00+00:00,League Two,Edinburgh City,Spartans,Double Chance,Home/Draw,1.55,,,LOST,
2025-12-27T15:00:00+00:00,League Two,Forfar Athletic,Elgin City,Double Chance,Home/Draw,1.44,,,WON,
2025-12-27T15:00:00+00:00,Non League Premier - Isthmian,Burgess Hill Town,Chichester City,Team Total Goals,Over 0.5,1.16,,,WON,
2025-12-27T15:00:00+00:00,Non League Premier - Isthmian,Canvey Island,Billericay Town,Over/Under Goals,Under 3.5,1.44,,,WON,
2025-12-27T15:00:00+00:00,Non League Premier - Isthmian,Carshalton Athletic,Dulwich Hamlet,Over/Under Goals,Under 3.5,1.36,,,WON,
2025-12-27T15:00:00+00:00,Non League Premier - Isthmian,Chatham Town,Dartford,1X2 / Match Winner,Home,1.7,,,LOST,
2025-12-27T15:00:00+00:00,Non League Premier - Isthmian,Cray Wanderers,Cray Valley PM,Over/Under Goals,Under 3.5,1.37,,,LOST,
2025-12-27T15:00:00+00:00,Non League Premier - Isthmian,Hashtag United,Aveley,1X2 / Match Winner,Draw,4.0,,,WON,
2025-12-27T15:00:00+00:00,Non League Premier - Isthmian,Potters Bar Town,Cheshunt,Double Chance,Home/Draw,1.62,,,WON,
2025-12-27T15:00:00+00:00,Non League Premier - Isthmian,St Albans City,Wingate & Finchley,Double Chance,Home/Draw,1.28,,,WON,
2025-12-27T15:00:00+00:00,Non League Premier - Isthmian,Welling United,Brentwood Town,Asian Handicap,Home +1.25,1.42,,,LOST,
2025-12-27T15:00:00+00:00,Non League Premier - Northern,Cleethorpes Town,Workington,Over/Under Goals,Under 3.5,1.33,,,WON,
2025-12-27T15:00:00+00:00,Non League Premier - Northern,Hednesford Town,United of Manchester,Over/Under Goals,Under 3.5,1.22,,,WON,
2025-12-27T15:00:00+00:00,Non League Premier - Southern Central,AFC Sudbury,Bury Town,Over/Under Goals,Over 1.5,1.19,,,WON,
2025-12-27T15:00:00+00:00,Non League Premier - Southern Central,Barwell,Quorn,1X2 / Match Winner,Draw,3.75,,,WON,
2025-12-27T15:00:00+00:00,Non League Premier - Southern Central,Bromsgrove Sporting,Redditch United,1X2 / Match Winner,Draw,3.6,,,WON,
2025-12-27T15:00:00+00:00,Non League Premier - Southern Central,Harborough Town,Kettering Town,Team Total Goals,Over 0.5,1.49,,,WON,
2025-12-27T15:00:00+00:00,Non League Premier - Southern Central,Leiston,Needham Market,Double Chance,Home/Draw,1.44,,,LOST,
2025-12-27T15:00:00+00:00,Non League Premier - Southern Central,Real Bedford,St Ives Town,1X2 / Match Winner,Home,1.65,,,LOST,
2025-12-27T15:00:00+00:00,Non League Premier - Southern Central,Royston Town,Bishop's Stortford,Over/Under Goals,Under 3.5,1.36,,,WON,
2025-12-27T15:00:00+00:00,Non League Premier - Southern Central,Spalding United,Stamford,Over/Under Goals,Under 3.5,1.6,,,WON,
2025-12-27T15:00:00+00:00,Non League Premier - Southern Central,Stourbridge,Banbury United,Double Chance,Home/Draw,1.55,,,WON,
2025-12-27T15:00:00+00:00,Non League Premier - Southern Central,Stratford Town,Alvechurch,Over/Under Goals,Under 3.5,1.23,,,WON,
2025-12-27T15:00:00+00:00,Non League Premier - Southern South,Bracknell Town,Farnham Town,Double Chance,Draw/Away,1.25,,,LOST,
2025-12-27T15:00:00+00:00,Non League Premier - Southern South,Dorchester Town,Weymouth,Over/Under Goals,Under 3.5,1.37,,,WON,
2025-12-27T15:00:00+00:00,Non League Premier - Southern South,Evesham United,Yate Town,Over/Under Goals,Under 3.5,1.34,,,WON,
2025-12-27T15:00:00+00:00,Non League Premier - Southern South,Hanwell Town,Uxbridge,Double Chance,Home/Draw,1.4,,,WON,
2025-12-27T15:00:00+00:00,Non League Premier - Southern South,Hungerford Town,Berkhamsted,Over/Under Goals,Under 3.5,1.35,,,WON,
2025-12-27T15:00:00+00:00,Non League Premier - Southern South,Plymouth Parkway,Tiverton Town,1X2 / Match Winner,Home,1.6,,,LOST,
2025-12-27T15:00:00+00:00,Non League Premier - Southern South,Sholing,Basingstoke Town,Over/Under Goals,Under 3.5,1.39,,,LOST,
2025-12-27T15:00:00+00:00,Non League Premier - Southern South,Wimborne Town,Poole Town,Double Chance,Draw/Away,1.5,,,WON,
2025-12-27T15:00:00+00:00,Premier League,Arsenal,Brighton,1X2 / Match Winner,Home,1.47,,,WON,
2025-12-27T15:00:00+00:00,Premier League,Brentford,Bournemouth,Over/Under Goals,Over 1.5,1.22,,,WON,
2025-12-27T15:00:00+00:00,Premier League,Burnley,Everton,Team Total Goals,Under 2.5,1.15,,,WON,
2025-12-27T15:00:00+00:00,Premier League,Liverpool,Wolves,Over/Under Goals,Under 3.5,1.67,,,WON,
2025-12-27T15:00:00+00:00,Premier League,West Ham,Fulham,Over/Under Goals,Over 1.5,1.28,,,LOST,
2025-12-27T15:00:00+00:00,Premiership,Dundee,Falkirk,Over/Under Goals,Under 3.5,1.28,,,WON,
2025-12-27T15:00:00+00:00,Premiership,Livingston,Celtic,Over/Under Goals,Under 3.5,1.57,,,LOST,
2025-12-27T15:00:00+00:00,Premiership,Rangers,Motherwell,Over/Under Goals,Under 3.5,1.36,,,WON,
2025-12-27T15:00:00+00:00,Premiership,ST Mirren,Kilmarnock,Team Total Goals,Over 0.5,1.18,,,LOST,
2025-12-27T15:30:00+00:00,State Cup,Maccabi Tel Aviv,Hapoel Haifa,Over/Under Goals,Over 1.5,1.17,,,WON,
2025-12-27T15:45:00+00:00,Sultan Cup,Al-Khabourah,Al Nasr,Over/Under Goals,Under 3.5,1.16,,,WON,
2025-12-27T15:45:00+00:00,Super Cup,Shabab Al Ahli Dubai,Sharjah FC,Over/Under Goals,Under 3.5,1.31,,,LOST,
2025-12-27T16:00:00+00:00,LFA First Division,LPRC Oilers,Jubilee,Over/Under Goals,Over 1.5,1.18,,,WON,
2025-12-27T16:00:00+00:00,Ligue 1,JS Kabylie,ASO Chlef,Asian Handicap,Home +0.25,1.15,,,WON,
2025-12-27T16:00:00+00:00,TFF 1. Lig,Pendikspor,Erokspor,Team Total Goals,Over 0.5,1.2,,,LOST,
2025-12-27T16:15:00+00:00,Serie B,Palermo,Padova,Over/Under Goals,Under 3.5,1.3,,,WON,
2025-12-27T17:00:00+00:00,Serie A,Udinese,Lazio,Over/Under Goals,Under 3.5,1.22,,,WON,
2025-12-27T17:15:00+00:00,Jupiler Pro League,KV Mechelen,Dender,Asian Handicap,Home +0.25,1.42,,,WON,
2025-12-27T17:30:00+00:00,Africa Cup of Nations,Uganda,Tanzania,Over/Under Goals,Under 3.5,1.18,,,WON,
2025-12-27T17:30:00+00:00,Premier League,Chelsea,Aston Villa,Over/Under Goals,Over 1.5,1.25,,,WON,
2025-12-27T17:30:00+00:00,Pro League,Al-Ittihad FC,Al Shabab,Over/Under Goals,Under 3.5,1.62,,,WON,
2025-12-27T17:45:00+00:00,Premiership,Aberdeen,Dundee Utd,Asian Handicap,Away -1.25,1.4,,,WON,
2025-12-27T18:00:00+00:00,Primeira Liga,Famalicao,Estrela,Asian Handicap,Home +0.5,1.15,,,LOST,
2025-12-27T18:00:00+00:00,State Cup,Hapoel Beer Sheva,Hapoel Sderot,Over/Under Goals,Under 3.5,2.1,,,WON,
2025-12-27T18:30:00+00:00,Serie B,Bari,Avellino,Over/Under Goals,Under 3.5,1.22,,,WON,
2025-12-27T18:30:00+00:00,State Cup,Ironi Tiberias,Beitar Jerusalem,Over/Under Goals,Under 3.5,1.62,,,WON,
2025-12-27T19:45:00+00:00,Jupiler Pro League,Gent,KVC Westerlo,Over/Under Goals,Under 3.5,1.57,,,WON,
2025-12-27T19:45:00+00:00,Serie A,Pisa,Juventus,Over/Under Goals,Under 2.5,1.83,,,WON,
2025-12-27T20:00:00+00:00,Africa Cup of Nations,Nigeria,Tunisia,Over/Under Goals,Under 3.5,1.18,,,LOST,
2025-12-27T20:30:00+00:00,Primeira Liga,Estoril,Alverca,Double Chance,Draw/Away,1.67,,,LOST,
2025-12-28T00:00:00+00:00,Liga Nacional,Municipal,Antigua GFC,Over/Under Goals,Under 3.5,1.18,,,WON,
2025-12-28T01:00:00+00:00,Liga Nacional,CD Olimpia,Real Espana,Over/Under Goals,Under 3.5,1.3,,,WON,
2025-12-28T01:00:00+00:00,Liga de Ascenso,Inter San Carlos,AD Cofutpa,Over/Under Goals,Under 3.5,1.37,,,LOST,
2025-12-28T06:30:00+00:00,Liga 1,Malut United,Pusamania Borneo,Over/Under Goals,Under 3.5,1.26,,,LOST,
2025-12-28T08:00:00+00:00,A-League,Melbourne City,Perth Glory,Over/Under Goals,Under 3.5,1.38,,,LOST,
2025-12-28T08:30:00+00:00,Liga 1,Persebaya Surabaya,Persijap,Team Total Goals,Over 0.5,1.18,,,WON,
2025-12-28T08:30:00+00:00,Liga 2,Persiku Kudus,Deltras,Over/Under Goals,Under 3.5,1.15,,,LOST,
2025-12-28T10:00:00+00:00,2. Lig,Erbaaspor,Halide Edip Adıvar,Over/Under Goals,Under 3.5,1.36,,,WON,
2025-12-28T10:00:00+00:00,2. Lig,Erzin Spor,Ankaragücü,Double Chance,Draw/Away,1.62,,,LOST,
2025-12-28T10:00:00+00:00,2. Lig,Kepez Belediyespor,Batman Petrolspor,Over/Under Goals,Under 3.5,1.45,,,LOST,
2025-12-28T10:30:00+00:00,TFF 1. Lig,Keçiörengücü,Ümraniyespor,Over/Under Goals,Over 1.5,1.18,,,WON,
2025-12-28T10:30:00+00:00,TFF 1. Lig,Serik Belediyespor,Boluspor,Asian Handicap,Home +1.25,1.7,,,LOST,
2025-12-28T11:00:00+00:00,Segunda Liga,Academico Viseu,Benfica B,Over/Under Goals,Under 2.5,1.8,,,LOST,
2025-12-28T11:30:00+00:00,Serie A,AC Milan,Verona,Over/Under Goals,Over 1.5,1.25,,,WON,
2025-12-28T12:00:00+00:00,2. Lig,24 Erzincanspor,Elazığspor,Over/Under Goals,Under 3.5,1.49,,,WON,
2025-12-28T12:00:00+00:00,2. Lig,Buca FK,Karacabey Belediyespor,Over/Under Goals,Under 3.5,1.25,,,LOST,
2025-12-28T12:00:00+00:00,2. Lig,Muğlaspor,Kastamonuspor 1966,Over/Under Goals,Under 3.5,1.24,,,WON,
2025-12-28T12:00:00+00:00,2. Lig,Tuzlaspor,Karaman Belediyespor,Over/Under Goals,Under 3.5,1.2,,,WON,
2025-12-28T12:00:00+00:00,2. Lig,İnegölspor,Altınordu,Over/Under Goals,Under 3.5,1.57,,,LOST,
2025-12-28T12:00:00+00:00,Liga 1,Persepam Madura Utd,Semen Padang,Over/Under Goals,Under 3.5,1.23,,,LOST,
2025-12-28T12:00:00+00:00,Liga 2,PSS Sleman,Persipal,Over/Under Goals,Under 3.5,1.46,,,LOST,
2025-12-28T12:00:00+00:00,Liga 2,Persiba Balikpapan,Tornado Pekanbaru,Over/Under Goals,Under 2.5,1.55,,,LOST,
2025-12-28T12:30:00+00:00,Africa Cup of Nations,Gabon,Mozambique,Over/Under Goals,Under 3.5,1.2,,,LOST,
2025-12-28T12:30:00+00:00,Cup,Zamalek SC,Baladiyyat Al Mehalla,Over/Under Goals,Under 3.5,1.48,,,WON,
2025-12-28T12:50:00+00:00,Pro League,Al Wahda FC,Khorfakkan,Over/Under Goals,Under 3.5,1.55,,,WON,
2025-12-28T12:50:00+00:00,Pro League,Dibba Al-Fujairah,Al-Wasl FC,Over/Under Goals,Under 3.5,1.53,,,LOST,
2025-12-28T13:00:00+00:00,Shield Cup,Al Buqa'a,Al Jazeera,Over/Under Goals,Under 3.5,1.3,,,WON,
2025-12-28T13:00:00+00:00,TFF 1. Lig,Erzurum BB,Yeni Çorumspor,Over/Under Goals,Under 3.5,1.25,,,WON,
2025-12-28T13:05:00+00:00,Premier League,Al Tadhamon,Al Arabi,Over/Under Goals,Under 3.5,1.44,,,WON,
2025-12-28T14:00:00+00:00,Premier League,Sunderland,Leeds,1X2 / Match Winner,Draw,3.35,,,WON,
2025-12-28T14:00:00+00:00,Segunda Liga,Pacos Ferreira,Farense,Over/Under Goals,Under 3.5,1.25,,,WON,
2025-12-28T14:00:00+00:00,Serie A,Cremonese,Napoli,Over/Under Goals,Under 3.5,1.25,,,WON,
2025-12-28T14:30:00+00:00,Stars League,Al-Sailiya,Al Wakrah,1X2 / Match Winner,Draw,3.89,,,WON,
2025-12-28T15:00:00+00:00,Africa Cup of Nations,Equatorial Guinea,Sudan,Over/Under Goals,Under 3.5,1.17,,,WON,
2025-12-28T15:00:00+00:00,Iraqi League,Al Zawra'a,Al Minaa Basra,Over/Under Goals,Under 3.5,1.19,,,WON,
2025-12-28T15:30:00+00:00,Primeira Liga,Arouca,GIL Vicente,Over/Under Goals,Under 2.5,1.65,,,LOST,
2025-12-28T15:30:00+00:00,Primeira Liga,Casa Pia,Guimaraes,Asian Handicap,Home +0.5,1.6,,,WON,
2025-12-28T15:45:00+00:00,Premier League,Al Kuwait,Al Fahaheel,1X2 / Match Winner,Home,1.21,,,WON,
2025-12-28T15:45:00+00:00,Pro League,Al Nasr,Al Ain,Over/Under Goals,Under 3.5,1.45,,,LOST,
2025-12-28T16:00:00+00:00,Premier League,Al Ahli,Sitra,Over/Under Goals,Under 3.5,1.25,,,WON,
2025-12-28T16:00:00+00:00,Premier League,Muharraq,Al Najma,Over/Under Goals,Under 3.5,1.48,,,WON,
2025-12-28T16:00:00+00:00,Shield Cup,Al Faisaly,Al Wihdat,Over/Under Goals,Under 3.5,1.24,,,WON,
2025-12-28T16:00:00+00:00,Shield Cup,Shabab Al Ordon,Al Salt,Over/Under Goals,Under 2.5,1.62,,,LOST,
2025-12-28T16:00:00+00:00,TFF 1. Lig,Amed,76 Iğdır Belediyespor,Over/Under Goals,Under 3.5,1.36,,,WON,
2025-12-28T16:30:00+00:00,Premier League,Crystal Palace,Tottenham,Double Chance,Draw/Away,1.6,,,WON,
2025-12-28T16:30:00+00:00,Stars League,Al-Arabi SC,Al-Rayyan SC,Double Chance,Home/Draw,1.67,,,WON,
2025-12-28T17:00:00+00:00,Serie A,Bologna,Sassuolo,Double Chance,Home/Draw,1.18,,,WON,
2025-12-28T17:30:00+00:00,Africa Cup of Nations,Algeria,Burkina Faso,Team Total Goals,Under 2.5,1.15,,,WON,
2025-12-28T18:00:00+00:00,Primeira Liga,SC Braga,Benfica,Double Chance,Home/Draw,1.67,,,WON,
2025-12-28T18:00:00+00:00,Super Cup,Egnatia Rrogozhinë,Dinamo Tirana,Over/Under Goals,Under 2.5,1.57,,,LOST,
2025-12-28T19:45:00+00:00,Serie A,Atalanta,Inter,Over/Under Goals,Under 3.5,1.38,,,WON,
2025-12-28T20:00:00+00:00,Africa Cup of Nations,Ivory Coast,Cameroon,Asian Handicap,Home +0,1.55,,,WON,
2025-12-28T20:30:00+00:00,Primeira Liga,Sporting CP,Rio Ave,Over/Under Goals,Over 2.5,1.4,,,WON,
2025-12-28T21:00:00+00:00,Liga Nacional,CD Marathon,Olancho,Over/Under Goals,Over 1.5,1.29,,,WON,
2025-12-29T08:00:00+00:00,A-League,Melbourne Victory,Wellington Phoenix,Over/Under Goals,Under 3.5,1.5,,,LOST,
2025-12-29T08:30:00+00:00,Liga 1,Bali United,Dewa United,Over/Under Goals,Under 2.5,2.05,,,WON,
2025-12-29T08:30:00+00:00,Liga 1,PSIM Yogyakarta,PSBS Biak Numfor,Over/Under Goals,Under 3.5,1.55,,,LOST,
2025-12-29T08:30:00+00:00,Liga 2,Sumsel United,Bekasi City,Double Chance,Draw/Away,1.7,,,LOST,
2025-12-29T09:30:00+00:00,National League,Rakhine United,Ayeyawady United,Over/Under Goals,Under 3.5,1.5,,,WON,
2025-12-29T11:30:00+00:00,TFF 1. Lig,Adana Demirspor,İstanbulspor,Over/Under Goals,Over 2.5,1.17,,,WON,
2025-12-29T12:00:00+00:00,Liga 1,Persija,Bhayangkara FC,Over/Under Goals,Under 3.5,1.32,,,WON,
2025-12-29T12:50:00+00:00,Pro League,Al-Ittihad Kalba,Al-Jazira,Over/Under Goals,Under 3.5,1.45,,,WON,
2025-12-29T13:00:00+00:00,Ligue 1,Mostaganem,Ben Aknoun,Over/Under Goals,Under 2.5,1.44,,,WON,
2025-12-29T14:30:00+00:00,Stars League,Al Shamal,Al Sadd,Over/Under Goals,Under 3.5,1.9,,,WON,
2025-12-29T14:35:00+00:00,Pro League,Al Khaleej Saihat,Al-Fateh,Over/Under Goals,Over 2.5,1.55,,,LOST,
2025-12-29T15:45:00+00:00,Pro League,Al-Dhafra,Baniyas SC,Over/Under Goals,Under 3.5,1.5,,,WON,
2025-12-29T16:00:00+00:00,Africa Cup of Nations,Angola,Egypt,Over/Under Goals,Under 3.5,1.22,,,WON,
2025-12-29T16:00:00+00:00,Africa Cup of Nations,Zimbabwe,South Africa,Over/Under Goals,Under 3.5,1.22,,,LOST,
2025-12-29T16:00:00+00:00,Ligue 1,MC Oran,CR Belouizdad,Double Chance,Draw/Away,1.44,,,WON,
2025-12-29T16:00:00+00:00,Premier League,Khalidiya,Budaiya,Over/Under Goals,Under 3.5,1.45,,,LOST,
2025-12-29T16:30:00+00:00,Stars League,Al Ahli Doha,UMM Salal,Asian Handicap,Home +0,1.5,,,LOST,
2025-12-29T17:00:00+00:00,Ligue 1,Génération Foot,Pikine,BTTS,No,1.4,,,WON,
2025-12-29T17:30:00+00:00,Pro League,Al Riyadh,Al-Hazm,Over/Under Goals,Over 1.5,1.33,,,WON,
2025-12-29T17:30:00+00:00,Pro League,Al Taawon,Al Najma,Over/Under Goals,Over 1.5,1.22,,,LOST,
2025-12-29T18:00:00+00:00,Championship,Coventry,Ipswich,Asian Handicap,Away -0.5,1.55,,,WON,
2025-12-29T18:30:00+00:00,Ligue 1,MC Alger,ES Setif,BTTS,No,1.44,,,WON,
2025-12-29T19:00:00+00:00,Africa Cup of Nations,Comoros,Mali,Over/Under Goals,Under 3.5,1.28,,,WON,
2025-12-29T19:00:00+00:00,Africa Cup of Nations,Zambia,Morocco,Over/Under Goals,Under 3.5,1.38,,,WON,
2025-12-29T19:30:00+00:00,League Two,Newport County,Crewe,Team Total Goals,Over 0.5,1.22,,,LOST,
2025-12-29T19:45:00+00:00,Championship,Leicester,Derby,Over/Under Goals,Over 1.5,1.4,,,WON,
2025-12-29T19:45:00+00:00,Championship,Middlesbrough,Hull City,Over/Under Goals,Over 1.5,1.25,,,LOST,
2025-12-29T19:45:00+00:00,Championship,Millwall,Bristol City,Over/Under Goals,Under 3.5,1.25,,,WON,
2025-12-29T19:45:00+00:00,Championship,Norwich,Watford,Over/Under Goals,Over 1.5,1.25,,,LOST,
2025-12-29T19:45:00+00:00,Championship,Oxford United,Swansea,1X2 / Match Winner,Draw,3.35,,,LOST,
2025-12-29T19:45:00+00:00,Championship,Portsmouth,Charlton,Over/Under Goals,Under 3.5,1.22,,,WON,
2025-12-29T19:45:00+00:00,Championship,Sheffield Wednesday,Blackburn,Over/Under Goals,Under 3.5,1.25,,,WON,
2025-12-29T19:45:00+00:00,Championship,Stoke City,Sheffield Utd,Asian Handicap,Away -0.5,1.48,,,WON,
2025-12-29T19:45:00+00:00,Championship,West Brom,QPR,Over/Under Goals,Over 1.5,1.33,,,WON,
2025-12-29T19:45:00+00:00,Championship,Wrexham,Preston,Over/Under Goals,Under 3.5,1.25,,,WON,
2025-12-29T19:45:00+00:00,League One,AFC Wimbledon,Exeter City,Double Chance,Draw/Away,1.55,,,WON,
2025-12-29T19:45:00+00:00,League One,Barnsley,Lincoln,Over/Under Goals,Over 1.5,1.25,,,WON,
2025-12-29T19:45:00+00:00,League One,Blackpool,Rotherham,Over/Under Goals,Over 1.5,1.33,,,WON,
2025-12-29T19:45:00+00:00,League One,Bolton,Mansfield Town,Over/Under Goals,Under 3.5,1.44,,,WON,
2025-12-29T19:45:00+00:00,League One,Bradford,Port Vale,Over/Under Goals,Under 3.5,1.25,,,WON,
2025-12-29T19:45:00+00:00,League One,Burton Albion,Wigan,Over/Under Goals,Under 3.5,1.25,,,WON,
2025-12-29T19:45:00+00:00,League One,Huddersfield,Northampton,Team Total Goals,Over 0.5,1.62,,,LOST,
2025-12-29T19:45:00+00:00,League One,Luton,Leyton Orient,Team Total Goals,Over 0.5,1.18,,,WON,
2025-12-29T19:45:00+00:00,League One,Peterborough,Reading,Asian Handicap,Home +0,1.7,,,WON,
2025-12-29T19:45:00+00:00,League One,Plymouth,Wycombe,Over/Under Goals,Under 3.5,1.28,,,WON,
2025-12-29T19:45:00+00:00,League Two,Accrington ST,Harrogate Town,Asian Handicap,Home +0,1.44,,,WON,
2025-12-29T19:45:00+00:00,League Two,Bristol Rovers,Barnet,Over/Under Goals,Over 1.5,1.38,,,WON,
2025-12-29T19:45:00+00:00,League Two,Cheltenham,Swindon Town,Over/Under Goals,Under 3.5,1.36,,,WON,
2025-12-29T19:45:00+00:00,League Two,Chesterfield,Cambridge United,Double Chance,Draw/Away,1.57,,,WON,
2025-12-29T19:45:00+00:00,League Two,Crawley Town,Bromley,Over/Under Goals,Over 1.5,1.3,,,WON,
2025-12-29T19:45:00+00:00,League Two,Gillingham,Colchester,Double Chance,Home/Draw,1.42,,,WON,
2025-12-29T19:45:00+00:00,League Two,Grimsby,Shrewsbury,Double Chance,Home/Draw,1.2,,,WON,
2025-12-29T19:45:00+00:00,League Two,Milton Keynes Dons,Notts County,Over/Under Goals,Over 1.5,1.3,,,WON,
2025-12-29T19:45:00+00:00,League Two,Salford City,Fleetwood Town,BTTS,Yes,1.57,,,LOST,
2025-12-29T19:45:00+00:00,National League - South,Chelmsford City,Dagenham & Redbridge,Over/Under Goals,Under 3.5,1.3,,,LOST,
2025-12-29T19:45:00+00:00,Serie A,AS Roma,Genoa,Asian Handicap,Away -1.25,1.52,,,LOST,
2025-12-29T20:15:00+00:00,Primeira Liga,FC Porto,AVS,Over/Under Goals,Under 3.5,1.75,,,WON,
2025-12-30T00:30:00+00:00,Premier League,Arnett Gardens,Racing United,Double Chance,Home/Draw,1.53,,,WON,
2025-12-30T08:30:00+00:00,Liga 1,Arema FC,Persita,Over/Under Goals,Under 3.5,1.25,,,WON,
2025-12-30T10:00:00+00:00,Premier League,Dire Dawa Kenema,Negelle Arsi,Over/Under Goals,Under 2.5,1.36,,,LOST,
2025-12-30T11:30:00+00:00,Persian Gulf Pro League,Tractor Sazi,Malavan,Over/Under Goals,Under 3.5,1.17,,,WON,
2025-12-30T12:00:00+00:00,Premier League,Awassa Kenema,Hadiya Hosaena,Over/Under Goals,Under 2.5,1.44,,,WON,
2025-12-30T12:55:00+00:00,Division 1,Al Hamriyah,Al Arabi,Asian Handicap,Home +0.25,1.43,,,LOST,
2025-12-30T13:00:00+00:00,Premier League,Suhul Shire,Adama Kenema,BTTS,No,1.44,,,WON,
2025-12-30T14:40:00+00:00,Division 1,Al-Adalah,Al Jabalain,Double Chance,Home/Draw,1.6,,,WON,
2025-12-30T15:00:00+00:00,Premier League,Sidama Bunna,Sheger Ketema,Double Chance,Home/Draw,1.17,,,WON,
2025-12-30T16:00:00+00:00,Africa Cup of Nations,Tanzania,Tunisia,Over/Under Goals,Under 3.5,1.25,,,WON,
2025-12-30T16:00:00+00:00,Africa Cup of Nations,Uganda,Nigeria,1X2 / Match Winner,Away,1.47,,,WON,
2025-12-30T16:00:00+00:00,LFA First Division,Heaven Eleven,Jubilee,Over/Under Goals,Under 3.5,1.57,,,WON,
2025-12-30T16:00:00+00:00,Premier League,Ksar,Gendrim,Over/Under Goals,Under 3.5,1.16,,,WON,
2025-12-30T16:00:00+00:00,Premier League,Nouakchott King's,Chemal,Double Chance,Home/Draw,1.53,,,WON,
2025-12-30T17:00:00+00:00,Ligat Ha'al,Maccabi Bnei Raina,Ironi Kiryat Shmona,Double Chance,Home/Draw,1.7,,,WON,
2025-12-30T17:30:00+00:00,Ligat Ha'al,Hapoel Haifa,Bnei Sakhnin,Over/Under Goals,Over 1.5,1.3,,,WON,
2025-12-30T17:30:00+00:00,Pro League,Al Okhdood,Damac,Over/Under Goals,Under 3.5,1.3,,,WON,
2025-12-30T18:00:00+00:00,Ligat Ha'al,Maccabi Tel Aviv,Ironi Tiberias,Over/Under Goals,Under 3.5,1.7,,,WON,
2025-12-30T19:00:00+00:00,Africa Cup of Nations,Benin,Senegal,Over/Under Goals,Under 3.5,1.38,,,WON,
2025-12-30T19:00:00+00:00,Africa Cup of Nations,Botswana,Congo DR,Over/Under Goals,Under 3.5,1.36,,,WON,
2025-12-30T19:30:00+00:00,Premier League,Burnley,Newcastle,Over/Under Goals,Over 1.5,1.25,,,WON,
2025-12-30T19:30:00+00:00,Premier League,Chelsea,Bournemouth,1X2 / Match Winner,Draw,4.32,,,WON,
2025-12-30T19:30:00+00:00,Premier League,Nottingham Forest,Everton,Over/Under Goals,Under 3.5,1.25,,,WON,
2025-12-30T19:30:00+00:00,Premier League,West Ham,Brighton,1X2 / Match Winner,Draw,3.69,,,WON,
2025-12-30T19:45:00+00:00,Championship,Armagh City,Ards,Over/Under Goals,Under 3.5,1.5,,,LOST,
2025-12-30T19:45:00+00:00,Championship,Institute,Newington Youth,Double Chance,Draw/Away,1.42,,,WON,
2025-12-30T19:45:00+00:00,National League - North,Alfreton Town,Leamington,Over/Under Goals,Under 3.5,1.28,,,WON,
2025-12-30T19:45:00+00:00,National League - North,Bedford Town,King's Lynn Town,1X2 / Match Winner,Draw,3.45,,,LOST,
2025-12-30T19:45:00+00:00,National League - North,Buxton,Worksop Town,Over/Under Goals,Under 3.5,1.42,,,LOST,
2025-12-30T19:45:00+00:00,National League - North,Chester,Macclesfield,Over/Under Goals,Under 3.5,1.38,,,WON,
2025-12-30T19:45:00+00:00,National League - North,Chorley,Marine,Over/Under Goals,Under 3.5,1.28,,,WON,
2025-12-30T19:45:00+00:00,National League - North,Darlington 1883,South Shields,Team Total Goals,Over 0.5,1.15,,,WON,
2025-12-30T19:45:00+00:00,National League - North,Kidderminster Harriers,AFC Telford United,Over/Under Goals,Under 3.5,1.33,,,WON,
2025-12-30T19:45:00+00:00,National League - North,Merthyr Town,Hereford,Over/Under Goals,Under 3.5,1.62,,,LOST,
2025-12-30T19:45:00+00:00,National League - North,Peterborough Sports,Oxford City,Over/Under Goals,Under 3.5,1.42,,,WON,
2025-12-30T19:45:00+00:00,National League - North,Radcliffe,AFC Fylde,Over/Under Goals,Under 3.5,1.53,,,LOST,
2025-12-30T19:45:00+00:00,National League - South,AFC Hornchurch,Maidstone Utd,Over/Under Goals,Under 3.5,1.36,,,WON,
2025-12-30T19:45:00+00:00,National League - South,AFC Totton,Chippenham Town,Over/Under Goals,Under 3.5,1.5,,,WON,
2025-12-30T19:45:00+00:00,National League - South,Bath City,Torquay,Over/Under Goals,Under 3.5,1.33,,,WON,
2025-12-30T19:45:00+00:00,National League - South,Dover,Ebbsfleet United,Over/Under Goals,Under 3.5,1.44,,,WON,
2025-12-30T19:45:00+00:00,National League - South,Hemel Hempstead Town,Enfield Town,Over/Under Goals,Under 3.5,1.4,,,WON,
2025-12-30T19:45:00+00:00,National League - South,Horsham,Farnborough,Double Chance,Home/Draw,1.17,,,WON,
2025-12-30T19:45:00+00:00,National League - South,Slough Town,Chesham United,Over/Under Goals,Under 3.5,1.44,,,WON,
2025-12-30T19:45:00+00:00,National League - South,Tonbridge Angels,Eastbourne Borough,Asian Handicap,Home +0.25,1.58,,,LOST,
2025-12-30T19:45:00+00:00,National League - South,Weston-super-Mare,Salisbury,Over/Under Goals,Under 3.5,1.33,,,WON,
2025-12-30T19:45:00+00:00,National League - South,Worthing,Dorking Wanderers,Over/Under Goals,Over 1.5,1.17,,,WON,
2025-12-30T19:45:00+00:00,National League,Aldershot Town,Wealdstone,Over/Under Goals,Under 3.5,1.33,,,LOST,
2025-12-30T19:45:00+00:00,National League,Altrincham,York,1X2 / Match Winner,Away,1.6,,,WON,
2025-12-30T19:45:00+00:00,National League,Boreham Wood,Solihull Moors,1X2 / Match Winner,Home,1.4,,,WON,
2025-12-30T19:45:00+00:00,National League,Boston United,Brackley Town,Asian Handicap,Home +0,1.55,,,LOST,
2025-12-30T19:45:00+00:00,National League,Carlisle,Morecambe,Over/Under Goals,Under 3.5,1.63,,,WON,
2025-12-30T19:45:00+00:00,National League,Forest Green,Truro City,Over/Under Goals,Under 3.5,1.53,,,WON,
2025-12-30T19:45:00+00:00,National League,Rochdale,Hartlepool,Over/Under Goals,Under 3.5,1.3,,,WON,
2025-12-30T19:45:00+00:00,National League,Scunthorpe,Gateshead,1X2 / Match Winner,Home,1.48,,,WON,
2025-12-30T19:45:00+00:00,National League,Southend,Sutton Utd,1X2 / Match Winner,Home,1.46,,,WON,
2025-12-30T19:45:00+00:00,National League,Tamworth,FC Halifax Town,Double Chance,Home/Draw,1.48,,,LOST,
2025-12-30T19:45:00+00:00,Premier League,Cardiff MET,Haverfordwest County AFC,Asian Handicap,Home +0.25,1.51,,,WON,
2025-12-30T19:45:00+00:00,Premiership,Bangor,Ballymena United,Over/Under Goals,Under 3.5,1.36,,,WON,
2025-12-30T19:45:00+00:00,Premiership,Coleraine FC,Linfield,Over/Under Goals,Under 3.5,1.25,,,LOST,
2025-12-30T19:45:00+00:00,Premiership,Crusaders FC,Carrick Rangers,Over/Under Goals,Under 3.5,1.5,,,LOST,
2025-12-30T19:45:00+00:00,Premiership,Dundee,Kilmarnock,Over/Under Goals,Under 3.5,1.22,,,WON,
2025-12-30T19:45:00+00:00,Premiership,Glenavon FC,Dungannon Swifts,Over/Under Goals,Over 2.5,1.65,,,LOST,
2025-12-30T19:45:00+00:00,Premiership,Glentoran,Portadown,Over/Under Goals,Under 3.5,1.36,,,WON,
2025-12-30T19:45:00+00:00,Premiership,Hibernian,Aberdeen,Double Chance,Home/Draw,1.2,,,WON,
2025-12-30T19:45:00+00:00,Premiership,Larne,Cliftonville FC,Over/Under Goals,Under 3.5,1.25,,,WON,
2025-12-30T19:45:00+00:00,Premiership,Livingston,Dundee Utd,Over/Under Goals,Under 3.5,1.25,,,LOST,
2025-12-30T19:45:00+00:00,Premiership,Rangers,ST Mirren,Over/Under Goals,Under 3.5,1.32,,,WON,
2025-12-30T20:00:00+00:00,Premiership,Motherwell,Celtic,Over/Under Goals,Under 2.5,1.97,,,WON,
2025-12-30T20:15:00+00:00,Premier League,Arsenal,Aston Villa,Over/Under Goals,Over 1.5,1.3,,,WON,
2025-12-30T20:15:00+00:00,Premier League,Manchester United,Wolves,Over/Under Goals,Over 1.5,1.17,,,WON,
2025-12-30T20:15:00+00:00,Segunda Liga,Torreense,Lusitânia Lourosa,Over/Under Goals,Under 3.5,1.25,,,WON,
2025-12-31T08:00:00+00:00,A-League,Central Coast Mariners,Brisbane Roar,Over/Under Goals,Under 3.5,1.28,,,WON,
2025-12-31T09:00:00+00:00,National League,Shan United,Yangon United,Asian Handicap,Home +0.25,1.4,,,WON,
2025-12-31T09:30:00+00:00,National League,Sagaing United,Hantharwady United,Double Chance,Home/Draw,1.6,,,WON,
2025-12-31T12:00:00+00:00,Liga Alef,Hapoel Migdal HaEmek,Tira,Over/Under Goals,Under 3.5,1.28,,,WON,
2025-12-31T12:00:00+00:00,Premier League,Mekelakeya,Ethiopia Bunna,Asian Handicap,Home +0.25,1.5,,,LOST,
2025-12-31T12:15:00+00:00,Division 1,Al Baten,Abha,Over/Under Goals,Under 3.5,1.45,,,WON,
2025-12-31T12:15:00+00:00,Division 1,Al Diriyah,Al Jubail,Over/Under Goals,Under 3.5,1.53,,,LOST,
2025-12-31T12:30:00+00:00,FAW Championship,Penrhyncoch,Ruthin Town,Over/Under Goals,Over 1.5,1.17,,,WON,
2025-12-31T12:30:00+00:00,Premier League,Bala Town,Caernarfon Town,Over/Under Goals,Under 3.5,1.33,,,WON,
2025-12-31T12:30:00+00:00,Premier League,Briton Ferry,Barry Town,Over/Under Goals,Under 3.5,1.5,,,WON,
2025-12-31T13:00:00+00:00,Premier League,Ethiopia Nigd Bank,Ethiopian Medhin,Double Chance,Home/Draw,1.53,,,WON,
2025-12-31T13:10:00+00:00,Premier League,Kazma,Al Salmiyah,Over/Under Goals,Under 3.5,1.33,,,WON,
2025-12-31T14:30:00+00:00,Premier League,GAP Connah S Quay FC,The New Saints,Over/Under Goals,Under 3.5,1.45,,,LOST,
2025-12-31T15:00:00+00:00,Championship,Limavady United,Annagh United,Asian Handicap,Home +0.25,1.5,,,LOST,
2025-12-31T15:00:00+00:00,League Cup,Ceramica Cleopatra,Pharco,Over/Under Goals,Under 3.5,1.17,,,WON,
2025-12-31T15:00:00+00:00,League Cup,Petrojet,National Bank of Egypt,Over/Under Goals,Over 1.5,1.65,,,WON,
2025-12-31T15:25:00+00:00,Pro League,NEOM,Al-Ittihad FC,Over/Under Goals,Under 3.5,1.57,,,LOST,
2025-12-31T15:30:00+00:00,Division 1,Jeddah Club,Al Bukayriyah,Over/Under Goals,Under 2.5,1.5,,,WON,
2025-12-31T15:40:00+00:00,Premier League,Al Nasar,Al Qadsia,Over/Under Goals,Under 3.5,1.36,,,WON,
2025-12-31T16:00:00+00:00,Africa Cup of Nations,Equatorial Guinea,Algeria,Over/Under Goals,Under 3.5,1.28,,,LOST,
2025-12-31T16:00:00+00:00,Africa Cup of Nations,Sudan,Burkina Faso,Over/Under Goals,Under 2.5,1.65,,,WON,
2025-12-31T16:00:00+00:00,Premier League,Nouadhibou,Nouakchott Academie,Over/Under Goals,Under 3.5,1.15,,,WON,
2025-12-31T17:30:00+00:00,Ligat Ha'al,Maccabi Netanya,Hapoel Petah Tikva,Over/Under Goals,Under 3.5,1.55,,,WON,
2025-12-31T17:45:00+00:00,Ligat Ha'al,Ashdod,Maccabi Haifa,Over/Under Goals,Under 3.5,1.48,,,LOST,
2025-12-31T18:00:00+00:00,League Cup,Masr,Haras El Hodood,Asian Handicap,Home +0.25,1.5,,,WON,
2025-12-31T18:00:00+00:00,Ligat Ha'al,Hapoel Beer Sheva,Hapoel Katamon,Over/Under Goals,Under 3.5,1.62,,,LOST,
2025-12-31T18:30:00+00:00,Liga Alef,Nordia Jerusalem,Holon Yermiyahu,Over/Under Goals,Over 1.5,1.16,,,WON,
2025-12-31T19:00:00+00:00,Africa Cup of Nations,Gabon,Ivory Coast,Over/Under Goals,Under 2.5,1.62,,,LOST,
2025-12-31T19:00:00+00:00,Africa Cup of Nations,Mozambique,Cameroon,Over/Under Goals,Under 2.5,1.7,,,LOST,
