date_utc,league,home,away,market,pick,price_at_publish,model_probability,result,grade,snapshot_frozen_at
2025-11-01T00:00:00+00:00,Liga Pro,Delfin SC,Deportivo Cuenca,Over/Under Goals,Under 3.5,1.22,,,WON,
2025-11-01T00:10:00+00:00,Primera Nacional,Estudiantes de Rio Cuarto,Gimnasia Y Tiro,Over/Under Goals,Under 2.5,1.33,,,WON,
2025-11-01T00:15:00+00:00,Primera Division,Instituto Cordoba,Rosario Central,Double Chance,Draw/Away,1.3,,,WON,
2025-11-01T00:15:00+00:00,Primera Division,Newells Old Boys,Union Santa Fe,Over/Under Goals,Over 1.5,1.5,,,LOST,
2025-11-01T00:15:00+00:00,Torneo Federal A,Sportivo Belgrano,Guillermo Brown,Over/Under Goals,Under 3.5,1.3,,,WON,
2025-11-01T00:30:00+00:00,Primera B,Internacional Palmira,Cucuta,Over/Under Goals,Under 2.5,1.55,,,WON,
2025-11-01T00:35:00+00:00,Serie B,Ferroviária,Criciuma,Over/Under Goals,Over 1.5,1.42,,,LOST,
2025-11-01T01:00:00+00:00,Liga MX Femenil,Juárez W,Querétaro W,1X2 / Match Winner,Draw,7.0,,,LOST,
2025-11-01T01:00:00+00:00,Liga MX,Necaxa,Santos Laguna,Over/Under Goals,Over 1.5,1.15,,,WON,
2025-11-01T01:00:00+00:00,Liga de Expansión MX,Correcaminos Uat,Mineros de Zacatecas,Over/Under Goals,Over 1.5,1.25,,,WON,
2025-11-01T01:00:00+00:00,Liga de Expansión MX,Irapuato,Tapatío,Over/Under Goals,Under 3.5,1.48,,,WON,
2025-11-01T01:00:00+00:00,Primera Division,Alianza Lima,FBC Melgar,Over/Under Goals,Under 3.5,1.22,,,LOST,
2025-11-01T02:00:00+00:00,Primera División,Sporting San Jose,CS Herediano,Asian Handicap,Home +0,1.65,,,LOST,
2025-11-01T03:00:00+00:00,Liga MX Femenil,Monterrey W,Atlas W,BTTS,Yes,1.48,,,WON,
2025-11-01T03:00:00+00:00,Liga MX Femenil,Tijuana W,Pachuca W,1X2 / Match Winner,Away,1.4,,,WON,
2025-11-01T03:00:00+00:00,Liga MX,Atletico San Luis,FC Juarez,Asian Handicap,Away -0.5,1.67,,,WON,
2025-11-01T03:05:00+00:00,Liga MX,Puebla,Cruz Azul,Over/Under Goals,Over 2.5,1.62,,,WON,
2025-11-01T04:00:00+00:00,A-League,Auckland,Adelaide United,Over/Under Goals,Under 3.5,1.38,,,WON,
2025-11-01T05:00:00+00:00,K League 2,Gyeongnam FC,Seoul E-Land FC,Over/Under Goals,Under 3.5,1.36,,,WON,
2025-11-01T05:00:00+00:00,K League 2,Suwon Bluewings,Cheongju,Over/Under Goals,Under 3.5,1.62,,,WON,
2025-11-01T05:00:00+00:00,K-League Classic,Daejeon Citizen,FC Seoul,Double Chance,Home/Draw,1.5,,,WON,
2025-11-01T05:00:00+00:00,K-League Classic,Gangwon FC,Jeonbuk Motors,Double Chance,Draw/Away,1.42,,,WON,
2025-11-01T05:00:00+00:00,K3 League,Gyeongju HNP,Yeoju Sejong,Over/Under Goals,Under 3.5,1.29,,,WON,
2025-11-01T05:00:00+00:00,K3 League,Ulsan Citizen,Jeonbuk Motors II,Over/Under Goals,Under 3.5,1.21,,,WON,
2025-11-01T05:00:00+00:00,K3 League,Yangpyeong,Daejeon Korail,Over/Under Goals,Under 2.5,1.5,,,LOST,
2025-11-01T06:00:00+00:00,A-League,Newcastle Jets,Sydney,Asian Handicap,Away -0.5,1.5,,,WON,
2025-11-01T06:30:00+00:00,League One,Chongqing Tongliang Long,Suzhou Dongwu,Over/Under Goals,Under 3.5,1.45,,,WON,
2025-11-01T06:30:00+00:00,League One,Dalian Huayi,Shaanxi Union,Over/Under Goals,Over 1.5,1.36,,,WON,
2025-11-01T06:30:00+00:00,League One,Dongguan United,Hebei Kungfu,Over/Under Goals,Under 3.5,1.22,,,WON,
2025-11-01T06:30:00+00:00,League One,Guangxi Baoyun,Shanghai Jiading,Over/Under Goals,Under 3.5,1.28,,,WON,
2025-11-01T06:30:00+00:00,League One,Heilongjiang Lava Spring,Shenzhen Juniors,Over/Under Goals,Under 3.5,1.28,,,WON,
2025-11-01T06:30:00+00:00,League One,Nanjing City,Shenyang Urban,Over/Under Goals,Under 3.5,1.36,,,WON,
2025-11-01T06:30:00+00:00,League One,Nantong Zhiyun,Yanbian Longding,Over/Under Goals,Under 3.5,1.22,,,WON,
2025-11-01T06:30:00+00:00,League One,Qingdao Red Lions,Guangzhou E-Power,Double Chance,Draw/Away,1.17,,,WON,
2025-11-01T07:30:00+00:00,K League 2,Bucheon FC 1995,Ansan Greeners,Over/Under Goals,Under 3.5,1.33,,,WON,
2025-11-01T07:30:00+00:00,K League 2,Gimpo Citizen,Hwaseong,Over/Under Goals,Under 3.5,1.2,,,LOST,
2025-11-01T07:30:00+00:00,K-League Classic,FC Anyang,Ulsan Hyundai FC,Over/Under Goals,Under 2.5,1.85,,,LOST,
2025-11-01T07:30:00+00:00,K-League Classic,Gimcheon Sangmu FC,Pohang Steelers,Over/Under Goals,Over 1.5,1.22,,,LOST,
2025-11-01T07:30:00+00:00,Liga 2,Persipal,Deltras,Over/Under Goals,Under 3.5,1.28,,,WON,
2025-11-01T07:30:00+00:00,Super League,Changchun Yatai,Beijing Guoan,Over/Under Goals,Over 2.5,1.4,,,WON,
2025-11-01T07:30:00+00:00,Super League,Shandong Luneng,Tianjin Teda,Team Total Goals,Under 2.5,1.7,,,WON,
2025-11-01T08:30:00+00:00,Liga 1,Bhayangkara FC,Persita,Over/Under Goals,Under 3.5,1.22,,,WON,
2025-11-01T08:30:00+00:00,Liga 2,Persiku Kudus,Tornado Pekanbaru,Asian Handicap,Home +1.25,1.41,,,LOST,
2025-11-01T08:35:00+00:00,A-League,Macarthur,Western Sydney Wanderers,1X2 / Match Winner,Draw,3.8,,,WON,
2025-11-01T09:00:00+00:00,1. Liga U19,Baník Ostrava U19,Slovácko U19,Over/Under Goals,Under 3.5,1.65,,,LOST,
2025-11-01T09:00:00+00:00,Liga II,Ceahlăul Piatra Neamţ,CSM Satu Mare,Over/Under Goals,Under 3.5,1.35,,,WON,
2025-11-01T09:00:00+00:00,Liga II,FC Bacau,Viitorul Şelimbăr,Over/Under Goals,Under 3.5,1.27,,,WON,
2025-11-01T09:00:00+00:00,Liga II,Gloria Bistriţa,Corvinul Hunedoara,Over/Under Goals,Over 1.5,1.23,,,LOST,
2025-11-01T09:00:00+00:00,Liga II,Metalul Buzău,Muscelul Câmpulung Elite,Over/Under Goals,Under 3.5,1.58,,,LOST,
2025-11-01T09:00:00+00:00,Liga II,Slatina,Chindia Targoviste,Over/Under Goals,Under 3.5,1.23,,,WON,
2025-11-01T09:00:00+00:00,Liga II,Tunari,CSM Reşiţa,Over/Under Goals,Under 3.5,1.31,,,WON,
2025-11-01T09:15:00+00:00,3. liga - CFL A,Petřín Plzeň,Motorlet Praha,Over/Under Goals,Under 3.5,1.41,,,WON,
2025-11-01T09:30:00+00:00,3. liga - CFL A,Králův Dvůr,Sokol Hostouň,Over/Under Goals,Under 3.5,1.65,,,WON,
2025-11-01T10:00:00+00:00,1. Liga U19,Hradec Králové U19,Zbrojovka Brno U19,Double Chance,Home/Draw,1.18,,,WON,
2025-11-01T10:00:00+00:00,3. liga - CFL B,Teplice II,Mladá Boleslav II,Over/Under Goals,Under 3.5,1.57,,,WON,
2025-11-01T10:00:00+00:00,First League,Dobrudzha,Spartak Varna,Over/Under Goals,Under 3.5,1.28,,,WON,
2025-11-01T10:00:00+00:00,Premyer Liqa,Karvan,Zira,Over/Under Goals,Under 3.5,1.21,,,LOST,
2025-11-01T10:00:00+00:00,Second League - Group 1,Rostov II,Pobeda,Over/Under Goals,Under 3.5,1.19,,,WON,
2025-11-01T10:00:00+00:00,Tweede Divisie,Hoek,ACV,1X2 / Match Winner,Home,1.28,,,WON,
2025-11-01T10:30:00+00:00,Esiliiga A,Nõmme Kalju II,Tallinna Kalev II,Asian Handicap,Home +0,1.42,,,WON,
2025-11-01T10:30:00+00:00,Esiliiga B,Läänemaa Haapsalu,Paide II,Over/Under Goals,Over 2.5,1.17,,,WON,
2025-11-01T10:30:00+00:00,Esiliiga B,Tartu Kalev,Legion,1X2 / Match Winner,Home,1.53,,,WON,
2025-11-01T10:30:00+00:00,Liga II,CS Afumati,ASA Targu Mures,Team Total Goals,Under 2.5,1.15,,,WON,
2025-11-01T10:30:00+00:00,Segunda División RFEF - Group 2,Beasain,Basconia,Over/Under Goals,Under 3.5,1.24,,,WON,
2025-11-01T10:30:00+00:00,TFF 1. Lig,Keçiörengücü,Sarıyer,Team Total Goals,Under 2.5,1.2,,,LOST,
2025-11-01T11:00:00+00:00,1. Division,Belshina,BATE II,Over/Under Goals,Under 3.5,1.6,,,WON,
2025-11-01T11:00:00+00:00,1. Liga,Tukums II,Riga FC II,Double Chance,Draw/Away,1.5,,,LOST,
2025-11-01T11:00:00+00:00,First League,Ural,FK Sokol Saratov,Over/Under Goals,Under 3.5,1.22,,,WON,
2025-11-01T11:00:00+00:00,Júniores U19,Famalicão U19,Vizela U19,Over/Under Goals,Under 3.5,1.44,,,LOST,
2025-11-01T11:00:00+00:00,Premier League,Kryvbas KR,SK Poltava,Over/Under Goals,Under 3.5,1.35,,,LOST,
2025-11-01T11:00:00+00:00,Premier League,Smorgon,FC Vitebsk,Double Chance,Home/Draw,1.45,,,LOST,
2025-11-01T11:00:00+00:00,Primera División Femenina,Atletico Madrid W,Alhama,Over/Under Goals,Under 3.5,1.8,,,LOST,
2025-11-01T11:00:00+00:00,Primera División Femenina,Levante W,Granad. Tenerife W,Over/Under Goals,Under 2.5,1.7,,,LOST,
2025-11-01T11:00:00+00:00,Second League - Group 1,Angust Nazran,Druzhba,Over/Under Goals,Under 3.5,1.2,,,WON,
2025-11-01T11:00:00+00:00,Second League - Group 1,Legion Dynamo,Astrakhan,Team Total Goals,Under 2.5,1.41,,,WON,
2025-11-01T11:00:00+00:00,Second League - Group 3,Arsenal Tula II,SKA Khabarovsk II,Over/Under Goals,Under 3.5,1.49,,,LOST,
2025-11-01T11:00:00+00:00,Second League - Group 3,Kvant,Rodina Moskva III,Over/Under Goals,Under 3.5,1.81,,,LOST,
2025-11-01T11:00:00+00:00,Second League - Group 3,Rotor-2,Zenit Penza,Over/Under Goals,Under 3.5,1.3,,,WON,
2025-11-01T11:00:00+00:00,Segunda Liga,Sporting CP B,Feirense,Asian Handicap,Home +0,1.62,,,WON,
2025-11-01T11:30:00+00:00,Serie B,Avellino,Reggiana,Over/Under Goals,Under 3.5,1.25,,,LOST,
2025-11-01T11:30:00+00:00,Thai League 1,Kanchanaburi,Ayutthaya FC,Over/Under Goals,Under 3.5,1.37,,,WON,
2025-11-01T11:35:00+00:00,Super League,Meizhou Kejia,Dalian Zhixing,Over/Under Goals,Over 1.5,1.17,,,WON,
2025-11-01T12:00:00+00:00,2. liga,Liptovský Mikuláš,Petržalka,1X2 / Match Winner,Draw,3.9,,,LOST,
2025-11-01T12:00:00+00:00,2. liga,Lokomotíva Zvolen,Šamorín,Over/Under Goals,Under 3.5,1.58,,,LOST,
2025-11-01T12:00:00+00:00,2. liga,Považská Bystrica,Púchov,Over/Under Goals,Under 3.5,1.57,,,WON,
2025-11-01T12:00:00+00:00,3. Division,Holbæk B&I,Hørsholm-Usserød,Over/Under Goals,Under 3.5,1.47,,,LOST,
2025-11-01T12:00:00+00:00,3. Division,Odder,FA 2000,Over/Under Goals,Under 3.5,1.24,,,WON,
2025-11-01T12:00:00+00:00,Bundesliga 2,1. FC Nürnberg,Eintracht Braunschweig,Over/Under Goals,Over 1.5,1.22,,,WON,
2025-11-01T12:00:00+00:00,Bundesliga 2,Hertha BSC,Dynamo Dresden,BTTS,Yes,1.5,,,LOST,
2025-11-01T12:00:00+00:00,Bundesliga 2,Karlsruher SC,FC Schalke 04,Over/Under Goals,Over 1.5,1.25,,,WON,
2025-11-01T12:00:00+00:00,Damallsvenskan,AIK,Vittsjö,Over/Under Goals,Over 2.5,1.67,,,WON,
2025-11-01T12:00:00+00:00,Damallsvenskan,Kristianstad,Djurgården,Over/Under Goals,Under 3.5,1.33,,,LOST,
2025-11-01T12:00:00+00:00,Damallsvenskan,Växjö,Brommapojkarna W,BTTS,Yes,1.44,,,LOST,
2025-11-01T12:00:00+00:00,Ettan - Norra,Örebro Syrianska,AFC Eskilstuna,Over/Under Goals,Over 1.5,1.15,,,WON,
2025-11-01T12:00:00+00:00,Ettan - Södra,Ljungskile SK,Skövde AIK,Over/Under Goals,Under 3.5,1.67,,,LOST,
2025-11-01T12:00:00+00:00,Ettan - Södra,Norrby IF,Husqvarna,Over/Under Goals,Under 3.5,1.53,,,LOST,
2025-11-01T12:00:00+00:00,Ettan - Södra,Rosengård,Hässleholms IF,Over/Under Goals,Under 3.5,1.36,,,WON,
2025-11-01T12:00:00+00:00,FA Cup,Chelmsford City,Braintree,Over/Under Goals,Under 3.5,1.48,,,LOST,
2025-11-01T12:00:00+00:00,FA WSL,Chelsea W,London City Lionesses,Over/Under Goals,Under 3.5,1.93,,,WON,
2025-11-01T12:00:00+00:00,FA WSL,Manchester City W,West Ham W,Team Total Goals,Over 1.5,1.15,,,LOST,
2025-11-01T12:00:00+00:00,First NL,Hrvace,Orijent 1919,1X2 / Match Winner,Draw,3.4,,,WON,
2025-11-01T12:00:00+00:00,Liga 1,Bali United,Persib Bandung,Over/Under Goals,Under 3.5,1.33,,,WON,
2025-11-01T12:00:00+00:00,Liga 2,PSS Sleman,Persipura Jayapura,Over/Under Goals,Under 3.5,1.55,,,WON,
2025-11-01T12:00:00+00:00,Second League - Group 1,Dinamo Stavropol,Sevastopol,Over/Under Goals,Under 3.5,1.26,,,LOST,
2025-11-01T12:00:00+00:00,Second League - Group 1,Spartak Nalchik,Sochi II,Over/Under Goals,Under 3.5,1.26,,,WON,
2025-11-01T12:00:00+00:00,Super League 2,Kallithea,Marko,Over/Under Goals,Under 3.5,1.19,,,WON,
2025-11-01T12:00:00+00:00,Super League,Andijan,Buxoro,Double Chance,Draw/Away,1.6,,,WON,
2025-11-01T12:00:00+00:00,Superettan,Falkenbergs FF,Vasteras SK FK,1X2 / Match Winner,Away,1.7,,,WON,
2025-11-01T12:00:00+00:00,Superettan,Orgryte IS,Kalmar FF,Double Chance,Draw/Away,1.45,,,WON,
2025-11-01T12:15:00+00:00,NB I,Kazincbarcikai,Puskas Academy,Over/Under Goals,Under 3.5,1.44,,,LOST,
2025-11-01T12:30:00+00:00,2. Division,ASIL Lysi,Nea Salamis,Double Chance,Draw/Away,1.17,,,WON,
2025-11-01T12:30:00+00:00,2. Division,Digenis Morphou,Ayia Napa,Over/Under Goals,Under 3.5,1.38,,,WON,
2025-11-01T12:30:00+00:00,2. Division,MEAP Nisou,Doxa,Double Chance,Draw/Away,1.21,,,LOST,
2025-11-01T12:30:00+00:00,3. Division,Lyseng,Nykobing FC,1X2 / Match Winner,Away,1.41,,,WON,
2025-11-01T12:30:00+00:00,3. liga - Center,MFK Bytča,Podkonice,BTTS,Yes,1.53,,,WON,
2025-11-01T12:30:00+00:00,Championship,Norwich,Hull City,Over/Under Goals,Over 1.5,1.22,,,WON,
2025-11-01T12:30:00+00:00,Championship,West Brom,Sheffield Wednesday,Over/Under Goals,Under 3.5,1.38,,,WON,
2025-11-01T12:30:00+00:00,Meistriliiga,Flora Tallinn,Kuressaare,Over/Under Goals,Under 3.5,1.67,,,WON,
2025-11-01T12:30:00+00:00,Regionalliga - Nord,Weiche Flensburg,VfB Lübeck,Asian Handicap,Home +0,1.65,,,WON,
2025-11-01T12:30:00+00:00,Super League,Kamuzu Barracks,Chitipa United,Over/Under Goals,Under 2.5,1.57,,,LOST,
2025-11-01T12:30:00+00:00,Thai League 1,Rayong FC,Sukhothai FC,Double Chance,Home/Draw,1.18,,,WON,
2025-11-01T13:00:00+00:00,1. Division,Aarhus Fremad,Hvidovre,Over/Under Goals,Over 1.5,1.22,,,LOST,
2025-11-01T13:00:00+00:00,1. Division,Hillerød,Kolding IF,Over/Under Goals,Under 3.5,1.36,,,WON,
2025-11-01T13:00:00+00:00,1. Division,Middelfart,Aalborg,Over/Under Goals,Under 3.5,1.45,,,WON,
2025-11-01T13:00:00+00:00,2. Division,Brabrand,HIK,Asian Handicap,Home +0.5,1.6,,,WON,
2025-11-01T13:00:00+00:00,2. Division,Roskilde,Thisted FC,Asian Handicap,Away -1.25,1.6,,,WON,
2025-11-01T13:00:00+00:00,2. Division,Skive,VSK Århus,Over/Under Goals,Under 3.5,1.3,,,WON,
2025-11-01T13:00:00+00:00,3. Division,Sundby,Næsby,Over/Under Goals,Over 2.5,1.44,,,LOST,
2025-11-01T13:00:00+00:00,3. Division,Vanløse,Brønshøj,Team Total Goals,Under 2.5,1.16,,,WON,
2025-11-01T13:00:00+00:00,3. Division,Vejgaard B,Frem,Over/Under Goals,Under 3.5,1.33,,,LOST,
2025-11-01T13:00:00+00:00,3. Liga,Erzgebirge Aue,SSV Jahn Regensburg,Double Chance,Draw/Away,1.62,,,LOST,
2025-11-01T13:00:00+00:00,3. Liga,Havelse,SV Wehen,Over/Under Goals,Under 3.5,1.57,,,WON,
2025-11-01T13:00:00+00:00,3. Liga,SSV Ulm 1846,Stuttgart II,Over/Under Goals,Under 3.5,1.5,,,LOST,
2025-11-01T13:00:00+00:00,3. Liga,TSV 1860 München,Energie Cottbus,Over/Under Goals,Over 1.5,1.2,,,WON,
2025-11-01T13:00:00+00:00,3. Liga,VfL Osnabrück,MSV Duisburg,1X2 / Match Winner,Draw,3.57,,,WON,
2025-11-01T13:00:00+00:00,3. liga - CFL A,Kladno,Písek,Over/Under Goals,Over 1.5,1.17,,,WON,
2025-11-01T13:00:00+00:00,3. liga - CFL B,Slovan Velvary,Hradec Králové II,Over/Under Goals,Under 3.5,1.46,,,WON,
2025-11-01T13:00:00+00:00,3. liga - CFL B,Ústí nad Orlicí,Jablonec II,Over/Under Goals,Under 3.5,1.33,,,LOST,
2025-11-01T13:00:00+00:00,3. liga - MSFL,Vsetín,Hlučín,Asian Handicap,Home +0.25,1.61,,,WON,
2025-11-01T13:00:00+00:00,Elitettan,Bollstanäs W,Gamla Upsala W,Over/Under Goals,Under 3.5,1.5,,,WON,
2025-11-01T13:00:00+00:00,Erovnuli Liga 2,Gonio,Saburtalo II,Over/Under Goals,Under 3.5,1.24,,,WON,
2025-11-01T13:00:00+00:00,FNL,Opava,Táborsko,Over/Under Goals,Under 3.5,1.28,,,LOST,
2025-11-01T13:00:00+00:00,First League,Bokelj,Sutjeska,Over/Under Goals,Under 3.5,1.22,,,LOST,
2025-11-01T13:00:00+00:00,First NL,Bsk Bijelo Brdo,Sesvete,Over/Under Goals,Under 3.5,1.17,,,WON,
2025-11-01T13:00:00+00:00,Frauen Bundesliga,Bayern Munich W,SGS Essen W,Over/Under Goals,Under 3.5,2.45,,,LOST,
2025-11-01T13:00:00+00:00,La Liga,Villarreal,Rayo Vallecano,Over/Under Goals,Under 3.5,1.42,,,LOST,
2025-11-01T13:00:00+00:00,Ligat Ha'al,Maccabi Haifa,Hapoel Katamon,Over/Under Goals,Under 3.5,1.62,,,LOST,
2025-11-01T13:00:00+00:00,Ligue 2,Amiens,Grenoble,Asian Handicap,Home +0.25,1.49,,,LOST,
2025-11-01T13:00:00+00:00,Ligue 2,Reims,Dunkerque,Over/Under Goals,Under 3.5,1.38,,,WON,
2025-11-01T13:00:00+00:00,Premyer Liqa,Neftchi Baku,Kapaz,Over/Under Goals,Under 3.5,1.36,,,LOST,
2025-11-01T13:00:00+00:00,Primera División - Clausura,Progreso,Atletico Torque,Over/Under Goals,Under 3.5,1.3,,,LOST,
2025-11-01T13:00:00+00:00,Primera División RFEF - Group 1,Pontevedra,Zamora,Over/Under Goals,Under 3.5,1.17,,,LOST,
2025-11-01T13:00:00+00:00,Pro League,Al-Dhafra,Al-Ittihad Kalba,Double Chance,Home/Draw,1.62,,,WON,
2025-11-01T13:00:00+00:00,Regionalliga - Bayern,Aubstadt,Schwaben Augsburg,Over/Under Goals,Over 1.5,1.17,,,WON,
2025-11-01T13:00:00+00:00,Regionalliga - Nord,Bremer SV,Hannover 96 II,Asian Handicap,Home +0.5,1.65,,,WON,
2025-11-01T13:00:00+00:00,Regionalliga - Nord,Phönix Lübeck,Schöningen,Over/Under Goals,Under 3.5,1.8,,,WON,
2025-11-01T13:00:00+00:00,Regionalliga - Nordost,Altglienicke,Greifswalder FC,Over/Under Goals,Under 3.5,1.33,,,WON,
2025-11-01T13:00:00+00:00,Regionalliga - Nordost,Eilenburg,FC Rot-Weiß Erfurt,Over/Under Goals,Under 3.5,1.5,,,WON,
2025-11-01T13:00:00+00:00,Regionalliga - Nordost,FSV Zwickau,Luckenwalde,Over/Under Goals,Under 3.5,1.33,,,WON,
2025-11-01T13:00:00+00:00,Regionalliga - Ost,Gloggnitz,Retz,Over/Under Goals,Under 3.5,1.5,,,WON,
2025-11-01T13:00:00+00:00,Regionalliga - SudWest,Bahlinger SC,Balingen,Asian Handicap,Home +0.25,1.55,,,WON,
2025-11-01T13:00:00+00:00,Regionalliga - SudWest,FC Astoria Walldorf,Kickers Offenbach,Asian Handicap,Home +0.25,1.4,,,WON,
2025-11-01T13:00:00+00:00,Regionalliga - SudWest,Freiburg II,TSV Steinbach,Asian Handicap,Home +0.5,1.68,,,WON,
2025-11-01T13:00:00+00:00,Regionalliga - SudWest,Hessen Kassel,Eintracht Trier,Double Chance,Draw/Away,1.67,,,LOST,
2025-11-01T13:00:00+00:00,Regionalliga - SudWest,SG Sonnenhof Grossaspach,FSV Mainz 05 II,BTTS,Yes,1.44,,,WON,
2025-11-01T13:00:00+00:00,Regionalliga - SudWest,SGV Freiberg,Barockstadt Fulda-Lehn.,Over/Under Goals,Over 2.5,1.4,,,LOST,
2025-11-01T13:00:00+00:00,Regionalliga - SudWest,Schott Mainz,SV Sandhausen,Team Total Goals,Under 2.5,1.2,,,WON,
2025-11-01T13:00:00+00:00,Super League 2,Kalamata,Panargiakos,Over/Under Goals,Over 1.5,1.18,,,WON,
2025-11-01T13:00:00+00:00,Super League 2,Nestos Chrisoupolis,Niki Volos,Over/Under Goals,Under 3.5,1.22,,,WON,
2025-11-01T13:00:00+00:00,Super League 2,Olympiakos Piraeus II,Ilioupoli,Team Total Goals,Under 2.5,1.53,,,WON,
2025-11-01T13:00:00+00:00,Super League 2,PAOK II,Makedonikos Neapolis,Over/Under Goals,Under 3.5,1.19,,,WON,
2025-11-01T13:00:00+00:00,TFF 1. Lig,Ümraniyespor,Sivasspor,Team Total Goals,Under 2.5,1.17,,,WON,
2025-11-01T13:15:00+00:00,Premier League,Slavia Mozyr,Naftan,Over/Under Goals,Over 1.5,1.3,,,WON,
2025-11-01T13:30:00+00:00,3. liga - MSFL,Vítkovice,Hodonín,Over/Under Goals,Over 1.5,1.17,,,WON,
2025-11-01T13:30:00+00:00,Erste Liga,First Vienna,SKU Amstetten,Over/Under Goals,Under 3.5,1.3,,,LOST,
2025-11-01T13:30:00+00:00,Erste Liga,SKN ST. Polten,Floridsdorfer AC,Double Chance,Home/Draw,1.2,,,LOST,
2025-11-01T13:30:00+00:00,Erste Liga,WSPG Wels,Schwarz-Weiß Bregenz,Over/Under Goals,Over 1.5,1.2,,,WON,
2025-11-01T13:30:00+00:00,Ligue 1,Oued Akbou,MB Rouisset,Over/Under Goals,Under 3.5,1.15,,,WON,
2025-11-01T13:30:00+00:00,Oberliga - Rheinland-Pfalz / Saar,Dudenhofen,SC Idar-Oberstein,Asian Handicap,Home +0.25,1.54,,,WON,
2025-11-01T13:30:00+00:00,Premier League,Kolos Kovalivka,Oleksandria,Over/Under Goals,Under 2.5,1.42,,,WON,
2025-11-01T13:30:00+00:00,Premier Soccer League,Mamelodi Sundowns,Orlando Pirates,Over/Under Goals,Under 3.5,1.17,,,WON,
2025-11-01T13:30:00+00:00,Premier Soccer League,Orbit College,Magesi,Double Chance,Home/Draw,1.48,,,WON,
2025-11-01T13:30:00+00:00,Pro League,Al Taawon,Al-Qadisiyah FC,Over/Under Goals,Over 1.5,1.22,,,WON,
2025-11-01T13:30:00+00:00,Serie C - Girone A,Pergolettese,Novara,Over/Under Goals,Under 3.5,1.25,,,LOST,
2025-11-01T13:30:00+00:00,Serie C - Girone B,Arezzo,Campobasso FC,Asian Handicap,Away -1.25,1.68,,,LOST,
2025-11-01T13:30:00+00:00,Serie C - Girone B,Pineto,Pianese,Over/Under Goals,Under 3.5,1.22,,,WON,
2025-11-01T13:30:00+00:00,Serie C - Girone C,Audace Cerignola,Atalanta II,Over/Under Goals,Over 1.5,1.22,,,WON,
2025-11-01T13:30:00+00:00,Serie C - Girone C,Casarano,SS Monopoli,Over/Under Goals,Under 3.5,1.23,,,LOST,
2025-11-01T13:30:00+00:00,Serie C - Girone C,Team Altamura,Cosenza,1X2 / Match Winner,Draw,3.55,,,WON,
2025-11-01T14:00:00+00:00,1. Liga Promotion,Breitenrain,Bulle,Over/Under Goals,Under 3.5,1.42,,,WON,
2025-11-01T14:00:00+00:00,1. SNL,Bravo,Maribor,Over/Under Goals,Under 3.5,1.48,,,LOST,
2025-11-01T14:00:00+00:00,2. Division,Vendsyssel FF,Ishøj,Over/Under Goals,Under 3.5,1.4,,,WON,
2025-11-01T14:00:00+00:00,Allsvenskan,BK Hacken,Malmo FF,Over/Under Goals,Over 1.5,1.2,,,WON,
2025-11-01T14:00:00+00:00,Campionato,Juvenes / Dogana,Tre Penne,Asian Handicap,Home +1.25,1.52,,,WON,
2025-11-01T14:00:00+00:00,Czech Liga,FK Jablonec,Zlin,Over/Under Goals,Under 3.5,1.3,,,LOST,
2025-11-01T14:00:00+00:00,Czech Liga,Pardubice,Dukla Praha,1X2 / Match Winner,Draw,3.4,,,WON,
2025-11-01T14:00:00+00:00,Czech Liga,Slovácko,Slovan Liberec,Over/Under Goals,Under 3.5,1.28,,,WON,
2025-11-01T14:00:00+00:00,Elitettan,Trelleborg W,Mallbacken W,Over/Under Goals,Over 1.5,1.16,,,WON,
2025-11-01T14:00:00+00:00,Erovnuli Liga 2,Dinamo Tbilisi II,Meshakhte,Over/Under Goals,Under 2.5,1.65,,,LOST,
2025-11-01T14:00:00+00:00,Erovnuli Liga 2,Spaeri,Merani Martvili,BTTS,No,1.67,,,WON,
2025-11-01T14:00:00+00:00,FNL,Zbrojovka Brno,Hanácká,BTTS,No,1.72,,,LOST,
2025-11-01T14:00:00+00:00,First League,Shinnik Yaroslavl,Chelyabinsk,Double Chance,Draw/Away,1.53,,,LOST,
2025-11-01T14:00:00+00:00,National 1,Rouen,Villefranche,Over/Under Goals,Under 3.5,1.23,,,WON,
2025-11-01T14:00:00+00:00,Serie A,Udinese,Atalanta,Over/Under Goals,Under 3.5,1.35,,,WON,
2025-11-01T14:00:00+00:00,Serie B,Carrarese,Frosinone,Asian Handicap,Home +0.25,1.5,,,LOST,
2025-11-01T14:00:00+00:00,Serie B,Padova,Sudtirol,Asian Handicap,Home +0,1.65,,,WON,
2025-11-01T14:00:00+00:00,Super Lig,Goztepe,Genclerbirligi,Over/Under Goals,Under 3.5,1.3,,,WON,
2025-11-01T14:00:00+00:00,Superettan,Helsingborg,GIF Sundsvall,Team Total Goals,Over 0.5,1.15,,,WON,
2025-11-01T14:00:00+00:00,Superettan,Ostersunds FK,trelleborgs FF,Over/Under Goals,Under 3.5,1.38,,,WON,
2025-11-01T14:00:00+00:00,Superettan,Umeå FC,Sandviken,Over/Under Goals,Under 3.5,1.53,,,WON,
2025-11-01T14:00:00+00:00,Superettan,Varbergs BoIS FC,IK brage,Team Total Goals,Over 0.5,1.15,,,WON,
2025-11-01T14:30:00+00:00,Bundesliga 1,1. FC Heidenheim,Eintracht Frankfurt,Over/Under Goals,Over 1.5,1.15,,,WON,
2025-11-01T14:30:00+00:00,Bundesliga 1,FC St. Pauli,Borussia Mönchengladbach,Double Chance,Draw/Away,1.7,,,WON,
2025-11-01T14:30:00+00:00,Bundesliga 1,FSV Mainz 05,Werder Bremen,Over/Under Goals,Over 1.5,1.2,,,WON,
2025-11-01T14:30:00+00:00,Bundesliga 1,RB Leipzig,VfB Stuttgart,Over/Under Goals,Under 3.5,1.7,,,LOST,
2025-11-01T14:30:00+00:00,Bundesliga 1,Union Berlin,SC Freiburg,Asian Handicap,Away -0.5,1.5,,,WON,
2025-11-01T14:30:00+00:00,NB I,Gyori ETO FC,Paks,1X2 / Match Winner,Draw,4.1,,,WON,
2025-11-01T14:30:00+00:00,Premier League,Caernarfon Town,Briton Ferry,1X2 / Match Winner,Home,1.52,,,WON,
2025-11-01T14:30:00+00:00,Premier League,Cardiff MET,GAP Connah S Quay FC,Over/Under Goals,Over 1.5,1.26,,,WON,
2025-11-01T14:30:00+00:00,Premier League,Flint Town United,Penybont,Over/Under Goals,Over 1.5,1.2,,,WON,
2025-11-01T14:30:00+00:00,Premier League,Haverfordwest County AFC,The New Saints,Over/Under Goals,Over 1.5,1.15,,,WON,
2025-11-01T14:30:00+00:00,Stars League,Al-Sailiya,Al Ahli Doha,Over/Under Goals,Under 3.5,1.42,,,WON,
2025-11-01T14:30:00+00:00,Super Liga,Podbrezová,Slovan Bratislava,Over/Under Goals,Over 1.5,1.18,,,WON,
2025-11-01T14:30:00+00:00,Super Liga,Skalica,Ružomberok,Over/Under Goals,Under 3.5,1.28,,,WON,
2025-11-01T14:30:00+00:00,Super Liga,Tatran Prešov,Žilina,Over/Under Goals,Over 1.5,1.2,,,WON,
2025-11-01T14:35:00+00:00,Pro League,Al Khaleej Saihat,Al-Ittihad FC,Over/Under Goals,Under 3.5,1.62,,,LOST,
2025-11-01T14:45:00+00:00,Premier League,Dinamo Makhachkala,Krylia Sovetov,Over/Under Goals,Under 3.5,1.15,,,WON,
2025-11-01T14:45:00+00:00,Premier League,Rubin,Dynamo,1X2 / Match Winner,Draw,3.62,,,WON,
2025-11-01T15:00:00+00:00,1. Division,Aalesund,Asane,Over/Under Goals,Over 1.5,1.15,,,WON,
2025-11-01T15:00:00+00:00,1. Division,Egersund,hodd,Over/Under Goals,Under 3.5,1.53,,,WON,
2025-11-01T15:00:00+00:00,1. Division,Kongsvinger,Lillestrom,Team Total Goals,Under 2.5,1.17,,,WON,
2025-11-01T15:00:00+00:00,1. Division,ODD Ballklubb,Sogndal,Double Chance,Home/Draw,1.44,,,LOST,
2025-11-01T15:00:00+00:00,1. Division,Omonia Aradippou,Olympiakos,Over/Under Goals,Under 3.5,1.19,,,WON,
2025-11-01T15:00:00+00:00,1. Division,Ranheim,Skeid,1X2 / Match Winner,Home,1.28,,,WON,
2025-11-01T15:00:00+00:00,1. Division,Start,Moss,Over/Under Goals,Over 1.5,1.15,,,WON,
2025-11-01T15:00:00+00:00,1. Liga Promotion,Brühl,Luzern II,Team Total Goals,Over 0.5,1.24,,,LOST,
2025-11-01T15:00:00+00:00,1. Liga Promotion,Cham,Paradiso,Over/Under Goals,Under 3.5,1.58,,,WON,
2025-11-01T15:00:00+00:00,1. Liga Promotion,Grand-Saconnex,Lugano II,Over/Under Goals,Over 2.5,1.4,,,WON,
2025-11-01T15:00:00+00:00,1. Liga Promotion,Lausanne Sport II,Bavois,Team Total Goals,Under 2.5,1.16,,,WON,
2025-11-01T15:00:00+00:00,Challenger Pro League,KAA Gent II,AS Eupen,Over/Under Goals,Under 3.5,1.38,,,WON,
2025-11-01T15:00:00+00:00,Championship,Arbroath,Ross County,Over/Under Goals,Under 3.5,1.33,,,WON,
2025-11-01T15:00:00+00:00,Championship,Birmingham,Portsmouth,Over/Under Goals,Under 3.5,1.28,,,LOST,
2025-11-01T15:00:00+00:00,Championship,Charlton,Swansea,Over/Under Goals,Over 1.5,1.4,,,WON,
2025-11-01T15:00:00+00:00,Championship,Institute,Armagh City,Over/Under Goals,Over 1.5,1.16,,,WON,
2025-11-01T15:00:00+00:00,Championship,Loughgall,Annagh United,Over/Under Goals,Under 3.5,1.27,,,LOST,
2025-11-01T15:00:00+00:00,Championship,Newington Youth,H&W Welders,Over/Under Goals,Under 3.5,1.66,,,WON,
2025-11-01T15:00:00+00:00,Championship,Oxford United,Millwall,Double Chance,Draw/Away,1.44,,,WON,
2025-11-01T15:00:00+00:00,Championship,Partick,Queen's Park,Over/Under Goals,Under 3.5,1.33,,,LOST,
2025-11-01T15:00:00+00:00,Championship,QPR,Ipswich,Over/Under Goals,Under 3.5,1.33,,,LOST,
2025-11-01T15:00:00+00:00,Championship,Raith Rovers,Morton,Over/Under Goals,Under 2.5,1.7,,,WON,
2025-11-01T15:00:00+00:00,Championship,ST Johnstone,Airdrie United,Over/Under Goals,Under 3.5,1.42,,,WON,
2025-11-01T15:00:00+00:00,Championship,Sheffield Utd,Derby,Asian Handicap,Away -1.25,1.4,,,WON,
2025-11-01T15:00:00+00:00,Championship,Southampton,Preston,Team Total Goals,Over 0.5,1.57,,,WON,
2025-11-01T15:00:00+00:00,Championship,Stoke City,Bristol City,Over/Under Goals,Under 3.5,1.25,,,LOST,
2025-11-01T15:00:00+00:00,Championship,Watford,Middlesbrough,Over/Under Goals,Under 3.5,1.33,,,WON,
2025-11-01T15:00:00+00:00,Eliteserien,Valerenga,Bodo/Glimt,BTTS,Yes,1.38,,,WON,
2025-11-01T15:00:00+00:00,Esiliiga B,Narva U21,JK Tabasalu,Team Total Goals,Under 2.5,1.47,,,WON,
2025-11-01T15:00:00+00:00,Ettan - Norra,Arlanda,IF Karlstad,Over/Under Goals,Over 1.5,1.17,,,WON,
2025-11-01T15:00:00+00:00,Ettan - Norra,Karlberg,United Nordic,Over/Under Goals,Over 1.5,1.17,,,WON,
2025-11-01T15:00:00+00:00,Ettan - Södra,Angelholms FF,Oskarshamns AIK,Over/Under Goals,Under 3.5,1.53,,,WON,
2025-11-01T15:00:00+00:00,Ettan - Södra,IFK Skövde,Eskilsminne,Over/Under Goals,Over 1.5,1.15,,,WON,
2025-11-01T15:00:00+00:00,Ettan - Södra,Jonkopings Sodra,Ariana,1X2 / Match Winner,Draw,4.37,,,LOST,
2025-11-01T15:00:00+00:00,FA Cup,AFC Wimbledon,Gateshead,Over/Under Goals,Under 3.5,1.62,,,WON,
2025-11-01T15:00:00+00:00,FA Cup,Barnsley,York,Over/Under Goals,Over 1.5,1.18,,,WON,
2025-11-01T15:00:00+00:00,FA Cup,Blackpool,Scunthorpe,Double Chance,Home/Draw,1.15,,,WON,
2025-11-01T15:00:00+00:00,FA Cup,Bolton,Huddersfield,Over/Under Goals,Under 3.5,1.38,,,WON,
2025-11-01T15:00:00+00:00,FA Cup,Boreham Wood,Crawley Town,Over/Under Goals,Under 3.5,1.42,,,WON,
2025-11-01T15:00:00+00:00,FA Cup,Bromley,Bristol Rovers,Over/Under Goals,Over 1.5,1.3,,,WON,
2025-11-01T15:00:00+00:00,FA Cup,Cheltenham,Bradford,Asian Handicap,Home +1.25,1.62,,,WON,
2025-11-01T15:00:00+00:00,FA Cup,Colchester,Milton Keynes Dons,Over/Under Goals,Over 1.5,1.28,,,WON,
2025-11-01T15:00:00+00:00,Frauen Bundesliga,VfL Wolfsburg W,1899 Hoffenheim W,Over/Under Goals,Over 2.5,1.42,,,WON,
2025-11-01T15:00:00+00:00,Jupiler Pro League,Zulte Waregem,Union St. Gilloise,Over/Under Goals,Over 1.5,1.22,,,WON,
2025-11-01T15:00:00+00:00,Júniores U19,Belenenses U19,Mafra U19,Double Chance,Home/Draw,1.44,,,WON,
2025-11-01T15:00:00+00:00,League One,Alloa Athletic,Kelty Hearts,Asian Handicap,Home +0.25,1.16,,,WON,
2025-11-01T15:00:00+00:00,League One,Cove Rangers,Peterhead,Over/Under Goals,Under 3.5,1.36,,,WON,
2025-11-01T15:00:00+00:00,League One,East Fife,Hamilton Academical,Over/Under Goals,Over 1.5,1.25,,,WON,
2025-11-01T15:00:00+00:00,League One,Inverness CT,Montrose,Over/Under Goals,Over 2.5,1.65,,,LOST,
2025-11-01T15:00:00+00:00,League One,Queen of the South,Stenhousemuir,Over/Under Goals,Under 3.5,1.22,,,WON,
2025-11-01T15:00:00+00:00,League Two,Clyde,Dumbarton,Double Chance,Home/Draw,1.4,,,WON,
2025-11-01T15:00:00+00:00,League Two,Elgin City,Annan Athletic,Double Chance,Draw/Away,1.57,,,LOST,
2025-11-01T15:00:00+00:00,League Two,Spartans,East Kilbride,Double Chance,Home/Draw,1.5,,,WON,
2025-11-01T15:00:00+00:00,League Two,Stirling Albion,Edinburgh City,Over/Under Goals,Under 3.5,1.53,,,WON,
2025-11-01T15:00:00+00:00,League Two,Stranraer,Forfar Athletic,Double Chance,Home/Draw,1.5,,,WON,
2025-11-01T15:00:00+00:00,Liga 3,Academica,Caldas,Over/Under Goals,Under 3.5,1.35,,,WON,
2025-11-01T15:00:00+00:00,Liga 3,Lusitano Évora 1911,1º Dezembro,Over/Under Goals,Under 3.5,1.27,,,WON,
2025-11-01T15:00:00+00:00,Liga 3,Varzim,AD Marco 09,Over/Under Goals,Under 3.5,1.17,,,WON,
2025-11-01T15:00:00+00:00,National League - North,Alfreton Town,Kidderminster Harriers,Over/Under Goals,Under 3.5,1.27,,,WON,
2025-11-01T15:00:00+00:00,National League - North,Hereford,Curzon Ashton,Over/Under Goals,Over 1.5,1.16,,,WON,
2025-11-01T15:00:00+00:00,National League - North,Marine,AFC Fylde,Over/Under Goals,Under 3.5,1.44,,,WON,
2025-11-01T15:00:00+00:00,National League - North,Merthyr Town,Darlington 1883,Over/Under Goals,Under 3.5,1.53,,,LOST,
2025-11-01T15:00:00+00:00,National League - North,Oxford City,Bedford Town,Over/Under Goals,Under 3.5,1.44,,,WON,
2025-11-01T15:00:00+00:00,National League - North,Peterborough Sports,Chorley,Over/Under Goals,Over 1.5,1.26,,,WON,
2025-11-01T15:00:00+00:00,National League - North,Southport,King's Lynn Town,Asian Handicap,Home +0.25,1.69,,,WON,
2025-11-01T15:00:00+00:00,National League - North,Worksop Town,Scarborough Athletic,Over/Under Goals,Over 1.5,1.16,,,LOST,
2025-11-01T15:00:00+00:00,National League - South,Bath City,Horsham,Over/Under Goals,Under 3.5,1.31,,,WON,
2025-11-01T15:00:00+00:00,National League - South,Chesham United,Chippenham Town,Over/Under Goals,Under 3.5,1.32,,,WON,
2025-11-01T15:00:00+00:00,National League - South,Dagenham & Redbridge,Farnborough,Over/Under Goals,Under 3.5,1.28,,,WON,
2025-11-01T15:00:00+00:00,National League - South,Enfield Town,Eastbourne Borough,Double Chance,Home/Draw,1.6,,,LOST,
2025-11-01T15:00:00+00:00,National League - South,Maidstone Utd,Tonbridge Angels,Over/Under Goals,Under 3.5,1.39,,,WON,
2025-11-01T15:00:00+00:00,National League - South,Salisbury,Dorking Wanderers,Over/Under Goals,Under 3.5,1.39,,,WON,
2025-11-01T15:00:00+00:00,National League - South,Torquay,AFC Hornchurch,Over/Under Goals,Under 3.5,1.28,,,WON,
2025-11-01T15:00:00+00:00,Non League Premier - Isthmian,Aveley,Ramsgate,Asian Handicap,Home +0.25,1.41,,,WON,
2025-11-01T15:00:00+00:00,Non League Premier - Isthmian,Brentwood Town,Wingate & Finchley,Over/Under Goals,Over 1.5,1.15,,,WON,
2025-11-01T15:00:00+00:00,Non League Premier - Isthmian,Burgess Hill Town,Canvey Island,Over/Under Goals,Under 3.5,1.42,,,WON,
2025-11-01T15:00:00+00:00,Non League Premier - Isthmian,Carshalton Athletic,Potters Bar Town,Over/Under Goals,Over 1.5,1.17,,,WON,
2025-11-01T15:00:00+00:00,Non League Premier - Isthmian,Cheshunt,Cray Wanderers,Asian Handicap,Home +0.25,1.44,,,WON,
2025-11-01T15:00:00+00:00,Non League Premier - Isthmian,Chichester City,Dulwich Hamlet,Team Total Goals,Over 0.5,1.16,,,LOST,
2025-11-01T15:00:00+00:00,Non League Premier - Isthmian,Cray Valley PM,Lewes,Over/Under Goals,Under 3.5,1.4,,,WON,
2025-11-01T15:00:00+00:00,Non League Premier - Isthmian,Dartford,Welling United,Over/Under Goals,Over 1.5,1.15,,,WON,
2025-11-01T15:00:00+00:00,Non League Premier - Isthmian,Folkestone Invicta,Billericay Town,Asian Handicap,Home +0,1.68,,,WON,
2025-11-01T15:00:00+00:00,Non League Premier - Northern,Ashton United,Cleethorpes Town,Double Chance,Draw/Away,1.67,,,WON,
2025-11-01T15:00:00+00:00,Non League Premier - Northern,Bamber Bridge,United of Manchester,Over/Under Goals,Under 3.5,1.31,,,WON,
2025-11-01T15:00:00+00:00,Non League Premier - Northern,Guiseley AFC,Hednesford Town,Double Chance,Draw/Away,1.55,,,WON,
2025-11-01T15:00:00+00:00,Non League Premier - Northern,Hebburn Town,Warrington Town,Over/Under Goals,Under 3.5,1.36,,,LOST,
2025-11-01T15:00:00+00:00,Non League Premier - Northern,Hyde United,Morpeth Town,Over/Under Goals,Under 3.5,1.45,,,WON,
2025-11-01T15:00:00+00:00,Non League Premier - Northern,Lancaster City,Whitby Town,Double Chance,Draw/Away,1.67,,,WON,
2025-11-01T15:00:00+00:00,Non League Premier - Northern,Rushall Olympic,Prescot Cables,Over/Under Goals,Under 3.5,1.31,,,WON,
2025-11-01T15:00:00+00:00,Non League Premier - Northern,Rylands,Leek Town,Over/Under Goals,Under 3.5,1.47,,,WON,
2025-11-01T15:00:00+00:00,Non League Premier - Northern,Stocksbridge Park Steels,Workington,Asian Handicap,Home +0,1.5,,,LOST,
2025-11-01T15:00:00+00:00,Non League Premier - Northern,Stockton Town,Ilkeston Town,Over/Under Goals,Over 2.5,1.57,,,WON,
2025-11-01T15:00:00+00:00,Non League Premier - Southern Central,Alvechurch,Spalding United,Over/Under Goals,Under 3.5,1.33,,,WON,
2025-11-01T15:00:00+00:00,Non League Premier - Southern Central,Barwell,Redditch United,Over/Under Goals,Over 1.5,1.21,,,LOST,
2025-11-01T15:00:00+00:00,Non League Premier - Southern Central,Bishop's Stortford,Quorn,BTTS,Yes,1.59,,,WON,
2025-11-01T15:00:00+00:00,Non League Premier - Southern Central,Bromsgrove Sporting,Leiston,Over/Under Goals,Under 3.5,1.32,,,WON,
2025-11-01T15:00:00+00:00,Non League Premier - Southern Central,Bury Town,Banbury United,Asian Handicap,Home +0.25,1.6,,,WON,
2025-11-01T15:00:00+00:00,Non League Premier - Southern Central,Halesowen Town,Needham Market,Over/Under Goals,Under 3.5,1.32,,,WON,
2025-11-01T15:00:00+00:00,Non League Premier - Southern Central,Kettering Town,St Ives Town,Over/Under Goals,Under 3.5,1.3,,,WON,
2025-11-01T15:00:00+00:00,Non League Premier - Southern Central,Royston Town,Harborough Town,1X2 / Match Winner,Away,1.47,,,WON,
2025-11-01T15:00:00+00:00,Non League Premier - Southern Central,Stourbridge,Stamford,Double Chance,Home/Draw,1.18,,,LOST,
2025-11-01T15:00:00+00:00,Non League Premier - Southern Central,Stratford Town,Real Bedford,Double Chance,Draw/Away,1.43,,,WON,
2025-11-01T15:00:00+00:00,Non League Premier - Southern South,Basingstoke Town,Farnham Town,Over/Under Goals,Over 2.5,1.53,,,WON,
2025-11-01T15:00:00+00:00,Non League Premier - Southern South,Berkhamsted,Havant & Wville,Over/Under Goals,Under 3.5,1.49,,,WON,
2025-11-01T15:00:00+00:00,Non League Premier - Southern South,Bracknell Town,Dorchester Town,Over/Under Goals,Under 3.5,1.43,,,LOST,
2025-11-01T15:00:00+00:00,Non League Premier - Southern South,Hanwell Town,Taunton Town,Asian Handicap,Home +0.25,1.49,,,LOST,
2025-11-01T15:00:00+00:00,Non League Premier - Southern South,Poole Town,Gosport Borough,Over/Under Goals,Over 2.5,1.65,,,LOST,
2025-11-01T15:00:00+00:00,Non League Premier - Southern South,Sholing,Hungerford Town,Over/Under Goals,Over 1.5,1.17,,,WON,
2025-11-01T15:00:00+00:00,Non League Premier - Southern South,Uxbridge,Gloucester City,Over/Under Goals,Over 1.5,1.16,,,WON,
2025-11-01T15:00:00+00:00,Non League Premier - Southern South,Walton & Hersham,Tiverton Town,1X2 / Match Winner,Home,1.24,,,WON,
2025-11-01T15:00:00+00:00,Non League Premier - Southern South,Weymouth,Yate Town,Asian Handicap,Home +0.25,1.5,,,WON,
2025-11-01T15:00:00+00:00,Non League Premier - Southern South,Wimborne Town,Chertsey Town,Team Total Goals,Under 2.5,1.21,,,LOST,
2025-11-01T15:00:00+00:00,Premier League,Brighton,Leeds,Over/Under Goals,Over 1.5,1.25,,,WON,
2025-11-01T15:00:00+00:00,Premier League,Burnley,Arsenal,Team Total Goals,Over 1.5,1.45,,,WON,
2025-11-01T15:00:00+00:00,Premier League,Crystal Palace,Brentford,Over/Under Goals,Under 3.5,1.38,,,WON,
2025-11-01T15:00:00+00:00,Premier League,FC Noah,Ararat-Armenia,Over/Under Goals,Under 3.5,1.45,,,WON,
2025-11-01T15:00:00+00:00,Premier League,Fulham,Wolves,Team Total Goals,Over 0.5,1.55,,,LOST,
2025-11-01T15:00:00+00:00,Premier League,Ghazl El Mehalla,Future FC,Over/Under Goals,Under 2.5,1.36,,,WON,
2025-11-01T15:00:00+00:00,Premier League,Nottingham Forest,Manchester United,Over/Under Goals,Under 3.5,1.42,,,LOST,
2025-11-01T15:00:00+00:00,Premiership,Coleraine FC,Glenavon FC,Over/Under Goals,Under 3.5,1.57,,,LOST,
2025-11-01T15:00:00+00:00,Premiership,Dungannon Swifts,Crusaders FC,Team Total Goals,Over 0.5,1.2,,,WON,
2025-11-01T15:00:00+00:00,Premiership,Falkirk,Kilmarnock,Over/Under Goals,Over 1.5,1.25,,,WON,
2025-11-01T15:00:00+00:00,Premiership,Heart Of Midlothian,Dundee,Over/Under Goals,Under 3.5,1.5,,,LOST,
2025-11-01T15:00:00+00:00,Premiership,Livingston,Hibernian,Over/Under Goals,Over 1.5,1.28,,,WON,
2025-11-01T15:00:00+00:00,Primera División Femenina,Eibar W,Deportivo de La Coruña W,Over/Under Goals,Under 3.5,1.18,,,WON,
2025-11-01T15:00:00+00:00,Primera División RFEF - Group 1,Athletic Club II,Unionistas de Salamanca,Team Total Goals,Under 2.5,1.15,,,WON,
2025-11-01T15:00:00+00:00,Primera División RFEF - Group 2,Juventud Torremolinos,Sabadell,Over/Under Goals,Under 3.5,1.17,,,WON,
2025-11-01T15:00:00+00:00,Prva HNL,Dinamo Zagreb,HNK Rijeka,Asian Handicap,Away -1.25,1.68,,,WON,
2025-11-01T15:00:00+00:00,Second League - Group 3,Orel,Ryazan,Asian Handicap,Home +0.25,1.57,,,WON,
2025-11-01T15:00:00+00:00,Super Liga,Javor,FK Spartak Zdrepceva KRV,Asian Handicap,Home +0,1.5,,,WON,
2025-11-01T15:15:00+00:00,La Liga,Atletico Madrid,Sevilla,Over/Under Goals,Over 2.5,1.62,,,WON,
2025-11-01T15:15:00+00:00,Premier League,ML Vitebsk,FC Isloch Minsk R.,Over/Under Goals,Under 3.5,1.22,,,LOST,
2025-11-01T15:15:00+00:00,Primera División RFEF - Group 2,Eldense,Algeciras,Asian Handicap,Away -1.25,1.4,,,WON,
2025-11-01T15:15:00+00:00,Segunda Division,Cultural Leonesa,Mirandes,Over/Under Goals,Under 3.5,1.22,,,LOST,
2025-11-01T15:30:00+00:00,3. Liga,Hansa Rostock,Verl,Over/Under Goals,Over 1.5,1.22,,,WON,
2025-11-01T15:30:00+00:00,Eerste Divisie,Roda,Jong Utrecht,Over/Under Goals,Under 3.5,1.57,,,WON,
2025-11-01T15:30:00+00:00,Eredivisie,Ajax,Heerenveen,BTTS,Yes,1.55,,,WON,
2025-11-01T15:30:00+00:00,First League,Mornar,Jedinstvo,Over/Under Goals,Under 2.5,1.67,,,LOST,
2025-11-01T15:30:00+00:00,First League,Septemvri Sofia,Slavia Sofia,Over/Under Goals,Under 3.5,1.28,,,WON,
2025-11-01T15:30:00+00:00,Liga 3,SC Braga B,Fafe,Over/Under Goals,Under 2.5,1.65,,,WON,
2025-11-01T15:30:00+00:00,Liga I,Unirea Slobozia,Arges Pitesti,Over/Under Goals,Under 3.5,1.2,,,WON,
2025-11-01T15:30:00+00:00,Ligat Ha'al,Hapoel Tel Aviv,Ironi Tiberias,Over/Under Goals,Under 3.5,1.48,,,WON,
2025-11-01T15:30:00+00:00,Primeira Liga,Nacional,Famalicao,Team Total Goals,Over 0.5,1.25,,,WON,
2025-11-01T15:30:00+00:00,Segunda División RFEF - Group 1,UD Ourense,Deportivo La Coruña II,Over/Under Goals,Under 3.5,1.21,,,WON,
2025-11-01T15:45:00+00:00,Pro League,Al-Jazira,Al Bataeh,Over/Under Goals,Under 3.5,1.53,,,WON,
2025-11-01T16:00:00+00:00,Feminine Division 1,Paris Saint Germain W,Le Havre W,Over/Under Goals,Under 3.5,1.67,,,WON,
2025-11-01T16:00:00+00:00,Ligue 1,Paris Saint Germain,Nice,BTTS,Yes,1.62,,,LOST,
2025-11-01T16:00:00+00:00,Premier League,Al Riffa,Khalidiya,Over/Under Goals,Under 3.5,1.33,,,WON,
2025-11-01T16:00:00+00:00,Premier League,Epitsentr Dunayivtsi,Veres Rivne,Over/Under Goals,Under 3.5,1.21,,,LOST,
2025-11-01T16:00:00+00:00,Premier Soccer League,Polokwane City,Richards Bay,Double Chance,Draw/Away,1.48,,,WON,
2025-11-01T16:00:00+00:00,Second League - Group 3,Dinamo Bryansk,FK Spartak Tambov,Asian Handicap,Home +0.25,1.18,,,WON,
2025-11-01T16:00:00+00:00,Second League - Group 3,Dinamo St. Petersburg,Znamya Truda,1X2 / Match Winner,Home,1.64,,,WON,
2025-11-01T16:00:00+00:00,Second League - Group 3,Metallurg Lipetsk,Salyut-Belgorod,Over/Under Goals,Under 3.5,1.27,,,WON,
2025-11-01T16:00:00+00:00,Super League 1,Volos NFC,Panathinaikos,Over/Under Goals,Over 1.5,1.3,,,LOST,
2025-11-01T16:00:00+00:00,Tipp3 Bundesliga,FC BW Linz,Lask Linz,Over/Under Goals,Under 3.5,1.4,,,WON,
2025-11-01T16:00:00+00:00,Tipp3 Bundesliga,TSV Hartberg,Austria Vienna,1X2 / Match Winner,Draw,3.55,,,LOST,
2025-11-01T16:15:00+00:00,Serie B,Virtus Entella,Empoli,Double Chance,Draw/Away,1.57,,,LOST,
2025-11-01T16:30:00+00:00,1. Liga Promotion,SC Kriens,Basel II,Double Chance,Home/Draw,1.18,,,WON,
2025-11-01T16:30:00+00:00,1. Liga Promotion,Vevey Sports,Zürich II,Over/Under Goals,Under 3.5,1.49,,,WON,
2025-11-01T16:30:00+00:00,1. SNL,Celje,Aluminij,Over/Under Goals,Under 3.5,2.1,,,WON,
2025-11-01T16:30:00+00:00,Allsvenskan,IFK Norrkoping,Sirius,Double Chance,Draw/Away,1.6,,,WON,
2025-11-01T16:30:00+00:00,Ligat Ha'al,Ashdod,Hapoel Haifa,Over/Under Goals,Over 1.5,1.2,,,WON,
2025-11-01T16:30:00+00:00,Ligat Ha'al,Hapoel Petah Tikva,Bnei Sakhnin,Team Total Goals,Under 2.5,1.2,,,WON,
2025-11-01T16:30:00+00:00,Premier Division,Cork City,Derry City,Over/Under Goals,Under 3.5,1.5,,,WON,
2025-11-01T16:30:00+00:00,Premier Division,Drogheda United,Bohemians,Double Chance,Home/Draw,1.7,,,LOST,
2025-11-01T16:30:00+00:00,Premier Division,Shelbourne,St Patrick's Athl.,Over/Under Goals,Under 3.5,1.22,,,WON,
2025-11-01T16:30:00+00:00,Premier Division,Waterford,Galway United,Over/Under Goals,Under 3.5,1.3,,,WON,
2025-11-01T16:30:00+00:00,Serie C - Girone A,Virtus Verona,Trento,Over/Under Goals,Under 3.5,1.3,,,WON,
2025-11-01T16:30:00+00:00,Serie C - Girone B,Rimini,Bra,Over/Under Goals,Under 3.5,1.2,,,WON,
2025-11-01T16:30:00+00:00,Stars League,UMM Salal,Al Shamal,Over/Under Goals,Under 3.5,1.65,,,LOST,
2025-11-01T16:45:00+00:00,Primera Nacional,Atlanta,Deportivo Moron,BTTS,No,1.44,,,WON,
2025-11-01T17:00:00+00:00,1. Division,Apoel Nicosia,Ethnikos Achna,Over/Under Goals,Under 3.5,1.41,,,LOST,
2025-11-01T17:00:00+00:00,1. Division,Enosis,Omonia Nicosia,Over/Under Goals,Under 3.5,1.44,,,WON,
2025-11-01T17:00:00+00:00,Challenge League,FC Aarau,Rapperswil,Over/Under Goals,Under 3.5,1.44,,,WON,
2025-11-01T17:00:00+00:00,Challenge League,Stade Lausanne-Ouchy,Stade Nyonnais,Over/Under Goals,Under 3.5,1.57,,,LOST,
2025-11-01T17:00:00+00:00,Czech Liga,Slavia Praha,Baník Ostrava,Over/Under Goals,Under 3.5,1.7,,,WON,
2025-11-01T17:00:00+00:00,Eliteserien,Molde,Rosenborg,Over/Under Goals,Over 2.5,1.55,,,WON,
2025-11-01T17:00:00+00:00,Erovnuli Liga 2,Sioni,Rustavi,Over/Under Goals,Under 2.5,1.65,,,LOST,
2025-11-01T17:00:00+00:00,Ligue 1,MC Oran,CS Constantine,Double Chance,Draw/Away,1.7,,,LOST,
2025-11-01T17:00:00+00:00,Primera División RFEF - Group 1,Osasuna II,Celta de Vigo II,Over/Under Goals,Under 3.5,1.17,,,WON,
2025-11-01T17:00:00+00:00,Primera División RFEF - Group 2,FC Cartagena,Villarreal II,Over/Under Goals,Under 3.5,1.25,,,WON,
2025-11-01T17:00:00+00:00,Regionalliga - Nord,BW Lohne,Hamburger SV II,Double Chance,Draw/Away,1.53,,,WON,
2025-11-01T17:00:00+00:00,Regionalliga - Nord,Kickers Emden,Altona 93,Double Chance,Home/Draw,1.18,,,WON,
2025-11-01T17:00:00+00:00,Regionalliga - West,Borussia M'gladbach II,Bochum II,Over/Under Goals,Under 3.5,1.5,,,LOST,
2025-11-01T17:00:00+00:00,Segunda División RFEF - Group 2,Amorebieta,Alfaro,Over/Under Goals,Under 2.5,1.62,,,LOST,
2025-11-01T17:00:00+00:00,Segunda División RFEF - Group 2,Tudelano,SD Logroñés,Over/Under Goals,Under 3.5,1.18,,,WON,
2025-11-01T17:00:00+00:00,Serie A,Napoli,Como,Over/Under Goals,Under 3.5,1.25,,,WON,
2025-11-01T17:00:00+00:00,Super League,FC Thun,FC Sion,Over/Under Goals,Under 3.5,1.48,,,WON,
2025-11-01T17:00:00+00:00,Super League,FC Winterthur,Servette FC,Over/Under Goals,Over 1.5,1.18,,,WON,
2025-11-01T17:00:00+00:00,Super Lig,Galatasaray,Trabzonspor,Over/Under Goals,Over 2.5,1.4,,,LOST,
2025-11-01T17:00:00+00:00,Super Liga,Cukaricki,FK Partizan,Double Chance,Draw/Away,1.15,,,LOST,
2025-11-01T17:00:00+00:00,Super Liga,Dunajska Streda,FK Košice,Over/Under Goals,Over 2.5,1.55,,,WON,
2025-11-01T17:00:00+00:00,Superligaen,FC Copenhagen,FC Fredericia,1X2 / Match Winner,Home,1.5,,,WON,
2025-11-01T17:15:00+00:00,Campionato,Folgore,Libertas,Team Total Goals,Under 2.5,1.51,,,LOST,
2025-11-01T17:15:00+00:00,Campionato,Tre Fiori,Fiorentino,1X2 / Match Winner,Home,1.47,,,WON,
2025-11-01T17:15:00+00:00,Jupiler Pro League,Club Brugge KV,Dender,Over/Under Goals,Over 1.5,1.15,,,WON,
2025-11-01T17:15:00+00:00,Premier League,Colwyn Bay,Barry Town,Over/Under Goals,Under 3.5,1.32,,,LOST,
2025-11-01T17:15:00+00:00,Premier League,FC Rostov,Akron,Over/Under Goals,Under 3.5,1.31,,,WON,
2025-11-01T17:15:00+00:00,Premier League,Zenit,Lokomotiv,Over/Under Goals,Over 1.5,1.16,,,WON,
2025-11-01T17:30:00+00:00,Bundesliga 1,Bayern München,Bayer Leverkusen,BTTS,Yes,1.57,,,LOST,
2025-11-01T17:30:00+00:00,La Liga,Real Sociedad,Athletic Club,Over/Under Goals,Under 3.5,1.2,,,LOST,
2025-11-01T17:30:00+00:00,League Cup,Motherwell,ST Mirren,Over/Under Goals,Over 1.5,1.25,,,WON,
2025-11-01T17:30:00+00:00,Ligat Ha'al,Maccabi Bnei Raina,Maccabi Tel Aviv,Over/Under Goals,Under 3.5,1.65,,,WON,
2025-11-01T17:30:00+00:00,Premier League,Tottenham,Chelsea,Asian Handicap,Home +0.5,1.62,,,LOST,
2025-11-01T17:30:00+00:00,Premiership,Ballymena United,Larne,Over/Under Goals,Under 3.5,1.25,,,WON,
2025-11-01T17:30:00+00:00,Premijer Liga,Siroki Brijeg,Zrinjski,Over/Under Goals,Under 3.5,1.22,,,WON,
2025-11-01T17:30:00+00:00,Primera División Femenina,Espanyol W,Real Madrid W,1X2 / Match Winner,Away,1.15,,,WON,
2025-11-01T17:30:00+00:00,Primera División RFEF - Group 1,Racing Ferrol,Tenerife,Over/Under Goals,Under 3.5,1.15,,,WON,
2025-11-01T17:30:00+00:00,Pro League,Al-Nassr,Al-Fayha,1X2 / Match Winner,Home,1.18,,,WON,
2025-11-01T17:30:00+00:00,Segunda Division,Albacete,Huesca,1X2 / Match Winner,Draw,3.4,,,LOST,
2025-11-01T17:30:00+00:00,Segunda Division,Leganes,Burgos,1X2 / Match Winner,Draw,3.3,,,LOST,
2025-11-01T17:30:00+00:00,Segunda División RFEF - Group 5,CD Coria,Real Madrid III,Over/Under Goals,Under 2.5,1.62,,,LOST,
2025-11-01T17:30:00+00:00,Super League 1,Atromitos,Kifisia,Over/Under Goals,Over 1.5,1.4,,,WON,
2025-11-01T17:45:00+00:00,Eredivisie,NAC Breda,GO Ahead Eagles,BTTS,Yes,1.5,,,LOST,
2025-11-01T17:45:00+00:00,Primera Division,Aldosivi,Independ. Rivadavia,Over/Under Goals,Under 2.5,1.5,,,LOST,
2025-11-01T17:45:00+00:00,Prva HNL,Istra 1961,Vukovar,Asian Handicap,Away -1.25,1.66,,,WON,
2025-11-01T18:00:00+00:00,First Amateur Division,Standard Liège II,Sporting Charleroi II,Asian Handicap,Home +0.5,1.46,,,LOST,
2025-11-01T18:00:00+00:00,Ligue 1,Monaco,Paris FC,Over/Under Goals,Over 1.5,1.17,,,LOST,
2025-11-01T18:00:00+00:00,Premier League,El Gouna FC,Pharco,BTTS,No,1.4,,,WON,
2025-11-01T18:00:00+00:00,Premier League,Ismaily SC,Kahraba Ismailia,Over/Under Goals,Under 2.5,1.33,,,LOST,
2025-11-01T18:00:00+00:00,Primeira Liga,Casa Pia,Estrela,Over/Under Goals,Over 1.5,1.45,,,WON,
2025-11-01T18:00:00+00:00,Primeira Liga,Rio Ave,Estoril,Double Chance,Home/Draw,1.42,,,LOST,
2025-11-01T18:00:00+00:00,Primera Division,Cultural Santa Rosa,Ayacucho FC,Team Total Goals,Over 0.5,1.18,,,WON,
2025-11-01T18:00:00+00:00,Super League 1,Olympiakos Piraeus,Aris Thessalonikis,Team Total Goals,Under 2.5,1.42,,,WON,
2025-11-01T18:15:00+00:00,Premier Soccer League,Chippa United,Amazulu,Team Total Goals,Over 0.5,1.53,,,WON,
2025-11-01T18:30:00+00:00,First Amateur Division,Merelbeke,Hoogstraten,Over/Under Goals,Under 3.5,1.35,,,WON,
2025-11-01T18:30:00+00:00,First Amateur Division,Union Saint-Gilloise II,Union Namur,Over/Under Goals,Under 3.5,1.41,,,LOST,
2025-11-01T18:30:00+00:00,Liga Alef,Hapoel Umm al-Fahm,Maccabi K. Ata Bialik,Double Chance,Draw/Away,1.17,,,WON,
2025-11-01T18:30:00+00:00,Liga I,Universitatea Cluj,FCSB,Over/Under Goals,Under 3.5,1.22,,,WON,
2025-11-01T18:30:00+00:00,Primera B Metropolitana,Deportivo Armenio,Real Pilar,Over/Under Goals,Under 2.5,1.4,,,WON,
2025-11-01T18:30:00+00:00,Primera B Metropolitana,Flandria,Acassuso,Over/Under Goals,Under 3.5,1.17,,,WON,
2025-11-01T18:30:00+00:00,Primera B Metropolitana,San Martín Burzaco,Villa San Carlos,Over/Under Goals,Under 3.5,1.17,,,WON,
2025-11-01T18:30:00+00:00,Serie B,Palermo,Pescara,Over/Under Goals,Under 3.5,1.38,,,LOST,
2025-11-01T19:00:00+00:00,Botola Pro,Yacoub El Mansour,CR Khemis Zemamra,Double Chance,Home/Draw,1.44,,,WON,
2025-11-01T19:00:00+00:00,Challenger Pro League,Olympic Charleroi,Liège,Over/Under Goals,Under 3.5,1.42,,,WON,
2025-11-01T19:00:00+00:00,Challenger Pro League,RWDM,KRC Genk II,1X2 / Match Winner,Home,1.4,,,LOST,
2025-11-01T19:00:00+00:00,Challenger Pro League,Waasland-beveren,Club Brugge II,1X2 / Match Winner,Home,1.4,,,WON,
2025-11-01T19:00:00+00:00,Eerste Divisie,Cambuur,Jong Ajax,Over/Under Goals,Over 2.5,1.3,,,WON,
2025-11-01T19:00:00+00:00,Eredivisie,Feyenoord,FC Volendam,Over/Under Goals,Over 2.5,1.22,,,WON,
2025-11-01T19:00:00+00:00,Erste Liga,Sturm Graz II,Admira Wacker,1X2 / Match Winner,Away,1.62,,,LOST,
2025-11-01T19:00:00+00:00,First Amateur Division,Excelsior Virton,Albert Quévy-Mons,Team Total Goals,Over 0.5,1.16,,,WON,
2025-11-01T19:00:00+00:00,First Amateur Division,Meux,Stockay-Warfusée,Over/Under Goals,Under 3.5,1.34,,,WON,
2025-11-01T19:00:00+00:00,First Amateur Division,Tubize,Habay-la-Neuve,Over/Under Goals,Under 3.5,1.62,,,WON,
2025-11-01T19:00:00+00:00,Liga Pro,Tecnico Universitario,Mushuc Runa SC,Over/Under Goals,Under 3.5,1.25,,,WON,
2025-11-01T19:00:00+00:00,Ligue 2,RED Star FC 93,Saint Etienne,Over/Under Goals,Under 3.5,1.42,,,WON,
2025-11-01T19:00:00+00:00,NB I,Ferencvarosi TC,MTK Budapest,Over/Under Goals,Over 2.5,1.42,,,WON,
2025-11-01T19:00:00+00:00,Primera B Metropolitana,Deportivo Laferrere,Midland,BTTS,No,1.53,,,LOST,
2025-11-01T19:00:00+00:00,Primera B,Deportes Copiapo,Universidad de Concepcion,1X2 / Match Winner,Draw,3.15,,,LOST,
2025-11-01T19:00:00+00:00,Primera Division,Barracas Central,Argentinos JRS,1X2 / Match Winner,Draw,3.2,,,LOST,
2025-11-01T19:00:00+00:00,Primera División,Real Oruro,Gualberto Villarroel SJ,Asian Handicap,Home +0.25,1.48,,,WON,
2025-11-01T19:00:00+00:00,Serie A,Cruzeiro,Vitoria,Over/Under Goals,Under 3.5,1.28,,,LOST,
2025-11-01T19:00:00+00:00,Serie A,Santos,Fortaleza EC,1X2 / Match Winner,Draw,3.83,,,WON,
2025-11-01T19:00:00+00:00,Serie B,Goias,Atletico Paranaense,Over/Under Goals,Under 3.5,1.17,,,WON,
2025-11-01T19:30:00+00:00,Bundesliga 2,SV Darmstadt 98,Arminia Bielefeld,Over/Under Goals,Under 3.5,1.5,,,LOST,
2025-11-01T19:30:00+00:00,Primera División - Clausura,Liverpool Montevideo,Juventud,Over/Under Goals,Under 3.5,1.25,,,WON,
2025-11-01T19:30:00+00:00,Super League,FC Zurich,Lausanne,Over/Under Goals,Over 1.5,1.18,,,WON,
2025-11-01T19:45:00+00:00,Jupiler Pro League,Anderlecht,KV Mechelen,1X2 / Match Winner,Draw,4.6,,,LOST,
2025-11-01T19:45:00+00:00,Serie A,Cremonese,Juventus,Over/Under Goals,Under 3.5,1.3,,,WON,
2025-11-01T20:00:00+00:00,Eredivisie,Telstar,Excelsior,Double Chance,Draw/Away,1.62,,,WON,
2025-11-01T20:00:00+00:00,Feminine Division 1,Lyon W,Paris FC W,Team Total Goals,Over 1.5,1.17,,,LOST,
2025-11-01T20:00:00+00:00,La Liga,Real Madrid,Valencia,Over/Under Goals,Under 3.5,1.8,,,LOST,
2025-11-01T20:00:00+00:00,Premier League,Liverpool,Aston Villa,Over/Under Goals,Over 1.5,1.17,,,WON,
2025-11-01T20:00:00+00:00,Primera Division,Velez Sarsfield,Talleres Cordoba,Over/Under Goals,Under 2.5,1.44,,,WON,
2025-11-01T20:00:00+00:00,Primera División RFEF - Group 2,Europa Fc,Sanluqueño,Over/Under Goals,Under 3.5,1.22,,,WON,
2025-11-01T20:00:00+00:00,Segunda Division,Almeria,Eibar,Double Chance,Home/Draw,1.17,,,WON,
2025-11-01T20:05:00+00:00,Ligue 1,Auxerre,Marseille,Team Total Goals,Over 0.5,1.15,,,WON,
2025-11-01T20:15:00+00:00,Primera Division,Comerciantes Unidos,Sporting Cristal,Team Total Goals,Under 2.5,1.25,,,LOST,
2025-11-01T20:30:00+00:00,Division Profesional - Clausura,Nacional Asuncion,Sportivo Trinidense,Over/Under Goals,Under 3.5,1.25,,,WON,
2025-11-01T20:30:00+00:00,Primeira Liga,Guimaraes,Benfica,Asian Handicap,Away -0.25,1.15,,,WON,
2025-11-01T21:00:00+00:00,Liga Nacional,CD Marathon,Olancho,Double Chance,Home/Draw,1.15,,,WON,
2025-11-01T21:00:00+00:00,Liga Nacional,Mixco,Antigua GFC,Team Total Goals,Over 0.5,1.45,,,WON,
2025-11-01T21:00:00+00:00,Primera Division,Nublense,Colo Colo,Over/Under Goals,Under 3.5,1.33,,,WON,
2025-11-01T21:00:00+00:00,Primera Division,Zacatecoluca,Municipal Limeño,Double Chance,Home/Draw,1.5,,,LOST,
2025-11-01T21:00:00+00:00,Serie A,Mirassol,Botafogo,Asian Handicap,Home +0,1.53,,,WON,
2025-11-01T21:05:00+00:00,Primera B,Real Cartagena,Popayan,Over/Under Goals,Under 3.5,1.25,,,WON,
2025-11-01T21:15:00+00:00,Primera Division,Fuerte San Francisco,Platense,Team Total Goals,Over 0.5,1.3,,,LOST,
2025-11-01T21:30:00+00:00,Liga Pro,Aucas,El Nacional,Over/Under Goals,Under 3.5,1.38,,,LOST,
2025-11-01T21:30:00+00:00,Major League Soccer,Chicago Fire,Philadelphia Union,Double Chance,Home/Draw,1.4,,,LOST,
2025-11-01T21:30:00+00:00,Serie B,Avai,Athletic Club,Double Chance,Home/Draw,1.2,,,WON,
2025-11-01T21:45:00+00:00,Liga MX Femenil,Cruz Azul W,Tigres UANL W,1X2 / Match Winner,Away,1.62,,,LOST,
2025-11-01T22:00:00+00:00,Primera B,Santiago Wanderers,Magallanes,Over/Under Goals,Under 3.5,1.42,,,WON,
2025-11-01T23:00:00+00:00,Division Profesional - Clausura,Libertad Asuncion,Olimpia,Double Chance,Draw/Away,1.5,,,WON,
2025-11-01T23:00:00+00:00,Liga MX Femenil,Atlético San Luis W,Santos Laguna W,Over/Under Goals,Under 3.5,1.44,,,LOST,
2025-11-01T23:00:00+00:00,Liga MX Femenil,León W,Pumas UNAM W,Team Total Goals,Over 1.5,1.45,,,LOST,
2025-11-01T23:00:00+00:00,Liga MX,Atlas,Toluca,Over/Under Goals,Over 1.5,1.15,,,LOST,
2025-11-01T23:00:00+00:00,Liga Nacional,Comunicaciones,Achuapa,Over/Under Goals,Under 2.5,1.8,,,WON,
2025-11-01T23:00:00+00:00,Liga de Expansión MX,Tepatitlán,CA La Paz,BTTS,Yes,1.48,,,LOST,
2025-11-01T23:00:00+00:00,Primera Division,Deportivo Garcilaso,ADT,Over/Under Goals,Under 3.5,1.25,,,WON,
2025-11-01T23:00:00+00:00,Primera Division,Independiente,Atletico Tucuman,Over/Under Goals,Under 2.5,1.57,,,LOST,
2025-11-01T23:00:00+00:00,USL Championship,Louisville City,Detroit City,Over/Under Goals,Under 3.5,1.36,,,WON,
2025-11-01T23:15:00+00:00,Liga Nacional,Juticalpa,Real Espana,1X2 / Match Winner,Draw,3.45,,,LOST,
2025-11-01T23:30:00+00:00,Major League Soccer,Nashville SC,Inter Miami,Double Chance,Draw/Away,1.5,,,LOST,
2025-11-01T23:30:00+00:00,USL Championship,North Carolina,Loudoun United,Over/Under Goals,Under 3.5,1.38,,,WON,
2025-11-02T00:00:00+00:00,Liga de Ascenso,Municipal Grecia,Inter San Carlos,Over/Under Goals,Under 3.5,1.41,,,LOST,
2025-11-02T00:00:00+00:00,Primera Division,Alianza,Águila,Double Chance,Home/Draw,1.18,,,LOST,
2025-11-02T00:00:00+00:00,Primera División,Puntarenas FC,Perez Zeledon,Over/Under Goals,Under 3.5,1.22,,,WON,
2025-11-02T00:00:00+00:00,Serie A,Flamengo,Sport Recife,Over/Under Goals,Under 3.5,1.48,,,WON,
2025-11-02T01:00:00+00:00,Liga Nacional,Malacateco,Marquense,Over/Under Goals,Under 3.5,1.27,,,WON,
2025-11-02T01:00:00+00:00,Liga Panameña de Fútbol,Plaza Amador,UMECIT,Over/Under Goals,Under 3.5,1.25,,,WON,
2025-11-02T01:00:00+00:00,Liga Panameña de Fútbol,Tauro FC,Sporting San Miguelito,Double Chance,Draw/Away,1.5,,,WON,
2025-11-02T01:00:00+00:00,Liga de Expansión MX,CDS Tampico Madero,Alebrijes de Oaxaca,Over/Under Goals,Under 3.5,1.5,,,LOST,
2025-11-02T01:00:00+00:00,Liga de Expansión MX,Tlaxcala,Monarcas,Over/Under Goals,Under 3.5,1.38,,,WON,
2025-11-02T01:00:00+00:00,Primera Division,Firpo,Isidro Metapán,Over/Under Goals,Over 1.5,1.36,,,WON,
2025-11-02T01:00:00+00:00,USL Championship,New Mexico United,San Antonio,Asian Handicap,Home +0,1.62,,,WON,
2025-11-02T01:05:00+00:00,Liga MX,Monterrey,Tigres UANL,Over/Under Goals,Over 1.5,1.25,,,WON,
2025-11-02T01:30:00+00:00,Liga Nacional,CD Motagua,Victoria,Over/Under Goals,Under 3.5,1.7,,,WON,
2025-11-02T01:30:00+00:00,USL Championship,El Paso Locomotive,Phoenix Rising,Over/Under Goals,Under 3.5,1.5,,,WON,
2025-11-02T02:00:00+00:00,Australian Championship,Moreton City Excelsior,Broadmeadow Magic,Team Total Goals,Under 2.5,1.5,,,LOST,
2025-11-02T02:00:00+00:00,Australian Championship,Wests APIA,MetroStars,Over/Under Goals,Under 3.5,1.62,,,WON,
2025-11-02T02:00:00+00:00,Australian Championship,Wollongong Wolves,South Hobart,Over/Under Goals,Under 3.5,2.1,,,LOST,
2025-11-02T02:00:00+00:00,Primera División,Guadalupe FC,Deportivo Saprissa,1X2 / Match Winner,Away,1.64,,,WON,
2025-11-02T03:10:00+00:00,Liga MX,Club America,Leon,Over/Under Goals,Over 1.5,1.15,,,WON,
2025-11-02T04:00:00+00:00,J3 League,Kanazawa,Thespakusatsu Gunma,1X2 / Match Winner,Home,1.7,,,LOST,
2025-11-02T04:00:00+00:00,J3 League,Vanraure Hachinohe,Kitakyushu,Over/Under Goals,Under 3.5,1.25,,,WON,
2025-11-02T05:00:00+00:00,J2 League,Imabari,Vegalta Sendai,Over/Under Goals,Under 3.5,1.25,,,LOST,
2025-11-02T05:00:00+00:00,J2 League,Iwaki,Fujieda MYFC,Over/Under Goals,Under 3.5,1.38,,,LOST,
2025-11-02T05:00:00+00:00,J2 League,JEF United Chiba,Consadole Sapporo,Over/Under Goals,Under 3.5,1.36,,,LOST,
2025-11-02T05:00:00+00:00,J2 League,Jubilo Iwata,V-varen Nagasaki,Team Total Goals,Over 0.5,1.17,,,LOST,
2025-11-02T05:00:00+00:00,J2 League,Kataller Toyama,Ehime FC,Over/Under Goals,Under 3.5,1.3,,,WON,
2025-11-02T05:00:00+00:00,J2 League,Omiya Ardija,Blaublitz Akita,Double Chance,Home/Draw,1.17,,,WON,
2025-11-02T05:00:00+00:00,J2 League,Roasso Kumamoto,Renofa Yamaguchi,Over/Under Goals,Under 3.5,1.28,,,WON,
2025-11-02T05:00:00+00:00,J2 League,Sagan Tosu,Tokushima Vortis,Over/Under Goals,Over 1.5,1.48,,,LOST,
2025-11-02T05:00:00+00:00,J2 League,Ventforet Kofu,Mito Hollyhock,Over/Under Goals,Under 3.5,1.22,,,WON,
2025-11-02T05:00:00+00:00,J3 League,Azul Claro Numazu,Sagamihara,Over/Under Goals,Under 3.5,1.25,,,WON,
2025-11-02T05:00:00+00:00,J3 League,Fukushima United,Osaka,Over/Under Goals,Under 3.5,1.25,,,WON,
2025-11-02T05:00:00+00:00,J3 League,Kagoshima United,Matsumoto Yamaga,Over/Under Goals,Under 3.5,1.33,,,LOST,
2025-11-02T05:00:00+00:00,J3 League,Kamatamare Sanuki,Gainare Tottori,BTTS,Yes,1.67,,,LOST,
2025-11-02T05:00:00+00:00,J3 League,Tegevajaro Miyazaki,Nara Club,Asian Handicap,Home +0,1.41,,,WON,
2025-11-02T05:00:00+00:00,J3 League,Tochigi SC,FC Gifu,Over/Under Goals,Under 3.5,1.25,,,WON,
2025-11-02T05:00:00+00:00,K League 2,Incheon United,Busan I Park,Asian Handicap,Home +0,1.62,,,WON,
2025-11-02T05:00:00+00:00,K League 2,Jeonnam Dragons,Seongnam FC,Over/Under Goals,Under 3.5,1.33,,,WON,
2025-11-02T05:00:00+00:00,K-League Classic,Gwangju FC,Jeju United FC,Over/Under Goals,Under 3.5,1.28,,,WON,
2025-11-02T05:30:00+00:00,Australian Championship,Bayswater City,Sydney United,Over/Under Goals,Under 3.5,1.44,,,LOST,
2025-11-02T05:30:00+00:00,Australian Championship,NWS Spirit,Preston Lions,Over/Under Goals,Over 1.5,1.15,,,WON,
2025-11-02T05:30:00+00:00,J2 League,Oita Trinita,Montedio Yamagata,Over/Under Goals,Under 2.5,1.55,,,LOST,
2025-11-02T06:00:00+00:00,A-League,Central Coast Mariners,Wellington Phoenix,Asian Handicap,Away -0.5,1.55,,,WON,
2025-11-02T07:00:00+00:00,J3 League,Parceiro Nagano,Kochi United,Over/Under Goals,Under 3.5,1.33,,,WON,
2025-11-02T07:30:00+00:00,K League 2,Asan Mugunghwa,Cheonan City,Over/Under Goals,Under 3.5,1.36,,,WON,
2025-11-02T07:30:00+00:00,K-League Classic,Suwon City FC,Daegu FC,Over/Under Goals,Under 3.5,1.62,,,WON,
2025-11-02T07:30:00+00:00,Super League,Qingdao Jonoon,Wuhan Three Towns,Double Chance,Home/Draw,1.17,,,WON,
2025-11-02T08:30:00+00:00,Liga 1,PSM Makassar,Persepam Madura Utd,1X2 / Match Winner,Draw,3.4,,,WON,
2025-11-02T09:00:00+00:00,Liga II,CSA Steaua Bucureşti,Dumbrăviţa,Over/Under Goals,Over 1.5,1.18,,,LOST,
2025-11-02T09:00:00+00:00,National League,Yadanarbon,Dagon Port,1X2 / Match Winner,Home,1.2,,,LOST,
2025-11-02T09:00:00+00:00,Premier League,FC Orenburg,FC Sochi,Asian Handicap,Home +0.25,1.45,,,WON,
2025-11-02T09:15:00+00:00,3. liga - CFL A,Bohemians 1905 II,Admira Praha,Asian Handicap,Home +0.25,1.61,,,LOST,
2025-11-02T09:15:00+00:00,3. liga - CFL A,Dukla Praha II,Loko Vltavín,Asian Handicap,Away -1.25,1.43,,,WON,
2025-11-02T09:15:00+00:00,3. liga - CFL B,Pardubice II,Slovan Liberec II,Team Total Goals,Over 0.5,1.22,,,WON,
2025-11-02T09:15:00+00:00,3. liga - MSFL,Zbrojovka Brno II,Karviná II,Double Chance,Home/Draw,1.19,,,LOST,
2025-11-02T09:15:00+00:00,FNL,Viktoria Žižkov,Artis,Over/Under Goals,Under 3.5,1.37,,,LOST,
2025-11-02T09:30:00+00:00,2. liga,Malženice,Stará Ľubovňa,Double Chance,Home/Draw,1.17,,,WON,
2025-11-02T09:30:00+00:00,2. liga,Slovan Bratislava II,Pohronie,Over/Under Goals,Over 1.5,1.19,,,WON,
2025-11-02T09:30:00+00:00,3. liga - CFL A,Viktoria Plzeň II,Jiskra Domažlice,Asian Handicap,Home +0.25,1.48,,,WON,
2025-11-02T09:30:00+00:00,3. liga - West,Rača,MŠK Senec,Over/Under Goals,Under 3.5,1.4,,,WON,
2025-11-02T09:30:00+00:00,Erste Liga,Austria Lustenau,Austria Klagenfurt,Over/Under Goals,Under 3.5,1.25,,,WON,
2025-11-02T10:00:00+00:00,2. Lig,Kastamonuspor 1966,Ankaragucu,Over/Under Goals,Under 3.5,1.3,,,WON,
2025-11-02T10:00:00+00:00,2. Lig,Kırklarelispor,Mardin BB,Over/Under Goals,Under 3.5,1.38,,,WON,
2025-11-02T10:00:00+00:00,2. Lig,Tuzlaspor,24 Erzincanspor,Team Total Goals,Under 2.5,1.17,,,WON,
2025-11-02T10:00:00+00:00,2. liga,Slávia TU Košice,Žilina II,Double Chance,Draw/Away,1.64,,,WON,
2025-11-02T10:00:00+00:00,Campionato Primavera - 1,Lecce U20,Cremonese U20,Over/Under Goals,Under 3.5,1.36,,,WON,
2025-11-02T10:00:00+00:00,Erovnuli Liga,Kolkheti Poti,Gareji,Team Total Goals,Over 0.5,1.18,,,WON,
2025-11-02T10:00:00+00:00,Second League - Group 2,Baltika II,Irkutsk,Double Chance,Draw/Away,1.44,,,WON,
2025-11-02T10:00:00+00:00,Second League - Group 2,Cherepovets,Zvezda St. Petersburg,1X2 / Match Winner,Draw,3.2,,,WON,
2025-11-02T10:00:00+00:00,Second League A - Fall Season Gold,Tyumen,Novosibirsk,Over/Under Goals,Under 3.5,1.26,,,WON,
2025-11-02T10:00:00+00:00,Segunda División RFEF - Group 5,Elche II,Orihuela,Over/Under Goals,Under 2.5,1.4,,,LOST,
2025-11-02T10:30:00+00:00,Esiliiga A,Elva,Flora II,Over/Under Goals,Under 3.5,1.73,,,WON,
2025-11-02T10:30:00+00:00,Meistriliiga,Kalju Nomme,Tammeka,Over/Under Goals,Under 3.5,1.73,,,WON,
2025-11-02T10:30:00+00:00,Meistriliiga,Paide,Vaprus,Over/Under Goals,Under 3.5,1.53,,,WON,
2025-11-02T10:30:00+00:00,TFF 1. Lig,Manisa BBSK,Amed,Double Chance,Draw/Away,1.15,,,WON,
2025-11-02T10:30:00+00:00,TFF 1. Lig,İstanbulspor,Pendikspor,Over/Under Goals,Over 1.5,1.15,,,LOST,
2025-11-02T10:45:00+00:00,First League,CSKA Sofia,Montana,Over/Under Goals,Under 3.5,1.44,,,LOST,
2025-11-02T11:00:00+00:00,2. Lig,Ankaraspor,Adana 1954 FK,Asian Handicap,Home +0.25,1.47,,,WON,
2025-11-02T11:00:00+00:00,2. Lig,Karaman Belediyespor,Altınordu,Over/Under Goals,Under 3.5,1.19,,,WON,
2025-11-02T11:00:00+00:00,2. Lig,Kepez Belediyespor,Erbaaspor,Over/Under Goals,Under 3.5,1.24,,,LOST,
2025-11-02T11:00:00+00:00,Campeonato de Portugal Prio - Group A,AR São Martinho,Camacha,Over/Under Goals,Under 2.5,1.7,,,LOST,
2025-11-02T11:00:00+00:00,Campeonato de Portugal Prio - Group A,Brito,Machico,Over/Under Goals,Under 2.5,1.5,,,LOST,
2025-11-02T11:00:00+00:00,Campeonato de Portugal Prio - Group A,Chaves II,Ribeira Brava,Asian Handicap,Away -1.25,1.47,,,LOST,
2025-11-02T11:00:00+00:00,Campeonato de Portugal Prio - Group B,Rebordosa,Resende,Over/Under Goals,Under 2.5,1.7,,,WON,
2025-11-02T11:00:00+00:00,I Liga,Stal Rzeszów,Pogoń Siedlce,Double Chance,Draw/Away,1.67,,,WON,
2025-11-02T11:00:00+00:00,III Liga - Group 4,Korona Kielce II,Avia Świdnik,Over/Under Goals,Under 3.5,1.58,,,LOST,
2025-11-02T11:00:00+00:00,Premier League,Arsenal,FC Gomel,Over/Under Goals,Under 2.5,1.58,,,WON,
2025-11-02T11:00:00+00:00,Primera División Femenina,Athletic Club W,Edf Logrono W,Over/Under Goals,Under 3.5,1.22,,,WON,
2025-11-02T11:00:00+00:00,Primera División RFEF - Group 2,Real Betis II,Real Murcia,Over/Under Goals,Under 3.5,1.17,,,WON,
2025-11-02T11:00:00+00:00,Primera División RFEF - Group 2,Tarazona,Ibiza,Over/Under Goals,Under 3.5,1.17,,,WON,
2025-11-02T11:00:00+00:00,Primera División RFEF - Group 2,Teruel,Marbella,Over/Under Goals,Under 2.5,1.55,,,WON,
2025-11-02T11:00:00+00:00,Second League - Group 2,Torpedo Vladimir,Dinamo Vologda,Over/Under Goals,Under 3.5,1.31,,,WON,
2025-11-02T11:00:00+00:00,Second League A - Fall Season Gold,Alaniya Vladikavkaz,Mashuk-KMV,Over/Under Goals,Under 3.5,1.35,,,WON,
2025-11-02T11:00:00+00:00,Second League A - Fall Season Gold,Veles,Dinamo Moskva II,Over/Under Goals,Under 3.5,1.36,,,LOST,
2025-11-02T11:00:00+00:00,Segunda División RFEF - Group 1,Lealtad,Atlético Astorga,Over/Under Goals,Under 3.5,1.17,,,WON,
2025-11-02T11:00:00+00:00,Segunda División RFEF - Group 2,Ejea,Deportivo Alavés II,Over/Under Goals,Under 2.5,1.5,,,WON,
2025-11-02T11:00:00+00:00,Segunda División RFEF - Group 3,Girona II,Barcelona B,Team Total Goals,Over 0.5,1.22,,,LOST,
2025-11-02T11:00:00+00:00,Segunda División RFEF - Group 3,Ibiza Islas Pitiusas,Alcoyano,Over/Under Goals,Under 2.5,1.57,,,WON,
2025-11-02T11:00:00+00:00,Segunda División RFEF - Group 3,Poblense,Barbastro,Asian Handicap,Home +0.25,1.16,,,WON,
2025-11-02T11:00:00+00:00,Segunda División RFEF - Group 3,Porreres,Sant Andreu,Over/Under Goals,Under 3.5,1.21,,,WON,
2025-11-02T11:00:00+00:00,Segunda División RFEF - Group 3,Reddis,Atlético Baleares,Double Chance,Home/Draw,1.5,,,WON,
2025-11-02T11:00:00+00:00,Segunda División RFEF - Group 3,Terrassa,Andratx,Team Total Goals,Over 0.5,1.68,,,WON,
2025-11-02T11:00:00+00:00,Segunda División RFEF - Group 3,Torrent,Valencia II,Double Chance,Draw/Away,1.44,,,WON,
2025-11-02T11:00:00+00:00,Segunda División RFEF - Group 4,Almería II,La Unión Atlético,Over/Under Goals,Under 2.5,1.5,,,LOST,
2025-11-02T11:00:00+00:00,Segunda División RFEF - Group 4,Deportiva Minera,Real Jaén,Over/Under Goals,Under 3.5,1.24,,,WON,
2025-11-02T11:00:00+00:00,Segunda División RFEF - Group 4,Melilla,Extremadura 1924,Double Chance,Draw/Away,1.44,,,WON,
2025-11-02T11:00:00+00:00,Segunda División RFEF - Group 4,Ucam Murcia,Yeclano,Double Chance,Draw/Away,1.7,,,WON,
2025-11-02T11:00:00+00:00,Segunda División RFEF - Group 5,Intercity,Navalcarnero,Over/Under Goals,Under 2.5,1.57,,,LOST,
2025-11-02T11:00:00+00:00,Segunda División RFEF - Group 5,Tenerife II,Fuenlabrada,Over/Under Goals,Under 3.5,1.2,,,LOST,
2025-11-02T11:00:00+00:00,Segunda Liga,Vizela,Penafiel,Team Total Goals,Under 2.5,1.28,,,WON,
2025-11-02T11:00:00+00:00,Super League 2,Ellas Syros,Panionios,Double Chance,Draw/Away,1.36,,,WON,
2025-11-02T11:00:00+00:00,Thai League 1,Muangthong United,Prachuap,Team Total Goals,Under 2.5,1.24,,,WON,
2025-11-02T11:00:00+00:00,Thai League 2,Khon Kaen United,Esan Pattaya,Over/Under Goals,Under 3.5,1.44,,,WON,
2025-11-02T11:00:00+00:00,Virsliga,BFC Daugavpils,FK Liepaja,Over/Under Goals,Under 3.5,1.38,,,WON,
2025-11-02T11:00:00+00:00,Virsliga,FS Jelgava,Metta / LU,1X2 / Match Winner,Draw,4.0,,,WON,
2025-11-02T11:00:00+00:00,Virsliga,Grobiņa,Riga,Over/Under Goals,Under 2.5,2.23,,,WON,
2025-11-02T11:00:00+00:00,Virsliga,Super Nova,Rīgas FS,1X2 / Match Winner,Away,1.27,,,WON,
2025-11-02T11:15:00+00:00,Ekstraklasa,Gornik Zabrze,Arka Gdynia,Double Chance,Home/Draw,1.15,,,WON,
2025-11-02T11:15:00+00:00,Eredivisie,Heracles,PEC Zwolle,Over/Under Goals,Over 1.5,1.25,,,WON,
2025-11-02T11:30:00+00:00,Segunda División RFEF - Group 3,Espanyol II,Olot,Over/Under Goals,Under 2.5,1.44,,,WON,
2025-11-02T11:30:00+00:00,Segunda División RFEF - Group 5,Socuéllamos,RSD Alcalá,1X2 / Match Winner,Draw,3.1,,,WON,
2025-11-02T11:30:00+00:00,Serie A,Verona,Inter,Over/Under Goals,Under 3.5,1.42,,,WON,
2025-11-02T11:30:00+00:00,Serie C - Girone B,Livorno,Forli,Over/Under Goals,Under 3.5,1.22,,,LOST,
2025-11-02T11:30:00+00:00,Super Lig,Konyaspor,Samsunspor,Over/Under Goals,Over 1.5,1.33,,,WON,
2025-11-02T11:30:00+00:00,Thai League 1,Bangkok United,Uthai Thani,Asian Handicap,Home +0.25,1.15,,,LOST,
2025-11-02T11:30:00+00:00,Thai League 1,Lamphun Warrior,Port FC,Team Total Goals,Over 0.5,1.18,,,WON,
2025-11-02T11:30:00+00:00,Thai League 2,Bangkok,Pattani,Over/Under Goals,Under 3.5,1.33,,,WON,
2025-11-02T11:30:00+00:00,Thai League 2,Mahasarakham United,Nakhon Si Thammarat,Over/Under Goals,Under 3.5,1.44,,,LOST,
2025-11-02T11:35:00+00:00,Super League,Yunnan Yukun,Qingdao Youth Island,BTTS,Yes,1.42,,,LOST,
2025-11-02T11:45:00+00:00,Frauenliga,Austria Wien W,LASK,Over/Under Goals,Under 3.5,1.93,,,LOST,
2025-11-02T12:00:00+00:00,2. Division,Naestved,FC Helsingor,1X2 / Match Winner,Home,1.7,,,WON,
2025-11-02T12:00:00+00:00,2. Lig,Karacabey Belediyespor,Batman Petrolspor,Over/Under Goals,Under 3.5,1.28,,,LOST,
2025-11-02T12:00:00+00:00,2. Lig,Menemen Belediyespor,Fethiyespor,Over/Under Goals,Under 3.5,1.19,,,WON,
2025-11-02T12:00:00+00:00,2. Lig,Muğlaspor,Elazığspor,Double Chance,Draw/Away,1.5,,,LOST,
2025-11-02T12:00:00+00:00,2. Lig,Şanlıurfaspor,Halide Edip Adıvar,Team Total Goals,Under 2.5,1.17,,,LOST,
2025-11-02T12:00:00+00:00,2. SNL,Beltinci,Nafta,Team Total Goals,Over 0.5,1.22,,,WON,
2025-11-02T12:00:00+00:00,A Lyga,Kauno Žalgiris,Panevėžys,Over/Under Goals,Under 3.5,1.35,,,LOST,
2025-11-02T12:00:00+00:00,Campionato Primavera - 1,Cesena U20,Cagliari U20,Asian Handicap,Home +0,1.42,,,WON,
2025-11-02T12:00:00+00:00,Czech Liga,Mlada Boleslav,Sigma Olomouc,Double Chance,Draw/Away,1.42,,,WON,
2025-11-02T12:00:00+00:00,Damallsvenskan,Malmö FF W,Piteå W,Over/Under Goals,Under 3.5,1.42,,,WON,
2025-11-02T12:00:00+00:00,Division 2 - Play-offs,IFK Östersund,Falu BS,Team Total Goals,Under 2.5,1.2,,,WON,
2025-11-02T12:00:00+00:00,FA Cup,South Shields,Shrewsbury,Double Chance,Home/Draw,1.67,,,LOST,
2025-11-02T12:00:00+00:00,FA WSL,Aston Villa W,Everton W,Over/Under Goals,Over 1.5,1.25,,,WON,
2025-11-02T12:00:00+00:00,FA WSL,Brighton W,Manchester United W,Over/Under Goals,Under 3.5,1.5,,,LOST,
2025-11-02T12:00:00+00:00,FA WSL,Leicester City WFC,Arsenal W,Over/Under Goals,Under 3.5,1.65,,,LOST,
2025-11-02T12:00:00+00:00,FA WSL,Tottenham Hotspur W,Liverpool W,Over/Under Goals,Under 3.5,1.25,,,WON,
2025-11-02T12:00:00+00:00,Frauen Bundesliga,Carl Zeiss Jena  W,Bayer Leverkusen W,Over/Under Goals,Over 1.5,1.17,,,WON,
2025-11-02T12:00:00+00:00,II Liga - East,Podhale Nowy Targ,Hutnik Kraków,Over/Under Goals,Under 3.5,1.44,,,WON,
2025-11-02T12:00:00+00:00,Liga 1,Persebaya Surabaya,Persis Solo,Double Chance,Home/Draw,1.2,,,WON,
2025-11-02T12:00:00+00:00,Meistriliiga,Trans Narva,FC Levadia Tallinn,1X2 / Match Winner,Away,1.42,,,WON,
2025-11-02T12:00:00+00:00,NB II,BVSC,Szentlőrinc SE,Over/Under Goals,Under 3.5,1.24,,,WON,
2025-11-02T12:00:00+00:00,NB II,Karcag SE,Bekescsaba 1912,Over/Under Goals,Under 3.5,1.26,,,LOST,
2025-11-02T12:00:00+00:00,NB III - Northwest,Dorogi FC,SC Sopron,Asian Handicap,Away -1.25,1.48,,,WON,
2025-11-02T12:00:00+00:00,NB III - Northwest,Pápai Perutz,Újpest II,Double Chance,Draw/Away,1.57,,,WON,
2025-11-02T12:00:00+00:00,NB III - Northwest,Tatabánya,MTE 1904,Double Chance,Draw/Away,1.5,,,LOST,
2025-11-02T12:00:00+00:00,Premyer Liqa,Turan,Keshla FC,Over/Under Goals,Under 3.5,1.18,,,WON,
2025-11-02T12:00:00+00:00,Prva Liga,Dinamo Jug,Semendrija 1924,1X2 / Match Winner,Draw,2.8,,,WON,
2025-11-02T12:00:00+00:00,Prva Liga,Grafičar,Macva,Double Chance,Draw/Away,1.57,,,LOST,
2025-11-02T12:00:00+00:00,Prva Liga,Loznica,Zemun,Double Chance,Draw/Away,1.44,,,WON,
2025-11-02T12:00:00+00:00,Regionalliga - Bayern,Nürnberg II,Bayreuth,Over/Under Goals,Under 3.5,1.5,,,WON,
2025-11-02T12:00:00+00:00,Second League - Group 1,Nart Cherkessk,Kuban Kholding,Over/Under Goals,Under 2.5,2.01,,,WON,
2025-11-02T12:00:00+00:00,Super League 2,Anagennisi Karditsas,Iraklis 1908,Over/Under Goals,Under 3.5,1.2,,,WON,
2025-11-02T12:00:00+00:00,Super League 2,Kampaniakos Chalastra,Asteras Tripolis II,Over/Under Goals,Under 3.5,1.2,,,WON,
2025-11-02T12:00:00+00:00,Superliga,Drita,Llapi,Over/Under Goals,Over 2.5,1.67,,,LOST,
2025-11-02T12:00:00+00:00,Superliga,Prishtina e Re,Drenica Skënderaj,Over/Under Goals,Under 2.5,1.67,,,WON,
2025-11-02T12:00:00+00:00,Thai League 1,Chonburi FC,Bangkok Glass,1X2 / Match Winner,Draw,3.45,,,LOST,
2025-11-02T12:00:00+00:00,Thai League 2,Chainat,Sisaket United,Over/Under Goals,Under 3.5,1.25,,,WON,
2025-11-02T12:15:00+00:00,1a Divisió,Ordino,Ranger's,Over/Under Goals,Under 3.5,1.37,,,WON,
2025-11-02T12:15:00+00:00,Super League,DPMM FC,Negeri Sembilan,1X2 / Match Winner,Away,1.4,,,LOST,
2025-11-02T12:30:00+00:00,1st League - FBiH,Jedinstvo Bihać,Sloboda Tuzla,Double Chance,Draw/Away,1.57,,,LOST,
2025-11-02T12:30:00+00:00,3. Liga,Hoffenheim II,Waldhof Mannheim,BTTS,Yes,1.48,,,LOST,
2025-11-02T12:30:00+00:00,Bundesliga 2,Fortuna Düsseldorf,1. FC Kaiserslautern,Double Chance,Draw/Away,1.5,,,WON,
2025-11-02T12:30:00+00:00,Bundesliga 2,SC Paderborn 07,SpVgg Greuther Fürth,Over/Under Goals,Over 1.5,1.15,,,WON,
2025-11-02T12:30:00+00:00,Bundesliga 2,VfL Bochum,1. FC Magdeburg,Over/Under Goals,Over 1.5,1.18,,,WON,
2025-11-02T12:30:00+00:00,FNL,Baník Ostrava II,Vlašim,Over/Under Goals,Under 3.5,1.48,,,WON,
2025-11-02T12:30:00+00:00,Jupiler Pro League,KVC Westerlo,Genk,Over/Under Goals,Under 3.5,1.65,,,WON,
2025-11-02T12:30:00+00:00,Second League,FK Minyor Pernik,Spartak Pleven,Over/Under Goals,Under 3.5,1.2,,,WON,
2025-11-02T12:30:00+00:00,Second League,Marek,Pirin Blagoevgrad,Asian Handicap,Home +0.25,1.5,,,WON,
2025-11-02T12:30:00+00:00,Second League,Sevlievo,Dunav Ruse,Over/Under Goals,Under 3.5,1.22,,,WON,
2025-11-02T12:30:00+00:00,Second League,Sportist Svoge,Belasitsa,Over/Under Goals,Under 2.5,1.6,,,WON,
2025-11-02T12:45:00+00:00,First NL,Rudes,HNK Cibalia,Over/Under Goals,Under 3.5,1.15,,,WON,
2025-11-02T13:00:00+00:00,2. SNL,Dravinja,Gorica,Asian Handicap,Home +0.25,1.68,,,WON,
2025-11-02T13:00:00+00:00,3. liga - CFL B,Varnsdorf,Arsenal Česká Lípa,Over/Under Goals,Under 3.5,1.63,,,LOST,
2025-11-02T13:00:00+00:00,A Lyga,Džiugas Telšiai,FK Trakai,Over/Under Goals,Under 3.5,1.49,,,LOST,
2025-11-02T13:00:00+00:00,Allsvenskan,Halmstad,IF Brommapojkarna,Over/Under Goals,Under 3.5,1.35,,,WON,
2025-11-02T13:00:00+00:00,Allsvenskan,IF Elfsborg,AIK Stockholm,Double Chance,Draw/Away,1.62,,,WON,
2025-11-02T13:00:00+00:00,Challenge League,FC WIL 1900,Neuchatel Xamax FC,Over/Under Goals,Under 3.5,1.44,,,WON,
2025-11-02T13:00:00+00:00,Ettan - Södra,Torslanda,Lund,Double Chance,Draw/Away,1.4,,,LOST,
2025-11-02T13:00:00+00:00,First League,Volga Ulyanovsk,Rodina Moskva,Over/Under Goals,Under 3.5,1.2,,,WON,
2025-11-02T13:00:00+00:00,La Liga,Levante,Celta Vigo,Over/Under Goals,Over 1.5,1.25,,,WON,
2025-11-02T13:00:00+00:00,Premier League 2 Division One,Stoke City U21,West Bromwich Albion U21,Team Total Goals,Under 2.5,1.16,,,WON,
2025-11-02T13:00:00+00:00,Premier League,Dinamo Minsk,FC Slutsk,Over/Under Goals,Under 3.5,1.48,,,LOST,
2025-11-02T13:00:00+00:00,Primera División - Clausura,CA River Plate,Miramar,Over/Under Goals,Over 1.5,1.4,,,WON,
2025-11-02T13:00:00+00:00,Regionalliga - Bayern,Augsburg II,Greuther Fürth II,Asian Handicap,Home +0.25,1.65,,,WON,
2025-11-02T13:00:00+00:00,Regionalliga - Bayern,Eichstätt,Bayern München II,Over/Under Goals,Under 3.5,1.44,,,WON,
2025-11-02T13:00:00+00:00,Regionalliga - Bayern,Illertissen,Hankofen-Hailing,Over/Under Goals,Over 2.5,1.44,,,LOST,
2025-11-02T13:00:00+00:00,Regionalliga - Mitte,Voitsberg,Wohnbau Dietach,Team Total Goals,Over 1.5,1.17,,,LOST,
2025-11-02T13:00:00+00:00,Regionalliga - Nord,HSC Hannover,Eintracht Norderstedt,Double Chance,Home/Draw,1.4,,,WON,
2025-11-02T13:00:00+00:00,Regionalliga - Nord,St. Pauli II,SV Meppen,1X2 / Match Winner,Away,1.21,,,LOST,
2025-11-02T13:00:00+00:00,Regionalliga - Nord,Werder Bremen II,VfB Oldenburg,BTTS,Yes,1.4,,,WON,
2025-11-02T13:00:00+00:00,Regionalliga - Nordost,Hertha BSC II,Hallescher FC,Asian Handicap,Home +1.25,1.52,,,WON,
2025-11-02T13:00:00+00:00,Regionalliga - Nordost,Lokomotive Leipzig,BFC Dynamo,Over/Under Goals,Under 3.5,1.67,,,WON,
2025-11-02T13:00:00+00:00,Regionalliga - Nordost,ZFC Meuselwitz,Chemnitzer FC,Asian Handicap,Home +0.25,1.65,,,LOST,
2025-11-02T13:00:00+00:00,Regionalliga - SudWest,FC 08 Homburg,Stuttgarter Kickers,Over/Under Goals,Under 3.5,1.62,,,WON,
2025-11-02T13:00:00+00:00,Regionalliga - West,Borussia Dortmund II,FC Bocholt,Asian Handicap,Home +0,1.45,,,LOST,
2025-11-02T13:00:00+00:00,Regionalliga - West,Köln II,SSVg Velbert,1X2 / Match Winner,Home,1.44,,,WON,
2025-11-02T13:00:00+00:00,Regionalliga - West,Sportfreunde Siegen,Fortuna Düsseldorf II,1X2 / Match Winner,Home,1.57,,,WON,
2025-11-02T13:00:00+00:00,Regionalliga - West,Wiedenbrück,Fortuna Köln,Over/Under Goals,Under 3.5,1.67,,,LOST,
2025-11-02T13:00:00+00:00,Second League,Kom,Iskra,Over/Under Goals,Under 2.5,1.6,,,LOST,
2025-11-02T13:00:00+00:00,Second League,Lovćen,Internacional Podgorica,Asian Handicap,Away -1.25,1.92,,,WON,
2025-11-02T13:00:00+00:00,Second NL,Križevci,Mladost Ždralovi,Over/Under Goals,Under 2.5,1.73,,,WON,
2025-11-02T13:00:00+00:00,Segunda Division,FC Andorra,Cadiz,Double Chance,Draw/Away,1.55,,,WON,
2025-11-02T13:00:00+00:00,Super League 2,Egaleo,Kissamikos,Over/Under Goals,Under 2.5,1.5,,,WON,
2025-11-02T13:00:00+00:00,Super League 2,PAS Giannina,Kavala,Over/Under Goals,Under 3.5,1.25,,,WON,
2025-11-02T13:00:00+00:00,Super League,Green Buffaloes,ZESCO United,Double Chance,Draw/Away,1.18,,,LOST,
2025-11-02T13:00:00+00:00,Super League,Nchanga Rangers,Man Utd Zambia Academy,Double Chance,Draw/Away,1.55,,,LOST,
2025-11-02T13:00:00+00:00,Super League,Penang,Imigresen,Over/Under Goals,Under 3.5,1.43,,,WON,
2025-11-02T13:00:00+00:00,Superligaen,Viborg,Randers FC,Double Chance,Draw/Away,1.65,,,LOST,
2025-11-02T13:00:00+00:00,TFF 1. Lig,Boluspor,BB Bodrumspor,Team Total Goals,Over 0.5,1.17,,,LOST,
2025-11-02T13:00:00+00:00,Women's Championship,Sheffield United W,Durham W,Double Chance,Draw/Away,1.55,,,LOST,
2025-11-02T13:15:00+00:00,First League,Arda Kardzhali,Levski Sofia,Over/Under Goals,Under 3.5,1.2,,,WON,
2025-11-02T13:30:00+00:00,Eerste Divisie,Emmen,Waalwijk,Over/Under Goals,Over 1.5,1.17,,,WON,
2025-11-02T13:30:00+00:00,Eliteserien,Stromsgodset,Viking,1X2 / Match Winner,Away,1.5,,,WON,
2025-11-02T13:30:00+00:00,Eredivisie,Groningen,Twente,Over/Under Goals,Over 1.5,1.28,,,WON,
2025-11-02T13:30:00+00:00,Eredivisie,Sparta Rotterdam,AZ Alkmaar,Over/Under Goals,Over 1.5,1.17,,,LOST,
2025-11-02T13:30:00+00:00,I Liga,Chrobry Głogów,Wisla Krakow,Over/Under Goals,Under 3.5,1.5,,,WON,
2025-11-02T13:30:00+00:00,Liga I,Uta Arad,Metaloglobus,Over/Under Goals,Under 3.5,1.33,,,WON,
2025-11-02T13:30:00+00:00,Ligue 1,Ben Aknoun,ES Setif,Over/Under Goals,Under 3.5,1.17,,,WON,
2025-11-02T13:30:00+00:00,Ligue 1,CA Bizertin,Olympique Béja,BTTS,No,1.47,,,WON,
2025-11-02T13:30:00+00:00,Ligue 1,CS Sfaxien,ES Tunis,Over/Under Goals,Under 2.5,1.44,,,LOST,
2025-11-02T13:30:00+00:00,Ligue 1,Jeunesse Sportive Omrane,Stade Tunisien,Over/Under Goals,Under 2.5,1.4,,,WON,
2025-11-02T13:30:00+00:00,Premier League,Zorya Luhansk,Ruh Lviv,Over/Under Goals,Under 3.5,1.16,,,WON,
2025-11-02T13:30:00+00:00,Premier Soccer League,TS Galaxy,Stellenbosch,Over/Under Goals,Under 2.5,1.4,,,WON,
2025-11-02T13:30:00+00:00,Serie C - Girone A,Cittadella,PRO Vercelli,Over/Under Goals,Under 3.5,1.19,,,WON,
2025-11-02T13:30:00+00:00,Serie C - Girone A,Vicenza Virtus,Giana Erminio,Over/Under Goals,Under 3.5,1.27,,,WON,
2025-11-02T13:30:00+00:00,Serie C - Girone B,Gubbio,Ternana,Over/Under Goals,Under 3.5,1.17,,,LOST,
2025-11-02T13:30:00+00:00,Serie C - Girone C,Crotone,Trapani 1905,Over/Under Goals,Under 3.5,1.28,,,WON,
2025-11-02T13:30:00+00:00,Serie C - Girone C,Potenza,Foggia,Over/Under Goals,Under 3.5,1.31,,,WON,
2025-11-02T13:30:00+00:00,Tipp3 Bundesliga,Red Bull Salzburg,Ried,Over/Under Goals,Over 1.5,1.2,,,WON,
2025-11-02T13:30:00+00:00,Tipp3 Bundesliga,Wolfsberger AC,WSG Wattens,Team Total Goals,Over 0.5,1.62,,,LOST,
2025-11-02T13:45:00+00:00,Ekstraklasa,Lech Poznan,Motor Lublin,Over/Under Goals,Under 3.5,1.65,,,LOST,
2025-11-02T14:00:00+00:00,1. Division,Lyngby,Hobro,Over/Under Goals,Over 1.5,1.2,,,WON,
2025-11-02T14:00:00+00:00,1. Liga Classic - Group 3,Winterthur II,Freienbach,Over/Under Goals,Over 2.5,1.5,,,WON,
2025-11-02T14:00:00+00:00,1. SNL,Koper,Olimpija Ljubljana,Double Chance,Home/Draw,1.55,,,WON,
2025-11-02T14:00:00+00:00,2. Division,Omonia 29is Maiou,Karmiotissa,Over/Under Goals,Under 3.5,1.36,,,LOST,
2025-11-02T14:00:00+00:00,Campionato,Domagnano,Cailungo,Over/Under Goals,Under 3.5,1.37,,,WON,
2025-11-02T14:00:00+00:00,Campionato,Pennarossa,San Marino Academy,Double Chance,Draw/Away,1.62,,,LOST,
2025-11-02T14:00:00+00:00,Damallsvenskan,Hammarby,Norrköping W,Over/Under Goals,Under 3.5,1.42,,,LOST,
2025-11-02T14:00:00+00:00,Erovnuli Liga,Dinamo Tbilisi,Telavi,Asian Handicap,Away -1.25,1.51,,,LOST,
2025-11-02T14:00:00+00:00,Ettan - Norra,Team Thoren,Sollentuna,Over/Under Goals,Under 3.5,1.67,,,WON,
2025-11-02T14:00:00+00:00,First Amateur Division,Cercle Brugge II,Diegem Sport,Over/Under Goals,Over 2.5,1.65,,,WON,
2025-11-02T14:00:00+00:00,First Amateur Division,Crossing Schaerbeek,Rochefort,Double Chance,Home/Draw,1.2,,,LOST,
2025-11-02T14:00:00+00:00,First Amateur Division,Knokke,Houtvenne,Over/Under Goals,Under 3.5,1.35,,,WON,
2025-11-02T14:00:00+00:00,First Amateur Division,Spouwen-Mopertingen,Lyra-Lierse Berlaar,Over/Under Goals,Under 3.5,1.31,,,WON,
2025-11-02T14:00:00+00:00,First Amateur Division,Tienen,Thes Sport,Over/Under Goals,Under 3.5,1.22,,,WON,
2025-11-02T14:00:00+00:00,First League,Buducnost Podgorica,Mladost DG,Double Chance,Draw/Away,2.15,,,WON,
2025-11-02T14:00:00+00:00,First League,Jezero,Arsenal Tivat,Over/Under Goals,Under 3.5,1.28,,,WON,
2025-11-02T14:00:00+00:00,First League,Petrovac,Dečić,Over/Under Goals,Under 3.5,1.2,,,WON,
2025-11-02T14:00:00+00:00,First League,Spartak Kostroma,Chernomorets,1X2 / Match Winner,Draw,3.02,,,LOST,
2025-11-02T14:00:00+00:00,Ligue 1,Rennes,Strasbourg,Over/Under Goals,Over 2.5,1.67,,,WON,
2025-11-02T14:00:00+00:00,NB II,Kozarmisleny FC,Csakvar,Over/Under Goals,Under 3.5,1.27,,,LOST,
2025-11-02T14:00:00+00:00,NB II,Szeged 2011,Budafoki LC,Over/Under Goals,Under 3.5,1.24,,,LOST,
2025-11-02T14:00:00+00:00,Premier League,Baltika,Akhmat,Asian Handicap,Home +0.25,1.5,,,WON,
2025-11-02T14:00:00+00:00,Premier League,West Ham,Newcastle,Over/Under Goals,Under 3.5,1.38,,,LOST,
2025-11-02T14:00:00+00:00,Second League A - Fall Season Gold,Volgar Astrakhan,Leningradets,Over/Under Goals,Under 3.5,1.25,,,WON,
2025-11-02T14:00:00+00:00,Second League,Etar Veliko Tarnovo,Chernomorets 1919 Burgas,1X2 / Match Winner,Draw,3.35,,,WON,
2025-11-02T14:00:00+00:00,Second League,Mladost Lješkopolje,Grbalj,Double Chance,Draw/Away,1.18,,,LOST,
2025-11-02T14:00:00+00:00,Serie A,Fiorentina,Lecce,Over/Under Goals,Over 1.5,1.38,,,LOST,
2025-11-02T14:00:00+00:00,Serie A,Torino,Pisa,Over/Under Goals,Under 3.5,1.22,,,LOST,
2025-11-02T14:00:00+00:00,Serie B,Bari,Cesena,Over/Under Goals,Over 1.5,1.4,,,LOST,
2025-11-02T14:00:00+00:00,Serie B,Catanzaro,Venezia,Team Total Goals,Over 0.5,1.25,,,WON,
2025-11-02T14:00:00+00:00,Serie B,Modena,Juve Stabia,Over/Under Goals,Under 3.5,1.22,,,WON,
2025-11-02T14:00:00+00:00,Super Lig,Kayserispor,Kasimpasa,Over/Under Goals,Over 1.5,1.25,,,WON,
2025-11-02T14:00:00+00:00,Superettan,Orebro SK,Utsikten,BTTS,Yes,1.55,,,WON,
2025-11-02T14:00:00+00:00,Veikkausliiga,KuPS,Inter Turku,Over/Under Goals,Under 3.5,1.5,,,LOST,
2025-11-02T14:00:00+00:00,Women's Championship,Southampton W,Nottingham Forest W,Double Chance,Draw/Away,1.53,,,WON,
2025-11-02T14:00:00+00:00,Women's Championship,Sunderland W,Bristol City W,Double Chance,Home/Draw,1.57,,,LOST,
2025-11-02T14:15:00+00:00,FA Cup,Eastleigh,Walsall,Over/Under Goals,Under 3.5,1.38,,,WON,
2025-11-02T14:15:00+00:00,Premijer Liga,Posušje,FK Sarajevo,Over/Under Goals,Under 2.5,1.7,,,LOST,
2025-11-02T14:30:00+00:00,Bundesliga 1,1.FC Köln,Hamburger SV,Over/Under Goals,Under 3.5,1.5,,,LOST,
2025-11-02T14:30:00+00:00,Czech Liga,Bohemians 1905,Hradec Králové,Over/Under Goals,Under 3.5,1.3,,,WON,
2025-11-02T14:30:00+00:00,Czech Liga,Karviná,Sparta Praha,Over/Under Goals,Under 3.5,1.45,,,WON,
2025-11-02T14:30:00+00:00,NB I,Diosgyori VTK,Ujpest,Double Chance,Home/Draw,1.62,,,LOST,
2025-11-02T14:30:00+00:00,Premyer Liqa,Sumqayıt,Araz,Double Chance,Draw/Away,1.35,,,LOST,
2025-11-02T14:30:00+00:00,Super Liga,Komárno,Zemplín Michalovce,Over/Under Goals,Under 3.5,1.36,,,WON,
2025-11-02T14:40:00+00:00,Division 1,Al-Adalah,Al Zulfi,Over/Under Goals,Under 3.5,1.22,,,WON,
2025-11-02T15:00:00+00:00,1. Division,Krasava Ypsonas,Anorthosis,Over/Under Goals,Under 3.5,1.3,,,WON,
2025-11-02T15:00:00+00:00,1a Divisió,Pas de la Casa,UE Santa Coloma,Over/Under Goals,Over 1.5,1.18,,,WON,
2025-11-02T15:00:00+00:00,A Lyga,Banga,Dainava,Over/Under Goals,Under 3.5,1.24,,,LOST,
2025-11-02T15:00:00+00:00,Botola Pro,Maghreb Fès,Olympique Safi,Double Chance,Draw/Away,1.5,,,LOST,
2025-11-02T15:00:00+00:00,Campeonato de Portugal Prio - Group A,Monção,Bragança,Double Chance,Home/Draw,1.6,,,WON,
2025-11-02T15:00:00+00:00,Campeonato de Portugal Prio - Group A,Os Limianos,Mirandela,Double Chance,Home/Draw,1.17,,,WON,
2025-11-02T15:00:00+00:00,Campeonato de Portugal Prio - Group A,Tirsense,Celoricense,Double Chance,Draw/Away,1.53,,,WON,
2025-11-02T15:00:00+00:00,Campeonato de Portugal Prio - Group A,Vianense,Vilaverdense,Over/Under Goals,Under 2.5,1.5,,,WON,
2025-11-02T15:00:00+00:00,Campeonato de Portugal Prio - Group B,Alpendorada,União Lamas,Double Chance,Draw/Away,1.67,,,LOST,
2025-11-02T15:00:00+00:00,Campeonato de Portugal Prio - Group B,Cinfães,Gouveia,Over/Under Goals,Under 2.5,1.73,,,LOST,
2025-11-02T15:00:00+00:00,Campeonato de Portugal Prio - Group B,Florgrade,Anadia,Over/Under Goals,Under 2.5,1.57,,,LOST,
2025-11-02T15:00:00+00:00,Campeonato de Portugal Prio - Group B,Vila Real,Salgueiros,Over/Under Goals,Under 2.5,1.5,,,WON,
2025-11-02T15:00:00+00:00,Campeonato de Portugal Prio - Group C,Fátima,Mortágua,Over/Under Goals,Under 2.5,1.4,,,LOST,
2025-11-02T15:00:00+00:00,Campeonato de Portugal Prio - Group C,Marinhense,Eléctrico,Double Chance,Draw/Away,1.55,,,WON,
2025-11-02T15:00:00+00:00,Campeonato de Portugal Prio - Group C,Peniche,Os Marialvas,Double Chance,Draw/Away,1.55,,,WON,
2025-11-02T15:00:00+00:00,Campeonato de Portugal Prio - Group D,Sintrense,FC Serpa,Double Chance,Draw/Away,1.4,,,WON,
2025-11-02T15:00:00+00:00,Challenger Pro League,Beerschot Wilrijk,Kortrijk,Over/Under Goals,Under 3.5,1.36,,,WON,
2025-11-02T15:00:00+00:00,Challenger Pro League,Patro Eisden,RSC Anderlecht II,Double Chance,Home/Draw,1.15,,,WON,
2025-11-02T15:00:00+00:00,Division 1,Al Arabi SC,Al Taee,Over/Under Goals,Under 3.5,1.27,,,WON,
2025-11-02T15:00:00+00:00,Ettan - Norra,Assyriska FF,Gefle IF,Asian Handicap,Home +0,1.7,,,LOST,
2025-11-02T15:00:00+00:00,Ettan - Norra,Enköping,Stockholm Internazionale,1X2 / Match Winner,Away,1.53,,,WON,
2025-11-02T15:00:00+00:00,Ettan - Norra,Vasalund,Haninge,1X2 / Match Winner,Home,1.66,,,WON,
2025-11-02T15:00:00+00:00,Ettan - Södra,Olympic,Trollhättan,Team Total Goals,Under 2.5,1.2,,,WON,
2025-11-02T15:00:00+00:00,FA Cup,Port Vale,Maldon & Tiptree,Over/Under Goals,Under 3.5,1.62,,,LOST,
2025-11-02T15:00:00+00:00,First Division,Bray Wanderers,Treaty United,Over/Under Goals,Under 3.5,1.33,,,WON,
2025-11-02T15:00:00+00:00,III Liga - Group 2,Zawisza Bydgoszcz,Lech Poznań II,Over/Under Goals,Under 3.5,1.5,,,LOST,
2025-11-02T15:00:00+00:00,Jupiler Pro League,OH Leuven,Gent,Double Chance,Draw/Away,1.5,,,LOST,
2025-11-02T15:00:00+00:00,Liga 3,CF Os Belenenses,União Santarém,Over/Under Goals,Under 3.5,1.23,,,WON,
2025-11-02T15:00:00+00:00,Liga 3,Guimaraes B,Sanjoanense,Over/Under Goals,Under 3.5,1.22,,,WON,
2025-11-02T15:00:00+00:00,Liga 3,Paredes,São João Ver,Over/Under Goals,Under 2.5,1.72,,,WON,
2025-11-02T15:00:00+00:00,Liga 3,SC Covilha,Amora,Over/Under Goals,Under 3.5,1.16,,,WON,
2025-11-02T15:00:00+00:00,Liga 3,Trofense,Amarante,Over/Under Goals,Under 3.5,1.15,,,WON,
2025-11-02T15:00:00+00:00,Meistriliiga,Laagri,Tallinna Kalev,1X2 / Match Winner,Home,1.67,,,WON,
2025-11-02T15:00:00+00:00,Premier League 2 Division One,Leeds United U21,Brighton U21,Double Chance,Home/Draw,1.7,,,WON,
2025-11-02T15:00:00+00:00,Premier League,Neman,Bate Borisov,Over/Under Goals,Under 3.5,1.32,,,WON,
2025-11-02T15:00:00+00:00,Premier League,Valletta FC,Zabbar St. Patrick,Over/Under Goals,Under 3.5,1.25,,,WON,
2025-11-02T15:00:00+00:00,Premier League,Zamalek SC,El Geish,Over/Under Goals,Under 3.5,1.2,,,LOST,
2025-11-02T15:00:00+00:00,Premiership,Cliftonville FC,Linfield,Team Total Goals,Over 0.5,1.2,,,LOST,
2025-11-02T15:00:00+00:00,Primera División Femenina,Real Sociedad W,Barcelona W,Team Total Goals,Over 2.5,1.2,,,LOST,
2025-11-02T15:00:00+00:00,Primera División RFEF - Group 1,Ourense CF,Arenas Getxo,1X2 / Match Winner,Draw,3.17,,,LOST,
2025-11-02T15:00:00+00:00,Primera División RFEF - Group 2,Antequera,Hércules,1X2 / Match Winner,Draw,3.1,,,WON,
2025-11-02T15:00:00+00:00,Prva HNL,NK Slaven Belupo,HNK Hajduk Split,Team Total Goals,Over 0.5,1.18,,,LOST,
2025-11-02T15:00:00+00:00,Segunda División RFEF - Group 2,Ebro,Eibar II,Over/Under Goals,Under 2.5,1.44,,,WON,
2025-11-02T15:00:00+00:00,Segunda División RFEF - Group 5,Conquense,SS Reyes,Over/Under Goals,Under 2.5,1.5,,,WON,
2025-11-02T15:00:00+00:00,Super Liga,Novi Pazar,Železničar Pančevo,Over/Under Goals,Under 3.5,1.22,,,WON,
2025-11-02T15:00:00+00:00,Super Liga,TSC Backa Topola,Napredak,1X2 / Match Winner,Home,1.62,,,LOST,
2025-11-02T15:00:00+00:00,Superligaen,Sonderjyske,Vejle,Over/Under Goals,Over 1.5,1.22,,,WON,
2025-11-02T15:15:00+00:00,La Liga,Alaves,Espanyol,Over/Under Goals,Under 3.5,1.18,,,WON,
2025-11-02T15:15:00+00:00,Segunda Division,Cordoba,AD Ceuta FC,Over/Under Goals,Under 3.5,1.28,,,WON,
2025-11-02T15:15:00+00:00,Segunda Division,Sporting Gijon,Las Palmas,Double Chance,Draw/Away,1.57,,,WON,
2025-11-02T15:20:00+00:00,Division 1,Al Wehda Club,Al Baten,Asian Handicap,Home +0.25,1.44,,,WON,
2025-11-02T15:30:00+00:00,3. Liga,Rot-Weiß Essen,FC Schweinfurt 05,Over/Under Goals,Over 2.5,1.5,,,WON,
2025-11-02T15:30:00+00:00,Allsvenskan,Djurgardens IF,IFK Goteborg,Team Total Goals,Over 0.5,1.15,,,LOST,
2025-11-02T15:30:00+00:00,Allsvenskan,Gais,Osters IF,Over/Under Goals,Over 1.5,1.22,,,WON,
2025-11-02T15:30:00+00:00,Challenge League,Balzan FC,Swieqi United,Asian Handicap,Home +0.25,1.42,,,WON,
2025-11-02T15:30:00+00:00,Challenge League,St. Andrews,Fgura United,Over/Under Goals,Over 1.5,1.26,,,WON,
2025-11-02T15:30:00+00:00,Primeira Liga,AVS,Tondela,Asian Handicap,Home +0.5,1.6,,,WON,
2025-11-02T15:30:00+00:00,Primera Division,Huachipato,Universidad de Chile,Over/Under Goals,Under 3.5,1.5,,,WON,
2025-11-02T15:30:00+00:00,Segunda División RFEF - Group 2,Mutilvera,Sestao River,Over/Under Goals,Under 2.5,1.65,,,WON,
2025-11-02T15:30:00+00:00,Segunda Liga,Farense,Benfica B,Over/Under Goals,Under 3.5,1.33,,,LOST,
2025-11-02T15:30:00+00:00,Super League 1,Larisa,Levadiakos,Team Total Goals,Over 0.5,1.28,,,WON,
2025-11-02T15:30:00+00:00,Super League,BSC Young Boys,FC Basel 1893,Double Chance,Home/Draw,1.45,,,WON,
2025-11-02T15:30:00+00:00,Super League,FC Luzern,Grasshoppers,Over/Under Goals,Over 1.5,1.18,,,WON,
2025-11-02T15:45:00+00:00,Eerste Divisie,MVV,ADO Den Haag,Result + Total Goals,Away/Over 1.5,1.4,,,WON,
2025-11-02T15:45:00+00:00,Eredivisie,Utrecht,NEC Nijmegen,BTTS,Yes,1.48,,,LOST,
2025-11-02T15:45:00+00:00,First League,Cherno More Varna,Ludogorets,Double Chance,Home/Draw,1.7,,,WON,
2025-11-02T15:45:00+00:00,Liga I,AFC Hermannstadt,Oţelul,Over/Under Goals,Under 3.5,1.25,,,LOST,
2025-11-02T16:00:00+00:00,1. Division,Esbjerg,B 93,Over/Under Goals,Under 3.5,1.55,,,LOST,
2025-11-02T16:00:00+00:00,1. Division,Raufoss,Mjondalen,Over/Under Goals,Under 3.5,1.47,,,WON,
2025-11-02T16:00:00+00:00,1. Division,Stabaek,Lyn,Double Chance,Home/Draw,1.53,,,LOST,
2025-11-02T16:00:00+00:00,2. SNL,Brinje-Grosuplje,Bistrica,Over/Under Goals,Under 3.5,1.36,,,WON,
2025-11-02T16:00:00+00:00,2. SNL,Triglav,Tabor Sežana,1X2 / Match Winner,Home,1.7,,,LOST,
2025-11-02T16:00:00+00:00,Eliteserien,Bryne,Brann,Over/Under Goals,Over 1.5,1.25,,,WON,
2025-11-02T16:00:00+00:00,Eliteserien,Fredrikstad,Kristiansund BK,Over/Under Goals,Over 1.5,1.22,,,WON,
2025-11-02T16:00:00+00:00,Eliteserien,Ham-Kam,Sandefjord,Double Chance,Home/Draw,1.45,,,WON,
2025-11-02T16:00:00+00:00,Eliteserien,KFUM Oslo,Haugesund,Over/Under Goals,Over 1.5,1.2,,,WON,
2025-11-02T16:00:00+00:00,Erovnuli Liga,Samgurali,Gagra,Asian Handicap,Home +0,1.41,,,WON,
2025-11-02T16:00:00+00:00,I Liga,Polonia Bytom,Znicz Pruszków,Over/Under Goals,Under 3.5,1.48,,,WON,
2025-11-02T16:00:00+00:00,NB II,Soroksar,Budapest Honved,Team Total Goals,Over 0.5,1.44,,,LOST,
2025-11-02T16:00:00+00:00,NB II,Tiszakecske FC,Kecskeméti TE,Over/Under Goals,Over 1.5,1.24,,,WON,
2025-11-02T16:00:00+00:00,Premier League,Shakhtar Donetsk,Dynamo Kyiv,Team Total Goals,Over 0.5,1.15,,,WON,
2025-11-02T16:00:00+00:00,Premier Soccer League,Golden Arrows,Marumo Gallants,Over/Under Goals,Over 1.5,1.7,,,WON,
2025-11-02T16:00:00+00:00,Segunda División RFEF - Group 1,Bergantiños,Langreo,Double Chance,Home/Draw,1.22,,,WON,
2025-11-02T16:00:00+00:00,Segunda División RFEF - Group 1,Gimnástica Segoviana,Burgos Promesas,Over/Under Goals,Under 3.5,1.24,,,WON,
2025-11-02T16:00:00+00:00,Segunda División RFEF - Group 1,Numancia,Real Valladolid II,Asian Handicap,Away -1.25,1.43,,,LOST,
2025-11-02T16:00:00+00:00,Segunda División RFEF - Group 1,Salamanca UDS,Coruxo,Over/Under Goals,Under 2.5,1.65,,,WON,
2025-11-02T16:00:00+00:00,Segunda División RFEF - Group 1,Sarriana,Real Ávila,Double Chance,Home/Draw,1.53,,,WON,
2025-11-02T16:00:00+00:00,Segunda División RFEF - Group 1,Sámano,Marino de Luanco,Over/Under Goals,Under 2.5,1.57,,,WON,
2025-11-02T16:00:00+00:00,Segunda División RFEF - Group 2,Náxara,Real Zaragoza II,Over/Under Goals,Under 3.5,1.25,,,WON,
2025-11-02T16:00:00+00:00,Segunda División RFEF - Group 2,Real Unión,Gernika,Over/Under Goals,Under 3.5,1.21,,,WON,
2025-11-02T16:00:00+00:00,Segunda División RFEF - Group 2,UD Logroñés,Utebo,Team Total Goals,Under 2.5,1.15,,,LOST,
2025-11-02T16:00:00+00:00,Segunda División RFEF - Group 3,Atlètic Lleida,Castellón II,Over/Under Goals,Over 2.5,1.5,,,WON,
2025-11-02T16:00:00+00:00,Segunda División RFEF - Group 4,Puente Genil,Águilas,BTTS,No,1.47,,,WON,
2025-11-02T16:00:00+00:00,Segunda División RFEF - Group 4,Xerez Deportivo,Antoniano,Double Chance,Home/Draw,1.17,,,WON,
2025-11-02T16:00:00+00:00,Segunda División RFEF - Group 5,Quintanar del Rey,Rayo Majadahonda,Double Chance,Draw/Away,1.33,,,WON,
2025-11-02T16:00:00+00:00,Super Liga,FK Crvena Zvezda,Radnik Surdulica,Over/Under Goals,Over 2.5,1.22,,,LOST,
2025-11-02T16:00:00+00:00,Super Liga,Vojvodina,IMT Novi Beograd,1X2 / Match Winner,Home,1.44,,,LOST,
2025-11-02T16:00:00+00:00,TFF 1. Lig,Van BB,Sakaryaspor,Over/Under Goals,Under 3.5,1.29,,,LOST,
2025-11-02T16:00:00+00:00,Tipp3 Bundesliga,Rapid Vienna,Sturm Graz,Over/Under Goals,Under 3.5,1.48,,,WON,
2025-11-02T16:15:00+00:00,Ligue 1,Lens,Lorient,Over/Under Goals,Over 1.5,1.22,,,WON,
2025-11-02T16:15:00+00:00,Ligue 1,Lille,Angers,Result + Total Goals,Home/Over 1.5,1.5,,,LOST,
2025-11-02T16:15:00+00:00,Ligue 1,Nantes,Metz,Over/Under Goals,Over 1.5,1.33,,,WON,
2025-11-02T16:15:00+00:00,Ligue 1,Toulouse,Le Havre,Team Total Goals,Over 0.5,1.15,,,LOST,
2025-11-02T16:15:00+00:00,Serie B,Monza,Spezia,Asian Handicap,Home +0,1.53,,,WON,
2025-11-02T16:25:00+00:00,A Lyga,FK Zalgiris Vilnius,Hegelmann Litauen,Over/Under Goals,Under 3.5,1.36,,,LOST,
2025-11-02T16:25:00+00:00,A Lyga,Suduva Marijampole,Šiauliai,Asian Handicap,Home +0.5,1.16,,,WON,
2025-11-02T16:30:00+00:00,1. SNL,Primorje,Radomlje,Over/Under Goals,Under 3.5,1.38,,,WON,
2025-11-02T16:30:00+00:00,Bundesliga 1,VfL Wolfsburg,1899 Hoffenheim,Over/Under Goals,Under 3.5,1.6,,,LOST,
2025-11-02T16:30:00+00:00,Ekstraklasa,Jagiellonia,Raków Częstochowa,Asian Handicap,Away -0.5,1.55,,,WON,
2025-11-02T16:30:00+00:00,Premier League,FC Krasnodar,Spartak Moscow,Over/Under Goals,Under 3.5,1.33,,,WON,
2025-11-02T16:30:00+00:00,Premier League,Manchester City,Bournemouth,Team Total Goals,Under 2.5,1.48,,,LOST,
2025-11-02T16:30:00+00:00,Premijer Liga,Zeljeznicar Sarajevo,Velež,Over/Under Goals,Under 2.5,1.68,,,LOST,
2025-11-02T16:30:00+00:00,Serie C - Girone B,Pontedera,Perugia,Asian Handicap,Home +0.25,1.59,,,WON,
2025-11-02T16:30:00+00:00,Serie C - Girone B,Ravenna,Ascoli,Over/Under Goals,Under 3.5,1.18,,,WON,
2025-11-02T16:30:00+00:00,Serie C - Girone B,Sambenedettese,Guidonia Montecelio 1937,Over/Under Goals,Under 3.5,1.22,,,WON,
2025-11-02T16:30:00+00:00,Serie C - Girone C,Giugliano,Siracusa,Over/Under Goals,Under 3.5,1.27,,,WON,
2025-11-02T16:30:00+00:00,Serie C - Girone C,Latina,Salernitana,1X2 / Match Winner,Draw,3.2,,,WON,
2025-11-02T16:45:00+00:00,Division 1,Al Diriyah,Jeddah Club,Team Total Goals,Over 0.5,1.51,,,LOST,
2025-11-02T17:00:00+00:00,1. Division,Apollon Limassol,AEK Larnaca,Team Total Goals,Over 0.5,1.27,,,WON,
2025-11-02T17:00:00+00:00,1. Division,Pafos,AEL,Result + Total Goals,Home/Over 1.5,1.53,,,LOST,
2025-11-02T17:00:00+00:00,Botola Pro,Difaa EL Jadida,FAR Rabat,Over/Under Goals,Under 3.5,1.18,,,LOST,
2025-11-02T17:00:00+00:00,III Liga - Group 2,Pogoń Szczecin II,Flota Świnoujście,Over/Under Goals,Under 3.5,1.43,,,LOST,
2025-11-02T17:00:00+00:00,Liga Nacional,Cobán Imperial,Aurora,Over/Under Goals,Under 3.5,1.25,,,WON,
2025-11-02T17:00:00+00:00,NB I,Debreceni VSC,Zalaegerszegi TE,Asian Handicap,Home +0,1.5,,,WON,
2025-11-02T17:00:00+00:00,Premier League,Torpedo Zhodino,FC Minsk,Over/Under Goals,Under 3.5,1.31,,,WON,
2025-11-02T17:00:00+00:00,Serie A,Parma,Bologna,Over/Under Goals,Under 3.5,1.2,,,LOST,
2025-11-02T17:00:00+00:00,Super Lig,Besiktas,Fenerbahce,Over/Under Goals,Over 1.5,1.22,,,WON,
2025-11-02T17:00:00+00:00,Super Liga,Spartak Trnava,AS Trencin,Over/Under Goals,Under 3.5,1.45,,,LOST,
2025-11-02T17:00:00+00:00,Superligaen,FC Nordsjaelland,Odense,Over/Under Goals,Under 3.5,1.53,,,LOST,
2025-11-02T17:15:00+00:00,Premier League,Tarxien Rainbows,Mosta,Double Chance,Draw/Away,1.4,,,WON,
2025-11-02T17:15:00+00:00,Primera División RFEF - Group 1,Ponferradina,Cacereño,Over/Under Goals,Under 3.5,1.18,,,WON,
2025-11-02T17:15:00+00:00,Primera División RFEF - Group 1,Real Avilés,Arenteiro,Double Chance,Draw/Away,1.57,,,LOST,
2025-11-02T17:15:00+00:00,Primera División RFEF - Group 1,Real Madrid II,CF Talavera,Over/Under Goals,Under 3.5,1.22,,,WON,
2025-11-02T17:15:00+00:00,Prva HNL,NK Osijek,NK Varazdin,Over/Under Goals,Under 3.5,1.28,,,WON,
2025-11-02T17:30:00+00:00,Czech Liga,Teplice,Plzen,Double Chance,Draw/Away,1.15,,,WON,
2025-11-02T17:30:00+00:00,Jupiler Pro League,St. Truiden,Antwerp,Over/Under Goals,Under 3.5,1.38,,,WON,
2025-11-02T17:30:00+00:00,La Liga,Barcelona,Elche,Asian Handicap,Home +0.25,1.5,,,WON,
2025-11-02T17:30:00+00:00,Segunda Division,Castellón,Malaga,Over/Under Goals,Under 3.5,1.38,,,WON,
2025-11-02T17:30:00+00:00,Segunda División RFEF - Group 4,Estepona,Lorca Deportiva,Double Chance,Draw/Away,1.62,,,WON,
2025-11-02T17:30:00+00:00,Super League 1,Panserraikos,PAOK,Result + Total Goals,Away/Over 1.5,1.44,,,WON,
2025-11-02T18:00:00+00:00,Liga MX,U.N.A.M. - Pumas,Club Tijuana,Over/Under Goals,Under 3.5,1.48,,,LOST,
2025-11-02T18:00:00+00:00,Liga Pro,Cuniburo,Manta FC,Over/Under Goals,Under 3.5,1.25,,,WON,
2025-11-02T18:00:00+00:00,Liga de Expansión MX,Leones Negros UDG,Venados FC,Over/Under Goals,Under 3.5,1.55,,,WON,
2025-11-02T18:00:00+00:00,Ligue 1,USM Alger,ASO Chlef,Over/Under Goals,Under 3.5,1.16,,,WON,
2025-11-02T18:00:00+00:00,Premier League,Al Ahly,AL Masry,Over/Under Goals,Under 3.5,1.3,,,WON,
2025-11-02T18:00:00+00:00,Premier League,Ceramica Cleopatra,Petrojet,Over/Under Goals,Under 3.5,1.28,,,WON,
2025-11-02T18:00:00+00:00,Primeira Liga,Arouca,Moreirense,Over/Under Goals,Under 3.5,1.25,,,WON,
2025-11-02T18:00:00+00:00,Primera B,Antofagasta,Deportes Santa Cruz,Over/Under Goals,Under 3.5,1.33,,,WON,
2025-11-02T18:00:00+00:00,Primera B,Curico Unido,Cobreloa,Over/Under Goals,Under 3.5,1.22,,,WON,
2025-11-02T18:00:00+00:00,Primera B,Santiago Morning,San Luis,Over/Under Goals,Under 3.5,1.19,,,WON,
2025-11-02T18:00:00+00:00,Primera Division,Alianza Universidad,Cusco,Over/Under Goals,Over 1.5,1.22,,,WON,
2025-11-02T18:15:00+00:00,Eliteserien,Tromso,Sarpsborg 08 FF,Over/Under Goals,Over 1.5,1.18,,,WON,
2025-11-02T18:15:00+00:00,Jupiler Pro League,RAAL La Louvière,Cercle Brugge,Double Chance,Home/Draw,1.48,,,WON,
2025-11-02T18:15:00+00:00,Ligat Ha'al,Ironi Kiryat Shmona,Maccabi Netanya,Double Chance,Draw/Away,1.5,,,WON,
2025-11-02T18:30:00+00:00,3. Liga,Alemannia Aachen,FC Saarbrücken,Over/Under Goals,Over 1.5,1.22,,,WON,
2025-11-02T18:30:00+00:00,II Liga - East,Olimpia Grudziądz,Sandecja Nowy Sącz,Over/Under Goals,Over 1.5,1.23,,,LOST,
2025-11-02T18:30:00+00:00,Liga I,Universitatea Craiova,Rapid,Double Chance,Draw/Away,1.67,,,WON,
2025-11-02T18:30:00+00:00,Primera B Metropolitana,Liniers,Sportivo Italiano,Over/Under Goals,Under 3.5,1.17,,,LOST,
2025-11-02T18:30:00+00:00,Primera B Metropolitana,Villa Dalmine,Brown DE Adrogue,Double Chance,Draw/Away,1.67,,,LOST,
2025-11-02T18:30:00+00:00,Serie B,Sampdoria,Mantova,Team Total Goals,Over 0.5,1.18,,,LOST,
2025-11-02T19:00:00+00:00,Botola Pro,FUS Rabat,Hassania Agadir,Over/Under Goals,Under 3.5,1.25,,,WON,
2025-11-02T19:00:00+00:00,Botola Pro,Wydad AC,Ittihad Tanger,1X2 / Match Winner,Home,1.52,,,WON,
2025-11-02T19:00:00+00:00,Premijer Liga,Borac Banja Luka,Sloga Doboj,Over/Under Goals,Under 3.5,1.43,,,WON,
2025-11-02T19:00:00+00:00,Primera Division,Estudiantes L.P.,Boca Juniors,Double Chance,Draw/Away,1.4,,,WON,
2025-11-02T19:00:00+00:00,Primera División,ABB,The Strongest,Double Chance,Draw/Away,1.17,,,WON,
2025-11-02T19:00:00+00:00,Primera Nacional,Deportivo Madryn,Gimnasia Jujuy,Double Chance,Home/Draw,1.22,,,WON,
2025-11-02T19:00:00+00:00,Serie A,Bahia,RB Bragantino,Over/Under Goals,Under 3.5,1.3,,,WON,
2025-11-02T19:00:00+00:00,Serie A,Ceara,Fluminense,Over/Under Goals,Under 3.5,1.2,,,WON,
2025-11-02T19:00:00+00:00,Serie A,Corinthians,Gremio,Over/Under Goals,Under 3.5,1.22,,,WON,
2025-11-02T19:00:00+00:00,Serie B,Amazonas,Cuiaba,Over/Under Goals,Under 3.5,1.18,,,WON,
2025-11-02T19:00:00+00:00,Super League 1,AEK Athens FC,Panetolikos,Over/Under Goals,Over 2.5,1.62,,,LOST,
2025-11-02T19:00:00+00:00,Superligaen,Silkeborg,Brondby,Over/Under Goals,Over 1.5,1.17,,,WON,
2025-11-02T19:00:00+00:00,Torneo Federal A,Olimpo Bahia Blanca,Kimberley Mar del Plata,BTTS,No,1.74,,,LOST,
2025-11-02T19:15:00+00:00,Ekstraklasa,Widzew Łódź,Legia Warszawa,Asian Handicap,Home +0.5,1.67,,,WON,
2025-11-02T19:15:00+00:00,I Liga,Miedz Legnica,Wieczysta Kraków,Double Chance,Home/Draw,1.6,,,WON,
2025-11-02T19:30:00+00:00,Primera División - Clausura,Racing Montevideo,Danubio,Over/Under Goals,Under 2.5,1.5,,,LOST,
2025-11-02T19:30:00+00:00,Primera División RFEF - Group 2,Gimnastic,Atlético Madrid II,Over/Under Goals,Under 2.5,1.62,,,LOST,
2025-11-02T19:30:00+00:00,Serie C - Girone A,Lecco,Arzignano Valchiampo,Team Total Goals,Under 2.5,1.17,,,LOST,
2025-11-02T19:30:00+00:00,Serie C - Girone A,Lumezzane,Renate,Over/Under Goals,Under 3.5,1.19,,,WON,
2025-11-02T19:30:00+00:00,Serie C - Girone C,Benevento,Sorrento,Over/Under Goals,Under 3.5,1.49,,,WON,
2025-11-02T19:45:00+00:00,Ligue 1,Stade Brestois 29,Lyon,Over/Under Goals,Over 1.5,1.22,,,LOST,
2025-11-02T19:45:00+00:00,Serie A,AC Milan,AS Roma,Over/Under Goals,Under 3.5,1.25,,,WON,
2025-11-02T20:00:00+00:00,La Liga,Real Betis,Mallorca,Asian Handicap,Away -1.25,1.6,,,LOST,
2025-11-02T20:00:00+00:00,NWSL Women,Kansas City W,San Diego Wave W,Over/Under Goals,Under 3.5,1.33,,,WON,
2025-11-02T20:00:00+00:00,Segunda Division,Zaragoza,Deportivo La Coruna,Over/Under Goals,Under 3.5,1.3,,,WON,
2025-11-02T20:30:00+00:00,Division Profesional - Clausura,Sportivo Luqueno,Sportivo Ameliano,Over/Under Goals,Under 3.5,1.25,,,WON,
2025-11-02T20:30:00+00:00,Liga Pro,Macara,Emelec,Over/Under Goals,Under 3.5,1.22,,,WON,
2025-11-02T20:30:00+00:00,Primeira Liga,FC Porto,SC Braga,Over/Under Goals,Under 3.5,1.33,,,WON,
2025-11-02T20:30:00+00:00,Primera Division,Atletico Grau,Alianza Atletico,1X2 / Match Winner,Draw,3.25,,,WON,
2025-11-02T20:30:00+00:00,Primera Division,Coquimbo Unido,Union La Calera,Over/Under Goals,Under 3.5,1.25,,,WON,
2025-11-02T20:30:00+00:00,Primera Division,U. Catolica,O'Higgins,Team Total Goals,Over 0.5,1.22,,,LOST,
2025-11-02T21:00:00+00:00,Canadian Premier League,Forge,Cavalry FC,1X2 / Match Winner,Draw,3.33,,,LOST,
2025-11-02T21:00:00+00:00,Liga Nacional,Génesis,Atlético Choloma,Double Chance,Home/Draw,1.17,,,WON,
2025-11-02T21:00:00+00:00,Liga Nacional,Mictlán,Guastatoya,Over/Under Goals,Under 3.5,1.25,,,LOST,
2025-11-02T21:00:00+00:00,USL League One,One Knoxville,Charlotte Independence,1X2 / Match Winner,Home,1.65,,,WON,
2025-11-02T21:15:00+00:00,Primera División,Real Tomayapo,Jorge Wilstermann,Over/Under Goals,Under 3.5,1.3,,,LOST,
2025-11-02T21:15:00+00:00,Primera Nacional,CA Estudiantes,Tristan Suarez,Over/Under Goals,Under 2.5,1.4,,,WON,
2025-11-02T21:30:00+00:00,Primera Division,Godoy Cruz,San Martin S.J.,Over/Under Goals,Under 2.5,1.4,,,WON,
2025-11-02T21:30:00+00:00,Serie A,Internacional,Atletico-MG,Double Chance,Draw/Away,1.67,,,WON,
2025-11-02T21:30:00+00:00,Serie A,Juventude,Palmeiras,Over/Under Goals,Under 3.5,1.3,,,WON,
2025-11-02T21:30:00+00:00,Serie B,remo,Chapecoense-sc,Double Chance,Draw/Away,1.7,,,WON,
2025-11-02T22:00:00+00:00,Primera División - Clausura,Penarol,Defensor Sporting,Over/Under Goals,Under 3.5,1.3,,,WON,
2025-11-02T22:15:00+00:00,NWSL Women,Chicago Red Stars W,Angel City W,Over/Under Goals,Over 1.5,1.21,,,WON,
2025-11-02T22:15:00+00:00,NWSL Women,North Carolina Courage W,NJ/NY Gotham FC W,Over/Under Goals,Under 3.5,1.18,,,LOST,
2025-11-02T22:15:00+00:00,NWSL Women,Orlando Pride W,Seattle Reign FC,Asian Handicap,Away -1.25,1.49,,,WON,
2025-11-02T22:15:00+00:00,NWSL Women,Portland Thorns W,Houston Dash W,Over/Under Goals,Under 3.5,1.28,,,WON,
2025-11-02T22:15:00+00:00,NWSL Women,Racing Louisville W,Bay FC,Double Chance,Home/Draw,1.15,,,WON,
2025-11-02T22:15:00+00:00,NWSL Women,Utah Royals W,Washington Spirit W,Double Chance,Draw/Away,1.15,,,LOST,
2025-11-02T23:00:00+00:00,Division Profesional - Clausura,Cerro Porteno,Club Guarani,Over/Under Goals,Under 3.5,1.33,,,WON,
2025-11-02T23:00:00+00:00,Liga MX,Club Queretaro,Mazatlán,Double Chance,Draw/Away,1.62,,,LOST,
2025-11-02T23:00:00+00:00,Liga Pro,Universidad Catolica,Barcelona SC,Over/Under Goals,Under 3.5,1.3,,,WON,
2025-11-02T23:00:00+00:00,Liga de Expansión MX,Atlante FC,Cancún,Asian Handicap,Away -1.25,1.66,,,WON,
2025-11-02T23:00:00+00:00,Primera Division,Cienciano,Juan Pablo II College,Over/Under Goals,Under 3.5,1.5,,,WON,
2025-11-02T23:00:00+00:00,Primera Division,Sport Boys,UTC,Team Total Goals,Under 2.5,1.18,,,WON,
2025-11-02T23:00:00+00:00,Primera Division,Walter Ferretti,Real Estelí,Team Total Goals,Under 2.5,1.16,,,WON,
2025-11-02T23:30:00+00:00,Major League Soccer,Columbus Crew,FC Cincinnati,Over/Under Goals,Under 3.5,1.62,,,LOST,
2025-11-02T23:30:00+00:00,Primera Division,Everton de Vina,Union Espanola,Team Total Goals,Over 0.5,1.42,,,LOST,
2025-11-02T23:30:00+00:00,Primera Division,River Plate,Gimnasia L.P.,Over/Under Goals,Under 3.5,1.33,,,WON,
2025-11-02T23:30:00+00:00,Serie A,Vasco DA Gama,Sao Paulo,Asian Handicap,Home +0,1.57,,,LOST,
2025-11-02T23:30:00+00:00,Serie B,Operario-PR,Vila Nova,Over/Under Goals,Under 3.5,1.15,,,LOST,
2025-11-03T01:00:00+00:00,Liga MX,Pachuca,Guadalajara Chivas,Over/Under Goals,Over 1.5,1.25,,,LOST,
2025-11-03T01:00:00+00:00,Primera División,Municipal Liberia,LD Alajuelense,Over/Under Goals,Under 3.5,1.2,,,LOST,
2025-11-03T01:45:00+00:00,Major League Soccer,Austin,Los Angeles FC,Over/Under Goals,Over 1.5,1.22,,,WON,
2025-11-03T02:00:00+00:00,Liga Nacional,Xelajú,Municipal,Over/Under Goals,Under 3.5,1.18,,,WON,
2025-11-03T07:00:00+00:00,J3 League,FC Ryukyu,Tochigi City,Double Chance,Draw/Away,1.15,,,WON,
2025-11-03T08:30:00+00:00,Liga 1,Persijap,Malut United,Over/Under Goals,Under 3.5,1.27,,,WON,
2025-11-03T09:00:00+00:00,National League,Ayeyawady United,Sagaing United,Double Chance,Home/Draw,1.4,,,LOST,
2025-11-03T09:30:00+00:00,National League,I.S.P.E,Rakhine United,Over/Under Goals,Under 3.5,1.92,,,LOST,
2025-11-03T10:00:00+00:00,Premier League,Hadiya Hosaena,Ethiopian Medhin,Double Chance,Draw/Away,1.17,,,WON,
2025-11-03T11:00:00+00:00,First League,FC UFA,Enisey,Over/Under Goals,Under 3.5,1.17,,,WON,
2025-11-03T11:00:00+00:00,Super League,Nairobi City Stars,Talanta,Double Chance,Draw/Away,1.44,,,WON,
2025-11-03T12:00:00+00:00,Liga 1,Semen Padang,Arema FC,Over/Under Goals,Under 2.5,1.9,,,LOST,
2025-11-03T12:00:00+00:00,Persha Liga,Ahrobiznes Volochysk,Prykarpattia,Over/Under Goals,Under 3.5,1.21,,,LOST,
2025-11-03T12:00:00+00:00,Prva Liga,Dubočica,Borac Cacak,Over/Under Goals,Under 2.5,1.6,,,LOST,
2025-11-03T12:00:00+00:00,Prva Liga,FAP,FK Vozdovac,Double Chance,Home/Draw,1.44,,,LOST,
2025-11-03T12:00:00+00:00,Prva Liga,OFK Vršac,Tekstilac Odžaci,Over/Under Goals,Under 3.5,1.15,,,WON,
2025-11-03T12:00:00+00:00,Super League,Kisumu All Stars,Darajani Gogo,Over/Under Goals,Under 2.5,1.4,,,WON,
2025-11-03T12:00:00+00:00,Super League,MOFA,Soy United,Double Chance,Draw/Away,1.5,,,WON,
2025-11-03T12:30:00+00:00,First League,Aresimi,Bashkimi Kumanovo,Over/Under Goals,Over 1.5,1.29,,,WON,
2025-11-03T13:00:00+00:00,1st Division,FK Kukesi,Kastrioti Krujë,Double Chance,Draw/Away,1.55,,,WON,
2025-11-03T13:00:00+00:00,1st Division,Iliria Fushë-Krujë,Burreli,Double Chance,Home/Draw,1.18,,,WON,
2025-11-03T13:00:00+00:00,1st Division,Laci,Lushnja,1X2 / Match Winner,Home,1.57,,,WON,
2025-11-03T13:00:00+00:00,1st Division,Luftëtari,Besa Kavajë,Double Chance,Home/Draw,1.53,,,LOST,
2025-11-03T13:00:00+00:00,1st Division,Pogradeci,Apolonia Fier,Over/Under Goals,Under 2.5,1.57,,,WON,
2025-11-03T13:00:00+00:00,First League,Rotor Volgograd,Arsenal Tula,Double Chance,Draw/Away,1.57,,,WON,
2025-11-03T13:00:00+00:00,Premier League,Gandzasar,Alashkert,Over/Under Goals,Under 3.5,1.3,,,WON,
2025-11-03T13:00:00+00:00,Superliga,Tirana,Bylis,Over/Under Goals,Under 3.5,1.23,,,WON,
2025-11-03T13:30:00+00:00,Campionato Primavera - 1,Monza U20,Genoa U20,Over/Under Goals,Under 3.5,1.33,,,WON,
2025-11-03T13:30:00+00:00,Ligue 1,Paradou AC,Khenchela,Over/Under Goals,Under 3.5,1.16,,,WON,
2025-11-03T13:30:00+00:00,Ligue 2,Sfax Railways,EM Mahdia,Double Chance,Draw/Away,1.67,,,WON,
2025-11-03T13:30:00+00:00,Premier League,LNZ Cherkasy,Karpaty,Over/Under Goals,Under 2.5,1.57,,,WON,
2025-11-03T13:30:00+00:00,Super League,Pakhtakor,Bunyodkor,Over/Under Goals,Under 3.5,1.47,,,LOST,
2025-11-03T13:45:00+00:00,AFC Champions League,Nasaf,Al Wahda FC,Over/Under Goals,Over 1.5,1.16,,,WON,
2025-11-03T14:00:00+00:00,Erovnuli Liga 2,Lokomotivi Tbilisi,Samtredia,Double Chance,Draw/Away,1.5,,,LOST,
2025-11-03T14:00:00+00:00,First League,Beroe,Lokomotiv Sofia,Team Total Goals,Over 0.5,1.28,,,WON,
2025-11-03T14:00:00+00:00,First League,Chayka,KAMAZ,Double Chance,Draw/Away,1.17,,,WON,
2025-11-03T14:00:00+00:00,Premier League,Ethiopia Nigd Bank,Dire Dawa Kenema,Over/Under Goals,Under 2.5,1.44,,,WON,
2025-11-03T14:00:00+00:00,TFF 1. Lig,76 Iğdır Belediyespor,Bandırmaspor,Over/Under Goals,Under 3.5,1.33,,,WON,
2025-11-03T14:30:00+00:00,Division 1,Shamiya,Khaitan,Double Chance,Draw/Away,1.15,,,WON,
2025-11-03T14:30:00+00:00,Division 1,Sporty,Burgan,Over/Under Goals,Under 3.5,1.2,,,WON,
2025-11-03T15:00:00+00:00,Campionato Primavera - 2,Pescara U19,Perugia U19,Team Total Goals,Under 2.5,1.22,,,LOST,
2025-11-03T15:00:00+00:00,Erovnuli Liga,Dila,Torpedo Kutaisi,Team Total Goals,Over 0.5,1.64,,,LOST,
2025-11-03T15:00:00+00:00,Premier League,Ararat,FC Urartu,Over/Under Goals,Under 3.5,1.71,,,WON,
2025-11-03T15:00:00+00:00,Prva Liga,FK Trayal,Jedinstvo Ub,Over/Under Goals,Under 3.5,1.18,,,LOST,
2025-11-03T15:00:00+00:00,Second League,Yantra 2019,CSKA Sofia II,Over/Under Goals,Under 3.5,1.28,,,WON,
2025-11-03T15:00:00+00:00,Super League 1,Asteras Tripolis,OFI,Over/Under Goals,Over 1.5,1.33,,,WON,
2025-11-03T15:30:00+00:00,Campionato Primavera - 1,Torino U20,Hellas Verona U20,Double Chance,Home/Draw,1.57,,,LOST,
2025-11-03T15:30:00+00:00,First League,FK Neftekhimik,Ska-khabarovsk,1X2 / Match Winner,Draw,3.08,,,WON,
2025-11-03T15:30:00+00:00,First League,Fakel,Torpedo Moskva,Over/Under Goals,Under 3.5,1.15,,,WON,
2025-11-03T15:30:00+00:00,Liga I,Farul Constanta,Csikszereda,Over/Under Goals,Under 3.5,1.5,,,WON,
2025-11-03T16:00:00+00:00,1st Division,Skenderbeu Korce,Korabi Peshkopi,Team Total Goals,Under 2.5,1.57,,,LOST,
2025-11-03T16:00:00+00:00,AFC Champions League,Al-Duhail SC,Shabab Al Ahli Dubai,Double Chance,Draw/Away,1.7,,,LOST,
2025-11-03T16:00:00+00:00,AFC Champions League,Tractor Sazi,Al Shorta,1X2 / Match Winner,Home,1.54,,,WON,
2025-11-03T16:00:00+00:00,Premier League,Polessya,Metalist 1925 Kharkiv,Over/Under Goals,Under 3.5,1.17,,,WON,
2025-11-03T16:00:00+00:00,Super Liga,OFK Beograd,Radnicki NIS,Over/Under Goals,Over 1.5,1.28,,,LOST,
2025-11-03T16:00:00+00:00,Superliga,Dinamo Tirana,Teuta Durrës,Over/Under Goals,Under 2.5,1.67,,,WON,
2025-11-03T16:00:00+00:00,Superliga,Flamurtari,AF Elbasani,Double Chance,Home/Draw,1.4,,,LOST,
2025-11-03T16:00:00+00:00,Veikkausliiga,Ilves,SJK,1X2 / Match Winner,Draw,4.92,,,WON,
2025-11-03T16:15:00+00:00,First League,Botev Vratsa,CSKA 1948,Double Chance,Draw/Away,1.18,,,WON,
2025-11-03T16:15:00+00:00,Premier League,Chemal,Nouadhibou,Over/Under Goals,Under 2.5,1.44,,,LOST,
2025-11-03T16:30:00+00:00,1. SNL,NK Domzale,Mura,Over/Under Goals,Under 3.5,1.38,,,LOST,
2025-11-03T16:45:00+00:00,Division 1,Al Sahel,Yarmouk,Over/Under Goals,Under 3.5,1.21,,,WON,
2025-11-03T16:45:00+00:00,Ligue 1,JS Kabylie,El Bayadh,Over/Under Goals,Over 1.5,1.36,,,WON,
2025-11-03T17:00:00+00:00,Ekstraklasa,Lechia Gdansk,Radomiak Radom,Over/Under Goals,Over 1.5,1.25,,,WON,
2025-11-03T17:00:00+00:00,Ekstraklasa,Wisla Plock,Pogon Szczecin,Over/Under Goals,Over 2.5,1.7,,,LOST,
2025-11-03T17:00:00+00:00,Esiliiga A,Luunja,Tartu Welco,1X2 / Match Winner,Away,1.17,,,LOST,
2025-11-03T17:00:00+00:00,FNL,Chrudim,České Budějovice,Double Chance,Draw/Away,1.62,,,WON,
2025-11-03T17:00:00+00:00,Frauen Bundesliga,SC Freiburg W,RB Leipzig W,Over/Under Goals,Over 1.5,1.17,,,WON,
2025-11-03T17:00:00+00:00,Premier League,Naxxar Lions,Gzira United,Over/Under Goals,Under 3.5,1.23,,,WON,
2025-11-03T17:00:00+00:00,Prva HNL,HNK Gorica,NK Lokomotiva Zagreb,Over/Under Goals,Over 1.5,1.33,,,WON,
2025-11-03T17:00:00+00:00,Super Lig,Alanyaspor,Gazişehir Gaziantep,Asian Handicap,Home +0.25,1.42,,,WON,
2025-11-03T17:00:00+00:00,Super Lig,Eyüpspor,Antalyaspor,Over/Under Goals,Under 3.5,1.3,,,WON,
2025-11-03T17:00:00+00:00,Super Lig,Rizespor,Fatih Karagümrük,Team Total Goals,Over 0.5,1.15,,,WON,
2025-11-03T17:00:00+00:00,TFF 1. Lig,Erokspor,Yeni Çorumspor,Double Chance,Draw/Away,1.44,,,LOST,
2025-11-03T17:00:00+00:00,Veikkausliiga,Gnistan,HJK helsinki,Over/Under Goals,Over 2.5,1.38,,,WON,
2025-11-03T17:30:00+00:00,Serie A,Sassuolo,Genoa,Over/Under Goals,Under 3.5,1.18,,,WON,
2025-11-03T17:45:00+00:00,I Liga,Pogoń Grod. Mazowiecki,Odra Opole,Over/Under Goals,Under 3.5,1.42,,,WON,
2025-11-03T17:45:00+00:00,I Liga,ŁKS Łódź,Slask Wroclaw,Over/Under Goals,Over 1.5,1.2,,,WON,
2025-11-03T18:00:00+00:00,Allsvenskan,Degerfors IF,Hammarby FF,Over/Under Goals,Over 1.5,1.25,,,WON,
2025-11-03T18:00:00+00:00,Allsvenskan,IFK Varnamo,Mjallby AIF,Over/Under Goals,Over 1.5,1.2,,,WON,
2025-11-03T18:00:00+00:00,Ettan - Norra,Hammarby Talang,Stocksund,Over/Under Goals,Over 2.5,1.25,,,WON,
2025-11-03T18:00:00+00:00,Segunda Liga,Oliveirense,Maritimo,Over/Under Goals,Under 3.5,1.36,,,WON,
2025-11-03T18:00:00+00:00,Segunda Liga,Pacos Ferreira,Leixoes,Double Chance,Home/Draw,1.57,,,WON,
2025-11-03T18:00:00+00:00,Superettan,Landskrona BoIS,Oddevold,Over/Under Goals,Under 3.5,1.35,,,LOST,
2025-11-03T18:00:00+00:00,Superligaen,FC Midtjylland,Aarhus,Over/Under Goals,Over 1.5,1.18,,,WON,
2025-11-03T18:30:00+00:00,Liga I,Petrolul Ploiesti,FC Botosani,Team Total Goals,Over 0.5,1.35,,,LOST,
2025-11-03T18:30:00+00:00,Ligat Ha'al,Beitar Jerusalem,Hapoel Beer Sheva,Over/Under Goals,Under 3.5,1.55,,,WON,
2025-11-03T18:30:00+00:00,Primera B Metropolitana,Sacachispas,Dock Sud,Over/Under Goals,Under 3.5,1.17,,,WON,
2025-11-03T19:00:00+00:00,Eerste Divisie,Dordrecht,Almere City FC,BTTS,Yes,1.45,,,LOST,
2025-11-03T19:00:00+00:00,Eerste Divisie,Jong AZ,FC Eindhoven,Over/Under Goals,Over 1.5,1.18,,,WON,
2025-11-03T19:00:00+00:00,Eerste Divisie,Jong PSV U21,Willem II,Team Total Goals,Over 0.5,1.17,,,WON,
2025-11-03T19:00:00+00:00,Ligue 1,MC Alger,JS Saoura,Asian Handicap,Away -1.25,1.42,,,WON,
2025-11-03T19:00:00+00:00,Primera División,Oriente Petrolero,Guabirá,Asian Handicap,Away -1.25,1.45,,,LOST,
2025-11-03T19:30:00+00:00,Ekstraklasa,Cracovia Krakow,Zaglebie Lubin,Over/Under Goals,Over 1.5,1.33,,,LOST,
2025-11-03T19:30:00+00:00,FA Cup,Tamworth,Leyton Orient,Over/Under Goals,Under 3.5,1.48,,,WON,
2025-11-03T19:30:00+00:00,Segunda Division,Valladolid,Granada CF,Over/Under Goals,Under 3.5,1.22,,,WON,
2025-11-03T19:30:00+00:00,Serie C - Girone A,Albinoleffe,Inter U23,Asian Handicap,Home +0.25,1.55,,,LOST,
2025-11-03T19:30:00+00:00,Serie C - Girone A,Alcione,Pro Patria,Over/Under Goals,Under 3.5,1.19,,,WON,
2025-11-03T19:30:00+00:00,Serie C - Girone A,Ospitaletto,Dolomiti Bellunesi,Over/Under Goals,Under 3.5,1.19,,,LOST,
2025-11-03T19:30:00+00:00,Serie C - Girone B,Vis Pesaro,Juventus U23,Over/Under Goals,Under 2.5,1.57,,,WON,
2025-11-03T19:45:00+00:00,Ligue 2,PAU,Estac Troyes,Team Total Goals,Over 0.5,1.25,,,WON,
2025-11-03T19:45:00+00:00,Primera Division,Defensa Y Justicia,Huracan,Over/Under Goals,Under 2.5,1.4,,,LOST,
2025-11-03T19:45:00+00:00,Primera Division,Platense,Sarmiento Junin,Over/Under Goals,Under 3.5,1.15,,,WON,
2025-11-03T19:45:00+00:00,Serie A,Lazio,Cagliari,Over/Under Goals,Under 3.5,1.33,,,WON,
2025-11-03T20:00:00+00:00,La Liga,Oviedo,Osasuna,1X2 / Match Winner,Draw,3.15,,,WON,
2025-11-03T20:00:00+00:00,Premier League,Sunderland,Everton,Asian Handicap,Home +0.5,1.55,,,WON,
2025-11-03T20:00:00+00:00,Segunda Liga,União de Leiria,Chaves,Over/Under Goals,Under 3.5,1.28,,,WON,
2025-11-03T20:45:00+00:00,Primeira Liga,GIL Vicente,Santa Clara,Asian Handicap,Away -0.5,1.6,,,LOST,
2025-11-03T21:00:00+00:00,Copa Colombia,Envigado,Independiente Medellin,Double Chance,Draw/Away,1.17,,,WON,
2025-11-03T21:15:00+00:00,Primera División,Bolívar,Universitario de Vinto,1X2 / Match Winner,Home,1.19,,,WON,
2025-11-03T22:00:00+00:00,Primera Division,Central Cordoba de Santiago,Racing Club,Over/Under Goals,Under 3.5,1.2,,,WON,
2025-11-03T22:00:00+00:00,Primera Division,Palestino,Deportes Limache,Over/Under Goals,Under 3.5,1.36,,,WON,
2025-11-03T22:00:00+00:00,Primera División - Clausura,Plaza Colonia,Cerro Largo,Over/Under Goals,Under 3.5,1.15,,,WON,
2025-11-03T22:00:00+00:00,Serie B,America Mineiro,Novorizontino,Double Chance,Draw/Away,1.55,,,WON,
2025-11-03T22:00:00+00:00,Serie B,Volta Redonda,Botafogo SP,Over/Under Goals,Under 3.5,1.22,,,WON,
2025-11-03T23:30:00+00:00,Primera División,Aurora,Independiente Petrolero,1X2 / Match Winner,Home,1.6,,,LOST,
2025-11-04T00:00:00+00:00,Liga Pro,Libertad,Independiente del Valle,Over/Under Goals,Under 3.5,1.33,,,LOST,
2025-11-04T00:10:00+00:00,Primera B Metropolitana,Comunicaciones,UAI Urquiza,Over/Under Goals,Under 3.5,1.17,,,WON,
2025-11-04T00:15:00+00:00,Primera Division,Banfield,Lanus,Double Chance,Draw/Away,1.55,,,LOST,
2025-11-04T00:15:00+00:00,Primera Division,Belgrano Cordoba,Tigre,1X2 / Match Winner,Draw,3.15,,,WON,
2025-11-04T03:45:00+00:00,Major League Soccer,Seattle Sounders,Minnesota United FC,Over/Under Goals,Under 3.5,1.5,,,LOST,
2025-11-04T10:00:00+00:00,AFC Champions League,FC Seoul,Chengdu Better City,Over/Under Goals,Over 1.5,1.18,,,LOST,
2025-11-04T10:00:00+00:00,AFC Champions League,Machida Zelvia,Melbourne City,Over/Under Goals,Under 3.5,1.33,,,WON,
2025-11-04T10:00:00+00:00,AFC Champions League,Sanfrecce Hiroshima,Gangwon FC,Over/Under Goals,Under 3.5,1.31,,,WON,
2025-11-04T10:30:00+00:00,UEFA Youth League,Napoli U19,Eintracht Frankf U19,Over/Under Goals,Under 3.5,1.75,,,WON,
2025-11-04T12:00:00+00:00,Premier League,Arba Minch Kenema,Adama Kenema,BTTS,No,1.6,,,WON,
2025-11-04T12:00:00+00:00,UEFA Youth League,Slavia Praha U19,Arsenal U19,Asian Handicap,Home +0,1.62,,,WON,
2025-11-04T12:15:00+00:00,AFC Champions League,Buriram United,SHANGHAI SIPG,Over/Under Goals,Over 1.5,1.16,,,WON,
2025-11-04T12:30:00+00:00,Division 1,Al Jandal,Al Bukayriyah,Double Chance,Home/Draw,1.45,,,LOST,
2025-11-04T12:30:00+00:00,First League,FK Rabotnicki,Tikveš,Over/Under Goals,Under 2.5,1.7,,,WON,
2025-11-04T12:30:00+00:00,First League,Makedonija GjP,Struga,Double Chance,Draw/Away,1.17,,,WON,
2025-11-04T13:00:00+00:00,2. SNL,Krško,Rudar,Over/Under Goals,Under 3.5,1.42,,,WON,
2025-11-04T13:00:00+00:00,Professional Development League,Bristol City U21,Millwall U21,Double Chance,Home/Draw,1.44,,,LOST,
2025-11-04T13:00:00+00:00,Professional Development League,Charlton Athletic U21,Brentford U21,Double Chance,Draw/Away,1.5,,,WON,
2025-11-04T13:00:00+00:00,Professional Development League,Watford U21,Colchester United U21,Over/Under Goals,Over 2.5,1.36,,,WON,
2025-11-04T13:00:00+00:00,Professional Development League,Wigan Athletic U21,Sheffield United U21,Double Chance,Draw/Away,1.2,,,LOST,
2025-11-04T13:00:00+00:00,UEFA Youth League,PSG U19,Bayern München U19,Over/Under Goals,Over 2.5,1.36,,,WON,
2025-11-04T13:30:00+00:00,Ligue 1,AS Soliman,US Ben Guerdane,BTTS,No,1.45,,,WON,
2025-11-04T13:30:00+00:00,Ligue 1,JS Kairouanaise,AS Gabes,Over/Under Goals,Under 3.5,1.17,,,WON,
2025-11-04T14:00:00+00:00,UEFA Youth League,Juventus U19,Sporting CP U19,Over/Under Goals,Under 3.5,1.55,,,LOST,
2025-11-04T14:25:00+00:00,Premier League,Al Kuwait,Al Nasar,Over/Under Goals,Under 3.5,1.9,,,WON,
2025-11-04T14:35:00+00:00,Division 1,Al Jubail,Al-Raed,Asian Handicap,Home +1.25,1.44,,,LOST,
2025-11-04T15:00:00+00:00,Liga II,FC Voluntari,Sepsi OSK Sfantu Gheorghe,Double Chance,Draw/Away,1.44,,,WON,
2025-11-04T15:00:00+00:00,Liga Revelação U23,Academico Viseu U23,Gil Vicente U23,Over/Under Goals,Under 3.5,1.5,,,LOST,
2025-11-04T15:00:00+00:00,Liga Revelação U23,Famalicão U23,Leixões U23,Over/Under Goals,Over 1.5,1.28,,,WON,
2025-11-04T15:00:00+00:00,Premier League,Wadi Degla,Haras El Hodood,Double Chance,Home/Draw,1.15,,,WON,
2025-11-04T15:00:00+00:00,Premier League,Welwalo Adigrat Uni,Mekelakeya,1X2 / Match Winner,Away,1.59,,,WON,
2025-11-04T15:00:00+00:00,Second Division,Al Mesaimeer,Lusail City,BTTS,Yes,1.72,,,WON,
2025-11-04T15:00:00+00:00,Second Division,Al-Khor,Al Kharaitiyat,Double Chance,Draw/Away,1.53,,,WON,
2025-11-04T15:00:00+00:00,Second Division,Al-Markhiya,Al Waab,Over/Under Goals,Under 3.5,1.49,,,LOST,
2025-11-04T15:00:00+00:00,Second Division,Muaither SC,Al Bidda SC,Double Chance,Draw/Away,1.53,,,LOST,
2025-11-04T15:00:00+00:00,Superliga,Egnatia Rrogozhinë,Vllaznia Shkodër,Over/Under Goals,Under 2.5,1.44,,,LOST,
2025-11-04T15:00:00+00:00,Superliga,Vora,Partizani,Asian Handicap,Home +0.25,1.5,,,WON,
2025-11-04T15:00:00+00:00,UEFA Youth League,Atlético Madrid U19,R. Union SG U19,1X2 / Match Winner,Home,1.22,,,WON,
2025-11-04T15:00:00+00:00,UEFA Youth League,Liverpool U19,Real Madrid U19,Over/Under Goals,Under 3.5,1.62,,,LOST,
2025-11-04T15:00:00+00:00,UEFA Youth League,Olympiakos Piraeus U19,PSV U19,Over/Under Goals,Under 3.5,1.6,,,LOST,
2025-11-04T16:00:00+00:00,AFC Champions League,Al Sadd,Al-Ahli Jeddah,Over/Under Goals,Under 3.5,1.48,,,WON,
2025-11-04T16:00:00+00:00,Erovnuli Liga,Dinamo Batumi,Saburtalo,1X2 / Match Winner,Away,1.63,,,WON,
2025-11-04T16:00:00+00:00,Segunda Liga,Torreense,Felgueiras 1932,Over/Under Goals,Under 3.5,1.28,,,WON,
2025-11-04T16:40:00+00:00,Premier League,Al Arabi,Al Jahra,Over/Under Goals,Under 3.5,1.8,,,LOST,
2025-11-04T17:00:00+00:00,AGCFF Gulf Champions League,Zakho,Al Ain,Over/Under Goals,Under 2.5,1.95,,,WON,
2025-11-04T17:30:00+00:00,Premier Soccer League,Amazulu,Polokwane City,Double Chance,Draw/Away,1.52,,,WON,
2025-11-04T17:30:00+00:00,Premier Soccer League,Chippa United,Magesi,Team Total Goals,Over 0.5,1.51,,,LOST,
2025-11-04T17:30:00+00:00,Premier Soccer League,Kaizer Chiefs,Orbit College,Asian Handicap,Away -1.25,1.59,,,LOST,
2025-11-04T17:30:00+00:00,Premier Soccer League,Sekhukhune United,Richards Bay,Double Chance,Draw/Away,1.66,,,WON,
2025-11-04T17:45:00+00:00,UEFA Champions League,Napoli,Eintracht Frankfurt,Over/Under Goals,Over 2.5,1.57,,,LOST,
2025-11-04T17:45:00+00:00,UEFA Champions League,Slavia Praha,Arsenal,Over/Under Goals,Under 3.5,1.48,,,WON,
2025-11-04T18:00:00+00:00,Pernambucano - U20,America PE U20,Atletico PE U20,1X2 / Match Winner,Home,1.55,,,WON,
2025-11-04T18:00:00+00:00,Premier League,El Mokawloon,Smouha SC,Over/Under Goals,Under 2.5,1.33,,,WON,
2025-11-04T18:00:00+00:00,Premier League,Masr,National Bank of Egypt,1X2 / Match Winner,Draw,3.0,,,WON,
2025-11-04T18:00:00+00:00,Segunda Liga,Academico Viseu,Lusitânia Lourosa,Over/Under Goals,Under 3.5,1.18,,,LOST,
2025-11-04T18:00:00+00:00,UEFA Youth League,Lincoln Red Imps U19,AZ U19,1X2 / Match Winner,Away,1.18,,,WON,
2025-11-04T18:15:00+00:00,AFC Champions League,Al-Ittihad FC,Sharjah FC,Over/Under Goals,Under 3.5,1.53,,,WON,
2025-11-04T18:30:00+00:00,Primera B Metropolitana,Argentino Quilmes,Argentino de Merlo,Over/Under Goals,Under 3.5,1.3,,,WON,
2025-11-04T19:00:00+00:00,EFL Trophy,Notts County,Manchester United U21,1X2 / Match Winner,Home,1.49,,,LOST,
2025-11-04T19:00:00+00:00,Primera División,San Antonio Bulo Bulo,Always Ready,Over/Under Goals,Over 2.5,1.53,,,LOST,
2025-11-04T19:30:00+00:00,EFL Trophy,Grimsby,Everton U21,1X2 / Match Winner,Home,1.39,,,WON,
2025-11-04T19:45:00+00:00,Championship,Birmingham,Millwall,Team Total Goals,Over 0.5,1.57,,,LOST,
2025-11-04T19:45:00+00:00,Championship,Bristol City,Blackburn,Team Total Goals,Over 0.5,1.18,,,LOST,
2025-11-04T19:45:00+00:00,Championship,Charlton,West Brom,Double Chance,Home/Draw,1.42,,,WON,
2025-11-04T19:45:00+00:00,Championship,Derby,Hull City,Over/Under Goals,Under 3.5,1.28,,,WON,
2025-11-04T19:45:00+00:00,Championship,Ipswich,Watford,Team Total Goals,Over 0.5,1.67,,,WON,
2025-11-04T19:45:00+00:00,Championship,Leicester,Middlesbrough,Double Chance,Draw/Away,1.7,,,WON,
2025-11-04T19:45:00+00:00,Championship,Oxford United,Stoke City,Over/Under Goals,Under 3.5,1.28,,,WON,
2025-11-04T19:45:00+00:00,EFL Trophy,Huddersfield,Mansfield Town,Over/Under Goals,Under 3.5,1.57,,,LOST,
2025-11-04T19:45:00+00:00,Football League - Lowland League,Cumbernauld Colts,East Stirlingshire,Over/Under Goals,Over 2.5,1.4,,,WON,
2025-11-04T19:45:00+00:00,League Cup,Ballymena United,Newington Youth,Team Total Goals,Over 0.5,1.65,,,LOST,
2025-11-04T19:45:00+00:00,League Cup,Cambrian & Clydach,Briton Ferry,Double Chance,Home/Draw,1.44,,,WON,
2025-11-04T19:45:00+00:00,League Cup,Glentoran,Crusaders FC,Over/Under Goals,Over 1.5,1.3,,,WON,
2025-11-04T19:45:00+00:00,League Cup,Haverfordwest County AFC,Barry Town,Over/Under Goals,Under 3.5,1.4,,,WON,
2025-11-04T19:45:00+00:00,League Cup,Newtown AFC,Llandudno,Team Total Goals,Under 2.5,1.15,,,LOST,
2025-11-04T19:45:00+00:00,League Cup,The New Saints,Caernarfon Town,Result + Total Goals,Home/Over 1.5,1.46,,,WON,
2025-11-04T19:45:00+00:00,League One,Rotherham,Burton Albion,Double Chance,Draw/Away,1.65,,,WON,
2025-11-04T19:45:00+00:00,National League - North,AFC Telford United,Merthyr Town,Over/Under Goals,Over 1.5,1.17,,,WON,
2025-11-04T19:45:00+00:00,National League - North,Buxton,Southport,Over/Under Goals,Over 1.5,1.25,,,WON,
2025-11-04T19:45:00+00:00,National League - North,Chester,Marine,Over/Under Goals,Under 3.5,1.33,,,WON,
2025-11-04T19:45:00+00:00,National League - North,Chorley,Alfreton Town,Over/Under Goals,Under 3.5,1.44,,,WON,
2025-11-04T19:45:00+00:00,National League - North,Curzon Ashton,Spennymoor Town,Over/Under Goals,Over 1.5,1.2,,,WON,
2025-11-04T19:45:00+00:00,National League - North,Darlington 1883,Worksop Town,Double Chance,Home/Draw,1.4,,,WON,
2025-11-04T19:45:00+00:00,National League - North,Kidderminster Harriers,Bedford Town,Over/Under Goals,Under 3.5,1.4,,,WON,
2025-11-04T19:45:00+00:00,National League - North,King's Lynn Town,Leamington,Asian Handicap,Away -1.25,1.68,,,LOST,
2025-11-04T19:45:00+00:00,National League - North,Macclesfield,Peterborough Sports,Asian Handicap,Away -1.25,1.68,,,LOST,
2025-11-04T19:45:00+00:00,National League - South,AFC Hornchurch,Chesham United,Over/Under Goals,Under 3.5,1.28,,,WON,
2025-11-04T19:45:00+00:00,National League - South,AFC Totton,Maidenhead,Over/Under Goals,Under 3.5,1.3,,,WON,
2025-11-04T19:45:00+00:00,National League - South,Chippenham Town,Salisbury,Over/Under Goals,Under 3.5,1.3,,,LOST,
2025-11-04T19:45:00+00:00,National League - South,Dorking Wanderers,Enfield Town,1X2 / Match Winner,Home,1.41,,,WON,
2025-11-04T19:45:00+00:00,National League - South,Eastbourne Borough,Dagenham & Redbridge,Over/Under Goals,Under 3.5,1.3,,,WON,
2025-11-04T19:45:00+00:00,National League - South,Ebbsfleet United,Maidstone Utd,Double Chance,Home/Draw,1.4,,,WON,
2025-11-04T19:45:00+00:00,National League - South,Hemel Hempstead Town,Weston-super-Mare,Double Chance,Draw/Away,1.5,,,LOST,
2025-11-04T19:45:00+00:00,National League - South,Horsham,Dover,Over/Under Goals,Under 3.5,1.44,,,WON,
2025-11-04T19:45:00+00:00,National League - South,Slough Town,Bath City,Double Chance,Draw/Away,1.53,,,WON,
2025-11-04T19:45:00+00:00,National League - South,Tonbridge Angels,Chelmsford City,Over/Under Goals,Under 3.5,1.33,,,LOST,
2025-11-04T19:45:00+00:00,National League,Boreham Wood,Aldershot Town,1X2 / Match Winner,Home,1.5,,,WON,
2025-11-04T19:45:00+00:00,National League,Carlisle,FC Halifax Town,Team Total Goals,Over 0.5,1.53,,,LOST,
2025-11-04T19:45:00+00:00,National League,Hartlepool,Morecambe,Over/Under Goals,Under 3.5,1.62,,,WON,
2025-11-04T19:45:00+00:00,National League,Yeovil Town,Wealdstone,Over/Under Goals,Under 3.5,1.4,,,WON,
2025-11-04T19:45:00+00:00,Non League Premier - Isthmian,Billericay Town,Chatham Town,Over/Under Goals,Under 3.5,1.65,,,WON,
2025-11-04T19:45:00+00:00,Non League Premier - Isthmian,Canvey Island,Wingate & Finchley,1X2 / Match Winner,Draw,3.4,,,WON,
2025-11-04T19:45:00+00:00,Non League Premier - Isthmian,Cray Valley PM,Aveley,Double Chance,Draw/Away,1.55,,,WON,
2025-11-04T19:45:00+00:00,Non League Premier - Isthmian,Welling United,Folkestone Invicta,Over/Under Goals,Over 1.5,1.16,,,WON,
2025-11-04T19:45:00+00:00,Non League Premier - Isthmian,Whitehawk,Brentwood Town,Over/Under Goals,Under 3.5,1.39,,,WON,
2025-11-04T19:45:00+00:00,Non League Premier - Southern Central,AFC Sudbury,Royston Town,Double Chance,Home/Draw,1.57,,,WON,
2025-11-04T19:45:00+00:00,Non League Premier - Southern Central,Spalding United,Quorn,Over/Under Goals,Under 3.5,1.61,,,WON,
2025-11-04T19:45:00+00:00,Non League Premier - Southern Central,Stratford Town,Needham Market,Over/Under Goals,Over 1.5,1.19,,,WON,
2025-11-04T20:00:00+00:00,Championship,Coventry,Sheffield Utd,Over/Under Goals,Over 1.5,1.17,,,WON,
2025-11-04T20:00:00+00:00,UEFA Champions League,Atletico Madrid,Union St. Gilloise,Over/Under Goals,Under 3.5,1.65,,,LOST,
2025-11-04T20:00:00+00:00,UEFA Champions League,Bodo/Glimt,Monaco,Over/Under Goals,Over 2.5,1.5,,,LOST,
2025-11-04T20:00:00+00:00,UEFA Champions League,Juventus,Sporting CP,Over/Under Goals,Over 1.5,1.25,,,WON,
2025-11-04T20:00:00+00:00,UEFA Champions League,Liverpool,Real Madrid,Double Chance,Draw/Away,1.5,,,LOST,
2025-11-04T20:00:00+00:00,UEFA Champions League,Olympiakos Piraeus,PSV Eindhoven,Over/Under Goals,Over 2.5,1.67,,,LOST,
2025-11-04T20:00:00+00:00,UEFA Champions League,Paris Saint Germain,Bayern München,Double Chance,Draw/Away,1.65,,,WON,
2025-11-04T20:00:00+00:00,UEFA Champions League,Tottenham,FC Copenhagen,1X2 / Match Winner,Home,1.43,,,WON,
2025-11-04T23:00:00+00:00,Primera División,Nacional Potosí,Blooming,Asian Handicap,Home +0.5,1.15,,,WON,
2025-11-04T23:30:00+00:00,Primera División,Puerto Cabello,Monagas SC,Over/Under Goals,Under 3.5,1.3,,,LOST,
2025-11-04T23:30:00+00:00,Primera División,Zamora FC,Deportivo La Guaira,Over/Under Goals,Under 3.5,1.18,,,WON,
2025-11-05T00:00:00+00:00,Liga Pro,LDU de Quito,Orense SC,Over/Under Goals,Over 1.5,1.28,,,WON,
2025-11-05T10:00:00+00:00,AFC Champions League,Vissel Kobe,Ulsan Hyundai FC,Over/Under Goals,Under 3.5,1.4,,,WON,
2025-11-05T10:00:00+00:00,Birinci Dasta,Baku Sportinq,Cəbrayıl,Over/Under Goals,Under 3.5,1.28,,,WON,
2025-11-05T10:00:00+00:00,Birinci Dasta,Mingəçevir,Safa Baku,Double Chance,Draw/Away,1.5,,,WON,
2025-11-05T10:30:00+00:00,J3 League,Matsumoto Yamaga,Tegevajaro Miyazaki,Over/Under Goals,Under 3.5,1.18,,,WON,
2025-11-05T11:00:00+00:00,Birinci Dasta,Səbail,MOIK,Over/Under Goals,Under 3.5,1.47,,,WON,
2025-11-05T11:00:00+00:00,UEFA Youth League,Benfica U19,Bayer Leverkusen U19,Asian Handicap,Home +0.5,1.16,,,WON,
2025-11-05T11:30:00+00:00,Liga Revelação U23,Farense U23,Estoril U23,Over/Under Goals,Under 3.5,1.5,,,WON,
2025-11-05T12:00:00+00:00,Liga 1,Pusamania Borneo,Dewa United,Team Total Goals,Over 0.5,1.19,,,WON,
2025-11-05T12:00:00+00:00,UEFA Youth League,2 Korriku U19,Hibernian U19,1X2 / Match Winner,Away,1.25,,,LOST,
2025-11-05T12:00:00+00:00,UEFA Youth League,Pafos U19,Villarreal U19,Over/Under Goals,Under 3.5,1.9,,,WON,
2025-11-05T12:15:00+00:00,AFC Champions League,Johor Darul Takzim FC,Shanghai Shenhua,Over/Under Goals,Over 1.5,1.19,,,WON,
2025-11-05T12:30:00+00:00,Cup,Petržalka,Dunajska Streda,Over/Under Goals,Under 3.5,1.73,,,WON,
2025-11-05T12:30:00+00:00,First League,Akademija Pandev,Sileks,Over/Under Goals,Over 1.5,1.29,,,WON,
2025-11-05T12:30:00+00:00,Super League,Dedza Dynamos,Silver Strikers,Over/Under Goals,Under 2.5,1.53,,,WON,
2025-11-05T13:00:00+00:00,2. SNL,Bilje,Ilirija,1X2 / Match Winner,Draw,3.6,,,WON,
2025-11-05T13:00:00+00:00,Cup,FC Orenburg,FC Krasnodar,1X2 / Match Winner,Away,1.55,,,WON,
2025-11-05T13:00:00+00:00,First NL,Opatija,Bsk Bijelo Brdo,Over/Under Goals,Under 3.5,1.2,,,WON,
2025-11-05T13:00:00+00:00,Professional Development League,Coventry City U21,Peterborough United U21,Over/Under Goals,Over 2.5,1.25,,,WON,
2025-11-05T13:00:00+00:00,Second League A - Fall Season Gold,Dinamo Moskva II,Tekstilshchik,Team Total Goals,Under 2.5,1.68,,,LOST,
2025-11-05T13:00:00+00:00,UEFA Youth League,Sabah U19,Nantes U19,Team Total Goals,Over 2.5,1.17,,,LOST,
2025-11-05T13:30:00+00:00,1a Divisió,UE Santa Coloma,Atlètic Club d'Escaldes,Double Chance,Home/Draw,1.44,,,WON,
2025-11-05T13:30:00+00:00,Ligue 1,AS Marsa,CA Bizertin,Over/Under Goals,Under 2.5,1.4,,,WON,
2025-11-05T13:30:00+00:00,Ligue 1,ES Metlaoui,US Monastirienne,Over/Under Goals,Under 2.5,1.33,,,LOST,
2025-11-05T13:30:00+00:00,Ligue 1,ES Sahel,ES Zarzis,Over/Under Goals,Under 3.5,1.17,,,WON,
2025-11-05T13:30:00+00:00,Ligue 1,Olympique Béja,CS Sfaxien,Over/Under Goals,Under 3.5,1.17,,,WON,
2025-11-05T13:30:00+00:00,UEFA Youth League,Olympique Marseille U19,Atalanta U19,Asian Handicap,Home +0.25,1.45,,,WON,
2025-11-05T14:00:00+00:00,First League,Ural,Chelyabinsk,Over/Under Goals,Under 3.5,1.17,,,WON,
2025-11-05T14:00:00+00:00,UEFA Youth League,Club Brugge U19,Barcelona U19,Team Total Goals,Under 2.5,1.22,,,WON,
2025-11-05T15:00:00+00:00,Botola Pro,Hassania Agadir,Wydad AC,Over/Under Goals,Under 2.5,1.5,,,LOST,
2025-11-05T15:00:00+00:00,UEFA Youth League,Manchester City U19,Borussia Dortmund U19,Over/Under Goals,Under 3.5,1.65,,,WON,
2025-11-05T15:15:00+00:00,Cup,Dinamo Makhachkala,CSKA Moscow,Over/Under Goals,Under 3.5,1.21,,,WON,
2025-11-05T15:30:00+00:00,Ligue 1,AFAD,Stella,Double Chance,Draw/Away,1.44,,,LOST,
2025-11-05T16:00:00+00:00,First League,Pelister,Vardar Skopje,Over/Under Goals,Under 3.5,1.25,,,WON,
2025-11-05T16:00:00+00:00,I Liga,Puszcza Niepołomice,Stal Mielec,Team Total Goals,Over 0.5,1.2,,,WON,
2025-11-05T16:00:00+00:00,Super Liga,Javor,FK Partizan,Over/Under Goals,Under 3.5,1.33,,,LOST,
2025-11-05T16:30:00+00:00,4. liga - Divizie D,Znojmo,Sparta Brno,Over/Under Goals,Under 3.5,1.62,,,LOST,
2025-11-05T17:00:00+00:00,Botola Pro,Olympique Safi,Difaa EL Jadida,Over/Under Goals,Under 2.5,1.44,,,LOST,
2025-11-05T17:00:00+00:00,Botola Pro,Renaissance Berkane,CODM Meknès,1X2 / Match Winner,Home,1.34,,,WON,
2025-11-05T17:30:00+00:00,Cup,Zenit,Dynamo,Over/Under Goals,Over 1.5,1.16,,,WON,
2025-11-05T17:30:00+00:00,Premier Soccer League,Durban City,Marumo Gallants,Asian Handicap,Away -1.25,1.18,,,WON,
2025-11-05T17:30:00+00:00,Premier Soccer League,Golden Arrows,Orlando Pirates,1X2 / Match Winner,Away,1.57,,,WON,
2025-11-05T17:30:00+00:00,Premier Soccer League,Mamelodi Sundowns,TS Galaxy,Over/Under Goals,Over 1.5,1.3,,,LOST,
2025-11-05T17:30:00+00:00,Premier Soccer League,Stellenbosch,Siwelele,Over/Under Goals,Under 3.5,1.16,,,WON,
2025-11-05T17:30:00+00:00,Svenska Cupen - Women,Elfsborg,Växjö,Over/Under Goals,Under 3.5,1.92,,,LOST,
2025-11-05T17:45:00+00:00,UEFA Champions League,Pafos,Villarreal,1X2 / Match Winner,Away,1.55,,,LOST,
2025-11-05T17:45:00+00:00,UEFA Champions League,Qarabag,Chelsea,Team Total Goals,Over 0.5,1.62,,,WON,
2025-11-05T18:00:00+00:00,Carioca - 2,Carapebus,Bonsucesso,Double Chance,Draw/Away,1.27,,,WON,
2025-11-05T18:00:00+00:00,Carioca - 2,Niteroiense,Duque de Caxias,Double Chance,Draw/Away,1.58,,,WON,
2025-11-05T18:00:00+00:00,Carioca - 2,Nova Cidade,Campo Grande,Over/Under Goals,Under 2.5,1.44,,,WON,
2025-11-05T18:00:00+00:00,Carioca - 2,Paduano,Friburguense,Over/Under Goals,Under 2.5,1.44,,,WON,
2025-11-05T18:00:00+00:00,Carioca - 2,Petrópolis,Artsul,Over/Under Goals,Under 2.5,1.5,,,WON,
2025-11-05T18:00:00+00:00,Carioca - 2,Serrano RJ,São Cristóvão RJ,Over/Under Goals,Under 2.5,1.5,,,LOST,
2025-11-05T18:00:00+00:00,Copa do Brasil U20,Operário PR U20,Novorizontino U20,Over/Under Goals,Under 3.5,1.34,,,WON,
2025-11-05T18:00:00+00:00,Frauen Bundesliga,Bayer Leverkusen W,Hamburger SV W,1X2 / Match Winner,Home,1.22,,,WON,
2025-11-05T18:00:00+00:00,Frauen Bundesliga,Eintracht Frankfurt W,FC Koln W,Team Total Goals,Under 2.5,1.83,,,WON,
2025-11-05T18:00:00+00:00,Frauen Bundesliga,SGS Essen W,Werder Bremen W,Double Chance,Draw/Away,1.17,,,WON,
2025-11-05T18:30:00+00:00,Copa do Brasil U20,IAPE U20,Monte Roraima U20,1X2 / Match Winner,Home,1.22,,,LOST,
2025-11-05T19:00:00+00:00,EFL Trophy,Cambridge United,Brighton U21,Over/Under Goals,Under 3.5,2.0,,,WON,
2025-11-05T19:00:00+00:00,Segunda Division,Real Sociedad II,Huesca,Over/Under Goals,Under 3.5,1.15,,,WON,
2025-11-05T19:45:00+00:00,Championship,Preston,Swansea,Asian Handicap,Home +0.25,1.48,,,WON,
2025-11-05T19:45:00+00:00,Championship,QPR,Southampton,Over/Under Goals,Under 3.5,1.33,,,WON,
2025-11-05T19:45:00+00:00,Championship,Sheffield Wednesday,Norwich,1X2 / Match Winner,Draw,3.54,,,WON,
2025-11-05T19:45:00+00:00,League Cup,Cliftonville FC,Strabane Athletic,Over/Under Goals,Under 3.5,1.48,,,LOST,
2025-11-05T19:45:00+00:00,National League - North,AFC Fylde,South Shields,Over/Under Goals,Under 3.5,1.57,,,LOST,
2025-11-05T19:45:00+00:00,National League - South,Farnborough,Torquay,Over/Under Goals,Under 3.5,1.36,,,LOST,
2025-11-05T19:45:00+00:00,National League,Altrincham,Boston United,1X2 / Match Winner,Draw,3.65,,,LOST,
2025-11-05T19:45:00+00:00,National League,Braintree,Brackley Town,Over/Under Goals,Under 3.5,1.25,,,WON,
2025-11-05T19:45:00+00:00,National League,Solihull Moors,Truro City,Over/Under Goals,Under 3.5,1.4,,,LOST,
2025-11-05T19:45:00+00:00,National League,Sutton Utd,Eastleigh,Over/Under Goals,Over 1.5,1.25,,,WON,
2025-11-05T19:45:00+00:00,National League,Woking,Southend,Over/Under Goals,Under 3.5,1.33,,,WON,
2025-11-05T19:45:00+00:00,National League,York,Gateshead,Over/Under Goals,Under 3.5,1.91,,,LOST,
2025-11-05T20:00:00+00:00,Championship,Portsmouth,Wrexham,1X2 / Match Winner,Draw,3.3,,,WON,
2025-11-05T20:00:00+00:00,Liga Nacional,Achuapa,Malacateco,Over/Under Goals,Under 3.5,1.23,,,WON,
2025-11-05T20:00:00+00:00,UEFA Champions League,Ajax,Galatasaray,Over/Under Goals,Over 1.5,1.15,,,WON,
2025-11-05T20:00:00+00:00,UEFA Champions League,Benfica,Bayer Leverkusen,Over/Under Goals,Under 3.5,1.45,,,WON,
2025-11-05T20:00:00+00:00,UEFA Champions League,Club Brugge KV,Barcelona,BTTS,Yes,1.4,,,WON,
2025-11-05T20:00:00+00:00,UEFA Champions League,Inter,Kairat Almaty,Over/Under Goals,Under 3.5,2.45,,,WON,
2025-11-05T20:00:00+00:00,UEFA Champions League,Manchester City,Borussia Dortmund,Over/Under Goals,Under 3.5,1.75,,,LOST,
2025-11-05T20:00:00+00:00,UEFA Champions League,Marseille,Atalanta,Over/Under Goals,Under 3.5,1.5,,,WON,
2025-11-05T20:00:00+00:00,UEFA Champions League,Newcastle,Athletic Club,1X2 / Match Winner,Home,1.59,,,WON,
2025-11-05T20:15:00+00:00,Primera Division,Cultural Santa Rosa,Alianza Lima,Over/Under Goals,Under 3.5,1.26,,,WON,
2025-11-05T20:30:00+00:00,Copa Paraguay,General Caballero,Nacional Asuncion,Over/Under Goals,Under 3.5,1.18,,,WON,
2025-11-05T20:30:00+00:00,Primera Division,Universidad de Chile,Everton de Vina,Over/Under Goals,Under 3.5,1.39,,,WON,
2025-11-05T21:00:00+00:00,Primera Division,Municipal Limeño,Alianza,Over/Under Goals,Under 3.5,1.17,,,WON,
2025-11-05T21:00:00+00:00,Primera Division,Zacatecoluca,Fuerte San Francisco,Team Total Goals,Over 0.5,1.22,,,LOST,
2025-11-05T22:00:00+00:00,Copa Fares Lopes,Ferroviario,Itapipoca,Over/Under Goals,Under 3.5,1.28,,,WON,
2025-11-05T22:00:00+00:00,Serie A,RB Bragantino,Corinthians,Over/Under Goals,Under 3.5,1.25,,,WON,
2025-11-05T22:00:00+00:00,Serie A,Sport Recife,Juventude,Over/Under Goals,Under 3.5,1.25,,,WON,
2025-11-05T22:00:00+00:00,Serie A,Vitoria,Internacional,Double Chance,Home/Draw,1.4,,,WON,
2025-11-05T22:30:00+00:00,Serie A,Botafogo,Vasco DA Gama,Over/Under Goals,Under 3.5,1.3,,,WON,
2025-11-05T23:00:00+00:00,Serie A,Atletico-MG,Bahia,1X2 / Match Winner,Draw,3.34,,,LOST,
2025-11-05T23:00:00+00:00,Serie A,Gremio,Cruzeiro,Over/Under Goals,Under 3.5,1.2,,,WON,
2025-11-05T23:30:00+00:00,Primera División,Caracas FC,Deportivo Tachira FC,Team Total Goals,Over 0.5,1.45,,,LOST,
2025-11-05T23:30:00+00:00,Primera División,Metropolitanos FC,Carabobo FC,Over/Under Goals,Under 2.5,1.8,,,LOST,
2025-11-06T00:00:00+00:00,Liga MX Femenil,Cruz Azul W,Pachuca W,Over/Under Goals,Over 2.5,1.4,,,WON,
2025-11-06T00:00:00+00:00,Liga Nacional,Antigua GFC,Cobán Imperial,Over/Under Goals,Under 3.5,1.3,,,WON,
2025-11-06T00:30:00+00:00,Serie A,Sao Paulo,Flamengo,Over/Under Goals,Under 3.5,1.2,,,LOST,
2025-11-06T01:00:00+00:00,Primera Division,Isidro Metapán,Platense,Over/Under Goals,Over 1.5,1.48,,,LOST,
2025-11-06T01:30:00+00:00,Primera Division,FAS,Cacahuatique,Over/Under Goals,Under 3.5,1.25,,,WON,
2025-11-06T02:00:00+00:00,Liga Nacional,Marquense,Xelajú,Over/Under Goals,Under 3.5,1.2,,,WON,
2025-11-06T02:00:00+00:00,Primera Division,Walter Ferretti,Matagalpa,Over/Under Goals,Under 3.5,1.4,,,WON,
2025-11-06T07:45:00+00:00,AFC Cup,Macarthur,Công An Nhân Dân,Over/Under Goals,Under 3.5,1.5,,,WON,
2025-11-06T08:30:00+00:00,Liga 1,PSBS Biak Numfor,Persita,Over/Under Goals,Under 3.5,1.35,,,WON,
2025-11-06T10:00:00+00:00,AFC Cup,Home United,Bangkok United,Asian Handicap,Home +0,1.57,,,LOST,
2025-11-06T10:00:00+00:00,AFC Cup,Pohang Steelers,Tampines Rovers,Over/Under Goals,Under 3.5,1.9,,,WON,
2025-11-06T10:00:00+00:00,Birinci Dasta,Difai Ağsu,Zaqatala,Over/Under Goals,Over 1.5,1.28,,,WON,
2025-11-06T10:00:00+00:00,Birinci Dasta,Şahdağ,Şimal,Over/Under Goals,Under 3.5,1.4,,,LOST,
2025-11-06T12:15:00+00:00,AFC Cup,Bangkok Glass,Kaya,Over/Under Goals,Under 3.5,1.9,,,WON,
2025-11-06T12:15:00+00:00,AFC Cup,Beijing Guoan,Wofoo Tai Po,Over/Under Goals,Over 2.5,1.38,,,WON,
2025-11-06T12:15:00+00:00,AFC Cup,Selangor,Persib Bandung,Over/Under Goals,Under 3.5,1.5,,,LOST,
2025-11-06T13:00:00+00:00,Persian Gulf Pro League,Malavan,Shams Azar Qazvin,1X2 / Match Winner,Draw,2.96,,,WON,
2025-11-06T13:00:00+00:00,Premier League,UPDF,Police,Double Chance,Draw/Away,1.5,,,WON,
2025-11-06T13:30:00+00:00,Ligue 1,ES Tunis,Jeunesse Sportive Omrane,Over/Under Goals,Under 3.5,1.42,,,LOST,
2025-11-06T13:30:00+00:00,Ligue 1,Stade Tunisien,Club Africain,Over/Under Goals,Under 2.5,1.33,,,WON,
2025-11-06T14:55:00+00:00,Pro League,Al-Hazm,Al Khaleej Saihat,Team Total Goals,Over 0.5,1.25,,,WON,
2025-11-06T15:00:00+00:00,Liga Revelação U23,Vizela U23,Rio Ave U23,Double Chance,Draw/Away,1.66,,,LOST,
2025-11-06T16:00:00+00:00,Esiliiga A,Flora II,Nõmme United,1X2 / Match Winner,Away,1.29,,,WON,
2025-11-06T16:30:00+00:00,Cup,Spartak Moscow,Lokomotiv,Team Total Goals,Over 0.5,1.15,,,WON,
2025-11-06T17:00:00+00:00,Premier League,SC Villa,Kitara,Double Chance,Draw/Away,1.6,,,LOST,
2025-11-06T17:30:00+00:00,Liga Alef,Hapoel Beit Shean,Araba,1X2 / Match Winner,Draw,3.6,,,WON,
2025-11-06T17:30:00+00:00,Pro League,Al Riyadh,Damac,Over/Under Goals,Over 1.5,1.36,,,WON,
2025-11-06T17:30:00+00:00,Pro League,Al-Qadisiyah FC,Al Kholood,Over/Under Goals,Under 3.5,1.44,,,LOST,
2025-11-06T17:45:00+00:00,UEFA Europa Conference League,AEK Athens FC,Shamrock Rovers,Over/Under Goals,Under 3.5,1.53,,,WON,
2025-11-06T17:45:00+00:00,UEFA Europa Conference League,AEK Larnaca,Aberdeen,Over/Under Goals,Under 3.5,1.33,,,WON,
2025-11-06T17:45:00+00:00,UEFA Europa Conference League,Celje,Legia Warszawa,Double Chance,Home/Draw,1.4,,,WON,
2025-11-06T17:45:00+00:00,UEFA Europa Conference League,FC Noah,Sigma Olomouc,Over/Under Goals,Under 3.5,1.33,,,WON,
2025-11-06T17:45:00+00:00,UEFA Europa Conference League,FSV Mainz 05,Fiorentina,Over/Under Goals,Over 1.5,1.3,,,WON,
2025-11-06T17:45:00+00:00,UEFA Europa Conference League,Samsunspor,Hamrun Spartans,Over/Under Goals,Under 3.5,1.67,,,WON,
2025-11-06T17:45:00+00:00,UEFA Europa Conference League,Shakhtar Donetsk,Breidablik,1X2 / Match Winner,Home,1.17,,,WON,
2025-11-06T17:45:00+00:00,UEFA Europa Conference League,Sparta Praha,Raków Częstochowa,Over/Under Goals,Under 3.5,1.3,,,WON,
2025-11-06T17:45:00+00:00,UEFA Europa League,Dinamo Zagreb,Celta Vigo,Over/Under Goals,Over 1.5,1.3,,,WON,
2025-11-06T17:45:00+00:00,UEFA Europa League,FC Basel 1893,FCSB,Over/Under Goals,Over 1.5,1.22,,,WON,
2025-11-06T17:45:00+00:00,UEFA Europa League,FK Crvena Zvezda,Lille,Over/Under Goals,Over 1.5,1.22,,,LOST,
2025-11-06T17:45:00+00:00,UEFA Europa League,Malmo FF,Panathinaikos,Over/Under Goals,Over 1.5,1.33,,,LOST,
2025-11-06T17:45:00+00:00,UEFA Europa League,Nice,SC Freiburg,Double Chance,Home/Draw,1.5,,,LOST,
2025-11-06T17:45:00+00:00,UEFA Europa League,Red Bull Salzburg,GO Ahead Eagles,Over/Under Goals,Over 1.5,1.17,,,WON,
2025-11-06T17:45:00+00:00,UEFA Europa League,Sturm Graz,Nottingham Forest,Over/Under Goals,Under 3.5,1.4,,,WON,
2025-11-06T17:45:00+00:00,UEFA Europa League,Utrecht,FC Porto,Over/Under Goals,Under 3.5,1.4,,,WON,
2025-11-06T18:00:00+00:00,Carioca B2,7 de Abril,Rio de Janeiro,Over/Under Goals,Under 3.5,1.9,,,LOST,
2025-11-06T18:00:00+00:00,Carioca B2,Paraty,Santa Cruz RJ,Double Chance,Draw/Away,1.55,,,WON,
2025-11-06T18:00:00+00:00,Carioca B2,Serra Macaense,Macaé,Double Chance,Home/Draw,1.55,,,WON,
2025-11-06T18:00:00+00:00,Copa do Brasil U20,Bahia U20,Fortaleza U20,Double Chance,Draw/Away,1.65,,,LOST,
2025-11-06T18:00:00+00:00,Copa do Brasil U20,Sport Recife U20,CRB U20,Over/Under Goals,Under 3.5,1.39,,,WON,
2025-11-06T18:00:00+00:00,Frauen Bundesliga,1899 Hoffenheim W,SC Freiburg W,Over/Under Goals,Over 2.5,1.5,,,WON,
2025-11-06T18:00:00+00:00,Frauen Bundesliga,RB Leipzig W,Carl Zeiss Jena  W,Over/Under Goals,Over 1.5,1.2,,,WON,
2025-11-06T19:00:00+00:00,Botola Pro,FAR Rabat,FUS Rabat,Asian Handicap,Away -1.25,1.52,,,WON,
2025-11-06T20:00:00+00:00,League One,Reading,Stevenage,Double Chance,Draw/Away,1.44,,,LOST,
2025-11-06T20:00:00+00:00,UEFA Europa Conference League,Lausanne,Omonia Nicosia,Over/Under Goals,Over 1.5,1.17,,,WON,
2025-11-06T20:00:00+00:00,UEFA Europa Conference League,Shkendija,Jagiellonia,Team Total Goals,Over 0.5,1.2,,,WON,
2025-11-06T20:00:00+00:00,UEFA Europa League,Plzen,Fenerbahce,Over/Under Goals,Under 3.5,1.36,,,WON,
2025-11-06T20:00:00+00:00,UEFA Europa League,Rangers,AS Roma,Over/Under Goals,Under 3.5,1.33,,,WON,
2025-11-06T21:00:00+00:00,Primera B,Cucuta,Huila,Over/Under Goals,Under 3.5,1.2,,,WON,
2025-11-06T22:30:00+00:00,Serie A,Fluminense,Mirassol,Team Total Goals,Under 2.5,1.2,,,WON,
2025-11-06T23:00:00+00:00,Liga Nacional,Guastatoya,Mixco,Over/Under Goals,Under 3.5,1.2,,,WON,
2025-11-06T23:00:00+00:00,Primera División,Bolívar,Aurora,Over/Under Goals,Over 2.5,1.4,,,WON,
2025-11-06T23:00:00+00:00,Serie A,Ceara,Fortaleza EC,Over/Under Goals,Under 3.5,1.2,,,WON,
2025-11-06T23:10:00+00:00,Primera A,Chico,America de Cali,Over/Under Goals,Under 2.5,1.57,,,WON,
2025-11-07T00:30:00+00:00,Liga MX Femenil,Juárez W,Tigres UANL W,Double Chance,Draw/Away,1.15,,,WON,
2025-11-07T00:30:00+00:00,Serie A,Palmeiras,Santos,Over/Under Goals,Over 1.5,1.25,,,WON,
2025-11-07T01:15:00+00:00,Liga MX Femenil,Monterrey W,América W,Over/Under Goals,Over 1.5,1.17,,,WON,
2025-11-07T01:20:00+00:00,Primera B,Popayan,Real Soacha,Over/Under Goals,Under 3.5,1.18,,,WON,
2025-11-07T01:30:00+00:00,Liga Nacional,Municipal,Mictlán,Result + Total Goals,Home/Over 1.5,1.4,,,LOST,
2025-11-07T02:00:00+00:00,Liga de Expansión MX,Venados FC,Tlaxcala,Over/Under Goals,Under 3.5,1.48,,,LOST,
2025-11-07T03:00:00+00:00,Liga MX Femenil,Guadalajara W,Toluca W,Over/Under Goals,Over 1.5,1.25,,,WON,
2025-11-07T08:30:00+00:00,Liga 1,Bhayangkara FC,Bali United,Over/Under Goals,Under 3.5,1.36,,,WON,
2025-11-07T08:30:00+00:00,Liga 2,Deltras,Persiba Balikpapan,Over/Under Goals,Under 3.5,1.3,,,WON,
2025-11-07T08:30:00+00:00,Liga 2,Persela Lamongan,Persipal,Over/Under Goals,Under 3.5,1.5,,,WON,
2025-11-07T08:30:00+00:00,Liga 2,Sriwijaya FC,Adhyaksa,Over/Under Goals,Under 3.5,1.35,,,WON,
2025-11-07T08:35:00+00:00,A-League,Adelaide United,Western Sydney Wanderers,BTTS,Yes,1.36,,,LOST,
2025-11-07T08:35:00+00:00,Australian Championship,Sydney United,Wests APIA,Over/Under Goals,Under 3.5,1.5,,,WON,
2025-11-07T10:00:00+00:00,Erovnuli Liga 2,Merani Martvili,Dinamo Tbilisi II,Over/Under Goals,Under 3.5,1.44,,,LOST,
2025-11-07T10:00:00+00:00,Erovnuli Liga 2,Saburtalo II,Sioni,Over/Under Goals,Under 3.5,1.3,,,WON,
2025-11-07T10:00:00+00:00,Liga 2,Persipura Jayapura,Persiku Kudus,Over/Under Goals,Under 3.5,1.44,,,WON,
2025-11-07T10:00:00+00:00,Liga Alef,Hapoel Ironi Karmiel,Hapoel Migdal HaEmek,Over/Under Goals,Under 3.5,1.31,,,WON,
2025-11-07T10:00:00+00:00,Premier League,Molodechno-DYuSSh 4,ML Vitebsk,Over/Under Goals,Under 2.5,2.0,,,WON,
2025-11-07T10:00:00+00:00,Premyer Liqa,Keshla FC,Mil-Muğan,Over/Under Goals,Under 3.5,1.18,,,WON,
2025-11-07T10:00:00+00:00,Youth Championship,Nizhny Novgorod U19,Baltika U19,Over/Under Goals,Under 3.5,1.47,,,WON,
2025-11-07T10:30:00+00:00,Liga Alef,Beitar Yavne,Maccabi Ashdod,Double Chance,Draw/Away,1.17,,,LOST,
2025-11-07T10:30:00+00:00,Liga Alef,FC Jerusalem,Maccabi Kiryat Gat,Over/Under Goals,Under 3.5,1.36,,,WON,
2025-11-07T10:30:00+00:00,Liga Alef,Hapoel Marmorek,Nordia Jerusalem,Double Chance,Draw/Away,1.44,,,WON,
2025-11-07T10:30:00+00:00,Liga Alef,Hapoel Ramat HaSharon,Maccabi Yavne,Over/Under Goals,Under 3.5,1.33,,,WON,
2025-11-07T10:40:00+00:00,Liga Alef,Maccabi K. Ata Bialik,Tzeirei Umm al-Fahm,Over/Under Goals,Under 3.5,1.22,,,WON,
2025-11-07T10:45:00+00:00,A-League,Perth Glory,Central Coast Mariners,Asian Handicap,Away -1.25,1.4,,,WON,
2025-11-07T11:00:00+00:00,Liga Alef,Ironi Nesher,Maccabi Nujeidat Ahmed,1X2 / Match Winner,Home,1.48,,,WON,
2025-11-07T11:00:00+00:00,Liga Alef,Tzeirey Tamra,Ironi Baka El Garbiya,Team Total Goals,Over 0.5,1.19,,,LOST,
2025-11-07T11:00:00+00:00,Liga Alef,Tzeirey Tira,Shimshon Tel Aviv,Double Chance,Home/Draw,1.44,,,LOST,
2025-11-07T11:15:00+00:00,Liga Alef,Maccabi Ahi Nazareth,Maccabi Neve Sha'anan,Over/Under Goals,Under 3.5,1.29,,,WON,
2025-11-07T11:30:00+00:00,TFF 1. Lig,Sarıyer,Van BB,Over/Under Goals,Under 3.5,1.26,,,WON,
2025-11-07T12:00:00+00:00,Liga 1,Persik Kediri,Persebaya Surabaya,Over/Under Goals,Under 3.5,1.22,,,WON,
2025-11-07T12:00:00+00:00,Liga 2,Tornado Pekanbaru,PSIS Semarang,Over/Under Goals,Under 3.5,1.53,,,LOST,
2025-11-07T12:00:00+00:00,Liga III - Serie 2,Râmnicu Sărat,Sporting Lieşti,1X2 / Match Winner,Away,1.16,,,WON,
2025-11-07T12:00:00+00:00,Persian Gulf Pro League,Chadormalu SC,Aluminium Arak,Double Chance,Draw/Away,1.29,,,LOST,
2025-11-07T12:00:00+00:00,Premier League 2 Division One,Crystal Palace U21,Stoke City U21,Team Total Goals,Under 2.5,1.53,,,WON,
2025-11-07T12:00:00+00:00,Thai League 1,Prachuap,Lamphun Warrior,Asian Handicap,Home +0,1.4,,,WON,
2025-11-07T12:00:00+00:00,Thai League 2,Nakhon Si Thammarat,Phrae United,Over/Under Goals,Over 1.5,1.17,,,WON,
2025-11-07T12:00:00+00:00,Youth Championship,Akademiya Konoplev U20,Krasnodar U19,Team Total Goals,Under 2.5,2.06,,,WON,
2025-11-07T12:00:00+00:00,Youth Championship,Fakel U19,Akhmat Grozny U20,Over/Under Goals,Under 3.5,1.49,,,LOST,
2025-11-07T12:00:00+00:00,Youth Championship,Lokomotiv Moskva U19,Sochi U20,1X2 / Match Winner,Home,1.27,,,WON,
2025-11-07T12:30:00+00:00,Division 1,Al Taee,Al Wehda Club,Over/Under Goals,Under 3.5,1.33,,,WON,
2025-11-07T12:30:00+00:00,Second League,CSKA Sofia II,FK Minyor Pernik,Over/Under Goals,Under 3.5,1.36,,,WON,
2025-11-07T12:44:00+00:00,Premyer Liqa,Qabala,Sumqayıt,Over/Under Goals,Under 3.5,1.15,,,WON,
2025-11-07T12:45:00+00:00,Division 1,Al Fujairah SC,Masfut,Team Total Goals,Over 0.5,1.15,,,WON,
2025-11-07T12:45:00+00:00,Division 1,Al Jazira Al Hamra,Al Arabi,Team Total Goals,Under 2.5,1.19,,,WON,
2025-11-07T12:45:00+00:00,Division 1,Dibba Al Hisn,Dubai United,Over/Under Goals,Under 3.5,1.42,,,WON,
2025-11-07T12:45:00+00:00,Division 1,Hatta SC,Gulf United,Over/Under Goals,Under 3.5,1.48,,,LOST,
2025-11-07T13:00:00+00:00,FKF Premier League,Bidco United,Tusker,Over/Under Goals,Under 2.5,1.36,,,WON,
2025-11-07T13:00:00+00:00,First League,Spartak Varna,Septemvri Sofia,Over/Under Goals,Under 3.5,1.33,,,LOST,
2025-11-07T13:00:00+00:00,First NL,Orijent 1919,Rudes,Over/Under Goals,Under 3.5,1.17,,,WON,
2025-11-07T13:00:00+00:00,III Liga - Group 3,Miedź Legnica II,Zagłębie Lubin II,Team Total Goals,Under 2.5,1.18,,,LOST,
2025-11-07T13:00:00+00:00,III Liga - Group 3,Ślęza Wrocław,Pawłowice Śląskie,Asian Handicap,Home +0.25,1.44,,,WON,
2025-11-07T13:00:00+00:00,Liga Leumit,Hapoel Kfar Saba,Hapoel Ramat Gan,Double Chance,Draw/Away,1.5,,,WON,
2025-11-07T13:00:00+00:00,Liga Leumit,Hapoel Kfar Shalem,Kafr Qasim,Double Chance,Draw/Away,1.6,,,LOST,
2025-11-07T13:00:00+00:00,Liga Leumit,Hapoel Nazareth Illit,Maccabi Petah Tikva,Over/Under Goals,Over 1.5,1.18,,,WON,
2025-11-07T13:00:00+00:00,Liga Leumit,Hapoel Ra'anana,Bnei Yehuda,Over/Under Goals,Under 3.5,1.33,,,WON,
2025-11-07T13:00:00+00:00,Liga Leumit,Maccabi Herzliya,Hapoel Acre,Over/Under Goals,Under 3.5,1.28,,,LOST,
2025-11-07T13:00:00+00:00,Persian Gulf Pro League,Fajr Sepasi,Mes Rafsanjan,Asian Handicap,Home +0.25,1.43,,,WON,
2025-11-07T13:00:00+00:00,Persian Gulf Pro League,Persepolis FC,Esteghlal Khuzestan,Over/Under Goals,Under 3.5,1.21,,,WON,
2025-11-07T13:00:00+00:00,Premier League 2 Division One,Middlesbrough U21,Norwich City U21,Over/Under Goals,Under 3.5,1.84,,,LOST,
2025-11-07T13:00:00+00:00,Premier League,FC Gomel,Dinamo Brest,Over/Under Goals,Under 2.5,1.65,,,LOST,
2025-11-07T13:00:00+00:00,Second NL,Mladost Ždralovi,Segesta Sisak,Asian Handicap,Away -1.25,1.9,,,WON,
2025-11-07T13:00:00+00:00,Super League,Buxoro,Neftchi,Over/Under Goals,Under 3.5,1.19,,,WON,
2025-11-07T13:00:00+00:00,Super League,Mutondo Stars,Green Buffaloes,1X2 / Match Winner,Draw,2.8,,,WON,
2025-11-07T13:00:00+00:00,Super League,Olmaliq,Navbahor,Over/Under Goals,Under 3.5,1.32,,,LOST,
2025-11-07T13:20:00+00:00,Premier League,Al Ahli,Bahrain SC,Over/Under Goals,Under 3.5,1.3,,,WON,
2025-11-07T13:20:00+00:00,Pro League,Al-Fayha,Al Okhdood,Over/Under Goals,Under 3.5,1.25,,,WON,
2025-11-07T13:30:00+00:00,1st Division,Casric Stars,Upington City,Over/Under Goals,Under 3.5,1.16,,,WON,
2025-11-07T13:30:00+00:00,Ligue 2,Bouchamma,Redeyef,Double Chance,Draw/Away,2.1,,,WON,
2025-11-07T13:30:00+00:00,Ligue 2,CS Hammam-Lif,CS Chebba,Over/Under Goals,Under 2.5,1.7,,,LOST,
2025-11-07T13:30:00+00:00,Ligue 2,ES Hammam-Sousse,Bouselem,Over/Under Goals,Under 3.5,1.22,,,WON,
2025-11-07T13:30:00+00:00,Ligue 2,Kerkennah,Mégrine,Over/Under Goals,Under 2.5,1.5,,,LOST,
2025-11-07T13:30:00+00:00,Ligue 2,Menzel Bourguiba,US Tataouine,Over/Under Goals,Under 2.5,1.4,,,WON,
2025-11-07T13:30:00+00:00,Premier League,Epitsentr Dunayivtsi,Obolon'-Brovar,Over/Under Goals,Under 3.5,1.26,,,WON,
2025-11-07T14:00:00+00:00,Campionato Primavera - 1,Parma U20,Cesena U20,Team Total Goals,Under 2.5,1.48,,,WON,
2025-11-07T14:00:00+00:00,Ligue 2,Béchar Djedid,Témouchent,Over/Under Goals,Under 3.5,1.17,,,WON,
2025-11-07T14:00:00+00:00,Ligue 2,Hussein Dey,WA Mostaganem,Asian Handicap,Away -1.25,1.56,,,WON,
2025-11-07T14:00:00+00:00,Ligue 2,JS El Biar,CRB Adrar,Team Total Goals,Under 2.5,1.42,,,WON,
2025-11-07T14:00:00+00:00,Ligue 2,JS Tixeraine,GC Mascara,Over/Under Goals,Under 3.5,1.17,,,WON,
2025-11-07T14:00:00+00:00,Ligue 2,Koléa,RC Kouba,Over/Under Goals,Under 2.5,1.44,,,WON,
2025-11-07T14:00:00+00:00,Ligue 2,Tiaret,Usm El Harrach,Over/Under Goals,Under 2.5,1.5,,,WON,
2025-11-07T14:00:00+00:00,Ligue 2,WA Tlemcen,ASM Oran,Double Chance,Draw/Away,1.83,,,WON,
2025-11-07T14:00:00+00:00,TFF 1. Lig,BB Bodrumspor,İstanbulspor,1X2 / Match Winner,Home,1.42,,,WON,
2025-11-07T14:00:00+00:00,Youth Championship,CSKA Moskva U19,Spartak Moskva U19,Over/Under Goals,Over 2.5,1.5,,,WON,
2025-11-07T14:25:00+00:00,Premier League,Al Salmiyah,Al Fahaheel,Over/Under Goals,Under 3.5,1.42,,,WON,
2025-11-07T14:30:00+00:00,Persian Gulf Pro League,Foolad FC,Paykan,Over/Under Goals,Under 2.5,1.37,,,WON,
2025-11-07T14:30:00+00:00,Stars League,Al Shamal,Al Wakrah,Over/Under Goals,Over 2.5,1.55,,,WON,
2025-11-07T14:35:00+00:00,Pro League,Al-Fateh,Al Taawon,Double Chance,Draw/Away,1.44,,,WON,
2025-11-07T14:45:00+00:00,Division 1,Al Baten,Al Diriyah,Over/Under Goals,Over 1.5,1.2,,,WON,
2025-11-07T15:00:00+00:00,Erovnuli Liga,Gareji,Dinamo Tbilisi,Double Chance,Draw/Away,1.18,,,WON,
2025-11-07T15:25:00+00:00,Division 1,Jeddah Club,Al Arabi SC,Over/Under Goals,Under 2.5,1.62,,,WON,
2025-11-07T15:30:00+00:00,First League,Botev Plovdiv,Dobrudzha,Over/Under Goals,Under 3.5,1.3,,,WON,
2025-11-07T16:00:00+00:00,3. liga - MSFL,Hranice,Zbrojovka Brno II,1X2 / Match Winner,Away,1.66,,,WON,
2025-11-07T16:00:00+00:00,Erovnuli Liga,Gagra,Kolkheti Poti,Asian Handicap,Away -1.25,1.48,,,WON,
2025-11-07T16:00:00+00:00,FNL,Táborsko,Vysočina Jihlava,Over/Under Goals,Under 3.5,1.42,,,WON,
2025-11-07T16:00:00+00:00,I Liga,Ruch Chorzów,Miedz Legnica,Over/Under Goals,Over 1.5,1.25,,,WON,
2025-11-07T16:00:00+00:00,Liga I,Universitatea Cluj,Metaloglobus,Over/Under Goals,Under 3.5,1.3,,,LOST,
2025-11-07T16:00:00+00:00,Liga III - Serie 6,CSM Targu Jiu,Unirea Bascov,Over/Under Goals,Under 3.5,1.48,,,LOST,
2025-11-07T16:00:00+00:00,Liga Premier Serie A,Tecos,Los Cabos United,Over/Under Goals,Under 3.5,1.36,,,LOST,
2025-11-07T16:00:00+00:00,Premier League,Al Shabab,Malkiya,Over/Under Goals,Under 3.5,1.2,,,WON,
2025-11-07T16:00:00+00:00,Premier League,Kudrivka,Kolos Kovalivka,Over/Under Goals,Under 3.5,1.16,,,LOST,
2025-11-07T16:00:00+00:00,Youth Championship,Dinamo Moskva U19,Rostov U19,Double Chance,Draw/Away,1.68,,,WON,
2025-11-07T16:30:00+00:00,1. SNL,Mura,Koper,1X2 / Match Winner,Draw,3.55,,,LOST,
2025-11-07T16:40:00+00:00,Premier League,Al Tadhamon,Al Shabab,Over/Under Goals,Under 3.5,1.3,,,WON,
2025-11-07T17:00:00+00:00,1. Division,AEL,Enosis,Asian Handicap,Away -1.25,1.52,,,LOST,
2025-11-07T17:00:00+00:00,1. Division,Hobro,Aarhus Fremad,Over/Under Goals,Over 1.5,1.16,,,WON,
2025-11-07T17:00:00+00:00,2. Division,Digenis Morphou,Ahironas / Onisilos,Over/Under Goals,Under 2.5,2.45,,,WON,
2025-11-07T17:00:00+00:00,2. liga,Zlaté Moravce,Inter Bratislava,Over/Under Goals,Under 3.5,1.48,,,WON,
2025-11-07T17:00:00+00:00,3. liga - CFL A,Písek,Dukla Praha II,Over/Under Goals,Under 3.5,1.39,,,WON,
2025-11-07T17:00:00+00:00,3. liga - MSFL,Hlučín,Vrchovina,Team Total Goals,Over 0.5,1.31,,,LOST,
2025-11-07T17:00:00+00:00,Ekstraklasa,Radomiak Radom,Cracovia Krakow,Over/Under Goals,Over 2.5,2.0,,,WON,
2025-11-07T17:00:00+00:00,Erste Liga,FC Liefering,SV Kapfenberg,1X2 / Match Winner,Draw,3.83,,,LOST,
2025-11-07T17:00:00+00:00,Erste Liga,WSPG Wels,First Vienna,Double Chance,Home/Draw,1.56,,,WON,
2025-11-07T17:00:00+00:00,FNL,Příbram,Viktoria Žižkov,Over/Under Goals,Under 3.5,1.33,,,WON,
2025-11-07T17:00:00+00:00,FNL,České Budějovice,Opava,Over/Under Goals,Under 3.5,1.27,,,WON,
2025-11-07T17:00:00+00:00,II Liga - East,Chojniczanka Chojnice,Unia Skierniewice,Over/Under Goals,Over 1.5,1.2,,,WON,
2025-11-07T17:00:00+00:00,II Liga - East,Sandecja Nowy Sącz,Sokół Kleczew,1X2 / Match Winner,Away,4.24,,,LOST,
2025-11-07T17:00:00+00:00,III Liga - Group 1,Lechia T. Mazowiecki,Mławianka Mława,Over/Under Goals,Under 3.5,1.78,,,LOST,
2025-11-07T17:00:00+00:00,III Liga - Group 4,KSZO 1929,Cracovia Kraków II,1X2 / Match Winner,Draw,4.5,,,LOST,
2025-11-07T17:00:00+00:00,Prva HNL,HNK Gorica,Vukovar,1X2 / Match Winner,Home,1.65,,,LOST,
2025-11-07T17:00:00+00:00,Super Lig,Genclerbirligi,Istanbul Basaksehir,Over/Under Goals,Under 3.5,1.33,,,WON,
2025-11-07T17:00:00+00:00,Toppserien,Lillestrøm W,Lyn W,Team Total Goals,Under 2.5,1.41,,,LOST,
2025-11-07T17:00:00+00:00,Toppserien,Rosenborg W,Vålerenga W,Over/Under Goals,Over 1.5,1.21,,,WON,
2025-11-07T17:00:00+00:00,Virsliga,Riga,Rīgas FS,Over/Under Goals,Over 1.5,1.18,,,WON,
2025-11-07T17:30:00+00:00,1. Division,HB Koge,Hillerød,Over/Under Goals,Over 1.5,1.15,,,WON,
2025-11-07T17:30:00+00:00,2. Division,Skive,Roskilde,Over/Under Goals,Under 3.5,1.26,,,WON,
2025-11-07T17:30:00+00:00,Bundesliga 2,Dynamo Dresden,1. FC Nürnberg,Over/Under Goals,Over 1.5,1.22,,,WON,
2025-11-07T17:30:00+00:00,Bundesliga 2,SpVgg Greuther Fürth,Preußen Münster,Over/Under Goals,Over 1.5,1.18,,,LOST,
2025-11-07T17:30:00+00:00,Pro League,Al Najma,Al-Hilal Saudi FC,1X2 / Match Winner,Away,1.15,,,WON,
2025-11-07T18:00:00+00:00,1. Division,Kolding IF,AC Horsens,Over/Under Goals,Under 3.5,1.24,,,LOST,
2025-11-07T18:00:00+00:00,2. Division,HIK,FC Helsingor,Over/Under Goals,Under 3.5,1.35,,,LOST,
2025-11-07T18:00:00+00:00,3. Liga,MSV Duisburg,Waldhof Mannheim,Over/Under Goals,Under 3.5,1.39,,,WON,
2025-11-07T18:00:00+00:00,Carioca U20,Volta Redonda U20,Portuguesa RJ U20,Double Chance,Draw/Away,1.57,,,LOST,
2025-11-07T18:00:00+00:00,Primera Division,Cusco,Sport Boys,Over/Under Goals,Over 1.5,1.28,,,WON,
2025-11-07T18:00:00+00:00,Primera División RFEF - Group 2,Sabadell,Tarazona,Over/Under Goals,Under 2.5,1.5,,,WON,
2025-11-07T18:00:00+00:00,Regionalliga - Bayern,Bayreuth,Aubstadt,Over/Under Goals,Under 3.5,1.4,,,LOST,
2025-11-07T18:00:00+00:00,Regionalliga - Bayern,Buchbach,Eichstätt,Over/Under Goals,Under 3.5,1.48,,,LOST,
2025-11-07T18:00:00+00:00,Regionalliga - Bayern,Wacker Burghausen,SpVgg Unterhaching,Over/Under Goals,Over 1.5,1.2,,,WON,
2025-11-07T18:00:00+00:00,Regionalliga - Mitte,Deutschlandsberger SC,Oedt,1X2 / Match Winner,Draw,4.05,,,WON,
2025-11-07T18:00:00+00:00,Regionalliga - Mitte,Gleisdorf 09,Velden,Double Chance,Home/Draw,1.6,,,WON,
2025-11-07T18:00:00+00:00,Regionalliga - Mitte,Wallern / Marienkirchen,Kalsdorf,Double Chance,Home/Draw,1.44,,,LOST,
2025-11-07T18:00:00+00:00,Regionalliga - Nordost,BFC Dynamo,FC Carl Zeiss Jena,Over/Under Goals,Under 3.5,1.36,,,LOST,
2025-11-07T18:00:00+00:00,Regionalliga - Nordost,Chemnitzer FC,Altglienicke,Double Chance,Draw/Away,1.6,,,WON,
2025-11-07T18:00:00+00:00,Regionalliga - Nordost,Hallescher FC,SV Babelsberg 03,Over/Under Goals,Under 3.5,1.45,,,LOST,
2025-11-07T18:00:00+00:00,Regionalliga - Nordost,Luckenwalde,Hertha BSC II,Over/Under Goals,Under 3.5,1.36,,,WON,
2025-11-07T18:00:00+00:00,Regionalliga - Ost,Neusiedl,Wiener SC,Asian Handicap,Home +0,1.58,,,WON,
2025-11-07T18:00:00+00:00,Regionalliga - Ost,Parndorf,TWL Elektra,Over/Under Goals,Under 3.5,1.72,,,LOST,
2025-11-07T18:00:00+00:00,Regionalliga - SudWest,Kickers Offenbach,Freiburg II,BTTS,Yes,1.3,,,WON,
2025-11-07T18:00:00+00:00,Regionalliga - SudWest,TSV Steinbach,Hessen Kassel,Over/Under Goals,Over 2.5,1.38,,,WON,
2025-11-07T18:00:00+00:00,Regionalliga - West,Imst,Schwaz,Team Total Goals,Under 2.5,1.42,,,WON,
2025-11-07T18:00:00+00:00,Segunda Liga,Feirense,Farense,Over/Under Goals,Under 2.5,1.65,,,WON,
2025-11-07T18:00:00+00:00,Superligaen,Odense,Silkeborg,Over/Under Goals,Over 2.5,1.6,,,LOST,
2025-11-07T18:10:00+00:00,Regionalliga - Ost,Favoritner AC,Leobendorf,Over/Under Goals,Under 3.5,1.44,,,WON,
2025-11-07T18:30:00+00:00,Challenge League,Rapperswil,FC WIL 1900,Over/Under Goals,Under 3.5,1.33,,,WON,
2025-11-07T18:30:00+00:00,Challenge League,Stade Nyonnais,Étoile Carouge,Over/Under Goals,Under 3.5,1.38,,,WON,
2025-11-07T18:30:00+00:00,Frauenliga,Sturm Graz W,First Vienna W,Over/Under Goals,Under 3.5,1.57,,,LOST,
2025-11-07T18:30:00+00:00,Liga I,Farul Constanta,FC Botosani,Over/Under Goals,Under 3.5,1.28,,,WON,
2025-11-07T18:30:00+00:00,National 1,Aubagne,Le Puy Foot,Over/Under Goals,Under 3.5,1.22,,,LOST,
2025-11-07T18:30:00+00:00,National 1,Bourg-en-bresse 01,Dijon,Over/Under Goals,Under 3.5,1.2,,,WON,
2025-11-07T18:30:00+00:00,National 1,Caen,Gobelins,1X2 / Match Winner,Draw,3.65,,,WON,
2025-11-07T18:30:00+00:00,National 1,Concarneau,Orleans,Over/Under Goals,Under 3.5,1.28,,,WON,
2025-11-07T18:30:00+00:00,National 1,Fleury 91,Sochaux,Over/Under Goals,Under 3.5,1.2,,,WON,
2025-11-07T18:30:00+00:00,National 1,Quevilly,Chateauroux,Over/Under Goals,Under 3.5,1.22,,,WON,
2025-11-07T18:30:00+00:00,National 1,Versailles,Valenciennes,Over/Under Goals,Under 2.5,1.65,,,WON,
2025-11-07T18:30:00+00:00,National 1,Villefranche,Stade Briochin,Over/Under Goals,Under 3.5,1.22,,,LOST,
2025-11-07T18:30:00+00:00,Regionalliga - Ost,Krems / Rehberg,Mannsdorf-Großenzersdorf,1X2 / Match Winner,Draw,3.55,,,LOST,
2025-11-07T18:30:00+00:00,Reserve Pro League,Waasland-Beveren U21,RAAL La Louviere U21,BTTS,Yes,1.45,,,WON,
2025-11-07T19:00:00+00:00,Challenger Pro League,Liège,KAA Gent II,Over/Under Goals,Under 3.5,1.42,,,WON,
2025-11-07T19:00:00+00:00,Challenger Pro League,Lommel United,Waasland-beveren,Over/Under Goals,Over 2.5,1.7,,,WON,
2025-11-07T19:00:00+00:00,Eerste Divisie,ADO Den Haag,Roda,Over/Under Goals,Over 2.5,1.4,,,WON,
2025-11-07T19:00:00+00:00,Eerste Divisie,Almere City FC,MVV,Over/Under Goals,Over 2.5,1.44,,,WON,
2025-11-07T19:00:00+00:00,Eerste Divisie,FC Eindhoven,Den Bosch,Over/Under Goals,Under 3.5,1.62,,,LOST,
2025-11-07T19:00:00+00:00,Eerste Divisie,Jong AZ,VVV Venlo,Over/Under Goals,Over 1.5,1.15,,,WON,
2025-11-07T19:00:00+00:00,Eerste Divisie,Jong Ajax,Dordrecht,Double Chance,Draw/Away,1.4,,,WON,
2025-11-07T19:00:00+00:00,Eerste Divisie,Jong Utrecht,Emmen,Over/Under Goals,Under 3.5,1.55,,,WON,
2025-11-07T19:00:00+00:00,Eerste Divisie,Vitesse,Cambuur,Over/Under Goals,Over 2.5,1.57,,,WON,
2025-11-07T19:00:00+00:00,Eerste Divisie,Willem II,FC OSS,Over/Under Goals,Over 1.5,1.15,,,WON,
2025-11-07T19:00:00+00:00,Eredivisie,Twente,Telstar,1X2 / Match Winner,Draw,5.66,,,WON,
2025-11-07T19:00:00+00:00,Ligue 2,Bastia,Reims,Over/Under Goals,Under 3.5,1.22,,,LOST,
2025-11-07T19:00:00+00:00,Ligue 2,Clermont Foot,Amiens,Over/Under Goals,Under 3.5,1.25,,,WON,
2025-11-07T19:00:00+00:00,Ligue 2,Dunkerque,Boulogne,Asian Handicap,Home +0.5,1.16,,,WON,
2025-11-07T19:00:00+00:00,Ligue 2,Grenoble,Rodez,Over/Under Goals,Under 3.5,1.3,,,WON,
2025-11-07T19:00:00+00:00,Ligue 2,Montpellier,Annecy,Over/Under Goals,Under 3.5,1.25,,,WON,
2025-11-07T19:00:00+00:00,Ligue 2,Nancy,Laval,Over/Under Goals,Under 3.5,1.22,,,WON,
2025-11-07T19:00:00+00:00,Premier League 2 Division One,Leicester City U21,Birmingham City U21,Team Total Goals,Under 2.5,1.69,,,LOST,
2025-11-07T19:00:00+00:00,Premier League 2 Division One,Southampton U21,Arsenal U21,BTTS,Yes,1.36,,,WON,
2025-11-07T19:00:00+00:00,Premier League 2 Division One,Sunderland U21,Ipswich Town U21,Double Chance,Draw/Away,1.57,,,LOST,
2025-11-07T19:00:00+00:00,Premier League 2 Division One,West Bromwich Albion U21,Everton U21,Over/Under Goals,Under 3.5,1.67,,,WON,
2025-11-07T19:00:00+00:00,Premier League 2 Division One,West Ham United U21,Liverpool U21,Asian Handicap,Home +0.25,1.4,,,WON,
2025-11-07T19:00:00+00:00,Professional Development League,Swansea City U21,Charlton Athletic U21,Over/Under Goals,Over 2.5,1.25,,,WON,
2025-11-07T19:00:00+00:00,Serie A Women,Fiorentina W,Roma W,BTTS,Yes,1.57,,,WON,
2025-11-07T19:00:00+00:00,Tercera División RFEF - Group 15,Atlético Artajonés,Txantrea,Double Chance,Draw/Away,1.33,,,WON,
2025-11-07T19:15:00+00:00,1. SNL,Olimpija Ljubljana,Primorje,Over/Under Goals,Under 3.5,1.53,,,WON,
2025-11-07T19:15:00+00:00,Challenge League,Neuchatel Xamax FC,Yverdon Sport,Over/Under Goals,Over 1.5,1.17,,,WON,
2025-11-07T19:30:00+00:00,Bundesliga 1,Werder Bremen,VfL Wolfsburg,Double Chance,Home/Draw,1.4,,,WON,
2025-11-07T19:30:00+00:00,Ekstraklasa,Zaglebie Lubin,Gornik Zabrze,Over/Under Goals,Over 1.5,1.25,,,WON,
2025-11-07T19:30:00+00:00,Erste Liga,Admira Wacker,SKN ST. Polten,Over/Under Goals,Under 3.5,1.25,,,WON,
2025-11-07T19:30:00+00:00,I Liga,Znicz Pruszków,Chrobry Głogów,Over/Under Goals,Under 3.5,1.38,,,WON,
2025-11-07T19:30:00+00:00,Primera División - Clausura,Miramar,Racing Montevideo,Double Chance,Home/Draw,1.62,,,LOST,
2025-11-07T19:30:00+00:00,Segunda Division,Mirandes,Sporting Gijon,Over/Under Goals,Under 2.5,1.65,,,LOST,
2025-11-07T19:30:00+00:00,Serie B,Spezia,Bari,Asian Handicap,Home +0.25,1.19,,,WON,
2025-11-07T19:30:00+00:00,Serie C - Girone B,Ascoli,Gubbio,Over/Under Goals,Under 3.5,1.2,,,WON,
2025-11-07T19:30:00+00:00,Serie C - Girone B,Campobasso FC,Sambenedettese,Over/Under Goals,Under 3.5,1.22,,,WON,
2025-11-07T19:30:00+00:00,Serie C - Girone C,Cavese,Potenza,Over/Under Goals,Under 3.5,1.25,,,WON,
2025-11-07T19:45:00+00:00,Championship,Airdrie United,Partick,Over/Under Goals,Under 3.5,1.33,,,WON,
2025-11-07T19:45:00+00:00,Jupiler Pro League,Dender,Zulte Waregem,Double Chance,Draw/Away,1.5,,,WON,
2025-11-07T19:45:00+00:00,Ligue 1,Paris FC,Rennes,Over/Under Goals,Over 1.5,1.22,,,LOST,
2025-11-07T19:45:00+00:00,Premier League,The New Saints,Cardiff MET,1X2 / Match Winner,Draw,7.0,,,LOST,
2025-11-07T19:45:00+00:00,Premiership,Larne,Portadown,Over/Under Goals,Under 3.5,1.33,,,WON,
2025-11-07T19:45:00+00:00,Serie A,Pisa,Cremonese,Over/Under Goals,Under 3.5,1.2,,,WON,
2025-11-07T20:00:00+00:00,Championship,Watford,Bristol City,1X2 / Match Winner,Draw,3.45,,,WON,
2025-11-07T20:00:00+00:00,La Liga,Elche,Real Sociedad,Double Chance,Draw/Away,1.44,,,WON,
2025-11-07T20:15:00+00:00,Primeira Liga,Estoril,Arouca,Asian Handicap,Home +0,1.5,,,WON,
2025-11-07T20:15:00+00:00,Primera Division,Sporting Cristal,Cienciano,Over/Under Goals,Under 3.5,1.44,,,WON,
2025-11-07T20:15:00+00:00,Primera División RFEF - Group 2,Atlético Madrid II,Eldense,Asian Handicap,Home +0,1.46,,,WON,
2025-11-07T20:30:00+00:00,Primera A,Envigado,Millonarios,Over/Under Goals,Over 1.5,1.4,,,WON,
2025-11-07T21:00:00+00:00,Primera B,Jaguares,Internacional Palmira,Over/Under Goals,Under 3.5,1.22,,,WON,
2025-11-07T21:30:00+00:00,Division Profesional - Clausura,Deportivo Recoleta,Sportivo Luqueno,Double Chance,Home/Draw,1.4,,,LOST,
2025-11-07T22:00:00+00:00,Serie B,Athletic Club,Ferroviária,Team Total Goals,Over 0.5,1.53,,,WON,
2025-11-07T22:30:00+00:00,Primera División - Clausura,Cerro Largo,Liverpool Montevideo,Over/Under Goals,Under 3.5,1.25,,,WON,
2025-11-07T23:00:00+00:00,Primera Division,Union La Calera,Deportes Iquique,Over/Under Goals,Under 3.5,1.28,,,WON,
2025-11-08T00:00:00+00:00,Liga Premier Serie A,FC Santiago,Correcaminos UAT II,BTTS,No,1.5,,,WON,
2025-11-08T00:00:00+00:00,Liga Pro,Deportivo Cuenca,Macara,Over/Under Goals,Under 3.5,1.22,,,WON,
2025-11-08T00:00:00+00:00,Major League Soccer,Charlotte,New York City FC,Over/Under Goals,Under 3.5,1.35,,,LOST,
2025-11-08T00:00:00+00:00,Primera Division,Rosario Central,San Lorenzo,Double Chance,Home/Draw,1.18,,,WON,
2025-11-08T00:30:00+00:00,Serie B,Cuiaba,Goias,Over/Under Goals,Under 3.5,1.22,,,WON,
2025-11-08T01:00:00+00:00,Liga MX,FC Juarez,Club Queretaro,Over/Under Goals,Over 1.5,1.28,,,WON,
2025-11-08T01:00:00+00:00,Liga Panameña de Fútbol,Deportivo Universitario,Herrera,Over/Under Goals,Under 2.5,1.7,,,WON,
2025-11-08T01:00:00+00:00,Liga Panameña de Fútbol,San Francisco FC,Veraguas,Over/Under Goals,Under 2.5,1.57,,,LOST,
2025-11-08T01:00:00+00:00,Liga Premier Serie A,Cañoneros Marina,Deportiva Venados,Over/Under Goals,Under 3.5,1.45,,,LOST,
2025-11-08T01:00:00+00:00,Liga Premier Serie A,Inter Playa del Carmen,Celaya,Double Chance,Draw/Away,1.57,,,WON,
2025-11-08T01:00:00+00:00,Liga de Expansión MX,Alebrijes de Oaxaca,Correcaminos Uat,Asian Handicap,Home +0.5,1.17,,,WON,
2025-11-08T01:00:00+00:00,Liga de Expansión MX,Mineros de Zacatecas,Irapuato,Double Chance,Home/Draw,1.18,,,WON,
2025-11-08T01:00:00+00:00,NWSL Women,Orlando Pride W,Seattle Reign FC,Over/Under Goals,Under 3.5,1.29,,,WON,
2025-11-08T01:20:00+00:00,Primera A,Deportes Tolima,Llaneros,Over/Under Goals,Under 3.5,1.25,,,LOST,
2025-11-08T02:00:00+00:00,Liga Premier Serie A,Cimarrones,Reboceros La Piedad,Over/Under Goals,Under 3.5,1.5,,,WON,
2025-11-08T02:00:00+00:00,Primera Division,Universitario,Deportivo Garcilaso,Over/Under Goals,Under 2.5,2.6,,,WON,
2025-11-08T03:00:00+00:00,Liga MX,Club Tijuana,Atlas,Over/Under Goals,Under 3.5,1.57,,,WON,
2025-11-08T03:00:00+00:00,Liga MX,Mazatlán,Necaxa,Over/Under Goals,Over 1.5,1.2,,,WON,
2025-11-08T03:00:00+00:00,Liga de Expansión MX,CA La Paz,Atlante FC,Over/Under Goals,Over 1.5,1.2,,,WON,
2025-11-08T05:00:00+00:00,J. League Div.1,Kashima,Yokohama FC,Over/Under Goals,Under 3.5,1.22,,,WON,
2025-11-08T05:00:00+00:00,J. League Div.1,Tokyo Verdy,Avispa Fukuoka,Over/Under Goals,Under 2.5,1.38,,,WON,
2025-11-08T05:00:00+00:00,J2 League,Consadole Sapporo,Oita Trinita,Over/Under Goals,Under 3.5,1.18,,,LOST,
2025-11-08T05:00:00+00:00,J3 League,Nara Club,Vanraure Hachinohe,Over/Under Goals,Under 3.5,1.21,,,WON,
2025-11-08T05:00:00+00:00,J3 League,Tochigi City,Kamatamare Sanuki,Over/Under Goals,Under 3.5,1.38,,,LOST,
2025-11-08T05:00:00+00:00,K League 2,Hwaseong,Gyeongnam FC,Over/Under Goals,Under 3.5,1.33,,,WON,
2025-11-08T05:00:00+00:00,K League 2,Jeonnam Dragons,Incheon United,Over/Under Goals,Under 3.5,1.33,,,WON,
2025-11-08T05:00:00+00:00,K-League Classic,Daegu FC,Gwangju FC,Over/Under Goals,Under 3.5,1.33,,,WON,
2025-11-08T05:00:00+00:00,K-League Classic,Jeju United FC,FC Anyang,Over/Under Goals,Under 3.5,1.38,,,WON,
2025-11-08T05:00:00+00:00,K3 League,Changwon City,Busan Transportation,1X2 / Match Winner,Draw,3.25,,,LOST,
2025-11-08T05:00:00+00:00,K3 League,Daejeon Korail,Jeonbuk Motors II,Over/Under Goals,Under 3.5,1.31,,,WON,
2025-11-08T05:00:00+00:00,K3 League,Gangneung City,Pocheon,Over/Under Goals,Under 3.5,1.29,,,WON,
2025-11-08T05:00:00+00:00,K3 League,Gimhae City,Yangpyeong,Over/Under Goals,Under 3.5,1.19,,,WON,
2025-11-08T05:00:00+00:00,K3 League,Gyeongju HNP,Ulsan Citizen,1X2 / Match Winner,Draw,3.5,,,WON,
2025-11-08T05:00:00+00:00,K3 League,Mokpo City,Chuncheon,Over/Under Goals,Under 3.5,1.23,,,WON,
2025-11-08T05:00:00+00:00,K3 League,Siheung Citizen,Paju Citizen,Over/Under Goals,Under 3.5,1.22,,,WON,
2025-11-08T05:30:00+00:00,J2 League,Ehime FC,V-varen Nagasaki,Over/Under Goals,Under 3.5,1.53,,,LOST,
2025-11-08T06:00:00+00:00,A-League,Wellington Phoenix,Auckland,Team Total Goals,Over 0.5,1.17,,,WON,
2025-11-08T06:00:00+00:00,J. League Div.1,Kawasaki Frontale,Fagiano Okayama,Over/Under Goals,Over 1.5,1.2,,,WON,
2025-11-08T06:00:00+00:00,J. League Div.1,Shonan Bellmare,Albirex Niigata,Double Chance,Home/Draw,1.5,,,WON,
2025-11-08T06:30:00+00:00,League One,Guangzhou E-Power,Nantong Zhiyun,Over/Under Goals,Under 3.5,1.48,,,LOST,
2025-11-08T06:30:00+00:00,League One,Hebei Kungfu,Dalian Huayi,1X2 / Match Winner,Draw,3.1,,,WON,
2025-11-08T06:30:00+00:00,League One,Shaanxi Union,Guangxi Baoyun,Over/Under Goals,Over 1.5,1.22,,,WON,
2025-11-08T06:30:00+00:00,League One,Shanghai Jiading,Chongqing Tongliang Long,Over/Under Goals,Under 3.5,1.36,,,WON,
2025-11-08T06:30:00+00:00,League One,Shenyang Urban,Dongguan United,Over/Under Goals,Under 3.5,1.53,,,LOST,
2025-11-08T06:30:00+00:00,League One,Shenzhen Juniors,Qingdao Red Lions,Over/Under Goals,Under 3.5,1.42,,,WON,
2025-11-08T06:30:00+00:00,League One,Suzhou Dongwu,Heilongjiang Lava Spring,Over/Under Goals,Under 3.5,1.17,,,WON,
2025-11-08T06:30:00+00:00,League One,Yanbian Longding,Nanjing City,Over/Under Goals,Under 3.5,1.25,,,LOST,
2025-11-08T07:00:00+00:00,J. League Div.1,Kashiwa Reysol,Nagoya Grampus,Over/Under Goals,Over 1.5,1.3,,,LOST,
2025-11-08T07:30:00+00:00,K League 2,Busan I Park,Asan Mugunghwa,Over/Under Goals,Under 3.5,1.3,,,WON,
2025-11-08T07:30:00+00:00,K League 2,Cheonan City,Seongnam FC,Over/Under Goals,Under 3.5,1.25,,,LOST,
2025-11-08T07:30:00+00:00,K-League Classic,Gimcheon Sangmu FC,Gangwon FC,Asian Handicap,Home +0.25,1.42,,,LOST,
2025-11-08T07:30:00+00:00,K-League Classic,Jeonbuk Motors,Daejeon Citizen,Over/Under Goals,Under 3.5,1.48,,,LOST,
2025-11-08T08:30:00+00:00,Liga 1,Arema FC,Persija,Over/Under Goals,Under 3.5,1.37,,,WON,
2025-11-08T08:30:00+00:00,Liga 2,Barito Putera,PSS Sleman,Double Chance,Draw/Away,1.67,,,WON,
2025-11-08T08:35:00+00:00,A-League,Melbourne Victory,Melbourne City,Over/Under Goals,Under 3.5,1.33,,,WON,
2025-11-08T09:00:00+00:00,1. Liga U19,České Budějovice U19,Baník Ostrava U19,1X2 / Match Winner,Away,1.51,,,WON,
2025-11-08T09:00:00+00:00,Liga II,Bihor Oradea,Tunari,Over/Under Goals,Over 1.5,1.26,,,LOST,
2025-11-08T09:00:00+00:00,Liga II,CSM Reşiţa,Concordia,Over/Under Goals,Under 3.5,1.26,,,WON,
2025-11-08T09:00:00+00:00,Liga II,CSM Satu Mare,FC Bacau,Over/Under Goals,Under 3.5,1.42,,,WON,
2025-11-08T09:00:00+00:00,Liga II,Dumbrăviţa,Ceahlăul Piatra Neamţ,Asian Handicap,Away -0.25,1.44,,,WON,
2025-11-08T09:00:00+00:00,Liga II,Muscelul Câmpulung Elite,CSA Steaua Bucureşti,Over/Under Goals,Under 2.5,2.7,,,WON,
2025-11-08T09:00:00+00:00,Liga II,Sepsi OSK Sfantu Gheorghe,Slatina,Over/Under Goals,Under 3.5,1.22,,,LOST,
2025-11-08T09:00:00+00:00,Liga II,Viitorul Şelimbăr,Gloria Bistriţa,Over/Under Goals,Under 3.5,1.32,,,LOST,
2025-11-08T09:15:00+00:00,1. Liga U19,Pardubice U19,Mladá Boleslav U19,1X2 / Match Winner,Home,1.57,,,WON,
2025-11-08T09:15:00+00:00,3. liga - CFL A,Loko Vltavín,Viktoria Plzeň II,Over/Under Goals,Under 3.5,1.43,,,WON,
2025-11-08T09:15:00+00:00,3. liga - CFL A,Motorlet Praha,Kladno,Over/Under Goals,Under 3.5,1.43,,,LOST,
2025-11-08T09:15:00+00:00,3. liga - CFL B,Jablonec II,Pardubice II,Double Chance,Draw/Away,1.53,,,WON,
2025-11-08T09:15:00+00:00,3. liga - CFL B,Mladá Boleslav II,Ústí nad Orlicí,Over/Under Goals,Under 3.5,1.35,,,WON,
2025-11-08T09:15:00+00:00,3. liga - MSFL,Třinec,Sigma Olomouc II,Asian Handicap,Away -1.25,1.43,,,WON,
2025-11-08T09:15:00+00:00,4. liga - Divizie A,Povltava FA,Hluboka nad Vltavou,Over/Under Goals,Under 3.5,1.62,,,LOST,
2025-11-08T09:15:00+00:00,4. liga - Divizie B,Baník Sokolov,Tempo Praha,Double Chance,Draw/Away,1.36,,,LOST,
2025-11-08T09:15:00+00:00,FNL,Chrudim,Prostějov,1X2 / Match Winner,Draw,3.55,,,WON,
2025-11-08T10:00:00+00:00,2. Lig,Altınordu,Şanlıurfaspor,Over/Under Goals,Under 3.5,1.21,,,WON,
2025-11-08T10:00:00+00:00,2. Lig,Ankaragucu,Muğlaspor,Over/Under Goals,Under 3.5,1.3,,,WON,
2025-11-08T10:00:00+00:00,2. Lig,Batman Petrolspor,Karaman Belediyespor,Over/Under Goals,Under 3.5,1.45,,,WON,
2025-11-08T10:00:00+00:00,2. Lig,Elazığspor,Ankaraspor,Over/Under Goals,Over 1.5,1.22,,,WON,
2025-11-08T10:00:00+00:00,Erovnuli Liga 2,Samtredia,Spaeri,Over/Under Goals,Under 2.5,1.65,,,WON,
2025-11-08T10:00:00+00:00,First League,Lokomotiv Sofia,Botev Vratsa,Over/Under Goals,Under 3.5,1.22,,,WON,
2025-11-08T10:00:00+00:00,Liga II,Corvinul Hunedoara,FC Voluntari,Over/Under Goals,Under 3.5,1.28,,,WON,
2025-11-08T10:00:00+00:00,Premier League,Naftan,FC Slutsk,Over/Under Goals,Over 1.5,1.28,,,WON,
2025-11-08T10:00:00+00:00,Youth Championship,Krylya Sovetov U19,Ural U20,Over/Under Goals,Under 3.5,1.6,,,LOST,
2025-11-08T10:30:00+00:00,Meistriliiga,Kalju Nomme,Paide,Over/Under Goals,Under 3.5,1.4,,,WON,
2025-11-08T10:30:00+00:00,Meistriliiga,Laagri,FC Levadia Tallinn,1X2 / Match Winner,Away,1.17,,,LOST,
2025-11-08T10:30:00+00:00,Meistriliiga,Tallinna Kalev,Kuressaare,Over/Under Goals,Under 3.5,1.62,,,WON,
2025-11-08T10:30:00+00:00,Meistriliiga,Tammeka,Trans Narva,Over/Under Goals,Under 3.5,1.67,,,WON,
2025-11-08T10:30:00+00:00,Meistriliiga,Vaprus,Flora Tallinn,Over/Under Goals,Under 3.5,1.67,,,WON,
2025-11-08T10:30:00+00:00,TFF 1. Lig,Bandırmaspor,Boluspor,Over/Under Goals,Under 3.5,1.27,,,WON,
2025-11-08T10:30:00+00:00,TFF 1. Lig,Sivasspor,Manisa BBSK,Over/Under Goals,Under 3.5,1.4,,,LOST,
2025-11-08T11:00:00+00:00,1. Liga,JDFS Alberts,Riga Mariners,Double Chance,Draw/Away,1.5,,,LOST,
2025-11-08T11:00:00+00:00,2. Lig,24 Erzincanspor,Buca FK,Result + Total Goals,Home/Over 1.5,1.44,,,LOST,
2025-11-08T11:00:00+00:00,2. Lig,Erbaaspor,İnegölspor,Over/Under Goals,Over 2.5,1.57,,,WON,
2025-11-08T11:00:00+00:00,2. Lig,Erzin Spor,Kepez Belediyespor,Over/Under Goals,Over 1.5,1.15,,,WON,
2025-11-08T11:00:00+00:00,2. Lig,Halide Edip Adıvar,Kastamonuspor 1966,Over/Under Goals,Under 3.5,1.27,,,WON,
2025-11-08T11:00:00+00:00,Azadegan League,Shahrdari Noshahr,Naft Bandar Abbas,Over/Under Goals,Under 2.5,1.36,,,WON,
2025-11-08T11:00:00+00:00,III Liga - Group 2,Lipno Stęszew,Victoria Września,Over/Under Goals,Under 3.5,1.41,,,WON,
2025-11-08T11:00:00+00:00,III Liga - Group 3,Sparta Katowice,Polonia Nysa,Over/Under Goals,Over 1.5,1.17,,,WON,
2025-11-08T11:00:00+00:00,Premier League,Dynamo,Akron,Over/Under Goals,Under 3.5,1.7,,,WON,
2025-11-08T11:00:00+00:00,Premier League,Metalist 1925 Kharkiv,Zorya Luhansk,Over/Under Goals,Under 3.5,1.34,,,LOST,
2025-11-08T11:00:00+00:00,Segunda Liga,Penafiel,Sporting CP B,1X2 / Match Winner,Draw,3.35,,,WON,
2025-11-08T11:00:00+00:00,Super League,Kokand-1912,Pakhtakor,Over/Under Goals,Under 3.5,1.47,,,WON,
2025-11-08T11:00:00+00:00,Thai League 1,Sukhothai FC,Kanchanaburi,1X2 / Match Winner,Draw,3.54,,,WON,
2025-11-08T11:30:00+00:00,Azadegan League,Ario Eslamshahr,Niroye Zamini,Double Chance,Draw/Away,1.62,,,LOST,
2025-11-08T11:30:00+00:00,Erovnuli Liga 2,Rustavi,Lokomotivi Tbilisi,Over/Under Goals,Under 3.5,1.29,,,LOST,
2025-11-08T11:30:00+00:00,Serie A Women,Inter Milano W,Sassuolo W,Over/Under Goals,Under 3.5,1.35,,,LOST,
2025-11-08T11:30:00+00:00,Super Lig,Gazişehir Gaziantep,Rizespor,1X2 / Match Winner,Draw,3.75,,,WON,
2025-11-08T11:30:00+00:00,Thai League 1,Chiangrai United,Nakhon Ratchasima FC,Team Total Goals,Over 0.5,1.18,,,WON,
2025-11-08T11:45:00+00:00,Azadegan League,Mes Shahr-e Babak,Damash Gilanian,Asian Handicap,Home +0.25,1.17,,,WON,
2025-11-08T11:45:00+00:00,First NL,Jarun,Hrvace,Over/Under Goals,Under 3.5,1.25,,,WON,
2025-11-08T11:45:00+00:00,NB I,Ujpest,Gyori ETO FC,Over/Under Goals,Under 3.5,1.52,,,WON,
2025-11-08T12:00:00+00:00,2. Division,Ishøj,Brabrand,Double Chance,Draw/Away,1.67,,,WON,
2025-11-08T12:00:00+00:00,2. liga,Baník Lehota p.Vtáčnikom,Liptovský Mikuláš,Double Chance,Home/Draw,1.6,,,WON,
2025-11-08T12:00:00+00:00,2. liga,Považská Bystrica,Petržalka,Over/Under Goals,Under 3.5,1.35,,,WON,
2025-11-08T12:00:00+00:00,2. liga,Stará Ľubovňa,Lokomotíva Zvolen,Over/Under Goals,Under 3.5,1.41,,,WON,
2025-11-08T12:00:00+00:00,3. Division,Holbæk B&I,Vanløse,Over/Under Goals,Under 3.5,1.39,,,LOST,
2025-11-08T12:00:00+00:00,3. Division,Hørsholm-Usserød,Vejgaard B,Asian Handicap,Home +0,1.4,,,WON,
2025-11-08T12:00:00+00:00,Azadegan League,Mes Soongoun,Be'sat Kermanshah,Double Chance,Draw/Away,1.33,,,LOST,
2025-11-08T12:00:00+00:00,Bundesliga 2,Arminia Bielefeld,Karlsruher SC,Over/Under Goals,Over 1.5,1.18,,,WON,
2025-11-08T12:00:00+00:00,Bundesliga 2,FC Schalke 04,SV Elversberg,Over/Under Goals,Under 3.5,1.38,,,WON,
2025-11-08T12:00:00+00:00,Bundesliga 2,Hannover 96,SV Darmstadt 98,Over/Under Goals,Under 3.5,1.48,,,LOST,
2025-11-08T12:00:00+00:00,Damallsvenskan,Piteå W,Rosengård W,Over/Under Goals,Under 3.5,1.33,,,WON,
2025-11-08T12:00:00+00:00,FA WSL,Arsenal W,Chelsea W,Over/Under Goals,Over 1.5,1.25,,,WON,
2025-11-08T12:00:00+00:00,FA WSL,Manchester United W,Aston Villa W,Over/Under Goals,Over 1.5,1.15,,,LOST,
2025-11-08T12:00:00+00:00,First League,Arsenal Tula,Chayka,Over/Under Goals,Under 3.5,1.19,,,WON,
2025-11-08T12:00:00+00:00,First League,Bashkimi Kumanovo,FK Rabotnicki,Over/Under Goals,Under 3.5,1.3,,,WON,
2025-11-08T12:00:00+00:00,First League,Struga,Aresimi,Over/Under Goals,Over 2.5,1.62,,,WON,
2025-11-08T12:00:00+00:00,II Liga - East,Jastrzębie,Stal Stalowa Wola,Asian Handicap,Home +1.25,1.42,,,LOST,
2025-11-08T12:00:00+00:00,III Liga - Group 3,Górnik Polkowice,Górnik Zabrze II,Over/Under Goals,Under 3.5,1.56,,,WON,
2025-11-08T12:00:00+00:00,III Liga - Group 3,Warta Gorzów,Kluczbork,Over/Under Goals,Over 1.5,1.17,,,WON,
2025-11-08T12:00:00+00:00,Liga 1,Persis Solo,PSIM Yogyakarta,1X2 / Match Winner,Draw,3.35,,,WON,
2025-11-08T12:00:00+00:00,Oberliga - Bremen,Hemelingen,Geestemünde,1X2 / Match Winner,Home,1.6,,,WON,
2025-11-08T12:00:00+00:00,Premier League,FC Minsk,Neman,Double Chance,Draw/Away,1.22,,,WON,
2025-11-08T12:00:00+00:00,Prva Liga,Kabel Novi Sad,Grafičar,Double Chance,Draw/Away,1.5,,,WON,
2025-11-08T12:00:00+00:00,Prva Liga,Zemun,Dubočica,Over/Under Goals,Under 3.5,1.21,,,WON,
2025-11-08T12:00:00+00:00,Regionalliga - Nord,Hannover 96 II,Hamburger SV II,Team Total Goals,Under 2.5,1.4,,,WON,
2025-11-08T12:00:00+00:00,Second League - Group 1,Rostov II,Nart Cherkessk,Over/Under Goals,Under 3.5,1.35,,,WON,
2025-11-08T12:00:00+00:00,Second League,Bregalnica Štip,Belasica,Double Chance,Home/Draw,1.2,,,LOST,
2025-11-08T12:00:00+00:00,Super League 2,Asteras Tripolis II,Kavala,Over/Under Goals,Under 3.5,1.25,,,WON,
2025-11-08T12:00:00+00:00,Super League 2,Iraklis 1908,PAS Giannina,BTTS,No,1.46,,,WON,
2025-11-08T12:00:00+00:00,Super League,Bunyodkor,Dinamo Samarqand,Team Total Goals,Over 0.5,1.19,,,WON,
2025-11-08T12:00:00+00:00,Thai League 1,Uthai Thani,Muangthong United,Double Chance,Home/Draw,1.6,,,WON,
2025-11-08T12:30:00+00:00,2. Division,Doxa,Halkanoras,Over/Under Goals,Under 3.5,1.25,,,WON,
2025-11-08T12:30:00+00:00,2. Division,Nea Salamis,AE Zakakiou,Over/Under Goals,Under 3.5,1.75,,,WON,
2025-11-08T12:30:00+00:00,2. Division,VSK Århus,Fremad Amager,1X2 / Match Winner,Draw,3.35,,,WON,
2025-11-08T12:30:00+00:00,Championship,Blackburn,Derby,Over/Under Goals,Under 3.5,1.22,,,WON,
2025-11-08T12:30:00+00:00,Championship,Hull City,Portsmouth,Asian Handicap,Home +0,1.57,,,WON,
2025-11-08T12:30:00+00:00,Championship,Millwall,Preston,Over/Under Goals,Over 1.5,1.4,,,WON,
2025-11-08T12:30:00+00:00,III Liga - Group 2,Wda Świecie,Pogoń Szczecin II,Double Chance,Home/Draw,1.67,,,WON,
2025-11-08T12:30:00+00:00,League One,Northampton,Mansfield Town,Over/Under Goals,Under 3.5,1.22,,,WON,
2025-11-08T12:30:00+00:00,League One,Wycombe,Leyton Orient,Asian Handicap,Away -1.25,1.45,,,LOST,
2025-11-08T12:30:00+00:00,League Two,Colchester,Bromley,Over/Under Goals,Over 1.5,1.28,,,WON,
2025-11-08T12:30:00+00:00,League Two,Crewe,Shrewsbury,Team Total Goals,Over 0.5,1.55,,,WON,
2025-11-08T12:30:00+00:00,Liga I,Petrolul Ploiesti,Oţelul,Over/Under Goals,Over 1.5,1.5,,,LOST,
2025-11-08T12:30:00+00:00,National League,Aldershot Town,Forest Green,Over/Under Goals,Over 1.5,1.28,,,WON,
2025-11-08T12:30:00+00:00,Premier League,Tottenham,Manchester United,Over/Under Goals,Under 3.5,1.5,,,LOST,
2025-11-08T12:30:00+00:00,Premijer Liga,Sloga Doboj,Siroki Brijeg,Over/Under Goals,Under 2.5,1.5,,,WON,
2025-11-08T12:30:00+00:00,Second League,Belasitsa,Sevlievo,Over/Under Goals,Under 2.5,1.57,,,WON,
2025-11-08T12:30:00+00:00,Second League,Chernomorets 1919 Burgas,Marek,Team Total Goals,Under 2.5,1.25,,,LOST,
2025-11-08T12:30:00+00:00,Second League,Hebar 1918,Etar Veliko Tarnovo,Team Total Goals,Over 0.5,1.53,,,LOST,
2025-11-08T12:30:00+00:00,Second League,Lokomotiv G. Oryahovitsa,Ludogorets II,Over/Under Goals,Under 3.5,1.22,,,WON,
2025-11-08T12:30:00+00:00,Second League,Pirin Blagoevgrad,Sportist Svoge,1X2 / Match Winner,Home,1.59,,,LOST,
2025-11-08T12:30:00+00:00,Super League Women,Genk W,OH Leuven W,Over/Under Goals,Under 3.5,1.38,,,WON,
2025-11-08T12:30:00+00:00,Super League,Ekwendeni Hammers,Moyale Barracks,Double Chance,Home/Draw,1.44,,,WON,
2025-11-08T12:30:00+00:00,Super League,Kamuzu Barracks,Karonga United,Double Chance,Draw/Away,1.57,,,LOST,
2025-11-08T12:30:00+00:00,Tweede Divisie,Rijnsburgse Boys,Katwijk,Over/Under Goals,Over 1.5,1.15,,,WON,
2025-11-08T12:45:00+00:00,Segunda División,Deportivo Maldonado,Colón,Over/Under Goals,Under 3.5,1.16,,,WON,
2025-11-08T13:00:00+00:00,1. Division,B 93,Lyngby,Over/Under Goals,Over 1.5,1.18,,,WON,
2025-11-08T13:00:00+00:00,1. Liga Promotion,Young Boys II,Cham,Asian Handicap,Home +0.25,1.48,,,WON,
2025-11-08T13:00:00+00:00,1st Division,Kastrioti Krujë,Luftëtari,Double Chance,Home/Draw,1.2,,,WON,
2025-11-08T13:00:00+00:00,1st Division,Korabi Peshkopi,FK Kukesi,1X2 / Match Winner,Home,1.55,,,WON,
2025-11-08T13:00:00+00:00,2. SNL,Bilje,Beltinci,Over/Under Goals,Under 3.5,1.33,,,WON,
2025-11-08T13:00:00+00:00,2. SNL,Jesenice,Krka,Over/Under Goals,Over 1.5,1.19,,,WON,
2025-11-08T13:00:00+00:00,2. SNL,Krško,Dravinja,Over/Under Goals,Under 3.5,1.48,,,WON,
2025-11-08T13:00:00+00:00,3. Division,Brønshøj,Nykobing FC,Over/Under Goals,Under 3.5,1.43,,,WON,
2025-11-08T13:00:00+00:00,3. Division,FA 2000,Sundby,Over/Under Goals,Under 3.5,1.37,,,WON,
2025-11-08T13:00:00+00:00,3. Division,Frem,Odder,Over/Under Goals,Under 3.5,1.28,,,WON,
2025-11-08T13:00:00+00:00,3. Division,Næsby,Lyseng,Over/Under Goals,Under 3.5,1.8,,,WON,
2025-11-08T13:00:00+00:00,3. Liga,Energie Cottbus,VfL Osnabrück,Over/Under Goals,Over 1.5,1.22,,,LOST,
2025-11-08T13:00:00+00:00,3. Liga,FC Ingolstadt 04,Rot-Weiß Essen,Over/Under Goals,Under 3.5,1.62,,,WON,
2025-11-08T13:00:00+00:00,3. Liga,FC Schweinfurt 05,Hoffenheim II,Over/Under Goals,Over 1.5,1.17,,,WON,
2025-11-08T13:00:00+00:00,3. Liga,SSV Ulm 1846,Hansa Rostock,Over/Under Goals,Over 1.5,1.22,,,WON,
2025-11-08T13:00:00+00:00,3. Liga,Verl,Erzgebirge Aue,Over/Under Goals,Over 1.5,1.18,,,WON,
2025-11-08T13:00:00+00:00,3. liga - CFL A,Jiskra Domažlice,Bohemians 1905 II,BTTS,Yes,1.36,,,WON,
2025-11-08T13:00:00+00:00,3. liga - CFL B,Arsenal Česká Lípa,Teplice II,Over/Under Goals,Under 3.5,1.61,,,WON,
2025-11-08T13:00:00+00:00,3. liga - MSFL,Hodonín,Blansko,1X2 / Match Winner,Home,1.24,,,WON,
2025-11-08T13:00:00+00:00,3. liga - MSFL,Start Brno,Uničov,Over/Under Goals,Under 3.5,1.71,,,WON,
2025-11-08T13:00:00+00:00,3. liga - MSFL,Unie Hlubina,Frýdek-Místek,Double Chance,Home/Draw,1.67,,,WON,
2025-11-08T13:00:00+00:00,A Lyga,Dainava,FK Trakai,Over/Under Goals,Under 3.5,1.36,,,WON,
2025-11-08T13:00:00+00:00,A Lyga,Hegelmann Litauen,Suduva Marijampole,Over/Under Goals,Under 3.5,1.3,,,WON,
2025-11-08T13:00:00+00:00,A Lyga,Kauno Žalgiris,Banga,1X2 / Match Winner,Draw,5.0,,,WON,
2025-11-08T13:00:00+00:00,A Lyga,Panevėžys,FK Zalgiris Vilnius,Double Chance,Draw/Away,1.42,,,LOST,
2025-11-08T13:00:00+00:00,A Lyga,Šiauliai,Džiugas Telšiai,Double Chance,Home/Draw,1.24,,,WON,
2025-11-08T13:00:00+00:00,Damallsvenskan,Brommapojkarna W,AIK,Double Chance,Draw/Away,1.67,,,LOST,
2025-11-08T13:00:00+00:00,Damallsvenskan,Djurgården,Häcken,Over/Under Goals,Over 1.5,1.17,,,WON,
2025-11-08T13:00:00+00:00,Eliteserien,Sarpsborg 08 FF,Fredrikstad,Over/Under Goals,Over 1.5,1.18,,,WON,
2025-11-08T13:00:00+00:00,FNL,Hanácká,Baník Ostrava II,Asian Handicap,Home +0.25,1.58,,,LOST,
2025-11-08T13:00:00+00:00,First League,Levski Sofia,CSKA Sofia,Over/Under Goals,Under 3.5,1.2,,,WON,
2025-11-08T13:00:00+00:00,First League,Rodina Moskva,FK Neftekhimik,Over/Under Goals,Under 2.5,1.67,,,WON,
2025-11-08T13:00:00+00:00,First NL,Dubrava Zagreb,Dugopolje,Over/Under Goals,Under 2.5,1.53,,,WON,
2025-11-08T13:00:00+00:00,Frauen Bundesliga,VfL Wolfsburg W,Eintracht Frankfurt W,Team Total Goals,Under 2.5,1.57,,,WON,
2025-11-08T13:00:00+00:00,II Liga - East,Świt Skolwin,Rekord Bielsko-Biała,Over/Under Goals,Under 3.5,1.41,,,LOST,
2025-11-08T13:00:00+00:00,III Liga - Group 4,Czarni Połaniec,Korona Kielce II,Asian Handicap,Home +0.5,1.43,,,WON,
2025-11-08T13:00:00+00:00,La Liga,Girona,Alaves,Over/Under Goals,Under 3.5,1.2,,,WON,
2025-11-08T13:00:00+00:00,Ligat Ha'al,Hapoel Katamon,Hapoel Tel Aviv,1X2 / Match Winner,Draw,4.0,,,WON,
2025-11-08T13:00:00+00:00,Ligue 2,Guingamp,PAU,Double Chance,Draw/Away,1.7,,,WON,
2025-11-08T13:00:00+00:00,Ligue 2,Le Mans,RED Star FC 93,1X2 / Match Winner,Draw,3.25,,,WON,
2025-11-08T13:00:00+00:00,Oberliga - Bayern Nord,Eintracht Bamberg,Coburg,1X2 / Match Winner,Home,1.65,,,WON,
2025-11-08T13:00:00+00:00,Oberliga - Bayern Süd,Nordlingen,Heimstetten,Team Total Goals,Under 2.5,1.34,,,LOST,
2025-11-08T13:00:00+00:00,Oberliga - Hessen,Eintracht Frankfurt II,Kassel,1X2 / Match Winner,Home,1.45,,,WON,
2025-11-08T13:00:00+00:00,Premier League,Ilbirs,Abdish-Ata,Over/Under Goals,Under 3.5,1.39,,,LOST,
2025-11-08T13:00:00+00:00,Primera División RFEF - Group 2,Teruel,FC Cartagena,Over/Under Goals,Under 2.5,1.44,,,LOST,
2025-11-08T13:00:00+00:00,Regionalliga - Bayern,Bayern München II,Viktoria Aschaffenburg,Team Total Goals,Over 0.5,1.5,,,WON,
2025-11-08T13:00:00+00:00,Regionalliga - Bayern,Greuther Fürth II,Vilzing,Over/Under Goals,Under 3.5,1.4,,,LOST,
2025-11-08T13:00:00+00:00,Regionalliga - Bayern,Hankofen-Hailing,Nürnberg II,1X2 / Match Winner,Away,1.26,,,WON,
2025-11-08T13:00:00+00:00,Regionalliga - Bayern,Memmingen,Augsburg II,Over/Under Goals,Under 3.5,1.4,,,WON,
2025-11-08T13:00:00+00:00,Regionalliga - Bayern,Schwaben Augsburg,Illertissen,Asian Handicap,Home +1.25,1.52,,,WON,
2025-11-08T13:00:00+00:00,Regionalliga - Bayern,Würzburger Kickers,Ansbach,Over/Under Goals,Under 3.5,1.5,,,LOST,
2025-11-08T13:00:00+00:00,Regionalliga - Nord,Phönix Lübeck,Weiche Flensburg,1X2 / Match Winner,Home,1.55,,,LOST,
2025-11-08T13:00:00+00:00,Regionalliga - Nord,SV Meppen,Kickers Emden,1X2 / Match Winner,Home,1.45,,,LOST,
2025-11-08T13:00:00+00:00,Regionalliga - Nord,Werder Bremen II,Schöningen,BTTS,Yes,1.36,,,WON,
2025-11-08T13:00:00+00:00,Regionalliga - Nordost,BSG Chemie Leipzig,ZFC Meuselwitz,Over/Under Goals,Under 3.5,1.36,,,WON,
2025-11-08T13:00:00+00:00,Regionalliga - Nordost,FC Rot-Weiß Erfurt,FSV Zwickau,Over/Under Goals,Under 3.5,1.44,,,LOST,
2025-11-08T13:00:00+00:00,Regionalliga - SudWest,Balingen,Schott Mainz,Team Total Goals,Under 2.5,1.2,,,WON,
2025-11-08T13:00:00+00:00,Regionalliga - SudWest,Barockstadt Fulda-Lehn.,SG Sonnenhof Grossaspach,Team Total Goals,Under 2.5,1.2,,,WON,
2025-11-08T13:00:00+00:00,Regionalliga - SudWest,Eintracht Trier,Bahlinger SC,1X2 / Match Winner,Home,1.42,,,WON,
2025-11-08T13:00:00+00:00,Regionalliga - SudWest,SV Sandhausen,SGV Freiberg,Asian Handicap,Home +1.25,1.58,,,WON,
2025-11-08T13:00:00+00:00,Regionalliga - SudWest,Stuttgarter Kickers,FC Astoria Walldorf,Over/Under Goals,Under 3.5,1.8,,,WON,
2025-11-08T13:00:00+00:00,Regionalliga - West,Borussia Dortmund II,Schalke 04 II,Asian Handicap,Home +0.25,1.62,,,WON,
2025-11-08T13:00:00+00:00,Regionalliga - West,FC Bocholt,Borussia M'gladbach II,Over/Under Goals,Over 1.5,1.17,,,WON,
2025-11-08T13:00:00+00:00,Regionalliga - West,SSVg Velbert,Wiedenbrück,Over/Under Goals,Over 1.5,1.17,,,WON,
2025-11-08T13:00:00+00:00,Regionalliga - West,SV Rodinghausen,Köln II,Over/Under Goals,Over 2.5,1.53,,,WON,
2025-11-08T13:00:00+00:00,Second League - Group 1,Sevastopol,Kuban Kholding,Over/Under Goals,Under 3.5,1.27,,,WON,
2025-11-08T13:00:00+00:00,Segunda Division,Real Sociedad II,Leganes,Over/Under Goals,Under 3.5,1.25,,,WON,
2025-11-08T13:00:00+00:00,Serie A Women,AC Milan W,Juventus W,Over/Under Goals,Over 1.5,1.2,,,WON,
2025-11-08T13:00:00+00:00,Super League 2,Kissamikos,Panionios,Over/Under Goals,Under 3.5,1.16,,,WON,
2025-11-08T13:00:00+00:00,Super Liga,Radnik Surdulica,OFK Beograd,Double Chance,Draw/Away,1.65,,,LOST,
2025-11-08T13:00:00+00:00,Superliga,Tirana,Vora,Over/Under Goals,Under 3.5,1.18,,,WON,
2025-11-08T13:00:00+00:00,TFF 1. Lig,Sakaryaspor,Serik Belediyespor,Over/Under Goals,Over 1.5,1.23,,,WON,
2025-11-08T13:15:00+00:00,Super League,Nasaf,Mash'al,Over/Under Goals,Under 3.5,1.32,,,WON,
2025-11-08T13:20:00+00:00,Premier League,Budaiya,Al Najma,Over/Under Goals,Under 3.5,1.33,,,WON,
2025-11-08T13:30:00+00:00,Derde Divisie - Saturday,Harkemase Boys,ADO '20,Double Chance,Home/Draw,1.44,,,LOST,
2025-11-08T13:30:00+00:00,Derde Divisie - Sunday,SVV Scheveningen,SteDoCo,Double Chance,Draw/Away,1.44,,,WON,
2025-11-08T13:30:00+00:00,Erste Liga,Rapid Wien II,Austria Klagenfurt,Double Chance,Home/Draw,1.57,,,WON,
2025-11-08T13:30:00+00:00,Erste Liga,Schwarz-Weiß Bregenz,Austria Lustenau,Over/Under Goals,Under 3.5,1.5,,,WON,
2025-11-08T13:30:00+00:00,I Liga,Wisla Krakow,Polonia Warszawa,1X2 / Match Winner,Home,1.44,,,LOST,
2025-11-08T13:30:00+00:00,Ligue 1,CR Belouizdad,USM Alger,Asian Handicap,Away -1.25,1.6,,,WON,
2025-11-08T13:30:00+00:00,Ligue 1,Khenchela,Mostaganem,Over/Under Goals,Under 3.5,1.16,,,WON,
2025-11-08T13:30:00+00:00,Premier League,Dinamo Makhachkala,CSKA Moscow,Over/Under Goals,Under 3.5,1.17,,,WON,
2025-11-08T13:30:00+00:00,Premier League,Nizhny Novgorod,Rubin,Over/Under Goals,Under 3.5,1.23,,,WON,
2025-11-08T13:30:00+00:00,Premier League,Veres Rivne,Ruh Lviv,Over/Under Goals,Under 3.5,1.15,,,WON,
2025-11-08T13:30:00+00:00,Serie C - Girone A,Arzignano Valchiampo,Pergolettese,Over/Under Goals,Under 3.5,1.18,,,WON,
2025-11-08T13:30:00+00:00,Serie C - Girone A,Dolomiti Bellunesi,Cittadella,Over/Under Goals,Under 3.5,1.2,,,WON,
2025-11-08T13:30:00+00:00,Serie C - Girone A,Renate,Virtus Verona,Over/Under Goals,Under 3.5,1.19,,,WON,
2025-11-08T13:30:00+00:00,Serie C - Girone B,Bra,Pineto,Over/Under Goals,Over 1.5,1.4,,,WON,
2025-11-08T13:30:00+00:00,Serie C - Girone C,Atalanta II,Giugliano,1X2 / Match Winner,Home,1.55,,,LOST,
2025-11-08T13:30:00+00:00,Serie C - Girone C,Trapani 1905,AZ Picerno,Over/Under Goals,Under 3.5,1.3,,,WON,
2025-11-08T13:30:00+00:00,Tweede Divisie,ACV,De Treffers,Over/Under Goals,Over 1.5,1.15,,,WON,
2025-11-08T13:30:00+00:00,Tweede Divisie,Barendrecht,Koninklijke HFC,Asian Handicap,Home +0,1.63,,,WON,
2025-11-08T13:30:00+00:00,Tweede Divisie,HHC,GVVV Veenendaal,Asian Handicap,Away -1.25,1.4,,,WON,
2025-11-08T13:45:00+00:00,Ekstraklasa,Lechia Gdansk,Widzew Łódź,Asian Handicap,Away -0.5,1.62,,,LOST,
2025-11-08T13:45:00+00:00,NB I,Zalaegerszegi TE,Diosgyori VTK,Over/Under Goals,Over 1.5,1.2,,,WON,
2025-11-08T13:50:00+00:00,Pro League,NEOM,Al-Nassr,1X2 / Match Winner,Away,1.4,,,WON,
2025-11-08T14:00:00+00:00,1. Division,Akritas,Olympiakos,1X2 / Match Winner,Draw,3.25,,,WON,
2025-11-08T14:00:00+00:00,1. Liga Promotion,Bavois,Kreuzlingen,1X2 / Match Winner,Home,1.33,,,LOST,
2025-11-08T14:00:00+00:00,1. Liga Promotion,Paradiso,SC Kriens,Double Chance,Draw/Away,1.19,,,WON,
2025-11-08T14:00:00+00:00,1. SNL,Aluminij,NK Domzale,Over/Under Goals,Over 1.5,1.22,,,WON,
2025-11-08T14:00:00+00:00,2. Division,AB Copenhagen,Vendsyssel FF,Over/Under Goals,Under 3.5,1.44,,,LOST,
2025-11-08T14:00:00+00:00,Campionato,Cailungo,Tre Fiori,Over/Under Goals,Under 3.5,1.44,,,LOST,
2025-11-08T14:00:00+00:00,Czech Liga,Dukla Praha,Mlada Boleslav,Double Chance,Home/Draw,1.42,,,LOST,
2025-11-08T14:00:00+00:00,Czech Liga,Hradec Králové,Slovácko,Double Chance,Home/Draw,1.17,,,WON,
2025-11-08T14:00:00+00:00,Czech Liga,Zlin,Bohemians 1905,Over/Under Goals,Under 3.5,1.28,,,WON,
2025-11-08T14:00:00+00:00,Damallsvenskan,Norrköping W,Malmö FF W,Over/Under Goals,Under 3.5,1.4,,,LOST,
2025-11-08T14:00:00+00:00,Erovnuli Liga,Telavi,Dila,Over/Under Goals,Under 2.5,1.7,,,WON,
2025-11-08T14:00:00+00:00,Ettan - Södra,Ariana,Torslanda,1X2 / Match Winner,Home,1.67,,,LOST,
2025-11-08T14:00:00+00:00,Ettan - Södra,Eskilsminne,Jonkopings Sodra,Team Total Goals,Under 2.5,1.22,,,WON,
2025-11-08T14:00:00+00:00,Ettan - Södra,Husqvarna,Rosengård,Asian Handicap,Home +0.5,1.16,,,WON,
2025-11-08T14:00:00+00:00,Ettan - Södra,Hässleholms IF,Angelholms FF,Over/Under Goals,Under 3.5,1.36,,,WON,
2025-11-08T14:00:00+00:00,Ettan - Södra,Lund,IFK Skövde,1X2 / Match Winner,Home,1.52,,,WON,
2025-11-08T14:00:00+00:00,Ettan - Södra,Oskarshamns AIK,Ljungskile SK,Double Chance,Draw/Away,1.4,,,LOST,
2025-11-08T14:00:00+00:00,Ettan - Södra,Skövde AIK,Olympic,Asian Handicap,Home +0.25,1.4,,,WON,
2025-11-08T14:00:00+00:00,Ettan - Södra,Trollhättan,Norrby IF,1X2 / Match Winner,Away,1.57,,,WON,
2025-11-08T14:00:00+00:00,First League,KAMAZ,Volga Ulyanovsk,Asian Handicap,Home +0,1.43,,,LOST,
2025-11-08T14:00:00+00:00,Oberliga - Rheinland-Pfalz / Saar,Hertha Wiesbach,Gau-Odernheim,Double Chance,Draw/Away,1.42,,,LOST,
2025-11-08T14:00:00+00:00,Premier League,Dinamo Minsk,Arsenal,Over/Under Goals,Under 3.5,1.35,,,WON,
2025-11-08T14:00:00+00:00,Prva HNL,NK Lokomotiva Zagreb,NK Slaven Belupo,Double Chance,Draw/Away,1.6,,,WON,
2025-11-08T14:00:00+00:00,Segunda Liga,Portimonense,Oliveirense,Asian Handicap,Away -1.25,1.4,,,WON,
2025-11-08T14:00:00+00:00,Serie A,Como,Cagliari,Over/Under Goals,Under 3.5,1.33,,,WON,
2025-11-08T14:00:00+00:00,Serie A,Lecce,Verona,Over/Under Goals,Under 3.5,1.17,,,WON,
2025-11-08T14:00:00+00:00,Serie B,Empoli,Catanzaro,Double Chance,Draw/Away,1.62,,,LOST,
2025-11-08T14:00:00+00:00,Serie B,Frosinone,Modena,Double Chance,Home/Draw,1.48,,,WON,
2025-11-08T14:00:00+00:00,Serie B,Mantova,Padova,Over/Under Goals,Under 3.5,1.3,,,WON,
2025-11-08T14:00:00+00:00,Serie B,Reggiana,Virtus Entella,Over/Under Goals,Over 1.5,1.48,,,LOST,
2025-11-08T14:00:00+00:00,Serie B,Sudtirol,Carrarese,Over/Under Goals,Over 1.5,1.38,,,WON,
2025-11-08T14:00:00+00:00,Super Lig,Trabzonspor,Alanyaspor,Over/Under Goals,Under 3.5,1.33,,,WON,
2025-11-08T14:00:00+00:00,Superettan,GIF Sundsvall,Orgryte IS,Over/Under Goals,Under 3.5,1.57,,,WON,
2025-11-08T14:00:00+00:00,Superettan,IK brage,Landskrona BoIS,Over/Under Goals,Under 3.5,1.57,,,LOST,
2025-11-08T14:00:00+00:00,Superettan,Kalmar FF,Falkenbergs FF,Over/Under Goals,Under 3.5,1.5,,,WON,
2025-11-08T14:00:00+00:00,Superettan,Oddevold,Helsingborg,Team Total Goals,Under 2.5,1.22,,,WON,
2025-11-08T14:00:00+00:00,Superettan,Sandviken,Ostersunds FK,Over/Under Goals,Under 3.5,1.53,,,LOST,
2025-11-08T14:00:00+00:00,Superettan,Utsikten,Umeå FC,Over/Under Goals,Over 1.5,1.22,,,WON,
2025-11-08T14:00:00+00:00,Superettan,Vasteras SK FK,Varbergs BoIS FC,1X2 / Match Winner,Home,1.55,,,WON,
2025-11-08T14:00:00+00:00,Superettan,trelleborgs FF,Orebro SK,Over/Under Goals,Under 3.5,1.44,,,WON,
2025-11-08T14:00:00+00:00,Tweede Divisie,Ijsselmeervogels,RKAV Volendam,Double Chance,Draw/Away,1.65,,,WON,
2025-11-08T14:00:00+00:00,Tweede Divisie,Kozakken Boys,Hoek,Over/Under Goals,Under 3.5,1.39,,,LOST,
2025-11-08T14:00:00+00:00,Tweede Divisie,Quick Boys,Excelsior Maassluis,Over/Under Goals,Under 3.5,1.47,,,WON,
2025-11-08T14:15:00+00:00,Tweede Divisie,AFC Amsterdam,Sparta Rotterdam II,Asian Handicap,Away -1.25,1.54,,,WON,
2025-11-08T14:30:00+00:00,1. Liga Promotion,Basel II,Breitenrain,Over/Under Goals,Under 3.5,1.68,,,WON,
2025-11-08T14:30:00+00:00,Bundesliga 1,1899 Hoffenheim,RB Leipzig,Over/Under Goals,Over 2.5,1.42,,,WON,
2025-11-08T14:30:00+00:00,Bundesliga 1,Bayer Leverkusen,1. FC Heidenheim,1X2 / Match Winner,Home,1.44,,,WON,
2025-11-08T14:30:00+00:00,Bundesliga 1,Hamburger SV,Borussia Dortmund,Over/Under Goals,Under 3.5,1.7,,,WON,
2025-11-08T14:30:00+00:00,Bundesliga 1,Union Berlin,Bayern München,Over/Under Goals,Under 3.5,1.8,,,LOST,
2025-11-08T14:30:00+00:00,Premier League,Barry Town,Flint Town United,Asian Handicap,Home +0,1.42,,,WON,
2025-11-08T14:30:00+00:00,Premier League,Caernarfon Town,Haverfordwest County AFC,1X2 / Match Winner,Home,1.57,,,LOST,
2025-11-08T14:30:00+00:00,Premier League,Colwyn Bay,llanelli AFC,Over/Under Goals,Under 3.5,1.57,,,LOST,
2025-11-08T14:30:00+00:00,Segunda División RFEF - Group 1,Racing Santander II,Gimnástica Segoviana,Over/Under Goals,Under 2.5,1.5,,,LOST,
2025-11-08T14:30:00+00:00,Stars League,UMM Salal,Al Sadd,Team Total Goals,Over 0.5,1.33,,,WON,
2025-11-08T14:30:00+00:00,Super Liga,AS Trencin,FK Košice,Over/Under Goals,Under 3.5,1.5,,,WON,
2025-11-08T14:30:00+00:00,Super Liga,Podbrezová,Skalica,Asian Handicap,Away -1.25,1.52,,,LOST,
2025-11-08T14:30:00+00:00,Super Liga,Ružomberok,Dunajska Streda,Over/Under Goals,Under 3.5,1.38,,,WON,
2025-11-08T14:45:00+00:00,Pro League,Al Shabab,Al-Ettifaq,1X2 / Match Winner,Draw,3.8,,,WON,
2025-11-08T15:00:00+00:00,1. Division,Asane,Kongsvinger,Result + Total Goals,Away/Over 1.5,1.44,,,LOST,
2025-11-08T15:00:00+00:00,1. Division,Lillestrom,Stabaek,Result + Total Goals,Home/Over 1.5,1.4,,,WON,
2025-11-08T15:00:00+00:00,1. Division,Lyn,Start,Over/Under Goals,Under 3.5,1.4,,,WON,
2025-11-08T15:00:00+00:00,1. Division,Mjondalen,Egersund,Over/Under Goals,Under 3.5,1.53,,,WON,
2025-11-08T15:00:00+00:00,1. Division,Moss,Raufoss,Over/Under Goals,Under 3.5,1.5,,,WON,
2025-11-08T15:00:00+00:00,1. Division,Skeid,ODD Ballklubb,Over/Under Goals,Over 1.5,1.17,,,WON,
2025-11-08T15:00:00+00:00,1. Division,Sogndal,Ranheim,Over/Under Goals,Under 3.5,1.53,,,WON,
2025-11-08T15:00:00+00:00,1. Division,hodd,Aalesund,Over/Under Goals,Under 3.5,1.5,,,WON,
2025-11-08T15:00:00+00:00,1. Liga Promotion,Luzern II,Grand-Saconnex,BTTS,Yes,1.27,,,WON,
2025-11-08T15:00:00+00:00,2. Lig,Adana 1954 FK,Tuzlaspor,Over/Under Goals,Under 3.5,1.29,,,WON,
2025-11-08T15:00:00+00:00,2. SNL,Tabor Sežana,Slovan Ljubljana,Over/Under Goals,Under 3.5,1.43,,,WON,
2025-11-08T15:00:00+00:00,Botola Pro,Hassania Agadir,Olympique Dcheïra,Over/Under Goals,Under 2.5,1.65,,,LOST,
2025-11-08T15:00:00+00:00,Championship,Armagh City,Ards,Double Chance,Home/Draw,1.55,,,WON,
2025-11-08T15:00:00+00:00,Championship,Dundela,Ballinamallard United,Over/Under Goals,Under 3.5,1.46,,,LOST,
2025-11-08T15:00:00+00:00,Championship,Dunfermline,ST Johnstone,Over/Under Goals,Under 3.5,1.25,,,LOST,
2025-11-08T15:00:00+00:00,Championship,H&W Welders,Loughgall,Over/Under Goals,Under 3.5,1.38,,,WON,
2025-11-08T15:00:00+00:00,Championship,Limavady United,Newington Youth,Over/Under Goals,Over 1.5,1.17,,,WON,
2025-11-08T15:00:00+00:00,Championship,Middlesbrough,Birmingham,Over/Under Goals,Under 3.5,1.3,,,WON,
2025-11-08T15:00:00+00:00,Championship,Morton,Arbroath,1X2 / Match Winner,Draw,3.3,,,LOST,
2025-11-08T15:00:00+00:00,Championship,Norwich,Leicester,Team Total Goals,Under 2.5,1.15,,,WON,
2025-11-08T15:00:00+00:00,Championship,Queen's Park,Raith Rovers,Over/Under Goals,Under 3.5,1.22,,,WON,
2025-11-08T15:00:00+00:00,Championship,Ross County,Ayr Utd,Double Chance,Draw/Away,1.53,,,WON,
2025-11-08T15:00:00+00:00,Championship,Sheffield Utd,QPR,Over/Under Goals,Under 3.5,1.38,,,WON,
2025-11-08T15:00:00+00:00,Championship,Southampton,Sheffield Wednesday,Over/Under Goals,Under 3.5,1.48,,,LOST,
2025-11-08T15:00:00+00:00,Championship,Stoke City,Coventry,Over/Under Goals,Under 3.5,1.38,,,WON,
2025-11-08T15:00:00+00:00,Championship,Swansea,Ipswich,Over/Under Goals,Over 1.5,1.3,,,WON,
2025-11-08T15:00:00+00:00,Championship,West Brom,Oxford United,Over/Under Goals,Under 3.5,1.25,,,WON,
2025-11-08T15:00:00+00:00,Championship,Wrexham,Charlton,Double Chance,Draw/Away,1.57,,,LOST,
2025-11-08T15:00:00+00:00,Erovnuli Liga,Saburtalo,Samgurali,Over/Under Goals,Over 2.5,1.7,,,LOST,
2025-11-08T15:00:00+00:00,II Liga - East,Warta Poznań,Podhale Nowy Targ,Asian Handicap,Home +0.25,1.47,,,WON,
2025-11-08T15:00:00+00:00,III Liga - Group 4,Podlasie Biała Podlaska,Star Starachowice,Over/Under Goals,Under 3.5,1.47,,,WON,
2025-11-08T15:00:00+00:00,Jupiler Pro League,Cercle Brugge,OH Leuven,Over/Under Goals,Over 1.5,1.22,,,WON,
2025-11-08T15:00:00+00:00,Júniores U19,Famalicão U19,Vitoria Guimaraes U19,Over/Under Goals,Under 3.5,1.73,,,WON,
2025-11-08T15:00:00+00:00,Júniores U19,Moreirense U19,Vizela U19,Double Chance,Home/Draw,1.4,,,LOST,
2025-11-08T15:00:00+00:00,League One,Bolton,Port Vale,Over/Under Goals,Under 3.5,1.28,,,LOST,
2025-11-08T15:00:00+00:00,League One,Bradford,Burton Albion,Team Total Goals,Under 2.5,1.28,,,WON,
2025-11-08T15:00:00+00:00,League One,Doncaster,Barnsley,Over/Under Goals,Over 1.5,1.22,,,WON,
2025-11-08T15:00:00+00:00,League One,Exeter City,Wigan,Over/Under Goals,Under 3.5,1.22,,,WON,
2025-11-08T15:00:00+00:00,League One,Hamilton Academical,Peterhead,Asian Handicap,Away -1.25,1.5,,,LOST,
2025-11-08T15:00:00+00:00,League One,Huddersfield,Plymouth,Over/Under Goals,Under 3.5,1.44,,,LOST,
2025-11-08T15:00:00+00:00,League One,Inverness CT,Cove Rangers,Team Total Goals,Under 2.5,1.44,,,WON,
2025-11-08T15:00:00+00:00,League One,Montrose,Alloa Athletic,Team Total Goals,Under 2.5,1.17,,,LOST,
2025-11-08T15:00:00+00:00,League One,Peterborough,AFC Wimbledon,Over/Under Goals,Over 1.5,1.38,,,WON,
2025-11-08T15:00:00+00:00,League One,Queen of the South,East Fife,Over/Under Goals,Under 3.5,1.36,,,WON,
2025-11-08T15:00:00+00:00,League One,Rotherham,Lincoln,Over/Under Goals,Under 3.5,1.2,,,WON,
2025-11-08T15:00:00+00:00,League One,Stenhousemuir,Kelty Hearts,1X2 / Match Winner,Home,1.45,,,LOST,
2025-11-08T15:00:00+00:00,League One,Stockport County,Luton,Over/Under Goals,Over 1.5,1.38,,,WON,
2025-11-08T15:00:00+00:00,League Two,Barnet,Milton Keynes Dons,1X2 / Match Winner,Draw,3.7,,,WON,
2025-11-08T15:00:00+00:00,League Two,Barrow,Grimsby,Over/Under Goals,Over 1.5,1.3,,,WON,
2025-11-08T15:00:00+00:00,League Two,Bristol Rovers,Gillingham,Over/Under Goals,Over 1.5,1.33,,,LOST,
2025-11-08T15:00:00+00:00,League Two,Chesterfield,Accrington ST,1X2 / Match Winner,Home,1.67,,,LOST,
2025-11-08T15:00:00+00:00,League Two,Clyde,Stranraer,Team Total Goals,Over 0.5,1.62,,,LOST,
2025-11-08T15:00:00+00:00,League Two,Crawley Town,Fleetwood Town,Double Chance,Draw/Away,1.57,,,LOST,
2025-11-08T15:00:00+00:00,League Two,Dumbarton,Annan Athletic,Over/Under Goals,Under 3.5,1.44,,,WON,
2025-11-08T15:00:00+00:00,League Two,East Kilbride,Stirling Albion,Over/Under Goals,Over 1.5,1.17,,,WON,
2025-11-08T15:00:00+00:00,League Two,Edinburgh City,Elgin City,Double Chance,Draw/Away,1.7,,,WON,
2025-11-08T15:00:00+00:00,League Two,Forfar Athletic,Spartans,Over/Under Goals,Under 3.5,1.3,,,WON,
2025-11-08T15:00:00+00:00,League Two,Harrogate Town,Oldham,Team Total Goals,Over 0.5,1.4,,,LOST,
2025-11-08T15:00:00+00:00,League Two,Salford City,Cambridge United,Over/Under Goals,Under 3.5,1.25,,,WON,
2025-11-08T15:00:00+00:00,League Two,Swindon Town,Tranmere,Over/Under Goals,Under 3.5,1.44,,,WON,
2025-11-08T15:00:00+00:00,Liga 3,Trofense,São João Ver,Over/Under Goals,Under 3.5,1.22,,,WON,
2025-11-08T15:00:00+00:00,National League - North,Alfreton Town,AFC Fylde,Over/Under Goals,Under 3.5,1.39,,,WON,
2025-11-08T15:00:00+00:00,National League - North,Bedford Town,Merthyr Town,Over/Under Goals,Under 3.5,1.57,,,LOST,
2025-11-08T15:00:00+00:00,National League - North,Buxton,Chester,Over/Under Goals,Over 1.5,1.17,,,WON,
2025-11-08T15:00:00+00:00,National League - North,Curzon Ashton,Scarborough Athletic,Over/Under Goals,Over 1.5,1.15,,,WON,
2025-11-08T15:00:00+00:00,National League - North,Hereford,Southport,Over/Under Goals,Over 1.5,1.16,,,WON,
2025-11-08T15:00:00+00:00,National League - North,Kidderminster Harriers,Darlington 1883,Over/Under Goals,Under 3.5,1.42,,,WON,
2025-11-08T15:00:00+00:00,National League - North,Leamington,Marine,Over/Under Goals,Under 3.5,1.22,,,WON,
2025-11-08T15:00:00+00:00,National League - North,Macclesfield,AFC Telford United,Over/Under Goals,Over 2.5,1.62,,,LOST,
2025-11-08T15:00:00+00:00,National League - North,Oxford City,Worksop Town,Over/Under Goals,Under 3.5,1.39,,,WON,
2025-11-08T15:00:00+00:00,National League - North,Radcliffe,Chorley,Over/Under Goals,Over 1.5,1.17,,,WON,
2025-11-08T15:00:00+00:00,National League - South,AFC Totton,Ebbsfleet United,Double Chance,Draw/Away,1.58,,,WON,
2025-11-08T15:00:00+00:00,National League - South,Bath City,Dagenham & Redbridge,Over/Under Goals,Under 3.5,1.23,,,WON,
2025-11-08T15:00:00+00:00,National League - South,Chelmsford City,Hampton & Richmond,1X2 / Match Winner,Home,1.6,,,WON,
2025-11-08T15:00:00+00:00,National League - South,Chesham United,Salisbury,Over/Under Goals,Under 2.5,1.8,,,WON,
2025-11-08T15:00:00+00:00,National League - South,Dover,Enfield Town,Double Chance,Draw/Away,1.58,,,LOST,
2025-11-08T15:00:00+00:00,National League - South,Eastbourne Borough,Weston-super-Mare,Over/Under Goals,Under 3.5,1.37,,,WON,
2025-11-08T15:00:00+00:00,National League - South,Farnborough,Dorking Wanderers,Over/Under Goals,Under 3.5,1.38,,,WON,
2025-11-08T15:00:00+00:00,National League - South,Horsham,Slough Town,1X2 / Match Winner,Home,1.61,,,WON,
2025-11-08T15:00:00+00:00,National League - South,Maidenhead,Torquay,Over/Under Goals,Under 3.5,1.34,,,WON,
2025-11-08T15:00:00+00:00,National League - South,Maidstone Utd,Chippenham Town,Asian Handicap,Home +0,1.15,,,WON,
2025-11-08T15:00:00+00:00,National League - South,Tonbridge Angels,AFC Hornchurch,Over/Under Goals,Under 3.5,1.28,,,WON,
2025-11-08T15:00:00+00:00,National League,Boston United,Rochdale,Team Total Goals,Under 2.5,1.2,,,LOST,
2025-11-08T15:00:00+00:00,National League,Brackley Town,Boreham Wood,Team Total Goals,Over 0.5,1.25,,,WON,
2025-11-08T15:00:00+00:00,National League,Eastleigh,York,Over/Under Goals,Under 3.5,1.33,,,LOST,
2025-11-08T15:00:00+00:00,National League,FC Halifax Town,Hartlepool,Double Chance,Draw/Away,1.62,,,WON,
2025-11-08T15:00:00+00:00,National League,Gateshead,Solihull Moors,Over/Under Goals,Under 3.5,1.4,,,WON,
2025-11-08T15:00:00+00:00,National League,Morecambe,Sutton Utd,Over/Under Goals,Under 3.5,1.5,,,LOST,
2025-11-08T15:00:00+00:00,National League,Scunthorpe,Yeovil Town,Over/Under Goals,Under 3.5,1.28,,,WON,
2025-11-08T15:00:00+00:00,National League,Tamworth,Woking,Over/Under Goals,Under 3.5,1.28,,,WON,
2025-11-08T15:00:00+00:00,Non League Premier - Isthmian,Billericay Town,Cray Valley PM,Over/Under Goals,Over 1.5,1.15,,,WON,
2025-11-08T15:00:00+00:00,Non League Premier - Isthmian,Canvey Island,Carshalton Athletic,Double Chance,Home/Draw,1.44,,,WON,
2025-11-08T15:00:00+00:00,Non League Premier - Isthmian,Cray Wanderers,Chichester City,Double Chance,Home/Draw,1.5,,,WON,
2025-11-08T15:00:00+00:00,Non League Premier - Isthmian,Dartford,Wingate & Finchley,Over/Under Goals,Under 3.5,1.57,,,WON,
2025-11-08T15:00:00+00:00,Non League Premier - Isthmian,Dulwich Hamlet,St Albans City,Over/Under Goals,Over 1.5,1.18,,,WON,
2025-11-08T15:00:00+00:00,Non League Premier - Isthmian,Hashtag United,Chatham Town,Over/Under Goals,Under 3.5,1.44,,,LOST,
2025-11-08T15:00:00+00:00,Non League Premier - Isthmian,Potters Bar Town,Folkestone Invicta,Double Chance,Draw/Away,1.25,,,WON,
2025-11-08T15:00:00+00:00,Non League Premier - Isthmian,Ramsgate,Cheshunt,Double Chance,Draw/Away,1.55,,,WON,
2025-11-08T15:00:00+00:00,Non League Premier - Isthmian,Welling United,Burgess Hill Town,Over/Under Goals,Over 1.5,1.15,,,WON,
2025-11-08T15:00:00+00:00,Non League Premier - Isthmian,Whitehawk,Aveley,Double Chance,Draw/Away,1.44,,,WON,
2025-11-08T15:00:00+00:00,Non League Premier - Northern,Cleethorpes Town,Lancaster City,Asian Handicap,Home +0.25,1.41,,,WON,
2025-11-08T15:00:00+00:00,Non League Premier - Northern,Gainsborough Trinity,Rushall Olympic,Double Chance,Home/Draw,1.28,,,WON,
2025-11-08T15:00:00+00:00,Non League Premier - Northern,Hednesford Town,Stocksbridge Park Steels,Double Chance,Home/Draw,1.15,,,WON,
2025-11-08T15:00:00+00:00,Non League Premier - Northern,Ilkeston Town,Ashton United,Over/Under Goals,Over 1.5,1.2,,,WON,
2025-11-08T15:00:00+00:00,Non League Premier - Northern,Morpeth Town,Bamber Bridge,Over/Under Goals,Under 3.5,1.3,,,WON,
2025-11-08T15:00:00+00:00,Non League Premier - Northern,Prescot Cables,Hebburn Town,Over/Under Goals,Under 2.5,1.85,,,WON,
2025-11-08T15:00:00+00:00,Non League Premier - Northern,United of Manchester,Rylands,Over/Under Goals,Under 3.5,1.31,,,WON,
2025-11-08T15:00:00+00:00,Non League Premier - Northern,Warrington Town,Stockton Town,Double Chance,Home/Draw,1.67,,,WON,
2025-11-08T15:00:00+00:00,Non League Premier - Northern,Whitby Town,Guiseley AFC,Over/Under Goals,Under 3.5,1.3,,,WON,
2025-11-08T15:00:00+00:00,Non League Premier - Northern,Workington,Hyde United,Double Chance,Draw/Away,1.3,,,LOST,
2025-11-08T15:00:00+00:00,Non League Premier - Southern South,Basingstoke Town,Berkhamsted,Over/Under Goals,Under 3.5,1.36,,,WON,
2025-11-08T15:00:00+00:00,Non League Premier - Southern South,Dorchester Town,Chertsey Town,Over/Under Goals,Under 3.5,1.43,,,WON,
2025-11-08T15:00:00+00:00,Non League Premier - Southern South,Gloucester City,Havant & Wville,BTTS,Yes,1.6,,,WON,
2025-11-08T15:00:00+00:00,Non League Premier - Southern South,Hanwell Town,Tiverton Town,Over/Under Goals,Over 1.5,1.18,,,WON,
2025-11-08T15:00:00+00:00,Non League Premier - Southern South,Hungerford Town,Wimborne Town,Over/Under Goals,Over 1.5,1.17,,,LOST,
2025-11-08T15:00:00+00:00,Non League Premier - Southern South,Plymouth Parkway,Uxbridge,Over/Under Goals,Over 1.5,1.17,,,WON,
2025-11-08T15:00:00+00:00,Non League Premier - Southern South,Sholing,Bracknell Town,Over/Under Goals,Under 3.5,1.47,,,WON,
2025-11-08T15:00:00+00:00,Non League Premier - Southern South,Taunton Town,Gosport Borough,Over/Under Goals,Over 1.5,1.16,,,WON,
2025-11-08T15:00:00+00:00,Non League Premier - Southern South,Walton & Hersham,Weymouth,Over/Under Goals,Under 3.5,1.6,,,LOST,
2025-11-08T15:00:00+00:00,Premier League,Everton,Fulham,Over/Under Goals,Under 3.5,1.22,,,WON,
2025-11-08T15:00:00+00:00,Premier League,West Ham,Burnley,Over/Under Goals,Over 1.5,1.3,,,WON,
2025-11-08T15:00:00+00:00,Premiership,Bangor,Ballymena United,Double Chance,Home/Draw,1.5,,,LOST,
2025-11-08T15:00:00+00:00,Premiership,Carrick Rangers,Crusaders FC,Over/Under Goals,Under 3.5,1.36,,,WON,
2025-11-08T15:00:00+00:00,Premiership,Cliftonville FC,Dungannon Swifts,Over/Under Goals,Under 3.5,1.36,,,WON,
2025-11-08T15:00:00+00:00,Premiership,Falkirk,Livingston,Over/Under Goals,Over 1.5,1.25,,,WON,
2025-11-08T15:00:00+00:00,Premiership,Glenavon FC,Glentoran,1X2 / Match Winner,Away,1.47,,,LOST,
2025-11-08T15:00:00+00:00,Primera B Metropolitana,Excursionistas,Flandria,Over/Under Goals,Under 3.5,1.17,,,WON,
2025-11-08T15:00:00+00:00,Primera División RFEF - Group 1,Celta de Vigo II,CF Talavera,Double Chance,Home/Draw,1.17,,,WON,
2025-11-08T15:00:00+00:00,Regionalliga - Nord,SSV Jeddeloh,VfB Oldenburg,Asian Handicap,Home +0.5,1.65,,,LOST,
2025-11-08T15:00:00+00:00,Segunda División RFEF - Group 3,Castellón II,Espanyol II,Double Chance,Draw/Away,1.5,,,WON,
2025-11-08T15:00:00+00:00,Super League 1,Panetolikos,Larisa,Over/Under Goals,Over 1.5,1.42,,,WON,
2025-11-08T15:15:00+00:00,La Liga,Sevilla,Osasuna,Over/Under Goals,Under 3.5,1.25,,,WON,
2025-11-08T15:15:00+00:00,Primera División RFEF - Group 1,Arenteiro,Racing Ferrol,Over/Under Goals,Under 3.5,1.15,,,WON,
2025-11-08T15:15:00+00:00,Primera División RFEF - Group 2,Hércules,Europa Fc,Over/Under Goals,Under 3.5,1.2,,,WON,
2025-11-08T15:15:00+00:00,Segunda Division,Eibar,Albacete,Over/Under Goals,Under 2.5,1.7,,,LOST,
2025-11-08T15:15:00+00:00,Segunda Division,Huesca,FC Andorra,Over/Under Goals,Under 3.5,1.25,,,LOST,
2025-11-08T15:30:00+00:00,3. Liga,FC Saarbrücken,Havelse,Over/Under Goals,Over 1.5,1.15,,,WON,
2025-11-08T15:30:00+00:00,Eerste Divisie,Helmond Sport,Jong PSV U21,Over/Under Goals,Over 2.5,1.4,,,WON,
2025-11-08T15:30:00+00:00,Eredivisie,Excelsior,Heracles,Over/Under Goals,Over 1.5,1.22,,,WON,
2025-11-08T15:30:00+00:00,Liga I,Dinamo Bucuresti,Csikszereda,Over/Under Goals,Under 3.5,1.36,,,LOST,
2025-11-08T15:30:00+00:00,Ligat Ha'al,Bnei Sakhnin,Maccabi Haifa,1X2 / Match Winner,Draw,4.2,,,WON,
2025-11-08T15:30:00+00:00,Primeira Liga,Alverca,Rio Ave,Over/Under Goals,Under 3.5,1.25,,,WON,
2025-11-08T15:30:00+00:00,Primera Division,D. La Serena,U. Catolica,Over/Under Goals,Under 3.5,1.28,,,WON,
2025-11-08T15:30:00+00:00,Primera División Femenina,Athletic Club W,Eibar W,Over/Under Goals,Under 2.5,1.65,,,WON,
2025-11-08T15:30:00+00:00,Segunda División RFEF - Group 1,Atlético Astorga,UD Ourense,Over/Under Goals,Under 2.5,1.44,,,WON,
2025-11-08T15:30:00+00:00,Segunda División RFEF - Group 4,Lorca Deportiva,Deportiva Minera,Over/Under Goals,Under 3.5,1.22,,,WON,
2025-11-08T16:00:00+00:00,1. Division,Ethnikos Achna,Apollon Limassol,Team Total Goals,Over 0.5,1.17,,,WON,
2025-11-08T16:00:00+00:00,Erovnuli Liga,Torpedo Kutaisi,Dinamo Batumi,Over/Under Goals,Over 1.5,1.26,,,WON,
2025-11-08T16:00:00+00:00,FNL,Artis,Slavia Praha II,Asian Handicap,Home +0.5,1.15,,,WON,
2025-11-08T16:00:00+00:00,First League,Lokomotiv Plovdiv,Beroe,Double Chance,Home/Draw,1.17,,,WON,
2025-11-08T16:00:00+00:00,III Liga - Group 3,Karkonosze Jelenia Góra,Lechia Zielona Góra,Over/Under Goals,Under 3.5,1.52,,,WON,
2025-11-08T16:00:00+00:00,Ligue 1,MB Rouisset,MC Oran,1X2 / Match Winner,Draw,3.2,,,LOST,
2025-11-08T16:00:00+00:00,Ligue 1,Marseille,Stade Brestois 29,Over/Under Goals,Under 3.5,1.5,,,WON,
2025-11-08T16:00:00+00:00,Premier League,A'Ali,Al Riffa,Over/Under Goals,Under 3.5,1.36,,,LOST,
2025-11-08T16:00:00+00:00,Premier League,FC Sochi,FC Rostov,Over/Under Goals,Under 3.5,1.25,,,WON,
2025-11-08T16:00:00+00:00,Premier League,Karpaty,Kryvbas KR,Asian Handicap,Home +0.25,1.48,,,WON,
2025-11-08T16:00:00+00:00,Superliga,Vllaznia Shkodër,Dinamo Tirana,Over/Under Goals,Under 2.5,1.57,,,WON,
2025-11-08T16:00:00+00:00,TFF 1. Lig,Amed,Hatayspor,1X2 / Match Winner,Home,1.18,,,WON,
2025-11-08T16:00:00+00:00,Tipp3 Bundesliga,Ried,FC BW Linz,Over/Under Goals,Over 1.5,1.36,,,WON,
2025-11-08T16:00:00+00:00,Tipp3 Bundesliga,Wolfsberger AC,TSV Hartberg,Over/Under Goals,Over 1.5,1.28,,,WON,
2025-11-08T16:15:00+00:00,Serie B,Juve Stabia,Palermo,1X2 / Match Winner,Draw,3.35,,,LOST,
2025-11-08T16:30:00+00:00,1. SNL,Radomlje,Maribor,1X2 / Match Winner,Draw,3.85,,,WON,
2025-11-08T16:30:00+00:00,Ekstraklasa,Motor Lublin,Wisla Plock,1X2 / Match Winner,Draw,3.55,,,WON,
2025-11-08T16:30:00+00:00,Ligat Ha'al,Ironi Tiberias,Ironi Kiryat Shmona,Over/Under Goals,Under 3.5,1.25,,,LOST,
2025-11-08T16:30:00+00:00,Ligat Ha'al,Maccabi Netanya,Maccabi Bnei Raina,Over/Under Goals,Over 1.5,1.18,,,WON,
2025-11-08T16:30:00+00:00,Segunda División RFEF - Group 5,Real Madrid III,Fuenlabrada,Over/Under Goals,Under 3.5,1.2,,,LOST,
2025-11-08T16:30:00+00:00,Serie C - Girone A,Pro Patria,Lumezzane,Over/Under Goals,Under 3.5,1.18,,,WON,
2025-11-08T16:30:00+00:00,Serie C - Girone B,Guidonia Montecelio 1937,Pontedera,Over/Under Goals,Under 3.5,1.25,,,WON,
2025-11-08T16:30:00+00:00,Serie C - Girone B,Pianese,Rimini,Over/Under Goals,Under 3.5,1.2,,,WON,
2025-11-08T16:30:00+00:00,Serie C - Girone C,Cosenza,Casarano,Team Total Goals,Over 0.5,1.17,,,WON,
2025-11-08T16:30:00+00:00,Stars League,Al-Duhail SC,Al-Sailiya,Over/Under Goals,Under 3.5,1.8,,,LOST,
2025-11-08T16:45:00+00:00,Prva HNL,HNK Hajduk Split,NK Osijek,Double Chance,Home/Draw,1.15,,,WON,
2025-11-08T17:00:00+00:00,1. Division,Aris,Krasava Ypsonas,Over/Under Goals,Under 3.5,1.53,,,WON,
2025-11-08T17:00:00+00:00,Botola Pro,UTS Rabat,CR Khemis Zemamra,Over/Under Goals,Under 3.5,1.2,,,WON,
2025-11-08T17:00:00+00:00,Challenge League,Bellinzona,FC Aarau,Over/Under Goals,Under 3.5,1.4,,,LOST,
2025-11-08T17:00:00+00:00,Czech Liga,Baník Ostrava,FK Jablonec,Over/Under Goals,Under 3.5,1.28,,,WON,
2025-11-08T17:00:00+00:00,Eliteserien,Viking,Ham-Kam,Over/Under Goals,Over 2.5,1.38,,,WON,
2025-11-08T17:00:00+00:00,Liga 3,Academica,1º Dezembro,Over/Under Goals,Under 2.5,1.81,,,WON,
2025-11-08T17:00:00+00:00,Ligue 1,ES Setif,Oued Akbou,Over/Under Goals,Under 3.5,1.15,,,WON,
2025-11-08T17:00:00+00:00,Primera División RFEF - Group 1,Unionistas de Salamanca,Pontevedra,Over/Under Goals,Under 3.5,1.17,,,WON,
2025-11-08T17:00:00+00:00,Primera División RFEF - Group 2,Algeciras,Antequera,Over/Under Goals,Over 1.5,1.44,,,LOST,
2025-11-08T17:00:00+00:00,Segunda División RFEF - Group 5,RSD Alcalá,Intercity,Over/Under Goals,Over 1.5,1.47,,,WON,
2025-11-08T17:00:00+00:00,Serie A,Juventus,Torino,Asian Handicap,Away -1.25,1.65,,,WON,
2025-11-08T17:00:00+00:00,Super League,FC Winterthur,Grasshoppers,Over/Under Goals,Over 1.5,1.22,,,LOST,
2025-11-08T17:00:00+00:00,Super League,FC Zurich,FC Luzern,Over/Under Goals,Over 1.5,1.18,,,WON,
2025-11-08T17:00:00+00:00,Super Lig,Antalyaspor,Besiktas,Over/Under Goals,Over 2.5,1.65,,,WON,
2025-11-08T17:00:00+00:00,Super Lig,Kasimpasa,Goztepe,Team Total Goals,Over 0.5,1.25,,,WON,
2025-11-08T17:00:00+00:00,Super Liga,Napredak,Mladost Lucani,Over/Under Goals,Under 3.5,1.25,,,WON,
2025-11-08T17:00:00+00:00,Super Liga,Žilina,Zemplín Michalovce,Over/Under Goals,Over 1.5,1.16,,,WON,
2025-11-08T17:15:00+00:00,Campionato,Tre Penne,Domagnano,Over/Under Goals,Under 3.5,1.39,,,WON,
2025-11-08T17:15:00+00:00,Jupiler Pro League,Charleroi,KVC Westerlo,Over/Under Goals,Under 3.5,1.48,,,WON,
2025-11-08T17:15:00+00:00,Premier League,GAP Connah S Quay FC,Penybont,Over/Under Goals,Over 1.5,1.25,,,WON,
2025-11-08T17:30:00+00:00,Bundesliga 1,Borussia Mönchengladbach,1.FC Köln,Over/Under Goals,Over 2.5,1.62,,,WON,
2025-11-08T17:30:00+00:00,La Liga,Atletico Madrid,Levante,Over/Under Goals,Over 2.5,1.48,,,WON,
2025-11-08T17:30:00+00:00,Ligat Ha'al,Hapoel Beer Sheva,Ashdod,Team Total Goals,Over 0.5,1.77,,,WON,
2025-11-08T17:30:00+00:00,National League,Southend,Carlisle,Asian Handicap,Home +0.25,1.52,,,LOST,
2025-11-08T17:30:00+00:00,Premier League,Sunderland,Arsenal,Over/Under Goals,Under 3.5,1.33,,,LOST,
2025-11-08T17:30:00+00:00,Premiership,Linfield,Coleraine FC,Over/Under Goals,Under 3.5,1.3,,,WON,
2025-11-08T17:30:00+00:00,Premijer Liga,FK Sarajevo,Borac Banja Luka,Over/Under Goals,Under 3.5,1.2,,,WON,
2025-11-08T17:30:00+00:00,Pro League,Al-Ittihad FC,Al-Ahli Jeddah,Team Total Goals,Under 2.5,1.17,,,WON,
2025-11-08T17:30:00+00:00,Segunda Division,Deportivo La Coruna,Cultural Leonesa,Over/Under Goals,Under 3.5,1.42,,,WON,
2025-11-08T17:45:00+00:00,Eredivisie,FC Volendam,NAC Breda,Over/Under Goals,Over 1.5,1.2,,,WON,
2025-11-08T17:45:00+00:00,Premiership,ST Mirren,Hibernian,Over/Under Goals,Under 3.5,1.33,,,WON,
2025-11-08T18:00:00+00:00,Ligue 1,Le Havre,Nantes,Over/Under Goals,Under 2.5,1.62,,,WON,
2025-11-08T18:00:00+00:00,Primeira Liga,Tondela,Guimaraes,Over/Under Goals,Under 3.5,1.22,,,WON,
2025-11-08T18:00:00+00:00,Primera B Metropolitana,Brown DE Adrogue,Argentino Quilmes,Over/Under Goals,Under 3.5,1.15,,,WON,
2025-11-08T18:00:00+00:00,Primera Division,Union Espanola,Colo Colo,Double Chance,Home/Draw,1.7,,,LOST,
2025-11-08T18:00:00+00:00,Segunda División RFEF - Group 2,Eibar II,Mutilvera,Over/Under Goals,Under 2.5,1.53,,,LOST,
2025-11-08T18:00:00+00:00,Segunda División RFEF - Group 2,SD Logroñés,Náxara,Over/Under Goals,Under 3.5,1.21,,,WON,
2025-11-08T18:00:00+00:00,Segunda División,Real San Joaquín,Provincial Ovalle,Over/Under Goals,Under 3.5,1.33,,,WON,
2025-11-08T18:00:00+00:00,Segunda Liga,Benfica B,Vizela,Team Total Goals,Over 0.5,1.25,,,WON,
2025-11-08T18:00:00+00:00,Segunda Liga,Chaves,FC Porto B,Over/Under Goals,Under 3.5,1.25,,,WON,
2025-11-08T18:00:00+00:00,Super League Women,Anderlecht W,Club Brugge W,Over/Under Goals,Under 3.5,1.4,,,WON,
2025-11-08T18:00:00+00:00,Super League Women,Standard Liege W,Zulte-Waregem W,Over/Under Goals,Under 3.5,1.28,,,LOST,
2025-11-08T18:00:00+00:00,Super Liga,Radnicki NIS,Vojvodina,Team Total Goals,Over 0.5,1.2,,,WON,
2025-11-08T18:08:00+00:00,III Liga - Group 4,Wisłoka Dębica,Avia Świdnik,Over/Under Goals,Under 3.5,1.7,,,WON,
2025-11-08T18:15:00+00:00,NB I,Paks,Kisvarda FC,Over/Under Goals,Under 3.5,1.5,,,LOST,
2025-11-08T18:30:00+00:00,I Liga,Stal Mielec,Pogoń Siedlce,Over/Under Goals,Over 1.5,1.2,,,LOST,
2025-11-08T18:30:00+00:00,I Liga,Wieczysta Kraków,Stal Rzeszów,BTTS,Yes,1.48,,,WON,
2025-11-08T18:30:00+00:00,I Liga,ŁKS Łódź,Puszcza Niepołomice,Over/Under Goals,Under 3.5,1.36,,,WON,
2025-11-08T18:30:00+00:00,Liga I,Rapid,Arges Pitesti,Over/Under Goals,Under 3.5,1.25,,,WON,
2025-11-08T18:30:00+00:00,Primera B Metropolitana,Real Pilar,Comunicaciones,Over/Under Goals,Under 2.5,1.4,,,LOST,
2025-11-08T18:30:00+00:00,Primera B Metropolitana,Sportivo Italiano,Deportivo Laferrere,Double Chance,Draw/Away,1.55,,,LOST,
2025-11-08T18:30:00+00:00,Primera B Metropolitana,Villa San Carlos,Deportivo Armenio,Over/Under Goals,Under 3.5,1.17,,,WON,
2025-11-08T18:30:00+00:00,Primera División RFEF - Group 1,Tenerife,Athletic Club II,Over/Under Goals,Under 3.5,1.25,,,WON,
2025-11-08T18:30:00+00:00,Serie B,Venezia,Sampdoria,Over/Under Goals,Over 1.5,1.36,,,WON,
2025-11-08T18:30:00+00:00,Super League Women,Gent W,Westerlo W,Over/Under Goals,Under 3.5,1.24,,,WON,
2025-11-08T19:00:00+00:00,Botola Pro,CODM Meknès,Yacoub El Mansour,Over/Under Goals,Under 3.5,1.17,,,WON,
2025-11-08T19:00:00+00:00,Challenger Pro League,Club Brugge II,Lierse Kempenzonen,Over/Under Goals,Under 3.5,1.42,,,WON,
2025-11-08T19:00:00+00:00,Challenger Pro League,Kortrijk,Patro Eisden,Over/Under Goals,Under 3.5,1.33,,,WON,
2025-11-08T19:00:00+00:00,Challenger Pro League,Seraing United,Lokeren-Temse,1X2 / Match Winner,Draw,3.55,,,WON,
2025-11-08T19:00:00+00:00,Eredivisie,Fortuna Sittard,Heerenveen,BTTS,Yes,1.5,,,LOST,
2025-11-08T19:00:00+00:00,First Amateur Division,Albert Quévy-Mons,Meux,Over/Under Goals,Under 3.5,1.48,,,WON,
2025-11-08T19:00:00+00:00,First Amateur Division,Hoogstraten,Zelzate,Over/Under Goals,Under 3.5,1.38,,,LOST,
2025-11-08T19:00:00+00:00,First Amateur Division,Houtvenne,Merelbeke,Double Chance,Home/Draw,1.25,,,WON,
2025-11-08T19:00:00+00:00,First Amateur Division,Lyra-Lierse Berlaar,Oud-Heverlee Leuven II,Over/Under Goals,Under 2.5,2.25,,,WON,
2025-11-08T19:00:00+00:00,First Amateur Division,Sporting Hasselt,Ninove,Over/Under Goals,Under 3.5,1.63,,,LOST,
2025-11-08T19:00:00+00:00,Liga 3,Paredes,SC Braga B,Over/Under Goals,Under 2.5,1.79,,,WON,
2025-11-08T19:00:00+00:00,Liga Pro,Manta FC,Mushuc Runa SC,Double Chance,Draw/Away,1.5,,,LOST,
2025-11-08T19:00:00+00:00,Ligue 2,Estac Troyes,Saint Etienne,Over/Under Goals,Over 1.5,1.25,,,WON,
2025-11-08T19:00:00+00:00,Segunda División,Titanes FC,Trujillanos FC,Over/Under Goals,Under 2.5,1.44,,,LOST,
2025-11-08T19:00:00+00:00,Serie A,Sport Recife,Atletico-MG,Over/Under Goals,Over 1.5,1.48,,,WON,
2025-11-08T19:00:00+00:00,Serie B,Novorizontino,remo,1X2 / Match Winner,Draw,3.4,,,WON,
2025-11-08T19:15:00+00:00,Ekstraklasa,GKS Katowice,Piast Gliwice,Asian Handicap,Away -0.5,1.65,,,WON,
2025-11-08T19:30:00+00:00,Bundesliga 2,1. FC Kaiserslautern,Hertha BSC,Over/Under Goals,Under 3.5,1.57,,,WON,
2025-11-08T19:30:00+00:00,Primera División - Clausura,Danubio,Plaza Colonia,Over/Under Goals,Under 2.5,1.48,,,WON,
2025-11-08T19:30:00+00:00,Super League,Servette FC,FC Thun,Over/Under Goals,Over 1.5,1.17,,,LOST,
2025-11-08T19:45:00+00:00,Jupiler Pro League,Antwerp,RAAL La Louvière,Over/Under Goals,Under 3.5,1.25,,,LOST,
2025-11-08T19:45:00+00:00,Serie A,Parma,AC Milan,Over/Under Goals,Under 3.5,1.25,,,LOST,
2025-11-08T20:00:00+00:00,Eredivisie,PEC Zwolle,Sparta Rotterdam,Over/Under Goals,Over 2.5,1.62,,,LOST,
2025-11-08T20:00:00+00:00,La Liga,Espanyol,Villarreal,Double Chance,Draw/Away,1.42,,,WON,
2025-11-08T20:00:00+00:00,Premier League,Chelsea,Wolves,Over/Under Goals,Over 1.5,1.2,,,WON,
2025-11-08T20:00:00+00:00,Primera Division,Huracan,Newells Old Boys,Team Total Goals,Under 2.5,1.15,,,WON,
2025-11-08T20:00:00+00:00,Primera Division,Racing Club,Defensa Y Justicia,Over/Under Goals,Under 2.5,1.7,,,WON,
2025-11-08T20:00:00+00:00,Primera División RFEF - Group 1,Arenas Getxo,Osasuna II,Over/Under Goals,Under 3.5,1.2,,,WON,
2025-11-08T20:00:00+00:00,Primera División RFEF - Group 2,Real Murcia,Gimnastic,Over/Under Goals,Under 3.5,1.17,,,LOST,
2025-11-08T20:00:00+00:00,Segunda Division,Malaga,Cordoba,Over/Under Goals,Under 3.5,1.25,,,LOST,
2025-11-08T20:05:00+00:00,Ligue 1,Monaco,Lens,Over/Under Goals,Over 1.5,1.17,,,WON,
2025-11-08T20:15:00+00:00,Primera Division,Juan Pablo II College,Atletico Grau,Over/Under Goals,Under 3.5,1.2,,,LOST,
2025-11-08T20:30:00+00:00,Liga Premier Serie A,Pioneros de Cancún,Tapachula,Double Chance,Draw/Away,2.15,,,LOST,
2025-11-08T20:30:00+00:00,Primeira Liga,Santa Clara,Sporting CP,Over/Under Goals,Under 3.5,1.28,,,WON,
2025-11-08T20:30:00+00:00,Primera Division,Palestino,Coquimbo Unido,Double Chance,Draw/Away,1.5,,,WON,
2025-11-08T20:30:00+00:00,Segunda División,Trasandino,D. Melipilla,Double Chance,Home/Draw,1.48,,,LOST,
2025-11-08T21:00:00+00:00,Division Profesional - Clausura,Olimpia,General Caballero,1X2 / Match Winner,Draw,4.01,,,WON,
2025-11-08T21:00:00+00:00,Serie A,Vasco DA Gama,Juventude,Over/Under Goals,Under 3.5,1.35,,,LOST,
2025-11-08T21:10:00+00:00,Primera A,Fortaleza FC,Junior,Asian Handicap,Away -0.5,1.48,,,WON,
2025-11-08T21:30:00+00:00,Liga Pro,Independiente del Valle,Universidad Catolica,BTTS,Yes,1.57,,,LOST,
2025-11-08T21:30:00+00:00,Serie A,Internacional,Bahia,Over/Under Goals,Under 2.5,1.7,,,LOST,
2025-11-08T21:30:00+00:00,Serie B,Atletico Paranaense,Volta Redonda,Over/Under Goals,Under 3.5,1.3,,,WON,
2025-11-08T22:00:00+00:00,Primera División - Clausura,Wanderers,CA River Plate,Over/Under Goals,Under 3.5,1.17,,,LOST,
2025-11-08T22:15:00+00:00,Primera Division,Talleres Cordoba,Platense,Over/Under Goals,Under 2.5,1.48,,,WON,
2025-11-08T22:40:00+00:00,Primera Nacional,CA Estudiantes,Estudiantes de Rio Cuarto,Over/Under Goals,Under 2.5,1.36,,,WON,
2025-11-08T23:00:00+00:00,Liga MX,Tigres UANL,Atletico San Luis,Over/Under Goals,Under 3.5,1.57,,,LOST,
2025-11-08T23:00:00+00:00,Major League Soccer,FC Cincinnati,Columbus Crew,Over/Under Goals,Under 3.5,1.57,,,WON,
2025-11-08T23:07:00+00:00,Liga MX,Guadalajara Chivas,Monterrey,Asian Handicap,Home +0,1.7,,,WON,
2025-11-08T23:15:00+00:00,Liga Nacional,Olancho,Lobos Upnfm,Over/Under Goals,Under 3.5,1.5,,,WON,
2025-11-08T23:20:00+00:00,Primera A,Atletico Nacional,Rionegro Aguilas,Team Total Goals,Under 2.5,1.4,,,WON,
2025-11-08T23:30:00+00:00,Primera Division,O'Higgins,Nublense,Over/Under Goals,Over 1.5,1.28,,,WON,
2025-11-08T23:30:00+00:00,Serie B,Vila Nova,Avai,Double Chance,Draw/Away,1.67,,,WON,
2025-11-09T00:00:00+00:00,Liga Premier Serie B,Deportivo Ayense,Gorilas de Juanacatlan,Double Chance,Draw/Away,1.55,,,WON,
2025-11-09T00:00:00+00:00,Liga Pro,LDU de Quito,Libertad,Over/Under Goals,Under 3.5,1.62,,,LOST,
2025-11-09T00:00:00+00:00,Serie A,Sao Paulo,RB Bragantino,Over/Under Goals,Under 3.5,1.25,,,WON,
2025-11-09T00:00:00+00:00,USL Championship,North Carolina,Rhode Island,Over/Under Goals,Under 3.5,1.22,,,WON,
2025-11-09T00:00:00+00:00,USL League One,One Knoxville,Naples,1X2 / Match Winner,Home,1.7,,,WON,
2025-11-09T00:00:00+00:00,USL Super League,Carolina Ascent W,Fort Lauderdale United W,Over/Under Goals,Under 3.5,1.8,,,WON,
2025-11-09T00:05:00+00:00,Segunda División,Tacuarembo,Atenas,Over/Under Goals,Under 3.5,1.18,,,WON,
2025-11-09T00:10:00+00:00,Primera Nacional,Deportivo Moron,Deportivo Madryn,1X2 / Match Winner,Draw,2.75,,,LOST,
2025-11-09T00:30:00+00:00,Primera Division,San Martin S.J.,Lanus,Over/Under Goals,Under 2.5,1.4,,,WON,
2025-11-09T00:30:00+00:00,Primera Division,Union Santa Fe,Barracas Central,1X2 / Match Winner,Draw,3.6,,,WON,
2025-11-09T01:00:00+00:00,Liga MX,Leon,Puebla,Over/Under Goals,Under 3.5,1.44,,,WON,
2025-11-09T01:00:00+00:00,Liga MX,Toluca,Club America,Over/Under Goals,Over 1.5,1.18,,,WON,
2025-11-09T01:00:00+00:00,Liga Nacional,Malacateco,Aurora,Double Chance,Draw/Away,1.73,,,LOST,
2025-11-09T01:00:00+00:00,Liga Panameña de Fútbol,CD Arabe Unido,Tauro FC,Over/Under Goals,Under 3.5,1.2,,,LOST,
2025-11-09T01:00:00+00:00,Liga Panameña de Fútbol,Sporting San Miguelito,Plaza Amador,Double Chance,Home/Draw,1.45,,,WON,
2025-11-09T01:00:00+00:00,Liga Premier Serie A,Gavilanes FC Matamoros,Sporting Canamy,Double Chance,Draw/Away,1.67,,,WON,
2025-11-09T01:00:00+00:00,Liga de Ascenso,Futbol Consultants Moravia,Cariari Pococi,Double Chance,Draw/Away,1.57,,,LOST,
2025-11-09T01:00:00+00:00,Liga de Ascenso,Inter San Carlos,AD Cofutpa,Over/Under Goals,Under 3.5,1.57,,,WON,
2025-11-09T01:00:00+00:00,Liga de Expansión MX,Cancún,Leones Negros UDG,Over/Under Goals,Under 3.5,1.36,,,WON,
2025-11-09T01:00:00+00:00,Major League Soccer,Inter Miami,Nashville SC,Over/Under Goals,Over 2.5,1.36,,,WON,
2025-11-09T01:00:00+00:00,Primera Division,Firpo,FAS,Over/Under Goals,Over 1.5,1.3,,,WON,
2025-11-09T01:00:00+00:00,Primera Division,Isidro Metapán,Fuerte San Francisco,Over/Under Goals,Under 3.5,1.25,,,WON,
2025-11-09T01:30:00+00:00,Liga Nacional,Victoria,Real Espana,Over/Under Goals,Under 3.5,1.42,,,WON,
2025-11-09T01:30:00+00:00,Primera A,Bucaramanga,La Equidad,Over/Under Goals,Under 3.5,1.33,,,WON,
2025-11-09T02:00:00+00:00,Australian Championship,Heidelberg United,Wollongong Wolves,Over/Under Goals,Over 1.5,1.17,,,WON,
2025-11-09T02:00:00+00:00,Australian Championship,Preston Lions,Canberra FC,Over/Under Goals,Under 3.5,1.73,,,WON,
2025-11-09T02:00:00+00:00,Australian Championship,South Hobart,Marconi Stallions,1X2 / Match Winner,Away,1.2,,,WON,
2025-11-09T02:00:00+00:00,USL Championship,New Mexico United,Orange County SC,Over/Under Goals,Under 3.5,1.36,,,WON,
2025-11-09T03:00:00+00:00,Liga MX Femenil,Pachuca W,Cruz Azul W,Over/Under Goals,Over 2.5,1.38,,,WON,
2025-11-09T03:00:00+00:00,Liga Nacional,Xelajú,Achuapa,Over/Under Goals,Under 3.5,1.35,,,WON,
2025-11-09T03:00:00+00:00,Liga de Expansión MX,Monarcas,CDS Tampico Madero,Over/Under Goals,Under 3.5,1.3,,,WON,
2025-11-09T03:05:00+00:00,Liga MX,Cruz Azul,U.N.A.M. - Pumas,Over/Under Goals,Over 1.5,1.22,,,WON,
2025-11-09T04:00:00+00:00,A-League,Sydney,Macarthur,Over/Under Goals,Over 1.5,1.15,,,WON,
2025-11-09T04:00:00+00:00,First League,Ska-khabarovsk,Ural,Over/Under Goals,Under 2.5,1.42,,,WON,
2025-11-09T04:00:00+00:00,J. League Div.1,Sanfrecce Hiroshima,Urawa,Over/Under Goals,Under 3.5,1.28,,,WON,
2025-11-09T04:00:00+00:00,J2 League,Kataller Toyama,Sagan Tosu,Over/Under Goals,Under 3.5,1.22,,,LOST,
2025-11-09T04:00:00+00:00,J2 League,Vegalta Sendai,Roasso Kumamoto,Over/Under Goals,Under 3.5,1.33,,,WON,
2025-11-09T05:00:00+00:00,J. League Div.1,Kyoto Sanga,Yokohama F. Marinos,Over/Under Goals,Over 1.5,1.25,,,WON,
2025-11-09T05:00:00+00:00,J. League Div.1,Machida Zelvia,FC Tokyo,Over/Under Goals,Under 3.5,1.28,,,WON,
2025-11-09T05:00:00+00:00,J2 League,Blaublitz Akita,Iwaki,Over/Under Goals,Under 3.5,1.25,,,WON,
2025-11-09T05:00:00+00:00,J2 League,JEF United Chiba,Fujieda MYFC,Over/Under Goals,Under 3.5,1.45,,,WON,
2025-11-09T05:00:00+00:00,J2 League,Mito Hollyhock,Omiya Ardija,Over/Under Goals,Under 3.5,1.3,,,WON,
2025-11-09T05:00:00+00:00,J2 League,Montedio Yamagata,Imabari,Over/Under Goals,Under 3.5,1.36,,,WON,
2025-11-09T05:00:00+00:00,J2 League,Renofa Yamaguchi,Jubilo Iwata,1X2 / Match Winner,Draw,3.55,,,LOST,
2025-11-09T05:00:00+00:00,J2 League,Tokushima Vortis,Ventforet Kofu,Over/Under Goals,Under 2.5,1.65,,,LOST,
2025-11-09T05:00:00+00:00,J3 League,Kitakyushu,Fukushima United,Over/Under Goals,Under 3.5,1.36,,,WON,
2025-11-09T05:00:00+00:00,J3 League,Kochi United,Matsumoto Yamaga,Over/Under Goals,Under 3.5,1.24,,,WON,
2025-11-09T05:00:00+00:00,J3 League,Sagamihara,Kanazawa,Team Total Goals,Under 2.5,1.2,,,WON,
2025-11-09T05:00:00+00:00,J3 League,Tegevajaro Miyazaki,Thespakusatsu Gunma,Over/Under Goals,Over 1.5,1.19,,,WON,
2025-11-09T05:00:00+00:00,J3 League,Tochigi SC,Kagoshima United,Over/Under Goals,Under 3.5,1.22,,,WON,
2025-11-09T05:00:00+00:00,K League 2,Ansan Greeners,Suwon Bluewings,Over/Under Goals,Under 2.5,2.2,,,WON,
2025-11-09T05:00:00+00:00,K League 2,Cheongju,Seoul E-Land FC,Over/Under Goals,Under 3.5,1.28,,,WON,
2025-11-09T05:00:00+00:00,K-League Classic,Pohang Steelers,FC Seoul,Over/Under Goals,Under 3.5,1.3,,,WON,
2025-11-09T05:30:00+00:00,Australian Championship,Avondale,NWS Spirit,Over/Under Goals,Under 3.5,1.83,,,WON,
2025-11-09T05:30:00+00:00,Australian Championship,MetroStars,Bayswater City,Over/Under Goals,Under 3.5,1.44,,,WON,
2025-11-09T06:00:00+00:00,A-League,Brisbane Roar,Newcastle Jets,Over/Under Goals,Over 2.5,1.62,,,WON,
2025-11-09T06:00:00+00:00,J. League Div.1,Gamba Osaka,Vissel Kobe,Over/Under Goals,Over 1.5,1.33,,,WON,
2025-11-09T06:00:00+00:00,J. League Div.1,Shimizu S-pulse,Cerezo Osaka,Over/Under Goals,Under 3.5,1.5,,,LOST,
2025-11-09T07:00:00+00:00,First League,Enisey,Chernomorets,Over/Under Goals,Under 3.5,1.16,,,WON,
2025-11-09T07:00:00+00:00,J3 League,FC Ryukyu,Azul Claro Numazu,Double Chance,Draw/Away,1.6,,,WON,
2025-11-09T07:00:00+00:00,Premier League,BC Rangers,Eastern District,Team Total Goals,Over 0.5,1.32,,,WON,
2025-11-09T07:30:00+00:00,K League 2,Gimpo Citizen,Bucheon FC 1995,Over/Under Goals,Under 3.5,1.25,,,WON,
2025-11-09T07:30:00+00:00,K-League Classic,Ulsan Hyundai FC,Suwon City FC,Over/Under Goals,Under 3.5,1.57,,,WON,
2025-11-09T08:30:00+00:00,Liga 1,Dewa United,PSM Makassar,Over/Under Goals,Under 3.5,1.32,,,WON,
2025-11-09T08:30:00+00:00,Premier League,Hong Kong FC,Eastern,Over/Under Goals,Under 3.5,1.54,,,LOST,
2025-11-09T09:00:00+00:00,Second League A - Fall Season Gold,Novosibirsk,Veles,Double Chance,Draw/Away,1.53,,,WON,
2025-11-09T09:15:00+00:00,3. liga - CFL A,Admira Praha,Králův Dvůr,Over/Under Goals,Under 3.5,1.65,,,LOST,
2025-11-09T09:15:00+00:00,3. liga - CFL B,Hradec Králové II,Varnsdorf,1X2 / Match Winner,Home,1.24,,,WON,
2025-11-09T09:15:00+00:00,3. liga - MSFL,Karviná II,Vsetín,Over/Under Goals,Over 2.5,1.44,,,LOST,
2025-11-09T09:15:00+00:00,3. liga - MSFL,Slovácko II,Vítkovice,Over/Under Goals,Under 3.5,1.34,,,WON,
2025-11-09T09:30:00+00:00,2. liga,Slovan Bratislava II,Púchov,Over/Under Goals,Over 1.5,1.15,,,WON,
2025-11-09T09:30:00+00:00,2. liga,Žilina II,Šamorín,Double Chance,Draw/Away,1.57,,,LOST,
2025-11-09T09:30:00+00:00,3. liga - MSFL,Zlín II,Polanka nad Odrou,Over/Under Goals,Under 3.5,1.8,,,WON,
2025-11-09T09:30:00+00:00,FNL,Sparta Praha II,Zbrojovka Brno,Over/Under Goals,Under 3.5,1.5,,,WON,
2025-11-09T10:00:00+00:00,1a Divisió,Ordino,Carroi,Over/Under Goals,Under 3.5,1.55,,,LOST,
2025-11-09T10:00:00+00:00,2. liga,Slávia TU Košice,Dukla Banská Bystrica,Over/Under Goals,Over 1.5,1.15,,,LOST,
2025-11-09T10:00:00+00:00,3. Lig - Group 2,Karaköprü Belediyespor,Silifke Belediyespor,Over/Under Goals,Under 2.5,1.57,,,WON,
2025-11-09T10:00:00+00:00,Campionato Primavera - 1,Atalanta U20,Napoli U20,Over/Under Goals,Under 3.5,1.46,,,WON,
2025-11-09T10:00:00+00:00,J3 League,FC Gifu,Gainare Tottori,Team Total Goals,Over 0.5,1.43,,,WON,
2025-11-09T10:00:00+00:00,Premier League,FC Isloch Minsk R.,Smorgon,Double Chance,Home/Draw,1.22,,,WON,
2025-11-09T10:00:00+00:00,Premier League,Krylia Sovetov,Zenit,Over/Under Goals,Under 3.5,1.36,,,WON,
2025-11-09T10:00:00+00:00,Second League - Group 1,Pobeda,Dinamo Stavropol,Over/Under Goals,Under 3.5,1.27,,,LOST,
2025-11-09T10:00:00+00:00,Thai League 2,Pattani,Chiangmai United,Double Chance,Draw/Away,1.6,,,LOST,
2025-11-09T10:30:00+00:00,Esiliiga A,Viimsi,Nõmme Kalju II,Over/Under Goals,Under 3.5,1.88,,,LOST,
2025-11-09T10:30:00+00:00,First League,Slavia Sofia,Montana,Double Chance,Home/Draw,1.15,,,WON,
2025-11-09T10:30:00+00:00,Segunda División RFEF - Group 3,Reddis,Poblense,Over/Under Goals,Under 3.5,1.15,,,WON,
2025-11-09T10:30:00+00:00,Segunda División RFEF - Group 4,La Unión Atlético,Xerez,Over/Under Goals,Under 2.5,1.4,,,WON,
2025-11-09T10:30:00+00:00,Segunda División RFEF - Group 5,Navalcarnero,Socuéllamos,Over/Under Goals,Under 2.5,1.57,,,WON,
2025-11-09T10:30:00+00:00,TFF 1. Lig,Adana Demirspor,Keçiörengücü,Over/Under Goals,Under 3.5,1.86,,,LOST,
2025-11-09T10:30:00+00:00,TFF 1. Lig,Erzurum BB,Erokspor,Over/Under Goals,Over 1.5,1.3,,,WON,
2025-11-09T11:00:00+00:00,2. Lig,Ankara Demirspor,Kırklarelispor,Asian Handicap,Away -1.25,1.44,,,LOST,
2025-11-09T11:00:00+00:00,2. Lig,Fethiyespor,68 Aksaray Belediyespor,Over/Under Goals,Under 3.5,1.18,,,WON,
2025-11-09T11:00:00+00:00,2. Lig,Hekimoğlu Trabzon,İçel İdmanyurdu Spor,Over/Under Goals,Under 3.5,1.42,,,LOST,
2025-11-09T11:00:00+00:00,2. Lig,Mardin BB,Menemen Belediyespor,1X2 / Match Winner,Home,1.62,,,WON,
2025-11-09T11:00:00+00:00,C-League,Kompong Dewa,Dangkor Senchey,Over/Under Goals,Under 3.5,1.56,,,WON,
2025-11-09T11:00:00+00:00,C-League,National Defense,Angkor Tiger,Double Chance,Draw/Away,1.36,,,WON,
2025-11-09T11:00:00+00:00,C-League,Svay Rieng,Kirivong Sok Sen Chey,1X2 / Match Winner,Home,1.19,,,WON,
2025-11-09T11:00:00+00:00,Campeonato de Portugal Prio - Group A,Bragança,Machico,Over/Under Goals,Under 2.5,1.7,,,LOST,
2025-11-09T11:00:00+00:00,Frauen Bundesliga,Carl Zeiss Jena  W,SGS Essen W,Over/Under Goals,Over 1.5,1.33,,,WON,
2025-11-09T11:00:00+00:00,I Liga,Odra Opole,Górnik Łęczna,1X2 / Match Winner,Draw,3.46,,,LOST,
2025-11-09T11:00:00+00:00,II Liga - East,Hutnik Kraków,Olimpia Grudziądz,Over/Under Goals,Under 3.5,1.53,,,LOST,
2025-11-09T11:00:00+00:00,III Liga - Group 1,Widzew II,Legia Warszawa II,Team Total Goals,Under 2.5,1.4,,,LOST,
2025-11-09T11:00:00+00:00,III Liga - Group 1,Wisła Płock II,Swit,Double Chance,Draw/Away,1.57,,,WON,
2025-11-09T11:00:00+00:00,Liga 3,Guimaraes B,AD Marco 09,Over/Under Goals,Under 3.5,1.16,,,WON,
2025-11-09T11:00:00+00:00,Premier League,Oleksandria,Polessya,Over/Under Goals,Under 3.5,1.3,,,WON,
2025-11-09T11:00:00+00:00,Primera División Femenina,Edf Logrono W,Atletico Madrid W,Over/Under Goals,Under 3.5,1.55,,,LOST,
2025-11-09T11:00:00+00:00,Primera División Femenina,FC Levante Badalona,Levante W,Over/Under Goals,Under 3.5,1.28,,,WON,
2025-11-09T11:00:00+00:00,Primera División Femenina,Granada,Sevilla W,1X2 / Match Winner,Draw,3.35,,,LOST,
2025-11-09T11:00:00+00:00,Primera División RFEF - Group 1,Mérida AD,Real Madrid II,Over/Under Goals,Under 3.5,1.22,,,WON,
2025-11-09T11:00:00+00:00,Primera División RFEF - Group 2,Ibiza,Real Betis II,Over/Under Goals,Under 3.5,1.25,,,WON,
2025-11-09T11:00:00+00:00,Primera División RFEF - Group 2,Marbella,Alcorcon,Over/Under Goals,Under 3.5,1.2,,,WON,
2025-11-09T11:00:00+00:00,Primera División RFEF - Group 2,Sevilla Atletico,Juventud Torremolinos,Over/Under Goals,Under 3.5,1.17,,,WON,
2025-11-09T11:00:00+00:00,Second League A - Fall Season Gold,Mashuk-KMV,Tyumen,Over/Under Goals,Under 3.5,1.36,,,LOST,
2025-11-09T11:00:00+00:00,Second League A - Fall Season Gold,Tekstilshchik,Alaniya Vladikavkaz,Over/Under Goals,Under 3.5,1.34,,,WON,
2025-11-09T11:00:00+00:00,Segunda División RFEF - Group 1,Deportivo La Coruña II,Bergantiños,Over/Under Goals,Under 3.5,1.18,,,WON,
2025-11-09T11:00:00+00:00,Segunda División RFEF - Group 1,Real Valladolid II,Salamanca UDS,Double Chance,Draw/Away,1.53,,,WON,
2025-11-09T11:00:00+00:00,Segunda División RFEF - Group 2,Deportivo Alavés II,Tudelano,Double Chance,Draw/Away,1.53,,,LOST,
2025-11-09T11:00:00+00:00,Segunda División RFEF - Group 2,Real Zaragoza II,Amorebieta,Over/Under Goals,Under 3.5,1.21,,,WON,
2025-11-09T11:00:00+00:00,Segunda División RFEF - Group 3,Atlético Baleares,Girona II,Over/Under Goals,Under 2.5,1.44,,,LOST,
2025-11-09T11:00:00+00:00,Segunda División RFEF - Group 3,Barbastro,Terrassa,Over/Under Goals,Under 3.5,1.17,,,WON,
2025-11-09T11:00:00+00:00,Segunda División RFEF - Group 3,Olot,Porreres,Over/Under Goals,Under 2.5,1.53,,,WON,
2025-11-09T11:00:00+00:00,Segunda División RFEF - Group 3,Sant Andreu,Ibiza Islas Pitiusas,Over/Under Goals,Under 3.5,1.23,,,WON,
2025-11-09T11:00:00+00:00,Segunda División RFEF - Group 3,Valencia II,Andratx,1X2 / Match Winner,Draw,3.25,,,WON,
2025-11-09T11:00:00+00:00,Segunda División RFEF - Group 4,Antoniano,Puente Genil,Over/Under Goals,Under 2.5,1.4,,,LOST,
2025-11-09T11:00:00+00:00,Segunda División RFEF - Group 4,Extremadura 1924,Estepona,Team Total Goals,Under 2.5,1.16,,,LOST,
2025-11-09T11:00:00+00:00,Segunda División RFEF - Group 4,Águilas,Melilla,Double Chance,Home/Draw,1.15,,,WON,
2025-11-09T11:00:00+00:00,Segunda División RFEF - Group 5,Rayo Majadahonda,Tenerife II,Over/Under Goals,Under 3.5,1.18,,,WON,
2025-11-09T11:00:00+00:00,Segunda Liga,Leixoes,Torreense,Over/Under Goals,Over 1.5,1.25,,,LOST,
2025-11-09T11:00:00+00:00,Super League 2,Kampaniakos Chalastra,PAOK II,Over/Under Goals,Under 3.5,1.17,,,WON,
2025-11-09T11:00:00+00:00,Thai League 1,Bangkok Glass,Rayong FC,1X2 / Match Winner,Draw,4.12,,,WON,
2025-11-09T11:00:00+00:00,Thai League 2,Chanthaburi,Chainat,Double Chance,Draw/Away,1.57,,,WON,
2025-11-09T11:00:00+00:00,Thai League 2,Police Tero,Nong Bua Pitchaya,Over/Under Goals,Under 3.5,1.3,,,LOST,
2025-11-09T11:00:00+00:00,Virsliga,Grobiņa,Auda,Double Chance,Home/Draw,1.45,,,WON,
2025-11-09T11:00:00+00:00,Virsliga,Metta / LU,BFC Daugavpils,Over/Under Goals,Under 3.5,1.45,,,LOST,
2025-11-09T11:00:00+00:00,Virsliga,Super Nova,FK Liepaja,Over/Under Goals,Under 3.5,1.3,,,WON,
2025-11-09T11:00:00+00:00,Virsliga,Tukums,FS Jelgava,Over/Under Goals,Under 3.5,1.4,,,WON,
2025-11-09T11:15:00+00:00,Eredivisie,Utrecht,Ajax,Over/Under Goals,Over 1.5,1.2,,,WON,
2025-11-09T11:30:00+00:00,1. Division,Niva,Belshina,Over/Under Goals,Under 3.5,1.62,,,WON,
2025-11-09T11:30:00+00:00,FA Cup,Kuching FA,Johor Darul Takzim FC,1X2 / Match Winner,Away,1.17,,,WON,
2025-11-09T11:30:00+00:00,Serie A Women,Ternana W,Como W,Over/Under Goals,Over 1.5,1.18,,,WON,
2025-11-09T11:30:00+00:00,Serie A,Atalanta,Sassuolo,Over/Under Goals,Under 3.5,1.45,,,WON,
2025-11-09T11:30:00+00:00,Serie C - Girone A,Inter U23,Vicenza Virtus,Over/Under Goals,Under 3.5,1.22,,,WON,
2025-11-09T11:30:00+00:00,Serie C - Girone B,Juventus U23,Forli,Over/Under Goals,Under 2.5,1.62,,,WON,
2025-11-09T11:30:00+00:00,Super Lig,Fatih Karagümrük,Konyaspor,Team Total Goals,Over 0.5,1.22,,,LOST,
2025-11-09T11:30:00+00:00,Thai League 1,Ayutthaya FC,Ratchaburi,Over/Under Goals,Over 1.5,1.16,,,WON,
2025-11-09T11:30:00+00:00,Thai League 1,Chonburi FC,Buriram United,Over/Under Goals,Under 3.5,1.58,,,LOST,
2025-11-09T11:30:00+00:00,Thai League 2,Nakhon Pathom,Rasi Salai United,Over/Under Goals,Under 3.5,1.24,,,WON,
2025-11-09T11:44:00+00:00,Premyer Liqa,Kapaz,Sabah FA,1X2 / Match Winner,Away,1.4,,,WON,
2025-11-09T11:45:00+00:00,NB I,MTK Budapest,Debreceni VSC,Over/Under Goals,Over 1.5,1.15,,,WON,
2025-11-09T11:55:00+00:00,FA WSL,London City Lionesses,Tottenham Hotspur W,Double Chance,Draw/Away,1.47,,,LOST,
2025-11-09T12:00:00+00:00,1. Division,Hvidovre,Aalborg,Double Chance,Home/Draw,1.5,,,WON,
2025-11-09T12:00:00+00:00,1st League - RS,Slavija,Leotar,1X2 / Match Winner,Draw,2.9,,,WON,
2025-11-09T12:00:00+00:00,2. Division,Thisted FC,Naestved,Over/Under Goals,Under 3.5,1.25,,,WON,
2025-11-09T12:00:00+00:00,2. Lig,Somaspor,Isparta 32 Spor,1X2 / Match Winner,Away,1.41,,,LOST,
2025-11-09T12:00:00+00:00,3. Lig - Group 1,Kartal Bulvarspor,Küçükçekmece Sinopspor,Double Chance,Draw/Away,1.16,,,WON,
2025-11-09T12:00:00+00:00,3. Lig - Group 1,Nilüfer Belediye,Edirnespor,Double Chance,Home/Draw,1.16,,,WON,
2025-11-09T12:00:00+00:00,3. Lig - Group 1,Silivrispor,Yalova Yeşilovaspor,Double Chance,Draw/Away,1.62,,,WON,
2025-11-09T12:00:00+00:00,Czech Liga,Slovan Liberec,Karviná,Over/Under Goals,Under 3.5,1.33,,,LOST,
2025-11-09T12:00:00+00:00,Damallsvenskan,Vittsjö,Växjö,Over/Under Goals,Over 1.5,1.18,,,WON,
2025-11-09T12:00:00+00:00,FA WSL,Liverpool W,Brighton W,Over/Under Goals,Under 3.5,1.4,,,WON,
2025-11-09T12:00:00+00:00,FA WSL,West Ham W,Leicester City WFC,Double Chance,Draw/Away,1.61,,,WON,
2025-11-09T12:00:00+00:00,First League,Pelister,Akademija Pandev,Over/Under Goals,Under 3.5,1.33,,,WON,
2025-11-09T12:00:00+00:00,First League,Vardar Skopje,Tikveš,Over/Under Goals,Under 3.5,1.29,,,LOST,
2025-11-09T12:00:00+00:00,Liga 1,Persepam Madura Utd,Persijap,Double Chance,Home/Draw,1.4,,,WON,
2025-11-09T12:00:00+00:00,Liga 1,Semen Padang,Pusamania Borneo,Over/Under Goals,Under 2.5,2.05,,,WON,
2025-11-09T12:00:00+00:00,NB II,Budafoki LC,Vasas,Over/Under Goals,Under 3.5,1.34,,,WON,
2025-11-09T12:00:00+00:00,NB II,Szentlőrinc SE,Karcag SE,Over/Under Goals,Over 1.5,1.23,,,WON,
2025-11-09T12:00:00+00:00,NB III - Northwest,Balatonfüredi,Tatabánya,1X2 / Match Winner,Away,1.64,,,WON,
2025-11-09T12:00:00+00:00,NB III - Northwest,Budaörs,Bicskei,Double Chance,Home/Draw,1.5,,,WON,
2025-11-09T12:00:00+00:00,Premier League,Bate Borisov,Slavia Mozyr,Over/Under Goals,Under 3.5,1.28,,,WON,
2025-11-09T12:00:00+00:00,Premijer Liga,Rudar Prijedor,Posušje,Over/Under Goals,Under 2.5,1.57,,,WON,
2025-11-09T12:00:00+00:00,Super League 2,Kalamata,Ellas Syros,Over/Under Goals,Over 1.5,1.22,,,WON,
2025-11-09T12:00:00+00:00,Superliga,Ferizaj,Dukagjini,Double Chance,Draw/Away,1.62,,,WON,
2025-11-09T12:00:00+00:00,Superliga,Malisheva,Gjilani,Over/Under Goals,Under 3.5,1.28,,,WON,
2025-11-09T12:00:00+00:00,Thai League 1,Port FC,Bangkok United,Over/Under Goals,Under 3.5,1.47,,,WON,
2025-11-09T12:00:00+00:00,Women's Championship,Durham W,Newcastle United W,Asian Handicap,Home +1.25,1.65,,,WON,
2025-11-09T12:15:00+00:00,FA Cup,Sabah FA,Selangor,1X2 / Match Winner,Draw,3.65,,,WON,
2025-11-09T12:15:00+00:00,Premier League,Lokomotiv,FC Orenburg,Over/Under Goals,Over 1.5,1.16,,,LOST,
2025-11-09T12:30:00+00:00,1 Lyga,TransINVEST Vilnius,Žalgiris II,1X2 / Match Winner,Home,1.19,,,WON,
2025-11-09T12:30:00+00:00,3. Liga,Stuttgart II,Alemannia Aachen,Over/Under Goals,Under 3.5,1.42,,,LOST,
2025-11-09T12:30:00+00:00,3. liga - CFL B,Slovan Liberec II,Sokol Zápy,Double Chance,Draw/Away,1.22,,,WON,
2025-11-09T12:30:00+00:00,Bundesliga 2,1. FC Magdeburg,SC Paderborn 07,Over/Under Goals,Under 3.5,1.57,,,WON,
2025-11-09T12:30:00+00:00,Bundesliga 2,Eintracht Braunschweig,VfL Bochum,Over/Under Goals,Over 1.5,1.25,,,WON,
2025-11-09T12:30:00+00:00,Bundesliga 2,Holstein Kiel,Fortuna Düsseldorf,Over/Under Goals,Under 3.5,1.48,,,WON,
2025-11-09T12:30:00+00:00,Division 1,Abha,Al Jandal,1X2 / Match Winner,Home,1.48,,,WON,
2025-11-09T12:30:00+00:00,Frauenliga,Neulengbach W,Rheindorf Altach,Double Chance,Draw/Away,1.22,,,WON,
2025-11-09T12:30:00+00:00,Jupiler Pro League,Anderlecht,Club Brugge KV,1X2 / Match Winner,Draw,3.7,,,LOST,
2025-11-09T12:30:00+00:00,Liga I,Unirea Slobozia,CFR 1907 Cluj,Over/Under Goals,Under 3.5,1.23,,,WON,
2025-11-09T12:30:00+00:00,Second League,Vihren,Yantra 2019,Over/Under Goals,Under 3.5,1.22,,,WON,
2025-11-09T12:45:00+00:00,First NL,HNK Cibalia,Bsk Bijelo Brdo,Over/Under Goals,Under 3.5,1.17,,,WON,
2025-11-09T13:00:00+00:00,2. SNL,Bistrica,Triglav,Over/Under Goals,Under 3.5,1.37,,,LOST,
2025-11-09T13:00:00+00:00,2. SNL,Dekani,Rudar,Over/Under Goals,Under 3.5,1.22,,,WON,
2025-11-09T13:00:00+00:00,3. liga - CFL A,Sokol Hostouň,Táborsko II,Asian Handicap,Home +0,1.44,,,WON,
2025-11-09T13:00:00+00:00,3. liga - CFL B,Benátky nad Jizerou,Neratovice-Byškovice,Double Chance,Draw/Away,1.6,,,LOST,
2025-11-09T13:00:00+00:00,4. liga - Divizie C,Čáslav,Přepeře,Double Chance,Draw/Away,2.1,,,WON,
2025-11-09T13:00:00+00:00,Azadegan League,Havadar,Saipa,Double Chance,Draw/Away,1.5,,,WON,
2025-11-09T13:00:00+00:00,Challenge League,FC Vaduz,Stade Lausanne-Ouchy,Over/Under Goals,Over 2.5,1.57,,,WON,
2025-11-09T13:00:00+00:00,FNL,Vlašim,Ústí nad Labem,1X2 / Match Winner,Draw,3.55,,,LOST,
2025-11-09T13:00:00+00:00,First League,Arsenal Tivat,Sutjeska,Over/Under Goals,Under 3.5,1.18,,,WON,
2025-11-09T13:00:00+00:00,First League,CSKA 1948,Cherno More Varna,Over/Under Goals,Under 3.5,1.22,,,WON,
2025-11-09T13:00:00+00:00,First League,Rotor Volgograd,Shinnik Yaroslavl,Over/Under Goals,Under 2.5,1.36,,,LOST,
2025-11-09T13:00:00+00:00,First League,Torpedo Moskva,FK Sokol Saratov,Over/Under Goals,Under 3.5,1.15,,,WON,
2025-11-09T13:00:00+00:00,First NL,Croatia Zmijavci,Karlovac 1919,Over/Under Goals,Under 3.5,1.17,,,LOST,
2025-11-09T13:00:00+00:00,First NL,Sesvete,Opatija,1X2 / Match Winner,Draw,3.35,,,WON,
2025-11-09T13:00:00+00:00,Frauen Bundesliga,Hamburger SV W,Nürnberg,Over/Under Goals,Under 3.5,1.55,,,WON,
2025-11-09T13:00:00+00:00,La Liga,Athletic Club,Oviedo,Over/Under Goals,Under 3.5,1.25,,,WON,
2025-11-09T13:00:00+00:00,Primera División - Clausura,Cerro,Boston River,Over/Under Goals,Under 3.5,1.19,,,WON,
2025-11-09T13:00:00+00:00,Regionalliga - Nord,Bremer SV,VfB Lübeck,Team Total Goals,Under 2.5,1.17,,,LOST,
2025-11-09T13:00:00+00:00,Regionalliga - Nord,Eintracht Norderstedt,Altona 93,Asian Handicap,Home +0,1.52,,,WON,
2025-11-09T13:00:00+00:00,Regionalliga - Nord,HSC Hannover,BW Lohne,Asian Handicap,Home +0,1.6,,,LOST,
2025-11-09T13:00:00+00:00,Regionalliga - Nord,SV Drochtersen/Assel,St. Pauli II,BTTS,Yes,1.7,,,WON,
2025-11-09T13:00:00+00:00,Regionalliga - Nordost,BFC Preussen,Lokomotive Leipzig,1X2 / Match Winner,Away,1.57,,,LOST,
2025-11-09T13:00:00+00:00,Regionalliga - Nordost,Greifswalder FC,Eilenburg,Over/Under Goals,Under 3.5,1.42,,,WON,
2025-11-09T13:00:00+00:00,Regionalliga - SudWest,FSV Mainz 05 II,FSV Frankfurt,Over/Under Goals,Under 3.5,1.62,,,WON,
2025-11-09T13:00:00+00:00,Regionalliga - West,FC Gutersloh,Wuppertaler SV,BTTS,Yes,1.67,,,LOST,
2025-11-09T13:00:00+00:00,Regionalliga - West,Fortuna Düsseldorf II,Sportfreunde Lotte,Over/Under Goals,Under 3.5,1.43,,,LOST,
2025-11-09T13:00:00+00:00,Regionalliga - West,Fortuna Köln,Paderborn II,1X2 / Match Winner,Home,1.52,,,LOST,
2025-11-09T13:00:00+00:00,Regionalliga - West,Rot-weiss Oberhausen,Bochum II,1X2 / Match Winner,Home,1.45,,,WON,
2025-11-09T13:00:00+00:00,Segunda Division,Las Palmas,Racing Santander,Team Total Goals,Over 0.5,1.45,,,WON,
2025-11-09T13:00:00+00:00,Super League 1,Aris Thessalonikis,Asteras Tripolis,Team Total Goals,Over 0.5,1.62,,,LOST,
2025-11-09T13:00:00+00:00,Super League 1,Kifisia,Olympiakos Piraeus,Result + Total Goals,Away/Over 1.5,1.44,,,WON,
2025-11-09T13:00:00+00:00,Super League 2,Nestos Chrisoupolis,Anagennisi Karditsas,Over/Under Goals,Under 2.5,1.44,,,WON,
2025-11-09T13:00:00+00:00,Super League 2,Niki Volos,Makedonikos Neapolis,Team Total Goals,Under 2.5,1.53,,,LOST,
2025-11-09T13:00:00+00:00,Super League 2,Panargiakos,Marko,1X2 / Match Winner,Away,1.7,,,WON,
2025-11-09T13:00:00+00:00,Super League,FC Basel 1893,FC Lugano,Over/Under Goals,Under 3.5,1.65,,,WON,
2025-11-09T13:00:00+00:00,Super League,Kabwe Warriors,Red Arrows,Double Chance,Home/Draw,1.44,,,LOST,
2025-11-09T13:00:00+00:00,Super League,Zanaco,Mufulira Wanderers,Over/Under Goals,Under 2.5,1.44,,,WON,
2025-11-09T13:00:00+00:00,Super Liga,Železničar Pančevo,Javor,Team Total Goals,Over 0.5,1.57,,,LOST,
2025-11-09T13:00:00+00:00,Superligaen,FC Fredericia,Viborg,Over/Under Goals,Over 1.5,1.17,,,WON,
2025-11-09T13:00:00+00:00,Superligaen,Vejle,FC Copenhagen,Over/Under Goals,Over 1.5,1.22,,,WON,
2025-11-09T13:00:00+00:00,TFF 1. Lig,Pendikspor,Ümraniyespor,Over/Under Goals,Under 3.5,1.4,,,WON,
2025-11-09T13:00:00+00:00,Veikkausliiga,HJK helsinki,KuPS,Double Chance,Draw/Away,1.7,,,WON,
2025-11-09T13:00:00+00:00,Veikkausliiga,Inter Turku,Ilves,Over/Under Goals,Over 1.5,1.16,,,WON,
2025-11-09T13:00:00+00:00,Veikkausliiga,SJK,Gnistan,BTTS,Yes,1.33,,,LOST,
2025-11-09T13:30:00+00:00,2. SNL,Ilirija,Gorica,Double Chance,Home/Draw,1.48,,,WON,
2025-11-09T13:30:00+00:00,Eliteserien,Rosenborg,Valerenga,Over/Under Goals,Over 1.5,1.15,,,LOST,
2025-11-09T13:30:00+00:00,Eredivisie,NEC Nijmegen,Groningen,Over/Under Goals,Over 2.5,1.65,,,LOST,
2025-11-09T13:30:00+00:00,First Amateur Division,Habay-la-Neuve,Union Saint-Gilloise II,Asian Handicap,Home +0.25,1.4,,,WON,
2025-11-09T13:30:00+00:00,First Amateur Division,Stockay-Warfusée,Tubize,Over/Under Goals,Under 3.5,1.38,,,WON,
2025-11-09T13:30:00+00:00,I Liga,Slask Wroclaw,Polonia Bytom,Over/Under Goals,Under 3.5,1.48,,,LOST,
2025-11-09T13:30:00+00:00,Ligue 1,Club Africain,ES Tunis,Over/Under Goals,Under 2.5,1.36,,,WON,
2025-11-09T13:30:00+00:00,Ligue 1,ES Metlaoui,ES Zarzis,Double Chance,Draw/Away,1.42,,,WON,
2025-11-09T13:30:00+00:00,Ligue 1,US Ben Guerdane,Stade Tunisien,Over/Under Goals,Under 2.5,1.3,,,WON,
2025-11-09T13:30:00+00:00,Premier League,Dynamo Kyiv,LNZ Cherkasy,Over/Under Goals,Under 3.5,1.41,,,WON,
2025-11-09T13:30:00+00:00,Serie C - Girone A,PRO Vercelli,Triestina,Over/Under Goals,Under 2.5,1.53,,,LOST,
2025-11-09T13:30:00+00:00,Serie C - Girone B,Perugia,Arezzo,Over/Under Goals,Under 3.5,1.22,,,WON,
2025-11-09T13:30:00+00:00,Serie C - Girone C,Catania,Team Altamura,Team Total Goals,Under 2.5,1.5,,,WON,
2025-11-09T13:30:00+00:00,Serie C - Girone C,Siracusa,Latina,Over/Under Goals,Under 2.5,1.62,,,LOST,
2025-11-09T13:30:00+00:00,Tipp3 Bundesliga,Lask Linz,SCR Altach,Asian Handicap,Home +0,1.55,,,WON,
2025-11-09T13:30:00+00:00,Tipp3 Bundesliga,WSG Wattens,Rapid Vienna,Double Chance,Draw/Away,1.2,,,WON,
2025-11-09T13:45:00+00:00,Ekstraklasa,Korona Kielce,Raków Częstochowa,Over/Under Goals,Under 3.5,1.25,,,LOST,
2025-11-09T13:45:00+00:00,Ekstraklasa,Legia Warszawa,Nieciecza,Over/Under Goals,Over 1.5,1.17,,,WON,
2025-11-09T14:00:00+00:00,1. Liga Promotion,Bulle,Vevey Sports,Over/Under Goals,Over 1.5,1.21,,,WON,
2025-11-09T14:00:00+00:00,2. Division,Ethnikos Latsion,Omonia 29is Maiou,1X2 / Match Winner,Away,1.58,,,LOST,
2025-11-09T14:00:00+00:00,2. SNL,Nafta,Brinje-Grosuplje,Over/Under Goals,Under 3.5,1.24,,,WON,
2025-11-09T14:00:00+00:00,3. Lig - Group 4,Altay,Balıkesirspor,Team Total Goals,Over 0.5,1.17,,,WON,
2025-11-09T14:00:00+00:00,Allsvenskan,AIK Stockholm,Halmstad,Over/Under Goals,Under 3.5,1.3,,,WON,
2025-11-09T14:00:00+00:00,Allsvenskan,Hammarby FF,IF Elfsborg,1X2 / Match Winner,Home,1.42,,,WON,
2025-11-09T14:00:00+00:00,Allsvenskan,IF Brommapojkarna,Degerfors IF,1X2 / Match Winner,Draw,4.0,,,LOST,
2025-11-09T14:00:00+00:00,Allsvenskan,IFK Goteborg,IFK Norrkoping,Over/Under Goals,Under 3.5,1.57,,,WON,
2025-11-09T14:00:00+00:00,Allsvenskan,Malmo FF,Gais,Over/Under Goals,Over 1.5,1.25,,,WON,
2025-11-09T14:00:00+00:00,Allsvenskan,Mjallby AIF,BK Hacken,Double Chance,Home/Draw,1.18,,,WON,
2025-11-09T14:00:00+00:00,Allsvenskan,Osters IF,Djurgardens IF,Over/Under Goals,Over 1.5,1.25,,,WON,
2025-11-09T14:00:00+00:00,Allsvenskan,Sirius,IFK Varnamo,Over/Under Goals,Over 2.5,1.28,,,WON,
2025-11-09T14:00:00+00:00,Botola 2,USM Oujda,Stade Marocain,BTTS,No,1.5,,,WON,
2025-11-09T14:00:00+00:00,Campionato Primavera - 1,Frosinone U20,Fiorentina U20,Over/Under Goals,Under 3.5,1.43,,,WON,
2025-11-09T14:00:00+00:00,Campionato,La Fiorita,Folgore,1X2 / Match Winner,Draw,3.45,,,WON,
2025-11-09T14:00:00+00:00,Campionato,Murata,San Giovanni,Double Chance,Home/Draw,1.5,,,WON,
2025-11-09T14:00:00+00:00,Esiliiga A,Nõmme United,Elva,Over/Under Goals,Under 3.5,2.3,,,LOST,
2025-11-09T14:00:00+00:00,First Amateur Division,Crossing Schaerbeek,Standard Liège II,Double Chance,Home/Draw,1.44,,,WON,
2025-11-09T14:00:00+00:00,First Amateur Division,Knokke,Dessel Sport,Over/Under Goals,Under 3.5,1.45,,,WON,
2025-11-09T14:00:00+00:00,First Amateur Division,Rochefort,Excelsior Virton,Over/Under Goals,Over 1.5,1.17,,,WON,
2025-11-09T14:00:00+00:00,First Amateur Division,Thes Sport,Cercle Brugge II,Over/Under Goals,Under 3.5,1.31,,,WON,
2025-11-09T14:00:00+00:00,First Amateur Division,Tienen,Spouwen-Mopertingen,Over/Under Goals,Under 3.5,1.21,,,LOST,
2025-11-09T14:00:00+00:00,First League,Dečić,Jezero,Over/Under Goals,Under 3.5,1.18,,,WON,
2025-11-09T14:00:00+00:00,First League,Mladost DG,Petrovac,Over/Under Goals,Under 3.5,1.23,,,WON,
2025-11-09T14:00:00+00:00,II Liga - East,Podbeskidzie,Resovia Rzeszów,Over/Under Goals,Under 3.5,1.3,,,WON,
2025-11-09T14:00:00+00:00,Ligue 1,Lorient,Toulouse,Over/Under Goals,Over 1.5,1.36,,,WON,
2025-11-09T14:00:00+00:00,NB II,Fehérvár FC,BVSC,Over/Under Goals,Under 3.5,1.24,,,WON,
2025-11-09T14:00:00+00:00,Premier League,Aston Villa,Bournemouth,Over/Under Goals,Over 1.5,1.28,,,WON,
2025-11-09T14:00:00+00:00,Premier League,Brentford,Newcastle,Over/Under Goals,Over 1.5,1.25,,,WON,
2025-11-09T14:00:00+00:00,Premier League,Crystal Palace,Brighton,Asian Handicap,Away -0.5,1.65,,,WON,
2025-11-09T14:00:00+00:00,Premier League,FC Vitebsk,Torpedo Zhodino,Double Chance,Home/Draw,1.85,,,WON,
2025-11-09T14:00:00+00:00,Premier League,Nottingham Forest,Leeds,Over/Under Goals,Under 3.5,1.28,,,LOST,
2025-11-09T14:00:00+00:00,Second League A - Fall Season Gold,Volgar Astrakhan,Dinamo Moskva II,Over/Under Goals,Under 3.5,1.26,,,WON,
2025-11-09T14:00:00+00:00,Segunda Liga,Felgueiras 1932,Academico Viseu,Double Chance,Draw/Away,1.62,,,WON,
2025-11-09T14:00:00+00:00,Serie A Women,Lazio W,Napoli W,Team Total Goals,Over 0.5,1.58,,,LOST,
2025-11-09T14:00:00+00:00,Serie A,Bologna,Napoli,Over/Under Goals,Under 3.5,1.2,,,WON,
2025-11-09T14:00:00+00:00,Serie A,Genoa,Fiorentina,Over/Under Goals,Under 3.5,1.18,,,LOST,
2025-11-09T14:00:00+00:00,Serie B,Cesena,Avellino,Over/Under Goals,Under 3.5,1.22,,,WON,
2025-11-09T14:00:00+00:00,Super Lig,Kocaelispor,Galatasaray,Over/Under Goals,Under 3.5,1.57,,,WON,
2025-11-09T14:00:00+00:00,Torneo Federal A,Atletico DE Rafaela,Guillermo Brown,Over/Under Goals,Under 2.5,1.4,,,LOST,
2025-11-09T14:00:00+00:00,Women's Championship,Bristol City W,Ipswich Town W,1X2 / Match Winner,Home,1.42,,,WON,
2025-11-09T14:00:00+00:00,Women's Championship,Charlton Athletic W,Southampton W,Double Chance,Home/Draw,1.23,,,WON,
2025-11-09T14:00:00+00:00,Women's Championship,Crystal Palace W,Sheffield United W,Over/Under Goals,Over 1.5,1.16,,,WON,
2025-11-09T14:00:00+00:00,Women's Championship,Sunderland W,Portsmouth W,Over/Under Goals,Under 3.5,1.7,,,LOST,
2025-11-09T14:15:00+00:00,NB I,Kazincbarcikai,Ferencvarosi TC,Result + Total Goals,Away/Over 1.5,1.44,,,WON,
2025-11-09T14:15:00+00:00,Premijer Liga,Zrinjski,Zeljeznicar Sarajevo,Over/Under Goals,Under 3.5,1.2,,,WON,
2025-11-09T14:30:00+00:00,Bundesliga 1,SC Freiburg,FC St. Pauli,Team Total Goals,Over 0.5,1.18,,,WON,
2025-11-09T14:30:00+00:00,Czech Liga,Sigma Olomouc,Pardubice,Over/Under Goals,Under 3.5,1.27,,,WON,
2025-11-09T14:30:00+00:00,Czech Liga,Sparta Praha,Teplice,Over/Under Goals,Under 3.5,1.46,,,LOST,
2025-11-09T14:30:00+00:00,FA WSL,Everton W,Manchester City W,Over/Under Goals,Over 1.5,1.19,,,WON,
2025-11-09T14:30:00+00:00,First League,Jedinstvo,Buducnost Podgorica,Double Chance,Draw/Away,1.18,,,WON,
2025-11-09T14:30:00+00:00,Premier League,Akhmat,Spartak Moscow,Double Chance,Draw/Away,1.41,,,WON,
2025-11-09T14:30:00+00:00,Stars League,Al Shahaniya,Al-Rayyan SC,Over/Under Goals,Over 1.5,1.15,,,WON,
2025-11-09T14:30:00+00:00,Super Liga,Slovan Bratislava,Komárno,Over/Under Goals,Under 3.5,1.82,,,LOST,
2025-11-09T14:44:00+00:00,Premyer Liqa,Qarabag,Neftchi Baku,Team Total Goals,Over 0.5,1.63,,,LOST,
2025-11-09T14:55:00+00:00,Division 1,Al Bukayriyah,Al Jubail,Over/Under Goals,Under 3.5,1.17,,,WON,
2025-11-09T15:00:00+00:00,1. Division,AEK Larnaca,Omonia Aradippou,Over/Under Goals,Under 3.5,1.44,,,WON,
2025-11-09T15:00:00+00:00,1a Divisió,Esperança d'Andorra,Penya Encarnada,Over/Under Goals,Under 3.5,1.44,,,WON,
2025-11-09T15:00:00+00:00,Botola Pro,Difaa EL Jadida,FUS Rabat,Over/Under Goals,Under 3.5,1.22,,,WON,
2025-11-09T15:00:00+00:00,Botola Pro,Olympique Safi,Wydad AC,Double Chance,Draw/Away,1.25,,,WON,
2025-11-09T15:00:00+00:00,Campeonato de Portugal Prio - Group A,Camacha,Brito,Double Chance,Home/Draw,1.25,,,WON,
2025-11-09T15:00:00+00:00,Campeonato de Portugal Prio - Group A,Celoricense,Vianense,Double Chance,Home/Draw,1.25,,,WON,
2025-11-09T15:00:00+00:00,Campeonato de Portugal Prio - Group A,Mirandela,Chaves II,Over/Under Goals,Under 2.5,1.7,,,LOST,
2025-11-09T15:00:00+00:00,Campeonato de Portugal Prio - Group A,Monção,Os Limianos,Double Chance,Draw/Away,1.18,,,WON,
2025-11-09T15:00:00+00:00,Campeonato de Portugal Prio - Group A,Vilaverdense,AR São Martinho,Over/Under Goals,Under 2.5,1.5,,,LOST,
2025-11-09T15:00:00+00:00,Campeonato de Portugal Prio - Group B,Anadia,Cinfães,Over/Under Goals,Under 2.5,1.57,,,LOST,
2025-11-09T15:00:00+00:00,Campeonato de Portugal Prio - Group B,Aparecida,Rebordosa,Over/Under Goals,Under 2.5,1.6,,,LOST,
2025-11-09T15:00:00+00:00,Campeonato de Portugal Prio - Group B,Beira-Mar,Florgrade,Over/Under Goals,Under 2.5,1.53,,,WON,
2025-11-09T15:00:00+00:00,Campeonato de Portugal Prio - Group B,Gouveia,Alpendorada,1X2 / Match Winner,Away,1.59,,,WON,
2025-11-09T15:00:00+00:00,Campeonato de Portugal Prio - Group B,Resende,Vila Real,Over/Under Goals,Under 2.5,1.53,,,WON,
2025-11-09T15:00:00+00:00,Campeonato de Portugal Prio - Group B,Salgueiros,Leça,Double Chance,Draw/Away,1.53,,,WON,
2025-11-09T15:00:00+00:00,Campeonato de Portugal Prio - Group B,Vila Meã,União Lamas,Double Chance,Home/Draw,1.18,,,WON,
2025-11-09T15:00:00+00:00,Campeonato de Portugal Prio - Group C,Benfica Castelo Branco,Marinhense,Double Chance,Home/Draw,1.17,,,WON,
2025-11-09T15:00:00+00:00,Campeonato de Portugal Prio - Group C,Eléctrico,Oliveira Hospital,Over/Under Goals,Under 2.5,1.7,,,LOST,
2025-11-09T15:00:00+00:00,Campeonato de Portugal Prio - Group C,Os Marialvas,Samora Correir,Over/Under Goals,Under 2.5,1.65,,,LOST,
2025-11-09T15:00:00+00:00,Campeonato de Portugal Prio - Group D,FC Serpa,Louletano,Over/Under Goals,Under 2.5,1.57,,,WON,
2025-11-09T15:00:00+00:00,Challenger Pro League,Francs Borains,Olympic Charleroi,Over/Under Goals,Under 3.5,1.4,,,WON,
2025-11-09T15:00:00+00:00,Challenger Pro League,RWDM,Beerschot Wilrijk,Double Chance,Draw/Away,1.44,,,WON,
2025-11-09T15:00:00+00:00,FAI Cup,Shamrock Rovers,Cork City,1X2 / Match Winner,Draw,4.0,,,LOST,
2025-11-09T15:00:00+00:00,Frauen Bundesliga,FC Koln W,1899 Hoffenheim W,BTTS,Yes,1.62,,,LOST,
2025-11-09T15:00:00+00:00,Jupiler Pro League,St. Truiden,Standard Liege,Double Chance,Draw/Away,1.7,,,LOST,
2025-11-09T15:00:00+00:00,Liga 3,Lusitano Évora 1911,União Santarém,Over/Under Goals,Under 3.5,1.2,,,WON,
2025-11-09T15:00:00+00:00,Liga 3,SC Covilha,Caldas,Over/Under Goals,Under 3.5,1.2,,,WON,
2025-11-09T15:00:00+00:00,Liga 3,Sanjoanense,Fafe,Over/Under Goals,Under 3.5,1.25,,,WON,
2025-11-09T15:00:00+00:00,Premiership,Aberdeen,Motherwell,Double Chance,Draw/Away,1.62,,,WON,
2025-11-09T15:00:00+00:00,Premiership,Dundee,Rangers,Over/Under Goals,Under 3.5,1.5,,,WON,
2025-11-09T15:00:00+00:00,Premiership,Heart Of Midlothian,Dundee Utd,Over/Under Goals,Over 1.5,1.2,,,WON,
2025-11-09T15:00:00+00:00,Primera División Femenina,Espanyol W,Real Sociedad W,Over/Under Goals,Under 3.5,1.25,,,LOST,
2025-11-09T15:00:00+00:00,Primera División RFEF - Group 1,Cacereño,Real Avilés,Over/Under Goals,Under 3.5,1.2,,,LOST,
2025-11-09T15:00:00+00:00,Segunda División RFEF - Group 1,Burgos Promesas,Sámano,1X2 / Match Winner,Draw,3.25,,,WON,
2025-11-09T15:00:00+00:00,Segunda División RFEF - Group 5,Conquense,Getafe II,Double Chance,Draw/Away,1.4,,,WON,
2025-11-09T15:00:00+00:00,Super League 1,Levadiakos,Panserraikos,Over/Under Goals,Over 1.5,1.25,,,WON,
2025-11-09T15:00:00+00:00,Superligaen,Randers FC,FC Midtjylland,Over/Under Goals,Under 3.5,1.53,,,WON,
2025-11-09T15:15:00+00:00,La Liga,Rayo Vallecano,Real Madrid,Double Chance,Draw/Away,1.15,,,WON,
2025-11-09T15:30:00+00:00,3. Liga,SSV Jahn Regensburg,TSV 1860 München,Over/Under Goals,Over 2.5,1.65,,,WON,
2025-11-09T15:30:00+00:00,First League,Ludogorets,Arda Kardzhali,Over/Under Goals,Over 1.5,1.25,,,WON,
2025-11-09T15:30:00+00:00,First League,Mornar,Bokelj,Over/Under Goals,Under 3.5,1.26,,,WON,
2025-11-09T15:30:00+00:00,Liga I,Universitatea Craiova,Uta Arad,1X2 / Match Winner,Home,1.5,,,LOST,
2025-11-09T15:30:00+00:00,Primeira Liga,AVS,GIL Vicente,Over/Under Goals,Under 3.5,1.22,,,WON,
2025-11-09T15:30:00+00:00,Primeira Liga,Estrela,Nacional,1X2 / Match Winner,Draw,3.4,,,WON,
2025-11-09T15:30:00+00:00,Segunda Liga,Maritimo,Pacos Ferreira,Team Total Goals,Over 0.5,1.69,,,LOST,
2025-11-09T15:30:00+00:00,Super League 1,OFI,AEK Athens FC,1X2 / Match Winner,Away,1.5,,,WON,
2025-11-09T15:30:00+00:00,Super League,FC ST. Gallen,BSC Young Boys,Over/Under Goals,Over 1.5,1.17,,,WON,
2025-11-09T15:30:00+00:00,Super League,Lausanne,FC Sion,Over/Under Goals,Over 1.5,1.22,,,WON,
2025-11-09T15:45:00+00:00,Eerste Divisie,Waalwijk,De Graafschap,Over/Under Goals,Over 2.5,1.4,,,WON,
2025-11-09T15:45:00+00:00,Eredivisie,AZ Alkmaar,PSV Eindhoven,Over/Under Goals,Over 2.5,1.4,,,WON,
2025-11-09T16:00:00+00:00,3. Lig - Group 4,Eskişehirspor,Efeler 09 Spor,Asian Handicap,Home +0.25,1.17,,,WON,
2025-11-09T16:00:00+00:00,Eliteserien,Bodo/Glimt,Bryne,BTTS,Yes,1.85,,,LOST,
2025-11-09T16:00:00+00:00,Eliteserien,Brann,KFUM Oslo,Over/Under Goals,Over 1.5,1.3,,,WON,
2025-11-09T16:00:00+00:00,Eliteserien,Kristiansund BK,Stromsgodset,Over/Under Goals,Over 2.5,1.5,,,WON,
2025-11-09T16:00:00+00:00,Eliteserien,Sandefjord,Tromso,Over/Under Goals,Over 1.5,1.25,,,LOST,
2025-11-09T16:00:00+00:00,I Liga,Tychy 71,Pogoń Grod. Mazowiecki,Double Chance,Draw/Away,1.48,,,WON,
2025-11-09T16:00:00+00:00,NB II,Ajka,Soroksar,Over/Under Goals,Under 3.5,1.28,,,WON,
2025-11-09T16:00:00+00:00,NB II,Bekescsaba 1912,Tiszakecske FC,Over/Under Goals,Under 3.5,1.36,,,WON,
2025-11-09T16:00:00+00:00,NB II,Budapest Honved,Szeged 2011,Over/Under Goals,Under 3.5,1.26,,,WON,
2025-11-09T16:00:00+00:00,NB II,Csakvar,Mezokovesd-zsory,Over/Under Goals,Under 3.5,1.29,,,WON,
2025-11-09T16:00:00+00:00,NB II,Kecskeméti TE,Kozarmisleny FC,Double Chance,Home/Draw,1.17,,,WON,
2025-11-09T16:00:00+00:00,Premier League 2 Division One,Brighton U21,Manchester City U21,Double Chance,Draw/Away,1.18,,,LOST,
2025-11-09T16:00:00+00:00,Premiership,Celtic,Kilmarnock,1X2 / Match Winner,Home,1.15,,,WON,
2025-11-09T16:00:00+00:00,Segunda División RFEF - Group 1,Coruxo,Lealtad,Over/Under Goals,Under 2.5,1.8,,,WON,
2025-11-09T16:00:00+00:00,Segunda División RFEF - Group 1,Marino de Luanco,Sarriana,Over/Under Goals,Under 3.5,1.15,,,WON,
2025-11-09T16:00:00+00:00,Segunda División RFEF - Group 1,Real Ávila,Numancia,Over/Under Goals,Under 3.5,1.16,,,WON,
2025-11-09T16:00:00+00:00,Segunda División RFEF - Group 2,Alfaro,Ejea,Over/Under Goals,Under 3.5,1.18,,,WON,
2025-11-09T16:00:00+00:00,Segunda División RFEF - Group 2,Basconia,Real Unión,Over/Under Goals,Under 3.5,1.18,,,WON,
2025-11-09T16:00:00+00:00,Segunda División RFEF - Group 2,Gernika,Ebro,Asian Handicap,Home +0.5,1.26,,,WON,
2025-11-09T16:00:00+00:00,Segunda División RFEF - Group 2,Utebo,Beasain,Asian Handicap,Away -1.25,1.48,,,WON,
2025-11-09T16:00:00+00:00,Segunda División RFEF - Group 3,Alcoyano,Atlètic Lleida,Over/Under Goals,Under 3.5,1.2,,,WON,
2025-11-09T16:00:00+00:00,Segunda División RFEF - Group 4,Xerez Deportivo,Almería II,Over/Under Goals,Under 3.5,1.15,,,WON,
2025-11-09T16:00:00+00:00,Segunda División RFEF - Group 4,Yeclano,Recreativo Huelva,Over/Under Goals,Under 3.5,1.15,,,WON,
2025-11-09T16:00:00+00:00,Super Liga,IMT Novi Beograd,TSC Backa Topola,Double Chance,Home/Draw,1.5,,,WON,
2025-11-09T16:00:00+00:00,TFF 1. Lig,Yeni Çorumspor,76 Iğdır Belediyespor,Over/Under Goals,Over 2.5,1.95,,,WON,
2025-11-09T16:00:00+00:00,Tipp3 Bundesliga,Sturm Graz,Red Bull Salzburg,Over/Under Goals,Over 2.5,1.62,,,LOST,
2025-11-09T16:15:00+00:00,Ligue 1,Angers,Auxerre,Over/Under Goals,Under 3.5,1.22,,,WON,
2025-11-09T16:15:00+00:00,Ligue 1,Metz,Nice,Over/Under Goals,Under 3.5,1.44,,,WON,
2025-11-09T16:15:00+00:00,Ligue 1,Strasbourg,Lille,Over/Under Goals,Over 1.5,1.25,,,WON,
2025-11-09T16:15:00+00:00,Serie B,Pescara,Monza,Double Chance,Draw/Away,1.17,,,WON,
2025-11-09T16:30:00+00:00,1. SNL,Celje,Bravo,Team Total Goals,Over 0.5,1.45,,,LOST,
2025-11-09T16:30:00+00:00,Bundesliga 1,VfB Stuttgart,FC Augsburg,Over/Under Goals,Under 3.5,1.65,,,LOST,
2025-11-09T16:30:00+00:00,Ekstraklasa,Pogon Szczecin,Jagiellonia,Over/Under Goals,Over 1.5,1.2,,,WON,
2025-11-09T16:30:00+00:00,NB I,Nyiregyhaza,Puskas Academy,1X2 / Match Winner,Draw,3.72,,,WON,
2025-11-09T16:30:00+00:00,Premier League,Manchester City,Liverpool,Over/Under Goals,Over 1.5,1.15,,,WON,
2025-11-09T16:30:00+00:00,Premijer Liga,Velež,Radnik Bijeljina,Over/Under Goals,Under 3.5,1.25,,,WON,
2025-11-09T16:30:00+00:00,Segunda División RFEF - Group 2,Sestao River,UD Logroñés,Asian Handicap,Home +0.25,1.4,,,WON,
2025-11-09T16:30:00+00:00,Serie C - Girone A,Giana Erminio,Albinoleffe,Over/Under Goals,Under 2.5,1.57,,,WON,
2025-11-09T16:30:00+00:00,Serie C - Girone A,Novara,Lecco,Over/Under Goals,Under 3.5,1.17,,,WON,
2025-11-09T16:30:00+00:00,Serie C - Girone B,Athletic Carpi,Livorno,Asian Handicap,Home +0.25,1.4,,,WON,
2025-11-09T16:30:00+00:00,Serie C - Girone C,SS Monopoli,Casertana,Over/Under Goals,Under 3.5,1.17,,,WON,
2025-11-09T16:30:00+00:00,Serie C - Girone C,Sorrento,Audace Cerignola,Asian Handicap,Home +0.5,1.58,,,LOST,
2025-11-09T16:30:00+00:00,Stars League,Al-Arabi SC,Al Ahli Doha,Over/Under Goals,Under 3.5,1.62,,,WON,
2025-11-09T16:40:00+00:00,Premier League,Kazma,Al Kuwait,Over/Under Goals,Under 3.5,1.42,,,WON,
2025-11-09T16:45:00+00:00,Premier League,Baltika,FC Krasnodar,Over/Under Goals,Under 3.5,1.16,,,WON,
2025-11-09T17:00:00+00:00,1. Division,Anorthosis,Pafos,Over/Under Goals,Under 3.5,1.35,,,WON,
2025-11-09T17:00:00+00:00,1. Division,Omonia Nicosia,Apoel Nicosia,Over/Under Goals,Under 3.5,1.3,,,LOST,
2025-11-09T17:00:00+00:00,Botola 2,Chabab Atl. Khenifra,Moghreb Tetouan,Double Chance,Home/Draw,1.25,,,LOST,
2025-11-09T17:00:00+00:00,Botola Pro,Ittihad Tanger,Renaissance Berkane,Over/Under Goals,Over 1.5,1.62,,,LOST,
2025-11-09T17:00:00+00:00,Liga de Ascenso,AD Sarchí,ADR Jicaral,Over/Under Goals,Under 3.5,1.35,,,WON,
2025-11-09T17:00:00+00:00,Liga de Ascenso,Aserri FC,Escorpiones Belén,Over/Under Goals,Over 1.5,1.22,,,WON,
2025-11-09T17:00:00+00:00,Liga de Ascenso,Quepos Cambute,Municipal Grecia,Over/Under Goals,Under 3.5,1.7,,,WON,
2025-11-09T17:00:00+00:00,Segunda División RFEF - Group 3,Barcelona B,Torrent,Over/Under Goals,Under 3.5,1.24,,,LOST,
2025-11-09T17:00:00+00:00,Serie A,AS Roma,Udinese,Over/Under Goals,Under 3.5,1.28,,,WON,
2025-11-09T17:00:00+00:00,Super League 1,Atromitos,Volos NFC,Double Chance,Home/Draw,1.44,,,LOST,
2025-11-09T17:00:00+00:00,Super Lig,Fenerbahce,Kayserispor,1X2 / Match Winner,Home,1.18,,,WON,
2025-11-09T17:00:00+00:00,Super Lig,Samsunspor,Eyüpspor,Over/Under Goals,Under 3.5,1.28,,,WON,
2025-11-09T17:00:00+00:00,Super Liga,Tatran Prešov,Spartak Trnava,Over/Under Goals,Over 1.5,1.2,,,WON,
2025-11-09T17:00:00+00:00,Superligaen,Aarhus,Sonderjyske,Over/Under Goals,Under 3.5,1.56,,,LOST,
2025-11-09T17:15:00+00:00,Primera División RFEF - Group 1,Barakaldo,Ponferradina,Double Chance,Draw/Away,1.55,,,WON,
2025-11-09T17:15:00+00:00,Prva HNL,NK Varazdin,HNK Rijeka,Over/Under Goals,Under 3.5,1.2,,,WON,
2025-11-09T17:30:00+00:00,Czech Liga,Plzen,Slavia Praha,Over/Under Goals,Under 3.5,1.35,,,LOST,
2025-11-09T17:30:00+00:00,Frauen Bundesliga,Werder Bremen W,RB Leipzig W,Over/Under Goals,Over 1.5,1.18,,,WON,
2025-11-09T17:30:00+00:00,Jupiler Pro League,Gent,Genk,Over/Under Goals,Under 3.5,1.5,,,WON,
2025-11-09T17:30:00+00:00,La Liga,Mallorca,Getafe,Asian Handicap,Away -0.5,1.57,,,LOST,
2025-11-09T17:30:00+00:00,La Liga,Valencia,Real Betis,Team Total Goals,Over 0.5,1.22,,,WON,
2025-11-09T17:30:00+00:00,Liga 3,CF Os Belenenses,Mafra,Over/Under Goals,Under 3.5,1.2,,,WON,
2025-11-09T17:30:00+00:00,Segunda Division,Granada CF,Zaragoza,Over/Under Goals,Under 3.5,1.22,,,LOST,
2025-11-09T17:30:00+00:00,Super Liga,FK Partizan,Novi Pazar,Over/Under Goals,Under 3.5,1.65,,,WON,
2025-11-09T18:00:00+00:00,1a Divisió,Ranger's,FC Santa Coloma,Over/Under Goals,Under 3.5,1.27,,,WON,
2025-11-09T18:00:00+00:00,Liga Pro,Tecnico Universitario,Cuniburo,Over/Under Goals,Under 3.5,1.22,,,WON,
2025-11-09T18:00:00+00:00,Ligat Ha'al,Hapoel Haifa,Hapoel Petah Tikva,Over/Under Goals,Under 3.5,1.31,,,LOST,
2025-11-09T18:00:00+00:00,Primeira Liga,Famalicao,FC Porto,Over/Under Goals,Under 3.5,1.28,,,WON,
2025-11-09T18:00:00+00:00,Primera Division,Huachipato,A. Italiano,Over/Under Goals,Over 1.5,1.25,,,WON,
2025-11-09T18:00:00+00:00,Primera Division,UTC,Sport Huancayo,Double Chance,Draw/Away,1.6,,,WON,
2025-11-09T18:00:00+00:00,Segunda División,Municipal Salamanca,Santiago City,Over/Under Goals,Under 3.5,1.4,,,WON,
2025-11-09T18:15:00+00:00,Eliteserien,Haugesund,Molde,Over/Under Goals,Over 1.5,1.15,,,WON,
2025-11-09T18:15:00+00:00,Jupiler Pro League,KV Mechelen,Union St. Gilloise,1X2 / Match Winner,Away,1.65,,,LOST,
2025-11-09T18:30:00+00:00,3. Liga,SV Wehen,FC Viktoria Köln,Over/Under Goals,Under 3.5,1.5,,,WON,
2025-11-09T18:30:00+00:00,Bundesliga 1,Eintracht Frankfurt,FSV Mainz 05,Over/Under Goals,Under 3.5,1.55,,,WON,
2025-11-09T18:30:00+00:00,II Liga - East,Kalisz,Zaglebie Sosnowiec,Over/Under Goals,Under 3.5,1.28,,,WON,
2025-11-09T18:30:00+00:00,Liga I,AFC Hermannstadt,FCSB,Over/Under Goals,Under 3.5,1.22,,,LOST,
2025-11-09T18:30:00+00:00,Ligat Ha'al,Maccabi Tel Aviv,Beitar Jerusalem,Over/Under Goals,Under 3.5,1.55,,,LOST,
2025-11-09T18:30:00+00:00,Primera B Metropolitana,Deportivo Merlo,Sacachispas,Over/Under Goals,Under 2.5,1.44,,,WON,
2025-11-09T18:30:00+00:00,Primera B Metropolitana,UAI Urquiza,Liniers,Over/Under Goals,Under 2.5,1.44,,,WON,
2025-11-09T19:00:00+00:00,Botola Pro,FAR Rabat,Maghreb Fès,Over/Under Goals,Under 3.5,1.2,,,WON,
2025-11-09T19:00:00+00:00,Eredivisie,GO Ahead Eagles,Feyenoord,Over/Under Goals,Over 1.5,1.15,,,WON,
2025-11-09T19:00:00+00:00,Primera A,Once Caldas,Deportivo Pasto,Over/Under Goals,Under 3.5,1.36,,,WON,
2025-11-09T19:00:00+00:00,Serie A,Corinthians,Ceara,Over/Under Goals,Under 3.5,1.18,,,WON,
2025-11-09T19:00:00+00:00,Serie A,Cruzeiro,Fluminense,Over/Under Goals,Under 3.5,1.2,,,WON,
2025-11-09T19:00:00+00:00,Serie A,Vitoria,Botafogo,Asian Handicap,Home +0.5,1.62,,,WON,
2025-11-09T19:00:00+00:00,Super League 1,Panathinaikos,PAOK,Double Chance,Draw/Away,1.53,,,LOST,
2025-11-09T19:00:00+00:00,Superligaen,Brondby,FC Nordsjaelland,Over/Under Goals,Over 1.5,1.16,,,WON,
2025-11-09T19:15:00+00:00,Ekstraklasa,Arka Gdynia,Lech Poznan,Team Total Goals,Over 0.5,1.15,,,WON,
2025-11-09T19:30:00+00:00,Primera Division,Boca Juniors,River Plate,Over/Under Goals,Under 3.5,1.18,,,WON,
2025-11-09T19:30:00+00:00,Primera División - Clausura,Atletico Torque,Penarol,Over/Under Goals,Under 3.5,1.33,,,WON,
2025-11-09T19:30:00+00:00,Primera División - Clausura,Juventud,Progreso,Over/Under Goals,Under 3.5,1.28,,,WON,
2025-11-09T19:30:00+00:00,Primera División RFEF - Group 2,Villarreal II,Sanluqueño,Over/Under Goals,Under 3.5,1.22,,,WON,
2025-11-09T19:30:00+00:00,Serie C - Girone B,Ternana,Vis Pesaro,Over/Under Goals,Under 3.5,1.17,,,WON,
2025-11-09T19:30:00+00:00,Serie C - Girone C,Foggia,Benevento,Over/Under Goals,Under 2.5,1.9,,,LOST,
2025-11-09T19:45:00+00:00,Ligue 1,Lyon,Paris Saint Germain,Over/Under Goals,Under 3.5,1.6,,,LOST,
2025-11-09T19:45:00+00:00,Serie A,Inter,Lazio,Over/Under Goals,Under 3.5,1.45,,,WON,
2025-11-09T20:00:00+00:00,La Liga,Celta Vigo,Barcelona,Over/Under Goals,Over 1.5,1.15,,,WON,
2025-11-09T20:00:00+00:00,Liga 3,Varzim,Amarante,1X2 / Match Winner,Draw,3.4,,,WON,
2025-11-09T20:00:00+00:00,Liga Mayor,Universidad O&M,Atlético Pantoja,Team Total Goals,Over 0.5,1.2,,,WON,
2025-11-09T20:00:00+00:00,Segunda Division,Cadiz,Valladolid,Over/Under Goals,Under 3.5,1.22,,,WON,
2025-11-09T20:00:00+00:00,Serie B,Criciuma,Atletico Goianiense,Over/Under Goals,Under 3.5,1.23,,,WON,
2025-11-09T20:15:00+00:00,Primera Division,Alianza Atletico,Alianza Universidad,Over/Under Goals,Under 3.5,1.4,,,WON,
2025-11-09T20:15:00+00:00,Segunda División,Cesar Vallejo,UCV Moquegua,Team Total Goals,Over 0.5,1.15,,,LOST,
2025-11-09T20:30:00+00:00,Liga Pro,El Nacional,Emelec,Over/Under Goals,Under 3.5,1.25,,,WON,
2025-11-09T20:30:00+00:00,Primeira Liga,Benfica,Casa Pia,Over/Under Goals,Over 1.5,1.16,,,WON,
2025-11-09T20:30:00+00:00,Primeira Liga,SC Braga,Moreirense,1X2 / Match Winner,Home,1.43,,,WON,
2025-11-09T20:30:00+00:00,Primera Division,Universidad de Chile,Deportes Limache,Over/Under Goals,Under 3.5,1.45,,,LOST,
2025-11-09T20:30:00+00:00,Segunda División,Deportes Rengo,General Velásquez,Over/Under Goals,Under 3.5,1.3,,,WON,
2025-11-09T20:30:00+00:00,Segunda Liga,Lusitânia Lourosa,União de Leiria,Team Total Goals,Over 0.5,1.3,,,WON,
2025-11-09T21:00:00+00:00,Division Profesional - Clausura,Club Guarani,Libertad Asuncion,Asian Handicap,Home +0.25,1.51,,,LOST,
2025-11-09T21:00:00+00:00,Division Profesional - Clausura,Sportivo Trinidense,Cerro Porteno,Double Chance,Draw/Away,1.18,,,WON,
2025-11-09T21:00:00+00:00,Liga Nacional,Génesis,CD Olimpia,Over/Under Goals,Over 1.5,1.22,,,WON,
2025-11-09T21:00:00+00:00,Liga Nacional,Mixco,Municipal,Over/Under Goals,Under 3.5,1.18,,,WON,
2025-11-09T21:00:00+00:00,Liga de Ascenso,CS Uruguay,Pitbulls Santa Barbara FC,Over/Under Goals,Under 3.5,1.29,,,WON,
2025-11-09T21:00:00+00:00,Primera Division,Cacahuatique,Águila,Over/Under Goals,Under 3.5,1.22,,,WON,
2025-11-09T21:10:00+00:00,Primera A,Alianza Petrolera,Chico,1X2 / Match Winner,Draw,4.16,,,LOST,
2025-11-09T21:30:00+00:00,Liga Premier Serie B,Acambaro,Huracanes Izcalli,Over/Under Goals,Over 2.5,2.0,,,WON,
2025-11-09T21:30:00+00:00,Primera División,Deportivo Tachira FC,Metropolitanos FC,Asian Handicap,Away -1.25,1.85,,,LOST,
2025-11-09T21:30:00+00:00,Serie A,Flamengo,Santos,Over/Under Goals,Under 3.5,1.42,,,LOST,
2025-11-09T21:30:00+00:00,Serie B,CRB,Operario-PR,Over/Under Goals,Under 3.5,1.22,,,LOST,
2025-11-09T22:15:00+00:00,Torneo Federal A,Gimnasia Chivilcoy,9 de Julio Rafaela,Over/Under Goals,Under 2.5,1.44,,,WON,
2025-11-09T22:20:00+00:00,Primera Division,Banfield,Aldosivi,Over/Under Goals,Under 3.5,1.18,,,WON,
2025-11-09T22:20:00+00:00,Primera Division,Sarmiento Junin,Instituto Cordoba,BTTS,No,1.53,,,LOST,
2025-11-09T23:00:00+00:00,Liga MX Femenil,Tigres UANL W,Juárez W,Over/Under Goals,Over 1.5,1.17,,,LOST,
2025-11-09T23:00:00+00:00,Liga MX,Santos Laguna,Pachuca,Over/Under Goals,Over 1.5,1.17,,,LOST,
2025-11-09T23:00:00+00:00,Liga Nacional,Guastatoya,Antigua GFC,Over/Under Goals,Under 3.5,1.25,,,WON,
2025-11-09T23:00:00+00:00,Liga Pro,Orense SC,Barcelona SC,Over/Under Goals,Under 3.5,1.22,,,WON,
2025-11-09T23:00:00+00:00,Liga de Expansión MX,Tapatío,Dorados,Over/Under Goals,Under 3.5,1.48,,,LOST,
2025-11-09T23:00:00+00:00,Primera Division,Alianza,Zacatecoluca,Over/Under Goals,Under 3.5,1.28,,,WON,
2025-11-09T23:00:00+00:00,Primera Division,Cobresal,Everton de Vina,Over/Under Goals,Under 3.5,1.33,,,WON,
2025-11-09T23:00:00+00:00,Primera División,Carabobo FC,Caracas FC,Asian Handicap,Away -0.5,2.0,,,LOST,
2025-11-09T23:05:00+00:00,Torneo Federal A,Olimpo Bahia Blanca,Douglas Haig,Double Chance,Home/Draw,1.25,,,WON,
2025-11-09T23:15:00+00:00,Liga Nacional,CD Motagua,Atlético Choloma,Over/Under Goals,Under 3.5,1.7,,,WON,
2025-11-09T23:20:00+00:00,Primera A,America de Cali,Union Magdalena,Over/Under Goals,Over 1.5,1.25,,,WON,
2025-11-09T23:30:00+00:00,Serie A,Fortaleza EC,Gremio,Over/Under Goals,Under 3.5,1.25,,,LOST,
2025-11-09T23:30:00+00:00,Serie A,Mirassol,Palmeiras,Over/Under Goals,Under 3.5,1.25,,,WON,
2025-11-09T23:30:00+00:00,Serie B,Paysandu,Coritiba,1X2 / Match Winner,Away,1.68,,,WON,
2025-11-10T00:30:00+00:00,Primera Division,Atletico Tucuman,Godoy Cruz,Over/Under Goals,Under 3.5,1.17,,,WON,
2025-11-10T00:30:00+00:00,Primera Division,Tigre,Estudiantes L.P.,Asian Handicap,Home +0.5,1.57,,,WON,
2025-11-10T01:15:00+00:00,Liga MX Femenil,América W,Monterrey W,Over/Under Goals,Over 1.5,1.2,,,WON,
2025-11-10T01:30:00+00:00,Primera A,Santa Fe,Deportivo Cali,Over/Under Goals,Under 3.5,1.25,,,WON,
2025-11-10T02:00:00+00:00,Major League Soccer,San Diego,Portland Timbers,Over/Under Goals,Over 1.5,1.15,,,WON,
2025-11-10T03:15:00+00:00,Liga MX Femenil,Toluca W,Guadalajara W,Over/Under Goals,Under 3.5,1.44,,,WON,
2025-11-10T10:00:00+00:00,Vysshaya Liga,FK Hulbuk,Ravshan,Over/Under Goals,Under 2.5,1.54,,,WON,
2025-11-10T10:00:00+00:00,Vysshaya Liga,Istiqlol,Eskhata,Team Total Goals,Under 2.5,1.43,,,LOST,
2025-11-10T12:00:00+00:00,First League,Shkendija,Makedonija GjP,Over/Under Goals,Under 3.5,1.75,,,LOST,
2025-11-10T12:00:00+00:00,First League,Sileks,Shkupi 1927,Over/Under Goals,Over 2.5,1.4,,,WON,
2025-11-10T13:00:00+00:00,First League,Chelyabinsk,FC UFA,Over/Under Goals,Under 3.5,1.15,,,WON,
2025-11-10T13:00:00+00:00,Super League 2,Ilioupoli,Kallithea,Over/Under Goals,Under 3.5,1.22,,,WON,
2025-11-10T13:30:00+00:00,Ligue 1,Jeunesse Sportive Omrane,Olympique Béja,Over/Under Goals,Under 3.5,1.17,,,WON,
2025-11-10T14:00:00+00:00,Professional Development League,Sheffield United U21,Coventry City U21,1X2 / Match Winner,Home,1.25,,,WON,
2025-11-10T15:00:00+00:00,Division One League,Inter Allies,Na God,Over/Under Goals,Under 2.5,1.5,,,LOST,
2025-11-10T15:30:00+00:00,Second League,Dunav Ruse,Fratria,Over/Under Goals,Under 3.5,1.25,,,WON,
2025-11-10T16:00:00+00:00,II Liga - East,ŁKS Łódź II,Śląsk Wrocław II,Double Chance,Draw/Away,1.44,,,WON,
2025-11-10T16:30:00+00:00,First League,Fakel,Spartak Kostroma,Double Chance,Home/Draw,1.16,,,WON,
2025-11-10T17:00:00+00:00,Frauen Bundesliga,SC Freiburg W,Bayer Leverkusen W,Over/Under Goals,Over 1.5,1.2,,,WON,
2025-11-10T17:00:00+00:00,Liga Leumit,Hapoel Rishon LeZion,Hapoel Hadera,Over/Under Goals,Under 3.5,1.36,,,WON,
2025-11-10T17:00:00+00:00,Liga Leumit,Ironi Modi'in,Hapoel Afula,BTTS,Yes,1.62,,,WON,
2025-11-10T17:00:00+00:00,Liga Leumit,Kiryat Yam SC,Maccabi Kabilio Jaffa,Over/Under Goals,Under 2.5,2.08,,,LOST,
2025-11-10T17:30:00+00:00,Liga II,ASA Targu Mures,Politehnica Iasi,Asian Handicap,Home +0.25,1.44,,,WON,
2025-11-10T18:00:00+00:00,1. Division,Esbjerg,Middelfart,Over/Under Goals,Under 3.5,1.42,,,LOST,
2025-11-10T18:00:00+00:00,Damallsvenskan,Linköping,Kristianstad,Over/Under Goals,Over 1.5,1.15,,,WON,
2025-11-10T18:30:00+00:00,Primera B Metropolitana,Acassuso,Villa Dalmine,Over/Under Goals,Under 3.5,1.2,,,LOST,
2025-11-10T19:00:00+00:00,Premier League 2 Division One,Blackburn Rovers U21,Derby County U21,Double Chance,Home/Draw,1.4,,,LOST,
2025-11-10T19:00:00+00:00,Women's Championship,Nottingham Forest W,Birmingham City W,Over/Under Goals,Under 3.5,1.29,,,WON,
2025-11-10T19:30:00+00:00,Segunda Division,Burgos,Castellón,Over/Under Goals,Under 3.5,1.3,,,WON,
2025-11-10T19:30:00+00:00,Serie C - Girone C,Salernitana,Crotone,1X2 / Match Winner,Draw,3.35,,,WON,
2025-11-10T19:45:00+00:00,National League - South,Chelmsford City,AFC Hornchurch,Over/Under Goals,Over 1.5,1.3,,,WON,
2025-11-10T19:45:00+00:00,Non League Premier - Southern Central,St Ives Town,Banbury United,Over/Under Goals,Under 3.5,1.28,,,WON,
2025-11-10T20:00:00+00:00,Division Profesional - Clausura,Sportivo Ameliano,2 de Mayo,Over/Under Goals,Under 3.5,1.19,,,LOST,
2025-11-10T20:00:00+00:00,League Two,Cheltenham,Notts County,Team Total Goals,Under 2.5,1.2,,,WON,
2025-11-10T20:00:00+00:00,Primera Division,ADT,Cultural Santa Rosa,Over/Under Goals,Under 3.5,1.39,,,WON,
2025-11-10T20:00:00+00:00,Primera Division,Gimnasia L.P.,Velez Sarsfield,Asian Handicap,Home +0.5,1.53,,,WON,
2025-11-10T22:00:00+00:00,Primera Division,Deportivo Riestra,Independiente,Double Chance,Home/Draw,1.45,,,LOST,
2025-11-10T22:00:00+00:00,Serie B,Botafogo SP,Amazonas,1X2 / Match Winner,Draw,3.15,,,LOST,
2025-11-10T22:00:00+00:00,Serie B,Chapecoense-sc,America Mineiro,Double Chance,Draw/Away,1.7,,,WON,
2025-11-10T22:30:00+00:00,Division Profesional - Clausura,Atlético Tembetary,Nacional Asuncion,Over/Under Goals,Under 3.5,1.23,,,WON,
2025-11-11T00:00:00+00:00,Liga Pro,Aucas,Delfin SC,Over/Under Goals,Under 3.5,1.36,,,LOST,
2025-11-11T00:15:00+00:00,Primera Division,Argentinos JRS,Belgrano Cordoba,Over/Under Goals,Under 3.5,1.2,,,WON,
2025-11-11T00:15:00+00:00,Primera Division,Independ. Rivadavia,Central Cordoba de Santiago,Over/Under Goals,Under 3.5,1.17,,,WON,
2025-11-11T00:30:00+00:00,Copa Colombia,Independiente Medellin,Envigado,1X2 / Match Winner,Home,1.42,,,LOST,
2025-11-11T11:30:00+00:00,III Liga - Group 2,Luzino,Victoria Września,1X2 / Match Winner,Home,1.33,,,WON,
2025-11-11T12:30:00+00:00,Cup,Inter Bratislava,Skalica,Over/Under Goals,Under 3.5,1.25,,,WON,
2025-11-11T13:00:00+00:00,Professional Development League,Hull City U21,Barnsley U21,BTTS,Yes,1.44,,,LOST,
2025-11-11T13:00:00+00:00,Professional Development League,Millwall U21,AFC Bournemouth U21,BTTS,Yes,1.25,,,WON,
2025-11-11T13:30:00+00:00,Professional Development League,Queens Park Rangers U21,Bristol City U21,Team Total Goals,Over 0.5,1.17,,,WON,
2025-11-11T14:30:00+00:00,QSL Cup,Al Ahli Doha,Al Wakrah,Asian Handicap,Home +1.25,1.52,,,WON,
2025-11-11T17:30:00+00:00,Liga II,Chindia Targoviste,CS Afumati,Over/Under Goals,Under 3.5,1.27,,,LOST,
2025-11-11T17:45:00+00:00,UEFA Champions League Women,Roma W,Vålerenga W,Over/Under Goals,Over 1.5,1.17,,,LOST,
2025-11-11T19:00:00+00:00,EFL Trophy,Barnsley,Lincoln,Double Chance,Home/Draw,1.4,,,LOST,
2025-11-11T19:00:00+00:00,EFL Trophy,Burton Albion,Crewe,Double Chance,Home/Draw,1.45,,,LOST,
2025-11-11T19:00:00+00:00,EFL Trophy,Doncaster,Bradford,Over/Under Goals,Over 1.5,1.28,,,WON,
2025-11-11T19:00:00+00:00,EFL Trophy,Oldham,Bolton,Over/Under Goals,Under 3.5,1.53,,,LOST,
2025-11-11T19:00:00+00:00,EFL Trophy,Tranmere,Blackpool,Over/Under Goals,Under 3.5,1.5,,,WON,
2025-11-11T19:00:00+00:00,Professional Development League,Huddersfield Town U21,Sheffield Wednesday U21,Double Chance,Home/Draw,1.4,,,WON,
2025-11-11T19:30:00+00:00,Non League Premier - Isthmian,Burgess Hill Town,Cray Valley PM,Asian Handicap,Home +0.25,1.41,,,WON,
2025-11-11T19:45:00+00:00,Challenge Cup,Alloa Athletic,Clyde,Asian Handicap,Home +0.25,1.4,,,WON,
2025-11-11T19:45:00+00:00,Challenge Cup,Annan Athletic,Kilmarnock II,Asian Handicap,Home +0,1.48,,,WON,
2025-11-11T19:45:00+00:00,Challenge Cup,Cove Rangers,Forfar Athletic,Over/Under Goals,Under 3.5,1.22,,,WON,
2025-11-11T19:45:00+00:00,Challenge Cup,East Fife,Edinburgh City,Over/Under Goals,Under 3.5,1.33,,,WON,
2025-11-11T19:45:00+00:00,Challenge Cup,East Kilbride,Celtic II,Over/Under Goals,Over 1.5,1.17,,,WON,
2025-11-11T19:45:00+00:00,Challenge Cup,Hamilton Academical,Rangers U21,1X2 / Match Winner,Home,1.52,,,WON,
2025-11-11T19:45:00+00:00,Challenge Cup,Kelty Hearts,Hearts U21,Over/Under Goals,Under 3.5,1.73,,,WON,
2025-11-11T19:45:00+00:00,Challenge Cup,Stirling Albion,Peterhead,Asian Handicap,Home +1.25,1.42,,,WON,
2025-11-11T19:45:00+00:00,EFL Trophy,Accrington ST,Leeds United U21,Over/Under Goals,Under 3.5,1.7,,,LOST,
2025-11-11T19:45:00+00:00,EFL Trophy,Harrogate Town,Newcastle United U21,Over/Under Goals,Over 1.5,1.15,,,WON,
2025-11-11T19:45:00+00:00,National League - North,Alfreton Town,Spennymoor Town,Over/Under Goals,Under 3.5,1.28,,,WON,
2025-11-11T19:45:00+00:00,National League - North,Bedford Town,Buxton,Over/Under Goals,Under 3.5,1.45,,,WON,
2025-11-11T19:45:00+00:00,National League - North,Marine,AFC Telford United,Double Chance,Home/Draw,1.48,,,WON,
2025-11-11T19:45:00+00:00,National League - North,Merthyr Town,South Shields,Over/Under Goals,Under 3.5,1.62,,,LOST,
2025-11-11T19:45:00+00:00,National League - North,Southport,Chester,Double Chance,Home/Draw,1.6,,,WON,
2025-11-11T19:45:00+00:00,National League - South,Bath City,Tonbridge Angels,Over/Under Goals,Under 3.5,1.25,,,WON,
2025-11-11T19:45:00+00:00,National League - South,Eastbourne Borough,Chippenham Town,Over/Under Goals,Under 3.5,1.36,,,LOST,
2025-11-11T19:45:00+00:00,National League - South,Enfield Town,Salisbury,Asian Handicap,Home +0.25,1.65,,,LOST,
2025-11-11T19:45:00+00:00,National League - South,Horsham,Hampton & Richmond,Over/Under Goals,Under 3.5,1.4,,,WON,
2025-11-11T19:45:00+00:00,National League - South,Worthing,AFC Totton,Over/Under Goals,Under 3.5,1.53,,,LOST,
2025-11-11T19:45:00+00:00,National League,Forest Green,Tamworth,Over/Under Goals,Over 2.5,1.8,,,WON,
2025-11-11T19:45:00+00:00,National League,York,Rochdale,Over/Under Goals,Under 3.5,1.5,,,LOST,
2025-11-11T19:45:00+00:00,Non League Premier - Isthmian,Billericay Town,Dartford,Over/Under Goals,Over 1.5,1.16,,,WON,
2025-11-11T19:45:00+00:00,Non League Premier - Isthmian,Chichester City,Whitehawk,Over/Under Goals,Under 3.5,1.28,,,WON,
2025-11-11T19:45:00+00:00,Non League Premier - Isthmian,Dulwich Hamlet,Wingate & Finchley,Double Chance,Home/Draw,1.44,,,LOST,
2025-11-11T19:45:00+00:00,Non League Premier - Isthmian,Folkestone Invicta,Cray Wanderers,Asian Handicap,Away -1.25,1.54,,,LOST,
2025-11-11T19:45:00+00:00,Non League Premier - Isthmian,Lewes,Carshalton Athletic,Double Chance,Draw/Away,1.57,,,WON,
2025-11-11T19:45:00+00:00,Non League Premier - Isthmian,Ramsgate,Chatham Town,Over/Under Goals,Under 3.5,1.37,,,WON,
2025-11-11T19:45:00+00:00,Non League Premier - Isthmian,St Albans City,Brentwood Town,Over/Under Goals,Over 1.5,1.15,,,WON,
2025-11-11T19:45:00+00:00,Non League Premier - Northern,Hednesford Town,Hyde United,Over/Under Goals,Under 3.5,1.38,,,WON,
2025-11-11T19:45:00+00:00,Non League Premier - Northern,Leek Town,Ashton United,Over/Under Goals,Under 3.5,1.28,,,WON,
2025-11-11T19:45:00+00:00,Non League Premier - Northern,Morpeth Town,Stocksbridge Park Steels,Double Chance,Draw/Away,1.62,,,LOST,
2025-11-11T19:45:00+00:00,Non League Premier - Northern,Warrington Town,United of Manchester,Over/Under Goals,Under 3.5,1.48,,,WON,
2025-11-11T19:45:00+00:00,Non League Premier - Southern Central,Harborough Town,AFC Sudbury,Over/Under Goals,Over 1.5,1.19,,,WON,
2025-11-11T19:45:00+00:00,Non League Premier - Southern Central,Stamford,Worcester City,Team Total Goals,Under 2.5,1.15,,,LOST,
2025-11-11T20:00:00+00:00,UEFA Champions League Women,Lyon W,VfL Wolfsburg W,Over/Under Goals,Over 2.5,1.5,,,WON,
2025-11-11T20:00:00+00:00,UEFA Champions League Women,Real Madrid W,Paris FC W,Over/Under Goals,Over 1.5,1.17,,,WON,
2025-11-11T20:00:00+00:00,UEFA Champions League Women,St. Pölten W,Chelsea W,Over/Under Goals,Under 3.5,2.45,,,LOST,
2025-11-11T21:00:00+00:00,Primera B,Cucuta,Jaguares,1X2 / Match Winner,Draw,3.05,,,WON,
2025-11-11T23:10:00+00:00,Primera B,Internacional Palmira,Huila,Over/Under Goals,Under 2.5,1.5,,,LOST,
2025-11-12T12:30:00+00:00,2. Division,Doxa,Ahironas / Onisilos,Over/Under Goals,Under 3.5,1.67,,,WON,
2025-11-12T13:00:00+00:00,Professional Development League,Peterborough United U21,Crewe Alexandra U21,Over/Under Goals,Over 2.5,1.2,,,WON,
2025-11-12T16:00:00+00:00,Segunda División RFEF - Group 4,Lorca Deportiva,Puente Genil,Over/Under Goals,Under 3.5,1.16,,,WON,
2025-11-12T16:45:00+00:00,Friendlies,Tunisia,Mauritania,Over/Under Goals,Under 3.5,1.28,,,WON,
2025-11-12T17:00:00+00:00,Cup,Zbrojovka Brno,Hradec Králové,Double Chance,Draw/Away,1.48,,,WON,
2025-11-12T17:00:00+00:00,Friendlies,Russia,Peru,Double Chance,Home/Draw,1.16,,,WON,
2025-11-12T17:45:00+00:00,UEFA Champions League Women,Bayern Munich W,Arsenal W,Over/Under Goals,Over 1.5,1.22,,,WON,
2025-11-12T18:00:00+00:00,Copa do Brasil U20,Sport Recife U20,Atlético Mineiro U20,Over/Under Goals,Under 2.5,1.85,,,WON,
2025-11-12T19:30:00+00:00,Primera División RFEF - Group 1,Zamora,Ourense CF,Team Total Goals,Under 2.5,1.25,,,WON,
2025-11-12T20:00:00+00:00,Copa do Brasil U20,IAPE U20,Novorizontino U20,Over/Under Goals,Under 3.5,1.33,,,WON,
2025-11-12T20:00:00+00:00,UEFA Champions League Women,Atletico Madrid W,Juventus W,Over/Under Goals,Under 3.5,1.42,,,WON,
2025-11-12T20:00:00+00:00,UEFA Champions League Women,Manchester United W,Paris Saint Germain W,Over/Under Goals,Under 3.5,1.3,,,WON,
2025-11-12T20:00:00+00:00,UEFA Champions League Women,SL Benfica,Twente W,Over/Under Goals,Over 1.5,1.22,,,WON,
2025-11-12T20:30:00+00:00,Copa do Brasil U20,São Paulo U20,Fortaleza U20,Over/Under Goals,Over 1.5,1.15,,,WON,
2025-11-12T21:00:00+00:00,Liga Nacional,Achuapa,Marquense,Over/Under Goals,Under 3.5,1.16,,,WON,
2025-11-12T21:00:00+00:00,Primera A,La Equidad,Deportivo Pereira,Over/Under Goals,Under 3.5,1.22,,,LOST,
2025-11-12T23:10:00+00:00,Primera B,Real Cartagena,Real Soacha,Team Total Goals,Under 2.5,1.17,,,WON,
2025-11-12T23:30:00+00:00,Serie A,Atletico-MG,Fortaleza EC,Over/Under Goals,Over 1.5,1.4,,,WON,
2025-11-13T00:00:00+00:00,USL Super League,DC Power W,Fort Lauderdale United W,Double Chance,Draw/Away,1.4,,,LOST,
2025-11-13T01:00:00+00:00,Liga de Expansión MX,Atlante FC,Tepatitlán,Over/Under Goals,Over 1.5,1.28,,,LOST,
2025-11-13T01:20:00+00:00,Primera A,Chico,Millonarios,Over/Under Goals,Under 3.5,1.22,,,WON,
2025-11-13T03:00:00+00:00,Liga de Expansión MX,Irapuato,Mineros de Zacatecas,Team Total Goals,Over 0.5,1.15,,,WON,
2025-11-13T08:30:00+00:00,Liga 2,Persekat,PSMS Medan,Over/Under Goals,Under 3.5,1.33,,,WON,
2025-11-13T10:00:00+00:00,Liga 3,Borjomi,Aragvi Dusheti,1X2 / Match Winner,Away,1.51,,,WON,
2025-11-13T12:00:00+00:00,Friendlies,Hong Kong,Cambodia,Over/Under Goals,Under 3.5,1.53,,,WON,
2025-11-13T12:00:00+00:00,Liga 2,Sumsel United,Persikad Depok FC,Double Chance,Home/Draw,1.4,,,WON,
2025-11-13T12:30:00+00:00,Friendlies,Thailand,Singapore,1X2 / Match Winner,Home,1.16,,,WON,
2025-11-13T12:30:00+00:00,Second League,Abu Qair Semad,Proxy,Asian Handicap,Away -1.25,1.46,,,WON,
2025-11-13T12:30:00+00:00,Second League,Asyut Petrol,Itesalat,Over/Under Goals,Under 2.5,1.33,,,LOST,
2025-11-13T12:30:00+00:00,Second League,Baladiyyat Al Mehalla,Olympic El Qanah,Double Chance,Draw/Away,1.16,,,WON,
2025-11-13T12:30:00+00:00,Second League,El Entag EL Harby,Aswan Sc,BTTS,No,1.43,,,WON,
2025-11-13T15:00:00+00:00,Liga Revelação U23,Benfica U23,União Leiria U23,Over/Under Goals,Under 3.5,1.53,,,WON,
2025-11-13T15:00:00+00:00,Second League,El Seka El Hadid,Maleyet Kafr El Zayiat,Double Chance,Draw/Away,1.62,,,WON,
2025-11-13T16:00:00+00:00,Friendlies,Iran,Cape Verde Islands,Over/Under Goals,Under 3.5,1.18,,,WON,
2025-11-13T17:00:00+00:00,Friendlies,Czech Republic,San Marino,Over/Under Goals,Under 3.5,7.0,,,WON,
2025-11-13T17:00:00+00:00,Friendlies,FYR Macedonia,Latvia,Over/Under Goals,Under 3.5,1.23,,,WON,
2025-11-13T17:00:00+00:00,Friendlies,Lithuania,Israel,Team Total Goals,Over 0.5,1.69,,,LOST,
2025-11-13T19:00:00+00:00,World Cup - Qualification Africa,Cameroon,Congo DR,Over/Under Goals,Under 2.5,1.4,,,WON,
2025-11-13T20:00:00+00:00,Reserve League,Belgrano Córdoba Res.,San Lorenzo Res.,Over/Under Goals,Under 2.5,1.65,,,LOST,
2025-11-13T22:30:00+00:00,Reserve League,River Plate Res.,Tigre Res.,Over/Under Goals,Under 3.5,1.28,,,LOST,
2025-11-14T00:00:00+00:00,Liga MX Femenil,Cruz Azul W,Tigres UANL W,1X2 / Match Winner,Draw,4.5,,,WON,
2025-11-14T00:00:00+00:00,Primera A,Deportivo Cali,Once Caldas,Over/Under Goals,Under 3.5,1.22,,,WON,
2025-11-14T00:00:00+00:00,Primera A,Deportivo Pasto,Bucaramanga,Over/Under Goals,Over 1.5,1.42,,,WON,
2025-11-14T00:00:00+00:00,Primera A,Independiente Medellin,America de Cali,Over/Under Goals,Over 1.5,1.38,,,WON,
2025-11-14T00:00:00+00:00,Primera A,Junior,Atletico Nacional,Over/Under Goals,Over 1.5,1.33,,,WON,
2025-11-14T00:00:00+00:00,Primera A,Llaneros,Envigado,Over/Under Goals,Under 3.5,1.22,,,WON,
2025-11-14T00:00:00+00:00,Primera A,Rionegro Aguilas,Deportes Tolima,Over/Under Goals,Under 3.5,1.22,,,WON,
2025-11-14T00:00:00+00:00,Primera A,Santa Fe,Alianza Petrolera,Over/Under Goals,Under 3.5,1.25,,,WON,
2025-11-14T00:00:00+00:00,Primera A,Union Magdalena,Fortaleza FC,Over/Under Goals,Under 3.5,1.22,,,WON,
2025-11-14T00:30:00+00:00,Friendlies,Canada,Ecuador,1X2 / Match Winner,Draw,3.3,,,WON,
2025-11-14T01:15:00+00:00,Liga de Expansión MX,Cancún,Monarcas,Over/Under Goals,Under 3.5,1.35,,,LOST,
2025-11-14T02:07:00+00:00,Liga MX Femenil,Guadalajara W,América W,1X2 / Match Winner,Away,1.68,,,WON,
2025-11-14T02:30:00+00:00,Liga de Expansión MX,CDS Tampico Madero,Leones Negros UDG,Over/Under Goals,Under 3.5,1.3,,,WON,
2025-11-14T08:35:00+00:00,Australian Championship,Moreton City Excelsior,South Melbourne,Over/Under Goals,Over 1.5,1.17,,,WON,
2025-11-14T10:00:00+00:00,1. Liga U19,Zbrojovka Brno U19,Baník Ostrava U19,Over/Under Goals,Under 3.5,1.7,,,LOST,
2025-11-14T10:20:00+00:00,Friendlies,Japan,Ghana,Over/Under Goals,Under 3.5,1.33,,,WON,
2025-11-14T11:00:00+00:00,Friendlies,South Korea,Bolivia,Over/Under Goals,Under 3.5,1.5,,,WON,
2025-11-14T11:30:00+00:00,Azadegan League,Nassaji Mazandaran,Mes Soongoun,Over/Under Goals,Under 3.5,1.22,,,WON,
2025-11-14T11:30:00+00:00,Azadegan League,Niroye Zamini,Naft Gachsaran,Over/Under Goals,Under 2.5,1.4,,,LOST,
2025-11-14T12:00:00+00:00,Azadegan League,Mes Kerman,Havadar,BTTS,No,1.44,,,WON,
2025-11-14T12:00:00+00:00,III Liga - Group 3,Zagłębie Lubin II,Goczałkowice Zdrój,Asian Handicap,Home +0.5,1.5,,,WON,
2025-11-14T12:00:00+00:00,Liga III - Serie 6,ACS Mediaş 2022,Unirea Bascov,Over/Under Goals,Under 3.5,1.44,,,WON,
2025-11-14T12:00:00+00:00,Liga III - Serie 8,Unirea Dej,Sănătatea Cluj,Over/Under Goals,Under 3.5,1.44,,,LOST,
2025-11-14T12:00:00+00:00,Prva Liga,Stepojevac Vaga,Borac Cacak,Over/Under Goals,Under 3.5,1.16,,,WON,
2025-11-14T12:30:00+00:00,Second League,Masar,El Dakhleya,Double Chance,Draw/Away,1.44,,,LOST,
2025-11-14T12:30:00+00:00,Second League,Tanta SC,Dayrout,1X2 / Match Winner,Draw,2.8,,,WON,
2025-11-14T12:30:00+00:00,U20 Elite League,Czech Republic U20,Poland U20,Asian Handicap,Home +0.25,1.45,,,LOST,
2025-11-14T13:00:00+00:00,FKF Premier League,KCB,Bidco United,Double Chance,Draw/Away,1.57,,,WON,
2025-11-14T13:00:00+00:00,Second NL,Kustosija,Trnje,Over/Under Goals,Under 3.5,1.55,,,WON,
2025-11-14T13:00:00+00:00,U20 Elite League,Italy U20,Portugal U20,Over/Under Goals,Under 3.5,1.42,,,WON,
2025-11-14T14:00:00+00:00,U20 Elite League,Germany U20,Romania U20,1X2 / Match Winner,Home,1.23,,,WON,
2025-11-14T14:30:00+00:00,2. SNL,Krka,Dekani,Team Total Goals,Under 2.5,1.21,,,WON,
2025-11-14T14:30:00+00:00,QSL Cup,Qatar SC,Al Shahaniya,Double Chance,Home/Draw,1.53,,,LOST,
2025-11-14T15:30:00+00:00,2. liga,Dukla Banská Bystrica,Zlaté Moravce,Over/Under Goals,Under 3.5,1.22,,,LOST,
2025-11-14T15:30:00+00:00,Liga Revelação U23,Santa Clara U23,Sporting CP U23,Over/Under Goals,Under 3.5,1.3,,,WON,
2025-11-14T16:00:00+00:00,2. liga,Pohronie,Lokomotíva Zvolen,Double Chance,Draw/Away,1.6,,,WON,
2025-11-14T16:00:00+00:00,Friendlies,Angola,Argentina,Over/Under Goals,Under 3.5,1.44,,,WON,
2025-11-14T16:00:00+00:00,Friendlies,Uzbekistan,Egypt,Over/Under Goals,Under 3.5,1.22,,,WON,
2025-11-14T16:00:00+00:00,II Liga - East,Stal Stalowa Wola,Hutnik Kraków,Over/Under Goals,Under 3.5,1.55,,,LOST,
2025-11-14T16:00:00+00:00,Liga Premier Serie A,Correcaminos UAT II,Chilpancingo,Over/Under Goals,Under 3.5,1.25,,,WON,
2025-11-14T16:00:00+00:00,Prva Liga,Loznica,Semendrija 1924,Over/Under Goals,Under 3.5,1.2,,,WON,
2025-11-14T16:00:00+00:00,QSL Cup,Al-Sailiya,Al-Rayyan SC,Double Chance,Draw/Away,1.18,,,WON,
2025-11-14T16:30:00+00:00,2. SNL,Triglav,Nafta,BTTS,Yes,1.6,,,LOST,
2025-11-14T16:45:00+00:00,Friendlies,Tunisia,Jordan,Over/Under Goals,Under 3.5,1.25,,,LOST,
2025-11-14T17:00:00+00:00,2. Division,HIK,Vendsyssel FF,Over/Under Goals,Under 3.5,1.28,,,LOST,
2025-11-14T17:00:00+00:00,2. SNL,Gorica,Krško,Over/Under Goals,Under 3.5,1.42,,,WON,
2025-11-14T17:00:00+00:00,Friendlies,Czech Republic U21,Serbia U21,Over/Under Goals,Under 3.5,1.45,,,WON,
2025-11-14T17:00:00+00:00,III Liga - Group 2,Zawisza Bydgoszcz,Cartusia Kartuzy,Over/Under Goals,Under 3.5,1.27,,,WON,
2025-11-14T17:00:00+00:00,III Liga - Group 4,Cracovia Kraków II,Siarka Tarnobrzeg,Over/Under Goals,Under 3.5,1.3,,,WON,
2025-11-14T18:00:00+00:00,2. Division,FC Helsingor,AB Copenhagen,1X2 / Match Winner,Away,1.44,,,WON,
2025-11-14T18:00:00+00:00,2. Division,Fremad Amager,Skive,Over/Under Goals,Under 3.5,1.25,,,WON,
2025-11-14T18:00:00+00:00,2. SNL,Brinje-Grosuplje,Bilje,Over/Under Goals,Under 3.5,1.45,,,WON,
2025-11-14T18:00:00+00:00,Primera División RFEF - Group 2,Real Betis II,Sabadell,Over/Under Goals,Under 3.5,1.16,,,WON,
2025-11-14T18:30:00+00:00,Paraense B2,Belenense,Santos PA,Double Chance,Draw/Away,1.57,,,LOST,
2025-11-14T18:30:00+00:00,Primera División Femenina,Deportivo de La Coruña W,Levante W,Over/Under Goals,Under 3.5,1.3,,,WON,
2025-11-14T18:30:00+00:00,Regionalliga - Nord,Kickers Emden,SV Drochtersen/Assel,Double Chance,Draw/Away,1.25,,,WON,
2025-11-14T19:00:00+00:00,Coupe de France,Cannes,Annecy,Over/Under Goals,Under 3.5,1.28,,,WON,
2025-11-14T19:30:00+00:00,FAW Championship,Trefelin,Carmarthen Town,Over/Under Goals,Under 3.5,1.38,,,WON,
2025-11-14T19:30:00+00:00,Segunda Division,Valladolid,Las Palmas,1X2 / Match Winner,Draw,3.13,,,LOST,
2025-11-14T19:30:00+00:00,Serie C - Girone B,Arezzo,Bra,Over/Under Goals,Under 3.5,1.4,,,WON,
2025-11-14T19:30:00+00:00,Serie C - Girone B,Forli,Campobasso FC,Double Chance,Home/Draw,1.17,,,LOST,
2025-11-14T19:45:00+00:00,FAW Championship,Cambrian & Clydach,Ammanford AFC,Asian Handicap,Home +0.5,1.16,,,WON,
2025-11-14T19:45:00+00:00,Premier League,Flint Town United,The New Saints,Over/Under Goals,Over 2.5,1.3,,,WON,
2025-11-14T20:00:00+00:00,FAW Championship,Airbus UK,Denbigh Town,1X2 / Match Winner,Home,1.28,,,LOST,
2025-11-14T20:15:00+00:00,Primera División RFEF - Group 1,Real Avilés,Arenas Getxo,Double Chance,Home/Draw,1.17,,,WON,
2025-11-14T22:00:00+00:00,Liga Premier Serie A,Atletico Hidalgo,Deportivo Zap,1X2 / Match Winner,Away,1.47,,,WON,
2025-11-14T23:00:00+00:00,Primera Division,Lanus,Atletico Tucuman,1X2 / Match Winner,Draw,3.5,,,LOST,
2025-11-14T23:00:00+00:00,Serie B,Paysandu,Amazonas,Double Chance,Draw/Away,1.62,,,WON,
2025-11-15T01:00:00+00:00,Liga Premier Serie A,Héroes de Zaci,Inter Playa del Carmen,Double Chance,Home/Draw,1.42,,,WON,
2025-11-15T01:30:00+00:00,Liga Premier Serie B,Gorilas de Juanacatlan,Acambaro,Double Chance,Home/Draw,1.44,,,WON,
2025-11-15T02:00:00+00:00,Australian Championship,Avondale,Preston Lions,Over/Under Goals,Under 3.5,1.5,,,WON,
2025-11-15T02:00:00+00:00,Liga Premier Serie A,Durango,Cimarrones,1X2 / Match Winner,Home,1.7,,,LOST,
2025-11-15T02:30:00+00:00,Friendlies,Venezuela,Australia,Double Chance,Draw/Away,1.4,,,LOST,
2025-11-15T04:15:00+00:00,Australian Championship,Wollongong Wolves,Marconi Stallions,Over/Under Goals,Under 3.5,1.62,,,LOST,
2025-11-15T05:00:00+00:00,First League,Ska-khabarovsk,Enisey,Over/Under Goals,Under 2.5,1.68,,,WON,
2025-11-15T05:00:00+00:00,J3 League,FC Gifu,Tochigi City,Team Total Goals,Over 0.5,1.16,,,LOST,
2025-11-15T05:00:00+00:00,J3 League,Kochi United,Vanraure Hachinohe,Over/Under Goals,Under 3.5,1.2,,,WON,
2025-11-15T05:00:00+00:00,J3 League,Parceiro Nagano,Tegevajaro Miyazaki,Over/Under Goals,Under 3.5,1.28,,,WON,
2025-11-15T09:15:00+00:00,3. liga - CFL B,Pardubice II,Mladá Boleslav II,Over/Under Goals,Over 1.5,1.15,,,WON,
2025-11-15T09:15:00+00:00,3. liga - MSFL,Frýdek-Místek,Start Brno,Over/Under Goals,Under 3.5,1.55,,,WON,
2025-11-15T09:15:00+00:00,3. liga - MSFL,Třinec,Hodonín,Team Total Goals,Under 2.5,1.5,,,WON,
2025-11-15T09:15:00+00:00,4. liga - Divizie A,Benešov,Hořovicko,Over/Under Goals,Under 3.5,1.86,,,WON,
2025-11-15T09:15:00+00:00,4. liga - Divizie D,Havlíčkův Brod,Sparta Brno,Over/Under Goals,Under 3.5,1.43,,,WON,
2025-11-15T09:30:00+00:00,4. liga - Divizie C,Přepeře,Dobrovice,1X2 / Match Winner,Home,1.23,,,WON,
2025-11-15T10:00:00+00:00,3. liga - CFL A,Králův Dvůr,Jiskra Domažlice,Over/Under Goals,Over 2.5,1.5,,,WON,
2025-11-15T10:00:00+00:00,3. liga - CFL B,Teplice II,Hradec Králové II,Over/Under Goals,Under 3.5,1.31,,,WON,
2025-11-15T10:00:00+00:00,Diski Challenge,Golden Arrows U23,AmaZulu U23,Double Chance,Home/Draw,1.55,,,WON,
2025-11-15T10:00:00+00:00,Friendlies Clubs,CSA Steaua Bucureşti,Petrolul Ploiesti,Double Chance,Home/Draw,1.55,,,WON,
2025-11-15T10:00:00+00:00,Friendlies Clubs,Uta Arad,Corvinul Hunedoara,Over/Under Goals,Under 3.5,1.42,,,WON,
2025-11-15T10:00:00+00:00,NB III - Northeast,Nyiregyhaza II,Sényő Carnifex,Double Chance,Home/Draw,1.4,,,WON,
2025-11-15T11:00:00+00:00,Friendlies Clubs,VfL Bochum,VfL Osnabrück,Asian Handicap,Home +0.25,1.47,,,LOST,
2025-11-15T11:00:00+00:00,III Liga - Group 1,Olimpia Elbląg,Lechia T. Mazowiecki,Asian Handicap,Home +0,1.59,,,LOST,
2025-11-15T11:00:00+00:00,III Liga - Group 3,Górnik Zabrze II,Karkonosze Jelenia Góra,Over/Under Goals,Under 3.5,1.39,,,WON,
2025-11-15T11:00:00+00:00,III Liga - Group 4,Avia Świdnik,Czarni Połaniec,Over/Under Goals,Under 3.5,1.64,,,LOST,
2025-11-15T11:00:00+00:00,III Liga - Group 4,Wisła Kraków II,Podlasie Biała Podlaska,Over/Under Goals,Under 3.5,1.52,,,WON,
2025-11-15T11:00:00+00:00,Second League - Group 1,Kuban Kholding,Pobeda,Over/Under Goals,Under 3.5,1.19,,,WON,
2025-11-15T11:00:00+00:00,Super League 2,Marko,Kalamata,Over/Under Goals,Under 3.5,1.17,,,LOST,
2025-11-15T11:00:00+00:00,Super League,Dinamo Samarqand,Andijan,Over/Under Goals,Under 3.5,1.42,,,WON,
2025-11-15T11:30:00+00:00,Second League,Fratria,Belasitsa,Over/Under Goals,Under 3.5,1.36,,,LOST,
2025-11-15T11:30:00+00:00,Serie A Women,Sassuolo W,Ternana W,Double Chance,Home/Draw,1.15,,,LOST,
2025-11-15T12:00:00+00:00,1st League - RS,Famos Vojkovići,Sutjeska Foča,Double Chance,Home/Draw,1.18,,,WON,
2025-11-15T12:00:00+00:00,1st League - RS,Laktaši,Drina Zvornik,Over/Under Goals,Under 3.5,1.42,,,WON,
2025-11-15T12:00:00+00:00,2. liga,Baník Lehota p.Vtáčnikom,Považská Bystrica,Over/Under Goals,Under 3.5,1.39,,,WON,
2025-11-15T12:00:00+00:00,2. liga,Inter Bratislava,Liptovský Mikuláš,Double Chance,Draw/Away,1.42,,,WON,
2025-11-15T12:00:00+00:00,2. liga,Stará Ľubovňa,Žilina II,Over/Under Goals,Under 3.5,1.42,,,WON,
2025-11-15T12:00:00+00:00,3. Division,Vejgaard B,Holbæk B&I,1X2 / Match Winner,Away,1.57,,,LOST,
2025-11-15T12:00:00+00:00,A Lyga,Neptūną Klaipėda,FK Trakai,Over/Under Goals,Under 3.5,1.55,,,WON,
2025-11-15T12:00:00+00:00,Cup,Nitra,Podbrezová,Team Total Goals,Over 0.5,1.67,,,WON,
2025-11-15T12:00:00+00:00,First League,Chernomorets,Volga Ulyanovsk,Over/Under Goals,Under 3.5,1.17,,,WON,
2025-11-15T12:00:00+00:00,First League,Shkupi 1927,Shkendija,Over/Under Goals,Over 2.5,1.36,,,WON,
2025-11-15T12:00:00+00:00,III Liga - Group 1,Bełchatów,Wisła Płock II,Double Chance,Draw/Away,1.44,,,WON,
2025-11-15T12:00:00+00:00,III Liga - Group 1,Mławianka Mława,Łomża,1X2 / Match Winner,Away,1.68,,,WON,
2025-11-15T12:00:00+00:00,III Liga - Group 1,Swit,Wigry Suwałki,Over/Under Goals,Under 3.5,1.59,,,LOST,
2025-11-15T12:00:00+00:00,III Liga - Group 1,Troszyn,Wikielec,Asian Handicap,Home +0,1.57,,,WON,
2025-11-15T12:00:00+00:00,III Liga - Group 1,Wasilków,Jagiellonia II,Over/Under Goals,Under 3.5,1.38,,,WON,
2025-11-15T12:00:00+00:00,III Liga - Group 1,Ząbkovia Ząbki,Widzew II,Over/Under Goals,Over 2.5,1.33,,,WON,
2025-11-15T12:00:00+00:00,III Liga - Group 2,Tłuchowia,Elana Toruń,Over/Under Goals,Under 3.5,1.52,,,WON,
2025-11-15T12:00:00+00:00,III Liga - Group 2,Unia Swarzędz,Lipno Stęszew,Over/Under Goals,Under 3.5,1.4,,,WON,
2025-11-15T12:00:00+00:00,III Liga - Group 4,Star Starachowice,Pogoń-Sokół Lubaczów,Over/Under Goals,Under 3.5,1.57,,,WON,
2025-11-15T12:00:00+00:00,NB II,Budafoki LC,Soroksar,Double Chance,Draw/Away,1.5,,,WON,
2025-11-15T12:00:00+00:00,NB III - Northwest,Budaörs,Dorogi FC,Double Chance,Home/Draw,1.55,,,LOST,
2025-11-15T12:00:00+00:00,NB III - Northwest,MTE 1904,Balatonfüredi,1X2 / Match Winner,Home,1.24,,,WON,
2025-11-15T12:00:00+00:00,NB III - Northwest,SC Sopron,Gyirmot SE,Over/Under Goals,Under 3.5,1.62,,,LOST,
2025-11-15T12:00:00+00:00,Premier League International Cup,Fulham U21,Juventus U21,Over/Under Goals,Over 2.5,1.44,,,WON,
2025-11-15T12:00:00+00:00,Second League - Group 1,Dinamo Stavropol,Rostov II,Result + Total Goals,Home/Over 1.5,1.58,,,WON,
2025-11-15T12:00:00+00:00,Super League 2,Makedonikos Neapolis,Anagennisi Karditsas,Over/Under Goals,Under 3.5,1.2,,,WON,
2025-11-15T12:30:00+00:00,3. Division,Lyseng,Brønshøj,Over/Under Goals,Under 3.5,1.36,,,WON,
2025-11-15T12:30:00+00:00,3. liga - CFL B,Slovan Velvary,Kolín,Asian Handicap,Home +0.25,1.57,,,WON,
2025-11-15T12:30:00+00:00,3. liga - CFL B,Ústí nad Orlicí,Arsenal Česká Lípa,Over/Under Goals,Over 1.5,1.17,,,LOST,
2025-11-15T12:30:00+00:00,4. liga - Divizie B,Tempo Praha,Olympie Březová,1X2 / Match Winner,Home,1.57,,,WON,
2025-11-15T12:30:00+00:00,First League,Torpedo Moskva,Rotor Volgograd,Double Chance,Draw/Away,1.57,,,LOST,
2025-11-15T12:30:00+00:00,III Liga - Group 2,Flota Świnoujście,Stargard Szczeciński,Over/Under Goals,Under 3.5,1.46,,,WON,
2025-11-15T12:30:00+00:00,Regionalliga - Nord,Weiche Flensburg,Werder Bremen II,Asian Handicap,Home +0,1.5,,,WON,
2025-11-15T12:30:00+00:00,Second League,Raya Ghazl,Tersana,BTTS,No,1.44,,,WON,
2025-11-15T12:30:00+00:00,Super League Women,Gent W,OH Leuven W,Over/Under Goals,Under 3.5,1.43,,,LOST,
2025-11-15T13:00:00+00:00,2. Division,Brabrand,Roskilde,Over/Under Goals,Under 3.5,1.5,,,WON,
2025-11-15T13:00:00+00:00,2. SNL,Beltinci,Ilirija,Team Total Goals,Over 0.5,1.45,,,WON,
2025-11-15T13:00:00+00:00,2. SNL,Dravinja,Jesenice,1X2 / Match Winner,Home,1.6,,,LOST,
2025-11-15T13:00:00+00:00,2. SNL,Slovan Ljubljana,Bistrica,Over/Under Goals,Under 3.5,1.42,,,WON,
2025-11-15T13:00:00+00:00,3. Division,Næsby,FA 2000,Over/Under Goals,Under 3.5,1.32,,,WON,
2025-11-15T13:00:00+00:00,3. Division,Sundby,Frem,Over/Under Goals,Under 3.5,1.28,,,WON,
2025-11-15T13:00:00+00:00,3. Division,Vanløse,Odder,Over/Under Goals,Under 3.5,1.33,,,WON,
2025-11-15T13:00:00+00:00,3. liga - MSFL,Blansko,Slovácko II,Double Chance,Home/Draw,1.63,,,LOST,
2025-11-15T13:00:00+00:00,3. liga - MSFL,Uničov,Zlín II,Over/Under Goals,Under 3.5,1.77,,,WON,
2025-11-15T13:00:00+00:00,3. liga - MSFL,Vrchovina,Karviná II,Asian Handicap,Home +0.25,1.52,,,WON,
2025-11-15T13:00:00+00:00,3. liga - MSFL,Vsetín,Hranice,1X2 / Match Winner,Home,1.67,,,LOST,
2025-11-15T13:00:00+00:00,3. liga - MSFL,Vítkovice,Unie Hlubina,Over/Under Goals,Under 3.5,1.43,,,WON,
2025-11-15T13:00:00+00:00,Coupe de France,ASPTT Dijon,Le Puy Foot,Over/Under Goals,Over 1.5,1.18,,,LOST,
2025-11-15T13:00:00+00:00,Coupe de France,OCPAM,Reims,Over/Under Goals,Under 3.5,1.62,,,WON,
2025-11-15T13:00:00+00:00,First NL,Bsk Bijelo Brdo,Orijent 1919,Over/Under Goals,Under 3.5,1.17,,,WON,
2025-11-15T13:00:00+00:00,First NL,Dugopolje,Karlovac 1919,Over/Under Goals,Under 3.5,1.2,,,WON,
2025-11-15T13:00:00+00:00,First NL,Hrvace,Dubrava Zagreb,1X2 / Match Winner,Draw,3.35,,,WON,
2025-11-15T13:00:00+00:00,First NL,Rudes,Jarun,Over/Under Goals,Under 3.5,1.2,,,WON,
2025-11-15T13:00:00+00:00,Friendlies,South Africa,Zambia,Over/Under Goals,Under 3.5,1.25,,,LOST,
2025-11-15T13:00:00+00:00,Primera División RFEF - Group 1,Real Madrid II,Cacereño,Over/Under Goals,Under 3.5,1.2,,,WON,
2025-11-15T13:00:00+00:00,Regionalliga - Bayern,Bayreuth,Ansbach,Over/Under Goals,Under 3.5,1.5,,,LOST,
2025-11-15T13:00:00+00:00,Regionalliga - Bayern,Greuther Fürth II,Viktoria Aschaffenburg,Over/Under Goals,Over 1.5,1.17,,,WON,
2025-11-15T13:00:00+00:00,Regionalliga - Bayern,Hankofen-Hailing,Buchbach,Over/Under Goals,Under 3.5,1.57,,,LOST,
2025-11-15T13:00:00+00:00,Regionalliga - Bayern,Memmingen,Eichstätt,Over/Under Goals,Under 3.5,1.3,,,WON,
2025-11-15T13:00:00+00:00,Regionalliga - Bayern,Schwaben Augsburg,Nürnberg II,Over/Under Goals,Under 3.5,1.67,,,WON,
2025-11-15T13:00:00+00:00,Regionalliga - Bayern,SpVgg Unterhaching,Vilzing,Asian Handicap,Away -1.25,1.68,,,LOST,
2025-11-15T13:00:00+00:00,Regionalliga - Bayern,Wacker Burghausen,Aubstadt,Over/Under Goals,Under 3.5,1.5,,,WON,
2025-11-15T13:00:00+00:00,Regionalliga - Bayern,Würzburger Kickers,Illertissen,1X2 / Match Winner,Home,1.7,,,LOST,
2025-11-15T13:00:00+00:00,Regionalliga - Nord,VfB Lübeck,SV Meppen,1X2 / Match Winner,Away,1.47,,,WON,
2025-11-15T13:00:00+00:00,Regionalliga - SudWest,Bahlinger SC,TSV Steinbach,Team Total Goals,Under 2.5,1.17,,,WON,
2025-11-15T13:00:00+00:00,Regionalliga - SudWest,FC 08 Homburg,SV Sandhausen,Over/Under Goals,Under 3.5,1.67,,,WON,
2025-11-15T13:00:00+00:00,Regionalliga - SudWest,FSV Frankfurt,Barockstadt Fulda-Lehn.,Asian Handicap,Home +0,1.5,,,WON,
2025-11-15T13:00:00+00:00,Regionalliga - SudWest,Hessen Kassel,Kickers Offenbach,BTTS,Yes,1.53,,,WON,
2025-11-15T13:00:00+00:00,Regionalliga - SudWest,SG Sonnenhof Grossaspach,Stuttgarter Kickers,Asian Handicap,Away -1.25,1.4,,,LOST,
2025-11-15T13:00:00+00:00,Regionalliga - SudWest,Schott Mainz,Eintracht Trier,Team Total Goals,Under 2.5,1.17,,,WON,
2025-11-15T13:00:00+00:00,Regionalliga - West,Dornbirn,Pinzgau Saalfelden,Over/Under Goals,Under 3.5,1.68,,,WON,
2025-11-15T13:00:00+00:00,Regionalliga - West,Kuchl,Imst,Asian Handicap,Home +0.25,1.42,,,WON,
2025-11-15T13:00:00+00:00,Regionalliga - West,Paderborn II,SSVg Velbert,Over/Under Goals,Under 3.5,1.53,,,LOST,
2025-11-15T13:00:00+00:00,Second League - Group 1,Sevastopol,Nart Cherkessk,Over/Under Goals,Under 3.5,1.31,,,WON,
2025-11-15T13:00:00+00:00,Super League 2,PAOK II,Niki Volos,Over/Under Goals,Under 2.5,1.57,,,LOST,
2025-11-15T13:00:00+00:00,Super League 2,PAS Giannina,Nestos Chrisoupolis,BTTS,No,1.54,,,WON,
2025-11-15T13:00:00+00:00,Tweede Divisie,Koninklijke HFC,Rijnsburgse Boys,Over/Under Goals,Under 3.5,1.35,,,WON,
2025-11-15T13:30:00+00:00,Derde Divisie - Saturday,Excelsior '31,Hercules,Double Chance,Home/Draw,1.36,,,WON,
2025-11-15T13:30:00+00:00,Derde Divisie - Sunday,FC Lisse,GOES,Double Chance,Draw/Away,1.67,,,LOST,
2025-11-15T13:30:00+00:00,FA WSL,Manchester City W,Manchester United W,Over/Under Goals,Under 3.5,1.5,,,WON,
2025-11-15T13:30:00+00:00,Serie C - Girone B,Pineto,Athletic Carpi,Over/Under Goals,Under 3.5,1.2,,,WON,
2025-11-15T13:30:00+00:00,Serie C - Girone C,AZ Picerno,Siracusa,Over/Under Goals,Under 3.5,1.25,,,WON,
2025-11-15T13:30:00+00:00,Serie C - Girone C,Casarano,Catania,Over/Under Goals,Under 3.5,1.3,,,WON,
2025-11-15T13:30:00+00:00,Serie C - Girone C,Crotone,Sorrento,Over/Under Goals,Under 3.5,1.33,,,LOST,
2025-11-15T13:30:00+00:00,Serie C - Girone C,Latina,Cosenza,Over/Under Goals,Under 3.5,1.22,,,WON,
2025-11-15T13:30:00+00:00,Tweede Divisie,Excelsior Maassluis,Ijsselmeervogels,Over/Under Goals,Over 1.5,1.15,,,WON,
2025-11-15T13:30:00+00:00,Tweede Divisie,GVVV Veenendaal,Quick Boys,BTTS,Yes,1.5,,,WON,
2025-11-15T13:30:00+00:00,Tweede Divisie,HHC,ACV,Over/Under Goals,Under 3.5,1.54,,,WON,
2025-11-15T13:30:00+00:00,Tweede Divisie,Hoek,AFC Amsterdam,Asian Handicap,Home +0.25,1.43,,,WON,
2025-11-15T13:30:00+00:00,Tweede Divisie,RKAV Volendam,Kozakken Boys,Double Chance,Home/Draw,1.5,,,WON,
2025-11-15T14:00:00+00:00,2. Division,Thisted FC,Ishøj,Over/Under Goals,Under 3.5,1.36,,,LOST,
2025-11-15T14:00:00+00:00,3. Division,Nykobing FC,Hørsholm-Usserød,BTTS,Yes,1.59,,,WON,
2025-11-15T14:00:00+00:00,Elitettan,Eskilstuna United,Mallbacken W,Over/Under Goals,Over 2.5,1.44,,,WON,
2025-11-15T14:00:00+00:00,Elitettan,Trelleborg W,Bollstanäs W,Over/Under Goals,Over 2.5,1.4,,,WON,
2025-11-15T14:00:00+00:00,FAW Championship,Afan Lido,Pontypridd Town,Double Chance,Draw/Away,1.3,,,WON,
2025-11-15T14:00:00+00:00,Serie A Women,Parma W,Fiorentina W,Asian Handicap,Home +1.25,1.46,,,WON,
2025-11-15T14:00:00+00:00,Tweede Divisie,Spakenburg,Barendrecht,BTTS,Yes,1.4,,,LOST,
2025-11-15T14:00:00+00:00,Tweede Divisie,Sparta Rotterdam II,Almere City II,Double Chance,Draw/Away,1.5,,,WON,
2025-11-15T14:30:00+00:00,FAW Championship,Newtown AFC,Holywell,Double Chance,Draw/Away,1.5,,,WON,
2025-11-15T14:30:00+00:00,Premier League,Haverfordwest County AFC,Colwyn Bay,Over/Under Goals,Under 3.5,1.33,,,WON,
2025-11-15T14:30:00+00:00,Premier League,Penybont,Bala Town,Over/Under Goals,Under 2.5,1.68,,,LOST,
2025-11-15T14:30:00+00:00,QSL Cup,Al Bidda SC,Al Waab,Double Chance,Draw/Away,1.62,,,WON,
2025-11-15T14:30:00+00:00,Second League,Yantra 2019,Dunav Ruse,Over/Under Goals,Under 3.5,1.2,,,WON,
2025-11-15T14:30:00+00:00,Tercera División RFEF - Group 15,Cortes,Beti Onak,Asian Handicap,Away -1.25,1.62,,,WON,
2025-11-15T14:30:00+00:00,Tweede Divisie,Katwijk,De Treffers,Over/Under Goals,Under 3.5,1.38,,,LOST,
2025-11-15T14:45:00+00:00,Tercera División RFEF - Group 4,Zarautz,Aurrerá Vitoria,Double Chance,Home/Draw,1.44,,,LOST,
2025-11-15T15:00:00+00:00,Championship,Ards,H&W Welders,Over/Under Goals,Under 3.5,1.44,,,LOST,
2025-11-15T15:00:00+00:00,Championship,Ayr Utd,Arbroath,Over/Under Goals,Under 3.5,1.3,,,WON,
2025-11-15T15:00:00+00:00,Championship,Institute,Annagh United,Over/Under Goals,Under 2.5,1.95,,,WON,
2025-11-15T15:00:00+00:00,Championship,Loughgall,Limavady United,Double Chance,Draw/Away,1.4,,,WON,
2025-11-15T15:00:00+00:00,Championship,Newington Youth,Dundela,1X2 / Match Winner,Draw,4.45,,,WON,
2025-11-15T15:00:00+00:00,Championship,Raith Rovers,Airdrie United,Over/Under Goals,Under 2.5,1.8,,,LOST,
2025-11-15T15:00:00+00:00,Championship,Ross County,Morton,1X2 / Match Winner,Draw,3.55,,,LOST,
2025-11-15T15:00:00+00:00,Championship,ST Johnstone,Queen's Park,Over/Under Goals,Under 3.5,1.48,,,LOST,
2025-11-15T15:00:00+00:00,FA Trophy,Bedford Town,Anstey Nomads,Team Total Goals,Under 2.5,1.46,,,WON,
2025-11-15T15:00:00+00:00,FA Trophy,Buxton,Southport,Asian Handicap,Away -1.25,1.4,,,WON,
2025-11-15T15:00:00+00:00,FA Trophy,Chesham United,AFC Telford United,Over/Under Goals,Under 3.5,1.33,,,WON,
2025-11-15T15:00:00+00:00,FA Trophy,Chester,Clitheroe,Over/Under Goals,Under 3.5,1.47,,,WON,
2025-11-15T15:00:00+00:00,FA Trophy,Chippenham Town,Weston-super-Mare,Over/Under Goals,Under 3.5,1.35,,,WON,
2025-11-15T15:00:00+00:00,FA Trophy,Chorley,Worksop Town,Asian Handicap,Away -1.25,1.51,,,WON,
2025-11-15T15:00:00+00:00,FA Trophy,Folkestone Invicta,AFC Totton,Over/Under Goals,Over 1.5,1.16,,,WON,
2025-11-15T15:00:00+00:00,FA Trophy,Kidderminster Harriers,Corby Town,Over/Under Goals,Under 3.5,1.67,,,WON,
2025-11-15T15:00:00+00:00,FA Trophy,United of Manchester,Darlington 1883,Over/Under Goals,Under 3.5,1.28,,,LOST,
2025-11-15T15:00:00+00:00,First League,FK Neftekhimik,Ural,Over/Under Goals,Under 3.5,1.16,,,WON,
2025-11-15T15:00:00+00:00,Football League - Highland League,Brechin,Turriff United,1X2 / Match Winner,Home,1.23,,,WON,
2025-11-15T15:00:00+00:00,Football League - Highland League,Fraserburgh,Clachnacuddin,Team Total Goals,Under 2.5,1.52,,,WON,
2025-11-15T15:00:00+00:00,Football League - Lowland League,Bonnyrigg Rose Athletic,Bo'ness United,Over/Under Goals,Over 2.5,1.5,,,WON,
2025-11-15T15:00:00+00:00,Friendlies,Russia,Chile,1X2 / Match Winner,Home,1.61,,,LOST,
2025-11-15T15:00:00+00:00,II Liga - East,Olimpia Grudziądz,Świt Skolwin,1X2 / Match Winner,Draw,3.7,,,WON,
2025-11-15T15:00:00+00:00,III Liga - Group 3,SKRA Częstochowa,Słowianin,Over/Under Goals,Over 1.5,1.17,,,WON,
2025-11-15T15:00:00+00:00,League One,Burton Albion,Blackpool,Double Chance,Home/Draw,1.42,,,WON,
2025-11-15T15:00:00+00:00,League One,Cove Rangers,Hamilton Academical,Over/Under Goals,Under 3.5,1.44,,,WON,
2025-11-15T15:00:00+00:00,League One,Kelty Hearts,Queen of the South,Team Total Goals,Over 0.5,1.17,,,WON,
2025-11-15T15:00:00+00:00,League One,Leyton Orient,Exeter City,Over/Under Goals,Under 3.5,1.35,,,WON,
2025-11-15T15:00:00+00:00,League One,Lincoln,Doncaster,Over/Under Goals,Under 3.5,1.25,,,WON,
2025-11-15T15:00:00+00:00,League One,Luton,Rotherham,Over/Under Goals,Over 1.5,1.28,,,LOST,
2025-11-15T15:00:00+00:00,League One,Peterhead,Montrose,Over/Under Goals,Under 3.5,1.36,,,WON,
2025-11-15T15:00:00+00:00,League One,Port Vale,Wycombe,Double Chance,Draw/Away,1.45,,,WON,
2025-11-15T15:00:00+00:00,League Two,Accrington ST,Bristol Rovers,Over/Under Goals,Over 1.5,1.33,,,WON,
2025-11-15T15:00:00+00:00,League Two,Annan Athletic,Edinburgh City,Over/Under Goals,Under 3.5,1.44,,,WON,
2025-11-15T15:00:00+00:00,League Two,Bromley,Barrow,Over/Under Goals,Over 1.5,1.3,,,WON,
2025-11-15T15:00:00+00:00,League Two,Cambridge United,Barnet,Over/Under Goals,Over 1.5,1.38,,,LOST,
2025-11-15T15:00:00+00:00,League Two,Elgin City,Dumbarton,Asian Handicap,Home +0.25,1.4,,,WON,
2025-11-15T15:00:00+00:00,League Two,Fleetwood Town,Swindon Town,Over/Under Goals,Over 1.5,1.28,,,WON,
2025-11-15T15:00:00+00:00,League Two,Grimsby,Chesterfield,Double Chance,Draw/Away,1.67,,,WON,
2025-11-15T15:00:00+00:00,League Two,Milton Keynes Dons,Salford City,Double Chance,Home/Draw,1.4,,,WON,
2025-11-15T15:00:00+00:00,League Two,Notts County,Harrogate Town,1X2 / Match Winner,Home,1.6,,,LOST,
2025-11-15T15:00:00+00:00,League Two,Oldham,Crewe,Asian Handicap,Home +0.25,1.4,,,WON,
2025-11-15T15:00:00+00:00,League Two,Spartans,Clyde,Over/Under Goals,Under 3.5,1.4,,,WON,
2025-11-15T15:00:00+00:00,League Two,Stirling Albion,Forfar Athletic,Double Chance,Home/Draw,1.44,,,LOST,
2025-11-15T15:00:00+00:00,League Two,Stranraer,East Kilbride,Asian Handicap,Home +1.25,1.52,,,LOST,
2025-11-15T15:00:00+00:00,League Two,Tranmere,Cheltenham,Over/Under Goals,Under 3.5,1.33,,,LOST,
2025-11-15T15:00:00+00:00,Non League Premier - Southern Central,Banbury United,Quorn,Over/Under Goals,Under 3.5,1.31,,,LOST,
2025-11-15T15:00:00+00:00,Non League Premier - Southern Central,Barwell,Worcester City,Double Chance,Home/Draw,1.7,,,LOST,
2025-11-15T15:00:00+00:00,Non League Premier - Southern Central,Halesowen Town,Spalding United,Team Total Goals,Over 0.5,1.17,,,WON,
2025-11-15T15:00:00+00:00,Non League Premier - Southern Central,Leiston,Stamford,Over/Under Goals,Over 1.5,1.21,,,WON,
2025-11-15T15:00:00+00:00,Non League Premier - Southern Central,Redditch United,Bury Town,Team Total Goals,Over 0.5,1.19,,,WON,
2025-11-15T15:00:00+00:00,Non League Premier - Southern Central,Royston Town,Stratford Town,Double Chance,Draw/Away,1.4,,,LOST,
2025-11-15T15:00:00+00:00,Non League Premier - Southern Central,St Ives Town,Needham Market,Over/Under Goals,Under 3.5,1.31,,,LOST,
2025-11-15T15:00:00+00:00,Non League Premier - Southern Central,Stourbridge,Bromsgrove Sporting,Double Chance,Draw/Away,1.7,,,WON,
2025-11-15T15:00:00+00:00,Non League Premier - Southern South,Berkhamsted,Sholing,Double Chance,Home/Draw,1.44,,,WON,
2025-11-15T15:00:00+00:00,Non League Premier - Southern South,Chertsey Town,Evesham United,Over/Under Goals,Under 3.5,1.37,,,LOST,
2025-11-15T15:00:00+00:00,Non League Premier - Southern South,Uxbridge,Yate Town,Over/Under Goals,Over 2.5,1.57,,,WON,
2025-11-15T15:00:00+00:00,Non League Premier - Southern South,Weymouth,Basingstoke Town,Double Chance,Home/Draw,1.5,,,LOST,
2025-11-15T15:00:00+00:00,Premiership,Crusaders FC,Glenavon FC,Double Chance,Home/Draw,1.25,,,WON,
2025-11-15T15:00:00+00:00,Premiership,Portadown,Bangor,Over/Under Goals,Under 3.5,1.4,,,WON,
2025-11-15T15:00:00+00:00,Primera División Femenina,Barcelona W,Real Madrid W,Over/Under Goals,Over 2.5,1.25,,,WON,
2025-11-15T15:00:00+00:00,Primera División RFEF - Group 1,Osasuna II,Barakaldo,Over/Under Goals,Under 3.5,1.17,,,WON,
2025-11-15T15:00:00+00:00,Primera División RFEF - Group 2,Tarazona,Villarreal II,Over/Under Goals,Under 3.5,1.17,,,WON,
2025-11-15T15:00:00+00:00,Regionalliga - Ost,Donau,Krems / Rehberg,Double Chance,Home/Draw,1.44,,,WON,
2025-11-15T15:00:00+00:00,Regionalliga - Ost,Leobendorf,Wiener SC,Over/Under Goals,Under 3.5,1.48,,,LOST,
2025-11-15T15:00:00+00:00,Regionalliga - Ost,Retz,Union Mauer,Over/Under Goals,Under 3.5,1.33,,,WON,
2025-11-15T15:00:00+00:00,Segunda Division,Albacete,FC Andorra,Over/Under Goals,Under 3.5,1.38,,,WON,
2025-11-15T15:00:00+00:00,Segunda Division,Castellón,Real Sociedad II,Over/Under Goals,Under 3.5,1.5,,,LOST,
2025-11-15T15:00:00+00:00,Segunda División RFEF - Group 1,Real Oviedo II,UD Ourense,Over/Under Goals,Under 2.5,1.57,,,WON,
2025-11-15T15:00:00+00:00,Segunda División RFEF - Group 2,Ebro,Basconia,Over/Under Goals,Under 3.5,1.17,,,WON,
2025-11-15T15:00:00+00:00,Segunda División RFEF - Group 5,Intercity,CD Coria,Over/Under Goals,Under 2.5,1.6,,,WON,
2025-11-15T15:00:00+00:00,Super League Women,Zulte-Waregem W,Genk W,Over/Under Goals,Under 3.5,1.25,,,WON,
2025-11-15T15:00:00+00:00,Toppserien,Kolbotn W,Rosenborg W,Over/Under Goals,Under 3.5,1.55,,,LOST,
2025-11-15T15:00:00+00:00,Toppserien,Lyn W,Stabæk W,Double Chance,Home/Draw,1.44,,,LOST,
2025-11-15T15:00:00+00:00,Toppserien,Vålerenga W,Røa W,1X2 / Match Winner,Home,1.3,,,WON,
2025-11-15T15:03:00+00:00,National League,Altrincham,Brackley Town,1X2 / Match Winner,Draw,3.35,,,LOST,
2025-11-15T15:03:00+00:00,National League,Boreham Wood,Tamworth,Over/Under Goals,Under 3.5,1.44,,,WON,
2025-11-15T15:03:00+00:00,National League,Braintree,Truro City,Over/Under Goals,Under 3.5,1.44,,,WON,
2025-11-15T15:03:00+00:00,National League,Carlisle,Eastleigh,Over/Under Goals,Over 1.5,1.2,,,WON,
2025-11-15T15:03:00+00:00,National League,Forest Green,Gateshead,Over/Under Goals,Over 1.5,1.17,,,WON,
2025-11-15T15:03:00+00:00,National League,Hartlepool,Wealdstone,1X2 / Match Winner,Draw,4.06,,,WON,
2025-11-15T15:03:00+00:00,National League,Rochdale,Aldershot Town,Over/Under Goals,Over 1.5,1.15,,,LOST,
2025-11-15T15:03:00+00:00,National League,Solihull Moors,Scunthorpe,Over/Under Goals,Under 3.5,1.4,,,WON,
2025-11-15T15:03:00+00:00,National League,Sutton Utd,FC Halifax Town,Double Chance,Home/Draw,1.4,,,WON,
2025-11-15T15:03:00+00:00,National League,Woking,Boston United,Over/Under Goals,Under 3.5,1.28,,,WON,
2025-11-15T15:03:00+00:00,Non League Premier - Isthmian,Burgess Hill Town,Dulwich Hamlet,Double Chance,Draw/Away,1.55,,,WON,
2025-11-15T15:03:00+00:00,Non League Premier - Isthmian,Canvey Island,St Albans City,Over/Under Goals,Over 1.5,1.21,,,WON,
2025-11-15T15:03:00+00:00,Non League Premier - Isthmian,Carshalton Athletic,Aveley,Over/Under Goals,Over 1.5,1.17,,,WON,
2025-11-15T15:03:00+00:00,Non League Premier - Isthmian,Dartford,Chichester City,Over/Under Goals,Under 3.5,1.32,,,WON,
2025-11-15T15:03:00+00:00,Non League Premier - Isthmian,Hashtag United,Ramsgate,Double Chance,Home/Draw,1.55,,,LOST,
2025-11-15T15:03:00+00:00,Non League Premier - Isthmian,Welling United,Cray Wanderers,Over/Under Goals,Under 3.5,1.38,,,WON,
2025-11-15T15:03:00+00:00,Non League Premier - Isthmian,Whitehawk,Billericay Town,Over/Under Goals,Under 3.5,1.33,,,WON,
2025-11-15T15:03:00+00:00,Non League Premier - Isthmian,Wingate & Finchley,Lewes,Over/Under Goals,Over 1.5,1.17,,,WON,
2025-11-15T15:03:00+00:00,Non League Premier - Northern,Ashton United,Morpeth Town,Over/Under Goals,Under 3.5,1.33,,,LOST,
2025-11-15T15:03:00+00:00,Non League Premier - Northern,Guiseley AFC,Cleethorpes Town,Over/Under Goals,Under 3.5,1.25,,,WON,
2025-11-15T15:03:00+00:00,Non League Premier - Northern,Hyde United,Warrington Town,Team Total Goals,Under 2.5,1.17,,,WON,
2025-11-15T15:03:00+00:00,Non League Premier - Northern,Rushall Olympic,Workington,Asian Handicap,Away -1.25,1.46,,,WON,
2025-11-15T15:03:00+00:00,Non League Premier - Northern,Rylands,Whitby Town,Over/Under Goals,Under 3.5,1.29,,,WON,
2025-11-15T15:15:00+00:00,Primera División RFEF - Group 1,Pontevedra,Mérida AD,Over/Under Goals,Under 3.5,1.2,,,WON,
2025-11-15T15:30:00+00:00,Segunda División RFEF - Group 2,Beasain,Sestao River,Over/Under Goals,Under 3.5,1.16,,,WON,
2025-11-15T15:30:00+00:00,Super League Women,Westerlo W,Club Brugge W,Over/Under Goals,Under 3.5,1.32,,,LOST,
2025-11-15T15:30:00+00:00,Tercera División RFEF - Group 11,Llosetense,Binissalem,Over/Under Goals,Under 3.5,1.31,,,WON,
2025-11-15T15:30:00+00:00,Tercera División RFEF - Group 11,Platges Calvià,Portmany,Over/Under Goals,Under 3.5,1.35,,,WON,
2025-11-15T16:00:00+00:00,Friendlies,Brazil,Senegal,Over/Under Goals,Under 3.5,1.42,,,WON,
2025-11-15T16:00:00+00:00,III Liga - Group 1,Warta Sieradz,Broń Radom,Over/Under Goals,Over 1.5,1.15,,,WON,
2025-11-15T16:00:00+00:00,III Liga - Group 3,Lechia Zielona Góra,Górnik Polkowice,Double Chance,Draw/Away,1.67,,,LOST,
2025-11-15T16:00:00+00:00,Segunda División RFEF - Group 1,Bergantiños,Atlético Astorga,Over/Under Goals,Under 3.5,1.2,,,WON,
2025-11-15T16:00:00+00:00,Segunda División RFEF - Group 1,Sámano,Deportivo La Coruña II,Team Total Goals,Under 2.5,1.18,,,LOST,
2025-11-15T16:00:00+00:00,Segunda División RFEF - Group 3,Atlètic Lleida,Andratx,Over/Under Goals,Under 3.5,1.18,,,LOST,
2025-11-15T16:00:00+00:00,Tercera División RFEF - Group 5,Vic,Manresa,Double Chance,Home/Draw,1.55,,,LOST,
2025-11-15T16:30:00+00:00,Serie C - Girone A,Cittadella,Arzignano Valchiampo,Over/Under Goals,Under 3.5,1.25,,,WON,
2025-11-15T16:30:00+00:00,Serie C - Girone A,Lumezzane,PRO Vercelli,Over/Under Goals,Under 3.5,1.2,,,LOST,
2025-11-15T16:30:00+00:00,Serie C - Girone B,Rimini,Ascoli,Over/Under Goals,Under 3.5,1.2,,,WON,
2025-11-15T16:30:00+00:00,Serie C - Girone B,Vis Pesaro,Guidonia Montecelio 1937,Over/Under Goals,Under 2.5,1.5,,,LOST,
2025-11-15T16:30:00+00:00,Tercera División RFEF - Group 11,Constància,Manacor,Over/Under Goals,Under 3.5,1.27,,,WON,
2025-11-15T17:00:00+00:00,Coupe de France,Strasbourg Koenigshoffen,Biesheim,Over/Under Goals,Over 1.5,1.17,,,WON,
2025-11-15T17:00:00+00:00,Coupe de France,Union Saint-Jean,Angoulême,Asian Handicap,Home +1.25,1.5,,,WON,
2025-11-15T17:00:00+00:00,Derde Divisie - Sunday,Blauw Geel,Rijnvogels,Double Chance,Draw/Away,1.67,,,WON,
2025-11-15T17:00:00+00:00,League One,East Fife,Stenhousemuir,Over/Under Goals,Under 3.5,1.28,,,WON,
2025-11-15T17:00:00+00:00,NWSL Women,Washington Spirit W,Portland Thorns W,Over/Under Goals,Under 3.5,1.35,,,WON,
2025-11-15T17:00:00+00:00,Regionalliga - Nord,BW Lohne,Phönix Lübeck,Over/Under Goals,Under 3.5,1.62,,,WON,
2025-11-15T17:00:00+00:00,Regionalliga - Nord,VfB Oldenburg,Eintracht Norderstedt,1X2 / Match Winner,Home,1.47,,,WON,
2025-11-15T17:00:00+00:00,Segunda División RFEF - Group 2,Amorebieta,Deportivo Alavés II,Over/Under Goals,Under 3.5,1.16,,,WON,
2025-11-15T17:00:00+00:00,Serie A Women,Como W,AC Milan W,BTTS,Yes,1.69,,,LOST,
2025-11-15T17:30:00+00:00,League Two,Gillingham,Crawley Town,Team Total Goals,Under 2.5,1.2,,,WON,
2025-11-15T17:30:00+00:00,Tercera División RFEF - Group 16,Yagüe,Arnedo,Over/Under Goals,Under 3.5,1.29,,,WON,
2025-11-15T17:45:00+00:00,Eerste Divisie,FC Eindhoven,Cambuur,Over/Under Goals,Over 1.5,1.2,,,WON,
2025-11-15T18:00:00+00:00,Carioca - 2,Duque de Caxias,Bonsucesso,Double Chance,Home/Draw,1.33,,,WON,
2025-11-15T18:00:00+00:00,Carioca - 2,Serrano RJ,São Cristóvão RJ,Over/Under Goals,Under 2.5,1.53,,,WON,
2025-11-15T18:00:00+00:00,Esiliiga B,Tulevik,Paide II,Double Chance,Draw/Away,1.6,,,LOST,
2025-11-15T18:00:00+00:00,Pernambucano - U20,America PE U20,Santa Cruz U20,Double Chance,Home/Draw,1.57,,,LOST,
2025-11-15T18:00:00+00:00,Pernambucano - U20,Nautico U20,Sport Recife U20,Double Chance,Home/Draw,1.4,,,WON,
2025-11-15T18:00:00+00:00,Segunda División RFEF - Group 5,Orihuela,Rayo Vallecano II,Over/Under Goals,Under 3.5,1.21,,,WON,
2025-11-15T18:00:00+00:00,Super League Women,Anderlecht W,Standard Liege W,Over/Under Goals,Under 3.5,1.4,,,WON,
2025-11-15T18:30:00+00:00,First Amateur Division,Dessel Sport,Lyra-Lierse Berlaar,Double Chance,Draw/Away,1.6,,,LOST,
2025-11-15T18:30:00+00:00,First Amateur Division,Ninove,Tienen,Over/Under Goals,Under 3.5,1.35,,,WON,
2025-11-15T18:30:00+00:00,First Amateur Division,Union Saint-Gilloise II,Rochefort,Over/Under Goals,Over 1.5,1.18,,,WON,
2025-11-15T19:00:00+00:00,Copa de la División Profesional,Oriente Petrolero,Nacional Potosí,Over/Under Goals,Under 3.5,1.7,,,WON,
2025-11-15T19:00:00+00:00,First Amateur Division,Excelsior Virton,Stockay-Warfusée,Over/Under Goals,Under 3.5,1.44,,,WON,
2025-11-15T19:00:00+00:00,First Amateur Division,Meux,Crossing Schaerbeek,Over/Under Goals,Under 3.5,1.4,,,WON,
2025-11-15T19:00:00+00:00,First Amateur Division,Tubize,Union Namur,Over/Under Goals,Under 3.5,1.59,,,LOST,
2025-11-15T19:00:00+00:00,Primera B,Huila,Internacional Palmira,Over/Under Goals,Under 3.5,1.17,,,WON,
2025-11-15T19:00:00+00:00,Primera División RFEF - Group 1,Ponferradina,Lugo,Over/Under Goals,Under 3.5,1.17,,,WON,
2025-11-15T19:30:00+00:00,Primera División RFEF - Group 2,Sanluqueño,Ibiza,Over/Under Goals,Under 3.5,1.2,,,WON,
2025-11-15T19:30:00+00:00,Segunda División,Colón,Deportivo Maldonado,Over/Under Goals,Under 3.5,1.17,,,WON,
2025-11-15T19:30:00+00:00,Serie B,Atletico Goianiense,Operario-PR,Over/Under Goals,Over 1.5,1.45,,,LOST,
2025-11-15T19:30:00+00:00,Serie B,Avai,remo,Over/Under Goals,Over 1.5,1.4,,,WON,
2025-11-15T19:30:00+00:00,Serie B,CRB,Vila Nova,Team Total Goals,Over 0.5,1.62,,,LOST,
2025-11-15T19:30:00+00:00,Serie B,Coritiba,Athletic Club,Over/Under Goals,Under 3.5,1.22,,,WON,
2025-11-15T19:30:00+00:00,Serie B,Volta Redonda,Chapecoense-sc,Over/Under Goals,Under 2.5,1.62,,,WON,
2025-11-15T19:30:00+00:00,Serie C - Girone B,Sambenedettese,Ternana,Over/Under Goals,Under 3.5,1.2,,,WON,
2025-11-15T20:00:00+00:00,Eerste Divisie,Willem II,Emmen,Over/Under Goals,Under 3.5,1.57,,,WON,
2025-11-15T20:00:00+00:00,Primera B Metropolitana,Comunicaciones,Villa San Carlos,Over/Under Goals,Under 3.5,1.17,,,WON,
2025-11-15T20:00:00+00:00,Primera B Metropolitana,Deportivo Armenio,Dock Sud,Team Total Goals,Under 2.5,1.2,,,WON,
2025-11-15T20:00:00+00:00,Primera B Metropolitana,Flandria,Midland,Double Chance,Draw/Away,1.15,,,LOST,
2025-11-15T20:00:00+00:00,Primera B Metropolitana,Liniers,Real Pilar,Double Chance,Draw/Away,1.22,,,LOST,
2025-11-15T20:00:00+00:00,Primera B Metropolitana,Villa Dalmine,Excursionistas,Double Chance,Home/Draw,1.44,,,WON,
2025-11-15T20:00:00+00:00,Primera Division,Godoy Cruz,Deportivo Riestra,Over/Under Goals,Under 2.5,1.3,,,WON,
2025-11-15T20:00:00+00:00,Primera Division,San Martin S.J.,Aldosivi,Over/Under Goals,Under 2.5,1.35,,,LOST,
2025-11-15T20:00:00+00:00,Primera División RFEF - Group 1,Tenerife,Celta de Vigo II,Over/Under Goals,Under 3.5,1.25,,,LOST,
2025-11-15T20:00:00+00:00,Segunda Division,Racing Santander,Granada CF,Over/Under Goals,Under 3.5,1.44,,,LOST,
2025-11-15T21:00:00+00:00,Liga Nacional,Cobán Imperial,Malacateco,Over/Under Goals,Under 3.5,1.29,,,WON,
2025-11-15T21:00:00+00:00,Torneo Federal A,Atletico DE Rafaela,Guillermo Brown,Over/Under Goals,Under 2.5,1.62,,,WON,
2025-11-15T21:10:00+00:00,Primera B,Jaguares,Cucuta,Double Chance,Draw/Away,1.6,,,WON,
2025-11-15T21:30:00+00:00,Serie A,Sport Recife,Flamengo,Team Total Goals,Under 2.5,1.4,,,LOST,
2025-11-15T22:00:00+00:00,Copa de la División Profesional,Always Ready,San Antonio Bulo Bulo,Over/Under Goals,Under 3.5,1.8,,,LOST,
2025-11-15T22:00:00+00:00,Friendlies,USA,Paraguay,Asian Handicap,Home +0.25,1.42,,,WON,
2025-11-15T22:00:00+00:00,Segunda División,Atenas,Tacuarembo,Over/Under Goals,Under 3.5,1.18,,,LOST,
2025-11-15T22:15:00+00:00,Primera Division,San Lorenzo,Sarmiento Junin,Double Chance,Home/Draw,1.15,,,WON,
2025-11-15T23:00:00+00:00,Liga de Expansión MX,Tepatitlán,Atlante FC,Over/Under Goals,Under 3.5,1.48,,,WON,
2025-11-15T23:00:00+00:00,Primera Nacional,Estudiantes de Rio Cuarto,CA Estudiantes,BTTS,No,1.4,,,WON,
2025-11-15T23:30:00+00:00,USL Championship,Pittsburgh Riverhounds,Rhode Island,Double Chance,Draw/Away,1.7,,,LOST,
2025-11-16T00:00:00+00:00,Liga Premier Serie A,Tapachula,Cañoneros Marina,Asian Handicap,Home +0.25,1.52,,,WON,
2025-11-16T00:00:00+00:00,Serie A,Santos,Palmeiras,Over/Under Goals,Under 3.5,1.28,,,WON,
2025-11-16T00:30:00+00:00,Copa de la División Profesional,Aurora,The Strongest,Over/Under Goals,Over 2.5,1.36,,,WON,
2025-11-16T00:30:00+00:00,Friendlies,Colombia,New Zealand,Over/Under Goals,Over 1.5,1.2,,,WON,
2025-11-16T00:30:00+00:00,Primera Division,Independiente,Rosario Central,Over/Under Goals,Under 2.5,1.57,,,WON,
2025-11-16T00:30:00+00:00,USL Super League,Fort Lauderdale United W,Tampa Bay Sun W,Over/Under Goals,Under 3.5,1.33,,,WON,
2025-11-16T01:00:00+00:00,Friendlies,Mexico,Uruguay,Over/Under Goals,Under 2.5,1.67,,,WON,
2025-11-16T01:00:00+00:00,Liga Premier Serie A,Celaya,Montañeses,Over/Under Goals,Under 3.5,1.36,,,WON,
2025-11-16T01:00:00+00:00,Liga Premier Serie A,Gavilanes FC Matamoros,Cordobés,Over/Under Goals,Under 3.5,1.2,,,WON,
2025-11-16T01:00:00+00:00,Liga de Expansión MX,Mineros de Zacatecas,Irapuato,Double Chance,Home/Draw,1.45,,,WON,
2025-11-16T01:30:00+00:00,USL Championship,FC Tulsa,New Mexico United,1X2 / Match Winner,Draw,3.65,,,LOST,
2025-11-16T02:00:00+00:00,Australian Championship,Broadmeadow Magic,Sydney Olympic,Team Total Goals,Over 0.5,1.15,,,WON,
2025-11-16T02:00:00+00:00,Australian Championship,MetroStars,Sydney United,Over/Under Goals,Under 3.5,1.44,,,WON,
2025-11-16T02:00:00+00:00,Australian Championship,South Hobart,Heidelberg United,1X2 / Match Winner,Away,1.18,,,LOST,
2025-11-16T02:00:00+00:00,Liga Nacional,Marquense,Mixco,Over/Under Goals,Under 3.5,1.18,,,WON,
2025-11-16T02:00:00+00:00,USL Super League,Spokane Zephyr W,Dallas Trinity W,Double Chance,Home/Draw,1.44,,,LOST,
2025-11-16T03:00:00+00:00,Liga Premier Serie A,Los Cabos United,Tritons Vallarta,Double Chance,Draw/Away,1.7,,,LOST,
2025-11-16T05:00:00+00:00,J3 League,Azul Claro Numazu,Thespakusatsu Gunma,Double Chance,Draw/Away,1.45,,,WON,
2025-11-16T05:00:00+00:00,J3 League,Fukushima United,Nara Club,Over/Under Goals,Under 3.5,1.48,,,WON,
2025-11-16T05:00:00+00:00,J3 League,Gainare Tottori,Kitakyushu,Over/Under Goals,Over 1.5,1.36,,,WON,
2025-11-16T05:00:00+00:00,J3 League,Kamatamare Sanuki,Kagoshima United,Over/Under Goals,Under 3.5,1.36,,,WON,
2025-11-16T05:00:00+00:00,J3 League,Kanazawa,Tochigi SC,Over/Under Goals,Under 3.5,1.28,,,WON,
2025-11-16T05:00:00+00:00,J3 League,Matsumoto Yamaga,Osaka,Over/Under Goals,Under 3.5,1.2,,,WON,
2025-11-16T05:00:00+00:00,J3 League,Sagamihara,FC Ryukyu,1X2 / Match Winner,Draw,3.5,,,LOST,
2025-11-16T05:30:00+00:00,Australian Championship,Canberra FC,NWS Spirit,Team Total Goals,Under 2.5,1.22,,,WON,
2025-11-16T05:30:00+00:00,Australian Championship,Wests APIA,Bayswater City,Over/Under Goals,Under 3.5,1.44,,,LOST,
2025-11-16T06:05:00+00:00,Emperor Cup,Vissel Kobe,Sanfrecce Hiroshima,Over/Under Goals,Under 3.5,1.22,,,WON,
2025-11-16T08:30:00+00:00,Liga 2,Barito Putera,Deltras,Over/Under Goals,Under 2.5,1.65,,,WON,
2025-11-16T09:15:00+00:00,3. liga - CFL A,Bohemians 1905 II,Loko Vltavín,Team Total Goals,Over 0.5,1.27,,,WON,
2025-11-16T09:15:00+00:00,3. liga - MSFL,Sigma Olomouc II,Zbrojovka Brno II,Over/Under Goals,Over 1.5,1.17,,,LOST,
2025-11-16T09:30:00+00:00,2. liga,Petržalka,Slovan Bratislava II,Over/Under Goals,Under 3.5,1.51,,,WON,
2025-11-16T09:30:00+00:00,3. liga - CFL A,Viktoria Plzeň II,Písek,Double Chance,Home/Draw,1.18,,,WON,
2025-11-16T10:00:00+00:00,1a Divisió,Carroi,Esperança d'Andorra,Double Chance,Home/Draw,1.55,,,WON,
2025-11-16T10:00:00+00:00,2. liga,Slávia TU Košice,Šamorín,Over/Under Goals,Over 1.5,1.18,,,WON,
2025-11-16T10:00:00+00:00,First League,FK Sokol Saratov,Fakel,Double Chance,Draw/Away,1.16,,,WON,
2025-11-16T10:30:00+00:00,Segunda División RFEF - Group 3,Ibiza Islas Pitiusas,Reddis,Over/Under Goals,Under 3.5,1.15,,,WON,
2025-11-16T10:30:00+00:00,Segunda División RFEF - Group 4,La Unión Atlético,Real Jaén,BTTS,No,1.56,,,WON,
2025-11-16T10:30:00+00:00,Tercera División RFEF - Group 2,Sporting Gijón II,Llanes,1X2 / Match Winner,Home,1.41,,,LOST,
2025-11-16T11:00:00+00:00,FKF Premier League,Tusker,Police,Asian Handicap,Home +0.25,1.4,,,LOST,
2025-11-16T11:00:00+00:00,First League,FC UFA,Arsenal Tula,Over/Under Goals,Under 3.5,1.17,,,WON,
2025-11-16T11:00:00+00:00,II Liga - East,Podhale Nowy Targ,Podbeskidzie,Over/Under Goals,Under 3.5,1.4,,,WON,
2025-11-16T11:00:00+00:00,II Liga - East,Śląsk Wrocław II,Jastrzębie,1X2 / Match Winner,Home,1.57,,,LOST,
2025-11-16T11:00:00+00:00,Primera División Femenina,Atletico Madrid W,FC Levante Badalona,Over/Under Goals,Under 3.5,1.44,,,WON,
2025-11-16T11:00:00+00:00,Primera División Femenina,Real Sociedad W,Athletic Club W,1X2 / Match Winner,Draw,3.76,,,WON,
2025-11-16T11:00:00+00:00,Primera División RFEF - Group 2,Alcorcon,Atlético Madrid II,Over/Under Goals,Under 2.5,1.67,,,WON,
2025-11-16T11:00:00+00:00,Primera División RFEF - Group 2,Antequera,Sevilla Atletico,Over/Under Goals,Under 3.5,1.17,,,WON,
2025-11-16T11:00:00+00:00,Primera División RFEF - Group 2,Juventud Torremolinos,Algeciras,Over/Under Goals,Under 3.5,1.25,,,WON,
2025-11-16T11:00:00+00:00,Primera División RFEF - Group 2,Real Murcia,Teruel,Over/Under Goals,Under 3.5,1.17,,,WON,
2025-11-16T11:00:00+00:00,Second League A - Fall Season Gold,Alaniya Vladikavkaz,Leningradets,Over/Under Goals,Under 3.5,1.33,,,LOST,
2025-11-16T11:00:00+00:00,Second League A - Fall Season Gold,Dinamo Moskva II,Novosibirsk,Over/Under Goals,Under 2.5,2.17,,,WON,
2025-11-16T11:00:00+00:00,Second League A - Fall Season Gold,Tyumen,Tekstilshchik,Double Chance,Draw/Away,1.32,,,WON,
2025-11-16T11:00:00+00:00,Second League A - Fall Season Gold,Veles,Mashuk-KMV,Over/Under Goals,Under 3.5,1.2,,,WON,
2025-11-16T11:00:00+00:00,Segunda División RFEF - Group 1,Real Valladolid II,Marino de Luanco,Over/Under Goals,Under 3.5,1.19,,,WON,
2025-11-16T11:00:00+00:00,Segunda División RFEF - Group 2,Ejea,Utebo,Asian Handicap,Home +0.25,1.44,,,LOST,
2025-11-16T11:00:00+00:00,Segunda División RFEF - Group 3,Girona II,Barbastro,Over/Under Goals,Under 3.5,1.15,,,WON,
2025-11-16T11:00:00+00:00,Segunda División RFEF - Group 3,Poblense,Valencia II,Double Chance,Home/Draw,1.2,,,WON,
2025-11-16T11:00:00+00:00,Segunda División RFEF - Group 3,Porreres,Castellón II,Over/Under Goals,Under 3.5,1.44,,,LOST,
2025-11-16T11:00:00+00:00,Segunda División RFEF - Group 3,Torrent,Atlético Baleares,Double Chance,Home/Draw,1.55,,,LOST,
2025-11-16T11:00:00+00:00,Segunda División RFEF - Group 4,Almería II,Yeclano,Over/Under Goals,Under 3.5,1.16,,,WON,
2025-11-16T11:00:00+00:00,Segunda División RFEF - Group 4,Deportiva Minera,Águilas,Over/Under Goals,Under 3.5,1.16,,,WON,
2025-11-16T11:00:00+00:00,Segunda División RFEF - Group 4,Estepona,Antoniano,Over/Under Goals,Under 3.5,1.16,,,WON,
2025-11-16T11:00:00+00:00,Segunda División RFEF - Group 4,Melilla,Xerez Deportivo,Double Chance,Draw/Away,1.62,,,WON,
2025-11-16T11:00:00+00:00,Segunda División RFEF - Group 5,Fuenlabrada,Navalcarnero,Over/Under Goals,Under 3.5,1.15,,,WON,
2025-11-16T11:00:00+00:00,Segunda División RFEF - Group 5,Rayo Majadahonda,Real Madrid III,Over/Under Goals,Under 3.5,1.18,,,WON,
2025-11-16T11:00:00+00:00,Segunda División RFEF - Group 5,Socuéllamos,SS Reyes,Over/Under Goals,Under 3.5,1.15,,,WON,
2025-11-16T11:00:00+00:00,Segunda Liga,Felgueiras 1932,Farense,Over/Under Goals,Under 3.5,1.25,,,WON,
2025-11-16T11:00:00+00:00,Super League 2,Ellas Syros,Kissamikos,Over/Under Goals,Under 3.5,1.15,,,LOST,
2025-11-16T11:00:00+00:00,Tercera División RFEF - Group 10,Utrera,Castilleja,Double Chance,Draw/Away,2.0,,,WON,
2025-11-16T11:00:00+00:00,Tercera División RFEF - Group 18,Toledo,Villarrobledo,Double Chance,Draw/Away,2.88,,,LOST,
2025-11-16T11:00:00+00:00,Tercera División RFEF - Group 3,Gimnástica Torrelavega,Vimenor,Double Chance,Draw/Away,2.3,,,LOST,
2025-11-16T11:00:00+00:00,Tercera División RFEF - Group 5,Montañesa,Tona,Over/Under Goals,Under 2.5,1.5,,,WON,
2025-11-16T11:30:00+00:00,Serie A Women,Napoli W,Inter Milano W,Over/Under Goals,Under 3.5,1.33,,,WON,
2025-11-16T11:30:00+00:00,Serie C - Girone C,Benevento,SS Monopoli,Over/Under Goals,Under 3.5,1.25,,,LOST,
2025-11-16T11:30:00+00:00,Tercera División RFEF - Group 1,Silva,Celta de Vigo III,Over/Under Goals,Under 2.5,1.65,,,LOST,
2025-11-16T12:00:00+00:00,2. Division,Naestved,VSK Århus,1X2 / Match Winner,Home,1.62,,,LOST,
2025-11-16T12:00:00+00:00,3. liga - CFL A,Dukla Praha II,Motorlet Praha,Over/Under Goals,Under 3.5,1.39,,,WON,
2025-11-16T12:00:00+00:00,DFB Pokal - Women,Turbine Potsdam W,SGS Essen W,Asian Handicap,Home +1.25,1.82,,,WON,
2025-11-16T12:00:00+00:00,FA WSL,Aston Villa W,London City Lionesses,Over/Under Goals,Under 3.5,1.42,,,LOST,
2025-11-16T12:00:00+00:00,FA WSL,Brighton W,Leicester City WFC,Over/Under Goals,Under 3.5,1.44,,,LOST,
2025-11-16T12:00:00+00:00,FA WSL,Liverpool W,Chelsea W,Over/Under Goals,Under 3.5,1.53,,,WON,
2025-11-16T12:00:00+00:00,FA WSL,West Ham W,Everton W,Double Chance,Home/Draw,1.57,,,WON,
2025-11-16T12:00:00+00:00,First League,Chelyabinsk,KAMAZ,Double Chance,Draw/Away,1.43,,,WON,
2025-11-16T12:00:00+00:00,Friendlies Clubs,Dinamo Brest,Krylia Sovetov,Over/Under Goals,Under 3.5,1.27,,,WON,
2025-11-16T12:00:00+00:00,II Liga - East,Rekord Bielsko-Biała,Chojniczanka Chojnice,Over/Under Goals,Over 1.5,1.22,,,WON,
2025-11-16T12:00:00+00:00,III Liga - Group 2,Kluczevia Stargard,Luzino,Over/Under Goals,Under 3.5,1.54,,,WON,
2025-11-16T12:00:00+00:00,Liga 2,Persela Lamongan,Tornado Pekanbaru,Double Chance,Home/Draw,1.17,,,LOST,
2025-11-16T12:00:00+00:00,Primera División Femenina,Granad. Tenerife W,Granada,Double Chance,Home/Draw,1.18,,,WON,
2025-11-16T12:00:00+00:00,Regionalliga - Nord,Hamburger SV II,HSC Hannover,Asian Handicap,Home +0,1.4,,,WON,
2025-11-16T12:00:00+00:00,Segunda División RFEF - Group 5,Tenerife II,Colonia Moscardó,Over/Under Goals,Under 3.5,1.23,,,LOST,
2025-11-16T12:00:00+00:00,Super League 2,Asteras Tripolis II,Iraklis 1908,Over/Under Goals,Under 3.5,1.22,,,WON,
2025-11-16T12:00:00+00:00,Women's Championship,Southampton W,Durham W,Team Total Goals,Over 0.5,1.5,,,WON,
2025-11-16T12:30:00+00:00,1st League - FBiH,Radnik Hadžići,Travnik,Over/Under Goals,Under 2.5,1.7,,,WON,
2025-11-16T12:30:00+00:00,1st League - FBiH,TOŠK Tešanj,Sloboda Tuzla,Double Chance,Home/Draw,1.16,,,WON,
2025-11-16T12:30:00+00:00,3. liga - CFL A,Táborsko II,Admira Praha,Double Chance,Draw/Away,1.27,,,WON,
2025-11-16T12:30:00+00:00,3. liga - CFL B,Sokol Brozany,Slovan Liberec II,Double Chance,Draw/Away,1.34,,,WON,
2025-11-16T12:30:00+00:00,3. liga - CFL B,Sokol Zápy,Jablonec II,Asian Handicap,Away -1.25,1.43,,,LOST,
2025-11-16T12:30:00+00:00,Persha Liga,Nyva Ternopil,Chornomorets,Over/Under Goals,Under 3.5,1.16,,,WON,
2025-11-16T12:30:00+00:00,Second League,FK Minyor Pernik,Vihren,Over/Under Goals,Under 3.5,1.25,,,LOST,
2025-11-16T12:30:00+00:00,Second League,Lokomotiv G. Oryahovitsa,Spartak Pleven,Over/Under Goals,Under 3.5,1.2,,,LOST,
2025-11-16T12:30:00+00:00,Second League,Marek,Hebar 1918,Asian Handicap,Home +0.25,1.48,,,WON,
2025-11-16T12:30:00+00:00,Second League,Sevlievo,Pirin Blagoevgrad,Over/Under Goals,Under 3.5,1.25,,,LOST,
2025-11-16T12:30:00+00:00,Second League,Sportist Svoge,Chernomorets 1919 Burgas,Over/Under Goals,Under 3.5,1.28,,,WON,
2025-11-16T13:00:00+00:00,DFB Pokal - Women,1899 Hoffenheim W,Eintracht Frankfurt W,Over/Under Goals,Under 3.5,1.49,,,LOST,
2025-11-16T13:00:00+00:00,Derde Divisie - Saturday,ADO '20,TEC,Double Chance,Home/Draw,1.25,,,WON,
2025-11-16T13:00:00+00:00,Derde Divisie - Sunday,TOGB,Roosendaal,Double Chance,Draw/Away,1.6,,,LOST,
2025-11-16T13:00:00+00:00,FKF Premier League,AFC Leopards,Murang'a SEAL,Over/Under Goals,Over 1.5,1.53,,,LOST,
2025-11-16T13:00:00+00:00,Gamma Ethniki - Group 1,Iraklis Therm.,Panthrakikos,Double Chance,Draw/Away,1.44,,,WON,
2025-11-16T13:00:00+00:00,Gamma Ethniki - Group 3,Lamia,A. Schimatari,Over/Under Goals,Under 2.5,1.95,,,WON,
2025-11-16T13:00:00+00:00,Gamma Ethniki - Group 5,Aris Petroupolis,Apollon Kalyt.,Over/Under Goals,Under 3.5,1.53,,,WON,
2025-11-16T13:00:00+00:00,Regionalliga - SudWest,FC Astoria Walldorf,Balingen,Over/Under Goals,Over 2.5,1.4,,,WON,
2025-11-16T13:00:00+00:00,Regionalliga - SudWest,Freiburg II,FSV Mainz 05 II,Asian Handicap,Home +0.25,1.5,,,WON,
2025-11-16T13:00:00+00:00,Second League,Igalo,Rudar,Over/Under Goals,Under 2.5,1.75,,,WON,
2025-11-16T13:00:00+00:00,Second League,Lovćen,Berane,Double Chance,Home/Draw,1.44,,,LOST,
2025-11-16T13:00:00+00:00,Second League,Mladost Lješkopolje,Internacional Podgorica,Over/Under Goals,Under 2.5,1.85,,,WON,
2025-11-16T13:00:00+00:00,Segunda Division,AD Ceuta FC,Leganes,Over/Under Goals,Under 3.5,1.22,,,WON,
2025-11-16T13:00:00+00:00,Serie D - Girone G,Nocerina,Sarrabus Ogliastra,Over/Under Goals,Over 1.5,1.21,,,WON,
2025-11-16T13:00:00+00:00,Super League 2,Kallithea,Egaleo,Over/Under Goals,Under 3.5,1.17,,,WON,
2025-11-16T13:00:00+00:00,Super League 2,Kavala,Kampaniakos Chalastra,Over/Under Goals,Under 3.5,1.2,,,WON,
2025-11-16T13:00:00+00:00,Super League 2,Panargiakos,Ilioupoli,Over/Under Goals,Under 2.5,1.67,,,WON,
2025-11-16T13:15:00+00:00,Primera División RFEF - Group 2,Gimnastic,Marbella,Over/Under Goals,Under 3.5,1.25,,,WON,
2025-11-16T13:30:00+00:00,Derde Divisie - Sunday,Meerssen,Gemert,Double Chance,Draw/Away,1.25,,,WON,
2025-11-16T13:30:00+00:00,First Amateur Division,Diegem Sport,Merelbeke,Over/Under Goals,Over 1.5,1.21,,,WON,
2025-11-16T13:30:00+00:00,First Amateur Division,Standard Liège II,Albert Quévy-Mons,Over/Under Goals,Under 3.5,1.31,,,WON,
2025-11-16T13:30:00+00:00,Ligue 2,Djelma,Kalaâ Sport,Double Chance,Draw/Away,1.67,,,LOST,
2025-11-16T13:30:00+00:00,Ligue 2,Sfax Railways,BS Bouhajla,Double Chance,Draw/Away,1.8,,,LOST,
2025-11-16T13:30:00+00:00,Ligue 2,Stade Gabesien,Moknine,1X2 / Match Winner,Home,1.55,,,WON,
2025-11-16T13:30:00+00:00,Second Amateur Division - ACFF,Ganshoren,Stade Verviers,Over/Under Goals,Under 3.5,1.24,,,WON,
2025-11-16T13:30:00+00:00,Serie C - Girone A,Albinoleffe,Virtus Verona,Over/Under Goals,Under 3.5,1.22,,,LOST,
2025-11-16T13:30:00+00:00,Serie C - Girone A,Alcione,Novara,Over/Under Goals,Under 2.5,1.44,,,WON,
2025-11-16T13:30:00+00:00,Serie C - Girone B,Livorno,Ravenna,Over/Under Goals,Under 3.5,1.22,,,WON,
2025-11-16T13:30:00+00:00,Serie C - Girone C,Giugliano,Audace Cerignola,Over/Under Goals,Under 3.5,1.3,,,WON,
2025-11-16T13:30:00+00:00,Serie C - Girone C,Potenza,Trapani 1905,Over/Under Goals,Under 3.5,1.25,,,WON,
2025-11-16T13:30:00+00:00,Serie C - Girone C,Team Altamura,Salernitana,Over/Under Goals,Under 3.5,1.28,,,WON,
2025-11-16T13:30:00+00:00,Serie D - Girone A,Ligorna,Valenzana,Over/Under Goals,Under 3.5,1.33,,,WON,
2025-11-16T13:30:00+00:00,Serie D - Girone B,Chievo,Brusaporto,Over/Under Goals,Under 3.5,1.22,,,WON,
2025-11-16T13:30:00+00:00,Serie D - Girone D,Imolese,Pro Sesto,Double Chance,Draw/Away,1.56,,,WON,
2025-11-16T13:30:00+00:00,Serie D - Girone D,Rovato Vertovese,Crema,Asian Handicap,Home +0.25,1.5,,,WON,
2025-11-16T13:30:00+00:00,Serie D - Girone E,Poggibonsi,Montevarchi Calcio,Asian Handicap,Home +0.25,1.49,,,LOST,
2025-11-16T13:30:00+00:00,Serie D - Girone F,Ancona,Vigor Senigallia,1X2 / Match Winner,Home,1.7,,,LOST,
2025-11-16T13:30:00+00:00,Serie D - Girone G,Albalonga,Atletico Lodigiani,Double Chance,Home/Draw,1.15,,,WON,
2025-11-16T13:30:00+00:00,Serie D - Girone G,Anzio,Latte Dolce,1X2 / Match Winner,Draw,3.9,,,LOST,
2025-11-16T13:30:00+00:00,Serie D - Girone G,Scafatese,Ischia,Over/Under Goals,Under 3.5,1.35,,,WON,
2025-11-16T13:30:00+00:00,Serie D - Girone G,Trastevere,Flaminia,1X2 / Match Winner,Draw,3.7,,,LOST,
2025-11-16T13:30:00+00:00,Serie D - Girone H,Afragolese,Martina Franca,Team Total Goals,Under 2.5,1.22,,,WON,
2025-11-16T14:00:00+00:00,2. SNL,Rudar,Tabor Sežana,Over/Under Goals,Under 3.5,1.23,,,LOST,
2025-11-16T14:00:00+00:00,First Amateur Division,Cercle Brugge II,Houtvenne,Over/Under Goals,Under 3.5,1.34,,,WON,
2025-11-16T14:00:00+00:00,First Amateur Division,Sporting Charleroi II,Habay-la-Neuve,Double Chance,Home/Draw,1.21,,,LOST,
2025-11-16T14:00:00+00:00,First Amateur Division,Spouwen-Mopertingen,Hoogstraten,Over/Under Goals,Under 3.5,1.28,,,WON,
2025-11-16T14:00:00+00:00,First Amateur Division,Zelzate,Thes Sport,Over/Under Goals,Under 2.5,1.67,,,LOST,
2025-11-16T14:00:00+00:00,Women's Championship,Birmingham City W,Portsmouth W,Over/Under Goals,Under 3.5,1.83,,,LOST,
2025-11-16T14:00:00+00:00,Women's Championship,Charlton Athletic W,Bristol City W,Asian Handicap,Home +0.25,1.44,,,WON,
2025-11-16T14:00:00+00:00,Women's Championship,Newcastle United W,Sunderland W,1X2 / Match Winner,Home,1.55,,,WON,
2025-11-16T14:30:00+00:00,FA WSL,Tottenham Hotspur W,Arsenal W,Over/Under Goals,Under 3.5,1.48,,,WON,
2025-11-16T14:30:00+00:00,First League,Shinnik Yaroslavl,Chayka,Over/Under Goals,Under 2.5,1.42,,,LOST,
2025-11-16T14:30:00+00:00,QSL Cup,Al Mesaimeer,Al-Khor,Over/Under Goals,Over 2.5,1.73,,,WON,
2025-11-16T14:30:00+00:00,Serie A Women,Roma W,Lazio W,Over/Under Goals,Under 3.5,1.41,,,WON,
2025-11-16T14:30:00+00:00,Tercera División RFEF - Group 17,Zuera,Almudévar,Over/Under Goals,Under 2.5,1.5,,,LOST,
2025-11-16T14:45:00+00:00,Coupe de France,Boé Bon Encontre,Bordeaux,Over/Under Goals,Under 3.5,2.25,,,WON,
2025-11-16T14:45:00+00:00,Segunda División RFEF - Group 1,Lealtad,Racing Santander II,Over/Under Goals,Under 3.5,1.18,,,WON,
2025-11-16T15:00:00+00:00,II Liga - East,Unia Skierniewice,Kalisz,Over/Under Goals,Under 3.5,1.44,,,WON,
2025-11-16T15:00:00+00:00,Primera División Femenina,Sevilla W,Edf Logrono W,Over/Under Goals,Under 3.5,1.36,,,WON,
2025-11-16T15:00:00+00:00,Tercera División RFEF - Group 4,San Ignacio,Durango,Double Chance,Home/Draw,1.22,,,LOST,
2025-11-16T15:15:00+00:00,Segunda Division,Almeria,Cadiz,Double Chance,Home/Draw,1.18,,,WON,
2025-11-16T15:15:00+00:00,Segunda Division,Sporting Gijon,Eibar,Double Chance,Draw/Away,1.65,,,WON,
2025-11-16T15:15:00+00:00,Tercera División RFEF - Group 14,Gévora,Don Benito,Over/Under Goals,Under 3.5,1.23,,,WON,
2025-11-16T15:15:00+00:00,Tercera División RFEF - Group 6,Castellonense,Crevillente,Over/Under Goals,Under 3.5,1.27,,,WON,
2025-11-16T15:30:00+00:00,Primera División RFEF - Group 2,Eldense,Hércules,Over/Under Goals,Under 3.5,1.2,,,WON,
2025-11-16T15:30:00+00:00,Segunda División RFEF - Group 2,Mutilvera,Real Zaragoza II,Over/Under Goals,Under 3.5,1.19,,,LOST,
2025-11-16T15:30:00+00:00,Segunda División RFEF - Group 5,Quintanar del Rey,Conquense,Over/Under Goals,Under 2.5,1.36,,,WON,
2025-11-16T15:30:00+00:00,Tercera División RFEF - Group 15,Txantrea,Cirbonero,Team Total Goals,Over 0.5,1.55,,,WON,
2025-11-16T16:00:00+00:00,Segunda División RFEF - Group 1,Gimnástica Segoviana,Langreo,Over/Under Goals,Under 2.5,1.65,,,WON,
2025-11-16T16:00:00+00:00,Segunda División RFEF - Group 1,Numancia,Coruxo,Over/Under Goals,Under 3.5,1.22,,,WON,
2025-11-16T16:00:00+00:00,Segunda División RFEF - Group 1,Salamanca UDS,Real Ávila,Over/Under Goals,Under 3.5,1.16,,,LOST,
2025-11-16T16:00:00+00:00,Segunda División RFEF - Group 1,Sarriana,Burgos Promesas,1X2 / Match Winner,Draw,3.45,,,WON,
2025-11-16T16:00:00+00:00,Segunda División RFEF - Group 2,Náxara,Alfaro,Over/Under Goals,Under 3.5,1.19,,,WON,
2025-11-16T16:00:00+00:00,Segunda División RFEF - Group 2,Real Unión,SD Logroñés,Over/Under Goals,Under 3.5,1.16,,,WON,
2025-11-16T16:00:00+00:00,Segunda División RFEF - Group 2,Tudelano,Gernika,Over/Under Goals,Under 3.5,1.18,,,WON,
2025-11-16T16:00:00+00:00,Segunda División RFEF - Group 2,UD Logroñés,Eibar II,Over/Under Goals,Under 3.5,1.17,,,WON,
2025-11-16T16:00:00+00:00,Segunda División RFEF - Group 3,Espanyol II,Barcelona B,Over/Under Goals,Under 3.5,1.19,,,WON,
2025-11-16T16:00:00+00:00,Segunda División RFEF - Group 3,Olot,Alcoyano,Over/Under Goals,Under 2.5,1.4,,,WON,
2025-11-16T16:00:00+00:00,Segunda División RFEF - Group 4,Puente Genil,Extremadura 1924,Over/Under Goals,Under 3.5,1.15,,,WON,
2025-11-16T16:00:00+00:00,Segunda División RFEF - Group 5,Elche II,RSD Alcalá,1X2 / Match Winner,Draw,3.15,,,WON,
2025-11-16T16:00:00+00:00,Tercera División RFEF - Group 13,Bala Azul,Yeclano II,Over/Under Goals,Under 2.5,1.44,,,LOST,
2025-11-16T16:00:00+00:00,Tercera División RFEF - Group 18,Villarrubia,Pedroñeras,Double Chance,Draw/Away,2.15,,,LOST,
2025-11-16T16:00:00+00:00,Tercera División RFEF - Group 4,Lagun Onak,Santurtzi,1X2 / Match Winner,Home,1.44,,,LOST,
2025-11-16T16:30:00+00:00,Serie C - Girone A,Lecco,Pro Patria,Over/Under Goals,Under 3.5,1.2,,,WON,
2025-11-16T16:30:00+00:00,Serie C - Girone A,Vicenza Virtus,Renate,Over/Under Goals,Under 3.5,1.25,,,WON,
2025-11-16T16:30:00+00:00,Serie C - Girone B,Pontedera,Pianese,Over/Under Goals,Under 3.5,1.2,,,WON,
2025-11-16T17:00:00+00:00,1st League - FBiH,Čelik,GOŠK Gabela,Double Chance,Home/Draw,1.16,,,WON,
2025-11-16T17:00:00+00:00,Liga Nacional,Aurora,Xelajú,Over/Under Goals,Under 3.5,1.29,,,LOST,
2025-11-16T17:00:00+00:00,Segunda División RFEF - Group 3,Terrassa,Sant Andreu,Double Chance,Home/Draw,1.44,,,WON,
2025-11-16T17:00:00+00:00,Segunda División RFEF - Group 4,Xerez,Lorca Deportiva,Double Chance,Home/Draw,1.15,,,LOST,
2025-11-16T17:00:00+00:00,Serie A Women,Juventus W,Genoa W,Over/Under Goals,Under 3.5,1.79,,,WON,
2025-11-16T17:00:00+00:00,Tercera División RFEF - Group 9,Motril,UD San Pedro,Team Total Goals,Under 2.5,1.47,,,LOST,
2025-11-16T17:15:00+00:00,Tercera División RFEF - Group 4,Deusto,Zamudio,Double Chance,Home/Draw,1.17,,,WON,
2025-11-16T17:30:00+00:00,Primera División Femenina,Eibar W,Espanyol W,Over/Under Goals,Under 2.5,1.36,,,LOST,
2025-11-16T17:30:00+00:00,Primera División RFEF - Group 1,Athletic Club II,Arenteiro,Over/Under Goals,Under 3.5,1.2,,,WON,
2025-11-16T17:30:00+00:00,Primera División RFEF - Group 1,CF Talavera,Unionistas de Salamanca,Over/Under Goals,Under 3.5,1.17,,,WON,
2025-11-16T17:30:00+00:00,Segunda Division,Cordoba,Deportivo La Coruna,Double Chance,Draw/Away,1.57,,,WON,
2025-11-16T17:30:00+00:00,Segunda Division,Mirandes,Burgos,Over/Under Goals,Over 1.5,1.62,,,WON,
2025-11-16T17:45:00+00:00,Primera División RFEF - Group 1,Racing Ferrol,Zamora,Double Chance,Home/Draw,1.17,,,WON,
2025-11-16T18:00:00+00:00,Segunda División,UCV Moquegua,Cesar Vallejo,Double Chance,Draw/Away,1.5,,,LOST,
2025-11-16T18:00:00+00:00,Segunda Liga,Leixoes,Chaves,Over/Under Goals,Under 3.5,1.22,,,WON,
2025-11-16T18:30:00+00:00,II Liga - East,Resovia Rzeszów,Warta Poznań,Over/Under Goals,Under 3.5,1.33,,,WON,
2025-11-16T19:00:00+00:00,Liga de Ascenso,AD Carmelita,Santa Ana,Double Chance,Home/Draw,1.44,,,WON,
2025-11-16T19:00:00+00:00,Liga de Ascenso,AD Cofutpa,Quepos Cambute,Double Chance,Draw/Away,1.5,,,LOST,
2025-11-16T19:00:00+00:00,Liga de Ascenso,ADR Jicaral,Deportivo Upala,Over/Under Goals,Under 3.5,1.4,,,LOST,
2025-11-16T19:00:00+00:00,Liga de Ascenso,Cariari Pococi,Aserri FC,Over/Under Goals,Under 3.5,1.47,,,WON,
2025-11-16T19:00:00+00:00,Liga de Ascenso,Municipal Grecia,AD Sarchí,Double Chance,Home/Draw,1.5,,,LOST,
2025-11-16T19:00:00+00:00,Liga de Ascenso,Pitbulls Santa Barbara FC,Futbol Consultants Moravia,Over/Under Goals,Under 3.5,1.31,,,WON,
2025-11-16T19:00:00+00:00,Segunda División,Trujillanos FC,Titanes FC,Over/Under Goals,Under 3.5,1.2,,,WON,
2025-11-16T19:30:00+00:00,Serie B,America Mineiro,Cuiaba,Over/Under Goals,Under 3.5,1.2,,,WON,
2025-11-16T19:30:00+00:00,Serie B,Criciuma,Botafogo SP,Over/Under Goals,Under 3.5,1.22,,,WON,
2025-11-16T19:30:00+00:00,Serie B,Ferroviária,Atletico Paranaense,Team Total Goals,Under 2.5,1.15,,,WON,
2025-11-16T19:30:00+00:00,Serie B,Goias,Novorizontino,Over/Under Goals,Under 3.5,1.2,,,WON,
2025-11-16T20:00:00+00:00,NWSL Women,Orlando Pride W,NJ/NY Gotham FC W,Over/Under Goals,Under 3.5,1.25,,,WON,
2025-11-16T20:00:00+00:00,Primera B Metropolitana,Argentino Quilmes,Acassuso,Over/Under Goals,Under 3.5,1.17,,,WON,
2025-11-16T20:00:00+00:00,Primera B Metropolitana,Argentino de Merlo,Brown DE Adrogue,Over/Under Goals,Under 2.5,1.44,,,LOST,
2025-11-16T20:00:00+00:00,Primera B Metropolitana,Deportivo Laferrere,UAI Urquiza,Over/Under Goals,Under 2.5,1.5,,,WON,
2025-11-16T20:00:00+00:00,Primera Division,Instituto Cordoba,Talleres Cordoba,Double Chance,Draw/Away,1.4,,,WON,
2025-11-16T20:00:00+00:00,Primera Division,Sport Boys,Alianza Atletico,Double Chance,Draw/Away,1.57,,,WON,
2025-11-16T20:00:00+00:00,Primera Division,Velez Sarsfield,River Plate,1X2 / Match Winner,Draw,3.05,,,WON,
2025-11-16T20:00:00+00:00,Primera División RFEF - Group 2,Europa Fc,FC Cartagena,Over/Under Goals,Under 3.5,1.25,,,WON,
2025-11-16T20:00:00+00:00,Segunda Division,Zaragoza,Huesca,Over/Under Goals,Over 1.5,1.5,,,LOST,
2025-11-16T20:15:00+00:00,Primera Nacional,Deportivo Madryn,Deportivo Moron,Over/Under Goals,Under 2.5,1.36,,,WON,
2025-11-16T21:00:00+00:00,Copa Paraguay,2 de Mayo,General Caballero,Double Chance,Draw/Away,1.57,,,WON,
2025-11-16T21:00:00+00:00,Liga Nacional,Achuapa,Mictlán,Over/Under Goals,Under 3.5,1.17,,,WON,
2025-11-16T21:00:00+00:00,Primera Division,FAS,Platense,Double Chance,Home/Draw,1.17,,,WON,
2025-11-16T21:00:00+00:00,Primera Division,Fuerte San Francisco,Alianza,Over/Under Goals,Under 3.5,1.17,,,LOST,
2025-11-16T21:00:00+00:00,Primera Division,Municipal Limeño,Cacahuatique,Double Chance,Draw/Away,1.53,,,LOST,
2025-11-16T21:00:00+00:00,Primera Division,Águila,Firpo,Double Chance,Draw/Away,1.33,,,WON,
2025-11-16T22:00:00+00:00,Copa Colombia,America de Cali,Atletico Nacional,Team Total Goals,Over 0.5,1.42,,,WON,
2025-11-16T22:00:00+00:00,Serie A,RB Bragantino,Atletico-MG,Over/Under Goals,Under 3.5,1.22,,,WON,
2025-11-16T22:00:00+00:00,USL League One,One Knoxville,Spokane Velocity,Double Chance,Draw/Away,1.57,,,LOST,
2025-11-16T23:00:00+00:00,Liga MX Femenil,Tigres UANL W,Cruz Azul W,Team Total Goals,Over 0.5,1.5,,,WON,
2025-11-16T23:00:00+00:00,Liga de Expansión MX,Monarcas,Cancún,Over/Under Goals,Under 3.5,1.38,,,WON,
2025-11-16T23:15:00+00:00,Primera Division,Boca Juniors,Tigre,Over/Under Goals,Under 3.5,1.18,,,WON,
2025-11-16T23:15:00+00:00,Primera Division,Central Cordoba de Santiago,Banfield,Over/Under Goals,Under 3.5,1.17,,,WON,
2025-11-16T23:15:00+00:00,Primera Division,Estudiantes L.P.,Argentinos JRS,1X2 / Match Winner,Draw,3.15,,,LOST,
2025-11-16T23:15:00+00:00,Primera Division,Newells Old Boys,Racing Club,Over/Under Goals,Under 3.5,1.22,,,WON,
2025-11-17T00:00:00+00:00,Liga Nacional,Antigua GFC,Comunicaciones,Over/Under Goals,Under 3.5,1.22,,,LOST,
2025-11-17T00:00:00+00:00,Primera Division,Rancho Santana,Real Madriz,Double Chance,Draw/Away,1.62,,,LOST,
2025-11-17T00:30:00+00:00,Primera B,Real Soacha,Real Cartagena,Over/Under Goals,Under 3.5,1.22,,,WON,
2025-11-17T01:00:00+00:00,Liga MX Femenil,América W,Guadalajara W,BTTS,Yes,1.67,,,LOST,
2025-11-17T02:00:00+00:00,Liga de Expansión MX,Leones Negros UDG,CDS Tampico Madero,Over/Under Goals,Under 3.5,1.35,,,LOST,
2025-11-17T07:30:00+00:00,Liga 2,Persipal,Persiba Balikpapan,Over/Under Goals,Under 3.5,1.29,,,WON,
2025-11-17T12:00:00+00:00,Liga 2,PSS Sleman,Persiku Kudus,Over/Under Goals,Under 3.5,1.47,,,WON,
2025-11-17T12:00:00+00:00,Prva Liga,OFK Vršac,Macva,Over/Under Goals,Under 3.5,1.15,,,WON,
2025-11-17T12:00:00+00:00,Prva Liga,Tekstilac Odžaci,Kabel Novi Sad,Over/Under Goals,Under 3.5,1.19,,,LOST,
2025-11-17T14:00:00+00:00,U20 Elite League,Germany U20,Italy U20,Over/Under Goals,Under 3.5,1.55,,,LOST,
2025-11-17T16:30:00+00:00,First League,Spartak Kostroma,Rodina Moskva,Over/Under Goals,Under 2.5,1.51,,,WON,
2025-11-17T17:00:00+00:00,Friendlies,Finland,Andorra,Over/Under Goals,Under 3.5,1.3,,,LOST,
2025-11-17T17:00:00+00:00,Liga Revelação U23,Estoril U23,Portimonense U23,Team Total Goals,Under 2.5,1.15,,,WON,
2025-11-17T17:30:00+00:00,U20 Elite League,Portugal U20,Romania U20,Team Total Goals,Over 1.5,1.2,,,LOST,
2025-11-17T19:00:00+00:00,Premier League Cup,Bromley U21,Norwich City U21,Double Chance,Home/Draw,1.57,,,WON,
2025-11-17T19:30:00+00:00,Segunda Division,Cultural Leonesa,Malaga,Double Chance,Draw/Away,1.57,,,LOST,
2025-11-17T19:30:00+00:00,Serie C - Girone A,Pergolettese,Giana Erminio,Over/Under Goals,Under 3.5,1.28,,,WON,
2025-11-17T19:30:00+00:00,Serie C - Girone C,Foggia,Cavese,Over/Under Goals,Under 2.5,1.53,,,WON,
2025-11-17T19:45:00+00:00,Non League Premier - Southern Central,Barwell,Stratford Town,Double Chance,Home/Draw,1.4,,,WON,
2025-11-17T19:45:00+00:00,Non League Premier - Southern South,Bracknell Town,Havant & Wville,Over/Under Goals,Over 1.5,1.15,,,WON,
2025-11-17T20:00:00+00:00,Primera Division,Barracas Central,Huracan,Asian Handicap,Home +0.25,1.48,,,WON,
2025-11-17T20:00:00+00:00,Primera Division,Belgrano Cordoba,Union Santa Fe,Over/Under Goals,Under 3.5,1.17,,,WON,
2025-11-17T20:00:00+00:00,Primera Division,Defensa Y Justicia,Independ. Rivadavia,Over/Under Goals,Under 3.5,1.2,,,WON,
2025-11-17T22:30:00+00:00,Primera Division,Platense,Gimnasia L.P.,Over/Under Goals,Under 3.5,1.16,,,WON,
2025-11-18T09:00:00+00:00,Asian Cup - Qualification,Pakistan,Syria,Over/Under Goals,Under 3.5,1.48,,,LOST,
2025-11-18T09:00:00+00:00,Friendlies,Iran U23,Bahrain U23,Team Total Goals,Over 0.5,1.67,,,LOST,
2025-11-18T10:15:00+00:00,Asian Cup - Qualification,Sri Lanka,Thailand,1X2 / Match Winner,Away,1.45,,,WON,
2025-11-18T10:15:00+00:00,Friendlies,Japan,Bolivia,Over/Under Goals,Under 3.5,1.67,,,WON,
2025-11-18T10:30:00+00:00,Asian Cup - Qualification,Maldives,Philippines,1X2 / Match Winner,Away,1.19,,,WON,
2025-11-18T11:00:00+00:00,Friendlies,South Korea,Ghana,Over/Under Goals,Under 3.5,1.3,,,WON,
2025-11-18T12:00:00+00:00,Asian Cup - Qualification,Hong Kong,Singapore,Over/Under Goals,Under 3.5,1.25,,,WON,
2025-11-18T12:00:00+00:00,Cup,Flamurtari,Tomori Berat,Over/Under Goals,Under 3.5,1.91,,,LOST,
2025-11-18T12:00:00+00:00,Cup,Laci,Luftëtari,Over/Under Goals,Under 3.5,1.4,,,WON,
2025-11-18T12:00:00+00:00,Cup,Púchov,Tatran Prešov,Over/Under Goals,Under 3.5,1.59,,,WON,
2025-11-18T12:15:00+00:00,Asian Cup - Qualification,Brunei,Lebanon,Over/Under Goals,Under 3.5,3.75,,,WON,
2025-11-18T13:00:00+00:00,Asian Cup - Qualification,Nepal,Malaysia,Over/Under Goals,Under 2.5,2.6,,,WON,
2025-11-18T13:00:00+00:00,Friendlies,Kyrgyz Republic U23,Russia U21,Team Total Goals,Under 2.5,1.42,,,LOST,
2025-11-18T13:00:00+00:00,Professional Development League,Barnsley U21,Wigan Athletic U21,Double Chance,Home/Draw,1.4,,,LOST,
2025-11-18T13:00:00+00:00,Professional Development League,Peterborough United U21,Sheffield Wednesday U21,Over/Under Goals,Over 2.5,1.22,,,WON,
2025-11-18T13:45:00+00:00,Asian Cup - Qualification,Turkmenistan,Chinese Taipei,1X2 / Match Winner,Home,1.18,,,WON,
2025-11-18T14:00:00+00:00,Asian Cup - Qualification,Bangladesh,India,Over/Under Goals,Under 3.5,1.18,,,WON,
2025-11-18T14:30:00+00:00,Asian Cup - Qualification,Yemen,Bhutan,Over/Under Goals,Under 3.5,1.7,,,LOST,
2025-11-18T15:00:00+00:00,Liga Revelação U23,Torreense U23,União Leiria U23,Over/Under Goals,Over 1.5,1.25,,,WON,
2025-11-18T16:30:00+00:00,Friendlies,Guinea,Niger,Over/Under Goals,Under 3.5,1.17,,,WON,
2025-11-18T17:00:00+00:00,Friendlies,Chile,Peru,Over/Under Goals,Under 3.5,1.2,,,WON,
2025-11-18T17:00:00+00:00,Friendlies,Cyprus,Estonia,Over/Under Goals,Over 1.5,1.42,,,WON,
2025-11-18T17:00:00+00:00,Friendlies,Faroe Islands,Kazakhstan,Over/Under Goals,Under 3.5,1.25,,,WON,
2025-11-18T18:00:00+00:00,Friendlies,Jordan,Mali,Over/Under Goals,Under 3.5,1.18,,,WON,
2025-11-18T19:00:00+00:00,Premier League Cup,Charlton Athletic U21,Ipswich Town U21,Double Chance,Draw/Away,1.5,,,LOST,
2025-11-18T19:30:00+00:00,Friendlies,Brazil,Tunisia,Over/Under Goals,Over 1.5,1.17,,,WON,
2025-11-18T19:30:00+00:00,Non League Premier - Southern South,Wimborne Town,Gosport Borough,Asian Handicap,Home +0.25,1.42,,,WON,
2025-11-18T19:45:00+00:00,FA Trophy,Gainsborough Trinity,Alfreton Town,Team Total Goals,Under 2.5,1.17,,,WON,
2025-11-18T19:45:00+00:00,National League - North,Darlington 1883,Peterborough Sports,Asian Handicap,Home +0,1.53,,,WON,
2025-11-18T19:45:00+00:00,National League - North,South Shields,Oxford City,1X2 / Match Winner,Home,1.42,,,WON,
2025-11-18T19:45:00+00:00,National League - South,Slough Town,Farnborough,BTTS,Yes,1.62,,,LOST,
2025-11-18T19:45:00+00:00,National League - South,Weston-super-Mare,Ebbsfleet United,Over/Under Goals,Under 3.5,1.3,,,WON,
2025-11-18T19:45:00+00:00,National League,Morecambe,Brackley Town,Double Chance,Draw/Away,1.41,,,LOST,
2025-11-18T19:45:00+00:00,Non League Premier - Isthmian,Dulwich Hamlet,Cray Valley PM,Team Total Goals,Under 2.5,1.19,,,WON,
2025-11-18T19:45:00+00:00,Non League Premier - Northern,Hebburn Town,Ilkeston Town,Over/Under Goals,Under 3.5,1.35,,,LOST,
2025-11-18T19:45:00+00:00,Non League Premier - Northern,Hednesford Town,Bamber Bridge,Over/Under Goals,Under 3.5,1.35,,,WON,
2025-11-18T19:45:00+00:00,Non League Premier - Northern,Workington,Guiseley AFC,Over/Under Goals,Under 3.5,1.28,,,WON,
2025-11-18T19:45:00+00:00,Non League Premier - Southern Central,AFC Sudbury,St Ives Town,Team Total Goals,Over 0.5,1.17,,,WON,
2025-11-18T19:45:00+00:00,Non League Premier - Southern Central,Banbury United,Bromsgrove Sporting,Over/Under Goals,Under 3.5,1.34,,,WON,
2025-11-18T19:45:00+00:00,Non League Premier - Southern Central,Bury Town,Real Bedford,Team Total Goals,Over 0.5,1.17,,,WON,
2025-11-18T19:45:00+00:00,Non League Premier - Southern Central,Halesowen Town,Alvechurch,Over/Under Goals,Under 3.5,1.29,,,WON,
2025-11-18T19:45:00+00:00,Non League Premier - Southern Central,Leiston,Bishop's Stortford,Over/Under Goals,Over 2.5,1.62,,,LOST,
2025-11-18T19:45:00+00:00,Non League Premier - Southern Central,Needham Market,Royston Town,Over/Under Goals,Over 1.5,1.23,,,WON,
2025-11-18T19:45:00+00:00,Non League Premier - Southern Central,Quorn,Harborough Town,Over/Under Goals,Under 3.5,1.23,,,WON,
2025-11-18T19:45:00+00:00,Non League Premier - Southern Central,Spalding United,Kettering Town,Over/Under Goals,Over 1.5,1.18,,,WON,
2025-11-18T19:45:00+00:00,Non League Premier - Southern Central,Worcester City,Stourbridge,Over/Under Goals,Under 3.5,1.32,,,LOST,
2025-11-18T19:45:00+00:00,Non League Premier - Southern South,Basingstoke Town,Gloucester City,Over/Under Goals,Over 1.5,1.15,,,WON,
2025-11-18T19:45:00+00:00,Non League Premier - Southern South,Chertsey Town,Hanwell Town,Over/Under Goals,Under 3.5,1.3,,,WON,
2025-11-18T19:45:00+00:00,Non League Premier - Southern South,Dorchester Town,Plymouth Parkway,Team Total Goals,Under 2.5,1.22,,,WON,
2025-11-18T19:45:00+00:00,Non League Premier - Southern South,Farnham Town,Poole Town,Over/Under Goals,Over 1.5,1.17,,,WON,
2025-11-18T19:45:00+00:00,Non League Premier - Southern South,Hungerford Town,Evesham United,Double Chance,Draw/Away,1.62,,,WON,
2025-11-18T19:45:00+00:00,Non League Premier - Southern South,Weymouth,Taunton Town,Double Chance,Home/Draw,1.57,,,WON,
2025-11-18T22:00:00+00:00,Copa de la División Profesional,Nacional Potosí,Gualberto Villarroel SJ,Over/Under Goals,Under 3.5,1.55,,,WON,
2025-11-18T23:00:00+00:00,Reserve League,Unión Santa Fe Res.,Argentinos Juniors Res.,Double Chance,Draw/Away,1.62,,,WON,
2025-11-18T23:30:00+00:00,Primera A,Fortaleza FC,Deportes Tolima,Over/Under Goals,Over 1.5,1.4,,,LOST,
2025-11-18T23:30:00+00:00,Serie A,Botafogo,Sport Recife,Over/Under Goals,Under 3.5,1.48,,,LOST,
2025-11-19T00:00:00+00:00,Copa de la División Profesional,The Strongest,Guabirá,Over/Under Goals,Over 2.5,1.38,,,WON,
2025-11-19T00:00:00+00:00,Friendlies,USA,Uruguay,Over/Under Goals,Under 3.5,1.2,,,LOST,
2025-11-19T01:30:00+00:00,Friendlies,Colombia,Australia,Over/Under Goals,Under 3.5,1.36,,,WON,
2025-11-19T01:30:00+00:00,Friendlies,Ecuador,New Zealand,Over/Under Goals,Under 3.5,1.22,,,WON,
2025-11-19T01:30:00+00:00,Friendlies,Mexico,Paraguay,Double Chance,Draw/Away,1.57,,,WON,
2025-11-19T11:00:00+00:00,C-League,Dangkor Senchey,Svay Rieng,Over/Under Goals,Under 3.5,2.55,,,LOST,
2025-11-19T11:00:00+00:00,C-League,NagaWorld,Phnom Penh Crown,1X2 / Match Winner,Away,1.53,,,WON,
2025-11-19T12:00:00+00:00,AFC Women's Champions League,Melbourne City W,Hồ Chí Minh City W,1X2 / Match Winner,Home,1.2,,,WON,
2025-11-19T12:00:00+00:00,Asian Cup - Qualification,Laos,Vietnam,Over/Under Goals,Under 3.5,1.8,,,WON,
2025-11-19T12:00:00+00:00,Cup,Apolonia Fier,Lushnja,Double Chance,Home/Draw,1.15,,,WON,
2025-11-19T12:00:00+00:00,Cup,Besa Kavajë,FK Kukesi,Over/Under Goals,Under 3.5,1.44,,,LOST,
2025-11-19T12:00:00+00:00,Cup,Burreli,Kastrioti Krujë,Double Chance,Home/Draw,1.17,,,WON,
2025-11-19T12:00:00+00:00,Cup,Fiľakovo,AS Trencin,Over/Under Goals,Under 3.5,1.62,,,LOST,
2025-11-19T12:00:00+00:00,Cup,Pogradeci,Korabi Peshkopi,Over/Under Goals,Under 3.5,1.48,,,LOST,
2025-11-19T12:00:00+00:00,Cup,Shkendija,Tikveš,Over/Under Goals,Under 2.5,2.3,,,WON,
2025-11-19T12:00:00+00:00,Cup,Skenderbeu Korce,Iliria Fushë-Krujë,Over/Under Goals,Under 3.5,1.44,,,LOST,
2025-11-19T12:30:00+00:00,3. liga - CFL B,Sokol Zápy,Velké Hamry,1X2 / Match Winner,Home,1.46,,,WON,
2025-11-19T13:30:00+00:00,Coppa Italia Serie D,Asti,Pistoiese,Double Chance,Draw/Away,1.2,,,WON,
2025-11-19T13:30:00+00:00,Coppa Italia Serie D,Club Milano,Varesina,Double Chance,Draw/Away,1.62,,,LOST,
2025-11-19T14:00:00+00:00,Cup,Fužinar,Rače,Double Chance,Home/Draw,1.55,,,WON,
2025-11-19T15:00:00+00:00,Liga MX U21,Toluca U21,Cruz Azul U21,Double Chance,Draw/Away,1.65,,,WON,
2025-11-19T15:00:00+00:00,Liga MX U21,UNAM Pumas U21,Pachuca U21,Team Total Goals,Over 0.5,1.18,,,WON,
2025-11-19T15:00:00+00:00,Liga Revelação U23,Farense U23,Estrela U23,Asian Handicap,Home +0.25,1.42,,,WON,
2025-11-19T16:00:00+00:00,Segunda División RFEF - Group 5,CD Coria,Orihuela,Asian Handicap,Home +0.25,1.43,,,WON,
2025-11-19T16:15:00+00:00,Premier League,Chemal,Gendrim,Double Chance,Draw/Away,1.53,,,WON,
2025-11-19T17:45:00+00:00,UEFA Champions League Women,Juventus W,Lyon W,Over/Under Goals,Over 2.5,1.42,,,WON,
2025-11-19T17:45:00+00:00,UEFA Champions League Women,VfL Wolfsburg W,Manchester United W,Over/Under Goals,Over 2.5,1.65,,,WON,
2025-11-19T18:30:00+00:00,Copa do Brasil U20,IAPE U20,Novorizontino U20,Over/Under Goals,Under 3.5,1.32,,,WON,
2025-11-19T18:30:00+00:00,Copa do Brasil U20,São Paulo U20,Fortaleza U20,Over/Under Goals,Under 3.5,1.38,,,WON,
2025-11-19T19:00:00+00:00,Copa de la División Profesional,Blooming,Real Oruro,Over/Under Goals,Under 3.5,1.62,,,WON,
2025-11-19T19:45:00+00:00,Challenge Cup,Dumbarton,Stenhousemuir,Over/Under Goals,Over 1.5,1.18,,,WON,
2025-11-19T20:00:00+00:00,Football League - Highland League,Brechin,Keith,Over/Under Goals,Under 3.5,1.98,,,WON,
2025-11-19T20:00:00+00:00,Primera B,Huila,Cucuta,Over/Under Goals,Over 1.5,1.48,,,WON,
2025-11-19T20:00:00+00:00,Primera B,Internacional Palmira,Jaguares,Over/Under Goals,Under 3.5,1.2,,,LOST,
2025-11-19T20:00:00+00:00,Primera Division,Atletico Grau,Sporting Cristal,Over/Under Goals,Under 3.5,1.33,,,WON,
2025-11-19T20:00:00+00:00,UEFA Champions League Women,Arsenal W,Real Madrid W,Over/Under Goals,Over 1.5,1.17,,,WON,
2025-11-19T20:00:00+00:00,UEFA Champions League Women,Paris FC W,SL Benfica,Over/Under Goals,Under 3.5,1.5,,,WON,
2025-11-19T20:00:00+00:00,UEFA Champions League Women,Vålerenga W,St. Pölten W,Over/Under Goals,Under 3.5,1.83,,,LOST,
2025-11-19T22:30:00+00:00,Serie A,Palmeiras,Vitoria,Over/Under Goals,Under 3.5,1.45,,,WON,
2025-11-19T22:30:00+00:00,Serie B,Vila Nova,Volta Redonda,Double Chance,Home/Draw,1.16,,,WON,
2025-11-19T23:00:00+00:00,Copa de la División Profesional,San Antonio Bulo Bulo,Bolívar,Double Chance,Draw/Away,1.44,,,WON,
2025-11-19T23:00:00+00:00,Primera Division,Santiago Wanderers,Cobreloa,Over/Under Goals,Under 3.5,1.23,,,LOST,
2025-11-19T23:30:00+00:00,Primera A,Bucaramanga,Santa Fe,Over/Under Goals,Under 2.5,1.53,,,WON,
2025-11-20T00:30:00+00:00,Serie A,Fluminense,Flamengo,Over/Under Goals,Under 3.5,1.2,,,WON,
2025-11-20T00:30:00+00:00,Serie A,Gremio,Vasco DA Gama,Over/Under Goals,Under 3.5,1.33,,,WON,
2025-11-20T00:30:00+00:00,Serie A,Santos,Mirassol,Over/Under Goals,Over 1.5,1.33,,,WON,
2025-11-20T01:30:00+00:00,Primera A,Junior,Independiente Medellin,Double Chance,Draw/Away,1.6,,,LOST,
2025-11-20T02:00:00+00:00,Liga de Expansión MX,Monarcas,Irapuato,Double Chance,Home/Draw,1.4,,,WON,
2025-11-20T08:30:00+00:00,Liga 1,Persijap,Semen Padang,Over/Under Goals,Under 3.5,1.22,,,WON,
2025-11-20T10:00:00+00:00,Birinci Dasta,MOIK,Mingəçevir,Over/Under Goals,Under 3.5,1.25,,,WON,
2025-11-20T10:00:00+00:00,Birinci Dasta,Zaqatala,Şahdağ,Double Chance,Home/Draw,1.25,,,WON,
2025-11-20T10:30:00+00:00,Birinci Dasta,Cəbrayıl,Şimal,Over/Under Goals,Under 3.5,1.5,,,LOST,
2025-11-20T11:00:00+00:00,Super League,Surkhon,Olmaliq,1X2 / Match Winner,Draw,3.4,,,WON,
2025-11-20T12:00:00+00:00,1st League - RS,Drina Zvornik,Famos Vojkovići,Over/Under Goals,Under 3.5,1.35,,,LOST,
2025-11-20T12:00:00+00:00,Liga 1,Persija,Persik Kediri,Over/Under Goals,Over 1.5,1.21,,,WON,
2025-11-20T12:30:00+00:00,Second League,Aswan Sc,El Seka El Hadid,Over/Under Goals,Under 2.5,1.28,,,WON,
2025-11-20T12:30:00+00:00,Second League,Dayrout,Abu Qair Semad,Over/Under Goals,Under 2.5,1.4,,,WON,
2025-11-20T12:30:00+00:00,Second League,El Dakhleya,Olympic El Qanah,Over/Under Goals,Under 2.5,1.36,,,WON,
2025-11-20T12:30:00+00:00,Second League,La Viena FC,Asyut Petrol,Over/Under Goals,Under 2.5,1.22,,,LOST,
2025-11-20T12:30:00+00:00,Second League,Maleyet Kafr El Zayiat,Masar,Double Chance,Draw/Away,1.62,,,WON,
2025-11-20T12:30:00+00:00,Second League,Raya Ghazl,Baladiyyat Al Mehalla,BTTS,No,1.5,,,LOST,
2025-11-20T13:00:00+00:00,Ligue 1,Paradou AC,El Bayadh,Over/Under Goals,Under 2.5,1.42,,,WON,
2025-11-20T13:15:00+00:00,Super League,Pakhtakor,Nasaf,Over/Under Goals,Under 3.5,1.3,,,WON,
2025-11-20T15:30:00+00:00,Pro League,Khorfakkan,Shabab Al Ahli Dubai,Over/Under Goals,Under 3.5,1.42,,,WON,
2025-11-20T16:00:00+00:00,Liga 3,Shturmi,Borjomi,Over/Under Goals,Under 3.5,1.7,,,LOST,
2025-11-20T16:00:00+00:00,Virsliga,Grobiņa,JDFS Alberts,Double Chance,Draw/Away,1.44,,,WON,
2025-11-20T17:30:00+00:00,1. Division,Hobro,Hvidovre,Team Total Goals,Over 0.5,1.22,,,WON,
2025-11-20T17:30:00+00:00,Liga II,Concordia,Bihor Oradea,Over/Under Goals,Under 3.5,1.22,,,WON,
2025-11-20T17:30:00+00:00,UEFA Europa Cup - Women,Eintracht Frankfurt W,PSV/Eindhoven W,Team Total Goals,Under 2.5,1.83,,,LOST,
2025-11-20T17:45:00+00:00,UEFA Champions League Women,Twente W,Atletico Madrid W,Over/Under Goals,Over 1.5,1.2,,,WON,
2025-11-20T18:00:00+00:00,Ligue 1,MC Oran,ES Setif,Over/Under Goals,Under 3.5,1.17,,,WON,
2025-11-20T18:00:00+00:00,Superettan,Hammarby Talang,Orebro SK,Double Chance,Home/Draw,1.48,,,WON,
2025-11-20T18:00:00+00:00,Superettan,Norrby IF,Utsikten,Over/Under Goals,Over 1.5,1.28,,,WON,
2025-11-20T18:00:00+00:00,UEFA Europa Cup - Women,Hammarby,Ajax W,Asian Handicap,Home +1.25,1.15,,,WON,
2025-11-20T19:00:00+00:00,Serie A,Juventude,Cruzeiro,Over/Under Goals,Under 3.5,1.25,,,LOST,
2025-11-20T20:00:00+00:00,Copa Gaúcha,Aimoré,Pelotas,Double Chance,Draw/Away,1.48,,,WON,
2025-11-20T20:00:00+00:00,Division Profesional - Clausura,Sportivo Trinidense,Atlético Tembetary,BTTS,No,1.7,,,LOST,
2025-11-20T20:00:00+00:00,League One,Peterborough,Stockport County,Over/Under Goals,Over 1.5,1.28,,,WON,
2025-11-20T20:00:00+00:00,Primera B,Real Soacha,Popayan,Over/Under Goals,Under 3.5,1.22,,,WON,
2025-11-20T20:00:00+00:00,UEFA Champions League Women,Chelsea W,Barcelona W,1X2 / Match Winner,Away,1.62,,,LOST,
2025-11-20T20:00:00+00:00,UEFA Champions League Women,OH Leuven W,Roma W,Over/Under Goals,Over 2.5,1.57,,,LOST,
2025-11-20T20:00:00+00:00,UEFA Champions League Women,Paris Saint Germain W,Bayern Munich W,Over/Under Goals,Over 2.5,1.57,,,WON,
2025-11-20T21:00:00+00:00,Serie A,Bahia,Fortaleza EC,Over/Under Goals,Under 3.5,1.38,,,LOST,
2025-11-20T22:30:00+00:00,Division Profesional - Clausura,Nacional Asuncion,Sportivo Ameliano,Over/Under Goals,Over 1.5,1.4,,,WON,
2025-11-20T22:30:00+00:00,Serie A,Corinthians,Sao Paulo,Over/Under Goals,Under 3.5,1.18,,,LOST,
2025-11-21T00:30:00+00:00,Primera A,Atletico Nacional,America de Cali,Over/Under Goals,Over 1.5,1.33,,,LOST,
2025-11-21T00:30:00+00:00,Serie A,Ceara,Internacional,Over/Under Goals,Under 3.5,1.18,,,WON,
2025-11-21T01:00:00+00:00,Liga MX,Pachuca,U.N.A.M. - Pumas,Team Total Goals,Over 0.5,1.4,,,WON,
2025-11-21T01:00:00+00:00,Liga Nacional,CD Motagua,Olancho,Double Chance,Home/Draw,1.22,,,WON,
2025-11-21T02:00:00+00:00,Liga MX Femenil,América W,Tigres UANL W,Over/Under Goals,Under 3.5,1.42,,,LOST,
2025-11-21T02:00:00+00:00,Liga de Expansión MX,Tepatitlán,CDS Tampico Madero,Over/Under Goals,Under 3.5,1.33,,,WON,
2025-11-21T02:00:00+00:00,Primera División,LD Alajuelense,CS Cartagines,Over/Under Goals,Under 2.5,1.67,,,WON,
2025-11-21T03:00:00+00:00,Liga MX,Club Tijuana,FC Juarez,Over/Under Goals,Over 1.5,1.2,,,WON,
2025-11-21T08:30:00+00:00,Liga 1,PSM Makassar,PSBS Biak Numfor,Over/Under Goals,Under 3.5,1.29,,,LOST,
2025-11-21T08:35:00+00:00,A-League,Adelaide United,Melbourne City,Over/Under Goals,Under 3.5,1.48,,,LOST,
2025-11-21T10:00:00+00:00,Erovnuli Liga 2,Meshakhte,Saburtalo II,Over/Under Goals,Under 3.5,1.22,,,WON,
2025-11-21T10:00:00+00:00,Erovnuli Liga,Kolkheti Poti,Saburtalo,1X2 / Match Winner,Away,1.34,,,WON,
2025-11-21T10:00:00+00:00,Premier League,Welwalo Adigrat Uni,Awassa Kenema,1X2 / Match Winner,Away,1.53,,,WON,
2025-11-21T10:00:00+00:00,Premyer Liqa,Karvan,Kapaz,Double Chance,Home/Draw,1.53,,,LOST,
2025-11-21T10:30:00+00:00,Birinci Dasta,Baku Sportinq,Səbail,1X2 / Match Winner,Draw,3.75,,,WON,
2025-11-21T11:00:00+00:00,Hazfi Cup,Mes Kerman,Sepahan FC,Over/Under Goals,Under 2.5,1.4,,,WON,
2025-11-21T12:00:00+00:00,2. liga,Púchov,Malženice,Over/Under Goals,Under 3.5,1.37,,,LOST,
2025-11-21T12:00:00+00:00,First League,Makedonija GjP,Sileks,Over/Under Goals,Under 3.5,1.76,,,WON,
2025-11-21T12:00:00+00:00,III Liga - Group 3,Pawłowice Śląskie,Górnik Zabrze II,Double Chance,Home/Draw,1.64,,,LOST,
2025-11-21T12:00:00+00:00,Liga 1,Persib Bandung,Dewa United,Over/Under Goals,Under 3.5,1.37,,,WON,
2025-11-21T12:00:00+00:00,Premier League,Ethiopia Bunna,Ethiopian Medhin,BTTS,No,1.44,,,LOST,
2025-11-21T12:00:00+00:00,Thai League 2,Khon Kaen United,Rasi Salai United,Over/Under Goals,Over 1.5,1.16,,,LOST,
2025-11-21T12:25:00+00:00,Division 1,Al Jandal,Al Baten,Double Chance,Home/Draw,1.4,,,WON,
2025-11-21T12:40:00+00:00,Pro League,Al Nasr,Al-Dhafra,Over/Under Goals,Under 3.5,1.42,,,WON,
2025-11-21T12:40:00+00:00,Pro League,Dibba Al-Fujairah,Al Wahda FC,1X2 / Match Winner,Away,1.49,,,LOST,
2025-11-21T13:00:00+00:00,CAF Women's Champions League,TP Mazembe W,Masar W,1X2 / Match Winner,Home,1.6,,,WON,
2025-11-21T13:00:00+00:00,Erovnuli Liga 2,Lokomotivi Tbilisi,Sioni,Over/Under Goals,Under 2.5,1.7,,,LOST,
2025-11-21T13:00:00+00:00,Hazfi Cup,Shams Azar Qazvin,Niroye Zamini,BTTS,No,1.57,,,LOST,
2025-11-21T13:00:00+00:00,Ligue A,Inter Star,Aigle Noir,Over/Under Goals,Over 1.5,1.19,,,WON,
2025-11-21T13:00:00+00:00,Premier League,Ethiopia Nigd Bank,Welayta Dicha,Double Chance,Home/Draw,1.4,,,WON,
2025-11-21T13:00:00+00:00,Second League,Pirin Blagoevgrad,Fratria,Over/Under Goals,Under 3.5,1.25,,,WON,
2025-11-21T13:00:00+00:00,Super League,NAPSA Stars,Nkwazi,Asian Handicap,Home +0.25,1.45,,,WON,
2025-11-21T13:30:00+00:00,Premier League,SK Poltava,LNZ Cherkasy,Over/Under Goals,Over 1.5,1.25,,,WON,
2025-11-21T13:45:00+00:00,Ligue 1,Oued Akbou,ASO Chlef,Asian Handicap,Away -1.25,1.5,,,WON,
2025-11-21T14:00:00+00:00,Erovnuli Liga 2,Dinamo Tbilisi II,Samtredia,Over/Under Goals,Under 3.5,1.3,,,WON,
2025-11-21T14:00:00+00:00,Erovnuli Liga 2,Spaeri,Rustavi,Over/Under Goals,Under 2.5,1.6,,,LOST,
2025-11-21T14:00:00+00:00,First League,Volga Ulyanovsk,Torpedo Moskva,Over/Under Goals,Under 3.5,1.22,,,WON,
2025-11-21T14:00:00+00:00,Super Liga,Radnik Surdulica,Vojvodina,Over/Under Goals,Over 1.5,1.33,,,WON,
2025-11-21T14:30:00+00:00,Division 1,Al-Adalah,Al Bukayriyah,Over/Under Goals,Under 2.5,1.62,,,LOST,
2025-11-21T14:30:00+00:00,Stars League,Al-Duhail SC,Al Ahli Doha,Double Chance,Home/Draw,1.15,,,LOST,
2025-11-21T14:50:00+00:00,Pro League,Al Kholood,Al-Hazm,Team Total Goals,Over 0.5,1.17,,,WON,
2025-11-21T15:00:00+00:00,Erovnuli Liga,Gareji,Telavi,Double Chance,Home/Draw,1.18,,,WON,
2025-11-21T15:00:00+00:00,Premijer Liga,Radnik Bijeljina,Zrinjski,Over/Under Goals,Under 3.5,1.2,,,WON,
2025-11-21T15:00:00+00:00,Premyer Liqa,Sumqayıt,Qarabag,Over/Under Goals,Under 3.5,1.35,,,LOST,
2025-11-21T15:30:00+00:00,Liga I,Csikszereda,Unirea Slobozia,Over/Under Goals,Under 3.5,1.2,,,WON,
2025-11-21T15:30:00+00:00,Premier League,Akron,FC Sochi,Over/Under Goals,Under 3.5,1.36,,,LOST,
2025-11-21T15:30:00+00:00,Pro League,Sharjah FC,Baniyas SC,Over/Under Goals,Under 3.5,1.42,,,LOST,
2025-11-21T15:45:00+00:00,First League,Beroe,Spartak Varna,Team Total Goals,Over 0.5,1.44,,,LOST,
2025-11-21T16:00:00+00:00,2. SNL,Krka,Tabor Sežana,Over/Under Goals,Over 1.5,1.3,,,WON,
2025-11-21T16:00:00+00:00,Erovnuli Liga,Dinamo Batumi,Dila,1X2 / Match Winner,Away,1.55,,,WON,
2025-11-21T16:00:00+00:00,II Liga - East,ŁKS Łódź II,Hutnik Kraków,Over/Under Goals,Under 3.5,1.33,,,WON,
2025-11-21T16:00:00+00:00,Premier League,Kedus Giorgis,Hadiya Hosaena,BTTS,No,1.57,,,WON,
2025-11-21T16:15:00+00:00,Premier League,Nouakchott King's,Tevragh-Zeïne,Double Chance,Draw/Away,1.6,,,WON,
2025-11-21T16:30:00+00:00,2. SNL,Brinje-Grosuplje,Beltinci,Over/Under Goals,Under 3.5,1.38,,,WON,
2025-11-21T16:30:00+00:00,2. SNL,Rudar,Bistrica,Over/Under Goals,Under 3.5,1.33,,,WON,
2025-11-21T17:00:00+00:00,1. Division,Pafos,Aris,Over/Under Goals,Under 3.5,1.33,,,WON,
2025-11-21T17:00:00+00:00,3. liga - CFL A,Písek,Bohemians 1905 II,Team Total Goals,Over 0.5,1.35,,,LOST,
2025-11-21T17:00:00+00:00,CAF Women's Champions League,FAR Rabat W,ASEC Mimosas W,Double Chance,Draw/Away,1.73,,,LOST,
2025-11-21T17:00:00+00:00,Ekstraklasa,Nieciecza,Arka Gdynia,Over/Under Goals,Over 1.5,1.25,,,WON,
2025-11-21T17:00:00+00:00,I Liga,Puszcza Niepołomice,Miedz Legnica,Asian Handicap,Home +0,1.67,,,LOST,
2025-11-21T17:00:00+00:00,II Liga - East,Zaglebie Sosnowiec,Sokół Kleczew,Over/Under Goals,Under 3.5,1.35,,,WON,
2025-11-21T17:00:00+00:00,Prva HNL,NK Slaven Belupo,Vukovar,Asian Handicap,Away -1.25,1.5,,,LOST,
2025-11-21T17:00:00+00:00,Shield Cup,Al Salt,Al Faisaly,Over/Under Goals,Under 3.5,1.3,,,WON,
2025-11-21T17:30:00+00:00,Bundesliga 2,Hertha BSC,Eintracht Braunschweig,1X2 / Match Winner,Home,1.57,,,WON,
2025-11-21T17:30:00+00:00,Bundesliga 2,VfL Bochum,Dynamo Dresden,Over/Under Goals,Over 1.5,1.2,,,WON,
2025-11-21T17:30:00+00:00,Pro League,Al-Ahli Jeddah,Al-Qadisiyah FC,Over/Under Goals,Under 3.5,1.4,,,WON,
2025-11-21T17:30:00+00:00,Regionalliga - Ost,Parndorf,Donau,Double Chance,Draw/Away,1.67,,,LOST,
2025-11-21T18:00:00+00:00,1. Division,Lyngby,Esbjerg,Over/Under Goals,Over 1.5,1.18,,,WON,
2025-11-21T18:00:00+00:00,3. Liga,Hoffenheim II,MSV Duisburg,Over/Under Goals,Under 3.5,1.5,,,LOST,
2025-11-21T18:00:00+00:00,Eliteserien,KFUM Oslo,Bodo/Glimt,Over/Under Goals,Over 1.5,1.2,,,WON,
2025-11-21T18:00:00+00:00,National 2 - Group A,La Roche VF,Saint-Malo,Over/Under Goals,Under 3.5,1.23,,,LOST,
2025-11-21T18:00:00+00:00,Primera División RFEF - Group 2,Villarreal II,Gimnastic,Over/Under Goals,Under 3.5,1.25,,,WON,
2025-11-21T18:00:00+00:00,Regionalliga - Bayern,Buchbach,Bayern München II,BTTS,Yes,1.4,,,WON,
2025-11-21T18:00:00+00:00,Regionalliga - Nordost,Eilenburg,BSG Chemie Leipzig,Over/Under Goals,Under 3.5,1.36,,,WON,
2025-11-21T18:00:00+00:00,Regionalliga - Nordost,Lokomotive Leipzig,Greifswalder FC,Over/Under Goals,Under 3.5,1.5,,,WON,
2025-11-21T18:00:00+00:00,Regionalliga - Ost,Wiener SC,Gloggnitz,Over/Under Goals,Under 3.5,1.4,,,LOST,
2025-11-21T18:00:00+00:00,Regionalliga - SudWest,Eintracht Trier,TSV Steinbach,Over/Under Goals,Under 3.5,1.73,,,WON,
2025-11-21T18:00:00+00:00,Regionalliga - SudWest,FSV Frankfurt,SV Sandhausen,Over/Under Goals,Under 3.5,1.73,,,WON,
2025-11-21T18:00:00+00:00,Superligaen,Silkeborg,Aarhus,Over/Under Goals,Over 1.5,1.18,,,WON,
2025-11-21T18:10:00+00:00,Regionalliga - Ost,Favoritner AC,Retz,Over/Under Goals,Under 3.5,1.34,,,LOST,
2025-11-21T18:30:00+00:00,Challenge League,FC WIL 1900,Yverdon Sport,Over/Under Goals,Under 3.5,1.4,,,LOST,
2025-11-21T18:30:00+00:00,Liga I,Arges Pitesti,Universitatea Craiova,Over/Under Goals,Under 3.5,1.22,,,WON,
2025-11-21T18:30:00+00:00,National 1,Caen,Bourg-en-bresse 01,Over/Under Goals,Under 3.5,1.25,,,WON,
2025-11-21T18:30:00+00:00,National 1,Chateauroux,Versailles,Over/Under Goals,Under 3.5,1.22,,,LOST,
2025-11-21T18:30:00+00:00,National 1,Gobelins,Villefranche,1X2 / Match Winner,Draw,3.3,,,LOST,
2025-11-21T18:30:00+00:00,National 1,Le Puy Foot,Quevilly,Over/Under Goals,Under 3.5,1.25,,,WON,
2025-11-21T18:30:00+00:00,National 1,Orleans,Aubagne,Over/Under Goals,Under 3.5,1.33,,,LOST,
2025-11-21T18:30:00+00:00,National 1,Rouen,Concarneau,Over/Under Goals,Under 3.5,1.25,,,WON,
2025-11-21T18:30:00+00:00,National 1,Sochaux,Dijon,Over/Under Goals,Under 2.5,1.53,,,WON,
2025-11-21T18:30:00+00:00,National 1,Valenciennes,Fleury 91,Over/Under Goals,Under 3.5,1.28,,,WON,
2025-11-21T18:30:00+00:00,Regionalliga - Nord,Hannover 96 II,BW Lohne,Asian Handicap,Away -1.25,1.4,,,LOST,
2025-11-21T18:30:00+00:00,Regionalliga - Ost,Krems / Rehberg,Oberwart,Double Chance,Draw/Away,1.6,,,WON,
2025-11-21T18:30:00+00:00,Regionalliga - Ost,SV Horn,TWL Elektra,Over/Under Goals,Under 3.5,1.8,,,LOST,
2025-11-21T18:30:00+00:00,Regionalliga - Ost,Traiskirchen,Leobendorf,Double Chance,Draw/Away,1.6,,,WON,
2025-11-21T19:00:00+00:00,Challenger Pro League,Francs Borains,Liège,Double Chance,Home/Draw,1.45,,,WON,
2025-11-21T19:00:00+00:00,Challenger Pro League,SK Beveren,AS Eupen,Over/Under Goals,Under 3.5,1.36,,,WON,
2025-11-21T19:00:00+00:00,Eerste Divisie,Cambuur,ADO Den Haag,Over/Under Goals,Over 2.5,1.53,,,LOST,
2025-11-21T19:00:00+00:00,Eerste Divisie,De Graafschap,Helmond Sport,Over/Under Goals,Over 2.5,1.38,,,WON,
2025-11-21T19:00:00+00:00,Eerste Divisie,Den Bosch,Almere City FC,Double Chance,Draw/Away,1.42,,,LOST,
2025-11-21T19:00:00+00:00,Eerste Divisie,Dordrecht,Vitesse,Over/Under Goals,Under 3.5,1.55,,,WON,
2025-11-21T19:00:00+00:00,Eerste Divisie,FC OSS,Waalwijk,Over/Under Goals,Over 2.5,1.57,,,LOST,
2025-11-21T19:00:00+00:00,Eerste Divisie,Jong Ajax,FC Eindhoven,Over/Under Goals,Under 3.5,1.57,,,LOST,
2025-11-21T19:00:00+00:00,Eerste Divisie,Jong PSV U21,Jong Utrecht,Team Total Goals,Under 2.5,1.45,,,LOST,
2025-11-21T19:00:00+00:00,Eerste Divisie,MVV,Jong AZ,Over/Under Goals,Over 1.5,1.15,,,WON,
2025-11-21T19:00:00+00:00,Eerste Divisie,VVV Venlo,Willem II,Over/Under Goals,Under 3.5,1.53,,,WON,
2025-11-21T19:00:00+00:00,Ligue 2,Annecy,Bastia,Over/Under Goals,Under 3.5,1.17,,,WON,
2025-11-21T19:00:00+00:00,Ligue 2,Boulogne,Grenoble,Over/Under Goals,Over 1.5,1.36,,,WON,
2025-11-21T19:00:00+00:00,Ligue 2,Laval,Estac Troyes,Over/Under Goals,Under 3.5,1.2,,,WON,
2025-11-21T19:00:00+00:00,Ligue 2,PAU,Le Mans,Over/Under Goals,Under 3.5,1.3,,,WON,
2025-11-21T19:00:00+00:00,Ligue 2,Rodez,Dunkerque,Over/Under Goals,Over 1.5,1.28,,,WON,
2025-11-21T19:00:00+00:00,NB I,Gyori ETO FC,Zalaegerszegi TE,Over/Under Goals,Under 3.5,1.55,,,WON,
2025-11-21T19:00:00+00:00,Premier League Cup,Derby County U21,Stoke City U21,BTTS,Yes,1.4,,,WON,
2025-11-21T19:00:00+00:00,Premier League Cup,Hull City U21,Reading U21,Double Chance,Home/Draw,1.62,,,LOST,
2025-11-21T19:00:00+00:00,Premier League Cup,Leicester City U21,Ipswich Town U21,Double Chance,Home/Draw,1.44,,,LOST,
2025-11-21T19:00:00+00:00,Premier League Cup,Swansea City U21,Millwall U21,Over/Under Goals,Over 2.5,1.33,,,WON,
2025-11-21T19:00:00+00:00,Premier League Cup,Watford U21,Blackburn Rovers U21,Double Chance,Home/Draw,1.4,,,WON,
2025-11-21T19:00:00+00:00,Premier League International Cup,Newcastle United U21,Paris Saint-Germain U21,Double Chance,Home/Draw,1.62,,,LOST,
2025-11-21T19:15:00+00:00,Challenge League,Bellinzona,FC Vaduz,Over/Under Goals,Under 3.5,1.44,,,WON,
2025-11-21T19:15:00+00:00,Challenge League,Étoile Carouge,Rapperswil,Over/Under Goals,Under 3.5,1.36,,,WON,
2025-11-21T19:20:00+00:00,Regionalliga - Nordost,FC Carl Zeiss Jena,Hallescher FC,1X2 / Match Winner,Home,1.55,,,LOST,
2025-11-21T19:30:00+00:00,Bundesliga 1,FSV Mainz 05,1899 Hoffenheim,Over/Under Goals,Over 1.5,1.2,,,WON,
2025-11-21T19:30:00+00:00,Ekstraklasa,Gornik Zabrze,Wisla Plock,Double Chance,Home/Draw,1.15,,,WON,
2025-11-21T19:30:00+00:00,Erste Liga,First Vienna,Rapid Wien II,Over/Under Goals,Under 3.5,1.42,,,WON,
2025-11-21T19:30:00+00:00,I Liga,Pogoń Grod. Mazowiecki,Slask Wroclaw,Over/Under Goals,Over 1.5,1.2,,,WON,
2025-11-21T19:30:00+00:00,Reserve Pro League,Kortrijk U21,Waasland-Beveren U21,Double Chance,Draw/Away,1.67,,,WON,
2025-11-21T19:30:00+00:00,Segunda Division,Las Palmas,Albacete,Team Total Goals,Over 0.5,1.57,,,WON,
2025-11-21T19:30:00+00:00,Serie B,Catanzaro,Pescara,Over/Under Goals,Under 3.5,1.28,,,LOST,
2025-11-21T19:30:00+00:00,Serie C - Girone A,Pro Patria,Pergolettese,Over/Under Goals,Under 3.5,1.17,,,LOST,
2025-11-21T19:30:00+00:00,Serie C - Girone B,Bra,Pontedera,Over/Under Goals,Under 3.5,1.22,,,WON,
2025-11-21T19:30:00+00:00,Serie C - Girone C,Audace Cerignola,Crotone,Over/Under Goals,Under 3.5,1.38,,,WON,
2025-11-21T19:45:00+00:00,FAW Championship,Ruthin Town,Brickfield Rangers,Asian Handicap,Home +0.25,1.42,,,LOST,
2025-11-21T19:45:00+00:00,Football League - Lowland League,Cumbernauld Colts,Bo'ness United,BTTS,Yes,1.41,,,WON,
2025-11-21T19:45:00+00:00,Jupiler Pro League,Standard Liege,Zulte Waregem,Over/Under Goals,Under 3.5,1.36,,,WON,
2025-11-21T19:45:00+00:00,Ligue 1,Nice,Marseille,Over/Under Goals,Over 1.5,1.22,,,WON,
2025-11-21T19:45:00+00:00,Premiership,Glentoran,Dungannon Swifts,Over/Under Goals,Under 3.5,1.36,,,WON,
2025-11-21T20:00:00+00:00,Championship,Preston,Blackburn,Over/Under Goals,Over 1.5,1.44,,,WON,
2025-11-21T20:00:00+00:00,Division Profesional - Clausura,Sportivo Luqueno,Olimpia,Asian Handicap,Home +1.25,1.42,,,LOST,
2025-11-21T20:00:00+00:00,La Liga,Valencia,Levante,1X2 / Match Winner,Draw,3.52,,,LOST,
2025-11-21T20:00:00+00:00,Premiership,Larne,Glenavon FC,Over/Under Goals,Under 3.5,1.44,,,WON,
2025-11-21T20:15:00+00:00,Primera División RFEF - Group 1,Unionistas de Salamanca,Real Madrid II,Over/Under Goals,Under 3.5,1.17,,,WON,
2025-11-21T20:30:00+00:00,Taça de Portugal,Atlético CP,Benfica,Over/Under Goals,Under 3.5,1.62,,,WON,
2025-11-21T21:30:00+00:00,Liga Pro,Universidad Catolica,Libertad,Over/Under Goals,Under 3.5,1.57,,,WON,
2025-11-21T21:30:00+00:00,Primera División,Gualberto Villarroel SJ,Aurora,Over/Under Goals,Under 3.5,1.5,,,LOST,
2025-11-21T22:00:00+00:00,Segunda División,Provincial Ovalle,Municipal Salamanca,Over/Under Goals,Under 3.5,1.25,,,WON,
2025-11-21T22:30:00+00:00,Division Profesional - Clausura,2 de Mayo,Deportivo Recoleta,Asian Handicap,Home +0.25,1.42,,,LOST,
2025-11-21T23:00:00+00:00,Primera Division,A. Italiano,Everton de Vina,Double Chance,Draw/Away,1.57,,,LOST,
2025-11-21T23:00:00+00:00,Primera Division,Deportes Iquique,Cobresal,Over/Under Goals,Over 2.5,1.65,,,WON,
2025-11-21T23:00:00+00:00,Primera Division,Deportes Limache,Union Espanola,Asian Handicap,Home +0,1.7,,,WON,
2025-11-21T23:05:00+00:00,Primera B Metropolitana,Excursionistas,Argentino de Merlo,Double Chance,Draw/Away,1.57,,,WON,
2025-11-21T23:30:00+00:00,Primera División,Independiente Petrolero,ABB,Over/Under Goals,Over 1.5,1.15,,,WON,
2025-11-22T00:00:00+00:00,Liga Premier Serie A,Tecos,Colima,Over/Under Goals,Under 3.5,2.1,,,LOST,
2025-11-22T00:00:00+00:00,Liga Pro,Deportivo Cuenca,El Nacional,Over/Under Goals,Under 3.5,1.28,,,LOST,
2025-11-22T00:00:00+00:00,USL Super League,DC Power W,Carolina Ascent W,Double Chance,Home/Draw,1.7,,,LOST,
2025-11-22T01:35:00+00:00,Australian Championship,Avondale,Moreton City Excelsior,BTTS,Yes,1.53,,,WON,
2025-11-22T03:00:00+00:00,Liga Premier Serie A,Tigres de Alica,Los Cabos United,Team Total Goals,Over 0.5,1.18,,,WON,
2025-11-22T04:00:00+00:00,A-League,Wellington Phoenix,Macarthur,Over/Under Goals,Over 1.5,1.22,,,LOST,
2025-11-22T04:35:00+00:00,Australian Championship,Heidelberg United,MetroStars,Over/Under Goals,Under 3.5,1.4,,,LOST,
2025-11-22T05:00:00+00:00,Emperor Cup,Machida Zelvia,Vissel Kobe,Over/Under Goals,Under 3.5,1.17,,,LOST,
2025-11-22T05:00:00+00:00,K-League Classic,Daejeon Citizen,Gangwon FC,Over/Under Goals,Under 3.5,1.33,,,WON,
2025-11-22T05:00:00+00:00,K-League Classic,FC Anyang,Suwon City FC,Over/Under Goals,Under 2.5,2.05,,,WON,
2025-11-22T05:00:00+00:00,K-League Classic,FC Seoul,Gimcheon Sangmu FC,Over/Under Goals,Under 3.5,1.4,,,LOST,
2025-11-22T05:00:00+00:00,K3 League,Mokpo City,Namyangju,Double Chance,Draw/Away,1.62,,,LOST,
2025-11-22T06:00:00+00:00,A-League,Western Sydney Wanderers,Central Coast Mariners,Over/Under Goals,Under 3.5,1.55,,,LOST,
2025-11-22T07:00:00+00:00,Premier League,Southern District,Kowloon City,Asian Handicap,Home +0.25,1.45,,,WON,
2025-11-22T07:00:00+00:00,Premier League,Wofoo Tai Po,Eastern District,Over/Under Goals,Under 3.5,1.57,,,WON,
2025-11-22T07:30:00+00:00,K-League Classic,Gwangju FC,Ulsan Hyundai FC,Over/Under Goals,Under 3.5,1.28,,,WON,
2025-11-22T07:30:00+00:00,K-League Classic,Pohang Steelers,Jeonbuk Motors,Over/Under Goals,Under 3.5,1.33,,,WON,
2025-11-22T07:30:00+00:00,Super League,Beijing Guoan,Meizhou Kejia,Over/Under Goals,Over 2.5,1.25,,,WON,
2025-11-22T07:30:00+00:00,Super League,Hangzhou Greentown,Qingdao Jonoon,Over/Under Goals,Over 2.5,1.65,,,WON,
2025-11-22T07:30:00+00:00,Super League,Henan Jianye,Yunnan Yukun,Double Chance,Home/Draw,1.15,,,WON,
2025-11-22T07:30:00+00:00,Super League,Qingdao Youth Island,Changchun Yatai,1X2 / Match Winner,Home,1.55,,,WON,
2025-11-22T07:30:00+00:00,Super League,Sichuan Jiuniu,Chengdu Better City,Over/Under Goals,Under 3.5,1.53,,,WON,
2025-11-22T07:30:00+00:00,Super League,Tianjin Teda,Shanghai Shenhua,Over/Under Goals,Under 3.5,1.53,,,LOST,
2025-11-22T07:30:00+00:00,Super League,Wuhan Three Towns,Shandong Luneng,Double Chance,Draw/Away,1.15,,,WON,
2025-11-22T08:30:00+00:00,Liga 1,PSIM Yogyakarta,Bhayangkara FC,Double Chance,Draw/Away,1.5,,,LOST,
2025-11-22T08:30:00+00:00,Liga 1,Persebaya Surabaya,Arema FC,1X2 / Match Winner,Draw,3.25,,,WON,
2025-11-22T08:35:00+00:00,A-League,Sydney,Melbourne Victory,Over/Under Goals,Under 3.5,1.57,,,WON,
2025-11-22T09:00:00+00:00,3. liga - CFL B,Kolín,Benátky nad Jizerou,Double Chance,Draw/Away,1.67,,,WON,
2025-11-22T09:00:00+00:00,Liga II,Ceahlăul Piatra Neamţ,Muscelul Câmpulung Elite,Over/Under Goals,Under 3.5,1.5,,,WON,
2025-11-22T09:00:00+00:00,Liga II,FC Bacau,Dumbrăviţa,Over/Under Goals,Under 3.5,1.3,,,WON,
2025-11-22T09:00:00+00:00,Liga II,FC Voluntari,Viitorul Şelimbăr,Over/Under Goals,Under 3.5,1.28,,,WON,
2025-11-22T09:00:00+00:00,Liga II,Gloria Bistriţa,CSM Satu Mare,Over/Under Goals,Under 3.5,1.33,,,WON,
2025-11-22T09:00:00+00:00,Liga II,Metalul Buzău,CSA Steaua Bucureşti,Over/Under Goals,Under 3.5,1.25,,,WON,
2025-11-22T09:00:00+00:00,Liga II,Tunari,ASA Targu Mures,Over/Under Goals,Under 3.5,1.36,,,WON,
2025-11-22T09:00:00+00:00,Super League,Negeri Sembilan,Terengganu,Double Chance,Home/Draw,1.62,,,WON,
2025-11-22T09:00:00+00:00,Super League,Sogdiana,Bunyodkor,Team Total Goals,Over 0.5,1.17,,,LOST,
2025-11-22T09:15:00+00:00,3. liga - CFL A,Loko Vltavín,Králův Dvůr,Asian Handicap,Home +0,1.64,,,WON,
2025-11-22T09:15:00+00:00,3. liga - CFL A,Motorlet Praha,Viktoria Plzeň II,Over/Under Goals,Under 3.5,1.39,,,LOST,
2025-11-22T09:15:00+00:00,3. liga - CFL A,Petřín Plzeň,Kladno,1X2 / Match Winner,Away,1.23,,,WON,
2025-11-22T09:15:00+00:00,3. liga - CFL B,Hradec Králové II,Ústí nad Orlicí,Over/Under Goals,Over 1.5,1.24,,,WON,
2025-11-22T09:15:00+00:00,3. liga - CFL B,Jablonec II,Sokol Brozany,1X2 / Match Winner,Home,1.56,,,LOST,
2025-11-22T10:00:00+00:00,1. Liga U19,Slavia Praha U19,Zbrojovka Brno U19,1X2 / Match Winner,Home,1.4,,,LOST,
2025-11-22T10:00:00+00:00,3. liga - CFL B,Mladá Boleslav II,Sokol Zápy,Over/Under Goals,Under 3.5,1.3,,,WON,
2025-11-22T10:00:00+00:00,Campionato Primavera - 2,Ascoli U19,Crotone U19,Over/Under Goals,Under 3.5,1.65,,,LOST,
2025-11-22T10:00:00+00:00,First League,Arda Kardzhali,CSKA 1948,Over/Under Goals,Under 3.5,1.25,,,WON,
2025-11-22T10:00:00+00:00,Premier League,Suhul Shire,Mekelakeya,1X2 / Match Winner,Away,1.7,,,LOST,
2025-11-22T10:00:00+00:00,Super League,Mombasa Elite,Equity Bank,Double Chance,Home/Draw,1.17,,,WON,
2025-11-22T10:30:00+00:00,Campionato Primavera - 2,Pisa U19,Benevento U19,Over/Under Goals,Under 3.5,1.43,,,LOST,
2025-11-22T10:30:00+00:00,First League,Ural,Spartak Kostroma,Over/Under Goals,Under 3.5,1.17,,,WON,
2025-11-22T10:30:00+00:00,Liga II,Slatina,Corvinul Hunedoara,Over/Under Goals,Under 3.5,1.22,,,WON,
2025-11-22T10:30:00+00:00,Meistriliiga,Viimsi,Kuressaare,Over/Under Goals,Under 3.5,1.41,,,WON,
2025-11-22T10:30:00+00:00,TFF 1. Lig,Bandırmaspor,Yeni Çorumspor,Team Total Goals,Over 0.5,1.25,,,LOST,
2025-11-22T10:30:00+00:00,TFF 1. Lig,Hatayspor,Pendikspor,Over/Under Goals,Under 3.5,1.57,,,WON,
2025-11-22T11:00:00+00:00,Central Youth League,Odra Opole U19,Arkonia U19,Double Chance,Draw/Away,1.4,,,WON,
2025-11-22T11:00:00+00:00,FKF Premier League,Mara Sugar,KCB,Asian Handicap,Home +0.25,1.42,,,LOST,
2025-11-22T11:00:00+00:00,Frauen Bundesliga,SC Freiburg W,Carl Zeiss Jena  W,Over/Under Goals,Over 1.5,1.18,,,WON,
2025-11-22T11:00:00+00:00,Frauenliga,LASK,Neulengbach W,Asian Handicap,Away -0.5,1.98,,,WON,
2025-11-22T11:00:00+00:00,III Liga - Group 3,Miedź Legnica II,Polonia Nysa,Double Chance,Draw/Away,1.5,,,LOST,
2025-11-22T11:00:00+00:00,Premier League,Arsenal,FC Slutsk,Over/Under Goals,Under 3.5,1.17,,,WON,
2025-11-22T11:00:00+00:00,Premier League,FC Orenburg,Baltika,Over/Under Goals,Under 2.5,1.67,,,WON,
2025-11-22T11:00:00+00:00,Premier League,Karpaty,Metalist 1925 Kharkiv,Over/Under Goals,Under 3.5,1.16,,,WON,
2025-11-22T11:00:00+00:00,Premier League,Neman,FC Vitebsk,Team Total Goals,Under 2.5,1.25,,,LOST,
2025-11-22T11:00:00+00:00,Premyer Liqa,Araz,Turan,Over/Under Goals,Over 1.5,1.54,,,WON,
2025-11-22T11:00:00+00:00,Primera División Femenina,Granada,Athletic Club W,Double Chance,Draw/Away,1.5,,,WON,
2025-11-22T11:00:00+00:00,Primera División Femenina,Sevilla W,Deportivo de La Coruña W,Over/Under Goals,Under 3.5,1.36,,,LOST,
2025-11-22T11:00:00+00:00,Super Liga,Politehnica UTM,CSF Bălți,Over/Under Goals,Under 3.5,1.53,,,LOST,
2025-11-22T11:00:00+00:00,Thai League 1,Port FC,Chiangrai United,Over/Under Goals,Under 3.5,1.5,,,WON,
2025-11-22T11:15:00+00:00,Super League,Neftchi,Qizilqum,Over/Under Goals,Under 3.5,1.26,,,LOST,
2025-11-22T11:30:00+00:00,II Liga - East,Kalisz,Świt Skolwin,Double Chance,Draw/Away,1.4,,,WON,
2025-11-22T11:30:00+00:00,Serie A Women,Genoa W,Napoli W,Team Total Goals,Under 2.5,1.2,,,LOST,
2025-11-22T11:30:00+00:00,Super Lig,Kayserispor,Gazişehir Gaziantep,Over/Under Goals,Over 1.5,1.22,,,WON,
2025-11-22T11:30:00+00:00,Thai League 1,Bangkok United,Prachuap,1X2 / Match Winner,Draw,4.23,,,LOST,
2025-11-22T11:45:00+00:00,First NL,Dubrava Zagreb,Rudes,Over/Under Goals,Under 2.5,1.53,,,LOST,
2025-11-22T12:00:00+00:00,1. Division,Middelfart,B 93,Over/Under Goals,Under 3.5,1.48,,,LOST,
2025-11-22T12:00:00+00:00,A Lyga,FK Trakai,Neptūną Klaipėda,Team Total Goals,Over 0.5,1.57,,,WON,
2025-11-22T12:00:00+00:00,Bundesliga 2,Fortuna Düsseldorf,1. FC Magdeburg,Over/Under Goals,Under 3.5,1.55,,,WON,
2025-11-22T12:00:00+00:00,Bundesliga 2,Preußen Münster,FC Schalke 04,Over/Under Goals,Under 3.5,1.28,,,WON,
2025-11-22T12:00:00+00:00,Bundesliga 2,SC Paderborn 07,Hannover 96,Over/Under Goals,Over 2.5,1.65,,,LOST,
2025-11-22T12:00:00+00:00,FKF Premier League,Bidco United,Bandari,BTTS,No,1.39,,,WON,
2025-11-22T12:00:00+00:00,FKF Premier League,GOR Mahia,Tusker,Double Chance,Home/Draw,1.17,,,WON,
2025-11-22T12:00:00+00:00,First League,Akademija Pandev,Vardar Skopje,1X2 / Match Winner,Away,1.5,,,WON,
2025-11-22T12:00:00+00:00,First League,Bokelj,Arsenal Tivat,Over/Under Goals,Under 3.5,1.16,,,WON,
2025-11-22T12:00:00+00:00,First League,Chayka,FK Neftekhimik,Over/Under Goals,Under 2.5,1.57,,,LOST,
2025-11-22T12:00:00+00:00,II Liga - East,Jastrzębie,Podhale Nowy Targ,Over/Under Goals,Under 3.5,1.3,,,WON,
2025-11-22T12:00:00+00:00,II Liga - East,Rekord Bielsko-Biała,Śląsk Wrocław II,Over/Under Goals,Over 1.5,1.17,,,WON,
2025-11-22T12:00:00+00:00,III Liga - Group 1,Mławianka Mława,Ząbkovia Ząbki,1X2 / Match Winner,Away,1.63,,,LOST,
2025-11-22T12:00:00+00:00,III Liga - Group 2,Unia Swarzędz,Kluczevia Stargard,Over/Under Goals,Under 3.5,1.36,,,WON,
2025-11-22T12:00:00+00:00,III Liga - Group 2,Wybrzeże Rewalskie Rewal,Tłuchowia,Over/Under Goals,Under 3.5,1.33,,,WON,
2025-11-22T12:00:00+00:00,III Liga - Group 3,Goczałkowice Zdrój,Starowice Dolne,Over/Under Goals,Under 3.5,1.61,,,LOST,
2025-11-22T12:00:00+00:00,III Liga - Group 3,Ślęza Wrocław,Stal Jasień,1X2 / Match Winner,Home,1.27,,,WON,
2025-11-22T12:00:00+00:00,Júniores U19,Santa Clara U19,Tondela U19,Over/Under Goals,Under 2.5,1.8,,,WON,
2025-11-22T12:00:00+00:00,Liga 1,Pusamania Borneo,Persepam Madura Utd,Over/Under Goals,Under 3.5,1.41,,,WON,
2025-11-22T12:00:00+00:00,Premier League,Arba Minch Kenema,Sheger Ketema,Double Chance,Draw/Away,1.4,,,WON,
2025-11-22T12:00:00+00:00,Premier League,Shirak,Gandzasar,Double Chance,Home/Draw,1.44,,,WON,
2025-11-22T12:00:00+00:00,Prva Liga,Borac Cacak,Grafičar,Over/Under Goals,Under 3.5,1.2,,,WON,
2025-11-22T12:00:00+00:00,Prva Liga,Dinamo Jug,Loznica,Over/Under Goals,Under 3.5,1.18,,,WON,
2025-11-22T12:00:00+00:00,Prva Liga,Zemun,Stepojevac Vaga,Over/Under Goals,Under 3.5,1.2,,,WON,
2025-11-22T12:00:00+00:00,Super League 2,Iraklis 1908,Kavala,Over/Under Goals,Under 3.5,1.49,,,WON,
2025-11-22T12:00:00+00:00,Super League 2,Olympiakos Piraeus II,Ellas Syros,Team Total Goals,Under 2.5,1.16,,,WON,
2025-11-22T12:00:00+00:00,Super League,Talanta,Soy United,Over/Under Goals,Under 2.5,1.25,,,LOST,
2025-11-22T12:00:00+00:00,Thai League 1,Muangthong United,Buriram United,1X2 / Match Winner,Away,1.65,,,WON,
2025-11-22T12:10:00+00:00,Division 1,Al Arabi SC,Al Orubah,Double Chance,Draw/Away,1.22,,,WON,
2025-11-22T12:15:00+00:00,Super League,Kuching FA,DPMM FC,1X2 / Match Winner,Home,1.45,,,WON,
2025-11-22T12:30:00+00:00,2. Division,AE Zakakiou,APEA,Over/Under Goals,Under 3.5,1.29,,,WON,
2025-11-22T12:30:00+00:00,2. Division,ASIL Lysi,Doxa,Over/Under Goals,Under 2.5,1.67,,,LOST,
2025-11-22T12:30:00+00:00,2. Division,Ahironas / Onisilos,Ayia Napa,Over/Under Goals,Under 3.5,1.24,,,WON,
2025-11-22T12:30:00+00:00,2. Division,Halkanoras,Iraklis Yerolakkou,Over/Under Goals,Under 3.5,1.32,,,WON,
2025-11-22T12:30:00+00:00,2. Division,MEAP Nisou,Digenis Morphou,Double Chance,Home/Draw,1.44,,,LOST,
2025-11-22T12:30:00+00:00,2. Division,Spartakos Kitiou,Karmiotissa,Double Chance,Draw/Away,1.17,,,WON,
2025-11-22T12:30:00+00:00,2. SNL,Ilirija,Krško,Over/Under Goals,Under 3.5,1.45,,,WON,
2025-11-22T12:30:00+00:00,2. SNL,Slovan Ljubljana,Nafta,Over/Under Goals,Under 3.5,1.45,,,LOST,
2025-11-22T12:30:00+00:00,3. liga - CFL A,Jiskra Domažlice,Táborsko II,Over/Under Goals,Over 2.5,1.25,,,WON,
2025-11-22T12:30:00+00:00,3. liga - CFL B,Arsenal Česká Lípa,Pardubice II,BTTS,Yes,1.65,,,LOST,
2025-11-22T12:30:00+00:00,Championship,Bristol City,Swansea,Asian Handicap,Home +0,1.55,,,WON,
2025-11-22T12:30:00+00:00,Championship,Charlton,Southampton,Over/Under Goals,Under 3.5,1.25,,,LOST,
2025-11-22T12:30:00+00:00,Championship,Coventry,West Brom,Team Total Goals,Over 0.5,1.17,,,WON,
2025-11-22T12:30:00+00:00,First League,Cherno More Varna,Lokomotiv Sofia,Over/Under Goals,Under 3.5,1.22,,,WON,
2025-11-22T12:30:00+00:00,First League,Petrovac,Jedinstvo,Over/Under Goals,Under 3.5,1.22,,,LOST,
2025-11-22T12:30:00+00:00,First NL,Jarun,Bsk Bijelo Brdo,Over/Under Goals,Under 3.5,1.17,,,LOST,
2025-11-22T12:30:00+00:00,League One,Port Vale,Plymouth,Over/Under Goals,Under 3.5,1.28,,,WON,
2025-11-22T12:30:00+00:00,League Two,Gillingham,Barnet,Over/Under Goals,Under 3.5,1.25,,,WON,
2025-11-22T12:30:00+00:00,League Two,Harrogate Town,Walsall,Asian Handicap,Home +1.25,1.42,,,LOST,
2025-11-22T12:30:00+00:00,National League,Aldershot Town,Woking,Double Chance,Draw/Away,1.5,,,WON,
2025-11-22T12:30:00+00:00,National League,Tamworth,Rochdale,Over/Under Goals,Under 3.5,1.4,,,WON,
2025-11-22T12:30:00+00:00,Premier League,Burnley,Chelsea,Over/Under Goals,Over 1.5,1.25,,,WON,
2025-11-22T12:30:00+00:00,Second League,Belasitsa,Yantra 2019,Over/Under Goals,Under 2.5,1.53,,,WON,
2025-11-22T12:30:00+00:00,Second League,Chernomorets 1919 Burgas,Sevlievo,Over/Under Goals,Over 1.5,1.25,,,LOST,
2025-11-22T12:30:00+00:00,Second League,Dunav Ruse,FK Minyor Pernik,Over/Under Goals,Under 3.5,1.4,,,WON,
2025-11-22T12:30:00+00:00,Second League,Hebar 1918,Sportist Svoge,Over/Under Goals,Under 3.5,1.33,,,WON,
2025-11-22T12:30:00+00:00,Second NL,Solin,Bjelovar,Over/Under Goals,Under 3.5,1.38,,,WON,
2025-11-22T12:30:00+00:00,Second NL,Trnje,Grobničan Čavle,Double Chance,Draw/Away,1.6,,,LOST,
2025-11-22T12:30:00+00:00,Second NL,Uljanik,Kustosija,Double Chance,Draw/Away,1.28,,,WON,
2025-11-22T12:30:00+00:00,Super League Women,Westerlo W,Zulte-Waregem W,Over/Under Goals,Under 3.5,1.19,,,WON,
2025-11-22T12:30:00+00:00,Super League,Silver Strikers,Be Forward Wanderers,Over/Under Goals,Under 2.5,1.44,,,LOST,
2025-11-22T12:30:00+00:00,Thai League 1,Ratchaburi,Bangkok Glass,Over/Under Goals,Under 3.5,1.4,,,WON,
2025-11-22T12:40:00+00:00,Pro League,Al-Ittihad Kalba,Al Bataeh,Over/Under Goals,Under 3.5,1.36,,,LOST,
2025-11-22T12:40:00+00:00,Pro League,Al-Wasl FC,Ajman,Over/Under Goals,Under 3.5,1.5,,,WON,
2025-11-22T13:00:00+00:00,1. Division,Aalborg,Kolding IF,Over/Under Goals,Over 1.5,1.25,,,WON,
2025-11-22T13:00:00+00:00,3. Liga,Alemannia Aachen,SSV Jahn Regensburg,Over/Under Goals,Over 1.5,1.25,,,WON,
2025-11-22T13:00:00+00:00,3. Liga,FC Viktoria Köln,Verl,Over/Under Goals,Over 1.5,1.18,,,WON,
2025-11-22T13:00:00+00:00,3. Liga,Hansa Rostock,FC Schweinfurt 05,Over/Under Goals,Over 2.5,1.45,,,LOST,
2025-11-22T13:00:00+00:00,3. Liga,Havelse,SSV Ulm 1846,Over/Under Goals,Over 1.5,1.18,,,WON,
2025-11-22T13:00:00+00:00,3. Liga,Waldhof Mannheim,SV Wehen,Over/Under Goals,Under 3.5,1.57,,,WON,
2025-11-22T13:00:00+00:00,Eliteserien,Tromso,Rosenborg,1X2 / Match Winner,Home,1.67,,,WON,
2025-11-22T13:00:00+00:00,First League,Buducnost Podgorica,Mornar,Over/Under Goals,Under 3.5,1.25,,,WON,
2025-11-22T13:00:00+00:00,First League,Jezero,Mladost DG,Over/Under Goals,Under 3.5,1.2,,,WON,
2025-11-22T13:00:00+00:00,Frauen Bundesliga,Bayer Leverkusen W,SGS Essen W,Over/Under Goals,Under 3.5,1.45,,,WON,
2025-11-22T13:00:00+00:00,La Liga,Alaves,Celta Vigo,Over/Under Goals,Under 3.5,1.2,,,WON,
2025-11-22T13:00:00+00:00,Liga I,Uta Arad,Universitatea Cluj,Over/Under Goals,Under 3.5,1.25,,,WON,
2025-11-22T13:00:00+00:00,Ligue 1,AS Marsa,Jeunesse Sportive Omrane,Over/Under Goals,Under 3.5,1.15,,,WON,
2025-11-22T13:00:00+00:00,Ligue 1,JS Kairouanaise,ES Metlaoui,Over/Under Goals,Under 3.5,1.15,,,WON,
2025-11-22T13:00:00+00:00,Ligue 1,Khenchela,JS Saoura,Over/Under Goals,Under 3.5,1.2,,,WON,
2025-11-22T13:00:00+00:00,Ligue 2,ASM Oran,Usm El Harrach,Double Chance,Home/Draw,1.55,,,LOST,
2025-11-22T13:00:00+00:00,Ligue 2,Amiens,Guingamp,Team Total Goals,Over 0.5,1.18,,,WON,
2025-11-22T13:00:00+00:00,Ligue 2,Hussein Dey,CRB Adrar,Over/Under Goals,Under 2.5,1.57,,,WON,
2025-11-22T13:00:00+00:00,Ligue 2,JS Bordj Ménaïel,JS Jijel,Double Chance,Draw/Away,1.53,,,WON,
2025-11-22T13:00:00+00:00,Ligue 2,JS El Biar,Béchar Djedid,Team Total Goals,Under 2.5,1.66,,,WON,
2025-11-22T13:00:00+00:00,Ligue 2,Koléa,MC Saida,Over/Under Goals,Under 2.5,1.44,,,WON,
2025-11-22T13:00:00+00:00,Ligue 2,NC Magra,US Biskra,Over/Under Goals,Under 2.5,1.4,,,WON,
2025-11-22T13:00:00+00:00,Ligue 2,Nrb Beni Oulbene,MO Constantine,BTTS,No,1.57,,,WON,
2025-11-22T13:00:00+00:00,Ligue 2,RC Arba,GC Mascara,Over/Under Goals,Under 2.5,1.5,,,WON,
2025-11-22T13:00:00+00:00,Ligue 2,RED Star FC 93,Clermont Foot,1X2 / Match Winner,Draw,3.76,,,WON,
2025-11-22T13:00:00+00:00,Ligue 2,Tiaret,WA Mostaganem,Over/Under Goals,Under 2.5,1.5,,,WON,
2025-11-22T13:00:00+00:00,Ligue 2,USM Annaba,CR Béni Thour,Team Total Goals,Under 2.5,1.51,,,WON,
2025-11-22T13:00:00+00:00,Premier League,Fasil Ketema,Dire Dawa Kenema,Over/Under Goals,Under 2.5,1.4,,,WON,
2025-11-22T13:00:00+00:00,Primera División RFEF - Group 2,Antequera,Real Murcia,Over/Under Goals,Under 3.5,1.17,,,WON,
2025-11-22T13:00:00+00:00,Regionalliga - Bayern,Illertissen,Bayreuth,Asian Handicap,Away -1.25,1.6,,,LOST,
2025-11-22T13:00:00+00:00,Regionalliga - Bayern,Nürnberg II,Memmingen,Over/Under Goals,Under 3.5,1.5,,,WON,
2025-11-22T13:00:00+00:00,Regionalliga - Bayern,Viktoria Aschaffenburg,Hankofen-Hailing,Over/Under Goals,Over 2.5,1.57,,,LOST,
2025-11-22T13:00:00+00:00,Regionalliga - Nord,SV Drochtersen/Assel,Schöningen,BTTS,Yes,1.57,,,LOST,
2025-11-22T13:00:00+00:00,Regionalliga - Nord,SV Meppen,Altona 93,Team Total Goals,Over 1.5,1.17,,,WON,
2025-11-22T13:00:00+00:00,Regionalliga - Nord,Werder Bremen II,St. Pauli II,Team Total Goals,Under 2.5,1.44,,,WON,
2025-11-22T13:00:00+00:00,Regionalliga - Nordost,FSV Zwickau,Chemnitzer FC,Over/Under Goals,Under 3.5,1.28,,,LOST,
2025-11-22T13:00:00+00:00,Regionalliga - Nordost,Hertha Zehlendorf,FC Rot-Weiß Erfurt,Over/Under Goals,Under 3.5,1.53,,,WON,
2025-11-22T13:00:00+00:00,Regionalliga - Nordost,SV Babelsberg 03,Magdeburg II,Over/Under Goals,Under 3.5,1.5,,,LOST,
2025-11-22T13:00:00+00:00,Regionalliga - Ost,Fach-Donaufeld,Mannsdorf-Großenzersdorf,Double Chance,Draw/Away,1.6,,,WON,
2025-11-22T13:00:00+00:00,Regionalliga - Ost,Wiener Viktoria,Neusiedl,Double Chance,Home/Draw,1.4,,,WON,
2025-11-22T13:00:00+00:00,Regionalliga - SudWest,Hessen Kassel,FC 08 Homburg,Team Total Goals,Under 2.5,1.17,,,WON,
2025-11-22T13:00:00+00:00,Regionalliga - SudWest,Kickers Offenbach,Bahlinger SC,1X2 / Match Winner,Home,1.55,,,WON,
2025-11-22T13:00:00+00:00,Regionalliga - SudWest,Stuttgarter Kickers,Barockstadt Fulda-Lehn.,Asian Handicap,Home +0.25,1.45,,,LOST,
2025-11-22T13:00:00+00:00,Regionalliga - West,Borussia M'gladbach II,Rot-weiss Oberhausen,Asian Handicap,Home +0.25,1.6,,,LOST,
2025-11-22T13:00:00+00:00,Regionalliga - West,FC Bocholt,Schalke 04 II,Over/Under Goals,Under 3.5,1.57,,,LOST,
2025-11-22T13:00:00+00:00,Regionalliga - West,Sportfreunde Lotte,Bonner SC,Double Chance,Draw/Away,1.67,,,LOST,
2025-11-22T13:00:00+00:00,Regionalliga - West,Sportfreunde Siegen,Fortuna Köln,Asian Handicap,Home +0.25,1.68,,,WON,
2025-11-22T13:00:00+00:00,Regionalliga - West,Wuppertaler SV,Fortuna Düsseldorf II,Over/Under Goals,Over 1.5,1.17,,,WON,
2025-11-22T13:00:00+00:00,Super League 2,Anagennisi Karditsas,PAOK II,Over/Under Goals,Under 2.5,1.8,,,LOST,
2025-11-22T13:00:00+00:00,Super League 2,Kalamata,Kissamikos,Over/Under Goals,Under 3.5,1.4,,,WON,
2025-11-22T13:00:00+00:00,Super League 2,Kampaniakos Chalastra,Niki Volos,Over/Under Goals,Under 3.5,1.39,,,LOST,
2025-11-22T13:00:00+00:00,Super Liga,Petrocub,Dacia-Buiucani,Over/Under Goals,Under 3.5,1.36,,,LOST,
2025-11-22T13:00:00+00:00,TFF 1. Lig,Boluspor,Amed,Over/Under Goals,Under 3.5,1.44,,,LOST,
2025-11-22T13:30:00+00:00,1st Division,Cape Town City,Upington City,Double Chance,Draw/Away,1.67,,,WON,
2025-11-22T13:30:00+00:00,1st Division,Leicesterfield,Baroka FC,Double Chance,Draw/Away,1.5,,,WON,
2025-11-22T13:30:00+00:00,Campionato Primavera - 2,AlbinoLeffe U19,Pro Vercelli U19,Double Chance,Draw/Away,1.57,,,WON,
2025-11-22T13:30:00+00:00,Campionato Primavera - 2,Como U19,Sampdoria U19,Double Chance,Draw/Away,1.7,,,LOST,
2025-11-22T13:30:00+00:00,Campionato Primavera - 2,Palermo U19,Monopoli U19,Double Chance,Home/Draw,1.5,,,WON,
2025-11-22T13:30:00+00:00,Campionato Primavera - 2,Renate U19,Brescia U19,Double Chance,Home/Draw,1.5,,,WON,
2025-11-22T13:30:00+00:00,Derde Divisie - Sunday,Zwaluwen,Kloetinge,Double Chance,Draw/Away,1.17,,,LOST,
2025-11-22T13:30:00+00:00,Erste Liga,Admira Wacker,FC Liefering,Over/Under Goals,Under 3.5,1.36,,,LOST,
2025-11-22T13:30:00+00:00,Erste Liga,Austria Klagenfurt,SKU Amstetten,Over/Under Goals,Under 3.5,1.28,,,WON,
2025-11-22T13:30:00+00:00,NB I,Puskas Academy,Kisvarda FC,Over/Under Goals,Under 3.5,1.3,,,WON,
2025-11-22T13:30:00+00:00,Premier League,Kolos Kovalivka,Dynamo Kyiv,Double Chance,Draw/Away,1.16,,,LOST,
2025-11-22T13:30:00+00:00,Premier Soccer League,Amazulu,Siwelele,BTTS,No,1.5,,,WON,
2025-11-22T13:30:00+00:00,Premyer Liqa,Zira,Qabala,Over/Under Goals,Under 3.5,1.24,,,WON,
2025-11-22T13:30:00+00:00,Serie C - Girone A,Albinoleffe,Lumezzane,Over/Under Goals,Under 3.5,1.25,,,WON,
2025-11-22T13:30:00+00:00,Serie C - Girone A,PRO Vercelli,Alcione,Over/Under Goals,Under 3.5,1.17,,,WON,
2025-11-22T13:30:00+00:00,Serie C - Girone C,Giugliano,Casarano,Over/Under Goals,Under 3.5,1.42,,,LOST,
2025-11-22T13:30:00+00:00,Serie C - Girone C,Siracusa,Team Altamura,Double Chance,Home/Draw,1.17,,,WON,
2025-11-22T13:30:00+00:00,Serie C - Girone C,Sorrento,Casertana,Over/Under Goals,Over 1.5,1.45,,,WON,
2025-11-22T13:30:00+00:00,Serie C - Girone C,Trapani 1905,Foggia,Over/Under Goals,Under 3.5,1.25,,,LOST,
2025-11-22T13:30:00+00:00,Tweede Divisie,ACV,Katwijk,Over/Under Goals,Over 1.5,1.19,,,WON,
2025-11-22T13:30:00+00:00,Tweede Divisie,Barendrecht,Sparta Rotterdam II,Over/Under Goals,Over 2.5,1.33,,,WON,
2025-11-22T13:30:00+00:00,Tweede Divisie,Rijnsburgse Boys,Spakenburg,Over/Under Goals,Over 2.5,1.44,,,WON,
2025-11-22T13:40:00+00:00,Pro League,Damac,Al Najma,Over/Under Goals,Over 1.5,1.3,,,LOST,
2025-11-22T13:45:00+00:00,Ekstraklasa,Cracovia Krakow,Motor Lublin,Over/Under Goals,Under 3.5,1.33,,,WON,
2025-11-22T13:45:00+00:00,Premier League,Spartak Moscow,CSKA Moscow,Over/Under Goals,Under 3.5,1.31,,,WON,
2025-11-22T14:00:00+00:00,1. Liga Promotion,Paradiso,Vevey Sports,Over/Under Goals,Under 3.5,1.43,,,WON,
2025-11-22T14:00:00+00:00,1. SNL,Koper,Aluminij,Over/Under Goals,Over 1.5,1.18,,,WON,
2025-11-22T14:00:00+00:00,3. liga - CFL B,Slovan Velvary,Varnsdorf,Over/Under Goals,Under 3.5,1.58,,,WON,
2025-11-22T14:00:00+00:00,Allsvenskan,Orgryte IS,IFK Norrkoping,Over/Under Goals,Under 3.5,1.39,,,WON,
2025-11-22T14:00:00+00:00,Campionato,Juvenes / Dogana,Faetano,Double Chance,Home/Draw,1.2,,,WON,
2025-11-22T14:00:00+00:00,Campionato,Virtus,Tre Fiori,Double Chance,Home/Draw,1.22,,,WON,
2025-11-22T14:00:00+00:00,Czech Liga,Dukla Praha,Sigma Olomouc,Over/Under Goals,Under 3.5,1.2,,,LOST,
2025-11-22T14:00:00+00:00,Czech Liga,Mlada Boleslav,Sparta Praha,Over/Under Goals,Under 3.5,1.5,,,WON,
2025-11-22T14:00:00+00:00,Czech Liga,Pardubice,Slovan Liberec,Team Total Goals,Over 0.5,1.25,,,WON,
2025-11-22T14:00:00+00:00,Czech Liga,Teplice,Baník Ostrava,Double Chance,Home/Draw,1.42,,,WON,
2025-11-22T14:00:00+00:00,First League,Arsenal Tula,Chernomorets,Double Chance,Home/Draw,1.22,,,WON,
2025-11-22T14:00:00+00:00,Iraqi League,Al Kahrabaa,Diyala,Over/Under Goals,Under 2.5,1.5,,,LOST,
2025-11-22T14:00:00+00:00,Iraqi League,Al-Karma,Al Minaa Basra,Double Chance,Draw/Away,1.7,,,LOST,
2025-11-22T14:00:00+00:00,Premier League,FC Noah,Alashkert,Asian Handicap,Away -1.25,1.57,,,WON,
2025-11-22T14:00:00+00:00,Prva HNL,Dinamo Zagreb,NK Varazdin,Team Total Goals,Under 2.5,1.45,,,LOST,
2025-11-22T14:00:00+00:00,Serie A Women,Ternana W,Parma W,Over/Under Goals,Under 3.5,1.36,,,WON,
2025-11-22T14:00:00+00:00,Serie A,Cagliari,Genoa,1X2 / Match Winner,Draw,3.08,,,WON,
2025-11-22T14:00:00+00:00,Serie A,Udinese,Bologna,Over/Under Goals,Under 3.5,1.22,,,WON,
2025-11-22T14:00:00+00:00,Serie B,Avellino,Empoli,Over/Under Goals,Under 3.5,1.22,,,WON,
2025-11-22T14:00:00+00:00,Serie B,Carrarese,Reggiana,Team Total Goals,Over 0.5,1.53,,,LOST,
2025-11-22T14:00:00+00:00,Serie B,Virtus Entella,Palermo,Double Chance,Home/Draw,1.5,,,WON,
2025-11-22T14:00:00+00:00,Super Lig,Eyüpspor,Fatih Karagümrük,Over/Under Goals,Under 3.5,1.33,,,WON,
2025-11-22T14:00:00+00:00,Taça de Portugal,Alpendorada,Casa Pia,Team Total Goals,Under 2.5,1.4,,,LOST,
2025-11-22T14:00:00+00:00,Tweede Divisie,Ijsselmeervogels,GVVV Veenendaal,BTTS,Yes,1.4,,,LOST,
2025-11-22T14:00:00+00:00,Tweede Divisie,Kozakken Boys,Excelsior Maassluis,Over/Under Goals,Under 3.5,1.35,,,WON,
2025-11-22T14:00:00+00:00,Tweede Divisie,Quick Boys,HHC,Over/Under Goals,Under 3.5,1.27,,,WON,
2025-11-22T14:00:00+00:00,WSL Cup,Nottingham Forest W,Manchester City W,Over/Under Goals,Under 3.5,1.66,,,WON,
2025-11-22T14:15:00+00:00,FA Cup,Al Nasr,Oman Club,Double Chance,Home/Draw,1.5,,,WON,
2025-11-22T14:15:00+00:00,Tweede Divisie,AFC Amsterdam,RKAV Volendam,Team Total Goals,Over 0.5,1.48,,,WON,
2025-11-22T14:25:00+00:00,Division 1,Al Jubail,Abha,Over/Under Goals,Under 3.5,1.36,,,WON,
2025-11-22T14:30:00+00:00,1. Liga Promotion,Basel II,Brühl,Double Chance,Home/Draw,1.4,,,WON,
2025-11-22T14:30:00+00:00,Bundesliga 1,1. FC Heidenheim,Borussia Mönchengladbach,Over/Under Goals,Under 3.5,1.45,,,WON,
2025-11-22T14:30:00+00:00,Bundesliga 1,Bayern München,SC Freiburg,Team Total Goals,Over 0.5,1.73,,,WON,
2025-11-22T14:30:00+00:00,Bundesliga 1,Borussia Dortmund,VfB Stuttgart,Over/Under Goals,Over 1.5,1.17,,,WON,
2025-11-22T14:30:00+00:00,Bundesliga 1,FC Augsburg,Hamburger SV,Asian Handicap,Away -0.5,1.62,,,LOST,
2025-11-22T14:30:00+00:00,Bundesliga 1,VfL Wolfsburg,Bayer Leverkusen,Over/Under Goals,Under 3.5,1.53,,,LOST,
2025-11-22T14:30:00+00:00,Campionato Primavera - 2,Cittadella U19,Lecco U19,Asian Handicap,Home +0.25,1.44,,,LOST,
2025-11-22T14:30:00+00:00,FAW Championship,Aberystwyth Town,Ynyshir Albions,1X2 / Match Winner,Home,1.4,,,WON,
2025-11-22T14:30:00+00:00,II Liga - East,Warta Poznań,Unia Skierniewice,Over/Under Goals,Over 1.5,1.29,,,WON,
2025-11-22T14:30:00+00:00,Regionalliga - West,Köln II,Borussia Dortmund II,Over/Under Goals,Over 2.5,1.44,,,WON,
2025-11-22T14:30:00+00:00,Stars League,UMM Salal,Al-Rayyan SC,Over/Under Goals,Over 2.5,1.33,,,WON,
2025-11-22T14:30:00+00:00,Super Liga,Komárno,Podbrezová,Over/Under Goals,Over 2.5,1.62,,,LOST,
2025-11-22T14:30:00+00:00,Super Liga,Skalica,Slovan Bratislava,Over/Under Goals,Under 3.5,1.36,,,WON,
2025-11-22T14:30:00+00:00,Super Liga,Žilina,AS Trencin,1X2 / Match Winner,Home,1.53,,,WON,
2025-11-22T14:30:00+00:00,Tweede Divisie,Almere City II,Hoek,Over/Under Goals,Over 2.5,1.5,,,WON,
2025-11-22T14:30:00+00:00,Welsh Cup,Caernarfon Town,Penrhyncoch,Over/Under Goals,Over 2.5,1.28,,,WON,
2025-11-22T14:40:00+00:00,Pro League,Al-Hilal Saudi FC,Al-Fateh,Over/Under Goals,Over 2.5,1.15,,,WON,
2025-11-22T15:00:00+00:00,1. Division,Omonia Aradippou,Ethnikos Achna,Over/Under Goals,Under 3.5,1.33,,,LOST,
2025-11-22T15:00:00+00:00,2. Division,Omonia 29is Maiou,Nea Salamis,Over/Under Goals,Under 3.5,1.25,,,LOST,
2025-11-22T15:00:00+00:00,Challenger Pro League,Lokeren-Temse,Club Brugge II,Over/Under Goals,Under 3.5,1.48,,,LOST,
2025-11-22T15:00:00+00:00,Championship,Airdrie United,Ayr Utd,Over/Under Goals,Under 3.5,1.28,,,WON,
2025-11-22T15:00:00+00:00,Championship,Annagh United,Armagh City,Over/Under Goals,Under 3.5,1.53,,,WON,
2025-11-22T15:00:00+00:00,Championship,Arbroath,Raith Rovers,Over/Under Goals,Under 3.5,1.25,,,WON,
2025-11-22T15:00:00+00:00,Championship,Birmingham,Norwich,Over/Under Goals,Under 3.5,1.33,,,LOST,
2025-11-22T15:00:00+00:00,Championship,Derby,Watford,Double Chance,Home/Draw,1.4,,,LOST,
2025-11-22T15:00:00+00:00,Championship,Dunfermline,Morton,Over/Under Goals,Under 3.5,1.17,,,WON,
2025-11-22T15:00:00+00:00,Championship,Ipswich,Wrexham,Asian Handicap,Away -1.25,1.65,,,WON,
2025-11-22T15:00:00+00:00,Championship,Leicester,Stoke City,Over/Under Goals,Under 3.5,1.28,,,WON,
2025-11-22T15:00:00+00:00,Championship,Limavady United,Ards,1X2 / Match Winner,Home,1.55,,,WON,
2025-11-22T15:00:00+00:00,Championship,Oxford United,Middlesbrough,Team Total Goals,Over 0.5,1.22,,,WON,
2025-11-22T15:00:00+00:00,Championship,Partick,ST Johnstone,Over/Under Goals,Under 3.5,1.28,,,WON,
2025-11-22T15:00:00+00:00,Championship,Portsmouth,Millwall,Double Chance,Home/Draw,1.44,,,WON,
2025-11-22T15:00:00+00:00,Championship,QPR,Hull City,Over/Under Goals,Under 3.5,1.33,,,LOST,
2025-11-22T15:00:00+00:00,Eliteserien,Valerenga,Kristiansund BK,Double Chance,Home/Draw,1.2,,,WON,
2025-11-22T15:00:00+00:00,Erovnuli Liga,Samgurali,Torpedo Kutaisi,Over/Under Goals,Over 1.5,1.29,,,WON,
2025-11-22T15:00:00+00:00,First League,CSKA Sofia,Botev Plovdiv,Over/Under Goals,Under 3.5,1.44,,,WON,
2025-11-22T15:00:00+00:00,II Liga - East,Chojniczanka Chojnice,Resovia Rzeszów,Over/Under Goals,Under 3.5,1.28,,,WON,
2025-11-22T15:00:00+00:00,III Liga - Group 1,Olimpia Elbląg,Broń Radom,Over/Under Goals,Over 2.5,1.54,,,LOST,
2025-11-22T15:00:00+00:00,III Liga - Group 4,Star Starachowice,Stal Kraśnik,Over/Under Goals,Under 3.5,1.4,,,WON,
2025-11-22T15:00:00+00:00,Jupiler Pro League,Union St. Gilloise,Cercle Brugge,Over/Under Goals,Over 1.5,1.18,,,WON,
2025-11-22T15:00:00+00:00,Júniores U19,Belenenses U19,Academico Viseu U19,Over/Under Goals,Under 3.5,1.21,,,WON,
2025-11-22T15:00:00+00:00,Júniores U19,Chaves U19,Famalicão U19,Over/Under Goals,Under 3.5,1.4,,,WON,
2025-11-22T15:00:00+00:00,Júniores U19,Vitoria Guimaraes U19,Rio Ave U19,Over/Under Goals,Under 3.5,1.36,,,WON,
2025-11-22T15:00:00+00:00,League One,AFC Wimbledon,Wigan,Double Chance,Home/Draw,1.42,,,LOST,
2025-11-22T15:00:00+00:00,League One,Barnsley,Luton,Over/Under Goals,Over 1.5,1.25,,,WON,
2025-11-22T15:00:00+00:00,League One,Bolton,Bradford,Over/Under Goals,Over 2.5,1.67,,,LOST,
2025-11-22T15:00:00+00:00,League One,Cove Rangers,Alloa Athletic,Over/Under Goals,Under 3.5,1.28,,,WON,
2025-11-22T15:00:00+00:00,League One,Hamilton Academical,Kelty Hearts,Over/Under Goals,Under 3.5,1.44,,,LOST,
2025-11-22T15:00:00+00:00,League One,Leyton Orient,Blackpool,Team Total Goals,Over 0.5,1.15,,,WON,
2025-11-22T15:00:00+00:00,League One,Mansfield Town,Huddersfield,Over/Under Goals,Over 1.5,1.3,,,WON,
2025-11-22T15:00:00+00:00,League One,Montrose,East Fife,Over/Under Goals,Under 3.5,1.36,,,WON,
2025-11-22T15:00:00+00:00,League One,Peterhead,Stenhousemuir,Over/Under Goals,Under 3.5,1.3,,,LOST,
2025-11-22T15:00:00+00:00,League One,Reading,Rotherham,Over/Under Goals,Under 3.5,1.3,,,WON,
2025-11-22T15:00:00+00:00,League One,Stevenage,Doncaster,Team Total Goals,Under 2.5,1.17,,,WON,
2025-11-22T15:00:00+00:00,League One,Wycombe,Lincoln,Team Total Goals,Under 2.5,1.17,,,LOST,
2025-11-22T15:00:00+00:00,League Two,Barrow,Cambridge United,Over/Under Goals,Under 3.5,1.2,,,WON,
2025-11-22T15:00:00+00:00,League Two,Bromley,Salford City,Over/Under Goals,Over 1.5,1.25,,,WON,
2025-11-22T15:00:00+00:00,League Two,Cheltenham,Bristol Rovers,Double Chance,Home/Draw,1.57,,,WON,
2025-11-22T15:00:00+00:00,League Two,Clyde,Annan Athletic,Over/Under Goals,Under 3.5,1.4,,,WON,
2025-11-22T15:00:00+00:00,League Two,Crawley Town,Accrington ST,BTTS,Yes,1.65,,,WON,
2025-11-22T15:00:00+00:00,League Two,Crewe,Chesterfield,Double Chance,Draw/Away,1.53,,,WON,
2025-11-22T15:00:00+00:00,League Two,Dumbarton,Forfar Athletic,Double Chance,Draw/Away,1.7,,,WON,
2025-11-22T15:00:00+00:00,League Two,East Kilbride,Edinburgh City,Over/Under Goals,Over 1.5,1.16,,,WON,
2025-11-22T15:00:00+00:00,League Two,Fleetwood Town,Shrewsbury,Over/Under Goals,Over 1.5,1.36,,,WON,
2025-11-22T15:00:00+00:00,League Two,Notts County,Colchester,Double Chance,Draw/Away,1.67,,,WON,
2025-11-22T15:00:00+00:00,League Two,Spartans,Stranraer,Over/Under Goals,Under 3.5,1.33,,,LOST,
2025-11-22T15:00:00+00:00,League Two,Stirling Albion,Elgin City,Team Total Goals,Over 0.5,1.2,,,WON,
2025-11-22T15:00:00+00:00,League Two,Swindon Town,Grimsby,Over/Under Goals,Over 1.5,1.25,,,WON,
2025-11-22T15:00:00+00:00,National League - North,AFC Fylde,Buxton,Over/Under Goals,Over 1.5,1.2,,,WON,
2025-11-22T15:00:00+00:00,National League - North,AFC Telford United,South Shields,1X2 / Match Winner,Draw,3.95,,,WON,
2025-11-22T15:00:00+00:00,National League - North,Chester,Leamington,Team Total Goals,Under 2.5,1.4,,,WON,
2025-11-22T15:00:00+00:00,National League - North,Chorley,Bedford Town,Over/Under Goals,Over 1.5,1.17,,,LOST,
2025-11-22T15:00:00+00:00,National League - North,Darlington 1883,Spennymoor Town,Asian Handicap,Home +0.5,1.55,,,WON,
2025-11-22T15:00:00+00:00,National League - North,Marine,Oxford City,1X2 / Match Winner,Draw,3.45,,,WON,
2025-11-22T15:00:00+00:00,National League - North,Merthyr Town,Alfreton Town,Over/Under Goals,Over 1.5,1.2,,,WON,
2025-11-22T15:00:00+00:00,National League - North,Peterborough Sports,Radcliffe,Over/Under Goals,Over 1.5,1.2,,,WON,
2025-11-22T15:00:00+00:00,National League - South,AFC Hornchurch,AFC Totton,Over/Under Goals,Under 3.5,1.45,,,WON,
2025-11-22T15:00:00+00:00,National League - South,Chippenham Town,Tonbridge Angels,Over/Under Goals,Under 3.5,1.3,,,WON,
2025-11-22T15:00:00+00:00,National League - South,Dagenham & Redbridge,Maidenhead,Over/Under Goals,Under 3.5,1.3,,,WON,
2025-11-22T15:00:00+00:00,National League - South,Dorking Wanderers,Maidstone Utd,Over/Under Goals,Under 3.5,1.36,,,LOST,
2025-11-22T15:00:00+00:00,National League - South,Ebbsfleet United,Chesham United,Over/Under Goals,Under 3.5,1.3,,,WON,
2025-11-22T15:00:00+00:00,National League - South,Enfield Town,Farnborough,Double Chance,Draw/Away,1.42,,,LOST,
2025-11-22T15:00:00+00:00,National League - South,Hampton & Richmond,Bath City,Over/Under Goals,Under 3.5,1.25,,,WON,
2025-11-22T15:00:00+00:00,National League - South,Hemel Hempstead Town,Horsham,Double Chance,Draw/Away,1.62,,,WON,
2025-11-22T15:00:00+00:00,National League - South,Salisbury,Chelmsford City,Team Total Goals,Over 0.5,1.18,,,LOST,
2025-11-22T15:00:00+00:00,National League - South,Slough Town,Worthing,Over/Under Goals,Under 3.5,1.6,,,WON,
2025-11-22T15:00:00+00:00,National League,Brackley Town,York,1X2 / Match Winner,Away,1.57,,,WON,
2025-11-22T15:00:00+00:00,National League,Eastleigh,Hartlepool,Over/Under Goals,Over 1.5,1.28,,,WON,
2025-11-22T15:00:00+00:00,National League,FC Halifax Town,Solihull Moors,Over/Under Goals,Under 3.5,1.33,,,WON,
2025-11-22T15:00:00+00:00,National League,Gateshead,Boreham Wood,Over/Under Goals,Under 3.5,1.67,,,WON,
2025-11-22T15:00:00+00:00,National League,Morecambe,Yeovil Town,Over/Under Goals,Under 3.5,1.44,,,WON,
2025-11-22T15:00:00+00:00,National League,Scunthorpe,Braintree,Over/Under Goals,Under 3.5,1.5,,,WON,
2025-11-22T15:00:00+00:00,National League,Southend,Altrincham,Over/Under Goals,Under 3.5,1.5,,,WON,
2025-11-22T15:00:00+00:00,Non League Premier - Isthmian,Billericay Town,Welling United,Double Chance,Home/Draw,1.2,,,WON,
2025-11-22T15:00:00+00:00,Non League Premier - Isthmian,Cheshunt,Folkestone Invicta,Over/Under Goals,Over 1.5,1.18,,,WON,
2025-11-22T15:00:00+00:00,Non League Premier - Isthmian,Chichester City,Brentwood Town,Over/Under Goals,Under 3.5,1.38,,,LOST,
2025-11-22T15:00:00+00:00,Non League Premier - Isthmian,Cray Valley PM,Dartford,Over/Under Goals,Over 1.5,1.18,,,WON,
2025-11-22T15:00:00+00:00,Non League Premier - Isthmian,Cray Wanderers,Burgess Hill Town,Double Chance,Draw/Away,1.7,,,WON,
2025-11-22T15:00:00+00:00,Non League Premier - Isthmian,Dulwich Hamlet,Hashtag United,Over/Under Goals,Under 3.5,1.46,,,WON,
2025-11-22T15:00:00+00:00,Non League Premier - Isthmian,Lewes,Chatham Town,Over/Under Goals,Over 1.5,1.18,,,WON,
2025-11-22T15:00:00+00:00,Non League Premier - Isthmian,Potters Bar Town,Whitehawk,Double Chance,Draw/Away,1.57,,,WON,
2025-11-22T15:00:00+00:00,Non League Premier - Isthmian,Ramsgate,Canvey Island,Over/Under Goals,Under 3.5,1.4,,,WON,
2025-11-22T15:00:00+00:00,Non League Premier - Isthmian,St Albans City,Carshalton Athletic,Over/Under Goals,Over 1.5,1.17,,,WON,
2025-11-22T15:00:00+00:00,Non League Premier - Northern,Guiseley AFC,Ashton United,Over/Under Goals,Under 3.5,1.25,,,LOST,
2025-11-22T15:00:00+00:00,Non League Premier - Northern,Hebburn Town,Bamber Bridge,Over/Under Goals,Under 3.5,1.31,,,WON,
2025-11-22T15:00:00+00:00,Non League Premier - Northern,Hednesford Town,Cleethorpes Town,Over/Under Goals,Under 3.5,1.24,,,WON,
2025-11-22T15:00:00+00:00,Non League Premier - Northern,Hyde United,United of Manchester,Team Total Goals,Over 0.5,1.23,,,WON,
2025-11-22T15:00:00+00:00,Non League Premier - Northern,Ilkeston Town,Stocksbridge Park Steels,Asian Handicap,Home +0,1.48,,,LOST,
2025-11-22T15:00:00+00:00,Non League Premier - Northern,Lancaster City,Stockton Town,Over/Under Goals,Under 3.5,1.25,,,WON,
2025-11-22T15:00:00+00:00,Non League Premier - Northern,Morpeth Town,Rushall Olympic,Asian Handicap,Home +0,1.69,,,WON,
2025-11-22T15:00:00+00:00,Non League Premier - Northern,Prescot Cables,Gainsborough Trinity,Over/Under Goals,Under 2.5,1.62,,,LOST,
2025-11-22T15:00:00+00:00,Non League Premier - Northern,Whitby Town,Leek Town,Over/Under Goals,Under 3.5,1.31,,,WON,
2025-11-22T15:00:00+00:00,Non League Premier - Northern,Workington,Warrington Town,Double Chance,Draw/Away,1.4,,,WON,
2025-11-22T15:00:00+00:00,Non League Premier - Southern Central,Alvechurch,Banbury United,Over/Under Goals,Under 3.5,1.27,,,WON,
2025-11-22T15:00:00+00:00,Non League Premier - Southern Central,Bishop's Stortford,Bury Town,Over/Under Goals,Over 2.5,1.7,,,LOST,
2025-11-22T15:00:00+00:00,Non League Premier - Southern Central,Bromsgrove Sporting,Kettering Town,Over/Under Goals,Under 3.5,1.34,,,WON,
2025-11-22T15:00:00+00:00,Non League Premier - Southern Central,Real Bedford,Quorn,Asian Handicap,Home +0,1.51,,,WON,
2025-11-22T15:00:00+00:00,Non League Premier - Southern Central,Royston Town,Barwell,Double Chance,Draw/Away,1.44,,,WON,
2025-11-22T15:00:00+00:00,Non League Premier - Southern Central,Spalding United,Needham Market,Over/Under Goals,Over 1.5,1.17,,,WON,
2025-11-22T15:00:00+00:00,Non League Premier - Southern Central,St Ives Town,Redditch United,Double Chance,Draw/Away,1.6,,,WON,
2025-11-22T15:00:00+00:00,Non League Premier - Southern Central,Stourbridge,Halesowen Town,Over/Under Goals,Over 1.5,1.22,,,WON,
2025-11-22T15:00:00+00:00,Non League Premier - Southern Central,Stratford Town,Leiston,Double Chance,Draw/Away,1.44,,,LOST,
2025-11-22T15:00:00+00:00,Non League Premier - Southern South,Evesham United,Dorchester Town,Double Chance,Home/Draw,1.44,,,WON,
2025-11-22T15:00:00+00:00,Non League Premier - Southern South,Gloucester City,Chertsey Town,Over/Under Goals,Over 1.5,1.15,,,WON,
2025-11-22T15:00:00+00:00,Non League Premier - Southern South,Gosport Borough,Tiverton Town,1X2 / Match Winner,Home,1.55,,,WON,
2025-11-22T15:00:00+00:00,Non League Premier - Southern South,Hanwell Town,Wimborne Town,Over/Under Goals,Under 3.5,1.27,,,WON,
2025-11-22T15:00:00+00:00,Non League Premier - Southern South,Havant & Wville,Weymouth,Over/Under Goals,Under 3.5,1.57,,,WON,
2025-11-22T15:00:00+00:00,Non League Premier - Southern South,Plymouth Parkway,Sholing,Double Chance,Home/Draw,1.5,,,WON,
2025-11-22T15:00:00+00:00,Non League Premier - Southern South,Poole Town,Basingstoke Town,Asian Handicap,Home +0,1.48,,,WON,
2025-11-22T15:00:00+00:00,Non League Premier - Southern South,Taunton Town,Berkhamsted,Over/Under Goals,Over 1.5,1.17,,,WON,
2025-11-22T15:00:00+00:00,Non League Premier - Southern South,Walton & Hersham,Hungerford Town,Over/Under Goals,Under 3.5,1.5,,,WON,
2025-11-22T15:00:00+00:00,Non League Premier - Southern South,Yate Town,Bracknell Town,Double Chance,Draw/Away,1.57,,,LOST,
2025-11-22T15:00:00+00:00,Premier League,Bournemouth,West Ham,1X2 / Match Winner,Draw,4.26,,,WON,
2025-11-22T15:00:00+00:00,Premier League,Brighton,Brentford,Over/Under Goals,Under 3.5,1.45,,,WON,
2025-11-22T15:00:00+00:00,Premier League,Fulham,Sunderland,Over/Under Goals,Under 3.5,1.22,,,WON,
2025-11-22T15:00:00+00:00,Premier League,Liverpool,Nottingham Forest,Over/Under Goals,Under 3.5,1.55,,,WON,
2025-11-22T15:00:00+00:00,Premier League,Pharco,Ceramica Cleopatra,Over/Under Goals,Under 2.5,1.48,,,WON,
2025-11-22T15:00:00+00:00,Premier League,Wolves,Crystal Palace,Over/Under Goals,Over 1.5,1.33,,,WON,
2025-11-22T15:00:00+00:00,Premiership,Ballymena United,Crusaders FC,Over/Under Goals,Under 3.5,1.33,,,LOST,
2025-11-22T15:00:00+00:00,Premiership,Bangor,Linfield,Over/Under Goals,Under 3.5,1.44,,,WON,
2025-11-22T15:00:00+00:00,Premiership,Carrick Rangers,Portadown,Over/Under Goals,Under 3.5,1.36,,,WON,
2025-11-22T15:00:00+00:00,Premiership,Cliftonville FC,Coleraine FC,Over/Under Goals,Under 3.5,1.33,,,WON,
2025-11-22T15:00:00+00:00,Premiership,Dundee Utd,Falkirk,1X2 / Match Winner,Draw,3.94,,,LOST,
2025-11-22T15:00:00+00:00,Premiership,Hibernian,Dundee,Over/Under Goals,Under 3.5,1.48,,,WON,
2025-11-22T15:00:00+00:00,Premiership,Kilmarnock,Motherwell,Double Chance,Draw/Away,1.4,,,WON,
2025-11-22T15:00:00+00:00,Premiership,Rangers,Livingston,Over/Under Goals,Under 3.5,1.57,,,WON,
2025-11-22T15:00:00+00:00,Premijer Liga,Rudar Prijedor,FK Sarajevo,Over/Under Goals,Under 2.5,1.65,,,LOST,
2025-11-22T15:00:00+00:00,Primera División Femenina,FC Levante Badalona,Espanyol W,Over/Under Goals,Under 2.5,1.4,,,WON,
2025-11-22T15:00:00+00:00,Segunda División RFEF - Group 1,Racing Santander II,Sarriana,Over/Under Goals,Under 3.5,1.18,,,WON,
2025-11-22T15:00:00+00:00,Segunda División RFEF - Group 3,Valencia II,Atlètic Lleida,Team Total Goals,Over 0.5,1.42,,,LOST,
2025-11-22T15:00:00+00:00,Superliga,Egnatia Rrogozhinë,Bylis,Over/Under Goals,Under 2.5,1.57,,,LOST,
2025-11-22T15:00:00+00:00,Superliga,Vora,Teuta Durrës,Over/Under Goals,Under 2.5,1.44,,,WON,
2025-11-22T15:00:00+00:00,Taça de Portugal,Guimaraes,Mortágua,Over/Under Goals,Under 3.5,2.75,,,LOST,
2025-11-22T15:10:00+00:00,FA Cup,Al-Rustaq,Al-Khabourah,Double Chance,Draw/Away,1.5,,,WON,
2025-11-22T15:15:00+00:00,La Liga,Barcelona,Athletic Club,1X2 / Match Winner,Home,1.49,,,WON,
2025-11-22T15:15:00+00:00,Primera División RFEF - Group 1,Lugo,Pontevedra,Over/Under Goals,Under 3.5,1.15,,,WON,
2025-11-22T15:15:00+00:00,Primera División RFEF - Group 1,Mérida AD,Real Avilés,Over/Under Goals,Under 3.5,1.2,,,WON,
2025-11-22T15:15:00+00:00,Segunda Division,FC Andorra,Castellón,Double Chance,Home/Draw,1.42,,,LOST,
2025-11-22T15:15:00+00:00,Segunda División RFEF - Group 5,Colonia Moscardó,Intercity,Double Chance,Home/Draw,1.5,,,LOST,
2025-11-22T15:30:00+00:00,3. Liga,VfL Osnabrück,FC Ingolstadt 04,Team Total Goals,Over 0.5,1.16,,,WON,
2025-11-22T15:30:00+00:00,Eerste Divisie,Emmen,Roda,Over/Under Goals,Under 3.5,1.6,,,WON,
2025-11-22T15:30:00+00:00,Eredivisie,NAC Breda,PSV Eindhoven,Over/Under Goals,Over 2.5,1.35,,,LOST,
2025-11-22T15:30:00+00:00,Pro League,Al Ain,Al-Jazira,Over/Under Goals,Under 3.5,1.45,,,WON,
2025-11-22T15:30:00+00:00,Segunda División RFEF - Group 1,Burgos Promesas,Numancia,Over/Under Goals,Under 2.5,1.57,,,WON,
2025-11-22T15:30:00+00:00,Segunda División RFEF - Group 2,Basconia,UD Logroñés,Over/Under Goals,Under 3.5,1.2,,,LOST,
2025-11-22T15:30:00+00:00,Shield Cup,Al Wihdat,Al Buqa'a,Over/Under Goals,Under 3.5,1.44,,,LOST,
2025-11-22T15:30:00+00:00,Taça de Portugal,SC Covilha,Lusitano Évora 1911,Over/Under Goals,Under 3.5,1.5,,,WON,
2025-11-22T15:30:00+00:00,Tercera División RFEF - Group 18,Illescas,Cazalegas,1X2 / Match Winner,Home,1.67,,,LOST,
2025-11-22T16:00:00+00:00,1. Division,Egersund,Ranheim,Over/Under Goals,Under 3.5,1.53,,,LOST,
2025-11-22T16:00:00+00:00,2. Division,PAEEK,Ethnikos Latsion,Over/Under Goals,Under 3.5,1.29,,,WON,
2025-11-22T16:00:00+00:00,III Liga - Group 4,Wisła Kraków II,Sparta KW,1X2 / Match Winner,Home,1.27,,,WON,
2025-11-22T16:00:00+00:00,Ligue 1,Lens,Strasbourg,Over/Under Goals,Over 1.5,1.2,,,LOST,
2025-11-22T16:00:00+00:00,Premier League,Bahardar,Mebrat Hayl,Double Chance,Home/Draw,1.4,,,WON,
2025-11-22T16:00:00+00:00,Premier League,Obolon'-Brovar,Shakhtar Donetsk,Over/Under Goals,Under 3.5,1.24,,,LOST,
2025-11-22T16:00:00+00:00,Premier Soccer League,Marumo Gallants,Sekhukhune United,Double Chance,Home/Draw,1.48,,,WON,
2025-11-22T16:00:00+00:00,Segunda División RFEF - Group 1,Atlético Astorga,Real Oviedo II,Over/Under Goals,Under 3.5,1.18,,,WON,
2025-11-22T16:00:00+00:00,Segunda División RFEF - Group 2,Utebo,Mutilvera,Asian Handicap,Away -1.25,1.54,,,LOST,
2025-11-22T16:00:00+00:00,Super Liga,Napredak,Cukaricki,Over/Under Goals,Under 3.5,1.3,,,WON,
2025-11-22T16:00:00+00:00,TFF 1. Lig,İstanbulspor,Sakaryaspor,Double Chance,Draw/Away,1.7,,,WON,
2025-11-22T16:00:00+00:00,Taça de Portugal,1º Dezembro,União de Leiria,Over/Under Goals,Under 3.5,1.7,,,LOST,
2025-11-22T16:00:00+00:00,Tipp3 Bundesliga,FC BW Linz,Austria Vienna,Over/Under Goals,Over 1.5,1.33,,,WON,
2025-11-22T16:00:00+00:00,Tipp3 Bundesliga,SCR Altach,Wolfsberger AC,Double Chance,Home/Draw,1.42,,,WON,
2025-11-22T16:00:00+00:00,Tipp3 Bundesliga,TSV Hartberg,Ried,Double Chance,Home/Draw,1.5,,,WON,
2025-11-22T16:15:00+00:00,Premier League,Nouakchott Academie,N'Zidane,Double Chance,Home/Draw,1.44,,,LOST,
2025-11-22T16:15:00+00:00,Serie B,Padova,Venezia,Over/Under Goals,Over 1.5,1.4,,,WON,
2025-11-22T16:30:00+00:00,1. SNL,NK Domzale,Celje,Over/Under Goals,Under 3.5,2.0,,,WON,
2025-11-22T16:30:00+00:00,Ekstraklasa,Raków Częstochowa,Piast Gliwice,Over/Under Goals,Over 1.5,1.4,,,WON,
2025-11-22T16:30:00+00:00,Iraqi League,Erbil,Gharraf,Over/Under Goals,Under 2.5,1.5,,,LOST,
2025-11-22T16:30:00+00:00,Premier League,Rubin,Akhmat,Over/Under Goals,Under 3.5,1.22,,,WON,
2025-11-22T16:30:00+00:00,Segunda División RFEF - Group 5,SS Reyes,Orihuela,Over/Under Goals,Under 3.5,1.16,,,WON,
2025-11-22T16:30:00+00:00,Serie C - Girone A,Arzignano Valchiampo,Dolomiti Bellunesi,Over/Under Goals,Under 3.5,1.22,,,LOST,
2025-11-22T16:30:00+00:00,Serie C - Girone A,Virtus Verona,Triestina,Over/Under Goals,Under 3.5,1.22,,,WON,
2025-11-22T16:30:00+00:00,Serie C - Girone B,Pianese,Forli,Over/Under Goals,Under 3.5,1.2,,,LOST,
2025-11-22T16:30:00+00:00,Serie C - Girone B,Ravenna,Gubbio,Over/Under Goals,Over 1.5,1.44,,,WON,
2025-11-22T16:30:00+00:00,Serie C - Girone C,SS Monopoli,AZ Picerno,Over/Under Goals,Under 3.5,1.25,,,WON,
2025-11-22T16:30:00+00:00,Stars League,Al Sadd,Al-Sailiya,BTTS,Yes,1.53,,,WON,
2025-11-22T17:00:00+00:00,1. Division,Olympiakos,AEK Larnaca,Over/Under Goals,Under 3.5,1.33,,,LOST,
2025-11-22T17:00:00+00:00,2. SNL,Gorica,Jesenice,Over/Under Goals,Over 1.5,1.18,,,LOST,
2025-11-22T17:00:00+00:00,Challenge League,FC Aarau,Stade Nyonnais,Over/Under Goals,Under 3.5,1.62,,,WON,
2025-11-22T17:00:00+00:00,Czech Liga,Slavia Praha,Bohemians 1905,Over/Under Goals,Under 3.5,1.48,,,LOST,
2025-11-22T17:00:00+00:00,Derde Divisie - Sunday,Groene Ster,SteDoCo,Double Chance,Home/Draw,1.67,,,WON,
2025-11-22T17:00:00+00:00,Derde Divisie - Sunday,Roosendaal,ASWH,Over/Under Goals,Over 2.5,1.53,,,WON,
2025-11-22T17:00:00+00:00,Derde Divisie - Sunday,Vvsb,Meerssen,1X2 / Match Winner,Home,1.26,,,LOST,
2025-11-22T17:00:00+00:00,Eliteserien,Molde,Brann,Over/Under Goals,Over 1.5,1.18,,,WON,
2025-11-22T17:00:00+00:00,Eliteserien,Stromsgodset,Sandefjord,Team Total Goals,Under 2.5,1.2,,,WON,
2025-11-22T17:00:00+00:00,Esiliiga B,Paide II,Tulevik,Double Chance,Draw/Away,1.67,,,LOST,
2025-11-22T17:00:00+00:00,First League,Sutjeska,Dečić,Over/Under Goals,Under 3.5,1.15,,,LOST,
2025-11-22T17:00:00+00:00,Liga Premier Serie A,Mineros de Fresnillo,Durango,1X2 / Match Winner,Away,1.57,,,WON,
2025-11-22T17:00:00+00:00,National 2 - Group C,Cannes,Grasse,Over/Under Goals,Under 3.5,1.25,,,LOST,
2025-11-22T17:00:00+00:00,Prva HNL,HNK Rijeka,HNK Hajduk Split,Over/Under Goals,Under 3.5,1.17,,,LOST,
2025-11-22T17:00:00+00:00,Serie A,Fiorentina,Juventus,1X2 / Match Winner,Draw,3.56,,,WON,
2025-11-22T17:00:00+00:00,Super League,BSC Young Boys,FC Winterthur,1X2 / Match Winner,Home,1.4,,,WON,
2025-11-22T17:00:00+00:00,Super League,FC Luzern,Servette FC,Over/Under Goals,Over 1.5,1.18,,,WON,
2025-11-22T17:00:00+00:00,Super Liga,FK Košice,Spartak Trnava,Over/Under Goals,Over 1.5,1.2,,,WON,
2025-11-22T17:00:00+00:00,Tweede Divisie,De Treffers,Koninklijke HFC,Double Chance,Home/Draw,1.18,,,WON,
2025-11-22T17:15:00+00:00,Campionato,Pennarossa,La Fiorita,Over/Under Goals,Under 3.5,2.0,,,LOST,
2025-11-22T17:15:00+00:00,Jupiler Pro League,KVC Westerlo,Gent,Double Chance,Draw/Away,1.62,,,WON,
2025-11-22T17:30:00+00:00,1. Liga Promotion,FC Schaffhausen,Lausanne Sport II,Team Total Goals,Under 2.5,1.38,,,WON,
2025-11-22T17:30:00+00:00,Bundesliga 1,1.FC Köln,Eintracht Frankfurt,Double Chance,Draw/Away,1.4,,,WON,
2025-11-22T17:30:00+00:00,La Liga,Osasuna,Real Sociedad,Over/Under Goals,Under 3.5,1.22,,,LOST,
2025-11-22T17:30:00+00:00,League One,Inverness CT,Queen of the South,Asian Handicap,Home +0.25,1.15,,,WON,
2025-11-22T17:30:00+00:00,National League,Boston United,Carlisle,Team Total Goals,Over 0.5,1.17,,,WON,
2025-11-22T17:30:00+00:00,Premier League,Newcastle,Manchester City,Over/Under Goals,Over 1.5,1.22,,,WON,
2025-11-22T17:30:00+00:00,Primera División RFEF - Group 1,Arenas Getxo,Tenerife,Over/Under Goals,Under 3.5,1.17,,,LOST,
2025-11-22T17:30:00+00:00,Primera División RFEF - Group 1,Arenteiro,Ourense CF,Over/Under Goals,Under 3.5,1.16,,,WON,
2025-11-22T17:30:00+00:00,Primera División RFEF - Group 2,Teruel,Juventud Torremolinos,Over/Under Goals,Under 3.5,1.15,,,WON,
2025-11-22T17:30:00+00:00,Segunda Division,Eibar,Zaragoza,Over/Under Goals,Over 1.5,1.42,,,WON,
2025-11-22T17:30:00+00:00,Segunda Division,Leganes,Almeria,Double Chance,Draw/Away,1.48,,,WON,
2025-11-22T17:30:00+00:00,Segunda División RFEF - Group 2,Sestao River,Eibar II,Over/Under Goals,Under 2.5,1.44,,,WON,
2025-11-22T17:30:00+00:00,Super League 1,Asteras Tripolis,Panetolikos,Over/Under Goals,Under 3.5,1.25,,,WON,
2025-11-22T17:30:00+00:00,Super Liga,FK Partizan,Železničar Pančevo,Over/Under Goals,Under 3.5,1.53,,,LOST,
2025-11-22T17:45:00+00:00,Eredivisie,Ajax,Excelsior,Team Total Goals,Over 0.5,1.48,,,WON,
2025-11-22T17:45:00+00:00,Eredivisie,FC Volendam,Twente,Over/Under Goals,Over 2.5,1.55,,,LOST,
2025-11-22T18:00:00+00:00,Liga Premier Serie A,Chilpancingo,Ciervos,1X2 / Match Winner,Home,1.42,,,LOST,
2025-11-22T18:00:00+00:00,Ligue 1,ISCA,ASEC Mimosas,Over/Under Goals,Under 2.5,1.5,,,LOST,
2025-11-22T18:00:00+00:00,Ligue 1,Rennes,Monaco,Double Chance,Home/Draw,1.5,,,WON,
2025-11-22T18:00:00+00:00,Premier League,El Geish,Enppi,Over/Under Goals,Under 2.5,1.3,,,WON,
2025-11-22T18:00:00+00:00,Premier League,Future FC,National Bank of Egypt,Double Chance,Home/Draw,1.5,,,WON,
2025-11-22T18:00:00+00:00,Segunda División RFEF - Group 2,Amorebieta,Náxara,Over/Under Goals,Under 3.5,1.18,,,WON,
2025-11-22T18:00:00+00:00,Segunda División RFEF - Group 3,Barcelona B,Terrassa,Over/Under Goals,Under 3.5,1.31,,,WON,
2025-11-22T18:00:00+00:00,Super League 1,Olympiakos Piraeus,Atromitos,Over/Under Goals,Over 1.5,1.15,,,WON,
2025-11-22T18:00:00+00:00,Super League Women,Standard Liege W,Gent W,Over/Under Goals,Under 3.5,1.49,,,WON,
2025-11-22T18:00:00+00:00,Taça de Portugal,Estoril,Famalicao,Over/Under Goals,Under 3.5,1.36,,,WON,
2025-11-22T18:00:00+00:00,Taça de Portugal,Sporting CP,Marinhense,Over/Under Goals,Under 3.5,4.2,,,WON,
2025-11-22T18:00:00+00:00,WSL Cup,Sheffield United W,Liverpool W,Over/Under Goals,Under 3.5,1.67,,,LOST,
2025-11-22T18:30:00+00:00,First Amateur Division,Merelbeke,Dessel Sport,Over/Under Goals,Over 1.5,1.18,,,WON,
2025-11-22T18:30:00+00:00,First Amateur Division,Ninove,Oud-Heverlee Leuven II,Double Chance,Home/Draw,1.25,,,LOST,
2025-11-22T18:30:00+00:00,First Amateur Division,Union Saint-Gilloise II,Standard Liège II,Asian Handicap,Home +0.25,1.47,,,WON,
2025-11-22T18:30:00+00:00,I Liga,Chrobry Głogów,Wieczysta Kraków,Double Chance,Home/Draw,1.6,,,LOST,
2025-11-22T18:30:00+00:00,I Liga,Polonia Bytom,Stal Mielec,Over/Under Goals,Under 3.5,1.5,,,LOST,
2025-11-22T18:30:00+00:00,I Liga,Stal Rzeszów,Tychy 71,Double Chance,Home/Draw,1.55,,,WON,
2025-11-22T18:30:00+00:00,Liga I,FCSB,Petrolul Ploiesti,Over/Under Goals,Under 3.5,1.28,,,WON,
2025-11-22T18:30:00+00:00,NB I,Ferencvarosi TC,Nyiregyhaza,Over/Under Goals,Over 1.5,1.17,,,WON,
2025-11-22T18:30:00+00:00,Serie B,Bari,Frosinone,Double Chance,Home/Draw,1.5,,,LOST,
2025-11-22T18:30:00+00:00,Super Liga,FK Spartak Zdrepceva KRV,OFK Beograd,Double Chance,Home/Draw,1.42,,,WON,
2025-11-22T19:00:00+00:00,Challenger Pro League,KAA Gent II,KRC Genk II,Over/Under Goals,Under 3.5,1.5,,,WON,
2025-11-22T19:00:00+00:00,Challenger Pro League,Kortrijk,Lommel United,Over/Under Goals,Over 2.5,1.62,,,WON,
2025-11-22T19:00:00+00:00,Challenger Pro League,RSC Anderlecht II,Seraing United,Asian Handicap,Home +0.25,1.5,,,WON,
2025-11-22T19:00:00+00:00,Erste Liga,Sturm Graz II,WSPG Wels,Over/Under Goals,Under 3.5,1.42,,,WON,
2025-11-22T19:00:00+00:00,First Amateur Division,Albert Quévy-Mons,Sporting Charleroi II,Over/Under Goals,Under 3.5,1.33,,,WON,
2025-11-22T19:00:00+00:00,First Amateur Division,Hoogstraten,Cercle Brugge II,Over/Under Goals,Under 3.5,1.38,,,LOST,
2025-11-22T19:00:00+00:00,First Amateur Division,Lyra-Lierse Berlaar,Diegem Sport,Asian Handicap,Home +0,1.53,,,LOST,
2025-11-22T19:00:00+00:00,First Amateur Division,Rochefort,Tubize,1X2 / Match Winner,Away,1.57,,,WON,
2025-11-22T19:00:00+00:00,First Amateur Division,Sporting Hasselt,Houtvenne,1X2 / Match Winner,Home,1.44,,,WON,
2025-11-22T19:00:00+00:00,Liga Pro,Manta FC,Cuniburo,Over/Under Goals,Under 3.5,1.28,,,LOST,
2025-11-22T19:00:00+00:00,Liga Pro,Mushuc Runa SC,Tecnico Universitario,Over/Under Goals,Under 3.5,1.2,,,WON,
2025-11-22T19:00:00+00:00,Ligue 2,Saint Etienne,Nancy,Over/Under Goals,Over 1.5,1.22,,,WON,
2025-11-22T19:00:00+00:00,Primera División,Blooming,Real Tomayapo,1X2 / Match Winner,Home,1.46,,,WON,
2025-11-22T19:15:00+00:00,Ekstraklasa,Legia Warszawa,Lechia Gdansk,Over/Under Goals,Over 1.5,1.2,,,WON,
2025-11-22T19:30:00+00:00,Bundesliga 2,SV Darmstadt 98,SpVgg Greuther Fürth,1X2 / Match Winner,Home,1.58,,,WON,
2025-11-22T19:30:00+00:00,Serie C - Girone B,Athletic Carpi,Rimini,Over/Under Goals,Under 3.5,1.2,,,WON,
2025-11-22T19:30:00+00:00,Super League,FC Thun,FC Lugano,Over/Under Goals,Under 3.5,1.5,,,WON,
2025-11-22T19:45:00+00:00,Jupiler Pro League,Club Brugge KV,Charleroi,Over/Under Goals,Over 1.5,1.2,,,LOST,
2025-11-22T19:45:00+00:00,Serie A,Napoli,Atalanta,Over/Under Goals,Under 3.5,1.28,,,LOST,
2025-11-22T20:00:00+00:00,Eredivisie,Heracles,GO Ahead Eagles,Over/Under Goals,Over 1.5,1.18,,,WON,
2025-11-22T20:00:00+00:00,Eredivisie,Sparta Rotterdam,Fortuna Sittard,Over/Under Goals,Over 1.5,1.22,,,WON,
2025-11-22T20:00:00+00:00,La Liga,Villarreal,Mallorca,Over/Under Goals,Under 3.5,1.45,,,WON,
2025-11-22T20:00:00+00:00,Liga Nacional,Mixco,Achuapa,Over/Under Goals,Under 3.5,1.18,,,LOST,
2025-11-22T20:00:00+00:00,Premiership,ST Mirren,Celtic,1X2 / Match Winner,Away,1.52,,,WON,
2025-11-22T20:00:00+00:00,Primera B Metropolitana,Flandria,Real Pilar,Over/Under Goals,Under 2.5,1.36,,,WON,
2025-11-22T20:00:00+00:00,Primera B Metropolitana,Villa San Carlos,Acassuso,1X2 / Match Winner,Draw,3.0,,,WON,
2025-11-22T20:00:00+00:00,Primera C,Deportivo Español,Mercedes,Over/Under Goals,Under 2.5,1.4,,,LOST,
2025-11-22T20:00:00+00:00,Primera División RFEF - Group 2,Hércules,Real Betis II,Over/Under Goals,Under 3.5,1.18,,,WON,
2025-11-22T20:00:00+00:00,Segunda Division,Granada CF,Cordoba,Asian Handicap,Home +0.25,1.42,,,WON,
2025-11-22T20:05:00+00:00,Ligue 1,Paris Saint Germain,Le Havre,Over/Under Goals,Under 3.5,1.67,,,WON,
2025-11-22T20:15:00+00:00,Taça de Portugal,FC Porto,Sintrense,Over/Under Goals,Under 3.5,3.55,,,WON,
2025-11-22T20:30:00+00:00,Liga Premier Serie A,Pioneros de Cancún,Chapulineros,Over/Under Goals,Over 1.5,1.25,,,WON,
2025-11-22T20:30:00+00:00,Primera Division,Cultural Santa Rosa,Universitario,Over/Under Goals,Under 3.5,1.36,,,LOST,
2025-11-22T21:00:00+00:00,Primera Division,Coquimbo Unido,D. La Serena,1X2 / Match Winner,Home,1.6,,,WON,
2025-11-22T21:00:00+00:00,Primera División,Municipal Liberia,Guadalupe FC,Over/Under Goals,Under 3.5,1.39,,,WON,
2025-11-22T21:00:00+00:00,Segunda División,Deportivo Maldonado,Atenas,Over/Under Goals,Under 3.5,1.17,,,WON,
2025-11-22T21:00:00+00:00,Segunda División,Provincial Osorno,Santiago City,Over/Under Goals,Under 3.5,1.62,,,LOST,
2025-11-22T21:30:00+00:00,Liga Premier Serie B,Acambaro,Poza Rica,1X2 / Match Winner,Home,1.7,,,LOST,
2025-11-22T21:30:00+00:00,Primera División,The Strongest,Real Oruro,Over/Under Goals,Under 3.5,2.1,,,WON,
2025-11-22T22:00:00+00:00,Liga Nacional,Mictlán,Aurora,Over/Under Goals,Under 3.5,1.17,,,LOST,
2025-11-22T22:00:00+00:00,Primera A,Santa Fe,Fortaleza FC,Over/Under Goals,Under 3.5,1.22,,,WON,
2025-11-22T22:05:00+00:00,Primera B Metropolitana,Sportivo Italiano,Deportivo Armenio,Double Chance,Draw/Away,1.57,,,WON,
2025-11-22T22:30:00+00:00,Serie A,Botafogo,Gremio,Over/Under Goals,Under 3.5,1.25,,,LOST,
2025-11-22T22:30:00+00:00,Serie B,Novorizontino,CRB,Team Total Goals,Over 0.5,1.53,,,LOST,
2025-11-22T23:00:00+00:00,Primera Division,Velez Sarsfield,Argentinos JRS,Over/Under Goals,Under 2.5,1.4,,,WON,
2025-11-22T23:15:00+00:00,Liga Nacional,Lobos Upnfm,Juticalpa,Over/Under Goals,Under 3.5,1.28,,,WON,
2025-11-22T23:30:00+00:00,Primera Division,U. Catolica,Palestino,Over/Under Goals,Under 3.5,1.25,,,WON,
2025-11-22T23:30:00+00:00,Segunda División,Concón National,Deportes Rengo,Asian Handicap,Home +0.25,1.16,,,WON,
2025-11-22T23:30:00+00:00,Segunda División,Linares Unido,D. Puerto Montt,Over/Under Goals,Under 3.5,1.22,,,WON,
2025-11-23T00:00:00+00:00,Liga Nacional,Municipal,Antigua GFC,Over/Under Goals,Under 3.5,1.22,,,WON,
2025-11-23T00:00:00+00:00,Liga Pro,Emelec,Aucas,1X2 / Match Winner,Draw,3.6,,,LOST,
2025-11-23T00:00:00+00:00,Liga de Ascenso,AD Carmelita,Inter San Carlos,Double Chance,Draw/Away,1.18,,,WON,
2025-11-23T00:00:00+00:00,Primera División,Jorge Wilstermann,Oriente Petrolero,Double Chance,Draw/Away,1.67,,,LOST,
2025-11-23T00:15:00+00:00,Primera Nacional,Estudiantes de Rio Cuarto,Deportivo Madryn,BTTS,No,1.57,,,WON,
2025-11-23T00:30:00+00:00,Primera A,Deportes Tolima,Bucaramanga,Asian Handicap,Home +0,1.62,,,WON,
2025-11-23T00:30:00+00:00,Serie A,Flamengo,RB Bragantino,Result + Total Goals,Home/Over 1.5,1.44,,,WON,
2025-11-23T00:30:00+00:00,Serie A,Palmeiras,Fluminense,Over/Under Goals,Under 3.5,1.28,,,WON,
2025-11-23T00:30:00+00:00,USL Super League,Tampa Bay Sun W,Lexington W,Over/Under Goals,Under 3.5,1.36,,,WON,
2025-11-23T01:00:00+00:00,Liga de Expansión MX,Irapuato,Monarcas,Team Total Goals,Over 0.5,1.44,,,WON,
2025-11-23T01:00:00+00:00,NWSL Women,Washington Spirit W,NJ/NY Gotham FC W,Over/Under Goals,Under 3.5,1.25,,,WON,
2025-11-23T01:00:00+00:00,Primera Division,Central Cordoba de Santiago,San Lorenzo,Over/Under Goals,Under 2.5,1.35,,,LOST,
2025-11-23T02:00:00+00:00,A-League,Auckland,Brisbane Roar,Over/Under Goals,Under 3.5,1.3,,,WON,
2025-11-23T02:00:00+00:00,Primera División,Deportivo Saprissa,CS Herediano,Over/Under Goals,Under 3.5,1.34,,,WON,
2025-11-23T04:00:00+00:00,J2 League,Oita Trinita,JEF United Chiba,Over/Under Goals,Under 2.5,1.65,,,WON,
2025-11-23T04:00:00+00:00,J3 League,Kagoshima United,FC Ryukyu,Over/Under Goals,Under 3.5,1.38,,,WON,
2025-11-23T04:00:00+00:00,J3 League,Vanraure Hachinohe,Kamatamare Sanuki,Over/Under Goals,Under 3.5,1.22,,,WON,
2025-11-23T04:05:00+00:00,Australian Championship,South Melbourne,NWS Spirit,Over/Under Goals,Under 3.5,1.4,,,WON,
2025-11-23T04:05:00+00:00,J2 League,V-varen Nagasaki,Mito Hollyhock,Over/Under Goals,Under 3.5,1.3,,,WON,
2025-11-23T05:00:00+00:00,J2 League,Blaublitz Akita,Vegalta Sendai,Over/Under Goals,Under 3.5,1.22,,,WON,
2025-11-23T05:00:00+00:00,J2 League,Fujieda MYFC,Sagan Tosu,Over/Under Goals,Under 3.5,1.33,,,WON,
2025-11-23T05:00:00+00:00,J2 League,Imabari,Consadole Sapporo,Over/Under Goals,Under 3.5,1.38,,,WON,
2025-11-23T05:00:00+00:00,J2 League,Iwaki,Renofa Yamaguchi,Over/Under Goals,Under 3.5,1.28,,,WON,
2025-11-23T05:00:00+00:00,J2 League,Jubilo Iwata,Montedio Yamagata,Over/Under Goals,Under 3.5,1.36,,,LOST,
2025-11-23T05:00:00+00:00,J2 League,Omiya Ardija,Tokushima Vortis,Over/Under Goals,Under 3.5,1.28,,,WON,
2025-11-23T05:00:00+00:00,J2 League,Ventforet Kofu,Kataller Toyama,Over/Under Goals,Under 3.5,1.25,,,WON,
2025-11-23T05:00:00+00:00,J3 League,Azul Claro Numazu,Fukushima United,Over/Under Goals,Under 3.5,1.34,,,LOST,
2025-11-23T05:00:00+00:00,J3 League,Kitakyushu,Kanazawa,Double Chance,Draw/Away,1.44,,,LOST,
2025-11-23T05:00:00+00:00,J3 League,Tegevajaro Miyazaki,FC Gifu,Over/Under Goals,Over 1.5,1.25,,,WON,
2025-11-23T05:00:00+00:00,J3 League,Thespakusatsu Gunma,Matsumoto Yamaga,Over/Under Goals,Over 1.5,1.25,,,WON,
2025-11-23T05:00:00+00:00,J3 League,Tochigi City,Parceiro Nagano,Over/Under Goals,Under 3.5,1.39,,,WON,
2025-11-23T05:00:00+00:00,J3 League,Tochigi SC,Gainare Tottori,Over/Under Goals,Under 3.5,1.19,,,WON,
2025-11-23T05:00:00+00:00,K League 2,Asan Mugunghwa,Jeonnam Dragons,Over/Under Goals,Under 3.5,1.38,,,WON,
2025-11-23T05:00:00+00:00,K League 2,Bucheon FC 1995,Hwaseong,Over/Under Goals,Under 3.5,1.28,,,WON,
2025-11-23T05:00:00+00:00,K League 2,Gyeongnam FC,Cheonan City,Over/Under Goals,Under 3.5,1.33,,,WON,
2025-11-23T05:00:00+00:00,K League 2,Incheon United,Cheongju,Over/Under Goals,Under 3.5,1.25,,,WON,
2025-11-23T05:00:00+00:00,K League 2,Seongnam FC,Busan I Park,Over/Under Goals,Under 3.5,1.25,,,WON,
2025-11-23T05:00:00+00:00,K League 2,Seoul E-Land FC,Ansan Greeners,Over/Under Goals,Under 3.5,1.33,,,LOST,
2025-11-23T05:00:00+00:00,K League 2,Suwon Bluewings,Gimpo Citizen,Over/Under Goals,Under 3.5,1.42,,,WON,
2025-11-23T05:00:00+00:00,K-League Classic,Jeju United FC,Daegu FC,Double Chance,Draw/Away,1.62,,,WON,
2025-11-23T06:00:00+00:00,A-League,Newcastle Jets,Perth Glory,Asian Handicap,Home +0,1.42,,,LOST,
2025-11-23T07:00:00+00:00,First League,Enisey,Rodina Moskva,Over/Under Goals,Under 3.5,1.17,,,WON,
2025-11-23T07:00:00+00:00,J2 League,Ehime FC,Roasso Kumamoto,1X2 / Match Winner,Draw,3.86,,,WON,
2025-11-23T07:30:00+00:00,Taiwan Football Premier League,Taichung Futuro,AC Taipei,Team Total Goals,Over 0.5,1.16,,,LOST,
2025-11-23T08:00:00+00:00,Diski Challenge,Mamelodi Sundowns U23,Polokwane City U23,Over/Under Goals,Over 1.5,1.16,,,WON,
2025-11-23T08:30:00+00:00,Liga 1,Persita,Malut United,Over/Under Goals,Under 3.5,1.21,,,WON,
2025-11-23T08:45:00+00:00,C-League,Kirivong Sok Sen Chey,Dangkor Senchey,Over/Under Goals,Under 3.5,1.5,,,WON,
2025-11-23T09:00:00+00:00,Super League,Imigresen,Pdrm,Over/Under Goals,Under 3.5,1.55,,,LOST,
2025-11-23T09:00:00+00:00,Tercera División RFEF - Group 13,Real Murcia II,Bala Azul,Over/Under Goals,Under 2.5,1.6,,,WON,
2025-11-23T09:30:00+00:00,Erste Liga,SKN ST. Polten,SV Kapfenberg,Over/Under Goals,Under 3.5,1.48,,,WON,
2025-11-23T10:00:00+00:00,Campionato Primavera - 1,Lecce U20,Cagliari U20,Double Chance,Home/Draw,1.15,,,LOST,
2025-11-23T10:00:00+00:00,First League,Dobrudzha,Lokomotiv Plovdiv,Over/Under Goals,Under 2.5,1.7,,,WON,
2025-11-23T10:00:00+00:00,Premier League,Krylia Sovetov,FC Rostov,Over/Under Goals,Under 3.5,1.21,,,WON,
2025-11-23T10:30:00+00:00,Segunda División RFEF - Group 5,Getafe II,Socuéllamos,1X2 / Match Winner,Home,1.5,,,WON,
2025-11-23T10:30:00+00:00,Segunda División RFEF - Group 5,Navalcarnero,Tenerife II,Over/Under Goals,Under 3.5,1.16,,,LOST,
2025-11-23T10:30:00+00:00,TFF 1. Lig,76 Iğdır Belediyespor,Erzurum BB,Over/Under Goals,Over 1.5,1.33,,,WON,
2025-11-23T10:30:00+00:00,TFF 1. Lig,Ümraniyespor,BB Bodrumspor,Over/Under Goals,Under 3.5,1.36,,,WON,
2025-11-23T10:30:00+00:00,Taiwan Football Premier League,Tainan City,Taipower,Team Total Goals,Under 2.5,1.46,,,LOST,
2025-11-23T10:30:00+00:00,Tercera División RFEF - Group 4,Zamudio,Lagun Onak,Double Chance,Draw/Away,1.5,,,LOST,
2025-11-23T10:45:00+00:00,Tercera División RFEF - Group 5,Tona,Badalona,Over/Under Goals,Under 2.5,1.53,,,WON,
2025-11-23T11:00:00+00:00,1 Lyga,FA Šiauliai II,Sveikata,Double Chance,Home/Draw,1.3,,,WON,
2025-11-23T11:00:00+00:00,AFC Women's Champions League,Wuhan Jiangda W,Bam Khatoon W,Over/Under Goals,Under 3.5,1.5,,,LOST,
2025-11-23T11:00:00+00:00,C-League,Angkor Tiger,Kompong Dewa,Over/Under Goals,Under 3.5,1.7,,,WON,
2025-11-23T11:00:00+00:00,C-League,NagaWorld,Svay Rieng,Result + Total Goals,Away/Over 1.5,1.4,,,WON,
2025-11-23T11:00:00+00:00,Campeonato de Portugal Prio - Group A,Camacha,Vianense,1X2 / Match Winner,Home,1.59,,,LOST,
2025-11-23T11:00:00+00:00,First League,FC UFA,Fakel,Over/Under Goals,Over 1.5,1.4,,,WON,
2025-11-23T11:00:00+00:00,Frauen Bundesliga,RB Leipzig W,VfL Wolfsburg W,BTTS,Yes,1.7,,,WON,
2025-11-23T11:00:00+00:00,I Liga,Ruch Chorzów,Znicz Pruszków,Over/Under Goals,Under 3.5,1.42,,,WON,
2025-11-23T11:00:00+00:00,III Liga - Group 2,Lech Poznań II,Elana Toruń,Over/Under Goals,Under 3.5,1.56,,,WON,
2025-11-23T11:00:00+00:00,III Liga - Group 4,Korona Kielce II,Sokół Kolb.,Over/Under Goals,Under 3.5,1.54,,,LOST,
2025-11-23T11:00:00+00:00,Premier League,Bate Borisov,Naftan,Over/Under Goals,Under 3.5,1.3,,,LOST,
2025-11-23T11:00:00+00:00,Premier League,Kryvbas KR,Veres Rivne,Over/Under Goals,Under 3.5,1.28,,,LOST,
2025-11-23T11:00:00+00:00,Premier League,Smorgon,Molodechno-DYuSSh 4,1X2 / Match Winner,Draw,3.6,,,LOST,
2025-11-23T11:00:00+00:00,Premyer Liqa,Sabah FA,Keshla FC,1X2 / Match Winner,Draw,3.9,,,WON,
2025-11-23T11:00:00+00:00,Primera División Femenina,Real Sociedad W,Alhama,1X2 / Match Winner,Home,1.15,,,WON,
2025-11-23T11:00:00+00:00,Primera División RFEF - Group 1,Celta de Vigo II,Ponferradina,Over/Under Goals,Under 3.5,1.2,,,WON,
2025-11-23T11:00:00+00:00,Primera División RFEF - Group 2,Alcorcon,Tarazona,Over/Under Goals,Under 2.5,1.4,,,WON,
2025-11-23T11:00:00+00:00,Primera División RFEF - Group 2,Algeciras,Sanluqueño,Over/Under Goals,Under 3.5,1.17,,,WON,
2025-11-23T11:00:00+00:00,Segunda División RFEF - Group 2,Deportivo Alavés II,Real Unión,Over/Under Goals,Under 2.5,1.44,,,WON,
2025-11-23T11:00:00+00:00,Segunda División RFEF - Group 2,Real Zaragoza II,Ebro,Double Chance,Draw/Away,1.55,,,WON,
2025-11-23T11:00:00+00:00,Segunda División RFEF - Group 3,Alcoyano,Porreres,BTTS,No,1.62,,,WON,
2025-11-23T11:00:00+00:00,Segunda División RFEF - Group 3,Andratx,Espanyol II,Over/Under Goals,Under 2.5,1.53,,,WON,
2025-11-23T11:00:00+00:00,Segunda División RFEF - Group 3,Atlético Baleares,Poblense,Over/Under Goals,Under 3.5,1.17,,,WON,
2025-11-23T11:00:00+00:00,Segunda División RFEF - Group 3,Castellón II,Torrent,Over/Under Goals,Over 1.5,1.16,,,WON,
2025-11-23T11:00:00+00:00,Segunda División RFEF - Group 3,Ibiza Islas Pitiusas,Girona II,Over/Under Goals,Under 3.5,1.16,,,WON,
2025-11-23T11:00:00+00:00,Segunda División RFEF - Group 4,Extremadura 1924,Almería II,Over/Under Goals,Under 3.5,1.25,,,LOST,
2025-11-23T11:00:00+00:00,Segunda División RFEF - Group 4,Lorca Deportiva,Melilla,Over/Under Goals,Under 3.5,1.18,,,WON,
2025-11-23T11:00:00+00:00,Segunda División RFEF - Group 4,Ucam Murcia,Deportiva Minera,Over/Under Goals,Under 2.5,1.57,,,LOST,
2025-11-23T11:00:00+00:00,Segunda División RFEF - Group 5,RSD Alcalá,Rayo Majadahonda,Double Chance,Draw/Away,1.36,,,WON,
2025-11-23T11:00:00+00:00,Segunda Liga,Chaves,Sporting CP B,Over/Under Goals,Under 3.5,1.22,,,WON,
2025-11-23T11:00:00+00:00,Segunda Liga,FC Porto B,Portimonense,Over/Under Goals,Under 3.5,1.33,,,WON,
2025-11-23T11:00:00+00:00,Superligaen,FC Copenhagen,Brondby,Team Total Goals,Under 2.5,1.22,,,WON,
2025-11-23T11:00:00+00:00,Taça de Portugal,Lusitânia Lourosa,Torreense,Double Chance,Draw/Away,1.4,,,WON,
2025-11-23T11:00:00+00:00,Tercera División RFEF - Group 1,Alondras,Celtiga,Double Chance,Draw/Away,1.6,,,LOST,
2025-11-23T11:00:00+00:00,Tercera División RFEF - Group 1,Villalbés,Boiro,Double Chance,Draw/Away,1.7,,,WON,
2025-11-23T11:00:00+00:00,Tercera División RFEF - Group 14,Badajoz,Villanovense,Over/Under Goals,Under 2.5,1.66,,,WON,
2025-11-23T11:00:00+00:00,Tercera División RFEF - Group 15,Beti Onak,Huarte,Double Chance,Home/Draw,1.5,,,WON,
2025-11-23T11:00:00+00:00,Tercera División RFEF - Group 16,Berceo,Anguiano,Double Chance,Draw/Away,1.17,,,WON,
2025-11-23T11:00:00+00:00,Tercera División RFEF - Group 17,Cuarte,Robres,Over/Under Goals,Under 2.5,1.5,,,WON,
2025-11-23T11:00:00+00:00,Tercera División RFEF - Group 5,L'Hospitalet,Vic,1X2 / Match Winner,Home,1.62,,,WON,
2025-11-23T11:00:00+00:00,Tercera División RFEF - Group 5,Manresa,Peralada,Double Chance,Draw/Away,1.67,,,WON,
2025-11-23T11:00:00+00:00,Tercera División RFEF - Group 9,UD San Pedro,El Palo,1X2 / Match Winner,Home,1.7,,,WON,
2025-11-23T11:00:00+00:00,Thai League 1,Nakhon Ratchasima FC,Ayutthaya FC,Over/Under Goals,Under 3.5,1.36,,,WON,
2025-11-23T11:00:00+00:00,Thai League 2,Bangkok,Chanthaburi,Over/Under Goals,Under 3.5,1.28,,,WON,
2025-11-23T11:15:00+00:00,Eredivisie,Heerenveen,AZ Alkmaar,Team Total Goals,Under 2.5,1.15,,,LOST,
2025-11-23T11:15:00+00:00,Tercera División RFEF - Group 18,Pedroñeras,Azuqueca,Double Chance,Home/Draw,1.5,,,WON,
2025-11-23T11:15:00+00:00,Tercera División RFEF - Group 3,Escobedo,Gimnástica Torrelavega,Team Total Goals,Over 0.5,1.24,,,WON,
2025-11-23T11:30:00+00:00,Liga II,CS Afumati,Sepsi OSK Sfantu Gheorghe,Over/Under Goals,Under 3.5,1.3,,,LOST,
2025-11-23T11:30:00+00:00,Serie A,Verona,Parma,Over/Under Goals,Under 3.5,1.18,,,WON,
2025-11-23T11:30:00+00:00,Serie C - Girone C,Cavese,Atalanta II,1X2 / Match Winner,Draw,3.3,,,WON,
2025-11-23T11:30:00+00:00,Super Lig,Goztepe,Kocaelispor,Over/Under Goals,Under 3.5,1.25,,,WON,
2025-11-23T11:30:00+00:00,Tercera División RFEF - Group 1,Celta de Vigo III,Viveiro,Over/Under Goals,Under 2.5,1.7,,,WON,
2025-11-23T11:30:00+00:00,Thai League 1,Kanchanaburi,Rayong FC,Over/Under Goals,Under 3.5,1.44,,,WON,
2025-11-23T11:30:00+00:00,Thai League 1,Sukhothai FC,Chonburi FC,1X2 / Match Winner,Draw,3.5,,,LOST,
2025-11-23T11:30:00+00:00,Thai League 2,Nong Bua Pitchaya,Trat FC,Asian Handicap,Away -1.25,1.55,,,LOST,
2025-11-23T11:45:00+00:00,First NL,Croatia Zmijavci,Dugopolje,Over/Under Goals,Under 3.5,1.17,,,WON,
2025-11-23T12:00:00+00:00,Championship,Sheffield Wednesday,Sheffield Utd,Over/Under Goals,Under 3.5,1.3,,,WON,
2025-11-23T12:00:00+00:00,Czech Liga,Karviná,Hradec Králové,Over/Under Goals,Over 1.5,1.25,,,WON,
2025-11-23T12:00:00+00:00,First League,Aresimi,Shkendija,Over/Under Goals,Over 2.5,1.62,,,WON,
2025-11-23T12:00:00+00:00,First League,Tikveš,Bashkimi Kumanovo,Team Total Goals,Under 2.5,1.17,,,LOST,
2025-11-23T12:00:00+00:00,Liga 1,Bali United,Persis Solo,Over/Under Goals,Under 3.5,1.4,,,WON,
2025-11-23T12:00:00+00:00,NB II,BVSC,Budafoki LC,Asian Handicap,Home +0,1.5,,,LOST,
2025-11-23T12:00:00+00:00,NB II,Kozarmisleny FC,Bekescsaba 1912,Asian Handicap,Home +0.25,1.44,,,WON,
2025-11-23T12:00:00+00:00,NB II,Mezokovesd-zsory,Kecskeméti TE,Over/Under Goals,Over 1.5,1.33,,,WON,
2025-11-23T12:00:00+00:00,NB III - Northeast,Tiszafuredi VSE,Nyiregyhaza II,Over/Under Goals,Under 3.5,1.69,,,WON,
2025-11-23T12:00:00+00:00,NB III - Northwest,Pápai Perutz,MTE 1904,Asian Handicap,Home +1.25,1.63,,,LOST,
2025-11-23T12:00:00+00:00,NB III - Southeast,Gyulai Termál,Vasas II,Over/Under Goals,Under 3.5,1.35,,,LOST,
2025-11-23T12:00:00+00:00,Primera División Femenina,Granad. Tenerife W,Atletico Madrid W,Team Total Goals,Over 0.5,1.2,,,WON,
2025-11-23T12:00:00+00:00,Second League,Lovćen,Kom,Double Chance,Draw/Away,1.28,,,WON,
2025-11-23T12:00:00+00:00,Super League 2,Kallithea,Panionios,Over/Under Goals,Under 3.5,1.15,,,WON,
2025-11-23T12:00:00+00:00,Super League 2,Nestos Chrisoupolis,Asteras Tripolis II,Over/Under Goals,Under 2.5,1.4,,,WON,
2025-11-23T12:00:00+00:00,Super Liga,IMT Novi Beograd,Mladost Lucani,Over/Under Goals,Over 1.5,1.36,,,WON,
2025-11-23T12:00:00+00:00,Superettan,Utsikten,Norrby IF,Over/Under Goals,Over 1.5,1.22,,,WON,
2025-11-23T12:00:00+00:00,Superliga,Ballkani,Llapi,Double Chance,Home/Draw,1.16,,,LOST,
2025-11-23T12:00:00+00:00,Superliga,Gjilani,Ferizaj,Over/Under Goals,Under 3.5,1.2,,,LOST,
2025-11-23T12:00:00+00:00,Thai League 1,Lamphun Warrior,Uthai Thani,Over/Under Goals,Over 1.5,1.22,,,WON,
2025-11-23T12:00:00+00:00,Thai League 2,Chiangmai United,Esan Pattaya,Double Chance,Draw/Away,1.62,,,WON,
2025-11-23T12:15:00+00:00,1a Divisió,Penya Encarnada,Ranger's,Over/Under Goals,Under 3.5,1.35,,,LOST,
2025-11-23T12:15:00+00:00,Premier League,Nizhny Novgorod,Zenit,Over/Under Goals,Under 3.5,1.32,,,WON,
2025-11-23T12:20:00+00:00,Division 1,Al Jabalain,Al-Raed,Over/Under Goals,Under 3.5,1.22,,,WON,
2025-11-23T12:30:00+00:00,1. Liga Promotion,Young Boys II,Breitenrain,Over/Under Goals,Under 3.5,1.49,,,LOST,
2025-11-23T12:30:00+00:00,2. SNL,Dravinja,Dekani,1X2 / Match Winner,Draw,3.6,,,WON,
2025-11-23T12:30:00+00:00,3. Liga,TSV 1860 München,FC Saarbrücken,Over/Under Goals,Over 1.5,1.22,,,WON,
2025-11-23T12:30:00+00:00,4. liga - Divizie C,Spartak Police n/Metují,Hlinsko,Asian Handicap,Home +0.25,1.4,,,WON,
2025-11-23T12:30:00+00:00,Bundesliga 2,1. FC Kaiserslautern,Holstein Kiel,Over/Under Goals,Under 3.5,1.48,,,LOST,
2025-11-23T12:30:00+00:00,Bundesliga 2,1. FC Nürnberg,Arminia Bielefeld,Over/Under Goals,Over 1.5,1.2,,,WON,
2025-11-23T12:30:00+00:00,Bundesliga 2,Karlsruher SC,SV Elversberg,Over/Under Goals,Under 3.5,1.55,,,LOST,
2025-11-23T12:30:00+00:00,First League,Septemvri Sofia,Ludogorets,Team Total Goals,Under 2.5,1.53,,,WON,
2025-11-23T12:30:00+00:00,First NL,Orijent 1919,Opatija,Over/Under Goals,Under 3.5,1.22,,,WON,
2025-11-23T12:30:00+00:00,Jupiler Pro League,Genk,KV Mechelen,1X2 / Match Winner,Home,1.58,,,LOST,
2025-11-23T12:30:00+00:00,Second League,CSKA Sofia II,Lokomotiv G. Oryahovitsa,1X2 / Match Winner,Draw,3.6,,,WON,
2025-11-23T12:30:00+00:00,Super League,Ekwendeni Hammers,MAFCO,Asian Handicap,Home +0.25,1.48,,,WON,
2025-11-23T12:35:00+00:00,Division 1,Al Urooba,Al Jazira Al Hamra,Asian Handicap,Away -1.25,1.51,,,LOST,
2025-11-23T12:40:00+00:00,Division 1,Al Arabi,Al Fujairah SC,Team Total Goals,Under 2.5,1.19,,,WON,
2025-11-23T13:00:00+00:00,1. Division,Aarhus Fremad,HB Koge,1X2 / Match Winner,Draw,4.15,,,WON,
2025-11-23T13:00:00+00:00,CAF Confederation Cup,Maniema Union,Azam,Over/Under Goals,Under 3.5,1.5,,,WON,
2025-11-23T13:00:00+00:00,Challenge League,Fgura United,Birzebbuga,Over/Under Goals,Over 1.5,1.18,,,WON,
2025-11-23T13:00:00+00:00,Challenge League,Gudja United,St. Andrews,Double Chance,Home/Draw,1.67,,,LOST,
2025-11-23T13:00:00+00:00,Gamma Ethniki - Group 3,Asteras Stavros,Lamia,Over/Under Goals,Under 2.5,1.65,,,WON,
2025-11-23T13:00:00+00:00,La Liga,Oviedo,Rayo Vallecano,Over/Under Goals,Under 3.5,1.22,,,WON,
2025-11-23T13:00:00+00:00,Ligue 1,AS Soliman,US Monastirienne,Over/Under Goals,Under 2.5,1.48,,,LOST,
2025-11-23T13:00:00+00:00,Ligue 1,ES Sahel,CS Sfaxien,Over/Under Goals,Under 2.5,1.4,,,WON,
2025-11-23T13:00:00+00:00,Ligue 1,Olympique Béja,Club Africain,Over/Under Goals,Under 2.5,1.45,,,WON,
2025-11-23T13:00:00+00:00,Ligue 1,Stade Tunisien,AS Gabes,Over/Under Goals,Under 2.5,1.38,,,LOST,
2025-11-23T13:00:00+00:00,Ligue 2,Khroub,HB Chelghoum Laïd,Over/Under Goals,Under 3.5,1.22,,,WON,
2025-11-23T13:00:00+00:00,Ligue 2,MSP Batna,IB Khémis El Khechna,Asian Handicap,Away -1.25,1.58,,,WON,
2025-11-23T13:00:00+00:00,NB II,Fehérvár FC,Szentlőrinc SE,Over/Under Goals,Under 3.5,1.28,,,WON,
2025-11-23T13:00:00+00:00,Premier League,Slavia Mozyr,FC Minsk,Asian Handicap,Away -1.25,1.51,,,WON,
2025-11-23T13:00:00+00:00,Premier League,Torpedo Zhodino,FC Isloch Minsk R.,Over/Under Goals,Under 3.5,1.24,,,WON,
2025-11-23T13:00:00+00:00,Regionalliga - SudWest,Freiburg II,SGV Freiberg,Asian Handicap,Home +1.25,1.4,,,WON,
2025-11-23T13:00:00+00:00,Second League,Berane,Igalo,Over/Under Goals,Under 2.5,1.7,,,WON,
2025-11-23T13:00:00+00:00,Segunda Division,Deportivo La Coruna,AD Ceuta FC,Over/Under Goals,Under 3.5,1.3,,,WON,
2025-11-23T13:00:00+00:00,Super League 2,Egaleo,Panargiakos,Over/Under Goals,Under 3.5,1.17,,,WON,
2025-11-23T13:00:00+00:00,Super League 2,Ilioupoli,Marko,Over/Under Goals,Under 2.5,1.57,,,LOST,
2025-11-23T13:00:00+00:00,Super League 2,PAS Giannina,Makedonikos Neapolis,1X2 / Match Winner,Home,1.51,,,WON,
2025-11-23T13:00:00+00:00,Super League,FC Sion,FC Zurich,Over/Under Goals,Over 1.5,1.22,,,WON,
2025-11-23T13:00:00+00:00,Super League,Red Arrows,Zanaco,Double Chance,Home/Draw,1.17,,,WON,
2025-11-23T13:00:00+00:00,Super Liga,Radnicki NIS,TSC Backa Topola,Double Chance,Home/Draw,1.48,,,WON,
2025-11-23T13:00:00+00:00,Superligaen,Viborg,Vejle,Over/Under Goals,Over 1.5,1.22,,,WON,
2025-11-23T13:00:00+00:00,TFF 1. Lig,Van BB,Keçiörengücü,Double Chance,Draw/Away,1.44,,,WON,
2025-11-23T13:30:00+00:00,Eliteserien,Bryne,Sarpsborg 08 FF,Over/Under Goals,Over 1.5,1.22,,,WON,
2025-11-23T13:30:00+00:00,Eliteserien,Ham-Kam,Haugesund,Over/Under Goals,Over 2.5,1.45,,,WON,
2025-11-23T13:30:00+00:00,Eredivisie,Feyenoord,NEC Nijmegen,BTTS,Yes,1.5,,,WON,
2025-11-23T13:30:00+00:00,Eredivisie,Telstar,Utrecht,Over/Under Goals,Over 1.5,1.25,,,WON,
2025-11-23T13:30:00+00:00,First Amateur Division,Habay-la-Neuve,Meux,1X2 / Match Winner,Draw,3.22,,,WON,
2025-11-23T13:30:00+00:00,First Amateur Division,Stockay-Warfusée,Union Namur,Team Total Goals,Over 0.5,1.53,,,WON,
2025-11-23T13:30:00+00:00,I Liga,Pogoń Siedlce,Wisla Krakow,1X2 / Match Winner,Draw,4.5,,,WON,
2025-11-23T13:30:00+00:00,Premier League,Polessya,Epitsentr Dunayivtsi,Over/Under Goals,Over 1.5,1.22,,,LOST,
2025-11-23T13:30:00+00:00,Premier Soccer League,TS Galaxy,Golden Arrows,Over/Under Goals,Under 3.5,1.17,,,WON,
2025-11-23T13:30:00+00:00,Premyer Liqa,Neftchi Baku,Mil-Muğan,1X2 / Match Winner,Home,1.4,,,LOST,
2025-11-23T13:30:00+00:00,Serie C - Girone A,Novara,Renate,Over/Under Goals,Under 2.5,1.57,,,WON,
2025-11-23T13:30:00+00:00,Serie C - Girone B,Ascoli,Arezzo,Over/Under Goals,Under 3.5,1.17,,,WON,
2025-11-23T13:30:00+00:00,Serie C - Girone B,Ternana,Juventus U23,Over/Under Goals,Under 3.5,1.22,,,WON,
2025-11-23T13:30:00+00:00,Serie C - Girone C,Catania,Latina,Over/Under Goals,Under 2.5,1.75,,,WON,
2025-11-23T13:30:00+00:00,Serie C - Girone C,Cosenza,Benevento,Over/Under Goals,Under 3.5,1.22,,,WON,
2025-11-23T13:30:00+00:00,Serie D - Girone A,Cairese,Ligorna,Team Total Goals,Under 2.5,1.15,,,WON,
2025-11-23T13:30:00+00:00,Serie D - Girone A,Chisola,Vado,Asian Handicap,Home +0.25,1.52,,,LOST,
2025-11-23T13:30:00+00:00,Serie D - Girone A,Lavagnese,Gozzano,Double Chance,Draw/Away,1.44,,,WON,
2025-11-23T13:30:00+00:00,Serie D - Girone A,Valenzana,Città di Varese,Asian Handicap,Home +0.25,1.42,,,LOST,
2025-11-23T13:30:00+00:00,Serie D - Girone B,Brusaporto,Caldiero Terme,Over/Under Goals,Under 3.5,1.21,,,WON,
2025-11-23T13:30:00+00:00,Serie D - Girone B,Castellanzese,USD Casatese,Over/Under Goals,Under 3.5,1.2,,,WON,
2025-11-23T13:30:00+00:00,Serie D - Girone B,Folgore Caratese,Scanzorosciate,Over/Under Goals,Under 3.5,1.45,,,WON,
2025-11-23T13:30:00+00:00,Serie D - Girone B,Pavia,Leon Monza e Brianza,Asian Handicap,Home +0.25,1.5,,,LOST,
2025-11-23T13:30:00+00:00,Serie D - Girone B,Real Calepina,Oltrepò,Double Chance,Draw/Away,1.7,,,WON,
2025-11-23T13:30:00+00:00,Serie D - Girone B,Varesina,Virtus Ciserano Bergamo,Over/Under Goals,Under 3.5,1.33,,,WON,
2025-11-23T13:30:00+00:00,Serie D - Girone B,Villa Valle,Milan II,Double Chance,Draw/Away,1.65,,,LOST,
2025-11-23T13:30:00+00:00,Serie D - Girone B,Vogherese,Chievo,Over/Under Goals,Under 2.5,1.67,,,WON,
2025-11-23T13:30:00+00:00,Serie D - Girone C,Brian Lignano,Mestre,Over/Under Goals,Under 2.5,1.69,,,WON,
2025-11-23T13:30:00+00:00,Serie D - Girone C,Calvi Noale,Este,Over/Under Goals,Under 3.5,1.29,,,LOST,
2025-11-23T13:30:00+00:00,Serie D - Girone C,Campodarsego,Vigasio,Asian Handicap,Home +0,1.56,,,WON,
2025-11-23T13:30:00+00:00,Serie D - Girone C,Cjarlins Muzane,Adriese,Asian Handicap,Home +0.25,1.48,,,WON,
2025-11-23T13:30:00+00:00,Serie D - Girone C,Luparense,FC Obermais,Double Chance,Home/Draw,1.15,,,WON,
2025-11-23T13:30:00+00:00,Serie D - Girone D,Cittadella Vis Modena,Imolese,Over/Under Goals,Under 3.5,1.16,,,LOST,
2025-11-23T13:30:00+00:00,Serie D - Girone D,Coriano,Sangiuliano City,Double Chance,Draw/Away,1.55,,,WON,
2025-11-23T13:30:00+00:00,Serie D - Girone D,Pro Sesto,Pro Palazzolo,Over/Under Goals,Under 3.5,1.18,,,WON,
2025-11-23T13:30:00+00:00,Serie D - Girone D,Trevigliese,Piacenza,Double Chance,Home/Draw,1.69,,,LOST,
2025-11-23T13:30:00+00:00,Serie D - Girone E,Grosseto,Robur Siena,1X2 / Match Winner,Home,1.7,,,LOST,
2025-11-23T13:30:00+00:00,Serie D - Girone E,Montevarchi Calcio,Sansepolcro,Over/Under Goals,Under 3.5,1.19,,,WON,
2025-11-23T13:30:00+00:00,Serie D - Girone E,Orvietana Calcio,Poggibonsi,Over/Under Goals,Under 3.5,1.24,,,LOST,
2025-11-23T13:30:00+00:00,Serie D - Girone E,Tau Altopascio,Scandicci,Double Chance,Home/Draw,1.17,,,WON,
2025-11-23T13:30:00+00:00,Serie D - Girone F,Teramo,Ancona,Double Chance,Draw/Away,1.58,,,LOST,
2025-11-23T13:30:00+00:00,Serie D - Girone G,Atletico Lodigiani,Montespaccato,Double Chance,Draw/Away,1.59,,,LOST,
2025-11-23T13:30:00+00:00,Serie D - Girone G,Ischia,Albalonga,Asian Handicap,Away -0.25,1.45,,,LOST,
2025-11-23T13:30:00+00:00,Serie D - Girone G,Latte Dolce,Nocerina,Team Total Goals,Over 0.5,1.2,,,WON,
2025-11-23T13:30:00+00:00,Serie D - Girone G,Scafatese,Trastevere,1X2 / Match Winner,Home,1.62,,,LOST,
2025-11-23T13:30:00+00:00,Serie D - Girone G,Valmontone,Budoni,Double Chance,Draw/Away,1.57,,,WON,
2025-11-23T13:30:00+00:00,Serie D - Girone H,Francavilla,Fidelis Andria,Asian Handicap,Away -0.25,1.4,,,WON,
2025-11-23T13:30:00+00:00,Serie D - Girone H,Virtus Francavilla,Afragolese,Double Chance,Draw/Away,1.53,,,WON,
2025-11-23T13:30:00+00:00,Serie D - Girone I,Acireale,CastrumFavara,Asian Handicap,Home +0.25,1.47,,,LOST,
2025-11-23T13:30:00+00:00,Serie D - Girone I,Enna,Reggina,Double Chance,Draw/Away,1.15,,,WON,
2025-11-23T13:30:00+00:00,Serie D - Girone I,Paternò,Sambiase,Over/Under Goals,Under 2.5,1.65,,,WON,
2025-11-23T13:30:00+00:00,Serie D - Girone I,Sancataldese,Vibonese,Over/Under Goals,Under 2.5,1.64,,,WON,
2025-11-23T13:30:00+00:00,Tipp3 Bundesliga,Red Bull Salzburg,WSG Wattens,Over/Under Goals,Under 3.5,1.53,,,LOST,
2025-11-23T13:30:00+00:00,Tipp3 Bundesliga,Sturm Graz,Lask Linz,Team Total Goals,Under 2.5,1.22,,,WON,
2025-11-23T13:45:00+00:00,Ekstraklasa,Lech Poznan,Radomiak Radom,Over/Under Goals,Over 1.5,1.2,,,WON,
2025-11-23T14:00:00+00:00,1. Division,AC Horsens,Hillerød,Over/Under Goals,Under 3.5,1.33,,,LOST,
2025-11-23T14:00:00+00:00,1. Liga Promotion,Biel-Bienne,Cham,Double Chance,Home/Draw,1.25,,,WON,
2025-11-23T14:00:00+00:00,1. Liga Promotion,Lugano II,Kreuzlingen,Over/Under Goals,Under 3.5,1.59,,,WON,
2025-11-23T14:00:00+00:00,1. SNL,Maribor,Olimpija Ljubljana,1X2 / Match Winner,Draw,3.52,,,WON,
2025-11-23T14:00:00+00:00,Botola 2,Chabab Mohammédia,Mouloudia Oujda,Double Chance,Draw/Away,1.4,,,WON,
2025-11-23T14:00:00+00:00,Botola 2,Stade Marocain,Racing de Casablanca,Double Chance,Home/Draw,1.18,,,WON,
2025-11-23T14:00:00+00:00,Botola 2,USM Oujda,Moghreb Tetouan,Over/Under Goals,Under 2.5,1.44,,,LOST,
2025-11-23T14:00:00+00:00,Campionato Primavera - 2,Pescara U19,Empoli U19,Double Chance,Draw/Away,1.44,,,WON,
2025-11-23T14:00:00+00:00,Campionato,Domagnano,San Marino Academy,1X2 / Match Winner,Home,1.26,,,WON,
2025-11-23T14:00:00+00:00,Campionato,Fiorentino,Cailungo,Over/Under Goals,Under 3.5,1.33,,,WON,
2025-11-23T14:00:00+00:00,Campionato,San Giovanni,Folgore,Over/Under Goals,Under 2.5,2.05,,,WON,
2025-11-23T14:00:00+00:00,First Amateur Division,Crossing Schaerbeek,Excelsior Virton,Team Total Goals,Over 0.5,1.15,,,WON,
2025-11-23T14:00:00+00:00,First Amateur Division,Tienen,Knokke,Over/Under Goals,Under 3.5,1.28,,,LOST,
2025-11-23T14:00:00+00:00,First Amateur Division,Zelzate,Spouwen-Mopertingen,Double Chance,Draw/Away,1.42,,,WON,
2025-11-23T14:00:00+00:00,First League,KAMAZ,Ska-khabarovsk,Over/Under Goals,Over 1.5,1.37,,,WON,
2025-11-23T14:00:00+00:00,First League,Shinnik Yaroslavl,FK Sokol Saratov,Over/Under Goals,Under 3.5,1.16,,,WON,
2025-11-23T14:00:00+00:00,II Liga - East,Sandecja Nowy Sącz,Podbeskidzie,1X2 / Match Winner,Draw,3.2,,,WON,
2025-11-23T14:00:00+00:00,Ligue 1,Auxerre,Lyon,1X2 / Match Winner,Draw,3.64,,,WON,
2025-11-23T14:00:00+00:00,NB II,Szeged 2011,Ajka,Over/Under Goals,Under 3.5,1.3,,,WON,
2025-11-23T14:00:00+00:00,Premier League,Leeds,Aston Villa,Team Total Goals,Over 0.5,1.28,,,WON,
2025-11-23T14:00:00+00:00,Premijer Liga,Posušje,Velež,Over/Under Goals,Under 2.5,1.58,,,WON,
2025-11-23T14:00:00+00:00,Second Amateur Division - VFV B,Londerzeel,Bocholt,Double Chance,Draw/Away,1.55,,,WON,
2025-11-23T14:00:00+00:00,Segunda Liga,Maritimo,Penafiel,Over/Under Goals,Under 2.5,1.77,,,LOST,
2025-11-23T14:00:00+00:00,Serie A,Cremonese,AS Roma,Over/Under Goals,Under 3.5,1.25,,,LOST,
2025-11-23T14:00:00+00:00,Serie B,Mantova,Spezia,Over/Under Goals,Under 3.5,1.22,,,LOST,
2025-11-23T14:00:00+00:00,Serie B,Modena,Sudtirol,Double Chance,Home/Draw,1.17,,,WON,
2025-11-23T14:00:00+00:00,Serie D - Girone A,Asti,Imperia,Over/Under Goals,Under 3.5,1.23,,,WON,
2025-11-23T14:00:00+00:00,Serie D - Girone A,Sanremese,Saluzzo,Asian Handicap,Home +0.25,1.48,,,WON,
2025-11-23T14:00:00+00:00,Serie D - Girone F,Maceratese,Castelfidardo Calcio,1X2 / Match Winner,Home,1.52,,,WON,
2025-11-23T14:00:00+00:00,Serie D - Girone F,Vigor Senigallia,Recanatese,Double Chance,Home/Draw,1.17,,,WON,
2025-11-23T14:00:00+00:00,Serie D - Girone H,Martina Franca,Gravina,Over/Under Goals,Under 3.5,1.24,,,WON,
2025-11-23T14:00:00+00:00,Serie D - Girone I,Messina,Savoia,Double Chance,Draw/Away,1.44,,,WON,
2025-11-23T14:00:00+00:00,Super League Women,Club Brugge W,OH Leuven W,Over/Under Goals,Over 1.5,1.32,,,WON,
2025-11-23T14:00:00+00:00,Super Lig,Alanyaspor,Kasimpasa,Team Total Goals,Over 0.5,1.2,,,WON,
2025-11-23T14:00:00+00:00,Super Lig,Besiktas,Samsunspor,Over/Under Goals,Over 1.5,1.22,,,WON,
2025-11-23T14:00:00+00:00,Taça de Portugal,Fafe,Arouca,Team Total Goals,Over 0.5,1.45,,,WON,
2025-11-23T14:30:00+00:00,Bundesliga 1,RB Leipzig,Werder Bremen,1X2 / Match Winner,Home,1.51,,,WON,
2025-11-23T14:30:00+00:00,Czech Liga,FK Jablonec,Plzen,Over/Under Goals,Under 3.5,1.33,,,LOST,
2025-11-23T14:30:00+00:00,Frauen Bundesliga,1899 Hoffenheim W,Bayern Munich W,1X2 / Match Winner,Away,1.29,,,WON,
2025-11-23T14:30:00+00:00,Premier League,Dynamo,Dinamo Makhachkala,Over/Under Goals,Under 3.5,1.24,,,WON,
2025-11-23T14:30:00+00:00,Stars League,Al Shamal,Al Shahaniya,Double Chance,Home/Draw,1.15,,,WON,
2025-11-23T14:30:00+00:00,Super Liga,Zemplín Michalovce,Ružomberok,Team Total Goals,Under 2.5,1.22,,,LOST,
2025-11-23T14:45:00+00:00,Division 1,Al Diriyah,Al-Faisaly FC,Over/Under Goals,Under 3.5,1.36,,,WON,
2025-11-23T14:45:00+00:00,Premier League,Dinamo Brest,Dinamo Minsk,Over/Under Goals,Under 3.5,1.23,,,WON,
2025-11-23T14:45:00+00:00,Premier League,ML Vitebsk,FC Gomel,Over/Under Goals,Under 3.5,1.23,,,LOST,
2025-11-23T15:00:00+00:00,1. Division,Enosis,Anorthosis,Over/Under Goals,Under 3.5,1.25,,,LOST,
2025-11-23T15:00:00+00:00,1. Liga Promotion,Zürich II,Grand-Saconnex,Over/Under Goals,Over 2.5,1.4,,,WON,
2025-11-23T15:00:00+00:00,1a Divisió,Inter Club d'Escaldes,Atlètic Club d'Escaldes,Team Total Goals,Over 0.5,1.41,,,LOST,
2025-11-23T15:00:00+00:00,Challenger Pro League,Olympic Charleroi,Beerschot VA,Over/Under Goals,Under 2.5,2.0,,,LOST,
2025-11-23T15:00:00+00:00,Challenger Pro League,Patro Eisden,RWDM,Over/Under Goals,Under 3.5,1.33,,,WON,
2025-11-23T15:00:00+00:00,First League,Montana,Levski Sofia,Over/Under Goals,Under 3.5,1.33,,,LOST,
2025-11-23T15:00:00+00:00,Jupiler Pro League,Antwerp,Dender,Over/Under Goals,Under 3.5,1.33,,,WON,
2025-11-23T15:00:00+00:00,NB I,Paks,Ujpest,Over/Under Goals,Over 1.5,1.15,,,WON,
2025-11-23T15:00:00+00:00,Premier League,Floriana,Marsaxlokk,Over/Under Goals,Under 3.5,1.2,,,WON,
2025-11-23T15:00:00+00:00,Premiership,Aberdeen,Heart Of Midlothian,Over/Under Goals,Under 3.5,1.36,,,WON,
2025-11-23T15:00:00+00:00,Primera División Femenina,Real Madrid W,Eibar W,Over/Under Goals,Under 3.5,1.8,,,WON,
2025-11-23T15:00:00+00:00,Primera División RFEF - Group 1,Barakaldo,Racing Ferrol,Over/Under Goals,Under 3.5,1.15,,,WON,
2025-11-23T15:00:00+00:00,Primera División RFEF - Group 1,Zamora,CF Talavera,Over/Under Goals,Under 3.5,1.25,,,WON,
2025-11-23T15:00:00+00:00,Prva HNL,NK Osijek,NK Lokomotiva Zagreb,Over/Under Goals,Under 3.5,1.33,,,WON,
2025-11-23T15:00:00+00:00,Segunda División RFEF - Group 5,Conquense,Fuenlabrada,Over/Under Goals,Under 2.5,1.4,,,WON,
2025-11-23T15:00:00+00:00,Segunda División RFEF - Group 5,Rayo Vallecano II,Elche II,Over/Under Goals,Under 3.5,1.22,,,WON,
2025-11-23T15:00:00+00:00,Super League 1,Panserraikos,Panathinaikos,Over/Under Goals,Over 1.5,1.22,,,WON,
2025-11-23T15:00:00+00:00,Super Liga,Javor,FK Crvena Zvezda,1X2 / Match Winner,Away,1.15,,,LOST,
2025-11-23T15:00:00+00:00,Superligaen,FC Nordsjaelland,FC Fredericia,1X2 / Match Winner,Home,1.4,,,WON,
2025-11-23T15:00:00+00:00,Taça de Portugal,Farense,Silves,Over/Under Goals,Under 3.5,1.8,,,LOST,
2025-11-23T15:00:00+00:00,Tercera División RFEF - Group 16,Peña Balsamaiso,Agoncillo,Double Chance,Draw/Away,1.18,,,WON,
2025-11-23T15:00:00+00:00,Tercera División RFEF - Group 4,Real Sociedad III,Zarautz,Asian Handicap,Away -1.25,1.5,,,WON,
2025-11-23T15:05:00+00:00,Pro League,Al Okhdood,Al Shabab,Over/Under Goals,Under 3.5,1.33,,,WON,
2025-11-23T15:15:00+00:00,Division 1,Al Wehda Club,Al Zulfi,Over/Under Goals,Over 1.5,1.27,,,WON,
2025-11-23T15:15:00+00:00,La Liga,Real Betis,Girona,Over/Under Goals,Over 1.5,1.2,,,WON,
2025-11-23T15:15:00+00:00,Segunda Division,Cadiz,Cultural Leonesa,Over/Under Goals,Under 3.5,1.22,,,WON,
2025-11-23T15:15:00+00:00,Segunda Division,Huesca,Sporting Gijon,Over/Under Goals,Under 3.5,1.17,,,WON,
2025-11-23T15:30:00+00:00,3. Liga,Erzgebirge Aue,Stuttgart II,Over/Under Goals,Over 1.5,1.2,,,LOST,
2025-11-23T15:30:00+00:00,Challenge League,Mgarr United,Santa Lucía,Double Chance,Home/Draw,1.4,,,WON,
2025-11-23T15:30:00+00:00,Challenge League,Swieqi United,Zebbug Rangers,1X2 / Match Winner,Home,1.4,,,WON,
2025-11-23T15:30:00+00:00,Liga I,Oţelul,Farul Constanta,Double Chance,Draw/Away,1.6,,,WON,
2025-11-23T15:30:00+00:00,Ligue 1,Mouna,Zoman,Over/Under Goals,Under 2.5,1.5,,,LOST,
2025-11-23T15:30:00+00:00,Second League,Etar Veliko Tarnovo,Marek,Over/Under Goals,Under 3.5,1.28,,,LOST,
2025-11-23T15:30:00+00:00,Super League,FC ST. Gallen,Lausanne,Over/Under Goals,Over 1.5,1.18,,,LOST,
2025-11-23T15:30:00+00:00,Super League,Grasshoppers,FC Basel 1893,Over/Under Goals,Under 3.5,1.65,,,WON,
2025-11-23T15:30:00+00:00,Super Liga,Radnicki 1923,Novi Pazar,Over/Under Goals,Under 3.5,1.38,,,WON,
2025-11-23T15:30:00+00:00,Tercera División RFEF - Group 6,Buñol,Levante II,Over/Under Goals,Under 2.5,1.57,,,WON,
2025-11-23T15:45:00+00:00,Eredivisie,Groningen,PEC Zwolle,Over/Under Goals,Over 1.5,1.22,,,WON,
2025-11-23T16:00:00+00:00,CAF Confederation Cup,AL Masry,Kaizer Chiefs,Over/Under Goals,Under 3.5,1.2,,,WON,
2025-11-23T16:00:00+00:00,CAF Confederation Cup,Djoliba,Olympique Safi,Over/Under Goals,Under 3.5,1.25,,,WON,
2025-11-23T16:00:00+00:00,I Liga,Górnik Łęczna,ŁKS Łódź,Over/Under Goals,Under 3.5,1.42,,,WON,
2025-11-23T16:00:00+00:00,NB II,Soroksar,Csakvar,Over/Under Goals,Under 3.5,1.36,,,WON,
2025-11-23T16:00:00+00:00,NB II,Tiszakecske FC,Karcag SE,Over/Under Goals,Over 1.5,1.3,,,WON,
2025-11-23T16:00:00+00:00,Premier League,Ruh Lviv,Kudrivka,BTTS,No,1.85,,,LOST,
2025-11-23T16:00:00+00:00,Premier Soccer League,Richards Bay,Durban City,1X2 / Match Winner,Draw,2.79,,,WON,
2025-11-23T16:00:00+00:00,Segunda División RFEF - Group 1,Coruxo,Sámano,Over/Under Goals,Under 2.5,1.7,,,LOST,
2025-11-23T16:00:00+00:00,Segunda División RFEF - Group 1,Marino de Luanco,Salamanca UDS,Over/Under Goals,Under 3.5,1.15,,,WON,
2025-11-23T16:00:00+00:00,Segunda División RFEF - Group 1,Real Ávila,Real Valladolid II,Over/Under Goals,Under 2.5,1.57,,,LOST,
2025-11-23T16:00:00+00:00,Segunda División RFEF - Group 1,UD Ourense,Bergantiños,Over/Under Goals,Under 2.5,1.44,,,WON,
2025-11-23T16:00:00+00:00,Segunda División RFEF - Group 2,Alfaro,Tudelano,Over/Under Goals,Under 3.5,1.2,,,WON,
2025-11-23T16:00:00+00:00,Segunda División RFEF - Group 2,Gernika,Beasain,Over/Under Goals,Under 3.5,1.17,,,WON,
2025-11-23T16:00:00+00:00,Segunda División RFEF - Group 2,SD Logroñés,Ejea,Over/Under Goals,Under 3.5,1.17,,,WON,
2025-11-23T16:00:00+00:00,Segunda División RFEF - Group 3,Reddis,Barbastro,Over/Under Goals,Under 3.5,1.16,,,WON,
2025-11-23T16:00:00+00:00,Segunda División RFEF - Group 4,Real Jaén,Recreativo Huelva,Over/Under Goals,Under 3.5,1.16,,,WON,
2025-11-23T16:00:00+00:00,Segunda División RFEF - Group 4,Xerez Deportivo,Puente Genil,Over/Under Goals,Under 3.5,1.16,,,WON,
2025-11-23T16:00:00+00:00,Segunda División RFEF - Group 4,Yeclano,Xerez,Double Chance,Draw/Away,1.55,,,WON,
2025-11-23T16:00:00+00:00,Segunda División RFEF - Group 4,Águilas,Estepona,Double Chance,Home/Draw,1.18,,,WON,
2025-11-23T16:00:00+00:00,Segunda División RFEF - Group 5,Real Madrid III,Quintanar del Rey,Over/Under Goals,Under 3.5,1.16,,,WON,
2025-11-23T16:00:00+00:00,TFF 1. Lig,Erokspor,Sivasspor,Asian Handicap,Away -1.25,1.45,,,WON,
2025-11-23T16:00:00+00:00,Tercera División RFEF - Group 15,Subiza,Oberena,Over/Under Goals,Under 2.5,1.62,,,LOST,
2025-11-23T16:00:00+00:00,Tercera División RFEF - Group 2,Covadonga,Mosconia,Double Chance,Home/Draw,1.17,,,WON,
2025-11-23T16:00:00+00:00,Tercera División RFEF - Group 3,Barquereño,Laredo,Team Total Goals,Under 2.5,1.19,,,LOST,
2025-11-23T16:00:00+00:00,Tercera División RFEF - Group 3,Tropezón,Atlético Albericia,Over/Under Goals,Under 2.5,1.6,,,WON,
2025-11-23T16:00:00+00:00,Tercera División RFEF - Group 6,Alzira,Roda,Over/Under Goals,Over 1.5,1.4,,,WON,
2025-11-23T16:00:00+00:00,Tercera División RFEF - Group 6,La Nucía,Castellonense,Over/Under Goals,Under 3.5,1.18,,,WON,
2025-11-23T16:15:00+00:00,Ligue 1,Nantes,Lorient,Over/Under Goals,Under 3.5,1.28,,,WON,
2025-11-23T16:15:00+00:00,Ligue 1,Stade Brestois 29,Metz,Over/Under Goals,Under 3.5,1.36,,,LOST,
2025-11-23T16:15:00+00:00,Ligue 1,Toulouse,Angers,Over/Under Goals,Under 3.5,1.25,,,WON,
2025-11-23T16:15:00+00:00,Premijer Liga,Siroki Brijeg,Borac Banja Luka,Over/Under Goals,Under 3.5,1.19,,,WON,
2025-11-23T16:15:00+00:00,Serie B,Monza,Cesena,Over/Under Goals,Under 3.5,1.22,,,WON,
2025-11-23T16:30:00+00:00,1. SNL,Primorje,Mura,Double Chance,Draw/Away,1.48,,,LOST,
2025-11-23T16:30:00+00:00,Bundesliga 1,FC St. Pauli,Union Berlin,Double Chance,Draw/Away,1.5,,,WON,
2025-11-23T16:30:00+00:00,Ekstraklasa,Widzew Łódź,Korona Kielce,Asian Handicap,Away -0.5,1.65,,,WON,
2025-11-23T16:30:00+00:00,Iraqi League,Zakho,Al-Qasim,Over/Under Goals,Under 2.5,1.8,,,WON,
2025-11-23T16:30:00+00:00,Premier League,Arsenal,Tottenham,Over/Under Goals,Under 3.5,1.4,,,LOST,
2025-11-23T16:30:00+00:00,Serie C - Girone A,Giana Erminio,Ospitaletto,Over/Under Goals,Under 3.5,1.25,,,WON,
2025-11-23T16:30:00+00:00,Serie C - Girone B,Guidonia Montecelio 1937,Campobasso FC,Over/Under Goals,Under 2.5,1.6,,,WON,
2025-11-23T16:30:00+00:00,Serie C - Girone C,Salernitana,Potenza,Asian Handicap,Home +0.5,1.15,,,WON,
2025-11-23T16:30:00+00:00,Stars League,Qatar SC,Al-Arabi SC,Over/Under Goals,Under 3.5,1.7,,,LOST,
2025-11-23T16:45:00+00:00,Premier League,Lokomotiv,FC Krasnodar,Double Chance,Draw/Away,1.5,,,WON,
2025-11-23T17:00:00+00:00,1. Division,Apoel Nicosia,AEL,Over/Under Goals,Under 3.5,1.4,,,WON,
2025-11-23T17:00:00+00:00,1. Division,Apollon Limassol,Omonia Nicosia,Over/Under Goals,Under 3.5,1.33,,,WON,
2025-11-23T17:00:00+00:00,Primera División Femenina,Levante W,Barcelona W,Over/Under Goals,Under 3.5,3.5,,,LOST,
2025-11-23T17:00:00+00:00,Regionalliga - West,Bochum II,FC Gutersloh,Double Chance,Draw/Away,1.18,,,WON,
2025-11-23T17:00:00+00:00,Segunda División RFEF - Group 1,Deportivo La Coruña II,Gimnástica Segoviana,Over/Under Goals,Under 3.5,1.19,,,WON,
2025-11-23T17:00:00+00:00,Segunda División RFEF - Group 1,Langreo,Lealtad,Over/Under Goals,Under 2.5,1.53,,,LOST,
2025-11-23T17:00:00+00:00,Segunda División RFEF - Group 3,Sant Andreu,Olot,Over/Under Goals,Under 3.5,1.15,,,WON,
2025-11-23T17:00:00+00:00,Serie A,Lazio,Lecce,Over/Under Goals,Under 3.5,1.22,,,WON,
2025-11-23T17:00:00+00:00,Super League 1,PAOK,Kifisia,Over/Under Goals,Over 1.5,1.18,,,WON,
2025-11-23T17:00:00+00:00,Super Lig,Rizespor,Fenerbahce,Over/Under Goals,Under 3.5,1.42,,,LOST,
2025-11-23T17:00:00+00:00,Super Liga,Dunajska Streda,Tatran Prešov,Over/Under Goals,Under 3.5,1.48,,,WON,
2025-11-23T17:00:00+00:00,Superligaen,Sonderjyske,FC Midtjylland,Over/Under Goals,Over 1.5,1.15,,,WON,
2025-11-23T17:15:00+00:00,Premier League,Sliema Wanderers,Birkirkara,Over/Under Goals,Under 2.5,1.5,,,LOST,
2025-11-23T17:15:00+00:00,Primera División RFEF - Group 2,FC Cartagena,Eldense,Over/Under Goals,Under 3.5,1.17,,,WON,
2025-11-23T17:15:00+00:00,Prva HNL,HNK Gorica,Istra 1961,Asian Handicap,Home +0.25,1.5,,,WON,
2025-11-23T17:30:00+00:00,Czech Liga,Slovácko,Zlin,Over/Under Goals,Under 3.5,1.2,,,WON,
2025-11-23T17:30:00+00:00,Frauen Bundesliga,Werder Bremen W,FC Koln W,Over/Under Goals,Over 1.5,1.2,,,WON,
2025-11-23T17:30:00+00:00,Jupiler Pro League,RAAL La Louvière,Anderlecht,Over/Under Goals,Under 3.5,1.25,,,WON,
2025-11-23T17:30:00+00:00,La Liga,Getafe,Atletico Madrid,Over/Under Goals,Under 3.5,1.18,,,WON,
2025-11-23T17:30:00+00:00,NB I,Diosgyori VTK,MTK Budapest,Over/Under Goals,Over 1.5,1.15,,,WON,
2025-11-23T17:30:00+00:00,Primera División RFEF - Group 1,Cacereño,Osasuna II,Over/Under Goals,Under 3.5,1.17,,,WON,
2025-11-23T17:30:00+00:00,Primera División RFEF - Group 2,Ibiza,Europa Fc,Over/Under Goals,Under 3.5,1.18,,,WON,
2025-11-23T17:30:00+00:00,Pro League,Al Taawon,NEOM,Over/Under Goals,Over 1.5,1.28,,,WON,
2025-11-23T17:30:00+00:00,Pro League,Al-Nassr,Al Khaleej Saihat,Over/Under Goals,Over 2.5,1.25,,,WON,
2025-11-23T17:30:00+00:00,Segunda Division,Burgos,Racing Santander,Over/Under Goals,Under 3.5,1.3,,,WON,
2025-11-23T17:30:00+00:00,Super League Women,Genk W,Anderlecht W,Over/Under Goals,Under 3.5,1.68,,,LOST,
2025-11-23T17:30:00+00:00,Taça de Portugal,SC Braga,Nacional,BTTS,Yes,1.55,,,WON,
2025-11-23T18:00:00+00:00,1a Divisió,FC Santa Coloma,Ordino,Over/Under Goals,Under 3.5,1.4,,,LOST,
2025-11-23T18:00:00+00:00,Liga Pro,Macara,Delfin SC,Over/Under Goals,Under 3.5,1.36,,,WON,
2025-11-23T18:00:00+00:00,Premier League,Kahraba Ismailia,Masr,Over/Under Goals,Under 3.5,1.22,,,WON,
2025-11-23T18:00:00+00:00,Premier League,Petrojet,Haras El Hodood,Over/Under Goals,Under 3.5,1.15,,,LOST,
2025-11-23T18:15:00+00:00,Eliteserien,Fredrikstad,Viking,Over/Under Goals,Over 1.5,1.18,,,LOST,
2025-11-23T18:15:00+00:00,Jupiler Pro League,OH Leuven,St. Truiden,Double Chance,Home/Draw,1.44,,,LOST,
2025-11-23T18:30:00+00:00,3. Liga,Rot-Weiß Essen,Energie Cottbus,Over/Under Goals,Over 1.5,1.18,,,WON,
2025-11-23T18:30:00+00:00,I Liga,Polonia Warszawa,Odra Opole,Double Chance,Home/Draw,1.22,,,WON,
2025-11-23T18:30:00+00:00,II Liga - East,Stal Stalowa Wola,Olimpia Grudziądz,Double Chance,Draw/Away,1.67,,,WON,
2025-11-23T18:30:00+00:00,Liga I,CFR 1907 Cluj,Rapid,Double Chance,Draw/Away,1.6,,,LOST,
2025-11-23T18:30:00+00:00,Tercera División RFEF - Group 13,Yeclano II,Cieza,1X2 / Match Winner,Away,1.42,,,WON,
2025-11-23T19:00:00+00:00,CAF Confederation Cup,Wydad AC,Nairobi United,Over/Under Goals,Under 3.5,1.7,,,WON,
2025-11-23T19:00:00+00:00,CAF Confederation Cup,Zamalek SC,ZESCO United,Over/Under Goals,Under 3.5,1.3,,,WON,
2025-11-23T19:00:00+00:00,Liga de Ascenso,Cariari Pococi,ADR Jicaral,Double Chance,Draw/Away,1.59,,,WON,
2025-11-23T19:00:00+00:00,Primera División,Always Ready,Bolívar,Over/Under Goals,Over 2.5,1.44,,,LOST,
2025-11-23T19:00:00+00:00,Serie A,Bahia,Vasco DA Gama,Over/Under Goals,Under 3.5,1.25,,,WON,
2025-11-23T19:00:00+00:00,Serie A,Sao Paulo,Juventude,Over/Under Goals,Under 3.5,1.25,,,WON,
2025-11-23T19:00:00+00:00,Super League 1,AEK Athens FC,Aris Thessalonikis,Over/Under Goals,Under 3.5,1.28,,,WON,
2025-11-23T19:30:00+00:00,Liga Mayor,Atlético Pantoja,Jarabacoa,1X2 / Match Winner,Home,1.41,,,WON,
2025-11-23T19:30:00+00:00,Primera División RFEF - Group 2,Sabadell,Sevilla Atletico,Over/Under Goals,Under 2.5,1.4,,,WON,
2025-11-23T19:30:00+00:00,Serie B,Amazonas,Coritiba,Over/Under Goals,Under 2.5,1.53,,,LOST,
2025-11-23T19:30:00+00:00,Serie B,Athletic Club,Paysandu,Over/Under Goals,Under 3.5,1.28,,,WON,
2025-11-23T19:30:00+00:00,Serie B,Atletico Paranaense,America Mineiro,Over/Under Goals,Under 3.5,1.33,,,WON,
2025-11-23T19:30:00+00:00,Serie B,Botafogo SP,Avai,Over/Under Goals,Under 3.5,1.25,,,WON,
2025-11-23T19:30:00+00:00,Serie B,Chapecoense-sc,Atletico Goianiense,Over/Under Goals,Under 3.5,1.25,,,WON,
2025-11-23T19:30:00+00:00,Serie B,Cuiaba,Criciuma,Over/Under Goals,Under 3.5,1.22,,,WON,
2025-11-23T19:30:00+00:00,Serie B,Operario-PR,Ferroviária,Over/Under Goals,Under 3.5,1.22,,,WON,
2025-11-23T19:30:00+00:00,Serie B,remo,Goias,Over/Under Goals,Over 1.5,1.38,,,WON,
2025-11-23T19:30:00+00:00,Serie C - Girone A,Lecco,Cittadella,Over/Under Goals,Under 3.5,1.17,,,WON,
2025-11-23T19:30:00+00:00,Serie C - Girone B,Sambenedettese,Pineto,Over/Under Goals,Under 3.5,1.2,,,WON,
2025-11-23T19:45:00+00:00,Ligue 1,Lille,Paris FC,Over/Under Goals,Under 3.5,1.45,,,LOST,
2025-11-23T19:45:00+00:00,Serie A,Inter,AC Milan,Over/Under Goals,Under 3.5,1.36,,,WON,
2025-11-23T20:00:00+00:00,La Liga,Elche,Real Madrid,Over/Under Goals,Under 3.5,1.6,,,LOST,
2025-11-23T20:00:00+00:00,Primera Division,Alianza Lima,UTC,Over/Under Goals,Over 1.5,1.15,,,WON,
2025-11-23T20:00:00+00:00,Primera Division,Alianza Universidad,Juan Pablo II College,Over/Under Goals,Under 3.5,1.4,,,WON,
2025-11-23T20:00:00+00:00,Primera Division,Cienciano,Ayacucho FC,1X2 / Match Winner,Home,1.42,,,WON,
2025-11-23T20:00:00+00:00,Primera Division,Comerciantes Unidos,ADT,Over/Under Goals,Under 3.5,1.25,,,WON,
2025-11-23T20:00:00+00:00,Primera Division,Sport Huancayo,Cusco,Over/Under Goals,Over 1.5,1.25,,,WON,
2025-11-23T20:00:00+00:00,Segunda Division,Malaga,Mirandes,Over/Under Goals,Over 1.5,1.4,,,WON,
2025-11-23T20:30:00+00:00,Liga Pro,Barcelona SC,LDU de Quito,Double Chance,Draw/Away,1.5,,,WON,
2025-11-23T20:30:00+00:00,Primera Division,Rosario Central,Estudiantes L.P.,Over/Under Goals,Under 3.5,1.16,,,WON,
2025-11-23T21:00:00+00:00,Division Profesional - Clausura,Cerro Porteno,Libertad Asuncion,Over/Under Goals,Under 3.5,1.3,,,WON,
2025-11-23T21:00:00+00:00,Division Profesional - Clausura,General Caballero,Club Guarani,Over/Under Goals,Under 3.5,1.28,,,WON,
2025-11-23T21:00:00+00:00,Liga Nacional,Malacateco,Comunicaciones,Over/Under Goals,Under 3.5,1.25,,,WON,
2025-11-23T21:00:00+00:00,Primera Division,Cacahuatique,FAS,Team Total Goals,Over 0.5,1.22,,,WON,
2025-11-23T21:00:00+00:00,Primera Division,Matagalpa,Real Estelí,Over/Under Goals,Under 3.5,1.36,,,WON,
2025-11-23T21:00:00+00:00,Primera Division,Municipal Limeño,Alianza,Over/Under Goals,Under 3.5,1.2,,,WON,
2025-11-23T21:00:00+00:00,Primera Division,O'Higgins,Universidad de Chile,Over/Under Goals,Over 1.5,1.28,,,LOST,
2025-11-23T21:00:00+00:00,Primera Division,Platense,Firpo,Over/Under Goals,Over 1.5,1.28,,,WON,
2025-11-23T21:15:00+00:00,Primera División,Universitario de Vinto,Nacional Potosí,Over/Under Goals,Under 3.5,1.53,,,LOST,
2025-11-23T21:30:00+00:00,Serie A,Sport Recife,Vitoria,Team Total Goals,Over 0.5,1.25,,,WON,
2025-11-23T22:00:00+00:00,Major League Soccer,FC Cincinnati,Inter Miami,Double Chance,Draw/Away,1.42,,,WON,
2025-11-23T22:00:00+00:00,Primera División,Carabobo FC,Puerto Cabello,Team Total Goals,Under 2.5,1.15,,,WON,
2025-11-23T22:00:00+00:00,Primera División,LD Alajuelense,Sporting San Jose,Asian Handicap,Away -1.25,1.62,,,LOST,
2025-11-23T22:15:00+00:00,Torneo Federal A,9 de Julio Rafaela,San Martin Formosa,Double Chance,Draw/Away,1.67,,,LOST,
2025-11-23T22:45:00+00:00,Primera A,Independiente Medellin,Atletico Nacional,Asian Handicap,Away -0.5,1.7,,,WON,
2025-11-23T23:00:00+00:00,Liga MX Femenil,Tigres UANL W,América W,Over/Under Goals,Under 3.5,1.45,,,WON,
2025-11-23T23:00:00+00:00,Liga Nacional,Guastatoya,Marquense,Over/Under Goals,Under 3.5,1.18,,,LOST,
2025-11-23T23:00:00+00:00,Liga Pro,Independiente del Valle,Orense SC,Over/Under Goals,Under 3.5,1.38,,,WON,
2025-11-23T23:00:00+00:00,Liga de Expansión MX,CDS Tampico Madero,Tepatitlán,Over/Under Goals,Under 3.5,1.27,,,WON,
2025-11-23T23:00:00+00:00,Primera Division,Boca Juniors,Talleres Cordoba,Over/Under Goals,Under 3.5,1.18,,,WON,
2025-11-23T23:00:00+00:00,Primera Division,Águila,Isidro Metapán,Over/Under Goals,Under 3.5,1.22,,,WON,
2025-11-23T23:05:00+00:00,Torneo Federal A,Douglas Haig,Atletico DE Rafaela,Asian Handicap,Home +0.25,1.58,,,LOST,
2025-11-23T23:15:00+00:00,Liga Nacional,CD Olimpia,CD Marathon,Double Chance,Draw/Away,1.7,,,LOST,
2025-11-23T23:30:00+00:00,Primera Division,Colo Colo,Union La Calera,Over/Under Goals,Under 3.5,1.3,,,LOST,
2025-11-23T23:30:00+00:00,Primera División,Guabirá,San Antonio Bulo Bulo,Team Total Goals,Under 2.5,1.44,,,WON,
2025-11-23T23:30:00+00:00,Serie A,Cruzeiro,Corinthians,Over/Under Goals,Under 3.5,1.22,,,WON,
2025-11-24T00:45:00+00:00,Major League Soccer,Philadelphia Union,New York City FC,Over/Under Goals,Under 3.5,1.38,,,WON,
2025-11-24T01:00:00+00:00,Liga MX,FC Juarez,Pachuca,Over/Under Goals,Over 1.5,1.25,,,WON,
2025-11-24T01:00:00+00:00,Primera A,America de Cali,Junior,Over/Under Goals,Over 1.5,1.33,,,WON,
2025-11-24T01:30:00+00:00,Liga Nacional,Real Espana,CD Motagua,Over/Under Goals,Under 3.5,1.4,,,WON,
2025-11-24T05:00:00+00:00,J3 League,Nara Club,Sagamihara,Over/Under Goals,Under 3.5,1.24,,,WON,
2025-11-24T05:00:00+00:00,J3 League,Osaka,Kochi United,Over/Under Goals,Under 3.5,1.22,,,WON,
2025-11-24T11:00:00+00:00,Campionato Primavera - 1,Lazio U20,Hellas Verona U20,Over/Under Goals,Under 3.5,1.34,,,LOST,
2025-11-24T12:00:00+00:00,First League,FK Rabotnicki,Struga,Asian Handicap,Home +1.25,1.47,,,LOST,
2025-11-24T12:30:00+00:00,Second League,Spartak Pleven,Ludogorets II,Over/Under Goals,Under 3.5,1.2,,,WON,
2025-11-24T13:00:00+00:00,Campionato Primavera - 1,Monza U20,Cremonese U20,Over/Under Goals,Under 2.5,2.05,,,WON,
2025-11-24T13:45:00+00:00,AFC Champions League,Nasaf,Tractor Sazi,Over/Under Goals,Under 3.5,1.36,,,WON,
2025-11-24T15:30:00+00:00,First League,Botev Vratsa,Slavia Sofia,Over/Under Goals,Under 3.5,1.22,,,WON,
2025-11-24T15:30:00+00:00,Liga I,Metaloglobus,AFC Hermannstadt,1X2 / Match Winner,Draw,3.35,,,WON,
2025-11-24T16:00:00+00:00,First League,Rotor Volgograd,Chelyabinsk,Double Chance,Draw/Away,1.59,,,WON,
2025-11-24T16:00:00+00:00,Premier League,Zorya Luhansk,Oleksandria,Asian Handicap,Home +0,1.56,,,WON,
2025-11-24T16:00:00+00:00,Super League 1,Volos NFC,Levadiakos,Over/Under Goals,Over 1.5,1.33,,,WON,
2025-11-24T16:30:00+00:00,1. SNL,Bravo,Radomlje,1X2 / Match Winner,Draw,4.0,,,LOST,
2025-11-24T17:00:00+00:00,1. Division,Krasava Ypsonas,Akritas,Over/Under Goals,Under 3.5,1.33,,,WON,
2025-11-24T17:00:00+00:00,Super Lig,Istanbul Basaksehir,Trabzonspor,Over/Under Goals,Under 3.5,1.36,,,LOST,
2025-11-24T17:00:00+00:00,Super Lig,Konyaspor,Antalyaspor,1X2 / Match Winner,Draw,3.98,,,WON,
2025-11-24T17:00:00+00:00,TFF 1. Lig,Serik Belediyespor,Sarıyer,Over/Under Goals,Over 1.5,1.22,,,WON,
2025-11-24T17:30:00+00:00,Premier League,Gzira United,Mosta,Over/Under Goals,Under 3.5,1.25,,,WON,
2025-11-24T17:30:00+00:00,Serie A,Torino,Como,Over/Under Goals,Under 3.5,1.22,,,LOST,
2025-11-24T18:00:00+00:00,Ekstraklasa,Pogon Szczecin,Zaglebie Lubin,Over/Under Goals,Over 1.5,1.22,,,WON,
2025-11-24T18:00:00+00:00,Super League 1,Larisa,OFI,Over/Under Goals,Over 1.5,1.28,,,WON,
2025-11-24T18:00:00+00:00,Superligaen,Randers FC,Odense,Double Chance,Draw/Away,1.62,,,WON,
2025-11-24T18:15:00+00:00,AFC Champions League,Al-Ahli Jeddah,Sharjah FC,Result + Total Goals,Home/Over 1.5,1.44,,,LOST,
2025-11-24T18:30:00+00:00,Liga I,FC Botosani,Dinamo Bucuresti,Over/Under Goals,Under 3.5,1.28,,,WON,
2025-11-24T19:00:00+00:00,Eerste Divisie,Almere City FC,VVV Venlo,Over/Under Goals,Under 3.5,1.55,,,WON,
2025-11-24T19:00:00+00:00,Eerste Divisie,Helmond Sport,Jong Ajax,1X2 / Match Winner,Home,1.7,,,WON,
2025-11-24T19:00:00+00:00,Eerste Divisie,Jong AZ,FC OSS,Over/Under Goals,Under 3.5,1.55,,,WON,
2025-11-24T19:00:00+00:00,Eerste Divisie,Jong Utrecht,Den Bosch,1X2 / Match Winner,Draw,3.52,,,LOST,
2025-11-24T19:00:00+00:00,NB II,Vasas,Budapest Honved,Over/Under Goals,Under 3.5,1.33,,,WON,
2025-11-24T19:30:00+00:00,Segunda Division,Real Sociedad II,Valladolid,Over/Under Goals,Under 2.5,1.65,,,WON,
2025-11-24T19:30:00+00:00,Serie B,Sampdoria,Juve Stabia,Over/Under Goals,Under 3.5,1.18,,,WON,
2025-11-24T19:30:00+00:00,Serie C - Girone B,Perugia,Vis Pesaro,Over/Under Goals,Under 3.5,1.2,,,WON,
2025-11-24T19:45:00+00:00,Ligue 2,Reims,Montpellier,Over/Under Goals,Under 3.5,1.3,,,WON,
2025-11-24T19:45:00+00:00,Non League Premier - Southern Central,St Ives Town,Leiston,Over/Under Goals,Under 3.5,1.35,,,LOST,
2025-11-24T19:45:00+00:00,Serie A,Sassuolo,Pisa,Over/Under Goals,Under 3.5,1.22,,,LOST,
2025-11-24T20:00:00+00:00,La Liga,Espanyol,Sevilla,Double Chance,Draw/Away,1.7,,,LOST,
2025-11-24T20:00:00+00:00,Premier League,Manchester United,Everton,Team Total Goals,Over 0.5,1.15,,,LOST,
2025-11-24T20:00:00+00:00,Premier League,Zabbar St. Patrick,Tarxien Rainbows,Double Chance,Home/Draw,1.18,,,WON,
2025-11-24T22:00:00+00:00,Primera B,Popayan,Real Cartagena,Over/Under Goals,Under 3.5,1.2,,,WON,
2025-11-24T22:00:00+00:00,Serie A,Mirassol,Ceara,Over/Under Goals,Under 2.5,1.62,,,LOST,
2025-11-24T22:15:00+00:00,Primera Division,Racing Club,River Plate,Over/Under Goals,Under 2.5,1.62,,,LOST,
2025-11-24T23:00:00+00:00,Primera Division,Nublense,Huachipato,Team Total Goals,Over 0.5,1.4,,,WON,
2025-11-25T00:00:00+00:00,Serie A,Internacional,Santos,Over/Under Goals,Under 3.5,1.25,,,WON,
2025-11-25T01:00:00+00:00,Liga de Ascenso,AD Cofutpa,Escorpiones Belén,Over/Under Goals,Under 3.5,1.4,,,WON,
2025-11-25T01:00:00+00:00,Primera Division,Union Santa Fe,Gimnasia L.P.,Over/Under Goals,Under 3.5,1.17,,,WON,
2025-11-25T02:00:00+00:00,Primera División,Perez Zeledon,CS Cartagines,Over/Under Goals,Under 3.5,1.25,,,LOST,
2025-11-25T03:00:00+00:00,Major League Soccer,San Diego,Minnesota United FC,1X2 / Match Winner,Home,1.65,,,WON,
2025-11-25T07:45:00+00:00,AFC Champions League,Melbourne City,Johor Darul Takzim FC,Over/Under Goals,Under 3.5,1.42,,,WON,
2025-11-25T10:00:00+00:00,AFC Champions League,Gangwon FC,Machida Zelvia,Over/Under Goals,Under 3.5,1.22,,,LOST,
2025-11-25T10:00:00+00:00,AFC Champions League,SHANGHAI SIPG,FC Seoul,Over/Under Goals,Under 3.5,1.5,,,LOST,
2025-11-25T10:00:00+00:00,Erovnuli Liga 2,Merani Martvili,Meshakhte,Over/Under Goals,Under 3.5,1.21,,,WON,
2025-11-25T10:00:00+00:00,Erovnuli Liga 2,Saburtalo II,Lokomotivi Tbilisi,Over/Under Goals,Under 3.5,1.27,,,WON,
2025-11-25T10:00:00+00:00,Erovnuli Liga 2,Samtredia,Gonio,Over/Under Goals,Under 3.5,1.29,,,LOST,
2025-11-25T10:00:00+00:00,UEFA Youth League,Galatasaray U18,R. Union SG U19,Over/Under Goals,Over 2.5,1.44,,,LOST,
2025-11-25T11:00:00+00:00,Liga Revelação U23,Leixões U23,Academico Viseu U23,Over/Under Goals,Over 1.5,1.22,,,WON,
2025-11-25T11:00:00+00:00,UEFA Youth League,Legia Warszawa U19,PAOK U19,Double Chance,Draw/Away,1.55,,,LOST,
2025-11-25T12:00:00+00:00,First League,Shkupi 1927,Pelister,Double Chance,Home/Draw,1.67,,,LOST,
2025-11-25T12:00:00+00:00,Premier League,Adama Kenema,Bahardar,BTTS,No,1.57,,,WON,
2025-11-25T12:00:00+00:00,Premier League,Welayta Dicha,Welwalo Adigrat Uni,Over/Under Goals,Under 2.5,1.44,,,LOST,
2025-11-25T12:00:00+00:00,Second League,Bregalnica Štip,Osogovo,Over/Under Goals,Under 2.5,2.15,,,WON,
2025-11-25T12:00:00+00:00,UEFA Youth League,Ajax U19,Benfica U19,BTTS,Yes,1.42,,,LOST,
2025-11-25T12:00:00+00:00,UEFA Youth League,Slavia Praha U19,Athletic U19,Over/Under Goals,Over 2.5,1.55,,,WON,
2025-11-25T12:15:00+00:00,AFC Champions League,Chengdu Better City,Sanfrecce Hiroshima,1X2 / Match Winner,Draw,3.88,,,WON,
2025-11-25T13:00:00+00:00,UEFA Youth League,Chelsea U19,Barcelona U19,Double Chance,Home/Draw,1.44,,,WON,
2025-11-25T13:00:00+00:00,UEFA Youth League,Napoli U19,Qarabağ U19,Over/Under Goals,Under 3.5,2.55,,,WON,
2025-11-25T13:30:00+00:00,UEFA Youth League,Olympique Marseille U19,Newcastle United U19,Over/Under Goals,Over 2.5,1.44,,,LOST,
2025-11-25T14:00:00+00:00,Erovnuli Liga 2,Sioni,Spaeri,Over/Under Goals,Under 3.5,1.33,,,WON,
2025-11-25T14:00:00+00:00,Premier League,Pyunik Yerevan,Ararat-Armenia,Over/Under Goals,Under 3.5,1.33,,,WON,
2025-11-25T15:00:00+00:00,Cup,Torpedo Moskva,Baltika,Over/Under Goals,Under 3.5,1.2,,,WON,
2025-11-25T15:00:00+00:00,Erovnuli Liga,Gagra,Gareji,Double Chance,Draw/Away,1.53,,,LOST,
2025-11-25T15:00:00+00:00,Erovnuli Liga,Telavi,Dinamo Batumi,Over/Under Goals,Under 3.5,1.33,,,WON,
2025-11-25T15:00:00+00:00,Liga II,Politehnica Iasi,Chindia Targoviste,Over/Under Goals,Under 3.5,1.18,,,WON,
2025-11-25T15:00:00+00:00,Liga Revelação U23,Estoril U23,Torreense U23,Over/Under Goals,Under 3.5,1.3,,,LOST,
2025-11-25T15:00:00+00:00,Liga Revelação U23,Rio Ave U23,Famalicão U23,Team Total Goals,Over 0.5,1.2,,,WON,
2025-11-25T15:00:00+00:00,Premier League,Pyramids FC,El Mokawloon,Over/Under Goals,Under 3.5,1.28,,,WON,
2025-11-25T15:00:00+00:00,UEFA Youth League,Borussia Dortmund U19,Villarreal U19,Over/Under Goals,Under 3.5,1.45,,,WON,
2025-11-25T15:00:00+00:00,UEFA Youth League,Manchester City U19,Bayer Leverkusen U19,Over/Under Goals,Under 3.5,1.7,,,LOST,
2025-11-25T16:00:00+00:00,AFC Champions League,Al Wahda FC,Al Sadd,Over/Under Goals,Over 2.5,1.55,,,WON,
2025-11-25T16:00:00+00:00,AFC Cup,Sepahan FC,Al Hussein,Over/Under Goals,Over 1.5,1.42,,,WON,
2025-11-25T17:00:00+00:00,Coppa Italia Serie C,Sorrento,Crotone,Team Total Goals,Under 2.5,1.22,,,LOST,
2025-11-25T17:30:00+00:00,Premier Soccer League,Orlando Pirates,Chippa United,Over/Under Goals,Under 3.5,1.25,,,WON,
2025-11-25T17:45:00+00:00,UEFA Champions League,Ajax,Benfica,Over/Under Goals,Over 1.5,1.22,,,WON,
2025-11-25T17:45:00+00:00,UEFA Champions League,Galatasaray,Union St. Gilloise,Double Chance,Home/Draw,1.15,,,LOST,
2025-11-25T18:00:00+00:00,Regionalliga - SudWest,Balingen,SG Sonnenhof Grossaspach,1X2 / Match Winner,Away,1.62,,,WON,
2025-11-25T18:15:00+00:00,AFC Champions League,Al-Hilal Saudi FC,Al Shorta,Over/Under Goals,Under 3.5,2.1,,,LOST,
2025-11-25T19:00:00+00:00,Eerste Divisie,ADO Den Haag,De Graafschap,Over/Under Goals,Over 2.5,1.3,,,WON,
2025-11-25T19:00:00+00:00,Eerste Divisie,Roda,Dordrecht,Over/Under Goals,Over 1.5,1.2,,,WON,
2025-11-25T19:00:00+00:00,Eerste Divisie,Vitesse,Jong PSV U21,1X2 / Match Winner,Draw,3.84,,,LOST,
2025-11-25T19:00:00+00:00,Eerste Divisie,Waalwijk,MVV,Over/Under Goals,Over 2.5,1.42,,,LOST,
2025-11-25T19:00:00+00:00,Ligue 2,Bastia,Laval,Over/Under Goals,Under 3.5,1.2,,,WON,
2025-11-25T19:00:00+00:00,National League Cup,Aldershot Town,Fulham U21,Double Chance,Home/Draw,1.53,,,WON,
2025-11-25T19:00:00+00:00,National League Cup,Boreham Wood,Leicester City U21,BTTS,Yes,1.55,,,WON,
2025-11-25T19:00:00+00:00,National League Cup,Forest Green,Nottingham Forest U21,Over/Under Goals,Over 1.5,1.15,,,LOST,
2025-11-25T19:00:00+00:00,National League Cup,Rochdale,Everton U21,Over/Under Goals,Under 3.5,1.44,,,WON,
2025-11-25T19:00:00+00:00,National League Cup,Solihull Moors,Manchester United U21,Over/Under Goals,Under 3.5,1.5,,,LOST,
2025-11-25T19:00:00+00:00,National League Cup,Sutton Utd,Southampton U21,BTTS,Yes,1.44,,,WON,
2025-11-25T19:00:00+00:00,National League Cup,Truro City,West Ham United U21,Over/Under Goals,Under 3.5,1.62,,,WON,
2025-11-25T19:00:00+00:00,National League Cup,Wealdstone,West Bromwich Albion U21,Over/Under Goals,Over 1.5,1.15,,,WON,
2025-11-25T19:00:00+00:00,Premier League Cup,L Orient U21,Coventry City U21,Asian Handicap,Home +0.25,1.41,,,WON,
2025-11-25T19:30:00+00:00,Coppa Italia Serie C,Ravenna,Arzignano Valchiampo,Over/Under Goals,Under 3.5,1.44,,,WON,
2025-11-25T19:45:00+00:00,Championship,Hull City,Ipswich,Over/Under Goals,Over 1.5,1.28,,,WON,
2025-11-25T19:45:00+00:00,Championship,Middlesbrough,Coventry,Double Chance,Draw/Away,1.42,,,WON,
2025-11-25T19:45:00+00:00,Championship,Norwich,Oxford United,1X2 / Match Winner,Draw,3.46,,,WON,
2025-11-25T19:45:00+00:00,Championship,Partick,Dunfermline,Over/Under Goals,Under 3.5,1.25,,,WON,
2025-11-25T19:45:00+00:00,Championship,Stoke City,Charlton,Over/Under Goals,Under 3.5,1.22,,,WON,
2025-11-25T19:45:00+00:00,Championship,Swansea,Derby,Over/Under Goals,Over 1.5,1.48,,,WON,
2025-11-25T19:45:00+00:00,Championship,Watford,Preston,Over/Under Goals,Over 1.5,1.4,,,WON,
2025-11-25T19:45:00+00:00,League One,Alloa Athletic,Inverness CT,Team Total Goals,Over 0.5,1.2,,,WON,
2025-11-25T19:45:00+00:00,League One,Luton,Huddersfield,Team Total Goals,Under 2.5,1.2,,,WON,
2025-11-25T19:45:00+00:00,League One,Peterborough,Stevenage,Team Total Goals,Over 0.5,1.22,,,WON,
2025-11-25T19:45:00+00:00,National League - North,AFC Fylde,Macclesfield,Over/Under Goals,Under 3.5,1.5,,,LOST,
2025-11-25T19:45:00+00:00,National League - North,AFC Telford United,Oxford City,Over/Under Goals,Over 1.5,1.2,,,WON,
2025-11-25T19:45:00+00:00,National League - North,Chester,Hereford,Over/Under Goals,Over 1.5,1.22,,,WON,
2025-11-25T19:45:00+00:00,National League - North,Chorley,Spennymoor Town,Over/Under Goals,Under 3.5,1.4,,,WON,
2025-11-25T19:45:00+00:00,National League - North,Darlington 1883,Curzon Ashton,Over/Under Goals,Over 2.5,1.57,,,WON,
2025-11-25T19:45:00+00:00,National League - North,King's Lynn Town,Buxton,Asian Handicap,Home +0.5,1.58,,,WON,
2025-11-25T19:45:00+00:00,National League - North,Marine,Kidderminster Harriers,Over/Under Goals,Under 3.5,1.22,,,WON,
2025-11-25T19:45:00+00:00,National League - North,Merthyr Town,Leamington,Over/Under Goals,Over 1.5,1.17,,,WON,
2025-11-25T19:45:00+00:00,National League - North,Peterborough Sports,Bedford Town,Over/Under Goals,Over 1.5,1.2,,,WON,
2025-11-25T19:45:00+00:00,National League - North,Scarborough Athletic,Alfreton Town,Team Total Goals,Under 2.5,1.25,,,WON,
2025-11-25T19:45:00+00:00,National League - South,Chippenham Town,Farnborough,Asian Handicap,Home +0.5,1.6,,,WON,
2025-11-25T19:45:00+00:00,National League - South,Dagenham & Redbridge,Chesham United,Over/Under Goals,Under 3.5,1.28,,,LOST,
2025-11-25T19:45:00+00:00,National League - South,Ebbsfleet United,Horsham,Over/Under Goals,Under 3.5,1.33,,,WON,
2025-11-25T19:45:00+00:00,National League - South,Enfield Town,Maidstone Utd,Team Total Goals,Over 0.5,1.2,,,WON,
2025-11-25T19:45:00+00:00,National League - South,Hampton & Richmond,Tonbridge Angels,Over/Under Goals,Under 3.5,1.33,,,WON,
2025-11-25T19:45:00+00:00,National League - South,Hemel Hempstead Town,Chelmsford City,Double Chance,Draw/Away,1.55,,,LOST,
2025-11-25T19:45:00+00:00,National League - South,Salisbury,Maidenhead,Double Chance,Home/Draw,1.55,,,LOST,
2025-11-25T19:45:00+00:00,National League - South,Slough Town,AFC Totton,Asian Handicap,Home +0.5,1.7,,,WON,
2025-11-25T19:45:00+00:00,National League - South,Torquay,Worthing,Double Chance,Draw/Away,1.67,,,LOST,
2025-11-25T19:45:00+00:00,National League - South,Weston-super-Mare,Bath City,Over/Under Goals,Under 3.5,1.22,,,WON,
2025-11-25T19:45:00+00:00,Non League Premier - Isthmian,Cheshunt,Canvey Island,Team Total Goals,Over 0.5,1.4,,,LOST,
2025-11-25T19:45:00+00:00,Non League Premier - Isthmian,St Albans City,Burgess Hill Town,1X2 / Match Winner,Home,1.65,,,LOST,
2025-11-25T19:45:00+00:00,Non League Premier - Isthmian,Welling United,Chatham Town,1X2 / Match Winner,Away,1.55,,,WON,
2025-11-25T19:45:00+00:00,Non League Premier - Isthmian,Whitehawk,Dartford,Over/Under Goals,Under 3.5,1.33,,,WON,
2025-11-25T19:45:00+00:00,Non League Premier - Isthmian,Wingate & Finchley,Folkestone Invicta,Over/Under Goals,Under 3.5,1.36,,,WON,
2025-11-25T19:45:00+00:00,Non League Premier - Northern,Gainsborough Trinity,Hebburn Town,Double Chance,Home/Draw,1.18,,,LOST,
2025-11-25T19:45:00+00:00,Non League Premier - Northern,Lancaster City,Prescot Cables,Over/Under Goals,Under 2.5,1.67,,,WON,
2025-11-25T19:45:00+00:00,Non League Premier - Southern Central,Alvechurch,Worcester City,Over/Under Goals,Under 2.5,1.8,,,WON,
2025-11-25T19:45:00+00:00,Non League Premier - Southern Central,Bishop's Stortford,Needham Market,Double Chance,Draw/Away,1.5,,,WON,
2025-11-25T19:45:00+00:00,Non League Premier - Southern Central,Bromsgrove Sporting,Quorn,Over/Under Goals,Under 3.5,1.4,,,LOST,
2025-11-25T19:45:00+00:00,Non League Premier - Southern Central,Harborough Town,Redditch United,Over/Under Goals,Under 3.5,1.27,,,WON,
2025-11-25T19:45:00+00:00,Non League Premier - Southern Central,Real Bedford,Banbury United,Double Chance,Home/Draw,1.25,,,WON,
2025-11-25T19:45:00+00:00,Non League Premier - Southern Central,Royston Town,AFC Sudbury,Team Total Goals,Under 2.5,1.18,,,LOST,
2025-11-25T19:45:00+00:00,Non League Premier - Southern Central,Spalding United,Bury Town,Over/Under Goals,Under 3.5,1.43,,,WON,
2025-11-25T19:45:00+00:00,Non League Premier - Southern Central,Stamford,Kettering Town,Double Chance,Draw/Away,1.18,,,LOST,
2025-11-25T19:45:00+00:00,Non League Premier - Southern South,Evesham United,Bracknell Town,Double Chance,Draw/Away,1.67,,,WON,
2025-11-25T19:45:00+00:00,Non League Premier - Southern South,Gloucester City,Farnham Town,Over/Under Goals,Over 2.5,1.57,,,WON,
2025-11-25T19:45:00+00:00,Non League Premier - Southern South,Poole Town,Tiverton Town,1X2 / Match Winner,Home,1.46,,,LOST,
2025-11-25T19:45:00+00:00,Non League Premier - Southern South,Uxbridge,Sholing,Over/Under Goals,Over 1.5,1.15,,,WON,
2025-11-25T19:45:00+00:00,Non League Premier - Southern South,Walton & Hersham,Berkhamsted,1X2 / Match Winner,Home,1.53,,,WON,
2025-11-25T19:45:00+00:00,Non League Premier - Southern South,Yate Town,Basingstoke Town,Double Chance,Home/Draw,1.44,,,WON,
2025-11-25T19:45:00+00:00,Premiership,Coleraine FC,Larne,Over/Under Goals,Under 3.5,1.22,,,WON,
2025-11-25T19:45:00+00:00,Premiership,Linfield,Crusaders FC,Over/Under Goals,Under 3.5,1.44,,,WON,
2025-11-25T19:45:00+00:00,Premiership,Motherwell,Hibernian,Over/Under Goals,Over 1.5,1.25,,,WON,
2025-11-25T20:00:00+00:00,Championship,Southampton,Leicester,Over/Under Goals,Under 3.5,1.28,,,WON,
2025-11-25T20:00:00+00:00,UEFA Champions League,Bodo/Glimt,Juventus,Double Chance,Home/Draw,1.7,,,LOST,
2025-11-25T20:00:00+00:00,UEFA Champions League,Borussia Dortmund,Villarreal,Over/Under Goals,Over 1.5,1.22,,,WON,
2025-11-25T20:00:00+00:00,UEFA Champions League,Chelsea,Barcelona,Over/Under Goals,Over 2.5,1.4,,,WON,
2025-11-25T20:00:00+00:00,UEFA Champions League,Manchester City,Bayer Leverkusen,Team Total Goals,Over 0.5,1.62,,,WON,
2025-11-25T20:00:00+00:00,UEFA Champions League,Marseille,Newcastle,Over/Under Goals,Under 3.5,1.4,,,WON,
2025-11-25T20:00:00+00:00,UEFA Champions League,Napoli,Qarabag,Over/Under Goals,Under 3.5,1.57,,,WON,
2025-11-25T20:00:00+00:00,UEFA Champions League,Slavia Praha,Athletic Club,1X2 / Match Winner,Draw,3.52,,,WON,
2025-11-25T23:00:00+00:00,CONCACAF Caribbean Club Championship,Universidad O&M,Mount Pleasant Academy,Double Chance,Draw/Away,1.22,,,WON,
2025-11-26T00:30:00+00:00,Primera A,Santa Fe,Deportes Tolima,Over/Under Goals,Under 3.5,1.25,,,WON,
2025-11-26T00:30:00+00:00,Serie A,Atletico-MG,Flamengo,Over/Under Goals,Over 1.5,1.38,,,WON,
2025-11-26T00:30:00+00:00,Serie A,Gremio,Palmeiras,Over/Under Goals,Under 2.5,1.65,,,LOST,
2025-11-26T10:00:00+00:00,2. Lig,Ankaraspor,Ankaragucu,Double Chance,Draw/Away,1.53,,,LOST,
2025-11-26T10:00:00+00:00,2. Lig,Kastamonuspor 1966,Altınordu,Over/Under Goals,Under 3.5,1.28,,,LOST,
2025-11-26T10:00:00+00:00,2. Lig,Tuzlaspor,Elazığspor,Over/Under Goals,Under 3.5,1.25,,,LOST,
2025-11-26T10:00:00+00:00,2. Lig,İnegölspor,Erzin Spor,Over/Under Goals,Under 3.5,1.17,,,WON,
2025-11-26T10:00:00+00:00,AFC Champions League,Ulsan Hyundai FC,Buriram United,Over/Under Goals,Under 3.5,1.38,,,WON,
2025-11-26T10:00:00+00:00,Birinci Dasta,Mingəçevir,Baku Sportinq,Over/Under Goals,Under 3.5,1.3,,,WON,
2025-11-26T10:00:00+00:00,Friendlies Clubs,Vlašim,České Budějovice,Double Chance,Draw/Away,1.5,,,WON,
2025-11-26T10:30:00+00:00,Birinci Dasta,Şimal,Zaqatala,Result + Total Goals,Away/Over 1.5,1.53,,,WON,
2025-11-26T11:00:00+00:00,2. Lig,Buca FK,Adana 1954 FK,Over/Under Goals,Under 3.5,1.36,,,WON,
2025-11-26T11:00:00+00:00,2. Lig,Kepez Belediyespor,24 Erzincanspor,Team Total Goals,Over 0.5,1.2,,,WON,
2025-11-26T11:00:00+00:00,Liga Revelação U23,Vizela U23,Sporting Braga U23,Over/Under Goals,Under 3.5,1.53,,,WON,
2025-11-26T12:00:00+00:00,1st League - RS,BSK Banja Luka,Leotar,Over/Under Goals,Under 3.5,1.3,,,LOST,
2025-11-26T12:00:00+00:00,2. Lig,Muğlaspor,Halide Edip Adıvar,Over/Under Goals,Under 3.5,1.22,,,WON,
2025-11-26T12:00:00+00:00,FKF Premier League,Bidco United,Police,Double Chance,Home/Draw,1.5,,,LOST,
2025-11-26T12:00:00+00:00,Liga Revelação U23,Santa Clara U23,Farense U23,Double Chance,Draw/Away,1.57,,,LOST,
2025-11-26T12:00:00+00:00,UEFA Youth League,Pafos U19,Monaco  U19,Team Total Goals,Under 2.5,2.05,,,LOST,
2025-11-26T12:15:00+00:00,AFC Champions League,Shanghai Shenhua,Vissel Kobe,Over/Under Goals,Over 1.5,1.2,,,WON,
2025-11-26T12:30:00+00:00,Second League,Kom,Grbalj,Double Chance,Home/Draw,1.3,,,WON,
2025-11-26T12:30:00+00:00,Super League,Karonga United,Dedza Dynamos,Over/Under Goals,Under 2.5,1.5,,,LOST,
2025-11-26T12:30:00+00:00,Super League,Silver Strikers,Moyale Barracks,Over/Under Goals,Over 1.5,1.36,,,WON,
2025-11-26T12:45:00+00:00,UEFA Youth League,København U19,Kairat U19,1X2 / Match Winner,Home,1.25,,,LOST,
2025-11-26T13:00:00+00:00,3. liga - CFL B,Sokol Brozany,Benátky nad Jizerou,Double Chance,Draw/Away,1.44,,,LOST,
2025-11-26T13:00:00+00:00,Arab Cup,Bahrain,Djibouti,Over/Under Goals,Under 3.5,1.53,,,WON,
2025-11-26T13:00:00+00:00,UEFA Youth League,Arsenal U19,Bayern München U19,Team Total Goals,Over 0.5,1.15,,,WON,
2025-11-26T13:00:00+00:00,UEFA Youth League,Aston Villa U19,AZ U19,BTTS,Yes,1.45,,,WON,
2025-11-26T13:00:00+00:00,UEFA Youth League,Sporting CP U19,Club Brugge U19,Over/Under Goals,Under 3.5,1.45,,,WON,
2025-11-26T13:30:00+00:00,1a Divisió,FC Santa Coloma,Inter Club d'Escaldes,Team Total Goals,Over 0.5,1.2,,,WON,
2025-11-26T13:30:00+00:00,1st Division,Cape Town City,Lerumo Lions,Double Chance,Home/Draw,1.2,,,WON,
2025-11-26T13:30:00+00:00,UEFA Youth League,PSG U19,Tottenham Hotspur U19,Over/Under Goals,Over 2.5,1.38,,,WON,
2025-11-26T14:00:00+00:00,Coppa Italia Serie C,Inter U23,Renate,Team Total Goals,Under 2.5,1.17,,,WON,
2025-11-26T14:00:00+00:00,Serie C - Girone B,Gubbio,Juventus U23,1X2 / Match Winner,Draw,3.1,,,WON,
2025-11-26T14:00:00+00:00,Serie D - Girone A,Imperia,Cairese,Over/Under Goals,Under 3.5,1.18,,,WON,
2025-11-26T14:00:00+00:00,UEFA Youth League,Liverpool U19,PSV U19,Over/Under Goals,Under 3.5,1.7,,,WON,
2025-11-26T15:00:00+00:00,Cup,FC Krasnodar,FC Orenburg,Over/Under Goals,Over 1.5,1.17,,,WON,
2025-11-26T15:00:00+00:00,Erovnuli Liga,Saburtalo,Dinamo Tbilisi,Over/Under Goals,Under 3.5,1.21,,,WON,
2025-11-26T15:00:00+00:00,Liga Revelação U23,Portimonense U23,Estrela U23,Over/Under Goals,Under 3.5,1.33,,,WON,
2025-11-26T15:00:00+00:00,UEFA Youth League,Atlético Madrid U19,Internazionale U19,Over/Under Goals,Over 1.5,1.18,,,WON,
2025-11-26T15:00:00+00:00,UEFA Youth League,Eintracht Frankf U19,Atalanta U19,Asian Handicap,Home +0.25,1.65,,,WON,
2025-11-26T15:00:00+00:00,UEFA Youth League,Olympiakos Piraeus U19,Real Madrid U19,Over/Under Goals,Under 3.5,1.65,,,WON,
2025-11-26T15:30:00+00:00,Ligue 1,Racing d'Abidjan,ISCA,Double Chance,Home/Draw,1.28,,,LOST,
2025-11-26T15:30:00+00:00,Tercera División RFEF - Group 11,Santanyí,Inter Ibiza,Asian Handicap,Home +0.25,1.5,,,LOST,
2025-11-26T16:00:00+00:00,1a Divisió,Esperança d'Andorra,UE Santa Coloma,1X2 / Match Winner,Away,1.17,,,WON,
2025-11-26T16:00:00+00:00,Arab Cup,Sudan,Lebanon,Over/Under Goals,Under 2.5,1.53,,,LOST,
2025-11-26T16:30:00+00:00,III Liga - Group 2,Pogoń Szczecin II,Wybrzeże Rewalskie Rewal,Over/Under Goals,Under 3.5,1.46,,,LOST,
2025-11-26T17:00:00+00:00,Coppa Italia Serie C,PRO Vercelli,Atalanta II,Over/Under Goals,Under 3.5,1.3,,,LOST,
2025-11-26T17:00:00+00:00,Coppa Italia Serie C,Potenza,Audace Cerignola,Over/Under Goals,Under 3.5,1.17,,,LOST,
2025-11-26T17:00:00+00:00,Coppa Italia Serie C,Ternana,Giugliano,Over/Under Goals,Under 3.5,1.25,,,LOST,
2025-11-26T17:00:00+00:00,Serie D - Girone C,Mestre,Clodiense,Over/Under Goals,Under 2.5,1.57,,,WON,
2025-11-26T17:30:00+00:00,Cup,FK Neftekhimik,FC Rostov,Over/Under Goals,Under 3.5,1.17,,,LOST,
2025-11-26T17:30:00+00:00,Cup,Lokomotiv,Spartak Moscow,Over/Under Goals,Over 1.5,1.2,,,WON,
2025-11-26T17:30:00+00:00,Premier Soccer League,Orbit College,Stellenbosch,Double Chance,Home/Draw,1.67,,,LOST,
2025-11-26T17:45:00+00:00,UEFA Champions League,FC Copenhagen,Kairat Almaty,Over/Under Goals,Over 1.5,1.17,,,WON,
2025-11-26T17:45:00+00:00,UEFA Champions League,Pafos,Monaco,1X2 / Match Winner,Draw,4.45,,,WON,
2025-11-26T18:00:00+00:00,Regionalliga - Nordost,Altglienicke,Hertha BSC II,Over/Under Goals,Under 3.5,1.44,,,WON,
2025-11-26T18:00:00+00:00,Segunda Division,AD Ceuta FC,Almeria,Over/Under Goals,Under 3.5,1.3,,,LOST,
2025-11-26T18:00:00+00:00,Super League,FC Lugano,FC ST. Gallen,Over/Under Goals,Over 1.5,1.22,,,WON,
2025-11-26T18:30:00+00:00,National Division,Rodange 91,FC Differdange 03,Over/Under Goals,Under 3.5,1.7,,,LOST,
2025-11-26T19:00:00+00:00,National Division,Swift Hesperange,Racing FC Union Luxembourg,Over/Under Goals,Under 3.5,1.36,,,WON,
2025-11-26T19:45:00+00:00,Championship,Blackburn,QPR,Double Chance,Draw/Away,1.67,,,WON,
2025-11-26T19:45:00+00:00,Championship,Millwall,Sheffield Wednesday,Over/Under Goals,Under 3.5,1.3,,,WON,
2025-11-26T19:45:00+00:00,Championship,Sheffield Utd,Portsmouth,Over/Under Goals,Over 1.5,1.33,,,WON,
2025-11-26T19:45:00+00:00,Championship,Wrexham,Bristol City,1X2 / Match Winner,Draw,3.31,,,LOST,
2025-11-26T19:45:00+00:00,Coppa Titano,Cosmos,Tre Fiori,Over/Under Goals,Under 3.5,1.22,,,LOST,
2025-11-26T19:45:00+00:00,Coppa Titano,Murata,La Fiorita,Over/Under Goals,Under 3.5,1.57,,,WON,
2025-11-26T19:45:00+00:00,Non League Premier - Southern Central,Stourbridge,Barwell,Double Chance,Draw/Away,1.57,,,WON,
2025-11-26T19:45:00+00:00,Non League Premier - Southern South,Gosport Borough,Weymouth,Asian Handicap,Away -1.25,1.57,,,WON,
2025-11-26T19:45:00+00:00,Non League Premier - Southern South,Havant & Wville,Chertsey Town,Over/Under Goals,Under 3.5,1.33,,,WON,
2025-11-26T19:45:00+00:00,Non League Premier - Southern South,Taunton Town,Dorchester Town,Over/Under Goals,Under 3.5,1.35,,,WON,
2025-11-26T20:00:00+00:00,Championship,West Brom,Birmingham,Asian Handicap,Away -0.5,1.5,,,WON,
2025-11-26T20:00:00+00:00,Division Profesional - Clausura,Sportivo Ameliano,Sportivo Trinidense,Over/Under Goals,Under 3.5,1.25,,,WON,
2025-11-26T20:00:00+00:00,UEFA Champions League,Arsenal,Bayern München,BTTS,Yes,1.57,,,WON,
2025-11-26T20:00:00+00:00,UEFA Champions League,Atletico Madrid,Inter,Over/Under Goals,Over 1.5,1.28,,,WON,
2025-11-26T20:00:00+00:00,UEFA Champions League,Eintracht Frankfurt,Atalanta,Over/Under Goals,Under 3.5,1.5,,,WON,
2025-11-26T20:00:00+00:00,UEFA Champions League,Liverpool,PSV Eindhoven,Over/Under Goals,Over 2.5,1.33,,,WON,
2025-11-26T20:00:00+00:00,UEFA Champions League,Olympiakos Piraeus,Real Madrid,Over/Under Goals,Under 3.5,1.65,,,LOST,
2025-11-26T20:00:00+00:00,UEFA Champions League,Paris Saint Germain,Tottenham,Over/Under Goals,Over 1.5,1.17,,,WON,
2025-11-26T20:00:00+00:00,UEFA Champions League,Sporting CP,Club Brugge KV,Over/Under Goals,Over 2.5,1.55,,,WON,
2025-11-26T21:00:00+00:00,Primera Division,San Marcos de Arica,Cobreloa,Double Chance,Draw/Away,1.67,,,LOST,
2025-11-26T22:00:00+00:00,Copa de la División Profesional,Gualberto Villarroel SJ,Nacional Potosí,Double Chance,Draw/Away,1.57,,,LOST,
2025-11-26T22:00:00+00:00,Serie A,RB Bragantino,Fortaleza EC,Double Chance,Draw/Away,1.67,,,WON,
2025-11-26T22:30:00+00:00,Division Profesional - Clausura,Olimpia,2 de Mayo,Team Total Goals,Over 0.5,1.18,,,WON,
2025-11-26T23:30:00+00:00,Primera A,Bucaramanga,Fortaleza FC,Double Chance,Home/Draw,1.18,,,LOST,
2025-11-27T00:30:00+00:00,Copa de la División Profesional,Bolívar,San Antonio Bulo Bulo,1X2 / Match Winner,Home,1.3,,,WON,
2025-11-27T00:30:00+00:00,Primera Division,Lanus,Tigre,1X2 / Match Winner,Draw,3.0,,,LOST,
2025-11-27T01:00:00+00:00,Liga MX,FC Juarez,Toluca,Team Total Goals,Over 0.5,1.2,,,WON,
2025-11-27T01:30:00+00:00,Primera A,Atletico Nacional,Junior,Over/Under Goals,Over 1.5,1.25,,,WON,
2025-11-27T02:00:00+00:00,Concacaf Central American Cup,LD Alajuelense,Xelajú,Asian Handicap,Away -1.25,1.6,,,WON,
2025-11-27T03:10:00+00:00,Liga MX,Monterrey,Club America,Over/Under Goals,Over 1.5,1.25,,,WON,
2025-11-27T05:00:00+00:00,Liga MX,Club Tijuana,Tigres UANL,Over/Under Goals,Under 3.5,1.5,,,WON,
2025-11-27T08:30:00+00:00,Liga 1,Persik Kediri,Semen Padang,Over/Under Goals,Under 3.5,1.3,,,WON,
2025-11-27T10:00:00+00:00,1a Divisió,Ordino,Atlètic Club d'Escaldes,Team Total Goals,Over 1.5,1.47,,,LOST,
2025-11-27T10:00:00+00:00,K League 2,Seoul E-Land FC,Seongnam FC,Over/Under Goals,Under 3.5,1.33,,,WON,
2025-11-27T10:30:00+00:00,Birinci Dasta,Şahdağ,Safa Baku,Over/Under Goals,Under 3.5,1.4,,,WON,
2025-11-27T11:00:00+00:00,Birinci Dasta,Səbail,Cəbrayıl,1X2 / Match Winner,Draw,4.5,,,LOST,
2025-11-27T12:00:00+00:00,1st League - RS,FK Romanija Pale,Zvijezda 09,Asian Handicap,Home +0.25,1.42,,,WON,
2025-11-27T12:00:00+00:00,Liga 1,PSBS Biak Numfor,Persijap,Double Chance,Home/Draw,1.7,,,WON,
2025-11-27T12:00:00+00:00,Super League,Gucha Stars,Kisumu All Stars,Double Chance,Home/Draw,1.44,,,WON,
2025-11-27T12:30:00+00:00,Division 1,Abha,Al Bukayriyah,Double Chance,Home/Draw,1.17,,,WON,
2025-11-27T14:30:00+00:00,Division 1,Al-Adalah,Al Ula,Over/Under Goals,Under 3.5,1.45,,,WON,
2025-11-27T16:35:00+00:00,Division 1,Jeddah Club,Al Jandal,Over/Under Goals,Under 2.5,1.62,,,WON,
2025-11-27T17:00:00+00:00,Liga Alef,Hapoel Migdal HaEmek,Hapoel Beit Shean,Over/Under Goals,Under 2.5,1.9,,,WON,
2025-11-27T17:00:00+00:00,Liga Alef,Nordia Jerusalem,Beitar Yavne,Double Chance,Home/Draw,1.25,,,LOST,
2025-11-27T17:00:00+00:00,Liga Alef,Tira,Hapoel Umm al-Fahm,Over/Under Goals,Over 2.5,1.67,,,WON,
2025-11-27T17:30:00+00:00,Cup,Dynamo,Zenit,Over/Under Goals,Over 1.5,1.21,,,LOST,
2025-11-27T17:45:00+00:00,UEFA Europa Conference League,AZ Alkmaar,Shelbourne,Over/Under Goals,Over 1.5,1.18,,,WON,
2025-11-27T17:45:00+00:00,UEFA Europa Conference League,Hamrun Spartans,Lincoln Red Imps FC,Over/Under Goals,Under 3.5,1.4,,,LOST,
2025-11-27T17:45:00+00:00,UEFA Europa Conference League,Lech Poznan,Lausanne,Over/Under Goals,Over 1.5,1.17,,,WON,
2025-11-27T17:45:00+00:00,UEFA Europa Conference League,Omonia Nicosia,Dynamo Kyiv,Double Chance,Draw/Away,1.6,,,LOST,
2025-11-27T17:45:00+00:00,UEFA Europa Conference League,Raków Częstochowa,Rapid Vienna,Team Total Goals,Over 0.5,1.18,,,WON,
2025-11-27T17:45:00+00:00,UEFA Europa Conference League,Sigma Olomouc,Celje,Over/Under Goals,Under 3.5,1.33,,,WON,
2025-11-27T17:45:00+00:00,UEFA Europa Conference League,Slovan Bratislava,Rayo Vallecano,Over/Under Goals,Over 1.5,1.3,,,WON,
2025-11-27T17:45:00+00:00,UEFA Europa Conference League,Universitatea Craiova,FSV Mainz 05,Over/Under Goals,Under 3.5,1.3,,,WON,
2025-11-27T17:45:00+00:00,UEFA Europa Conference League,Zrinjski,BK Hacken,Double Chance,Home/Draw,1.4,,,WON,
2025-11-27T17:45:00+00:00,UEFA Europa League,AS Roma,FC Midtjylland,Over/Under Goals,Under 3.5,1.5,,,WON,
2025-11-27T17:45:00+00:00,UEFA Europa League,Aston Villa,BSC Young Boys,1X2 / Match Winner,Home,1.24,,,WON,
2025-11-27T17:45:00+00:00,UEFA Europa League,FC Porto,Nice,Over/Under Goals,Under 3.5,1.38,,,WON,
2025-11-27T17:45:00+00:00,UEFA Europa League,Fenerbahce,Ferencvarosi TC,Over/Under Goals,Over 1.5,1.22,,,WON,
2025-11-27T17:45:00+00:00,UEFA Europa League,Feyenoord,Celtic,Over/Under Goals,Over 1.5,1.18,,,WON,
2025-11-27T17:45:00+00:00,UEFA Europa League,Lille,Dinamo Zagreb,Over/Under Goals,Under 3.5,1.45,,,LOST,
2025-11-27T17:45:00+00:00,UEFA Europa League,Ludogorets,Celta Vigo,Over/Under Goals,Over 1.5,1.33,,,WON,
2025-11-27T17:45:00+00:00,UEFA Europa League,PAOK,Brann,Over/Under Goals,Over 1.5,1.2,,,WON,
2025-11-27T17:45:00+00:00,UEFA Europa League,Plzen,SC Freiburg,Over/Under Goals,Under 3.5,1.33,,,WON,
2025-11-27T18:30:00+00:00,Liga Alef,Shimshon Tel Aviv,FC Jerusalem,Over/Under Goals,Under 3.5,1.34,,,WON,
2025-11-27T19:15:00+00:00,Liga Alef,Hapoel Tirat HaCarmel,Maccabi K. Ata Bialik,Double Chance,Draw/Away,1.2,,,WON,
2025-11-27T20:00:00+00:00,League Two,Grimsby,Tranmere,Over/Under Goals,Over 1.5,1.28,,,WON,
2025-11-27T20:00:00+00:00,UEFA Europa Conference League,Drita,Shkendija,Asian Handicap,Away -0.5,1.48,,,LOST,
2025-11-27T20:00:00+00:00,UEFA Europa Conference League,Shamrock Rovers,Shakhtar Donetsk,1X2 / Match Winner,Away,1.46,,,WON,
2025-11-27T20:00:00+00:00,UEFA Europa League,Bologna,Red Bull Salzburg,Over/Under Goals,Under 3.5,1.44,,,LOST,
2025-11-27T20:30:00+00:00,Division Profesional - Clausura,Libertad Asuncion,General Caballero,Over/Under Goals,Under 3.5,1.25,,,WON,
2025-11-27T22:00:00+00:00,Copa Gaúcha,Aimoré,Brasil DE Pelotas,Double Chance,Draw/Away,1.6,,,WON,
2025-11-27T23:00:00+00:00,Division Profesional - Clausura,Deportivo Recoleta,Nacional Asuncion,Team Total Goals,Over 0.5,1.22,,,LOST,
2025-11-27T23:30:00+00:00,Primera A,America de Cali,Independiente Medellin,Double Chance,Draw/Away,1.5,,,LOST,
2025-11-27T23:30:00+00:00,Serie A,Fluminense,Sao Paulo,Over/Under Goals,Under 3.5,1.18,,,LOST,
2025-11-28T02:07:00+00:00,Liga MX,Guadalajara Chivas,Cruz Azul,Over/Under Goals,Under 3.5,1.33,,,WON,
2025-11-28T08:30:00+00:00,Liga 1,Bhayangkara FC,Persebaya Surabaya,1X2 / Match Winner,Draw,3.05,,,WON,
2025-11-28T08:35:00+00:00,A-League,Brisbane Roar,Melbourne Victory,Over/Under Goals,Under 3.5,1.33,,,WON,
2025-11-28T09:30:00+00:00,Friendlies Clubs,Opava,Unie Hlubina,Over/Under Goals,Under 3.5,1.65,,,LOST,
2025-11-28T10:00:00+00:00,Friendlies Clubs,Příbram,Slavia Praha II,Over/Under Goals,Under 3.5,1.65,,,LOST,
2025-11-28T10:00:00+00:00,Premyer Liqa,Kapaz,Zira,Over/Under Goals,Under 3.5,1.25,,,WON,
2025-11-28T10:30:00+00:00,Liga Alef,Maccabi Ashdod,Maccabi Kiryat Malachi,Asian Handicap,Home +0.25,1.43,,,WON,
2025-11-28T10:30:00+00:00,Liga Alef,Maccabi Yavne,Tzeirey Tira,Over/Under Goals,Under 3.5,1.24,,,WON,
2025-11-28T10:35:00+00:00,Liga Alef,Maccabi Kiryat Gat,Hapoel Azor,Over/Under Goals,Under 3.5,1.55,,,WON,
2025-11-28T11:00:00+00:00,Premier League,Gandzasar,BKMA,Over/Under Goals,Under 3.5,1.36,,,WON,
2025-11-28T12:00:00+00:00,III Liga - Group 2,Luzino,Unia Swarzędz,Over/Under Goals,Under 3.5,1.36,,,WON,
2025-11-28T12:00:00+00:00,Liga 1,Persija,PSIM Yogyakarta,Over/Under Goals,Under 3.5,1.35,,,WON,
2025-11-28T12:00:00+00:00,Persian Gulf Pro League,Paykan,Malavan,Over/Under Goals,Under 2.5,1.36,,,WON,
2025-11-28T12:00:00+00:00,Second League,Ludogorets II,Etar Veliko Tarnovo,Double Chance,Home/Draw,1.17,,,LOST,
2025-11-28T12:00:00+00:00,Thai League 1,Prachuap,Port FC,Over/Under Goals,Under 3.5,1.5,,,WON,
2025-11-28T12:05:00+00:00,Division 1,Al Diriyah,Al Arabi SC,Over/Under Goals,Under 3.5,1.42,,,LOST,
2025-11-28T12:30:00+00:00,First NL,Opatija,Jarun,Over/Under Goals,Under 3.5,1.17,,,WON,
2025-11-28T12:30:00+00:00,Persian Gulf Pro League,Shams Azar Qazvin,Persepolis FC,Over/Under Goals,Under 2.5,1.42,,,LOST,
2025-11-28T12:30:00+00:00,Second League,Abu Qair Semad,Itesalat,Over/Under Goals,Under 2.5,1.44,,,WON,
2025-11-28T12:30:00+00:00,Second League,Asyut Petrol,Tersana,BTTS,No,1.57,,,WON,
2025-11-28T12:30:00+00:00,Second League,Baladiyyat Al Mehalla,El Dakhleya,Double Chance,Home/Draw,1.44,,,WON,
2025-11-28T12:30:00+00:00,Second League,El Entag EL Harby,Dayrout,Double Chance,Draw/Away,1.44,,,LOST,
2025-11-28T12:30:00+00:00,Second League,El Mansura,Raya Ghazl,Over/Under Goals,Under 2.5,1.33,,,WON,
2025-11-28T12:30:00+00:00,Second League,Masar,Aswan Sc,Over/Under Goals,Under 2.5,1.4,,,WON,
2025-11-28T12:30:00+00:00,Second League,Olympic El Qanah,Maleyet Kafr El Zayiat,Over/Under Goals,Under 2.5,1.53,,,LOST,
2025-11-28T12:30:00+00:00,Second League,Tanta SC,La Viena FC,BTTS,No,1.53,,,LOST,
2025-11-28T13:00:00+00:00,CAF Confederation Cup,ZESCO United,AL Masry,Over/Under Goals,Under 2.5,1.5,,,LOST,
2025-11-28T13:00:00+00:00,First League,Lokomotiv Sofia,Arda Kardzhali,Over/Under Goals,Under 3.5,1.22,,,WON,
2025-11-28T13:00:00+00:00,First NL,Sesvete,Orijent 1919,Over/Under Goals,Under 3.5,1.17,,,WON,
2025-11-28T13:00:00+00:00,Liga Leumit,Hapoel Ramat Gan,Ironi Modi'in,Over/Under Goals,Under 3.5,1.32,,,WON,
2025-11-28T13:00:00+00:00,Persian Gulf Pro League,ZOB Ahan,Kheybar Khorramabad,BTTS,No,1.48,,,LOST,
2025-11-28T14:00:00+00:00,Ligue 2,Béchar Djedid,WA Tlemcen,Over/Under Goals,Under 3.5,1.17,,,LOST,
2025-11-28T14:00:00+00:00,Ligue 2,MC Saida,ASM Oran,Double Chance,Draw/Away,1.91,,,LOST,
2025-11-28T14:00:00+00:00,Ligue 2,MO Bejaia,JS Bordj Ménaïel,Asian Handicap,Away -1.25,1.6,,,WON,
2025-11-28T14:00:00+00:00,Ligue 2,Témouchent,Hussein Dey,Over/Under Goals,Under 2.5,1.44,,,WON,
2025-11-28T14:00:00+00:00,Ligue 2,WA Mostaganem,GC Mascara,Over/Under Goals,Under 3.5,1.16,,,WON,
2025-11-28T14:00:00+00:00,TFF 1. Lig,Amed,Erokspor,Over/Under Goals,Over 1.5,1.16,,,WON,
2025-11-28T14:25:00+00:00,Division 1,Al Jubail,Al-Faisaly FC,Over/Under Goals,Under 3.5,1.28,,,WON,
2025-11-28T14:30:00+00:00,Premyer Liqa,Turan,Neftchi Baku,Double Chance,Draw/Away,1.6,,,WON,
2025-11-28T15:00:00+00:00,Second League,Hebar 1918,Sevlievo,Over/Under Goals,Under 3.5,1.25,,,WON,
2025-11-28T15:30:00+00:00,First League,Lokomotiv Plovdiv,Montana,1X2 / Match Winner,Home,1.62,,,LOST,
2025-11-28T15:30:00+00:00,Liga II,ASA Targu Mures,Concordia,Over/Under Goals,Under 3.5,1.31,,,WON,
2025-11-28T16:00:00+00:00,CAF Confederation Cup,Azam,Wydad AC,Double Chance,Draw/Away,1.17,,,WON,
2025-11-28T16:00:00+00:00,First League,Chernomorets,Shinnik Yaroslavl,Over/Under Goals,Under 2.5,1.4,,,LOST,
2025-11-28T16:00:00+00:00,Super Liga,Cukaricki,IMT Novi Beograd,Over/Under Goals,Under 3.5,1.36,,,WON,
2025-11-28T16:30:00+00:00,1. SNL,Aluminij,Primorje,Double Chance,Home/Draw,1.42,,,WON,
2025-11-28T17:00:00+00:00,2. Division,Digenis Morphou,Halkanoras,Over/Under Goals,Under 3.5,1.3,,,LOST,
2025-11-28T17:00:00+00:00,2. Division,Nea Salamis,PAEEK,Over/Under Goals,Under 3.5,1.22,,,WON,
2025-11-28T17:00:00+00:00,Ekstraklasa,Piast Gliwice,Widzew Łódź,Asian Handicap,Home +0,1.67,,,LOST,
2025-11-28T17:00:00+00:00,Erste Liga,FC Liefering,Austria Klagenfurt,1X2 / Match Winner,Draw,3.59,,,WON,
2025-11-28T17:00:00+00:00,Erste Liga,SKU Amstetten,Austria Lustenau,Over/Under Goals,Under 3.5,1.33,,,WON,
2025-11-28T17:00:00+00:00,Erste Liga,WSPG Wels,SKN ST. Polten,Over/Under Goals,Over 1.5,1.25,,,WON,
2025-11-28T17:00:00+00:00,Friendlies Clubs,České Budějovice,Písek,Over/Under Goals,Under 3.5,1.77,,,WON,
2025-11-28T17:00:00+00:00,I Liga,Polonia Bytom,Górnik Łęczna,Asian Handicap,Home +0,1.3,,,WON,
2025-11-28T17:00:00+00:00,II Liga - East,Resovia Rzeszów,Zaglebie Sosnowiec,Over/Under Goals,Under 3.5,1.4,,,WON,
2025-11-28T17:00:00+00:00,Premijer Liga,Sloga Doboj,Radnik Bijeljina,BTTS,No,1.58,,,LOST,
2025-11-28T17:00:00+00:00,Prva HNL,Vukovar,NK Osijek,1X2 / Match Winner,Draw,3.28,,,WON,
2025-11-28T17:00:00+00:00,Super Lig,Kocaelispor,Genclerbirligi,Over/Under Goals,Under 3.5,1.22,,,WON,
2025-11-28T17:00:00+00:00,Superliga,Vllaznia Shkodër,Teuta Durrës,Over/Under Goals,Under 2.5,1.5,,,WON,
2025-11-28T17:00:00+00:00,TFF 1. Lig,Pendikspor,Manisa BBSK,Over/Under Goals,Under 3.5,1.39,,,WON,
2025-11-28T17:30:00+00:00,Bundesliga 2,FC Schalke 04,SC Paderborn 07,Over/Under Goals,Under 3.5,1.3,,,WON,
2025-11-28T17:30:00+00:00,Bundesliga 2,Hannover 96,Karlsruher SC,Over/Under Goals,Over 2.5,1.6,,,WON,
2025-11-28T17:30:00+00:00,Premier Soccer League,Richards Bay,Amazulu,Double Chance,Draw/Away,1.48,,,LOST,
2025-11-28T17:30:00+00:00,Regionalliga - Bayern,Würzburger Kickers,Buchbach,Team Total Goals,Over 0.5,1.4,,,LOST,
2025-11-28T17:30:00+00:00,Regionalliga - Nord,VfB Oldenburg,SV Meppen,Double Chance,Draw/Away,1.53,,,WON,
2025-11-28T18:00:00+00:00,1. Division,B 93,Hobro,Double Chance,Home/Draw,1.4,,,LOST,
2025-11-28T18:00:00+00:00,1. Division,Hillerød,Lyngby,Team Total Goals,Over 0.5,1.2,,,LOST,
2025-11-28T18:00:00+00:00,3. Liga,SV Wehen,Erzgebirge Aue,Over/Under Goals,Under 3.5,1.45,,,LOST,
2025-11-28T18:00:00+00:00,Regionalliga - Bayern,Viktoria Aschaffenburg,Bayreuth,Over/Under Goals,Under 3.5,1.5,,,WON,
2025-11-28T18:00:00+00:00,Regionalliga - Nord,Weiche Flensburg,Kickers Emden,Double Chance,Home/Draw,1.42,,,LOST,
2025-11-28T18:00:00+00:00,Regionalliga - Nordost,Chemnitzer FC,BFC Dynamo,Over/Under Goals,Over 1.5,1.28,,,WON,
2025-11-28T18:00:00+00:00,Regionalliga - Nordost,Hallescher FC,Eilenburg,Over/Under Goals,Under 3.5,1.5,,,WON,
2025-11-28T18:00:00+00:00,Regionalliga - Nordost,Luckenwalde,ZFC Meuselwitz,Over/Under Goals,Under 3.5,1.33,,,LOST,
2025-11-28T18:00:00+00:00,Regionalliga - SudWest,SG Sonnenhof Grossaspach,FC Astoria Walldorf,Double Chance,Home/Draw,1.18,,,WON,
2025-11-28T18:00:00+00:00,Superligaen,Sonderjyske,Viborg,Over/Under Goals,Over 1.5,1.22,,,WON,
2025-11-28T18:30:00+00:00,Challenge League,Rapperswil,Bellinzona,Over/Under Goals,Under 3.5,1.36,,,WON,
2025-11-28T18:30:00+00:00,Challenge League,Stade Nyonnais,FC Vaduz,Over/Under Goals,Over 1.5,1.17,,,LOST,
2025-11-28T18:30:00+00:00,Coupe de France,Concarneau,Stade Briochin,Over/Under Goals,Under 3.5,1.3,,,WON,
2025-11-28T18:30:00+00:00,Liga I,Rapid,Csikszereda,1X2 / Match Winner,Home,1.49,,,WON,
2025-11-28T18:30:00+00:00,Regionalliga - West,SSVg Velbert,Sportfreunde Siegen,1X2 / Match Winner,Away,1.4,,,LOST,
2025-11-28T18:30:00+00:00,Regionalliga - West,SV Rodinghausen,Paderborn II,Asian Handicap,Home +0.25,1.68,,,WON,
2025-11-28T19:00:00+00:00,CAF Confederation Cup,Olympique Safi,USM Alger,Over/Under Goals,Over 1.5,1.55,,,LOST,
2025-11-28T19:00:00+00:00,Challenger Pro League,AS Eupen,Lommel United,BTTS,Yes,1.57,,,WON,
2025-11-28T19:00:00+00:00,Challenger Pro League,Beerschot VA,Liège,Asian Handicap,Home +0.5,1.16,,,WON,
2025-11-28T19:00:00+00:00,Coupe de France,Annecy,Grenoble,Over/Under Goals,Under 3.5,1.22,,,WON,
2025-11-28T19:00:00+00:00,Eerste Divisie,Cambuur,Helmond Sport,Over/Under Goals,Over 2.5,1.5,,,LOST,
2025-11-28T19:00:00+00:00,Eerste Divisie,Den Bosch,Willem II,Over/Under Goals,Over 2.5,1.62,,,WON,
2025-11-28T19:00:00+00:00,Eerste Divisie,Dordrecht,Jong Utrecht,Over/Under Goals,Under 3.5,1.57,,,WON,
2025-11-28T19:00:00+00:00,Eerste Divisie,Emmen,Jong AZ,Over/Under Goals,Over 1.5,1.18,,,WON,
2025-11-28T19:00:00+00:00,Eerste Divisie,VVV Venlo,ADO Den Haag,Over/Under Goals,Over 1.5,1.17,,,WON,
2025-11-28T19:00:00+00:00,Eredivisie,PEC Zwolle,Heerenveen,Over/Under Goals,Over 1.5,1.18,,,WON,
2025-11-28T19:00:00+00:00,NB I,Nyiregyhaza,Debreceni VSC,1X2 / Match Winner,Draw,3.51,,,LOST,
2025-11-28T19:00:00+00:00,Oberliga - Niederrhein,Kleve,KFC Uerdingen 05,Team Total Goals,Under 2.5,1.63,,,WON,
2025-11-28T19:00:00+00:00,Reserve Pro League,Lierse K. U21,Westerlo U21,Team Total Goals,Over 0.5,1.19,,,WON,
2025-11-28T19:00:00+00:00,Reserve Pro League,Patro Eisden U21,Kortrijk U21,Asian Handicap,Home +1.25,1.62,,,WON,
2025-11-28T19:15:00+00:00,Challenge League,Neuchatel Xamax FC,FC Aarau,Over/Under Goals,Under 3.5,1.5,,,WON,
2025-11-28T19:20:00+00:00,Regionalliga - Nordost,FC Rot-Weiß Erfurt,FC Carl Zeiss Jena,Over/Under Goals,Under 3.5,1.42,,,LOST,
2025-11-28T19:30:00+00:00,Bundesliga 1,Borussia Mönchengladbach,RB Leipzig,Over/Under Goals,Over 2.5,1.44,,,LOST,
2025-11-28T19:30:00+00:00,Ekstraklasa,Radomiak Radom,Gornik Zabrze,Over/Under Goals,Over 1.5,1.33,,,WON,
2025-11-28T19:30:00+00:00,Erste Liga,Floridsdorfer AC,Admira Wacker,1X2 / Match Winner,Draw,3.2,,,WON,
2025-11-28T19:30:00+00:00,I Liga,Miedz Legnica,Tychy 71,Over/Under Goals,Over 1.5,1.2,,,WON,
2025-11-28T19:30:00+00:00,Segunda Division,Sporting Gijon,FC Andorra,Over/Under Goals,Under 3.5,1.25,,,WON,
2025-11-28T19:30:00+00:00,Serie B,Cesena,Modena,Over/Under Goals,Under 3.5,1.2,,,WON,
2025-11-28T19:30:00+00:00,Serie C - Girone A,Triestina,Pro Patria,Over/Under Goals,Under 3.5,1.18,,,WON,
2025-11-28T19:30:00+00:00,UEFA Nations League - Women,Germany W,Spain W,Double Chance,Draw/Away,1.15,,,WON,
2025-11-28T19:45:00+00:00,FA Cup,Linlithgow Rose,Queen's Park,Over/Under Goals,Under 3.5,1.91,,,LOST,
2025-11-28T19:45:00+00:00,Jupiler Pro League,KV Mechelen,Standard Liege,Over/Under Goals,Under 3.5,1.33,,,WON,
2025-11-28T19:45:00+00:00,Ligue 1,Metz,Rennes,Over/Under Goals,Over 1.5,1.25,,,LOST,
2025-11-28T19:45:00+00:00,Premier League,Barry Town,Haverfordwest County AFC,Over/Under Goals,Under 3.5,1.36,,,LOST,
2025-11-28T19:45:00+00:00,Premier League,The New Saints,Caernarfon Town,Team Total Goals,Over 0.5,1.57,,,LOST,
2025-11-28T19:45:00+00:00,Premiership,Bangor,Glentoran,Over/Under Goals,Under 3.5,1.44,,,WON,
2025-11-28T19:45:00+00:00,Serie A,Como,Sassuolo,Over/Under Goals,Under 3.5,1.3,,,WON,
2025-11-28T20:00:00+00:00,Championship,Oxford United,Ipswich,Over/Under Goals,Under 3.5,1.33,,,WON,
2025-11-28T20:00:00+00:00,La Liga,Getafe,Elche,Over/Under Goals,Under 3.5,1.16,,,WON,
2025-11-28T20:10:00+00:00,UEFA Nations League - Women,France W,Sweden W,Over/Under Goals,Over 1.5,1.22,,,WON,
2025-11-28T20:15:00+00:00,Primeira Liga,Guimaraes,AVS,Over/Under Goals,Over 1.5,1.36,,,WON,
2025-11-28T21:00:00+00:00,CONMEBOL Nations League Women,Peru W,Chile W,Over/Under Goals,Under 3.5,2.0,,,LOST,
2025-11-28T21:30:00+00:00,Primera Division,Cobresal,Colo Colo,Team Total Goals,Over 0.5,1.18,,,LOST,
2025-11-28T22:00:00+00:00,Primera División,Real Oruro,Real Tomayapo,Over/Under Goals,Over 1.5,1.17,,,WON,
2025-11-28T22:00:00+00:00,Serie A,Juventude,Bahia,Double Chance,Home/Draw,1.7,,,WON,
2025-11-28T22:30:00+00:00,Serie A,Vasco DA Gama,Internacional,Over/Under Goals,Under 3.5,1.25,,,LOST,
2025-11-28T23:00:00+00:00,CONMEBOL Nations League Women,Ecuador W,Venezuela W,Double Chance,Home/Draw,1.65,,,WON,
2025-11-28T23:00:00+00:00,CONMEBOL Nations League Women,Paraguay W,Uruguay W,Double Chance,Home/Draw,1.45,,,WON,
2025-11-28T23:05:00+00:00,Primera B Metropolitana,Argentino de Merlo,Excursionistas,Over/Under Goals,Under 3.5,1.18,,,LOST,
2025-11-29T00:00:00+00:00,Liga Pro,LDU de Quito,Independiente del Valle,Over/Under Goals,Over 1.5,1.3,,,WON,
2025-11-29T00:00:00+00:00,Primera División,ABB,Always Ready,Team Total Goals,Under 2.5,1.67,,,LOST,
2025-11-29T00:30:00+00:00,Serie A,Santos,Sport Recife,Over/Under Goals,Over 1.5,1.2,,,WON,
2025-11-29T04:00:00+00:00,A-League,Wellington Phoenix,Adelaide United,Over/Under Goals,Under 3.5,1.5,,,WON,
2025-11-29T05:00:00+00:00,J2 League,Consadole Sapporo,Ehime FC,Double Chance,Home/Draw,1.17,,,WON,
2025-11-29T05:00:00+00:00,J2 League,JEF United Chiba,Imabari,Over/Under Goals,Under 2.5,1.9,,,LOST,
2025-11-29T05:00:00+00:00,J2 League,Kataller Toyama,Blaublitz Akita,Over/Under Goals,Under 3.5,1.25,,,LOST,
2025-11-29T05:00:00+00:00,J2 League,Mito Hollyhock,Oita Trinita,Over/Under Goals,Under 3.5,1.15,,,WON,
2025-11-29T05:00:00+00:00,J2 League,Montedio Yamagata,Fujieda MYFC,Over/Under Goals,Under 3.5,1.36,,,WON,
2025-11-29T05:00:00+00:00,J2 League,Renofa Yamaguchi,Omiya Ardija,Double Chance,Draw/Away,1.4,,,LOST,
2025-11-29T05:00:00+00:00,J2 League,Roasso Kumamoto,Ventforet Kofu,Over/Under Goals,Under 3.5,1.3,,,WON,
2025-11-29T05:00:00+00:00,J2 League,Sagan Tosu,Jubilo Iwata,Over/Under Goals,Under 3.5,1.28,,,WON,
2025-11-29T05:00:00+00:00,J2 League,Tokushima Vortis,V-varen Nagasaki,Over/Under Goals,Under 3.5,1.28,,,WON,
2025-11-29T05:00:00+00:00,J2 League,Vegalta Sendai,Iwaki,Over/Under Goals,Under 3.5,1.33,,,WON,
2025-11-29T06:00:00+00:00,A-League,Central Coast Mariners,Melbourne City,Over/Under Goals,Under 3.5,1.38,,,WON,
2025-11-29T06:00:00+00:00,J3 League,FC Gifu,Osaka,Team Total Goals,Over 0.5,1.17,,,WON,
2025-11-29T06:00:00+00:00,J3 League,FC Ryukyu,Vanraure Hachinohe,Over/Under Goals,Under 3.5,1.3,,,WON,
2025-11-29T06:00:00+00:00,J3 League,Fukushima United,Tegevajaro Miyazaki,Over/Under Goals,Under 3.5,1.33,,,WON,
2025-11-29T06:00:00+00:00,J3 League,Gainare Tottori,Nara Club,Over/Under Goals,Under 3.5,1.28,,,WON,
2025-11-29T06:00:00+00:00,J3 League,Kamatamare Sanuki,Azul Claro Numazu,Over/Under Goals,Under 3.5,1.31,,,WON,
2025-11-29T06:00:00+00:00,J3 League,Kanazawa,Kagoshima United,Double Chance,Draw/Away,1.57,,,LOST,
2025-11-29T06:00:00+00:00,J3 League,Kochi United,Thespakusatsu Gunma,Over/Under Goals,Under 3.5,1.29,,,WON,
2025-11-29T06:00:00+00:00,J3 League,Matsumoto Yamaga,Kitakyushu,Team Total Goals,Over 0.5,1.22,,,WON,
2025-11-29T06:00:00+00:00,J3 League,Parceiro Nagano,Tochigi SC,Over/Under Goals,Under 3.5,1.18,,,LOST,
2025-11-29T06:00:00+00:00,J3 League,Sagamihara,Tochigi City,Over/Under Goals,Under 3.5,1.28,,,LOST,
2025-11-29T08:30:00+00:00,Liga Alef,Araba,Hapoel Bnei Musmus,Over/Under Goals,Under 3.5,1.23,,,WON,
2025-11-29T08:35:00+00:00,A-League,Western Sydney Wanderers,Sydney,Double Chance,Draw/Away,1.42,,,LOST,
2025-11-29T09:00:00+00:00,Liga II,CSA Steaua Bucureşti,Ceahlăul Piatra Neamţ,Over/Under Goals,Under 3.5,1.36,,,WON,
2025-11-29T09:00:00+00:00,Liga II,CSM Satu Mare,FC Voluntari,Over/Under Goals,Under 3.5,1.28,,,WON,
2025-11-29T09:00:00+00:00,Liga II,Chindia Targoviste,Tunari,Over/Under Goals,Under 3.5,1.36,,,WON,
2025-11-29T09:00:00+00:00,Liga II,Dumbrăviţa,Gloria Bistriţa,Over/Under Goals,Under 3.5,1.28,,,WON,
2025-11-29T09:00:00+00:00,Liga II,Muscelul Câmpulung Elite,FC Bacau,Over/Under Goals,Under 2.5,1.85,,,WON,
2025-11-29T09:00:00+00:00,Liga II,Viitorul Şelimbăr,Slatina,Over/Under Goals,Under 3.5,1.25,,,WON,
2025-11-29T09:30:00+00:00,Erovnuli Liga 2,Merani Martvili,Saburtalo II,Over/Under Goals,Under 2.5,1.9,,,LOST,
2025-11-29T10:00:00+00:00,2. Lig,Muş Menderesspor,İçel İdmanyurdu Spor,Double Chance,Draw/Away,3.2,,,LOST,
2025-11-29T10:00:00+00:00,Campionato Primavera - 1,Parma U20,Napoli U20,Over/Under Goals,Under 3.5,1.36,,,WON,
2025-11-29T10:00:00+00:00,Campionato Primavera - 2,Avellino U19,Ascoli U19,Double Chance,Home/Draw,1.5,,,WON,
2025-11-29T10:00:00+00:00,First League,FK Sokol Saratov,Ska-khabarovsk,BTTS,No,1.6,,,WON,
2025-11-29T10:00:00+00:00,III Liga - Group 4,Cracovia Kraków II,Star Starachowice,Over/Under Goals,Under 3.5,1.41,,,WON,
2025-11-29T10:00:00+00:00,Super League,Nasaf,Dinamo Samarqand,Over/Under Goals,Under 3.5,1.28,,,WON,
2025-11-29T10:00:00+00:00,Super League,Navbahor,Pakhtakor,1X2 / Match Winner,Away,1.6,,,LOST,
2025-11-29T10:00:00+00:00,Super League,Qizilqum,Shortan,Over/Under Goals,Under 3.5,1.28,,,LOST,
2025-11-29T10:30:00+00:00,Meistriliiga,Kuressaare,Viimsi,Over/Under Goals,Under 3.5,1.4,,,WON,
2025-11-29T10:30:00+00:00,Premyer Liqa,Mil-Muğan,Sabah FA,Over/Under Goals,Under 3.5,1.23,,,WON,
2025-11-29T10:30:00+00:00,TFF 1. Lig,Erzurum BB,İstanbulspor,Over/Under Goals,Over 1.5,1.28,,,WON,
2025-11-29T10:30:00+00:00,TFF 1. Lig,Keçiörengücü,76 Iğdır Belediyespor,Over/Under Goals,Over 1.5,1.22,,,WON,
2025-11-29T11:00:00+00:00,FKF Premier League,Mara Sugar,Tusker,Over/Under Goals,Under 2.5,1.4,,,WON,
2025-11-29T11:00:00+00:00,First League,Chayka,FC UFA,Over/Under Goals,Under 3.5,1.18,,,WON,
2025-11-29T11:00:00+00:00,First League,Volga Ulyanovsk,Ural,Over/Under Goals,Under 3.5,1.22,,,WON,
2025-11-29T11:00:00+00:00,II Liga - East,Podhale Nowy Targ,Rekord Bielsko-Biała,Double Chance,Home/Draw,1.16,,,WON,
2025-11-29T11:00:00+00:00,II Liga - East,Warta Poznań,Chojniczanka Chojnice,Over/Under Goals,Under 3.5,1.33,,,WON,
2025-11-29T11:00:00+00:00,II Liga - East,ŁKS Łódź II,Jastrzębie,Over/Under Goals,Under 3.5,1.44,,,WON,
2025-11-29T11:00:00+00:00,III Liga - Group 1,Jagiellonia II,Lechia T. Mazowiecki,Over/Under Goals,Under 3.5,1.36,,,LOST,
2025-11-29T11:00:00+00:00,III Liga - Group 2,Noteć Czarnków,Wybrzeże Rewalskie Rewal,Over/Under Goals,Under 3.5,1.35,,,WON,
2025-11-29T11:00:00+00:00,III Liga - Group 3,Górnik Zabrze II,Carina Gubin,Over/Under Goals,Under 3.5,1.43,,,LOST,
2025-11-29T11:00:00+00:00,III Liga - Group 3,Sparta Katowice,Warta Gorzów,Over/Under Goals,Under 3.5,1.36,,,LOST,
2025-11-29T11:00:00+00:00,III Liga - Group 4,Avia Świdnik,Naprzód,1X2 / Match Winner,Home,1.42,,,WON,
2025-11-29T11:00:00+00:00,III Liga - Group 4,Sokół Kolb.,Chełmianka Chełm,Over/Under Goals,Under 3.5,1.44,,,WON,
2025-11-29T11:00:00+00:00,Persha Liga,Bukovyna,Probiy Horodenka,1X2 / Match Winner,Home,1.45,,,WON,
2025-11-29T11:00:00+00:00,Premier League,Akron,Nizhny Novgorod,Team Total Goals,Over 0.5,1.19,,,WON,
2025-11-29T11:00:00+00:00,Premier League,Alashkert,FC Urartu,Over/Under Goals,Under 3.5,1.25,,,WON,
2025-11-29T11:00:00+00:00,Premier League,Dinamo Minsk,ML Vitebsk,1X2 / Match Winner,Draw,3.1,,,WON,
2025-11-29T11:00:00+00:00,Premier League,FC Gomel,Smorgon,Double Chance,Home/Draw,1.2,,,WON,
2025-11-29T11:00:00+00:00,Premier League,FC Isloch Minsk R.,Neman,Double Chance,Draw/Away,1.48,,,LOST,
2025-11-29T11:00:00+00:00,Premier League,FC Slutsk,Dinamo Brest,Double Chance,Home/Draw,2.55,,,LOST,
2025-11-29T11:00:00+00:00,Premier League,FC Vitebsk,Slavia Mozyr,Double Chance,Draw/Away,1.2,,,WON,
2025-11-29T11:00:00+00:00,Premier League,Naftan,Arsenal,Double Chance,Draw/Away,1.4,,,LOST,
2025-11-29T11:00:00+00:00,Segunda Liga,Academico Viseu,Penafiel,Asian Handicap,Away -1.25,1.58,,,LOST,
2025-11-29T11:00:00+00:00,Super League,Nairobi City Stars,Nzoia Sugar,Double Chance,Draw/Away,1.7,,,WON,
2025-11-29T11:30:00+00:00,Super Lig,Rizespor,Kayserispor,Asian Handicap,Home +0,1.42,,,LOST,
2025-11-29T11:30:00+00:00,Thai League 2,Chanthaburi,Sisaket United,Double Chance,Draw/Away,1.55,,,LOST,
2025-11-29T11:45:00+00:00,First NL,Hrvace,Dugopolje,Over/Under Goals,Under 2.5,1.57,,,WON,
2025-11-29T12:00:00+00:00,2. Lig,Arnavutköy Belediyespor,Hekimoğlu Trabzon,Double Chance,Home/Draw,1.3,,,LOST,
2025-11-29T12:00:00+00:00,Bundesliga 2,Eintracht Braunschweig,1. FC Kaiserslautern,Over/Under Goals,Under 3.5,1.45,,,WON,
2025-11-29T12:00:00+00:00,Bundesliga 2,Holstein Kiel,Hertha BSC,Over/Under Goals,Under 3.5,1.4,,,WON,
2025-11-29T12:00:00+00:00,Bundesliga 2,SpVgg Greuther Fürth,VfL Bochum,Over/Under Goals,Over 1.5,1.18,,,WON,
2025-11-29T12:00:00+00:00,III Liga - Group 1,Ząbkovia Ząbki,Wigry Suwałki,Double Chance,Draw/Away,1.6,,,WON,
2025-11-29T12:00:00+00:00,III Liga - Group 2,Kluczevia Stargard,Pogoń Nowe Skalmierzyce,Over/Under Goals,Under 3.5,1.32,,,WON,
2025-11-29T12:00:00+00:00,III Liga - Group 4,Siarka Tarnobrzeg,Świdniczanka Świdnik,Over/Under Goals,Over 1.5,1.16,,,WON,
2025-11-29T12:00:00+00:00,Liga II,Corvinul Hunedoara,CS Afumati,Over/Under Goals,Under 3.5,1.25,,,LOST,
2025-11-29T12:00:00+00:00,Liga III - Serie 2,Unirea Braniştea,Sporting Lieşti,Over/Under Goals,Over 2.5,1.44,,,LOST,
2025-11-29T12:00:00+00:00,Prva Liga,Dubočica,Dinamo Jug,Over/Under Goals,Under 3.5,1.15,,,WON,
2025-11-29T12:00:00+00:00,Prva Liga,FK Trayal,Semendrija 1924,Over/Under Goals,Under 2.5,1.5,,,LOST,
2025-11-29T12:00:00+00:00,Prva Liga,Grafičar,Zemun,Over/Under Goals,Under 3.5,1.15,,,WON,
2025-11-29T12:00:00+00:00,Prva Liga,OFK Vršac,Kabel Novi Sad,Double Chance,Home/Draw,1.25,,,WON,
2025-11-29T12:00:00+00:00,Prva Liga,Tekstilac Odžaci,Borac Cacak,Over/Under Goals,Under 3.5,1.17,,,WON,
2025-11-29T12:00:00+00:00,Regionalliga - Bayern,Ansbach,Vilzing,Asian Handicap,Home +0.25,1.5,,,LOST,
2025-11-29T12:00:00+00:00,Regionalliga - Nord,Hannover 96 II,Eintracht Norderstedt,Over/Under Goals,Under 3.5,1.7,,,WON,
2025-11-29T12:00:00+00:00,Regionalliga - Nordost,BFC Preussen,Altglienicke,Over/Under Goals,Under 3.5,1.38,,,WON,
2025-11-29T12:00:00+00:00,Super League 2,Ilioupoli,Kalamata,Over/Under Goals,Under 3.5,1.47,,,WON,
2025-11-29T12:00:00+00:00,Super League 2,Kissamikos,Olympiakos Piraeus II,Over/Under Goals,Under 3.5,1.21,,,WON,
2025-11-29T12:00:00+00:00,Super League,Equity Bank,MCF,Over/Under Goals,Under 2.5,1.6,,,LOST,
2025-11-29T12:00:00+00:00,Super Liga,Železničar Pančevo,Radnicki 1923,Double Chance,Home/Draw,1.42,,,WON,
2025-11-29T12:00:00+00:00,Superliga,Drenica Skënderaj,Gjilani,Over/Under Goals,Under 3.5,1.28,,,WON,
2025-11-29T12:00:00+00:00,Superliga,Prishtina e Re,Prishtina,Double Chance,Draw/Away,1.17,,,LOST,
2025-11-29T12:00:00+00:00,Thai League 2,Nakhon Si Thammarat,Chainat,Double Chance,Draw/Away,1.47,,,LOST,
2025-11-29T12:20:00+00:00,Division 1,Al Orubah,Al Baten,Over/Under Goals,Over 1.5,1.17,,,WON,
2025-11-29T12:20:00+00:00,Division 1,Al Taee,Al Jabalain,Over/Under Goals,Under 3.5,1.31,,,WON,
2025-11-29T12:20:00+00:00,Division 1,Al-Raed,Al Wehda Club,Asian Handicap,Away -1.25,1.62,,,WON,
2025-11-29T12:30:00+00:00,1st Division,FK Kukesi,Burreli,Over/Under Goals,Under 2.5,1.57,,,WON,
2025-11-29T12:30:00+00:00,1st Division,Kastrioti Krujë,Laci,Double Chance,Draw/Away,1.3,,,WON,
2025-11-29T12:30:00+00:00,2. Division,APEA,Omonia 29is Maiou,Double Chance,Home/Draw,2.1,,,LOST,
2025-11-29T12:30:00+00:00,2. Division,Ahironas / Onisilos,MEAP Nisou,Double Chance,Draw/Away,1.18,,,WON,
2025-11-29T12:30:00+00:00,2. Division,Ayia Napa,Karmiotissa,Double Chance,Home/Draw,1.67,,,WON,
2025-11-29T12:30:00+00:00,2. Division,Ethnikos Latsion,Spartakos Kitiou,Double Chance,Home/Draw,1.55,,,WON,
2025-11-29T12:30:00+00:00,2. Division,Iraklis Yerolakkou,ASIL Lysi,Double Chance,Home/Draw,1.36,,,WON,
2025-11-29T12:30:00+00:00,Championship,Leicester,Sheffield Utd,Over/Under Goals,Under 3.5,1.28,,,LOST,
2025-11-29T12:30:00+00:00,Championship,Portsmouth,Bristol City,Over/Under Goals,Under 3.5,1.28,,,WON,
2025-11-29T12:30:00+00:00,Championship,Stoke City,Hull City,Team Total Goals,Over 0.5,1.45,,,WON,
2025-11-29T12:30:00+00:00,Coupe de France,Torcy,Reims,Over/Under Goals,Under 3.5,2.0,,,LOST,
2025-11-29T12:30:00+00:00,First NL,Bsk Bijelo Brdo,Dubrava Zagreb,Over/Under Goals,Under 3.5,1.2,,,WON,
2025-11-29T12:30:00+00:00,League One,Blackpool,Reading,Double Chance,Home/Draw,1.45,,,LOST,
2025-11-29T12:30:00+00:00,League One,Stockport County,Barnsley,Over/Under Goals,Over 1.5,1.22,,,WON,
2025-11-29T12:30:00+00:00,League Two,Accrington ST,Oldham,Over/Under Goals,Over 1.5,1.38,,,LOST,
2025-11-29T12:30:00+00:00,League Two,Milton Keynes Dons,Fleetwood Town,BTTS,Yes,1.7,,,WON,
2025-11-29T12:30:00+00:00,Second League,Belasitsa,FK Minyor Pernik,Over/Under Goals,Under 2.5,1.62,,,WON,
2025-11-29T12:30:00+00:00,Second League,Chernomorets 1919 Burgas,Fratria,Over/Under Goals,Under 2.5,1.67,,,WON,
2025-11-29T12:30:00+00:00,Second League,Vihren,Lokomotiv G. Oryahovitsa,Over/Under Goals,Under 3.5,1.25,,,LOST,
2025-11-29T12:30:00+00:00,Second NL,Bjelovar,Hrvatski Dragovoljac,Over/Under Goals,Under 3.5,1.41,,,WON,
2025-11-29T12:30:00+00:00,Second NL,Dugo Selo,Trnje,Double Chance,Draw/Away,1.57,,,LOST,
2025-11-29T12:30:00+00:00,Second NL,Grobničan Čavle,Uljanik,Double Chance,Home/Draw,1.5,,,WON,
2025-11-29T12:30:00+00:00,Second NL,Kustosija,Mladost Ždralovi,Double Chance,Draw/Away,1.62,,,WON,
2025-11-29T12:30:00+00:00,Second NL,Segesta Sisak,Varteks Varaždin,Team Total Goals,Over 0.5,1.16,,,WON,
2025-11-29T12:30:00+00:00,Thai League 2,Police Tero,Bangkok,Asian Handicap,Home +0,1.44,,,WON,
2025-11-29T12:35:00+00:00,Division 1,Dibba Al Hisn,Masfut,1X2 / Match Winner,Home,1.46,,,WON,
2025-11-29T12:35:00+00:00,Division 1,Emirates Club,Gulf United,Over/Under Goals,Under 3.5,1.5,,,WON,
2025-11-29T12:35:00+00:00,Division 1,Hatta SC,Al Arabi,Double Chance,Draw/Away,1.67,,,WON,
2025-11-29T13:00:00+00:00,3. Liga,Energie Cottbus,FC Viktoria Köln,Over/Under Goals,Over 1.5,1.18,,,WON,
2025-11-29T13:00:00+00:00,3. Liga,FC Ingolstadt 04,Hoffenheim II,Over/Under Goals,Over 1.5,1.15,,,WON,
2025-11-29T13:00:00+00:00,3. Liga,FC Saarbrücken,Rot-Weiß Essen,Over/Under Goals,Over 1.5,1.22,,,WON,
2025-11-29T13:00:00+00:00,3. Liga,MSV Duisburg,Alemannia Aachen,Team Total Goals,Under 2.5,1.2,,,LOST,
2025-11-29T13:00:00+00:00,3. Liga,SSV Ulm 1846,TSV 1860 München,Over/Under Goals,Under 3.5,1.53,,,WON,
2025-11-29T13:00:00+00:00,CAF Confederation Cup,Kaizer Chiefs,Zamalek SC,Over/Under Goals,Under 3.5,1.17,,,WON,
2025-11-29T13:00:00+00:00,CAF Confederation Cup,Otôho d'Oyo,CR Belouizdad,Over/Under Goals,Under 2.5,1.45,,,LOST,
2025-11-29T13:00:00+00:00,Challenge League,Marsa,Mgarr United,Over/Under Goals,Over 1.5,1.18,,,WON,
2025-11-29T13:00:00+00:00,Coupe de France,Reims Sainte-Anne,Amiens,Over/Under Goals,Under 3.5,2.1,,,LOST,
2025-11-29T13:00:00+00:00,Coupe de France,Union Saint-Jean,Orleans,Team Total Goals,Under 2.5,1.67,,,WON,
2025-11-29T13:00:00+00:00,La Liga,Mallorca,Osasuna,Over/Under Goals,Under 3.5,1.18,,,LOST,
2025-11-29T13:00:00+00:00,Ligat Ha'al,Hapoel Haifa,Hapoel Beer Sheva,Over/Under Goals,Over 1.5,1.16,,,WON,
2025-11-29T13:00:00+00:00,Ligue 2,CA Batna,Nrb Beni Oulbene,Over/Under Goals,Under 3.5,1.15,,,WON,
2025-11-29T13:00:00+00:00,Ligue 2,CR Béni Thour,HB Chelghoum Laïd,Team Total Goals,Under 2.5,1.56,,,LOST,
2025-11-29T13:00:00+00:00,Ligue 2,CRB Adrar,RC Arba,Over/Under Goals,Under 3.5,1.17,,,WON,
2025-11-29T13:00:00+00:00,Ligue 2,ES Hammam-Sousse,Kerkennah,Asian Handicap,Home +0.25,1.17,,,WON,
2025-11-29T13:00:00+00:00,Ligue 2,JS El Biar,Koléa,Over/Under Goals,Under 2.5,1.5,,,LOST,
2025-11-29T13:00:00+00:00,Ligue 2,JS Jijel,Khroub,1X2 / Match Winner,Draw,3.65,,,WON,
2025-11-29T13:00:00+00:00,Ligue 2,MO Constantine,USM Annaba,Double Chance,Draw/Away,1.44,,,LOST,
2025-11-29T13:00:00+00:00,Ligue 2,Sfax Railways,M'saken,Double Chance,Draw/Away,1.57,,,LOST,
2025-11-29T13:00:00+00:00,Ligue 2,Teleghma,NC Magra,Over/Under Goals,Under 2.5,1.4,,,WON,
2025-11-29T13:00:00+00:00,Ligue 2,US Biskra,MSP Batna,Team Total Goals,Under 2.5,1.46,,,WON,
2025-11-29T13:00:00+00:00,Ligue 2,US Tataouine,EM Mahdia,Over/Under Goals,Under 3.5,1.19,,,WON,
2025-11-29T13:00:00+00:00,Ligue 2,Usm El Harrach,JS Tixeraine,Over/Under Goals,Under 3.5,1.38,,,WON,
2025-11-29T13:00:00+00:00,Persian Gulf Pro League,Aluminium Arak,Fajr Sepasi,Over/Under Goals,Under 2.5,1.3,,,WON,
2025-11-29T13:00:00+00:00,Persian Gulf Pro League,Tractor Sazi,Chadormalu SC,Asian Handicap,Away -1.25,1.44,,,LOST,
2025-11-29T13:00:00+00:00,Regionalliga - Bayern,Greuther Fürth II,Illertissen,Over/Under Goals,Over 1.5,1.17,,,WON,
2025-11-29T13:00:00+00:00,Regionalliga - Bayern,Schwaben Augsburg,Bayern München II,Double Chance,Draw/Away,1.18,,,LOST,
2025-11-29T13:00:00+00:00,Regionalliga - Nord,Phönix Lübeck,HSC Hannover,1X2 / Match Winner,Home,1.4,,,LOST,
2025-11-29T13:00:00+00:00,Regionalliga - Nord,Schöningen,SSV Jeddeloh,Over/Under Goals,Under 3.5,1.7,,,LOST,
2025-11-29T13:00:00+00:00,Regionalliga - Nord,St. Pauli II,VfB Lübeck,Over/Under Goals,Over 2.5,1.5,,,LOST,
2025-11-29T13:00:00+00:00,Regionalliga - Nordost,BSG Chemie Leipzig,FSV Zwickau,Over/Under Goals,Under 3.5,1.3,,,WON,
2025-11-29T13:00:00+00:00,Regionalliga - SudWest,Bahlinger SC,Schott Mainz,Over/Under Goals,Under 3.5,1.57,,,WON,
2025-11-29T13:00:00+00:00,Regionalliga - SudWest,SGV Freiberg,FSV Frankfurt,Over/Under Goals,Under 3.5,1.5,,,LOST,
2025-11-29T13:00:00+00:00,Regionalliga - SudWest,TSV Steinbach,Balingen,1X2 / Match Winner,Home,1.53,,,LOST,
2025-11-29T13:00:00+00:00,Regionalliga - West,Bonner SC,Wuppertaler SV,Asian Handicap,Home +0.25,1.4,,,WON,
2025-11-29T13:00:00+00:00,Regionalliga - West,FC Gutersloh,Borussia M'gladbach II,Team Total Goals,Over 0.5,1.3,,,WON,
2025-11-29T13:00:00+00:00,Regionalliga - West,Fortuna Düsseldorf II,Bochum II,Asian Handicap,Home +0.25,1.45,,,LOST,
2025-11-29T13:00:00+00:00,Regionalliga - West,Fortuna Köln,Sportfreunde Lotte,Asian Handicap,Away -1.25,1.68,,,LOST,
2025-11-29T13:00:00+00:00,Regionalliga - West,Rot-weiss Oberhausen,FC Bocholt,Asian Handicap,Home +0,1.5,,,WON,
2025-11-29T13:00:00+00:00,Segunda Division,AD Ceuta FC,Burgos,Over/Under Goals,Under 3.5,1.17,,,WON,
2025-11-29T13:00:00+00:00,Super League 2,Kavala,Nestos Chrisoupolis,Over/Under Goals,Under 2.5,1.4,,,WON,
2025-11-29T13:00:00+00:00,Super League 2,Marko,Egaleo,Over/Under Goals,Under 3.5,1.16,,,WON,
2025-11-29T13:00:00+00:00,Super League 2,PAOK II,PAS Giannina,Over/Under Goals,Under 2.5,1.67,,,WON,
2025-11-29T13:00:00+00:00,Super Liga,Mladost Lucani,Radnicki NIS,Over/Under Goals,Under 3.5,1.25,,,WON,
2025-11-29T13:00:00+00:00,TFF 1. Lig,Van BB,Serik Belediyespor,Team Total Goals,Over 0.5,1.44,,,WON,
2025-11-29T13:00:00+00:00,Tweede Divisie,Koninklijke HFC,Katwijk,Over/Under Goals,Under 3.5,1.31,,,WON,
2025-11-29T13:30:00+00:00,1st Division,Baroka FC,Black Leopards,Over/Under Goals,Under 2.5,1.53,,,LOST,
2025-11-29T13:30:00+00:00,1st Division,University of Pretoria,Cape Town City,Over/Under Goals,Under 2.5,1.44,,,LOST,
2025-11-29T13:30:00+00:00,Campionato Primavera - 2,Bari U19,Pescara U19,Double Chance,Home/Draw,1.5,,,WON,
2025-11-29T13:30:00+00:00,Campionato Primavera - 2,Brescia U19,Venezia U19,Over/Under Goals,Under 3.5,1.35,,,WON,
2025-11-29T13:30:00+00:00,Campionato Primavera - 2,Modena U19,AlbinoLeffe U19,1X2 / Match Winner,Home,1.65,,,WON,
2025-11-29T13:30:00+00:00,Campionato Primavera - 2,Monopoli U19,Ternana U19,Over/Under Goals,Under 3.5,1.33,,,WON,
2025-11-29T13:30:00+00:00,Campionato Primavera - 2,Palermo U19,Pisa U19,Team Total Goals,Over 0.5,1.17,,,WON,
2025-11-29T13:30:00+00:00,Campionato Primavera - 2,Pro Vercelli U19,Udinese U19,Double Chance,Draw/Away,1.5,,,LOST,
2025-11-29T13:30:00+00:00,Campionato Primavera - 2,Sudtirol U19,Padova U19,Over/Under Goals,Under 3.5,1.37,,,WON,
2025-11-29T13:30:00+00:00,Derde Divisie - Saturday,Excelsior '31,TEC,Asian Handicap,Away -1.25,1.46,,,WON,
2025-11-29T13:30:00+00:00,Premier League,CSKA Moscow,FC Orenburg,Over/Under Goals,Under 3.5,1.44,,,WON,
2025-11-29T13:30:00+00:00,Premier Soccer League,Durban City,Orlando Pirates,Double Chance,Draw/Away,1.22,,,WON,
2025-11-29T13:30:00+00:00,Serie C - Girone A,Lumezzane,Novara,1X2 / Match Winner,Draw,3.05,,,WON,
2025-11-29T13:30:00+00:00,Serie C - Girone A,Renate,Arzignano Valchiampo,Over/Under Goals,Under 3.5,1.2,,,WON,
2025-11-29T13:30:00+00:00,Serie C - Girone B,Forli,Bra,Over/Under Goals,Under 3.5,1.28,,,WON,
2025-11-29T13:30:00+00:00,Serie C - Girone B,Gubbio,Livorno,Over/Under Goals,Over 1.5,1.4,,,LOST,
2025-11-29T13:30:00+00:00,Serie C - Girone C,AZ Picerno,Catania,Over/Under Goals,Under 3.5,1.18,,,WON,
2025-11-29T13:30:00+00:00,Serie C - Girone C,Casertana,Cavese,Over/Under Goals,Under 3.5,1.18,,,LOST,
2025-11-29T13:30:00+00:00,Tweede Divisie,Excelsior Maassluis,AFC Amsterdam,Over/Under Goals,Under 3.5,1.25,,,WON,
2025-11-29T13:30:00+00:00,Tweede Divisie,GVVV Veenendaal,Kozakken Boys,1X2 / Match Winner,Home,1.65,,,WON,
2025-11-29T13:30:00+00:00,Tweede Divisie,HHC,Ijsselmeervogels,Over/Under Goals,Under 3.5,1.67,,,LOST,
2025-11-29T13:30:00+00:00,Tweede Divisie,Hoek,Barendrecht,1X2 / Match Winner,Home,1.53,,,LOST,
2025-11-29T13:30:00+00:00,Tweede Divisie,RKAV Volendam,Almere City II,Double Chance,Draw/Away,1.25,,,WON,
2025-11-29T13:45:00+00:00,Ekstraklasa,Lechia Gdansk,Nieciecza,BTTS,Yes,1.57,,,WON,
2025-11-29T14:00:00+00:00,Allsvenskan,IFK Norrkoping,Orgryte IS,Over/Under Goals,Under 3.5,1.5,,,WON,
2025-11-29T14:00:00+00:00,Campionato Primavera - 2,Sampdoria U19,Renate U19,1X2 / Match Winner,Home,1.55,,,LOST,
2025-11-29T14:00:00+00:00,Czech Liga,Baník Ostrava,Dukla Praha,Over/Under Goals,Under 2.5,1.7,,,LOST,
2025-11-29T14:00:00+00:00,Czech Liga,Hradec Králové,FK Jablonec,Double Chance,Home/Draw,1.48,,,WON,
2025-11-29T14:00:00+00:00,Czech Liga,Zlin,Karviná,Double Chance,Draw/Away,1.57,,,WON,
2025-11-29T14:00:00+00:00,Derde Divisie - Sunday,TOGB,Zwaluwen,Asian Handicap,Home +1.25,1.53,,,WON,
2025-11-29T14:00:00+00:00,FAW Championship,Gresford Athletic,Rhyl,Double Chance,Home/Draw,1.57,,,WON,
2025-11-29T14:00:00+00:00,FAW Championship,Guilsfield,Newtown AFC,Over/Under Goals,Under 3.5,1.53,,,WON,
2025-11-29T14:00:00+00:00,FAW Championship,Llantwit Major,Afan Lido,Over/Under Goals,Over 1.5,1.16,,,LOST,
2025-11-29T14:00:00+00:00,FAW Championship,Mold Alexandra,Airbus UK,Double Chance,Draw/Away,1.21,,,WON,
2025-11-29T14:00:00+00:00,FAW Championship,Penrhyncoch,Buckley Town,Over/Under Goals,Over 2.5,1.44,,,WON,
2025-11-29T14:00:00+00:00,FAW Championship,Ynyshir Albions,Cwmbran Celtic,Over/Under Goals,Under 3.5,1.48,,,WON,
2025-11-29T14:00:00+00:00,First League,Buducnost Podgorica,Bokelj,Over/Under Goals,Under 3.5,1.36,,,WON,
2025-11-29T14:00:00+00:00,Regionalliga - Nord,Hamburger SV II,SV Drochtersen/Assel,Team Total Goals,Over 0.5,1.2,,,WON,
2025-11-29T14:00:00+00:00,Regionalliga - West,Schalke 04 II,Köln II,Asian Handicap,Away -1.25,1.52,,,WON,
2025-11-29T14:00:00+00:00,Segunda Liga,Oliveirense,Leixoes,Double Chance,Home/Draw,1.5,,,WON,
2025-11-29T14:00:00+00:00,Serie A,Genoa,Verona,Over/Under Goals,Over 1.5,1.57,,,WON,
2025-11-29T14:00:00+00:00,Serie A,Parma,Udinese,Over/Under Goals,Over 1.5,1.42,,,WON,
2025-11-29T14:00:00+00:00,Serie B,Empoli,Bari,Over/Under Goals,Under 3.5,1.22,,,LOST,
2025-11-29T14:00:00+00:00,Serie B,Pescara,Padova,Double Chance,Draw/Away,1.42,,,WON,
2025-11-29T14:00:00+00:00,Serie B,Reggiana,Frosinone,Over/Under Goals,Under 3.5,1.3,,,WON,
2025-11-29T14:00:00+00:00,Serie B,Sudtirol,Avellino,Asian Handicap,Home +0,1.5,,,LOST,
2025-11-29T14:00:00+00:00,Serie B,Venezia,Mantova,Over/Under Goals,Over 1.5,1.22,,,WON,
2025-11-29T14:00:00+00:00,Super Lig,Gazişehir Gaziantep,Eyüpspor,Asian Handicap,Home +0.25,1.42,,,LOST,
2025-11-29T14:00:00+00:00,Tweede Divisie,Quick Boys,ACV,Over/Under Goals,Under 3.5,1.51,,,WON,
2025-11-29T14:00:00+00:00,Tweede Divisie,Spakenburg,De Treffers,Over/Under Goals,Over 2.5,1.44,,,WON,
2025-11-29T14:00:00+00:00,Tweede Divisie,Sparta Rotterdam II,Rijnsburgse Boys,BTTS,Yes,1.33,,,WON,
2025-11-29T14:30:00+00:00,Bundesliga 1,1899 Hoffenheim,FC Augsburg,Over/Under Goals,Over 1.5,1.17,,,WON,
2025-11-29T14:30:00+00:00,Bundesliga 1,Union Berlin,1. FC Heidenheim,1X2 / Match Winner,Home,1.69,,,LOST,
2025-11-29T14:30:00+00:00,Bundesliga 1,Werder Bremen,1.FC Köln,1X2 / Match Winner,Draw,3.97,,,WON,
2025-11-29T14:30:00+00:00,Campionato Primavera - 2,Lecco U19,Como U19,Asian Handicap,Home +1.25,1.55,,,LOST,
2025-11-29T14:30:00+00:00,FAW Championship,Aberystwyth Town,Cambrian & Clydach,Over/Under Goals,Under 3.5,1.38,,,WON,
2025-11-29T14:30:00+00:00,Liga I,Arges Pitesti,CFR 1907 Cluj,Over/Under Goals,Over 1.5,1.48,,,WON,
2025-11-29T14:30:00+00:00,Prva HNL,HNK Hajduk Split,NK Varazdin,Over/Under Goals,Under 3.5,1.25,,,WON,
2025-11-29T14:30:00+00:00,Super Liga,Ružomberok,FK Košice,Over/Under Goals,Under 3.5,1.36,,,WON,
2025-11-29T14:30:00+00:00,Super Liga,Spartak Trnava,Komárno,Over/Under Goals,Under 3.5,1.48,,,WON,
2025-11-29T14:30:00+00:00,Super Liga,Tatran Prešov,Skalica,Over/Under Goals,Under 3.5,1.25,,,LOST,
2025-11-29T14:45:00+00:00,Segunda División RFEF - Group 1,Lealtad,UD Ourense,Over/Under Goals,Under 2.5,1.44,,,WON,
2025-11-29T15:00:00+00:00,1. Division,Aris,Enosis,Over/Under Goals,Under 3.5,1.8,,,LOST,
2025-11-29T15:00:00+00:00,1. Division,Ethnikos Achna,Olympiakos,Team Total Goals,Over 0.5,1.44,,,WON,
2025-11-29T15:00:00+00:00,Championship,Coventry,Charlton,Over/Under Goals,Under 3.5,1.42,,,LOST,
2025-11-29T15:00:00+00:00,Championship,Middlesbrough,Derby,Team Total Goals,Over 0.5,1.62,,,WON,
2025-11-29T15:00:00+00:00,Championship,Millwall,Southampton,Team Total Goals,Over 0.5,1.25,,,WON,
2025-11-29T15:00:00+00:00,Championship,Norwich,QPR,Double Chance,Draw/Away,1.57,,,LOST,
2025-11-29T15:00:00+00:00,Championship,Sheffield Wednesday,Preston,Team Total Goals,Over 0.5,1.25,,,WON,
2025-11-29T15:00:00+00:00,Championship,West Brom,Swansea,Over/Under Goals,Over 1.5,1.38,,,WON,
2025-11-29T15:00:00+00:00,Championship,Wrexham,Blackburn,1X2 / Match Winner,Draw,3.4,,,WON,
2025-11-29T15:00:00+00:00,III Liga - Group 4,Podlasie Biała Podlaska,Korona Kielce II,Over/Under Goals,Under 3.5,1.56,,,WON,
2025-11-29T15:00:00+00:00,Jupiler Pro League,Dender,KVC Westerlo,Over/Under Goals,Under 3.5,1.5,,,LOST,
2025-11-29T15:00:00+00:00,League One,Bradford,Exeter City,Asian Handicap,Away -1.25,1.5,,,WON,
2025-11-29T15:00:00+00:00,League One,Burton Albion,Leyton Orient,Double Chance,Draw/Away,1.42,,,WON,
2025-11-29T15:00:00+00:00,League One,Doncaster,Peterborough,Over/Under Goals,Over 1.5,1.28,,,WON,
2025-11-29T15:00:00+00:00,League One,Huddersfield,AFC Wimbledon,1X2 / Match Winner,Home,1.6,,,LOST,
2025-11-29T15:00:00+00:00,League One,Lincoln,Port Vale,Over/Under Goals,Under 3.5,1.25,,,WON,
2025-11-29T15:00:00+00:00,League One,Luton,Bolton,Over/Under Goals,Over 1.5,1.3,,,WON,
2025-11-29T15:00:00+00:00,League One,Plymouth,Northampton,Over/Under Goals,Under 3.5,1.25,,,WON,
2025-11-29T15:00:00+00:00,League One,Rotherham,Wycombe,Team Total Goals,Over 0.5,1.18,,,WON,
2025-11-29T15:00:00+00:00,League Two,Barnet,Harrogate Town,Over/Under Goals,Over 1.5,1.22,,,WON,
2025-11-29T15:00:00+00:00,League Two,Bristol Rovers,Notts County,Double Chance,Home/Draw,1.55,,,LOST,
2025-11-29T15:00:00+00:00,League Two,Cambridge United,Crewe,Over/Under Goals,Under 3.5,1.22,,,WON,
2025-11-29T15:00:00+00:00,League Two,Chesterfield,Swindon Town,BTTS,Yes,1.53,,,WON,
2025-11-29T15:00:00+00:00,League Two,Colchester,Cheltenham,Asian Handicap,Away -1.25,1.68,,,LOST,
2025-11-29T15:00:00+00:00,League Two,Salford City,Crawley Town,Over/Under Goals,Under 3.5,1.55,,,LOST,
2025-11-29T15:00:00+00:00,League Two,Shrewsbury,Gillingham,Asian Handicap,Home +0.25,1.55,,,WON,
2025-11-29T15:00:00+00:00,League Two,Walsall,Bromley,Over/Under Goals,Under 3.5,1.25,,,LOST,
2025-11-29T15:00:00+00:00,National Division,AS Jeunesse Esch,UNA Strassen,Over/Under Goals,Under 3.5,1.33,,,WON,
2025-11-29T15:00:00+00:00,Non League Premier - Southern Central,AFC Sudbury,Bromsgrove Sporting,Double Chance,Draw/Away,1.44,,,WON,
2025-11-29T15:00:00+00:00,Non League Premier - Southern Central,Banbury United,Stamford,1X2 / Match Winner,Home,1.65,,,WON,
2025-11-29T15:00:00+00:00,Non League Premier - Southern Central,Barwell,Harborough Town,Over/Under Goals,Under 3.5,1.28,,,WON,
2025-11-29T15:00:00+00:00,Non League Premier - Southern Central,Bury Town,Stratford Town,Over/Under Goals,Under 3.5,1.32,,,WON,
2025-11-29T15:00:00+00:00,Non League Premier - Southern Central,Halesowen Town,Bishop's Stortford,1X2 / Match Winner,Draw,4.1,,,WON,
2025-11-29T15:00:00+00:00,Non League Premier - Southern Central,Kettering Town,Stourbridge,Over/Under Goals,Under 3.5,1.36,,,LOST,
2025-11-29T15:00:00+00:00,Non League Premier - Southern Central,Leiston,Real Bedford,Over/Under Goals,Under 3.5,1.44,,,WON,
2025-11-29T15:00:00+00:00,Non League Premier - Southern Central,Needham Market,Alvechurch,Asian Handicap,Home +0,1.45,,,WON,
2025-11-29T15:00:00+00:00,Non League Premier - Southern Central,Quorn,St Ives Town,Team Total Goals,Under 2.5,1.22,,,LOST,
2025-11-29T15:00:00+00:00,Non League Premier - Southern Central,Redditch United,Spalding United,Double Chance,Draw/Away,1.4,,,WON,
2025-11-29T15:00:00+00:00,Premier League,Brentford,Burnley,1X2 / Match Winner,Home,1.56,,,WON,
2025-11-29T15:00:00+00:00,Premier League,Manchester City,Leeds,Over/Under Goals,Over 1.5,1.18,,,WON,
2025-11-29T15:00:00+00:00,Premier League,Sunderland,Bournemouth,Over/Under Goals,Under 3.5,1.33,,,LOST,
2025-11-29T15:00:00+00:00,Premiership,Crusaders FC,Coleraine FC,Over/Under Goals,Over 1.5,1.2,,,WON,
2025-11-29T15:00:00+00:00,Premiership,Dundee,ST Mirren,Over/Under Goals,Under 3.5,1.25,,,LOST,
2025-11-29T15:00:00+00:00,Premiership,Dungannon Swifts,Larne,Over/Under Goals,Under 3.5,1.28,,,WON,
2025-11-29T15:00:00+00:00,Premiership,Glenavon FC,Ballymena United,Over/Under Goals,Under 3.5,1.33,,,LOST,
2025-11-29T15:00:00+00:00,Premiership,Linfield,Carrick Rangers,Over/Under Goals,Under 3.5,1.4,,,LOST,
2025-11-29T15:00:00+00:00,Premiership,Motherwell,Heart Of Midlothian,Over/Under Goals,Over 1.5,1.25,,,LOST,
2025-11-29T15:00:00+00:00,Premiership,Portadown,Cliftonville FC,Over/Under Goals,Under 3.5,1.36,,,LOST,
2025-11-29T15:00:00+00:00,Premijer Liga,Borac Banja Luka,Zeljeznicar Sarajevo,Over/Under Goals,Under 3.5,1.23,,,WON,
2025-11-29T15:00:00+00:00,Premijer Liga,FK Sarajevo,Siroki Brijeg,Over/Under Goals,Under 3.5,1.28,,,WON,
2025-11-29T15:00:00+00:00,Primera Division,Huachipato,U. Catolica,Over/Under Goals,Under 2.5,1.7,,,WON,
2025-11-29T15:00:00+00:00,Prva Liga,Macva,Jedinstvo Ub,Double Chance,Home/Draw,1.22,,,WON,
2025-11-29T15:00:00+00:00,Segunda División RFEF - Group 2,Ebro,Deportivo Alavés II,BTTS,No,1.53,,,LOST,
2025-11-29T15:15:00+00:00,La Liga,Barcelona,Alaves,Result + Total Goals,Home/Over 1.5,1.25,,,WON,
2025-11-29T15:15:00+00:00,Segunda Division,Cultural Leonesa,Granada CF,Over/Under Goals,Over 1.5,1.42,,,LOST,
2025-11-29T15:30:00+00:00,3. Liga,FC Schweinfurt 05,Waldhof Mannheim,Over/Under Goals,Under 3.5,1.53,,,LOST,
2025-11-29T15:30:00+00:00,Challenge League,Birzebbuga,Gudja United,1X2 / Match Winner,Home,1.45,,,WON,
2025-11-29T15:30:00+00:00,Eerste Divisie,FC OSS,Almere City FC,Over/Under Goals,Under 3.5,1.53,,,WON,
2025-11-29T15:30:00+00:00,Eredivisie,Excelsior,NAC Breda,Over/Under Goals,Over 1.5,1.25,,,LOST,
2025-11-29T15:30:00+00:00,Ligat Ha'al,Hapoel Tel Aviv,Bnei Sakhnin,Over/Under Goals,Under 3.5,1.3,,,WON,
2025-11-29T15:30:00+00:00,Primeira Liga,Casa Pia,Alverca,Over/Under Goals,Over 1.5,1.42,,,WON,
2025-11-29T15:30:00+00:00,Primeira Liga,Moreirense,Famalicao,Over/Under Goals,Under 3.5,1.25,,,LOST,
2025-11-29T15:30:00+00:00,Segunda División RFEF - Group 2,Beasain,Alfaro,Over/Under Goals,Under 3.5,1.17,,,WON,
2025-11-29T15:30:00+00:00,Segunda División RFEF - Group 2,Mutilvera,Basconia,Over/Under Goals,Under 3.5,1.21,,,WON,
2025-11-29T15:30:00+00:00,Super League 1,OFI,Volos NFC,Double Chance,Home/Draw,1.42,,,LOST,
2025-11-29T15:30:00+00:00,Super Liga,Vojvodina,FK Spartak Zdrepceva KRV,Over/Under Goals,Over 1.5,1.25,,,WON,
2025-11-29T15:30:00+00:00,Superliga,Flamurtari,Vora,Double Chance,Home/Draw,1.17,,,WON,
2025-11-29T16:00:00+00:00,Ligue 1,Monaco,Paris Saint Germain,1X2 / Match Winner,Away,1.63,,,LOST,
2025-11-29T16:00:00+00:00,Premier Soccer League,Polokwane City,TS Galaxy,Double Chance,Draw/Away,1.48,,,WON,
2025-11-29T16:00:00+00:00,Premier Soccer League,Siwelele,Chippa United,Over/Under Goals,Under 2.5,1.24,,,WON,
2025-11-29T16:00:00+00:00,Segunda División RFEF - Group 5,Elche II,SS Reyes,Over/Under Goals,Under 3.5,1.19,,,WON,
2025-11-29T16:00:00+00:00,Segunda División RFEF - Group 5,Quintanar del Rey,Getafe II,Over/Under Goals,Under 2.5,1.4,,,LOST,
2025-11-29T16:00:00+00:00,Super Liga,Novi Pazar,Napredak,Asian Handicap,Home +0.5,1.15,,,WON,
2025-11-29T16:00:00+00:00,TFF 1. Lig,Sakaryaspor,Ümraniyespor,1X2 / Match Winner,Home,1.47,,,LOST,
2025-11-29T16:00:00+00:00,Tipp3 Bundesliga,Austria Vienna,WSG Wattens,Team Total Goals,Over 0.5,1.67,,,LOST,
2025-11-29T16:00:00+00:00,Tipp3 Bundesliga,Ried,Wolfsberger AC,Double Chance,Draw/Away,1.5,,,LOST,
2025-11-29T16:15:00+00:00,Serie B,Catanzaro,Virtus Entella,Over/Under Goals,Under 3.5,1.2,,,LOST,
2025-11-29T16:30:00+00:00,Ekstraklasa,Korona Kielce,Cracovia Krakow,Over/Under Goals,Under 3.5,1.25,,,WON,
2025-11-29T16:30:00+00:00,Ligat Ha'al,Ironi Kiryat Shmona,Hapoel Katamon,Over/Under Goals,Under 3.5,1.25,,,WON,
2025-11-29T16:30:00+00:00,Ligat Ha'al,Maccabi Bnei Raina,Ironi Tiberias,Double Chance,Draw/Away,1.57,,,WON,
2025-11-29T16:30:00+00:00,Premier League,Baltika,Spartak Moscow,Asian Handicap,Away -0.25,1.48,,,LOST,
2025-11-29T16:30:00+00:00,Segunda División RFEF - Group 5,Rayo Majadahonda,Navalcarnero,Double Chance,Home/Draw,1.16,,,WON,
2025-11-29T16:30:00+00:00,Serie C - Girone A,Ospitaletto,Virtus Verona,Over/Under Goals,Under 3.5,1.22,,,WON,
2025-11-29T16:30:00+00:00,Serie C - Girone A,Pergolettese,Albinoleffe,Over/Under Goals,Under 3.5,1.25,,,WON,
2025-11-29T16:30:00+00:00,Serie C - Girone B,Pineto,Ravenna,Over/Under Goals,Under 3.5,1.2,,,WON,
2025-11-29T16:30:00+00:00,Serie C - Girone C,Crotone,Giugliano,Over/Under Goals,Under 3.5,1.35,,,WON,
2025-11-29T16:30:00+00:00,Serie C - Girone C,Team Altamura,Sorrento,Over/Under Goals,Under 3.5,1.22,,,WON,
2025-11-29T17:00:00+00:00,1. Division,Anorthosis,Apoel Nicosia,1X2 / Match Winner,Away,1.68,,,LOST,
2025-11-29T17:00:00+00:00,Challenge League,FC WIL 1900,Stade Lausanne-Ouchy,Over/Under Goals,Under 3.5,1.5,,,WON,
2025-11-29T17:00:00+00:00,Coupe de France,APM Metz,Feignies-Aulnoye,Over/Under Goals,Under 3.5,1.62,,,WON,
2025-11-29T17:00:00+00:00,Coupe de France,SA Mérignac,PAU,Over/Under Goals,Under 3.5,2.25,,,WON,
2025-11-29T17:00:00+00:00,Coupe de France,Stade Plabennec,Les Herbiers,Over/Under Goals,Under 3.5,1.5,,,WON,
2025-11-29T17:00:00+00:00,Czech Liga,Slavia Praha,Slovácko,Over/Under Goals,Under 3.5,1.62,,,WON,
2025-11-29T17:00:00+00:00,Derde Divisie - Sunday,Vvsb,Gemert,Over/Under Goals,Under 3.5,1.59,,,WON,
2025-11-29T17:00:00+00:00,III Liga - Group 1,Broń Radom,Bełchatów,Over/Under Goals,Under 3.5,1.53,,,WON,
2025-11-29T17:00:00+00:00,Regionalliga - Nord,BW Lohne,Bremer SV,Over/Under Goals,Under 3.5,1.67,,,WON,
2025-11-29T17:00:00+00:00,Segunda División RFEF - Group 1,Numancia,Langreo,Over/Under Goals,Under 3.5,1.2,,,LOST,
2025-11-29T17:00:00+00:00,Segunda División RFEF - Group 2,Real Unión,Utebo,Over/Under Goals,Under 3.5,1.2,,,LOST,
2025-11-29T17:00:00+00:00,Segunda División RFEF - Group 2,Tudelano,Náxara,Over/Under Goals,Under 3.5,1.21,,,WON,
2025-11-29T17:00:00+00:00,Serie A,Juventus,Cagliari,Over/Under Goals,Under 3.5,1.3,,,WON,
2025-11-29T17:00:00+00:00,Super League,FC Lugano,FC Sion,Over/Under Goals,Over 1.5,1.28,,,WON,
2025-11-29T17:00:00+00:00,Super League,FC Zurich,Grasshoppers,Over/Under Goals,Over 1.5,1.2,,,LOST,
2025-11-29T17:00:00+00:00,Super Lig,Kasimpasa,Istanbul Basaksehir,Over/Under Goals,Over 1.5,1.3,,,WON,
2025-11-29T17:00:00+00:00,Super Lig,Trabzonspor,Konyaspor,Over/Under Goals,Over 1.5,1.28,,,WON,
2025-11-29T17:00:00+00:00,Super Liga,AS Trencin,Dunajska Streda,Over/Under Goals,Under 3.5,1.5,,,WON,
2025-11-29T17:15:00+00:00,Jupiler Pro League,Zulte Waregem,Cercle Brugge,Double Chance,Home/Draw,1.5,,,WON,
2025-11-29T17:15:00+00:00,Prva HNL,Istra 1961,NK Slaven Belupo,Double Chance,Draw/Away,1.57,,,WON,
2025-11-29T17:30:00+00:00,Bundesliga 1,Bayer Leverkusen,Borussia Dortmund,Over/Under Goals,Over 2.5,1.57,,,WON,
2025-11-29T17:30:00+00:00,III Liga - Group 2,Lipno Stęszew,Lech Poznań II,Over/Under Goals,Under 3.5,1.53,,,WON,
2025-11-29T17:30:00+00:00,La Liga,Levante,Athletic Club,Over/Under Goals,Under 3.5,1.25,,,WON,
2025-11-29T17:30:00+00:00,Ligat Ha'al,Hapoel Petah Tikva,Maccabi Haifa,Over/Under Goals,Over 1.5,1.2,,,LOST,
2025-11-29T17:30:00+00:00,Premier League,Everton,Newcastle,Asian Handicap,Home +0.5,1.6,,,LOST,
2025-11-29T17:30:00+00:00,Premijer Liga,Velež,Rudar Prijedor,Over/Under Goals,Under 2.5,1.75,,,WON,
2025-11-29T17:30:00+00:00,Segunda Division,Albacete,Deportivo La Coruna,Over/Under Goals,Over 1.5,1.3,,,WON,
2025-11-29T17:30:00+00:00,Segunda Division,Almeria,Huesca,Over/Under Goals,Over 1.5,1.36,,,LOST,
2025-11-29T17:30:00+00:00,Segunda División RFEF - Group 1,Sámano,Racing Santander II,Over/Under Goals,Under 3.5,1.16,,,WON,
2025-11-29T17:30:00+00:00,Super League 1,Aris Thessalonikis,Larisa,Over/Under Goals,Over 1.5,1.33,,,WON,
2025-11-29T17:30:00+00:00,Super League 1,Kifisia,Panserraikos,1X2 / Match Winner,Home,1.57,,,WON,
2025-11-29T17:30:00+00:00,Super Liga,FK Partizan,Javor,Over/Under Goals,Over 2.5,1.5,,,WON,
2025-11-29T17:45:00+00:00,Eredivisie,Fortuna Sittard,Heracles,Over/Under Goals,Over 1.5,1.22,,,WON,
2025-11-29T17:45:00+00:00,Premiership,Kilmarnock,Dundee Utd,Double Chance,Draw/Away,1.42,,,WON,
2025-11-29T18:00:00+00:00,Challenge League,Santa Lucía,Swieqi United,Double Chance,Draw/Away,1.22,,,WON,
2025-11-29T18:00:00+00:00,Liga Alef,Kfar Saba 1928,Hapoel Ramat HaSharon,Team Total Goals,Under 2.5,1.46,,,LOST,
2025-11-29T18:00:00+00:00,Ligue 1,Paris FC,Auxerre,Over/Under Goals,Under 3.5,1.36,,,WON,
2025-11-29T18:00:00+00:00,Primeira Liga,Nacional,Benfica,1X2 / Match Winner,Draw,5.29,,,LOST,
2025-11-29T18:00:00+00:00,Segunda División RFEF - Group 3,Atlètic Lleida,Atlético Baleares,Over/Under Goals,Under 3.5,1.17,,,WON,
2025-11-29T18:30:00+00:00,Serie B,Palermo,Carrarese,Over/Under Goals,Under 3.5,1.3,,,LOST,
2025-11-29T18:45:00+00:00,Liga I,Dinamo Bucuresti,Oţelul,Over/Under Goals,Under 3.5,1.2,,,WON,
2025-11-29T19:00:00+00:00,Erste Liga,Rapid Wien II,Sturm Graz II,Over/Under Goals,Under 3.5,1.55,,,WON,
2025-11-29T19:00:00+00:00,Liga Pro,Cuniburo,Mushuc Runa SC,1X2 / Match Winner,Draw,3.33,,,WON,
2025-11-29T19:00:00+00:00,Liga Pro,Tecnico Universitario,Manta FC,Over/Under Goals,Under 3.5,1.25,,,LOST,
2025-11-29T19:00:00+00:00,Primera División,San Antonio Bulo Bulo,Universitario de Vinto,Over/Under Goals,Under 3.5,1.62,,,WON,
2025-11-29T19:00:00+00:00,Serie A,Vitoria,Mirassol,Over/Under Goals,Under 3.5,1.22,,,WON,
2025-11-29T19:15:00+00:00,Ekstraklasa,GKS Katowice,Pogon Szczecin,Over/Under Goals,Over 1.5,1.25,,,WON,
2025-11-29T19:30:00+00:00,Bundesliga 2,1. FC Magdeburg,1. FC Nürnberg,Over/Under Goals,Under 3.5,1.53,,,WON,
2025-11-29T19:30:00+00:00,Super League,FC Luzern,FC Winterthur,Over/Under Goals,Over 1.5,1.15,,,WON,
2025-11-29T19:45:00+00:00,Jupiler Pro League,Charleroi,RAAL La Louvière,Team Total Goals,Under 2.5,1.17,,,WON,
2025-11-29T19:45:00+00:00,Serie A,AC Milan,Lazio,Over/Under Goals,Under 3.5,1.3,,,WON,
2025-11-29T20:00:00+00:00,Eredivisie,NEC Nijmegen,Sparta Rotterdam,1X2 / Match Winner,Home,1.62,,,WON,
2025-11-29T20:00:00+00:00,La Liga,Atletico Madrid,Oviedo,Over/Under Goals,Under 3.5,1.45,,,WON,
2025-11-29T20:00:00+00:00,Premier League,Tottenham,Fulham,Over/Under Goals,Under 3.5,1.35,,,WON,
2025-11-29T20:00:00+00:00,Segunda Division,Valladolid,Malaga,1X2 / Match Winner,Draw,3.6,,,WON,
2025-11-29T20:05:00+00:00,Ligue 1,Marseille,Toulouse,Over/Under Goals,Over 1.5,1.28,,,WON,
2025-11-29T20:30:00+00:00,Primeira Liga,GIL Vicente,Tondela,Over/Under Goals,Under 3.5,1.25,,,WON,
2025-11-29T21:00:00+00:00,CONMEBOL Libertadores,Palmeiras,Flamengo,Over/Under Goals,Under 3.5,1.2,,,WON,
2025-11-29T21:00:00+00:00,Primera Division,D. La Serena,Palestino,Team Total Goals,Over 0.5,1.22,,,WON,
2025-11-29T21:30:00+00:00,Liga Pro,Universidad Catolica,Orense SC,Over/Under Goals,Under 3.5,1.48,,,WON,
2025-11-29T21:30:00+00:00,Primera División,Guabirá,Gualberto Villarroel SJ,Over/Under Goals,Under 3.5,1.62,,,WON,
2025-11-29T22:30:00+00:00,Primera A,Deportes Tolima,Santa Fe,Over/Under Goals,Under 3.5,1.25,,,WON,
2025-11-29T23:00:00+00:00,Liga MX,Club America,Monterrey,Over/Under Goals,Over 1.5,1.17,,,WON,
2025-11-29T23:00:00+00:00,Major League Soccer,Inter Miami,New York City FC,Double Chance,Home/Draw,1.15,,,WON,
2025-11-29T23:00:00+00:00,Primera División,Guadalupe FC,Perez Zeledon,Over/Under Goals,Under 3.5,1.28,,,LOST,
2025-11-29T23:05:00+00:00,Primera B Metropolitana,Real Pilar,Flandria,Over/Under Goals,Under 2.5,1.45,,,WON,
2025-11-29T23:30:00+00:00,Segunda División,Atenas,Deportivo Maldonado,Over/Under Goals,Under 2.5,1.4,,,WON,
2025-11-30T00:00:00+00:00,Liga Pro,Libertad,Barcelona SC,1X2 / Match Winner,Draw,3.45,,,WON,
2025-11-30T00:00:00+00:00,Primera División,Nacional Potosí,Independiente Petrolero,1X2 / Match Winner,Home,1.55,,,WON,
2025-11-30T00:00:00+00:00,Serie A,Ceara,Cruzeiro,Over/Under Goals,Under 3.5,1.22,,,WON,
2025-11-30T00:30:00+00:00,Primera Division,Estudiantes L.P.,Central Cordoba de Santiago,Over/Under Goals,Under 2.5,1.4,,,WON,
2025-11-30T01:00:00+00:00,Liga de Ascenso,Futbol Consultants Moravia,Quepos Cambute,Over/Under Goals,Under 3.5,1.36,,,WON,
2025-11-30T01:00:00+00:00,Liga de Ascenso,Inter San Carlos,AD Carmelita,Asian Handicap,Away -1.25,1.55,,,WON,
2025-11-30T01:00:00+00:00,Liga de Expansión MX,Irapuato,CDS Tampico Madero,Team Total Goals,Under 2.5,1.18,,,WON,
2025-11-30T01:00:00+00:00,Primera A,Fortaleza FC,Bucaramanga,Over/Under Goals,Under 3.5,1.2,,,WON,
2025-11-30T01:00:00+00:00,Primera Division,Alianza,Municipal Limeño,Over/Under Goals,Under 3.5,1.2,,,WON,
2025-11-30T01:00:00+00:00,Primera Division,Firpo,Platense,Over/Under Goals,Under 3.5,1.24,,,LOST,
2025-11-30T01:05:00+00:00,Liga MX,Toluca,FC Juarez,Over/Under Goals,Over 1.5,1.15,,,LOST,
2025-11-30T01:15:00+00:00,Primera Division,Isidro Metapán,Águila,Over/Under Goals,Under 3.5,1.2,,,WON,
2025-11-30T02:00:00+00:00,A-League,Auckland,Newcastle Jets,1X2 / Match Winner,Home,1.62,,,LOST,
2025-11-30T02:00:00+00:00,Major League Soccer,San Diego,Vancouver Whitecaps,Asian Handicap,Away -0.5,1.65,,,WON,
2025-11-30T05:00:00+00:00,J. League Div.1,Albirex Niigata,Kashiwa Reysol,1X2 / Match Winner,Away,1.61,,,WON,
2025-11-30T05:00:00+00:00,J. League Div.1,Avispa Fukuoka,Gamba Osaka,Over/Under Goals,Under 3.5,1.2,,,WON,
2025-11-30T05:00:00+00:00,J. League Div.1,Fagiano Okayama,Urawa,Over/Under Goals,Under 3.5,1.25,,,WON,
2025-11-30T05:00:00+00:00,J. League Div.1,Kawasaki Frontale,Sanfrecce Hiroshima,Double Chance,Home/Draw,1.67,,,LOST,
2025-11-30T05:00:00+00:00,J. League Div.1,Machida Zelvia,Nagoya Grampus,Double Chance,Home/Draw,1.18,,,WON,
2025-11-30T05:00:00+00:00,J. League Div.1,Shonan Bellmare,Shimizu S-pulse,Double Chance,Home/Draw,1.5,,,WON,
2025-11-30T05:00:00+00:00,J. League Div.1,Tokyo Verdy,Kashima,Over/Under Goals,Under 2.5,1.53,,,WON,
2025-11-30T05:00:00+00:00,J. League Div.1,Vissel Kobe,FC Tokyo,Over/Under Goals,Over 1.5,1.28,,,LOST,
2025-11-30T05:00:00+00:00,J. League Div.1,Yokohama F. Marinos,Cerezo Osaka,Over/Under Goals,Over 1.5,1.17,,,WON,
2025-11-30T05:00:00+00:00,J. League Div.1,Yokohama FC,Kyoto Sanga,Over/Under Goals,Under 3.5,1.22,,,WON,
2025-11-30T05:00:00+00:00,K League 2,Bucheon FC 1995,Seongnam FC,Over/Under Goals,Under 3.5,1.22,,,WON,
2025-11-30T05:00:00+00:00,K-League Classic,Daegu FC,FC Anyang,1X2 / Match Winner,Draw,3.5,,,WON,
2025-11-30T05:00:00+00:00,K-League Classic,Suwon City FC,Gwangju FC,Over/Under Goals,Under 3.5,1.33,,,WON,
2025-11-30T05:00:00+00:00,K-League Classic,Ulsan Hyundai FC,Jeju United FC,Over/Under Goals,Under 3.5,1.4,,,WON,
2025-11-30T07:00:00+00:00,A-League,Macarthur,Perth Glory,Over/Under Goals,Over 1.5,1.18,,,WON,
2025-11-30T07:30:00+00:00,K-League Classic,Gangwon FC,Pohang Steelers,Over/Under Goals,Under 3.5,1.25,,,WON,
2025-11-30T07:30:00+00:00,K-League Classic,Gimcheon Sangmu FC,Daejeon Citizen,Over/Under Goals,Under 3.5,1.5,,,WON,
2025-11-30T07:30:00+00:00,K-League Classic,Jeonbuk Motors,FC Seoul,Over/Under Goals,Under 3.5,1.38,,,WON,
2025-11-30T07:30:00+00:00,Taiwan Football Premier League,AC Taipei,Taipower,Team Total Goals,Over 0.5,1.16,,,LOST,
2025-11-30T08:00:00+00:00,Diski Challenge,Kaizer Chiefs U23,Golden Arrows U23,Over/Under Goals,Over 1.5,1.25,,,WON,
2025-11-30T08:30:00+00:00,First League,Enisey,Rotor Volgograd,Asian Handicap,Home +0.25,1.52,,,WON,
2025-11-30T08:30:00+00:00,Liga 1,Pusamania Borneo,Bali United,Over/Under Goals,Under 3.5,1.33,,,WON,
2025-11-30T09:30:00+00:00,Erovnuli Liga,Gareji,Saburtalo,Over/Under Goals,Under 3.5,1.26,,,LOST,
2025-11-30T09:30:00+00:00,Erste Liga,Schwarz-Weiß Bregenz,First Vienna,Over/Under Goals,Under 3.5,1.42,,,WON,
2025-11-30T10:00:00+00:00,1a Divisió,Ranger's,Esperança d'Andorra,Over/Under Goals,Under 3.5,2.02,,,LOST,
2025-11-30T10:00:00+00:00,Premier League,Fasil Ketema,Welayta Dicha,Asian Handicap,Home +0.25,1.41,,,WON,
2025-11-30T10:00:00+00:00,Premyer Liqa,Keshla FC,Sumqayıt,Over/Under Goals,Under 3.5,1.15,,,WON,
2025-11-30T10:00:00+00:00,Segunda División RFEF - Group 5,Tenerife II,Real Madrid III,Over/Under Goals,Under 3.5,1.16,,,LOST,
2025-11-30T10:30:00+00:00,First League,Slavia Sofia,Dobrudzha,Over/Under Goals,Under 3.5,1.28,,,LOST,
2025-11-30T10:30:00+00:00,II Liga - East,Olimpia Grudziądz,Unia Skierniewice,Double Chance,Draw/Away,1.5,,,WON,
2025-11-30T10:30:00+00:00,Liga II,CSM Reşiţa,Metalul Buzău,Over/Under Goals,Under 3.5,1.25,,,WON,
2025-11-30T10:30:00+00:00,Segunda División RFEF - Group 4,La Unión Atlético,Extremadura 1924,Double Chance,Draw/Away,1.5,,,LOST,
2025-11-30T10:30:00+00:00,TFF 1. Lig,Sarıyer,Bandırmaspor,Over/Under Goals,Under 3.5,1.4,,,WON,
2025-11-30T10:30:00+00:00,TFF 1. Lig,Sivasspor,Boluspor,Over/Under Goals,Under 3.5,1.33,,,WON,
2025-11-30T10:30:00+00:00,Taiwan Football Premier League,Hang Yuen,Ming Chuan University,1X2 / Match Winner,Home,1.4,,,WON,
2025-11-30T11:00:00+00:00,2. Lig,68 Aksaray Belediyespor,Mardin BB,Double Chance,Draw/Away,1.33,,,WON,
2025-11-30T11:00:00+00:00,Campeonato de Portugal Prio - Group A,Vianense,Ribeira Brava,Double Chance,Home/Draw,1.17,,,WON,
2025-11-30T11:00:00+00:00,FKF Premier League,Ulinzi Stars,Bandari,Double Chance,Draw/Away,1.55,,,WON,
2025-11-30T11:00:00+00:00,I Liga,Znicz Pruszków,ŁKS Łódź,Over/Under Goals,Under 3.5,1.38,,,WON,
2025-11-30T11:00:00+00:00,III Liga - Group 1,Legia Warszawa II,Mławianka Mława,1X2 / Match Winner,Home,1.3,,,WON,
2025-11-30T11:00:00+00:00,III Liga - Group 1,Widzew II,Łomża,Over/Under Goals,Under 3.5,1.56,,,LOST,
2025-11-30T11:00:00+00:00,Premier League,FC Krasnodar,Krylia Sovetov,Over/Under Goals,Over 1.5,1.17,,,WON,
2025-11-30T11:00:00+00:00,Premier League,FC Minsk,Bate Borisov,Over/Under Goals,Under 3.5,1.58,,,WON,
2025-11-30T11:00:00+00:00,Premier League,Molodechno-DYuSSh 4,Torpedo Zhodino,BTTS,No,1.8,,,LOST,
2025-11-30T11:00:00+00:00,Premier League,Oleksandria,Ruh Lviv,Over/Under Goals,Under 2.5,1.5,,,WON,
2025-11-30T11:00:00+00:00,Primera División RFEF - Group 1,CF Talavera,Cacereño,Over/Under Goals,Under 3.5,1.17,,,WON,
2025-11-30T11:00:00+00:00,Primera División RFEF - Group 1,Osasuna II,Zamora,Double Chance,Home/Draw,1.45,,,LOST,
2025-11-30T11:00:00+00:00,Primera División RFEF - Group 2,Ibiza,Algeciras,Over/Under Goals,Under 3.5,1.2,,,WON,
2025-11-30T11:00:00+00:00,Primera División RFEF - Group 2,Juventud Torremolinos,Villarreal II,Over/Under Goals,Under 3.5,1.2,,,WON,
2025-11-30T11:00:00+00:00,Segunda División RFEF - Group 1,Real Valladolid II,Coruxo,Over/Under Goals,Under 3.5,1.18,,,WON,
2025-11-30T11:00:00+00:00,Segunda División RFEF - Group 2,Eibar II,Real Zaragoza II,Over/Under Goals,Under 2.5,1.65,,,WON,
2025-11-30T11:00:00+00:00,Segunda División RFEF - Group 3,Barbastro,Barcelona B,Over/Under Goals,Under 3.5,1.19,,,WON,
2025-11-30T11:00:00+00:00,Segunda División RFEF - Group 3,Espanyol II,Valencia II,1X2 / Match Winner,Draw,3.2,,,WON,
2025-11-30T11:00:00+00:00,Segunda División RFEF - Group 3,Girona II,Sant Andreu,Over/Under Goals,Under 3.5,1.15,,,WON,
2025-11-30T11:00:00+00:00,Segunda División RFEF - Group 3,Poblense,Ibiza Islas Pitiusas,1X2 / Match Winner,Draw,3.3,,,WON,
2025-11-30T11:00:00+00:00,Segunda División RFEF - Group 3,Porreres,Reddis,Over/Under Goals,Under 3.5,1.16,,,WON,
2025-11-30T11:00:00+00:00,Segunda División RFEF - Group 3,Torrent,Andratx,Double Chance,Draw/Away,1.6,,,WON,
2025-11-30T11:00:00+00:00,Segunda División RFEF - Group 4,Almería II,Antoniano,Over/Under Goals,Under 3.5,1.18,,,WON,
2025-11-30T11:00:00+00:00,Segunda División RFEF - Group 4,Deportiva Minera,Yeclano,Over/Under Goals,Under 3.5,1.15,,,WON,
2025-11-30T11:00:00+00:00,Segunda División RFEF - Group 4,Estepona,Xerez Deportivo,Over/Under Goals,Under 3.5,1.15,,,WON,
2025-11-30T11:00:00+00:00,Segunda División RFEF - Group 4,Puente Genil,Melilla,Double Chance,Draw/Away,1.44,,,WON,
2025-11-30T11:00:00+00:00,Segunda División RFEF - Group 4,Recreativo Huelva,Águilas,Double Chance,Draw/Away,1.53,,,WON,
2025-11-30T11:00:00+00:00,Segunda División RFEF - Group 5,Fuenlabrada,Colonia Moscardó,Double Chance,Home/Draw,1.18,,,WON,
2025-11-30T11:00:00+00:00,Segunda División RFEF - Group 5,Intercity,Rayo Vallecano II,Team Total Goals,Under 2.5,1.45,,,WON,
2025-11-30T11:00:00+00:00,Segunda División RFEF - Group 5,Socuéllamos,CD Coria,Over/Under Goals,Under 2.5,1.44,,,WON,
2025-11-30T11:00:00+00:00,Segunda Liga,FC Porto B,Lusitânia Lourosa,Over/Under Goals,Under 3.5,1.25,,,WON,
2025-11-30T11:00:00+00:00,Segunda Liga,Torreense,Chaves,Asian Handicap,Home +0,1.67,,,LOST,
2025-11-30T11:00:00+00:00,Super League 2,Ellas Syros,Kallithea,Double Chance,Home/Draw,1.5,,,WON,
2025-11-30T11:00:00+00:00,Tercera División RFEF - Group 18,Toledo,Illescas,Over/Under Goals,Under 3.5,1.18,,,LOST,
2025-11-30T11:00:00+00:00,Thai League 1,Sukhothai FC,Bangkok United,Over/Under Goals,Under 3.5,1.45,,,WON,
2025-11-30T11:00:00+00:00,Thai League 2,Rasi Salai United,Kasetsart FC,Over/Under Goals,Under 3.5,1.4,,,WON,
2025-11-30T11:00:00+00:00,Thai League 2,Trat FC,Chiangmai United,Double Chance,Draw/Away,1.67,,,WON,
2025-11-30T11:15:00+00:00,Eerste Divisie,MVV,Roda,Over/Under Goals,Over 1.5,1.2,,,LOST,
2025-11-30T11:15:00+00:00,Eredivisie,PSV Eindhoven,FC Volendam,BTTS,Yes,1.73,,,LOST,
2025-11-30T11:30:00+00:00,Azadegan League,Havadar,Be'sat Kermanshah,Over/Under Goals,Under 3.5,1.15,,,LOST,
2025-11-30T11:30:00+00:00,Cup,Geylang International,Balestier Khalsa,Team Total Goals,Under 2.5,1.35,,,LOST,
2025-11-30T11:30:00+00:00,First League,Struga,Bashkimi Kumanovo,1X2 / Match Winner,Home,1.25,,,WON,
2025-11-30T11:30:00+00:00,First NL,Rudes,Karlovac 1919,Over/Under Goals,Under 3.5,1.17,,,WON,
2025-11-30T11:30:00+00:00,II Liga - East,Świt Skolwin,Sandecja Nowy Sącz,Asian Handicap,Home +0.25,1.52,,,WON,
2025-11-30T11:30:00+00:00,Serie A,Lecce,Torino,Over/Under Goals,Under 3.5,1.15,,,WON,
2025-11-30T11:30:00+00:00,Serie C - Girone B,Juventus U23,Perugia,Over/Under Goals,Under 3.5,1.2,,,WON,
2025-11-30T11:30:00+00:00,Thai League 2,Esan Pattaya,Nong Bua Pitchaya,Double Chance,Draw/Away,1.57,,,LOST,
2025-11-30T11:30:00+00:00,Thai League 2,Mahasarakham United,Pattani,Over/Under Goals,Over 2.5,1.8,,,WON,
2025-11-30T12:00:00+00:00,1st League - RS,Zvijezda 09,BSK Banja Luka,Double Chance,Home/Draw,1.42,,,WON,
2025-11-30T12:00:00+00:00,2. Lig,Kırklarelispor,Somaspor,Over/Under Goals,Under 2.5,2.0,,,LOST,
2025-11-30T12:00:00+00:00,2. Lig,Menemen Belediyespor,Ankara Demirspor,Over/Under Goals,Under 3.5,1.21,,,WON,
2025-11-30T12:00:00+00:00,Czech Liga,Bohemians 1905,Teplice,Over/Under Goals,Under 3.5,1.28,,,WON,
2025-11-30T12:00:00+00:00,FKF Premier League,Homeboyz,KCB,Asian Handicap,Home +0.25,1.15,,,WON,
2025-11-30T12:00:00+00:00,FKF Premier League,Murang'a SEAL,Kariobangi Sharks,Double Chance,Draw/Away,1.57,,,WON,
2025-11-30T12:00:00+00:00,II Liga - East,Hutnik Kraków,Śląsk Wrocław II,Over/Under Goals,Under 3.5,1.44,,,WON,
2025-11-30T12:00:00+00:00,II Liga - East,Sokół Kleczew,Kalisz,Asian Handicap,Home +0,1.48,,,WON,
2025-11-30T12:00:00+00:00,Liga 1,Persepam Madura Utd,Persib Bandung,1X2 / Match Winner,Away,1.5,,,WON,
2025-11-30T12:00:00+00:00,NB II,Budafoki LC,Fehérvár FC,Over/Under Goals,Under 3.5,1.17,,,LOST,
2025-11-30T12:00:00+00:00,NB II,Karcag SE,Kozarmisleny FC,Over/Under Goals,Under 3.5,1.29,,,WON,
2025-11-30T12:00:00+00:00,NB II,Szentlőrinc SE,Tiszakecske FC,Over/Under Goals,Under 3.5,1.28,,,WON,
2025-11-30T12:00:00+00:00,Premier League,Bahardar,Ethiopian Medhin,BTTS,No,1.53,,,WON,
2025-11-30T12:00:00+00:00,Premier League,Crystal Palace,Manchester United,Over/Under Goals,Under 3.5,1.45,,,WON,
2025-11-30T12:00:00+00:00,Premiership,Hibernian,Celtic,Over/Under Goals,Under 3.5,1.5,,,WON,
2025-11-30T12:00:00+00:00,Regionalliga - West,Borussia Dortmund II,Wiedenbrück,Over/Under Goals,Over 2.5,1.36,,,WON,
2025-11-30T12:00:00+00:00,Second League,Grbalj,Internacional Podgorica,Over/Under Goals,Under 3.5,1.36,,,WON,
2025-11-30T12:00:00+00:00,Super League 2,Asteras Tripolis II,Makedonikos Neapolis,Over/Under Goals,Under 3.5,1.22,,,WON,
2025-11-30T12:00:00+00:00,Super League 2,Niki Volos,Anagennisi Karditsas,Over/Under Goals,Under 3.5,1.2,,,WON,
2025-11-30T12:00:00+00:00,Superliga,Drita,Ballkani,Double Chance,Draw/Away,1.67,,,WON,
2025-11-30T12:00:00+00:00,Superliga,Ferizaj,Malisheva,Double Chance,Home/Draw,1.4,,,LOST,
2025-11-30T12:00:00+00:00,Thai League 1,Buriram United,Ratchaburi,Team Total Goals,Over 0.5,1.5,,,LOST,
2025-11-30T12:00:00+00:00,Thai League 2,Nakhon Pathom,Khon Kaen United,Over/Under Goals,Under 3.5,1.25,,,WON,
2025-11-30T12:15:00+00:00,FA Cup,Johor Darul Takzim FC,Kuching FA,Team Total Goals,Over 0.5,1.97,,,LOST,
2025-11-30T12:30:00+00:00,2. Division,Doxa,AE Zakakiou,1X2 / Match Winner,Home,1.39,,,LOST,
2025-11-30T12:30:00+00:00,3. Liga,SSV Jahn Regensburg,Hansa Rostock,Team Total Goals,Over 0.5,1.17,,,WON,
2025-11-30T12:30:00+00:00,Bundesliga 2,Arminia Bielefeld,Preußen Münster,Over/Under Goals,Over 1.5,1.22,,,WON,
2025-11-30T12:30:00+00:00,Bundesliga 2,Dynamo Dresden,Fortuna Düsseldorf,Over/Under Goals,Over 1.5,1.2,,,WON,
2025-11-30T12:30:00+00:00,Bundesliga 2,SV Elversberg,SV Darmstadt 98,Over/Under Goals,Over 1.5,1.22,,,LOST,
2025-11-30T12:30:00+00:00,First NL,HNK Cibalia,Croatia Zmijavci,Over/Under Goals,Under 3.5,1.2,,,LOST,
2025-11-30T12:30:00+00:00,Jupiler Pro League,Club Brugge KV,Antwerp,1X2 / Match Winner,Home,1.4,,,LOST,
2025-11-30T12:30:00+00:00,Persha Liga,Nyva Ternopil,Inhulets,Over/Under Goals,Under 3.5,1.18,,,WON,
2025-11-30T12:30:00+00:00,Premyer Liqa,Qabala,Araz,Over/Under Goals,Under 3.5,1.16,,,WON,
2025-11-30T12:30:00+00:00,Second League,CSKA Sofia II,Spartak Pleven,Over/Under Goals,Under 3.5,1.35,,,LOST,
2025-11-30T12:30:00+00:00,Second League,Igalo,Lovćen,Team Total Goals,Under 2.5,1.15,,,WON,
2025-11-30T12:30:00+00:00,Super League,Dedza Dynamos,MAFCO,Over/Under Goals,Under 2.5,1.5,,,LOST,
2025-11-30T12:45:00+00:00,NB I,Kisvarda FC,Ujpest,BTTS,Yes,1.67,,,LOST,
2025-11-30T12:45:00+00:00,Persian Gulf Pro League,Esteghlal FC,Foolad FC,Double Chance,Home/Draw,1.25,,,WON,
2025-11-30T13:00:00+00:00,CAF Confederation Cup,Nairobi United,Maniema Union,Over/Under Goals,Under 3.5,1.17,,,WON,
2025-11-30T13:00:00+00:00,Challenge League,St. Andrews,Sirens,Double Chance,Home/Draw,1.5,,,LOST,
2025-11-30T13:00:00+00:00,Challenge League,Yverdon Sport,Étoile Carouge,Over/Under Goals,Under 3.5,1.44,,,WON,
2025-11-30T13:00:00+00:00,Derde Divisie - Sunday,Blauw Geel,Roosendaal,Team Total Goals,Over 0.5,1.33,,,WON,
2025-11-30T13:00:00+00:00,FKF Premier League,Police,Shabana,Over/Under Goals,Under 2.5,1.4,,,WON,
2025-11-30T13:00:00+00:00,First League,Ludogorets,Botev Vratsa,Team Total Goals,Under 2.5,1.55,,,WON,
2025-11-30T13:00:00+00:00,Gamma Ethniki - Group 3,Anthoupoli,Asteras Stavros,Over/Under Goals,Under 2.5,1.57,,,LOST,
2025-11-30T13:00:00+00:00,III Liga - Group 2,Pogoń Szczecin II,Cartusia Kartuzy,Double Chance,Home/Draw,1.44,,,WON,
2025-11-30T13:00:00+00:00,La Liga,Real Sociedad,Villarreal,Double Chance,Draw/Away,1.48,,,WON,
2025-11-30T13:00:00+00:00,Liga I,AFC Hermannstadt,Uta Arad,Over/Under Goals,Under 3.5,1.25,,,WON,
2025-11-30T13:00:00+00:00,Ligue 2,IB Khémis El Khechna,US Chaouia,Over/Under Goals,Under 2.5,1.5,,,LOST,
2025-11-30T13:00:00+00:00,Premier League,Welwalo Adigrat Uni,Mekelle Kenema,Double Chance,Draw/Away,1.22,,,LOST,
2025-11-30T13:00:00+00:00,Regionalliga - Nordost,Greifswalder FC,Hertha Zehlendorf,1X2 / Match Winner,Draw,4.6,,,WON,
2025-11-30T13:00:00+00:00,Regionalliga - Nordost,Hertha BSC II,SV Babelsberg 03,Over/Under Goals,Under 3.5,1.44,,,WON,
2025-11-30T13:00:00+00:00,Regionalliga - SudWest,Barockstadt Fulda-Lehn.,Eintracht Trier,Asian Handicap,Home +0.5,1.5,,,WON,
2025-11-30T13:00:00+00:00,Regionalliga - SudWest,FC 08 Homburg,Freiburg II,Asian Handicap,Away -1.25,1.42,,,LOST,
2025-11-30T13:00:00+00:00,Regionalliga - SudWest,FSV Mainz 05 II,Hessen Kassel,Over/Under Goals,Under 3.5,1.44,,,WON,
2025-11-30T13:00:00+00:00,Regionalliga - SudWest,SV Sandhausen,Stuttgarter Kickers,Over/Under Goals,Under 3.5,1.53,,,WON,
2025-11-30T13:00:00+00:00,Second League,Kom,Otrant-Olympic,Team Total Goals,Over 0.5,1.23,,,LOST,
2025-11-30T13:00:00+00:00,Segunda Division,Zaragoza,Leganes,Double Chance,Home/Draw,1.4,,,WON,
2025-11-30T13:00:00+00:00,Super League 2,Iraklis 1908,Kampaniakos Chalastra,Over/Under Goals,Under 3.5,2.0,,,LOST,
2025-11-30T13:00:00+00:00,Super League 2,Panargiakos,Panionios,Over/Under Goals,Under 3.5,1.25,,,WON,
2025-11-30T13:00:00+00:00,Super League,Green Eagles,Green Buffaloes,Double Chance,Home/Draw,1.22,,,WON,
2025-11-30T13:00:00+00:00,Super League,Melaka,Kuala Lumpur FA,1X2 / Match Winner,Away,1.42,,,WON,
2025-11-30T13:00:00+00:00,Super League,Mutondo Stars,Mufulira Wanderers,Over/Under Goals,Under 2.5,1.3,,,WON,
2025-11-30T13:00:00+00:00,Super League,Nkana,NAPSA Stars,BTTS,No,1.4,,,WON,
2025-11-30T13:00:00+00:00,Super League,Nkwazi,Nchanga Rangers,BTTS,No,1.55,,,WON,
2025-11-30T13:00:00+00:00,Super League,Servette FC,BSC Young Boys,Over/Under Goals,Over 1.5,1.18,,,WON,
2025-11-30T13:00:00+00:00,Superligaen,Aarhus,FC Copenhagen,Over/Under Goals,Over 1.5,1.25,,,WON,
2025-11-30T13:00:00+00:00,Superligaen,Silkeborg,Randers FC,Over/Under Goals,Under 3.5,1.48,,,WON,
2025-11-30T13:00:00+00:00,TFF 1. Lig,BB Bodrumspor,Yeni Çorumspor,Team Total Goals,Over 0.5,1.17,,,WON,
2025-11-30T13:30:00+00:00,Derde Divisie - Sunday,Meerssen,GOES,Asian Handicap,Home +1.25,1.48,,,WON,
2025-11-30T13:30:00+00:00,Eredivisie,GO Ahead Eagles,Utrecht,Over/Under Goals,Over 1.5,1.2,,,WON,
2025-11-30T13:30:00+00:00,Eredivisie,Telstar,Feyenoord,Over/Under Goals,Over 2.5,1.45,,,WON,
2025-11-30T13:30:00+00:00,First Amateur Division,Diegem Sport,Tienen,Over/Under Goals,Over 1.5,1.2,,,WON,
2025-11-30T13:30:00+00:00,First Amateur Division,Habay-la-Neuve,Rochefort,Double Chance,Home/Draw,1.18,,,LOST,
2025-11-30T13:30:00+00:00,First Amateur Division,Standard Liège II,Tubize,1X2 / Match Winner,Away,1.52,,,WON,
2025-11-30T13:30:00+00:00,First Amateur Division,Union Namur,Crossing Schaerbeek,Over/Under Goals,Over 1.5,1.19,,,WON,
2025-11-30T13:30:00+00:00,I Liga,Wieczysta Kraków,Slask Wroclaw,Over/Under Goals,Over 1.5,1.2,,,WON,
2025-11-30T13:30:00+00:00,Premier League,Akhmat,Dynamo,Over/Under Goals,Over 1.5,1.24,,,WON,
2025-11-30T13:30:00+00:00,Premier League,Epitsentr Dunayivtsi,Metalist 1925 Kharkiv,Over/Under Goals,Under 3.5,1.25,,,WON,
2025-11-30T13:30:00+00:00,Premier League,FC Rostov,Lokomotiv,Over/Under Goals,Under 3.5,1.21,,,LOST,
2025-11-30T13:30:00+00:00,Premier Soccer League,Marumo Gallants,Magesi,Double Chance,Draw/Away,1.6,,,WON,
2025-11-30T13:30:00+00:00,Second League,Iskra,Rudar,Over/Under Goals,Under 2.5,1.7,,,WON,
2025-11-30T13:30:00+00:00,Serie C - Girone A,Inter U23,PRO Vercelli,Team Total Goals,Under 2.5,1.17,,,WON,
2025-11-30T13:30:00+00:00,Serie C - Girone A,Vicenza Virtus,Lecco,Over/Under Goals,Under 3.5,1.25,,,WON,
2025-11-30T13:30:00+00:00,Serie C - Girone B,Arezzo,Sambenedettese,Over/Under Goals,Under 3.5,1.28,,,WON,
2025-11-30T13:30:00+00:00,Serie C - Girone C,Atalanta II,Siracusa,Over/Under Goals,Over 1.5,1.2,,,WON,
2025-11-30T13:30:00+00:00,Serie C - Girone C,Trapani 1905,SS Monopoli,Over/Under Goals,Under 3.5,1.22,,,WON,
2025-11-30T13:30:00+00:00,Serie D - Girone A,Città di Varese,Celle Varazze,Double Chance,Home/Draw,1.17,,,WON,
2025-11-30T13:30:00+00:00,Serie D - Girone A,Gozzano,Valenzana,Double Chance,Home/Draw,1.15,,,LOST,
2025-11-30T13:30:00+00:00,Serie D - Girone A,Ligorna,Chisola,Over/Under Goals,Under 3.5,1.22,,,LOST,
2025-11-30T13:30:00+00:00,Serie D - Girone A,Saluzzo,Asti,Over/Under Goals,Under 3.5,1.22,,,WON,
2025-11-30T13:30:00+00:00,Serie D - Girone A,Vado,Lavagnese,Over/Under Goals,Under 3.5,1.25,,,WON,
2025-11-30T13:30:00+00:00,Serie D - Girone B,Breno,Real Calepina,Double Chance,Draw/Away,1.61,,,LOST,
2025-11-30T13:30:00+00:00,Serie D - Girone B,Chievo,Varesina,Over/Under Goals,Under 3.5,1.32,,,WON,
2025-11-30T13:30:00+00:00,Serie D - Girone B,Leon Monza e Brianza,Castellanzese,Asian Handicap,Home +0.25,1.46,,,WON,
2025-11-30T13:30:00+00:00,Serie D - Girone B,Milan II,Brusaporto,Over/Under Goals,Under 3.5,1.28,,,WON,
2025-11-30T13:30:00+00:00,Serie D - Girone B,Oltrepò,Folgore Caratese,Over/Under Goals,Under 3.5,1.34,,,WON,
2025-11-30T13:30:00+00:00,Serie D - Girone B,Scanzorosciate,Pavia,Over/Under Goals,Under 3.5,1.22,,,LOST,
2025-11-30T13:30:00+00:00,Serie D - Girone B,USD Casatese,Vogherese,Over/Under Goals,Under 3.5,1.22,,,LOST,
2025-11-30T13:30:00+00:00,Serie D - Girone B,Virtus Ciserano Bergamo,Villa Valle,Over/Under Goals,Under 3.5,1.34,,,WON,
2025-11-30T13:30:00+00:00,Serie D - Girone C,Adriese,Calvi Noale,Over/Under Goals,Under 3.5,1.32,,,WON,
2025-11-30T13:30:00+00:00,Serie D - Girone C,Este,Legnago Salus,Double Chance,Draw/Away,1.5,,,LOST,
2025-11-30T13:30:00+00:00,Serie D - Girone C,FC Obermais,Cjarlins Muzane,Over/Under Goals,Under 3.5,1.28,,,WON,
2025-11-30T13:30:00+00:00,Serie D - Girone C,Mestre,Luparense,Over/Under Goals,Under 3.5,1.22,,,WON,
2025-11-30T13:30:00+00:00,Serie D - Girone C,Vigasio,Clodiense,Over/Under Goals,Under 3.5,1.28,,,WON,
2025-11-30T13:30:00+00:00,Serie D - Girone D,Imolese,Coriano,Double Chance,Home/Draw,1.21,,,WON,
2025-11-30T13:30:00+00:00,Serie D - Girone D,Pistoiese,Pro Sesto,Double Chance,Draw/Away,1.67,,,WON,
2025-11-30T13:30:00+00:00,Serie D - Girone D,Pro Palazzolo,Trevigliese,Over/Under Goals,Under 2.5,2.01,,,LOST,
2025-11-30T13:30:00+00:00,Serie D - Girone D,Rovato Vertovese,Cittadella Vis Modena,Double Chance,Draw/Away,1.4,,,WON,
2025-11-30T13:30:00+00:00,Serie D - Girone D,Sangiuliano City,Crema,Asian Handicap,Home +0.25,1.54,,,WON,
2025-11-30T13:30:00+00:00,Serie D - Girone D,Tuttocuoio,Lentigione,1X2 / Match Winner,Away,1.67,,,WON,
2025-11-30T13:30:00+00:00,Serie D - Girone E,Cannara,Tau Altopascio,Over/Under Goals,Under 3.5,1.26,,,WON,
2025-11-30T13:30:00+00:00,Serie D - Girone E,Robur Siena,Seravezza,Double Chance,Draw/Away,1.46,,,WON,
2025-11-30T13:30:00+00:00,Serie D - Girone E,Sansepolcro,Grosseto,Over/Under Goals,Under 3.5,1.29,,,WON,
2025-11-30T13:30:00+00:00,Serie D - Girone E,Scandicci,Orvietana Calcio,Over/Under Goals,Under 3.5,1.26,,,WON,
2025-11-30T13:30:00+00:00,Serie D - Girone F,Ancona,Fossombrone,Over/Under Goals,Under 3.5,1.25,,,WON,
2025-11-30T13:30:00+00:00,Serie D - Girone F,Recanatese,Maceratese,1X2 / Match Winner,Draw,3.15,,,WON,
2025-11-30T13:30:00+00:00,Serie D - Girone G,Albalonga,Flaminia,Team Total Goals,Under 2.5,1.3,,,LOST,
2025-11-30T13:30:00+00:00,Serie D - Girone G,Anzio,Ischia,Over/Under Goals,Under 3.5,1.31,,,WON,
2025-11-30T13:30:00+00:00,Serie D - Girone G,Budoni,Sarrabus Ogliastra,Asian Handicap,Home +0.25,1.46,,,WON,
2025-11-30T13:30:00+00:00,Serie D - Girone G,Montespaccato,Valmontone,Asian Handicap,Home +0.25,1.66,,,LOST,
2025-11-30T13:30:00+00:00,Serie D - Girone G,Nocerina,Atletico Lodigiani,Over/Under Goals,Under 3.5,1.38,,,WON,
2025-11-30T13:30:00+00:00,Serie D - Girone H,Afragolese,Paganese,Over/Under Goals,Under 2.5,1.7,,,WON,
2025-11-30T13:30:00+00:00,Serie D - Girone H,Nola 1925,Manfredonia,Team Total Goals,Under 2.5,1.21,,,WON,
2025-11-30T13:30:00+00:00,Serie D - Girone I,Gelbison,Sancataldese,Asian Handicap,Away -1.25,1.46,,,WON,
2025-11-30T13:30:00+00:00,Serie D - Girone I,Vibonese,Igea Virtus,Over/Under Goals,Under 3.5,1.22,,,WON,
2025-11-30T13:30:00+00:00,Tipp3 Bundesliga,SCR Altach,Red Bull Salzburg,Team Total Goals,Over 0.5,1.2,,,WON,
2025-11-30T13:30:00+00:00,Tipp3 Bundesliga,TSV Hartberg,Sturm Graz,Team Total Goals,Over 0.5,1.4,,,LOST,
2025-11-30T13:45:00+00:00,Ekstraklasa,Arka Gdynia,Raków Częstochowa,Over/Under Goals,Over 1.5,1.38,,,WON,
2025-11-30T14:00:00+00:00,1. Division,AC Horsens,Aalborg,Asian Handicap,Home +0,1.53,,,WON,
2025-11-30T14:00:00+00:00,1. Division,Kolding IF,Aarhus Fremad,Team Total Goals,Over 0.5,1.2,,,WON,
2025-11-30T14:00:00+00:00,1. SNL,NK Domzale,Bravo,Over/Under Goals,Under 3.5,1.45,,,WON,
2025-11-30T14:00:00+00:00,Botola 2,Racing de Casablanca,USM Oujda,Double Chance,Home/Draw,1.25,,,LOST,
2025-11-30T14:00:00+00:00,Campionato,Cailungo,Cosmos,Over/Under Goals,Under 3.5,1.57,,,LOST,
2025-11-30T14:00:00+00:00,Campionato,Faetano,San Giovanni,Over/Under Goals,Under 3.5,1.3,,,WON,
2025-11-30T14:00:00+00:00,Campionato,Libertas,Fiorentino,Double Chance,Home/Draw,1.6,,,LOST,
2025-11-30T14:00:00+00:00,Campionato,Murata,Pennarossa,Asian Handicap,Away -1.25,1.44,,,WON,
2025-11-30T14:00:00+00:00,First Amateur Division,Cercle Brugge II,Zelzate,Double Chance,Draw/Away,1.57,,,LOST,
2025-11-30T14:00:00+00:00,First Amateur Division,Knokke,Merelbeke,Over/Under Goals,Under 3.5,1.4,,,WON,
2025-11-30T14:00:00+00:00,First Amateur Division,Oud-Heverlee Leuven II,Thes Sport,Double Chance,Home/Draw,1.44,,,WON,
2025-11-30T14:00:00+00:00,First Amateur Division,Sporting Charleroi II,Stockay-Warfusée,Over/Under Goals,Under 3.5,1.31,,,WON,
2025-11-30T14:00:00+00:00,First Amateur Division,Spouwen-Mopertingen,Ninove,Over/Under Goals,Over 1.5,1.2,,,WON,
2025-11-30T14:00:00+00:00,First League,Arsenal Tula,FK Neftekhimik,1X2 / Match Winner,Draw,3.32,,,WON,
2025-11-30T14:00:00+00:00,First League,Spartak Kostroma,Torpedo Moskva,1X2 / Match Winner,Draw,3.18,,,LOST,
2025-11-30T14:00:00+00:00,Liga 3,Mafra,Lusitano Évora 1911,1X2 / Match Winner,Draw,3.2,,,WON,
2025-11-30T14:00:00+00:00,Ligue 1,Strasbourg,Stade Brestois 29,Asian Handicap,Home +0,1.4,,,LOST,
2025-11-30T14:00:00+00:00,NB II,Ajka,Vasas,Over/Under Goals,Under 3.5,1.29,,,WON,
2025-11-30T14:00:00+00:00,Premier League Cup,Stoke City U21,Bristol City U21,Team Total Goals,Under 2.5,1.48,,,LOST,
2025-11-30T14:00:00+00:00,Premiership,Rangers,Falkirk,Team Total Goals,Over 0.5,1.62,,,LOST,
2025-11-30T14:00:00+00:00,Premijer Liga,Zrinjski,Posušje,Over/Under Goals,Under 3.5,1.41,,,WON,
2025-11-30T14:00:00+00:00,Prva HNL,NK Lokomotiva Zagreb,HNK Rijeka,Team Total Goals,Over 0.5,1.25,,,WON,
2025-11-30T14:00:00+00:00,Segunda Liga,Portimonense,Maritimo,Over/Under Goals,Under 3.5,1.3,,,WON,
2025-11-30T14:00:00+00:00,Serie A,Pisa,Inter,Team Total Goals,Under 2.5,1.48,,,WON,
2025-11-30T14:00:00+00:00,Serie B,Juve Stabia,Monza,Over/Under Goals,Under 3.5,1.15,,,LOST,
2025-11-30T14:00:00+00:00,Serie D - Girone A,Derthona,Sanremese,Asian Handicap,Home +0.25,1.49,,,LOST,
2025-11-30T14:00:00+00:00,Serie D - Girone I,Sambiase,Enna,Over/Under Goals,Under 3.5,1.24,,,WON,
2025-11-30T14:00:00+00:00,Shield Cup,Al Hussein,Al Salt,Over/Under Goals,Under 3.5,1.2,,,WON,
2025-11-30T14:00:00+00:00,Super Lig,Antalyaspor,Goztepe,Over/Under Goals,Under 3.5,1.22,,,WON,
2025-11-30T14:05:00+00:00,Premier League,Aston Villa,Wolves,Over/Under Goals,Over 1.5,1.25,,,LOST,
2025-11-30T14:05:00+00:00,Premier League,Nottingham Forest,Brighton,Over/Under Goals,Under 3.5,1.33,,,WON,
2025-11-30T14:05:00+00:00,Premier League,West Ham,Liverpool,Over/Under Goals,Over 1.5,1.17,,,WON,
2025-11-30T14:30:00+00:00,Bundesliga 1,Hamburger SV,VfB Stuttgart,Team Total Goals,Over 0.5,1.15,,,WON,
2025-11-30T14:30:00+00:00,Czech Liga,Plzen,Mlada Boleslav,BTTS,Yes,1.6,,,WON,
2025-11-30T14:30:00+00:00,Czech Liga,Slovan Liberec,Sigma Olomouc,Over/Under Goals,Under 3.5,1.25,,,WON,
2025-11-30T14:30:00+00:00,Super Liga,Slovan Bratislava,Zemplín Michalovce,BTTS,Yes,1.57,,,WON,
2025-11-30T15:00:00+00:00,1. Division,Krasava Ypsonas,Pafos,Over/Under Goals,Under 3.5,1.44,,,LOST,
2025-11-30T15:00:00+00:00,1a Divisió,Penya Encarnada,FC Santa Coloma,Team Total Goals,Under 2.5,1.51,,,LOST,
2025-11-30T15:00:00+00:00,Campeonato de Portugal Prio - Group A,Brito,Vilaverdense,Over/Under Goals,Under 2.5,1.53,,,WON,
2025-11-30T15:00:00+00:00,Campeonato de Portugal Prio - Group A,Tirsense,Mirandela,Over/Under Goals,Under 2.5,1.62,,,LOST,
2025-11-30T15:00:00+00:00,Challenger Pro League,KRC Genk II,Olympic Charleroi,Over/Under Goals,Under 3.5,1.48,,,LOST,
2025-11-30T15:00:00+00:00,Challenger Pro League,Seraing United,Club Brugge II,Over/Under Goals,Over 1.5,1.22,,,LOST,
2025-11-30T15:00:00+00:00,Cup,Enppi,El Mokawloon,Over/Under Goals,Under 2.5,1.33,,,WON,
2025-11-30T15:00:00+00:00,Erovnuli Liga,Dinamo Tbilisi,Torpedo Kutaisi,Double Chance,Draw/Away,1.49,,,WON,
2025-11-30T15:00:00+00:00,First League,Fakel,Chelyabinsk,Over/Under Goals,Under 2.5,1.46,,,WON,
2025-11-30T15:00:00+00:00,Jupiler Pro League,Genk,OH Leuven,Team Total Goals,Over 0.5,1.55,,,WON,
2025-11-30T15:00:00+00:00,Premier League,Mebrat Hayl,Adama Kenema,BTTS,No,1.57,,,WON,
2025-11-30T15:00:00+00:00,Premiership,Livingston,Aberdeen,Over/Under Goals,Over 1.5,1.33,,,LOST,
2025-11-30T15:00:00+00:00,Segunda División RFEF - Group 2,Ejea,Amorebieta,Over/Under Goals,Under 3.5,1.15,,,WON,
2025-11-30T15:00:00+00:00,Serie D - Girone H,Fidelis Andria,Virtus Francavilla,Over/Under Goals,Under 3.5,1.22,,,WON,
2025-11-30T15:00:00+00:00,Super League 1,Atromitos,Asteras Tripolis,Double Chance,Draw/Away,1.62,,,WON,
2025-11-30T15:00:00+00:00,Super League 1,Panetolikos,Olympiakos Piraeus,Over/Under Goals,Over 1.5,1.18,,,LOST,
2025-11-30T15:00:00+00:00,Super Liga,TSC Backa Topola,Radnik Surdulica,1X2 / Match Winner,Draw,3.4,,,LOST,
2025-11-30T15:00:00+00:00,Superligaen,FC Midtjylland,FC Nordsjaelland,Asian Handicap,Away -1.25,1.68,,,LOST,
2025-11-30T15:15:00+00:00,La Liga,Sevilla,Real Betis,Over/Under Goals,Over 1.5,1.3,,,WON,
2025-11-30T15:15:00+00:00,Segunda Division,Racing Santander,Eibar,Over/Under Goals,Over 1.5,1.28,,,WON,
2025-11-30T15:30:00+00:00,3. Liga,Verl,VfL Osnabrück,Over/Under Goals,Under 3.5,1.42,,,LOST,
2025-11-30T15:30:00+00:00,Challenge League,Melita,Pietà Hotspurs,Over/Under Goals,Over 1.5,1.19,,,WON,
2025-11-30T15:30:00+00:00,First League,Levski Sofia,Septemvri Sofia,Over/Under Goals,Under 3.5,1.6,,,LOST,
2025-11-30T15:30:00+00:00,Liga I,Unirea Slobozia,FC Botosani,Over/Under Goals,Under 3.5,1.25,,,WON,
2025-11-30T15:30:00+00:00,Primeira Liga,Rio Ave,Santa Clara,Over/Under Goals,Over 1.5,1.48,,,WON,
2025-11-30T15:30:00+00:00,Segunda Liga,Sporting CP B,Farense,Over/Under Goals,Under 3.5,1.25,,,LOST,
2025-11-30T15:30:00+00:00,Segunda Liga,União de Leiria,Benfica B,Over/Under Goals,Over 1.5,1.28,,,WON,
2025-11-30T15:30:00+00:00,Super League,FC Basel 1893,FC ST. Gallen,1X2 / Match Winner,Draw,4.33,,,WON,
2025-11-30T15:30:00+00:00,Super League,Lausanne,FC Thun,Over/Under Goals,Under 3.5,1.6,,,WON,
2025-11-30T15:45:00+00:00,Eerste Divisie,De Graafschap,FC Eindhoven,Over/Under Goals,Over 2.5,1.38,,,LOST,
2025-11-30T15:45:00+00:00,Eredivisie,Twente,AZ Alkmaar,Over/Under Goals,Over 2.5,1.62,,,LOST,
2025-11-30T16:00:00+00:00,CAF Confederation Cup,San-Pédro,Djoliba,Over/Under Goals,Under 2.5,1.55,,,WON,
2025-11-30T16:00:00+00:00,CAF Confederation Cup,Singida Black Stars,Stellenbosch,Over/Under Goals,Under 2.5,1.7,,,WON,
2025-11-30T16:00:00+00:00,Eliteserien,Bodo/Glimt,Fredrikstad,Over/Under Goals,Under 3.5,2.05,,,LOST,
2025-11-30T16:00:00+00:00,Eliteserien,Brann,Ham-Kam,Over/Under Goals,Over 1.5,1.15,,,WON,
2025-11-30T16:00:00+00:00,Eliteserien,Haugesund,Bryne,BTTS,Yes,1.62,,,WON,
2025-11-30T16:00:00+00:00,Eliteserien,Kristiansund BK,Tromso,Double Chance,Draw/Away,1.17,,,WON,
2025-11-30T16:00:00+00:00,Eliteserien,Rosenborg,Stromsgodset,Double Chance,Home/Draw,1.17,,,WON,
2025-11-30T16:00:00+00:00,Eliteserien,Sandefjord,KFUM Oslo,Over/Under Goals,Over 1.5,1.25,,,WON,
2025-11-30T16:00:00+00:00,Eliteserien,Sarpsborg 08 FF,Molde,Double Chance,Draw/Away,1.45,,,LOST,
2025-11-30T16:00:00+00:00,Eliteserien,Viking,Valerenga,Over/Under Goals,Over 2.5,1.28,,,WON,
2025-11-30T16:00:00+00:00,Liga 3,1º Dezembro,SC Covilha,Over/Under Goals,Under 2.5,1.57,,,WON,
2025-11-30T16:00:00+00:00,NB II,Bekescsaba 1912,Mezokovesd-zsory,Double Chance,Draw/Away,1.28,,,WON,
2025-11-30T16:00:00+00:00,NB II,Budapest Honved,BVSC,Over/Under Goals,Under 3.5,1.18,,,WON,
2025-11-30T16:00:00+00:00,NB II,Csakvar,Szeged 2011,Over/Under Goals,Under 3.5,1.2,,,WON,
2025-11-30T16:00:00+00:00,NB II,Kecskeméti TE,Soroksar,1X2 / Match Winner,Draw,3.75,,,LOST,
2025-11-30T16:00:00+00:00,Premier League,Nouakchott King's,Inter Nouakchott,Asian Handicap,Home +0.25,1.16,,,WON,
2025-11-30T16:00:00+00:00,Premier League,Polessya,Zorya Luhansk,Over/Under Goals,Under 3.5,1.22,,,WON,
2025-11-30T16:00:00+00:00,Premier League,Tevragh-Zeïne,Kaédi,Asian Handicap,Away -1.25,1.38,,,WON,
2025-11-30T16:00:00+00:00,Premier League,Zenit,Rubin,Over/Under Goals,Under 3.5,1.32,,,WON,
2025-11-30T16:00:00+00:00,Segunda División RFEF - Group 1,Bergantiños,Real Oviedo II,Over/Under Goals,Under 2.5,1.57,,,LOST,
2025-11-30T16:00:00+00:00,Segunda División RFEF - Group 1,Gimnástica Segoviana,Atlético Astorga,Over/Under Goals,Under 3.5,1.2,,,WON,
2025-11-30T16:00:00+00:00,Segunda División RFEF - Group 1,Marino de Luanco,Real Ávila,Double Chance,Draw/Away,1.44,,,LOST,
2025-11-30T16:00:00+00:00,Segunda División RFEF - Group 1,Salamanca UDS,Burgos Promesas,Over/Under Goals,Under 3.5,1.22,,,LOST,
2025-11-30T16:00:00+00:00,Segunda División RFEF - Group 1,Sarriana,Deportivo La Coruña II,Over/Under Goals,Under 3.5,1.21,,,WON,
2025-11-30T16:00:00+00:00,Segunda División RFEF - Group 2,UD Logroñés,Gernika,Over/Under Goals,Under 2.5,1.65,,,LOST,
2025-11-30T16:00:00+00:00,Segunda División RFEF - Group 3,Olot,Castellón II,Over/Under Goals,Under 3.5,1.29,,,WON,
2025-11-30T16:00:00+00:00,Segunda División RFEF - Group 3,Terrassa,Alcoyano,Over/Under Goals,Under 3.5,1.16,,,WON,
2025-11-30T16:00:00+00:00,Segunda División RFEF - Group 5,Orihuela,RSD Alcalá,Over/Under Goals,Over 1.5,1.4,,,LOST,
2025-11-30T16:00:00+00:00,Tipp3 Bundesliga,Lask Linz,Rapid Vienna,Over/Under Goals,Under 3.5,1.36,,,WON,
2025-11-30T16:15:00+00:00,Ligue 1,Angers,Lens,Over/Under Goals,Over 1.5,1.28,,,WON,
2025-11-30T16:15:00+00:00,Ligue 1,Le Havre,Lille,Over/Under Goals,Under 3.5,1.33,,,WON,
2025-11-30T16:15:00+00:00,Ligue 1,Lorient,Nice,Over/Under Goals,Over 1.5,1.28,,,WON,
2025-11-30T16:15:00+00:00,Serie B,Spezia,Sampdoria,Over/Under Goals,Over 1.5,1.45,,,LOST,
2025-11-30T16:30:00+00:00,1. SNL,Celje,Koper,Over/Under Goals,Under 3.5,1.65,,,WON,
2025-11-30T16:30:00+00:00,Bundesliga 1,Eintracht Frankfurt,VfL Wolfsburg,1X2 / Match Winner,Home,1.68,,,LOST,
2025-11-30T16:30:00+00:00,Ekstraklasa,Zaglebie Lubin,Jagiellonia,Over/Under Goals,Over 1.5,1.22,,,LOST,
2025-11-30T16:30:00+00:00,Ligue 1,AS Camberene,AJEL,Double Chance,Draw/Away,1.3,,,WON,
2025-11-30T16:30:00+00:00,Ligue 1,Guédiawaye,Sonacos,Asian Handicap,Home +0.25,1.52,,,LOST,
2025-11-30T16:30:00+00:00,Ligue 1,HLM,Ouakam,BTTS,No,1.44,,,WON,
2025-11-30T16:30:00+00:00,Ligue 1,Teungueth,Pikine,Double Chance,Draw/Away,1.4,,,WON,
2025-11-30T16:30:00+00:00,Premier League,Chelsea,Arsenal,Over/Under Goals,Over 1.5,1.3,,,WON,
2025-11-30T16:30:00+00:00,Segunda División RFEF - Group 2,Sestao River,SD Logroñés,Over/Under Goals,Under 2.5,1.5,,,WON,
2025-11-30T16:30:00+00:00,Serie C - Girone A,Dolomiti Bellunesi,Giana Erminio,Double Chance,Draw/Away,1.5,,,WON,
2025-11-30T16:30:00+00:00,Serie C - Girone B,Campobasso FC,Pianese,Over/Under Goals,Under 3.5,1.22,,,WON,
2025-11-30T16:30:00+00:00,Serie C - Girone B,Pontedera,Athletic Carpi,Over/Under Goals,Under 3.5,1.2,,,WON,
2025-11-30T16:30:00+00:00,Serie C - Girone B,Ternana,Guidonia Montecelio 1937,Over/Under Goals,Under 3.5,1.2,,,WON,
2025-11-30T16:30:00+00:00,Serie C - Girone C,Foggia,Cosenza,Over/Under Goals,Under 3.5,1.25,,,WON,
2025-11-30T17:00:00+00:00,1. Division,AEL,Apollon Limassol,Team Total Goals,Under 2.5,1.17,,,WON,
2025-11-30T17:00:00+00:00,Primera División,CS Cartagines,LD Alajuelense,Over/Under Goals,Under 3.5,1.18,,,WON,
2025-11-30T17:00:00+00:00,Segunda División RFEF - Group 4,Xerez,Real Jaén,Double Chance,Home/Draw,1.18,,,WON,
2025-11-30T17:00:00+00:00,Serie A,Atalanta,Fiorentina,Over/Under Goals,Under 3.5,1.33,,,WON,
2025-11-30T17:00:00+00:00,Shield Cup,Al Jazeera,Al Wihdat,Over/Under Goals,Over 1.5,1.5,,,LOST,
2025-11-30T17:00:00+00:00,Super League 1,Levadiakos,PAOK,Over/Under Goals,Over 1.5,1.3,,,WON,
2025-11-30T17:00:00+00:00,Super Lig,Fatih Karagümrük,Besiktas,Double Chance,Draw/Away,1.17,,,WON,
2025-11-30T17:00:00+00:00,Super Liga,Podbrezová,Žilina,Over/Under Goals,Over 1.5,1.15,,,WON,
2025-11-30T17:00:00+00:00,Superligaen,Odense,Vejle,Over/Under Goals,Over 1.5,1.22,,,WON,
2025-11-30T17:30:00+00:00,Czech Liga,Sparta Praha,Pardubice,Over/Under Goals,Over 1.5,1.15,,,WON,
2025-11-30T17:30:00+00:00,Jupiler Pro League,Anderlecht,Union St. Gilloise,Over/Under Goals,Under 3.5,1.33,,,WON,
2025-11-30T17:30:00+00:00,La Liga,Celta Vigo,Espanyol,Team Total Goals,Over 0.5,1.42,,,WON,
2025-11-30T17:30:00+00:00,Segunda Division,Cordoba,Cadiz,Over/Under Goals,Under 3.5,1.28,,,WON,
2025-11-30T17:30:00+00:00,Segunda Division,Mirandes,Real Sociedad II,Over/Under Goals,Under 3.5,1.22,,,WON,
2025-11-30T17:30:00+00:00,Super Liga,OFK Beograd,FK Crvena Zvezda,Over/Under Goals,Under 3.5,1.8,,,LOST,
2025-11-30T18:00:00+00:00,1a Divisió,Atlètic Club d'Escaldes,Ordino,Over/Under Goals,Under 3.5,1.48,,,WON,
2025-11-30T18:00:00+00:00,Liga 3,Caldas,Amora,Over/Under Goals,Under 3.5,1.18,,,WON,
2025-11-30T18:00:00+00:00,Liga Pro,Aucas,Deportivo Cuenca,Over/Under Goals,Under 3.5,1.28,,,WON,
2025-11-30T18:00:00+00:00,Ligat Ha'al,Ashdod,Maccabi Tel Aviv,Over/Under Goals,Over 1.5,1.16,,,WON,
2025-11-30T18:00:00+00:00,Primeira Liga,Sporting CP,Estrela,Over/Under Goals,Over 1.5,1.15,,,WON,
2025-11-30T18:15:00+00:00,Jupiler Pro League,Gent,St. Truiden,Double Chance,Draw/Away,1.62,,,WON,
2025-11-30T18:30:00+00:00,3. Liga,Stuttgart II,Havelse,Asian Handicap,Away -1.25,1.65,,,WON,
2025-11-30T18:30:00+00:00,Bundesliga 1,SC Freiburg,FSV Mainz 05,Over/Under Goals,Under 3.5,1.3,,,LOST,
2025-11-30T18:30:00+00:00,II Liga - East,Podbeskidzie,Stal Stalowa Wola,Over/Under Goals,Under 3.5,1.44,,,LOST,
2025-11-30T18:30:00+00:00,Liga I,Farul Constanta,FCSB,Over/Under Goals,Over 1.5,1.28,,,WON,
2025-11-30T18:30:00+00:00,Ligat Ha'al,Beitar Jerusalem,Maccabi Netanya,Over/Under Goals,Over 2.5,1.42,,,WON,
2025-11-30T18:30:00+00:00,NB I,Puskas Academy,Ferencvarosi TC,Over/Under Goals,Over 1.5,1.25,,,WON,
2025-11-30T19:00:00+00:00,Eredivisie,Ajax,Groningen,Over/Under Goals,Under 3.5,1.48,,,WON,
2025-11-30T19:00:00+00:00,Primera División,Oriente Petrolero,Blooming,Double Chance,Draw/Away,1.62,,,LOST,
2025-11-30T19:00:00+00:00,Serie A,Corinthians,Botafogo,Over/Under Goals,Under 3.5,1.22,,,LOST,
2025-11-30T19:00:00+00:00,Super League 1,Panathinaikos,AEK Athens FC,Over/Under Goals,Under 2.5,1.7,,,LOST,
2025-11-30T19:15:00+00:00,Ekstraklasa,Wisla Plock,Lech Poznan,1X2 / Match Winner,Draw,3.47,,,WON,
2025-11-30T19:15:00+00:00,I Liga,Wisla Krakow,Stal Mielec,Over/Under Goals,Under 3.5,1.77,,,WON,
2025-11-30T19:30:00+00:00,Liga Mayor,Delfines Del Este,Atlético Pantoja,Double Chance,Draw/Away,1.33,,,WON,
2025-11-30T19:30:00+00:00,Liga Mayor,Salcedo,Moca,Over/Under Goals,Under 2.5,1.65,,,LOST,
2025-11-30T19:30:00+00:00,Serie C - Girone C,Latina,Audace Cerignola,Over/Under Goals,Under 3.5,1.2,,,WON,
2025-11-30T19:30:00+00:00,Serie C - Girone C,Potenza,Casarano,Over/Under Goals,Under 3.5,1.33,,,LOST,
2025-11-30T19:45:00+00:00,Ligue 1,Lyon,Nantes,Over/Under Goals,Under 3.5,1.44,,,WON,
2025-11-30T19:45:00+00:00,Serie A,AS Roma,Napoli,Over/Under Goals,Under 3.5,1.2,,,WON,
2025-11-30T20:00:00+00:00,La Liga,Girona,Real Madrid,Over/Under Goals,Under 3.5,1.8,,,WON,
2025-11-30T20:00:00+00:00,Primera Nacional,Deportivo Madryn,Estudiantes de Rio Cuarto,Over/Under Goals,Under 2.5,1.33,,,WON,
2025-11-30T20:00:00+00:00,Segunda Division,Castellón,Las Palmas,Over/Under Goals,Under 3.5,1.28,,,WON,
2025-11-30T20:00:00+00:00,Torneo Federal A,San Martin Formosa,9 de Julio Rafaela,Over/Under Goals,Under 3.5,1.4,,,LOST,
2025-11-30T20:30:00+00:00,Liga Pro,Macara,El Nacional,1X2 / Match Winner,Home,1.62,,,WON,
2025-11-30T20:30:00+00:00,Primeira Liga,FC Porto,Estoril,Team Total Goals,Under 2.5,1.67,,,WON,
2025-11-30T21:00:00+00:00,Division Profesional - Clausura,Atlético Tembetary,Cerro Porteno,Over/Under Goals,Under 2.5,1.8,,,WON,
2025-11-30T21:00:00+00:00,Division Profesional - Clausura,Club Guarani,Sportivo Luqueno,Over/Under Goals,Under 3.5,1.36,,,WON,
2025-11-30T21:00:00+00:00,Liga Nacional,Achuapa,Guastatoya,Over/Under Goals,Under 3.5,1.17,,,WON,
2025-11-30T21:00:00+00:00,Liga Nacional,Aurora,Mixco,Over/Under Goals,Under 3.5,1.17,,,WON,
2025-11-30T21:00:00+00:00,Liga Nacional,Cobán Imperial,Mictlán,Over/Under Goals,Under 3.5,1.27,,,WON,
2025-11-30T21:00:00+00:00,Liga Nacional,Comunicaciones,Xelajú,Over/Under Goals,Under 3.5,1.21,,,WON,
2025-11-30T21:00:00+00:00,Liga Nacional,Marquense,Municipal,Over/Under Goals,Under 3.5,1.18,,,WON,
2025-11-30T21:00:00+00:00,Primera Division,Everton de Vina,Deportes Iquique,Over/Under Goals,Under 3.5,1.36,,,WON,
2025-11-30T21:00:00+00:00,Primera Division,Union Espanola,O'Higgins,Double Chance,Home/Draw,1.42,,,LOST,
2025-11-30T21:00:00+00:00,Primera Division,Union La Calera,Deportes Limache,Double Chance,Draw/Away,1.5,,,WON,
2025-11-30T21:15:00+00:00,Primera División,The Strongest,Bolívar,Double Chance,Draw/Away,1.44,,,WON,
2025-11-30T21:15:00+00:00,Torneo Federal A,Atletico DE Rafaela,Douglas Haig,Over/Under Goals,Under 3.5,1.22,,,WON,
2025-11-30T21:30:00+00:00,Primera Division,Boca Juniors,Argentinos JRS,Over/Under Goals,Under 3.5,1.15,,,WON,
2025-11-30T21:30:00+00:00,Serie A,Fortaleza EC,Atletico-MG,Over/Under Goals,Over 1.5,1.42,,,LOST,
2025-11-30T22:00:00+00:00,Primera División,Deportivo Saprissa,Municipal Liberia,Asian Handicap,Away -1.25,1.7,,,LOST,
2025-11-30T23:00:00+00:00,Liga Pro,Delfin SC,Emelec,Over/Under Goals,Under 3.5,1.25,,,WON,
2025-11-30T23:00:00+00:00,Primera División,Puntarenas FC,Sporting San Jose,Over/Under Goals,Under 3.5,1.22,,,WON,
2025-11-30T23:30:00+00:00,Primera A,Junior,Atletico Nacional,Asian Handicap,Away -0.5,1.53,,,LOST,
2025-11-30T23:30:00+00:00,Primera Division,Cobreloa,San Marcos de Arica,Over/Under Goals,Under 3.5,1.33,,,LOST,
2025-11-30T23:30:00+00:00,Primera División,Aurora,Jorge Wilstermann,Over/Under Goals,Over 2.5,1.6,,,LOST,
