date_utc,league,home,away,market,pick,price_at_publish,model_probability,result,grade,snapshot_frozen_at
2026-08-01T00:00:00+00:00,Liga Pro,Libertad,Orense SC,Asian Handicap,Home +0,2.1,0.5909,3-0,WON,2026-07-28T00:33:16.259Z
2026-08-01T01:00:00+00:00,Liga MX Femenil,Cruz Azul W,Atlas W,Team Total Goals,Under 2.5,2.05,0.7473,3-1,LOST,2026-07-28T00:33:16.496Z
2026-08-01T01:00:00+00:00,Liga MX,Puebla,Guadalajara Chivas,Double Chance,Home/Draw,2.1,0.8243,1-1,WON,2026-07-28T00:33:16.417Z
2026-08-01T02:00:00+00:00,MLS Next Pro,Los Angeles FC II,Colorado Rapids II,Over/Under Goals,Under 3.5,1.57,0.5365,3-0,WON,2026-08-01T01:00:00.250Z
2026-08-01T03:00:00+00:00,Liga MX,Atletico San Luis,Club Tijuana,Asian Handicap,Home +0,1.8,0.6375,0-0,WON,2026-07-28T00:33:16.900Z
2026-08-01T04:00:00+00:00,Victoria NPL,Hume City,Melbourne City II,Over/Under Goals,Under 3.5,1.62,0.9194,1-0,WON,2026-07-28T00:33:16.968Z
2026-08-01T04:30:00+00:00,Tasmania NPL,Kingborough Lions,Launceston United,Over/Under Goals,Under 3.5,3.34,0.5645,2-0,WON,2026-07-28T00:33:17.155Z
2026-08-01T04:30:00+00:00,Tasmania NPL,South East Utd.,Riverside,Double Chance,Home/Draw,2.15,0.6660,3-1,WON,2026-07-28T00:33:17.181Z
2026-08-01T04:30:00+00:00,Victoria NPL,Avondale,Heidelberg United,Over/Under Goals,Under 3.5,1.57,0.4921,2-1,WON,2026-07-28T00:33:17.035Z
2026-08-01T05:00:00+00:00,New South Wales NPL,Western Sydney Wanderers U23,UNSW,Over/Under Goals,Under 3.5,1.53,0.4992,2-1,WON,2026-07-28T00:33:17.250Z
2026-08-01T05:00:00+00:00,Victoria NPL 2,North Sunshine Eagles,Brunswick Juventus FC,Over/Under Goals,Under 3.5,1.75,0.4606,0-0,WON,2026-07-28T00:33:17.306Z
2026-08-01T05:15:00+00:00,Queensland NPL,Gold Coast United,Gold Coast Knights,Team Total Goals,Under 2.5,1.5,0.9647,1-0,WON,2026-07-28T00:33:17.498Z
2026-08-01T05:15:00+00:00,Victoria NPL 2,Manningham United Blues,Port Melbourne,Team Total Goals,Under 2.5,1.8,0.7859,0-1,WON,2026-07-28T00:33:17.460Z
2026-08-01T05:30:00+00:00,South Australia NPL,Playford City Patriots,West Torrens Birkalla,Over/Under Goals,Under 3.5,1.83,0.5005,0-1,WON,2026-07-28T00:33:17.593Z
2026-08-01T05:30:00+00:00,South Australia State League 1,Adelaide Blue Eagles,Adelaide Raiders,Over/Under Goals,Under 3.5,1.71,0.5078,1-1,WON,2026-07-28T00:33:17.625Z
2026-08-01T05:30:00+00:00,South Australia State League 1,Fulham United,Eastern United,Over/Under Goals,Under 3.5,1.82,0.6307,1-2,WON,2026-07-28T00:33:17.703Z
2026-08-01T05:30:00+00:00,South Australia State League 1,South Adelaide Panthers,Modbury Jets,Over/Under Goals,Under 3.5,1.98,0.5099,2-3,LOST,2026-07-28T00:33:17.653Z
2026-08-01T06:00:00+00:00,New South Wales NPL,Sutherland Sharks,Wollongong Wolves,Asian Handicap,Home +0,1.58,0.6433,2-1,WON,2026-07-28T00:33:17.732Z
2026-08-01T06:30:00+00:00,Capital Territory NPL,Belconnen United,Cooma Tigers FC,Team Total Goals,Under 2.5,1.83,0.9282,0-1,WON,2026-07-28T00:33:17.793Z
2026-08-01T07:00:00+00:00,New South Wales NPL 2,Hurstville FC,Northern Tigers,Double Chance,Home/Draw,1.67,0.7997,1-3,LOST,2026-07-28T00:33:18.023Z
2026-08-01T07:00:00+00:00,Western Australia NPL,Dianella White Eagle,Stirling Lions,Over/Under Goals,Under 3.5,1.73,0.6883,1-2,WON,2026-07-28T00:33:18.387Z
2026-08-01T07:00:00+00:00,Western Australia NPL,Fremantle City,Perth,Double Chance,Home/Draw,1.59,0.7007,2-2,WON,2026-07-28T00:33:18.325Z
2026-08-01T08:00:00+00:00,Liga II,Bihor Oradea,Unirea Slobozia,Over/Under Goals,Over 2.5,1.93,0.7343,1-1,LOST,2026-07-28T00:33:28.330Z
2026-08-01T08:00:00+00:00,Liga II,Cetatea Suceava,Concordia,Asian Handicap,Home +0,2.3,0.7464,1-3,LOST,2026-07-28T00:33:19.266Z
2026-08-01T08:00:00+00:00,Queensland NPL,Lions,Peninsula Power,Over/Under Goals,Under 3.5,1.83,0.8474,1-0,WON,2026-07-28T00:33:18.837Z
2026-08-01T08:00:00+00:00,Queensland Premier League,Redlands United,Caboolture,Asian Handicap,Home +0,1.88,0.7026,2-2,WON,2026-07-28T00:33:18.740Z
2026-08-01T08:30:00+00:00,Cup,Přepeře,Velké Hamry,Double Chance,Home/Draw,1.95,0.6995,3-0,WON,2026-07-28T00:33:19.438Z
2026-08-01T08:30:00+00:00,Cup,Ústí nad Orlicí,Svitavy,Team Total Goals,Under 2.5,1.7,0.8587,2-1,WON,2026-07-28T00:33:19.475Z
2026-08-01T08:30:00+00:00,New South Wales NPL,St. George Saints,SD Raiders,Over/Under Goals,Under 3.5,1.5,0.4660,2-3,LOST,2026-07-28T00:33:19.394Z
2026-08-01T09:00:00+00:00,Victoria NPL,Dandenong Thunder,Dandenong City,Over/Under Goals,Under 3.5,1.57,0.7270,0-3,WON,2026-07-28T00:33:19.731Z
2026-08-01T09:30:00+00:00,Friendlies Clubs,Moreirense,Amarante,Asian Handicap,Home +0,1.52,0.7292,2-0,WON,2026-07-28T00:33:18.587Z
2026-08-01T09:30:00+00:00,South Australia State League 1,Adelaide Cobras,Adelaide Olympic,Over/Under Goals,Under 3.5,1.56,0.7843,0-2,WON,2026-07-28T00:33:19.858Z
2026-08-01T09:45:00+00:00,Friendlies Clubs,Chelsea,Tottenham,Over/Under Goals,Under 3.5,1.7,0.7884,1-2,WON,2026-07-28T00:33:19.923Z
2026-08-01T10:00:00+00:00,1 Lyga,Garliava,Neptūną Klaipėda,Double Chance,Home/Draw,1.52,0.7418,0-1,LOST,2026-07-28T00:33:20.370Z
2026-08-01T10:00:00+00:00,Division 2 - Norrland,Kubikenborg,Skellefteå,Double Chance,Home/Draw,1.5,0.7201,1-2,LOST,2026-07-28T00:33:20.580Z
2026-08-01T10:00:00+00:00,Division 2 - Södra Svealand,Nacka Iliria,Lindo FF,Over/Under Goals,Under 3.5,1.73,0.7950,1-1,WON,2026-07-28T00:33:20.552Z
2026-08-01T10:00:00+00:00,Friendlies Clubs,FC Tokyo,Borussia Dortmund,Double Chance,Home/Draw,1.83,0.7371,0-1,LOST,2026-07-28T00:33:20.098Z
2026-08-01T10:00:00+00:00,III Liga - Group 2,Grom Nowy Staw,Unia Swarzędz,Double Chance,Home/Draw,1.55,0.7234,2-3,LOST,2026-07-28T00:33:20.468Z
2026-08-01T10:00:00+00:00,III Liga - Group 4,Wisła Kraków II,Star Starachowice,Over/Under Goals,Under 3.5,1.57,0.4744,4-2,LOST,2026-07-28T00:33:20.497Z
2026-08-01T10:30:00+00:00,3. Division - Girone 1,Frigg,Ullern,Over/Under Goals,Under 3.5,2.46,0.5051,2-2,LOST,2026-07-28T00:33:20.913Z
2026-08-01T11:00:00+00:00,1. Liga,Valmiera / BSS,Rīgas FS II,Team Total Goals,Over 0.5,1.65,0.8706,2-1,WON,2026-07-28T00:33:21.744Z
2026-08-01T11:00:00+00:00,2. Division - Group 1,Pors Grenland,Brattvåg,Double Chance,Home/Draw,1.95,0.6636,1-1,WON,2026-07-28T00:33:21.712Z
2026-08-01T11:00:00+00:00,3. Division,Holbæk B&I,Frem,Double Chance,Home/Draw,2.38,0.9785,2-1,WON,2026-07-28T00:33:22.415Z
2026-08-01T11:00:00+00:00,Division 2 - Norra Götaland,Vänersborgs IF,Motala,Double Chance,Home/Draw,1.95,0.6876,3-3,WON,2026-07-28T00:33:22.116Z
2026-08-01T11:00:00+00:00,Division 2 - Norra Svealand,Lidingö,Angby,Over/Under Goals,Under 3.5,1.5,0.8407,2-3,LOST,2026-07-28T00:33:22.266Z
2026-08-01T11:00:00+00:00,Division 2 - Norrland,IFK Luleå,IFK Östersund,Over/Under Goals,Under 3.5,1.65,0.6822,4-3,LOST,2026-07-28T00:33:22.295Z
2026-08-01T11:00:00+00:00,Division 2 - Norrland,Täfteå,Gottne,Asian Handicap,Home +0,1.5,0.8542,3-1,WON,2026-07-28T00:33:22.332Z
2026-08-01T11:00:00+00:00,Division 2 - Södra Svealand,Smedby,Örebro Syrianska,Over/Under Goals,Under 3.5,1.65,0.8911,2-0,WON,2026-07-28T00:33:22.144Z
2026-08-01T11:00:00+00:00,Division 2 - Västra Götaland,Torslanda,Galtabacks,Over/Under Goals,Under 3.5,1.65,0.7691,2-1,WON,2026-08-01T10:00:13.682Z
2026-08-01T11:00:00+00:00,Division 2 - Östra Götaland,Linero,Österlen,Over/Under Goals,Under 3.5,1.66,0.7080,0-2,WON,2026-07-28T00:33:22.172Z
2026-08-01T11:00:00+00:00,Ettan - Södra,Angelholms FF,AFC Malmo,Over/Under Goals,Over 2.5,1.57,0.7444,2-2,WON,2026-07-28T00:33:22.211Z
2026-08-01T11:00:00+00:00,Second League A - Fall Season Silver,Irtysh Omsk,Torpedo Miass,Double Chance,Home/Draw,2.13,0.7160,2-0,WON,2026-07-28T00:33:21.842Z
2026-08-01T11:00:00+00:00,Super League,Tianjin Teda,Yunnan Yukun,Asian Handicap,Home +0,1.85,0.6819,3-2,WON,2026-07-28T00:33:21.189Z
2026-08-01T11:00:00+00:00,Superettan,Ostersunds FK,Osters IF,Over/Under Goals,Over 2.5,1.6,0.7878,1-0,LOST,2026-07-28T00:33:21.452Z
2026-08-01T11:30:00+00:00,Friendlies Clubs,Annagh United,Ballymena United,Over/Under Goals,Over 2.5,1.67,0.7779,2-2,WON,2026-07-28T00:33:22.810Z
2026-08-01T11:35:00+00:00,Super League,Beijing Guoan,Hangzhou Greentown,Team Total Goals,Under 2.5,1.62,0.8221,2-1,WON,2026-07-28T00:33:23.153Z
2026-08-01T12:00:00+00:00,1. Liga,Skanste,Mārupe,Over/Under Goals,Under 3.5,1.55,0.8066,4-2,LOST,2026-07-28T00:33:24.771Z
2026-08-01T12:00:00+00:00,2. Division - Group 2,Skeid,Grorud,Asian Handicap,Home +0,1.9,0.7169,1-5,LOST,2026-07-28T00:33:24.804Z
2026-08-01T12:00:00+00:00,3. Division - Girone 1,Heming,Bærum,Double Chance,Home/Draw,1.6,0.6229,3-1,WON,2026-07-28T00:33:24.561Z
2026-08-01T12:00:00+00:00,3. Division - Girone 3,Askøy,Fyllingsdalen,Over/Under Goals,Under 3.5,2.28,0.6346,1-0,WON,2026-07-28T00:33:24.649Z
2026-08-01T12:00:00+00:00,3. Division,Hørsholm-Usserød,Holstebro,Over/Under Goals,Over 2.5,1.62,0.8002,2-3,WON,2026-07-28T00:33:25.903Z
2026-08-01T12:00:00+00:00,3. Division,Næsby,Sundby,Over/Under Goals,Under 3.5,1.73,0.6984,2-1,WON,2026-07-28T00:33:25.881Z
2026-08-01T12:00:00+00:00,Damallsvenskan,Brommapojkarna W,Djurgården W,Asian Handicap,Home +0,1.7,0.6523,2-1,WON,2026-07-28T00:33:24.492Z
2026-08-01T12:00:00+00:00,Ettan - Norra,Piteå,Gefle IF,Over/Under Goals,Under 3.5,1.57,0.9226,0-2,WON,2026-07-28T00:33:25.820Z
2026-08-01T12:00:00+00:00,Friendlies Clubs,Fortuna Köln,Kickers Offenbach,Over/Under Goals,Under 3.5,1.7,0.7080,3-0,WON,2026-07-28T00:33:23.903Z
2026-08-01T12:00:00+00:00,Friendlies Clubs,Solihull Moors,Northampton,Over/Under Goals,Under 3.5,1.58,0.5276,2-4,LOST,2026-07-28T00:33:23.979Z
2026-08-01T12:00:00+00:00,Regionalliga - Nord,HSC Hannover,Kickers Emden,Double Chance,Home/Draw,2.2,0.6168,4-4,WON,2026-07-28T00:33:25.069Z
2026-08-01T12:00:00+00:00,Regionalliga - West,Schalke 04 II,Paderborn II,Over/Under Goals,Under 3.5,1.5,0.4642,2-3,LOST,2026-07-28T00:33:25.298Z
2026-08-01T12:00:00+00:00,Regionalliga - West,Sportfreunde Lotte,FC Gutersloh,Over/Under Goals,Under 3.5,1.53,0.6923,0-1,WON,2026-07-28T00:33:25.190Z
2026-08-01T12:00:00+00:00,Super League,Chengdu Better City,Wuhan Three Towns,Team Total Goals,Under 2.5,1.77,0.7974,1-1,WON,2026-07-28T00:33:23.246Z
2026-08-01T13:00:00+00:00,2. Division - Group 1,Mjondalen,Notodden,Over/Under Goals,Under 3.5,1.53,0.5446,0-1,WON,2026-07-28T00:33:27.512Z
2026-08-01T13:00:00+00:00,3. Division - Girone 4,Våg,Madla,Double Chance,Home/Draw,1.91,0.7219,2-3,LOST,2026-07-28T00:33:27.655Z
2026-08-01T13:00:00+00:00,3. Division - Girone 6,Fram,Elverum,Over/Under Goals,Under 3.5,1.9,0.3370,1-3,LOST,2026-08-01T12:00:13.551Z
2026-08-01T13:00:00+00:00,3. Division - Girone 6,Sandefjord II,Gjøvik-Lyn,Over/Under Goals,Under 3.5,1.75,0.5004,1-3,LOST,2026-07-28T00:33:27.813Z
2026-08-01T13:00:00+00:00,Damallsvenskan,Kristianstad W,AIK W,Over/Under Goals,Under 3.5,1.5,0.4996,3-0,WON,2026-07-28T00:33:27.221Z
2026-08-01T13:00:00+00:00,Elitettan,Alingsås W,Enskede W,Double Chance,Home/Draw,1.65,0.7266,1-1,WON,2026-07-28T00:33:28.038Z
2026-08-01T13:00:00+00:00,Friendlies Clubs,Manchester United,Atletico Madrid,Asian Handicap,Home +0,1.6,0.8033,2-1,WON,2026-07-28T00:33:26.522Z
2026-08-01T13:00:00+00:00,Friendlies Clubs,Moyola Park,Dungannon Swifts,Over/Under Goals,Under 3.5,1.67,0.5220,0-3,WON,2026-08-01T12:00:02.108Z
2026-08-01T13:00:00+00:00,III Liga - Group 2,Stargard Szczeciński,Wda Świecie,Over/Under Goals,Over 2.5,1.57,0.7592,1-1,LOST,2026-07-28T00:33:28.131Z
2026-08-01T13:00:00+00:00,Kakkonen - Lohko A,HPS,HIFK Helsinki,Double Chance,Home/Draw,1.75,0.7987,5-5,WON,2026-07-28T00:33:27.547Z
2026-08-01T13:00:00+00:00,Premier Soccer League,Orlando Pirates,Milford FC,Team Total Goals,Under 2.5,1.5,0.9586,2-0,WON,2026-07-28T00:33:28.763Z
2026-08-01T13:00:00+00:00,Superettan,Sandviken,GIF Sundsvall,Over/Under Goals,Over 2.5,1.73,0.7950,5-0,WON,2026-07-28T00:33:27.186Z
2026-08-01T13:00:00+00:00,Superettan,Varbergs BoIS FC,Falkenbergs FF,Over/Under Goals,Over 2.5,1.62,0.7940,2-1,WON,2026-07-28T00:33:27.139Z
2026-08-01T13:30:00+00:00,FAW Championship,Afan Lido,Aberystwyth Town,Asian Handicap,Home +0,1.92,0.6170,2-5,LOST,2026-07-28T00:33:29.045Z
2026-08-01T13:30:00+00:00,FAW Championship,Brickfield Rangers,Llanuwchllyn,Double Chance,Home/Draw,1.5,0.7468,5-1,WON,2026-07-28T00:33:29.123Z
2026-08-01T13:30:00+00:00,FAW Championship,Carmarthen Town,Caerau (Ely),Double Chance,Home/Draw,1.65,0.6365,4-3,WON,2026-07-28T00:33:28.993Z
2026-08-01T13:30:00+00:00,FAW Championship,Mold Alexandra,Caersws,Asian Handicap,Home +0,1.6,0.6776,2-2,WON,2026-07-28T00:33:29.151Z
2026-08-01T13:30:00+00:00,FAW Championship,Penrhyncoch,Porthmadog,Asian Handicap,Home +0,1.85,0.6149,1-3,LOST,2026-07-28T00:33:29.098Z
2026-08-01T13:30:00+00:00,FAW Championship,Rhyl,Guilsfield,Over/Under Goals,Under 3.5,1.5,0.6583,1-1,WON,2026-07-28T00:33:27.882Z
2026-08-01T13:30:00+00:00,I Liga,Arka Gdynia,Stal Rzeszów,Over/Under Goals,Under 3.5,1.5,0.4342,4-0,LOST,2026-07-28T00:33:28.863Z
2026-08-01T13:30:00+00:00,Regionalliga - Nord,Bremer SV,Hannover 96 II,Over/Under Goals,Under 3.5,1.53,0.8167,0-3,WON,2026-07-28T00:33:28.966Z
2026-08-01T14:00:00+00:00,2. Division - Group 1,Lysekloster,Bjarg,Double Chance,Home/Draw,1.95,0.6741,0-3,LOST,2026-07-28T00:33:31.893Z
2026-08-01T14:00:00+00:00,Damallsvenskan,Uppsala W,Norrköping W,Double Chance,Home/Draw,2.0,0.6968,0-4,LOST,2026-07-28T00:33:31.607Z
2026-08-01T14:00:00+00:00,Division 2 - Norra Svealand,Korsnäs,Helges,Over/Under Goals,Under 3.5,1.76,0.6391,0-3,WON,2026-07-28T00:33:33.292Z
2026-08-01T14:00:00+00:00,Division 2 - Västra Götaland,Hestrafor,Åstorp,Asian Handicap,Home +0,1.96,0.6387,2-1,WON,2026-07-28T00:33:33.344Z
2026-08-01T14:00:00+00:00,Ettan - Norra,FBK Karlstad,Assyriska FF,Over/Under Goals,Under 3.5,1.53,0.6868,0-2,WON,2026-07-28T00:33:33.091Z
2026-08-01T14:00:00+00:00,Ettan - Norra,Järfälla,Stockholm Internazionale,Double Chance,Home/Draw,2.15,0.6352,0-4,LOST,2026-07-28T00:33:33.120Z
2026-08-01T14:00:00+00:00,Ettan - Södra,Laholm,Trollhättan,Asian Handicap,Home +0,2.0,0.6953,0-1,LOST,2026-07-28T00:33:33.212Z
2026-08-01T14:00:00+00:00,Ettan - Södra,Olympic,Skövde AIK,Over/Under Goals,Under 3.5,1.62,0.5988,3-1,LOST,2026-07-28T00:33:33.182Z
2026-08-01T14:00:00+00:00,Football League - Highland League,Buckie Thistle,Banks O' Dee,Asian Handicap,Home +0,1.83,0.8283,7-2,WON,2026-07-28T00:33:32.550Z
2026-08-01T14:00:00+00:00,Football League - Highland League,Formartine United,Brora Rangers,Double Chance,Home/Draw,1.55,0.7018,1-4,LOST,2026-07-28T00:33:32.522Z
2026-08-01T14:00:00+00:00,Football League - Highland League,Huntly,Clachnacuddin,Asian Handicap,Home +0,2.16,0.8094,1-6,LOST,2026-07-28T00:33:32.716Z
2026-08-01T14:00:00+00:00,Football League - Highland League,Wick Academy,Strathspey Thistle,Over/Under Goals,Under 3.5,1.64,0.8298,0-2,WON,2026-07-28T00:33:32.687Z
2026-08-01T14:00:00+00:00,Friendlies Clubs,Doncaster,Lincoln,Double Chance,Home/Draw,1.55,0.6374,0-1,LOST,2026-07-28T00:33:30.417Z
2026-08-01T14:00:00+00:00,Friendlies Clubs,Forest Green,Swindon Town,Double Chance,Home/Draw,1.69,0.6925,1-4,LOST,2026-07-28T00:33:30.743Z
2026-08-01T14:00:00+00:00,Friendlies Clubs,Harrogate Town,Scarborough Athletic,Over/Under Goals,Under 3.5,1.7,0.6768,2-1,WON,2026-07-28T00:33:30.897Z
2026-08-01T14:00:00+00:00,Friendlies Clubs,Hartlepool,Fleetwood Town,Over/Under Goals,Over 2.5,1.85,0.8563,1-0,LOST,2026-07-28T00:33:30.558Z
2026-08-01T14:00:00+00:00,Friendlies Clubs,Huddersfield,Blackburn,Over/Under Goals,Under 3.5,1.55,0.6985,1-1,WON,2026-07-28T00:33:29.545Z
2026-08-01T14:00:00+00:00,Friendlies Clubs,Middlesbrough,Espanyol,Double Chance,Home/Draw,1.5,0.2981,3-3,WON,2026-08-01T13:00:02.037Z
2026-08-01T14:00:00+00:00,Friendlies Clubs,Morecambe,Barrow,Over/Under Goals,Under 3.5,1.54,0.6769,0-1,WON,2026-07-28T00:33:30.706Z
2026-08-01T14:00:00+00:00,Friendlies Clubs,Slough Town,Wealdstone,Double Chance,Home/Draw,1.67,0.6332,0-2,LOST,2026-07-28T00:33:31Z
2026-08-01T14:00:00+00:00,Friendlies Clubs,Stockport County,Preston,Double Chance,Home/Draw,1.5,0.7089,1-0,WON,2026-07-28T00:33:31.043Z
2026-08-01T14:00:00+00:00,Friendlies Clubs,Sutton Utd,Southampton U21,Over/Under Goals,Under 3.5,1.59,0.4349,3-2,LOST,2026-07-28T00:33:30.867Z
2026-08-01T14:00:00+00:00,III Liga - Group 2,Elana Toruń,Lipno Stęszew,Over/Under Goals,Over 2.5,1.65,0.7789,1-1,LOST,2026-07-28T00:33:32.764Z
2026-08-01T14:00:00+00:00,III Liga - Group 3,Carina Gubin,Miedź Legnica II,Over/Under Goals,Under 3.5,1.52,0.6807,2-1,WON,2026-07-28T00:33:33.730Z
2026-08-01T14:00:00+00:00,Kakkonen - Lohko B,EPS,Honka,Over/Under Goals,Under 3.5,1.77,0.6618,3-2,LOST,2026-07-28T00:33:31.782Z
2026-08-01T14:00:00+00:00,Kakkonen - Lohko B,NJS,P-Iirot,Over/Under Goals,Under 3.5,2.14,0.5977,0-1,WON,2026-07-28T00:33:31.746Z
2026-08-01T14:00:00+00:00,League One,Cove Rangers,Airdrie United,Over/Under Goals,Over 2.5,1.93,0.7799,0-0,LOST,2026-07-28T00:33:33.453Z
2026-08-01T14:00:00+00:00,League One,East Kilbride,Queen of the South,Over/Under Goals,Over 2.5,1.65,0.7884,5-1,WON,2026-07-28T00:33:33.484Z
2026-08-01T14:00:00+00:00,League One,Montrose,Hamilton Academical,Double Chance,Home/Draw,1.6,0.6995,0-5,LOST,2026-07-28T00:33:33.417Z
2026-08-01T14:00:00+00:00,Ykkönen,KPV-j,SalPa,Team Total Goals,Under 2.5,1.8,0.7605,3-0,WON,2026-07-28T00:33:31.703Z
2026-08-01T14:00:00+00:00,Úrvalsdeild,IBV Vestmannaeyjar,Fram Reykjavik,Over/Under Goals,Under 3.5,1.77,0.4401,1-2,WON,2026-07-28T00:33:32.006Z
2026-08-01T14:30:00+00:00,Friendlies Clubs,KV Mechelen,Dunkerque,Over/Under Goals,Under 3.5,1.7,0.6201,0-0,WON,2026-08-01T13:30:01.097Z
2026-08-01T14:30:00+00:00,Super League,Andijan,Pakhtakor,Asian Handicap,Home +0,2.3,0.7456,0-0,WON,2026-07-28T00:33:34.049Z
2026-08-01T15:00:00+00:00,2. liga,Lokomotíva Zvolen,Tatran Prešov,Double Chance,Home/Draw,1.55,0.7511,0-1,LOST,2026-07-28T00:33:35.470Z
2026-08-01T15:00:00+00:00,3. liga - MSFL,Uherský Brod,Vítkovice,Team Total Goals,Under 2.5,1.55,0.9579,4-1,LOST,2026-07-28T00:33:35.837Z
2026-08-01T15:00:00+00:00,Cup,Kolín,Horní Ředice,Over/Under Goals,Under 3.5,1.66,0.8537,0-3,WON,2026-07-28T00:33:34.895Z
2026-08-01T15:00:00+00:00,Cup,Spartak Pribram,Povltava FA,Over/Under Goals,Under 3.5,1.67,0.7846,2-2,LOST,2026-07-28T00:33:35.131Z
2026-08-01T15:00:00+00:00,Cup,Tempo Praha,Loko Vltavín,Over/Under Goals,Under 3.5,1.53,0.8931,2-3,LOST,2026-07-28T00:33:35.050Z
2026-08-01T15:00:00+00:00,Czech Liga,Slovan Liberec,Teplice,Team Total Goals,Over 0.5,1.5,0.8912,0-1,WON,2026-07-28T00:33:34.148Z
2026-08-01T15:00:00+00:00,Czech Liga,Slovácko,Artis,Over/Under Goals,Over 2.5,1.67,0.8317,1-1,LOST,2026-07-28T00:33:34.249Z
2026-08-01T15:00:00+00:00,Division 2 - Södra Svealand,Syrianska FC,Eker Örebro,Over/Under Goals,Under 3.5,1.94,0.7774,4-1,LOST,2026-07-28T00:33:35.735Z
2026-08-01T15:00:00+00:00,III Liga - Group 2,Bałtyk Koszalin,Polonia Środa,Double Chance,Home/Draw,1.63,0.6685,0-3,LOST,2026-07-28T00:33:35.684Z
2026-08-01T15:00:00+00:00,Liga MX U21,Club Leon U21,Pachuca U21,Double Chance,Home/Draw,1.62,0.6565,2-2,WON,2026-07-28T00:33:36.300Z
2026-08-01T15:00:00+00:00,Regionalliga - Ost,Wiener Viktoria,Oberwart,Double Chance,Home/Draw,2.15,0.6942,1-2,LOST,2026-07-30T00:39:37.189Z
2026-08-01T15:00:00+00:00,Second League - Group 3,FK Spartak Tambov,SKA Khabarovsk II,Team Total Goals,Under 2.5,1.56,0.7946,2-0,WON,2026-07-28T00:33:35.502Z
2026-08-01T15:00:00+00:00,Superettan,IFK Norrkoping,Helsingborg,Over/Under Goals,Under 3.5,1.62,0.4887,2-0,WON,2026-07-28T00:33:34.659Z
2026-08-01T15:00:00+00:00,Superettan,IK brage,Landskrona BoIS,Over/Under Goals,Under 3.5,1.55,0.5019,2-1,WON,2026-07-28T00:33:34.690Z
2026-08-01T15:05:00+00:00,III Liga - Group 3,Karkonosze Jelenia Góra,Zaglebie Sosnowiec,Double Chance,Home/Draw,1.52,0.6612,0-0,WON,2026-07-28T00:33:36.377Z
2026-08-01T15:30:00+00:00,Ekstraklasa,Wieczysta Kraków,Lech Poznan,Double Chance,Home/Draw,2.15,0.7938,1-2,LOST,2026-07-28T00:33:36.429Z
2026-08-01T15:30:00+00:00,III Liga - Group 4,Naprzód,Korona Kielce II,Over/Under Goals,Under 3.5,1.54,0.4896,5-4,LOST,2026-07-28T00:33:36.627Z
2026-08-01T15:30:00+00:00,NB II,Gyirmot SE,Kozarmisleny FC,Asian Handicap,Home +1.25,3.28,0.9786,2-1,WON,2026-07-28T00:33:39.552Z
2026-08-01T15:30:00+00:00,Premier League,Dinamo Makhachkala,Lokomotiv,Double Chance,Home/Draw,1.75,0.6172,2-1,WON,2026-07-28T00:33:36.456Z
2026-08-01T15:45:00+00:00,Segunda División,Academia Cantolao,Cesar Vallejo,Double Chance,Home/Draw,1.62,0.7446,1-1,WON,2026-07-28T00:33:36.746Z
2026-08-01T16:00:00+00:00,1. Liga,Leevon / PPK,Rēzekne FA,Over/Under Goals,Under 3.5,2.0,0.7373,2-1,WON,2026-07-28T00:33:38.140Z
2026-08-01T16:00:00+00:00,Challenge League,FC Aarau,Stade Lausanne-Ouchy,Over/Under Goals,Under 3.5,1.78,0.6390,1-1,WON,2026-07-28T00:33:38.362Z
2026-08-01T16:00:00+00:00,David Kipiani Cup,Samgurali,Meshakhte,Team Total Goals,Over 0.5,1.6,0.8475,0-0,LOST,2026-07-28T00:33:38.251Z
2026-08-01T16:00:00+00:00,David Kipiani Cup,Torpedo Kutaisi,Odishi 1919,Over/Under Goals,Under 3.5,1.55,0.6858,4-1,LOST,2026-07-28T00:33:38.189Z
2026-08-01T16:00:00+00:00,Eliteserien,Start,Viking,Over/Under Goals,Under 3.5,1.62,0.5534,0-3,WON,2026-07-28T00:33:36.782Z
2026-08-01T16:00:00+00:00,Esiliiga B,Tulevik,Luunja,Over/Under Goals,Under 3.5,2.8,0.4808,0-0,WON,2026-07-28T00:33:37.897Z
2026-08-01T16:00:00+00:00,First League,Levski Sofia,Septemvri Sofia,Team Total Goals,Under 2.5,1.57,0.7266,3-0,LOST,2026-07-28T00:33:37.742Z
2026-08-01T16:00:00+00:00,II Liga - East,Górnik Łęczna,Avia Świdnik,Over/Under Goals,Over 2.5,1.7,0.8051,0-1,LOST,2026-07-28T00:33:38.301Z
2026-08-01T16:00:00+00:00,II Liga - East,Resovia Rzeszów,Śląsk Wrocław II,Over/Under Goals,Over 2.5,1.65,0.7781,1-5,WON,2026-07-28T00:33:38.327Z
2026-08-01T16:00:00+00:00,III Liga - Group 1,Polonia Lidzbark Warm.,Swit,Double Chance,Home/Draw,1.69,0.7494,1-2,LOST,2026-07-28T00:33:38.569Z
2026-08-01T16:00:00+00:00,III Liga - Group 1,Warta Sieradz,Mławianka Mława,Over/Under Goals,Under 3.5,1.52,0.5120,1-2,WON,2026-07-28T00:33:38.541Z
2026-08-01T16:00:00+00:00,Super League,FC Basel 1893,Lausanne,Over/Under Goals,Under 3.5,1.62,0.9143,0-1,WON,2026-07-28T00:33:36.870Z
2026-08-01T16:00:00+00:00,Super League,FC Zurich,Servette FC,Double Chance,Home/Draw,1.91,0.7927,2-1,WON,2026-07-28T00:33:36.908Z
2026-08-01T16:00:00+00:00,Super Liga,Slovan Bratislava,Podbrezová,Team Total Goals,Under 2.5,1.53,0.9159,3-0,LOST,2026-07-28T00:33:37.793Z
2026-08-01T16:30:00+00:00,1. Liga Promotion,Bellinzona,Bavois,Double Chance,Home/Draw,1.95,0.6285,0-2,LOST,2026-07-28T00:33:39.173Z
2026-08-01T16:30:00+00:00,Premiership,Aberdeen,Heart Of Midlothian,Double Chance,Home/Draw,2.05,0.8110,2-1,WON,2026-07-28T00:33:38.780Z
2026-08-01T17:00:00+00:00,Premier League,Arsenal,FC Minsk,Asian Handicap,Home +0,1.71,0.6219,1-2,LOST,2026-07-28T00:33:39.658Z
2026-08-01T17:30:00+00:00,Tipp3 Bundesliga,Red Bull Salzburg,TSV Hartberg,Team Total Goals,Under 2.5,1.67,0.8884,1-0,WON,2026-07-28T00:33:39.761Z
2026-08-01T18:00:00+00:00,Czech Liga,Plzen,Zbrojovka Brno,Team Total Goals,Under 2.5,1.6,0.7195,1-1,WON,2026-07-28T00:33:40.213Z
2026-08-01T18:00:00+00:00,Premier Soccer League,Kruger United,Kaizer Chiefs,Double Chance,Home/Draw,1.95,0.7402,1-3,LOST,2026-07-28T00:33:41.473Z
2026-08-01T18:00:00+00:00,Primera Division,FC Cajamarca,Sport Huancayo,Over/Under Goals,Over 2.5,1.93,0.7946,0-2,LOST,2026-07-28T00:33:40.135Z
2026-08-01T18:00:00+00:00,Prva Liga,FK Spartak Zdrepceva KRV,OFK Bor 1919,Team Total Goals,Over 0.5,1.6,0.9120,3-0,LOST,2026-07-28T00:33:41.144Z
2026-08-01T18:00:00+00:00,Prva Liga,Jedinstvo Ub,Metalac GM,Team Total Goals,Over 0.5,1.57,0.8191,0-1,WON,2026-07-28T00:33:41.250Z
2026-08-01T18:00:00+00:00,Prva Liga,TSC Backa Topola,OFK Vršac,Over/Under Goals,Over 2.5,1.75,0.7866,1-0,LOST,2026-07-28T00:33:41.185Z
2026-08-01T18:15:00+00:00,1. SNL,Celje,Maribor,Over/Under Goals,Under 3.5,1.62,0.7567,1-1,WON,2026-07-28T00:33:41.545Z
2026-08-01T18:15:00+00:00,First League,Botev Plovdiv,Cherno More Varna,Asian Handicap,Home +0,1.52,0.5775,1-0,WON,2026-07-28T00:33:41.511Z
2026-08-01T18:30:00+00:00,Primera Division,Gimnasia M.,Union Santa Fe,Asian Handicap,Home +0,1.95,0.7405,2-0,WON,2026-07-28T00:33:41.611Z
2026-08-01T19:00:00+00:00,Brasileiro Women,Gremio W,America Mineiro W,Over/Under Goals,Under 3.5,1.57,0.6268,1-0,WON,2026-07-28T00:33:44.245Z
2026-08-01T19:00:00+00:00,Liga de Ascenso,Santa Ana,Aserri FC,Asian Handicap,Home +0,1.58,0.7267,1-0,WON,2026-07-29T00:30:46.707Z
2026-08-01T19:00:00+00:00,Primera A,Deportivo Pasto,Águilas Doradas,Team Total Goals,Over 0.5,1.62,0.8351,1-2,WON,2026-07-28T00:33:42.063Z
2026-08-01T19:00:00+00:00,Primera División,Real Oruro,Independiente Petrolero,Over/Under Goals,Under 3.5,2.05,0.8129,0-3,WON,
2026-08-01T19:15:00+00:00,Super Cup,FC Porto,Torreense,Team Total Goals,Under 2.5,2.8,0.9813,1-0,WON,2026-07-30T00:39:38.344Z
2026-08-01T20:00:00+00:00,CONCACAF U20,Canada U20,Jamaica U20,Over/Under Goals,Over 2.5,1.62,0.8798,2-2,WON,2026-07-28T00:33:42.867Z
2026-08-01T20:30:00+00:00,Segunda División,Trasandino,General Velásquez,Asian Handicap,Home +0,1.53,0.6851,1-0,WON,2026-07-28T00:33:43.087Z
2026-08-01T21:00:00+00:00,Primera Division,Belgrano Cordoba,Argentinos JRS,Over/Under Goals,Over 1.5,1.62,0.8213,0-1,LOST,2026-07-28T00:33:43.150Z
2026-08-01T21:15:00+00:00,Primera División,San Antonio Bulo Bulo,Blooming,Over/Under Goals,Under 3.5,1.65,0.8556,2-0,WON,
2026-08-01T21:30:00+00:00,Division Profesional - Clausura,Cerro Porteno,Sportivo Luqueno,Team Total Goals,Over 0.5,1.67,0.8494,3-0,LOST,2026-07-28T00:33:43.484Z
2026-08-01T21:30:00+00:00,Primera Division,Palestino,Coquimbo Unido,Double Chance,Home/Draw,1.5,0.7380,2-1,WON,2026-07-28T00:33:43.414Z
2026-08-01T22:00:00+00:00,Canadian Premier League,Vancouver FC,Atlético Ottawa,Asian Handicap,Home +0,1.57,0.5829,3-1,WON,2026-07-28T00:33:43.643Z
2026-08-01T23:00:00+00:00,Liga MX Femenil,Juárez W,Pachuca W,Double Chance,Home/Draw,1.53,0.7357,1-0,WON,2026-07-28T00:33:43.940Z
2026-08-01T23:00:00+00:00,Liga MX,Club Queretaro,Tigres UANL,Asian Handicap,Home +0,2.95,0.6237,3-2,WON,2026-07-28T00:33:43.815Z
2026-08-01T23:00:00+00:00,MLS Next Pro,Connecticut FC,Orlando City II,Over/Under Goals,Under 3.5,1.83,0.5521,4-2,LOST,2026-07-28T00:33:43.912Z
2026-08-01T23:00:00+00:00,Primera Division,Cusco,UTC Cajamarca,Over/Under Goals,Over 2.5,1.8,0.7687,4-1,WON,2026-07-28T00:33:43.857Z
2026-08-01T23:00:00+00:00,USL Championship,Miami FC,Detroit City,Double Chance,Home/Draw,1.8,0.6795,2-2,WON,2026-07-28T00:33:43.989Z
2026-08-01T23:30:00+00:00,Major League Soccer,DC United,Nashville SC,Double Chance,Home/Draw,1.6,0.6424,2-2,WON,2026-07-28T00:33:44.560Z
2026-08-01T23:30:00+00:00,Major League Soccer,FC Cincinnati,San Jose Earthquakes,Asian Handicap,Home +0,1.53,0.7245,4-2,WON,2026-07-28T00:33:44.611Z
2026-08-01T23:30:00+00:00,Major League Soccer,Inter Miami,Columbus Crew,Over/Under Goals,Under 3.5,1.85,0.6318,2-2,LOST,2026-07-28T00:33:44.669Z
2026-08-01T23:30:00+00:00,Major League Soccer,New York Red Bulls,Orlando City SC,Over/Under Goals,Under 3.5,2.0,0.5054,3-2,LOST,2026-07-28T00:33:44.429Z
2026-08-01T23:30:00+00:00,Major League Soccer,Philadelphia Union,Atlanta United FC,Over/Under Goals,Under 3.5,1.55,0.6925,3-2,LOST,2026-07-28T00:33:44.388Z
2026-08-01T23:30:00+00:00,USL Championship,Charleston Battery,Brooklyn,Team Total Goals,Under 2.5,1.57,0.8629,5-0,LOST,2026-07-28T00:33:44.762Z
2026-08-02T00:30:00+00:00,Major League Soccer,Chicago Fire,Charlotte,Over/Under Goals,Under 3.5,1.7,0.7394,2-1,WON,2026-07-30T00:39:39.150Z
2026-08-02T00:30:00+00:00,Major League Soccer,Minnesota United FC,San Diego,Over/Under Goals,Under 3.5,1.62,0.7968,1-1,WON,2026-07-30T00:39:39.374Z
2026-08-02T00:30:00+00:00,Major League Soccer,Sporting Kansas City,Houston Dynamo,Over/Under Goals,Over 2.5,1.57,0.7731,0-2,LOST,2026-07-30T00:39:39.215Z
2026-08-02T00:30:00+00:00,Major League Soccer,St. Louis City,Real Salt Lake,Asian Handicap,Home +0,1.6,0.6729,1-1,WON,2026-07-30T00:39:39.461Z
2026-08-02T01:30:00+00:00,Major League Soccer,Colorado Rapids,Austin,Over/Under Goals,Under 3.5,1.55,0.7918,1-0,WON,2026-07-30T00:39:39.827Z
2026-08-02T02:30:00+00:00,Major League Soccer,Los Angeles Galaxy,FC Dallas,Over/Under Goals,Under 3.5,1.62,0.6983,0-0,WON,2026-07-30T00:39:40.127Z
2026-08-02T02:45:00+00:00,Major League Soccer,Portland Timbers,Seattle Sounders,Asian Handicap,Home +0,1.62,0.8591,2-1,WON,2026-07-30T00:39:40.186Z
2026-08-02T03:05:00+00:00,Liga MX,Cruz Azul,Atlante FC,Over/Under Goals,Under 3.5,1.57,0.7465,2-3,LOST,2026-07-30T00:39:40.274Z
2026-08-02T04:30:00+00:00,Queensland NPL,Brisbane Roar II,Moreton City Excelsior,Over/Under Goals,Under 3.5,2.0,0.5493,2-0,WON,2026-08-02T00:39:05.511Z
2026-08-02T04:30:00+00:00,Tasmania NPL,Clarence Zebras,Ulverstone,Over/Under Goals,Under 3.5,2.14,0.7035,1-0,WON,2026-07-30T00:39:40.435Z
2026-08-02T05:00:00+00:00,New South Wales NPL 2,Central Coast II,Inter Lions,Over/Under Goals,Under 3.5,1.61,0.6858,1-4,LOST,2026-07-30T00:39:40.559Z
2026-08-02T05:00:00+00:00,New South Wales NPL,Blacktown City,Sydney FC U23,Over/Under Goals,Under 3.5,1.5,0.7594,4-2,LOST,2026-07-30T00:39:40.469Z
2026-08-02T05:00:00+00:00,New South Wales NPL,Rockdale City Suns,Manly United,Over/Under Goals,Under 3.5,1.62,0.4845,1-1,WON,2026-07-30T00:39:40.531Z
2026-08-02T06:30:00+00:00,Queensland Premier League,St George Willawong,Brisbane Strikers,Over/Under Goals,Under 3.5,1.59,0.7315,0-1,WON,2026-08-02T00:39:05.667Z
2026-08-02T10:00:00+00:00,III Liga - Group 1,Widzew II,Troszyn,Team Total Goals,Under 2.5,1.51,0.8412,5-1,LOST,2026-07-30T00:39:41.228Z
2026-08-02T11:35:00+00:00,Super League,Shenyang Urban,Shanghai Shenhua,Over/Under Goals,Under 3.5,1.7,0.5078,3-1,LOST,2026-07-30T00:39:41.832Z
2026-08-02T12:00:00+00:00,2. Division - Group 1,Træff,jerv,Double Chance,Home/Draw,1.62,0.6698,3-2,WON,2026-08-02T00:39:06.688Z
2026-08-02T12:00:00+00:00,2. Division - Group 2,Follo,Trygg/Lade,Over/Under Goals,Under 3.5,1.65,0.7427,1-2,WON,2026-07-30T00:39:42.868Z
2026-08-02T12:00:00+00:00,Division 2 - Norra Svealand,Bollstanäs,Franke,Asian Handicap,Home +0,1.86,0.7593,1-1,WON,2026-07-29T00:30:45.373Z
2026-08-02T12:00:00+00:00,Superligaen,FC Midtjylland,AC Horsens,Over/Under Goals,Under 3.5,1.6,0.5893,2-1,WON,2026-07-30T00:39:42.008Z
2026-08-02T12:30:00+00:00,Friendlies Clubs,Utrecht,Sevilla,Double Chance,Home/Draw,1.6,0.7709,0-1,LOST,2026-07-30T00:39:42.996Z
2026-08-02T13:00:00+00:00,2. Division - Group 1,Vidar,Eik-Tønsberg,Double Chance,Home/Draw,1.53,0.6475,4-3,WON,2026-08-02T00:39:07.325Z
2026-08-02T13:00:00+00:00,2. Division - Group 2,Kjelsås,Levanger,Over/Under Goals,Under 3.5,1.53,0.4884,4-1,LOST,2026-07-30T00:39:43.894Z
2026-08-02T13:00:00+00:00,Damallsvenskan,Häcken W,Eskilstuna United W,Over/Under Goals,Under 3.5,1.62,0.7564,6-0,LOST,2026-07-30T00:39:43.654Z
2026-08-02T13:00:00+00:00,Division 2 - Södra Svealand,Forward,Nyköping,Over/Under Goals,Under 3.5,1.5,0.8220,1-0,WON,2026-08-02T00:39:07.363Z
2026-08-02T13:00:00+00:00,Ettan - Norra,AFC Eskilstuna,Umeå FC,Asian Handicap,Home +0,1.62,0.6612,1-0,WON,2026-07-29T00:30:45.608Z
2026-08-02T13:00:00+00:00,Friendlies Clubs,Feyenoord,Atalanta,Asian Handicap,Home +0,2.68,0.8359,2-1,WON,2026-07-30T00:39:43.417Z
2026-08-02T13:00:00+00:00,Virsliga,Tukums,FK Liepaja,Over/Under Goals,Under 3.5,1.5,0.8056,2-1,WON,2026-07-30T00:39:43.935Z
2026-08-02T13:30:00+00:00,FAW Championship,Gresford Athletic,Newtown AFC,Over/Under Goals,Under 3.5,1.65,0.8847,0-3,WON,2026-08-02T00:39:07.513Z
2026-08-02T14:00:00+00:00,1. Liga Promotion,Lugano II,Bulle,Over/Under Goals,Under 3.5,1.77,0.4514,1-4,LOST,2026-07-29T00:30:46.180Z
2026-08-02T14:00:00+00:00,2. Division - Group 2,Eidsvold,Junkeren,Over/Under Goals,Under 3.5,1.95,0.5531,4-1,LOST,2026-07-30T00:39:44.703Z
2026-08-02T14:00:00+00:00,2. Division - Group 2,Ull/Kisa,Tromsdalen Uil,Over/Under Goals,Under 3.5,1.85,0.7942,1-2,WON,2026-07-30T00:39:44.671Z
2026-08-02T14:00:00+00:00,Division 2 - Östra Götaland,Lilla Torg,Oskarshamns AIK,Double Chance,Home/Draw,1.93,0.9771,2-3,LOST,2026-07-30T00:39:44.928Z
2026-08-02T14:00:00+00:00,Ettan - Norra,IF Karlstad,Enköping,Over/Under Goals,Under 3.5,1.53,0.4867,2-1,WON,2026-07-29T00:30:45.792Z
2026-08-02T14:00:00+00:00,Ettan - Södra,Rosengård,Jonkopings Sodra,Asian Handicap,Home +0,1.76,0.6603,4-2,WON,2026-07-29T00:30:45.864Z
2026-08-02T14:00:00+00:00,Ettan - Södra,Trelleborg,Lund,Over/Under Goals,Under 3.5,1.5,0.8046,2-2,LOST,2026-07-29T00:30:45.832Z
2026-08-02T14:00:00+00:00,Second League - Group 2,Tver,Cherepovets,Asian Handicap,Home +0,1.7,0.6187,5-0,WON,2026-07-30T00:39:44.912Z
2026-08-02T14:00:00+00:00,Úrvalsdeild,IA Akranes,Vikingur Reykjavik,Over/Under Goals,Under 3.5,2.0,0.4404,2-2,LOST,2026-08-02T00:39:07.748Z
2026-08-02T14:30:00+00:00,Allsvenskan,AIK Stockholm,Orgryte IS,Over/Under Goals,Under 3.5,1.62,0.8550,0-3,WON,2026-08-02T00:39:08.005Z
2026-08-02T15:00:00+00:00,1. Division,Kongsvinger,Strommen,Over/Under Goals,Under 3.5,1.91,0.3661,1-3,LOST,2026-08-02T00:39:08.357Z
2026-08-02T15:00:00+00:00,1. Division,ODD Ballklubb,Asane,Over/Under Goals,Under 3.5,1.83,0.5310,4-1,LOST,2026-08-02T00:39:08.300Z
2026-08-02T15:00:00+00:00,1. Division,Raufoss,Stabaek,Over/Under Goals,Under 3.5,1.83,0.4753,0-2,WON,2026-08-02T00:39:08.492Z
2026-08-02T15:00:00+00:00,Eliteserien,Molde,Sarpsborg 08 FF,Over/Under Goals,Under 3.5,1.7,0.4324,3-3,LOST,2026-07-30T00:39:45.261Z
2026-08-02T15:00:00+00:00,Friendlies Clubs,Parma,Iraklis 1908,Over/Under Goals,Under 3.5,1.57,0.8092,1-1,WON,2026-07-30T00:39:45.525Z
2026-08-02T15:00:00+00:00,Kakkonen - Lohko A,Reipas,PPJ,Over/Under Goals,Under 3.5,2.1,0.3933,2-1,WON,2026-08-02T00:39:08.227Z
2026-08-02T15:00:00+00:00,Liga MX U21,Toluca U21,Necaxa U21,Over/Under Goals,Under 3.5,2.12,0.6248,2-0,WON,2026-07-29T00:30:46.233Z
2026-08-02T15:00:00+00:00,Premier League,FC Noah,Syunik,Team Total Goals,Under 2.5,1.65,0.9231,3-0,LOST,2026-07-30T00:39:45.995Z
2026-08-02T15:00:00+00:00,Super League,Mash'al,Sogdiana,Asian Handicap,Home +0,2.92,0.6157,1-3,LOST,2026-07-30T00:39:46.026Z
2026-08-02T15:00:00+00:00,Virsliga,Riga,Grobiņa,Over/Under Goals,Under 3.5,2.1,0.5913,4-0,LOST,2026-07-30T00:39:45.837Z
2026-08-02T15:30:00+00:00,NB I,Ferencvarosi TC,Vasas,Team Total Goals,Over 0.5,1.53,0.8734,0-0,LOST,2026-07-30T00:39:48.541Z
2026-08-02T15:30:00+00:00,NB I,Gyori ETO FC,Nyiregyhaza,Over/Under Goals,Under 3.5,1.53,0.5488,4-0,LOST,2026-07-30T00:39:46.722Z
2026-08-02T16:00:00+00:00,1. SNL,Radomlje,Bravo,Double Chance,Home/Draw,1.73,0.6472,1-2,LOST,2026-07-30T00:39:46.899Z
2026-08-02T16:00:00+00:00,Division 2 - Västra Götaland,Landvetter IS,Dalstorps,Over/Under Goals,Under 3.5,1.54,0.6661,1-0,WON,2026-07-29T00:30:46.297Z
2026-08-02T17:00:00+00:00,Division 2 - Norra Svealand,Sunnersta,Viggbyholms IK,Over/Under Goals,Under 3.5,1.75,0.5511,2-0,WON,2026-07-29T00:30:46.321Z
2026-08-02T17:00:00+00:00,Premier League,FC Urartu,Pyunik Yerevan,Double Chance,Home/Draw,1.85,0.7122,2-2,WON,2026-07-30T00:39:47.604Z
2026-08-02T17:00:00+00:00,Super Liga,CSF Bălți,Sheriff Tiraspol,Team Total Goals,Under 2.5,2.45,0.7543,1-5,LOST,2026-08-02T00:39:09.761Z
2026-08-02T17:00:00+00:00,Super Liga,Dacia-Buiucani,Zimbru,Double Chance,Home/Draw,2.05,0.7462,0-4,LOST,2026-08-02T00:39:09.710Z
2026-08-02T17:00:00+00:00,Super Liga,Petrocub,Politehnica UTM,Team Total Goals,Under 2.5,1.62,0.8306,3-1,LOST,2026-08-02T00:39:09.668Z
2026-08-02T17:45:00+00:00,Division 1,Khaitan,Al Sulaibikhat,Over/Under Goals,Over 2.5,2.1,,0-1,LOST,
2026-08-02T18:00:00+00:00,First League,Jezero,Mornar,Double Chance,Home/Draw,1.85,0.7632,0-0,WON,2026-07-29T00:30:46.530Z
2026-08-02T18:00:00+00:00,Liga MX Femenil,Pumas UNAM W,León W,Over/Under Goals,Under 3.5,1.62,0.4500,2-5,LOST,2026-07-30T00:39:47.952Z
2026-08-02T18:00:00+00:00,Premier Division,Bohemians,Galway United,Over/Under Goals,Under 3.5,1.5,0.5770,1-1,WON,2026-07-30T00:39:47.911Z
2026-08-02T18:00:00+00:00,Primera B Metropolitana,Villa San Carlos,Dock Sud,Double Chance,Home/Draw,1.53,0.6777,1-1,WON,2026-07-28T00:33:42.596Z
2026-08-02T18:00:00+00:00,Primera División - Apertura,Central Espanol,Liverpool Montevideo,Double Chance,Home/Draw,1.55,0.7688,0-0,WON,2026-07-21T00:33:32.707Z
2026-08-02T18:45:00+00:00,Friendlies Clubs,Ascoli,Lazio,Over/Under Goals,Under 3.5,1.65,0.6975,1-2,WON,2026-08-02T17:45:00.218Z
2026-08-02T18:45:00+00:00,Torneo Federal A,Atenas,Villa Mitre,Team Total Goals,Over 0.5,1.8,0.8227,0-1,WON,2026-07-30T00:39:49.751Z
2026-08-02T19:00:00+00:00,Copa Do Brasil,Palmeiras,Fortaleza EC,Team Total Goals,Under 2.5,1.62,0.9464,3-0,LOST,2026-07-30T00:39:49.026Z
2026-08-02T19:00:00+00:00,Mineiro - 2,Villa Nova,Aymorés,Over/Under Goals,Over 1.5,1.53,0.8429,1-0,LOST,2026-07-30T00:39:38.435Z
2026-08-02T19:00:00+00:00,Primera Division,D. La Serena,O'Higgins,Double Chance,Home/Draw,1.5,0.6553,1-2,LOST,2026-07-30T00:39:49.087Z
2026-08-02T19:00:00+00:00,Prva HNL,HNK Rijeka,Rudes,Team Total Goals,Over 0.5,1.83,0.7846,2-1,WON,2026-07-30T00:39:48.980Z
2026-08-02T19:15:00+00:00,Mineiro - 2,Mamoré,Democrata SL,Over/Under Goals,Over 1.5,1.53,0.7995,1-2,WON,2026-07-30T00:39:38.464Z
2026-08-02T20:00:00+00:00,Central American and Caribbean Games,Jamaica W,Mexico W,Over/Under Goals,Under 3.5,1.92,0.9120,0-7,LOST,2026-08-01T00:30:33.527Z
2026-08-02T20:00:00+00:00,Liga Femenina,Deportivo Pasto W,La Equidad W,Team Total Goals,Over 0.5,1.5,0.8727,0-0,LOST,2026-07-30T00:39:49.960Z
2026-08-02T20:00:00+00:00,MLS Next Pro,Chicago Fire II,FC Cincinnati II,Over/Under Goals,Under 3.5,1.64,0.4562,7-2,LOST,2026-07-30T00:39:49.907Z
2026-08-02T21:00:00+00:00,Liga Nacional,Juticalpa,CD Motagua,Over/Under Goals,Under 3.5,1.5,0.8469,0-3,WON,2026-07-30T00:39:50.269Z
2026-08-02T21:15:00+00:00,Primera División,Always Ready,Bolívar,Over/Under Goals,Under 3.5,1.77,0.7163,1-0,WON,
2026-08-02T22:00:00+00:00,Canadian Premier League,HFX Wanderers FC,Forge,Team Total Goals,Over 0.5,1.57,0.8521,0-0,LOST,2026-07-30T00:39:50.592Z
2026-08-02T23:00:00+00:00,Liga MX,Club America,Santos Laguna,Over/Under Goals,Under 3.5,1.53,0.6345,3-0,WON,2026-07-30T00:39:50.719Z
2026-08-02T23:00:00+00:00,MLS Next Pro,St. Louis City II,Real Monarchs,Over/Under Goals,Under 3.5,1.53,0.7911,3-0,WON,2026-07-30T00:39:50.811Z
2026-08-02T23:06:00+00:00,Liga MX Femenil,Guadalajara W,Querétaro W,Team Total Goals,Under 2.5,1.83,0.7751,3-1,LOST,2026-07-30T00:39:50.885Z
2026-08-02T23:15:00+00:00,Liga Nacional,Estrella Roja,Olancho,Asian Handicap,Home +0,2.53,0.7421,0-1,LOST,2026-07-30T00:39:50.984Z
2026-08-02T23:15:00+00:00,Liga Panameña de Fútbol,Veraguas,Deportivo Universitario,Asian Handicap,Home +0,1.62,0.5640,2-1,WON,2026-07-30T00:39:51.015Z
2026-08-02T23:30:00+00:00,Primera División,Oriente Petrolero,Nacional Potosí,Over/Under Goals,Under 3.5,1.62,0.8863,1-0,WON,
2026-08-03T01:10:00+00:00,Liga MX,Toluca,Necaxa,Over/Under Goals,Under 3.5,1.67,0.9006,3-1,LOST,2026-07-30T00:39:51.226Z
2026-08-03T01:15:00+00:00,Liga Femenina,América de Cali W,Llaneros W,Over/Under Goals,Under 3.5,1.53,0.7223,4-1,LOST,2026-07-30T00:39:51.262Z
2026-08-03T01:30:00+00:00,Liga Nacional,CD Olimpia,Lobos Upnfm,Over/Under Goals,Under 3.5,1.54,0.6658,2-0,WON,2026-07-30T00:39:39.656Z
2026-08-03T10:15:00+00:00,Victoria NPL 2,Melbourne Victory II,Melbourne Srbija,Over/Under Goals,Under 3.5,1.64,0.6809,1-0,WON,2026-07-30T00:39:51.354Z
2026-08-03T12:30:00+00:00,Premier League,Bukovyna,LNZ Cherkasy,Double Chance,Home/Draw,1.73,0.7710,0-0,WON,2026-07-30T00:39:51.474Z
2026-08-03T15:00:00+00:00,1 Lyga,Transinvest 2,Babrungas,Double Chance,Home/Draw,3.4,0.6982,0-1,LOST,2026-07-30T00:39:51.828Z
2026-08-03T15:00:00+00:00,Premier League,Shakhtar Donetsk,Kudrivka,Team Total Goals,Under 2.5,2.2,0.9440,5-1,LOST,2026-07-30T00:39:51.737Z
2026-08-03T15:00:00+00:00,Super League,Olmaliq,Nasaf,Asian Handicap,Home +0,1.63,0.6332,1-2,LOST,2026-07-30T00:39:51.894Z
2026-08-03T15:30:00+00:00,Super League,Dinamo Samarqand,Neftchi,Team Total Goals,Over 0.5,1.52,0.8683,0-0,LOST,2026-07-30T00:39:51.996Z
2026-08-03T15:45:00+00:00,Second League,Etar Veliko Tarnovo,Yantra 2019,Asian Handicap,Home +0,1.57,0.6839,2-1,WON,2026-07-30T00:39:52.069Z
2026-08-03T16:00:00+00:00,First Division,Cork City,Athlone Town,Team Total Goals,Over 0.5,1.68,0.8250,3-2,WON,2026-07-30T00:39:52.361Z
2026-08-03T16:00:00+00:00,First Division,Kerry,Cobh Ramblers,Asian Handicap,Home +0,1.72,0.6410,3-0,WON,2026-07-30T00:39:52.510Z
2026-08-03T16:00:00+00:00,Liga MX Femenil,Atlético San Luis W,Toluca W,Over/Under Goals,Under 3.5,1.62,0.4690,1-4,LOST,2026-07-30T00:39:50.854Z
2026-08-03T17:00:00+00:00,1. Division,Ranheim,Haugesund,Over/Under Goals,Under 3.5,2.0,0.3188,3-4,LOST,2026-08-02T00:39:12.080Z
2026-08-03T17:00:00+00:00,3. Division - Girone 2,Orkla,Rosenborg II,Double Chance,Home/Draw,1.83,0.6205,1-2,LOST,2026-07-30T00:39:52.823Z
2026-08-03T17:00:00+00:00,Allsvenskan,Djurgardens IF,Vasteras SK FK,Over/Under Goals,Under 3.5,1.75,0.7408,6-0,LOST,2026-08-02T00:39:11.953Z
2026-08-03T17:00:00+00:00,Division 2 - Östra Götaland,Torns,Staffanstorp United,Over/Under Goals,Under 3.5,1.58,0.4807,2-0,WON,2026-07-30T00:39:52.986Z
2026-08-03T17:00:00+00:00,Ekstraklasa,Cracovia Krakow,Pogon Szczecin,Asian Handicap,Home +0,1.55,0.6220,0-2,LOST,2026-07-30T00:39:52.710Z
2026-08-03T17:00:00+00:00,Super Liga,Vojvodina,Macva,Over/Under Goals,Under 3.5,2.62,0.4703,2-0,WON,2026-07-30T00:39:52.768Z
2026-08-03T17:00:00+00:00,Superligaen,Odense,Sonderjyske,Over/Under Goals,Under 3.5,1.5,0.7953,1-0,WON,2026-07-30T00:39:52.737Z
2026-08-03T18:00:00+00:00,Primera C,Yupanqui,Canuelas,Double Chance,Home/Draw,1.6,0.7425,1-2,LOST,2026-07-30T00:39:53.154Z
2026-08-03T18:15:00+00:00,First League,Spartak Varna,Lokomotiv Plovdiv,Asian Handicap,Home +0,2.3,0.7464,1-0,WON,2026-07-30T00:39:53.193Z
2026-08-03T18:30:00+00:00,Premiership,Celtic,Dundee,Team Total Goals,Over 0.5,1.7,0.8436,1-0,LOST,2026-07-30T00:39:53.244Z
2026-08-03T19:15:00+00:00,Úrvalsdeild,Valur Reykjavik,Stjarnan,Double Chance,Home/Draw,1.5,0.6947,2-3,LOST,2026-08-02T00:39:12.405Z
2026-08-03T20:00:00+00:00,CAC Games,Costa Rica U21,Colombia U21,Team Total Goals,Under 2.5,1.79,0.9473,1-1,WON,2026-08-01T00:30:34.122Z
2026-08-03T23:00:00+00:00,CAC Games,Dominican Republic U21,Venezuela U21,Double Chance,Home/Draw,2.3,0.9592,2-3,LOST,2026-08-01T00:30:34.220Z
2026-08-03T23:00:00+00:00,CAC Games,Mexico U20,Guatemala U21,Team Total Goals,Under 2.5,2.1,0.9969,4-1,LOST,2026-07-31T00:32:57.465Z
2026-08-04T01:06:00+00:00,Liga MX Femenil,Santos Laguna W,América W,Over/Under Goals,Under 3.5,2.1,0.4952,0-3,WON,2026-08-02T00:39:12.950Z
2026-08-04T14:00:00+00:00,UEFA Champions League Women,Breidablik W,Aktobe W,Team Total Goals,Over 0.5,1.5,0.8740,1-1,WON,2026-08-02T00:39:13.422Z
2026-08-04T16:00:00+00:00,DBU Pokalen,Sydkysten,Ishøj,Over/Under Goals,Under 3.5,1.67,0.6874,3-1,LOST,2026-08-03T00:30:48.442Z
2026-08-04T16:00:00+00:00,DBU Pokalen,Viby,ASA Aarhus,Team Total Goals,Under 2.5,1.53,0.8664,0-0,WON,2026-08-03T00:30:48.057Z
2026-08-04T16:00:00+00:00,Friendlies Clubs,Strasbourg,SV Elversberg,Over/Under Goals,Under 3.5,1.53,0.6676,2-5,WON,2026-08-02T00:39:13.807Z
2026-08-04T16:00:00+00:00,UEFA Europa Conference League,Auda,Dinamo Tirana,Asian Handicap,Home +0,1.62,0.6557,1-0,WON,2026-08-03T00:30:47.847Z
2026-08-04T16:30:00+00:00,DBU Pokalen,Brønshøj,HB Koge,Double Chance,Home/Draw,2.05,0.6579,1-0,WON,2026-08-03T00:30:48.583Z
2026-08-04T17:00:00+00:00,Friendlies Clubs,Al-Nassr,Almeria,Double Chance,Home/Draw,1.57,0.6788,0-2,LOST,2026-08-02T00:39:13.252Z
2026-08-04T17:30:00+00:00,Friendlies Clubs,Tenerife,Tamaraceite,Over/Under Goals,Under 3.5,1.62,0.5509,3-2,LOST,2026-08-04T16:30:01.172Z
2026-08-04T17:30:00+00:00,UEFA Champions League,Hapoel Beer Sheva,FK Crvena Zvezda,Team Total Goals,Under 2.5,1.56,0.6017,1-0,WON,2026-08-04T16:30:00.457Z
2026-08-04T18:00:00+00:00,Friendlies Clubs,Waltham Abbey,Leyton Orient,Over/Under Goals,Under 3.5,1.76,0.4279,1-7,LOST,2026-08-04T17:00:17.354Z
2026-08-04T18:00:00+00:00,National Division,Atert Bissen,F91 Dudelange,Double Chance,Home/Draw,2.03,0.4622,2-0,WON,2026-08-04T17:00:08.182Z
2026-08-04T18:00:00+00:00,Primera C,Claypole,Juventud Unida,Double Chance,Home/Draw,2.13,0.4406,0-2,LOST,2026-08-04T17:00:02.494Z
2026-08-04T18:00:00+00:00,Primera C,El Porvenir,Fénix,Double Chance,Home/Draw,2.08,0.4517,0-0,WON,2026-08-04T17:00:04.695Z
2026-08-04T18:00:00+00:00,UEFA Champions League,Olympiakos Piraeus,NEC Nijmegen,Over/Under Goals,Under 3.5,1.54,0.4598,0-0,WON,2026-08-04T17:00:10.344Z
2026-08-04T18:30:00+00:00,Úrvalsdeild,Thor Akureyri,Breidablik,Over/Under Goals,Under 3.5,2.17,0.5895,1-0,WON,2026-08-04T17:30:00.913Z
2026-08-04T18:45:00+00:00,Friendlies Clubs,Ipswich,Le Havre,Double Chance,Home/Draw,1.5,0.6251,1-0,WON,2026-08-04T17:45:00.193Z
2026-08-04T19:00:00+00:00,Primera División,ABB,Real Oruro,Asian Handicap,Home +0,1.65,0.6155,4-1,WON,2026-08-04T18:00:05.980Z
2026-08-04T22:20:00+00:00,Liga Femenina,Millonarios W,Santa Fe W,Double Chance,Home/Draw,1.51,0.6219,1-0,WON,2026-08-04T21:15:00.257Z
2026-08-04T22:30:00+00:00,Copa Do Brasil,Juventude,Atletico-MG,Double Chance,Home/Draw,1.52,0.6181,0-1,LOST,2026-08-04T21:30:00.346Z
2026-08-05T00:00:00+00:00,Leagues Cup,Charlotte,U.N.A.M. - Pumas,Asian Handicap,Home +0,1.62,0.7382,3-0,WON,2026-08-03T00:30:49.268Z
2026-08-05T00:00:00+00:00,Primera División,Guabirá,Real Tomayapo,Over/Under Goals,Under 3.5,1.9,0.4747,3-0,WON,2026-08-02T00:39:16.021Z
2026-08-05T01:00:00Z,CONCACAF U20,United States U20,Guatemala U20,Over/Under Goals,Under 3.5,1.73,0.3597,3-1,LOST,2026-08-05T00:04:30.905Z
2026-08-05T01:20:00+00:00,Primera A,Millonarios,Deportivo Pasto,Double Chance,Home/Draw,1.5,0.6253,2-0,WON,2026-08-05T00:15:00.074Z
2026-08-05T02:00:00+00:00,Concacaf Central American Cup,Antigua GFC,Real Estelí,Double Chance,Home/Draw,1.99,0.4733,0-2,LOST,2026-08-05T01:00:00.479Z
2026-08-05T08:00:00+00:00,Friendlies Clubs,Villarreal,Levante,Team Total Goals,Under 2.5,1.88,0.5005,1-0,WON,2026-08-05T07:00:00.823Z
2026-08-05T09:00:00+00:00,UEFA Champions League Women,Austria Wien W,Hajduk Split W,Team Total Goals,Over 0.5,7.66,0.1228,3-2,WON,2026-08-05T08:00:01.343Z
2026-08-05T09:30:00+00:00,Capital Territory NPL,Queanbeyan City,Tuggeranong United,Over/Under Goals,Under 3.5,2.02,0.5336,4-2,LOST,2026-08-05T08:30:00.268Z
2026-08-05T11:00:00+00:00,UEFA Champions League Women,Vålerenga W,Malmö FF W,Double Chance,Home/Draw,1.67,0.5628,0-1,LOST,2026-08-05T10:00:00.639Z
2026-08-05T12:00:00+00:00,Friendlies Clubs,Cultural Leonesa,Real Avilés,Team Total Goals,Over 0.5,1.6,0.5859,1-1,WON,2026-08-05T16:30:00.924Z
2026-08-05T12:30:00+00:00,UEFA Champions League Women,Sporting CP W,SeaSters Odesa W,Double Chance,Home/Draw,1.84,0.5108,5-0,WON,2026-08-05T11:30:00.368Z
2026-08-05T13:30:00+00:00,UEFA Champions League Women,Gintra-Universitetas W,Hearts W,Over/Under Goals,Under 3.5,1.73,0.5932,1-2,WON,2026-08-05T12:30:00.353Z
2026-08-05T14:00:00+00:00,1. Division,Niva,FC Slutsk,Asian Handicap,Home +0,2.2,0.6455,2-1,WON,2026-08-02T00:39:17.240Z
2026-08-05T14:00:00+00:00,Cup,Znicz Pruszków,ŁKS Łódź II,Team Total Goals,Under 2.5,1.58,0.5960,3-1,LOST,2026-08-05T13:00:02.718Z
2026-08-05T14:00:00+00:00,UEFA Champions League Women,Apollon Limassol W,Czarni Sosnowiec W,Team Total Goals,Under 2.5,2.32,0.4055,3-3,LOST,2026-08-05T13:00:00.797Z
2026-08-05T14:30:00+00:00,Cupa României,Axiopolis,Agricola Borcea,Over/Under Goals,Under 3.5,1.77,0.4683,1-3,LOST,2026-08-05T13:30:01.584Z
2026-08-05T14:30:00+00:00,Cupa României,Dunarea Calarasi,Înainte Modelu,Team Total Goals,Under 2.5,1.5,0.6285,2-0,WON,2026-08-05T13:30:01.420Z
2026-08-05T14:30:00+00:00,Cupa României,Metalurgistul Cugir,Jiul Petroşani,Team Total Goals,Under 2.5,2.04,0.4614,0-1,WON,2026-08-05T13:30:02.665Z
2026-08-05T14:30:00+00:00,UEFA Champions League Women,Ferencváros W,PAOK W,Double Chance,Home/Draw,2.36,0.3975,2-2,WON,2026-08-05T13:30:00.410Z
2026-08-05T15:00:00+00:00,1. Division,Ostrovets FC,Osipovichy,Over/Under Goals,Under 3.5,1.69,0.6004,2-0,WON,2026-08-02T00:39:17.568Z
2026-08-05T15:00:00+00:00,Liga II,Dumbrăviţa,CSM Satu Mare,Double Chance,Home/Draw,1.8,0.5236,1-1,WON,2026-08-05T14:00:07.356Z
2026-08-05T15:30:00+00:00,Cup,Spartak Moscow,FC Orenburg,Over/Under Goals,Under 3.5,1.63,0.7158,5-1,LOST,2026-08-05T14:30:00.331Z
2026-08-05T15:30:00+00:00,Cup,Warta Poznań,Resovia Rzeszów,Double Chance,Home/Draw,1.6,0.5886,0-1,LOST,2026-08-05T14:30:00.760Z
2026-08-05T15:30:00+00:00,Ykkönen,SalPa,JJK,Team Total Goals,Under 2.5,1.53,0.8777,2-1,WON,2026-08-03T00:30:49.694Z
2026-08-05T15:30:00+00:00,Ykkönen,Tampere United,KPV-j,Over/Under Goals,Under 3.5,2.2,0.6883,6-0,LOST,2026-08-05T14:30:01.175Z
2026-08-05T16:00:00+00:00,1. Division,Dinamo Minsk II,Lida,Over/Under Goals,Under 3.5,1.67,0.6440,1-2,WON,2026-08-02T00:39:18.689Z
2026-08-05T16:00:00+00:00,Cup,Sandecja Nowy Sącz,Rekord Bielsko-Biała,Team Total Goals,Over 0.5,2.16,0.4360,3-0,WON,2026-08-05T15:00:08.779Z
2026-08-05T16:00:00+00:00,UEFA Champions League Women,St. Pölten W,Young Boys W,Over/Under Goals,Under 3.5,1.55,0.6882,4-3,LOST,2026-08-05T15:00:00.683Z
2026-08-05T16:00:00+00:00,Ykkönen,VJS,PKKU,Over/Under Goals,Under 3.5,1.9,0.4429,0-0,WON,2026-08-03T00:30:49.768Z
2026-08-05T16:30:00+00:00,DBU Pokalen,Tarup-Paarup,Vejle,Over/Under Goals,Under 3.5,2.28,0.8088,0-3,WON,2026-08-05T15:30:00.528Z
2026-08-05T17:00:00+00:00,Cup,Tychy 71,Zaglebie Sosnowiec,Over/Under Goals,Under 3.5,1.51,0.6684,1-0,WON,2026-08-05T16:00:15.173Z
2026-08-05T17:00:00+00:00,Friendlies Clubs,Cieza,Real Murcia,Team Total Goals,Under 2.5,1.82,0.5174,1-4,WON,2026-08-05T17:30:02.667Z
2026-08-05T17:00:00+00:00,UEFA Champions League Women,Køge W,Riga W,Double Chance,Home/Draw,1.88,0.5009,4-1,WON,2026-08-05T16:00:01.559Z
2026-08-05T17:00:00+00:00,UEFA Europa Conference League,Brann,Apollon Limassol,Team Total Goals,Under 2.5,1.52,0.6184,0-1,WON,2026-08-05T16:00:16.321Z
2026-08-05T17:45:00+00:00,Cup,Unia Skierniewice,Sokół Kleczew,Over/Under Goals,Under 3.5,1.52,0.7722,1-1,WON,2026-08-05T16:45:00.268Z
2026-08-05T18:00:00+00:00,Copa Rio,Olaria,Nova Iguaçu,Team Total Goals,Over 0.5,1.82,0.5159,0-1,LOST,2026-08-05T16:45:00.122Z
2026-08-05T18:00:00+00:00,Úrvalsdeild,Keflavik,KA Akureyri,Over/Under Goals,Under 3.5,1.8,0.3641,3-0,WON,2026-08-05T17:00:05.070Z
2026-08-05T18:30:00+00:00,UEFA Champions League Women,Vllaznia W,Spartak Myjava W,Double Chance,Home/Draw,8.24,0.1141,1-2,LOST,2026-08-05T17:30:00.661Z
2026-08-05T19:00:00+00:00,Friendlies Clubs,Mallorca,Paris Saint Germain,Team Total Goals,Under 2.5,1.76,0.5350,3-0,LOST,2026-08-05T18:00:01.238Z
2026-08-05T19:00:00+00:00,UEFA Champions League Women,Juventus W,Torreense W,Double Chance,Home/Draw,2.1,0.4482,2-1,WON,2026-08-05T18:00:00.460Z
2026-08-05T20:00:00+00:00,Liga Women,UNSAAC W,Atl. Andahuaylas W,Team Total Goals,Over 0.5,1.83,0.5124,1-1,WON,2026-08-05T19:00:00.367Z
2026-08-05T22:00:00+00:00,Primera División,Nacional Potosí,The Strongest,Double Chance,Home/Draw,1.74,0.5392,2-3,LOST,2026-08-05T21:00:02.627Z
2026-08-05T22:30:00+00:00,Copa Do Brasil,Gremio,Mirassol,Team Total Goals,Over 0.5,1.93,0.4866,1-0,WON,2026-08-05T21:30:00.293Z
2026-08-05T23:00:00+00:00,USL League One,Richmond Kickers,NY Cosmos,Double Chance,Home/Draw,1.5,0.6274,2-0,WON,2026-08-05T22:00:00.481Z
2026-08-05T23:30:00+00:00,Leagues Cup,Monterrey,Orlando City SC,Over/Under Goals,Under 3.5,1.8,0.5602,1-2,WON,2026-08-03T00:30:50.466Z
2026-08-05T23:30:00+00:00,USL League One,Naples,Alta,Over/Under Goals,Under 3.5,1.5,0.7230,2-1,WON,2026-08-02T00:39:21.350Z
2026-08-06T00:00:00+00:00,CONCACAF Caribbean Club Championship,Cibao,Cavalier,Double Chance,Home/Draw,2.35,0.3995,0-0,WON,2026-08-05T23:00:01.999Z
2026-08-06T00:00:00+00:00,Primera División,Bolívar,Oriente Petrolero,Over/Under Goals,Under 3.5,2.55,0.5410,2-1,WON,2026-08-05T23:00:01.148Z
2026-08-06T00:30:00+00:00,Copa Chile,Coquimbo Unido,San Marcos de Arica,Team Total Goals,Over 0.5,1.53,0.6124,1-0,WON,2026-08-05T23:30:01.087Z
2026-08-06T00:30:00+00:00,Leagues Cup,Nashville SC,Leon,Double Chance,Home/Draw,1.5,0.6278,0-1,LOST,2026-08-05T23:30:02.080Z
2026-08-06T00:30:00+00:00,USL Championship,FC Tulsa,Sacramento Republic,Double Chance,Home/Draw,1.5,0.6249,1-0,WON,2026-08-05T23:30:00.312Z
2026-08-06T01:30:00+00:00,Primera A,Once Caldas,America de Cali,Team Total Goals,Under 2.5,1.64,0.5726,0-1,WON,2026-08-06T00:30:00.269Z
2026-08-06T02:00:00Z,CONCACAF U20,Mexico U20,Panama U20,Team Total Goals,Under 2.5,1.54,0.6105,4-0,LOST,2026-08-06T01:00:03.291Z
2026-08-06T02:30:00+00:00,Leagues Cup,Los Angeles FC,Guadalajara Chivas,Team Total Goals,Over 0.5,1.84,0.5113,1-1,WON,2026-08-06T01:30:00.629Z
2026-08-06T13:00:00+00:00,1. Division,Aktobe Jas,Ekibastuz,Asian Handicap,Home +0,1.83,0.5158,0-2,LOST,2026-08-06T12:00:00.879Z
2026-08-06T14:00:00+00:00,Super League,Sogdiana,Andijan,Double Chance,Home/Draw,2.86,0.3292,1-0,WON,2026-08-06T13:00:01.442Z
2026-08-06T15:00:00+00:00,UEFA Europa League,KuPS,Universitatea Craiova,Team Total Goals,Under 2.5,1.76,0.5329,1-1,WON,2026-08-06T14:00:01.501Z
2026-08-06T16:00:00+00:00,UEFA Europa Conference League,HJK Helsinki,Motherwell,Team Total Goals,Under 2.5,2.04,0.4611,1-1,WON,2026-08-06T15:00:00.685Z
2026-08-06T16:00:00+00:00,UEFA Europa League,Maccabi Tel Aviv,CSKA Sofia,Double Chance,Home/Draw,1.51,0.6209,0-3,LOST,2026-08-06T15:00:00.353Z
2026-08-06T16:30:00+00:00,Friendlies Clubs,Legnago Salus,Mantova,Over/Under Goals,Under 3.5,1.59,0.3551,1-3,LOST,2026-08-06T15:30:01.512Z
2026-08-06T16:30:00+00:00,UEFA Europa Conference League,CFR 1907 Cluj,Tromso,Asian Handicap,Home +0,2.09,0.7174,0-5,LOST,2026-08-03T00:30:51.505Z
2026-08-06T17:00:00+00:00,UEFA Europa Conference League,Debreceni VSC,FC Copenhagen,Team Total Goals,Under 2.5,1.55,0.6051,0-3,LOST,2026-08-06T16:00:14.048Z
2026-08-06T17:00:00+00:00,UEFA Europa Conference League,FK Zalgiris Vilnius,HNK Hajduk Split,Team Total Goals,Under 2.5,1.88,0.4992,2-5,WON,2026-08-06T16:00:13.406Z
2026-08-06T17:00:00+00:00,UEFA Europa Conference League,Riga,Gyori ETO FC,Team Total Goals,Under 2.5,1.51,0.6207,1-0,WON,2026-08-06T16:00:16.326Z
2026-08-06T17:30:00+00:00,UEFA Europa Conference League,Beitar Jerusalem,Austria Vienna,Double Chance,Home/Draw,1.74,0.5417,1-2,LOST,2026-08-06T16:30:01.444Z
2026-08-06T17:45:00+00:00,UEFA Europa League,PAOK,Anderlecht,Double Chance,Home/Draw,1.56,0.6009,0-1,LOST,2026-08-06T16:45:00.227Z
2026-08-06T18:00:00+00:00,Friendlies Clubs,Real Jaén,Cordoba,Team Total Goals,Over 0.5,1.5,0.6266,1-2,WON,2026-08-06T17:00:06.912Z
2026-08-06T18:00:00+00:00,Liga Women,Flamengo FBC W,Alianza Lima W,Team Total Goals,Over 0.5,1.55,0.6062,0-2,WON,2026-08-06T17:00:16.901Z
2026-08-06T18:00:00+00:00,Paulista - U20,Gremio Prudente U20,Capivariano U20,Double Chance,Home/Draw,1.51,0.6230,0-3,LOST,2026-08-06T17:00:16.430Z
2026-08-06T18:00:00+00:00,Paulista - U20,Portuguesa U20,Juventus U20,Double Chance,Home/Draw,1.74,0.5397,3-1,WON,2026-08-06T17:00:13.996Z
2026-08-06T18:00:00+00:00,UEFA Europa League,FC Thun,Vikingur Reykjavik,Double Chance,Home/Draw,2.14,0.4394,3-0,WON,2026-08-06T17:00:00.436Z
2026-08-06T18:30:00+00:00,UEFA Europa Conference League,FC Lugano,NSI Runavik,Over/Under Goals,Under 3.5,1.85,0.7711,2-0,WON,2026-08-06T17:30:01.527Z
2026-08-06T18:30:00+00:00,UEFA Europa Conference League,SC Braga,Dinamo Minsk,Double Chance,Home/Draw,2.32,0.4055,1-0,WON,2026-08-06T17:30:00.630Z
2026-08-06T18:45:00+00:00,League Cup,Bristol City,Walsall,Over/Under Goals,Under 3.5,1.55,0.7246,0-1,WON,2026-08-06T17:45:00.302Z
2026-08-06T18:45:00+00:00,UEFA Europa Conference League,Bohemians,FC Midtjylland,Over/Under Goals,Under 3.5,1.55,0.7614,0-2,WON,2026-08-06T17:45:00.980Z
2026-08-06T18:45:00+00:00,UEFA Europa Conference League,HNK Rijeka,Ilves,Over/Under Goals,Under 3.5,1.66,0.8040,1-0,WON,2026-08-06T17:45:00.668Z
2026-08-06T19:00:00+00:00,Primera División,Universitario de Vinto,Real Potosí,Double Chance,Home/Draw,3.05,0.3077,0-2,LOST,2026-08-06T18:00:02.099Z
2026-08-06T19:00:00+00:00,UEFA Europa League,Benfica,Heart Of Midlothian,Over/Under Goals,Under 3.5,2.25,0.5734,6-1,LOST,2026-08-06T18:00:00.504Z
2026-08-06T19:15:00+00:00,1. Deild,IR Reykjavik,Ægir,Over/Under Goals,Under 3.5,2.02,0.4979,3-2,LOST,2026-08-04T00:34:07.685Z
2026-08-06T19:30:00Z,Primera División,Rayo Zuliano,Academia Anzoátegui,Double Chance,Home/Draw,1.65,0.5692,0-1,LOST,2026-08-06T18:30:00.535Z
2026-08-06T20:00:00+00:00,Primera Division,Alianza Atletico,Cienciano,Asian Handicap,Home +0,1.6,0.4705,1-0,WON,2026-08-06T19:00:00.330Z
2026-08-06T20:00:00Z,Africa Cup of Nations - Women,Cape Verde W,Cameroon W,Team Total Goals,Over 0.5,2.33,0.4043,1-1,WON,2026-08-06T19:00:03.413Z
2026-08-06T21:00:00Z,Primera División,Estudiantes de Merida FC,Zamora FC,Double Chance,Home/Draw,2.98,0.3154,1-0,WON,2026-08-06T19:00:01.981Z
2026-08-06T22:00:00+00:00,CONCACAF Caribbean Club Championship,Club Sando,Broki,Double Chance,Home/Draw,2.07,0.4551,2-1,WON,2026-08-06T21:00:00.305Z
2026-08-06T23:30:00+00:00,Leagues Cup,New York City FC,Santos Laguna,Over/Under Goals,Under 3.5,1.67,0.7543,2-0,WON,2026-08-06T22:30:01.271Z
2026-08-06T23:30:00+00:00,Primera División,Blooming,Always Ready,Double Chance,Home/Draw,3.76,0.2498,0-0,WON,2026-08-06T22:30:00.405Z
2026-08-07T00:00:00+00:00,Liga Pro Serie B,El Nacional,9 de Octubre,Team Total Goals,Over 0.5,1.61,0.5840,1-0,LOST,2026-08-06T20:30:00.489Z
2026-08-07T00:30:00+00:00,Leagues Cup,Chicago Fire,Necaxa,Over/Under Goals,Under 3.5,1.72,0.7201,2-0,WON,2026-08-06T23:30:00.354Z
2026-08-07T01:00:00+00:00,Leagues Cup,Austin,Club Tijuana,Double Chance,Home/Draw,1.5,0.6251,2-0,WON,2026-08-07T00:00:00.582Z
2026-08-07T01:00:00+00:00,Liga de Expansión MX,Dorados,Mineros de Zacatecas,Team Total Goals,Under 2.5,1.57,0.5989,2-2,WON,2026-08-07T00:00:07.558Z
2026-08-07T02:00:00+00:00,Leagues Cup,Club America,San Diego,Double Chance,Home/Draw,2.21,0.4256,3-1,WON,2026-08-07T01:00:00.286Z
2026-08-07T02:30:00+00:00,Leagues Cup,Portland Timbers,Puebla,Over/Under Goals,Under 3.5,1.87,0.6386,5-2,LOST,2026-08-07T01:30:00.388Z
2026-08-07T09:30:00+00:00,Friendlies Clubs,Racing Santander,Sporting Gijon,Double Chance,Home/Draw,2.13,0.4412,4-1,WON,2026-08-07T08:30:00.436Z
2026-08-07T09:30:00+00:00,Victoria Premier League 2,Bayside Argonauts,Box Hill,Asian Handicap,Home +0,1.55,0.7425,0-1,LOST,
2026-08-07T09:30:00Z,Calcutta Premier Division,Calcutta Customs,Railway,Over/Under Goals,Under 3.5,1.55,0.8215,4-0,LOST,2026-08-07T08:30:00.619Z
2026-08-07T09:30:00Z,Calcutta Premier Division,Mohun Bagan Super Giant II,Bhawanipore,Double Chance,Home/Draw,1.74,0.5403,1-2,LOST,2026-08-07T08:30:00.807Z
2026-08-07T10:00:00+00:00,WK-League,Hwacheon KSPO W,Gyeongju W,Double Chance,Home/Draw,1.7,0.5528,1-1,WON,2026-08-07T09:30:00.471Z
2026-08-07T10:00:00+00:00,Youth Championship,Almaz Antey U19,Nizhny Novgorod U19,Over/Under Goals,Under 3.5,1.81,0.3813,3-4,LOST,2026-08-07T09:00:01.880Z
2026-08-07T10:30:00+00:00,K League 2,Gimpo Citizen,Cheongju,Double Chance,Home/Draw,1.52,0.6169,3-0,WON,2026-08-07T10:00:06.702Z
2026-08-07T10:30:00+00:00,K League 2,Gyeongnam FC,Daegu FC,Team Total Goals,Under 2.5,1.85,0.5077,0-1,WON,2026-08-07T10:00:03.078Z
2026-08-07T10:30:00+00:00,K League 2,Hwaseong,Seoul E-Land FC,Team Total Goals,Under 2.5,1.62,0.5803,0-0,WON,2026-08-07T10:00:07.812Z
2026-08-07T10:30:00+00:00,South Australia NPL,West Torrens Birkalla,West Adelaide,Over/Under Goals,Under 3.5,1.96,0.4300,6-1,LOST,2026-08-07T09:30:00.318Z
2026-08-07T11:00:00+00:00,Youth Championship,Akademiya Konoplev U20,Krasnodar U19,Team Total Goals,Under 2.5,1.8,0.5217,1-3,WON,2026-08-07T10:00:01.897Z
2026-08-07T11:35:00+00:00,Super League,Beijing Guoan,Sichuan Jiuniu,Over/Under Goals,Under 3.5,1.87,0.6760,4-0,LOST,2026-08-07T10:30:00.661Z
2026-08-07T12:00:00+00:00,Friendlies Clubs,Monza,Padova,Team Total Goals,Under 2.5,1.51,0.6211,3-3,LOST,2026-08-07T17:45:01.704Z
2026-08-07T14:00:00+00:00,Youth Championship,CSKA Moskva U19,Dynamo Makhachkala U19,Over/Under Goals,Under 3.5,2.0,0.5942,4-0,LOST,2026-08-07T13:00:00.624Z
2026-08-07T14:00:00+00:00,Youth Championship,Chertanovo U20,Rubin Kazan U20,Double Chance,Home/Draw,2.23,0.4211,0-2,LOST,2026-08-07T13:00:01.655Z
2026-08-07T14:30:00+00:00,Super League,Lokomotiv,Dinamo Samarqand,Team Total Goals,Under 2.5,1.56,0.6040,2-1,WON,2026-08-07T13:30:00.449Z
2026-08-07T14:45:00+00:00,Premier League,Naftan,Arsenal,Double Chance,Home/Draw,2.13,0.6113,3-0,WON,2026-08-04T00:34:08.042Z
2026-08-07T15:00:00+00:00,1. Division,Turan Turkistan,Astana II,Over/Under Goals,Under 3.5,1.54,0.6510,5-1,LOST,2026-08-03T00:30:54.324Z
2026-08-07T15:00:00+00:00,First League,Shkëndija Haraçinë,Sileks,Over/Under Goals,Under 3.5,1.55,0.5680,1-1,WON,2026-08-07T14:00:10.701Z
2026-08-07T15:00:00+00:00,Friendlies Clubs,Sudtirol,Virtus Verona,Over/Under Goals,Under 3.5,1.52,0.8829,1-0,WON,2026-08-07T14:00:00.808Z
2026-08-07T15:30:00+00:00,2. SNL,Dren Vrhnika,Triglav,Team Total Goals,Over 0.5,1.57,0.5987,0-1,WON,2026-08-07T14:30:02.694Z
2026-08-07T16:00:00+00:00,1 Lyga,Hegelmann II,Garliava,Over/Under Goals,Under 3.5,1.55,0.7893,3-1,LOST,2026-08-07T15:00:03.324Z
2026-08-07T16:00:00+00:00,FNL,Opava,Kladno,Over/Under Goals,Under 3.5,1.55,0.8910,1-1,WON,2026-08-07T15:00:10.499Z
2026-08-07T16:00:00+00:00,FNL,Vlašim,Viktoria Žižkov,Double Chance,Home/Draw,1.53,0.6160,4-1,WON,2026-08-07T15:00:13.140Z
2026-08-07T16:00:00+00:00,Frauenliga,LASK W,Sturm Graz W,Over/Under Goals,Under 3.5,1.67,0.4939,0-2,WON,2026-08-07T15:00:07.027Z
2026-08-07T16:00:00+00:00,I Liga,Polonia Bytom,Pogoń Siedlce,Team Total Goals,Under 2.5,1.84,0.5108,2-2,WON,2026-08-07T15:00:01.837Z
2026-08-07T16:30:00+00:00,Friendlies Clubs,Girona,Sabadell,Double Chance,Home/Draw,1.6,0.5858,2-2,WON,2026-08-07T15:30:01.588Z
2026-08-07T17:00:00+00:00,AXA Women’s Super League,Yverdon W,Zürich W,Team Total Goals,Over 0.5,2.09,0.4502,0-3,WON,2026-08-07T16:00:12.914Z
2026-08-07T17:00:00+00:00,Damallsvenskan,AIK W,Brommapojkarna W,Over/Under Goals,Under 3.5,1.57,0.7843,1-0,WON,2026-08-07T16:00:19.822Z
2026-08-07T17:00:00+00:00,Eliteserien,Sandefjord,KFUM Oslo,Double Chance,Home/Draw,1.51,0.6219,0-1,LOST,2026-08-07T16:00:00.519Z
2026-08-07T17:00:00+00:00,Friendlies Clubs,AD Ceuta FC,Malaga,Team Total Goals,Over 0.5,1.53,0.6130,2-1,WON,2026-08-07T16:00:08.725Z
2026-08-07T17:30:00+00:00,Challenge League,FC Winterthur,FC WIL 1900,Double Chance,Home/Draw,2.33,0.4041,5-0,WON,2026-08-07T16:30:05.554Z
2026-08-07T17:30:00+00:00,Challenge League,SC Kriens,Yverdon Sport,Over/Under Goals,Under 3.5,1.66,0.6314,0-2,WON,2026-08-07T16:30:06.462Z
2026-08-07T17:30:00+00:00,Challenge League,Stade Lausanne-Ouchy,Rapperswil,Over/Under Goals,Under 3.5,1.77,0.3812,2-0,WON,2026-08-07T16:30:07.296Z
2026-08-07T18:00:00+00:00,Eerste Divisie,Dordrecht,Jong Ajax,Over/Under Goals,Under 3.5,1.72,0.5000,2-1,WON,2026-08-07T17:00:08.242Z
2026-08-07T18:00:00+00:00,Eerste Divisie,Emmen,Roda,Over/Under Goals,Under 3.5,1.62,0.6422,1-0,WON,2026-08-07T17:00:06.678Z
2026-08-07T18:00:00+00:00,Eerste Divisie,FC OSS,NAC Breda,Double Chance,Home/Draw,2.2,0.6692,1-2,LOST,2026-08-03T00:30:58.808Z
2026-08-07T18:00:00+00:00,Eerste Divisie,VVV Venlo,Heracles,Double Chance,Home/Draw,1.69,0.5547,3-4,LOST,2026-08-07T17:00:03.653Z
2026-08-07T18:00:00+00:00,Eredivisie,Cambuur,Excelsior,Double Chance,Home/Draw,1.68,0.5598,0-4,LOST,2026-08-07T17:00:00.499Z
2026-08-07T18:00:00+00:00,Paulista - U20,Botafogo SP U20,Santo André U20,Double Chance,Home/Draw,1.78,0.5284,4-1,WON,2026-08-07T17:00:11.191Z
2026-08-07T18:00:00+00:00,Paulista - U20,Guarani U20,Água Santa U20,Over/Under Goals,Under 3.5,1.5,0.7430,2-0,WON,2026-08-07T17:00:12.874Z
2026-08-07T18:00:00+00:00,Paulista - U20,Ituano U20,RB Bragantino U20,Over/Under Goals,Under 3.5,1.67,0.3602,0-3,WON,2026-08-07T17:00:13.372Z
2026-08-07T18:00:00+00:00,Paulista - U20,Porto Football U20,Flamengo SP U20,Team Total Goals,Over 0.5,1.52,0.6177,1-0,WON,2026-08-07T17:00:20.749Z
2026-08-07T18:00:00+00:00,Paulista - U20,SC Paulinense SP U20,Ibrachina U20,Over/Under Goals,Under 3.5,1.5,0.7176,0-1,WON,2026-08-07T17:00:21.239Z
2026-08-07T18:00:00+00:00,Paulista - U20,Sfera U20,XV de Jaú U20,Team Total Goals,Under 2.5,1.6,0.5859,2-1,WON,2026-08-07T17:00:19.282Z
2026-08-07T18:00:00+00:00,Paulista - U20,União São João U20,Bandeirante U20,Double Chance,Home/Draw,1.8,0.5234,2-0,WON,2026-08-07T17:00:17.896Z
2026-08-07T18:00:00Z,Catarinense U20,Avaí U20,Barra SC U20,Team Total Goals,Under 2.5,1.78,0.5277,0-1,WON,2026-08-07T17:00:24.122Z
2026-08-07T18:00:00Z,First League,Mornar,Arsenal Tivat,Team Total Goals,Over 0.5,1.73,0.5427,0-0,LOST,2026-08-07T17:00:23.901Z
2026-08-07T18:00:00Z,Primera C,General Lamadrid,Deportivo Español,Team Total Goals,Over 0.5,2.07,0.4541,0-0,LOST,2026-08-07T17:00:23.539Z
2026-08-07T18:30:00+00:00,Bundesliga 2,VfL Bochum,Hertha BSC,Asian Handicap,Home +0,1.71,0.6736,0-1,LOST,2026-08-03T00:30:59.542Z
2026-08-07T18:30:00+00:00,Championship,Partick,Livingston,Double Chance,Home/Draw,2.08,0.4514,2-0,WON,2026-08-07T17:30:01.989Z
2026-08-07T18:30:00+00:00,Ekstraklasa,Wisla Krakow,Wisla Plock,Double Chance,Home/Draw,1.7,0.5514,2-1,WON,2026-08-07T17:30:00.479Z
2026-08-07T18:30:00+00:00,Erste Liga,FC BW Linz,Wacker Innsbruck,Double Chance,Home/Draw,2.73,0.3443,3-0,WON,2026-08-07T17:30:00.684Z
2026-08-07T18:30:00+00:00,FAW Championship,Pontypridd Town,Pontardawe Town,Double Chance,Home/Draw,1.58,0.5966,3-2,WON,2026-08-07T17:30:01.320Z
2026-08-07T18:45:00+00:00,FAW Championship,Caerau (Ely),Ynyshir Albions,Over/Under Goals,Under 3.5,1.68,0.4815,1-1,WON,2026-08-07T17:45:02.911Z
2026-08-07T18:45:00+00:00,Premier League,Flint Town United,Barry Town,Double Chance,Home/Draw,1.64,0.5720,2-3,LOST,2026-08-07T17:45:04.966Z
2026-08-07T18:45:00+00:00,Premier League,Holywell,GAP Connah S Quay FC,Over/Under Goals,Over 2.5,1.55,0.4920,1-3,WON,2026-08-07T17:45:05.273Z
2026-08-07T18:45:00+00:00,Premier League,The New Saints,Haverfordwest County AFC,Double Chance,Home/Draw,1.91,0.4929,2-0,WON,2026-08-07T17:45:03.507Z
2026-08-07T18:45:00+00:00,Premiership,Cliftonville FC,Crusaders FC,Double Chance,Home/Draw,1.66,0.5671,2-1,WON,2026-08-07T17:45:06.126Z
2026-08-07T18:45:00Z,First Division,Cork City,Kerry,Over/Under Goals,Under 3.5,1.5,0.3823,3-1,LOST,2026-08-07T17:45:07.090Z
2026-08-07T19:15:00+00:00,1. Deild,Leiknir R.,Fylkir,Over/Under Goals,Under 3.5,1.69,0.5624,3-0,WON,2026-08-04T00:34:09.031Z
2026-08-07T20:15:00+00:00,Segunda División,Union Comercio,Academia Cantolao,Over/Under Goals,Under 3.5,1.5,0.7488,4-0,LOST,2026-08-03T00:31:01.124Z
2026-08-07T21:00:00Z,CONCACAF U20,Costa Rica U20,United States U20,Over/Under Goals,Under 3.5,1.55,0.5305,0-2,WON,2026-08-07T00:04:19.330Z
2026-08-07T21:15:00+00:00,Primera División,ABB,Guabirá,Over/Under Goals,Under 3.5,1.91,0.4546,0-1,WON,2026-08-03T00:31:01.202Z
2026-08-07T22:00:00+00:00,Paulista - U20,Tanabi SP U20,Palmeiras U20,Over/Under Goals,Under 3.5,2.1,0.7266,0-1,WON,2026-08-03T00:31:01.232Z
2026-08-07T23:00:00+00:00,NWSL Women,Orlando Pride W,Racing Louisville W,Over/Under Goals,Over 2.5,1.57,0.7986,1-3,WON,2026-08-03T00:31:01.393Z
2026-08-07T23:30:00+00:00,Leagues Cup,Charlotte,Atlas,Asian Handicap,Home +0,1.61,0.6397,2-0,WON,2026-08-03T00:31:01.775Z
2026-08-07T23:30:00+00:00,Leagues Cup,Columbus Crew,CF Pachuca,Asian Handicap,Home +0,1.71,0.6051,2-1,WON,2026-08-03T00:31:01.727Z
2026-08-07T23:30:00+00:00,Primera División,Real Tomayapo,Real Oruro,Over/Under Goals,Under 3.5,1.89,0.5546,1-2,WON,2026-08-03T00:31:01.669Z
2026-08-08T00:00:00+00:00,Leagues Cup,FC Cincinnati,U.N.A.M. - Pumas,Asian Handicap,Home +0,1.65,0.8143,2-0,WON,2026-08-04T00:34:09.187Z
2026-08-08T00:00:00Z,Liga Pro,LDU de Quito,Independiente del Valle,Double Chance,Home/Draw,1.77,0.5298,0-2,LOST,2026-08-05T00:04:39.844Z
2026-08-08T01:00:00+00:00,Leagues Cup,Tigres UANL,Minnesota United FC,Over/Under Goals,Under 3.5,1.52,0.7189,0-0,WON,2026-08-04T00:34:09.214Z
2026-08-08T01:06:00+00:00,Liga MX Femenil,Atlas W,Pachuca W,Over/Under Goals,Under 3.5,1.86,0.8488,1-1,WON,2026-08-04T00:34:09.299Z
2026-08-08T02:00:00Z,CONCACAF U20,Canada U20,Mexico U20,Over/Under Goals,Over 2.5,1.55,0.7810,1-2,WON,2026-08-07T00:04:20.438Z
2026-08-08T02:30:00+00:00,Leagues Cup,Vancouver Whitecaps,FC Juarez,Over/Under Goals,Under 3.5,1.65,0.6175,1-3,LOST,2026-08-04T00:34:09.379Z
2026-08-08T03:15:00+00:00,Npl Nsw U20,UNSW U20,Sydney Olympic U20,Over/Under Goals,Under 3.5,2.45,0.4152,2-1,WON,2026-08-04T00:34:09.398Z
2026-08-08T04:00:00+00:00,Tasmania NPL,South Hobart,Riverside,Over/Under Goals,Under 3.5,2.4,0.5418,5-2,LOST,2026-08-04T00:34:09.438Z
2026-08-08T04:00:00Z,Northern NSW NPL,Hamilton Olympic,Valentine,Over/Under Goals,Under 3.5,1.7,0.4483,1-2,WON,2026-08-05T00:04:39.587Z
2026-08-08T04:30:00+00:00,Tasmania NPL,Glenorchy Knights,Launceston United,Over/Under Goals,Under 3.5,2.4,0.7000,2-1,WON,2026-08-04T00:34:09.516Z
2026-08-08T04:30:00+00:00,Tasmania NPL,Ulverstone,South East Utd.,Over/Under Goals,Under 3.5,1.85,0.7534,3-4,LOST,2026-08-04T00:34:09.555Z
2026-08-08T04:30:00Z,Capital Territory NPL,Canberra Olympic,Cooma Tigers FC,Over/Under Goals,Under 3.5,1.93,0.5319,2-5,LOST,2026-08-05T00:04:39.570Z
2026-08-08T05:00:00+00:00,South Australia NPL,Croydon Kings,Sturt Lions,Asian Handicap,Home +0,1.53,0.6772,1-1,WON,2026-08-04T00:34:09.612Z
2026-08-08T05:00:00Z,Capital Territory NPL,Brindabella,Tuggeranong United,Over/Under Goals,Under 3.5,1.98,0.5868,0-6,LOST,2026-08-05T00:04:39.514Z
2026-08-08T05:30:00+00:00,New South Wales NPL,UNSW,Sydney Olympic,Over/Under Goals,Over 2.5,1.61,0.7993,1-3,WON,2026-08-04T00:34:09.635Z
2026-08-08T05:30:00+00:00,South Australia NPL,Adelaide Comets,MetroStars,Team Total Goals,Over 0.5,1.64,0.5724,0-1,WON,2026-08-07T07:45:00.535Z
2026-08-08T05:30:00+00:00,South Australia NPL,Adelaide United II,Para Hills Knights,Over/Under Goals,Under 3.5,2.55,0.4675,5-2,LOST,2026-08-04T00:34:09.672Z
2026-08-08T05:30:00Z,South Australia NPL,Campbelltown City,White City Woodville,Double Chance,Home/Draw,2.4,0.3915,2-0,WON,2026-08-07T09:00:08.367Z
2026-08-08T05:30:00Z,South Australia State League 1,Adelaide Raiders,The Cove,Over/Under Goals,Under 3.5,1.77,0.7602,4-2,LOST,2026-08-07T09:00:07.118Z
2026-08-08T06:00:00+00:00,Western Australia NPL,Bayswater City,Sorrento,Over/Under Goals,Under 3.5,1.84,0.7456,7-1,LOST,
2026-08-08T06:30:00+00:00,Npl Nsw U20,St George Saints U20,APIA Leichhardt U20,Over/Under Goals,Under 3.5,2.05,0.4890,4-1,LOST,2026-08-04T00:34:09.798Z
2026-08-08T07:00:00+00:00,Npl Nsw U20,St. George City U20,Rockdale Ilinden U20,Over/Under Goals,Under 3.5,2.12,0.8040,9-1,LOST,2026-08-04T00:34:10.032Z
2026-08-08T08:00:00+00:00,Liga II,CSM Satu Mare,CSM Reşiţa,Asian Handicap,Home +0,3.58,0.7644,0-2,LOST,2026-08-04T00:34:10.272Z
2026-08-08T08:00:00+00:00,Liga II,Metalul Buzău,CS Afumati,Over/Under Goals,Over 2.5,1.92,0.7843,3-1,WON,2026-08-04T00:34:10.157Z
2026-08-08T08:00:00+00:00,Liga II,Slatina,CS Dinamo București,Over/Under Goals,Under 3.5,1.62,0.8461,5-1,LOST,2026-08-04T00:34:10.194Z
2026-08-08T08:00:00+00:00,Liga II,Unirea Slobozia,Gloria Bistriţa,Double Chance,Home/Draw,1.92,0.4907,0-3,LOST,2026-08-07T14:00:13.253Z
2026-08-08T08:00:00Z,Queensland NPL,Brisbane City,Gold Coast United,Over/Under Goals,Under 3.5,1.89,0.6067,2-0,WON,2026-08-05T00:04:39.245Z
2026-08-08T08:00:00Z,Queensland NPL,Eastern Suburbs,WDSC Wolves,Over/Under Goals,Under 3.5,1.9,0.5055,0-0,WON,2026-08-05T00:04:39.129Z
2026-08-08T08:00:00Z,Queensland NPL,Olympic,Moreton City Excelsior,Over/Under Goals,Under 3.5,1.95,0.6508,1-2,WON,2026-08-05T00:04:39.188Z
2026-08-08T08:30:00+00:00,Ekstraliga Women,Pogon Szczecin W,Górnik Łęczna W,Double Chance,Home/Draw,1.52,0.6193,1-3,LOST,2026-08-04T00:34:10.575Z
2026-08-08T09:00:00+00:00,Npl Nsw U20,Manly Utd U20,Marconi S. U20,Double Chance,Home/Draw,1.51,0.6225,0-0,WON,2026-08-04T00:34:10.664Z
2026-08-08T09:00:00Z,Friendlies Clubs,Rennes,Brentford U21,Over/Under Goals,Over 2.5,1.65,0.7960,1-2,WON,2026-08-05T00:04:39.065Z
2026-08-08T09:30:00+00:00,J2 League,Fujieda MYFC,Vegalta Sendai,Asian Handicap,Home +0,2.47,0.6515,2-0,WON,2026-08-04T00:34:10.733Z
2026-08-08T09:45:00+00:00,Npl Nsw U20,NWS Spirit U20,Blacktown City U20,Asian Handicap,Home +0,1.51,0.7154,3-3,WON,2026-08-04T00:34:10.936Z
2026-08-08T10:00:00+00:00,Central Youth League,Lech Poznań U19,Polonia Warszawa U19,Over/Under Goals,Under 3.5,1.67,0.5273,3-2,LOST,2026-08-04T00:34:11.468Z
2026-08-08T10:00:00Z,J1 League,FC Tokyo,Machida Zelvia,Double Chance,Home/Draw,1.71,0.5495,1-5,LOST,2026-08-05T00:04:38.931Z
2026-08-08T10:00:00Z,UEFA Champions League Women,Gintra-Universitetas W,Riga W,Over/Under Goals,Under 3.5,1.54,0.4955,4-1,LOST,2026-08-07T00:04:20.331Z
2026-08-08T10:30:00+00:00,1. Liga,Skanste,Rēzekne FA,Over/Under Goals,Under 3.5,1.86,0.6867,5-1,LOST,2026-08-04T00:34:11.724Z
2026-08-08T10:30:00Z,Persha Liga,Oleksandria,Inhulets,Over/Under Goals,Over 2.5,1.57,0.7804,3-0,WON,2026-08-05T00:04:38.575Z
2026-08-08T11:00:00+00:00,Elitettan,Husqvarna W,Umeå W,Asian Handicap,Home +0,2.78,0.6990,1-2,LOST,2026-08-04T00:34:12.111Z
2026-08-08T11:00:00Z,1 Lyga,Tauras,Neptūną Klaipėda,Over/Under Goals,Under 3.5,1.63,0.5191,0-2,WON,2026-08-05T00:04:38.350Z
2026-08-08T11:00:00Z,Friendlies Clubs,Juventus,Inter,Over/Under Goals,Under 3.5,1.54,0.7319,1-2,WON,2026-08-05T00:04:38.411Z
2026-08-08T11:00:00Z,Super League,Qingdao Jonoon,Shanghai Shenhua,Over/Under Goals,Under 3.5,1.69,0.4819,0-1,WON,2026-08-05T00:04:38.330Z
2026-08-08T11:30:00+00:00,League One,Hebei Kungfu,Shaanxi Union,Asian Handicap,Home +0,2.5,0.6057,2-1,WON,2026-08-04T00:34:12.746Z
2026-08-08T12:00:00+00:00,3. Liga,Havelse,Stuttgart II,Asian Handicap,Home +0,2.45,0.6463,2-3,LOST,2026-08-04T00:34:13.073Z
2026-08-08T12:00:00+00:00,3. Liga,SV Wehen,Preußen Münster,Over/Under Goals,Under 3.5,1.5,0.7912,1-3,LOST,2026-08-04T00:34:12.988Z
2026-08-08T12:00:00+00:00,Elitettan,Sandviken W,Elfsborg W,Over/Under Goals,Over 2.5,1.65,0.7907,0-4,WON,2026-08-04T00:34:13.659Z
2026-08-08T12:00:00+00:00,Esiliiga A,Elva,Tartu Welco,Over/Under Goals,Under 3.5,1.91,0.5508,2-1,WON,2026-08-04T00:34:13.212Z
2026-08-08T12:00:00Z,1 Lyga,Atmosfera,FA Šiauliai II,Over/Under Goals,Under 3.5,1.83,0.6486,1-1,WON,2026-08-05T00:04:37.784Z
2026-08-08T12:00:00Z,Eliteserien,Valerenga,Bodo/Glimt,Over/Under Goals,Under 3.5,1.95,0.4854,1-2,WON,2026-08-05T00:04:38.156Z
2026-08-08T13:00:00+00:00,1. Deild,NSÍ II,Víkingur II,Over/Under Goals,Under 3.5,2.05,0.4358,1-4,LOST,2026-08-04T00:34:14.949Z
2026-08-08T13:00:00+00:00,Carioca U20,Portuguesa RJ U20,Flamengo U20,Over/Under Goals,Under 3.5,1.6,0.7852,1-3,LOST,2026-08-04T00:34:15.088Z
2026-08-08T13:00:00+00:00,Damallsvenskan,Djurgården W,Uppsala W,Over/Under Goals,Under 3.5,1.91,0.7297,8-0,LOST,2026-08-04T00:34:14.622Z
2026-08-08T13:00:00+00:00,Elitettan,Enskede W,Linköping W,Over/Under Goals,Under 3.5,1.53,0.6927,0-1,WON,2026-08-04T00:34:14.883Z
2026-08-08T13:00:00+00:00,Virsliga,BFC Daugavpils,Tukums,Over/Under Goals,Under 3.5,1.53,0.6647,2-0,WON,2026-08-04T00:34:14.720Z
2026-08-08T13:00:00Z,8 Cup,Orlando Pirates,Durban City,Over/Under Goals,Under 3.5,1.53,0.9966,1-1,WON,2026-08-05T00:04:37.392Z
2026-08-08T13:00:00Z,Allsvenskan,Orgryte IS,AIK Stockholm,Over/Under Goals,Under 3.5,1.57,0.6391,3-4,LOST,2026-08-05T00:04:37.690Z
2026-08-08T13:00:00Z,Friendlies Clubs,Hamburger SV,Lille,Over/Under Goals,Over 2.5,1.66,0.7723,0-1,LOST,2026-08-05T00:04:37.562Z
2026-08-08T13:30:00+00:00,1. Liga Promotion,Basel II,Grand-Saconnex,Over/Under Goals,Under 3.5,1.95,0.6711,1-2,WON,2026-08-04T00:34:15.515Z
2026-08-08T13:30:00+00:00,1. Liga Promotion,Breitenrain,Bulle,Over/Under Goals,Under 3.5,1.62,0.4512,2-2,LOST,2026-08-04T00:34:15.533Z
2026-08-08T13:30:00+00:00,Erste Liga,Rapid Wien II,Voitsberg,Over/Under Goals,Under 3.5,1.55,0.5714,1-3,LOST,2026-08-04T00:34:15.206Z
2026-08-08T13:30:00+00:00,FAW Championship,Aberystwyth Town,Treowen Stars,Double Chance,Home/Draw,1.53,0.6136,1-2,LOST,2026-08-04T00:34:15.296Z
2026-08-08T13:30:00+00:00,FAW Championship,Guilsfield,Mold Alexandra,Over/Under Goals,Over 2.5,1.62,0.7642,3-2,WON,2026-08-04T00:34:15.335Z
2026-08-08T13:30:00+00:00,FAW Championship,Llanuwchllyn,Buckley Town,Over/Under Goals,Under 3.5,1.66,0.5135,2-1,WON,2026-08-04T00:34:15.407Z
2026-08-08T13:30:00+00:00,FAW Championship,Porthmadog,Rhyl,Over/Under Goals,Under 3.5,1.55,0.6990,1-0,WON,2026-08-04T00:34:15.356Z
2026-08-08T13:30:00+00:00,I Liga,Miedz Legnica,Pogoń Grod. Mazowiecki,Over/Under Goals,Under 3.5,1.52,0.9255,0-1,WON,2026-08-04T00:34:15.230Z
2026-08-08T14:00:00+00:00,1. Liga Promotion,Cham,Paradiso,Over/Under Goals,Under 3.5,1.56,0.7417,0-2,WON,2026-08-04T00:34:17.318Z
2026-08-08T14:00:00+00:00,1. Liga Promotion,Luzern II,Brühl,Asian Handicap,Home +0,2.26,0.7059,0-2,LOST,2026-08-04T00:34:17.336Z
2026-08-08T14:00:00+00:00,League Cup,Bristol Rovers,Peterborough,Asian Handicap,Home +0,1.79,0.5484,0-1,LOST,2026-08-04T00:34:15.956Z
2026-08-08T14:00:00+00:00,League Cup,Cardiff,Swindon Town,Over/Under Goals,Under 3.5,1.61,0.5591,3-2,LOST,2026-08-04T00:34:15.608Z
2026-08-08T14:00:00+00:00,League Cup,Leicester,Northampton,Over/Under Goals,Under 3.5,1.68,0.7857,1-0,WON,2026-08-04T00:34:15.661Z
2026-08-08T14:00:00+00:00,League Cup,Stoke City,Oldham,Over/Under Goals,Under 3.5,1.59,0.7135,2-0,WON,2026-08-04T00:34:15.822Z
2026-08-08T14:00:00+00:00,League Cup,West Ham,Portsmouth,Over/Under Goals,Under 3.5,1.58,0.8112,3-1,LOST,2026-08-04T00:34:15.691Z
2026-08-08T14:00:00+00:00,League One,Queen of the South,Peterhead,Over/Under Goals,Under 3.5,1.5,0.7993,0-1,WON,2026-08-04T00:34:17.238Z
2026-08-08T14:00:00+00:00,Premiership,Dundee,Aberdeen,Over/Under Goals,Over 2.5,1.91,0.7734,2-0,LOST,2026-08-04T00:34:15.583Z
2026-08-08T14:00:00+00:00,Premiership,Glentoran,Limavady United,Over/Under Goals,Under 3.5,1.6,0.7517,2-0,WON,2026-08-04T00:34:17.713Z
2026-08-08T14:00:00Z,Championship,Dundela,Moyola Park,Over/Under Goals,Under 3.5,1.58,0.7894,2-2,LOST,2026-08-05T00:04:36.594Z
2026-08-08T14:00:00Z,Championship,H&W Welders,Warrenpoint Town,Over/Under Goals,Under 3.5,1.66,0.9026,3-0,WON,2026-08-05T00:04:36.676Z
2026-08-08T14:00:00Z,Eliteserien,Viking,Sarpsborg 08,Over/Under Goals,Under 3.5,1.98,0.7547,2-1,WON,2026-08-05T00:04:37.242Z
2026-08-08T14:00:00Z,Friendlies Clubs,Brighton,AS Roma,Over/Under Goals,Over 2.5,1.57,0.8126,3-0,WON,2026-08-05T00:04:36.557Z
2026-08-08T14:00:00Z,Friendlies Clubs,Tottenham,Getafe,Over/Under Goals,Under 3.5,1.59,0.7857,1-1,WON,2026-08-05T00:04:36.406Z
2026-08-08T14:00:00Z,League Two,Elgin City,Forfar Athletic,Over/Under Goals,Over 2.5,1.95,0.3807,1-1,LOST,2026-08-05T00:04:36.292Z
2026-08-08T14:00:00Z,League Two,Spartans,Edinburgh City,Over/Under Goals,Under 3.5,1.6,0.5094,2-2,LOST,2026-08-05T00:04:36.980Z
2026-08-08T14:00:00Z,National League,Altrincham,Southend,Double Chance,Home/Draw,1.81,0.5183,1-3,LOST,2026-08-05T00:04:36.160Z
2026-08-08T14:00:00Z,National League,Hartlepool,Barrow,Double Chance,Home/Draw,1.58,0.5939,2-0,WON,2026-08-05T00:04:36.505Z
2026-08-08T14:00:00Z,UEFA Champions League Women,Vllaznia W,Apollon Limassol W,Over/Under Goals,Under 3.5,1.53,0.4997,1-1,WON,2026-08-07T00:04:20.105Z
2026-08-08T14:30:00+00:00,Eredivisie,NEC Nijmegen,Telstar,Over/Under Goals,Under 3.5,1.78,0.5103,1-2,WON,2026-08-04T00:34:17.921Z
2026-08-08T14:30:00+00:00,Super League,Bunyodkor,Olmaliq,Over/Under Goals,Over 2.5,1.79,0.7895,2-3,WON,2026-08-04T00:34:18.024Z
2026-08-08T14:30:00Z,UEFA Champions League Women,Brann W,PAOK W,Over/Under Goals,Under 3.5,1.78,0.4881,3-2,LOST,2026-08-07T00:04:20.054Z
2026-08-08T15:00:00+00:00,Czech Liga,Teplice,Plzen,Asian Handicap,Home +0,3.44,0.6109,5-5,WON,2026-08-04T00:34:18.183Z
2026-08-08T15:00:00+00:00,NB I,Gyori ETO FC,Ferencvarosi TC,Over/Under Goals,Under 3.5,1.6,0.8109,0-3,WON,2026-08-04T00:34:18.224Z
2026-08-08T15:00:00Z,2. liga,Galanta,Petržalka,Team Total Goals,Over 0.5,1.67,0.5634,0-3,LOST,2026-08-05T00:04:35.594Z
2026-08-08T15:00:00Z,Frauenliga,Salzburg W,Kleinmünchen / BW Linz W,Over/Under Goals,Under 3.5,1.91,0.7734,2-0,WON,2026-08-05T00:04:35.709Z
2026-08-08T15:00:00Z,Friendlies Clubs,Angers,Lorient,Over/Under Goals,Over 2.5,1.89,0.7439,2-1,WON,2026-08-05T00:04:35.733Z
2026-08-08T15:00:00Z,Friendlies Clubs,FC Schalke 04,Atalanta,Asian Handicap,Home +0,2.38,0.7809,0-3,LOST,2026-08-05T00:04:35.961Z
2026-08-08T15:00:00Z,Friendlies Clubs,VfB Stuttgart,Everton,Over/Under Goals,Under 3.5,1.65,0.4831,3-1,LOST,2026-08-05T00:04:35.993Z
2026-08-08T15:00:00Z,Superettan,IFK Norrkoping,IK brage,Over/Under Goals,Under 3.5,1.66,0.6565,3-0,WON,2026-08-05T00:04:36.055Z
2026-08-08T15:30:00+00:00,1. Liga,JDFS Alberts,Riga FC II,Over/Under Goals,Under 3.5,1.6,0.5303,2-0,WON,2026-08-04T00:34:19.407Z
2026-08-08T15:30:00+00:00,NB I,Kisvarda FC,Ujpest,Asian Handicap,Home +0,1.85,0.6657,2-4,LOST,2026-08-04T00:34:19.391Z
2026-08-08T16:00:00Z,Esiliiga B,Tartu Kalev,Tulevik,Over/Under Goals,Under 3.5,2.65,0.4250,4-2,LOST,2026-08-05T00:04:34.810Z
2026-08-08T16:00:00Z,Super League,Lausanne,BSC Young Boys,Team Total Goals,Under 2.5,1.82,0.5159,2-2,WON,2026-08-05T00:04:34.987Z
2026-08-08T16:00:00Z,Super Liga,Ružomberok,Podbrezová,Double Chance,Home/Draw,1.63,0.5777,1-4,LOST,2026-08-05T00:04:35.231Z
2026-08-08T16:00:00Z,Toppserien,Bodø / Glimt W,Molde W,Over/Under Goals,Under 3.5,1.83,0.4521,1-2,WON,2026-08-05T00:04:35.013Z
2026-08-08T16:30:00+00:00,League Cup,Colchester,Southampton,Over/Under Goals,Under 3.5,1.59,0.6383,0-2,WON,2026-08-04T00:34:19.906Z
2026-08-08T16:45:00+00:00,Eredivisie,GO Ahead Eagles,Willem II,Over/Under Goals,Under 3.5,1.58,0.5079,4-1,LOST,2026-08-04T00:34:20.022Z
2026-08-08T17:00:00Z,Erovnuli Liga 2,Aragvi Dusheti,Samtredia,Over/Under Goals,Over 2.5,1.8,0.7645,2-4,WON,2026-08-05T00:04:34.410Z
2026-08-08T17:00:00Z,Friendlies Clubs,Ferencvarosi TC,Real Madrid,Over/Under Goals,Under 3.5,1.91,0.5740,1-2,WON,2026-08-05T00:04:34.453Z
2026-08-08T17:00:00Z,UEFA Champions League Women,Eintracht Frankfurt W,Malmö FF W,Over/Under Goals,Under 3.5,1.5,0.4768,2-0,WON,2026-08-07T00:04:19.939Z
2026-08-08T18:00:00+00:00,Czech Liga,Mlada Boleslav,Sparta Praha,Asian Handicap,Home +0,3.26,0.6925,2-0,WON,2026-08-04T00:34:20.561Z
2026-08-08T18:00:00+00:00,Primera Nacional,CA Estudiantes,Deportivo Madryn,Over/Under Goals,Over 1.5,1.62,0.8076,0-1,LOST,2026-08-04T00:34:20.859Z
2026-08-08T18:00:00+00:00,Prva Liga,OFK Bor 1919,Napredak,Asian Handicap,Home +0,3.3,0.7176,0-1,LOST,2026-08-04T00:34:21.157Z
2026-08-08T18:00:00+00:00,Prva Liga,Teleoptik,Jedinstvo Ub,Asian Handicap,Home +0,2.0,0.8116,0-2,LOST,2026-08-04T00:34:21.100Z
2026-08-08T18:15:00+00:00,1. SNL,Celje,Olimpija Ljubljana,Over/Under Goals,Under 3.5,1.57,0.8894,1-0,WON,2026-08-04T00:34:21.256Z
2026-08-08T18:30:00+00:00,Bundesliga 2,VfL Wolfsburg,1. FC Kaiserslautern,Over/Under Goals,Under 3.5,1.73,0.8233,0-0,WON,2026-08-04T00:34:21.281Z
2026-08-08T18:30:00Z,Goiano - 2,Crixás EC,Morrinhos,Asian Handicap,Home +0,2.1,0.5784,3-3,WON,2026-08-05T00:04:33.654Z
2026-08-08T18:30:00Z,Super League,Servette FC,Grasshoppers,Team Total Goals,Over 0.5,1.51,0.6218,2-1,WON,2026-08-05T00:04:33.537Z
2026-08-08T18:30:00Z,UEFA Champions League Women,Ajax W,Rangers W,Over/Under Goals,Under 3.5,1.63,0.4796,2-1,WON,2026-08-07T00:04:19.789Z
2026-08-08T18:45:00+00:00,Ligue 2,Metz,Guingamp,Asian Handicap,Home +0,1.52,0.7340,2-1,WON,2026-08-04T00:34:21.503Z
2026-08-08T19:00:00+00:00,Primera División,San Antonio Bulo Bulo,Nacional Potosí,Over/Under Goals,Under 3.5,1.7,0.7802,2-1,WON,2026-08-04T00:34:21.847Z
2026-08-08T19:00:00Z,Friendlies Clubs,Valencia,Newcastle United,Asian Handicap,Home +0,1.9,0.6689,1-2,LOST,2026-08-05T00:04:33.373Z
2026-08-08T19:00:00Z,Goiano - 2,Grêmio Anápolis,Trindade,Asian Handicap,Home +0,2.0,0.6447,3-0,WON,2026-08-05T00:04:33.412Z
2026-08-08T19:00:00Z,Segunda División,Colón,Cerrito,Asian Handicap,Home +0,1.75,0.5711,1-0,WON,2026-08-07T00:04:19.767Z
2026-08-08T19:30:00+00:00,Primeira Liga,Estrela,Sporting CP,Over/Under Goals,Over 2.5,1.66,0.8209,2-2,WON,2026-08-04T00:34:22.027Z
2026-08-08T19:30:00+00:00,Segunda División,Colina,Deportes Rengo,Over/Under Goals,Over 2.5,1.78,0.8096,0-1,LOST,2026-08-04T00:34:22.047Z
2026-08-08T20:00:00+00:00,MLS Next Pro,Portland Timbers II,Los Angeles FC II,Over/Under Goals,Under 3.5,1.73,0.6204,0-0,WON,2026-08-04T00:34:22.576Z
2026-08-08T20:00:00+00:00,Torneo Federal A,Boca Unidos,Independiente De Chivilcoy,Over/Under Goals,Over 1.5,1.5,0.8502,1-1,WON,2026-08-04T00:34:22.216Z
2026-08-08T20:00:00+00:00,Torneo Federal A,Juventud Antoniana,Alvarado,Over/Under Goals,Over 1.5,1.61,0.8067,0-2,WON,2026-08-04T00:34:22.365Z
2026-08-08T20:00:00Z,Segunda División,Yaracuyanos FC,Real Frontera,Over/Under Goals,Under 3.5,1.52,0.7537,2-0,WON,2026-08-07T00:04:19.728Z
2026-08-08T20:30:00Z,Major League Soccer,New England Revolution,Houston Dynamo,Double Chance,Home/Draw,1.53,0.6145,0-2,LOST,2026-08-05T00:04:32.960Z
2026-08-08T22:00:00+00:00,MLS Next Pro,Columbus Crew II,New York RB II,Over/Under Goals,Under 3.5,1.95,0.4604,1-2,WON,2026-08-04T00:34:23.151Z
2026-08-08T22:30:00+00:00,Leagues Cup,Orlando City SC,Leon,Asian Handicap,Home +0,1.59,0.7437,1-2,LOST,2026-08-04T00:34:23.240Z
2026-08-08T22:45:00+00:00,Liga MX U21,Club Tijuana U21,Club Leon U21,Asian Handicap,Home +0,1.7,0.6489,1-0,WON,2026-07-22T00:36:01.091Z
2026-08-08T23:00:00+00:00,USL Championship,Lexington,Phoenix Rising,Over/Under Goals,Under 3.5,1.5,0.7105,1-0,WON,2026-08-04T00:34:23.406Z
2026-08-08T23:00:00+00:00,USL Championship,Loudoun United,Charleston Battery,Over/Under Goals,Under 3.5,1.5,0.4807,0-1,WON,2026-08-04T00:34:23.346Z
2026-08-08T23:30:00+00:00,MLS Next Pro,Carolina Core,Huntsville City,Over/Under Goals,Under 3.5,1.54,0.7836,2-0,WON,2026-08-04T00:34:23.551Z
2026-08-08T23:30:00+00:00,Primera División,Aurora,Bolívar,Over/Under Goals,Under 3.5,1.8,0.4982,2-4,LOST,2026-08-04T00:34:23.532Z
2026-08-09T00:00:00Z,Liga de Ascenso,Municipal Grecia,Quepos Cambute,Over/Under Goals,Over 2.5,1.55,0.7715,2-0,LOST,2026-08-06T00:06:42.223Z
2026-08-09T00:00:00Z,Primera Division,Diriangén,Rancho Santana,Over/Under Goals,Under 3.5,1.91,0.8532,2-1,WON,2026-08-06T00:06:42.119Z
2026-08-09T01:00:00Z,Leagues Cup,Guadalajara Chivas,FC Dallas,Over/Under Goals,Under 3.5,1.57,0.7619,0-1,WON,2026-08-06T00:06:41.893Z
2026-08-09T01:00:00Z,Primera Division,Firpo,Municipal Limeño,Double Chance,Home/Draw,1.54,0.6100,2-0,WON,2026-08-06T00:06:41.725Z
2026-08-09T01:06:00Z,Liga MX Femenil,Necaxa W,Pumas UNAM W,Over/Under Goals,Under 3.5,1.86,0.4411,1-2,WON,2026-08-06T00:06:41.706Z
2026-08-09T01:30:00Z,USL League One,Boise,Forward Madison,Double Chance,Home/Draw,1.51,0.6214,2-1,WON,2026-08-06T00:06:41.688Z
2026-08-09T02:00:00Z,Leagues Cup,Real Salt Lake,Mazatlán,Over/Under Goals,Under 3.5,1.54,0.4835,4-0,LOST,2026-08-06T00:06:41.521Z
2026-08-09T02:00:00Z,Primera División,Puntarenas FC,Deportivo Saprissa,Double Chance,Home/Draw,1.84,0.5122,0-2,LOST,2026-08-06T00:06:41.543Z
2026-08-09T02:00:00Z,USL Championship,Monterey Bay,New Mexico United,Double Chance,Home/Draw,1.76,0.5335,2-5,LOST,2026-08-06T00:06:41.566Z
2026-08-09T03:10:00Z,Leagues Cup,Toluca,Los Angeles FC,Over/Under Goals,Under 3.5,1.57,0.4760,0-1,WON,2026-08-06T00:06:41.432Z
2026-08-09T05:00:00Z,Capital Territory NPL,Canberra Juventus,Canberra White Eagles,Over/Under Goals,Under 3.5,2.43,0.5288,4-2,LOST,2026-08-06T00:06:41.328Z
2026-08-09T06:00:00Z,Queensland Premier League,Brisbane Strikers,Redlands United,Over/Under Goals,Under 3.5,1.78,0.5840,3-0,WON,2026-08-06T00:06:41.218Z
2026-08-09T06:00:00Z,Queensland Premier League,Caboolture,Holland Park Hawks,Over/Under Goals,Under 3.5,2.17,0.3704,7-2,LOST,2026-08-06T00:06:41.201Z
2026-08-09T06:00:00Z,Queensland Premier League,Logan Lightning,St George Willawong,Over/Under Goals,Under 3.5,1.6,0.6479,4-1,LOST,2026-08-06T00:06:41.256Z
2026-08-09T06:00:00Z,Queensland Premier League,SC Wanderers,Broadbeach United,Over/Under Goals,Under 3.5,1.6,0.9329,2-1,WON,2026-08-06T00:06:41.275Z
2026-08-09T10:15:00Z,Eredivisie,Sparta Rotterdam,Feyenoord,Over/Under Goals,Under 3.5,1.63,0.7458,0-1,WON,2026-08-06T00:06:40.728Z
2026-08-09T11:00:00Z,1. Division,Hvidovre,Esbjerg,Double Chance,Home/Draw,1.56,0.6013,2-1,WON,2026-08-06T00:06:40.526Z
2026-08-09T11:00:00Z,1. divisjon Kvinner,Start W,Frigg Oslo FK W,Over/Under Goals,Under 3.5,2.11,0.7137,5-0,LOST,2026-08-06T00:06:40.680Z
2026-08-09T11:00:00Z,Friendlies Clubs,Manchester City,Atletico Madrid,Over/Under Goals,Over 2.5,1.65,0.8013,3-1,WON,2026-08-06T00:06:40.571Z
2026-08-09T11:30:00Z,2. Bundesliga,FC Nurnberg,Dynamo Dresden,Team Total Goals,Over 0.5,1.71,0.5483,3-0,WON,2026-08-06T00:06:40.260Z
2026-08-09T12:00:00Z,Allsvenskan,Hammarby FF,BK Hacken,Over/Under Goals,Under 3.5,1.85,0.5295,3-0,WON,2026-08-06T00:06:40.097Z
2026-08-09T12:00:00Z,Pershaya Liga,Lida,FC Slutsk,Over/Under Goals,Under 3.5,1.88,0.8159,2-1,WON,2026-08-06T00:06:39.798Z
2026-08-09T12:00:00Z,Super League,FC Lugano,FC Zurich,Over/Under Goals,Under 3.5,1.57,0.6353,5-0,LOST,2026-08-06T00:06:39.780Z
2026-08-09T12:00:00Z,Super League,Shandong Taishan,Tianjin Teda,Over/Under Goals,Under 3.5,1.54,0.5644,2-1,WON,2026-08-06T00:06:40.125Z
2026-08-09T12:30:00Z,Eliteserien,Lillestrom,Rosenborg,Double Chance,Home/Draw,1.65,0.5697,0-2,LOST,2026-08-06T00:06:39.594Z
2026-08-09T12:30:00Z,Eredivisie,PEC Zwolle,Ajax,Over/Under Goals,Under 3.5,1.72,0.7059,0-2,WON,2026-08-06T00:06:39.730Z
2026-08-09T13:00:00Z,1. Division,FC Fredericia,Vendsyssel FF,Team Total Goals,Under 2.5,1.57,0.5977,1-1,WON,2026-08-06T00:06:39.071Z
2026-08-09T13:00:00Z,1. Liga Promotion,Biel-Bienne,YF Juventus,Over/Under Goals,Under 3.5,1.6,0.8854,4-2,LOST,2026-08-06T00:06:39.336Z
2026-08-09T13:00:00Z,1. divisjon Kvinner,Kolbotn W,Viking FK W,Over/Under Goals,Under 3.5,1.8,0.6192,0-6,LOST,2026-08-06T00:06:39.460Z
2026-08-09T13:00:00Z,Division Intermedia,Benjamín Aceval,3 de Noviembre,Team Total Goals,Over 0.5,2.43,0.3862,2-1,WON,2026-08-07T00:04:20.743Z
2026-08-09T13:00:00Z,Premier League,FC Astana,Okzhetpes,Team Total Goals,Under 2.5,1.55,0.6069,2-1,WON,2026-08-06T00:06:39.100Z
2026-08-09T13:00:00Z,Premier League,Pyunik Yerevan,Van,Over/Under Goals,Under 3.5,1.56,0.8803,3-0,WON,2026-08-06T00:06:39.262Z
2026-08-09T13:00:00Z,Virsliga,FS Jelgava,Auda,Double Chance,Home/Draw,1.8,0.5217,0-1,LOST,2026-08-06T00:06:39.186Z
2026-08-09T13:30:00Z,First League,Ararat-Armenia II,BKMA II,Over/Under Goals,Under 3.5,1.54,0.9442,0-2,WON,2026-08-06T00:06:38.995Z
2026-08-09T13:30:00Z,Friendlies Clubs,Liverpool,Monaco,Over/Under Goals,Under 3.5,1.73,0.5247,2-3,LOST,2026-08-06T00:06:38.957Z
2026-08-09T14:00:00Z,Meistaradeildin,Vikingur Gota,B68,Over/Under Goals,Under 3.5,1.66,0.6796,2-1,WON,2026-08-06T00:06:38.500Z
2026-08-09T14:00:00Z,National Division,Etzella Ettelbruck,Racing FC Union Luxembourg,Over/Under Goals,Under 3.5,1.63,0.4949,0-1,WON,2026-08-06T00:06:38.647Z
2026-08-09T14:00:00Z,National Division,FC Differdange 03,US Rumelange,Over/Under Goals,Under 3.5,1.52,0.7334,2-0,WON,2026-08-06T00:06:38.350Z
2026-08-09T14:30:00Z,3. Liga,FC Saarbrücken,Rot-Weiß Essen,Team Total Goals,Under 2.5,1.55,0.6061,5-2,LOST,2026-08-06T00:06:38.172Z
2026-08-09T14:30:00Z,Allsvenskan,IFK Goteborg,Kalmar FF,Double Chance,Home/Draw,1.52,0.6204,3-2,WON,2026-08-06T00:06:38.102Z
2026-08-09T15:00:00Z,1. Division,Sogndal,Bryne,Double Chance,Home/Draw,1.58,0.5932,0-2,LOST,2026-08-06T00:06:37.579Z
2026-08-09T15:00:00Z,1. Division,Strommen,Ranheim,Asian Handicap,Home +0,1.86,0.4683,1-4,LOST,2026-08-06T00:06:37.251Z
2026-08-09T15:00:00Z,Eliteserien,Ham-Kam,Aalesund,Asian Handicap,Home +0,1.61,0.5055,1-1,WON,2026-08-06T00:06:37.520Z
2026-08-09T15:00:00Z,Premiership,Rangers,Hibernian,Over/Under Goals,Under 3.5,1.6,0.7763,1-2,WON,2026-08-06T00:06:37.734Z
2026-08-09T15:00:00Z,Veikkausliiga,Ilves,IFK Mariehamn,Team Total Goals,Over 0.5,1.66,0.5649,2-0,LOST,2026-08-06T00:06:37.352Z
2026-08-09T15:30:00Z,Ekstraklasa,Lech Poznan,Piast Gliwice,Over/Under Goals,Under 3.5,1.5,0.4838,3-0,WON,2026-08-06T00:06:37.070Z
2026-08-09T15:30:00Z,Friendlies Clubs,Marseille,Athletic Club,Over/Under Goals,Under 3.5,1.82,0.5944,3-1,LOST,2026-08-06T00:06:37.099Z
2026-08-09T15:30:00Z,NB II,Soroksar,Diosgyori VTK,Double Chance,Home/Draw,1.5,0.6267,4-0,WON,2026-08-06T00:06:36.905Z
2026-08-09T16:00:00Z,8 Cup,Kaizer Chiefs,Golden Arrows,Team Total Goals,Over 0.5,2.32,0.4048,0-1,LOST,2026-08-06T00:06:36.775Z
2026-08-09T16:00:00Z,Segunda División,Miramar,Tacuarembo,Team Total Goals,Over 0.5,1.65,0.5709,1-1,WON,2026-08-07T00:04:20.663Z
2026-08-09T16:15:00Z,Meistaradeildin,NSI Runavik,Skála,Over/Under Goals,Under 3.5,1.64,0.8491,4-0,LOST,2026-08-06T00:06:36.453Z
2026-08-09T16:30:00Z,HNL,NK Slaven Belupo,NK Varazdin,Double Chance,Home/Draw,1.52,0.6186,1-4,LOST,2026-08-06T00:06:36.352Z
2026-08-09T17:00:00Z,Bundesliga,Austria Vienna,Lask Linz,Double Chance,Home/Draw,1.9,0.4939,0-2,LOST,2026-08-06T00:06:36.249Z
2026-08-09T17:00:00Z,National Division,AS Jeunesse Esch,Atert Bissen,Asian Handicap,Home +0,4.4,0.6187,0-2,LOST,2026-08-06T00:06:36.200Z
2026-08-09T17:00:00Z,Super Liga,Zimbru,Petrocub,Double Chance,Home/Draw,1.5,0.6264,1-2,LOST,2026-08-06T00:06:36.270Z
2026-08-09T18:00:00Z,Prva Liga,TSC Backa Topola,Javor,Over/Under Goals,Over 2.5,2.1,0.7790,1-1,LOST,2026-08-06T00:06:35.851Z
2026-08-09T18:00:00Z,Super Liga,Vojvodina,Radnik Surdulica,Asian Handicap,Home +0,1.83,0.6977,2-1,WON,2026-08-06T00:06:35.390Z
2026-08-09T18:00:00Z,Úrvalsdeild,IA Akranes,Thor Akureyri,Over/Under Goals,Under 3.5,2.04,0.4823,2-0,WON,2026-08-06T00:06:35.463Z
2026-08-09T18:00:00Z,Úrvalsdeild,KA Akureyri,FH hafnarfjordur,Over/Under Goals,Under 3.5,1.88,0.6760,0-1,WON,2026-08-06T00:06:35.578Z
2026-08-09T18:30:00Z,Friendlies Clubs,Mantova,Athletic Carpi,Over/Under Goals,Under 3.5,1.53,0.4210,0-1,WON,2026-08-06T00:06:34.990Z
2026-08-09T18:45:00Z,Friendlies Clubs,Frosinone,Lazio,Over/Under Goals,Over 2.5,1.76,0.7846,1-2,WON,2026-08-06T00:06:34.938Z
2026-08-09T19:00:00Z,Primera División,Gualberto Villarroel SJ,Always Ready,Over/Under Goals,Under 3.5,1.75,0.6447,2-3,LOST,2026-08-06T00:06:34.863Z
2026-08-09T19:00:00Z,Primera Nacional,Racing Cordoba,San Miguel,Over/Under Goals,Over 1.5,1.75,0.7972,1-0,LOST,2026-08-06T00:06:34.465Z
2026-08-09T19:00:00Z,Serie B,Nautico Recife,Atletico Goianiense,Team Total Goals,Over 0.5,1.63,0.5764,1-1,WON,2026-08-06T00:06:34.500Z
2026-08-09T19:00:00Z,Super Liga,Mladost Lucani,Cukaricki,Double Chance,Home/Draw,1.56,0.6041,2-2,WON,2026-08-06T00:06:34.538Z
2026-08-09T19:30:00Z,Segunda División,Club Atletico Barinas,Zamora FC B,Over/Under Goals,Over 2.5,1.72,0.8179,2-3,WON,2026-08-07T00:04:20.503Z
2026-08-09T20:00:00Z,Liga Femenina,Llaneros W,Atlético Nacional W,Over/Under Goals,Under 3.5,1.52,0.4605,1-5,LOST,2026-08-06T00:06:33.915Z
2026-08-09T20:00:00Z,Liga de Ascenso,CS Uruguay,Cariari Pococi,Over/Under Goals,Under 3.5,1.55,0.7463,0-1,WON,2026-08-06T00:06:33.884Z
2026-08-09T20:00:00Z,Primera Nacional,Quilmes,Almagro,Over/Under Goals,Over 1.5,1.53,0.8459,1-1,WON,2026-08-06T00:06:34.007Z
2026-08-09T20:15:00Z,Liga Women,Sporting Cristal W,U. de Deportes W,Over/Under Goals,Under 3.5,1.57,0.7248,1-3,LOST,2026-08-06T00:06:33.805Z
2026-08-09T20:15:00Z,Úrvalsdeild,Breidablik,Valur Reykjavik,Over/Under Goals,Under 3.5,2.09,0.7814,1-3,LOST,2026-08-06T00:06:33.786Z
2026-08-09T20:30:00Z,Primera Division,FBC Melgar,FC Cajamarca,Over/Under Goals,Under 3.5,1.55,0.7645,2-4,LOST,2026-08-06T00:06:33.735Z
2026-08-09T21:30:00Z,Primera Division,Union La Calera,Colo Colo,Team Total Goals,Under 2.5,1.64,0.5740,1-2,WON,2026-08-06T00:06:33.330Z
2026-08-09T22:30:00Z,Serie A,Flamengo,Vitoria,Over/Under Goals,Under 3.5,1.53,0.8101,2-0,WON,2026-08-06T00:06:33.048Z
2026-08-09T23:00:00Z,CONCACAF U20,United States U20,Mexico U20,Over/Under Goals,Over 2.5,1.88,0.7791,0-2,LOST,2026-08-09T00:05:03.138Z
2026-08-09T23:30:00Z,Primera División,Oriente Petrolero,Universitario de Vinto,Over/Under Goals,Under 3.5,1.66,0.7539,5-0,LOST,2026-08-06T00:06:32.794Z
2026-08-10T00:00:00Z,Leagues Cup,Chicago Fire,Santos Laguna,Over/Under Goals,Under 3.5,1.62,0.7808,3-1,LOST,2026-08-07T00:04:22.959Z
2026-08-10T01:00:00Z,Leagues Cup,Austin,Puebla,Over/Under Goals,Under 3.5,1.5,0.5413,3-0,WON,2026-08-07T00:04:22.800Z
2026-08-10T01:00:00Z,Primera Division,Matagalpa,Managua,Team Total Goals,Under 2.5,1.72,0.5453,0-3,LOST,2026-08-07T00:04:22.754Z
2026-08-10T02:00:00Z,Leagues Cup,San Diego,Club Tijuana,Over/Under Goals,Under 3.5,1.5,0.5676,1-0,WON,2026-08-07T00:04:22.682Z
2026-08-10T13:00:00Z,First League,Andranik,Shirak II,Over/Under Goals,Under 3.5,1.8,1.0000,4-0,LOST,2026-08-07T00:04:22.557Z
2026-08-10T14:30:00Z,Pershaya Liga,Minsk II,Ostrovets FC,Over/Under Goals,Under 3.5,1.85,0.8290,1-2,WON,2026-08-07T00:04:22.450Z
2026-08-10T16:00:00Z,Esiliiga A,Flora II,Nõmme Kalju II,Over/Under Goals,Under 3.5,2.75,0.4823,3-0,WON,2026-08-07T00:04:22.176Z
2026-08-10T16:30:00Z,Premier League,Fakel,Akhmat,Double Chance,Home/Draw,1.64,0.5740,0-0,WON,2026-08-09T00:05:03.542Z
2026-08-10T16:30:00Z,Virsliga,Rīgas FS,Grobiņa,Team Total Goals,Over 0.5,1.87,0.5029,6-1,WON,2026-08-07T00:04:22.033Z
2026-08-10T17:00:00Z,Allsvenskan,Sirius,IF Brommapojkarna,Team Total Goals,Under 2.5,2.14,0.4400,2-2,WON,2026-08-07T00:04:21.772Z
2026-08-10T19:00:00Z,Liga Pro,Tecnico Universitario,Mushuc Runa SC,Double Chance,Home/Draw,1.66,0.5676,0-3,LOST,2026-08-07T00:04:21.328Z
2026-08-10T19:00:00Z,MLS Next Pro,Chicago FC United,Toronto II,Over/Under Goals,Under 3.5,1.76,0.7026,2-4,LOST,2026-08-07T00:04:21.262Z
2026-08-10T19:15:00Z,Úrvalsdeild,Fram Reykjavik,KR Reykjavik,Double Chance,Home/Draw,1.51,0.6213,2-5,LOST,2026-08-07T00:04:21.236Z
2026-08-10T21:30:00Z,Division Profesional - Clausura,Libertad Asuncion,Sportivo Trinidense,Double Chance,Home/Draw,1.57,0.5981,2-1,WON,2026-08-07T00:04:21.137Z
2026-08-11T08:00:00Z,AFC Challenge League,Ulaanbaatar,Hang Yuen,Over/Under Goals,Under 3.5,1.5,0.7367,1-2,WON,2026-08-08T00:04:30.482Z
2026-08-11T10:30:00Z,South Australia NPL,Sturt Lions,Adelaide Comets,Over/Under Goals,Under 3.5,1.63,0.7891,0-0,WON,2026-08-12T00:04:32.717Z
2026-08-11T15:00:00Z,MLS Next Pro,New York City II,Orlando City II,Over/Under Goals,Under 3.5,1.8,0.6909,3-0,WON,2026-08-08T00:04:30.132Z
2026-08-11T16:00:00Z,Cup,Hluboka nad Vltavou,Aritma Praha,Over/Under Goals,Under 3.5,1.76,0.7195,1-0,WON,2026-08-08T00:04:29.813Z
2026-08-11T16:00:00Z,Cup,Sokol Hostouň,Kladno,Over/Under Goals,Under 3.5,1.78,0.8361,0-4,LOST,2026-08-08T00:04:29.869Z
2026-08-11T16:00:00Z,UEFA Champions League,Bodo/Glimt,Union St. Gilloise,Over/Under Goals,Under 3.5,1.72,0.3950,2-2,LOST,2026-08-08T00:04:29.897Z
2026-08-11T17:00:00Z,Second League,Yantra 2019,Montana,Asian Handicap,Away -0.25,2.42,0.6755,3-2,LOST,2026-08-08T00:04:29.406Z
2026-08-11T17:00:00Z,Superettan,Helsingborgs IF,IFK Varnamo,Over/Under Goals,Under 3.5,1.5,0.6474,1-2,WON,2026-08-08T00:04:29.495Z
2026-08-11T18:00:00Z,Paulista - U20,Palmeiras U20,Ituano U20,Over/Under Goals,Under 3.5,1.68,0.8805,4-0,LOST,2026-08-08T00:04:29.055Z
2026-08-11T18:00:00Z,UEFA Champions League,FK Crvena Zvezda,Hapoel Beer Sheva,Over/Under Goals,Under 3.5,1.54,0.6228,0-2,WON,2026-08-08T00:04:28.972Z
2026-08-11T18:45:00Z,Challenge Cup,Banks O' Dee,Peterhead,Over/Under Goals,Under 3.5,1.53,0.7490,1-5,LOST,2026-08-08T00:04:28.435Z
2026-08-11T18:45:00Z,Challenge Cup,Berwick Rangers,Hearts U21,Over/Under Goals,Under 3.5,2.2,0.7588,3-4,LOST,2026-08-08T00:04:28.450Z
2026-08-11T18:45:00Z,Challenge Cup,Clachnacuddin,Dundee United II,Over/Under Goals,Under 3.5,1.85,0.6908,5-0,LOST,2026-08-08T00:04:28.635Z
2026-08-11T18:45:00Z,Challenge Cup,Clydebank,Hibernian U21,Over/Under Goals,Under 3.5,1.77,0.4881,4-0,LOST,2026-08-08T00:04:28.666Z
2026-08-11T18:45:00Z,Challenge Cup,East Fife,Spartans,Over/Under Goals,Under 3.5,1.52,0.6719,2-2,LOST,2026-08-08T00:04:28.702Z
2026-08-11T18:45:00Z,Challenge Cup,Edinburgh City,Cowdenbeath,Over/Under Goals,Under 3.5,1.73,0.6808,3-1,LOST,2026-08-08T00:04:28.473Z
2026-08-11T18:45:00Z,Challenge Cup,Elgin City,Ross County,Over/Under Goals,Under 3.5,1.7,0.7680,1-2,WON,2026-08-08T00:04:28.575Z
2026-08-11T18:45:00Z,Challenge Cup,Formartine United,Dundee II,Over/Under Goals,Under 3.5,1.5,0.6509,4-1,LOST,2026-08-08T00:04:28.491Z
2026-08-11T18:45:00Z,Challenge Cup,Kelty Hearts,Motherwell U21,Over/Under Goals,Under 3.5,1.69,0.7201,4-3,LOST,2026-08-08T00:04:28.383Z
2026-08-11T18:45:00Z,Challenge Cup,Montrose,Fraserburgh,Over/Under Goals,Under 3.5,1.8,0.6149,2-0,WON,2026-08-08T00:04:28.399Z
2026-08-11T18:45:00Z,Challenge Cup,Queen of the South,Cumbernauld Colts,Over/Under Goals,Under 3.5,1.85,0.5199,4-0,LOST,2026-08-08T00:04:28.539Z
2026-08-11T18:45:00Z,Championship,Loughgall,Newington Youth,Over/Under Goals,Under 3.5,1.53,0.8434,2-2,LOST,2026-08-08T00:04:28.346Z
2026-08-11T18:45:00Z,Championship,Queen's University,H&W Welders,Asian Handicap,Home +0,3.28,0.6027,2-1,WON,2026-08-08T00:04:28.590Z
2026-08-11T19:30:00Z,Copa Paraguay,Independiente F.b.c.,Sportivo Ameliano,Over/Under Goals,Under 3.5,1.54,0.7291,1-0,WON,2026-08-09T00:05:03.564Z
2026-08-11T22:00:00Z,CONMEBOL Libertadores,Fluminense,Independ. Rivadavia,Asian Handicap,Home +0.5,2.1,0.8009,0-0,WON,2026-08-08T00:04:28.131Z
2026-08-11T23:30:00Z,Leagues Cup,Charlotte,CF Pachuca,Over/Under Goals,Under 3.5,1.5,0.4862,0-1,WON,2026-08-08T00:04:27.972Z
2026-08-11T23:30:00Z,Leagues Cup,Columbus Crew,U.N.A.M. - Pumas,Over/Under Goals,Under 3.5,1.6,0.6617,1-1,WON,2026-08-08T00:04:27.946Z
2026-08-12T00:00:00Z,Concacaf Central American Cup,Plaza Amador,Xelajú,Asian Handicap,Home +0,1.69,0.6286,5-2,WON,2026-08-09T00:05:06.897Z
2026-08-12T00:00:00Z,Leagues Cup,FC Cincinnati,Atlas,Over/Under Goals,Over 2.5,1.55,0.7967,1-2,WON,2026-08-09T00:05:06.958Z
2026-08-12T00:30:00Z,CONMEBOL Libertadores,Deportes Tolima,Independiente del Valle,Double Chance,Home/Draw,1.63,0.5780,0-1,LOST,2026-08-09T00:05:06.868Z
2026-08-12T00:30:00Z,CONMEBOL Sudamericana,Bolívar,Sao Paulo,Over/Under Goals,Under 3.5,1.5,0.6852,1-1,WON,2026-08-09T00:05:06.804Z
2026-08-12T02:00:00Z,Leagues Cup,Tigres UANL,Vancouver Whitecaps,Over/Under Goals,Under 3.5,1.55,0.8476,1-1,WON,2026-08-09T00:05:06.728Z
2026-08-12T08:00:00Z,Friendlies Clubs,FC Cartagena,Orihuela,Over/Under Goals,Under 3.5,1.58,0.9360,3-0,WON,2026-08-10T00:04:11.619Z
2026-08-12T09:30:00Z,Australia Cup,Brunswick Juventus FC,Preston Lions,Over/Under Goals,Under 3.5,1.53,0.4062,1-4,LOST,2026-08-09T00:05:06.588Z
2026-08-12T10:00:00Z,Northern NSW NPL,Charlestown City Blues,Edgeworth Eagles,Over/Under Goals,Under 3.5,1.8,0.5428,0-2,WON,2026-08-10T00:04:11.560Z
2026-08-12T10:00:00Z,Northern NSW NPL,Kahibah,Maitland,Over/Under Goals,Under 3.5,2.05,0.5399,1-2,WON,2026-08-10T00:04:11.533Z
2026-08-12T14:30:00Z,Cupa României,Baicoi,Metalul Buzău,Over/Under Goals,Under 3.5,1.53,0.7163,2-4,LOST,2026-08-09T00:05:06.144Z
2026-08-12T14:30:00Z,Cupa României,Corona Braşov,Olimpic Zărneşti,Over/Under Goals,Over 2.5,1.66,0.8216,3-1,WON,2026-08-09T00:05:06.173Z
2026-08-12T14:30:00Z,Cupa României,Dunărea 2020 Giurgiu,CSA Steaua Bucureşti,Asian Handicap,Home +0.5,3.54,0.7967,0-3,LOST,2026-08-09T00:05:06.210Z
2026-08-12T14:30:00Z,Cupa României,Flacăra Moreni,Chindia Targoviste,Over/Under Goals,Over 2.5,1.73,0.8292,1-2,WON,2026-08-09T00:05:06.244Z
2026-08-12T14:30:00Z,Cupa României,Minaur Baia Mare,CSM Satu Mare,Over/Under Goals,Under 3.5,1.5,0.5135,5-0,LOST,2026-08-09T00:05:06.128Z
2026-08-12T14:30:00Z,Cupa României,Oltul Curtişoara,Slatina,Over/Under Goals,Under 3.5,1.75,0.8597,0-3,WON,2026-08-09T00:05:06.190Z
2026-08-12T14:30:00Z,Cupa României,Progresul Spartac,Metaloglobus,Over/Under Goals,Under 3.5,1.55,0.7280,2-1,WON,2026-08-09T00:05:06.012Z
2026-08-12T14:30:00Z,Cupa României,Timişul Şag,CSM Reşiţa,Over/Under Goals,Under 3.5,1.7,0.7389,1-3,LOST,2026-08-09T00:05:06.277Z
2026-08-12T14:30:00Z,Cupa României,USV Iaşi,Cetatea Suceava,Over/Under Goals,Under 3.5,1.75,0.4644,1-0,WON,2026-08-09T00:05:06.306Z
2026-08-12T15:00:00Z,Cup,Baník Sokolov,Arsenal Česká Lípa,Over/Under Goals,Under 3.5,1.76,0.5276,3-1,LOST,2026-08-09T00:05:05.631Z
2026-08-12T15:00:00Z,Cup,Belotin,Havířov,Asian Handicap,Home +0,6.0,0.7376,1-3,LOST,2026-08-09T00:05:05.358Z
2026-08-12T15:00:00Z,Cup,Benešov,Táborsko,Over/Under Goals,Under 3.5,1.54,0.7772,0-1,WON,2026-08-09T00:05:05.281Z
2026-08-12T15:00:00Z,Cup,Brandýs nad Labem,Varnsdorf,Over/Under Goals,Under 3.5,1.7,0.4899,1-1,WON,2026-08-09T00:05:05.521Z
2026-08-12T15:00:00Z,Cup,Brumov,Karviná,Over/Under Goals,Under 3.5,2.01,0.7677,0-4,LOST,2026-08-09T00:05:05.713Z
2026-08-12T15:00:00Z,Cup,Břidličná,Tatran Všechovice,Over/Under Goals,Under 3.5,1.52,0.9121,2-2,LOST,2026-08-09T00:05:05.697Z
2026-08-12T15:00:00Z,Cup,Chlumec nad Cidlinou,Admira Praha,Over/Under Goals,Under 3.5,1.71,0.7569,0-4,LOST,2026-08-09T00:05:05.898Z
2026-08-12T15:00:00Z,Cup,Doubravka,Motorlet Praha,Over/Under Goals,Over 2.5,1.6,0.7772,2-5,WON,2026-08-09T00:05:05.727Z
2026-08-12T15:00:00Z,Cup,Havlíčkův Brod,Vysočina Jihlava,Over/Under Goals,Under 3.5,2.12,0.8258,1-5,LOST,2026-08-09T00:05:05.957Z
2026-08-12T15:00:00Z,Cup,Horní Ředice,Chrudim,Over/Under Goals,Under 3.5,1.73,0.8168,3-0,WON,2026-08-09T00:05:05.802Z
2026-08-12T15:00:00Z,Cup,Křimice,České Budějovice,Over/Under Goals,Under 3.5,1.73,0.7970,2-0,WON,2026-08-09T00:05:05.817Z
2026-08-12T15:00:00Z,Cup,Meteor Praha,Sokol Brozany,Over/Under Goals,Under 3.5,1.5,0.7527,4-1,LOST,2026-08-09T00:05:05.668Z
2026-08-12T15:00:00Z,Cup,Polanka nad Odrou,Šternberk,Over/Under Goals,Under 3.5,1.55,0.8676,1-5,LOST,2026-08-09T00:05:05.839Z
2026-08-12T15:00:00Z,Cup,SK Krumvir,Hanácká,Over/Under Goals,Under 3.5,1.54,0.7876,0-3,WON,2026-08-09T00:05:05.250Z
2026-08-12T15:00:00Z,Cup,Sokol Tasovice,Uherský Brod,Over/Under Goals,Under 3.5,1.55,0.9339,2-3,LOST,2026-08-09T00:05:05.941Z
2026-08-12T15:00:00Z,Cup,Sparta Brno,Sokol Lanžhot,Over/Under Goals,Under 3.5,1.5,0.8958,2-0,WON,2026-08-09T00:05:05.926Z
2026-08-12T15:00:00Z,Cup,Spartak Police n/Metují,Viktoria Žižkov,Over/Under Goals,Under 3.5,2.01,0.4422,2-4,LOST,2026-08-09T00:05:05.563Z
2026-08-12T15:00:00Z,Cup,Strakonice,Příbram,Over/Under Goals,Under 3.5,2.0,0.7951,0-2,WON,2026-08-09T00:05:05.614Z
2026-08-12T15:00:00Z,Cup,Trutnov,Benátky nad Jizerou,Over/Under Goals,Under 3.5,1.55,0.7418,2-5,LOST,2026-08-09T00:05:05.756Z
2026-08-12T15:00:00Z,Cup,Turnov,Baník Souš,Over/Under Goals,Under 3.5,1.73,0.8305,0-2,WON,2026-08-09T00:05:05.651Z
2026-08-12T15:00:00Z,Cup,Vítkovice,Nové Sady,Asian Handicap,Away -0.25,5.29,0.6011,0-6,WON,2026-08-09T00:05:05.265Z
2026-08-12T15:00:00Z,Cup,Ústí nad Orlicí,Přepeře,Over/Under Goals,Under 3.5,1.8,0.7998,4-3,LOST,2026-08-09T00:05:05.772Z
2026-08-12T18:45:00Z,Friendlies Clubs,Nottingham Forest,Bayer Leverkusen,Asian Handicap,Away -0.25,1.82,0.6788,2-1,LOST,2026-08-09T00:05:04.424Z
2026-08-12T19:00:00Z,Friendlies Clubs,Deportivo La Coruna,Real Madrid,Over/Under Goals,Under 3.5,1.94,0.5574,0-1,WON,2026-08-09T00:05:04.405Z
2026-08-12T19:00:00Z,Friendlies Clubs,Malaga,Fulham,Over/Under Goals,Under 3.5,1.53,0.4970,2-2,LOST,2026-08-10T00:04:11.357Z
2026-08-12T19:00:00Z,UEFA Super Cup,Paris Saint Germain,Aston Villa,Team Total Goals,Under 2.5,1.51,0.6240,2-1,WON,2026-08-09T00:05:04.377Z
2026-08-12T20:00:00Z,Torneo Federal A,Cipolletti,Argentino Monte Maíz,Asian Handicap,Home +0,1.61,0.6964,1-0,WON,2026-08-09T00:05:04.008Z
2026-08-12T22:00:00Z,Goiano - 2,Grêmio Anápolis,Tupy FC,Asian Handicap,Home +0,1.74,0.8691,1-1,WON,2026-08-09T00:05:03.779Z
2026-08-12T23:00:00Z,USL League One Cup,Charlotte Independence,Hartford Athletic,Asian Handicap,Home +0,1.84,0.7132,2-4,LOST,2026-08-09T00:05:03.657Z
2026-08-12T23:00:00Z,USL League One Cup,Tampa Bay Rowdies,Louisville City,Over/Under Goals,Over 2.5,1.75,0.9142,0-0,LOST,2026-08-09T00:05:03.678Z
2026-08-12T23:30:00Z,Leagues Cup,Inter Miami,Leon,Asian Handicap,Home +0,1.61,0.7183,2-3,LOST,2026-08-09T00:05:03.617Z
2026-08-12T23:30:00Z,Leagues Cup,Orlando City SC,Atletico San Luis,Over/Under Goals,Under 3.5,1.69,0.5047,2-2,LOST,2026-08-09T00:05:03.637Z
2026-08-13T00:00:00Z,Leagues Cup,Monterrey,Nashville SC,Over/Under Goals,Under 3.5,1.52,0.7021,2-1,WON,2026-08-10T00:04:14.119Z
2026-08-13T02:00:00Z,Leagues Cup,Toluca,FC Dallas,Over/Under Goals,Under 3.5,1.57,0.8591,3-1,LOST,2026-08-10T00:04:13.828Z
2026-08-13T02:15:00Z,Leagues Cup,San Diego,Puebla,Over/Under Goals,Under 3.5,1.75,0.4238,3-2,LOST,2026-08-10T00:04:13.803Z
2026-08-13T02:30:00Z,Leagues Cup,Seattle Sounders,Guadalajara Chivas,Over/Under Goals,Under 3.5,1.58,0.8296,1-2,WON,2026-08-10T00:04:13.757Z
2026-08-13T12:30:00Z,First League,Lernayin Artsakh,Ararat-Armenia II,Over/Under Goals,Under 3.5,1.54,0.9770,1-0,WON,2026-08-10T00:04:13.670Z
2026-08-13T14:00:00Z,1. Division,Astana II,Tobol 2,Over/Under Goals,Under 3.5,1.81,0.6600,0-4,LOST,2026-08-10T00:04:13.570Z
2026-08-13T15:30:00Z,Super League,Buxoro,Olmaliq,Over/Under Goals,Over 2.5,1.91,0.7814,2-0,LOST,2026-08-10T00:04:13.506Z
2026-08-13T16:00:00Z,UEFA Europa Conference League,Ilves,HNK Rijeka,Over/Under Goals,Under 3.5,1.66,0.8052,1-1,WON,2026-08-10T00:04:13.425Z
2026-08-13T17:00:00Z,UEFA Europa League,Beşiktaş,Hradec Králové,Asian Handicap,Home +0.5,1.87,0.8670,1-0,WON,2026-08-10T00:04:13.032Z
2026-08-13T17:00:00Z,UEFA Europa League,Omonia Nicosia,Lincoln Red Imps FC,Asian Handicap,Home +0.5,2.6,0.9200,1-0,WON,2026-08-10T00:04:13.285Z
2026-08-13T17:30:00Z,UEFA Europa Conference League,FC Vaduz,Inter Turku,Over/Under Goals,Under 3.5,1.55,0.8999,2-2,LOST,2026-08-10T00:04:12.846Z
2026-08-13T17:30:00Z,UEFA Europa Conference League,NSI Runavik,FC Lugano,Over/Under Goals,Under 3.5,1.88,0.9170,2-2,LOST,2026-08-10T00:04:12.811Z
2026-08-13T17:30:00Z,UEFA Europa League,Vikingur Reykjavik,FC Thun,Over/Under Goals,Under 3.5,1.8,0.6490,3-2,LOST,2026-08-10T00:04:12.878Z
2026-08-13T18:00:00Z,1. Deild,Grindavik,Throttur Reykjavik,Over/Under Goals,Under 3.5,1.75,0.6924,2-1,WON,2026-08-10T00:04:12.639Z
2026-08-13T18:00:00Z,UEFA Europa Conference League,FC ST. Gallen,Sheriff Tiraspol,Over/Under Goals,Under 3.5,1.54,0.6536,5-1,LOST,2026-08-10T00:04:12.564Z
2026-08-13T18:30:00Z,UEFA Europa Conference League,Gyori ETO FC,Riga,Asian Handicap,Home +0.5,1.8,0.7102,1-1,WON,2026-08-10T00:04:12.305Z
2026-08-13T18:45:00Z,UEFA Europa League,Heart Of Midlothian,Benfica,Over/Under Goals,Under 3.5,2.2,0.5175,1-1,WON,2026-08-10T00:04:12.200Z
2026-08-13T20:30:00Z,Liga Pro Serie B,El Nacional,San Antonio,Over/Under Goals,Under 3.5,1.98,0.8422,0-1,WON,2026-08-10T00:04:11.898Z
2026-08-13T22:00:00Z,CONMEBOL Libertadores,Mirassol,LDU de Quito,Asian Handicap,Home +0.5,1.95,0.8092,1-1,WON,2026-08-10T00:04:11.705Z
2026-08-13T22:00:00Z,CONMEBOL Sudamericana,Santos,Macara,Over/Under Goals,Under 3.5,1.55,0.7446,2-1,WON,2026-08-10T00:04:11.751Z
2026-08-13T23:30:00Z,Leagues Cup,New York City FC,Necaxa,Over/Under Goals,Under 3.5,1.7,0.8053,1-2,WON,2026-08-10T00:04:11.645Z
2026-08-14T02:30:00Z,Leagues Cup,Portland Timbers,Club Tijuana,Over/Under Goals,Under 3.5,1.68,0.5096,3-1,LOST,2026-08-11T00:03:18.281Z
2026-08-14T09:30:00Z,Queensland NPL,Gold Coast United,Eastern Suburbs,Over/Under Goals,Under 3.5,1.66,0.8032,2-0,WON,2026-08-11T00:03:18.027Z
2026-08-14T09:30:00Z,Queensland NPL,Olympic,Rochedale Rovers,Over/Under Goals,Under 3.5,1.89,0.4945,1-2,WON,2026-08-11T00:03:17.987Z
2026-08-14T09:30:00Z,Victoria Premier League 2,Keilor Park,Whittlesea United,Asian Handicap,Away -0.25,1.95,0.6219,3-3,WON,2026-08-11T00:03:18.165Z
2026-08-14T09:30:00Z,Victoria Premier League 2,Nunawading,Bayside Argonauts,Over/Under Goals,Under 3.5,1.57,0.5585,0-1,WON,2026-08-11T00:03:18.007Z
2026-08-14T10:00:00Z,WK-League,Suwon FMC W,Boeun Sangmu W,Over/Under Goals,Under 3.5,1.68,0.6095,3-1,LOST,2026-08-11T00:03:17.932Z
2026-08-14T10:15:00Z,Victoria NPL,Oakleigh Cannons,Green Gully,Over/Under Goals,Under 3.5,1.58,0.5781,4-1,LOST,2026-08-11T00:03:17.834Z
2026-08-14T11:35:00Z,Super League,Shandong Taishan,Qingdao Jonoon,Over/Under Goals,Under 3.5,1.8,0.8031,3-1,LOST,2026-08-11T00:03:17.715Z
2026-08-14T12:00:00Z,First League,BKMA II,Mika,Over/Under Goals,Under 3.5,1.6,0.7372,0-1,WON,2026-08-11T00:03:17.601Z
2026-08-14T12:00:00Z,Friendlies Clubs,Karlovac 1919,Trnje,Over/Under Goals,Under 3.5,1.61,0.7078,2-2,LOST,2026-08-11T00:03:17.526Z
2026-08-14T12:00:00Z,Youth Championship,Rubin Kazan U20,Rodina Moscow U19,Over/Under Goals,Under 3.5,1.85,0.4574,0-1,WON,2026-08-11T00:03:17.682Z
2026-08-14T13:00:00Z,Carioca U20,Botafogo U20,Madureira U20,Over/Under Goals,Under 3.5,1.51,0.9001,1-1,WON,2026-08-11T00:03:17.318Z
2026-08-14T14:00:00Z,Super League,Navbahor,Bunyodkor,Over/Under Goals,Over 2.5,1.73,0.7282,4-3,WON,2026-08-11T00:03:17.104Z
2026-08-14T14:00:00Z,Youth Championship,Dynamo Makhachkala U19,Chertanovo U20,Over/Under Goals,Under 3.5,2.14,0.7516,2-1,WON,2026-08-11T00:03:17.172Z
2026-08-14T15:00:00Z,Cup,BFC Daugavpils,Ogre United,Over/Under Goals,Under 3.5,1.61,0.5206,3-1,LOST,2026-08-11T00:03:16.917Z
2026-08-14T15:30:00Z,Friendlies Clubs,Marseille,Atletico Madrid,Asian Handicap,Home +0.25,1.85,0.9713,1-2,LOST,2026-08-11T00:03:16.812Z
2026-08-14T15:30:00Z,NB I,Budapest Honved,Vasas,Asian Handicap,Away -0.25,2.2,0.6368,1-2,WON,2026-08-11T00:03:16.710Z
2026-08-14T16:00:00Z,1 Lyga,FA Šiauliai II,Žalgiris II,Over/Under Goals,Under 3.5,1.64,0.7893,1-4,LOST,2026-08-11T00:03:16.377Z
2026-08-14T16:00:00Z,1 Lyga,Transinvest 2,Atmosfera,Over/Under Goals,Under 3.5,1.58,0.5082,2-0,WON,2026-08-11T00:03:16.437Z
2026-08-14T16:00:00Z,FNL,Dukla Praha,Slavia Praha II,Over/Under Goals,Over 2.5,1.69,0.7998,1-3,WON,2026-08-11T00:03:16.517Z
2026-08-14T16:00:00Z,Premier League,FC Dnepr Mogilev,Belshina,Over/Under Goals,Over 2.5,1.75,0.7830,1-1,LOST,2026-08-11T00:03:16.614Z
2026-08-14T16:00:00Z,Toppserien,Bodø / Glimt W,Vålerenga W,Over/Under Goals,Under 3.5,2.3,0.6261,1-4,LOST,2026-08-11T00:03:16.304Z
2026-08-14T17:00:00Z,2nd Division - Group 1,Skive,Fremad Amager,Over/Under Goals,Over 1.5,1.55,0.8179,0-2,WON,2026-08-11T00:03:16.054Z
2026-08-14T17:00:00Z,3. Liga,Würzburger Kickers,SV Wehen,Asian Handicap,Home +0,1.95,0.6950,4-0,WON,2026-08-11T00:03:15.621Z
2026-08-14T17:00:00Z,Friendlies Clubs,Estac Troyes,Panetolikos,Over/Under Goals,Over 2.5,1.75,0.7977,1-1,LOST,2026-08-11T00:03:15.963Z
2026-08-14T17:00:00Z,Persian Gulf Pro League,Chadormalu SC,Sepahan FC,Asian Handicap,Home +0,2.5,0.7748,0-2,LOST,2026-08-11T00:03:16.101Z
2026-08-14T18:00:00Z,Catarinense U20,Barra SC U20,Avaí U20,Over/Under Goals,Over 2.5,1.83,0.8295,1-0,LOST,2026-08-11T00:03:14.379Z
2026-08-14T18:00:00Z,Challenger Pro League,Sporting Hasselt,Dender,Over/Under Goals,Under 3.5,1.62,0.7261,1-0,WON,2026-08-11T00:03:14.663Z
2026-08-14T18:00:00Z,Eerste Divisie,FC Eindhoven,MVV Maastricht,Over/Under Goals,Under 3.5,1.65,0.7591,2-3,LOST,2026-08-11T00:03:14.819Z
2026-08-14T18:00:00Z,Eerste Divisie,NAC Breda,VVV Venlo,Over/Under Goals,Over 2.5,1.53,0.7662,0-2,LOST,2026-08-11T00:03:15.090Z
2026-08-14T18:00:00Z,Eerste Divisie,Waalwijk,Dordrecht,Over/Under Goals,Under 3.5,1.55,0.5862,2-2,LOST,2026-08-11T00:03:15.019Z
2026-08-14T18:00:00Z,Paulista - U20,Ituano U20,Porto Football U20,Over/Under Goals,Under 3.5,1.5,0.7394,3-1,LOST,2026-08-11T00:03:15.233Z
2026-08-14T18:00:00Z,Paulista - U20,Juventus U20,Ponte Preta U20,Over/Under Goals,Over 2.5,1.87,0.8584,5-0,WON,2026-08-11T00:03:14.903Z
2026-08-14T18:30:00Z,2. Liga,SKN ST. Polten,FC BW Linz,Asian Handicap,Away -0.25,2.02,0.5430,0-1,WON,2026-08-11T00:03:14.207Z
2026-08-14T18:30:00Z,FAW Championship,Carmarthen Town,Afan Lido,Over/Under Goals,Under 3.5,1.53,0.4388,3-1,LOST,2026-08-11T00:03:14.037Z
2026-08-14T18:45:00Z,FAW Championship,Trethomas Bluebirds,Caerau (Ely),Over/Under Goals,Under 3.5,1.51,0.5271,2-4,LOST,2026-08-11T00:03:13.918Z
2026-08-14T18:45:00Z,Friendlies Clubs,Atalanta,Athletic Club,Over/Under Goals,Over 2.5,1.93,0.7475,1-0,LOST,2026-08-11T00:03:13.435Z
2026-08-14T18:45:00Z,Ligue 2,Dijon,PAU,Over/Under Goals,Over 2.5,2.2,0.7927,0-1,LOST,2026-08-11T00:03:13.683Z
2026-08-14T18:45:00Z,Ligue 2,Saint Etienne,Clermont Foot,Over/Under Goals,Under 3.5,1.5,0.6618,3-1,LOST,2026-08-11T00:03:13.896Z
2026-08-14T18:45:00Z,Premier League,GAP Connah S Quay FC,Trefelin,Over/Under Goals,Under 3.5,1.71,0.6892,6-0,LOST,2026-08-11T00:03:13.626Z
2026-08-14T18:45:00Z,Premier League,The New Saints,Briton Ferry,Over/Under Goals,Under 3.5,1.84,0.8509,1-0,WON,2026-08-11T00:03:13.968Z
2026-08-14T18:45:00Z,Premiership Women,Derry City W,Linfield W,Over/Under Goals,Under 3.5,2.65,0.4455,1-2,WON,2026-08-11T00:03:13.453Z
2026-08-14T19:00:00Z,Primera División,Universitario de Vinto,Real Tomayapo,Over/Under Goals,Under 3.5,1.62,0.9163,0-1,WON,2026-08-11T00:03:13.286Z
2026-08-14T20:00:00Z,MLS Next Pro,Atlanta United II,New York RB II,Over/Under Goals,Under 3.5,1.98,0.4888,1-2,WON,2026-08-11T00:03:13.103Z
2026-08-14T23:30:00Z,Primera Nacional,Atletico DE Rafaela,Defensores De Belgrano,Asian Handicap,Home +0,1.74,0.6448,0-0,WON,2026-08-11T00:03:12.683Z
2026-08-15T00:00:00Z,Liga Pro,Independiente del Valle,Delfin SC,Over/Under Goals,Under 3.5,1.52,0.5305,3-2,LOST,2026-08-12T00:04:49.289Z
2026-08-15T01:30:00Z,Liga Panameña de Fútbol,San Francisco FC,Independiente de La Chorrera,Asian Handicap,Home +0,1.61,0.6833,2-1,WON,2026-08-12T00:04:49.113Z
2026-08-15T02:00:00Z,NWSL Women,OL Reign Women,Chicago Red Stars W,Over/Under Goals,Under 3.5,1.5,0.6569,1-0,WON,2026-08-12T00:04:49.093Z
2026-08-15T05:00:00Z,Capital Territory NPL,O'Connor Knights,Canberra White Eagles,Over/Under Goals,Under 3.5,1.77,0.4771,3-1,LOST,2026-08-12T00:04:48.810Z
2026-08-15T05:30:00Z,Npl Nsw U20,APIA Leichhardt U20,SD Raiders U20,Over/Under Goals,Under 3.5,1.68,0.4362,0-0,WON,2026-08-12T00:04:48.764Z
2026-08-15T06:15:00Z,Queensland Premier League,Broadbeach United,Ipswich,Over/Under Goals,Under 3.5,1.5,0.7294,1-0,WON,2026-08-12T00:04:48.681Z
2026-08-15T06:15:00Z,Queensland Premier League,Holland Park Hawks,Brisbane Strikers,Over/Under Goals,Under 3.5,2.0,0.4701,3-2,LOST,2026-08-12T00:04:48.728Z
2026-08-15T06:15:00Z,Queensland Premier League,North Star,Caboolture,Over/Under Goals,Under 3.5,1.83,0.5467,2-1,WON,2026-08-12T00:04:48.713Z
2026-08-15T07:30:00Z,South Australia State League 1,Adelaide Blue Eagles,Eastern United,Over/Under Goals,Under 3.5,1.82,0.6285,2-1,WON,2026-08-12T00:04:48.325Z
2026-08-15T07:30:00Z,South Australia State League 1,Adelaide Cobras,Salisbury United,Over/Under Goals,Under 3.5,1.58,0.7242,0-2,WON,2026-08-12T00:04:48.411Z
2026-08-15T07:30:00Z,South Australia State League 1,South Adelaide Panthers,Adelaide Victory,Over/Under Goals,Under 3.5,1.72,0.4674,1-3,LOST,2026-08-12T00:04:48.375Z
2026-08-15T07:45:00Z,Capital Territory NPL,Monaro Panthers,Canberra FC,Over/Under Goals,Over 2.5,1.58,0.8909,2-3,WON,2026-08-12T00:04:48.303Z
2026-08-15T08:00:00Z,Liga II,CS Dinamo București,Metalul Buzău,Over/Under Goals,Under 3.5,1.7,0.6315,0-1,WON,2026-08-12T00:04:48.259Z
2026-08-15T08:00:00Z,Victoria NPL,Sunshine Georgies,Avondale,Over/Under Goals,Under 3.5,1.56,0.5707,3-2,LOST,2026-08-12T00:04:48.027Z
2026-08-15T08:15:00Z,Victoria Premier League 2,Altona City,Kingston City,Over/Under Goals,Over 2.5,1.57,0.7754,1-4,WON,2026-08-12T00:04:47.758Z
2026-08-15T09:00:00Z,Central Youth League,Raków Częstochowa U19,Arka Gdynia U19,Over/Under Goals,Under 3.5,1.87,0.5306,1-1,WON,2026-08-12T00:04:47.597Z
2026-08-15T09:00:00Z,Npl Nsw U20,Manly Utd U20,NWS Spirit U20,Over/Under Goals,Under 3.5,1.97,0.4466,3-1,LOST,2026-08-12T00:04:47.535Z
2026-08-15T09:30:00Z,J1 League,Shimizu S-pulse,Yokohama F. Marinos,Over/Under Goals,Over 2.5,2.0,0.6682,0-1,LOST,2026-08-12T00:04:47.425Z
2026-08-15T09:30:00Z,South Australia NPL,MetroStars,Croydon Kings,Over/Under Goals,Under 3.5,1.72,0.5073,2-0,WON,2026-08-12T00:04:47.329Z
2026-08-15T09:30:00Z,South Australia NPL,Para Hills Knights,Adelaide Comets,Over/Under Goals,Under 3.5,2.08,0.5083,2-5,LOST,2026-08-12T00:04:47.345Z
2026-08-15T09:30:00Z,South Australia NPL,Sturt Lions,Campbelltown City,Over/Under Goals,Under 3.5,1.62,0.7289,1-3,LOST,2026-08-12T00:04:47.362Z
2026-08-15T10:00:00Z,Ekstraliga Women,UKS Łódź W,Sleza Wroclaw W,Over/Under Goals,Under 3.5,1.67,0.7737,0-0,WON,2026-08-12T00:04:46.940Z
2026-08-15T10:00:00Z,Persha Liga,Metal Kharkiv,Oleksandria,Over/Under Goals,Over 2.5,2.08,0.8129,0-2,LOST,2026-08-12T00:04:47.041Z
2026-08-15T10:00:00Z,Toppserien,Lyn W,Fortuna Ålesund W,Asian Handicap,Home +0,2.17,0.6373,1-2,LOST,2026-08-12T00:04:47.143Z
2026-08-15T10:30:00Z,K League 2,Gimhae City,Gyeongnam FC,Over/Under Goals,Over 2.5,2.05,0.6048,1-1,LOST,2026-08-12T00:04:46.665Z
2026-08-15T10:30:00Z,K League 2,Suwon Bluewings,Suwon City FC,Over/Under Goals,Over 2.5,1.65,0.4970,2-2,WON,2026-08-12T00:04:46.613Z
2026-08-15T11:00:00Z,Kvindeliga,Midtjylland W,KoldingQ W,Over/Under Goals,Under 3.5,1.62,0.4592,3-1,LOST,2026-08-12T00:04:46.447Z
2026-08-15T12:00:00Z,2nd Division - Group 1,Roskilde,Middelfart,Over/Under Goals,Over 2.5,1.67,0.7628,1-1,LOST,2026-08-12T00:04:45.601Z
2026-08-15T12:00:00Z,3. Liga,Fortuna Köln,Alemannia Aachen,Over/Under Goals,Under 3.5,1.75,0.6101,1-1,WON,2026-08-12T00:04:45.662Z
2026-08-15T12:00:00Z,3. Liga,Preußen Münster,FC Ingolstadt 04,Asian Handicap,Home +0,1.62,0.3644,1-1,WON,2026-08-12T00:04:45.812Z
2026-08-15T12:00:00Z,3. Liga,SV Meppen,SG Sonnenhof Grossaspach,Over/Under Goals,Over 2.5,1.57,0.8197,2-0,LOST,2026-08-12T00:04:45.865Z
2026-08-15T12:00:00Z,Toppserien,Haugesund W,Stabæk W,Over/Under Goals,Under 3.5,1.55,0.6525,1-1,WON,2026-08-12T00:04:45.718Z
2026-08-15T12:10:00Z,Premier League,FC Gomel,Naftan,Over/Under Goals,Under 3.5,1.61,0.5843,6-0,LOST,2026-08-12T00:04:45.390Z
2026-08-15T12:30:00Z,I Liga - Women,Tatran Prešov W,Spartak Trnava W,Over/Under Goals,Under 3.5,1.57,0.7605,0-1,WON,2026-08-12T00:04:45.293Z
2026-08-15T12:45:00Z,Ekstraklasa,Zaglebie Lubin,Slask Wroclaw,Over/Under Goals,Over 2.5,1.81,0.6528,2-1,WON,2026-08-12T00:04:45.277Z
2026-08-15T13:00:00Z,1. divisjon Kvinner,Viking FK W,Åsane W,Over/Under Goals,Under 3.5,1.67,0.7870,0-1,WON,2026-08-12T00:04:44.809Z
2026-08-15T13:00:00Z,Carioca U20,Fluminense U20,Boavista U20,Over/Under Goals,Under 3.5,1.55,0.7019,3-0,WON,2026-08-12T00:04:44.751Z
2026-08-15T13:00:00Z,Carioca U20,Vasco da Gama U20,Portuguesa RJ U20,Over/Under Goals,Under 3.5,1.64,0.7215,1-0,WON,2026-08-12T00:04:44.766Z
2026-08-15T13:00:00Z,Elitettan,Alingsås W,Husqvarna W,Over/Under Goals,Under 3.5,1.63,0.4896,0-1,WON,2026-08-12T00:04:44.337Z
2026-08-15T13:00:00Z,Frauenliga,Kleinmünchen / BW Linz W,First Vienna W,Over/Under Goals,Under 3.5,1.61,0.6801,0-2,WON,2026-08-12T00:04:44.243Z
2026-08-15T13:00:00Z,Friendlies Clubs,Chelsea,Real Sociedad,Asian Handicap,Away -0.25,3.9,0.5855,3-1,LOST,2026-08-12T00:04:44.617Z
2026-08-15T13:00:00Z,Friendlies Clubs,Leeds,FC Augsburg,Over/Under Goals,Over 2.5,1.55,0.8422,4-0,WON,2026-08-12T00:04:45.022Z
2026-08-15T13:00:00Z,Friendlies Clubs,SV Elversberg,Lorient,Over/Under Goals,Under 3.5,1.6,0.5951,4-1,LOST,2026-08-12T00:04:44.997Z
2026-08-15T13:00:00Z,Premier League,Zhenys,Zhetysu,Asian Handicap,Home +0,1.6,0.5904,4-1,WON,2026-08-12T00:04:44.543Z
2026-08-15T13:00:00Z,Premier Soccer League,Amazulu,Siwelele,Over/Under Goals,Over 2.5,2.7,0.7786,2-0,LOST,2026-08-12T00:04:44.832Z
2026-08-15T13:00:00Z,Schweizer Pokal,Bavois,Servette FC,Over/Under Goals,Under 3.5,1.92,0.9276,0-7,LOST,2026-08-12T00:04:44.894Z
2026-08-15T13:00:00Z,Tweede Divisie,Kozakken Boys,Ijsselmeervogels,Over/Under Goals,Over 2.5,1.56,0.7707,1-2,WON,2026-08-12T00:04:45.219Z
2026-08-15T13:15:00Z,Tweede Divisie,AFC Amsterdam,Kloetinge,Over/Under Goals,Under 3.5,1.55,0.5009,1-3,LOST,2026-08-12T00:04:44.186Z
2026-08-15T13:30:00Z,FAW Championship,Buckley Town,Porthmadog,Over/Under Goals,Under 3.5,1.7,0.4805,1-1,WON,2026-08-12T00:04:43.931Z
2026-08-15T13:30:00Z,FAW Championship,Pontardawe Town,Newport City,Over/Under Goals,Over 2.5,1.54,0.8070,0-4,WON,2026-08-12T00:04:43.815Z
2026-08-15T13:30:00Z,FAW Championship,Rhyl,Caersws,Over/Under Goals,Under 3.5,1.55,0.7755,4-2,LOST,2026-08-12T00:04:43.716Z
2026-08-15T13:30:00Z,Friendlies Clubs,Union Berlin,Ipswich,Over/Under Goals,Under 3.5,1.6,0.4424,2-4,LOST,2026-08-12T00:04:44.022Z
2026-08-15T13:30:00Z,I Liga,Chrobry Głogów,Podbeskidzie,Over/Under Goals,Over 2.5,1.85,0.7836,1-1,LOST,2026-08-12T00:04:43.744Z
2026-08-15T14:00:00Z,1. Division,Bryne,Moss,Over/Under Goals,Under 3.5,1.72,0.5356,2-1,WON,2026-08-12T00:04:43.263Z
2026-08-15T14:00:00Z,1. Division,Ranheim,Stromsgodset,Over/Under Goals,Under 3.5,2.35,0.1808,1-3,LOST,2026-08-12T00:04:41.965Z
2026-08-15T14:00:00Z,Championship,Bristol City,Millwall,Asian Handicap,Home +0,1.82,0.3679,0-2,LOST,2026-08-12T00:04:42.977Z
2026-08-15T14:00:00Z,Championship,Middlesbrough,Lincoln,Over/Under Goals,Under 3.5,1.5,0.6385,2-1,WON,2026-08-12T00:04:41.606Z
2026-08-15T14:00:00Z,Championship,Newington Youth,Queen's University,Over/Under Goals,Under 3.5,1.53,0.4380,2-1,WON,2026-08-12T00:04:43.044Z
2026-08-15T14:00:00Z,Friendlies Clubs,Brentford,Eintracht Frankfurt,Over/Under Goals,Under 3.5,1.75,0.4545,7-0,LOST,2026-08-12T00:04:42.359Z
2026-08-15T14:00:00Z,Friendlies Clubs,Brighton,Bologna,Over/Under Goals,Under 3.5,1.53,0.4496,1-0,WON,2026-08-12T00:04:42.918Z
2026-08-15T14:00:00Z,Friendlies Clubs,Everton,Lille,Over/Under Goals,Over 2.5,1.63,0.8961,1-1,LOST,2026-08-12T00:04:42.187Z
2026-08-15T14:00:00Z,Friendlies Clubs,Newcastle United,Bayer Leverkusen,Asian Handicap,Away -0.25,2.6,0.7556,1-2,WON,2026-08-12T00:04:41.281Z
2026-08-15T14:00:00Z,Friendlies Clubs,Tottenham,1899 Hoffenheim,Over/Under Goals,Under 3.5,1.62,0.6689,2-2,LOST,2026-08-12T00:04:42.048Z
2026-08-15T14:00:00Z,Jupiler Pro League,Union St. Gilloise,Zulte Waregem,Over/Under Goals,Over 2.5,1.63,0.8215,0-0,LOST,2026-08-12T00:04:43.440Z
2026-08-15T14:00:00Z,League One,East Kilbride,Cove Rangers,Over/Under Goals,Under 3.5,1.52,0.3864,3-0,WON,2026-08-12T00:04:41.509Z
2026-08-15T14:00:00Z,League One,Mansfield Town,Doncaster,Over/Under Goals,Over 2.5,1.95,0.7222,2-1,WON,2026-08-12T00:04:42.458Z
2026-08-15T14:00:00Z,League Two,Cheltenham,Rotherham,Over/Under Goals,Over 2.5,1.95,0.5310,2-1,WON,2026-08-12T00:04:42.944Z
2026-08-15T14:00:00Z,Pershaya Liga,Uni Minsk,Orsha,Over/Under Goals,Under 3.5,1.8,0.5355,0-0,WON,2026-08-12T00:04:42.002Z
2026-08-15T14:00:00Z,Premiership,Limavady United,Carrick Rangers,Asian Handicap,Home +0,2.24,0.6354,1-2,LOST,2026-08-12T00:04:42.204Z
2026-08-15T14:30:00Z,Eredivisie,Willem II,NEC Nijmegen,Over/Under Goals,Under 3.5,1.8,0.5333,1-4,LOST,2026-08-12T00:04:40.914Z
2026-08-15T14:30:00Z,Liga E Pare,Prishtina e Re,Trepça'89,Over/Under Goals,Over 2.5,1.77,0.7911,0-2,LOST,2026-08-12T00:04:40.722Z
2026-08-15T15:00:00Z,1. Liga Promotion,Paradiso,Breitenrain,Asian Handicap,Home +0,1.53,0.6802,1-2,LOST,2026-08-12T00:04:40.240Z
2026-08-15T15:00:00Z,Erovnuli Liga,Dinamo Tbilisi,Rustavi,Asian Handicap,Home +0,1.56,0.9033,0-3,LOST,2026-08-12T00:04:40.156Z
2026-08-15T15:00:00Z,First League,Tikveš,Shkëndija Haraçinë,Over/Under Goals,Over 2.5,1.91,0.7837,0-1,LOST,2026-08-12T00:04:40.260Z
2026-08-15T15:00:00Z,Friendlies Clubs,Fulham,VfB Stuttgart,Asian Handicap,Away -0.25,2.5,0.8161,1-0,LOST,2026-08-12T00:04:39.656Z
2026-08-15T15:00:00Z,Premier League,Ordabasy,Altay,Over/Under Goals,Under 3.5,1.53,0.3823,3-1,LOST,2026-08-12T00:04:39.892Z
2026-08-15T15:00:00Z,Superettan,Sandviken,IFK Norrkoping,Asian Handicap,Away -0.25,1.67,0.4883,1-4,WON,2026-08-12T00:04:40.454Z
2026-08-15T15:30:00Z,Ekstraklasa,Piast Gliwice,Wieczysta Kraków,Over/Under Goals,Over 2.5,1.65,0.7527,3-4,WON,2026-08-12T00:04:39.555Z
2026-08-15T15:30:00Z,FAW Championship,Swansea University,llanelli AFC,Over/Under Goals,Under 3.5,1.52,0.4581,3-0,WON,2026-08-12T00:04:38.904Z
2026-08-15T15:30:00Z,Friendlies Clubs,Angers,Paris FC,Asian Handicap,Home +0,2.15,0.8805,3-2,WON,2026-08-12T00:04:38.697Z
2026-08-15T16:00:00Z,Coppa Italia,Catanzaro,Sudtirol,Asian Handicap,Home +0,1.5,0.6957,2-2,WON,2026-08-12T00:04:38.395Z
2026-08-15T16:00:00Z,Esiliiga A,Tallinna Kalev,Elva,Asian Handicap,Home +0,1.77,0.6365,1-0,WON,2026-08-12T00:04:38.432Z
2026-08-15T16:00:00Z,Liga 3,Vianense,Trofense,Asian Handicap,Home +0,1.87,0.8105,2-0,WON,2026-08-12T00:04:38.088Z
2026-08-15T16:00:00Z,Veikkausliiga,IFK Mariehamn,SJK,Over/Under Goals,Under 3.5,1.73,0.6113,2-0,WON,2026-08-12T00:04:38.584Z
2026-08-15T16:30:00Z,2. Liga,SV Kapfenberg,Wacker Innsbruck,Over/Under Goals,Under 3.5,1.58,0.5832,0-1,WON,2026-08-12T00:04:37.721Z
2026-08-15T16:30:00Z,Championship,Sheffield United,Birmingham,Asian Handicap,Home +0,1.8,0.4453,0-0,WON,2026-08-12T00:04:37.901Z
2026-08-15T17:00:00Z,3. SNL - East,Korotan Prevalje,Videm,Asian Handicap,Home +0,2.6,0.6726,4-2,WON,2026-08-12T00:04:37.096Z
2026-08-15T17:00:00Z,Erovnuli Liga 2,Sioni,Shturmi,Asian Handicap,Home +0,1.85,0.6527,0-1,LOST,2026-08-12T00:04:37.468Z
2026-08-15T17:00:00Z,Friendlies Clubs,Villarreal II,Zaragoza,Asian Handicap,Home +0.5,1.75,0.9395,0-2,LOST,2026-08-12T00:04:37.295Z
2026-08-15T17:00:00Z,National Division,Wiltz,FC Differdange 03,Over/Under Goals,Under 3.5,1.53,0.4933,1-2,WON,2026-08-12T00:04:37.212Z
2026-08-15T17:00:00Z,Super Liga,Dacia-Buiucani,Petrocub,Over/Under Goals,Over 2.5,1.71,0.7722,2-1,WON,2026-08-12T00:04:37.511Z
2026-08-15T17:15:00Z,Toto Cup Ligat Al,Hapoel Haifa,Hapoel Beer Sheva,Over/Under Goals,Under 3.5,1.54,0.5077,4-0,LOST,2026-08-12T00:04:37.016Z
2026-08-15T17:30:00Z,Friendlies Clubs,Inter,Real Betis,Over/Under Goals,Under 3.5,1.57,0.8292,1-0,WON,2026-08-12T00:04:36.993Z
2026-08-15T17:30:00Z,Supercup der Frauen,Bayern Munich W,VfL Wolfsburg W,Over/Under Goals,Under 3.5,1.83,0.6359,3-0,WON,2026-08-15T00:04:47.279Z
2026-08-15T18:00:00Z,Carioca U20,Sampaio Correa FE U20,Maricá U20,Asian Handicap,Home +0,1.5,0.6607,1-1,WON,2026-08-12T00:04:36.103Z
2026-08-15T18:00:00Z,Primera División - Apertura,Cerro,Albion FC,Asian Handicap,Away -0.25,1.98,0.4048,2-1,LOST,2026-08-12T00:04:36.806Z
2026-08-15T18:00:00Z,Primera Nacional,Agropecuario,Ciudad de Bolívar,Over/Under Goals,Over 1.5,1.61,0.7982,1-0,LOST,2026-08-12T00:04:36.338Z
2026-08-15T18:00:00Z,Primera Nacional,Deportivo Moron,Almagro,Over/Under Goals,Over 2.5,2.7,0.7857,2-0,LOST,2026-08-12T00:04:36.038Z
2026-08-15T18:00:00Z,Primera Nacional,Ferro Carril Oeste,Atlanta,Over/Under Goals,Over 1.5,1.65,0.7944,3-1,WON,2026-08-12T00:04:36.061Z
2026-08-15T19:00:00Z,Primera División,Real Oruro,Oriente Petrolero,Asian Handicap,Away -0.25,2.67,0.6298,2-3,WON,2026-08-12T00:04:35.466Z
2026-08-15T20:00:00Z,MLS Next Pro,Chicago FC United,Orlando City II,Over/Under Goals,Under 3.5,1.83,0.4583,2-0,WON,2026-08-13T00:03:52.704Z
2026-08-15T20:00:00Z,Primera C,Claypole,Mercedes,Asian Handicap,Away -0.25,2.74,0.6895,1-0,LOST,2026-08-12T00:04:34.663Z
2026-08-15T21:15:00Z,Primera División,Guabirá,The Strongest,Over/Under Goals,Under 3.5,1.63,0.4711,3-1,LOST,2026-08-12T00:04:34.396Z
2026-08-15T23:00:00Z,Liga MX Femenil,Pachuca W,Pumas UNAM W,Over/Under Goals,Under 3.5,1.67,0.6826,3-1,LOST,2026-08-12T00:04:33.688Z
2026-08-15T23:00:00Z,Liga MX,Atlante FC,Toluca,Over/Under Goals,Under 3.5,1.53,0.4435,0-0,WON,2026-08-12T00:04:33.494Z
2026-08-15T23:00:00Z,USL League One,Charlotte Independence,Sarasota Paradise,Over/Under Goals,Under 3.5,1.56,0.5751,3-1,LOST,2026-08-12T00:04:33.599Z
2026-08-15T23:30:00Z,Major League Soccer,Atlanta United FC,New York Red Bulls,Over/Under Goals,Under 3.5,1.82,0.3471,2-1,WON,2026-08-12T00:04:33.101Z
2026-08-16T01:10:00Z,Liga MX,Monterrey,FC Juarez,Over/Under Goals,Under 3.5,1.62,0.6470,6-1,LOST,2026-08-13T00:04:03.859Z
2026-08-16T01:30:00Z,Major League Soccer,Colorado Rapids,Sporting Kansas City,Over/Under Goals,Under 3.5,1.75,0.4949,2-0,WON,2026-08-13T00:04:03.743Z
2026-08-16T03:00:00Z,Npl Nsw U20,Blacktown City U20,UNSW U20,Over/Under Goals,Under 3.5,2.18,0.7108,2-2,LOST,2026-08-13T00:04:03.474Z
2026-08-16T03:10:00Z,Liga MX Femenil,Tijuana W,Necaxa W,Over/Under Goals,Under 3.5,1.67,0.5466,5-1,LOST,2026-08-13T00:04:03.402Z
2026-08-16T04:00:00Z,Northern NSW NPL,Broadmeadow Magic,Charlestown City Blues,Over/Under Goals,Under 3.5,1.82,0.7763,8-0,LOST,2026-08-13T00:04:03.279Z
2026-08-16T04:00:00Z,Northern NSW NPL,Lambton Jaffas,Hamilton Olympic,Over/Under Goals,Under 3.5,2.23,0.5078,2-0,WON,2026-08-13T00:04:03.311Z
2026-08-16T04:00:00Z,Northern NSW NPL,Maitland,Edgeworth Eagles,Over/Under Goals,Under 3.5,1.61,0.6968,2-1,WON,2026-08-13T00:04:03.373Z
2026-08-16T04:00:00Z,Northern NSW NPL,Valentine,Weston Bears,Over/Under Goals,Under 3.5,1.82,0.5199,0-0,WON,2026-08-13T00:04:03.358Z
2026-08-16T05:00:00Z,New South Wales NPL,Marconi Stallions,Sutherland Sharks,Over/Under Goals,Under 3.5,1.54,0.5773,1-0,WON,2026-08-13T00:04:03.211Z
2026-08-16T09:00:00Z,Ekstraliga Women,GKS Katowice W,Czarni Sosnowiec W,Over/Under Goals,Over 2.5,1.56,0.8856,3-3,WON,2026-08-13T00:04:02.933Z
2026-08-16T10:00:00Z,Ekstraliga Women,Górnik Łęczna W,Rekord Bielsko-Biala W,Over/Under Goals,Under 3.5,1.56,0.6793,5-1,LOST,2026-08-13T00:04:02.802Z
2026-08-16T10:15:00Z,Eredivisie Women,Utrecht W,Ajax W,Over/Under Goals,Under 3.5,1.75,0.5107,0-1,WON,2026-08-13T00:04:02.651Z
2026-08-16T10:30:00Z,K League 2,Seoul E-Land FC,Ansan Greeners,Over/Under Goals,Over 2.5,1.53,0.6996,3-1,WON,2026-08-13T00:04:02.599Z
2026-08-16T10:45:00Z,Frauenliga,Sturm Graz W,Salzburg W,Over/Under Goals,Under 3.5,1.55,0.4845,2-0,WON,2026-08-13T00:04:02.411Z
2026-08-16T11:00:00Z,1. Liga Women,Slovan Liberec W,Horní Heršpice W,Over/Under Goals,Under 3.5,1.83,0.9016,2-0,WON,2026-08-16T00:04:12.997Z
2026-08-16T11:00:00Z,Friendlies Clubs,Liverpool,Como,Over/Under Goals,Under 3.5,1.68,0.6704,0-0,WON,2026-08-13T00:04:02.321Z
2026-08-16T11:00:00Z,Friendlies Clubs,Tottenham,1899 Hoffenheim,Over/Under Goals,Under 3.5,1.57,0.7048,3-0,WON,2026-08-13T00:04:02.279Z
2026-08-16T12:00:00Z,Allsvenskan,Djurgardens IF,AIK Stockholm,Over/Under Goals,Under 3.5,1.63,0.4731,1-3,LOST,2026-08-13T00:04:01.915Z
2026-08-16T12:00:00Z,Allsvenskan,IF Brommapojkarna,Orgryte IS,Over/Under Goals,Under 3.5,1.55,0.5944,3-1,LOST,2026-08-13T00:04:01.631Z
2026-08-16T12:00:00Z,DFB Pokal - Women,Warbeyen W,Viktoria Berlin W,Asian Handicap,Away -0.25,2.8,0.8449,1-3,WON,2026-08-13T00:04:01.806Z
2026-08-16T12:00:00Z,Nationalliga A Women,Zürich W,Luzern W,Over/Under Goals,Under 3.5,1.91,0.9057,3-2,LOST,2026-08-13T00:04:01.553Z
2026-08-16T12:00:00Z,Schweizer Pokal,Cham,SC Kriens,Over/Under Goals,Under 3.5,1.8,0.7088,2-0,WON,2026-08-13T00:04:01.885Z
2026-08-16T12:30:00Z,1. Liga Women,Slovácko W,Baník Ostrava W,Over/Under Goals,Under 3.5,2.3,0.1976,1-1,WON,2026-08-16T00:04:12.978Z
2026-08-16T12:30:00Z,Eredivisie,Feyenoord,GO Ahead Eagles,Over/Under Goals,Under 3.5,1.92,0.5097,2-2,LOST,2026-08-13T00:04:01.393Z
2026-08-16T13:00:00Z,Division Intermedia,Resistencia,Deportivo Capiata,Asian Handicap,Home +0,1.79,0.6442,1-0,WON,2026-08-13T00:04:01.063Z
2026-08-16T13:00:00Z,Kansallinen Liiga,JyPK,Ebk Women,Over/Under Goals,Under 3.5,1.57,0.4575,1-1,WON,2026-08-13T00:04:01.198Z
2026-08-16T13:00:00Z,League Cup,Stenhousemuir,Motherwell,Over/Under Goals,Under 3.5,1.6,0.8395,0-0,WON,2026-08-13T00:04:01.110Z
2026-08-16T13:00:00Z,Pershaya Liga,Ostrovets FC,Bumprom,Over/Under Goals,Under 3.5,1.51,0.6858,2-1,WON,2026-08-13T00:04:00.939Z
2026-08-16T13:00:00Z,Schweizer Pokal,Biel-Bienne,FC Aarau,Over/Under Goals,Under 3.5,1.85,0.7959,2-2,LOST,2026-08-13T00:04:00.755Z
2026-08-16T13:00:00Z,Veikkausliiga,HJK Helsinki,FF Jaro,Over/Under Goals,Under 3.5,1.75,0.6140,3-0,WON,2026-08-13T00:04:01.276Z
2026-08-16T13:00:00Z,Ykkönen,Inter Turku II,KPV-j,Over/Under Goals,Under 3.5,2.2,0.4726,2-3,LOST,2026-08-13T00:04:00.656Z
2026-08-16T14:00:00Z,Brasileiro Women,Botafogo W,São Paulo W,Over/Under Goals,Under 3.5,1.61,0.7965,1-5,LOST,2026-08-13T00:03:59.883Z
2026-08-16T14:00:00Z,Brasileiro Women,Palmeiras W,Juventude W,Over/Under Goals,Under 3.5,1.75,0.6800,3-0,WON,2026-08-13T00:03:59.905Z
2026-08-16T14:00:00Z,Meistaradeildin,NSI Runavik,EB / Streymur,Over/Under Goals,Under 3.5,1.76,0.4861,4-2,LOST,2026-08-13T00:03:59.677Z
2026-08-16T14:00:00Z,National Division,US Mondorf-les-bains,F91 Dudelange,Over/Under Goals,Over 2.5,1.87,0.7901,1-0,LOST,2026-08-13T00:04:00.225Z
2026-08-16T14:00:00Z,Superliga,Lyngby,FC Midtjylland,Over/Under Goals,Under 3.5,1.6,0.6457,1-1,WON,2026-08-13T00:03:59.964Z
2026-08-16T14:00:00Z,Veikkausliiga,AC Oulu,Inter Turku,Over/Under Goals,Over 2.5,2.08,0.1728,2-3,WON,2026-08-13T00:04:00.007Z
2026-08-16T14:45:00Z,Eredivisie Women,Heerenveen W,Feyenoord W,Asian Handicap,Home +0,4.35,0.6738,1-2,LOST,2026-08-13T00:03:59.295Z
2026-08-16T14:45:00Z,Eredivisie Women,PEC Zwolle W,PSV/Eindhoven W,Over/Under Goals,Over 2.5,1.57,0.7872,0-2,LOST,2026-08-13T00:03:59.314Z
2026-08-16T14:45:00Z,Eredivisie,Ajax,Heerenveen,Over/Under Goals,Under 3.5,1.91,0.5200,2-2,LOST,2026-08-13T00:03:59.227Z
2026-08-16T15:00:00Z,1. Division,Kongsvinger IL,Haugesund,Over/Under Goals,Under 3.5,2.3,0.3090,3-2,LOST,2026-08-13T00:03:58.745Z
2026-08-16T15:00:00Z,1st League - FBiH,Budućnost Banovići,Radnik Hadžići,Asian Handicap,Home +0,1.8,0.6026,0-0,WON,2026-08-13T00:03:58.244Z
2026-08-16T15:00:00Z,Bundesliga,WSG Wattens,Red Bull Salzburg,Over/Under Goals,Under 3.5,1.55,0.7978,0-3,WON,2026-08-13T00:03:58.309Z
2026-08-16T15:00:00Z,Friendlies Clubs,FC Schalke 04,Real Madrid,Over/Under Goals,Under 3.5,1.81,0.4423,0-3,WON,2026-08-13T00:03:59.035Z
2026-08-16T15:00:00Z,League Cup,Rangers,ST Mirren,Over/Under Goals,Under 3.5,1.57,0.5704,5-1,LOST,2026-08-13T00:03:59.186Z
2026-08-16T15:00:00Z,Pershaya Liga,Slonim,Smorgon,Over/Under Goals,Under 3.5,1.66,0.6736,0-2,WON,2026-08-13T00:03:58.579Z
2026-08-16T15:00:00Z,Premier League,Dinamo Minsk,Torpedo Zhodino,Over/Under Goals,Under 3.5,1.68,0.8830,4-0,LOST,2026-08-13T00:03:58.555Z
2026-08-16T15:30:00Z,NB II,Karcag SE,Tiszakecske FC,Asian Handicap,Away -0.25,2.08,0.3761,3-3,WON,2026-08-13T00:03:58.125Z
2026-08-16T16:00:00Z,Meistriliiga,Flora Tallinn,Kuressaare,Asian Handicap,Home +1.25,2.14,0.9470,2-3,WON,2026-08-13T00:03:57.843Z
2026-08-16T16:15:00Z,Meistaradeildin,07 Vestur,B36 Torshavn,Asian Handicap,Home +0,4.25,0.6395,1-2,LOST,2026-08-13T00:03:57.417Z
2026-08-16T16:15:00Z,Meistaradeildin,AB,KI Klaksvik,Over/Under Goals,Under 3.5,1.64,0.7148,3-4,LOST,2026-08-13T00:03:57.437Z
2026-08-16T16:45:00Z,Pro League,Baniyas SC,Al Ain,Over/Under Goals,Under 3.5,1.5,0.4386,2-4,LOST,2026-08-13T00:03:57.121Z
2026-08-16T17:00:00Z,Second League,Spartak Pleven,Lokomotiv G. Oryahovitsa,Over/Under Goals,Over 2.5,2.3,0.7805,0-1,LOST,2026-08-13T00:03:56.969Z
2026-08-16T17:00:00Z,Super Liga,Sireți,Sheriff Tiraspol,Over/Under Goals,Under 3.5,1.57,0.8004,1-1,WON,2026-08-13T00:03:56.788Z
2026-08-16T17:00:00Z,Toto Cup Ligat Al,Maccabi Netanya,Maccabi Tel Aviv,Asian Handicap,Home +0,3.01,0.7363,0-1,LOST,2026-08-13T00:03:57.094Z
2026-08-16T18:00:00Z,Catarinense U20,Criciuma U20,Chapecoense U20,Over/Under Goals,Over 2.5,1.72,0.8123,1-1,LOST,2026-08-13T00:03:56.220Z
2026-08-16T18:00:00Z,Iraqi League,Al Shorta,Karbala,Over/Under Goals,Under 3.5,1.52,0.7120,1-1,WON,2026-08-15T00:04:47.804Z
2026-08-16T18:00:00Z,Úrvalsdeild,FH hafnarfjordur,Vikingur Reykjavik,Over/Under Goals,Under 3.5,1.82,0.8441,2-4,LOST,2026-08-13T00:03:56.057Z
2026-08-16T18:15:00Z,Primera Division,UCV Moquegua,Sport Boys,Over/Under Goals,Over 2.5,2.28,0.1677,1-1,LOST,2026-08-13T00:03:55.835Z
2026-08-16T19:00:00Z,Goiano - 2,Morrinhos,Goiânia,Asian Handicap,Home +0,1.67,0.6515,2-0,WON,2026-08-13T00:03:55.126Z
2026-08-16T20:00:00Z,Goiano - 2,Rio Verde,Goianésia,Over/Under Goals,Over 1.5,1.55,0.8121,3-0,WON,2026-08-13T00:03:54.387Z
2026-08-16T20:00:00Z,Liga de Ascenso,Guadalupe FC,Aserri FC,Over/Under Goals,Under 3.5,1.56,0.5813,0-2,WON,2026-08-13T00:03:54.441Z
2026-08-16T20:00:00Z,Liga de Ascenso,Quepos Cambute,Aserri FC,Over/Under Goals,Under 3.5,1.55,0.7686,2-1,WON,2026-08-13T00:03:54.535Z
2026-08-16T20:00:00Z,Segunda División,Linares Unido,Provincial Osorno,Asian Handicap,Home +0,1.74,0.6255,1-0,WON,2026-08-13T00:03:54.180Z
2026-08-16T20:15:00Z,Liga Women,UNSAAC W,Alianza Lima W,Over/Under Goals,Under 3.5,2.21,0.7639,0-2,WON,2026-08-13T00:03:54.020Z
2026-08-16T23:00:00Z,Liga MX Femenil,Guadalajara W,Atlético San Luis W,Over/Under Goals,Under 3.5,1.67,0.4914,3-1,LOST,2026-08-13T00:03:53.170Z
2026-08-16T23:00:00Z,Liga MX,Club America,Atletico San Luis,Over/Under Goals,Under 3.5,1.5,0.5435,3-0,WON,2026-08-13T00:03:53.081Z
2026-08-16T23:00:00Z,MLS Next Pro,Huntsville City,Inter Miami II,Over/Under Goals,Under 3.5,1.88,0.6861,2-0,WON,2026-08-13T00:03:53.232Z
2026-08-17T01:10:00Z,Liga MX,Santos Laguna,Guadalajara Chivas,Over/Under Goals,Under 3.5,1.6,0.8624,0-1,WON,2026-08-14T00:04:39.056Z
2026-08-17T12:00:00Z,Professional Development League,Swansea City U21,Sheffield United U21,Asian Handicap,Away -0.5,2.6,0.6829,0-2,WON,2026-08-14T00:04:38.728Z
2026-08-17T15:00:00Z,Veikkausliiga,Gnistan,Ilves,Asian Handicap,Home +0,1.7,0.3696,3-2,WON,2026-08-14T00:04:38.422Z
2026-08-17T15:30:00Z,NB I,Zalaegerszegi TE,Ferencvarosi TC,Over/Under Goals,Under 3.5,1.5,0.6940,0-1,WON,2026-08-14T00:04:38.310Z
2026-08-17T16:00:00Z,Erovnuli Liga,Gagra,Spaeri,Asian Handicap,Home +0,1.85,0.6605,1-1,WON,2026-08-14T00:04:38.113Z
2026-08-17T16:00:00Z,Esiliiga A,Nõmme United II,Nõmme Kalju II,Over/Under Goals,Under 3.5,2.35,0.5988,2-0,WON,2026-08-14T00:04:38.156Z
2026-08-17T16:15:00Z,King's Cup,Al Taee,Al-Qadisiyah FC,Over/Under Goals,Under 3.5,2.12,0.4437,0-5,LOST,2026-08-14T00:04:37.918Z
2026-08-17T16:30:00Z,Coppa Italia,Sassuolo,Cesena,Over/Under Goals,Under 3.5,1.59,0.6717,3-0,WON,2026-08-14T00:04:37.837Z
2026-08-17T17:00:00Z,Allsvenskan,BK Hacken,Halmstad,Over/Under Goals,Under 3.5,1.75,0.8035,1-0,WON,2026-08-14T00:04:37.594Z
2026-08-17T17:00:00Z,Toto Cup Ligat Al,Hapoel Ramat Gan,Beitar Jerusalem,Over/Under Goals,Under 3.5,1.53,0.6365,3-3,LOST,2026-08-14T00:04:37.802Z
2026-08-17T18:00:00Z,1. Deild,IR Reykjavik,Njardvik,Over/Under Goals,Under 3.5,1.76,0.5016,3-1,LOST,2026-08-14T00:04:37.110Z
2026-08-17T18:00:00Z,1. Deild,Völsungur,Vestri,Asian Handicap,Home +0,2.5,0.5842,2-0,WON,2026-08-14T00:04:37.356Z
2026-08-17T18:30:00Z,Liga I,FCSB,FC Botosani,Over/Under Goals,Under 3.5,1.5,0.5982,3-2,LOST,2026-08-14T00:04:36.909Z
2026-08-17T18:30:00Z,Super Lig,Samsunspor,Göztepe,Asian Handicap,Home +0,1.58,0.5634,3-3,WON,2026-08-14T00:04:36.870Z
2026-08-17T19:15:00Z,Primeira Liga,Casa Pia,Benfica,Over/Under Goals,Under 3.5,1.55,0.5867,0-7,LOST,2026-08-14T00:04:36.510Z
2026-08-17T19:30:00Z,Segunda Division,Almeria,Eldense,Over/Under Goals,Under 3.5,1.55,0.7641,3-0,WON,2026-08-14T00:04:36.422Z
2026-08-17T20:00:00Z,Segunda División,Santos,Alianza Universidad,Asian Handicap,Home +0,1.81,0.5791,3-3,WON,2026-08-15T00:04:48.063Z
2026-08-17T23:00:00Z,Liga MX Femenil,León W,Querétaro W,Over/Under Goals,Under 3.5,1.85,0.4495,0-1,WON,2026-08-14T00:04:36.118Z
2026-08-18T00:00:00Z,Liga MX Femenil,Toluca W,Atlas W,Over/Under Goals,Under 3.5,2.0,0.4922,1-1,WON,2026-08-15T00:04:50.522Z
2026-08-18T01:06:00Z,Liga MX Femenil,Santos Laguna W,Monterrey W,Over/Under Goals,Under 3.5,1.77,0.5548,1-4,LOST,2026-08-15T00:04:50.312Z
2026-08-18T12:00:00Z,Professional Development League,Bristol City U21,Wigan Athletic U21,Asian Handicap,Home +0,1.54,0.6640,2-2,WON,2026-08-15T00:04:50.126Z
2026-08-18T12:30:00Z,First League,Andranik,Olympia Yerevan,Over/Under Goals,Under 3.5,1.8,0.7625,1-4,LOST,2026-08-15T00:04:50.095Z
2026-08-18T13:00:00Z,First League,Sardarapat 2,Noah II,Over/Under Goals,Under 3.5,1.53,0.7320,1-2,WON,2026-08-15T00:04:50.001Z
2026-08-18T15:00:00Z,Cup,Partizán Osrblie,Oravské Veselé,Asian Handicap,Away -0.5,1.9,0.8181,1-2,WON,2026-08-15T00:04:49.915Z
2026-08-18T15:30:00Z,Cup,CSKA Moscow,Akron,Over/Under Goals,Under 3.5,1.5,0.6705,0-1,WON,2026-08-15T00:04:49.770Z
2026-08-18T16:30:00Z,Liga Leumit,Hapoel Kfar Shalem,Kafr Qasim,Over/Under Goals,Over 2.5,2.18,0.7770,2-0,LOST,2026-08-15T00:04:49.577Z
2026-08-18T16:30:00Z,Liga Leumit,Hapoel Rishon LeZion,Hapoel Kfar Saba,Asian Handicap,Away -0.5,3.0,0.8329,2-0,LOST,2026-08-15T00:04:49.528Z
2026-08-18T16:30:00Z,Liga Leumit,Maccabi Kabilio Jaffa,Kiryat Yam SC,Asian Handicap,Home +0,2.05,0.8924,2-6,LOST,2026-08-15T00:04:49.514Z
2026-08-18T16:30:00Z,Svenska Cupen,AFC Eskilstuna,Oddevold,Over/Under Goals,Under 3.5,1.73,0.6725,3-3,LOST,2026-08-15T00:04:49.370Z
2026-08-18T16:30:00Z,Svenska Cupen,IF Karlstad,Sandviken,Asian Handicap,Away -0.5,1.7,0.5655,0-2,WON,2026-08-15T00:04:49.486Z
2026-08-18T16:30:00Z,Svenska Cupen,Västra Frölunda,IF Elfsborg,Asian Handicap,Home +0,15.0,0.6590,0-4,LOST,2026-08-15T00:04:49.549Z
2026-08-18T18:00:00Z,1. Liga Promotion,Bellinzona,Basel II,Over/Under Goals,Under 3.5,1.54,0.5737,2-3,LOST,2026-08-15T00:04:48.813Z
2026-08-18T18:00:00Z,EFL Trophy,Northampton,Brighton U21,Over/Under Goals,Under 3.5,1.7,0.8013,0-3,WON,2026-08-15T00:04:48.723Z
2026-08-18T18:00:00Z,EFL Trophy,Reading,Wycombe,Over/Under Goals,Under 3.5,1.57,0.4772,1-1,WON,2026-08-15T00:04:48.625Z
2026-08-18T18:00:00Z,EFL Trophy,Stockport County,Everton U21,Over/Under Goals,Over 2.5,1.57,0.7564,6-3,WON,2026-08-15T00:04:49.013Z
2026-08-18T18:00:00Z,EFL Trophy,Wigan,Aston Villa U21,Over/Under Goals,Under 3.5,1.66,0.6101,3-2,LOST,2026-08-15T00:04:48.881Z
2026-08-18T18:00:00Z,National League Cup,AFC Hornchurch,Norwich City U21,Over/Under Goals,Under 3.5,1.67,0.5537,1-2,WON,2026-08-15T00:04:49.125Z
2026-08-18T18:00:00Z,National League Cup,Boston United,Birmingham City U21,Over/Under Goals,Under 3.5,1.75,0.8124,2-3,LOST,2026-08-15T00:04:48.972Z
2026-08-18T18:00:00Z,National League Cup,FC Halifax Town,Derby County U21,Over/Under Goals,Under 3.5,1.7,0.4525,6-2,LOST,2026-08-15T00:04:48.991Z
2026-08-18T18:00:00Z,National League Cup,Scunthorpe,Stoke City U21,Over/Under Goals,Under 3.5,1.75,0.8783,4-0,LOST,2026-08-15T00:04:49.056Z
2026-08-18T18:00:00Z,National League Cup,Solihull Moors,Middlesbrough U21,Asian Handicap,Away -0.5,1.95,0.8193,1-3,WON,2026-08-15T00:04:49.073Z
2026-08-18T18:00:00Z,National League Cup,Sutton United,Leicester City U21,Over/Under Goals,Under 3.5,1.7,0.5982,0-0,WON,2026-08-15T00:04:49.088Z
2026-08-18T18:00:00Z,National League Cup,Truro City,Southampton U21,Over/Under Goals,Under 3.5,1.79,0.7819,2-1,WON,2026-08-15T00:04:48.759Z
2026-08-18T18:00:00Z,National League Cup,Wealdstone,Wolves U21,Over/Under Goals,Under 3.5,1.71,0.6115,1-3,LOST,2026-08-15T00:04:48.778Z
2026-08-18T18:45:00Z,EFL Trophy,Barnet,Arsenal U21,Over/Under Goals,Under 3.5,1.73,0.7892,5-1,LOST,2026-08-15T00:04:48.553Z
2026-08-18T18:45:00Z,National League Cup,Woking,West Bromwich Albion U21,Asian Handicap,Away -0.5,3.66,0.7832,0-0,WON,2026-08-15T00:04:48.532Z
2026-08-18T22:00:00Z,Copa de la División Profesional,Guabirá,Universitario de Vinto,Over/Under Goals,Under 3.5,1.53,0.7180,2-1,WON,2026-08-15T00:04:48.247Z
2026-08-19T00:00:00Z,Copa de la División Profesional,The Strongest,Oriente Petrolero,Over/Under Goals,Under 3.5,1.82,0.7301,2-1,WON,2026-08-16T00:04:17.491Z
2026-08-19T00:30:00Z,CONMEBOL Sudamericana,Sao Paulo,Bolívar,Over/Under Goals,Under 3.5,1.5,0.6795,3-1,LOST,2026-08-16T00:04:17.408Z
2026-08-19T01:00:00Z,Concacaf Central American Cup,CS Cartagines,Verdes,Over/Under Goals,Under 3.5,2.27,0.7568,4-0,LOST,2026-08-16T00:04:17.312Z
2026-08-19T03:00:00Z,Concacaf Central American Cup,Real Estelí,CS Herediano,Asian Handicap,Home +0,1.56,0.9025,0-2,LOST,2026-08-16T00:04:17.276Z
2026-08-19T09:30:00Z,Australia Cup,APIA Leichhardt Tigers,Melbourne Victory,Over/Under Goals,Over 2.5,1.73,0.7435,0-0,LOST,2026-08-16T00:04:17.210Z
2026-08-19T10:00:00Z,Emperor’s Cup,Gainare Tottori,Roasso Kumamoto,Asian Handicap,Home +0,1.77,0.7349,1-1,WON,2026-08-16T00:04:17.090Z
2026-08-19T10:00:00Z,Emperor’s Cup,Nara Club,Osaka,Asian Handicap,Home +0,2.51,0.6143,1-4,LOST,2026-08-16T00:04:17.034Z
2026-08-19T10:00:00Z,FA Cup,Dangjin Citizen,Jeonbuk Motors,Over/Under Goals,Under 3.5,1.53,0.8343,2-2,LOST,2026-08-16T00:04:17.002Z
2026-08-19T10:00:00Z,FA Cup,Pohang Steelers,Jinju Citizen,Over/Under Goals,Under 3.5,1.54,0.9766,3-1,LOST,2026-08-16T00:04:17.074Z
2026-08-19T10:30:00Z,Victoria NPL,Preston Lions,Melbourne City II,Over/Under Goals,Under 3.5,1.51,0.6263,4-0,LOST,2026-08-16T00:04:16.817Z
2026-08-19T11:00:00Z,Cup,Altay,Ordabasy,Over/Under Goals,Over 2.5,1.67,0.7655,1-2,WON,2026-08-16T00:04:16.747Z
2026-08-19T11:00:00Z,Premier League International Cup,Sunderland U21,Jong PSV,Over/Under Goals,Under 3.5,1.75,0.4633,1-1,WON,2026-08-16T00:04:16.764Z
2026-08-19T12:00:00Z,Friendlies Clubs,Coruxo,Pontevedra,Asian Handicap,Away -0.5,1.94,0.7084,3-1,LOST,2026-08-16T00:04:16.691Z
2026-08-19T14:30:00Z,Cupa României,Corona Braşov,Tunari,Over/Under Goals,Under 3.5,1.5,0.4760,3-2,LOST,2026-08-16T00:04:16.177Z
2026-08-19T14:30:00Z,Cupa României,Popești-Leordeni,FC Bacau,Over/Under Goals,Over 2.5,2.0,0.7971,0-3,WON,2026-08-16T00:04:16.328Z
2026-08-19T15:00:00Z,Cup,Nová Dedinka,Petržalka,Over/Under Goals,Under 3.5,1.53,0.4070,1-5,LOST,2026-08-16T00:04:15.693Z
2026-08-19T15:00:00Z,Cup,Raslavice,FK Košice,Over/Under Goals,Under 3.5,2.05,0.4791,0-5,LOST,2026-08-16T00:04:15.877Z
2026-08-19T15:00:00Z,Cup,Rosina,MFK Bytča,Over/Under Goals,Under 3.5,1.59,0.6822,0-2,WON,2026-08-16T00:04:15.647Z
2026-08-19T15:00:00Z,Cup,Čaňa,Lokomotíva Košice,Asian Handicap,Away -0.5,2.01,0.8259,0-4,WON,2026-08-16T00:04:15.826Z
2026-08-19T15:30:00Z,Cup,Kozlovice,Slavičín,Over/Under Goals,Under 3.5,1.58,0.8770,4-3,LOST,2026-08-16T00:04:15.427Z
2026-08-19T16:30:00Z,King's Cup,Jeddah Club,Al Kholood,Over/Under Goals,Under 3.5,1.6,0.8254,0-5,LOST,2026-08-16T00:04:15.142Z
2026-08-19T16:30:00Z,Svenska Cupen,Angelholms FF,Kalmar FF,Over/Under Goals,Under 3.5,1.58,0.4925,0-7,LOST,2026-08-16T00:04:14.992Z
2026-08-19T16:30:00Z,Svenska Cupen,Enköping,Vasteras SK FK,Over/Under Goals,Under 3.5,1.57,0.5990,1-2,WON,2026-08-16T00:04:15.161Z
2026-08-19T16:30:00Z,Svenska Cupen,Högaborg,Osters IF,Over/Under Goals,Under 3.5,1.81,0.4687,0-4,LOST,2026-08-16T00:04:15.106Z
2026-08-19T16:30:00Z,Svenska Cupen,IFK Östersund,Degerfors IF,Over/Under Goals,Under 3.5,1.93,0.7349,1-5,LOST,2026-08-16T00:04:15.192Z
2026-08-19T17:00:00Z,Kvindeliga,KoldingQ W,Odense Women,Over/Under Goals,Under 3.5,1.5,0.5122,3-1,LOST,2026-08-16T00:04:14.801Z
2026-08-19T17:30:00Z,1. Liga Promotion,Breitenrain,Young Boys II,Over/Under Goals,Under 3.5,2.03,0.6483,4-2,LOST,2026-08-16T00:04:14.727Z
2026-08-19T17:30:00Z,1. Liga Promotion,Grand-Saconnex,FC Schaffhausen,Over/Under Goals,Under 3.5,1.66,0.4857,1-4,LOST,2026-08-16T00:04:14.675Z
2026-08-19T17:30:00Z,1. Liga Promotion,Kreuzlingen,Cham,Over/Under Goals,Under 3.5,1.61,0.4696,1-2,WON,2026-08-16T00:04:14.743Z
2026-08-19T17:30:00Z,Persian Gulf Pro League,Foolad FC,Shams Azar Qazvin,Over/Under Goals,Over 1.5,1.62,0.8391,1-1,WON,2026-08-16T00:04:14.713Z
2026-08-19T17:30:00Z,Premier Soccer League,Mamelodi Sundowns,Marumo Gallants,Over/Under Goals,Under 3.5,1.53,0.7085,2-0,WON,2026-08-16T00:04:14.655Z
2026-08-19T20:00:00Z,Copa Venezuela,Club Atletico Barinas,Zamora FC,Over/Under Goals,Under 3.5,1.6,0.7018,3-1,LOST,2026-08-16T00:04:14.058Z
2026-08-19T21:00:00Z,Liga Nacional,Cobán Imperial,Antigua GFC,Asian Handicap,Home +0,1.65,0.6866,0-2,LOST,2026-08-16T00:04:13.895Z
2026-08-19T22:00:00Z,CONMEBOL Sudamericana,Atletico-MG,RB Bragantino,Over/Under Goals,Over 2.5,2.32,0.0968,2-2,WON,2026-08-16T00:04:13.805Z
2026-08-19T23:00:00Z,Canadian Premier League,Atlético Ottawa,Vancouver FC,Asian Handicap,Away -0.5,2.28,0.7028,4-0,LOST,2026-08-16T00:04:13.562Z
2026-08-19T23:30:00Z,Major League Soccer,Columbus Crew,CF Montreal,Over/Under Goals,Under 3.5,1.67,0.5100,1-2,WON,2026-08-16T00:04:13.239Z
2026-08-20T00:00:00Z,Copa de la División Profesional,Nacional Potosí,Real Tomayapo,Over/Under Goals,Under 3.5,1.79,0.5267,5-1,LOST,2026-08-17T00:04:17.815Z
2026-08-20T00:30:00Z,CONMEBOL Libertadores,Flamengo,Cruzeiro FC,Asian Handicap,Home +0.5,1.5,0.7877,2-1,WON,2026-08-17T00:04:17.579Z
2026-08-20T00:30:00Z,Major League Soccer,Minnesota United FC,Atlanta United FC,Over/Under Goals,Under 3.5,1.5,0.6915,1-2,WON,2026-08-17T00:04:17.666Z
2026-08-20T00:30:00Z,USL League One,Corpus Christi,NY Cosmos,Over/Under Goals,Under 3.5,1.58,0.7060,0-2,WON,2026-08-17T00:04:17.693Z
2026-08-20T02:30:00Z,Major League Soccer,Vancouver Whitecaps,Houston Dynamo,Over/Under Goals,Under 3.5,1.72,0.8956,0-1,WON,2026-08-17T00:04:17.294Z
2026-08-20T03:00:00Z,Concacaf Central American Cup,FAS,Municipal,Over/Under Goals,Over 2.5,2.35,0.7653,1-1,LOST,2026-08-17T00:04:17.225Z
2026-08-20T09:00:00Z,Cup,Dinaz Vyshhorod,Yarud Mariupol',Over/Under Goals,Under 3.5,2.0,0.6863,0-6,LOST,2026-08-20T00:06:14.710Z
2026-08-20T12:00:00Z,Esiliiga A,FC Tallinn,Nõmme United II,Asian Handicap,Home +0,2.31,0.6166,1-1,WON,2026-08-17T00:04:16.927Z
2026-08-20T12:00:00Z,Esiliiga B,Johvi Phoenix,JK Tabasalu,Over/Under Goals,Under 3.5,2.65,0.7856,2-2,LOST,2026-08-17T00:04:16.963Z
2026-08-20T12:00:00Z,Esiliiga B,Parnu JK Vaprus U21,Tulevik,Over/Under Goals,Under 3.5,3.35,0.8044,2-2,LOST,2026-08-17T00:04:17.051Z
2026-08-20T13:00:00Z,Ligi kuu Bara,Polisi Tanzania,JKT Tanzania,Asian Handicap,Home +0,1.92,0.7977,2-0,WON,2026-08-17T00:04:16.778Z
2026-08-20T13:00:00Z,Pro League A,Yaypan,Pakhtakor II,Over/Under Goals,Under 3.5,1.66,0.8041,2-0,WON,2026-08-17T00:04:16.807Z
2026-08-20T15:30:00Z,Ligi kuu Bara,Young Africans,Coastal Union,Over/Under Goals,Over 2.5,1.55,0.8097,4-1,WON,2026-08-17T00:04:16.399Z
2026-08-20T16:00:00Z,Toppserien,Rosenborg W,Lyn W,Over/Under Goals,Under 3.5,1.7,0.9596,3-2,LOST,2026-08-17T00:04:16.359Z
2026-08-20T16:30:00Z,Stars League,Al-Rayyan SC,Lusail City,Over/Under Goals,Under 3.5,1.85,0.5412,1-0,WON,2026-08-17T00:04:16.247Z
2026-08-20T16:30:00Z,Svenska Cupen,Hässleholms IF,Landskrona BoIS,Over/Under Goals,Under 3.5,1.55,0.8881,0-0,WON,2026-08-17T00:04:16.167Z
2026-08-20T17:00:00Z,UEFA Europa Conference League,FC Nordsjaelland,FC ST. Gallen,Over/Under Goals,Under 3.5,1.74,0.4435,1-0,WON,2026-08-17T00:04:15.969Z
2026-08-20T17:00:00Z,UEFA Europa Conference League,Tromso,Brighton,Asian Handicap,Away -0.5,1.65,0.5116,0-0,WON,2026-08-17T00:04:15.940Z
2026-08-20T17:00:00Z,UEFA Europa League,Trabzonspor,Ferencvarosi TC,Over/Under Goals,Under 3.5,1.5,0.8269,0-1,WON,2026-08-17T00:04:16.141Z
2026-08-20T17:45:00Z,UEFA Europa Conference League,PAOK,Brann,Over/Under Goals,Under 3.5,1.51,0.4595,1-1,WON,2026-08-17T00:04:15.764Z
2026-08-20T18:00:00Z,Paulista - U20,São Paulo U20,SC Paulinense SP U20,Over/Under Goals,Under 3.5,1.63,0.7330,2-0,WON,2026-08-17T00:04:15.578Z
2026-08-20T18:15:00Z,UEFA Europa Conference League,FC Sion,Ajax,Asian Handicap,Away -0.5,1.7,0.5409,2-4,WON,2026-08-17T00:04:15.463Z
2026-08-20T18:45:00Z,UEFA Europa Conference League,Rangers,FK Jablonec,Over/Under Goals,Under 3.5,1.54,0.5585,1-0,WON,2026-08-17T00:04:15.257Z
2026-08-20T19:00:00Z,UEFA Europa Conference League,Getafe,FK Partizan,Over/Under Goals,Under 3.5,1.58,0.8761,3-1,LOST,2026-08-17T00:04:15.136Z
2026-08-20T19:30:00Z,Copa Paraguay,Tacuary,Libertad Asuncion,Over/Under Goals,Under 3.5,1.52,0.8467,0-0,WON,2026-08-17T00:04:14.897Z
2026-08-20T23:00:00Z,Liga de Expansión MX,Venados FC,Dorados,Over/Under Goals,Under 3.5,1.5,0.4218,4-2,LOST,2026-08-17T00:04:14.666Z
2026-08-21T00:30:00Z,CONMEBOL Sudamericana,Botafogo,Cienciano,Over/Under Goals,Under 3.5,2.25,0.6383,1-0,WON,2026-08-18T00:03:48.144Z
2026-08-21T03:00:00Z,Concacaf Central American Cup,Firpo,LD Alajuelense,Over/Under Goals,Over 2.5,1.84,0.8251,1-0,LOST,2026-08-18T00:03:48.031Z
2026-08-21T09:30:00Z,Calcutta Premier Division,United,Mohammedan,Asian Handicap,Home +0,2.96,0.6141,1-1,WON,2026-08-18T00:03:47.968Z
2026-08-21T09:30:00Z,New South Wales NPL,Sydney FC U23,Rockdale City Suns,Over/Under Goals,Under 3.5,1.55,0.8564,2-1,WON,2026-08-18T00:03:47.913Z
2026-08-21T13:00:00Z,Erovnuli Liga,Meshakhte,Dinamo Batumi,Over/Under Goals,Over 2.5,1.81,0.7182,0-1,LOST,2026-08-18T00:03:47.512Z
2026-08-21T14:00:00Z,Pro League,Al-Ittihad Kalba,Al-Wasl FC,Over/Under Goals,Under 3.5,1.57,0.6308,0-3,WON,2026-08-18T00:03:47.275Z
2026-08-21T14:00:00Z,Youth Championship,Chertanovo U20,Spartak Moskva U19,Over/Under Goals,Under 3.5,1.81,0.5499,1-0,WON,2026-08-18T00:03:47.412Z
2026-08-21T14:00:00Z,Youth Championship,Rostov U19,Rubin Kazan U20,Over/Under Goals,Under 3.5,1.72,0.6094,4-0,LOST,2026-08-18T00:03:47.326Z
2026-08-21T14:30:00Z,Liga II,Chindia Targoviste,CS Dinamo București,Over/Under Goals,Under 3.5,2.2,0.4609,1-2,WON,2026-08-18T00:03:47.109Z
2026-08-21T15:00:00Z,First League,Skopje,Tikveš,Asian Handicap,Away -0.5,2.13,0.7269,1-1,WON,2026-08-18T00:03:46.951Z
2026-08-21T15:15:00Z,Division 1,Al Bataeh,Ittifaq,Over/Under Goals,Under 3.5,1.6,0.6192,1-0,WON,2026-08-18T00:03:46.758Z
2026-08-21T15:30:00Z,First NL,Mladost Ždralovi,Vukovar,Asian Handicap,Home +0,1.76,0.6311,1-1,WON,2026-08-18T00:03:46.708Z
2026-08-21T15:30:00Z,NB I,Paks,Ujpest,Over/Under Goals,Under 3.5,1.72,0.2961,2-0,WON,2026-08-18T00:03:46.599Z
2026-08-21T16:00:00Z,1 Lyga,Jonava,FA Šiauliai II,Over/Under Goals,Under 3.5,1.55,0.5977,0-1,WON,2026-08-18T00:03:46.340Z
2026-08-21T16:00:00Z,1. Division,Vejle,Esbjerg,Over/Under Goals,Under 3.5,1.62,0.3091,1-1,WON,2026-08-18T00:03:45.947Z
2026-08-21T16:00:00Z,Esiliiga A,Flora II,Viimsi,Asian Handicap,Away -0.5,1.8,0.6610,2-1,LOST,2026-08-18T00:03:45.988Z
2026-08-21T16:00:00Z,I Liga,Warta Poznań,Chrobry Głogów,Asian Handicap,Away -0.5,2.01,0.5465,0-1,WON,2026-08-18T00:03:46.249Z
2026-08-21T16:00:00Z,Meistriliiga,FC Levadia Tallinn,Trans Narva,Over/Under Goals,Under 3.5,1.96,0.4801,4-0,LOST,2026-08-18T00:03:46.033Z
2026-08-21T16:00:00Z,Serie A Cup Women,Como W,Juventus W,Over/Under Goals,Under 3.5,1.8,0.9104,0-2,WON,2026-08-18T00:03:46.105Z
2026-08-21T16:20:00Z,Frauen Bundesliga,Union Berlin W,Bayern Munich W,Over/Under Goals,Under 3.5,2.0,0.7843,1-4,LOST,2026-08-18T00:03:45.875Z
2026-08-21T16:30:00Z,2. Liga,SKU Amstetten,WSPG Wels,Over/Under Goals,Under 3.5,1.5,0.5757,1-1,WON,2026-08-18T00:03:45.684Z
2026-08-21T16:30:00Z,Stars League,Al-Arabi SC,Al Shamal,Over/Under Goals,Under 3.5,1.55,0.5644,2-2,LOST,2026-08-18T00:03:45.739Z
2026-08-21T17:00:00Z,First League,Bregalnica Štip,Bashkimi Kumanovo,Over/Under Goals,Over 2.5,1.58,0.8031,3-0,WON,2026-08-18T00:03:45.115Z
2026-08-21T17:00:00Z,Nationalliga A Women,Young Boys W,Servette Chênois W,Asian Handicap,Away -0.5,1.8,0.8263,3-2,LOST,2026-08-18T00:03:45.518Z
2026-08-21T17:00:00Z,Regionalliga - South,Gleisdorf 09,Kalsdorf,Over/Under Goals,Under 3.5,1.68,0.4623,1-2,WON,2026-08-18T00:03:45.134Z
2026-08-21T17:00:00Z,Regionalliga - South,Völkermarkt,Donau Klagenfurt,Over/Under Goals,Under 3.5,1.62,0.6793,5-3,LOST,2026-08-18T00:03:45.348Z
2026-08-21T17:30:00Z,Frauenliga,First Vienna W,Sturm Graz W,Asian Handicap,Away -0.5,2.1,0.5808,1-1,WON,2026-08-18T00:03:44.989Z
2026-08-21T18:00:00Z,Challenger Pro League,RSC Anderlecht II,Excelsior Virton,Asian Handicap,Away -0.25,2.55,0.7238,0-1,WON,2026-08-18T00:03:44.223Z
2026-08-21T18:00:00Z,Eerste Divisie,MVV Maastricht,FC Volendam,Asian Handicap,Home +0,2.65,0.6345,1-0,WON,2026-08-18T00:03:43.743Z
2026-08-21T18:00:00Z,Ligue 2,Dunkerque,Montpellier,Over/Under Goals,Over 2.5,1.95,0.7960,0-1,LOST,2026-08-18T00:03:43.827Z
2026-08-21T18:00:00Z,Paulista - U20,Corinthians U20,Juventus U20,Over/Under Goals,Over 2.5,1.83,0.9016,1-2,WON,2026-08-18T00:03:44.325Z
2026-08-21T18:00:00Z,Paulista - U20,Ferroviária U20,Jabaquara U20,Over/Under Goals,Under 3.5,1.52,0.6954,2-0,WON,2026-08-18T00:03:44.421Z
2026-08-21T18:00:00Z,Paulista - U20,Referencia U20,Palmeiras U20,Over/Under Goals,Under 3.5,1.63,0.8058,0-2,WON,2026-08-18T00:03:44.709Z
2026-08-21T18:00:00Z,Paulista - U20,XV de Jaú U20,Porto Football U20,Over/Under Goals,Over 2.5,1.7,0.8016,0-1,LOST,2026-08-18T00:03:44.262Z
2026-08-21T18:00:00Z,Premier League 2 Division One,Aston Villa U21,Brighton U21,Asian Handicap,Away -0.5,2.32,0.6509,2-1,LOST,2026-08-18T00:03:44.138Z
2026-08-21T18:00:00Z,Premier League 2 Division One,Fulham U21,Burnley U21,Over/Under Goals,Under 3.5,1.77,0.6392,4-3,LOST,2026-08-18T00:03:44.598Z
2026-08-21T18:00:00Z,Premier League 2 Division One,West Ham United U21,Southampton U21,Over/Under Goals,Under 3.5,1.76,0.5114,0-0,WON,2026-08-18T00:03:44.201Z
2026-08-21T18:15:00Z,Challenge League,Rapperswil,FC Winterthur,Asian Handicap,Away -0.5,2.21,0.5999,0-2,WON,2026-08-18T00:03:43.663Z
2026-08-21T18:30:00Z,Ekstraklasa,Cracovia Krakow,Wieczysta Kraków,Over/Under Goals,Over 2.5,1.82,0.7842,3-2,WON,2026-08-18T00:03:43.469Z
2026-08-21T18:30:00Z,FAW Championship,Holyhead Hotspur,Bangor City 1876 FC,Asian Handicap,Away -0.5,1.75,0.5768,2-3,WON,2026-08-18T00:03:43.574Z
2026-08-21T18:30:00Z,FAW Championship,Pontypridd Town,Trethomas Bluebirds,Over/Under Goals,Under 3.5,1.61,0.7047,2-1,WON,2026-08-18T00:03:43.609Z
2026-08-21T18:30:00Z,I Liga,Lechia Gdansk,Pogoń Siedlce,Asian Handicap,Away -0.5,2.45,0.4696,1-0,LOST,2026-08-18T00:03:43.375Z
2026-08-21T18:30:00Z,Primera Nacional,San Telmo,Deportivo Moron,Over/Under Goals,Over 1.5,1.67,0.8582,2-2,WON,2026-08-18T00:03:43.594Z
2026-08-21T18:45:00Z,FAW Championship,Caerau (Ely),Swansea University,Over/Under Goals,Over 2.5,1.66,0.8965,1-5,WON,2026-08-18T00:03:43.078Z
2026-08-21T18:45:00Z,FAW Championship,Denbigh Town,Porthmadog,Over/Under Goals,Under 3.5,1.6,0.7410,2-3,LOST,2026-08-18T00:03:43.175Z
2026-08-21T18:45:00Z,Premier League,Cardiff MET,The New Saints,Asian Handicap,Home +0,6.45,0.6763,0-5,LOST,2026-08-18T00:03:43.266Z
2026-08-21T18:45:00Z,Premier League,Holywell,Barry Town,Over/Under Goals,Under 3.5,1.6,0.6858,1-3,LOST,2026-08-18T00:03:43.208Z
2026-08-21T18:45:00Z,Premier League,Penybont,Llandudno,Asian Handicap,Away -0.5,3.77,0.6567,2-1,LOST,2026-08-18T00:03:43.056Z
2026-08-21T19:15:00Z,1. Deild,Grotta,IR Reykjavik,Over/Under Goals,Under 3.5,2.08,0.5154,1-3,LOST,2026-08-20T00:06:11.560Z
2026-08-21T21:00:00Z,Segunda División,Plaza Colonia,Colón,Asian Handicap,Home +0,1.59,0.7146,1-1,WON,2026-08-18T00:03:42.202Z
2026-08-21T21:30:00Z,Division Profesional - Clausura,Rubio NU,Sportivo Trinidense,Asian Handicap,Away -0.5,2.23,0.6758,0-0,WON,2026-08-18T00:03:42.159Z
2026-08-21T22:00:00Z,Primera Nacional,Deportivo Madryn,Atletico Mitre,Over/Under Goals,Over 1.5,1.6,0.8538,4-0,WON,2026-08-18T00:03:42.116Z
2026-08-22T00:00:00Z,Liga Pro,Leones del Norte,Independiente del Valle,Asian Handicap,Away -0.5,1.67,0.5916,2-3,WON,2026-08-20T00:06:18.733Z
2026-08-22T01:00:00Z,Liga MX,Tigres UANL,Atlante FC,Over/Under Goals,Under 3.5,1.5,0.7502,2-0,WON,2026-08-20T00:06:18.547Z
2026-08-22T05:00:00Z,Capital Territory NPL,Queanbeyan City,O'Connor Knights,Over/Under Goals,Under 3.5,1.73,0.2659,1-0,WON,2026-08-20T00:06:18.308Z
2026-08-22T05:15:00Z,Victoria NPL,Altona Magic,Avondale,Over/Under Goals,Under 3.5,1.59,0.6485,0-2,WON,2026-08-20T00:06:18.216Z
2026-08-22T05:30:00Z,South Australia NPL,Playford City Patriots,White City Woodville,Over/Under Goals,Under 3.5,1.78,0.7267,3-0,WON,2026-08-20T00:06:19.003Z
2026-08-22T06:00:00Z,Victoria NPL,Hume City,Sunshine Georgies,Over/Under Goals,Under 3.5,1.53,0.7301,3-2,LOST,2026-08-20T00:06:18.172Z
2026-08-22T07:00:00Z,Western Australia NPL,Perth,Sorrento,Over/Under Goals,Under 3.5,1.99,0.3181,3-1,LOST,2026-08-20T00:06:18.051Z
2026-08-22T07:00:00Z,Western Australia NPL,Stirling Lions,Western Knights,Over/Under Goals,Under 3.5,1.88,0.4972,3-1,LOST,2026-08-20T00:06:18.071Z
2026-08-22T08:00:00Z,League Two,Changchun Xidu,Dalian Kewei,Over/Under Goals,Over 1.5,1.5,0.7965,2-1,WON,2026-08-20T00:06:17.840Z
2026-08-22T08:00:00Z,Premier League,Southern District,Hong Kong FC,Over/Under Goals,Under 3.5,1.67,0.4739,3-2,LOST,2026-08-20T00:06:17.639Z
2026-08-22T08:15:00Z,Victoria Premier League 2,Altona City,Eastern Lions,Over/Under Goals,Over 2.5,1.6,0.8397,3-4,WON,2026-08-20T00:06:17.527Z
2026-08-22T09:00:00Z,1. Liga Women,Prague Raptors Women,Viktoria Plzeň W,Over/Under Goals,Under 3.5,1.55,0.5224,1-0,WON,2026-08-20T00:06:17.395Z
2026-08-22T09:00:00Z,Victoria NPL,Dandenong Thunder,Oakleigh Cannons,Over/Under Goals,Under 3.5,1.87,0.6983,0-5,LOST,2026-08-20T00:06:17.258Z
2026-08-22T09:15:00Z,Npl Nsw U20,UNSW U20,Manly Utd U20,Over/Under Goals,Under 3.5,1.96,0.4483,2-3,LOST,2026-08-20T00:06:17.140Z
2026-08-22T09:30:00Z,South Australia NPL,MetroStars,Croydon Kings,Over/Under Goals,Under 3.5,1.82,0.6391,2-0,WON,2026-08-20T00:06:18.964Z
2026-08-22T10:00:00Z,Central Youth League,Górnik Zabrze U19,Polonia Warszawa U19,Over/Under Goals,Under 3.5,1.55,0.6938,0-0,WON,2026-08-20T00:06:16.720Z
2026-08-22T10:00:00Z,Ekstraliga Women,Pogon Szczecin W,Slask Wroclaw W,Over/Under Goals,Under 3.5,1.78,0.7006,5-0,LOST,2026-08-20T00:06:16.832Z
2026-08-22T10:15:00Z,J1 League,Sanfrecce Hiroshima,Kawasaki Frontale,Over/Under Goals,Under 3.5,1.52,0.5564,1-0,WON,2026-08-20T00:06:16.552Z
2026-08-22T10:30:00Z,K League 1,Jeonbuk Motors,Ulsan Hyundai FC,Over/Under Goals,Over 2.5,1.78,0.6469,1-0,LOST,2026-08-20T00:06:16.485Z
2026-08-22T10:30:00Z,K League 2,Suwon City FC,Gimhae City,Over/Under Goals,Under 3.5,1.53,0.6792,2-0,WON,2026-08-20T00:06:16.527Z
2026-08-22T10:30:00Z,Premier League,BC Rangers,Kitchee,Over/Under Goals,Under 3.5,1.75,0.4796,2-3,LOST,2026-08-20T00:06:16.370Z
2026-08-22T11:00:00Z,DFB Pokal,Energie Cottbus,FC Augsburg,Over/Under Goals,Under 3.5,1.71,0.3463,0-2,WON,2026-08-20T00:06:15.951Z
2026-08-22T11:00:00Z,DFB Pokal,SV Wehen,Bayer Leverkusen,Over/Under Goals,Under 3.5,2.25,0.6793,0-4,LOST,2026-08-20T00:06:16.202Z
2026-08-22T11:00:00Z,Pershaya Liga,Minsk II,FC Slutsk,Over/Under Goals,Under 3.5,1.88,0.7172,0-0,WON,2026-08-20T00:06:16.120Z
2026-08-22T11:00:00Z,Professional Development League,Sheffield Wednesday U21,Bristol City U21,Over/Under Goals,Under 3.5,1.93,0.4818,1-1,WON,2026-08-20T00:06:15.977Z
2026-08-22T11:30:00Z,League Two,Walsall,Grimsby,Asian Handicap,Away -0.5,4.99,0.4706,0-0,WON,2026-08-20T00:06:15.708Z
2026-08-22T11:30:00Z,Premier League,Hull City,Manchester United,Over/Under Goals,Under 3.5,1.5,0.8013,2-0,WON,2026-08-20T00:06:15.351Z
2026-08-22T12:00:00Z,1 Lyga,Dainava,Atmosfera,Asian Handicap,Home +0,1.65,0.5740,1-1,WON,2026-08-20T00:06:14.233Z
2026-08-22T12:00:00Z,Cup,Podillya Khmelnytskyi,Viktoriya Mykolaivka,Over/Under Goals,Under 3.5,1.82,0.8328,1-3,LOST,2026-08-20T00:06:14.862Z
2026-08-22T12:00:00Z,Ligue 2,Metz,Laval,Over/Under Goals,Over 2.5,2.08,0.7416,1-1,LOST,2026-08-20T00:06:14.391Z
2026-08-22T12:00:00Z,NM Cupen,Asker,Kvik Halden,Over/Under Goals,Under 3.5,1.85,0.4988,7-0,LOST,2026-08-21T00:06:38.508Z
2026-08-22T12:00:00Z,NM Cupen,Nordstrand,Skeid,Over/Under Goals,Under 3.5,2.2,0.4357,1-4,LOST,2026-08-21T00:06:38.557Z
2026-08-22T12:00:00Z,NM Cupen,Spjelkavik,hodd,Over/Under Goals,Under 3.5,2.3,0.4447,1-2,WON,2026-08-21T00:06:38.574Z
2026-08-22T12:00:00Z,Pershaya Liga,Osipovichy,FC Energetik-Bgu Minsk,Over/Under Goals,Under 3.5,1.8,0.4634,1-0,WON,2026-08-20T00:06:14.335Z
2026-08-22T12:00:00Z,Premier League 2 Division One,Arsenal U21,Crystal Palace U21,Over/Under Goals,Under 3.5,1.61,0.4533,1-1,WON,2026-08-20T00:06:14.514Z
2026-08-22T12:00:00Z,Super League,Beijing Guoan,Yunnan Yukun,Over/Under Goals,Under 3.5,2.2,0.3280,3-3,LOST,2026-08-20T00:06:14.542Z
2026-08-22T12:00:00Z,Toppserien,Fortuna Ålesund W,Haugesund W,Over/Under Goals,Under 3.5,1.62,0.6155,5-1,LOST,2026-08-20T00:06:14.455Z
2026-08-22T12:30:00Z,Premier League,Fakel,FC Orenburg,Over/Under Goals,Over 2.5,2.22,0.1463,0-0,LOST,2026-08-20T00:06:14.001Z
2026-08-22T12:30:00Z,Super League,Creck,Ekhaya,Asian Handicap,Home +0,1.81,0.7675,3-2,WON,2026-08-20T00:06:13.959Z
2026-08-22T12:30:00Z,Super League,Moyale Barracks,Kamuzu Barracks,Asian Handicap,Away -0.25,2.75,0.6623,2-2,WON,2026-08-20T00:06:14.049Z
2026-08-22T12:30:00Z,Tweede Divisie,GVVV Veenendaal,AFC Amsterdam,Asian Handicap,Home +0,1.78,0.5812,2-3,LOST,2026-08-20T00:06:13.976Z
2026-08-22T13:00:00Z,Carioca U20,Nova Iguaçu U20,Vasco da Gama U20,Over/Under Goals,Under 3.5,1.52,0.8452,2-1,WON,2026-08-20T00:06:13.294Z
2026-08-22T13:00:00Z,Pershaya Liga,Bumprom,Dinamo Minsk II,Over/Under Goals,Under 3.5,1.84,0.5435,2-1,WON,2026-08-20T00:06:13.612Z
2026-08-22T13:00:00Z,Premier Soccer League,Bulawayo Chiefs,CAPS United,Over/Under Goals,Over 1.5,1.58,0.8239,0-0,LOST,2026-08-20T00:06:13.001Z
2026-08-22T13:00:00Z,Premier Soccer League,Hunters,Hardrock,Asian Handicap,Away -0.5,2.01,0.8024,1-2,WON,2026-08-20T00:06:13.093Z
2026-08-22T13:00:00Z,Tweede Divisie,Kloetinge,Kozakken Boys,Over/Under Goals,Under 3.5,1.5,0.5124,3-3,LOST,2026-08-20T00:06:13.691Z
2026-08-22T13:30:00Z,DFB Pokal,Erzgebirge Aue,1899 Hoffenheim,Over/Under Goals,Under 3.5,2.11,0.4048,0-4,LOST,2026-08-20T00:06:12.544Z
2026-08-22T13:30:00Z,DFB Pokal,FC Viktoria Köln,FC Nurnberg,Asian Handicap,Away -0.5,1.72,0.5841,1-1,WON,2026-08-20T00:06:12.601Z
2026-08-22T13:30:00Z,DFB Pokal,Lüneburger SK Hansa,Werder Bremen,Over/Under Goals,Under 3.5,13.0,0.7858,0-3,WON,2026-08-20T00:06:12.977Z
2026-08-22T13:30:00Z,FAW Championship,Caerphilly Athletic,Ynyshir Albions,Over/Under Goals,Under 3.5,1.65,0.9512,2-1,WON,2026-08-20T00:06:12.814Z
2026-08-22T13:30:00Z,FAW Championship,Cardiff Draconians,llanelli AFC,Asian Handicap,Home +0,1.61,0.6725,4-2,WON,2026-08-20T00:06:12.829Z
2026-08-22T14:00:00Z,1. Deild,Fylkir,Grindavik,Over/Under Goals,Under 3.5,1.67,0.5371,6-1,LOST,2026-08-20T00:06:11.834Z
2026-08-22T14:00:00Z,Challenger Pro League,Dender,Beerschot Wilrijk,Asian Handicap,Away -0.5,2.8,0.6724,2-0,LOST,2026-08-20T00:06:12.011Z
2026-08-22T14:00:00Z,Championship,Annagh United,Moyola Park,Over/Under Goals,Over 2.5,1.61,0.8604,2-0,LOST,2026-08-20T00:06:10.151Z
2026-08-22T14:00:00Z,Championship,Queen's University,Institute,Over/Under Goals,Over 2.5,1.75,0.8008,4-1,WON,2026-08-20T00:06:11.974Z
2026-08-22T14:00:00Z,Championship,Southampton,Stoke City,Over/Under Goals,Under 3.5,1.53,0.8090,3-1,LOST,2026-08-20T00:06:10.707Z
2026-08-22T14:00:00Z,Championship,West Ham,Charlton,Over/Under Goals,Under 3.5,1.5,0.6394,1-2,WON,2026-08-20T00:06:10.229Z
2026-08-22T14:00:00Z,League One,Leicester,Burton Albion,Asian Handicap,Home +0.5,1.82,0.8384,1-2,LOST,2026-08-20T00:06:10.800Z
2026-08-22T14:00:00Z,League One,Stockport County,Blackpool,Asian Handicap,Home +0,2.67,0.6354,1-2,LOST,2026-08-20T00:06:10.541Z
2026-08-22T14:00:00Z,League Two,Swindon Town,Cheltenham,Asian Handicap,Home +0,2.65,0.5364,2-1,WON,2026-08-20T00:06:11.515Z
2026-08-22T14:00:00Z,NM Cupen,Fana,Bjarg,Over/Under Goals,Under 3.5,1.95,0.4399,1-3,LOST,2026-08-21T00:06:37.811Z
2026-08-22T14:00:00Z,NM Cupen,Lokomotiv Oslo,Grorud,Over/Under Goals,Under 3.5,2.08,0.6731,1-5,LOST,2026-08-21T00:06:38.020Z
2026-08-22T14:00:00Z,NM Cupen,Lørenskog,Moss,Over/Under Goals,Under 3.5,1.7,0.4782,0-3,WON,2026-08-21T00:06:38.046Z
2026-08-22T14:00:00Z,Virsliga,Ogre United,FS Jelgava,Asian Handicap,Away -0.5,1.84,0.4246,2-3,WON,2026-08-20T00:06:11.881Z
2026-08-22T14:30:00Z,2. liga,Humenné,Liptovský Mikuláš,Asian Handicap,Away -0.5,1.9,0.6216,1-0,LOST,2026-08-20T00:06:09.464Z
2026-08-22T15:00:00Z,Ekstraliga Women,Rekord Bielsko-Biala W,UJ Krakow W,Asian Handicap,Away -0.5,1.78,0.6105,1-1,WON,2026-08-20T00:06:08.794Z
2026-08-22T15:00:00Z,Liga MX U21,Queretaro U21,Toluca U21,Asian Handicap,Home +0,3.64,0.6504,0-2,LOST,2026-08-20T00:06:08.292Z
2026-08-22T15:00:00Z,Liga Women,Sporting Cristal W,Atl. Andahuaylas W,Over/Under Goals,Under 3.5,1.61,0.5960,0-2,WON,2026-08-20T00:06:09.290Z
2026-08-22T15:30:00Z,Ekstraklasa,Piast Gliwice,Legia Warszawa,Asian Handicap,Away -0.5,2.1,0.4886,1-1,WON,2026-08-20T00:06:07.773Z
2026-08-22T15:30:00Z,First NL,Dugopolje,Kustosija,Asian Handicap,Away -0.5,3.84,0.6216,1-1,WON,2026-08-20T00:06:07.908Z
2026-08-22T15:30:00Z,Ligue 1,ES Hammam-Sousse,US Monastirienne,Asian Handicap,Home +0,2.71,0.5874,0-0,WON,2026-08-20T00:06:07.713Z
2026-08-22T16:00:00Z,Challenge League,FC WIL 1900,SC Kriens,Over/Under Goals,Under 3.5,1.5,0.4808,0-2,WON,2026-08-20T00:06:07.471Z
2026-08-22T16:00:00Z,DFB Pokal,SG Sonnenhof Grossaspach,Arminia Bielefeld,Over/Under Goals,Under 3.5,1.77,0.4819,2-2,LOST,2026-08-20T00:06:07.104Z
2026-08-22T16:00:00Z,DFB Pokal,TSV 1860 München,Holstein Kiel,Over/Under Goals,Under 3.5,1.65,0.4914,0-2,WON,2026-08-20T00:06:07.363Z
2026-08-22T16:00:00Z,First League,Ludogorets,Slavia Sofia,Over/Under Goals,Under 3.5,1.5,0.6125,1-1,WON,2026-08-20T00:06:07.160Z
2026-08-22T16:00:00Z,Liga 3,Lusitano Évora 1911,Mafra,Asian Handicap,Away -0.5,2.64,0.5871,2-1,LOST,2026-08-20T00:06:07.221Z
2026-08-22T16:00:00Z,Serie A Cup Women,Ternana W,Roma W,Over/Under Goals,Under 3.5,1.58,0.7152,0-2,WON,2026-08-20T00:06:07.532Z
2026-08-22T16:00:00Z,Super Liga,Dunajska Streda,Podbrezová,Over/Under Goals,Under 3.5,1.59,0.5679,5-0,LOST,2026-08-20T00:06:07.281Z
2026-08-22T16:30:00Z,Premier League,Birkirkara,Hamrun Spartans,Asian Handicap,Away -0.25,6.29,0.8077,1-0,LOST,2026-08-20T00:06:07.570Z
2026-08-22T16:30:00Z,Premijer Liga,Borac Banja Luka,Čelik,Over/Under Goals,Under 3.5,1.54,0.6176,2-0,WON,2026-08-20T00:06:06.707Z
2026-08-22T16:30:00Z,Serie A,Inter,Monza,Over/Under Goals,Under 3.5,1.52,0.7201,4-1,LOST,2026-08-20T00:06:06.944Z
2026-08-22T16:30:00Z,Stars League,Al Sadd,Al Ahli Doha,Over/Under Goals,Under 3.5,1.91,0.2922,3-1,LOST,2026-08-20T00:06:06.912Z
2026-08-22T17:00:00Z,MLS Next Pro,Atlanta United II,Orlando City II,Over/Under Goals,Under 3.5,1.91,0.5247,5-1,LOST,2026-08-20T00:06:06.421Z
2026-08-22T17:00:00Z,Super League 1,Kalamata,Aris Thessaloniki,Over/Under Goals,Over 2.5,2.45,0.4815,2-3,WON,2026-08-20T00:06:06.219Z
2026-08-22T17:00:00Z,Super Liga,Radnicki 1923,IMT Novi Beograd,Asian Handicap,Home +0,1.6,0.4243,2-1,WON,2026-08-20T00:06:06.330Z
2026-08-22T17:30:00Z,Bundesliga,Sturm Graz,Austria Lustenau,Over/Under Goals,Under 3.5,1.61,0.8712,1-1,WON,2026-08-20T00:06:05.793Z
2026-08-22T17:30:00Z,Friendlies Clubs,Santomera,Cieza,Over/Under Goals,Under 3.5,1.63,0.7309,1-2,WON,2026-08-22T00:04:13.701Z
2026-08-22T17:50:00Z,First Division League (FDL),Al Orubah,Al-Raed,Asian Handicap,Away -0.5,2.76,0.6308,0-1,WON,2026-08-20T00:06:05.752Z
2026-08-22T18:00:00Z,Carioca U20,Boavista U20,Flamengo U20,Over/Under Goals,Under 3.5,1.55,0.5929,0-1,WON,2026-08-20T00:06:05.170Z
2026-08-22T18:00:00Z,Catarinense U20,Barra SC U20,Criciuma U20,Asian Handicap,Home +0,1.61,0.5830,2-2,WON,2026-08-22T00:04:13.670Z
2026-08-22T18:00:00Z,Copa Paulista,XV de Piracicaba,União São João,Over/Under Goals,Over 1.5,1.5,0.7771,1-1,WON,2026-08-20T00:06:05.304Z
2026-08-22T18:00:00Z,Czech Liga,Slavia Praha,Bohemians 1905,Over/Under Goals,Under 3.5,1.63,0.5955,2-2,LOST,2026-08-20T00:06:05.147Z
2026-08-22T18:00:00Z,Friendlies Clubs,Numancia,Zaragoza,Asian Handicap,Away -0.5,1.94,0.6220,2-1,LOST,2026-08-20T00:06:04.938Z
2026-08-22T18:00:00Z,Iraqi League,Duhok,Al Talaba,Asian Handicap,Home +0,1.61,0.6674,3-3,WON,2026-08-20T00:06:05.633Z
2026-08-22T18:00:00Z,Pernambucano - U20,Sport Recife U20,Serrano PE U20,Over/Under Goals,Under 3.5,1.6,0.5150,3-0,WON,2026-08-20T00:06:05.703Z
2026-08-22T18:00:00Z,Primera C,Leandro N. Alem,Lugano,Asian Handicap,Away -0.5,2.61,0.4214,0-1,WON,2026-08-20T00:06:05.562Z
2026-08-22T18:00:00Z,Segunda División,Ayacucho FC,Deportivo Binacional,Over/Under Goals,Under 3.5,2.23,0.7566,7-1,LOST,2026-08-20T00:06:05.231Z
2026-08-22T18:15:00Z,First League,Levski Sofia,Spartak Varna,Over/Under Goals,Under 3.5,1.52,0.7361,6-0,LOST,2026-08-20T00:06:04.805Z
2026-08-22T18:30:00Z,Super Cup,Borussia Dortmund,Bayern München,Over/Under Goals,Under 3.5,1.99,0.3081,1-2,WON,2026-08-20T00:06:04.221Z
2026-08-22T19:00:00Z,Goiano - 2,Goiânia,Bom Jesus EC,Asian Handicap,Away -0.5,2.6,0.5733,0-1,WON,2026-08-20T00:06:03.697Z
2026-08-22T19:00:00Z,HNL,Dinamo Zagreb,NK Varazdin,Over/Under Goals,Under 3.5,1.59,0.4137,3-1,LOST,2026-08-20T00:06:03.615Z
2026-08-22T19:00:00Z,Primera B,Magallanes,Deportes Santa Cruz,Over/Under Goals,Over 2.5,1.75,0.7713,1-0,LOST,2026-08-20T00:06:03.579Z
2026-08-22T19:00:00Z,Primera División,ABB,Gualberto Villarroel SJ,Over/Under Goals,Under 3.5,1.65,0.7633,2-2,LOST,2026-08-20T00:06:03.732Z
2026-08-22T20:00:00Z,Segunda División,Trasandino,Colchagua,Asian Handicap,Home +0,1.87,0.8498,0-0,WON,2026-08-20T00:06:03.143Z
2026-08-22T20:15:00Z,Segunda División,Comerciantes,Minas,Asian Handicap,Away -0.5,5.12,0.6683,2-2,WON,2026-08-20T00:06:03.006Z
2026-08-22T20:30:00Z,Canadian Premier League,Cavalry FC,Atlético Ottawa,Over/Under Goals,Under 3.5,1.53,0.4247,3-1,LOST,2026-08-20T00:06:02.966Z
2026-08-22T20:30:00Z,Primera Division,Juan Pablo II College,ADT,Over/Under Goals,Over 2.5,1.95,0.1159,5-1,WON,2026-08-20T00:06:02.938Z
2026-08-22T21:00:00Z,Brasileiro Women,Flamengo W,Atlético Mineiro W,Asian Handicap,Home +0,4.31,0.5854,4-1,WON,2026-08-20T00:06:02.731Z
2026-08-22T21:00:00Z,Brasileiro Women,Juventude W,Bahia W,Asian Handicap,Away -0.5,1.71,0.4814,2-2,WON,2026-08-20T00:06:02.704Z
2026-08-22T21:15:00Z,Primera División,Aurora,Real Potosí,Asian Handicap,Away -0.25,3.75,0.6302,0-0,WON,2026-08-20T00:06:02.532Z
2026-08-22T22:00:00Z,Primera División,Metropolitanos FC,Deportivo Tachira FC,Asian Handicap,Away -0.5,2.21,0.7091,3-1,LOST,2026-08-20T00:06:18.833Z
2026-08-22T23:00:00Z,USL Championship,Lexington,Las Vegas Lights,Over/Under Goals,Under 3.5,1.52,0.7891,2-0,WON,2026-08-20T00:06:02.058Z
2026-08-22T23:00:00Z,USL League One,Chattanooga Red Wolves,NY Cosmos,Over/Under Goals,Under 3.5,1.56,0.6596,3-3,LOST,2026-08-20T00:06:02.080Z
2026-08-22T23:00:00Z,USL League One,Union Omaha,Sarasota Paradise,Over/Under Goals,Over 2.5,1.58,0.7495,1-1,LOST,2026-08-20T00:06:01.942Z
2026-08-22T23:07:00Z,Liga MX,Guadalajara Chivas,Club Tijuana,Over/Under Goals,Under 3.5,1.55,0.8907,5-2,LOST,2026-08-20T00:06:01.892Z
2026-08-22T23:30:00Z,MLS Next Pro,Carolina Core,FC Cincinnati II,Over/Under Goals,Over 2.5,1.56,0.7861,1-3,WON,2026-08-20T00:06:01.704Z
2026-08-22T23:30:00Z,Major League Soccer,FC Cincinnati,Seattle Sounders,Over/Under Goals,Under 3.5,1.87,0.6708,1-1,WON,2026-08-20T00:06:01.491Z
2026-08-22T23:30:00Z,USL Championship,Charleston Battery,Miami FC,Over/Under Goals,Under 3.5,1.6,0.6339,5-0,LOST,2026-08-20T00:06:01.642Z
2026-08-22T23:30:00Z,USL Championship,Rhode Island,Monterey Bay,Over/Under Goals,Under 3.5,1.5,0.7330,3-1,LOST,2026-08-20T00:06:01.368Z
2026-08-23T00:00:00Z,USL Championship,Birmingham Legion,Sporting JAX,Over/Under Goals,Under 3.5,1.67,0.6536,2-3,LOST,2026-08-20T00:06:29.900Z
2026-08-23T00:30:00Z,Major League Soccer,St. Louis City,Houston Dynamo,Over/Under Goals,Under 3.5,1.5,0.5279,2-1,WON,2026-08-20T00:06:29.688Z
2026-08-23T00:45:00Z,NWSL Women,Portland Thorns W,Denver Summit W,Over/Under Goals,Under 3.5,1.51,0.7385,1-0,WON,2026-08-20T00:06:29.627Z
2026-08-23T02:30:00Z,Major League Soccer,Los Angeles FC,Portland Timbers,Over/Under Goals,Under 3.5,1.86,0.4467,1-1,WON,2026-08-20T00:06:29.141Z
2026-08-23T04:00:00Z,Tasmania NPL,South Hobart,Devonport City,Over/Under Goals,Under 3.5,1.83,0.2918,0-3,WON,2026-08-20T00:06:29.009Z
2026-08-23T08:15:00Z,FNL,Slavia Praha II,Hanácká,Over/Under Goals,Under 3.5,1.5,0.7037,4-1,LOST,2026-08-20T00:06:28.630Z
2026-08-23T08:30:00Z,2. Liga,FC BW Linz,Voitsberg,Over/Under Goals,Under 3.5,1.5,0.9081,5-1,LOST,2026-08-20T00:06:28.590Z
2026-08-23T08:30:00Z,3. SNL - East,Videm,Fužinar,Over/Under Goals,Under 3.5,1.66,0.5065,2-1,WON,2026-08-20T00:06:28.608Z
2026-08-23T09:30:00Z,AFC Women's Champions League,Hang Yuan W,Ayeyawady W,Asian Handicap,Home +0,3.2,0.6455,0-1,LOST,2026-08-20T00:06:28.481Z
2026-08-23T09:30:00Z,Calcutta Premier Division,Bhawanipore,Railway,Over/Under Goals,Under 3.5,1.53,0.4589,2-2,LOST,2026-08-22T00:04:14.003Z
2026-08-23T10:00:00Z,Kansallinen Liiga,IF Gnistan,Åland United,Over/Under Goals,Under 3.5,2.08,0.5694,2-3,LOST,2026-08-20T00:06:28.338Z
2026-08-23T10:00:00Z,Liga 3,Paredes,Leça,Asian Handicap,Home +0,1.52,0.7279,1-2,LOST,2026-08-20T00:06:28.277Z
2026-08-23T10:30:00Z,K League 1,Gwangju FC,Incheon United,Asian Handicap,Away -0.5,1.78,0.4820,0-1,WON,2026-08-20T00:06:28.062Z
2026-08-23T10:30:00Z,K League 2,Asan Mugunghwa,Yongin City,Over/Under Goals,Over 2.5,1.91,0.5321,2-1,WON,2026-08-20T00:06:28.084Z
2026-08-23T10:30:00Z,K League 2,Seoul E-Land FC,Paju Citizen,Over/Under Goals,Under 3.5,1.52,0.6305,1-1,WON,2026-08-20T00:06:28.150Z
2026-08-23T11:00:00Z,1. Division,HB Koge,Kolding IF,Asian Handicap,Away -0.5,2.26,0.4079,2-2,WON,2026-08-20T00:06:28.002Z
2026-08-23T11:00:00Z,1. divisjon Kvinner,TIL 2020 W,Fyllingsdalen W,Over/Under Goals,Under 3.5,1.83,0.4525,2-1,WON,2026-08-20T00:06:27.864Z
2026-08-23T11:00:00Z,Premier League,Baranovichi,Dinamo Brest,Over/Under Goals,Over 2.5,1.85,0.7553,1-1,LOST,2026-08-20T00:06:27.750Z
2026-08-23T12:00:00Z,2. Frauen Bundesliga,B. Monchengladbach W,SC Sand W,Over/Under Goals,Under 3.5,1.68,0.4469,1-2,WON,2026-08-20T00:06:27.655Z
2026-08-23T12:00:00Z,Frauen Bundesliga,1899 Hoffenheim W,Stuttgart W,Over/Under Goals,Under 3.5,1.86,0.4398,1-2,WON,2026-08-20T00:06:27.318Z
2026-08-23T12:00:00Z,Frauenliga,Südburgenland W,Kleinmünchen / BW Linz W,Over/Under Goals,Under 3.5,1.6,0.6887,0-1,WON,2026-08-20T00:06:27.595Z
2026-08-23T12:00:00Z,Professional Development League,Barnsley U21,Charlton Athletic U21,Asian Handicap,Home +0,1.85,0.6044,2-2,WON,2026-08-20T00:06:27.257Z
2026-08-23T12:00:00Z,Superliga,FC Midtjylland,Randers FC,Over/Under Goals,Under 3.5,1.57,0.6873,1-0,WON,2026-08-20T00:06:27.105Z
2026-08-23T12:00:00Z,Tweede Divisie,ROHDA Raalte,De Treffers,Over/Under Goals,Over 2.5,1.6,0.7809,0-3,WON,2026-08-20T00:06:27.369Z
2026-08-23T12:00:00Z,Veikkausliiga,HJK Helsinki,Gnistan,Over/Under Goals,Under 3.5,1.65,0.6662,2-3,LOST,2026-08-20T00:06:26.948Z
2026-08-23T12:30:00Z,Eredivisie,PSV Eindhoven,Groningen,Over/Under Goals,Under 3.5,1.98,0.4890,5-1,LOST,2026-08-20T00:06:26.779Z
2026-08-23T12:30:00Z,Super League,Karonga United,Chitipa United,Asian Handicap,Away -0.5,3.37,0.5634,1-1,WON,2026-08-20T00:06:26.900Z
2026-08-23T13:00:00Z,Division Intermedia,Benjamín Aceval,Deportivo Santani,Asian Handicap,Away -0.5,2.48,0.7653,2-3,WON,2026-08-20T00:06:26.164Z
2026-08-23T13:00:00Z,Elitettan,Linköping W,Enskede W,Over/Under Goals,Under 3.5,1.5,0.5814,2-1,WON,2026-08-20T00:06:26.128Z
2026-08-23T13:00:00Z,Kansallinen Liiga,Ebk Women,VIFK W,Over/Under Goals,Under 3.5,1.67,0.7141,3-2,LOST,2026-08-20T00:06:26.203Z
2026-08-23T13:00:00Z,Premier League,Brighton,Aston Villa,Asian Handicap,Away -0.5,3.0,0.3207,4-0,LOST,2026-08-20T00:06:26.280Z
2026-08-23T13:00:00Z,Premier League,Manchester City,Bournemouth,Over/Under Goals,Under 3.5,1.79,0.6625,2-1,WON,2026-08-20T00:06:26.328Z
2026-08-23T13:30:00Z,DFB Pokal,FC Carl Zeiss Jena,SV Darmstadt 98,Over/Under Goals,Under 3.5,1.67,0.6546,1-2,WON,2026-08-20T00:06:26.053Z
2026-08-23T13:30:00Z,DFB Pokal,Schott Mainz,Borussia Mönchengladbach,Over/Under Goals,Under 3.5,3.95,0.4495,0-5,LOST,2026-08-20T00:06:26.008Z
2026-08-23T14:00:00Z,1. divisjon Kvinner,Odd W,Arna-Bjørnar W,Over/Under Goals,Under 3.5,1.75,0.5050,0-3,WON,2026-08-20T00:06:25.835Z
2026-08-23T14:00:00Z,Frauen Bundesliga,RB Leipzig W,Bayer Leverkusen W,Asian Handicap,Away -0.5,1.78,0.6179,0-2,WON,2026-08-20T00:06:25.406Z
2026-08-23T14:00:00Z,Meistaradeildin,KI Klaksvik,NSI Runavik,Over/Under Goals,Under 3.5,1.56,0.4797,2-2,LOST,2026-08-20T00:06:25.707Z
2026-08-23T14:00:00Z,National Division,Etzella Ettelbruck,UN Kaerjeng 97,Over/Under Goals,Under 3.5,1.53,0.4396,0-1,WON,2026-08-20T00:06:25.421Z
2026-08-23T14:00:00Z,National Division,FC Differdange 03,Racing FC Union Luxembourg,Asian Handicap,Away -0.25,3.82,0.6168,3-0,LOST,2026-08-20T00:06:25.370Z
2026-08-23T14:00:00Z,National Division,Résidence Walferdange,Atert Bissen,Asian Handicap,Home +0,5.1,0.6293,1-2,LOST,2026-08-20T00:06:25.849Z
2026-08-23T14:00:00Z,National Division,Swift Hesperange,US Hostert,Over/Under Goals,Over 2.5,1.68,0.9169,0-2,LOST,2026-08-20T00:06:25.297Z
2026-08-23T14:00:00Z,National Division,Victoria Rosport,Wiltz,Over/Under Goals,Over 2.5,1.62,0.8872,4-0,WON,2026-08-20T00:06:25.437Z
2026-08-23T14:00:00Z,Pro League,Baniyas SC,Dubai United,Over/Under Goals,Under 3.5,1.5,0.4801,2-3,LOST,2026-08-20T00:06:25.473Z
2026-08-23T14:00:00Z,Super League,Neftchi,Sogdiana,Over/Under Goals,Over 2.5,1.6,0.7822,3-0,WON,2026-08-20T00:06:25.774Z
2026-08-23T14:30:00Z,Allsvenskan,Hammarby FF,Gais,Over/Under Goals,Under 3.5,1.58,0.7935,2-0,WON,2026-08-20T00:06:25.047Z
2026-08-23T15:00:00Z,AFC Women's Champions League,Banaat W,Nasaf W,Over/Under Goals,Under 3.5,1.86,0.5016,0-7,LOST,2026-08-20T00:06:24.735Z
2026-08-23T15:00:00Z,NM Cupen,Flint,Ørn Horten,Over/Under Goals,Under 3.5,2.1,0.5081,2-0,WON,2026-08-21T00:06:38.645Z
2026-08-23T15:00:00Z,Super Liga,AS Trencin,Spartak Trnava,Over/Under Goals,Under 3.5,1.5,0.7358,0-4,LOST,2026-08-20T00:06:24.432Z
2026-08-23T15:00:00Z,Super Liga,Sireți,Dacia-Buiucani,Asian Handicap,Away -0.5,1.96,0.6652,0-0,WON,2026-08-20T00:06:24.686Z
2026-08-23T15:15:00Z,Division 1,Dibba Al Hisn,Al Hamriyah,Asian Handicap,Home +0,1.53,0.6751,4-0,WON,2026-08-20T00:06:24.360Z
2026-08-23T15:30:00Z,A Lyga,Hegelmann Litauen,Banga,Asian Handicap,Away -0.5,1.9,0.5203,1-1,WON,2026-08-20T00:06:24.302Z
2026-08-23T15:30:00Z,NB I,Gyori ETO FC,Zalaegerszegi TE,Over/Under Goals,Under 3.5,1.67,0.5218,3-0,WON,2026-08-20T00:06:24.039Z
2026-08-23T15:50:00Z,First Division League (FDL),Hajer,Jeddah Club,Asian Handicap,Home +0,1.9,0.7308,0-3,LOST,2026-08-20T00:06:23.984Z
2026-08-23T16:00:00Z,DFB Pokal,Fortuna Düsseldorf,SC Freiburg,Over/Under Goals,Under 3.5,1.7,0.5826,1-5,LOST,2026-08-20T00:06:23.398Z
2026-08-23T16:00:00Z,Liga Leumit,Bnei Yehuda,Hapoel Kfar Shalem,Asian Handicap,Away -0.25,3.2,0.6282,3-1,LOST,2026-08-20T00:06:23.860Z
2026-08-23T16:00:00Z,Liga Leumit,Hapoel Kfar Saba,Ironi Modi'in,Asian Handicap,Home +0,1.55,0.7230,1-4,LOST,2026-08-20T00:06:23.875Z
2026-08-23T16:30:00Z,Frauen Bundesliga,Hamburger SV W,SC Freiburg W,Asian Handicap,Away -0.5,2.0,0.6375,1-1,WON,2026-08-20T00:06:23.291Z
2026-08-23T16:30:00Z,HNL,HNK Rijeka,Istra 1961,Over/Under Goals,Under 3.5,1.5,0.7658,3-2,LOST,2026-08-20T00:06:23.116Z
2026-08-23T17:00:00Z,Liga de Ascenso,AD Sarchí,Quepos Cambute,Asian Handicap,Home +0,1.9,0.7453,1-1,WON,2026-08-20T00:06:22.673Z
2026-08-23T17:00:00Z,Super Liga,FK Crvena Zvezda,Cukaricki,Over/Under Goals,Under 3.5,1.8,0.5836,4-0,LOST,2026-08-20T00:06:22.894Z
2026-08-23T17:00:00Z,Super Liga,Sheriff Tiraspol,Politehnica UTM,Over/Under Goals,Under 3.5,1.66,0.5022,4-0,LOST,2026-08-20T00:06:22.938Z
2026-08-23T17:00:00Z,Úrvalsdeild,KA Akureyri,KR Reykjavik,Asian Handicap,Away -0.5,1.59,0.6124,3-5,WON,2026-08-20T00:06:22.854Z
2026-08-23T18:00:00Z,First League,Jezero,Sutjeska,Asian Handicap,Home +0,2.57,0.7090,0-0,WON,2026-08-20T00:06:21.880Z
2026-08-23T18:00:00Z,Liga MX Femenil,Puebla W,Atlético San Luis W,Over/Under Goals,Under 3.5,1.54,0.5338,2-5,LOST,2026-08-20T00:06:21.794Z
2026-08-23T18:00:00Z,NWSL Women,Chicago Red Stars W,Racing Louisville W,Over/Under Goals,Under 3.5,1.55,0.5008,3-2,LOST,2026-08-20T00:06:22.019Z
2026-08-23T18:00:00Z,Super League 1,PAOK,Levadiakos,Over/Under Goals,Over 2.5,1.8,0.6826,4-0,WON,2026-08-20T00:06:21.945Z
2026-08-23T18:15:00Z,1. SNL,Maribor,Bravo,Over/Under Goals,Under 3.5,1.53,0.8225,3-1,LOST,2026-08-20T00:06:21.728Z
2026-08-23T18:45:00Z,Ligue 1,Paris Saint Germain,Rennes,Over/Under Goals,Under 3.5,1.92,0.6658,2-2,LOST,2026-08-20T00:06:21.312Z
2026-08-23T19:00:00Z,Serie A,RB Bragantino,Gremio,Asian Handicap,Away -0.25,4.02,0.2418,1-0,LOST,2026-08-20T00:06:20.676Z
2026-08-23T19:00:00Z,Super Liga,Mladost Lucani,FK Partizan,Asian Handicap,Away -0.5,1.85,0.4713,3-1,LOST,2026-08-20T00:06:20.890Z
2026-08-23T19:00:00Z,Superliga,Egnatia Rrogozhinë,Tirana,Over/Under Goals,Over 2.5,1.77,0.7969,3-0,WON,2026-08-20T00:06:21.163Z
2026-08-23T19:30:00Z,Segunda División,Club Atletico Barinas,Urena SC,Over/Under Goals,Over 2.5,1.72,0.8955,1-1,LOST,2026-08-22T00:04:13.916Z
2026-08-23T20:00:00Z,Canadian Premier League,York 9 FC,Supra du Quebec,Over/Under Goals,Under 3.5,1.58,0.5233,1-1,WON,2026-08-20T00:06:20.039Z
2026-08-23T21:00:00Z,Liga Panameña de Fútbol,Herrera,Deportivo Universitario,Over/Under Goals,Over 2.5,1.98,0.7990,0-1,LOST,2026-08-20T00:06:19.826Z
2026-08-23T21:00:00Z,Primera División,Inter San Carlos,Deportivo Saprissa,Over/Under Goals,Under 3.5,1.53,0.6197,1-0,WON,2026-08-20T00:06:19.874Z
2026-08-23T21:15:00Z,Primera División,Guabirá,Blooming,Over/Under Goals,Under 3.5,1.64,0.6114,1-1,WON,2026-08-20T00:06:19.718Z
2026-08-23T23:00:00Z,Major League Soccer,Atlanta United FC,Sporting Kansas City,Over/Under Goals,Under 3.5,1.71,0.4643,2-1,WON,2026-08-20T00:06:19.217Z
2026-08-23T23:30:00Z,Primera División,Real Tomayapo,Always Ready,Over/Under Goals,Under 3.5,1.81,0.5342,1-1,WON,2026-08-20T00:06:19.081Z
2026-08-24T00:00:00Z,MLS Next Pro,Colorado Rapids II,Real Monarchs,Over/Under Goals,Under 3.5,1.62,0.7503,4-1,LOST,2026-08-21T00:06:41.921Z
2026-08-24T14:15:00Z,Second Division,Al Mesaimeer,Muaither SC,Asian Handicap,Away -0.5,2.2,0.6887,1-0,LOST,2026-08-21T00:06:41.452Z
2026-08-24T15:00:00Z,2. liga,Lokomotíva Zvolen,Petržalka,Over/Under Goals,Under 3.5,1.5,0.7111,0-1,WON,2026-08-21T00:06:41.192Z
2026-08-24T15:00:00Z,Iraqi League,Al Talaba,Newroz,Asian Handicap,Away -0.5,3.82,0.6274,1-0,LOST,2026-08-21T00:06:41.319Z
2026-08-24T16:00:00Z,1. Liga,Riga FC II,Riga Mariners,Asian Handicap,Away -0.5,1.62,0.6391,1-3,WON,2026-08-21T00:06:40.736Z
2026-08-24T16:00:00Z,DFB Pokal,Verl,Hamburger SV,Over/Under Goals,Under 3.5,1.8,0.4086,0-3,WON,2026-08-21T00:06:40.837Z
2026-08-24T16:00:00Z,Esiliiga A,Elva,Flora II,Over/Under Goals,Under 3.5,2.12,0.7416,0-0,WON,2026-08-21T00:06:40.702Z
2026-08-24T16:00:00Z,Frauen Bundesliga,Mainz 05 W,Werder Bremen W,Asian Handicap,Home +0,2.83,0.6354,1-2,LOST,2026-08-21T00:06:40.964Z
2026-08-24T16:00:00Z,Liga Leumit,Ashdod,Maccabi Kabilio Jaffa,Asian Handicap,Away -0.5,3.85,0.7506,1-0,LOST,2026-08-21T00:06:41.017Z
2026-08-24T18:00:00Z,Premier League 2 Division One,Manchester City U21,Wolves U21,Over/Under Goals,Under 3.5,2.2,0.5132,4-0,LOST,2026-08-21T00:06:39.932Z
2026-08-24T18:00:00Z,Premier League 2 Division One,Newcastle United U21,Tottenham Hotspur U21,Over/Under Goals,Under 3.5,1.77,0.7696,1-3,LOST,2026-08-21T00:06:40.143Z
2026-08-24T18:00:00Z,Premier League 2 Division One,Reading U21,Derby County U21,Over/Under Goals,Under 3.5,1.8,0.5903,1-3,LOST,2026-08-21T00:06:40.160Z
2026-08-24T18:00:00Z,Premier League 2 Division One,Sunderland U21,Nottingham Forest U21,Over/Under Goals,Under 3.5,1.85,0.7292,5-1,LOST,2026-08-21T00:06:40.104Z
2026-08-25T01:00:00Z,Liga MX Femenil,Atlas W,Tijuana W,Asian Handicap,Away -0.5,2.3,0.7380,2-0,LOST,2026-08-22T00:04:17.425Z
2026-08-25T09:30:00Z,Calcutta Premier Division,Measurers,Mohammedan,Asian Handicap,Home +0.5,3.29,0.8848,2-3,LOST,2026-08-22T00:04:17.302Z
2026-08-25T11:00:00Z,Professional Development League,Swansea City U21,Peterborough United U21,Over/Under Goals,Under 3.5,2.5,0.8063,2-3,LOST,2026-08-22T00:04:17.199Z
2026-08-25T12:00:00Z,Professional Development League,Coventry City U21,Fleetwood Town U21,Over/Under Goals,Under 3.5,2.01,0.4993,1-2,WON,2026-08-22T00:04:17.182Z
2026-08-25T12:00:00Z,Professional Development League,Wigan Athletic U21,Cardiff City U21,Over/Under Goals,Under 3.5,1.8,0.5171,2-5,LOST,2026-08-22T00:04:17.166Z
2026-08-25T13:00:00Z,Professional Development League,Queens Park Rangers U21,Hull City U21,Asian Handicap,Home +0,1.54,0.5928,3-3,WON,2026-08-22T00:04:17.088Z
2026-08-25T14:30:00Z,Cup,Kustosija,HNK Zadar,Over/Under Goals,Under 3.5,1.5,0.6904,3-1,LOST,2026-08-22T00:04:16.970Z
2026-08-25T15:30:00Z,Cup,Sokol Zápy,Bohemians 1905,Over/Under Goals,Under 3.5,1.69,0.7318,2-3,LOST,2026-08-22T00:04:16.685Z
2026-08-25T15:30:00Z,Cup,Uničov,Zlin,Over/Under Goals,Under 3.5,1.6,0.4416,0-2,WON,2026-08-22T00:04:16.658Z
2026-08-25T15:30:00Z,DBU Pokalen,Avarta,Hillerød,Over/Under Goals,Under 3.5,1.57,0.5455,0-4,LOST,2026-08-22T00:04:16.636Z
2026-08-25T15:30:00Z,DBU Pokalen,FC Helsingor,Hørsholm-Usserød,Over/Under Goals,Over 2.5,1.58,0.7968,2-5,WON,2026-08-22T00:04:16.569Z
2026-08-25T16:00:00Z,Cup,Hluboka nad Vltavou,Viktoria Žižkov,Over/Under Goals,Under 3.5,1.91,0.4717,0-2,WON,2026-08-22T00:04:16.472Z
2026-08-25T16:00:00Z,Cup,Nõmme United,Vaprus,BTTS,Yes,1.4,0.9098,3-2,WON,2026-08-22T00:04:16.356Z
2026-08-25T16:30:00Z,Svenska Cupen,Utsikten,BK Hacken,Over/Under Goals,Under 3.5,2.19,0.9148,1-2,WON,2026-08-22T00:04:16.239Z
2026-08-25T17:00:00Z,1 Lyga,Žalgiris II,Transinvest 2,Over/Under Goals,Under 3.5,1.63,0.4417,4-3,LOST,2026-08-22T00:04:16.139Z
2026-08-25T17:00:00Z,DBU Pokalen,Skive,Esbjerg,Asian Handicap,Away -0.5,1.75,0.6760,1-5,WON,2026-08-22T00:04:16.107Z
2026-08-25T17:30:00Z,Premier Soccer League,Marumo Gallants,TS Galaxy,Asian Handicap,Away -0.5,2.55,0.5753,2-3,WON,2026-08-22T00:04:15.937Z
2026-08-25T17:45:00Z,Premier League,Al Kuwait,Al Arabi,Over/Under Goals,Over 2.5,1.89,0.7978,3-3,WON,2026-08-22T00:04:15.899Z
2026-08-25T17:45:00Z,Premier League,Kazma,Al Tadhamon,Over/Under Goals,Over 2.5,1.82,0.8224,1-3,WON,2026-08-22T00:04:15.866Z
2026-08-25T18:00:00Z,EFL Trophy,Bristol Rovers,Chelsea U21,Over/Under Goals,Under 3.5,1.62,0.9099,2-2,LOST,2026-08-22T00:04:15.819Z
2026-08-25T18:45:00Z,Challenge Cup,Alloa Athletic,Motherwell U21,Over/Under Goals,Under 3.5,1.85,0.4364,3-0,WON,2026-08-22T00:04:15.132Z
2026-08-25T18:45:00Z,Challenge Cup,Spartans,Hearts U21,Over/Under Goals,Under 3.5,1.5,0.4943,5-0,LOST,2026-08-22T00:04:15.094Z
2026-08-25T18:45:00Z,Challenge Cup,Stranraer,Gala Fairydean Rovers,Over/Under Goals,Under 3.5,1.8,0.6672,3-0,WON,2026-08-22T00:04:15.114Z
2026-08-25T18:45:00Z,League Cup,Watford,Peterborough,Over/Under Goals,Under 3.5,1.57,0.8893,1-5,LOST,2026-08-22T00:04:15.466Z
2026-08-25T19:00:00Z,Copa Paraguay,General Caballero,Rubio NU,Asian Handicap,Home +0,1.97,0.6100,2-2,WON,2026-08-22T00:04:14.658Z
2026-08-25T19:00:00Z,Primera División,Gualberto Villarroel SJ,Oriente Petrolero,Over/Under Goals,Under 3.5,1.62,0.4609,3-3,LOST,2026-08-22T00:04:14.636Z
2026-08-25T23:00:00Z,Primera División,Universitario de Vinto,Nacional Potosí,Over/Under Goals,Under 3.5,1.55,0.9174,2-0,WON,2026-08-22T00:04:14.166Z
2026-08-26T00:30:00Z,CONMEBOL Libertadores,Independiente del Valle,Deportes Tolima,Asian Handicap,Home +0,2.0,0.6534,3-1,WON,2026-08-23T00:03:51.104Z
2026-08-26T00:30:00Z,Leagues Cup,Monterrey,Chicago Fire,Asian Handicap,Away -0.5,2.31,0.6213,2-1,LOST,2026-08-23T00:03:51.073Z
2026-08-26T02:30:00Z,Concacaf Central American Cup,CS Cartagines,FAS,Over/Under Goals,Over 2.5,2.12,0.7894,2-0,LOST,2026-08-23T00:03:51.010Z
2026-08-26T09:30:00Z,Emperor’s Cup,Nagoya Grampus,Gainare Tottori,Over/Under Goals,Under 3.5,1.65,0.5472,1-3,LOST,2026-08-23T00:03:50.878Z
2026-08-26T09:30:00Z,Emperor’s Cup,Tokushima Vortis,FC Tokushima,Over/Under Goals,Under 3.5,1.97,0.7334,3-0,WON,2026-08-23T00:03:50.898Z
2026-08-26T10:00:00Z,Emperor’s Cup,FC Tokyo,Parceiro Nagano,Over/Under Goals,Under 3.5,2.6,0.6019,6-0,LOST,2026-08-23T00:03:50.410Z
2026-08-26T10:00:00Z,Emperor’s Cup,Kawasaki Frontale,Tochigi SC,Over/Under Goals,Under 3.5,1.68,0.8068,3-1,LOST,2026-08-23T00:03:50.540Z
2026-08-26T10:00:00Z,Emperor’s Cup,Montedio Yamagata,Fujieda MYFC,Asian Handicap,Home +0,1.6,0.6878,3-3,WON,2026-08-23T00:03:50.697Z
2026-08-26T10:00:00Z,Emperor’s Cup,V-varen Nagasaki,Ehime FC,Over/Under Goals,Under 3.5,1.73,0.7000,3-2,LOST,2026-08-23T00:03:50.617Z
2026-08-26T12:00:00Z,Cup,Mika,Bentonit Ijevan,Over/Under Goals,Under 3.5,1.5,0.7601,2-2,LOST,2026-08-23T00:03:50.097Z
2026-08-26T13:00:00Z,AFF Championship,Vietnam,Thailand,Asian Handicap,Home +0,2.15,0.6798,2-2,WON,2026-08-23T00:03:49.995Z
2026-08-26T13:00:00Z,Pernambucano - U20,America PE U20,Nautico U20,Over/Under Goals,Under 3.5,1.95,0.7443,2-1,WON,2026-08-23T00:03:50.012Z
2026-08-26T14:30:00Z,Pershaya Liga,Orsha,Dinamo Minsk II,Over/Under Goals,Under 3.5,1.54,0.6884,1-4,LOST,2026-08-23T00:03:49.813Z
2026-08-26T15:00:00Z,Cup,Sparta Brno,Baník Ostrava,Over/Under Goals,Under 3.5,1.75,0.7582,0-9,LOST,2026-08-23T00:03:49.670Z
2026-08-26T15:00:00Z,Cup,Trans Narva,Kalju Nomme,Over/Under Goals,Over 2.5,1.68,0.9501,2-0,LOST,2026-08-23T00:03:49.451Z
2026-08-26T15:00:00Z,UEFA Women’s Champions League,SFK 2000 Sarajevo Women,Slovan Liberec W,Asian Handicap,Home +0,1.65,0.7416,2-3,LOST,2026-08-23T00:03:49.645Z
2026-08-26T15:30:00Z,Cup,Benátky nad Jizerou,Neratovice-Byškovice,Asian Handicap,Away -0.25,4.6,0.7065,1-1,WON,2026-08-23T00:03:49.243Z
2026-08-26T15:30:00Z,Cup,Orijent 1919,Križevci,Over/Under Goals,Under 3.5,1.67,0.7708,3-1,LOST,2026-08-23T00:03:49.348Z
2026-08-26T15:30:00Z,Cup,Přepeře,Slovan Liberec,Over/Under Goals,Under 3.5,1.81,0.5328,0-2,WON,2026-08-23T00:03:49.010Z
2026-08-26T15:30:00Z,Cup,Tatran Všechovice,Prostějov,Asian Handicap,Away -0.5,1.52,0.8073,0-3,WON,2026-08-23T00:03:49.314Z
2026-08-26T15:30:00Z,Cup,Velká Bíteš,Slovácko,Over/Under Goals,Under 3.5,1.73,0.8113,1-2,WON,2026-08-23T00:03:49.028Z
2026-08-26T15:30:00Z,DBU Pokalen,Marienlyst,VSK Århus,Over/Under Goals,Under 3.5,1.58,0.5655,1-1,WON,2026-08-23T00:03:49.408Z
2026-08-26T15:30:00Z,UEFA Women’s Champions League,Hajduk Split W,Fortuna Hjørring W,Over/Under Goals,Under 3.5,1.78,0.7801,0-2,WON,2026-08-23T00:03:49.190Z
2026-08-26T16:00:00Z,1. Division,Strommen,Raufoss,Over/Under Goals,Under 3.5,1.62,0.4544,3-1,LOST,2026-08-23T00:03:48.847Z
2026-08-26T16:00:00Z,DBU Pokalen,FC Fredericia,Odense,Over/Under Goals,Under 3.5,1.57,0.7569,1-2,WON,2026-08-23T00:03:48.747Z
2026-08-26T16:00:00Z,Pro League,Al-Faisaly FC,Al-Fateh,Asian Handicap,Home +0,1.8,0.6092,1-1,WON,2026-08-23T00:03:48.916Z
2026-08-26T16:00:00Z,U19 league,Usce U19,Sp. Subotica U19,Over/Under Goals,Under 3.5,1.67,0.8691,5-2,LOST,2026-08-23T00:03:48.930Z
2026-08-26T16:00:00Z,UEFA Champions League Women,VfL Wolfsburg W,Inter Milan Women,Over/Under Goals,Under 3.5,1.76,0.7169,2-0,WON,2026-08-23T00:03:48.724Z
2026-08-26T16:05:00Z,First Division League (FDL),Al Zulfi,Al Wehda Club,Asian Handicap,Home +0,2.23,0.5924,0-0,WON,2026-08-23T00:03:48.686Z
2026-08-26T16:30:00Z,Svenska Cupen,Bollstanäs,United Nordic,Over/Under Goals,Under 3.5,1.75,0.7452,0-2,WON,2026-08-23T00:03:48.669Z
2026-08-26T16:30:00Z,Svenska Cupen,Dalstorps,Norrby IF,Over/Under Goals,Under 3.5,1.56,0.4514,0-2,WON,2026-08-23T00:03:48.587Z
2026-08-26T16:30:00Z,Svenska Cupen,Skövde AIK,Halmstad,Over/Under Goals,Under 3.5,1.6,0.7767,1-2,WON,2026-08-23T00:03:48.632Z
2026-08-26T16:30:00Z,Svenska Cupen,Stockholm Internazionale,Hammarby FF,Over/Under Goals,Under 3.5,1.75,0.7298,0-3,WON,2026-08-23T00:03:48.605Z
2026-08-26T16:45:00Z,UEFA Europa Conference League,Rapid Vienna,Heart Of Midlothian,Asian Handicap,Home +0,1.83,0.5984,1-1,WON,2026-08-23T00:03:48.539Z
2026-08-26T17:00:00Z,DBU Pokalen,FA 2000,Lyngby,Over/Under Goals,Under 3.5,1.55,0.5369,0-0,WON,2026-08-23T00:03:48.391Z
2026-08-26T17:00:00Z,UEFA Champions League Women,Eintracht Frankfurt W,Paris Saint Germain W,Asian Handicap,Home +0,1.66,0.6998,1-1,WON,2026-08-23T00:03:48.369Z
2026-08-26T17:00:00Z,UEFA Women’s Champions League,Anderlecht W,Feyenoord W,Over/Under Goals,Under 3.5,1.53,0.7900,2-1,WON,2026-08-23T00:03:48.329Z
2026-08-26T17:30:00Z,UEFA Champions League Women,Ajax W,Real Madrid W,Asian Handicap,Home +0,5.65,0.7958,0-2,LOST,2026-08-23T00:03:48.123Z
2026-08-26T17:45:00Z,UEFA Champions League Women,Chelsea W,Real Sociedad W,Over/Under Goals,Under 3.5,1.84,0.7247,5-2,LOST,2026-08-23T00:03:47.928Z
2026-08-26T18:00:00Z,FIFA Intercontinental Cup,Al-Ahli Saudi,Auckland,Over/Under Goals,Under 3.5,1.66,0.8880,1-0,WON,2026-08-23T00:03:47.733Z
2026-08-26T18:00:00Z,Pernambucano - U20,Santa Cruz U20,Ipojuca U20,Over/Under Goals,Under 3.5,2.3,0.5818,5-1,LOST,2026-08-23T00:03:47.871Z
2026-08-26T18:00:00Z,Primera C,Central Ballester,Sportivo Barracas,Over/Under Goals,Over 1.5,1.67,0.8461,0-0,LOST,2026-08-23T00:03:47.824Z
2026-08-26T18:00:00Z,Primera Nacional,Acassuso,San Telmo,Over/Under Goals,Over 1.5,1.67,0.7951,1-2,WON,2026-08-23T00:03:47.852Z
2026-08-26T18:30:00Z,Primera Nacional,Patronato,Atlanta,Over/Under Goals,Over 2.5,3.1,0.8065,2-0,LOST,2026-08-23T00:03:47.667Z
2026-08-26T18:45:00Z,League Cup,Newcastle United,West Brom,Over/Under Goals,Under 3.5,1.6,0.7470,3-2,LOST,2026-08-23T00:03:47.541Z
2026-08-26T18:45:00Z,League Cup,Tottenham,Charlton,Over/Under Goals,Under 3.5,1.68,0.6968,5-1,LOST,2026-08-23T00:03:47.635Z
2026-08-26T18:45:00Z,UEFA Champions League Women,St. Pölten W,Juventus W,Asian Handicap,Home +0,17.0,0.7086,0-3,LOST,2026-08-23T00:03:47.568Z
2026-08-26T19:00:00Z,Copa Paraguay,Deportivo Santani,Deportivo Recoleta,Asian Handicap,Home +0,2.06,0.5914,0-2,LOST,2026-08-23T00:03:47.329Z
2026-08-26T19:00:00Z,La Liga,Real Madrid,Real Sociedad,Over/Under Goals,Under 3.5,1.67,0.5521,4-1,LOST,2026-08-23T00:03:47.474Z
2026-08-26T19:00:00Z,League Cup,Preston,Everton,Asian Handicap,Away -0.5,1.57,0.5863,0-4,WON,2026-08-23T00:03:47.434Z
2026-08-26T19:00:00Z,UEFA Champions League,Viking,Dinamo Zagreb,Over/Under Goals,Under 3.5,1.5,0.4359,3-1,LOST,2026-08-23T00:03:47.396Z
2026-08-26T20:00:00Z,Copa Venezuela,Mineros de Guayana,Dinamo de Puerto La Cruz,Over/Under Goals,Over 1.5,1.54,0.8015,6-0,WON,2026-08-23T00:03:47.114Z
2026-08-26T20:00:00Z,Copa Venezuela,Rayo Zuliano,Urena SC,Over/Under Goals,Over 2.5,1.81,0.7848,3-0,WON,2026-08-23T00:03:47.097Z
2026-08-26T20:00:00Z,Copa Venezuela,Zamora FC,Real Frontera,Over/Under Goals,Under 3.5,2.16,0.6713,5-0,LOST,2026-08-23T00:03:47.150Z
2026-08-26T20:30:00Z,Liga Femenina,América de Cali W,Deportivo Cali W,Over/Under Goals,Over 2.5,2.26,0.7850,1-2,WON,2026-08-26T00:03:35.931Z
2026-08-26T22:30:00Z,Goiano - 2,Goiânia,Rio Verde,Asian Handicap,Away -0.25,1.7,0.6265,1-0,LOST,2026-08-23T00:03:46.755Z
2026-08-26T22:30:00Z,Primera División,Real Potosí,Real Tomayapo,Over/Under Goals,Under 3.5,1.7,0.7695,0-1,WON,2026-08-23T00:03:46.800Z
2026-08-27T00:30:00Z,Concacaf Central American Cup,CD Marathon,Real Estelí,Asian Handicap,Away -0.5,3.53,0.6930,3-0,LOST,2026-08-24T00:03:08.274Z
2026-08-27T00:30:00Z,Leagues Cup,Toluca,Austin,Over/Under Goals,Over 2.5,1.75,0.7758,2-0,LOST,2026-08-24T00:03:08.459Z
2026-08-27T00:30:00Z,Primera División,Blooming,Real Oruro,Over/Under Goals,Under 3.5,1.75,0.4595,1-1,WON,2026-08-24T00:03:08.335Z
2026-08-27T00:30:00Z,Primera Nacional,Central Norte,Deportivo Moron,Over/Under Goals,Over 1.5,1.73,0.8110,0-0,LOST,2026-08-24T00:03:08.535Z
2026-08-27T01:00:00Z,MLS Next Pro,Whitecaps II,Los Angeles FC II,Asian Handicap,Away -0.5,2.05,0.5883,4-1,LOST,2026-08-24T00:03:08.250Z
2026-08-27T02:30:00Z,Concacaf Central American Cup,LD Alajuelense,Plaza Amador,Over/Under Goals,Over 2.5,1.78,0.7697,3-1,WON,2026-08-24T00:03:08.142Z
2026-08-27T02:45:00Z,Leagues Cup,Club America,Columbus Crew,Over/Under Goals,Over 2.5,1.78,0.7870,2-0,LOST,2026-08-24T00:03:08.099Z
2026-08-27T12:00:00Z,Cup,Sardarapat,Syunik,Over/Under Goals,Under 3.5,1.55,0.7078,1-1,WON,2026-08-24T00:03:07.982Z
2026-08-27T13:00:00Z,Ligi kuu Bara,Mashujaa,Kagera Sugar,Over/Under Goals,Over 1.5,1.5,0.8496,2-1,WON,2026-08-24T00:03:07.946Z
2026-08-27T14:15:00Z,Stars League,Al-Gharafa,Al Shamal,Asian Handicap,Home +0,1.95,0.6383,1-3,LOST,2026-08-24T00:03:07.807Z
2026-08-27T15:30:00Z,Svenska Cupen,Falu BS,IF Brommapojkarna,Over/Under Goals,Under 3.5,1.87,0.7434,2-1,WON,2026-08-24T00:03:07.734Z
2026-08-27T16:00:00Z,Ligi kuu Bara,Simba,Coastal Union,Over/Under Goals,Over 2.5,1.7,0.7654,1-0,LOST,2026-08-24T00:03:07.517Z
2026-08-27T16:45:00Z,UEFA Europa Conference League,Monaco,Gornik Zabrze,Asian Handicap,Home +0,3.7,0.6549,4-1,WON,2026-08-24T00:03:07.271Z
2026-08-27T16:45:00Z,UEFA Europa Conference League,SC Freiburg,Motherwell,Asian Handicap,Home +0,4.6,0.7330,4-1,WON,2026-08-24T00:03:07.305Z
2026-08-27T17:00:00Z,UEFA Europa Conference League,Pafos,Dinamo Tirana,Asian Handicap,Home +0.25,2.2,0.8405,2-2,WON,2026-08-24T00:03:07.103Z
2026-08-27T17:00:00Z,UEFA Europa Conference League,Riga,KI Klaksvik,Asian Handicap,Home +0,2.65,0.6516,2-1,WON,2026-08-24T00:03:07.142Z
2026-08-27T17:00:00Z,UEFA Europa League,Kauno Žalgiris,Beşiktaş,Asian Handicap,Away -0.5,7.0,0.6364,1-0,LOST,2026-08-24T00:03:07.030Z
2026-08-27T18:00:00Z,UEFA Europa Conference League,Ajax,FC Sion,Asian Handicap,Home +0.25,2.35,0.8147,5-3,WON,2026-08-24T00:03:06.576Z
2026-08-27T18:00:00Z,UEFA Europa Conference League,FC ST. Gallen,FC Nordsjaelland,Over/Under Goals,Under 3.5,1.65,0.6036,2-3,LOST,2026-08-24T00:03:06.611Z
2026-08-27T18:00:00Z,UEFA Europa Conference League,Hapoel Tel Aviv,Atalanta,Over/Under Goals,Under 3.5,1.79,0.9467,0-1,WON,2026-08-24T00:03:06.742Z
2026-08-27T18:00:00Z,UEFA Europa League,Aarhus,Benfica,Asian Handicap,Away -0.5,6.5,0.7044,1-3,WON,2026-08-24T00:03:06.675Z
2026-08-27T18:00:00Z,UEFA Europa League,FC Thun,Lech Poznan,Asian Handicap,Away -0.5,2.25,0.7622,2-2,LOST,2026-08-24T00:03:06.707Z
2026-08-27T18:30:00Z,UEFA Europa Conference League,Borac Banja Luka,Vikingur Reykjavik,Asian Handicap,Home +0,1.63,0.6658,3-1,WON,2026-08-24T00:03:06.486Z
2026-08-27T18:30:00Z,UEFA Europa Conference League,Brighton,Tromso,Over/Under Goals,Under 3.5,1.88,0.7204,4-0,LOST,2026-08-24T00:03:06.468Z
2026-08-27T18:45:00Z,National League,Boreham Wood,Boston United,Over/Under Goals,Under 3.5,1.61,0.5230,2-1,WON,2026-08-24T00:03:06.372Z
2026-08-27T19:00:00Z,La Liga,Barcelona,Athletic Club,Over/Under Goals,Under 3.5,1.69,0.4835,2-0,WON,2026-08-24T00:03:06.145Z
2026-08-27T19:00:00Z,League Cup,Fulham,AFC Wimbledon,Over/Under Goals,Under 3.5,1.72,0.8327,3-0,WON,2026-08-24T00:03:06.196Z
2026-08-27T19:00:00Z,UEFA Europa Conference League,Hibernian,Gent,Asian Handicap,Home +0,1.97,0.6909,2-3,LOST,2026-08-24T00:03:06.230Z
2026-08-27T21:00:00Z,Liga Femenina,Atlético Nacional W,Millonarios W,Over/Under Goals,Over 2.5,2.3,0.7740,0-1,LOST,2026-08-25T00:03:15.231Z
2026-08-27T21:15:00Z,Copa Uruguay,Club Nacional,Albion FC,Over/Under Goals,Under 3.5,1.65,0.7447,0-0,WON,2026-08-26T00:03:36.190Z
2026-08-27T22:30:00Z,Primera División,Independiente Petrolero,Guabirá,Over/Under Goals,Under 3.5,1.5,0.7106,3-1,LOST,2026-08-24T00:03:05.979Z
2026-08-27T23:10:00Z,Primera A,Llaneros,Millonarios,Asian Handicap,Home +0.25,1.8,0.8929,0-2,LOST,2026-08-24T00:03:05.897Z
2026-08-28T02:30:00Z,Concacaf Central American Cup,Mixco,Alianza FC,Asian Handicap,Home +0,1.59,0.7738,2-0,WON,2026-08-25T00:03:21.748Z
2026-08-28T08:00:00Z,Queensland NPL,Lions,Peninsula Power,Over/Under Goals,Under 3.5,1.6,0.7720,4-1,LOST,2026-08-25T00:03:21.731Z
2026-08-28T08:00:00Z,Queensland NPL,Moreton City Excelsior,Gold Coast Knights,Asian Handicap,Away -0.25,3.42,0.5803,0-0,LOST,2026-08-25T00:03:21.699Z
2026-08-28T10:00:00Z,Youth Championship,Almaz Antey U19,CSKA Moskva U19,BTTS,Yes,1.36,0.8708,4-2,WON,2026-08-25T00:03:21.641Z
2026-08-28T10:30:00Z,K League 2,Ansan Greeners,Daegu FC,Over/Under Goals,Under 3.5,1.6,0.6747,1-2,WON,2026-08-25T00:03:21.554Z
2026-08-28T11:35:00Z,Super League,Dalian Zhixing,Beijing Guoan,Over/Under Goals,Under 3.5,1.75,0.4803,1-1,WON,2026-08-25T00:03:21.472Z
2026-08-28T12:00:00Z,Youth Championship,Dinamo Moskva U19,Akademiya Konoplev U20,BTTS,Yes,1.3,0.8255,1-2,WON,2026-08-25T00:03:21.397Z
2026-08-28T12:30:00Z,Erovnuli Liga 2,Samtredia,Odishi 1919,Asian Handicap,Home +0.5,1.26,0.8927,3-0,WON,2026-08-25T00:03:21.296Z
2026-08-28T13:00:00Z,Super League,Terengganu,Selangor,Over/Under Goals,Over 1.5,1.19,0.9351,0-3,WON,2026-08-25T00:03:21.223Z
2026-08-28T13:55:00Z,Pro League,Dubai United,Al-Ittihad Kalba,Asian Handicap,Home +0.5,1.41,0.8332,4-1,WON,2026-08-25T00:03:21.016Z
2026-08-28T14:00:00Z,Premier League,Olympic El Qanah,El Gouna FC,Over/Under Goals,Under 2.5,1.42,0.6669,1-1,WON,2026-08-25T00:03:20.899Z
2026-08-28T14:00:00Z,Youth Championship,Dynamo Makhachkala U19,Rostov U19,Asian Handicap,Away -0.5,1.69,0.7095,2-1,LOST,2026-08-25T00:03:20.812Z
2026-08-28T14:15:00Z,Stars League,Al Ahli Doha,Lusail City,Over/Under Goals,Under 3.5,1.7,0.5474,3-3,LOST,2026-08-25T00:03:20.796Z
2026-08-28T14:30:00Z,Superliga,Drenica Skënderaj,Ballkani,Over/Under Goals,Over 1.5,1.29,0.7944,0-2,WON,2026-08-28T00:04:08.408Z
2026-08-28T15:00:00Z,First NL,Sesvete,Dugopolje,Over/Under Goals,Under 3.5,1.21,0.6985,1-2,WON,2026-08-25T00:03:20.622Z
2026-08-28T15:00:00Z,Liga MX U21,Necaxa U21,Cruz Azul U21,Over/Under Goals,Under 3.5,1.4,0.7189,2-1,WON,2026-08-25T00:03:20.582Z
2026-08-28T15:00:00Z,Liga Women,Carlos Mannucci W,Defensores W,Asian Handicap,Home +0.5,1.29,0.9298,1-0,WON,2026-08-25T00:03:20.656Z
2026-08-28T15:00:00Z,Premier League,Akron,CSKA Moscow,Over/Under Goals,Under 3.5,1.81,0.7150,2-2,LOST,2026-08-25T00:03:20.691Z
2026-08-28T15:05:00Z,Division 1,Dibba Al-Fujairah,Gulf United,Over/Under Goals,Under 3.5,1.5,0.6858,4-3,LOST,2026-08-25T00:03:20.532Z
2026-08-28T15:05:00Z,Division 1,Ittifaq,Al Urooba,Over/Under Goals,Over 1.5,1.25,0.8096,1-1,WON,2026-08-25T00:03:20.514Z
2026-08-28T15:30:00Z,First NL,Bsk Bijelo Brdo,HNK Cibalia,Over/Under Goals,Under 3.5,1.23,0.8752,1-1,WON,2026-08-25T00:03:20.371Z
2026-08-28T15:30:00Z,First NL,Dubrava Zagreb,Croatia Zmijavci,Over/Under Goals,Over 1.5,1.4,0.8087,1-2,WON,2026-08-25T00:03:20.483Z
2026-08-28T15:30:00Z,First NL,Vukovar,Segesta Sisak,Over/Under Goals,Under 3.5,1.28,0.7880,2-0,WON,2026-08-25T00:03:20.433Z
2026-08-28T15:30:00Z,Ligi kuu Bara,Geita Gold,Azam,Over/Under Goals,Under 2.5,1.55,0.5203,2-2,LOST,2026-08-25T00:03:20.498Z
2026-08-28T15:30:00Z,Persian Gulf Pro League,Paykan,Esteghlal Khuzestan,Over/Under Goals,Over 1.5,1.78,0.8054,0-0,LOST,2026-08-25T00:03:20.449Z
2026-08-28T15:30:00Z,Second NL,Bjelovar,Trnje,BTTS,Yes,1.52,0.8472,0-2,LOST,2026-08-26T00:03:36.341Z
2026-08-28T15:30:00Z,Ykkösliiga,JäPS,KäPa,Over/Under Goals,Under 3.5,1.5,0.7002,0-0,WON,2026-08-25T00:03:20.393Z
2026-08-28T16:00:00Z,2. SNL,Primorje,Krka,Over/Under Goals,Under 3.5,1.37,0.7083,3-2,LOST,2026-08-25T00:03:20.136Z
2026-08-28T16:00:00Z,I Liga,Unia Skierniewice,Stal Rzeszów,Over/Under Goals,Under 3.5,1.52,0.9016,0-1,WON,2026-08-25T00:03:20.176Z
2026-08-28T16:00:00Z,Premier League,Muharraq,Al Ahli,Over/Under Goals,Over 2.5,1.83,0.7969,1-1,LOST,2026-08-25T00:03:20.037Z
2026-08-28T16:00:00Z,Youth Championship,Lokomotiv Moskva U19,Chertanovo U20,Over/Under Goals,Under 3.5,2.02,0.5506,3-1,LOST,2026-08-25T00:03:20.155Z
2026-08-28T16:30:00Z,2. Liga,Voitsberg,FC Liefering,Over/Under Goals,Under 3.5,1.64,0.4822,2-3,LOST,2026-08-25T00:03:19.779Z
2026-08-28T16:30:00Z,Premier League,Zabbar St. Patrick,Hibernians,Over/Under Goals,Under 3.5,1.33,0.7672,1-1,WON,2026-08-25T00:03:19.725Z
2026-08-28T16:30:00Z,Stars League,Qatar SC,Al Sadd,Over/Under Goals,Under 3.5,1.9,0.5893,2-6,LOST,2026-08-25T00:03:19.673Z
2026-08-28T17:00:00Z,2nd Division - Group 1,Nykobing FC,Roskilde,Over/Under Goals,Under 3.5,1.5,0.6328,2-2,LOST,2026-08-25T00:03:19.423Z
2026-08-28T17:00:00Z,3. Liga,Fortuna Düsseldorf,Stuttgart II,Over/Under Goals,Under 3.5,1.7,0.4983,1-0,WON,2026-08-25T00:03:19.519Z
2026-08-28T17:00:00Z,Regionalliga - South,Gleisdorf 09,SV Lafnitz,Over/Under Goals,Under 3.5,2.0,0.4549,1-3,LOST,2026-08-25T00:03:19.441Z
2026-08-28T17:00:00Z,Regionalliga - South,Kalsdorf,Weiz,Over/Under Goals,Under 3.5,1.8,0.4823,1-1,WON,2026-08-25T00:03:19.303Z
2026-08-28T17:00:00Z,Regionalliga - South,Tillmitsch,Deutschlandsberger SC,BTTS,Yes,1.45,0.7993,2-2,WON,2026-08-25T00:03:19.350Z
2026-08-28T17:30:00Z,1st Division,Orbit College,Hungry Lions,Asian Handicap,Away -0.5,3.02,0.7402,0-0,LOST,2026-08-25T00:03:19.062Z
2026-08-28T17:30:00Z,Bundesliga,Austria Lustenau,WSG Wattens,Over/Under Goals,Under 3.5,1.5,0.7976,0-4,LOST,2026-08-25T00:03:19.087Z
2026-08-28T17:30:00Z,Challenge League,FC Winterthur,Stade Lausanne-Ouchy,Asian Handicap,Home +0,1.91,0.6329,1-1,VOID,2026-08-25T00:03:19.041Z
2026-08-28T17:30:00Z,Challenge League,SC Kriens,Stade Nyonnais,Over/Under Goals,Under 3.5,1.63,0.6407,3-0,WON,2026-08-25T00:03:19.186Z
2026-08-28T17:50:00Z,First Division League (FDL),Damac,Al Orubah,Over/Under Goals,Under 3.5,1.33,0.9379,0-0,WON,2026-08-25T00:03:18.983Z
2026-08-28T18:00:00Z,Eredivisie,Groningen,Fortuna Sittard,Over/Under Goals,Under 3.5,1.74,0.7302,2-3,LOST,2026-08-25T00:03:18.247Z
2026-08-28T18:00:00Z,First League,Sutjeska,Mladost DG,Over/Under Goals,Under 3.5,1.26,0.7533,5-1,LOST,2026-08-25T00:03:18.655Z
2026-08-28T18:00:00Z,Premier League 2 Division One,Aston Villa U21,Crystal Palace U21,Over/Under Goals,Under 3.5,1.65,0.5150,0-2,WON,2026-08-25T00:03:18.819Z
2026-08-28T18:00:00Z,Premier League 2 Division One,Burnley U21,Reading U21,Over/Under Goals,Over 2.5,1.45,0.7987,1-3,WON,2026-08-25T00:03:18.851Z
2026-08-28T18:00:00Z,Premier League 2 Division One,Everton U21,Southampton U21,BTTS,Yes,1.43,0.8180,1-2,WON,2026-08-25T00:03:18.835Z
2026-08-28T18:00:00Z,Premier League 2 Division One,Nottingham Forest U21,Manchester City U21,BTTS,Yes,1.44,0.7882,2-1,WON,2026-08-25T00:03:18.737Z
2026-08-28T18:00:00Z,Premijer Liga,Radnik Bijeljina,Borac Banja Luka,Over/Under Goals,Under 3.5,1.27,0.7411,2-2,LOST,2026-08-25T00:03:18.961Z
2026-08-28T18:00:00Z,Pro League,Al-Nassr,Al Taawoun FC,Over/Under Goals,Under 3.5,1.75,0.5147,2-1,WON,2026-08-25T00:03:18.583Z
2026-08-28T18:15:00Z,Challenge League,FC Aarau,Neuchatel Xamax FC,Over/Under Goals,Under 3.5,1.66,0.7235,2-1,WON,2026-08-25T00:03:18.131Z
2026-08-28T18:15:00Z,Challenge League,Étoile Carouge,Rapperswil,Over/Under Goals,Under 3.5,1.57,0.6931,2-1,WON,2026-08-25T00:03:18.214Z
2026-08-28T18:30:00Z,FAW Championship,Baglan Dragons,Caerau (Ely),Asian Handicap,Away -0.25,1.75,0.5814,3-1,LOST,2026-08-25T00:03:17.914Z
2026-08-28T18:30:00Z,FAW Championship,llanelli AFC,Carmarthen Town,Over/Under Goals,Under 3.5,1.75,0.4600,2-2,LOST,2026-08-25T00:03:18.061Z
2026-08-28T18:45:00Z,Championship,Ards,Queen's University,Over/Under Goals,Over 1.5,1.22,0.9358,0-3,WON,2026-08-25T00:03:17.519Z
2026-08-28T18:45:00Z,Championship,Glenavon FC,Rathfriland,1X2 / Match Winner,Home,1.2,0.8916,3-1,WON,2026-08-25T00:03:17.734Z
2026-08-28T18:45:00Z,Championship,Loughgall,Warrenpoint Town,Over/Under Goals,Over 1.5,1.23,0.9136,3-3,WON,2026-08-25T00:03:17.536Z
2026-08-28T18:45:00Z,Championship,Moyola Park,Armagh City,Over/Under Goals,Under 3.5,1.66,0.8146,1-0,WON,2026-08-25T00:03:17.410Z
2026-08-28T18:45:00Z,Championship,Strabane Athletic,Newington Youth,Asian Handicap,Away -0.5,1.61,0.8585,1-2,WON,2026-08-25T00:03:17.472Z
2026-08-28T18:45:00Z,FAW Championship,Buckley Town,Guilsfield,Asian Handicap,Away -0.5,1.91,0.6650,3-1,LOST,2026-08-25T00:03:17.771Z
2026-08-28T18:45:00Z,FAW Championship,Newtown AFC,Llanuwchllyn,Over/Under Goals,Under 3.5,1.75,0.3751,4-0,LOST,2026-08-25T00:03:16.589Z
2026-08-28T18:45:00Z,FAW Championship,Trethomas Bluebirds,Afan Lido,Asian Handicap,Away -0.5,2.35,0.6389,5-2,LOST,2026-08-25T00:03:17.426Z
2026-08-28T18:45:00Z,First Division,Cork City,Wexford,Over/Under Goals,Over 2.5,1.6,0.7317,2-0,LOST,2026-08-25T00:03:16.938Z
2026-08-28T18:45:00Z,National League,AFC Fylde,Forest Green,Over/Under Goals,Under 3.5,1.63,0.4589,2-0,WON,2026-08-25T00:03:16.676Z
2026-08-28T18:45:00Z,National League,Gateshead,Sutton United,Over/Under Goals,Under 3.5,1.68,0.7708,0-1,WON,2026-08-25T00:03:17.275Z
2026-08-28T18:45:00Z,National League,Scunthorpe,Solihull Moors,Over/Under Goals,Under 3.5,1.57,0.5911,3-1,LOST,2026-08-25T00:03:16.738Z
2026-08-28T18:45:00Z,Premier Division,St Patrick's Athl.,Waterford,Over/Under Goals,Under 3.5,1.6,0.7241,0-2,WON,2026-08-25T00:03:17.679Z
2026-08-28T18:45:00Z,Premier League,Barry Town,Airbus UK,Over/Under Goals,Under 3.5,1.55,0.7104,4-2,LOST,2026-08-25T00:03:17.074Z
2026-08-28T18:45:00Z,Premier League,GAP Connah S Quay FC,Cambrian & Clydach,Over/Under Goals,Under 3.5,1.53,0.5677,3-0,WON,2026-08-25T00:03:17.118Z
2026-08-28T18:45:00Z,Premier League,Llandudno,Haverfordwest County AFC,Asian Handicap,Home +0,1.64,0.6320,2-0,WON,2026-08-25T00:03:16.568Z
2026-08-28T18:45:00Z,Premier League,The New Saints,Colwyn Bay,Over/Under Goals,Under 3.5,1.5,0.8950,5-1,LOST,2026-08-25T00:03:17.198Z
2026-08-28T19:00:00Z,Division Intermedia,3 de Noviembre,Independiente F.b.c.,Over/Under Goals,Over 1.5,1.36,0.7936,5-2,WON,2026-08-25T00:03:16.268Z
2026-08-28T19:00:00Z,FAW Championship,Ruthin Town,Mold Alexandra,Over/Under Goals,Under 3.5,1.5,0.4618,0-4,LOST,2026-08-25T00:03:16.412Z
2026-08-28T19:00:00Z,Premier League,Valletta FC,Marsaxlokk,Over/Under Goals,Over 1.5,1.4,0.7897,1-2,WON,2026-08-25T00:03:16.385Z
2026-08-28T19:00:00Z,Taça de Portugal,Beira-Mar,União Lamas,Over/Under Goals,Under 3.5,1.23,0.6849,3-3,LOST,2026-08-25T00:03:16.436Z
2026-08-28T19:15:00Z,Campionato,Cailungo,Domagnano,Asian Handicap,Away -0.5,1.34,0.6056,1-2,WON,2026-08-25T00:03:16.046Z
2026-08-28T19:15:00Z,Campionato,Juvenes / Dogana,Faetano,Over/Under Goals,Under 3.5,1.31,0.7504,4-0,LOST,2026-08-25T00:03:16.109Z
2026-08-28T20:00:00Z,Primera Division,Comerciantes Unidos,FC Cajamarca,Over/Under Goals,Over 2.5,1.93,0.7705,2-3,WON,2026-08-25T00:03:15.901Z
2026-08-28T23:00:00Z,Canadian Premier League,Atlético Ottawa,York 9 FC,Over/Under Goals,Over 2.5,1.66,0.7693,2-1,WON,2026-08-25T00:03:15.427Z
2026-08-28T23:00:00Z,USL League One,Charlotte Independence,Alta,Over/Under Goals,Under 3.5,1.9,0.5693,5-0,LOST,2026-08-25T00:03:15.347Z
2026-08-28T23:30:00Z,USL Super League,Fort Lauderdale United W,Brooklyn W,Over/Under Goals,Under 3.5,1.36,0.5571,1-0,WON,2026-08-25T00:03:15.322Z
2026-08-29T00:00:00Z,Liga MX Femenil,Toluca W,León W,Over/Under Goals,Over 2.5,1.35,0.9077,1-0,LOST,2026-08-26T00:03:54.988Z
2026-08-29T00:00:00Z,MLS Next Pro,St. Louis City II,North Texas,Over/Under Goals,Under 3.5,1.78,0.4893,1-1,WON,2026-08-26T00:03:54.901Z
2026-08-29T01:00:00Z,Liga MX,Necaxa,Cruz Azul,Over/Under Goals,Under 3.5,1.51,0.7362,1-3,LOST,2026-08-26T00:03:54.706Z
2026-08-29T01:00:00Z,Primera B,Union Magdalena,Quindio,Over/Under Goals,Under 3.5,1.19,0.9209,0-2,WON,2026-08-26T00:03:54.727Z
2026-08-29T01:30:00Z,Liga Panameña de Fútbol,Tauro FC,Independiente de La Chorrera,Over/Under Goals,Under 3.5,1.26,0.8102,2-1,WON,2026-08-26T00:03:54.681Z
2026-08-29T04:00:00Z,Northern NSW NPL,Kahibah,New Lambton,BTTS,Yes,1.4,0.8181,3-0,LOST,2026-08-26T00:03:54.481Z
2026-08-29T04:00:00Z,Tasmania NPL,South Hobart,Kingborough Lions,Over/Under Goals,Under 3.5,1.71,0.4964,2-2,LOST,2026-08-26T00:03:54.508Z
2026-08-29T05:00:00Z,Victoria NPL,Avondale,Hume City,Over/Under Goals,Under 3.5,1.55,0.4763,2-0,WON,2026-08-26T00:03:54.223Z
2026-08-29T05:00:00Z,Victoria NPL,Melbourne City II,Green Gully,Over/Under Goals,Over 2.5,1.57,0.8827,1-2,WON,2026-08-26T00:03:54.315Z
2026-08-29T05:00:00Z,Victoria Premier League 2,Keilor Park,Altona City,BTTS,Yes,1.53,0.7916,2-1,WON,2026-08-26T00:03:54.397Z
2026-08-29T05:00:00Z,Victoria Premier League 2,Moreland City,Essendon Royals SC,Over/Under Goals,Over 2.5,1.2,0.9137,2-2,WON,2026-08-26T00:03:54.339Z
2026-08-29T05:30:00Z,South Australia NPL,Playford City Patriots,Adelaide City,Over/Under Goals,Under 3.5,1.61,0.7318,1-2,WON,2026-08-27T00:03:27.727Z
2026-08-29T05:30:00Z,South Australia State League 1,Adelaide Blue Eagles,Adelaide Raiders,Over/Under Goals,Under 3.5,1.67,0.6989,0-3,WON,2026-08-26T00:03:54.152Z
2026-08-29T06:00:00Z,Northern NSW NPL,Broadmeadow Magic,Weston Bears,Over/Under Goals,Over 2.5,1.24,0.8189,0-0,LOST,2026-08-28T00:04:08.794Z
2026-08-29T08:00:00Z,Premier League,Southern District,Kowloon City,Over/Under Goals,Over 2.5,1.52,0.7644,2-1,WON,2026-08-26T00:03:54.080Z
2026-08-29T08:00:00Z,Queensland Premier League,Brisbane Strikers,Broadbeach United,Over/Under Goals,Under 3.5,1.5,0.7240,1-0,WON,2026-08-26T00:03:54.118Z
2026-08-29T09:00:00Z,Capital Territory NPL,Tuggeranong United,Queanbeyan City,BTTS,Yes,1.35,0.7670,0-2,LOST,2026-08-28T00:04:08.751Z
2026-08-29T09:00:00Z,J1 League,Gamba Osaka,Sanfrecce Hiroshima,Over/Under Goals,Under 3.5,1.55,0.5006,0-0,WON,2026-08-26T00:03:53.550Z
2026-08-29T09:00:00Z,WE League,Parceiro Nagano W,Tokyo Verdy Women,Over/Under Goals,Under 3.5,1.5,0.7935,1-4,LOST,2026-08-26T00:03:53.778Z
2026-08-29T09:30:00Z,Esiliiga A,FC Tallinn,Nõmme Kalju II,Over/Under Goals,Under 3.5,1.94,0.6641,0-2,WON,2026-08-26T00:03:53.402Z
2026-08-29T09:30:00Z,J1 League,Shimizu S-pulse,Kashiwa Reysol,Asian Handicap,Away -0.5,2.24,0.5693,0-1,WON,2026-08-26T00:03:53.453Z
2026-08-29T09:30:00Z,South Australia NPL,MetroStars,West Torrens Birkalla,Over/Under Goals,Under 3.5,1.57,0.4341,2-2,LOST,2026-08-27T00:03:27.664Z
2026-08-29T09:30:00Z,Vysshaya Liga Women,CSKA Moskva W,Rubin Kazan W,Over/Under Goals,Under 3.5,1.73,0.5178,4-1,LOST,2026-08-26T00:03:53.383Z
2026-08-29T10:00:00Z,J1 League,Kawasaki Frontale,JEF United Chiba,Over/Under Goals,Under 3.5,1.52,0.7635,4-2,LOST,2026-08-26T00:03:52.573Z
2026-08-29T10:00:00Z,J1 League,Kyoto Sanga,Avispa Fukuoka,Over/Under Goals,Over 1.5,1.5,0.8472,2-1,WON,2026-08-26T00:03:52.607Z
2026-08-29T10:00:00Z,J1 League,Tokyo Verdy,Kashima,Asian Handicap,Away -0.5,1.79,0.6559,0-2,WON,2026-08-26T00:03:52.930Z
2026-08-29T10:00:00Z,J2 League,Imabari,Montedio Yamagata,Over/Under Goals,Under 3.5,1.5,0.7520,0-3,WON,2026-08-26T00:03:52.709Z
2026-08-29T10:00:00Z,WE League,Sanfrecce Hiroshima W,Omiya Ardija Ventus W,Over/Under Goals,Under 3.5,1.2,0.8941,2-0,WON,2026-08-26T00:03:53.224Z
2026-08-29T10:45:00Z,1. Liga Women,Slovácko W,Sparta Praha W,BTTS,No,1.88,0.7720,0-3,WON,2026-08-26T00:03:52.277Z
2026-08-29T11:00:00Z,1. Division,Kolding IF,AB Copenhagen,Over/Under Goals,Under 3.5,1.55,0.7312,2-1,WON,2026-08-26T00:03:51.827Z
2026-08-29T11:00:00Z,2. Bundesliga,Karlsruher SC,VfL Wolfsburg,Over/Under Goals,Under 3.5,1.67,0.7459,2-5,LOST,2026-08-26T00:03:52.253Z
2026-08-29T11:00:00Z,Kvindeliga,ASA Aarhus W,Fortuna Hjørring W,Asian Handicap,Away -0.5,1.24,0.7484,2-1,LOST,2026-08-26T00:03:52.123Z
2026-08-29T11:00:00Z,Kvindeliga,Odense Women,Midtjylland W,Asian Handicap,Away -0.5,1.44,0.6646,0-2,WON,2026-08-26T00:03:52.141Z
2026-08-29T11:00:00Z,Toppserien,Hønefoss W,Fortuna Ålesund W,1X2 / Match Winner,Away,1.3,0.8026,0-1,WON,2026-08-26T00:03:52.025Z
2026-08-29T11:00:00Z,Ykkönen,FC jazz,Inter Turku II,Over/Under Goals,Under 3.5,2.18,0.7380,2-0,WON,2026-08-26T00:03:51.869Z
2026-08-29T11:30:00Z,2nd Division - Group 1,VSK Århus,FA 2000,Over/Under Goals,Over 1.5,1.23,0.7987,0-0,LOST,2026-08-26T00:03:51.568Z
2026-08-29T11:30:00Z,League One,Blackpool,Peterborough,Over/Under Goals,Under 3.5,1.52,0.7949,4-0,LOST,2026-08-26T00:03:51.348Z
2026-08-29T11:30:00Z,Premier League,Liverpool,Nottingham Forest,Over/Under Goals,Under 3.5,1.56,0.8836,2-2,LOST,2026-08-26T00:03:51.442Z
2026-08-29T12:00:00Z,1. Division,Aalborg,HB Koge,Over/Under Goals,Under 3.5,1.57,0.7282,0-0,WON,2026-08-26T00:03:50.674Z
2026-08-29T12:00:00Z,3. Liga,SG Sonnenhof Grossaspach,FC Ingolstadt 04,Over/Under Goals,Under 3.5,1.58,0.4632,0-2,WON,2026-08-26T00:03:51.229Z
2026-08-29T12:00:00Z,3. Liga,SV Wehen,Rot-Weiß Essen,Over/Under Goals,Under 3.5,1.6,0.5403,0-0,WON,2026-08-26T00:03:50.763Z
2026-08-29T12:00:00Z,Premier League,Ulytau,Zhetysu,Asian Handicap,Home +0.5,1.31,0.8965,3-0,WON,2026-08-26T00:03:51.096Z
2026-08-29T12:30:00Z,1. Liga Women,Viktoria Plzeň W,Baník Ostrava W,Asian Handicap,Away -0.5,2.17,0.7994,1-0,LOST,2026-08-26T00:03:50.270Z
2026-08-29T12:30:00Z,Premier League,Livyi Bereh,Karpaty,Asian Handicap,Away -0.5,1.73,0.6139,1-1,LOST,2026-08-26T00:03:50.199Z
2026-08-29T12:30:00Z,Tweede Divisie,Hoek,Spakenburg,Over/Under Goals,Under 3.5,1.66,0.5773,0-2,WON,2026-08-26T00:03:50.219Z
2026-08-29T13:00:00Z,1. Deild,Víkingur II,HB II,Over/Under Goals,Over 2.5,1.35,0.8833,2-0,LOST,2026-08-26T00:03:48.955Z
2026-08-29T13:00:00Z,Allsvenskan,BK Hacken,Vasteras SK FK,Over/Under Goals,Under 3.5,1.75,0.8887,1-3,LOST,2026-08-26T00:03:49.341Z
2026-08-29T13:00:00Z,Division Intermedia,Deportivo Santani,Atlético Tembetary,Over/Under Goals,Under 3.5,1.34,0.5812,3-4,LOST,2026-08-26T00:03:49.368Z
2026-08-29T13:00:00Z,Division Intermedia,Fernando De La Mora,Tacuary,Over/Under Goals,Under 3.5,1.33,0.8716,1-1,WON,2026-08-26T00:03:49.103Z
2026-08-29T13:00:00Z,Kansallinen Liiga,Ebk Women,PK-35 Vantaa W,Over/Under Goals,Over 2.5,1.35,0.8814,2-2,WON,2026-08-26T00:03:49.784Z
2026-08-29T13:00:00Z,Pernambucano - U20,Petrolina U20,Sport Recife U20,Over/Under Goals,Over 1.5,1.3,0.8926,0-3,WON,2026-08-26T00:03:49.984Z
2026-08-29T13:00:00Z,Premier League,Police,Mbarara City,Over/Under Goals,Under 3.5,1.25,0.6754,1-0,WON,2026-08-26T00:03:49.214Z
2026-08-29T13:00:00Z,Premier League,SC Villa,Kitara,Over/Under Goals,Under 3.5,1.19,0.5483,1-1,WON,2026-08-26T00:03:49.243Z
2026-08-29T13:00:00Z,Superettan,Falkenbergs FF,IK brage,Over/Under Goals,Under 3.5,1.53,0.4854,4-1,LOST,2026-08-26T00:03:49.494Z
2026-08-29T13:00:00Z,Tweede Divisie,Almere City II,Koninklijke HFC,Over/Under Goals,Over 2.5,1.54,0.8946,1-2,WON,2026-08-26T00:03:49.836Z
2026-08-29T13:00:00Z,Tweede Divisie,Ijsselmeervogels,RKAV Volendam,Asian Handicap,Home +0.5,1.23,0.7934,1-1,WON,2026-08-26T00:03:49.566Z
2026-08-29T13:00:00Z,Tweede Divisie,Kozakken Boys,GVVV Veenendaal,Asian Handicap,Home +0.5,1.3,0.7874,3-2,WON,2026-08-26T00:03:49.745Z
2026-08-29T13:00:00Z,Tweede Divisie,Quick Boys,Kloetinge,BTTS,Yes,1.7,0.7934,4-0,LOST,2026-08-26T00:03:49.549Z
2026-08-29T13:30:00Z,Bundesliga,RB Leipzig,Borussia Mönchengladbach,Over/Under Goals,Under 3.5,1.77,0.7236,3-0,WON,2026-08-26T00:03:48.656Z
2026-08-29T13:30:00Z,I Liga,Polonia Warszawa,Lechia Gdansk,Over/Under Goals,Under 3.5,1.6,0.6929,2-4,LOST,2026-08-26T00:03:48.745Z
2026-08-29T13:30:00Z,Regionalliga - North,Wals-Grünau,Pinzgau Saalfelden,1X2 / Match Winner,Home,1.27,0.6577,2-1,WON,2026-08-26T00:03:48.822Z
2026-08-29T13:45:00Z,First NL,Orijent 1919,Dinamo Zagreb U21,Over/Under Goals,Under 3.5,1.3,0.6572,3-0,WON,2026-08-26T00:03:48.507Z
2026-08-29T13:55:00Z,Pro League,Al Khaleej,Al-Dhafra,Over/Under Goals,Over 1.5,1.21,0.8521,2-0,WON,2026-08-26T00:03:48.478Z
2026-08-29T13:55:00Z,Pro League,Al-Jazira,Ajman,Over/Under Goals,Under 3.5,1.51,0.5258,3-0,WON,2026-08-26T00:03:48.445Z
2026-08-29T14:00:00Z,1 Lyga,Neptūną Klaipėda,Atmosfera,Over/Under Goals,Over 1.5,1.23,0.8232,3-1,WON,2026-08-26T00:03:46.811Z
2026-08-29T14:00:00Z,1. Deild,Afturelding,Vestri,Over/Under Goals,Under 3.5,2.08,0.5230,2-0,WON,2026-08-26T00:03:47.120Z
2026-08-29T14:00:00Z,1. Deild,Grindavik,HK Kopavogur,Over/Under Goals,Under 3.5,1.89,0.5131,4-3,LOST,2026-08-26T00:03:46.771Z
2026-08-29T14:00:00Z,1. Deild,Leiknir R.,Njardvik,BTTS,Yes,1.5,0.7957,2-0,LOST,2026-08-26T00:03:46.790Z
2026-08-29T14:00:00Z,1. Liga,Riga Mariners,Rīgas FS II,Over/Under Goals,Over 2.5,1.25,0.9563,3-1,WON,2026-08-26T00:03:45.690Z
2026-08-29T14:00:00Z,Challenger Pro League,RSC Anderlecht II,Beerschot Wilrijk,Asian Handicap,Away -0.25,5.25,0.6326,0-1,WON,2026-08-26T00:03:45.645Z
2026-08-29T14:00:00Z,Cup,Neftchi,Pakhtakor,Asian Handicap,Home +0.5,1.21,0.8554,1-0,WON,2026-08-26T00:03:48.185Z
2026-08-29T14:00:00Z,FA Trophy,Newcastle Town,Bourne Town,Over/Under Goals,Over 1.5,1.24,0.8525,0-3,WON,2026-08-26T00:03:47.844Z
2026-08-29T14:00:00Z,League Two,Elgin City,Stirling Albion,Over/Under Goals,Under 3.5,1.61,0.5961,4-0,LOST,2026-08-26T00:03:48.422Z
2026-08-29T14:00:00Z,Premier League,BDF XI,Nico United,Over/Under Goals,Under 2.5,1.49,0.7409,1-3,LOST,2026-08-26T00:03:47.216Z
2026-08-29T14:00:00Z,Premiership,Celtic,Falkirk,Over/Under Goals,Under 3.5,1.86,0.8419,2-1,WON,2026-08-26T00:03:46.043Z
2026-08-29T14:00:00Z,Premiership,Glentoran,Crusaders FC,Over/Under Goals,Under 3.5,1.67,0.6144,1-2,WON,2026-08-26T00:03:45.826Z
2026-08-29T14:30:00Z,1st League - FBiH,Budućnost Banovići,Sloboda Tuzla,Over/Under Goals,Under 3.5,1.23,0.7575,3-2,LOST,2026-08-26T00:03:44.824Z
2026-08-29T14:30:00Z,1st League - FBiH,Vitez,Jedinstvo Bihać,Over/Under Goals,Over 1.5,1.31,0.8642,1-1,WON,2026-08-26T00:03:44.889Z
2026-08-29T14:30:00Z,1st League - FBiH,Zvijezda Gradačac,Radnik Hadžići,Over/Under Goals,Under 3.5,1.24,0.8376,2-0,WON,2026-08-26T00:03:44.856Z
2026-08-29T14:30:00Z,1st League - FBiH,Čapljina,Bratstvo Gračanica,Over/Under Goals,Over 1.5,1.34,0.7962,2-1,WON,2026-08-26T00:03:45.064Z
2026-08-29T14:30:00Z,3. Liga,Hoffenheim II,SSV Jahn Regensburg,Over/Under Goals,Under 3.5,1.64,0.4379,5-1,LOST,2026-08-26T00:03:45.121Z
2026-08-29T14:30:00Z,Girabola,Interclube,Fc Luanda,Over/Under Goals,Under 3.5,1.22,0.9549,2-1,WON,2026-08-26T00:03:44.906Z
2026-08-29T14:30:00Z,Superliga,Gjilani,Dukagjini,Over/Under Goals,Under 3.5,1.2,0.6000,2-2,LOST,2026-08-28T00:04:08.646Z
2026-08-29T15:00:00Z,2. SNL,Bistrica,Dren Vrhnika,Over/Under Goals,Over 1.5,1.28,0.8593,2-0,WON,2026-08-26T00:03:44.237Z
2026-08-29T15:00:00Z,2. SNL,Jesenice,Beltinci,Over/Under Goals,Under 3.5,1.42,0.7149,3-1,LOST,2026-08-26T00:03:44.136Z
2026-08-29T15:00:00Z,First League,Struga,Bregalnica Štip,Over/Under Goals,Over 1.5,1.22,0.8385,4-0,WON,2026-08-26T00:03:43.717Z
2026-08-29T15:00:00Z,First League,Tikveš,Vardar Skopje,Over/Under Goals,Under 3.5,1.34,0.5262,1-1,WON,2026-08-26T00:03:44.494Z
2026-08-29T15:00:00Z,Liga MX U21,Club America U21,Puebla U21,Over/Under Goals,Under 3.5,1.28,0.7850,1-1,WON,2026-08-26T00:03:43.747Z
2026-08-29T15:00:00Z,Premijer Liga,BSK Banja Luka,Sloga Doboj,Over/Under Goals,Under 3.5,1.3,0.9466,0-1,WON,2026-08-26T00:03:43.820Z
2026-08-29T15:00:00Z,Premijer Liga,FK Sarajevo,Zrinjski,Over/Under Goals,Under 3.5,1.19,0.5644,0-1,WON,2026-08-26T00:03:44.460Z
2026-08-29T15:00:00Z,Primera División Femenina,Eibar W,Espanyol W,Over/Under Goals,Under 2.5,1.5,0.7371,1-0,WON,2026-08-26T00:03:44.158Z
2026-08-29T15:00:00Z,Second League,Makedonija GP,Pelister,Over/Under Goals,Under 3.5,1.33,0.8449,0-1,WON,2026-08-26T00:03:44.360Z
2026-08-29T15:00:00Z,Second League,Nesebar,Yantra 2019,Asian Handicap,Home +0,2.76,0.8314,1-1,VOID,2026-08-26T00:03:44.521Z
2026-08-29T15:15:00Z,Ligue 1,Strasbourg,Lens,Over/Under Goals,Over 2.5,1.73,0.8560,2-1,WON,2026-08-26T00:03:43.576Z
2026-08-29T15:30:00Z,1st Division,Cape Town City,Leicesterfield,1X2 / Match Winner,Home,1.55,0.6900,1-1,LOST,2026-08-26T00:03:43.467Z
2026-08-29T15:30:00Z,Ekstraklasa,Wisla Krakow,Wieczysta Kraków,Over/Under Goals,Over 2.5,1.61,0.7854,2-0,LOST,2026-08-26T00:03:42.888Z
2026-08-29T15:30:00Z,First NL,Hrvace,Jadran LP,Over/Under Goals,Under 3.5,1.3,0.8525,1-4,LOST,2026-08-26T00:03:43.448Z
2026-08-29T15:30:00Z,Kansallinen Liiga,KuPS W,IF Gnistan,Over/Under Goals,Under 3.5,2.1,0.6382,2-0,WON,2026-08-26T00:03:43.128Z
2026-08-29T15:30:00Z,Ligue 1,CS Hammam-Lif,Club Athlétique Bizertin,Over/Under Goals,Under 2.5,1.43,0.8495,0-1,WON,2026-08-26T00:03:42.846Z
2026-08-29T15:30:00Z,Ligue 1,CS Sfaxien,ES Zarzis,Over/Under Goals,Under 2.5,1.43,0.6877,2-1,LOST,2026-08-26T00:03:43.482Z
2026-08-29T15:30:00Z,Ligue 1,Jeunesse Sportive Omrane,ES Tunis,Over/Under Goals,Under 3.5,1.24,0.8062,3-1,LOST,2026-08-26T00:03:43.509Z
2026-08-29T15:30:00Z,Ligue 1,US Monastirienne,Stade Tunisien,Over/Under Goals,Under 2.5,1.34,0.8569,2-1,LOST,2026-08-26T00:03:43.251Z
2026-08-29T15:30:00Z,Ligue 1,Étoile du Sahel,ES Metlaoui,Over/Under Goals,Under 2.5,1.56,0.5800,2-1,LOST,2026-08-26T00:03:43.495Z
2026-08-29T15:30:00Z,Second NL,Dugo Selo,Uskok Klis,Over/Under Goals,Over 1.5,1.22,0.9096,1-0,LOST,2026-08-26T00:03:43.418Z
2026-08-29T15:30:00Z,Second NL,Hrvatski Dragovoljac,Lucko,Over/Under Goals,Under 3.5,1.36,0.9370,0-3,WON,2026-08-26T00:03:43.538Z
2026-08-29T15:30:00Z,Second NL,Jarun,Zagora,Over/Under Goals,Under 3.5,1.37,0.7225,4-4,LOST,2026-08-26T00:03:43.524Z
2026-08-29T15:30:00Z,Second NL,Koprivnica,Slavonija Požega,1X2 / Match Winner,Home,1.53,0.6301,2-2,LOST,2026-08-26T00:03:42.922Z
2026-08-29T15:30:00Z,Second NL,Varteks Varaždin,Grobničan Čavle,Over/Under Goals,Over 1.5,1.2,0.8223,1-0,LOST,2026-08-26T00:03:43.315Z
2026-08-29T15:45:00Z,Iraqi League,Diyala,Al-jolan Sc,Over/Under Goals,Under 2.5,1.5,0.7203,3-3,LOST,2026-08-26T00:03:42.793Z
2026-08-29T16:00:00Z,Premier League,A'Ali,Manama,Over/Under Goals,Under 3.5,1.24,0.8980,1-1,WON,2026-08-26T00:03:42.163Z
2026-08-29T16:00:00Z,Regionalliga - South,Donau Klagenfurt,Velden,Over/Under Goals,Under 3.5,1.62,0.8093,2-3,LOST,2026-08-26T00:03:41.904Z
2026-08-29T16:00:00Z,Segunda División,Uruguay Montevideo,La Luz,Over/Under Goals,Under 2.5,1.54,0.7766,0-0,WON,2026-08-28T00:04:08.583Z
2026-08-29T16:00:00Z,Serie A Cup Women,Juventus W,Como W,Over/Under Goals,Under 3.5,1.43,0.9115,1-0,WON,2026-08-26T00:03:42.239Z
2026-08-29T16:00:00Z,Super League,Lausanne,FC Zurich,Over/Under Goals,Under 3.5,1.6,0.5190,2-3,LOST,2026-08-26T00:03:42.124Z
2026-08-29T16:00:00Z,Super League,Servette FC,FC Luzern,Over/Under Goals,Under 3.5,1.73,0.7062,1-1,WON,2026-08-26T00:03:41.976Z
2026-08-29T16:00:00Z,Taça de Portugal,Atlético Malveira,Mafra,Over/Under Goals,Under 3.5,1.3,0.6072,2-2,LOST,2026-08-26T00:03:42.314Z
2026-08-29T16:00:00Z,Taça de Portugal,Fátima,Benfica Castelo Branco,Over/Under Goals,Under 3.5,1.23,0.6931,3-1,LOST,2026-08-26T00:03:42.146Z
2026-08-29T16:00:00Z,Taça de Portugal,Varzim,Trofense,Over/Under Goals,Under 3.5,1.2,0.8866,5-1,LOST,2026-08-26T00:03:42.644Z
2026-08-29T16:00:00Z,Tweede Divisie,De Treffers,Rijnsburgse Boys,Over/Under Goals,Over 1.5,1.22,0.9443,1-1,WON,2026-08-26T00:03:42.556Z
2026-08-29T16:30:00Z,Bundesliga,Borussia Dortmund,Hamburger SV,Over/Under Goals,Under 3.5,1.71,0.5682,2-0,WON,2026-08-26T00:03:41.707Z
2026-08-29T16:30:00Z,League One,Ross County,East Kilbride,Over/Under Goals,Over 2.5,1.7,0.7534,4-0,WON,2026-08-26T00:03:41.435Z
2026-08-29T16:30:00Z,Premier League,Hamrun Spartans,Floriana,Over/Under Goals,Over 1.5,1.41,0.7857,1-1,WON,2026-08-26T00:03:41.591Z
2026-08-29T16:30:00Z,Premier League,Tottenham,Newcastle United,Over/Under Goals,Under 3.5,1.51,0.7025,0-2,WON,2026-08-26T00:03:41.375Z
2026-08-29T17:00:00Z,Liga MX U21,Santos Laguna U21,Tigres UANL U21,Over/Under Goals,Under 3.5,1.5,0.7390,1-0,WON,2026-08-26T00:03:40.754Z
2026-08-29T17:00:00Z,Liga Premier Serie A,Mineros de Fresnillo,Real Apodaca,Over/Under Goals,Under 3.5,1.4,0.7908,0-0,WON,2026-08-26T00:03:40.839Z
2026-08-29T17:00:00Z,Ligat Ha'al,Bnei Sakhnin,Maccabi Petah Tikva,Over/Under Goals,Under 3.5,1.32,0.7662,1-2,WON,2026-08-26T00:03:41.128Z
2026-08-29T17:00:00Z,Ligat Ha'al,Hapoel Petah Tikva,Hapoel Katamon,Over/Under Goals,Under 3.5,1.22,0.8789,1-0,WON,2026-08-26T00:03:41.094Z
2026-08-29T17:00:00Z,Ligat Ha'al,Hapoel Ramat Gan,Hapoel Beer Sheva,Over/Under Goals,Over 1.5,1.27,0.8647,1-2,WON,2026-08-26T00:03:41.112Z
2026-08-29T17:00:00Z,Premier League,Lokomotiv,Dinamo Moscow,Over/Under Goals,Under 3.5,1.53,0.7276,0-1,WON,2026-08-26T00:03:40.686Z
2026-08-29T17:00:00Z,Second League,Dobrudzha,Rilski Sportist Samokov,Over/Under Goals,Over 1.5,1.32,0.8219,0-0,LOST,2026-08-26T00:03:40.959Z
2026-08-29T17:00:00Z,Second League,Ludogorets II,Hebar 1918,Asian Handicap,Away -0.5,2.81,0.7078,1-1,LOST,2026-08-26T00:03:41.249Z
2026-08-29T17:00:00Z,Second League,Pirin Blagoevgrad,Chernomorets 1919 Burgas,Asian Handicap,Away -0.5,1.85,0.6404,0-3,WON,2026-08-26T00:03:40.782Z
2026-08-29T17:00:00Z,Super Liga,Zimbru,Sheriff Tiraspol,Over/Under Goals,Over 1.5,1.28,0.9305,2-1,WON,2026-08-26T00:03:40.709Z
2026-08-29T17:00:00Z,USL Super League,Lexington W,DC Power W,Over/Under Goals,Over 1.5,1.25,0.8465,1-2,WON,2026-08-26T00:03:41.189Z
2026-08-29T17:00:00Z,Úrvalsdeild,IBV Vestmannaeyjar,Thor Akureyri,Over/Under Goals,Under 3.5,1.94,0.5010,0-1,WON,2026-08-26T00:03:41.223Z
2026-08-29T17:30:00Z,First NL,Karlovac 1919,Opatija,Over/Under Goals,Over 1.5,1.38,0.9256,2-1,WON,2026-08-26T00:03:40.648Z
2026-08-29T17:30:00Z,Ligat Ha'al,Beitar Jerusalem,Maccabi Netanya,Over/Under Goals,Under 3.5,1.78,0.7409,1-4,LOST,2026-08-26T00:03:40.626Z
2026-08-29T18:00:00Z,Carioca U20,Maricá U20,Nova Iguaçu U20,Over/Under Goals,Under 3.5,1.25,0.7253,3-0,WON,2026-08-26T00:03:40.308Z
2026-08-29T18:00:00Z,Carioca U20,Sampaio Correa FE U20,Portuguesa RJ U20,Over/Under Goals,Under 3.5,1.5,0.6869,2-1,WON,2026-08-26T00:03:40.321Z
2026-08-29T18:00:00Z,Catarinense U20,Criciuma U20,Barra SC U20,Over/Under Goals,Over 1.5,1.25,0.9278,2-1,WON,2026-08-26T00:03:40.279Z
2026-08-29T18:00:00Z,First League,Petrovac,Mornar,Over/Under Goals,Under 2.5,1.5,0.5152,1-1,WON,2026-08-26T00:03:39.683Z
2026-08-29T18:00:00Z,Iraqi League,Al Zawra'a,Zakho,Asian Handicap,Home +0.5,1.19,0.8552,4-0,WON,2026-08-26T00:03:40.366Z
2026-08-29T18:00:00Z,Pro League,Al-Fateh,Al-Ittihad FC,Over/Under Goals,Under 3.5,1.61,0.8191,0-0,WON,2026-08-26T00:03:39.738Z
2026-08-29T18:30:00Z,Cearense - 3,Calouros Do Ar,Esporte Limoeiro,Over/Under Goals,Under 3.5,1.29,0.7761,1-2,WON,2026-08-26T00:03:39.250Z
2026-08-29T18:30:00Z,Primera Nacional,Midland,Nueva Chicago,1X2 / Match Winner,Home,1.84,0.7509,2-0,WON,2026-08-26T00:03:39.297Z
2026-08-29T18:30:00Z,Super Lig,Galatasaray,Göztepe,Over/Under Goals,Under 3.5,1.5,0.6900,3-2,LOST,2026-08-26T00:03:39.556Z
2026-08-29T18:45:00Z,Jupiler Pro League,Cercle Brugge,Lommel United,Over/Under Goals,Under 3.5,1.67,0.7355,0-1,WON,2026-08-26T00:03:39.048Z
2026-08-29T18:45:00Z,Ligue 1,Auxerre,Angers,Over/Under Goals,Over 2.5,2.12,0.7999,1-3,WON,2026-08-26T00:03:39.152Z
2026-08-29T18:45:00Z,Serie A,Juventus,Parma,Over/Under Goals,Under 3.5,1.5,0.9340,2-0,WON,2026-08-26T00:03:39.088Z
2026-08-29T19:00:00Z,Eredivisie,PEC Zwolle,NEC Nijmegen,Over/Under Goals,Under 3.5,1.8,0.5413,1-3,LOST,2026-08-26T00:03:38.507Z
2026-08-29T19:00:00Z,Liga de Ascenso,Cariari Pococi,Guadalupe FC,Asian Handicap,Home +0,2.06,0.6072,3-3,VOID,2026-08-26T00:03:38.794Z
2026-08-29T19:00:00Z,Premier League,Balzan FC,Gzira United,Over/Under Goals,Over 1.5,1.36,0.8770,2-1,WON,2026-08-26T00:03:38.720Z
2026-08-29T19:00:00Z,Primera B,Real Soacha,Patriotas,Over/Under Goals,Over 1.5,1.5,0.8656,4-1,WON,2026-08-26T00:03:38.772Z
2026-08-29T19:00:00Z,Primera División Femenina,Madrid CFF W,Granada,Over/Under Goals,Under 3.5,1.33,0.7266,3-1,LOST,2026-08-26T00:03:38.872Z
2026-08-29T19:00:00Z,Primera Nacional,Atletico DE Rafaela,Tristan Suarez,Asian Handicap,Away -0.5,3.3,0.6636,2-1,LOST,2026-08-26T00:03:38.852Z
2026-08-29T19:00:00Z,Segunda División,Sportivo Huracan,Cerrito,Over/Under Goals,Under 3.5,1.23,0.8191,2-1,WON,2026-08-28T00:04:08.542Z
2026-08-29T19:30:00Z,Segunda División,Real San Joaquín,Deportes Rengo,Over/Under Goals,Over 1.5,1.2,0.8015,2-5,WON,2026-08-26T00:03:38.463Z
2026-08-29T20:00:00Z,Liga Femenina,Orsomarso W,América de Cali W,Over/Under Goals,Over 1.5,1.41,0.8734,0-2,WON,2026-08-26T00:03:37.900Z
2026-08-29T20:00:00Z,Segunda División,Aragua FC,Dinamo de Puerto La Cruz,Over/Under Goals,Under 2.5,1.49,0.8238,2-0,WON,2026-08-26T00:03:38.126Z
2026-08-29T20:00:00Z,Segunda División,Concón National,Linares Unido,Over/Under Goals,Under 3.5,1.32,0.5628,3-1,LOST,2026-08-26T00:03:38.314Z
2026-08-29T20:00:00Z,Segunda División,Provincial Osorno,Trasandino,Over/Under Goals,Over 1.5,1.33,0.7995,2-2,WON,2026-08-26T00:03:38.277Z
2026-08-29T20:30:00Z,Liga Pro Serie B,Gualaceo SC,El Nacional,Over/Under Goals,Under 3.5,1.23,0.7208,3-0,WON,2026-08-26T00:03:37.761Z
2026-08-29T20:30:00Z,Major League Soccer,Seattle Sounders,Chicago Fire,Over/Under Goals,Over 1.5,1.19,0.8169,2-2,WON,2026-08-26T00:03:37.850Z
2026-08-29T21:00:00Z,Canadian Premier League,Cavalry FC,Vancouver FC,Over/Under Goals,Under 3.5,1.5,0.7325,1-0,WON,2026-08-26T00:03:37.673Z
2026-08-29T21:00:00Z,Liga Nacional,Guastatoya,Marquense,Over/Under Goals,Over 1.5,1.28,0.9023,1-2,WON,2026-08-26T00:03:37.721Z
2026-08-29T21:30:00Z,Division Profesional - Clausura,Deportivo Recoleta,Olimpia,Over/Under Goals,Under 3.5,1.52,0.5542,1-2,WON,2026-08-26T00:03:37.488Z
2026-08-29T21:30:00Z,Serie B,Botafogo SP,Cuiaba,Over/Under Goals,Over 1.5,1.6,0.7917,1-2,WON,2026-08-26T00:03:37.447Z
2026-08-29T22:00:00Z,Liga Femenina,Deportivo Cali W,Santa Fe W,Over/Under Goals,Over 1.5,1.35,0.8922,3-0,WON,2026-08-26T00:03:37.262Z
2026-08-29T22:00:00Z,Liga de Expansión MX,Tlaxcala,Venados FC,Over/Under Goals,Over 2.5,1.71,0.7626,3-1,WON,2026-08-26T00:03:37.328Z
2026-08-29T22:00:00Z,Segunda División,Paysandu,Atenas,Over/Under Goals,Under 3.5,1.25,0.8864,2-0,WON,2026-08-28T00:04:08.497Z
2026-08-29T22:30:00Z,NWSL Women,Kansas City W,North Carolina Courage W,Over/Under Goals,Over 2.5,1.61,0.7917,3-2,WON,2026-08-26T00:03:37.204Z
2026-08-29T22:30:00Z,Primera B,Real Cartagena,Tigres FC,Over/Under Goals,Under 3.5,1.4,0.8185,0-3,WON,2026-08-26T00:03:37.227Z
2026-08-29T23:00:00Z,MLS Next Pro,Chattanooga,Carolina Core,Over/Under Goals,Under 3.5,1.53,0.5342,5-2,LOST,2026-08-26T00:03:37.023Z
2026-08-29T23:00:00Z,USL League One,Chattanooga Red Wolves,Boise,Over/Under Goals,Over 2.5,1.7,0.8741,2-3,WON,2026-08-26T00:03:36.954Z
2026-08-29T23:00:00Z,USL League One,Greenville Triumph,Naples,Over/Under Goals,Over 2.5,1.68,0.7677,4-0,WON,2026-08-26T00:03:36.976Z
2026-08-29T23:00:00Z,USL League One,Portland Hearts of Pine,Fort Wayne,Over/Under Goals,Over 1.5,1.2,0.8191,1-4,WON,2026-08-26T00:03:37.112Z
2026-08-29T23:00:00Z,USL League One,Westchester SC,Spokane Velocity,Over/Under Goals,Over 2.5,1.65,0.7748,1-3,WON,2026-08-26T00:03:36.995Z
2026-08-29T23:00:00Z,USL Super League,Carolina Ascent W,Tampa Bay Sun W,Over/Under Goals,Under 3.5,1.45,0.6705,1-2,WON,2026-08-26T00:03:37.166Z
2026-08-29T23:00:00Z,USL Super League,Sporting JAX W,Dallas Trinity W,Over/Under Goals,Under 3.5,1.4,0.7355,2-0,WON,2026-08-26T00:03:37.183Z
2026-08-29T23:30:00Z,Major League Soccer,Atlanta United FC,Charlotte,Over/Under Goals,Under 3.5,1.57,0.4834,0-2,WON,2026-08-26T00:03:36.482Z
2026-08-29T23:30:00Z,Major League Soccer,Columbus Crew,New England Revolution,Over/Under Goals,Under 3.5,1.52,0.4460,1-3,LOST,2026-08-26T00:03:36.508Z
2026-08-29T23:30:00Z,Major League Soccer,DC United,Los Angeles FC,Over/Under Goals,Under 3.5,1.51,0.5164,0-0,WON,2026-08-26T00:03:36.419Z
2026-08-29T23:30:00Z,Major League Soccer,Inter Miami,CF Montreal,Over/Under Goals,Under 3.5,2.23,0.6555,7-1,LOST,2026-08-26T00:03:36.595Z
2026-08-30T00:00:00Z,Liga de Ascenso,Municipal Grecia,AD Sarchí,Over/Under Goals,Over 1.5,1.29,0.9276,1-0,LOST,2026-08-27T00:03:42.324Z
2026-08-30T00:30:00Z,Major League Soccer,Houston Dynamo,San Jose Earthquakes,Over/Under Goals,Under 3.5,1.7,0.7274,0-0,WON,2026-08-27T00:03:42.180Z
2026-08-30T00:30:00Z,Major League Soccer,Minnesota United FC,Orlando City SC,Over/Under Goals,Under 3.5,1.8,0.4348,3-3,LOST,2026-08-27T00:03:42.090Z
2026-08-30T00:30:00Z,Major League Soccer,Nashville SC,FC Cincinnati,Over/Under Goals,Under 3.5,1.69,0.4760,4-0,LOST,2026-08-27T00:03:41.998Z
2026-08-30T00:30:00Z,Major League Soccer,Sporting Kansas City,Vancouver Whitecaps,Over/Under Goals,Under 3.5,1.84,0.8741,0-3,WON,2026-08-27T00:03:42.032Z
2026-08-30T00:45:00Z,NWSL Women,Denver Summit W,Chicago Red Stars W,Over/Under Goals,Under 3.5,1.64,0.8952,6-1,LOST,2026-08-27T00:03:41.973Z
2026-08-30T01:00:00Z,Liga de Expansión MX,Mineros de Zacatecas,CDS Tampico Madero,Over/Under Goals,Over 2.5,1.83,0.8129,2-0,LOST,2026-08-27T00:03:41.834Z
2026-08-30T01:00:00Z,Primera Division,Matagalpa,Rancho Santana,Over/Under Goals,Under 3.5,1.5,0.7897,0-1,WON,2026-08-27T00:03:41.945Z
2026-08-30T01:00:00Z,USL Championship,El Paso Locomotive,Loudoun United,Over/Under Goals,Under 3.5,1.56,0.9715,4-1,LOST,2026-08-27T00:03:41.898Z
2026-08-30T01:05:00Z,Liga MX,Club America,Puebla,Over/Under Goals,Over 2.5,1.63,0.7773,2-0,LOST,2026-08-27T00:03:41.795Z
2026-08-30T01:30:00Z,Liga Panameña de Fútbol,San Francisco FC,Plaza Amador,Over/Under Goals,Over 1.5,1.28,0.9651,4-1,WON,2026-08-27T00:03:41.700Z
2026-08-30T01:30:00Z,Primera A,Alianza Petrolera,Atletico Nacional,Over/Under Goals,Under 3.5,1.25,0.8413,1-5,LOST,2026-08-27T00:03:41.655Z
2026-08-30T02:30:00Z,Major League Soccer,San Diego,Los Angeles Galaxy,Over/Under Goals,Under 3.5,1.79,0.7619,3-1,LOST,2026-08-27T00:03:41.535Z
2026-08-30T03:10:00Z,Liga MX Femenil,Juárez W,Cruz Azul W,Over/Under Goals,Over 1.5,1.25,0.9518,1-0,LOST,2026-08-27T00:03:41.325Z
2026-08-30T04:00:00Z,Northern NSW NPL,Wallsend Red Devils,Newcastle Croatia FC,BTTS,Yes,1.4,0.9588,2-3,WON,2026-08-27T00:03:41.255Z
