date_utc,league,home,away,market,pick,price_at_publish,model_probability,result,grade,snapshot_frozen_at
2026-03-01T00:00:00+00:00,Primera Division,Sport Boys,UCV Moquegua,Over/Under Goals,Under 3.5,1.25,,,WON,
2026-03-01T00:30:00+00:00,Major League Soccer,Real Salt Lake,Seattle Sounders,Over/Under Goals,Under 3.5,1.38,,,WON,
2026-03-01T00:30:00+00:00,Major League Soccer,San Jose Earthquakes,Atlanta United FC,Asian Handicap,Home +0,1.48,,,WON,
2026-03-01T01:05:00+00:00,Liga MX,Monterrey,Cruz Azul,Over/Under Goals,Under 3.5,1.38,,,WON,
2026-03-01T01:06:00+00:00,Liga MX,Leon,Necaxa,Over/Under Goals,Over 1.5,1.25,,,WON,
2026-03-01T01:15:00+00:00,Primera Division,Talleres Cordoba,San Lorenzo,Double Chance,Home/Draw,1.22,,,WON,
2026-03-01T01:30:00+00:00,Major League Soccer,FC Dallas,Nashville SC,Asian Handicap,Away -0.5,1.48,,,WON,
2026-03-01T01:30:00+00:00,Major League Soccer,Houston Dynamo,Los Angeles FC,Team Total Goals,Over 0.5,1.18,,,WON,
2026-03-01T01:30:00+00:00,Major League Soccer,Sporting Kansas City,Columbus Crew,Over/Under Goals,Under 3.5,1.65,,,LOST,
2026-03-01T01:30:00+00:00,Primera A,Independiente Medellin,Bucaramanga,Over/Under Goals,Under 3.5,1.15,,,WON,
2026-03-01T02:00:00+00:00,A-League,Wellington Phoenix,Sydney,Over/Under Goals,Under 3.5,1.55,,,WON,
2026-03-01T02:30:00+00:00,Major League Soccer,Vancouver Whitecaps,Toronto FC,Double Chance,Home/Draw,1.15,,,WON,
2026-03-01T03:10:00+00:00,Liga MX,Club America,Tigres UANL,Over/Under Goals,Under 3.5,1.25,,,LOST,
2026-03-01T03:30:00+00:00,Major League Soccer,Los Angeles Galaxy,Charlotte,Asian Handicap,Home +0,1.5,,,WON,
2026-03-01T06:00:00+00:00,Northern NSW NPL,Belmont Swansea,Cooks Hill United,Double Chance,Home/Draw,1.4,,,WON,
2026-03-01T06:00:00+00:00,Northern NSW NPL,Charlestown City Blues,Hamilton Olympic,Team Total Goals,Over 0.5,1.19,,,WON,
2026-03-01T07:00:00+00:00,Queensland NPL,Eastern Suburbs,Brisbane Roar II,Over/Under Goals,Under 3.5,1.67,,,LOST,
2026-03-01T07:30:00+00:00,K League 2,Gyeongnam FC,Jeonnam Dragons,Over/Under Goals,Under 3.5,1.33,,,LOST,
2026-03-01T07:30:00+00:00,K-League Classic,Jeju United FC,Gwangju FC,Over/Under Goals,Under 3.5,1.25,,,WON,
2026-03-01T08:00:00+00:00,First League,Enisey,Volga Ulyanovsk,Over/Under Goals,Under 3.5,1.16,,,WON,
2026-03-01T09:15:00+00:00,Liga II,Chindia Targoviste,Bihor Oradea,Over/Under Goals,Under 3.5,1.24,,,WON,
2026-03-01T09:30:00+00:00,Erste Liga,SV Kapfenberg,Sturm Graz II,Over/Under Goals,Under 3.5,1.5,,,WON,
2026-03-01T10:00:00+00:00,Premier League,Dynamo,Krylia Sovetov,Over/Under Goals,Under 3.5,1.61,,,LOST,
2026-03-01T10:30:00+00:00,TFF 1. Lig,Serik Spor,Sivasspor,Over/Under Goals,Over 1.5,1.2,,,LOST,
2026-03-01T11:00:00+00:00,Premier League,Kryvbas KR,Zorya Luhansk,Asian Handicap,Home +0.25,1.49,,,WON,
2026-03-01T11:00:00+00:00,Segunda División RFEF - Group 5,Conquense,Las Palmas II,Over/Under Goals,Under 3.5,1.17,,,WON,
2026-03-01T11:00:00+00:00,Segunda División RFEF - Group 5,Navalcarnero,Real Madrid III,Over/Under Goals,Under 2.5,1.67,,,WON,
2026-03-01T11:00:00+00:00,Segunda División RFEF - Group 5,RSD Alcalá,Socuéllamos,Over/Under Goals,Under 3.5,1.18,,,LOST,
2026-03-01T11:00:00+00:00,Segunda División RFEF - Group 5,Rayo Vallecano II,Tenerife II,Over/Under Goals,Under 3.5,1.29,,,LOST,
2026-03-01T11:15:00+00:00,Ekstraklasa,Nieciecza,Radomiak Radom,Over/Under Goals,Under 3.5,1.48,,,WON,
2026-03-01T11:15:00+00:00,Eredivisie,PEC Zwolle,Ajax,Over/Under Goals,Over 1.5,1.17,,,LOST,
2026-03-01T11:30:00+00:00,Serie A,Cremonese,AC Milan,Over/Under Goals,Under 2.5,1.9,,,WON,
2026-03-01T11:30:00+00:00,Serie C - Girone C,Potenza,Benevento,Over/Under Goals,Under 3.5,1.33,,,WON,
2026-03-01T11:30:00+00:00,Serie C - Girone C,Siracusa,Casertana,Over/Under Goals,Under 3.5,1.17,,,LOST,
2026-03-01T12:00:00+00:00,Czech Liga,Karviná,Slovácko,Over/Under Goals,Under 3.5,1.33,,,WON,
2026-03-01T12:00:00+00:00,Premiership,Rangers,Celtic,Over/Under Goals,Over 1.5,1.22,,,WON,
2026-03-01T12:00:00+00:00,Prva Liga,Dubočica,Stepojevac Vaga,Asian Handicap,Home +0.25,1.16,,,WON,
2026-03-01T12:00:00+00:00,Prva Liga,FAP,Tekstilac Odžaci,Over/Under Goals,Under 3.5,1.15,,,WON,
2026-03-01T12:00:00+00:00,Prva Liga,Semendrija 1924,Kabel Novi Sad,Over/Under Goals,Under 2.5,1.44,,,LOST,
2026-03-01T12:00:00+00:00,Super Liga,Radnicki NIS,Javor,Over/Under Goals,Under 2.5,1.7,,,WON,
2026-03-01T12:15:00+00:00,A Lyga,Suduva Marijampole,Šiauliai,Double Chance,Home/Draw,1.15,,,WON,
2026-03-01T12:30:00+00:00,3. Liga,Waldhof Mannheim,Alemannia Aachen,Double Chance,Draw/Away,1.62,,,LOST,
2026-03-01T12:30:00+00:00,Bundesliga 2,1. FC Magdeburg,Karlsruher SC,Team Total Goals,Over 0.5,1.28,,,WON,
2026-03-01T12:30:00+00:00,Bundesliga 2,Eintracht Braunschweig,Preußen Münster,Double Chance,Draw/Away,1.6,,,WON,
2026-03-01T12:30:00+00:00,Bundesliga 2,Hertha BSC,1. FC Nürnberg,Over/Under Goals,Over 1.5,1.2,,,WON,
2026-03-01T12:30:00+00:00,First League,Chernomorets,Torpedo Moskva,Over/Under Goals,Under 3.5,1.16,,,WON,
2026-03-01T12:30:00+00:00,Jupiler Pro League,Genk,Gent,Over/Under Goals,Over 1.5,1.2,,,WON,
2026-03-01T12:45:00+00:00,Primera División - Apertura,Liverpool Montevideo,Cerro Largo,Over/Under Goals,Under 3.5,1.18,,,WON,
2026-03-01T13:00:00+00:00,First League,Chayka,Ska-khabarovsk,Over/Under Goals,Under 3.5,1.15,,,LOST,
2026-03-01T13:00:00+00:00,La Liga,Elche,Espanyol,Over/Under Goals,Over 1.5,1.33,,,WON,
2026-03-01T13:00:00+00:00,Segunda Division,Real Sociedad II,Deportivo La Coruna,Over/Under Goals,Under 3.5,1.25,,,LOST,
2026-03-01T13:00:00+00:00,Super League,Lausanne,FC Basel 1893,Over/Under Goals,Over 1.5,1.17,,,WON,
2026-03-01T13:00:00+00:00,Super Lig,Gençlerbirliği S.K.,Kayserispor,Asian Handicap,Home +0,1.53,,,WON,
2026-03-01T13:00:00+00:00,TFF 1. Lig,Ümraniyespor,Bandırmaspor,Over/Under Goals,Over 1.5,1.22,,,WON,
2026-03-01T13:30:00+00:00,Eredivisie,FC Volendam,Groningen,Over/Under Goals,Under 3.5,1.44,,,LOST,
2026-03-01T13:30:00+00:00,Eredivisie,Twente,Feyenoord,Over/Under Goals,Under 3.5,1.5,,,WON,
2026-03-01T13:30:00+00:00,Liga 1,Dewa United,Bhayangkara FC,Asian Handicap,Home +0.25,1.15,,,LOST,
2026-03-01T13:30:00+00:00,Liga 1,Persis Solo,Persik Kediri,Over/Under Goals,Over 1.5,1.17,,,WON,
2026-03-01T13:30:00+00:00,Premier League,Obolon'-Brovar,Ruh Lviv,Asian Handicap,Home +0.25,1.52,,,WON,
2026-03-01T13:30:00+00:00,Serie C - Girone B,Bra,Pianese,1X2 / Match Winner,Draw,3.1,,,WON,
2026-03-01T13:30:00+00:00,Serie C - Girone B,Vis Pesaro,Pontedera,Over/Under Goals,Under 3.5,1.22,,,WON,
2026-03-01T13:30:00+00:00,Serie C - Girone C,Cosenza,Sorrento,Over/Under Goals,Under 2.5,1.75,,,LOST,
2026-03-01T13:30:00+00:00,Serie C - Girone C,Giugliano,Latina,Over/Under Goals,Under 3.5,1.17,,,WON,
2026-03-01T13:30:00+00:00,Serie C - Girone C,SS Monopoli,Crotone,Over/Under Goals,Under 3.5,1.18,,,WON,
2026-03-01T13:30:00+00:00,Serie C - Girone C,Salernitana,Catania,Double Chance,Home/Draw,1.4,,,WON,
2026-03-01T13:45:00+00:00,Ekstraklasa,Jagiellonia,Legia Warszawa,Asian Handicap,Home +0.25,1.45,,,WON,
2026-03-01T13:45:00+00:00,Liga I,Petrolul Ploiesti,Csikszereda,Over/Under Goals,Under 3.5,1.16,,,WON,
2026-03-01T14:00:00+00:00,1. Division,Akritas,Krasava Ypsonas,Over/Under Goals,Under 3.5,1.2,,,LOST,
2026-03-01T14:00:00+00:00,Ligue 1,Paris FC,Nice,Over/Under Goals,Under 3.5,1.33,,,WON,
2026-03-01T14:00:00+00:00,Premier League,Brighton,Nottingham Forest,Over/Under Goals,Under 3.5,1.36,,,WON,
2026-03-01T14:00:00+00:00,Premier League,Fulham,Tottenham,Asian Handicap,Home +0,1.55,,,WON,
2026-03-01T14:00:00+00:00,Premier League,Manchester United,Crystal Palace,Over/Under Goals,Over 1.5,1.2,,,WON,
2026-03-01T14:00:00+00:00,Prva HNL,HNK Rijeka,NK Lokomotiva Zagreb,Over/Under Goals,Under 3.5,1.33,,,WON,
2026-03-01T14:00:00+00:00,Serie A,Sassuolo,Atalanta,Over/Under Goals,Under 3.5,1.33,,,WON,
2026-03-01T14:00:00+00:00,Serie B,Catanzaro,Frosinone,Over/Under Goals,Under 3.5,1.4,,,LOST,
2026-03-01T14:00:00+00:00,Serie B,Pescara,Palermo,Over/Under Goals,Under 3.5,1.38,,,WON,
2026-03-01T14:00:00+00:00,Super League 1,Panserraikos,Olympiakos Piraeus,Over/Under Goals,Under 3.5,1.55,,,WON,
2026-03-01T14:30:00+00:00,Bundesliga 1,VfB Stuttgart,VfL Wolfsburg,1X2 / Match Winner,Home,1.58,,,WON,
2026-03-01T14:30:00+00:00,Czech Liga,Zlin,Plzen,Over/Under Goals,Under 3.5,1.28,,,WON,
2026-03-01T14:30:00+00:00,Premier League,Haverfordwest County AFC,Flint Town United,Asian Handicap,Home +0.25,1.48,,,LOST,
2026-03-01T14:30:00+00:00,Super Liga,Napredak,FK Spartak Zdrepceva KRV,Asian Handicap,Home +0,1.65,,,WON,
2026-03-01T15:00:00+00:00,1. Division,AEK Larnaca,Olympiakos,1X2 / Match Winner,Home,1.33,,,LOST,
2026-03-01T15:00:00+00:00,A Lyga,TransINVEST Vilnius,FK Trakai,1X2 / Match Winner,Home,1.48,,,WON,
2026-03-01T15:00:00+00:00,Challenger Pro League,Lommel United,Seraing United,Over/Under Goals,Under 3.5,1.42,,,WON,
2026-03-01T15:00:00+00:00,Challenger Pro League,RWDM,AS Eupen,Over/Under Goals,Under 3.5,1.33,,,LOST,
2026-03-01T15:00:00+00:00,Jupiler Pro League,KVC Westerlo,Union St. Gilloise,Over/Under Goals,Under 3.5,1.42,,,WON,
2026-03-01T15:00:00+00:00,Primera B,Antofagasta,D. Puerto Montt,Over/Under Goals,Under 3.5,1.21,,,WON,
2026-03-01T15:00:00+00:00,Primera Division,Universidad de Concepcion,Everton de Vina,Over/Under Goals,Under 3.5,1.25,,,WON,
2026-03-01T15:15:00+00:00,First League,Levski Sofia,Lokomotiv Sofia,Result + Total Goals,Home/Over 1.5,1.53,,,WON,
2026-03-01T15:15:00+00:00,La Liga,Valencia,Osasuna,Over/Under Goals,Under 3.5,1.22,,,WON,
2026-03-01T15:15:00+00:00,NB I,Puskas Academy,Nyiregyhaza,Over/Under Goals,Over 1.5,1.3,,,WON,
2026-03-01T15:15:00+00:00,Segunda Division,Mirandes,AD Ceuta FC,Double Chance,Home/Draw,1.42,,,LOST,
2026-03-01T15:15:00+00:00,Segunda Division,Sporting Gijon,Leganes,Over/Under Goals,Under 3.5,1.22,,,WON,
2026-03-01T15:30:00+00:00,3. Liga,MSV Duisburg,Havelse,1X2 / Match Winner,Home,1.55,,,LOST,
2026-03-01T15:30:00+00:00,Primeira Liga,Tondela,Santa Clara,Over/Under Goals,Under 3.5,1.17,,,LOST,
2026-03-01T15:30:00+00:00,Super League 1,Volos NFC,AEK Athens FC,Over/Under Goals,Under 3.5,1.33,,,LOST,
2026-03-01T15:30:00+00:00,Super League,BSC Young Boys,FC Zurich,1X2 / Match Winner,Home,1.62,,,WON,
2026-03-01T15:30:00+00:00,Super League,Grasshoppers,FC Lugano,Double Chance,Home/Draw,1.7,,,WON,
2026-03-01T15:45:00+00:00,Eredivisie,Utrecht,AZ Alkmaar,Over/Under Goals,Under 3.5,1.38,,,WON,
2026-03-01T16:00:00+00:00,Liga I,Dinamo Bucuresti,Arges Pitesti,Over/Under Goals,Under 3.5,1.2,,,WON,
2026-03-01T16:00:00+00:00,Premier League,Akhmat,CSKA Moscow,Double Chance,Home/Draw,1.65,,,WON,
2026-03-01T16:00:00+00:00,Premier League,Karpaty,Kolos Kovalivka,Over/Under Goals,Under 3.5,1.16,,,WON,
2026-03-01T16:00:00+00:00,Segunda División RFEF - Group 5,CD Coria,SS Reyes,Over/Under Goals,Under 3.5,1.16,,,WON,
2026-03-01T16:00:00+00:00,Segunda División RFEF - Group 5,Quintanar del Rey,Colonia Moscardó,Over/Under Goals,Under 3.5,1.17,,,LOST,
2026-03-01T16:00:00+00:00,Super Liga,Radnicki 1923,FK Crvena Zvezda,1X2 / Match Winner,Away,1.3,,,WON,
2026-03-01T16:00:00+00:00,Superligaen,FC Copenhagen,Randers FC,Over/Under Goals,Under 3.5,1.42,,,WON,
2026-03-01T16:00:00+00:00,Superligaen,FC Fredericia,Silkeborg,Double Chance,Home/Draw,1.48,,,WON,
2026-03-01T16:00:00+00:00,Superligaen,FC Midtjylland,Brondby,1X2 / Match Winner,Home,1.57,,,LOST,
2026-03-01T16:00:00+00:00,Superligaen,Sonderjyske,Odense,Over/Under Goals,Over 1.5,1.2,,,LOST,
2026-03-01T16:00:00+00:00,Superligaen,Vejle,Aarhus,Over/Under Goals,Over 1.5,1.22,,,WON,
2026-03-01T16:00:00+00:00,Superligaen,Viborg,FC Nordsjaelland,BTTS,Yes,1.44,,,WON,
2026-03-01T16:00:00+00:00,Tipp3 Bundesliga,Austria Vienna,Lask Linz,Over/Under Goals,Over 1.5,1.33,,,WON,
2026-03-01T16:00:00+00:00,Tipp3 Bundesliga,FC BW Linz,WSG Wattens,Asian Handicap,Home +0.25,1.48,,,LOST,
2026-03-01T16:00:00+00:00,Tipp3 Bundesliga,Grazer AK,Ried,Over/Under Goals,Under 3.5,1.2,,,WON,
2026-03-01T16:00:00+00:00,Tipp3 Bundesliga,Red Bull Salzburg,TSV Hartberg,Over/Under Goals,Under 3.5,1.55,,,WON,
2026-03-01T16:00:00+00:00,Tipp3 Bundesliga,SCR Altach,Rapid Vienna,Over/Under Goals,Over 1.5,1.42,,,WON,
2026-03-01T16:00:00+00:00,Tipp3 Bundesliga,Wolfsberger AC,Sturm Graz,Over/Under Goals,Under 3.5,1.33,,,LOST,
2026-03-01T16:15:00+00:00,Ligue 1,Lille,Nantes,Over/Under Goals,Under 3.5,1.42,,,WON,
2026-03-01T16:15:00+00:00,Ligue 1,Lorient,Auxerre,Over/Under Goals,Under 3.5,1.22,,,LOST,
2026-03-01T16:15:00+00:00,Ligue 1,Metz,Stade Brestois 29,Team Total Goals,Over 0.5,1.22,,,WON,
2026-03-01T16:15:00+00:00,Prva HNL,Dinamo Zagreb,HNK Gorica,Over/Under Goals,Under 3.5,1.42,,,LOST,
2026-03-01T16:15:00+00:00,Serie B,Mantova,Carrarese,Asian Handicap,Home +0,1.67,,,WON,
2026-03-01T16:30:00+00:00,Bundesliga 1,Eintracht Frankfurt,SC Freiburg,Over/Under Goals,Over 1.5,1.25,,,WON,
2026-03-01T16:30:00+00:00,Ekstraklasa,Lech Poznan,Raków Częstochowa,Over/Under Goals,Under 3.5,1.38,,,LOST,
2026-03-01T16:30:00+00:00,Premier League,Arsenal,Chelsea,Over/Under Goals,Over 1.5,1.22,,,WON,
2026-03-01T16:30:00+00:00,Serie C - Girone B,Arezzo,Ravenna,Over/Under Goals,Under 3.5,1.22,,,WON,
2026-03-01T16:30:00+00:00,Serie C - Girone B,Guidonia Montecelio 1937,Gubbio,Asian Handicap,Home +0,1.62,,,LOST,
2026-03-01T16:30:00+00:00,Serie C - Girone B,Ternana,Campobasso FC,Double Chance,Home/Draw,1.17,,,LOST,
2026-03-01T17:00:00+00:00,1. Division,Aris,Pafos,Over/Under Goals,Under 3.5,1.4,,,LOST,
2026-03-01T17:00:00+00:00,Segunda División RFEF - Group 5,Rayo Majadahonda,Getafe II,Double Chance,Home/Draw,1.2,,,LOST,
2026-03-01T17:00:00+00:00,Serie A,Torino,Lazio,Double Chance,Home/Draw,1.42,,,WON,
2026-03-01T17:00:00+00:00,Super League 1,PAOK,Asteras Tripolis,Over/Under Goals,Under 3.5,1.45,,,WON,
2026-03-01T17:00:00+00:00,Super Lig,Antalyaspor,Fenerbahçe,Over/Under Goals,Under 3.5,1.42,,,LOST,
2026-03-01T17:00:00+00:00,Super Lig,Samsunspor,Gaziantep FK,Over/Under Goals,Under 3.5,1.33,,,WON,
2026-03-01T17:00:00+00:00,TFF 1. Lig,Sakaryaspor,Sarıyer,Over/Under Goals,Under 3.5,1.36,,,WON,
2026-03-01T17:30:00+00:00,Czech Liga,Sigma Olomouc,Bohemians 1905,Over/Under Goals,Under 3.5,1.2,,,WON,
2026-03-01T17:30:00+00:00,Jupiler Pro League,Charleroi,Club Brugge KV,BTTS,Yes,1.62,,,WON,
2026-03-01T17:30:00+00:00,La Liga,Real Betis,Sevilla,Over/Under Goals,Under 3.5,1.3,,,LOST,
2026-03-01T17:30:00+00:00,Segunda Division,Cultural Leonesa,Las Palmas,Double Chance,Home/Draw,1.57,,,LOST,
2026-03-01T17:45:00+00:00,NB I,Ferencvarosi TC,Kazincbarcikai,1X2 / Match Winner,Home,1.19,,,WON,
2026-03-01T18:00:00+00:00,Primeira Liga,Casa Pia,Moreirense,Over/Under Goals,Over 1.5,1.5,,,WON,
2026-03-01T18:00:00+00:00,Primera Division,Comerciantes Unidos,Atletico Grau,Asian Handicap,Home +0,1.58,,,WON,
2026-03-01T18:00:00+00:00,Super League 1,Panathinaikos,Aris Thessalonikis,Double Chance,Home/Draw,1.17,,,WON,
2026-03-01T18:15:00+00:00,Jupiler Pro League,Cercle Brugge,Dender,Over/Under Goals,Over 1.5,1.25,,,LOST,
2026-03-01T18:30:00+00:00,3. Liga,FC Schweinfurt 05,FC Saarbrücken,Over/Under Goals,Under 3.5,1.45,,,LOST,
2026-03-01T18:30:00+00:00,Bundesliga 1,Hamburger SV,RB Leipzig,1X2 / Match Winner,Draw,3.9,,,LOST,
2026-03-01T19:00:00+00:00,Eredivisie,Excelsior,GO Ahead Eagles,Over/Under Goals,Under 3.5,1.44,,,WON,
2026-03-01T19:00:00+00:00,Liga I,Uta Arad,FCSB,Team Total Goals,Over 0.5,1.53,,,WON,
2026-03-01T19:00:00+00:00,Primera A,Deportivo Pasto,Cucuta,Over/Under Goals,Under 3.5,1.2,,,LOST,
2026-03-01T19:30:00+00:00,Major League Soccer,Austin,DC United,Team Total Goals,Over 0.5,1.18,,,WON,
2026-03-01T19:30:00+00:00,Premier League,Pyramids FC,Zamalek SC,Over/Under Goals,Over 1.5,1.48,,,LOST,
2026-03-01T19:45:00+00:00,Ligue 1,Marseille,Lyon,Over/Under Goals,Under 3.5,1.45,,,LOST,
2026-03-01T19:45:00+00:00,Serie A,AS Roma,Juventus,Over/Under Goals,Over 1.5,1.42,,,WON,
2026-03-01T20:00:00+00:00,Goiano - 1,Vila Nova,Atletico Goianiense,Over/Under Goals,Under 3.5,1.24,,,WON,
2026-03-01T20:00:00+00:00,La Liga,Girona,Celta Vigo,Double Chance,Home/Draw,1.42,,,LOST,
2026-03-01T20:00:00+00:00,Paraense,remo,Paysandu,Asian Handicap,Away -1.25,1.65,,,WON,
2026-03-01T20:00:00+00:00,Primera Division,Newells Old Boys,Rosario Central,Asian Handicap,Home +0.5,1.67,,,LOST,
2026-03-01T20:00:00+00:00,Segunda Division,Eibar,Cadiz,Over/Under Goals,Under 2.5,1.62,,,LOST,
2026-03-01T20:30:00+00:00,Primeira Liga,Rio Ave,Famalicao,Over/Under Goals,Under 3.5,1.3,,,WON,
2026-03-01T20:30:00+00:00,Primera Division,Juan Pablo II College,Cusco,Double Chance,Home/Draw,1.57,,,WON,
2026-03-01T21:00:00+00:00,Carioca - 1,Fluminense,Vasco DA Gama,Over/Under Goals,Under 3.5,1.2,,,WON,
2026-03-01T21:00:00+00:00,Gaúcho - 1,Gremio,Internacional,Over/Under Goals,Over 1.5,1.4,,,WON,
2026-03-01T21:00:00+00:00,Pernambucano - 1,Sport Recife,Nautico Recife,Over/Under Goals,Over 1.5,1.44,,,WON,
2026-03-01T21:00:00+00:00,Primera A,Águilas Doradas,Internacional de Bogota,Over/Under Goals,Under 3.5,1.18,,,WON,
2026-03-01T21:00:00+00:00,Primera Division,Colo Colo,Universidad de Chile,Asian Handicap,Home +0.25,1.45,,,LOST,
2026-03-01T21:30:00+00:00,Major League Soccer,Philadelphia Union,New York City FC,Team Total Goals,Over 0.5,1.17,,,WON,
2026-03-01T22:00:00+00:00,Primera B,Orsomarso,Envigado,Double Chance,Home/Draw,1.57,,,LOST,
2026-03-01T22:15:00+00:00,Primera Division,Argentinos JRS,Barracas Central,Over/Under Goals,Under 3.5,1.2,,,WON,
2026-03-01T22:15:00+00:00,Primera Division,Instituto Cordoba,Union Santa Fe,Asian Handicap,Home +0.25,1.42,,,LOST,
2026-03-01T23:00:00+00:00,Primera Division,Universitario,FC Cajamarca,1X2 / Match Winner,Home,1.18,,,WON,
2026-03-01T23:10:00+00:00,Primera A,Deportivo Cali,Fortaleza FC,Over/Under Goals,Over 1.5,1.4,,,WON,
2026-03-01T23:30:00+00:00,Paulista - A1,Palmeiras,Sao Paulo,Double Chance,Home/Draw,1.18,,,WON,
2026-03-01T23:30:00+00:00,Primera B,Deportes Temuco,Deportes Iquique,Over/Under Goals,Over 1.5,1.18,,,WON,
2026-03-01T23:30:00+00:00,Primera Division,Nublense,U. Catolica,Double Chance,Home/Draw,1.57,,,LOST,
2026-03-02T00:00:00+00:00,Major League Soccer,Orlando City SC,Inter Miami,Over/Under Goals,Over 2.5,1.45,,,WON,
2026-03-02T00:30:00+00:00,Primera Division,Defensa Y Justicia,Lanus,Over/Under Goals,Under 3.5,1.17,,,WON,
2026-03-02T00:30:00+00:00,Primera Division,Tigre,Gimnasia L.P.,Over/Under Goals,Under 3.5,1.15,,,LOST,
2026-03-02T02:15:00+00:00,Major League Soccer,San Diego,St. Louis City,1X2 / Match Winner,Home,1.67,,,WON,
2026-03-02T05:00:00+00:00,K-League Classic,Daejeon Citizen,FC Anyang,Over/Under Goals,Under 3.5,1.33,,,WON,
2026-03-02T11:00:00+00:00,Premier League,SK Poltava,Kudrivka,Team Total Goals,Under 2.5,1.22,,,WON,
2026-03-02T12:00:00+00:00,Premier League,FC Sochi,Spartak Moscow,Asian Handicap,Home +1.25,1.61,,,WON,
2026-03-02T13:30:00+00:00,Liga 1,PSM Makassar,Persita,Over/Under Goals,Under 3.5,1.22,,,LOST,
2026-03-02T13:30:00+00:00,Liga 1,Persebaya Surabaya,Persib Bandung,Over/Under Goals,Under 3.5,1.28,,,LOST,
2026-03-02T16:00:00+00:00,First League,Ludogorets,Lokomotiv Plovdiv,Over/Under Goals,Under 3.5,1.36,,,WON,
2026-03-02T16:30:00+00:00,First League,Rodina Moskva,Shinnik Yaroslavl,1X2 / Match Winner,Home,1.68,,,WON,
2026-03-02T17:00:00+00:00,1. Division,Omonia Nicosia,Apollon Limassol,Over/Under Goals,Under 3.5,1.33,,,WON,
2026-03-02T17:30:00+00:00,Liga I,Unirea Slobozia,Rapid,Over/Under Goals,Over 1.5,1.28,,,WON,
2026-03-02T17:30:00+00:00,Serie A,Pisa,Bologna,Team Total Goals,Under 2.5,1.17,,,WON,
2026-03-02T18:00:00+00:00,Ekstraklasa,Zaglebie Lubin,Wisla Plock,Over/Under Goals,Under 3.5,1.22,,,WON,
2026-03-02T19:45:00+00:00,Ligue 2,Amiens,Estac Troyes,Over/Under Goals,Under 3.5,1.3,,,WON,
2026-03-02T19:45:00+00:00,Serie A,Udinese,Fiorentina,Over/Under Goals,Under 3.5,1.28,,,WON,
2026-03-02T20:00:00+00:00,Championship,Birmingham,Middlesbrough,Over/Under Goals,Under 3.5,1.36,,,LOST,
2026-03-02T20:00:00+00:00,La Liga,Real Madrid,Getafe,Over/Under Goals,Under 3.5,1.38,,,WON,
2026-03-02T20:15:00+00:00,Primeira Liga,GIL Vicente,Benfica,Over/Under Goals,Under 3.5,1.25,,,WON,
2026-03-02T22:15:00+00:00,Primera Division,Deportivo Riestra,Platense,Over/Under Goals,Under 2.5,1.25,,,WON,
2026-03-02T22:15:00+00:00,Primera Division,Estudiantes L.P.,Velez Sarsfield,Asian Handicap,Home +0,1.48,,,LOST,
2026-03-02T23:00:00+00:00,Carioca - 1,Portuguesa RJ,Sampaio Corrêa RJ,Over/Under Goals,Over 1.5,1.42,,,WON,
2026-03-02T23:00:00+00:00,Primera División - Apertura,Deportivo Maldonado,Juventud,Over/Under Goals,Under 3.5,1.2,,,WON,
2026-03-03T00:00:00+00:00,Carioca - 1,Madureira,Flamengo,Over/Under Goals,Under 3.5,1.3,,,LOST,
2026-03-03T00:30:00+00:00,Primera Division,Banfield,Aldosivi,Over/Under Goals,Under 3.5,1.15,,,WON,
2026-03-03T00:30:00+00:00,Primera Division,Independ. Rivadavia,River Plate,Over/Under Goals,Under 3.5,1.2,,,WON,
2026-03-03T07:45:00+00:00,AFC Champions League,Melbourne City,Buriram United,Over/Under Goals,Over 1.5,1.36,,,WON,
2026-03-03T10:00:00+00:00,AFC Champions League,Gangwon FC,Machida Zelvia,Team Total Goals,Over 0.5,1.25,,,LOST,
2026-03-03T11:30:00+00:00,First League,Spartak Varna,Montana,Over/Under Goals,Under 2.5,1.65,,,WON,
2026-03-03T13:00:00+00:00,First League,Akademija Pandev,Struga,Over/Under Goals,Over 1.5,1.21,,,LOST,
2026-03-03T13:00:00+00:00,First League,Shkupi 1927,Bashkimi Kumanovo,Over/Under Goals,Under 3.5,1.62,,,WON,
2026-03-03T13:30:00+00:00,Liga 1,Persepam Madura Utd,Malut United,Over/Under Goals,Under 3.5,1.35,,,WON,
2026-03-03T13:30:00+00:00,Liga 1,Persija,Pusamania Borneo,Over/Under Goals,Under 3.5,1.28,,,LOST,
2026-03-03T14:00:00+00:00,First League,Beroe,Slavia Sofia,Over/Under Goals,Under 3.5,1.2,,,WON,
2026-03-03T14:00:00+00:00,Second NL,Dugo Selo,Uljanik,Over/Under Goals,Under 2.5,2.1,,,LOST,
2026-03-03T15:00:00+00:00,Liga Revelação U23,Famalicão U23,Santa Clara U23,Asian Handicap,Home +0,1.42,,,WON,
2026-03-03T15:00:00+00:00,Liga Revelação U23,Portimonense U23,Estrela U23,Over/Under Goals,Under 3.5,1.35,,,WON,
2026-03-03T15:00:00+00:00,Liga Revelação U23,Sporting CP U23,Leixões U23,1X2 / Match Winner,Draw,3.7,,,LOST,
2026-03-03T15:00:00+00:00,Liga Revelação U23,Torreense U23,Academico Viseu U23,Over/Under Goals,Under 3.5,1.3,,,WON,
2026-03-03T16:00:00+00:00,Liga Revelação U23,União Leiria U23,Gil Vicente U23,Over/Under Goals,Under 3.5,1.45,,,LOST,
2026-03-03T16:30:00+00:00,First League,Botev Plovdiv,Septemvri Sofia,Over/Under Goals,Under 2.5,1.95,,,WON,
2026-03-03T17:30:00+00:00,Premier Soccer League,Richards Bay,Kaizer Chiefs,Double Chance,Draw/Away,1.17,,,LOST,
2026-03-03T17:30:00+00:00,Premier Soccer League,Siwelele,Stellenbosch,Double Chance,Home/Draw,1.4,,,WON,
2026-03-03T17:30:00+00:00,Premier Soccer League,TS Galaxy,Orbit College,Over/Under Goals,Under 3.5,1.17,,,WON,
2026-03-03T18:00:00+00:00,Serie B,Padova,Spezia,Over/Under Goals,Under 3.5,1.2,,,LOST,
2026-03-03T19:00:00+00:00,Serie B,Cesena,Monza,Over/Under Goals,Over 1.5,1.34,,,WON,
2026-03-03T19:00:00+00:00,Serie B,Reggiana,Sudtirol,Over/Under Goals,Under 3.5,1.19,,,LOST,
2026-03-03T19:00:00+00:00,Serie B,Venezia,Avellino,Over/Under Goals,Over 1.5,1.18,,,WON,
2026-03-03T19:00:00+00:00,Serie B,Virtus Entella,Modena,Double Chance,Draw/Away,1.22,,,LOST,
2026-03-03T19:30:00+00:00,Non League Premier - Southern South,Wimborne Town,Taunton Town,Team Total Goals,Over 0.5,1.2,,,WON,
2026-03-03T19:30:00+00:00,Premier League,Bournemouth,Brentford,Double Chance,Home/Draw,1.4,,,WON,
2026-03-03T19:30:00+00:00,Premier League,Everton,Burnley,Double Chance,Home/Draw,1.15,,,WON,
2026-03-03T19:30:00+00:00,Premier League,Leeds,Sunderland,Over/Under Goals,Over 1.5,1.35,,,LOST,
2026-03-03T19:30:00+00:00,Super League,FC Winterthur,Servette FC,Double Chance,Draw/Away,1.17,,,WON,
2026-03-03T19:45:00+00:00,Championship,Institute,Loughgall,Over/Under Goals,Under 3.5,1.4,,,WON,
2026-03-03T19:45:00+00:00,Championship,Ipswich,Hull City,1X2 / Match Winner,Home,1.51,,,WON,
2026-03-03T19:45:00+00:00,League Two,Bromley,Oldham,Asian Handicap,Home +0,1.53,,,WON,
2026-03-03T19:45:00+00:00,League Two,Chesterfield,Colchester,Over/Under Goals,Under 3.5,1.33,,,WON,
2026-03-03T19:45:00+00:00,League Two,Newport County,Tranmere,Double Chance,Home/Draw,1.57,,,WON,
2026-03-03T19:45:00+00:00,League Two,Walsall,Fleetwood Town,Over/Under Goals,Under 3.5,1.25,,,WON,
2026-03-03T19:45:00+00:00,National League - North,AFC Telford United,Leamington,Result + Total Goals,Home/Over 1.5,1.43,,,LOST,
2026-03-03T19:45:00+00:00,National League - North,Darlington 1883,Macclesfield,Over/Under Goals,Under 3.5,1.7,,,WON,
2026-03-03T19:45:00+00:00,National League - North,Kidderminster Harriers,Alfreton Town,Over/Under Goals,Under 3.5,1.3,,,WON,
2026-03-03T19:45:00+00:00,National League - North,Scarborough Athletic,Hereford,1X2 / Match Winner,Draw,3.6,,,WON,
2026-03-03T19:45:00+00:00,National League - North,South Shields,AFC Fylde,Over/Under Goals,Under 3.5,1.62,,,WON,
2026-03-03T19:45:00+00:00,National League - South,AFC Hornchurch,Salisbury,Double Chance,Home/Draw,1.18,,,WON,
2026-03-03T19:45:00+00:00,National League - South,Bath City,Slough Town,Asian Handicap,Away -1.25,1.4,,,WON,
2026-03-03T19:45:00+00:00,National League - South,Enfield Town,Hampton & Richmond,Over/Under Goals,Under 3.5,1.4,,,WON,
2026-03-03T19:45:00+00:00,National League - South,Maidenhead,AFC Totton,1X2 / Match Winner,Home,1.62,,,WON,
2026-03-03T19:45:00+00:00,National League - South,Maidstone Utd,Weston-super-Mare,Asian Handicap,Home +0,1.4,,,WON,
2026-03-03T19:45:00+00:00,National League - South,Torquay,Farnborough,Over/Under Goals,Under 3.5,1.48,,,LOST,
2026-03-03T19:45:00+00:00,National League - South,Worthing,Chesham United,1X2 / Match Winner,Home,1.55,,,WON,
2026-03-03T19:45:00+00:00,National League,Boreham Wood,York,Over/Under Goals,Over 1.5,1.17,,,WON,
2026-03-03T19:45:00+00:00,National League,Boston United,Woking,Team Total Goals,Over 0.5,1.18,,,WON,
2026-03-03T19:45:00+00:00,National League,Hartlepool,Sutton Utd,Team Total Goals,Under 2.5,1.22,,,WON,
2026-03-03T19:45:00+00:00,National League,Rochdale,Brackley Town,Over/Under Goals,Under 3.5,1.44,,,LOST,
2026-03-03T19:45:00+00:00,National League,Southend,Truro City,Over/Under Goals,Under 3.5,1.44,,,WON,
2026-03-03T19:45:00+00:00,National League,Wealdstone,Morecambe,BTTS,Yes,1.53,,,WON,
2026-03-03T19:45:00+00:00,National League,Yeovil Town,Tamworth,Over/Under Goals,Under 3.5,1.3,,,WON,
2026-03-03T19:45:00+00:00,Non League Premier - Northern,Cleethorpes Town,Whitby Town,Over/Under Goals,Under 3.5,1.26,,,WON,
2026-03-03T19:45:00+00:00,Non League Premier - Northern,Hebburn Town,Stocksbridge Park Steels,Over/Under Goals,Under 3.5,1.35,,,WON,
2026-03-03T19:45:00+00:00,Non League Premier - Southern South,Chertsey Town,Dorchester Town,Over/Under Goals,Under 3.5,1.42,,,WON,
2026-03-03T19:45:00+00:00,Non League Premier - Southern South,Farnham Town,Yate Town,BTTS,Yes,1.67,,,WON,
2026-03-03T19:45:00+00:00,Non League Premier - Southern South,Tiverton Town,Havant & Wville,1X2 / Match Winner,Away,1.62,,,WON,
2026-03-03T19:45:00+00:00,Premier League,Barry Town,Penybont,Over/Under Goals,Under 3.5,1.35,,,WON,
2026-03-03T19:45:00+00:00,Premier League,GAP Connah S Quay FC,The New Saints,1X2 / Match Winner,Draw,4.0,,,LOST,
2026-03-03T19:45:00+00:00,Premiership,Dundee Utd,ST Mirren,Asian Handicap,Home +0,1.67,,,WON,
2026-03-03T19:45:00+00:00,Premiership,Glentoran,Carrick Rangers,Asian Handicap,Away -1.25,1.6,,,WON,
2026-03-03T20:00:00+00:00,Championship,Ards,Limavady United,Over/Under Goals,Under 3.5,1.44,,,WON,
2026-03-03T20:00:00+00:00,Coupe de France,Strasbourg,Reims,Over/Under Goals,Under 3.5,1.44,,,WON,
2026-03-03T20:00:00+00:00,EFL Trophy,Doncaster,Stockport County,Double Chance,Draw/Away,1.48,,,WON,
2026-03-03T20:15:00+00:00,Premier League,Wolves,Liverpool,Over/Under Goals,Under 3.5,1.57,,,WON,
2026-03-03T22:00:00+00:00,CONMEBOL Sudamericana,Atletico Torque,Defensor Sporting,Over/Under Goals,Under 2.5,1.57,,,WON,
2026-03-03T22:00:00+00:00,Primera Division,Sarmiento Junin,Estudiantes de Rio Cuarto,Double Chance,Home/Draw,1.22,,,WON,
2026-03-03T22:15:00+00:00,Primera Division,Huracan,Belgrano Cordoba,Asian Handicap,Home +0.25,1.42,,,WON,
2026-03-04T00:30:00+00:00,CONMEBOL Libertadores,Barcelona SC,Botafogo,Over/Under Goals,Under 3.5,1.22,,,WON,
2026-03-04T01:00:00+00:00,Liga MX,Pachuca,Necaxa,Over/Under Goals,Under 3.5,1.38,,,WON,
2026-03-04T01:00:00+00:00,Liga MX,Santos Laguna,Cruz Azul,Over/Under Goals,Over 1.5,1.18,,,WON,
2026-03-04T02:00:00+00:00,CONMEBOL Sudamericana,Alianza Atletico,Deportivo Garcilaso,Over/Under Goals,Under 3.5,1.17,,,WON,
2026-03-04T03:00:00+00:00,Liga MX,Atletico San Luis,Mazatlán,Over/Under Goals,Over 1.5,1.2,,,WON,
2026-03-04T03:10:00+00:00,Liga MX,U.N.A.M. - Pumas,Toluca,1X2 / Match Winner,Draw,3.7,,,LOST,
2026-03-04T08:00:00+00:00,A-League,Macarthur,Central Coast Mariners,Over/Under Goals,Over 1.5,1.16,,,WON,
2026-03-04T12:00:00+00:00,Premier League,Ethiopia Bunna,Bahardar,Over/Under Goals,Under 2.5,1.33,,,WON,
2026-03-04T12:00:00+00:00,Premier League,Sidama Bunna,Fasil Ketema,Over/Under Goals,Under 2.5,1.33,,,WON,
2026-03-04T14:00:00+00:00,Liga 1,Semen Padang,PSIM Yogyakarta,1X2 / Match Winner,Draw,3.5,,,WON,
2026-03-04T15:00:00+00:00,Premier League,Arba Minch Kenema,Mebrat Hayl,Over/Under Goals,Under 2.5,1.28,,,LOST,
2026-03-04T15:00:00+00:00,Premier League,Welayta Dicha,Awassa Kenema,Over/Under Goals,Under 2.5,1.33,,,WON,
2026-03-04T16:00:00+00:00,Super League 1,Panathinaikos,OFI,Over/Under Goals,Under 3.5,1.36,,,LOST,
2026-03-04T17:30:00+00:00,Premier Soccer League,Amazulu,Magesi,Double Chance,Home/Draw,1.25,,,WON,
2026-03-04T17:30:00+00:00,Premier Soccer League,Polokwane City,Orlando Pirates,Asian Handicap,Home +1.25,1.42,,,WON,
2026-03-04T18:00:00+00:00,3. Liga,Alemannia Aachen,FC Schweinfurt 05,Over/Under Goals,Over 1.5,1.15,,,LOST,
2026-03-04T18:00:00+00:00,3. Liga,FC Ingolstadt 04,MSV Duisburg,Double Chance,Home/Draw,1.48,,,WON,
2026-03-04T18:00:00+00:00,3. Liga,FC Saarbrücken,SV Wehen,Over/Under Goals,Under 3.5,1.46,,,WON,
2026-03-04T18:00:00+00:00,3. Liga,Havelse,Hansa Rostock,Over/Under Goals,Under 3.5,1.6,,,LOST,
2026-03-04T18:00:00+00:00,3. Liga,Rot-Weiß Essen,Waldhof Mannheim,Over/Under Goals,Under 3.5,1.55,,,WON,
2026-03-04T18:00:00+00:00,La Liga,Rayo Vallecano,Oviedo,Over/Under Goals,Under 3.5,1.22,,,WON,
2026-03-04T18:00:00+00:00,Serie B,Carrarese,Catanzaro,Over/Under Goals,Under 3.5,1.24,,,LOST,
2026-03-04T18:00:00+00:00,Super League 1,Kifisia,PAOK,Over/Under Goals,Over 1.5,1.22,,,WON,
2026-03-04T18:30:00+00:00,1. Liga Promotion,Brühl,Young Boys II,BTTS,Yes,1.5,,,WON,
2026-03-04T18:30:00+00:00,3. Division,Vejgaard B,Odder,Team Total Goals,Over 0.5,1.2,,,WON,
2026-03-04T19:00:00+00:00,KNVB Beker,AZ Alkmaar,Telstar,Over/Under Goals,Over 1.5,1.2,,,WON,
2026-03-04T19:00:00+00:00,Serie B,Bari,Empoli,Over/Under Goals,Over 1.5,1.42,,,WON,
2026-03-04T19:00:00+00:00,Serie B,Frosinone,Pescara,1X2 / Match Winner,Home,1.66,,,LOST,
2026-03-04T19:00:00+00:00,Serie B,Juve Stabia,Sampdoria,Over/Under Goals,Over 1.5,1.48,,,WON,
2026-03-04T19:00:00+00:00,Serie B,Palermo,Mantova,1X2 / Match Winner,Home,1.51,,,WON,
2026-03-04T19:30:00+00:00,Bundesliga 1,Hamburger SV,Bayer Leverkusen,Team Total Goals,Under 2.5,1.22,,,WON,
2026-03-04T19:30:00+00:00,EFL Trophy,Luton,Northampton,1X2 / Match Winner,Home,1.56,,,WON,
2026-03-04T19:30:00+00:00,Premier League,Aston Villa,Chelsea,Double Chance,Home/Draw,1.55,,,LOST,
2026-03-04T19:30:00+00:00,Premier League,Brighton,Arsenal,Double Chance,Draw/Away,1.15,,,WON,
2026-03-04T19:30:00+00:00,Premier League,Fulham,West Ham,Over/Under Goals,Under 3.5,1.4,,,WON,
2026-03-04T19:30:00+00:00,Premier League,Manchester City,Nottingham Forest,Over/Under Goals,Under 3.5,1.57,,,LOST,
2026-03-04T19:30:00+00:00,Super League,FC Lugano,FC Sion,Over/Under Goals,Under 3.5,1.38,,,WON,
2026-03-04T19:30:00+00:00,Super League,FC Luzern,BSC Young Boys,Over/Under Goals,Over 1.5,1.17,,,WON,
2026-03-04T19:30:00+00:00,Super League,FC Zurich,Lausanne,Over/Under Goals,Over 2.5,1.62,,,WON,
2026-03-04T19:45:00+00:00,Premiership,Portadown,Cliftonville FC,Over/Under Goals,Under 3.5,1.22,,,WON,
2026-03-04T20:00:00+00:00,Coppa Italia,Lazio,Atalanta,Team Total Goals,Over 0.5,1.25,,,WON,
2026-03-04T20:00:00+00:00,Premiership,Aberdeen,Celtic,Asian Handicap,Home +1.25,1.68,,,WON,
2026-03-04T20:15:00+00:00,Premier League,Newcastle,Manchester United,Over/Under Goals,Over 1.5,1.17,,,WON,
2026-03-04T22:00:00+00:00,CONMEBOL Libertadores,Carabobo FC,Sporting Cristal,Over/Under Goals,Under 3.5,1.22,,,WON,
2026-03-04T22:00:00+00:00,CONMEBOL Sudamericana,Blooming,San Antonio Bulo Bulo,Asian Handicap,Home +0,1.4,,,WON,
2026-03-05T00:00:00+00:00,Primera Division,Lanus,Boca Juniors,Over/Under Goals,Under 3.5,1.15,,,WON,
2026-03-05T00:30:00+00:00,CONMEBOL Libertadores,Deportes Tolima,O'Higgins,Over/Under Goals,Under 3.5,1.2,,,WON,
2026-03-05T00:30:00+00:00,CONMEBOL Sudamericana,Atletico Nacional,Millonarios,1X2 / Match Winner,Home,1.7,,,LOST,
2026-03-05T00:30:00+00:00,CONMEBOL Sudamericana,Sportivo Trinidense,Olimpia,1X2 / Match Winner,Draw,3.45,,,LOST,
2026-03-05T00:30:00+00:00,CONMEBOL Sudamericana,Universidad de Chile,Palestino,Over/Under Goals,Under 3.5,1.25,,,WON,
2026-03-05T01:00:00+00:00,Liga MX,Monterrey,Club Queretaro,Over/Under Goals,Under 3.5,1.48,,,LOST,
2026-03-05T01:00:00+00:00,Liga MX,Puebla,Tigres UANL,Team Total Goals,Over 0.5,1.15,,,WON,
2026-03-05T01:00:00+00:00,Primera A,Fortaleza FC,Jaguares,Over/Under Goals,Over 1.5,1.42,,,WON,
2026-03-05T03:00:00+00:00,Liga MX,Atlas,Club Tijuana,Asian Handicap,Home +0,1.55,,,WON,
2026-03-05T03:00:00+00:00,Liga MX,Club America,FC Juarez,1X2 / Match Winner,Home,1.49,,,LOST,
2026-03-05T03:00:00+00:00,Liga de Expansión MX,CA La Paz,Leones Negros UDG,Asian Handicap,Home +0,1.7,,,WON,
2026-03-05T10:30:00+00:00,Cup,Kapaz,Turan,Over/Under Goals,Under 3.5,1.33,,,WON,
2026-03-05T13:00:00+00:00,Premier League,Hadiya Hosaena,Adama Kenema,Asian Handicap,Home +0.25,1.5,,,WON,
2026-03-05T13:00:00+00:00,Premier League,Mekelle Kenema,Dire Dawa Kenema,Over/Under Goals,Under 2.5,1.36,,,LOST,
2026-03-05T17:30:00+00:00,Cup,Aliağa FAŞ,Gençlerbirliği S.K.,Over/Under Goals,Under 3.5,1.5,,,LOST,
2026-03-05T17:30:00+00:00,Cup,Antalyaspor,Samsunspor,Over/Under Goals,Under 3.5,1.38,,,WON,
2026-03-05T17:30:00+00:00,Cup,Bodrum FK,Iğdır FK,Double Chance,Home/Draw,1.6,,,WON,
2026-03-05T17:30:00+00:00,Cup,Eyüpspor,Konyaspor,Over/Under Goals,Under 3.5,1.35,,,WON,
2026-03-05T19:00:00+00:00,Pro League,Damac,Al Riyadh,Over/Under Goals,Under 3.5,1.22,,,WON,
2026-03-05T19:30:00+00:00,Ekstraklasa,Radomiak Radom,Arka Gdynia,Team Total Goals,Over 0.5,1.55,,,WON,
2026-03-05T19:30:00+00:00,Premier League,El Mokawloon,Al Ahly,Over/Under Goals,Under 2.5,1.65,,,LOST,
2026-03-05T20:00:00+00:00,Premier League,Tottenham,Crystal Palace,Double Chance,Draw/Away,1.6,,,WON,
2026-03-05T22:00:00+00:00,CONMEBOL Sudamericana,Boston River,Racing Montevideo,Asian Handicap,Away -0.5,1.57,,,LOST,
2026-03-05T23:10:00+00:00,Primera A,Llaneros,Internacional de Bogota,Over/Under Goals,Under 3.5,1.18,,,WON,
2026-03-06T00:30:00+00:00,Amazonense,Nacional AM,Amazonas,Over/Under Goals,Under 2.5,1.45,,,LOST,
2026-03-06T00:30:00+00:00,CONMEBOL Libertadores,Juventud,Independiente Medellin,Over/Under Goals,Under 3.5,1.2,,,WON,
2026-03-06T00:30:00+00:00,CONMEBOL Sudamericana,America de Cali,Bucaramanga,Over/Under Goals,Under 3.5,1.15,,,WON,
2026-03-06T01:20:00+00:00,Primera A,Junior,Alianza Valledupar,1X2 / Match Winner,Home,1.53,,,LOST,
2026-03-06T02:00:00+00:00,CONMEBOL Sudamericana,Orense SC,Macara,Over/Under Goals,Under 3.5,1.2,,,WON,
2026-03-06T08:35:00+00:00,A-League,Adelaide United,Wellington Phoenix,Asian Handicap,Home +0,1.42,,,WON,
2026-03-06T11:35:00+00:00,Super League,Chengdu Better City,Sichuan Jiuniu,Over/Under Goals,Under 3.5,1.48,,,LOST,
2026-03-06T13:00:00+00:00,TFF 1. Lig,Sarıyer,Ümraniyespor,Over/Under Goals,Under 3.5,1.26,,,WON,
2026-03-06T13:30:00+00:00,Liga 1,Arema FC,Bali United,Asian Handicap,Home +0,1.42,,,LOST,
2026-03-06T14:00:00+00:00,2. SNL,Ilirija,Jesenice,Over/Under Goals,Under 3.5,1.4,,,WON,
2026-03-06T14:00:00+00:00,Super League,Kelantan United,Terengganu,Over/Under Goals,Under 3.5,1.57,,,WON,
2026-03-06T17:00:00+00:00,Erste Liga,Austria Lustenau,First Vienna,Over/Under Goals,Under 3.5,1.25,,,WON,
2026-03-06T17:00:00+00:00,Erste Liga,FC Liefering,Schwarz-Weiß Bregenz,Over/Under Goals,Under 3.5,1.48,,,LOST,
2026-03-06T17:00:00+00:00,Erste Liga,Floridsdorfer AC,Sturm Graz II,Asian Handicap,Away -1.25,1.48,,,WON,
2026-03-06T17:00:00+00:00,Erste Liga,SKN ST. Polten,Rapid Wien II,Over/Under Goals,Under 3.5,1.48,,,LOST,
2026-03-06T17:00:00+00:00,Prva HNL,Istra 1961,NK Osijek,Over/Under Goals,Over 1.5,1.45,,,LOST,
2026-03-06T17:00:00+00:00,TFF 1. Lig,Pendikspor,Van Spor Kulübü,Team Total Goals,Over 0.5,1.19,,,WON,
2026-03-06T17:30:00+00:00,Bundesliga 2,FC Schalke 04,Arminia Bielefeld,Team Total Goals,Over 0.5,1.45,,,LOST,
2026-03-06T17:30:00+00:00,Bundesliga 2,SV Elversberg,1. FC Magdeburg,Over/Under Goals,Over 1.5,1.18,,,LOST,
2026-03-06T18:30:00+00:00,National 1,Aubagne,Fleury 91,Over/Under Goals,Under 3.5,1.19,,,WON,
2026-03-06T18:30:00+00:00,National 1,Bourg-en-bresse 01,Rouen,Over/Under Goals,Under 3.5,1.17,,,LOST,
2026-03-06T18:30:00+00:00,National 1,Caen,Chateauroux,Over/Under Goals,Under 2.5,1.68,,,LOST,
2026-03-06T18:30:00+00:00,National 1,Concarneau,Dijon,Over/Under Goals,Under 3.5,1.18,,,WON,
2026-03-06T18:30:00+00:00,National 1,Gobelins,Le Puy Foot,Over/Under Goals,Under 3.5,1.16,,,WON,
2026-03-06T18:30:00+00:00,National 1,Quevilly,Versailles,Double Chance,Home/Draw,1.62,,,WON,
2026-03-06T18:30:00+00:00,National 1,Stade Briochin,Orleans,Team Total Goals,Over 0.5,1.27,,,WON,
2026-03-06T18:30:00+00:00,National 1,Villefranche,Valenciennes,Over/Under Goals,Under 3.5,1.18,,,LOST,
2026-03-06T19:00:00+00:00,Eerste Divisie,Dordrecht,MVV,Over/Under Goals,Under 3.5,1.65,,,WON,
2026-03-06T19:00:00+00:00,Eerste Divisie,FC Eindhoven,Jong Ajax,Over/Under Goals,Under 3.5,1.6,,,WON,
2026-03-06T19:00:00+00:00,Eerste Divisie,Helmond Sport,FC OSS,Asian Handicap,Home +0,1.55,,,WON,
2026-03-06T19:00:00+00:00,Eerste Divisie,Roda,Jong PSV U21,Double Chance,Home/Draw,1.15,,,LOST,
2026-03-06T19:00:00+00:00,Eerste Divisie,VVV Venlo,Waalwijk,Over/Under Goals,Over 1.5,1.17,,,WON,
2026-03-06T19:00:00+00:00,Eredivisie,Heracles,Utrecht,Over/Under Goals,Under 3.5,1.48,,,WON,
2026-03-06T19:00:00+00:00,Ligue 2,Boulogne,Amiens,Over/Under Goals,Under 3.5,1.28,,,LOST,
2026-03-06T19:00:00+00:00,Ligue 2,Laval,Guingamp,Over/Under Goals,Under 3.5,1.2,,,LOST,
2026-03-06T19:00:00+00:00,Ligue 2,Nancy,Montpellier,Over/Under Goals,Under 3.5,1.25,,,WON,
2026-03-06T19:00:00+00:00,Ligue 2,PAU,Bastia,Over/Under Goals,Under 2.5,1.7,,,LOST,
2026-03-06T19:00:00+00:00,Ligue 2,Rodez,Grenoble,Over/Under Goals,Under 3.5,1.33,,,WON,
2026-03-06T19:00:00+00:00,Pro League,Al Khaleej Saihat,Al-Hazm,Over/Under Goals,Under 3.5,1.45,,,WON,
2026-03-06T19:00:00+00:00,Pro League,Al Taawon,Al-Fateh,BTTS,Yes,1.5,,,WON,
2026-03-06T19:00:00+00:00,Pro League,Al-Ahli Jeddah,Al-Ittihad FC,Team Total Goals,Over 0.5,1.15,,,WON,
2026-03-06T19:30:00+00:00,Bundesliga 1,Bayern München,Borussia Mönchengladbach,1X2 / Match Winner,Home,1.15,,,WON,
2026-03-06T19:30:00+00:00,Ekstraklasa,Lechia Gdansk,Jagiellonia,Over/Under Goals,Over 1.5,1.2,,,WON,
2026-03-06T19:30:00+00:00,Segunda Division,Cadiz,Zaragoza,Over/Under Goals,Under 3.5,1.22,,,WON,
2026-03-06T19:45:00+00:00,Jupiler Pro League,RAAL La Louvière,Antwerp,Over/Under Goals,Under 3.5,1.22,,,WON,
2026-03-06T19:45:00+00:00,League Two,Cheltenham,Barrow,Double Chance,Home/Draw,1.42,,,WON,
2026-03-06T19:45:00+00:00,Serie A,Napoli,Torino,Over/Under Goals,Over 1.5,1.33,,,WON,
2026-03-06T20:00:00+00:00,Championship,Preston,Oxford United,Over/Under Goals,Under 3.5,1.22,,,LOST,
2026-03-06T20:00:00+00:00,FA Cup,Wolves,Liverpool,Over/Under Goals,Over 2.5,1.57,,,WON,
2026-03-06T20:00:00+00:00,La Liga,Celta Vigo,Real Madrid,Over/Under Goals,Under 3.5,1.4,,,WON,
2026-03-06T20:15:00+00:00,Primeira Liga,Famalicao,Arouca,Over/Under Goals,Under 3.5,1.33,,,WON,
2026-03-06T20:30:00+00:00,Primera Division,Atletico Grau,FC Cajamarca,Over/Under Goals,Over 1.5,1.4,,,LOST,
2026-03-07T01:00:00+00:00,Liga MX,Mazatlán,Leon,Over/Under Goals,Over 1.5,1.25,,,WON,
2026-03-07T01:00:00+00:00,Liga de Expansión MX,Venados FC,Correcaminos Uat,Over/Under Goals,Under 3.5,1.62,,,WON,
2026-03-07T01:30:00+00:00,Primera A,Deportivo Cali,Once Caldas,Over/Under Goals,Under 3.5,1.25,,,WON,
2026-03-07T03:00:00+00:00,Liga MX,Necaxa,U.N.A.M. - Pumas,BTTS,Yes,1.67,,,LOST,
2026-03-07T05:00:00+00:00,Asian Cup Women,Chinese Taipei W,Vietnam W,Team Total Goals,Over 0.5,1.6,,,WON,
2026-03-07T06:00:00+00:00,A-League,Newcastle Jets,Western Sydney Wanderers,Asian Handicap,Home +0,1.67,,,WON,
2026-03-07T07:30:00+00:00,Super League,Shandong Luneng,Shenyang Urban,Double Chance,Home/Draw,1.15,,,WON,
2026-03-07T07:30:00+00:00,Super League,Tianjin Teda,Chongqing Tongliang Long,Over/Under Goals,Under 3.5,1.45,,,WON,
2026-03-07T08:35:00+00:00,A-League,Sydney,Melbourne Victory,Double Chance,Draw/Away,1.55,,,WON,
2026-03-07T09:00:00+00:00,Super League,Shanghai Shenhua,Dalian Zhixing,Over/Under Goals,Over 1.5,1.17,,,WON,
2026-03-07T09:15:00+00:00,3. liga - CFL A,Táborsko II,Písek,Team Total Goals,Under 2.5,1.21,,,LOST,
2026-03-07T09:30:00+00:00,3. liga - CFL A,České Budějovice II,Jiskra Domažlice,BTTS,Yes,1.44,,,WON,
2026-03-07T10:30:00+00:00,TFF 1. Lig,Erzurumspor FK,Manisa F.K.,Over/Under Goals,Over 1.5,1.19,,,WON,
2026-03-07T10:30:00+00:00,TFF 1. Lig,Sivasspor,Keçiörengücü,Over/Under Goals,Over 2.5,1.61,,,LOST,
2026-03-07T11:00:00+00:00,Asian Cup Women,India W,Japan W,BTTS,No,1.15,,,WON,
2026-03-07T11:00:00+00:00,C-League,Dangkor Senchey,Kirivong Sok Sen Chey,Over/Under Goals,Under 3.5,1.64,,,WON,
2026-03-07T11:00:00+00:00,C-League,Life Sihanoukville,Visakha,Over/Under Goals,Under 3.5,1.69,,,WON,
2026-03-07T11:35:00+00:00,Super League,SHANGHAI SIPG,Henan Jianye,Over/Under Goals,Under 3.5,1.7,,,WON,
2026-03-07T11:35:00+00:00,Super League,Yunnan Yukun,Qingdao Jonoon,Over/Under Goals,Over 1.5,1.2,,,WON,
2026-03-07T12:00:00+00:00,Bundesliga 2,1. FC Nürnberg,Fortuna Düsseldorf,Over/Under Goals,Over 1.5,1.2,,,LOST,
2026-03-07T12:00:00+00:00,Bundesliga 2,SC Paderborn 07,Eintracht Braunschweig,1X2 / Match Winner,Home,1.57,,,LOST,
2026-03-07T12:00:00+00:00,Bundesliga 2,SV Darmstadt 98,Holstein Kiel,Over/Under Goals,Over 2.5,1.67,,,LOST,
2026-03-07T12:15:00+00:00,FA Cup,Mansfield Town,Arsenal,Over/Under Goals,Under 3.5,2.1,,,WON,
2026-03-07T12:30:00+00:00,Championship,Blackburn,Portsmouth,Over/Under Goals,Under 3.5,1.18,,,WON,
2026-03-07T12:30:00+00:00,Championship,Hull City,Millwall,Double Chance,Draw/Away,1.44,,,WON,
2026-03-07T12:30:00+00:00,League One,Huddersfield,Rotherham,Over/Under Goals,Under 3.5,1.36,,,WON,
2026-03-07T12:30:00+00:00,League Two,Grimsby,Bromley,Over/Under Goals,Under 3.5,1.28,,,WON,
2026-03-07T12:30:00+00:00,League Two,Salford City,Barnet,Team Total Goals,Over 0.5,1.25,,,WON,
2026-03-07T12:30:00+00:00,National League,Boreham Wood,Brackley Town,Over/Under Goals,Over 1.5,1.2,,,WON,
2026-03-07T13:00:00+00:00,La Liga,Osasuna,Mallorca,Double Chance,Home/Draw,1.17,,,WON,
2026-03-07T13:00:00+00:00,Ligue 2,Estac Troyes,Clermont Foot,Team Total Goals,Over 0.5,1.57,,,WON,
2026-03-07T13:00:00+00:00,Ligue 2,Le Mans,Annecy,Over/Under Goals,Over 1.5,1.4,,,WON,
2026-03-07T13:00:00+00:00,Super Lig,Başakşehir,Göztepe,Over/Under Goals,Over 1.5,1.33,,,WON,
2026-03-07T13:00:00+00:00,TFF 1. Lig,Bandırmaspor,İstanbulspor,Asian Handicap,Home +0,1.4,,,WON,
2026-03-07T13:30:00+00:00,3. liga - CFL A,Králův Dvůr,Motorlet Praha,Team Total Goals,Under 2.5,1.23,,,WON,
2026-03-07T13:45:00+00:00,Ekstraklasa,Korona Kielce,Nieciecza,Over/Under Goals,Under 3.5,1.38,,,WON,
2026-03-07T13:45:00+00:00,Premier League,FC Rostov,Baltika,Asian Handicap,Home +0.25,1.56,,,WON,
2026-03-07T14:00:00+00:00,Prva HNL,HNK Gorica,NK Slaven Belupo,Over/Under Goals,Under 3.5,1.25,,,LOST,
2026-03-07T14:00:00+00:00,Serie A,Cagliari,Como,Over/Under Goals,Under 3.5,1.28,,,WON,
2026-03-07T14:00:00+00:00,Serie B,Avellino,Padova,Over/Under Goals,Under 3.5,1.22,,,WON,
2026-03-07T14:00:00+00:00,Serie B,Spezia,Monza,Over/Under Goals,Under 3.5,1.22,,,LOST,
2026-03-07T14:00:00+00:00,Serie B,Sudtirol,Virtus Entella,Asian Handicap,Home +0,1.4,,,LOST,
2026-03-07T14:30:00+00:00,Bundesliga 1,1. FC Heidenheim,1899 Hoffenheim,Over/Under Goals,Under 3.5,1.62,,,LOST,
2026-03-07T14:30:00+00:00,Bundesliga 1,FSV Mainz 05,VfB Stuttgart,Over/Under Goals,Over 1.5,1.2,,,WON,
2026-03-07T14:30:00+00:00,Bundesliga 1,RB Leipzig,FC Augsburg,Over/Under Goals,Over 1.5,1.15,,,WON,
2026-03-07T14:30:00+00:00,Bundesliga 1,SC Freiburg,Bayer Leverkusen,Asian Handicap,Home +0.5,1.62,,,WON,
2026-03-07T14:30:00+00:00,Bundesliga 1,VfL Wolfsburg,Hamburger SV,Over/Under Goals,Over 1.5,1.22,,,WON,
2026-03-07T15:00:00+00:00,Campeonato de Portugal Prio - Group C,Os Marialvas,Peniche,Over/Under Goals,Over 1.5,1.4,,,WON,
2026-03-07T15:00:00+00:00,Championship,Bristol City,Coventry,Over/Under Goals,Under 3.5,1.42,,,WON,
2026-03-07T15:00:00+00:00,Championship,Charlton,Birmingham,Double Chance,Home/Draw,1.7,,,WON,
2026-03-07T15:00:00+00:00,Championship,Derby,Sheffield Wednesday,Over/Under Goals,Under 3.5,1.44,,,WON,
2026-03-07T15:00:00+00:00,Championship,Ipswich,Leicester,1X2 / Match Winner,Home,1.53,,,LOST,
2026-03-07T15:00:00+00:00,Championship,Sheffield Utd,West Brom,Over/Under Goals,Under 3.5,1.33,,,WON,
2026-03-07T15:00:00+00:00,Championship,Swansea,Stoke City,Over/Under Goals,Under 3.5,1.25,,,WON,
2026-03-07T15:00:00+00:00,Jupiler Pro League,OH Leuven,KVC Westerlo,Over/Under Goals,Under 3.5,1.48,,,WON,
2026-03-07T15:00:00+00:00,League One,Barnsley,Exeter City,Over/Under Goals,Over 1.5,1.22,,,WON,
2026-03-07T15:00:00+00:00,League One,Blackpool,Wigan,Over/Under Goals,Under 3.5,1.28,,,WON,
2026-03-07T15:00:00+00:00,League One,Bolton,Wycombe,Over/Under Goals,Over 1.5,1.28,,,WON,
2026-03-07T15:00:00+00:00,League One,Bradford,Leyton Orient,Over/Under Goals,Under 3.5,1.3,,,WON,
2026-03-07T15:00:00+00:00,League One,Burton Albion,Stevenage,Over/Under Goals,Over 1.5,1.45,,,LOST,
2026-03-07T15:00:00+00:00,League One,Luton,Reading,Team Total Goals,Over 0.5,1.17,,,WON,
2026-03-07T15:00:00+00:00,League One,Plymouth,Doncaster,Asian Handicap,Home +0,1.55,,,WON,
2026-03-07T15:00:00+00:00,League Two,Accrington ST,Cambridge United,Over/Under Goals,Under 3.5,1.2,,,WON,
2026-03-07T15:00:00+00:00,League Two,Annan Athletic,Stirling Albion,Over/Under Goals,Under 3.5,1.44,,,LOST,
2026-03-07T15:00:00+00:00,League Two,Bristol Rovers,Crewe,Over/Under Goals,Over 1.5,1.28,,,WON,
2026-03-07T15:00:00+00:00,League Two,Chesterfield,Shrewsbury,Double Chance,Home/Draw,1.22,,,LOST,
2026-03-07T15:00:00+00:00,League Two,Crawley Town,Swindon Town,Over/Under Goals,Under 3.5,1.48,,,LOST,
2026-03-07T15:00:00+00:00,League Two,Dumbarton,Spartans,Double Chance,Draw/Away,1.25,,,LOST,
2026-03-07T15:00:00+00:00,League Two,East Kilbride,Elgin City,Over/Under Goals,Over 1.5,1.16,,,WON,
2026-03-07T15:00:00+00:00,League Two,Edinburgh City,Stranraer,Team Total Goals,Under 2.5,1.22,,,WON,
2026-03-07T15:00:00+00:00,League Two,Forfar Athletic,Clyde,Over/Under Goals,Under 3.5,1.3,,,WON,
2026-03-07T15:00:00+00:00,League Two,Gillingham,Fleetwood Town,Over/Under Goals,Under 3.5,1.3,,,WON,
2026-03-07T15:00:00+00:00,League Two,Milton Keynes Dons,Harrogate Town,Over/Under Goals,Under 3.5,1.48,,,LOST,
2026-03-07T15:00:00+00:00,League Two,Tranmere,Oldham,Over/Under Goals,Over 1.5,1.33,,,WON,
2026-03-07T15:00:00+00:00,League Two,Walsall,Notts County,Over/Under Goals,Under 3.5,1.2,,,WON,
2026-03-07T15:00:00+00:00,Liga 3,Lusitano Évora 1911,Caldas,Over/Under Goals,Under 2.5,1.62,,,WON,
2026-03-07T15:00:00+00:00,Liga 3,SC Covilha,1º Dezembro,Over/Under Goals,Under 3.5,1.16,,,WON,
2026-03-07T15:00:00+00:00,National League - North,AFC Telford United,Alfreton Town,1X2 / Match Winner,Home,1.55,,,WON,
2026-03-07T15:00:00+00:00,National League - North,Buxton,Kidderminster Harriers,Team Total Goals,Over 0.5,1.22,,,WON,
2026-03-07T15:00:00+00:00,National League - North,Chester,Darlington 1883,BTTS,Yes,1.53,,,WON,
2026-03-07T15:00:00+00:00,National League - North,King's Lynn Town,Marine,Double Chance,Draw/Away,1.57,,,LOST,
2026-03-07T15:00:00+00:00,National League - North,Leamington,AFC Fylde,1X2 / Match Winner,Away,1.33,,,LOST,
2026-03-07T15:00:00+00:00,National League - North,Macclesfield,Chorley,Asian Handicap,Home +0,1.42,,,LOST,
2026-03-07T15:00:00+00:00,National League - North,Oxford City,Scarborough Athletic,Over/Under Goals,Under 3.5,1.33,,,WON,
2026-03-07T15:00:00+00:00,National League - North,Peterborough Sports,Southport,Over/Under Goals,Under 3.5,1.4,,,WON,
2026-03-07T15:00:00+00:00,National League - North,Radcliffe,Merthyr Town,Team Total Goals,Under 2.5,1.4,,,WON,
2026-03-07T15:00:00+00:00,National League - North,South Shields,Curzon Ashton,Result + Total Goals,Home/Over 2.5,1.55,,,WON,
2026-03-07T15:00:00+00:00,National League - South,AFC Hornchurch,Slough Town,Over/Under Goals,Under 3.5,1.5,,,LOST,
2026-03-07T15:00:00+00:00,National League - South,AFC Totton,Horsham,Over/Under Goals,Under 3.5,1.33,,,WON,
2026-03-07T15:00:00+00:00,National League - South,Chelmsford City,Bath City,Double Chance,Home/Draw,1.19,,,WON,
2026-03-07T15:00:00+00:00,National League - South,Chesham United,Weston-super-Mare,Asian Handicap,Home +0.25,1.55,,,WON,
2026-03-07T15:00:00+00:00,National League - South,Chippenham Town,Enfield Town,Asian Handicap,Home +0,1.58,,,WON,
2026-03-07T15:00:00+00:00,National League - South,Dagenham & Redbridge,Dorking Wanderers,Over/Under Goals,Under 3.5,1.4,,,WON,
2026-03-07T15:00:00+00:00,National League - South,Ebbsfleet United,Torquay,Asian Handicap,Home +0,1.6,,,WON,
2026-03-07T15:00:00+00:00,National League - South,Farnborough,Hemel Hempstead Town,Over/Under Goals,Over 1.5,1.22,,,WON,
2026-03-07T15:00:00+00:00,National League - South,Hampton & Richmond,Dover,Asian Handicap,Home +0.25,1.45,,,WON,
2026-03-07T15:00:00+00:00,National League - South,Maidenhead,Maidstone Utd,Over/Under Goals,Under 3.5,1.25,,,WON,
2026-03-07T15:00:00+00:00,National League,Altrincham,Truro City,Team Total Goals,Under 2.5,1.22,,,WON,
2026-03-07T15:00:00+00:00,National League,Braintree,Wealdstone,Over/Under Goals,Under 3.5,1.36,,,LOST,
2026-03-07T15:00:00+00:00,National League,Forest Green,Aldershot Town,Team Total Goals,Under 2.5,1.5,,,WON,
2026-03-07T15:00:00+00:00,National League,Hartlepool,FC Halifax Town,Over/Under Goals,Under 3.5,1.33,,,WON,
2026-03-07T15:00:00+00:00,National League,Rochdale,Boston United,Asian Handicap,Away -1.25,1.62,,,WON,
2026-03-07T15:00:00+00:00,National League,Solihull Moors,Gateshead,Over/Under Goals,Under 3.5,1.67,,,WON,
2026-03-07T15:00:00+00:00,National League,Sutton Utd,Morecambe,Asian Handicap,Home +0,1.48,,,LOST,
2026-03-07T15:00:00+00:00,National League,Woking,Tamworth,Over/Under Goals,Under 3.5,1.33,,,LOST,
2026-03-07T15:00:00+00:00,Non League Premier - Isthmian,Aveley,Whitehawk,1X2 / Match Winner,Home,1.5,,,WON,
2026-03-07T15:00:00+00:00,Non League Premier - Isthmian,Burgess Hill Town,Welling United,Double Chance,Home/Draw,1.2,,,WON,
2026-03-07T15:00:00+00:00,Non League Premier - Isthmian,Carshalton Athletic,Canvey Island,1X2 / Match Winner,Home,1.65,,,WON,
2026-03-07T15:00:00+00:00,Non League Premier - Isthmian,Chatham Town,Hashtag United,1X2 / Match Winner,Home,1.45,,,WON,
2026-03-07T15:00:00+00:00,Non League Premier - Isthmian,Cheshunt,Ramsgate,Double Chance,Home/Draw,1.44,,,LOST,
2026-03-07T15:00:00+00:00,Non League Premier - Isthmian,Chichester City,Cray Wanderers,Double Chance,Home/Draw,1.44,,,WON,
2026-03-07T15:00:00+00:00,Non League Premier - Isthmian,Cray Valley PM,Billericay Town,Double Chance,Draw/Away,1.2,,,WON,
2026-03-07T15:00:00+00:00,Non League Premier - Isthmian,Folkestone Invicta,Potters Bar Town,Over/Under Goals,Under 3.5,1.67,,,WON,
2026-03-07T15:00:00+00:00,Non League Premier - Isthmian,St Albans City,Dulwich Hamlet,Over/Under Goals,Over 1.5,1.15,,,LOST,
2026-03-07T15:00:00+00:00,Non League Premier - Isthmian,Wingate & Finchley,Dartford,Double Chance,Draw/Away,1.44,,,LOST,
2026-03-07T15:00:00+00:00,Non League Premier - Northern,Ashton United,Leek Town,Over/Under Goals,Under 3.5,1.3,,,WON,
2026-03-07T15:00:00+00:00,Non League Premier - Northern,Bamber Bridge,Hednesford Town,Over/Under Goals,Under 3.5,1.26,,,LOST,
2026-03-07T15:00:00+00:00,Non League Premier - Northern,Guiseley AFC,Workington,Over/Under Goals,Under 3.5,1.26,,,WON,
2026-03-07T15:00:00+00:00,Non League Premier - Northern,Hebburn Town,Gainsborough Trinity,Over/Under Goals,Under 3.5,1.26,,,WON,
2026-03-07T15:00:00+00:00,Non League Premier - Northern,Hyde United,Prescot Cables,Asian Handicap,Home +0,1.53,,,WON,
2026-03-07T15:00:00+00:00,Non League Premier - Northern,Lancaster City,Warrington Town,Over/Under Goals,Under 3.5,1.26,,,WON,
2026-03-07T15:00:00+00:00,Non League Premier - Northern,Rushall Olympic,Whitby Town,Double Chance,Home/Draw,1.44,,,WON,
2026-03-07T15:00:00+00:00,Non League Premier - Northern,Rylands,Cleethorpes Town,Over/Under Goals,Under 3.5,1.26,,,WON,
2026-03-07T15:00:00+00:00,Non League Premier - Northern,Stocksbridge Park Steels,Morpeth Town,Over/Under Goals,Under 3.5,1.27,,,WON,
2026-03-07T15:00:00+00:00,Non League Premier - Northern,Stockton Town,United of Manchester,Double Chance,Home/Draw,1.44,,,LOST,
2026-03-07T15:00:00+00:00,Non League Premier - Southern South,Chertsey Town,Basingstoke Town,1X2 / Match Winner,Home,1.7,,,WON,
2026-03-07T15:00:00+00:00,Non League Premier - Southern South,Dorchester Town,Poole Town,Double Chance,Home/Draw,1.62,,,WON,
2026-03-07T15:00:00+00:00,Non League Premier - Southern South,Farnham Town,Hanwell Town,BTTS,Yes,1.59,,,WON,
2026-03-07T15:00:00+00:00,Non League Premier - Southern South,Gloucester City,Bracknell Town,1X2 / Match Winner,Home,1.55,,,WON,
2026-03-07T15:00:00+00:00,Non League Premier - Southern South,Gosport Borough,Sholing,Over/Under Goals,Over 2.5,1.6,,,WON,
2026-03-07T15:00:00+00:00,Non League Premier - Southern South,Havant & Wville,Walton & Hersham,Over/Under Goals,Under 3.5,1.46,,,LOST,
2026-03-07T15:00:00+00:00,Non League Premier - Southern South,Hungerford Town,Uxbridge,Over/Under Goals,Over 1.5,1.15,,,WON,
2026-03-07T15:00:00+00:00,Non League Premier - Southern South,Taunton Town,Plymouth Parkway,Over/Under Goals,Over 2.5,1.57,,,LOST,
2026-03-07T15:00:00+00:00,Non League Premier - Southern South,Tiverton Town,Weymouth,Over/Under Goals,Under 3.5,1.41,,,LOST,
2026-03-07T15:00:00+00:00,Non League Premier - Southern South,Yate Town,Wimborne Town,Double Chance,Home/Draw,1.44,,,WON,
2026-03-07T15:00:00+00:00,Premiership,Ballymena United,Portadown,Over/Under Goals,Under 3.5,1.28,,,WON,
2026-03-07T15:00:00+00:00,Premiership,Dundee,Motherwell,Over/Under Goals,Under 3.5,1.33,,,WON,
2026-03-07T15:15:00+00:00,La Liga,Levante,Girona,Over/Under Goals,Under 3.5,1.33,,,WON,
2026-03-07T15:15:00+00:00,Segunda Division,Huesca,Albacete,Over/Under Goals,Under 3.5,1.22,,,WON,
2026-03-07T15:15:00+00:00,Segunda Division,Real Sociedad II,Castellón,Over/Under Goals,Under 3.5,1.38,,,LOST,
2026-03-07T15:30:00+00:00,Eerste Divisie,Almere City FC,ADO Den Haag,Team Total Goals,Under 2.5,1.18,,,WON,
2026-03-07T15:30:00+00:00,Eredivisie,Groningen,Ajax,Asian Handicap,Home +0.5,1.62,,,WON,
2026-03-07T15:30:00+00:00,Primeira Liga,Alverca,AVS,Over/Under Goals,Over 1.5,1.3,,,LOST,
2026-03-07T15:30:00+00:00,Primeira Liga,Moreirense,Nacional,Over/Under Goals,Under 3.5,1.25,,,WON,
2026-03-07T16:00:00+00:00,Ligue 1,Nantes,Angers,Over/Under Goals,Under 3.5,1.2,,,WON,
2026-03-07T16:00:00+00:00,Premier League,Nizhny Novgorod,FC Sochi,Over/Under Goals,Under 3.5,1.2,,,WON,
2026-03-07T16:15:00+00:00,Prva HNL,NK Lokomotiva Zagreb,NK Varazdin,Over/Under Goals,Over 1.5,1.35,,,WON,
2026-03-07T16:15:00+00:00,Serie B,Venezia,Reggiana,Over/Under Goals,Under 3.5,1.45,,,WON,
2026-03-07T16:30:00+00:00,Ekstraklasa,Piast Gliwice,Zaglebie Lubin,Over/Under Goals,Under 3.5,1.25,,,LOST,
2026-03-07T17:00:00+00:00,National 2 - Group C,Nimes,Grasse,Double Chance,Home/Draw,1.18,,,WON,
2026-03-07T17:00:00+00:00,Serie A,Atalanta,Udinese,Over/Under Goals,Over 1.5,1.28,,,WON,
2026-03-07T17:00:00+00:00,Super League,FC Sion,FC Winterthur,1X2 / Match Winner,Home,1.32,,,LOST,
2026-03-07T17:00:00+00:00,Super League,Servette FC,FC Zurich,Over/Under Goals,Over 1.5,1.2,,,WON,
2026-03-07T17:00:00+00:00,Super Lig,Beşiktaş,Galatasaray,Asian Handicap,Home +0.5,1.62,,,LOST,
2026-03-07T17:00:00+00:00,TFF 1. Lig,Amed,Serik Spor,Team Total Goals,Over 1.5,1.16,,,LOST,
2026-03-07T17:15:00+00:00,Jupiler Pro League,Dender,Charleroi,Over/Under Goals,Under 3.5,1.3,,,LOST,
2026-03-07T17:30:00+00:00,Bundesliga 1,1. FC Köln,Borussia Dortmund,Over/Under Goals,Over 1.5,1.18,,,WON,
2026-03-07T17:30:00+00:00,La Liga,Atletico Madrid,Real Sociedad,Over/Under Goals,Over 1.5,1.25,,,WON,
2026-03-07T17:30:00+00:00,National League,Carlisle,Southend,Double Chance,Home/Draw,1.4,,,WON,
2026-03-07T17:30:00+00:00,Pro League,Baniyas SC,Al-Wasl FC,Over/Under Goals,Under 3.5,1.36,,,WON,
2026-03-07T17:30:00+00:00,Pro League,Shabab Al Ahli Dubai,Al Wahda FC,Over/Under Goals,Under 3.5,1.44,,,WON,
2026-03-07T17:30:00+00:00,Pro League,Sharjah FC,Dibba Al-Fujairah,Over/Under Goals,Under 3.5,1.47,,,LOST,
2026-03-07T17:30:00+00:00,Segunda Division,Burgos,Mirandes,Over/Under Goals,Under 3.5,1.2,,,WON,
2026-03-07T18:00:00+00:00,Liga 3,Varzim,Academica,Over/Under Goals,Under 3.5,1.25,,,WON,
2026-03-07T18:00:00+00:00,Ligue 1,Auxerre,Strasbourg,Over/Under Goals,Under 3.5,1.28,,,WON,
2026-03-07T18:00:00+00:00,Primeira Liga,SC Braga,Sporting CP,Team Total Goals,Under 2.5,1.2,,,WON,
2026-03-07T18:30:00+00:00,Serie B,Modena,Cesena,Team Total Goals,Over 0.5,1.18,,,LOST,
2026-03-07T19:00:00+00:00,Eredivisie,PSV Eindhoven,AZ Alkmaar,Result + Total Goals,Home/Over 1.5,1.45,,,WON,
2026-03-07T19:00:00+00:00,Goiano - 1,Atletico Goianiense,Goias,Over/Under Goals,Under 3.5,1.18,,,WON,
2026-03-07T19:00:00+00:00,Ligue 2,Saint Etienne,RED Star FC 93,Team Total Goals,Over 0.5,1.17,,,WON,
2026-03-07T19:00:00+00:00,Pro League,Al Kholood,Al-Qadisiyah FC,1X2 / Match Winner,Away,1.42,,,WON,
2026-03-07T19:00:00+00:00,Pro League,Al Okhdood,Al-Fayha,Team Total Goals,Over 0.5,1.45,,,LOST,
2026-03-07T19:00:00+00:00,Pro League,Al-Ettifaq,Al Shabab,BTTS,Yes,1.53,,,WON,
2026-03-07T19:00:00+00:00,Pro League,Al-Nassr,NEOM,Over/Under Goals,Under 3.5,1.7,,,WON,
2026-03-07T19:15:00+00:00,Ekstraklasa,Widzew Łódź,Lech Poznan,Over/Under Goals,Under 3.5,1.42,,,WON,
2026-03-07T19:30:00+00:00,Bundesliga 2,VfL Bochum,1. FC Kaiserslautern,Asian Handicap,Home +0,1.55,,,WON,
2026-03-07T19:30:00+00:00,Super League,FC Lugano,FC Luzern,Over/Under Goals,Over 1.5,1.2,,,WON,
2026-03-07T19:45:00+00:00,Jupiler Pro League,Union St. Gilloise,Genk,1X2 / Match Winner,Home,1.66,,,WON,
2026-03-07T19:45:00+00:00,Serie A,Juventus,Pisa,Over/Under Goals,Under 3.5,1.5,,,LOST,
2026-03-07T20:00:00+00:00,Eredivisie,Excelsior,Heerenveen,Over/Under Goals,Over 1.5,1.2,,,WON,
2026-03-07T20:00:00+00:00,FA Cup,Newcastle,Manchester City,BTTS,Yes,1.48,,,WON,
2026-03-07T20:00:00+00:00,La Liga,Athletic Club,Barcelona,Over/Under Goals,Over 1.5,1.15,,,LOST,
2026-03-07T20:00:00+00:00,Segunda Division,Malaga,Valladolid,Asian Handicap,Home +0,1.42,,,WON,
2026-03-07T20:05:00+00:00,Ligue 1,Toulouse,Marseille,Double Chance,Home/Draw,1.67,,,LOST,
2026-03-07T20:30:00+00:00,Primeira Liga,Estoril,Casa Pia,Team Total Goals,Over 0.5,1.15,,,LOST,
2026-03-07T21:00:00+00:00,Primera A,Águilas Doradas,Atletico Nacional,Over/Under Goals,Under 3.5,1.25,,,WON,
2026-03-07T21:30:00+00:00,Division Profesional - Apertura,Club Guarani,Cerro Porteno,1X2 / Match Winner,Draw,3.6,,,LOST,
2026-03-07T23:00:00+00:00,Liga MX,Club Queretaro,Club America,Double Chance,Draw/Away,1.17,,,WON,
2026-03-07T23:00:00+00:00,Liga MX,Cruz Azul,Atletico San Luis,1X2 / Match Winner,Home,1.5,,,WON,
2026-03-07T23:00:00+00:00,Liga de Expansión MX,Atlante FC,Monarcas,Over/Under Goals,Under 3.5,1.33,,,WON,
2026-03-07T23:30:00+00:00,Division Profesional - Apertura,Libertad Asuncion,Sportivo Luqueno,Asian Handicap,Home +0.5,1.19,,,WON,
2026-03-08T00:00:00+00:00,Liga Pro,Libertad,LDU de Quito,Asian Handicap,Home +1.25,1.4,,,WON,
2026-03-08T00:00:00+00:00,Primera Division,Cusco,Deportivo Garcilaso,Asian Handicap,Home +0,1.4,,,WON,
2026-03-08T00:30:00+00:00,Major League Soccer,Atlanta United FC,Real Salt Lake,Asian Handicap,Home +0,1.55,,,LOST,
2026-03-08T00:30:00+00:00,Major League Soccer,Charlotte,Austin,Team Total Goals,Over 0.5,1.4,,,WON,
2026-03-08T00:30:00+00:00,Major League Soccer,Columbus Crew,Chicago Fire,Asian Handicap,Home +0,1.45,,,WON,
2026-03-08T00:30:00+00:00,Major League Soccer,Philadelphia Union,San Jose Earthquakes,Over/Under Goals,Over 1.5,1.22,,,LOST,
2026-03-08T00:30:00+00:00,Primera División,Academia Anzoátegui,Puerto Cabello,Over/Under Goals,Under 3.5,1.22,,,WON,
2026-03-08T01:00:00+00:00,Liga de Expansión MX,Irapuato,Alebrijes de Oaxaca,Asian Handicap,Home +0,1.53,,,WON,
2026-03-08T01:05:00+00:00,Liga MX,Atlas,Guadalajara Chivas,Team Total Goals,Over 0.5,1.62,,,WON,
2026-03-08T01:06:00+00:00,Liga MX,Pachuca,Puebla,Over/Under Goals,Under 3.5,1.38,,,WON,
2026-03-08T01:30:00+00:00,Major League Soccer,Nashville SC,Minnesota United FC,Team Total Goals,Over 1.5,1.65,,,WON,
2026-03-08T01:30:00+00:00,Major League Soccer,Sporting Kansas City,San Diego,Over/Under Goals,Over 2.5,1.55,,,LOST,
2026-03-08T01:30:00+00:00,Major League Soccer,St. Louis City,Seattle Sounders,Team Total Goals,Over 0.5,1.2,,,WON,
2026-03-08T02:00:00+00:00,A-League,Auckland,Perth Glory,1X2 / Match Winner,Home,1.47,,,LOST,
2026-03-08T02:30:00+00:00,Major League Soccer,Colorado Rapids,Los Angeles Galaxy,Over/Under Goals,Under 3.5,1.62,,,LOST,
2026-03-08T03:00:00+00:00,Liga MX,Tigres UANL,Monterrey,Over/Under Goals,Over 2.5,1.7,,,LOST,
2026-03-08T03:00:00+00:00,Liga de Expansión MX,CA La Paz,Tlaxcala,Over/Under Goals,Under 3.5,1.5,,,WON,
2026-03-08T03:30:00+00:00,Major League Soccer,Los Angeles FC,FC Dallas,Over/Under Goals,Under 3.5,1.7,,,WON,
2026-03-08T03:30:00+00:00,Major League Soccer,Portland Timbers,Vancouver Whitecaps,Over/Under Goals,Under 3.5,1.55,,,LOST,
2026-03-08T03:55:00+00:00,J. League Div.1,Fagiano Okayama,Kyoto Sanga,Team Total Goals,Over 0.5,1.25,,,LOST,
2026-03-08T04:00:00+00:00,New South Wales NPL 2,Central Coast II,Bankstown City Lions,Double Chance,Home/Draw,1.57,,,LOST,
2026-03-08T04:00:00+00:00,New South Wales NPL,Wollongong Wolves,Sydney FC U23,Over/Under Goals,Over 1.5,1.17,,,WON,
2026-03-08T04:00:00+00:00,Victoria NPL,Melbourne City II,Oakleigh Cannons,Over/Under Goals,Over 2.5,1.45,,,LOST,
2026-03-08T04:00:00+00:00,Victoria NPL,Preston Lions,Heidelberg United,Over/Under Goals,Under 3.5,1.42,,,WON,
2026-03-08T05:00:00+00:00,K-League Classic,Gimcheon Sangmu FC,Jeonbuk Motors,Double Chance,Home/Draw,1.57,,,WON,
2026-03-08T05:00:00+00:00,New South Wales NPL 2,Prospect United,Hills Brumbies,Team Total Goals,Over 0.5,1.21,,,WON,
2026-03-08T06:00:00+00:00,J. League Div.1,Gamba Osaka,V-varen Nagasaki,Asian Handicap,Home +0,1.57,,,WON,
2026-03-08T07:30:00+00:00,K-League Classic,FC Anyang,Jeju United FC,Over/Under Goals,Under 3.5,1.3,,,WON,
2026-03-08T07:30:00+00:00,Super League,Hangzhou Greentown,Qingdao Youth Island,1X2 / Match Winner,Draw,3.91,,,LOST,
2026-03-08T08:00:00+00:00,First League,Enisey,KAMAZ,Over/Under Goals,Under 3.5,1.15,,,WON,
2026-03-08T09:00:00+00:00,Liga II,Metalul Buzău,Gloria Bistriţa,Over/Under Goals,Under 3.5,1.3,,,LOST,
2026-03-08T09:00:00+00:00,Premier League,FC Orenburg,Zenit,Over/Under Goals,Under 3.5,1.35,,,WON,
2026-03-08T09:15:00+00:00,4. liga - Divizie C,Chlumec nad Cidlinou,Hlinsko,1X2 / Match Winner,Home,1.67,,,WON,
2026-03-08T09:30:00+00:00,Erste Liga,Admira Wacker,Austria Klagenfurt,Result + Total Goals,Home/Over 1.5,1.6,,,LOST,
2026-03-08T10:00:00+00:00,Liga II,CSM Reşiţa,Corvinul Hunedoara,Team Total Goals,Under 2.5,1.2,,,LOST,
2026-03-08T10:30:00+00:00,Super Lig,Gaziantep FK,Fatih Karagümrük,Over/Under Goals,Under 3.5,1.33,,,WON,
2026-03-08T10:30:00+00:00,Super Lig,Rizespor,Antalyaspor,Asian Handicap,Home +0.5,1.15,,,WON,
2026-03-08T11:00:00+00:00,III Liga - Group 3,Zagłębie Lubin II,Górnik Polkowice,Double Chance,Home/Draw,1.5,,,LOST,
2026-03-08T11:00:00+00:00,Liga 3,Mafra,Guimaraes B,Over/Under Goals,Under 3.5,1.17,,,WON,
2026-03-08T11:00:00+00:00,Premier League,Zorya Luhansk,SK Poltava,Over/Under Goals,Over 1.5,1.2,,,WON,
2026-03-08T11:00:00+00:00,Premyer Liqa,Keshla FC,Mil-Muğan,Over/Under Goals,Under 2.5,1.44,,,WON,
2026-03-08T11:00:00+00:00,Segunda Liga,Felgueiras 1932,Vizela,Over/Under Goals,Under 3.5,1.2,,,WON,
2026-03-08T11:00:00+00:00,Super League,Wuhan Three Towns,Beijing Guoan,Over/Under Goals,Over 2.5,1.45,,,LOST,
2026-03-08T11:15:00+00:00,Eerste Divisie,De Graafschap,Vitesse,Team Total Goals,Over 1.5,1.53,,,LOST,
2026-03-08T11:15:00+00:00,Ekstraklasa,Motor Lublin,Gornik Zabrze,Over/Under Goals,Over 1.5,1.25,,,LOST,
2026-03-08T11:15:00+00:00,Eredivisie,Sparta Rotterdam,PEC Zwolle,Over/Under Goals,Over 1.5,1.18,,,WON,
2026-03-08T11:15:00+00:00,First NL,HNK Cibalia,Karlovac 1919,Double Chance,Home/Draw,1.17,,,LOST,
2026-03-08T11:30:00+00:00,Premier League,Krylia Sovetov,Dinamo Makhachkala,Over/Under Goals,Under 2.5,1.44,,,WON,
2026-03-08T11:30:00+00:00,Serie A,Lecce,Cremonese,Over/Under Goals,Under 3.5,1.15,,,WON,
2026-03-08T11:30:00+00:00,Serie C - Girone B,Forli,Livorno,Asian Handicap,Home +0,1.5,,,WON,
2026-03-08T11:30:00+00:00,Serie C - Girone B,Juventus U23,Vis Pesaro,Over/Under Goals,Under 3.5,1.22,,,LOST,
2026-03-08T12:00:00+00:00,Czech Liga,Baník Ostrava,Zlin,Team Total Goals,Under 2.5,1.2,,,LOST,
2026-03-08T12:00:00+00:00,FA Cup,Fulham,Southampton,Over/Under Goals,Under 3.5,1.57,,,WON,
2026-03-08T12:00:00+00:00,League One,AFC Wimbledon,Northampton,Asian Handicap,Home +0,1.5,,,WON,
2026-03-08T12:00:00+00:00,Premier League,Mekelakeya,Welwalo Adigrat Uni,Double Chance,Home/Draw,1.18,,,WON,
2026-03-08T12:00:00+00:00,Premier League,Sheger Ketema,Kedus Giorgis,Over/Under Goals,Under 2.5,1.33,,,WON,
2026-03-08T12:00:00+00:00,Prva Liga,OFK Vršac,Zemun,Double Chance,Home/Draw,1.4,,,WON,
2026-03-08T12:00:00+00:00,Superliga,Drenica Skënderaj,Dukagjini,Over/Under Goals,Under 2.5,1.55,,,LOST,
2026-03-08T12:00:00+00:00,Thai League 1,BG Pathum United,Chonburi FC,Asian Handicap,Home +0.5,1.15,,,LOST,
2026-03-08T12:30:00+00:00,3. Liga,Waldhof Mannheim,Havelse,Over/Under Goals,Over 1.5,1.18,,,WON,
2026-03-08T12:30:00+00:00,Bundesliga 2,Hannover 96,SpVgg Greuther Fürth,Over/Under Goals,Under 3.5,1.6,,,WON,
2026-03-08T12:30:00+00:00,Bundesliga 2,Karlsruher SC,Dynamo Dresden,Over/Under Goals,Over 1.5,1.22,,,WON,
2026-03-08T12:30:00+00:00,Bundesliga 2,Preußen Münster,Hertha BSC,Over/Under Goals,Over 1.5,1.22,,,WON,
2026-03-08T12:30:00+00:00,Challenger Pro League,Lokeren-Temse,SK Beveren,1X2 / Match Winner,Away,1.62,,,WON,
2026-03-08T12:30:00+00:00,Jupiler Pro League,Club Brugge KV,Anderlecht,Over/Under Goals,Over 1.5,1.18,,,WON,
2026-03-08T12:30:00+00:00,Liga I,Oţelul,AFC Hermannstadt,Over/Under Goals,Over 1.5,1.36,,,WON,
2026-03-08T13:00:00+00:00,Derde Divisie - Saturday,ADO '20,Hsc 21,1X2 / Match Winner,Home,1.25,,,WON,
2026-03-08T13:00:00+00:00,First League,Bashkimi Kumanovo,Makedonija GjP,Over/Under Goals,Under 3.5,1.32,,,WON,
2026-03-08T13:00:00+00:00,First League,Tikveš,Pelister,Asian Handicap,Away -1.25,1.54,,,WON,
2026-03-08T13:00:00+00:00,First League,Torpedo Moskva,Rodina Moskva,Over/Under Goals,Under 3.5,1.19,,,WON,
2026-03-08T13:00:00+00:00,La Liga,Villarreal,Elche,Over/Under Goals,Over 1.5,1.2,,,WON,
2026-03-08T13:00:00+00:00,Premier League,Hamrun Spartans,Birkirkara,1X2 / Match Winner,Home,1.42,,,WON,
2026-03-08T13:00:00+00:00,Prva Liga,Tekstilac Odžaci,Loznica,BTTS,No,1.65,,,LOST,
2026-03-08T13:00:00+00:00,Second League,Berane,Internacional Podgorica,1X2 / Match Winner,Home,1.64,,,WON,
2026-03-08T13:00:00+00:00,Segunda Division,Las Palmas,AD Ceuta FC,Asian Handicap,Home +0.5,1.16,,,WON,
2026-03-08T13:00:00+00:00,Super League,NAPSA Stars,Green Buffaloes,Over/Under Goals,Under 2.5,1.33,,,WON,
2026-03-08T13:00:00+00:00,Super League,ZESCO United,Power Dynamos,Over/Under Goals,Under 2.5,1.33,,,LOST,
2026-03-08T13:00:00+00:00,Super Lig,Konyaspor,Kasımpaşa,Over/Under Goals,Under 3.5,1.25,,,WON,
2026-03-08T13:00:00+00:00,Super Liga,Radnik Surdulica,Radnicki NIS,Double Chance,Draw/Away,1.65,,,WON,
2026-03-08T13:30:00+00:00,Derde Divisie - Sunday,Groene Ster,UNA,Asian Handicap,Home +0.25,1.42,,,LOST,
2026-03-08T13:30:00+00:00,Eerste Divisie,Willem II,Den Bosch,Over/Under Goals,Under 3.5,1.67,,,WON,
2026-03-08T13:30:00+00:00,Eredivisie,Fortuna Sittard,Telstar,Over/Under Goals,Over 1.5,1.22,,,WON,
2026-03-08T13:30:00+00:00,Eredivisie,GO Ahead Eagles,Twente,Over/Under Goals,Under 3.5,1.55,,,LOST,
2026-03-08T13:30:00+00:00,FA Cup,Port Vale,Sunderland,1X2 / Match Winner,Away,1.46,,,LOST,
2026-03-08T13:30:00+00:00,Premier League,Karpaty,Kudrivka,Team Total Goals,Under 2.5,1.28,,,WON,
2026-03-08T13:30:00+00:00,Serie C - Girone B,Athletic Carpi,Torres,Over/Under Goals,Under 3.5,1.28,,,WON,
2026-03-08T13:30:00+00:00,Serie C - Girone B,Pianese,Pineto,Over/Under Goals,Under 3.5,1.17,,,WON,
2026-03-08T13:45:00+00:00,Ekstraklasa,Radomiak Radom,GKS Katowice,Over/Under Goals,Under 3.5,1.45,,,WON,
2026-03-08T14:00:00+00:00,1. Division,Apollon Limassol,AEL,Over/Under Goals,Under 3.5,1.28,,,WON,
2026-03-08T14:00:00+00:00,1. Division,Enosis,Aris,Over/Under Goals,Under 3.5,1.83,,,LOST,
2026-03-08T14:00:00+00:00,Ligue 1,Lens,Metz,Over/Under Goals,Over 1.5,1.15,,,WON,
2026-03-08T14:00:00+00:00,Premier League,Rubin,FC Krasnodar,Team Total Goals,Under 2.5,1.19,,,WON,
2026-03-08T14:00:00+00:00,Prva HNL,HNK Hajduk Split,Dinamo Zagreb,Over/Under Goals,Under 3.5,1.3,,,LOST,
2026-03-08T14:00:00+00:00,Second League,Igalo,Grbalj,Double Chance,Draw/Away,1.17,,,WON,
2026-03-08T14:00:00+00:00,Segunda Liga,Leixoes,União de Leiria,BTTS,Yes,1.7,,,WON,
2026-03-08T14:00:00+00:00,Serie A,Bologna,Hellas Verona,Over/Under Goals,Under 3.5,1.25,,,WON,
2026-03-08T14:00:00+00:00,Serie A,Fiorentina,Parma,Over/Under Goals,Under 3.5,1.3,,,WON,
2026-03-08T14:00:00+00:00,Serie B,Catanzaro,Empoli,Team Total Goals,Over 0.5,1.2,,,WON,
2026-03-08T14:00:00+00:00,Serie B,Frosinone,Sampdoria,Asian Handicap,Home +0,1.45,,,WON,
2026-03-08T14:00:00+00:00,Serie B,Mantova,Juve Stabia,Double Chance,Home/Draw,1.45,,,WON,
2026-03-08T14:00:00+00:00,Super League,Selangor,Imigresen,Over/Under Goals,Under 3.5,1.62,,,LOST,
2026-03-08T14:00:00+00:00,Superliga,Bylis,Vora,Over/Under Goals,Under 3.5,1.65,,,WON,
2026-03-08T14:00:00+00:00,Superliga,Tirana,AF Elbasani,Over/Under Goals,Under 3.5,1.21,,,WON,
2026-03-08T14:30:00+00:00,Bundesliga 1,FC St. Pauli,Eintracht Frankfurt,Over/Under Goals,Under 3.5,1.3,,,WON,
2026-03-08T14:30:00+00:00,Czech Liga,Hradec Králové,Plzen,Over/Under Goals,Under 3.5,1.3,,,WON,
2026-03-08T14:30:00+00:00,Czech Liga,Karviná,Pardubice,Over/Under Goals,Under 3.5,1.42,,,WON,
2026-03-08T14:30:00+00:00,Second League,Lovćen,Otrant-Olympic,Over/Under Goals,Under 3.5,1.5,,,LOST,
2026-03-08T15:00:00+00:00,1. Division,Apoel Nicosia,Anorthosis,Over/Under Goals,Under 3.5,1.28,,,WON,
2026-03-08T15:00:00+00:00,Campeonato de Portugal Prio - Group A,Bragança,Monção,Over/Under Goals,Over 1.5,1.23,,,WON,
2026-03-08T15:00:00+00:00,Campeonato de Portugal Prio - Group A,Camacha,AR São Martinho,Over/Under Goals,Under 3.5,1.16,,,WON,
2026-03-08T15:00:00+00:00,Campeonato de Portugal Prio - Group A,Celoricense,Tirsense,Asian Handicap,Home +0,1.45,,,WON,
2026-03-08T15:00:00+00:00,Campeonato de Portugal Prio - Group A,Machico,Brito,Asian Handicap,Home +0,1.43,,,WON,
2026-03-08T15:00:00+00:00,Campeonato de Portugal Prio - Group A,Mirandela,Os Limianos,Over/Under Goals,Under 3.5,1.17,,,WON,
2026-03-08T15:00:00+00:00,Campeonato de Portugal Prio - Group A,Ribeira Brava,Chaves II,Over/Under Goals,Under 3.5,1.18,,,WON,
2026-03-08T15:00:00+00:00,Campeonato de Portugal Prio - Group A,Vilaverdense,Vianense,Over/Under Goals,Under 3.5,1.22,,,WON,
2026-03-08T15:00:00+00:00,Campeonato de Portugal Prio - Group D,FC Serpa,Sintrense,Double Chance,Draw/Away,1.5,,,LOST,
2026-03-08T15:00:00+00:00,Challenger Pro League,Seraing United,Francs Borains,Over/Under Goals,Under 3.5,1.28,,,LOST,
2026-03-08T15:00:00+00:00,Jupiler Pro League,Gent,KV Mechelen,Over/Under Goals,Over 1.5,1.2,,,WON,
2026-03-08T15:00:00+00:00,Liga 3,Amarante,Trofense,Over/Under Goals,Under 2.5,1.46,,,WON,
2026-03-08T15:00:00+00:00,Liga 3,Paredes,Fafe,Over/Under Goals,Under 3.5,1.17,,,WON,
2026-03-08T15:00:00+00:00,Liga 3,Sanjoanense,AD Marco 09,Over/Under Goals,Under 2.5,1.57,,,WON,
2026-03-08T15:00:00+00:00,Liga 3,São João Ver,SC Braga B,Over/Under Goals,Under 3.5,1.19,,,WON,
2026-03-08T15:00:00+00:00,Liga I,Arges Pitesti,Unirea Slobozia,Over/Under Goals,Under 3.5,1.22,,,WON,
2026-03-08T15:00:00+00:00,National Division,AS Jeunesse Esch,Jeunesse Canach,Team Total Goals,Over 0.5,1.17,,,LOST,
2026-03-08T15:00:00+00:00,National Division,FC Differdange 03,US Hostert,Over/Under Goals,Under 3.5,1.5,,,LOST,
2026-03-08T15:00:00+00:00,National Division,Rodange 91,F91 Dudelange,Over/Under Goals,Under 3.5,1.77,,,WON,
2026-03-08T15:00:00+00:00,National Division,Swift Hesperange,Mamer,Team Total Goals,Over 0.5,1.4,,,WON,
2026-03-08T15:00:00+00:00,National Division,UNA Strassen,Progres Niederkorn,Over/Under Goals,Under 3.5,1.3,,,WON,
2026-03-08T15:00:00+00:00,National Division,US Mondorf-les-bains,Racing FC Union Luxembourg,Over/Under Goals,Over 1.5,1.28,,,WON,
2026-03-08T15:00:00+00:00,National Division,Union Titus Petange,UN Kaerjeng 97,Over/Under Goals,Under 3.5,1.36,,,WON,
2026-03-08T15:00:00+00:00,National Division,Victoria Rosport,Atert Bissen,Team Total Goals,Over 0.5,1.42,,,WON,
2026-03-08T15:00:00+00:00,Premier League,Mebrat Hayl,Ethiopia Bunna,Over/Under Goals,Under 2.5,1.3,,,LOST,
2026-03-08T15:00:00+00:00,Premier League,Valletta FC,Tarxien Rainbows,Over/Under Goals,Under 2.5,1.93,,,LOST,
2026-03-08T15:00:00+00:00,Premier League,Welayta Dicha,Sidama Bunna,Over/Under Goals,Under 2.5,1.31,,,LOST,
2026-03-08T15:00:00+00:00,Super Liga,FK Spartak Zdrepceva KRV,IMT Novi Beograd,Double Chance,Draw/Away,1.45,,,WON,
2026-03-08T15:15:00+00:00,La Liga,Getafe,Real Betis,Over/Under Goals,Under 3.5,1.16,,,WON,
2026-03-08T15:15:00+00:00,Premyer Liqa,Qarabag,Araz,Over/Under Goals,Over 1.5,1.17,,,WON,
2026-03-08T15:30:00+00:00,3. Liga,MSV Duisburg,FC Saarbrücken,Asian Handicap,Home +0,1.67,,,WON,
2026-03-08T15:30:00+00:00,Premier League,Marsaxlokk,Naxxar Lions,Asian Handicap,Home +0,1.4,,,WON,
2026-03-08T15:30:00+00:00,Primeira Liga,Estrela,GIL Vicente,Over/Under Goals,Over 1.5,1.42,,,WON,
2026-03-08T15:30:00+00:00,Segunda Liga,Maritimo,FC Porto B,Team Total Goals,Over 0.5,1.53,,,WON,
2026-03-08T15:45:00+00:00,Eerste Divisie,Cambuur,Jong Utrecht,1X2 / Match Winner,Home,1.46,,,WON,
2026-03-08T15:45:00+00:00,Eredivisie,NAC Breda,Feyenoord,Over/Under Goals,Under 3.5,1.5,,,LOST,
2026-03-08T16:00:00+00:00,Liga Pro,Aucas,Deportivo Cuenca,Over/Under Goals,Under 3.5,1.28,,,WON,
2026-03-08T16:00:00+00:00,Premier League,Polessya,Dynamo Kyiv,Over/Under Goals,Over 1.5,1.38,,,WON,
2026-03-08T16:00:00+00:00,Première Division,Derby Academie,Djoliba,Over/Under Goals,Under 2.5,1.4,,,WON,
2026-03-08T16:15:00+00:00,Ligue 1,Lille,Lorient,Over/Under Goals,Under 3.5,1.33,,,WON,
2026-03-08T16:15:00+00:00,Ligue 1,Nice,Rennes,Asian Handicap,Away -0.5,1.48,,,WON,
2026-03-08T16:15:00+00:00,Ligue 1,Stade Brestois 29,Le Havre,Asian Handicap,Home +0,1.4,,,WON,
2026-03-08T16:15:00+00:00,Serie B,Carrarese,Palermo,Over/Under Goals,Under 3.5,1.3,,,WON,
2026-03-08T16:30:00+00:00,Bundesliga 1,Union Berlin,Werder Bremen,Over/Under Goals,Under 3.5,1.3,,,LOST,
2026-03-08T16:30:00+00:00,Championship,QPR,Middlesbrough,Over/Under Goals,Over 1.5,1.3,,,WON,
2026-03-08T16:30:00+00:00,Ekstraklasa,Raków Częstochowa,Pogon Szczecin,Over/Under Goals,Under 3.5,1.42,,,WON,
2026-03-08T16:30:00+00:00,FA Cup,Leeds,Norwich,Over/Under Goals,Under 3.5,1.5,,,WON,
2026-03-08T16:30:00+00:00,Premier League,CSKA Moscow,Dynamo,Asian Handicap,Home +0.25,1.48,,,LOST,
2026-03-08T16:30:00+00:00,Serie C - Girone B,Guidonia Montecelio 1937,Sambenedettese,Over/Under Goals,Under 3.5,1.17,,,WON,
2026-03-08T16:45:00+00:00,Prva HNL,Vukovar,HNK Rijeka,Over/Under Goals,Over 1.5,1.28,,,LOST,
2026-03-08T17:00:00+00:00,Serie A,Genoa,AS Roma,Over/Under Goals,Under 3.5,1.2,,,WON,
2026-03-08T17:00:00+00:00,Super Lig,Fenerbahçe,Samsunspor,Asian Handicap,Home +0.25,1.15,,,WON,
2026-03-08T17:00:00+00:00,Super Liga,Vojvodina,FK Partizan,Asian Handicap,Home +0,1.62,,,WON,
2026-03-08T17:00:00+00:00,Superliga,Flamurtari,Vllaznia Shkodër,Over/Under Goals,Over 1.5,1.4,,,LOST,
2026-03-08T17:00:00+00:00,USL Super League,Lexington W,Dallas Trinity W,Over/Under Goals,Under 3.5,1.5,,,WON,
2026-03-08T17:30:00+00:00,Czech Liga,Slavia Praha,Sparta Praha,Over/Under Goals,Over 1.5,1.3,,,WON,
2026-03-08T17:30:00+00:00,Jupiler Pro League,Zulte Waregem,Standard Liege,Double Chance,Draw/Away,1.7,,,WON,
2026-03-08T17:30:00+00:00,La Liga,Sevilla,Rayo Vallecano,Asian Handicap,Home +0.25,1.48,,,WON,
2026-03-08T17:30:00+00:00,Segunda Division,Leganes,Eibar,Over/Under Goals,Under 3.5,1.17,,,WON,
2026-03-08T17:30:00+00:00,Segunda Division,Racing Santander,Cordoba,Asian Handicap,Home +0,1.55,,,WON,
2026-03-08T18:00:00+00:00,Liga I,Rapid,Universitatea Craiova,Over/Under Goals,Over 1.5,1.36,,,WON,
2026-03-08T18:00:00+00:00,Première Division,Réal Bamako,Onze Créateurs,Asian Handicap,Away -1.25,1.44,,,LOST,
2026-03-08T18:00:00+00:00,Primeira Liga,Benfica,FC Porto,Asian Handicap,Home +0,1.5,,,WON,
2026-03-08T18:00:00+00:00,Segunda Liga,Lusitânia Lourosa,Sporting CP B,Over/Under Goals,Under 3.5,1.28,,,WON,
2026-03-08T18:15:00+00:00,Jupiler Pro League,St. Truiden,Cercle Brugge,Team Total Goals,Over 0.5,1.16,,,WON,
2026-03-08T18:15:00+00:00,Primera Division,ADT,Juan Pablo II College,Over/Under Goals,Under 3.5,1.35,,,LOST,
2026-03-08T18:30:00+00:00,3. Liga,FC Ingolstadt 04,Verl,Over/Under Goals,Under 3.5,1.7,,,WON,
2026-03-08T18:30:00+00:00,Liga Pro,Macara,Tecnico Universitario,Over/Under Goals,Under 3.5,1.15,,,WON,
2026-03-08T18:30:00+00:00,Serie B,Pescara,Bari,Over/Under Goals,Under 3.5,1.3,,,LOST,
2026-03-08T19:00:00+00:00,Carioca - 1,Nova Iguaçu,Sampaio Corrêa RJ,Over/Under Goals,Under 3.5,1.28,,,WON,
2026-03-08T19:00:00+00:00,Carioca - 1,Portuguesa RJ,CFRJ / Maricá,Over/Under Goals,Under 3.5,1.25,,,LOST,
2026-03-08T19:00:00+00:00,Eredivisie,NEC Nijmegen,FC Volendam,Result + Total Goals,Home/Over 1.5,1.42,,,WON,
2026-03-08T19:00:00+00:00,Potiguar,QFC,ABC,Team Total Goals,Over 0.5,1.6,,,WON,
2026-03-08T19:15:00+00:00,Ekstraklasa,Legia Warszawa,Cracovia Krakow,Over/Under Goals,Under 3.5,1.22,,,WON,
2026-03-08T19:30:00+00:00,Serie C - Girone B,Ternana,Gubbio,1X2 / Match Winner,Home,1.67,,,LOST,
2026-03-08T19:45:00+00:00,Ligue 1,Lyon,Paris FC,Double Chance,Home/Draw,1.15,,,WON,
2026-03-08T19:45:00+00:00,Serie A,AC Milan,Inter,Over/Under Goals,Under 3.5,1.3,,,WON,
2026-03-08T20:00:00+00:00,La Liga,Valencia,Alaves,Over/Under Goals,Under 3.5,1.2,,,LOST,
2026-03-08T20:00:00+00:00,Liga 3,União Santarém,CF Os Belenenses,Over/Under Goals,Under 3.5,1.16,,,WON,
2026-03-08T20:00:00+00:00,Segunda Division,Deportivo La Coruna,Granada CF,Over/Under Goals,Under 3.5,1.22,,,WON,
2026-03-08T20:00:00+00:00,Sergipano,AO Itabaiana,América SE,1X2 / Match Winner,Home,1.64,,,WON,
2026-03-08T20:30:00+00:00,Primeira Liga,Santa Clara,Guimaraes,Asian Handicap,Away -0.5,1.5,,,LOST,
2026-03-08T20:30:00+00:00,Primera Division,Club Deportivo Los Chankas,Universitario,Team Total Goals,Over 0.5,1.55,,,WON,
2026-03-08T21:00:00+00:00,Catarinense - 1,Chapecoense-sc,Barra,Team Total Goals,Over 0.5,1.7,,,LOST,
2026-03-08T21:00:00+00:00,Gaúcho - 1,Internacional,Gremio,Over/Under Goals,Over 1.5,1.33,,,WON,
2026-03-08T21:00:00+00:00,Liga Pro,Universidad Catolica,Leones del Norte,Over/Under Goals,Under 3.5,1.22,,,WON,
2026-03-08T21:00:00+00:00,Mineiro - 1,Cruzeiro,Atletico-MG,Over/Under Goals,Over 1.5,1.57,,,LOST,
2026-03-08T21:00:00+00:00,Pernambucano - 1,Nautico Recife,Sport Recife,Over/Under Goals,Over 1.5,1.44,,,WON,
2026-03-08T22:00:00+00:00,Botola Pro,Renaissance Berkane,Difaa EL Jadida,1X2 / Match Winner,Home,1.5,,,WON,
2026-03-08T22:00:00+00:00,Botola Pro,UTS Rabat,Wydad AC,Over/Under Goals,Under 2.5,1.7,,,LOST,
2026-03-08T22:00:00+00:00,Division di Honor,La Fama,Dakota,1X2 / Match Winner,Away,1.45,,,WON,
2026-03-08T23:00:00+00:00,Liga MX,Toluca,FC Juarez,Over/Under Goals,Over 2.5,1.57,,,WON,
2026-03-08T23:00:00+00:00,Liga de Expansión MX,CDS Tampico Madero,Dorados,Over/Under Goals,Under 3.5,1.48,,,WON,
2026-03-08T23:00:00+00:00,Liga de Expansión MX,Tepatitlán,Mineros de Zacatecas,Team Total Goals,Over 0.5,1.17,,,WON,
2026-03-08T23:30:00+00:00,Paulista - A1,Novorizontino,Palmeiras,Over/Under Goals,Under 3.5,1.23,,,WON,
2026-03-09T00:00:00+00:00,MLS Next Pro,New York RB II,Inter Miami II,Result + Total Goals,Home/Over 2.5,1.65,,,WON,
2026-03-09T00:00:00+00:00,MLS Next Pro,Sporting KC II,Real Monarchs,Over/Under Goals,Over 2.5,1.44,,,WON,
2026-03-09T03:06:00+00:00,Liga MX,Club Tijuana,Santos Laguna,Over/Under Goals,Over 1.5,1.15,,,WON,
2026-03-09T09:00:00+00:00,Asian Cup Women,Bangladesh W,Uzbekistan W,Over/Under Goals,Under 3.5,1.41,,,LOST,
2026-03-09T09:00:00+00:00,Asian Cup Women,Korea DPR,China W,1X2 / Match Winner,Home,1.67,,,LOST,
2026-03-09T09:00:00+00:00,Victoria NPL 2,Melbourne Victory II,Bulleen Lions,Team Total Goals,Under 2.5,1.41,,,WON,
2026-03-09T09:30:00+00:00,National League,Thitsar Arman,Dagon,Over/Under Goals,Under 3.5,1.5,,,LOST,
2026-03-09T11:00:00+00:00,First League,Rotor Volgograd,Ural,Double Chance,Home/Draw,1.53,,,WON,
2026-03-09T12:00:00+00:00,First League,Shinnik Yaroslavl,FC UFA,Asian Handicap,Home +0,1.42,,,WON,
2026-03-09T12:00:00+00:00,Premier League,Bahardar,Negelle Arsi,Over/Under Goals,Under 2.5,1.4,,,WON,
2026-03-09T12:00:00+00:00,Premier League,Suhul Shire,Fasil Ketema,Over/Under Goals,Under 2.5,1.33,,,WON,
2026-03-09T13:00:00+00:00,Professional Development League,AFC Bournemouth U21,Brentford U21,Over/Under Goals,Over 2.5,1.4,,,WON,
2026-03-09T13:00:00+00:00,Prva Liga,Grafičar,Dubočica,Over/Under Goals,Under 3.5,1.16,,,WON,
2026-03-09T13:00:00+00:00,Prva Liga,Stepojevac Vaga,FK Trayal,Over/Under Goals,Under 3.5,1.16,,,LOST,
2026-03-09T13:00:00+00:00,Super Lig,Eyüpspor,Kocaelispor,Asian Handicap,Home +0.5,1.65,,,LOST,
2026-03-09T13:30:00+00:00,First League,Montana,Ludogorets,Over/Under Goals,Under 2.5,2.15,,,LOST,
2026-03-09T13:30:00+00:00,Liga 1,PSBS Biak Numfor,Semen Padang,Double Chance,Home/Draw,1.4,,,LOST,
2026-03-09T13:30:00+00:00,Liga 1,Persib Bandung,Persik Kediri,Result + Total Goals,Home/Over 1.5,1.5,,,WON,
2026-03-09T13:30:00+00:00,Premier League,Lokomotiv,Akhmat,Team Total Goals,Over 0.5,1.17,,,WON,
2026-03-09T13:30:00+00:00,Premier League,Ruh Lviv,Metalist 1925 Kharkiv,Over/Under Goals,Under 3.5,1.17,,,WON,
2026-03-09T14:00:00+00:00,First League,Arsenal Tula,Volga Ulyanovsk,Over/Under Goals,Under 3.5,1.17,,,WON,
2026-03-09T14:00:00+00:00,Prva Liga,Jedinstvo Ub,Semendrija 1924,Over/Under Goals,Under 3.5,1.16,,,WON,
2026-03-09T14:30:00+00:00,Premyer Liqa,Zira,Kapaz,Over/Under Goals,Under 3.5,1.29,,,LOST,
2026-03-09T15:00:00+00:00,Liga II,ASA Targu Mures,Chindia Targoviste,Over/Under Goals,Under 3.5,1.28,,,WON,
2026-03-09T15:00:00+00:00,Liga Revelação U23,Estrela U23,União Leiria U23,Team Total Goals,Over 0.5,1.15,,,LOST,
2026-03-09T15:00:00+00:00,Liga Revelação U23,Gil Vicente U23,Vizela U23,Over/Under Goals,Over 2.5,1.7,,,WON,
2026-03-09T15:00:00+00:00,Premier League,Dire Dawa Kenema,Ethiopia Nigd Bank,Asian Handicap,Home +0.25,1.42,,,LOST,
2026-03-09T15:00:00+00:00,Premier League,Ethiopian Medhin,Hadiya Hosaena,Over/Under Goals,Under 2.5,1.36,,,WON,
2026-03-09T16:00:00+00:00,First League,Levski Sofia,Lokomotiv Plovdiv,Team Total Goals,Over 1.5,1.48,,,LOST,
2026-03-09T16:00:00+00:00,Premier League,Spartak Moscow,Akron,Over/Under Goals,Over 1.5,1.18,,,WON,
2026-03-09T16:00:00+00:00,Premier League,Veres Rivne,LNZ Cherkasy,Over/Under Goals,Over 1.5,1.45,,,WON,
2026-03-09T16:00:00+00:00,Prva Liga,Macva,FAP,1X2 / Match Winner,Home,1.62,,,LOST,
2026-03-09T16:00:00+00:00,Super League 1,Panetolikos,Kifisia,Over/Under Goals,Under 3.5,1.2,,,WON,
2026-03-09T16:30:00+00:00,Premyer Liqa,Neftchi Baku,Turan,Double Chance,Draw/Away,1.47,,,WON,
2026-03-09T17:00:00+00:00,Super Lig,Alanyaspor,Gençlerbirliği S.K.,Over/Under Goals,Over 1.5,1.3,,,LOST,
2026-03-09T17:00:00+00:00,Super Lig,Kayserispor,Trabzonspor,Team Total Goals,Over 0.5,1.18,,,WON,
2026-03-09T17:00:00+00:00,Super Liga,Mladost Lucani,Novi Pazar,Over/Under Goals,Over 1.5,1.42,,,WON,
2026-03-09T17:00:00+00:00,Super Liga,OFK Beograd,Radnicki 1923,Asian Handicap,Home +0.25,1.52,,,WON,
2026-03-09T18:00:00+00:00,Ekstraklasa,Wisla Plock,Arka Gdynia,Team Total Goals,Over 0.5,1.48,,,WON,
2026-03-09T18:00:00+00:00,Liga I,CFR 1907 Cluj,Dinamo Bucuresti,Double Chance,Home/Draw,1.42,,,WON,
2026-03-09T18:00:00+00:00,Segunda Liga,Benfica B,Feirense,Over/Under Goals,Under 3.5,1.25,,,WON,
2026-03-09T19:00:00+00:00,Eerste Divisie,Jong AZ,Emmen,Asian Handicap,Home +0,1.67,,,LOST,
2026-03-09T19:00:00+00:00,Professional Development League,Colchester United U21,Swansea City U21,Asian Handicap,Home +1.25,1.51,,,WON,
2026-03-09T19:30:00+00:00,Premier League,El Geish,Al Ahly,Over/Under Goals,Under 3.5,1.2,,,WON,
2026-03-09T19:30:00+00:00,Premier League,National Bank of Egypt,Pyramids FC,Over/Under Goals,Over 1.5,1.45,,,LOST,
2026-03-09T19:30:00+00:00,Serie C - Girone B,Ascoli,Ravenna,Over/Under Goals,Over 1.5,1.42,,,WON,
2026-03-09T19:30:00+00:00,Serie C - Girone B,Campobasso FC,Arezzo,Over/Under Goals,Over 1.5,1.42,,,LOST,
2026-03-09T19:30:00+00:00,Serie C - Girone B,Perugia,Pontedera,Over/Under Goals,Under 3.5,1.25,,,WON,
2026-03-09T19:45:00+00:00,Ligue 2,Dunkerque,Reims,Over/Under Goals,Under 3.5,1.28,,,WON,
2026-03-09T19:45:00+00:00,Premier Division,Shelbourne,Shamrock Rovers,1X2 / Match Winner,Draw,3.1,,,WON,
2026-03-09T19:45:00+00:00,Serie A,Lazio,Sassuolo,Over/Under Goals,Over 1.5,1.4,,,WON,
2026-03-09T20:00:00+00:00,La Liga,Espanyol,Oviedo,Over/Under Goals,Over 1.5,1.38,,,WON,
2026-03-09T20:15:00+00:00,Primeira Liga,Tondela,Rio Ave,Over/Under Goals,Under 3.5,1.28,,,WON,
2026-03-09T21:00:00+00:00,Primera A,Llaneros,Jaguares,1X2 / Match Winner,Home,1.58,,,WON,
2026-03-09T22:30:00+00:00,Primera Division,Cienciano,Sport Boys,1X2 / Match Winner,Home,1.41,,,WON,
2026-03-09T23:20:00+00:00,Primera A,Millonarios,Cucuta,1X2 / Match Winner,Home,1.45,,,WON,
2026-03-10T00:30:00+00:00,Liga Pro,Orense SC,Manta FC,1X2 / Match Winner,Home,1.7,,,LOST,
2026-03-10T00:30:00+00:00,Primera División - Apertura,Boston River,Liverpool Montevideo,Over/Under Goals,Under 3.5,1.18,,,WON,
2026-03-10T01:30:00+00:00,Primera A,Deportivo Pasto,America de Cali,Over/Under Goals,Under 3.5,1.15,,,WON,
2026-03-10T01:30:00+00:00,Primera Division,Alianza Lima,FBC Melgar,Over/Under Goals,Under 3.5,1.25,,,LOST,
2026-03-10T09:00:00+00:00,Asian Cup Women,India W,Chinese Taipei W,Over/Under Goals,Under 3.5,1.29,,,LOST,
2026-03-10T09:00:00+00:00,Asian Cup Women,Japan W,Vietnam W,Over/Under Goals,Under 3.5,2.6,,,LOST,
2026-03-10T10:00:00+00:00,AFC Champions League,Machida Zelvia,Gangwon FC,Double Chance,Home/Draw,1.15,,,WON,
2026-03-10T13:00:00+00:00,First League,FK Rabotnicki,Aresimi,Over/Under Goals,Over 2.5,1.67,,,LOST,
2026-03-10T13:00:00+00:00,Premier League,Adama Kenema,Arba Minch Kenema,Over/Under Goals,Over 1.5,1.53,,,WON,
2026-03-10T13:00:00+00:00,Premier League,Awassa Kenema,Mekelle Kenema,Over/Under Goals,Under 2.5,1.4,,,WON,
2026-03-10T13:00:00+00:00,TFF 1. Lig,Serik Spor,Pendikspor,Over/Under Goals,Over 1.5,1.18,,,WON,
2026-03-10T15:15:00+00:00,Premyer Liqa,Sabah FA,Qabala,1X2 / Match Winner,Home,1.45,,,WON,
2026-03-10T17:00:00+00:00,League Cup,Thor Akureyri,Valur Reykjavik,1X2 / Match Winner,Home,1.67,,,WON,
2026-03-10T17:00:00+00:00,TFF 1. Lig,Manisa F.K.,Sarıyer,Over/Under Goals,Over 1.5,1.16,,,WON,
2026-03-10T17:30:00+00:00,Premier Soccer League,Orbit College,Mamelodi Sundowns,Over/Under Goals,Under 3.5,1.35,,,WON,
2026-03-10T17:45:00+00:00,UEFA Champions League,Galatasaray,Liverpool,Over/Under Goals,Over 2.5,1.53,,,LOST,
2026-03-10T19:00:00+00:00,Challenger Pro League,AS Eupen,K. Lierse S.K.,Team Total Goals,Over 0.5,1.18,,,LOST,
2026-03-10T19:00:00+00:00,Challenger Pro League,Beerschot VA,RSC Anderlecht II,Over/Under Goals,Over 2.5,1.5,,,WON,
2026-03-10T19:00:00+00:00,Challenger Pro League,KRC Genk II,Club Brugge II,Asian Handicap,Home +0,1.65,,,WON,
2026-03-10T19:00:00+00:00,Challenger Pro League,Patro Eisden,Liège,Over/Under Goals,Over 1.5,1.28,,,WON,
2026-03-10T19:00:00+00:00,Copa Alagoas,Cruzeiro Arapiraca,Dimensão Saúde,Asian Handicap,Away -1.25,1.54,,,WON,
2026-03-10T19:30:00+00:00,Premier League,El Gouna FC,AL Masry,Over/Under Goals,Under 3.5,1.15,,,WON,
2026-03-10T19:45:00+00:00,Championship,Leicester,Bristol City,Over/Under Goals,Over 1.5,1.25,,,WON,
2026-03-10T19:45:00+00:00,Championship,Loughgall,Ards,Over/Under Goals,Under 3.5,1.5,,,WON,
2026-03-10T19:45:00+00:00,Championship,Millwall,Derby,Asian Handicap,Home +0,1.4,,,WON,
2026-03-10T19:45:00+00:00,Championship,Portsmouth,Swansea,Double Chance,Home/Draw,1.42,,,LOST,
2026-03-10T19:45:00+00:00,Championship,Sheffield Wednesday,Watford,Over/Under Goals,Under 3.5,1.42,,,WON,
2026-03-10T19:45:00+00:00,Championship,Warrenpoint Town,Newington Youth,Asian Handicap,Home +0.5,1.65,,,LOST,
2026-03-10T19:45:00+00:00,Championship,Wrexham,Hull City,Asian Handicap,Home +0,1.42,,,LOST,
2026-03-10T19:45:00+00:00,League One,Barnsley,Cardiff,Over/Under Goals,Over 1.5,1.18,,,WON,
2026-03-10T19:45:00+00:00,League One,Doncaster,Luton,Over/Under Goals,Over 1.5,1.3,,,WON,
2026-03-10T19:45:00+00:00,League One,Exeter City,Lincoln,Over/Under Goals,Under 3.5,1.25,,,WON,
2026-03-10T19:45:00+00:00,League One,Mansfield Town,Reading,Over/Under Goals,Under 3.5,1.33,,,WON,
2026-03-10T19:45:00+00:00,League One,Peterhead,Alloa Athletic,Double Chance,Draw/Away,1.44,,,LOST,
2026-03-10T19:45:00+00:00,League One,Stevenage,Leyton Orient,Over/Under Goals,Under 3.5,1.22,,,WON,
2026-03-10T19:45:00+00:00,League One,Wigan,Plymouth,Double Chance,Draw/Away,1.5,,,WON,
2026-03-10T19:45:00+00:00,League Two,Annan Athletic,Elgin City,Double Chance,Home/Draw,1.4,,,WON,
2026-03-10T19:45:00+00:00,League Two,Barrow,Bristol Rovers,Over/Under Goals,Under 3.5,1.3,,,WON,
2026-03-10T19:45:00+00:00,League Two,Dumbarton,Stranraer,Double Chance,Home/Draw,1.5,,,WON,
2026-03-10T19:45:00+00:00,League Two,Fleetwood Town,Cheltenham,Double Chance,Home/Draw,1.22,,,WON,
2026-03-10T19:45:00+00:00,League Two,Gillingham,Milton Keynes Dons,Over/Under Goals,Under 3.5,1.34,,,LOST,
2026-03-10T19:45:00+00:00,League Two,Salford City,Walsall,Over/Under Goals,Under 3.5,1.34,,,WON,
2026-03-10T19:45:00+00:00,National League - North,AFC Fylde,AFC Telford United,Team Total Goals,Over 1.5,1.56,,,WON,
2026-03-10T19:45:00+00:00,National League - North,Alfreton Town,Radcliffe,Over/Under Goals,Under 3.5,1.39,,,WON,
2026-03-10T19:45:00+00:00,National League - North,Bedford Town,Worksop Town,Asian Handicap,Home +0.25,1.61,,,LOST,
2026-03-10T19:45:00+00:00,National League - North,Chorley,South Shields,Over/Under Goals,Over 1.5,1.17,,,WON,
2026-03-10T19:45:00+00:00,National League - North,Curzon Ashton,Oxford City,BTTS,Yes,1.53,,,WON,
2026-03-10T19:45:00+00:00,National League - North,Darlington 1883,Buxton,Over/Under Goals,Under 3.5,1.57,,,WON,
2026-03-10T19:45:00+00:00,National League - North,Hereford,Leamington,Over/Under Goals,Under 3.5,1.42,,,LOST,
2026-03-10T19:45:00+00:00,National League - North,Kidderminster Harriers,Peterborough Sports,1X2 / Match Winner,Home,1.46,,,WON,
2026-03-10T19:45:00+00:00,National League - North,Marine,Macclesfield,Asian Handicap,Home +0.25,1.65,,,LOST,
2026-03-10T19:45:00+00:00,National League - North,Merthyr Town,Chester,Over/Under Goals,Over 2.5,1.44,,,WON,
2026-03-10T19:45:00+00:00,National League,Aldershot Town,Carlisle,Over/Under Goals,Under 3.5,1.62,,,WON,
2026-03-10T19:45:00+00:00,National League,Eastleigh,Brackley Town,Asian Handicap,Home +0.25,1.4,,,WON,
2026-03-10T19:45:00+00:00,National League,Scunthorpe,Sutton Utd,Over/Under Goals,Under 3.5,1.62,,,WON,
2026-03-10T19:45:00+00:00,National League,Southend,Gateshead,Over/Under Goals,Under 3.5,1.73,,,WON,
2026-03-10T19:45:00+00:00,National League,Wealdstone,Tamworth,Over/Under Goals,Under 3.5,1.42,,,LOST,
2026-03-10T19:45:00+00:00,National League,Woking,Boreham Wood,Over/Under Goals,Over 1.5,1.2,,,WON,
2026-03-10T19:45:00+00:00,Non League Premier - Isthmian,Canvey Island,Chichester City,Double Chance,Home/Draw,1.67,,,WON,
2026-03-10T19:45:00+00:00,Non League Premier - Isthmian,Cheshunt,Dartford,Asian Handicap,Away -0.25,1.4,,,WON,
2026-03-10T19:45:00+00:00,Non League Premier - Isthmian,Dulwich Hamlet,Whitehawk,Over/Under Goals,Under 3.5,1.3,,,LOST,
2026-03-10T19:45:00+00:00,Non League Premier - Northern,Cleethorpes Town,Morpeth Town,Over/Under Goals,Under 3.5,1.28,,,LOST,
2026-03-10T19:45:00+00:00,Non League Premier - Southern Central,Stratford Town,Halesowen Town,Team Total Goals,Over 0.5,1.18,,,WON,
2026-03-10T19:45:00+00:00,Non League Premier - Southern South,Berkhamsted,Hanwell Town,Asian Handicap,Home +0,1.44,,,LOST,
2026-03-10T19:45:00+00:00,Non League Premier - Southern South,Chertsey Town,Taunton Town,Double Chance,Home/Draw,1.22,,,WON,
2026-03-10T19:45:00+00:00,Non League Premier - Southern South,Farnham Town,Havant & Wville,Over/Under Goals,Over 2.5,1.5,,,WON,
2026-03-10T19:45:00+00:00,Non League Premier - Southern South,Plymouth Parkway,Wimborne Town,Double Chance,Home/Draw,1.57,,,WON,
2026-03-10T19:45:00+00:00,Premiership,Bangor,Glentoran,1X2 / Match Winner,Away,1.44,,,WON,
2026-03-10T19:45:00+00:00,Premiership,Crusaders FC,Cliftonville FC,Asian Handicap,Home +1.25,1.52,,,WON,
2026-03-10T19:45:00+00:00,Premiership,Linfield,Portadown,1X2 / Match Winner,Home,1.41,,,WON,
2026-03-10T20:00:00+00:00,Championship,Stoke City,Ipswich,Team Total Goals,Over 0.5,1.22,,,WON,
2026-03-10T20:00:00+00:00,UEFA Champions League,Atalanta,Bayern München,Over/Under Goals,Over 1.5,1.15,,,WON,
2026-03-10T20:00:00+00:00,UEFA Champions League,Atletico Madrid,Tottenham,Over/Under Goals,Over 1.5,1.22,,,WON,
2026-03-10T20:00:00+00:00,UEFA Champions League,Newcastle,Barcelona,Over/Under Goals,Over 1.5,1.15,,,WON,
2026-03-10T22:45:00+00:00,Primera Division,Independiente,Union Santa Fe,Over/Under Goals,Over 1.5,1.48,,,WON,
2026-03-10T22:45:00+00:00,Primera Division,Tigre,Velez Sarsfield,Asian Handicap,Home +0,1.65,,,WON,
2026-03-10T23:00:00+00:00,CONCACAF Champions League,Philadelphia Union,Club America,Double Chance,Home/Draw,1.48,,,LOST,
2026-03-10T23:20:00+00:00,Primera A,Bucaramanga,Deportivo Pereira,Team Total Goals,Over 0.5,1.15,,,WON,
2026-03-11T00:00:00+00:00,CONMEBOL Libertadores U20,Independiente Medellín U20,Estudiantes de Mérida U20,1X2 / Match Winner,Home,1.45,,,LOST,
2026-03-11T00:30:00+00:00,CONMEBOL Libertadores,Botafogo,Barcelona SC,Over/Under Goals,Under 3.5,1.2,,,WON,
2026-03-11T00:30:00+00:00,Copa Do Brasil,Ponte Preta,Guarany de Bagé,Over/Under Goals,Under 2.5,1.8,,,WON,
2026-03-11T00:30:00+00:00,Serie A,Mirassol,Santos,1X2 / Match Winner,Draw,3.6,,,WON,
2026-03-11T01:00:00+00:00,CONCACAF Champions League,Monterrey,Cruz Azul,Over/Under Goals,Over 1.5,1.25,,,WON,
2026-03-11T01:00:00+00:00,Primera Division,Newells Old Boys,Platense,Double Chance,Draw/Away,1.44,,,WON,
2026-03-11T01:00:00+00:00,Primera Division,Sarmiento Junin,Racing Club,Over/Under Goals,Over 1.5,1.48,,,LOST,
2026-03-11T01:07:00+00:00,Liga MX Femenil,Guadalajara W,América W,Over/Under Goals,Under 3.5,1.44,,,LOST,
2026-03-11T01:30:00+00:00,Primera A,Junior,Atletico Nacional,Over/Under Goals,Under 3.5,1.3,,,LOST,
2026-03-11T03:00:00+00:00,CONCACAF Champions League,Los Angeles FC,LD Alajuelense,Over/Under Goals,Under 3.5,1.57,,,WON,
2026-03-11T09:30:00+00:00,National League,I.S.P.E,Dagon Port,Double Chance,Draw/Away,1.67,,,LOST,
2026-03-11T10:00:00+00:00,1. Liga U19,Sparta Praha U19,Pardubice U19,BTTS,Yes,1.44,,,WON,
2026-03-11T10:00:00+00:00,AFC Champions League,Sanfrecce Hiroshima,Johor Darul Takzim FC,Over/Under Goals,Over 2.5,1.69,,,LOST,
2026-03-11T10:00:00+00:00,AFC Champions League,Vissel Kobe,FC Seoul,Over/Under Goals,Under 3.5,1.3,,,WON,
2026-03-11T11:00:00+00:00,Erovnuli Liga 2,Gareji,Aragvi Dusheti,Over/Under Goals,Under 3.5,1.28,,,WON,
2026-03-11T11:00:00+00:00,Erovnuli Liga 2,Merani Martvili,Odishi 1919,Asian Handicap,Home +0,1.59,,,LOST,
2026-03-11T11:00:00+00:00,Erovnuli Liga 2,Sioni,Shturmi,Team Total Goals,Over 0.5,1.17,,,WON,
2026-03-11T12:00:00+00:00,A Lyga,Hegelmann Litauen,Šiauliai,Over/Under Goals,Under 3.5,1.45,,,WON,
2026-03-11T12:00:00+00:00,Erovnuli Liga 2,Kolkheti Poti,Telavi,Double Chance,Draw/Away,1.62,,,WON,
2026-03-11T13:00:00+00:00,First League,Jezero,Dečić,Double Chance,Draw/Away,1.45,,,WON,
2026-03-11T13:00:00+00:00,Super League,Mufulira Wanderers,Prison Leopards,Double Chance,Home/Draw,1.15,,,WON,
2026-03-11T13:00:00+00:00,Super League,Mutondo Stars,Nkana,Double Chance,Home/Draw,1.4,,,WON,
2026-03-11T13:15:00+00:00,MFL Cup,Sabah FA,Perak,Over/Under Goals,Under 3.5,1.37,,,WON,
2026-03-11T13:30:00+00:00,A Lyga,TransINVEST Vilnius,Banga,Asian Handicap,Home +0,1.48,,,WON,
2026-03-11T13:30:00+00:00,First League,Bokelj,Mornar,Double Chance,Home/Draw,1.53,,,LOST,
2026-03-11T13:30:00+00:00,Liga 1,PSIM Yogyakarta,Persijap,Team Total Goals,Over 0.5,1.17,,,WON,
2026-03-11T14:00:00+00:00,Cup,Fužinar,Aluminij,Team Total Goals,Under 2.5,1.9,,,LOST,
2026-03-11T14:00:00+00:00,First League,Sutjeska,Arsenal Tivat,1X2 / Match Winner,Home,1.68,,,WON,
2026-03-11T14:00:00+00:00,MFL Cup,Penang,Kelantan United,Over/Under Goals,Under 3.5,1.42,,,WON,
2026-03-11T14:30:00+00:00,First League,Petrovac,Mladost DG,1X2 / Match Winner,Home,1.7,,,WON,
2026-03-11T14:30:00+00:00,Nasjonal U19 Champions League,Lillestrøm U19,Tromsø U19,1X2 / Match Winner,Home,1.61,,,WON,
2026-03-11T15:00:00+00:00,Erovnuli Liga,Dinamo Tbilisi,Rustavi,Asian Handicap,Away -1.25,1.41,,,WON,
2026-03-11T15:15:00+00:00,Feminine Division 1,Paris Saint Germain W,Marseille W,1X2 / Match Winner,Home,1.15,,,WON,
2026-03-11T15:30:00+00:00,Cup,Zrinjski,GOŠK Gabela,Over/Under Goals,Over 2.5,1.57,,,WON,
2026-03-11T15:30:00+00:00,First League,Buducnost Podgorica,Jedinstvo,1X2 / Match Winner,Home,1.5,,,WON,
2026-03-11T16:00:00+00:00,Erovnuli Liga,Gagra,Spaeri,Double Chance,Draw/Away,1.65,,,WON,
2026-03-11T16:00:00+00:00,Erovnuli Liga,Torpedo Kutaisi,Saburtalo,Double Chance,Home/Draw,1.6,,,WON,
2026-03-11T16:30:00+00:00,League Cup,Fylkir,IBV Vestmannaeyjar,Over/Under Goals,Under 3.5,1.65,,,LOST,
2026-03-11T17:30:00+00:00,A Lyga,FK Trakai,Džiugas Telšiai,1X2 / Match Winner,Draw,3.86,,,LOST,
2026-03-11T17:30:00+00:00,Premier Soccer League,Orlando Pirates,Richards Bay,Over/Under Goals,Under 3.5,1.22,,,WON,
2026-03-11T17:30:00+00:00,Pro League U23,Ajman U23,Al Bataeh U23,1X2 / Match Winner,Home,1.47,,,LOST,
2026-03-11T17:30:00+00:00,Pro League U23,Al Jazira U23,Al Dhafra U23,Double Chance,Draw/Away,1.5,,,WON,
2026-03-11T17:30:00+00:00,Pro League,Khorfakkan,Dibba Al-Fujairah,1X2 / Match Winner,Draw,4.1,,,WON,
2026-03-11T17:30:00+00:00,Pro League,Shabab Al Ahli Dubai,Al-Ittihad Kalba,Over/Under Goals,Under 3.5,1.62,,,LOST,
2026-03-11T17:30:00+00:00,Pro League,Sharjah FC,Al Nasr,Over/Under Goals,Under 3.5,1.42,,,WON,
2026-03-11T17:45:00+00:00,Cup,Velež,FK Sarajevo,Over/Under Goals,Under 3.5,1.17,,,LOST,
2026-03-11T17:45:00+00:00,UEFA Champions League,Bayer Leverkusen,Arsenal,Over/Under Goals,Under 3.5,1.38,,,WON,
2026-03-11T18:00:00+00:00,Campeonato de Portugal Prio - Group C,Os Marialvas,Marinhense,Over/Under Goals,Under 3.5,1.22,,,WON,
2026-03-11T18:30:00+00:00,1. Liga Promotion,Bavois,SC Kriens,Double Chance,Draw/Away,1.44,,,LOST,
2026-03-11T18:30:00+00:00,1. Liga Promotion,Bulle,Luzern II,Double Chance,Home/Draw,1.4,,,WON,
2026-03-11T19:00:00+00:00,Challenger Pro League,KAA Gent II,Lommel United,Over/Under Goals,Over 1.5,1.2,,,WON,
2026-03-11T19:00:00+00:00,Challenger Pro League,Olympic Charleroi,Seraing United,Over/Under Goals,Under 3.5,1.35,,,LOST,
2026-03-11T19:00:00+00:00,Challenger Pro League,SK Beveren,RWDM,Over/Under Goals,Over 1.5,1.17,,,WON,
2026-03-11T19:30:00+00:00,Premier League,Enppi,Zamalek SC,Over/Under Goals,Over 1.5,1.44,,,LOST,
2026-03-11T19:30:00+00:00,Premier League,Masr,Future FC,Double Chance,Draw/Away,1.45,,,LOST,
2026-03-11T19:45:00+00:00,Championship,Birmingham,QPR,Team Total Goals,Over 0.5,1.17,,,WON,
2026-03-11T19:45:00+00:00,Championship,Middlesbrough,Charlton,Over/Under Goals,Under 3.5,1.5,,,WON,
2026-03-11T19:45:00+00:00,Championship,Norwich,Sheffield Utd,Over/Under Goals,Under 3.5,1.4,,,WON,
2026-03-11T19:45:00+00:00,Championship,Oxford United,Blackburn,Double Chance,Draw/Away,1.44,,,LOST,
2026-03-11T19:45:00+00:00,Championship,West Brom,Southampton,Double Chance,Draw/Away,1.48,,,WON,
2026-03-11T19:45:00+00:00,League One,AFC Wimbledon,Blackpool,Over/Under Goals,Over 1.5,1.33,,,WON,
2026-03-11T19:45:00+00:00,League One,Port Vale,Bradford,Double Chance,Home/Draw,1.57,,,LOST,
2026-03-11T20:00:00+00:00,Championship,Coventry,Preston,1X2 / Match Winner,Home,1.47,,,WON,
2026-03-11T20:00:00+00:00,UEFA Champions League,Bodo/Glimt,Sporting CP,Over/Under Goals,Over 2.5,1.57,,,WON,
2026-03-11T20:00:00+00:00,UEFA Champions League,Paris Saint Germain,Chelsea,Asian Handicap,Home +0,1.4,,,WON,
2026-03-11T20:00:00+00:00,UEFA Champions League,Real Madrid,Manchester City,Over/Under Goals,Over 1.5,1.18,,,WON,
2026-03-11T20:30:00+00:00,Primera Division,Argentinos JRS,Rosario Central,Over/Under Goals,Under 3.5,1.17,,,WON,
2026-03-11T20:30:00+00:00,Primera Division,Banfield,Gimnasia L.P.,Asian Handicap,Home +0,1.55,,,LOST,
2026-03-11T22:00:00+00:00,CONMEBOL Libertadores U20,Olimpia U20,Palmeiras U20,Result + Total Goals,Away/Over 1.5,1.41,,,LOST,
2026-03-11T22:00:00+00:00,Serie A,Atletico-MG,Internacional,Team Total Goals,Over 0.5,1.42,,,LOST,
2026-03-11T22:30:00+00:00,Copa Do Brasil,Athletic Club,Ypiranga-RS,Over/Under Goals,Under 3.5,1.2,,,WON,
2026-03-11T22:30:00+00:00,Copa Do Brasil,Goias,Fluminense PI,Over/Under Goals,Under 3.5,1.5,,,WON,
2026-03-11T22:30:00+00:00,Copa Do Brasil,Manauara,Fortaleza EC,Over/Under Goals,Over 1.5,1.4,,,LOST,
2026-03-11T22:30:00+00:00,Copa Do Brasil,Maringá,Uberlandia,Over/Under Goals,Under 2.5,1.7,,,LOST,
2026-03-11T22:45:00+00:00,Primera Division,Boca Juniors,San Lorenzo,Over/Under Goals,Under 2.5,1.4,,,WON,
2026-03-11T23:00:00+00:00,Copa Do Brasil,Castanhal,Nova Iguaçu,Double Chance,Home/Draw,1.5,,,LOST,
2026-03-11T23:00:00+00:00,Copa Do Brasil,Confiança,Tombense,Team Total Goals,Under 2.5,1.17,,,WON,
2026-03-11T23:00:00+00:00,Copa Do Brasil,Santa Catarina,Jacuipense,Double Chance,Home/Draw,1.22,,,LOST,
2026-03-11T23:00:00+00:00,Serie A,Bahia,Vitoria,Team Total Goals,Over 0.5,1.15,,,WON,
2026-03-11T23:30:00+00:00,CONCACAF Champions League,Nashville SC,Inter Miami,Over/Under Goals,Over 2.5,1.5,,,LOST,
2026-03-11T23:30:00+00:00,Copa Do Brasil,Porto Velho,Atletico Goianiense,Over/Under Goals,Under 2.5,1.55,,,WON,
2026-03-12T00:00:00+00:00,CONMEBOL Libertadores U20,Sporting Cristal U20,Universidad Católica del Ecuador U20,Team Total Goals,Under 2.5,1.5,,,WON,
2026-03-12T00:30:00+00:00,CONMEBOL Libertadores,Deportes Tolima,O'Higgins,Over/Under Goals,Under 3.5,1.18,,,WON,
2026-03-12T00:30:00+00:00,Copa Do Brasil,Paysandu,Portuguesa RJ,Over/Under Goals,Under 2.5,1.65,,,LOST,
2026-03-12T00:30:00+00:00,Serie A,Corinthians,Coritiba,Team Total Goals,Over 0.5,1.15,,,LOST,
2026-03-12T00:30:00+00:00,Serie A,Flamengo,Cruzeiro,1X2 / Match Winner,Home,1.53,,,WON,
2026-03-12T01:00:00+00:00,Copa Presidente,Talleres Jr,Inter,Double Chance,Draw/Away,1.15,,,WON,
2026-03-12T01:00:00+00:00,Primera Division,Atletico Tucuman,Aldosivi,Over/Under Goals,Over 1.5,1.48,,,WON,
2026-03-12T01:00:00+00:00,Primera Division,Independ. Rivadavia,Barracas Central,Over/Under Goals,Under 3.5,1.18,,,WON,
2026-03-12T01:30:00+00:00,CONCACAF Champions League,Los Angeles Galaxy,Mount Pleasant Academy,Over/Under Goals,Under 3.5,2.25,,,WON,
2026-03-12T03:30:00+00:00,CONCACAF Champions League,San Diego,Toluca,Asian Handicap,Home +0,1.65,,,WON,
2026-03-12T10:00:00+00:00,Liga 3,Lokomotivi Tbilisi,Saburtalo II,Double Chance,Draw/Away,1.62,,,WON,
2026-03-12T10:30:00+00:00,TFF 1. Lig,Iğdır FK,Bodrum FK,Asian Handicap,Home +0,1.43,,,LOST,
2026-03-12T12:00:00+00:00,AFC Challenge League,Svay Rieng,Phnom Penh Crown,Over/Under Goals,Under 3.5,1.65,,,WON,
2026-03-12T12:15:00+00:00,AFC Cup,Tampines Rovers,Bangkok United,Double Chance,Home/Draw,1.57,,,WON,
2026-03-12T13:00:00+00:00,TFF 1. Lig,Boluspor,Çorum FK,Over/Under Goals,Over 1.5,1.21,,,WON,
2026-03-12T13:30:00+00:00,AFC Challenge League,Dewa United,Manila Digger,Team Total Goals,Under 2.5,1.42,,,WON,
2026-03-12T13:30:00+00:00,Liga 1,Persis Solo,Bali United,BTTS,Yes,1.62,,,LOST,
2026-03-12T15:00:00+00:00,Erovnuli Liga,Samgurali,Dinamo Batumi,Asian Handicap,Home +0,1.43,,,WON,
2026-03-12T16:00:00+00:00,Erovnuli Liga,Dila,Meshakhte,Over/Under Goals,Under 3.5,1.54,,,WON,
2026-03-12T16:30:00+00:00,Cup,Bravo,Nafta,Team Total Goals,Over 0.5,1.43,,,LOST,
2026-03-12T17:00:00+00:00,TFF 1. Lig,Esenler Erokspor,Bandırmaspor,Over/Under Goals,Over 1.5,1.19,,,WON,
2026-03-12T17:30:00+00:00,Pro League,Al Ain,Al-Wasl FC,Over/Under Goals,Under 3.5,1.36,,,WON,
2026-03-12T17:30:00+00:00,Pro League,Baniyas SC,Al Wahda FC,Over/Under Goals,Under 3.5,1.36,,,WON,
2026-03-12T17:45:00+00:00,UEFA Europa Conference League,AZ Alkmaar,Sparta Praha,Over/Under Goals,Over 1.5,1.28,,,WON,
2026-03-12T17:45:00+00:00,UEFA Europa Conference League,HNK Rijeka,Strasbourg,Team Total Goals,Over 0.5,1.42,,,WON,
2026-03-12T17:45:00+00:00,UEFA Europa Conference League,Lech Poznan,Shakhtar Donetsk,Double Chance,Draw/Away,1.48,,,WON,
2026-03-12T17:45:00+00:00,UEFA Europa Conference League,Samsunspor,Rayo Vallecano,Over/Under Goals,Under 3.5,1.3,,,LOST,
2026-03-12T17:45:00+00:00,UEFA Europa League,Bologna,AS Roma,Over/Under Goals,Under 3.5,1.2,,,WON,
2026-03-12T17:45:00+00:00,UEFA Europa League,Lille,Aston Villa,Over/Under Goals,Under 3.5,1.28,,,WON,
2026-03-12T17:45:00+00:00,UEFA Europa League,Panathinaikos,Real Betis,Over/Under Goals,Over 1.5,1.42,,,LOST,
2026-03-12T17:45:00+00:00,UEFA Europa League,VfB Stuttgart,FC Porto,Over/Under Goals,Over 1.5,1.25,,,WON,
2026-03-12T19:00:00+00:00,Challenger Pro League,Francs Borains,Lokeren-Temse,BTTS,Yes,1.6,,,LOST,
2026-03-12T19:00:00+00:00,Pro League,Al Najma,Damac,Over/Under Goals,Under 3.5,1.25,,,LOST,
2026-03-12T19:00:00+00:00,Pro League,Al-Hazm,Al Kholood,BTTS,Yes,1.6,,,WON,
2026-03-12T19:00:00+00:00,Pro League,NEOM,Al Taawon,Over/Under Goals,Under 3.5,1.33,,,LOST,
2026-03-12T20:00:00+00:00,Primera Division,Defensa Y Justicia,Central Cordoba de Santiago,Over/Under Goals,Under 3.5,1.16,,,WON,
2026-03-12T20:00:00+00:00,Primera Division,Deportivo Riestra,Gimnasia M.,Over/Under Goals,Under 2.5,1.33,,,WON,
2026-03-12T20:00:00+00:00,UEFA Europa Conference League,Celje,AEK Athens FC,Team Total Goals,Over 0.5,1.18,,,WON,
2026-03-12T20:00:00+00:00,UEFA Europa Conference League,Crystal Palace,AEK Larnaca,Over/Under Goals,Under 3.5,1.5,,,WON,
2026-03-12T20:00:00+00:00,UEFA Europa Conference League,Fiorentina,Raków Częstochowa,Over/Under Goals,Over 1.5,1.28,,,WON,
2026-03-12T20:00:00+00:00,UEFA Europa Conference League,Sigma Olomouc,FSV Mainz 05,Over/Under Goals,Under 3.5,1.35,,,WON,
2026-03-12T20:00:00+00:00,UEFA Europa League,Celta Vigo,Lyon,Over/Under Goals,Over 1.5,1.3,,,WON,
2026-03-12T20:00:00+00:00,UEFA Europa League,Ferencvarosi TC,SC Braga,Asian Handicap,Home +0.5,1.6,,,WON,
2026-03-12T20:00:00+00:00,UEFA Europa League,Genk,SC Freiburg,Asian Handicap,Away -0.5,1.5,,,LOST,
2026-03-12T20:00:00+00:00,UEFA Europa League,Nottingham Forest,FC Midtjylland,Over/Under Goals,Under 3.5,1.42,,,WON,
2026-03-12T21:00:00+00:00,Copa Do Brasil,Madureira,Águia de Marabá,Over/Under Goals,Under 3.5,1.2,,,WON,
2026-03-12T21:00:00+00:00,Copa Presidente,Racing de Gualuca,Águila,Over/Under Goals,Under 3.5,1.66,,,WON,
2026-03-12T22:00:00+00:00,CONMEBOL Libertadores U20,Nacional U20,LDU Quito U20,Team Total Goals,Under 2.5,1.21,,,WON,
2026-03-12T22:00:00+00:00,Serie A,remo,Fluminense,Team Total Goals,Over 0.5,1.42,,,LOST,
2026-03-12T22:15:00+00:00,Primera Division,Estudiantes de Rio Cuarto,Belgrano Cordoba,Asian Handicap,Home +0.5,1.67,,,LOST,
2026-03-12T22:15:00+00:00,Primera Division,Talleres Cordoba,Instituto Cordoba,Asian Handicap,Away -0.5,1.67,,,LOST,
2026-03-12T22:30:00+00:00,Copa Do Brasil,Maranhão,Ceara,Over/Under Goals,Under 2.5,1.62,,,WON,
2026-03-12T22:30:00+00:00,Copa Do Brasil,Operario-PR,Capital Brasilia,Over/Under Goals,Over 1.5,1.33,,,WON,
2026-03-12T22:30:00+00:00,Copa Do Brasil,Sousa,CRB,Double Chance,Draw/Away,1.25,,,WON,
2026-03-12T22:30:00+00:00,Serie A,Vasco DA Gama,Palmeiras,Team Total Goals,Over 0.5,1.22,,,WON,
2026-03-12T23:00:00+00:00,Copa Do Brasil,Amazonas,Figueirense,Over/Under Goals,Under 3.5,1.18,,,WON,
2026-03-12T23:00:00+00:00,Serie A,Sao Paulo,Chapecoense-sc,Over/Under Goals,Under 3.5,1.36,,,WON,
2026-03-12T23:30:00+00:00,Copa Do Brasil,Mixto,Novorizontino,Double Chance,Draw/Away,1.17,,,WON,
2026-03-13T00:00:00+00:00,CONCACAF Champions League,FC Cincinnati,Tigres UANL,Asian Handicap,Home +0.25,1.65,,,WON,
2026-03-13T00:00:00+00:00,CONMEBOL Libertadores U20,Santiago Wanderers U20,Belgrano U20,Asian Handicap,Home +1.25,1.41,,,WON,
2026-03-13T00:30:00+00:00,CONMEBOL Libertadores,Independiente Medellin,Juventud,Over/Under Goals,Under 3.5,1.3,,,WON,
2026-03-13T00:30:00+00:00,Primera Division,Huracan,River Plate,Asian Handicap,Home +0.5,1.5,,,LOST,
2026-03-13T00:30:00+00:00,Serie A,Gremio,RB Bragantino,Team Total Goals,Over 0.5,1.2,,,WON,
2026-03-13T02:00:00+00:00,CONCACAF Champions League,Vancouver Whitecaps,Seattle Sounders,Team Total Goals,Over 0.5,1.53,,,WON,
2026-03-13T08:00:00+00:00,A-League,Brisbane Roar,Western Sydney Wanderers,Over/Under Goals,Over 1.5,1.25,,,WON,
2026-03-13T09:30:00+00:00,National League,Ayeyawady United,Yarmanya United,1X2 / Match Winner,Home,1.43,,,WON,
2026-03-13T10:00:00+00:00,Asian Cup Women,Australia W,Korea DPR,Over/Under Goals,Over 1.5,1.27,,,WON,
2026-03-13T11:00:00+00:00,Premier League,SK Poltava,Karpaty,Over/Under Goals,Under 3.5,1.42,,,LOST,
2026-03-13T11:35:00+00:00,Super League,Wuhan Three Towns,Dalian Zhixing,BTTS,Yes,1.6,,,WON,
2026-03-13T12:00:00+00:00,Premier League,Fasil Ketema,Mekelakeya,Double Chance,Home/Draw,1.44,,,WON,
2026-03-13T12:00:00+00:00,Premier League,Hadiya Hosaena,Sheger Ketema,Asian Handicap,Home +0.25,1.45,,,LOST,
2026-03-13T12:00:00+00:00,Thai League 1,Nakhon Ratchasima FC,Chiangrai United,Team Total Goals,Over 0.5,1.22,,,WON,
2026-03-13T12:00:00+00:00,Thai League 2,Khon Kaen United,Nakhon Pathom,1X2 / Match Winner,Home,1.55,,,WON,
2026-03-13T13:00:00+00:00,Premier League 2 Division One,Manchester United U21,Southampton U21,BTTS,Yes,1.4,,,WON,
2026-03-13T13:00:00+00:00,Prva Liga,Stepojevac Vaga,OFK Vršac,Over/Under Goals,Under 2.5,1.44,,,WON,
2026-03-13T14:00:00+00:00,Friendlies Clubs,Stromsgodset,Mjondalen,Over/Under Goals,Over 2.5,1.44,,,LOST,
2026-03-13T14:00:00+00:00,III Liga - Group 3,Ślęza Wrocław,Górnik Zabrze II,Over/Under Goals,Over 2.5,1.56,,,WON,
2026-03-13T14:00:00+00:00,Professional Development League,Watford U21,Wigan Athletic U21,Team Total Goals,Over 0.5,1.17,,,WON,
2026-03-13T14:30:00+00:00,III Liga - Group 3,Górnik Polkowice,Sparta Katowice,1X2 / Match Winner,Home,1.61,,,LOST,
2026-03-13T14:45:00+00:00,First League,Lokomotiv Plovdiv,Septemvri Sofia,Over/Under Goals,Under 2.5,1.73,,,WON,
2026-03-13T15:00:00+00:00,Friendlies Clubs,Moss,ODD Ballklubb,Team Total Goals,Over 1.5,1.41,,,WON,
2026-03-13T15:00:00+00:00,Júniores U19,Porto U19,Sporting CP U19,1X2 / Match Winner,Home,1.51,,,WON,
2026-03-13T15:00:00+00:00,Liga Revelação U23,União Leiria U23,Vizela U23,Over/Under Goals,Under 3.5,1.38,,,LOST,
2026-03-13T15:00:00+00:00,Premier League,Kedus Giorgis,Bahardar,Over/Under Goals,Under 2.5,1.36,,,WON,
2026-03-13T15:00:00+00:00,Premier League,Sidama Bunna,Suhul Shire,Over/Under Goals,Under 2.5,1.4,,,WON,
2026-03-13T15:30:00+00:00,Liga I,Uta Arad,AFC Hermannstadt,Double Chance,Draw/Away,1.57,,,LOST,
2026-03-13T16:00:00+00:00,Premier League,Dynamo Kyiv,Obolon'-Brovar,Over/Under Goals,Under 3.5,1.4,,,WON,
2026-03-13T16:00:00+00:00,Prva Liga,Loznica,Macva,Over/Under Goals,Under 2.5,1.33,,,WON,
2026-03-13T16:00:00+00:00,Reserve Pro League,Lierse K. U21,Patro Eisden U21,Over/Under Goals,Under 3.5,1.65,,,WON,
2026-03-13T16:30:00+00:00,Premier League,Dinamo Makhachkala,FC Orenburg,Over/Under Goals,Over 1.5,1.46,,,LOST,
2026-03-13T17:00:00+00:00,Ekstraklasa,Nieciecza,Motor Lublin,Double Chance,Home/Draw,1.42,,,LOST,
2026-03-13T17:00:00+00:00,Erste Liga,Austria Klagenfurt,Floridsdorfer AC,Double Chance,Home/Draw,1.7,,,LOST,
2026-03-13T17:00:00+00:00,Erste Liga,Rapid Wien II,SKU Amstetten,BTTS,Yes,1.57,,,WON,
2026-03-13T17:00:00+00:00,Erste Liga,Schwarz-Weiß Bregenz,Admira Wacker,Over/Under Goals,Over 2.5,1.62,,,WON,
2026-03-13T17:00:00+00:00,Erste Liga,WSPG Wels,SV Kapfenberg,Asian Handicap,Home +0,1.45,,,WON,
2026-03-13T17:00:00+00:00,First League,Lokomotiv Sofia,Slavia Sofia,Over/Under Goals,Over 1.5,1.3,,,WON,
2026-03-13T17:00:00+00:00,First NL,Karlovac 1919,Orijent 1919,Over/Under Goals,Over 1.5,1.44,,,WON,
2026-03-13T17:00:00+00:00,III Liga - Group 3,Karkonosze Jelenia Góra,SKRA Częstochowa,Over/Under Goals,Over 1.5,1.15,,,WON,
2026-03-13T17:00:00+00:00,Prva HNL,NK Varazdin,Vukovar,Over/Under Goals,Under 3.5,1.28,,,WON,
2026-03-13T17:00:00+00:00,Super Lig,Antalyaspor,Gaziantep FK,Over/Under Goals,Under 3.5,1.28,,,LOST,
2026-03-13T17:00:00+00:00,Super Lig,Fatih Karagümrük,Fenerbahçe,Over/Under Goals,Over 1.5,1.2,,,WON,
2026-03-13T17:30:00+00:00,Bundesliga 2,1. FC Magdeburg,SV Darmstadt 98,Over/Under Goals,Over 1.5,1.17,,,WON,
2026-03-13T17:30:00+00:00,Bundesliga 2,SpVgg Greuther Fürth,SV Elversberg,Over/Under Goals,Under 3.5,1.5,,,WON,
2026-03-13T17:30:00+00:00,Frauen Bundesliga,SC Freiburg W,Nürnberg,1X2 / Match Winner,Home,1.4,,,WON,
2026-03-13T17:30:00+00:00,Premier Soccer League,Stellenbosch,TS Galaxy,Over/Under Goals,Under 3.5,1.16,,,WON,
2026-03-13T17:30:00+00:00,Professional Development League,Swansea City U21,Cardiff City U21,Double Chance,Home/Draw,1.22,,,WON,
2026-03-13T18:00:00+00:00,3. Liga,Alemannia Aachen,Energie Cottbus,Over/Under Goals,Under 3.5,1.48,,,LOST,
2026-03-13T18:00:00+00:00,CAF Champions League,Mamelodi Sundowns,Stade Malien Bamako,Over/Under Goals,Under 3.5,1.25,,,WON,
2026-03-13T18:00:00+00:00,Segunda Liga,Farense,Felgueiras 1932,Asian Handicap,Home +0,1.65,,,WON,
2026-03-13T18:00:00+00:00,Segunda Liga,Sporting CP B,Chaves,Over/Under Goals,Under 3.5,1.28,,,WON,
2026-03-13T18:00:00+00:00,Superliga,Egnatia Rrogozhinë,Vllaznia Shkodër,Asian Handicap,Home +0,1.54,,,WON,
2026-03-13T18:00:00+00:00,Superligaen,FC Fredericia,Randers FC,Over/Under Goals,Under 3.5,1.45,,,WON,
2026-03-13T18:30:00+00:00,3. Division,Brønshøj,Frem,Double Chance,Home/Draw,1.4,,,WON,
2026-03-13T18:30:00+00:00,Liga I,Universitatea Craiova,Arges Pitesti,Over/Under Goals,Under 3.5,1.22,,,WON,
2026-03-13T18:30:00+00:00,National 1,Chateauroux,Villefranche,Double Chance,Draw/Away,1.6,,,WON,
2026-03-13T18:30:00+00:00,National 1,Dijon,Aubagne,1X2 / Match Winner,Home,1.53,,,WON,
2026-03-13T18:30:00+00:00,National 1,Fleury 91,Quevilly,Team Total Goals,Over 0.5,1.65,,,WON,
2026-03-13T18:30:00+00:00,National 1,Le Puy Foot,Caen,Team Total Goals,Over 0.5,1.48,,,LOST,
2026-03-13T18:30:00+00:00,National 1,Orleans,Gobelins,Asian Handicap,Home +0,1.4,,,WON,
2026-03-13T18:30:00+00:00,National 1,Rouen,Stade Briochin,Asian Handicap,Away -1.25,1.53,,,WON,
2026-03-13T18:30:00+00:00,National 1,Sochaux,Concarneau,Team Total Goals,Over 0.5,1.18,,,WON,
2026-03-13T18:30:00+00:00,National 1,Versailles,Bourg-en-bresse 01,Double Chance,Home/Draw,1.17,,,WON,
2026-03-13T18:30:00+00:00,Stars League,Al Ahli Doha,Al-Arabi SC,Over/Under Goals,Under 3.5,1.7,,,WON,
2026-03-13T18:30:00+00:00,Stars League,Al Sadd,UMM Salal,Team Total Goals,Over 0.5,1.57,,,WON,
2026-03-13T18:30:00+00:00,Stars League,Al-Rayyan SC,Al Shahaniya,1X2 / Match Winner,Home,1.38,,,LOST,
2026-03-13T18:30:00+00:00,Tipp3 Bundesliga,Lask Linz,TSV Hartberg,1X2 / Match Winner,Draw,3.95,,,WON,
2026-03-13T19:00:00+00:00,Challenger Pro League,K. Lierse S.K.,Patro Eisden,Team Total Goals,Over 0.5,1.18,,,WON,
2026-03-13T19:00:00+00:00,Challenger Pro League,RSC Anderlecht II,AS Eupen,Double Chance,Home/Draw,1.65,,,LOST,
2026-03-13T19:00:00+00:00,Eerste Divisie,Cambuur,Roda,Over/Under Goals,Under 3.5,1.7,,,WON,
2026-03-13T19:00:00+00:00,Eerste Divisie,Emmen,ADO Den Haag,1X2 / Match Winner,Away,1.6,,,WON,
2026-03-13T19:00:00+00:00,Eerste Divisie,FC OSS,Willem II,Over/Under Goals,Under 3.5,1.55,,,LOST,
2026-03-13T19:00:00+00:00,Eerste Divisie,Jong Ajax,Den Bosch,Double Chance,Home/Draw,1.67,,,WON,
2026-03-13T19:00:00+00:00,Eerste Divisie,Jong PSV U21,FC Eindhoven,Double Chance,Home/Draw,1.44,,,LOST,
2026-03-13T19:00:00+00:00,Eerste Divisie,Jong Utrecht,Helmond Sport,Team Total Goals,Over 0.5,1.15,,,WON,
2026-03-13T19:00:00+00:00,Eerste Divisie,MVV,VVV Venlo,Over/Under Goals,Over 1.5,1.17,,,WON,
2026-03-13T19:00:00+00:00,Eerste Divisie,Vitesse,Almere City FC,Over/Under Goals,Over 1.5,1.15,,,WON,
2026-03-13T19:00:00+00:00,Eerste Divisie,Waalwijk,Jong AZ,Asian Handicap,Home +0,1.4,,,WON,
2026-03-13T19:00:00+00:00,Eredivisie,PEC Zwolle,Groningen,Over/Under Goals,Over 1.5,1.2,,,WON,
2026-03-13T19:00:00+00:00,Ligue 2,Bastia,Boulogne,Over/Under Goals,Under 3.5,1.18,,,WON,
2026-03-13T19:00:00+00:00,Ligue 2,Clermont Foot,PAU,Team Total Goals,Over 0.5,1.25,,,LOST,
2026-03-13T19:00:00+00:00,Ligue 2,Guingamp,Amiens,Double Chance,Home/Draw,1.15,,,WON,
2026-03-13T19:00:00+00:00,Ligue 2,Montpellier,Laval,Asian Handicap,Home +0.5,1.21,,,WON,
2026-03-13T19:00:00+00:00,Ligue 2,Nancy,Le Mans,Over/Under Goals,Under 3.5,1.22,,,LOST,
2026-03-13T19:00:00+00:00,Premier League 2 Division One,Arsenal U21,Leicester City U21,Asian Handicap,Home +0,1.4,,,LOST,
2026-03-13T19:00:00+00:00,Premier League 2 Division One,Aston Villa U21,Norwich City U21,Double Chance,Home/Draw,1.44,,,WON,
2026-03-13T19:00:00+00:00,Premier League 2 Division One,Fulham U21,Nottingham Forest U21,Team Total Goals,Over 1.5,1.53,,,LOST,
2026-03-13T19:00:00+00:00,Premier League 2 Division One,Middlesbrough U21,Stoke City U21,1X2 / Match Winner,Home,1.65,,,WON,
2026-03-13T19:00:00+00:00,Premier League 2 Division One,Newcastle United U21,Blackburn Rovers U21,Over/Under Goals,Over 2.5,1.44,,,LOST,
2026-03-13T19:00:00+00:00,Premier League 2 Division One,West Bromwich Albion U21,Birmingham City U21,1X2 / Match Winner,Home,1.65,,,WON,
2026-03-13T19:00:00+00:00,Premier League 2 Division One,West Ham United U21,Reading U21,Double Chance,Home/Draw,1.17,,,LOST,
2026-03-13T19:00:00+00:00,Pro League,Al Riyadh,Al-Ittihad FC,1X2 / Match Winner,Away,1.5,,,LOST,
2026-03-13T19:00:00+00:00,Pro League,Al-Fayha,Al-Ettifaq,Asian Handicap,Home +0,1.62,,,WON,
2026-03-13T19:00:00+00:00,Pro League,Al-Qadisiyah FC,Al-Ahli Jeddah,Over/Under Goals,Over 1.5,1.25,,,WON,
2026-03-13T19:30:00+00:00,Bundesliga 1,Borussia Mönchengladbach,FC St. Pauli,Over/Under Goals,Under 3.5,1.28,,,WON,
2026-03-13T19:30:00+00:00,Ekstraklasa,Radomiak Radom,Legia Warszawa,Double Chance,Draw/Away,1.4,,,WON,
2026-03-13T19:30:00+00:00,Erste Liga,Austria Salzburg,FC Liefering,Double Chance,Home/Draw,1.65,,,WON,
2026-03-13T19:30:00+00:00,Reserve Pro League,Westerlo U21,Waasland-Beveren U21,Double Chance,Draw/Away,1.68,,,LOST,
2026-03-13T19:30:00+00:00,Segunda Division,Mirandes,Cadiz,Over/Under Goals,Under 3.5,1.25,,,WON,
2026-03-13T19:30:00+00:00,Serie B,Modena,Spezia,Over/Under Goals,Under 3.5,1.25,,,WON,
2026-03-13T19:45:00+00:00,Jupiler Pro League,Gent,Zulte Waregem,Over/Under Goals,Over 1.5,1.2,,,WON,
2026-03-13T19:45:00+00:00,League Two,Colchester,Crawley Town,Over/Under Goals,Under 3.5,1.38,,,WON,
2026-03-13T19:45:00+00:00,Ligue 1,Marseille,Auxerre,Team Total Goals,Over 0.5,1.65,,,LOST,
2026-03-13T19:45:00+00:00,Premier Division,Bohemians,Galway United,Double Chance,Home/Draw,1.15,,,WON,
2026-03-13T19:45:00+00:00,Premier Division,Derry City,Shelbourne,Double Chance,Draw/Away,1.65,,,WON,
2026-03-13T19:45:00+00:00,Premier Division,Dundalk,Waterford,Asian Handicap,Home +0,1.4,,,WON,
2026-03-13T19:45:00+00:00,Premier Division,St Patrick's Athl.,Drogheda United,Over/Under Goals,Under 3.5,1.22,,,LOST,
2026-03-13T19:45:00+00:00,Premier League,Caernarfon Town,GAP Connah S Quay FC,Double Chance,Home/Draw,1.5,,,LOST,
2026-03-13T19:45:00+00:00,Premier League,Haverfordwest County AFC,Cardiff MET,Over/Under Goals,Under 3.5,1.27,,,WON,
2026-03-13T19:45:00+00:00,Premier League,llanelli AFC,Briton Ferry,Over/Under Goals,Under 3.5,1.58,,,WON,
2026-03-13T19:45:00+00:00,Serie A,Torino,Parma,Over/Under Goals,Under 2.5,1.62,,,LOST,
2026-03-13T20:00:00+00:00,Championship,Wrexham,Swansea,Asian Handicap,Home +0,1.57,,,WON,
2026-03-13T20:00:00+00:00,La Liga,Alaves,Villarreal,1X2 / Match Winner,Draw,3.6,,,WON,
2026-03-13T20:00:00+00:00,Premier Division,Sligo Rovers,Shamrock Rovers,Team Total Goals,Over 0.5,1.62,,,LOST,
2026-03-13T20:00:00+00:00,Primera Division,FC Cajamarca,Comerciantes Unidos,Asian Handicap,Home +0.5,1.17,,,LOST,
2026-03-13T21:30:00+00:00,Division Profesional - Apertura,Sportivo Luqueno,Club Sp. San Lorenzo,Asian Handicap,Home +0.5,1.16,,,WON,
2026-03-13T21:30:00+00:00,Liga Pro,Tecnico Universitario,Libertad,Over/Under Goals,Over 1.5,1.42,,,WON,
2026-03-13T22:00:00+00:00,CAF Champions League,FAR Rabat,Pyramids FC,Team Total Goals,Under 2.5,1.17,,,WON,
2026-03-13T22:00:00+00:00,CONMEBOL Libertadores U20,Estudiantes de Mérida U20,Club Bolivar U20,Asian Handicap,Home +0.25,1.4,,,LOST,
2026-03-13T22:00:00+00:00,Paulista - A4,Vocem,Tanabi,Over/Under Goals,Under 2.5,1.46,,,WON,
2026-03-13T23:00:00+00:00,Liga de Expansión MX,Alebrijes de Oaxaca,Tapatío,Over/Under Goals,Over 1.5,1.45,,,WON,
2026-03-13T23:00:00+00:00,Primera Division,A. Italiano,Concepción,Over/Under Goals,Under 3.5,1.25,,,WON,
2026-03-13T23:00:00+00:00,Primera Division,Estudiantes L.P.,Lanus,Asian Handicap,Home +0,1.42,,,LOST,
2026-03-13T23:20:00+00:00,Primera A,Once Caldas,Deportivo Pasto,Asian Handicap,Home +0,1.4,,,WON,
2026-03-13T23:30:00+00:00,Division Profesional - Apertura,2 de Mayo,Libertad Asuncion,Over/Under Goals,Over 1.5,1.42,,,WON,
2026-03-14T00:00:00+00:00,Liga Pro,Deportivo Cuenca,Leones del Norte,1X2 / Match Winner,Home,1.65,,,LOST,
2026-03-14T00:00:00+00:00,NWSL Women,Washington Spirit W,Portland Thorns W,Over/Under Goals,Under 3.5,1.33,,,WON,
2026-03-14T01:00:00+00:00,Liga MX,Puebla,Necaxa,BTTS,Yes,1.7,,,LOST,
2026-03-14T01:00:00+00:00,Liga de Expansión MX,Correcaminos Uat,Irapuato,BTTS,Yes,1.57,,,WON,
2026-03-14T01:00:00+00:00,Liga de Expansión MX,Mineros de Zacatecas,CDS Tampico Madero,Over/Under Goals,Under 3.5,1.33,,,WON,
2026-03-14T02:00:00+00:00,A-League,Wellington Phoenix,Perth Glory,Over/Under Goals,Over 1.5,1.22,,,WON,
2026-03-14T03:00:00+00:00,Liga MX,FC Juarez,Monterrey,Over/Under Goals,Over 1.5,1.25,,,WON,
2026-03-14T04:00:00+00:00,A-League,Central Coast Mariners,Adelaide United,Over/Under Goals,Over 1.5,1.18,,,WON,
2026-03-14T04:00:00+00:00,J. League Div.1,Yokohama F. Marinos,JEF United Chiba,Over/Under Goals,Over 1.5,1.25,,,WON,
2026-03-14T04:00:00+00:00,Ofc Pro League,South Island United,Hekari United,Team Total Goals,Over 0.5,1.77,,,WON,
2026-03-14T05:00:00+00:00,First League,Ska-khabarovsk,Rodina Moskva,Double Chance,Home/Draw,1.58,,,WON,
2026-03-14T05:00:00+00:00,J. League Div.1,Kashiwa Reysol,Machida Zelvia,Team Total Goals,Under 2.5,1.18,,,WON,
2026-03-14T05:00:00+00:00,J. League Div.1,Kyoto Sanga,Cerezo Osaka,Over/Under Goals,Under 3.5,1.36,,,WON,
2026-03-14T05:00:00+00:00,J. League Div.1,Nagoya Grampus,Vissel Kobe,Double Chance,Home/Draw,1.62,,,LOST,
2026-03-14T05:00:00+00:00,K-League Classic,Gwangju FC,Jeonbuk Motors,Double Chance,Home/Draw,1.7,,,WON,
2026-03-14T06:00:00+00:00,A-League,Newcastle Jets,Auckland,Double Chance,Home/Draw,1.55,,,LOST,
2026-03-14T06:00:00+00:00,J. League Div.1,Kashima,Kawasaki Frontale,BTTS,Yes,1.53,,,LOST,
2026-03-14T06:00:00+00:00,J. League Div.1,Sanfrecce Hiroshima,Gamba Osaka,Over/Under Goals,Over 1.5,1.22,,,WON,
2026-03-14T07:00:00+00:00,J. League Div.1,Tokyo Verdy,Urawa,Over/Under Goals,Over 1.5,1.44,,,LOST,
2026-03-14T07:30:00+00:00,K-League Classic,Daejeon Citizen,Gimcheon Sangmu FC,Over/Under Goals,Under 3.5,1.33,,,WON,
2026-03-14T07:30:00+00:00,Super League,Hangzhou Greentown,Shanghai Shenhua,Double Chance,Home/Draw,1.67,,,WON,
2026-03-14T07:30:00+00:00,Super League,Shandong Luneng,Beijing Guoan,Over/Under Goals,Over 2.5,1.4,,,WON,
2026-03-14T09:00:00+00:00,Asian Cup Women,South Korea W,Uzbekistan W,Over/Under Goals,Under 3.5,1.9,,,LOST,
2026-03-14T09:15:00+00:00,3. liga - CFL A,Loko Vltavín,České Budějovice II,Double Chance,Draw/Away,1.4,,,WON,
2026-03-14T09:15:00+00:00,3. liga - CFL A,Motorlet Praha,Táborsko II,1X2 / Match Winner,Home,1.67,,,LOST,
2026-03-14T09:15:00+00:00,3. liga - CFL A,Petřín Plzeň,Bohemians 1905 II,Over/Under Goals,Under 3.5,1.61,,,WON,
2026-03-14T10:00:00+00:00,3. liga - CFL A,Slavia III,Králův Dvůr,Over/Under Goals,Under 3.5,1.67,,,LOST,
2026-03-14T10:30:00+00:00,Liga II,CSA Steaua Bucureşti,Politehnica Iasi,Over/Under Goals,Over 1.5,1.4,,,WON,
2026-03-14T10:30:00+00:00,Liga II,CSM Satu Mare,CS Dinamo București,Over/Under Goals,Under 3.5,1.23,,,WON,
2026-03-14T10:30:00+00:00,Liga II,Ceahlăul Piatra Neamţ,CS Afumati,1X2 / Match Winner,Away,1.57,,,WON,
2026-03-14T10:30:00+00:00,Liga II,Chindia Targoviste,Metalul Buzău,Team Total Goals,Over 0.5,1.16,,,WON,
2026-03-14T10:30:00+00:00,Liga II,Corvinul Hunedoara,Bihor Oradea,Team Total Goals,Over 0.5,1.17,,,WON,
2026-03-14T10:30:00+00:00,Liga II,Dumbrăviţa,Concordia,Double Chance,Home/Draw,1.67,,,WON,
2026-03-14T10:30:00+00:00,Liga II,FC Bacau,Slatina,Over/Under Goals,Under 3.5,1.23,,,LOST,
2026-03-14T10:30:00+00:00,Liga II,Gloria Bistriţa,FC Voluntari,Double Chance,Home/Draw,1.55,,,WON,
2026-03-14T10:30:00+00:00,Liga II,Muscelul Câmpulung Elite,Tunari,Asian Handicap,Away -0.25,1.41,,,WON,
2026-03-14T10:30:00+00:00,Liga II,Sepsi OSK Sfantu Gheorghe,ASA Targu Mures,1X2 / Match Winner,Home,1.6,,,LOST,
2026-03-14T10:30:00+00:00,Liga II,Viitorul Şelimbăr,CSM Reşiţa,Over/Under Goals,Under 3.5,1.28,,,WON,
2026-03-14T10:30:00+00:00,Super Lig,Kocaelispor,Konyaspor,Over/Under Goals,Under 3.5,1.22,,,WON,
2026-03-14T10:30:00+00:00,TFF 1. Lig,Adana Demirspor,Serik Spor,Asian Handicap,Home +1.25,1.52,,,LOST,
2026-03-14T10:45:00+00:00,First League,Spartak Varna,CSKA 1948,1X2 / Match Winner,Away,1.55,,,WON,
2026-03-14T10:45:00+00:00,Premier League,FC Sochi,FC Krasnodar,Team Total Goals,Under 2.5,1.42,,,WON,
2026-03-14T11:00:00+00:00,First League,Struga,Makedonija GjP,Team Total Goals,Over 1.5,1.43,,,WON,
2026-03-14T11:00:00+00:00,Júniores U19,Rio Ave U19,Santa Clara U19,Over/Under Goals,Under 3.5,1.21,,,WON,
2026-03-14T11:00:00+00:00,Júniores U19,Sporting Braga U19,Vizela U19,Over/Under Goals,Over 2.5,1.44,,,WON,
2026-03-14T11:00:00+00:00,Premier League,LNZ Cherkasy,Oleksandria,1X2 / Match Winner,Home,1.57,,,WON,
2026-03-14T11:00:00+00:00,Premyer Liqa,Mil-Muğan,Sabah FA,Over/Under Goals,Under 3.5,1.23,,,LOST,
2026-03-14T11:00:00+00:00,Primera División Femenina,Atletico Madrid W,Edf Logrono W,Over/Under Goals,Under 3.5,1.5,,,LOST,
2026-03-14T11:00:00+00:00,Thai League 1,Buriram United,Chonburi FC,Over/Under Goals,Over 1.5,1.15,,,WON,
2026-03-14T11:00:00+00:00,Thai League 2,Sisaket United,Chanthaburi,Team Total Goals,Over 0.5,1.53,,,LOST,
2026-03-14T11:30:00+00:00,Thai League 1,Muangthong United,Uthai Thani,Over/Under Goals,Under 3.5,1.43,,,WON,
2026-03-14T11:30:00+00:00,Thai League 2,Nong Bua Pitchaya,Esan Pattaya,BTTS,Yes,1.65,,,WON,
2026-03-14T11:35:00+00:00,Super League,Chongqing Tongliang Long,Shenyang Urban,Over/Under Goals,Under 3.5,1.36,,,WON,
2026-03-14T11:45:00+00:00,First NL,Dugopolje,HNK Cibalia,Asian Handicap,Home +0.25,1.55,,,WON,
2026-03-14T12:00:00+00:00,Bundesliga 2,Arminia Bielefeld,SC Paderborn 07,Over/Under Goals,Under 3.5,1.48,,,LOST,
2026-03-14T12:00:00+00:00,Bundesliga 2,Eintracht Braunschweig,Fortuna Düsseldorf,Double Chance,Home/Draw,1.65,,,WON,
2026-03-14T12:00:00+00:00,Bundesliga 2,Holstein Kiel,1. FC Nürnberg,Over/Under Goals,Over 1.5,1.22,,,WON,
2026-03-14T12:00:00+00:00,III Liga - Group 3,Goczałkowice Zdrój,Pawłowice Śląskie,Over/Under Goals,Over 2.5,1.62,,,WON,
2026-03-14T12:00:00+00:00,Premier League,Arba Minch Kenema,Ethiopian Medhin,Double Chance,Home/Draw,1.44,,,LOST,
2026-03-14T12:00:00+00:00,Premier League,Welwalo Adigrat Uni,Dire Dawa Kenema,Asian Handicap,Home +0.25,1.48,,,WON,
2026-03-14T12:00:00+00:00,Primera División Femenina,Granad. Tenerife W,Levante W,Over/Under Goals,Under 3.5,1.4,,,LOST,
2026-03-14T12:00:00+00:00,Super League,Sichuan Jiuniu,Tianjin Teda,Over/Under Goals,Under 3.5,1.33,,,WON,
2026-03-14T12:00:00+00:00,Super Liga,Radnik Surdulica,Javor,Over/Under Goals,Under 2.5,1.67,,,WON,
2026-03-14T12:00:00+00:00,Thai League 1,Rayong FC,BG Pathum United,BTTS,Yes,1.62,,,WON,
2026-03-14T12:00:00+00:00,Thai League 2,Chiangmai United,Trat FC,BTTS,Yes,1.53,,,LOST,
2026-03-14T12:15:00+00:00,A Lyga,Suduva Marijampole,Hegelmann Litauen,Asian Handicap,Home +0,1.52,,,WON,
2026-03-14T12:30:00+00:00,3. Division,Lyseng,Holbæk B&I,Double Chance,Draw/Away,1.18,,,WON,
2026-03-14T12:30:00+00:00,Championship,Coventry,Southampton,Over/Under Goals,Over 2.5,1.5,,,WON,
2026-03-14T12:30:00+00:00,Championship,Middlesbrough,Bristol City,Over/Under Goals,Under 3.5,1.44,,,WON,
2026-03-14T12:30:00+00:00,Championship,Oxford United,Charlton,Asian Handicap,Home +0,1.57,,,WON,
2026-03-14T12:30:00+00:00,League One,Lincoln,Stockport County,Asian Handicap,Home +0,1.42,,,WON,
2026-03-14T12:30:00+00:00,League One,Rotherham,Bolton,Over/Under Goals,Under 3.5,1.42,,,LOST,
2026-03-14T12:30:00+00:00,League Two,Harrogate Town,Salford City,Over/Under Goals,Under 3.5,1.4,,,WON,
2026-03-14T12:30:00+00:00,League Two,Notts County,Chesterfield,Over/Under Goals,Under 3.5,1.33,,,LOST,
2026-03-14T12:30:00+00:00,Premier League,Flint Town United,Bala Town,1X2 / Match Winner,Home,1.7,,,LOST,
2026-03-14T12:30:00+00:00,Thai League 1,Lamphun Warrior,Prachuap,Over/Under Goals,Under 3.5,1.3,,,WON,
2026-03-14T12:30:00+00:00,Thai League 2,Songkhla,Phrae United,Double Chance,Home/Draw,1.4,,,WON,
2026-03-14T13:00:00+00:00,3. Division,Næsby,Odder,Double Chance,Home/Draw,1.22,,,WON,
2026-03-14T13:00:00+00:00,3. Division,Sundby,Hørsholm-Usserød,Over/Under Goals,Over 1.5,1.16,,,WON,
2026-03-14T13:00:00+00:00,3. Division,Vanløse,Vejgaard B,Over/Under Goals,Over 2.5,1.7,,,WON,
2026-03-14T13:00:00+00:00,3. Liga,FC Saarbrücken,SSV Jahn Regensburg,Asian Handicap,Home +0,1.55,,,WON,
2026-03-14T13:00:00+00:00,3. Liga,Hansa Rostock,MSV Duisburg,Asian Handicap,Home +0,1.55,,,WON,
2026-03-14T13:00:00+00:00,3. Liga,Havelse,FC Viktoria Köln,Over/Under Goals,Over 1.5,1.22,,,WON,
2026-03-14T13:00:00+00:00,3. Liga,Rot-Weiß Essen,Erzgebirge Aue,Over/Under Goals,Over 1.5,1.18,,,WON,
2026-03-14T13:00:00+00:00,3. Liga,VfL Osnabrück,Waldhof Mannheim,Asian Handicap,Home +0,1.4,,,WON,
2026-03-14T13:00:00+00:00,CAF Confederation Cup,Otôho d'Oyo,Zamalek SC,Over/Under Goals,Over 1.5,1.36,,,WON,
2026-03-14T13:00:00+00:00,Frauen Bundesliga,Werder Bremen W,Eintracht Frankfurt W,Over/Under Goals,Under 3.5,1.5,,,LOST,
2026-03-14T13:00:00+00:00,Frauenliga,Neulengbach W,Sturm Graz W,1X2 / Match Winner,Away,1.53,,,WON,
2026-03-14T13:00:00+00:00,La Liga,Girona,Athletic Club,Double Chance,Home/Draw,1.48,,,WON,
2026-03-14T13:00:00+00:00,Ligue 2,RED Star FC 93,Dunkerque,Over/Under Goals,Over 1.5,1.38,,,LOST,
2026-03-14T13:00:00+00:00,Ligue 2,Reims,Rodez,Over/Under Goals,Under 3.5,1.42,,,WON,
2026-03-14T13:00:00+00:00,Premier League,Zenit,Spartak Moscow,Over/Under Goals,Over 1.5,1.26,,,WON,
2026-03-14T13:00:00+00:00,Primera División - Apertura,Cerro,Progreso,Over/Under Goals,Under 3.5,1.17,,,WON,
2026-03-14T13:00:00+00:00,Prva Liga,FK Vozdovac,Zemun,Over/Under Goals,Under 2.5,1.57,,,WON,
2026-03-14T13:00:00+00:00,Super League,Nkana,Green Eagles,Over/Under Goals,Under 2.5,1.36,,,WON,
2026-03-14T13:00:00+00:00,Super League,Prison Leopards,Red Arrows,Double Chance,Draw/Away,1.2,,,WON,
2026-03-14T13:00:00+00:00,Super Liga,Radnicki NIS,FK Spartak Zdrepceva KRV,Double Chance,Home/Draw,1.17,,,LOST,
2026-03-14T13:15:00+00:00,First League,Botev Plovdiv,Botev Vratsa,Over/Under Goals,Under 2.5,1.6,,,LOST,
2026-03-14T13:15:00+00:00,Super League,Sabah FA,Imigresen,Over/Under Goals,Over 1.5,1.15,,,WON,
2026-03-14T13:30:00+00:00,1st League - RS,Zvijezda 09,Laktaši,Over/Under Goals,Under 3.5,1.26,,,WON,
2026-03-14T13:30:00+00:00,3. liga - CFL A,Kladno,Viktoria Plzeň II,Over/Under Goals,Under 3.5,1.66,,,WON,
2026-03-14T13:30:00+00:00,3. liga - Center,Dolný Kubín,MFK Bytča,BTTS,Yes,1.44,,,WON,
2026-03-14T13:30:00+00:00,Derde Divisie - Saturday,Harkemase Boys,Eemdijk,Double Chance,Home/Draw,1.44,,,WON,
2026-03-14T13:30:00+00:00,Erste Liga,Sturm Graz II,Austria Lustenau,Team Total Goals,Under 2.5,1.2,,,WON,
2026-03-14T13:30:00+00:00,First League,Vardar Skopje,Akademija Pandev,Over/Under Goals,Under 3.5,1.9,,,WON,
2026-03-14T13:30:00+00:00,NB I,Ujpest,Kisvarda FC,Over/Under Goals,Under 3.5,1.3,,,WON,
2026-03-14T13:30:00+00:00,Premier League,Kudrivka,Veres Rivne,Double Chance,Home/Draw,1.51,,,WON,
2026-03-14T13:30:00+00:00,Premier Soccer League,Magesi,Chippa United,Double Chance,Draw/Away,1.4,,,WON,
2026-03-14T13:30:00+00:00,Premier Soccer League,Marumo Gallants,Golden Arrows,Over/Under Goals,Under 3.5,1.16,,,WON,
2026-03-14T13:30:00+00:00,Premier Soccer League,Orlando Pirates,Siwelele,Over/Under Goals,Under 3.5,1.2,,,WON,
2026-03-14T13:45:00+00:00,Ekstraklasa,Jagiellonia,Piast Gliwice,Over/Under Goals,Over 1.5,1.28,,,WON,
2026-03-14T14:00:00+00:00,1. Liga Promotion,Bavois,Zürich II,Asian Handicap,Away -1.25,1.41,,,WON,
2026-03-14T14:00:00+00:00,1. Liga Promotion,Grand-Saconnex,Cham,BTTS,Yes,1.4,,,LOST,
2026-03-14T14:00:00+00:00,1. Liga Promotion,Kreuzlingen,SC Kriens,Team Total Goals,Over 0.5,1.47,,,WON,
2026-03-14T14:00:00+00:00,1. Liga Promotion,Paradiso,Basel II,Double Chance,Home/Draw,1.62,,,LOST,
2026-03-14T14:00:00+00:00,2. SNL,Bilje,Krka,Over/Under Goals,Under 3.5,1.27,,,WON,
2026-03-14T14:00:00+00:00,2. SNL,Bistrica,Gorica,Asian Handicap,Home +0,1.44,,,LOST,
2026-03-14T14:00:00+00:00,2. SNL,Tabor Sežana,Krško,Over/Under Goals,Under 3.5,1.5,,,WON,
2026-03-14T14:00:00+00:00,3. Division,Nykobing FC,FA 2000,Double Chance,Home/Draw,1.2,,,WON,
2026-03-14T14:00:00+00:00,Czech Liga,Dukla Praha,FK Jablonec,Over/Under Goals,Under 3.5,1.25,,,WON,
2026-03-14T14:00:00+00:00,Czech Liga,Hradec Králové,Baník Ostrava,Asian Handicap,Home +0.25,1.45,,,WON,
2026-03-14T14:00:00+00:00,Czech Liga,Mlada Boleslav,Pardubice,Asian Handicap,Home +0,1.62,,,WON,
2026-03-14T14:00:00+00:00,First League,KAMAZ,Rotor Volgograd,Asian Handicap,Home +0,1.68,,,WON,
2026-03-14T14:00:00+00:00,First NL,Dubrava Zagreb,Jarun,Double Chance,Draw/Away,1.62,,,WON,
2026-03-14T14:00:00+00:00,First NL,Hrvace,Sesvete,Over/Under Goals,Under 3.5,1.17,,,WON,
2026-03-14T14:00:00+00:00,Premier League 2 Division One,Chelsea U21,Sunderland U21,Over/Under Goals,Over 2.5,1.25,,,WON,
2026-03-14T14:00:00+00:00,Prva HNL,NK Osijek,HNK Gorica,Over/Under Goals,Under 3.5,1.22,,,WON,
2026-03-14T14:00:00+00:00,Serie A,Inter,Atalanta,Team Total Goals,Over 0.5,1.57,,,WON,
2026-03-14T14:00:00+00:00,Serie B,Bari,Reggiana,Over/Under Goals,Under 2.5,1.62,,,LOST,
2026-03-14T14:00:00+00:00,Serie B,Cesena,Frosinone,Over/Under Goals,Over 1.5,1.22,,,WON,
2026-03-14T14:00:00+00:00,Serie B,Empoli,Mantova,Over/Under Goals,Over 1.5,1.3,,,WON,
2026-03-14T14:00:00+00:00,Serie B,Juve Stabia,Carrarese,Over/Under Goals,Under 3.5,1.22,,,WON,
2026-03-14T14:00:00+00:00,Serie B,Padova,Catanzaro,Over/Under Goals,Over 1.5,1.4,,,WON,
2026-03-14T14:00:00+00:00,Super League,Penang,Kuching FA,Over/Under Goals,Over 2.5,1.67,,,LOST,
2026-03-14T14:00:00+00:00,Superliga,Tirana,Bylis,Over/Under Goals,Under 3.5,1.16,,,WON,
2026-03-14T14:30:00+00:00,Bundesliga 1,1899 Hoffenheim,VfL Wolfsburg,Over/Under Goals,Over 1.5,1.15,,,WON,
2026-03-14T14:30:00+00:00,Bundesliga 1,Bayer Leverkusen,Bayern München,BTTS,Yes,1.42,,,WON,
2026-03-14T14:30:00+00:00,Bundesliga 1,Borussia Dortmund,FC Augsburg,Over/Under Goals,Over 1.5,1.17,,,WON,
2026-03-14T14:30:00+00:00,Bundesliga 1,Eintracht Frankfurt,1. FC Heidenheim,1X2 / Match Winner,Home,1.57,,,WON,
2026-03-14T14:30:00+00:00,Derde Divisie - Sunday,Vvsb,TOGB,1X2 / Match Winner,Home,1.7,,,LOST,
2026-03-14T14:30:00+00:00,Premier League,Colwyn Bay,Barry Town,Over/Under Goals,Under 3.5,1.3,,,LOST,
2026-03-14T14:30:00+00:00,Premier League,Penybont,The New Saints,Over/Under Goals,Under 3.5,1.5,,,WON,
2026-03-14T14:30:00+00:00,Super Liga,Podbrezová,Zemplín Michalovce,1X2 / Match Winner,Home,1.62,,,LOST,
2026-03-14T14:30:00+00:00,Super Liga,Ružomberok,FK Košice,Double Chance,Draw/Away,1.45,,,WON,
2026-03-14T14:30:00+00:00,Super Liga,Tatran Prešov,Komárno,Asian Handicap,Home +0.25,1.5,,,WON,
2026-03-14T15:00:00+00:00,1. Division,AEL,Omonia Aradippou,Over/Under Goals,Under 3.5,1.25,,,WON,
2026-03-14T15:00:00+00:00,Championship,Ballinamallard United,H&W Welders,Over/Under Goals,Under 2.5,2.35,,,WON,
2026-03-14T15:00:00+00:00,Championship,Birmingham,Sheffield Utd,Over/Under Goals,Under 3.5,1.4,,,WON,
2026-03-14T15:00:00+00:00,Championship,Dundela,Ards,Over/Under Goals,Over 2.5,1.57,,,LOST,
2026-03-14T15:00:00+00:00,Championship,Leicester,QPR,Over/Under Goals,Over 1.5,1.3,,,WON,
2026-03-14T15:00:00+00:00,Championship,Millwall,Blackburn,Asian Handicap,Home +0,1.4,,,LOST,
2026-03-14T15:00:00+00:00,Championship,Newington Youth,Limavady United,Asian Handicap,Home +0.5,1.62,,,LOST,
2026-03-14T15:00:00+00:00,Championship,Norwich,Preston,Double Chance,Home/Draw,1.15,,,WON,
2026-03-14T15:00:00+00:00,Championship,Sheffield Wednesday,Ipswich,Over/Under Goals,Over 2.5,1.57,,,LOST,
2026-03-14T15:00:00+00:00,Championship,Stoke City,Watford,Double Chance,Draw/Away,1.45,,,LOST,
2026-03-14T15:00:00+00:00,Championship,Warrenpoint Town,Annagh United,Asian Handicap,Home +1.25,1.48,,,WON,
2026-03-14T15:00:00+00:00,Championship,West Brom,Hull City,Over/Under Goals,Under 3.5,1.3,,,WON,
2026-03-14T15:00:00+00:00,First League,Fakel,Chernomorets,Over/Under Goals,Over 1.5,1.46,,,LOST,
2026-03-14T15:00:00+00:00,Frauen Bundesliga,RB Leipzig W,Union Berlin W,1X2 / Match Winner,Draw,3.7,,,WON,
2026-03-14T15:00:00+00:00,Jupiler Pro League,Charleroi,OH Leuven,Team Total Goals,Over 0.5,1.48,,,WON,
2026-03-14T15:00:00+00:00,Júniores U19,Academico Viseu U19,Alverca U19,Over/Under Goals,Under 3.5,1.26,,,WON,
2026-03-14T15:00:00+00:00,Júniores U19,Mafra U19,Tondela U19,Double Chance,Home/Draw,1.57,,,WON,
2026-03-14T15:00:00+00:00,League One,Doncaster,Blackpool,Over/Under Goals,Under 3.5,1.42,,,WON,
2026-03-14T15:00:00+00:00,League One,Hamilton Academical,Queen of the South,Over/Under Goals,Under 3.5,1.4,,,LOST,
2026-03-14T15:00:00+00:00,League One,Inverness CT,Cove Rangers,1X2 / Match Winner,Home,1.4,,,LOST,
2026-03-14T15:00:00+00:00,League One,Kelty Hearts,East Fife,Over/Under Goals,Under 2.5,1.73,,,WON,
2026-03-14T15:00:00+00:00,League One,Leyton Orient,Peterborough,Over/Under Goals,Over 2.5,1.67,,,WON,
2026-03-14T15:00:00+00:00,League One,Mansfield Town,Barnsley,Double Chance,Draw/Away,1.65,,,WON,
2026-03-14T15:00:00+00:00,League One,Northampton,Burton Albion,Double Chance,Draw/Away,1.48,,,WON,
2026-03-14T15:00:00+00:00,League One,Peterhead,Stenhousemuir,Asian Handicap,Home +0.25,1.7,,,LOST,
2026-03-14T15:00:00+00:00,League One,Port Vale,Huddersfield,Double Chance,Home/Draw,1.65,,,WON,
2026-03-14T15:00:00+00:00,League One,Reading,Plymouth,Over/Under Goals,Over 1.5,1.22,,,WON,
2026-03-14T15:00:00+00:00,League One,Stevenage,AFC Wimbledon,Over/Under Goals,Over 1.5,1.45,,,LOST,
2026-03-14T15:00:00+00:00,League One,Wigan,Bradford,Over/Under Goals,Over 1.5,1.42,,,WON,
2026-03-14T15:00:00+00:00,League Two,Annan Athletic,Edinburgh City,Over/Under Goals,Under 3.5,1.5,,,WON,
2026-03-14T15:00:00+00:00,League Two,Barrow,Accrington ST,Over/Under Goals,Under 3.5,1.25,,,WON,
2026-03-14T15:00:00+00:00,League Two,Bromley,Bristol Rovers,Asian Handicap,Home +0,1.4,,,WON,
2026-03-14T15:00:00+00:00,League Two,Cambridge United,Gillingham,Over/Under Goals,Under 3.5,1.22,,,LOST,
2026-03-14T15:00:00+00:00,League Two,Crewe,Walsall,Asian Handicap,Home +0.25,1.45,,,LOST,
2026-03-14T15:00:00+00:00,League Two,Elgin City,Dumbarton,Over/Under Goals,Under 3.5,1.53,,,WON,
2026-03-14T15:00:00+00:00,League Two,Fleetwood Town,Tranmere,Team Total Goals,Over 0.5,1.15,,,LOST,
2026-03-14T15:00:00+00:00,League Two,Oldham,Grimsby,Double Chance,Home/Draw,1.44,,,WON,
2026-03-14T15:00:00+00:00,League Two,Shrewsbury,Cheltenham,Double Chance,Home/Draw,1.2,,,LOST,
2026-03-14T15:00:00+00:00,League Two,Spartans,Clyde,Asian Handicap,Home +0,1.45,,,WON,
2026-03-14T15:00:00+00:00,League Two,Stirling Albion,Forfar Athletic,Over/Under Goals,Under 3.5,1.3,,,WON,
2026-03-14T15:00:00+00:00,League Two,Stranraer,East Kilbride,Over/Under Goals,Over 1.5,1.17,,,WON,
2026-03-14T15:00:00+00:00,League Two,Swindon Town,Milton Keynes Dons,Team Total Goals,Over 0.5,1.25,,,WON,
2026-03-14T15:00:00+00:00,National League - North,AFC Fylde,King's Lynn Town,1X2 / Match Winner,Home,1.44,,,WON,
2026-03-14T15:00:00+00:00,National League - North,Alfreton Town,Peterborough Sports,Over/Under Goals,Under 3.5,1.33,,,WON,
2026-03-14T15:00:00+00:00,National League - North,Bedford Town,Radcliffe,Over/Under Goals,Under 3.5,1.57,,,WON,
2026-03-14T15:00:00+00:00,National League - North,Chorley,Buxton,Over/Under Goals,Over 1.5,1.2,,,WON,
2026-03-14T15:00:00+00:00,National League - North,Curzon Ashton,Macclesfield,Asian Handicap,Home +1.25,1.45,,,LOST,
2026-03-14T15:00:00+00:00,National League - North,Darlington 1883,Leamington,1X2 / Match Winner,Home,1.33,,,WON,
2026-03-14T15:00:00+00:00,National League - North,Hereford,South Shields,Asian Handicap,Home +1.25,1.48,,,WON,
2026-03-14T15:00:00+00:00,National League - North,Kidderminster Harriers,Chester,Asian Handicap,Home +0,1.45,,,WON,
2026-03-14T15:00:00+00:00,National League - North,Marine,Worksop Town,Asian Handicap,Home +0.25,1.42,,,WON,
2026-03-14T15:00:00+00:00,National League - North,Merthyr Town,Spennymoor Town,Asian Handicap,Home +0,1.52,,,LOST,
2026-03-14T15:00:00+00:00,National League - South,Bath City,AFC Hornchurch,Double Chance,Draw/Away,1.22,,,WON,
2026-03-14T15:00:00+00:00,National League - South,Dorking Wanderers,Ebbsfleet United,Over/Under Goals,Over 1.5,1.25,,,WON,
2026-03-14T15:00:00+00:00,National League - South,Dover,Chippenham Town,Over/Under Goals,Under 3.5,1.44,,,WON,
2026-03-14T15:00:00+00:00,National League - South,Eastbourne Borough,Maidenhead,Asian Handicap,Home +1.25,1.52,,,WON,
2026-03-14T15:00:00+00:00,National League - South,Enfield Town,Dagenham & Redbridge,Team Total Goals,Over 0.5,1.4,,,LOST,
2026-03-14T15:00:00+00:00,National League - South,Hemel Hempstead Town,AFC Totton,Over/Under Goals,Under 3.5,1.33,,,WON,
2026-03-14T15:00:00+00:00,National League - South,Horsham,Tonbridge Angels,Over/Under Goals,Under 3.5,1.33,,,WON,
2026-03-14T15:00:00+00:00,National League - South,Maidstone Utd,Farnborough,1X2 / Match Winner,Home,1.53,,,WON,
2026-03-14T15:00:00+00:00,National League - South,Slough Town,Salisbury,Over/Under Goals,Under 3.5,1.53,,,LOST,
2026-03-14T15:00:00+00:00,National League - South,Torquay,Chesham United,Over/Under Goals,Under 3.5,1.44,,,WON,
2026-03-14T15:00:00+00:00,National League,Aldershot Town,York,BTTS,Yes,1.4,,,LOST,
2026-03-14T15:00:00+00:00,National League,Boston United,Yeovil Town,Over/Under Goals,Over 1.5,1.28,,,WON,
2026-03-14T15:00:00+00:00,National League,Brackley Town,Woking,Double Chance,Home/Draw,1.5,,,LOST,
2026-03-14T15:00:00+00:00,National League,FC Halifax Town,Boreham Wood,Over/Under Goals,Over 1.5,1.17,,,WON,
2026-03-14T15:00:00+00:00,National League,Gateshead,Sutton Utd,BTTS,Yes,1.44,,,WON,
2026-03-14T15:00:00+00:00,National League,Southend,Forest Green,BTTS,Yes,1.57,,,LOST,
2026-03-14T15:00:00+00:00,National League,Tamworth,Carlisle,Over/Under Goals,Over 1.5,1.22,,,WON,
2026-03-14T15:00:00+00:00,Non League Premier - Isthmian,Billericay Town,Aveley,Over/Under Goals,Over 1.5,1.19,,,WON,
2026-03-14T15:00:00+00:00,Non League Premier - Isthmian,Chatham Town,Canvey Island,Over/Under Goals,Over 2.5,1.57,,,WON,
2026-03-14T15:00:00+00:00,Non League Premier - Isthmian,Cheshunt,Carshalton Athletic,Over/Under Goals,Under 3.5,1.4,,,WON,
2026-03-14T15:00:00+00:00,Non League Premier - Isthmian,Chichester City,St Albans City,Over/Under Goals,Over 1.5,1.16,,,WON,
2026-03-14T15:00:00+00:00,Non League Premier - Isthmian,Folkestone Invicta,Dartford,Over/Under Goals,Under 3.5,1.34,,,LOST,
2026-03-14T15:00:00+00:00,Non League Premier - Isthmian,Hashtag United,Brentwood Town,Double Chance,Draw/Away,1.33,,,WON,
2026-03-14T15:00:00+00:00,Non League Premier - Isthmian,Lewes,Dulwich Hamlet,Double Chance,Draw/Away,1.25,,,LOST,
2026-03-14T15:00:00+00:00,Non League Premier - Isthmian,Potters Bar Town,Welling United,Double Chance,Draw/Away,1.5,,,WON,
2026-03-14T15:00:00+00:00,Non League Premier - Isthmian,Whitehawk,Cray Wanderers,Double Chance,Home/Draw,1.4,,,LOST,
2026-03-14T15:00:00+00:00,Non League Premier - Isthmian,Wingate & Finchley,Cray Valley PM,Asian Handicap,Home +0,1.48,,,WON,
2026-03-14T15:00:00+00:00,Non League Premier - Northern,Cleethorpes Town,Ashton United,Over/Under Goals,Under 3.5,1.26,,,LOST,
2026-03-14T15:00:00+00:00,Non League Premier - Northern,Hednesford Town,Guiseley AFC,1X2 / Match Winner,Home,1.7,,,WON,
2026-03-14T15:00:00+00:00,Non League Premier - Northern,Ilkeston Town,Stockton Town,Team Total Goals,Over 0.5,1.21,,,WON,
2026-03-14T15:00:00+00:00,Non League Premier - Northern,Leek Town,Rylands,Over/Under Goals,Under 3.5,1.25,,,WON,
2026-03-14T15:00:00+00:00,Non League Premier - Northern,Morpeth Town,Hyde United,Double Chance,Home/Draw,1.44,,,WON,
2026-03-14T15:00:00+00:00,Non League Premier - Northern,Prescot Cables,Rushall Olympic,Over/Under Goals,Under 3.5,1.25,,,WON,
2026-03-14T15:00:00+00:00,Non League Premier - Northern,United of Manchester,Bamber Bridge,Over/Under Goals,Over 1.5,1.25,,,WON,
2026-03-14T15:00:00+00:00,Non League Premier - Northern,Warrington Town,Hebburn Town,Team Total Goals,Under 2.5,1.19,,,WON,
2026-03-14T15:00:00+00:00,Non League Premier - Northern,Whitby Town,Lancaster City,Double Chance,Home/Draw,1.53,,,LOST,
2026-03-14T15:00:00+00:00,Non League Premier - Northern,Workington,Stocksbridge Park Steels,Over/Under Goals,Under 3.5,1.27,,,WON,
2026-03-14T15:00:00+00:00,Non League Premier - Southern Central,AFC Sudbury,Kettering Town,Over/Under Goals,Over 1.5,1.16,,,WON,
2026-03-14T15:00:00+00:00,Non League Premier - Southern Central,Bishop's Stortford,Alvechurch,Double Chance,Draw/Away,1.48,,,LOST,
2026-03-14T15:00:00+00:00,Non League Premier - Southern Central,Bromsgrove Sporting,Stourbridge,Over/Under Goals,Over 1.5,1.19,,,WON,
2026-03-14T15:00:00+00:00,Non League Premier - Southern Central,Bury Town,Redditch United,Over/Under Goals,Under 3.5,1.33,,,WON,
2026-03-14T15:00:00+00:00,Non League Premier - Southern Central,Harborough Town,Real Bedford,Team Total Goals,Over 0.5,1.16,,,WON,
2026-03-14T15:00:00+00:00,Non League Premier - Southern Central,Needham Market,St Ives Town,1X2 / Match Winner,Home,1.45,,,WON,
2026-03-14T15:00:00+00:00,Non League Premier - Southern Central,Quorn,Banbury United,Asian Handicap,Home +0.25,1.44,,,WON,
2026-03-14T15:00:00+00:00,Non League Premier - Southern Central,Spalding United,Halesowen Town,1X2 / Match Winner,Home,1.53,,,WON,
2026-03-14T15:00:00+00:00,Non League Premier - Southern Central,Stamford,Leiston,Over/Under Goals,Over 1.5,1.2,,,WON,
2026-03-14T15:00:00+00:00,Non League Premier - Southern Central,Stratford Town,Royston Town,Over/Under Goals,Under 3.5,1.35,,,WON,
2026-03-14T15:00:00+00:00,Premier League,Burnley,Bournemouth,Over/Under Goals,Under 3.5,1.42,,,WON,
2026-03-14T15:00:00+00:00,Premier League,Ethiopia Nigd Bank,Awassa Kenema,Double Chance,Home/Draw,1.53,,,WON,
2026-03-14T15:00:00+00:00,Premier League,Sunderland,Brighton,Asian Handicap,Home +0.5,1.67,,,LOST,
2026-03-14T15:00:00+00:00,Premiership,Aberdeen,Falkirk,Team Total Goals,Over 0.5,1.25,,,WON,
2026-03-14T15:00:00+00:00,Premiership,Ballymena United,Carrick Rangers,Over/Under Goals,Under 3.5,1.27,,,WON,
2026-03-14T15:00:00+00:00,Premiership,Celtic,Motherwell,Over/Under Goals,Over 1.5,1.2,,,WON,
2026-03-14T15:00:00+00:00,Premiership,Hibernian,Livingston,1X2 / Match Winner,Home,1.45,,,LOST,
2026-03-14T15:00:00+00:00,Super League 1,OFI,Olympiakos Piraeus,Team Total Goals,Under 2.5,1.6,,,LOST,
2026-03-14T15:00:00+00:00,Super Liga,FK Partizan,TSC Backa Topola,Over/Under Goals,Under 3.5,1.44,,,WON,
2026-03-14T15:10:00+00:00,Friendlies Clubs,Turku PS,VPS,Double Chance,Home/Draw,1.6,,,WON,
2026-03-14T15:15:00+00:00,La Liga,Atletico Madrid,Getafe,Over/Under Goals,Over 1.5,1.48,,,LOST,
2026-03-14T15:15:00+00:00,Premier League,FC Rostov,Dynamo,Asian Handicap,Away -0.25,1.48,,,WON,
2026-03-14T15:15:00+00:00,Premyer Liqa,Zira,Qarabag,Asian Handicap,Home +1.25,1.41,,,LOST,
2026-03-14T15:15:00+00:00,Segunda Division,Cultural Leonesa,Racing Santander,Team Total Goals,Under 2.5,1.17,,,WON,
2026-03-14T15:30:00+00:00,3. Liga,TSV 1860 München,SV Wehen,Asian Handicap,Home +0,1.55,,,WON,
2026-03-14T15:30:00+00:00,Eerste Divisie,De Graafschap,Dordrecht,Asian Handicap,Home +0,1.57,,,WON,
2026-03-14T15:30:00+00:00,Eredivisie,FC Volendam,Fortuna Sittard,Over/Under Goals,Over 2.5,1.57,,,WON,
2026-03-14T15:30:00+00:00,First League,Spartak Kostroma,Chayka,Over/Under Goals,Under 3.5,1.19,,,WON,
2026-03-14T15:30:00+00:00,Primeira Liga,Guimaraes,Famalicao,Asian Handicap,Away -0.5,1.6,,,WON,
2026-03-14T15:45:00+00:00,First League,Ludogorets,CSKA Sofia,Over/Under Goals,Under 3.5,1.33,,,WON,
2026-03-14T16:00:00+00:00,1. Division,Akritas,Pafos,Over/Under Goals,Over 1.5,1.17,,,WON,
2026-03-14T16:00:00+00:00,1. Liga Promotion,Young Boys II,Bulle,Asian Handicap,Home +0,1.43,,,WON,
2026-03-14T16:00:00+00:00,2. SNL,Triglav,Ilirija,1X2 / Match Winner,Home,1.24,,,LOST,
2026-03-14T16:00:00+00:00,Ligue 1,Lorient,Lens,BTTS,Yes,1.7,,,WON,
2026-03-14T16:00:00+00:00,NB I,Paks,Zalaegerszegi TE,BTTS,Yes,1.45,,,WON,
2026-03-14T16:00:00+00:00,National 2 - Group C,Limonest,Andrézieux,Team Total Goals,Under 2.5,1.16,,,WON,
2026-03-14T16:00:00+00:00,National Division,Rodange 91,US Mondorf-les-bains,1X2 / Match Winner,Away,1.62,,,WON,
2026-03-14T16:00:00+00:00,Premier League,Polessya,Kryvbas KR,Over/Under Goals,Over 1.5,1.31,,,WON,
2026-03-14T16:00:00+00:00,Premier Soccer League,Amazulu,Richards Bay,Over/Under Goals,Under 2.5,1.4,,,LOST,
2026-03-14T16:00:00+00:00,Premier Soccer League,Sekhukhune United,Polokwane City,Over/Under Goals,Under 2.5,1.28,,,WON,
2026-03-14T16:00:00+00:00,Prva Liga,FK Trayal,Grafičar,Over/Under Goals,Under 3.5,1.15,,,WON,
2026-03-14T16:00:00+00:00,Tipp3 Bundesliga,Grazer AK,Wolfsberger AC,Double Chance,Home/Draw,1.5,,,WON,
2026-03-14T16:00:00+00:00,Tipp3 Bundesliga,Ried,WSG Wattens,Over/Under Goals,Under 3.5,1.28,,,WON,
2026-03-14T16:00:00+00:00,Tipp3 Bundesliga,SCR Altach,FC BW Linz,Asian Handicap,Home +0.25,1.42,,,WON,
2026-03-14T16:15:00+00:00,Liga I,Oţelul,Csikszereda,Over/Under Goals,Over 1.5,1.28,,,WON,
2026-03-14T16:15:00+00:00,Prva HNL,Dinamo Zagreb,NK Slaven Belupo,Over/Under Goals,Over 1.5,1.17,,,WON,
2026-03-14T16:15:00+00:00,Serie B,Monza,Palermo,Over/Under Goals,Over 1.5,1.36,,,WON,
2026-03-14T16:30:00+00:00,Ekstraklasa,GKS Katowice,Lechia Gdansk,Double Chance,Home/Draw,1.5,,,WON,
2026-03-14T17:00:00+00:00,Czech Liga,Zlin,Slavia Praha,Team Total Goals,Over 1.5,1.6,,,WON,
2026-03-14T17:00:00+00:00,Derde Divisie - Sunday,Meerssen,ASWH,Double Chance,Home/Draw,1.44,,,WON,
2026-03-14T17:00:00+00:00,Derde Divisie - Sunday,UNA,Noordwijk,Over/Under Goals,Over 2.5,1.57,,,WON,
2026-03-14T17:00:00+00:00,III Liga - Group 3,Lechia Zielona Góra,Zagłębie Lubin II,Over/Under Goals,Over 2.5,1.6,,,LOST,
2026-03-14T17:00:00+00:00,Júniores U19,Vitoria Guimaraes U19,Moreirense U19,Asian Handicap,Home +0,1.56,,,WON,
2026-03-14T17:00:00+00:00,National 2 - Group A,Bordeaux,Poitiers,Over/Under Goals,Under 3.5,1.31,,,WON,
2026-03-14T17:00:00+00:00,National 2 - Group A,Châteaubriant,Angoulême,Over/Under Goals,Under 3.5,1.18,,,WON,
2026-03-14T17:00:00+00:00,National 2 - Group C,Grasse,Chasselay MDA,Over/Under Goals,Under 3.5,1.23,,,WON,
2026-03-14T17:00:00+00:00,Serie A,Napoli,Lecce,Over/Under Goals,Over 1.5,1.4,,,WON,
2026-03-14T17:00:00+00:00,Super League,FC Thun,Grasshoppers,1X2 / Match Winner,Home,1.64,,,WON,
2026-03-14T17:00:00+00:00,Super League,FC Zurich,FC Sion,Over/Under Goals,Under 3.5,1.42,,,WON,
2026-03-14T17:00:00+00:00,Super Lig,Galatasaray,Başakşehir,Over/Under Goals,Over 1.5,1.17,,,WON,
2026-03-14T17:00:00+00:00,Super Lig,Göztepe,Alanyaspor,Over/Under Goals,Under 2.5,1.7,,,LOST,
2026-03-14T17:00:00+00:00,Super Lig,Trabzonspor,Rizespor,Over/Under Goals,Over 1.5,1.2,,,LOST,
2026-03-14T17:00:00+00:00,Superliga,Flamurtari,AF Elbasani,Over/Under Goals,Under 3.5,1.15,,,WON,
2026-03-14T17:00:00+00:00,TFF 1. Lig,Pendikspor,İstanbulspor,Over/Under Goals,Under 3.5,1.5,,,WON,
2026-03-14T17:15:00+00:00,Jupiler Pro League,Union St. Gilloise,Dender,Result + Total Goals,Home/Over 1.5,1.46,,,WON,
2026-03-14T17:30:00+00:00,Bundesliga 1,Hamburger SV,1. FC Köln,Asian Handicap,Home +0,1.55,,,WON,
2026-03-14T17:30:00+00:00,La Liga,Oviedo,Valencia,Over/Under Goals,Over 1.5,1.42,,,LOST,
2026-03-14T17:30:00+00:00,League One,Montrose,Alloa Athletic,Team Total Goals,Over 0.5,1.22,,,WON,
2026-03-14T17:30:00+00:00,National League,Eastleigh,Rochdale,Over/Under Goals,Over 1.5,1.22,,,WON,
2026-03-14T17:30:00+00:00,National League,Morecambe,Braintree,Over/Under Goals,Over 1.5,1.25,,,WON,
2026-03-14T17:30:00+00:00,National League,Scunthorpe,Altrincham,Over/Under Goals,Over 1.5,1.2,,,WON,
2026-03-14T17:30:00+00:00,Premier League,Arsenal,Everton,1X2 / Match Winner,Home,1.41,,,WON,
2026-03-14T17:30:00+00:00,Premier League,Baltika,CSKA Moscow,Over/Under Goals,Under 3.5,1.16,,,WON,
2026-03-14T17:30:00+00:00,Premier League,Chelsea,Newcastle,Over/Under Goals,Over 1.5,1.15,,,LOST,
2026-03-14T17:30:00+00:00,Primera División Femenina,Real Sociedad W,Real Madrid W,BTTS,Yes,1.55,,,LOST,
2026-03-14T17:30:00+00:00,Segunda Division,Valladolid,Leganes,Over/Under Goals,Over 1.5,1.4,,,WON,
2026-03-14T17:30:00+00:00,Segunda Division,Zaragoza,Almeria,Over/Under Goals,Under 3.5,1.3,,,WON,
2026-03-14T17:30:00+00:00,Super League 1,Panserraikos,Aris Thessalonikis,Over/Under Goals,Under 3.5,1.2,,,WON,
2026-03-14T17:45:00+00:00,Eredivisie,PSV Eindhoven,NEC Nijmegen,1X2 / Match Winner,Home,1.46,,,LOST,
2026-03-14T18:00:00+00:00,1. Liga Promotion,Lausanne Sport II,Breitenrain,Double Chance,Draw/Away,1.6,,,LOST,
2026-03-14T18:00:00+00:00,Ligue 1,Angers,Nice,Over/Under Goals,Under 3.5,1.28,,,WON,
2026-03-14T18:00:00+00:00,National Division,Racing FC Union Luxembourg,Swift Hesperange,1X2 / Match Winner,Home,1.64,,,WON,
2026-03-14T18:00:00+00:00,Paulista - A4,Jabaquara,Grêmio Sãocarlense,Over/Under Goals,Under 2.5,1.54,,,LOST,
2026-03-14T18:00:00+00:00,Paulista - A4,Nacional SP,Penapolense,Over/Under Goals,Under 3.5,1.16,,,WON,
2026-03-14T18:00:00+00:00,Paulista - A4,São Caetano,EC Lemense,Over/Under Goals,Under 3.5,1.15,,,WON,
2026-03-14T18:00:00+00:00,Primeira Liga,GIL Vicente,Alverca,Over/Under Goals,Over 1.5,1.36,,,WON,
2026-03-14T18:00:00+00:00,Primera Division,Sport Huancayo,ADT,Team Total Goals,Over 0.5,1.18,,,LOST,
2026-03-14T18:00:00+00:00,Super League 1,Larisa,Asteras Tripolis,Over/Under Goals,Over 1.5,1.45,,,WON,
2026-03-14T18:30:00+00:00,NB I,Debreceni VSC,Nyiregyhaza,Over/Under Goals,Over 1.5,1.33,,,WON,
2026-03-14T18:30:00+00:00,Serie B,Sampdoria,Venezia,Over/Under Goals,Over 1.5,1.38,,,LOST,
2026-03-14T19:00:00+00:00,Eredivisie,Heerenveen,Telstar,Over/Under Goals,Over 1.5,1.15,,,WON,
2026-03-14T19:00:00+00:00,Liga I,Rapid,Dinamo Bucuresti,Over/Under Goals,Over 1.5,1.36,,,WON,
2026-03-14T19:00:00+00:00,Liga Pro,Independiente del Valle,Aucas,1X2 / Match Winner,Home,1.57,,,LOST,
2026-03-14T19:00:00+00:00,Ligue 2,Grenoble,Saint Etienne,Over/Under Goals,Under 3.5,1.38,,,WON,
2026-03-14T19:00:00+00:00,Paulista - A4,Inter de Bebedouro,ECUS,Over/Under Goals,Under 3.5,1.16,,,WON,
2026-03-14T19:00:00+00:00,Pro League,Al Khaleej Saihat,Al-Nassr,Over/Under Goals,Over 2.5,1.4,,,WON,
2026-03-14T19:00:00+00:00,Pro League,Al Shabab,Al Okhdood,Over/Under Goals,Over 1.5,1.2,,,WON,
2026-03-14T19:00:00+00:00,Pro League,Al-Fateh,Al-Hilal Saudi FC,BTTS,Yes,1.55,,,LOST,
2026-03-14T19:15:00+00:00,Ekstraklasa,Cracovia Krakow,Wisla Plock,Over/Under Goals,Under 3.5,1.25,,,WON,
2026-03-14T19:15:00+00:00,Major League Soccer,Atlanta United FC,Philadelphia Union,Over/Under Goals,Over 1.5,1.25,,,WON,
2026-03-14T19:30:00+00:00,Bundesliga 2,Hertha BSC,VfL Bochum,Over/Under Goals,Over 1.5,1.18,,,WON,
2026-03-14T19:45:00+00:00,Jupiler Pro League,KVC Westerlo,Club Brugge KV,Over/Under Goals,Under 3.5,1.7,,,WON,
2026-03-14T19:45:00+00:00,Serie A,Udinese,Juventus,Team Total Goals,Over 0.5,1.65,,,LOST,
2026-03-14T20:00:00+00:00,CAF Confederation Cup,AL Masry,CR Belouizdad,1X2 / Match Winner,Draw,3.4,,,WON,
2026-03-14T20:00:00+00:00,Eredivisie,Ajax,Sparta Rotterdam,Over/Under Goals,Over 1.5,1.17,,,WON,
2026-03-14T20:00:00+00:00,Liga Mayor,Delfines Del Este,Salcedo,Team Total Goals,Over 0.5,1.18,,,LOST,
2026-03-14T20:00:00+00:00,NWSL Women,Kansas City W,Utah Royals W,Over/Under Goals,Over 1.5,1.2,,,WON,
2026-03-14T20:00:00+00:00,Premier League,West Ham,Manchester City,Over/Under Goals,Under 3.5,1.62,,,WON,
2026-03-14T20:00:00+00:00,Premiership,Kilmarnock,Heart Of Midlothian,Over/Under Goals,Over 1.5,1.25,,,LOST,
2026-03-14T20:00:00+00:00,Primera División - Apertura,Boston River,Racing Montevideo,Over/Under Goals,Under 3.5,1.2,,,WON,
2026-03-14T20:00:00+00:00,Segunda Division,AD Ceuta FC,Deportivo La Coruna,Over/Under Goals,Over 1.5,1.35,,,WON,
2026-03-14T20:05:00+00:00,Ligue 1,Monaco,Stade Brestois 29,Double Chance,Home/Draw,1.17,,,WON,
2026-03-14T20:15:00+00:00,Primera Division,Juan Pablo II College,Club Deportivo Los Chankas,Over/Under Goals,Over 1.5,1.33,,,WON,
2026-03-14T20:30:00+00:00,Primeira Liga,Arouca,Benfica,Over/Under Goals,Over 2.5,1.62,,,WON,
2026-03-14T21:00:00+00:00,Primera Division,Coquimbo Unido,Universidad de Chile,Over/Under Goals,Under 3.5,1.22,,,WON,
2026-03-14T21:30:00+00:00,Liga Pro,Delfin SC,Manta FC,Over/Under Goals,Under 2.5,1.65,,,WON,
2026-03-14T21:30:00+00:00,Serie A,Vitoria,Atletico-MG,Double Chance,Home/Draw,1.48,,,WON,
2026-03-14T22:00:00+00:00,CAF Champions League,Renaissance Berkane,Al Hilal Omdurman,1X2 / Match Winner,Home,1.69,,,LOST,
2026-03-14T22:00:00+00:00,Primera Division,Platense,Velez Sarsfield,Double Chance,Draw/Away,1.42,,,WON,
2026-03-14T22:15:00+00:00,Major League Soccer,Columbus Crew,Nashville SC,Over/Under Goals,Over 1.5,1.18,,,LOST,
2026-03-14T23:00:00+00:00,Liga MX,Atletico San Luis,Pachuca,Over/Under Goals,Over 1.5,1.28,,,WON,
2026-03-14T23:00:00+00:00,NWSL Women,North Carolina Courage W,Racing Louisville W,Team Total Goals,Over 0.5,1.5,,,WON,
2026-03-14T23:00:00+00:00,Primera Division,Deportivo Garcilaso,Alianza Lima,Over/Under Goals,Under 3.5,1.22,,,WON,
2026-03-14T23:07:00+00:00,Liga MX,Guadalajara Chivas,Santos Laguna,Team Total Goals,Over 1.5,1.2,,,WON,
2026-03-14T23:30:00+00:00,Major League Soccer,Charlotte,Inter Miami,Over/Under Goals,Over 1.5,1.15,,,LOST,
2026-03-14T23:30:00+00:00,Major League Soccer,New York City FC,Colorado Rapids,Over/Under Goals,Over 1.5,1.2,,,WON,
2026-03-14T23:30:00+00:00,Primera Division,U. Catolica,Everton de Vina,1X2 / Match Winner,Home,1.62,,,LOST,
2026-03-14T23:30:00+00:00,Primera División - Apertura,Albion FC,Penarol,Over/Under Goals,Under 3.5,1.17,,,WON,
2026-03-14T23:30:00+00:00,Serie A,Botafogo,Flamengo,Double Chance,Home/Draw,1.7,,,LOST,
2026-03-15T00:00:00+00:00,Liga Pro,LDU de Quito,Universidad Catolica,Over/Under Goals,Under 3.5,1.42,,,WON,
2026-03-15T00:00:00+00:00,Primera Division,Rosario Central,Banfield,Double Chance,Home/Draw,1.15,,,WON,
2026-03-15T00:30:00+00:00,Division di Honor,La Fama,Bubali,Team Total Goals,Over 0.5,1.24,,,WON,
2026-03-15T00:30:00+00:00,Major League Soccer,Chicago Fire,DC United,Over/Under Goals,Under 3.5,1.48,,,WON,
2026-03-15T00:30:00+00:00,Major League Soccer,FC Dallas,San Diego,Double Chance,Draw/Away,1.4,,,WON,
2026-03-15T00:30:00+00:00,Major League Soccer,Houston Dynamo,Portland Timbers,Asian Handicap,Home +0,1.48,,,WON,
2026-03-15T00:45:00+00:00,NWSL Women,San Diego Wave W,Houston Dash W,1X2 / Match Winner,Home,1.68,,,LOST,
2026-03-15T01:00:00+00:00,Liga MX,Leon,Club Tijuana,Over/Under Goals,Over 1.5,1.18,,,WON,
2026-03-15T01:00:00+00:00,Liga MX,Toluca,Atlas,Over/Under Goals,Over 1.5,1.18,,,WON,
2026-03-15T01:00:00+00:00,Liga de Expansión MX,Cancún,CA La Paz,Over/Under Goals,Over 1.5,1.22,,,WON,
2026-03-15T01:00:00+00:00,Liga de Expansión MX,Monarcas,Tepatitlán,Over/Under Goals,Under 3.5,1.38,,,LOST,
2026-03-15T01:30:00+00:00,Major League Soccer,Los Angeles Galaxy,Sporting Kansas City,Over/Under Goals,Under 3.5,1.83,,,WON,
2026-03-15T01:30:00+00:00,Major League Soccer,Real Salt Lake,Austin,Asian Handicap,Home +0,1.5,,,WON,
2026-03-15T01:30:00+00:00,Primera A,Santa Fe,Alianza Valledupar,Over/Under Goals,Under 3.5,1.25,,,WON,
2026-03-15T01:30:00+00:00,Primera Division,Universitario,UTC Cajamarca,Over/Under Goals,Under 3.5,1.45,,,WON,
2026-03-15T02:30:00+00:00,Major League Soccer,Los Angeles FC,St. Louis City,Over/Under Goals,Under 3.5,1.7,,,WON,
2026-03-15T03:00:00+00:00,Liga de Expansión MX,Dorados,Leones Negros UDG,Over/Under Goals,Over 1.5,1.22,,,WON,
2026-03-15T03:10:00+00:00,Liga MX,U.N.A.M. - Pumas,Cruz Azul,Double Chance,Home/Draw,1.7,,,WON,
2026-03-15T05:00:00+00:00,J. League Div.1,V-varen Nagasaki,Avispa Fukuoka,Asian Handicap,Home +0,1.6,,,WON,
2026-03-15T05:00:00+00:00,K-League Classic,Bucheon FC 1995,Ulsan Hyundai FC,Over/Under Goals,Under 3.5,1.25,,,WON,
2026-03-15T05:00:00+00:00,K-League Classic,Jeju United FC,FC Seoul,Over/Under Goals,Under 3.5,1.25,,,WON,
2026-03-15T07:30:00+00:00,K-League Classic,Gangwon FC,FC Anyang,Over/Under Goals,Under 3.5,1.22,,,WON,
2026-03-15T07:30:00+00:00,K-League Classic,Pohang Steelers,Incheon United,Over/Under Goals,Under 2.5,1.65,,,WON,
2026-03-15T07:30:00+00:00,Super League,Henan Jianye,Yunnan Yukun,Over/Under Goals,Over 2.5,1.55,,,WON,
2026-03-15T08:00:00+00:00,A-League,Melbourne Victory,Macarthur,Asian Handicap,Home +0,1.4,,,WON,
2026-03-15T08:30:00+00:00,First League,Ural,Arsenal Tula,Double Chance,Home/Draw,1.15,,,WON,
2026-03-15T09:00:00+00:00,3. liga - CFL B,Teplice II,Kolín,Over/Under Goals,Under 3.5,1.73,,,WON,
2026-03-15T09:15:00+00:00,3. liga - CFL B,Hradec Králové II,Sokol Brozany,Over/Under Goals,Over 2.5,1.44,,,WON,
2026-03-15T09:15:00+00:00,3. liga - CFL B,Jablonec II,Benátky nad Jizerou,Double Chance,Draw/Away,1.67,,,WON,
2026-03-15T10:00:00+00:00,3. liga - CFL B,Slovan Liberec II,Velké Hamry,Over/Under Goals,Over 2.5,1.53,,,WON,
2026-03-15T10:30:00+00:00,TFF 1. Lig,Erzurumspor FK,Hatayspor,Over/Under Goals,Over 2.5,1.19,,,WON,
2026-03-15T10:30:00+00:00,TFF 1. Lig,Sivasspor,Ümraniyespor,1X2 / Match Winner,Home,1.7,,,WON,
2026-03-15T11:00:00+00:00,A Lyga,Panevėžys,FK Trakai,1X2 / Match Winner,Home,1.41,,,WON,
2026-03-15T11:00:00+00:00,Premier League,Akron,Akhmat,Asian Handicap,Home +0.25,1.67,,,WON,
2026-03-15T11:00:00+00:00,Primera División Femenina,Alhama,Sevilla W,1X2 / Match Winner,Away,1.65,,,WON,
2026-03-15T11:00:00+00:00,Primera División Femenina,Deportivo de La Coruña W,Barcelona W,Team Total Goals,Over 0.5,3.6,,,LOST,
2026-03-15T11:00:00+00:00,Super League,SHANGHAI SIPG,Qingdao Youth Island,1X2 / Match Winner,Home,1.51,,,WON,
2026-03-15T11:00:00+00:00,Thai League 2,Chainat,Nakhon Si Thammarat,Asian Handicap,Home +0.25,1.24,,,WON,
2026-03-15T11:00:00+00:00,Thai League 2,Kasetsart FC,Rasi Salai United,Over/Under Goals,Under 3.5,1.25,,,WON,
2026-03-15T11:15:00+00:00,Ekstraklasa,Arka Gdynia,Widzew Łódź,Over/Under Goals,Over 1.5,1.38,,,LOST,
2026-03-15T11:15:00+00:00,Eredivisie,Twente,Utrecht,1X2 / Match Winner,Home,1.58,,,LOST,
2026-03-15T11:30:00+00:00,Serie A Women,Como W,Ternana W,Over/Under Goals,Under 3.5,1.3,,,WON,
2026-03-15T11:30:00+00:00,Serie A,Hellas Verona,Genoa,Over/Under Goals,Under 3.5,1.15,,,WON,
2026-03-15T11:30:00+00:00,Serie C - Girone B,Forli,Juventus U23,Asian Handicap,Home +0,1.6,,,WON,
2026-03-15T11:30:00+00:00,Thai League 2,Bangkok,Police Tero,Over/Under Goals,Under 3.5,1.3,,,WON,
2026-03-15T11:35:00+00:00,Super League,Chengdu Better City,Qingdao Jonoon,Over/Under Goals,Over 2.5,1.48,,,LOST,
2026-03-15T11:45:00+00:00,First NL,Rudes,Opatija,Asian Handicap,Away -1.25,1.5,,,LOST,
2026-03-15T11:45:00+00:00,Frauenliga,Rheindorf Altach,St. Pölten W,BTTS,Yes,1.59,,,WON,
2026-03-15T11:55:00+00:00,FA WSL,Aston Villa W,Manchester City W,Over/Under Goals,Over 2.5,1.44,,,LOST,
2026-03-15T11:55:00+00:00,FA WSL,Liverpool W,Leicester City WFC,1X2 / Match Winner,Home,1.68,,,WON,
2026-03-15T11:55:00+00:00,FA WSL,London City Lionesses,Arsenal W,Result + Total Goals,Away/Over 1.5,1.5,,,WON,
2026-03-15T11:55:00+00:00,FA WSL,Tottenham Hotspur W,Everton W,Double Chance,Home/Draw,1.18,,,LOST,
2026-03-15T12:00:00+00:00,1st League - RS,Slavija,BSK Banja Luka,Double Chance,Home/Draw,1.42,,,WON,
2026-03-15T12:00:00+00:00,Amapaense,Santos AP,Macapá,1X2 / Match Winner,Home,1.68,,,WON,
2026-03-15T12:00:00+00:00,Czech Liga,Slovan Liberec,Teplice,Over/Under Goals,Under 2.5,1.65,,,WON,
2026-03-15T12:00:00+00:00,First League,FC UFA,FK Sokol Saratov,Double Chance,Home/Draw,1.19,,,WON,
2026-03-15T12:00:00+00:00,First League,Volga Ulyanovsk,Chelyabinsk,Over/Under Goals,Under 3.5,1.15,,,LOST,
2026-03-15T12:00:00+00:00,Frauenliga,Kleinmünchen / BW Linz,First Vienna W,Asian Handicap,Home +1.25,1.64,,,LOST,
2026-03-15T12:00:00+00:00,Premiership,ST Mirren,Rangers,1X2 / Match Winner,Away,1.67,,,WON,
2026-03-15T12:00:00+00:00,Prva Liga,Dubočica,Tekstilac Odžaci,Over/Under Goals,Under 3.5,1.15,,,WON,
2026-03-15T12:00:00+00:00,Super Liga,Novi Pazar,Cukaricki,Over/Under Goals,Under 3.5,1.25,,,WON,
2026-03-15T12:00:00+00:00,Superliga,Ballkani,Drita,Over/Under Goals,Under 3.5,1.19,,,WON,
2026-03-15T12:00:00+00:00,Superliga,Dukagjini,Llapi,1X2 / Match Winner,Home,1.63,,,LOST,
2026-03-15T12:15:00+00:00,A Lyga,Banga,Džiugas Telšiai,Over/Under Goals,Under 3.5,1.22,,,WON,
2026-03-15T12:30:00+00:00,3. Liga,Stuttgart II,Hoffenheim II,Over/Under Goals,Over 2.5,1.5,,,LOST,
2026-03-15T12:30:00+00:00,Bundesliga 2,1. FC Kaiserslautern,Karlsruher SC,Over/Under Goals,Over 1.5,1.2,,,WON,
2026-03-15T12:30:00+00:00,Bundesliga 2,Dynamo Dresden,Preußen Münster,Over/Under Goals,Over 1.5,1.25,,,WON,
2026-03-15T12:30:00+00:00,Bundesliga 2,FC Schalke 04,Hannover 96,Asian Handicap,Home +0,1.7,,,WON,
2026-03-15T12:30:00+00:00,First League,Cherno More Varna,Montana,Over/Under Goals,Under 2.5,1.85,,,WON,
2026-03-15T12:30:00+00:00,Jupiler Pro League,Genk,St. Truiden,Over/Under Goals,Over 1.5,1.2,,,LOST,
2026-03-15T12:30:00+00:00,Thai League 2,Pattani,Mahasarakham United,Team Total Goals,Over 0.5,1.19,,,WON,
2026-03-15T13:00:00+00:00,CAF Confederation Cup,Maniema Union,USM Alger,Asian Handicap,Home +0,1.55,,,WON,
2026-03-15T13:00:00+00:00,Derde Divisie - Sunday,Gemert,FC Lisse,BTTS,Yes,1.44,,,WON,
2026-03-15T13:00:00+00:00,Derde Divisie - Sunday,Roosendaal,Groene Ster,1X2 / Match Winner,Home,1.53,,,WON,
2026-03-15T13:00:00+00:00,First League,Mornar,Buducnost Podgorica,Over/Under Goals,Under 3.5,1.18,,,WON,
2026-03-15T13:00:00+00:00,First League,Shinnik Yaroslavl,Enisey,Over/Under Goals,Under 3.5,1.16,,,WON,
2026-03-15T13:00:00+00:00,La Liga,Mallorca,Espanyol,Over/Under Goals,Over 1.5,1.42,,,WON,
2026-03-15T13:00:00+00:00,Paulista - A3,EC São Bernardo,Portuguesa Santista,Asian Handicap,Home +0.25,1.53,,,LOST,
2026-03-15T13:00:00+00:00,Paulista - A3,Francana,Rio Claro,Double Chance,Home/Draw,1.59,,,WON,
2026-03-15T13:00:00+00:00,Premier League,Mekelle Kenema,Welayta Dicha,Asian Handicap,Home +0.25,1.56,,,WON,
2026-03-15T13:00:00+00:00,Premier League,Negelle Arsi,Mebrat Hayl,Over/Under Goals,Under 2.5,1.3,,,WON,
2026-03-15T13:00:00+00:00,Premier League,Tarxien Rainbows,Zabbar St. Patrick,Team Total Goals,Over 0.5,1.17,,,WON,
2026-03-15T13:00:00+00:00,Primera División - Apertura,Central Espanol,Cerro Largo,Over/Under Goals,Under 3.5,1.15,,,LOST,
2026-03-15T13:00:00+00:00,Primera División Femenina,FC Levante Badalona,Granada,Asian Handicap,Home +0.25,1.42,,,LOST,
2026-03-15T13:00:00+00:00,Prva Liga,Dinamo Jug,Jedinstvo Ub,Over/Under Goals,Under 2.5,1.53,,,LOST,
2026-03-15T13:00:00+00:00,Prva Liga,FAP,Kabel Novi Sad,Asian Handicap,Home +0,1.41,,,WON,
2026-03-15T13:00:00+00:00,Prva Liga,Semendrija 1924,Borac Cacak,Over/Under Goals,Under 2.5,1.53,,,WON,
2026-03-15T13:00:00+00:00,Segunda Division,Cordoba,Real Sociedad II,Over/Under Goals,Over 1.5,1.2,,,WON,
2026-03-15T13:00:00+00:00,Serie A Women,Juventus W,AC Milan W,1X2 / Match Winner,Home,1.47,,,LOST,
2026-03-15T13:00:00+00:00,Super League,Lausanne,BSC Young Boys,Over/Under Goals,Over 1.5,1.15,,,WON,
2026-03-15T13:00:00+00:00,Super Lig,Kasımpaşa,Eyüpspor,Over/Under Goals,Under 3.5,1.36,,,WON,
2026-03-15T13:00:00+00:00,Superligaen,FC Midtjylland,FC Nordsjaelland,1X2 / Match Winner,Home,1.52,,,LOST,
2026-03-15T13:00:00+00:00,Superligaen,Odense,FC Copenhagen,Over/Under Goals,Over 1.5,1.18,,,WON,
2026-03-15T13:00:00+00:00,TFF 1. Lig,Sakaryaspor,Van Spor Kulübü,Double Chance,Home/Draw,1.53,,,WON,
2026-03-15T13:00:00+00:00,TFF 1. Lig,Sarıyer,Keçiörengücü,Over/Under Goals,Over 1.5,1.25,,,WON,
2026-03-15T13:30:00+00:00,3. liga - CFL B,Varnsdorf,Ústí nad Orlicí,Double Chance,Home/Draw,1.65,,,LOST,
2026-03-15T13:30:00+00:00,3. liga - Center,Námestovo,Baník Kalinovo,1X2 / Match Winner,Home,1.48,,,WON,
2026-03-15T13:30:00+00:00,4. liga - Divizie C,Svitavy,Hlinsko,Over/Under Goals,Over 2.5,1.53,,,WON,
2026-03-15T13:30:00+00:00,4. liga - Divizie C,Trutnov,Horní Ředice,Over/Under Goals,Over 2.5,1.5,,,WON,
2026-03-15T13:30:00+00:00,Eliteserien,Kristiansund BK,Brann,Team Total Goals,Under 2.5,1.45,,,WON,
2026-03-15T13:30:00+00:00,Eredivisie,AZ Alkmaar,Heracles,1X2 / Match Winner,Home,1.4,,,WON,
2026-03-15T13:30:00+00:00,Eredivisie,Feyenoord,Excelsior,Result + Total Goals,Home/Over 1.5,1.42,,,WON,
2026-03-15T13:30:00+00:00,First League,Jedinstvo,Petrovac,Double Chance,Home/Draw,1.67,,,LOST,
2026-03-15T13:30:00+00:00,First League,Shkendija,Aresimi,Over/Under Goals,Under 3.5,1.79,,,WON,
2026-03-15T13:30:00+00:00,Liga 1,Persija,Dewa United,BTTS,Yes,1.67,,,WON,
2026-03-15T13:30:00+00:00,Liga 1,Pusamania Borneo,Persib Bandung,Double Chance,Home/Draw,1.57,,,WON,
2026-03-15T13:30:00+00:00,Premier League,Nizhny Novgorod,Krylia Sovetov,Over/Under Goals,Under 3.5,1.21,,,WON,
2026-03-15T13:30:00+00:00,Premier Soccer League,Kaizer Chiefs,Durban City,Double Chance,Draw/Away,1.83,,,LOST,
2026-03-15T13:30:00+00:00,Serie C - Girone B,Arezzo,Perugia,Over/Under Goals,Under 3.5,1.2,,,WON,
2026-03-15T13:30:00+00:00,Serie C - Girone B,Gubbio,Ascoli,Over/Under Goals,Over 1.5,1.53,,,WON,
2026-03-15T13:30:00+00:00,Tipp3 Bundesliga,Red Bull Salzburg,Rapid Vienna,Team Total Goals,Over 0.5,1.15,,,LOST,
2026-03-15T13:45:00+00:00,Ekstraklasa,Zaglebie Lubin,Lech Poznan,Over/Under Goals,Over 1.5,1.22,,,LOST,
2026-03-15T14:00:00+00:00,1. Division,Anorthosis,Apollon Limassol,Over/Under Goals,Under 3.5,1.3,,,WON,
2026-03-15T14:00:00+00:00,2. SNL,Beltinci,Rudar,Team Total Goals,Over 0.5,1.15,,,WON,
2026-03-15T14:00:00+00:00,2. SNL,Brinje-Grosuplje,Slovan Ljubljana,Over/Under Goals,Under 3.5,1.47,,,WON,
2026-03-15T14:00:00+00:00,First League,Dečić,Sutjeska,Double Chance,Home/Draw,1.44,,,LOST,
2026-03-15T14:00:00+00:00,First League,Mladost DG,Jezero,Double Chance,Draw/Away,1.62,,,LOST,
2026-03-15T14:00:00+00:00,First NL,Croatia Zmijavci,Bsk Bijelo Brdo,Asian Handicap,Home +0.5,1.52,,,WON,
2026-03-15T14:00:00+00:00,Ligue 1,Strasbourg,Paris FC,Over/Under Goals,Under 3.5,1.38,,,WON,
2026-03-15T14:00:00+00:00,Premier League,Crystal Palace,Leeds,Asian Handicap,Home +0,1.65,,,WON,
2026-03-15T14:00:00+00:00,Premier League,Manchester United,Aston Villa,Asian Handicap,Home +0,1.4,,,WON,
2026-03-15T14:00:00+00:00,Premier League,Nottingham Forest,Fulham,Over/Under Goals,Under 3.5,1.35,,,WON,
2026-03-15T14:00:00+00:00,Premiership,Dundee,Dundee Utd,Asian Handicap,Home +0,1.62,,,WON,
2026-03-15T14:00:00+00:00,Prva HNL,HNK Hajduk Split,NK Lokomotiva Zagreb,1X2 / Match Winner,Home,1.62,,,WON,
2026-03-15T14:00:00+00:00,Serie A,Pisa,Cagliari,Double Chance,Draw/Away,1.5,,,LOST,
2026-03-15T14:00:00+00:00,Serie A,Sassuolo,Bologna,Over/Under Goals,Under 3.5,1.3,,,WON,
2026-03-15T14:00:00+00:00,Serie B,Virtus Entella,Avellino,Over/Under Goals,Under 3.5,1.22,,,WON,
2026-03-15T14:00:00+00:00,Super League 1,Kifisia,Volos NFC,Asian Handicap,Home +0,1.53,,,WON,
2026-03-15T14:30:00+00:00,2. SNL,Dekani,Jesenice,Over/Under Goals,Under 3.5,1.3,,,WON,
2026-03-15T14:30:00+00:00,Bundesliga 1,Werder Bremen,FSV Mainz 05,Over/Under Goals,Under 3.5,1.42,,,WON,
2026-03-15T14:30:00+00:00,Czech Liga,Plzen,Bohemians 1905,1X2 / Match Winner,Home,1.43,,,WON,
2026-03-15T14:30:00+00:00,Czech Liga,Sigma Olomouc,Karviná,Over/Under Goals,Over 1.5,1.28,,,WON,
2026-03-15T14:30:00+00:00,Super Liga,AS Trencin,Skalica,Over/Under Goals,Under 3.5,1.28,,,WON,
2026-03-15T15:00:00+00:00,A Lyga,Šiauliai,Kauno Žalgiris,Over/Under Goals,Under 3.5,1.48,,,LOST,
2026-03-15T15:00:00+00:00,Campeonato de Portugal Prio - Group D,Louletano,FC Serpa,Over/Under Goals,Under 3.5,1.17,,,WON,
2026-03-15T15:00:00+00:00,Challenger Pro League,Lokeren-Temse,KAA Gent II,Over/Under Goals,Under 3.5,1.42,,,LOST,
2026-03-15T15:00:00+00:00,Challenger Pro League,Lommel United,Francs Borains,Over/Under Goals,Over 1.5,1.2,,,WON,
2026-03-15T15:00:00+00:00,First League,Beroe,Levski Sofia,Over/Under Goals,Under 3.5,1.33,,,WON,
2026-03-15T15:00:00+00:00,Jupiler Pro League,Antwerp,Standard Liege,Over/Under Goals,Under 3.5,1.22,,,WON,
2026-03-15T15:00:00+00:00,National Division,Atert Bissen,Union Titus Petange,1X2 / Match Winner,Home,1.7,,,WON,
2026-03-15T15:00:00+00:00,National Division,FC Differdange 03,AS Jeunesse Esch,1X2 / Match Winner,Home,1.43,,,LOST,
2026-03-15T15:00:00+00:00,National Division,Jeunesse Canach,F91 Dudelange,Over/Under Goals,Under 3.5,1.42,,,WON,
2026-03-15T15:00:00+00:00,National Division,Mamer,Victoria Rosport,Asian Handicap,Home +0,1.94,,,LOST,
2026-03-15T15:00:00+00:00,National Division,UN Kaerjeng 97,UNA Strassen,BTTS,Yes,1.7,,,LOST,
2026-03-15T15:00:00+00:00,National Division,US Hostert,Progres Niederkorn,Asian Handicap,Home +0,2.62,,,LOST,
2026-03-15T15:00:00+00:00,Premier League,Mosta,Hamrun Spartans,Over/Under Goals,Under 3.5,1.59,,,WON,
2026-03-15T15:00:00+00:00,Primera Division,Universidad de Concepcion,Palestino,Over/Under Goals,Over 1.5,1.25,,,LOST,
2026-03-15T15:00:00+00:00,Super Liga,Železničar Pančevo,Mladost Lucani,Over/Under Goals,Under 3.5,1.22,,,LOST,
2026-03-15T15:00:00+00:00,Superligaen,Sonderjyske,Aarhus,Over/Under Goals,Over 1.5,1.25,,,WON,
2026-03-15T15:15:00+00:00,La Liga,Barcelona,Sevilla,Team Total Goals,Over 1.5,1.22,,,WON,
2026-03-15T15:30:00+00:00,3. Liga,Verl,FC Schweinfurt 05,1X2 / Match Winner,Home,1.27,,,WON,
2026-03-15T15:30:00+00:00,First League,Arsenal Tivat,Bokelj,Over/Under Goals,Under 2.5,1.53,,,WON,
2026-03-15T15:30:00+00:00,Primeira Liga,AVS,Santa Clara,Over/Under Goals,Over 1.5,1.42,,,LOST,
2026-03-15T15:30:00+00:00,Primeira Liga,Nacional,Estoril,Over/Under Goals,Under 3.5,1.48,,,WON,
2026-03-15T15:30:00+00:00,Super League,FC Basel 1893,Servette FC,Over/Under Goals,Over 1.5,1.2,,,WON,
2026-03-15T15:30:00+00:00,Super League,FC Luzern,FC Winterthur,Result + Total Goals,Home/Over 1.5,1.46,,,LOST,
2026-03-15T15:45:00+00:00,Eredivisie,GO Ahead Eagles,NAC Breda,Asian Handicap,Home +0,1.67,,,WON,
2026-03-15T16:00:00+00:00,Eliteserien,Aalesund,Lillestrom,Over/Under Goals,Over 2.5,1.45,,,WON,
2026-03-15T16:00:00+00:00,Eliteserien,KFUM Oslo,Start,Over/Under Goals,Under 3.5,1.42,,,WON,
2026-03-15T16:00:00+00:00,Eliteserien,Valerenga,Sandefjord,Over/Under Goals,Over 2.5,1.48,,,LOST,
2026-03-15T16:00:00+00:00,Premier League,Rubin,Lokomotiv,Double Chance,Home/Draw,1.67,,,WON,
2026-03-15T16:00:00+00:00,Primera Division,Sporting Cristal,Sport Boys,Over/Under Goals,Under 3.5,1.38,,,WON,
2026-03-15T16:00:00+00:00,Primera División Femenina,Athletic Club W,Madrid CFF W,Double Chance,Draw/Away,1.65,,,LOST,
2026-03-15T16:00:00+00:00,Super League 1,PAOK,Levadiakos,Over/Under Goals,Under 3.5,1.38,,,WON,
2026-03-15T16:00:00+00:00,Super Liga,IMT Novi Beograd,FK Crvena Zvezda,Over/Under Goals,Over 1.5,1.15,,,WON,
2026-03-15T16:00:00+00:00,Tipp3 Bundesliga,Austria Vienna,Sturm Graz,Over/Under Goals,Over 1.5,1.33,,,WON,
2026-03-15T16:15:00+00:00,Ligue 1,Le Havre,Lyon,Over/Under Goals,Under 3.5,1.25,,,WON,
2026-03-15T16:15:00+00:00,Ligue 1,Metz,Toulouse,Over/Under Goals,Under 2.5,1.7,,,LOST,
2026-03-15T16:15:00+00:00,Serie B,Sudtirol,Pescara,1X2 / Match Winner,Draw,3.73,,,WON,
2026-03-15T16:30:00+00:00,Bundesliga 1,SC Freiburg,Union Berlin,Asian Handicap,Home +0,1.55,,,LOST,
2026-03-15T16:30:00+00:00,Ekstraklasa,Gornik Zabrze,Raków Częstochowa,Double Chance,Draw/Away,1.5,,,LOST,
2026-03-15T16:30:00+00:00,Ligue 1,AS Camberene,Ouakam,Over/Under Goals,Under 2.5,1.28,,,WON,
2026-03-15T16:30:00+00:00,Ligue 1,Gorée,La Linguère,Double Chance,Home/Draw,1.2,,,WON,
2026-03-15T16:30:00+00:00,Ligue 1,Jaraaf,Wally Daan,Double Chance,Draw/Away,1.53,,,WON,
2026-03-15T16:30:00+00:00,Ligue 1,Teungueth,Sonacos,Asian Handicap,Home +0.5,1.19,,,WON,
2026-03-15T16:30:00+00:00,Premier League,Liverpool,Tottenham,Over/Under Goals,Over 1.5,1.15,,,WON,
2026-03-15T16:45:00+00:00,Prva HNL,HNK Rijeka,Istra 1961,1X2 / Match Winner,Home,1.58,,,LOST,
2026-03-15T17:00:00+00:00,1. Division,Aris,Apoel Nicosia,BTTS,Yes,1.7,,,WON,
2026-03-15T17:00:00+00:00,Primera B Metropolitana,Liniers,Dock Sud,Over/Under Goals,Under 2.5,1.44,,,LOST,
2026-03-15T17:00:00+00:00,Primera B Metropolitana,Sportivo Italiano,Ituzaingó,Double Chance,Home/Draw,1.15,,,WON,
2026-03-15T17:00:00+00:00,Primera B Metropolitana,Talleres Remedios,Deportivo Laferrere,Double Chance,Home/Draw,1.17,,,WON,
2026-03-15T17:00:00+00:00,Primera B Metropolitana,UAI Urquiza,Defensores Unidos,Over/Under Goals,Under 2.5,1.36,,,LOST,
2026-03-15T17:00:00+00:00,Primera B Metropolitana,Villa Dalmine,Argentino Quilmes,BTTS,No,1.57,,,LOST,
2026-03-15T17:00:00+00:00,Serie A Women,Roma W,Fiorentina W,Over/Under Goals,Under 3.5,1.4,,,WON,
2026-03-15T17:00:00+00:00,Serie A,Como,AS Roma,Over/Under Goals,Under 3.5,1.25,,,WON,
2026-03-15T17:00:00+00:00,Super Lig,Gençlerbirliği S.K.,Beşiktaş,Over/Under Goals,Over 1.5,1.22,,,WON,
2026-03-15T17:00:00+00:00,Super Lig,Samsunspor,Kayserispor,Over/Under Goals,Under 3.5,1.28,,,WON,
2026-03-15T17:00:00+00:00,Super Liga,Slovan Bratislava,Žilina,Over/Under Goals,Under 3.5,1.6,,,WON,
2026-03-15T17:00:00+00:00,Superligaen,Brondby,Viborg,Over/Under Goals,Under 3.5,1.4,,,WON,
2026-03-15T17:00:00+00:00,TFF 1. Lig,Amed,Manisa F.K.,Over/Under Goals,Over 1.5,1.17,,,WON,
2026-03-15T17:30:00+00:00,Czech Liga,Sparta Praha,Slovácko,Over/Under Goals,Over 1.5,1.2,,,WON,
2026-03-15T17:30:00+00:00,Jupiler Pro League,KV Mechelen,Anderlecht,BTTS,Yes,1.67,,,LOST,
2026-03-15T17:30:00+00:00,La Liga,Real Betis,Celta Vigo,Double Chance,Draw/Away,1.65,,,WON,
2026-03-15T17:30:00+00:00,Segunda Division,Eibar,Burgos,Asian Handicap,Home +0,1.4,,,WON,
2026-03-15T17:30:00+00:00,Segunda Division,Malaga,Huesca,Over/Under Goals,Under 3.5,1.22,,,LOST,
2026-03-15T17:30:00+00:00,Super League 1,Atromitos,AEK Athens FC,Over/Under Goals,Under 3.5,1.28,,,LOST,
2026-03-15T18:00:00+00:00,Liga Pro,Mushuc Runa SC,Macara,Over/Under Goals,Under 2.5,1.62,,,WON,
2026-03-15T18:00:00+00:00,Primeira Liga,Rio Ave,Estrela,Over/Under Goals,Under 3.5,1.28,,,WON,
2026-03-15T18:15:00+00:00,Eliteserien,Tromso,Fredrikstad,Double Chance,Home/Draw,1.22,,,WON,
2026-03-15T18:15:00+00:00,Jupiler Pro League,Cercle Brugge,RAAL La Louvière,Asian Handicap,Home +0,1.42,,,LOST,
2026-03-15T18:15:00+00:00,Primera Division,FBC Melgar,Atletico Grau,Over/Under Goals,Under 3.5,1.3,,,WON,
2026-03-15T18:15:00+00:00,Primera Division,Gimnasia L.P.,Independ. Rivadavia,Double Chance,Home/Draw,1.42,,,LOST,
2026-03-15T18:30:00+00:00,1. Division,Omonia Nicosia,Olympiakos,Over/Under Goals,Under 3.5,1.44,,,LOST,
2026-03-15T18:30:00+00:00,3. Liga,SSV Ulm 1846,FC Ingolstadt 04,Over/Under Goals,Under 3.5,1.5,,,LOST,
2026-03-15T18:30:00+00:00,Bundesliga 1,VfB Stuttgart,RB Leipzig,Double Chance,Home/Draw,1.42,,,WON,
2026-03-15T18:30:00+00:00,Major League Soccer,New England Revolution,FC Cincinnati,Over/Under Goals,Over 1.5,1.22,,,WON,
2026-03-15T18:30:00+00:00,Super Liga,Radnicki 1923,Vojvodina,Double Chance,Home/Draw,1.53,,,LOST,
2026-03-15T19:00:00+00:00,Campeonato de Portugal Prio - Group D,Portimonense B,Moncarapachense,Over/Under Goals,Under 2.5,1.5,,,LOST,
2026-03-15T19:00:00+00:00,Goiano - 1,Goias,Atletico Goianiense,Double Chance,Home/Draw,1.18,,,WON,
2026-03-15T19:00:00+00:00,Potiguar,America-RN,Potiguar Mossoró,1X2 / Match Winner,Home,1.28,,,LOST,
2026-03-15T19:00:00+00:00,Serie A,Fluminense,Atletico Paranaense,Double Chance,Home/Draw,1.15,,,WON,
2026-03-15T19:00:00+00:00,Serie A,Internacional,Bahia,Over/Under Goals,Over 1.5,1.38,,,LOST,
2026-03-15T19:00:00+00:00,Serie A,Santos,Corinthians,Over/Under Goals,Under 3.5,1.2,,,WON,
2026-03-15T19:00:00+00:00,Super League 1,Panathinaikos,Panetolikos,Team Total Goals,Over 1.5,1.5,,,LOST,
2026-03-15T19:45:00+00:00,Ligue 1,Rennes,Lille,Over/Under Goals,Over 1.5,1.28,,,WON,
2026-03-15T19:45:00+00:00,Serie A,Lazio,AC Milan,Over/Under Goals,Under 3.5,1.22,,,WON,
2026-03-15T20:00:00+00:00,Friendlies,Bolivia,Trinidad and Tobago,Over/Under Goals,Under 3.5,1.44,,,WON,
2026-03-15T20:00:00+00:00,La Liga,Real Sociedad,Osasuna,Asian Handicap,Home +0,1.42,,,WON,
2026-03-15T20:00:00+00:00,NWSL Women,Orlando Pride W,Seattle Reign FC,Over/Under Goals,Under 3.5,1.25,,,WON,
2026-03-15T20:00:00+00:00,Paraibano,Sousa,Botafogo PB,1X2 / Match Winner,Draw,3.0,,,LOST,
2026-03-15T20:00:00+00:00,Primera División - Apertura,Deportivo Maldonado,Defensor Sporting,Double Chance,Home/Draw,1.4,,,WON,
2026-03-15T20:00:00+00:00,Segunda Division,Sporting Gijon,Castellón,Double Chance,Home/Draw,1.53,,,WON,
2026-03-15T20:30:00+00:00,Liga Pro,Emelec,Orense SC,Over/Under Goals,Under 3.5,1.22,,,WON,
2026-03-15T20:30:00+00:00,Major League Soccer,Vancouver Whitecaps,Minnesota United FC,1X2 / Match Winner,Home,1.49,,,WON,
2026-03-15T20:30:00+00:00,Primeira Liga,FC Porto,Moreirense,Over/Under Goals,Under 3.5,1.42,,,WON,
2026-03-15T20:30:00+00:00,Primera A,Deportivo Pereira,Águilas Doradas,Over/Under Goals,Over 1.5,1.42,,,LOST,
2026-03-15T20:30:00+00:00,Primera Division,Alianza Atletico,UCV Moquegua,Over/Under Goals,Under 3.5,1.18,,,WON,
2026-03-15T20:30:00+00:00,Primera Division,Belgrano Cordoba,Talleres Cordoba,Over/Under Goals,Over 1.5,1.53,,,LOST,
2026-03-15T21:00:00+00:00,CAF Champions League,ES Tunis,Al Ahly,Over/Under Goals,Under 3.5,1.18,,,WON,
2026-03-15T21:00:00+00:00,Paulista - A3,Bandeirante SP,Catanduva,Over/Under Goals,Under 3.5,1.17,,,WON,
2026-03-15T21:00:00+00:00,Primera B Metropolitana,San Martín Burzaco,Deportivo Camioneros,Asian Handicap,Home +0.25,1.5,,,WON,
2026-03-15T21:00:00+00:00,Primera Division,Cobresal,Deportes Limache,Double Chance,Home/Draw,1.45,,,LOST,
2026-03-15T21:10:00+00:00,Primera A,America de Cali,Deportes Tolima,Over/Under Goals,Over 1.5,1.48,,,WON,
2026-03-15T21:30:00+00:00,Serie A,Coritiba,remo,Over/Under Goals,Over 1.5,1.42,,,LOST,
2026-03-15T21:30:00+00:00,Serie A,Palmeiras,Mirassol,1X2 / Match Winner,Home,1.47,,,WON,
2026-03-15T22:00:00+00:00,CAF Confederation Cup,Olympique Safi,Wydad AC,Asian Handicap,Home +1.25,1.4,,,WON,
2026-03-15T22:00:00+00:00,Liga Mayor,Moca,Universidad O&M,1X2 / Match Winner,Home,1.45,,,LOST,
2026-03-15T22:45:00+00:00,Primera Division,River Plate,Sarmiento Junin,Over/Under Goals,Under 3.5,1.36,,,WON,
2026-03-15T23:00:00+00:00,Liga MX,Tigres UANL,Club Queretaro,Over/Under Goals,Over 1.5,1.2,,,LOST,
2026-03-15T23:00:00+00:00,Major League Soccer,San Jose Earthquakes,Seattle Sounders,Asian Handicap,Home +0,1.7,,,LOST,
2026-03-15T23:00:00+00:00,NWSL Women,Angel City W,Chicago Red Stars W,1X2 / Match Winner,Home,1.68,,,WON,
2026-03-15T23:00:00+00:00,Primera B Metropolitana,Real Pilar,Comunicaciones,Double Chance,Home/Draw,1.16,,,WON,
2026-03-15T23:00:00+00:00,Primera Division,Cusco,Cienciano,BTTS,Yes,1.62,,,WON,
2026-03-15T23:15:00+00:00,Liga Pro,Guayaquil City FC,Barcelona SC,Asian Handicap,Home +1.25,1.42,,,WON,
2026-03-15T23:20:00+00:00,Primera A,Jaguares,Independiente Medellin,Team Total Goals,Under 2.5,1.18,,,WON,
2026-03-15T23:30:00+00:00,Primera Division,Nublense,D. La Serena,Over/Under Goals,Under 3.5,1.28,,,LOST,
2026-03-15T23:30:00+00:00,Serie A,Cruzeiro,Vasco DA Gama,Double Chance,Home/Draw,1.15,,,WON,
2026-03-15T23:30:00+00:00,Serie A,RB Bragantino,Sao Paulo,Over/Under Goals,Under 3.5,1.2,,,WON,
2026-03-16T01:00:00+00:00,Liga MX,Club America,Mazatlán,Over/Under Goals,Under 3.5,1.44,,,WON,
2026-03-16T01:00:00+00:00,Primera Division,Tigre,Argentinos JRS,Asian Handicap,Home +0.5,1.6,,,WON,
2026-03-16T01:00:00+00:00,Primera Division,Union Santa Fe,Boca Juniors,Over/Under Goals,Over 1.5,1.57,,,WON,
2026-03-16T09:30:00+00:00,National League,Rakhine United,I.S.P.E,Double Chance,Draw/Away,1.6,,,WON,
2026-03-16T10:30:00+00:00,TFF 1. Lig,Bandırmaspor,Iğdır FK,Double Chance,Home/Draw,1.5,,,WON,
2026-03-16T11:00:00+00:00,Erovnuli Liga,Meshakhte,Dinamo Batumi,Over/Under Goals,Under 3.5,1.21,,,WON,
2026-03-16T13:00:00+00:00,Professional Development League,AFC Bournemouth U21,Barnsley U21,1X2 / Match Winner,Home,1.5,,,WON,
2026-03-16T13:00:00+00:00,Professional Development League,Swansea City U21,Sheffield Wednesday U21,Asian Handicap,Home +0.25,1.17,,,WON,
2026-03-16T13:00:00+00:00,TFF 1. Lig,Çorum FK,Esenler Erokspor,Over/Under Goals,Over 1.5,1.2,,,WON,
2026-03-16T13:30:00+00:00,First League,Bashkimi Kumanovo,FK Rabotnicki,Asian Handicap,Away -1.25,1.51,,,WON,
2026-03-16T13:30:00+00:00,First League,Sileks,Pelister,Asian Handicap,Away -1.25,1.53,,,WON,
2026-03-16T14:30:00+00:00,2. SNL,Nafta,Dravinja,Over/Under Goals,Under 3.5,1.55,,,WON,
2026-03-16T15:30:00+00:00,Liga I,FC Botosani,Unirea Slobozia,Over/Under Goals,Under 3.5,1.33,,,LOST,
2026-03-16T16:00:00+00:00,Erovnuli Liga,Dila,Torpedo Kutaisi,Double Chance,Home/Draw,1.25,,,WON,
2026-03-16T16:00:00+00:00,Erovnuli Liga,Spaeri,Samgurali,Double Chance,Home/Draw,1.4,,,WON,
2026-03-16T16:00:00+00:00,First League,Arda Kardzhali,Dobrudzha,Over/Under Goals,Under 2.5,1.65,,,WON,
2026-03-16T16:00:00+00:00,Super Liga,Napredak,OFK Beograd,Over/Under Goals,Under 3.5,1.28,,,LOST,
2026-03-16T16:30:00+00:00,First League,Torpedo Moskva,FK Neftekhimik,Over/Under Goals,Over 1.5,1.42,,,WON,
2026-03-16T17:00:00+00:00,TFF 1. Lig,Bodrum FK,Boluspor,Over/Under Goals,Over 1.5,1.2,,,WON,
2026-03-16T17:30:00+00:00,Pro League,Al-Jazira,Khorfakkan,Result + Total Goals,Home/Over 1.5,1.61,,,WON,
2026-03-16T17:30:00+00:00,Pro League,Dibba Al-Fujairah,Shabab Al Ahli Dubai,Over/Under Goals,Over 2.5,1.45,,,WON,
2026-03-16T18:00:00+00:00,A Lyga,FK Zalgiris Vilnius,TransINVEST Vilnius,Over/Under Goals,Under 3.5,1.4,,,WON,
2026-03-16T18:00:00+00:00,Ekstraklasa,Pogon Szczecin,Korona Kielce,Over/Under Goals,Under 3.5,1.38,,,WON,
2026-03-16T18:00:00+00:00,Superligaen,Silkeborg,Vejle,Over/Under Goals,Over 1.5,1.2,,,WON,
2026-03-16T18:30:00+00:00,Liga I,Universitatea Cluj,CFR 1907 Cluj,Over/Under Goals,Over 1.5,1.36,,,WON,
2026-03-16T18:30:00+00:00,Primera Division,Aldosivi,Huracan,Asian Handicap,Home +0.5,1.57,,,WON,
2026-03-16T18:30:00+00:00,Primera Division,Barracas Central,Atletico Tucuman,Over/Under Goals,Under 3.5,1.15,,,WON,
2026-03-16T18:45:00+00:00,Segunda Liga,FC Porto B,Oliveirense,Over/Under Goals,Under 3.5,1.33,,,WON,
2026-03-16T19:00:00+00:00,Amapaense,Trem,Ypiranga-PE,Double Chance,Home/Draw,1.16,,,WON,
2026-03-16T19:00:00+00:00,Eerste Divisie,Den Bosch,Jong PSV U21,Team Total Goals,Under 2.5,1.54,,,WON,
2026-03-16T19:00:00+00:00,Eerste Divisie,Helmond Sport,Cambuur,Double Chance,Draw/Away,1.17,,,WON,
2026-03-16T19:00:00+00:00,Eerste Divisie,Jong AZ,MVV,Over/Under Goals,Over 2.5,1.41,,,LOST,
2026-03-16T19:00:00+00:00,Eerste Divisie,Roda,Vitesse,Team Total Goals,Over 0.5,1.25,,,WON,
2026-03-16T19:00:00+00:00,Premier League 2 Division One,Burnley U21,Brighton U21,BTTS,Yes,1.4,,,LOST,
2026-03-16T19:00:00+00:00,Premier League 2 Division One,Leeds United U21,Tottenham Hotspur U21,1X2 / Match Winner,Away,1.7,,,LOST,
2026-03-16T19:00:00+00:00,Premier League 2 Division One,Manchester City U21,Liverpool U21,Double Chance,Home/Draw,1.22,,,WON,
2026-03-16T19:00:00+00:00,Primera División Femenina,Espanyol W,Eibar W,Over/Under Goals,Under 3.5,1.17,,,WON,
2026-03-16T19:30:00+00:00,Segunda Division,Albacete,Las Palmas,Over/Under Goals,Under 3.5,1.25,,,WON,
2026-03-16T19:45:00+00:00,Ligue 2,Annecy,Estac Troyes,Over/Under Goals,Under 3.5,1.25,,,WON,
2026-03-16T19:45:00+00:00,Premier Division,Drogheda United,Shamrock Rovers,Team Total Goals,Over 0.5,1.48,,,LOST,
2026-03-16T19:45:00+00:00,Premier Division,Dundalk,Sligo Rovers,Team Total Goals,Over 0.5,1.54,,,LOST,
2026-03-16T19:45:00+00:00,Premier Division,Shelbourne,Bohemians,Over/Under Goals,Over 1.5,1.37,,,LOST,
2026-03-16T19:45:00+00:00,Premier Division,St Patrick's Athl.,Derry City,Asian Handicap,Home +0.25,1.46,,,WON,
2026-03-16T19:45:00+00:00,Premier League,Cardiff MET,Briton Ferry,Double Chance,Home/Draw,1.22,,,LOST,
2026-03-16T19:45:00+00:00,Serie A,Cremonese,Fiorentina,Over/Under Goals,Under 3.5,1.33,,,LOST,
2026-03-16T20:00:00+00:00,Championship,Portsmouth,Derby,Over/Under Goals,Over 1.5,1.4,,,LOST,
2026-03-16T20:00:00+00:00,La Liga,Rayo Vallecano,Levante,Over/Under Goals,Over 1.5,1.28,,,WON,
2026-03-16T20:00:00+00:00,Premier Division,Galway United,Waterford,Team Total Goals,Over 0.5,1.15,,,WON,
2026-03-16T20:00:00+00:00,Premier League,Brentford,Wolves,Asian Handicap,Home +0.5,1.15,,,WON,
2026-03-16T20:00:00+00:00,Primera División - Apertura,Danubio,Juventud,Over/Under Goals,Over 1.5,1.45,,,WON,
2026-03-16T20:15:00+00:00,Segunda Liga,Torreense,Portimonense,Double Chance,Home/Draw,1.15,,,WON,
2026-03-16T21:00:00+00:00,Primera Division,Union La Calera,O'Higgins,Double Chance,Home/Draw,1.44,,,WON,
2026-03-16T21:30:00+00:00,Primera Division,San Lorenzo,Defensa Y Justicia,Double Chance,Home/Draw,1.25,,,LOST,
2026-03-16T23:00:00+00:00,Primera Division,Racing Club,Estudiantes de Rio Cuarto,Over/Under Goals,Under 3.5,1.25,,,WON,
2026-03-16T23:00:00+00:00,Primera División - Apertura,Liverpool Montevideo,Atletico Torque,Double Chance,Draw/Away,1.6,,,WON,
2026-03-16T23:00:00+00:00,Serie A,Chapecoense-sc,Gremio,Asian Handicap,Home +0.5,1.57,,,WON,
2026-03-16T23:30:00+00:00,Primera Division,Colo Colo,Huachipato,Asian Handicap,Away -1.25,1.58,,,LOST,
2026-03-17T01:15:00+00:00,Primera Division,Instituto Cordoba,Independiente,Double Chance,Home/Draw,1.44,,,WON,
2026-03-17T08:00:00+00:00,A-League,Sydney,Melbourne City,Double Chance,Home/Draw,1.4,,,LOST,
2026-03-17T09:30:00+00:00,National League,Sagaing United,Ayeyawady United,Over/Under Goals,Under 3.5,1.67,,,WON,
2026-03-17T10:30:00+00:00,K-League Classic,Gimcheon Sangmu FC,Gwangju FC,Over/Under Goals,Under 3.5,1.16,,,WON,
2026-03-17T12:00:00+00:00,Superliga,Ferizaj,Prishtina,Double Chance,Home/Draw,1.48,,,WON,
2026-03-17T13:00:00+00:00,Professional Development League,Bristol City U21,Crewe Alexandra U21,Over/Under Goals,Under 3.5,2.0,,,LOST,
2026-03-17T13:30:00+00:00,Professional Development League,Charlton Athletic U21,Huddersfield Town U21,Asian Handicap,Home +0,1.43,,,LOST,
2026-03-17T13:30:00+00:00,Professional Development League,Millwall U21,Peterborough United U21,Double Chance,Draw/Away,1.5,,,WON,
2026-03-17T13:30:00+00:00,Professional Development League,Queens Park Rangers U21,Sheffield United U21,Over/Under Goals,Under 3.5,1.75,,,WON,
2026-03-17T14:00:00+00:00,Ligue 1,Mostaganem,Paradou AC,Over/Under Goals,Under 3.5,1.17,,,LOST,
2026-03-17T14:00:00+00:00,Ligue 1,Olympique Akbou,CS Constantine,Double Chance,Draw/Away,1.5,,,LOST,
2026-03-17T15:00:00+00:00,III Liga - Group 3,Górnik Polkowice,Karkonosze Jelenia Góra,Double Chance,Home/Draw,1.16,,,WON,
2026-03-17T15:00:00+00:00,Professional Development League,Cardiff City U21,Fleetwood Town U21,BTTS,Yes,1.4,,,WON,
2026-03-17T15:30:00+00:00,USL Super League,DC Power W,Carolina Ascent W,Over/Under Goals,Under 3.5,1.2,,,WON,
2026-03-17T16:00:00+00:00,First League,Lokomotiv Sofia,Septemvri Sofia,Double Chance,Home/Draw,1.15,,,WON,
2026-03-17T17:00:00+00:00,Super Lig,Fenerbahçe,Gaziantep FK,1X2 / Match Winner,Home,1.2,,,WON,
2026-03-17T17:30:00+00:00,Premier Soccer League,Mamelodi Sundowns,Marumo Gallants,Team Total Goals,Over 1.5,1.49,,,WON,
2026-03-17T18:00:00+00:00,League Cup,Thor Akureyri,Fylkir,Team Total Goals,Over 1.5,1.42,,,LOST,
2026-03-17T18:00:00+00:00,Serie B,Palermo,Juve Stabia,Asian Handicap,Home +0,1.28,,,WON,
2026-03-17T18:30:00+00:00,National 1,Stade Briochin,Chateauroux,Asian Handicap,Home +0,1.88,,,WON,
2026-03-17T19:00:00+00:00,Eerste Divisie,ADO Den Haag,Jong Utrecht,Over/Under Goals,Under 3.5,1.85,,,WON,
2026-03-17T19:00:00+00:00,Eerste Divisie,Almere City FC,Waalwijk,Team Total Goals,Under 2.5,1.43,,,WON,
2026-03-17T19:00:00+00:00,Eerste Divisie,Dordrecht,FC OSS,1X2 / Match Winner,Home,1.64,,,LOST,
2026-03-17T19:00:00+00:00,Eerste Divisie,VVV Venlo,Jong Ajax,Team Total Goals,Under 2.5,1.48,,,WON,
2026-03-17T19:00:00+00:00,Professional Development League,Brentford U21,Coventry City U21,Team Total Goals,Over 1.5,1.48,,,WON,
2026-03-17T19:00:00+00:00,Professional Development League,Colchester United U21,Hull City U21,Double Chance,Home/Draw,1.57,,,WON,
2026-03-17T19:00:00+00:00,Serie B,Mantova,Cesena,Asian Handicap,Home +0,1.86,,,WON,
2026-03-17T19:00:00+00:00,Serie B,Reggiana,Monza,1X2 / Match Winner,Away,1.89,,,LOST,
2026-03-17T19:00:00+00:00,Serie B,Spezia,Empoli,Asian Handicap,Home +0,1.62,,,WON,
2026-03-17T19:00:00+00:00,Serie B,Venezia,Padova,1X2 / Match Winner,Home,1.33,,,WON,
2026-03-17T19:30:00+00:00,League Two,Newport County,Bromley,1X2 / Match Winner,Draw,3.5,,,LOST,
2026-03-17T19:30:00+00:00,Non League Premier - Southern South,Wimborne Town,Walton & Hersham,Over/Under Goals,Under 3.5,1.46,,,LOST,
2026-03-17T19:45:00+00:00,Championship,Watford,Wrexham,Double Chance,Draw/Away,1.67,,,LOST,
2026-03-17T19:45:00+00:00,League One,AFC Wimbledon,Leyton Orient,Asian Handicap,Home +0,1.7,,,LOST,
2026-03-17T19:45:00+00:00,League One,Blackpool,Port Vale,Asian Handicap,Home +0.25,1.43,,,WON,
2026-03-17T19:45:00+00:00,League One,Bolton,Doncaster,1X2 / Match Winner,Home,1.68,,,LOST,
2026-03-17T19:45:00+00:00,League One,Bradford,Mansfield Town,1X2 / Match Winner,Draw,3.4,,,WON,
2026-03-17T19:45:00+00:00,League One,Burton Albion,Reading,Over/Under Goals,Over 1.5,1.28,,,WON,
2026-03-17T19:45:00+00:00,League One,Huddersfield,Lincoln,Over/Under Goals,Under 3.5,1.28,,,LOST,
2026-03-17T19:45:00+00:00,League One,Inverness CT,Peterhead,Over/Under Goals,Under 3.5,1.45,,,LOST,
2026-03-17T19:45:00+00:00,League One,Luton,Exeter City,1X2 / Match Winner,Draw,3.5,,,LOST,
2026-03-17T19:45:00+00:00,League One,Peterborough,Rotherham,Asian Handicap,Home +0,1.41,,,WON,
2026-03-17T19:45:00+00:00,League One,Plymouth,Stevenage,Over/Under Goals,Over 1.5,1.36,,,LOST,
2026-03-17T19:45:00+00:00,League Two,Accrington ST,Notts County,1X2 / Match Winner,Draw,3.2,,,LOST,
2026-03-17T19:45:00+00:00,League Two,Bristol Rovers,Shrewsbury,Over/Under Goals,Over 1.5,1.31,,,LOST,
2026-03-17T19:45:00+00:00,League Two,Chesterfield,Oldham,Asian Handicap,Home +0.25,1.5,,,LOST,
2026-03-17T19:45:00+00:00,League Two,Crawley Town,Barnet,Over/Under Goals,Under 3.5,1.31,,,WON,
2026-03-17T19:45:00+00:00,League Two,Gillingham,Swindon Town,1X2 / Match Winner,Away,2.6,,,WON,
2026-03-17T19:45:00+00:00,League Two,Grimsby,Fleetwood Town,Asian Handicap,Home +0,1.32,,,WON,
2026-03-17T19:45:00+00:00,League Two,Salford City,Barrow,1X2 / Match Winner,Home,1.69,,,WON,
2026-03-17T19:45:00+00:00,League Two,Spartans,Forfar Athletic,1X2 / Match Winner,Home,1.69,,,WON,
2026-03-17T19:45:00+00:00,League Two,Tranmere,Harrogate Town,Double Chance,Draw/Away,1.67,,,WON,
2026-03-17T19:45:00+00:00,National League - North,AFC Telford United,Macclesfield,Over/Under Goals,Over 2.5,1.62,,,WON,
2026-03-17T19:45:00+00:00,National League - North,Chorley,Kidderminster Harriers,Over/Under Goals,Over 1.5,1.33,,,WON,
2026-03-17T19:45:00+00:00,National League - North,Darlington 1883,Radcliffe,Double Chance,Draw/Away,1.5,,,LOST,
2026-03-17T19:45:00+00:00,National League - North,Hereford,AFC Fylde,Over/Under Goals,Under 3.5,1.53,,,LOST,
2026-03-17T19:45:00+00:00,National League - North,King's Lynn Town,South Shields,Asian Handicap,Home +1.25,1.48,,,WON,
2026-03-17T19:45:00+00:00,National League - North,Leamington,Buxton,Asian Handicap,Home +1.25,1.48,,,WON,
2026-03-17T19:45:00+00:00,National League - North,Peterborough Sports,Marine,Over/Under Goals,Under 3.5,1.33,,,WON,
2026-03-17T19:45:00+00:00,National League - North,Southport,Alfreton Town,Team Total Goals,Over 0.5,1.17,,,WON,
2026-03-17T19:45:00+00:00,National League - North,Spennymoor Town,Curzon Ashton,Over/Under Goals,Over 1.5,1.17,,,WON,
2026-03-17T19:45:00+00:00,National League,Brackley Town,Solihull Moors,Over/Under Goals,Under 3.5,1.36,,,WON,
2026-03-17T19:45:00+00:00,National League,Gateshead,Wealdstone,Over/Under Goals,Under 3.5,1.53,,,WON,
2026-03-17T19:45:00+00:00,National League,Southend,Rochdale,Double Chance,Home/Draw,1.44,,,WON,
2026-03-17T19:45:00+00:00,National League,Truro City,Scunthorpe,Over/Under Goals,Under 3.5,1.44,,,WON,
2026-03-17T19:45:00+00:00,National League,Woking,Yeovil Town,Double Chance,Home/Draw,1.18,,,WON,
2026-03-17T19:45:00+00:00,Non League Premier - Isthmian,Canvey Island,Chatham Town,Double Chance,Draw/Away,1.17,,,WON,
2026-03-17T19:45:00+00:00,Non League Premier - Isthmian,Whitehawk,Cheshunt,Asian Handicap,Home +0,1.46,,,LOST,
2026-03-17T19:45:00+00:00,Non League Premier - Northern,Gainsborough Trinity,Hyde United,Asian Handicap,Away -1.25,1.46,,,LOST,
2026-03-17T19:45:00+00:00,Non League Premier - Northern,Prescot Cables,Cleethorpes Town,Over/Under Goals,Under 3.5,1.22,,,LOST,
2026-03-17T19:45:00+00:00,Non League Premier - Northern,Whitby Town,Ashton United,Over/Under Goals,Under 3.5,1.2,,,WON,
2026-03-17T19:45:00+00:00,Non League Premier - Southern Central,Alvechurch,Stamford,Double Chance,Home/Draw,1.17,,,WON,
2026-03-17T19:45:00+00:00,Non League Premier - Southern Central,Bromsgrove Sporting,Harborough Town,Asian Handicap,Home +1.25,1.62,,,WON,
2026-03-17T19:45:00+00:00,Non League Premier - Southern Central,Halesowen Town,Banbury United,Team Total Goals,Under 2.5,1.19,,,LOST,
2026-03-17T19:45:00+00:00,Non League Premier - Southern Central,Kettering Town,AFC Sudbury,Asian Handicap,Home +0.5,1.16,,,WON,
2026-03-17T19:45:00+00:00,Non League Premier - Southern Central,Real Bedford,Worcester City,Asian Handicap,Home +0,1.55,,,WON,
2026-03-17T19:45:00+00:00,Non League Premier - Southern South,Farnham Town,Dorchester Town,1X2 / Match Winner,Home,1.42,,,WON,
2026-03-17T19:45:00+00:00,Non League Premier - Southern South,Plymouth Parkway,Chertsey Town,Double Chance,Home/Draw,1.57,,,WON,
2026-03-17T19:45:00+00:00,Non League Premier - Southern South,Tiverton Town,Basingstoke Town,Double Chance,Home/Draw,1.55,,,LOST,
2026-03-17T20:00:00+00:00,League One,Barnsley,Wigan,Over/Under Goals,Over 1.5,1.25,,,WON,
2026-03-17T20:00:00+00:00,UEFA Champions League,Arsenal,Bayer Leverkusen,Over/Under Goals,Under 3.5,1.48,,,WON,
2026-03-17T20:00:00+00:00,UEFA Champions League,Chelsea,Paris Saint Germain,Over/Under Goals,Over 1.5,1.15,,,WON,
2026-03-17T20:00:00+00:00,UEFA Champions League,Manchester City,Real Madrid,Over/Under Goals,Over 1.5,1.15,,,WON,
2026-03-17T21:00:00+00:00,Ligue 1,MC Alger,Khenchela,Team Total Goals,Over 1.5,1.57,,,WON,
2026-03-17T21:00:00+00:00,Ligue 1,MC Oran,El Bayadh,Over/Under Goals,Under 3.5,1.17,,,WON,
2026-03-17T21:10:00+00:00,Primera A,Llaneros,Cucuta,Over/Under Goals,Over 1.5,1.4,,,WON,
2026-03-17T21:30:00+00:00,Division Profesional - Apertura,Club Sp. San Lorenzo,2 de Mayo,Double Chance,Draw/Away,1.4,,,WON,
2026-03-17T22:00:00+00:00,Copa Do Brasil,Nova Iguaçu,Fortaleza EC,1X2 / Match Winner,Draw,3.3,,,LOST,
2026-03-17T22:00:00+00:00,Primera Division,Lanus,Newells Old Boys,Over/Under Goals,Under 3.5,1.17,,,LOST,
2026-03-17T23:00:00+00:00,US Open Cup,Vermont Green,Portland Hearts of Pine,Over/Under Goals,Over 2.5,1.57,,,LOST,
2026-03-17T23:30:00+00:00,Division Profesional - Apertura,Olimpia,Sportivo Luqueno,Over/Under Goals,Under 3.5,1.28,,,WON,
2026-03-17T23:30:00+00:00,US Open Cup,Detroit City,Michigan Rangers,Team Total Goals,Over 0.5,1.91,,,WON,
2026-03-17T23:30:00+00:00,US Open Cup,West Chester United,Loudoun United,Over/Under Goals,Over 2.5,1.6,,,WON,
2026-03-18T00:00:00+00:00,Liga Premier Serie A,FC Santiago,Atletico Hidalgo,Over/Under Goals,Under 3.5,1.4,,,WON,
2026-03-18T00:00:00+00:00,Liga Pro,Leones del Norte,LDU de Quito,Over/Under Goals,Under 3.5,1.2,,,WON,
2026-03-18T00:15:00+00:00,Primera Division,Central Cordoba de Santiago,Deportivo Riestra,Over/Under Goals,Under 2.5,1.25,,,WON,
2026-03-18T00:15:00+00:00,Primera Division,Gimnasia M.,Estudiantes L.P.,Over/Under Goals,Under 2.5,1.33,,,LOST,
2026-03-18T01:00:00+00:00,CONCACAF Champions League,LD Alajuelense,Los Angeles FC,Over/Under Goals,Under 3.5,1.53,,,WON,
2026-03-18T01:30:00+00:00,Primera A,Millonarios,Atletico Nacional,Over/Under Goals,Over 1.5,1.34,,,WON,
2026-03-18T03:00:00+00:00,CONCACAF Champions League,Cruz Azul,Monterrey,Over/Under Goals,Over 1.5,1.22,,,WON,
2026-03-18T08:00:00+00:00,Ofc Pro League,Hekari United,Tahiti United,Asian Handicap,Home +1.25,1.3,,,WON,
2026-03-18T09:00:00+00:00,National League,Yangon United,Dagon,Team Total Goals,Over 1.5,1.17,,,WON,
2026-03-18T09:30:00+00:00,J. League Div.1,Cerezo Osaka,Fagiano Okayama,Over/Under Goals,Over 1.5,1.28,,,WON,
2026-03-18T10:00:00+00:00,J. League Div.1,JEF United Chiba,FC Tokyo,Over/Under Goals,Over 1.5,1.25,,,WON,
2026-03-18T10:00:00+00:00,J. League Div.1,Mito Hollyhock,Yokohama F. Marinos,Double Chance,Home/Draw,1.42,,,WON,
2026-03-18T10:00:00+00:00,J. League Div.1,Nagoya Grampus,Sanfrecce Hiroshima,Team Total Goals,Over 0.5,1.22,,,WON,
2026-03-18T10:00:00+00:00,J. League Div.1,Tokyo Verdy,Kawasaki Frontale,Over/Under Goals,Over 1.5,1.33,,,WON,
2026-03-18T10:00:00+00:00,J. League Div.1,V-varen Nagasaki,Kyoto Sanga,Over/Under Goals,Over 1.5,1.25,,,WON,
2026-03-18T10:30:00+00:00,J. League Div.1,Machida Zelvia,Kashima,Over/Under Goals,Under 3.5,1.25,,,WON,
2026-03-18T10:30:00+00:00,K-League Classic,Bucheon FC 1995,Gangwon FC,Over/Under Goals,Over 1.5,1.45,,,LOST,
2026-03-18T10:30:00+00:00,K-League Classic,Incheon United,Daejeon Citizen,Double Chance,Draw/Away,1.45,,,WON,
2026-03-18T10:30:00+00:00,K-League Classic,Jeju United FC,Ulsan Hyundai FC,Over/Under Goals,Under 3.5,1.3,,,WON,
2026-03-18T10:30:00+00:00,K-League Classic,Jeonbuk Motors,FC Anyang,Team Total Goals,Over 0.5,1.48,,,WON,
2026-03-18T10:30:00+00:00,K-League Classic,Pohang Steelers,FC Seoul,Double Chance,Home/Draw,1.48,,,LOST,
2026-03-18T11:00:00+00:00,League Cup,BG Pathum United,Mahasarakham United,Over/Under Goals,Under 3.5,1.47,,,WON,
2026-03-18T11:00:00+00:00,League Cup,Chonburi FC,Thap Luang United,Over/Under Goals,Under 3.5,1.65,,,WON,
2026-03-18T11:00:00+00:00,Premyer Liqa,Keshla FC,Araz,Double Chance,Home/Draw,1.43,,,LOST,
2026-03-18T12:00:00+00:00,III Liga - Group 3,Pawłowice Śląskie,Zagłębie Lubin II,Over/Under Goals,Over 1.5,1.15,,,WON,
2026-03-18T12:00:00+00:00,League Cup,Pattani,Buriram United,Over/Under Goals,Over 2.5,1.4,,,WON,
2026-03-18T12:00:00+00:00,League Cup,Port FC,Khon Kaen United,Over/Under Goals,Under 3.5,2.66,,,LOST,
2026-03-18T13:00:00+00:00,Copa Rio U20,América RJ U20,Madureira U20,Double Chance,Home/Draw,1.62,,,WON,
2026-03-18T13:00:00+00:00,Copa Rio U20,Fluminense U20,Bangu U20,Over/Under Goals,Under 2.5,1.7,,,WON,
2026-03-18T13:00:00+00:00,Super Lig,Alanyaspor,Kocaelispor,Double Chance,Draw/Away,1.62,,,LOST,
2026-03-18T14:00:00+00:00,III Liga - Group 3,Warta Gorzów,Słowianin,Over/Under Goals,Under 3.5,1.43,,,WON,
2026-03-18T14:00:00+00:00,Nasjonal U19 Champions League,Sandefjord U19,Stabæk U19,Double Chance,Home/Draw,1.7,,,WON,
2026-03-18T15:00:00+00:00,III Liga - Group 3,Starowice Dolne,Ślęza Wrocław,1X2 / Match Winner,Away,1.62,,,LOST,
2026-03-18T15:30:00+00:00,UEFA Europa League,SC Braga,Ferencvarosi TC,Over/Under Goals,Under 3.5,1.36,,,LOST,
2026-03-18T16:00:00+00:00,Premier League,Kudrivka,Polessya,Over/Under Goals,Under 3.5,1.3,,,WON,
2026-03-18T16:45:00+00:00,Première Division,US Bougouba,Djoliba,Double Chance,Draw/Away,1.17,,,WON,
2026-03-18T16:45:00+00:00,Première Division,USFAS Bamako,Binga,Over/Under Goals,Over 1.5,1.56,,,LOST,
2026-03-18T17:00:00+00:00,Frauen Bundesliga,Eintracht Frankfurt W,1899 Hoffenheim W,Over/Under Goals,Over 2.5,1.4,,,LOST,
2026-03-18T17:00:00+00:00,Super Lig,Başakşehir,Antalyaspor,1X2 / Match Winner,Home,1.54,,,LOST,
2026-03-18T17:00:00+00:00,Super Lig,Eyüpspor,Trabzonspor,Over/Under Goals,Under 3.5,1.43,,,WON,
2026-03-18T17:30:00+00:00,Premier Soccer League,Golden Arrows,Stellenbosch,Over/Under Goals,Under 3.5,1.17,,,WON,
2026-03-18T17:30:00+00:00,Pro League,Ajman,Baniyas SC,Double Chance,Draw/Away,1.57,,,WON,
2026-03-18T17:30:00+00:00,Pro League,Al Nasr,Al Bataeh,Double Chance,Home/Draw,1.17,,,WON,
2026-03-18T17:30:00+00:00,Pro League,Al-Wasl FC,Al-Dhafra,Over/Under Goals,Under 3.5,1.57,,,WON,
2026-03-18T17:45:00+00:00,UEFA Champions League,Barcelona,Newcastle,1X2 / Match Winner,Home,1.64,,,WON,
2026-03-18T18:00:00+00:00,Copa Rio U20,Cabofriense U20,Maricá U20,Over/Under Goals,Under 2.5,1.62,,,LOST,
2026-03-18T18:00:00+00:00,Copa Rio U20,Portuguesa RJ U20,Volta Redonda U20,Double Chance,Draw/Away,1.53,,,LOST,
2026-03-18T18:00:00+00:00,Copa Rio U20,Resende FC U20,Boavista U20,Double Chance,Home/Draw,1.5,,,WON,
2026-03-18T18:00:00+00:00,National 2 - Group A,Saint-Malo,Avranches,Over/Under Goals,Under 3.5,1.23,,,WON,
2026-03-18T18:00:00+00:00,Serie B,Frosinone,Bari,Over/Under Goals,Over 2.5,1.69,,,WON,
2026-03-18T18:30:00+00:00,National 2 - Group A,Poitiers,Bayonne,Over/Under Goals,Under 2.5,1.65,,,WON,
2026-03-18T18:30:00+00:00,Stars League,Al-Sailiya,Al Shahaniya,Over/Under Goals,Under 3.5,1.35,,,LOST,
2026-03-18T18:30:00+00:00,Stars League,UMM Salal,Qatar SC,BTTS,Yes,1.4,,,LOST,
2026-03-18T18:45:00+00:00,Première Division,Mali Coura,Diarra,Over/Under Goals,Over 1.5,1.56,,,LOST,
2026-03-18T19:00:00+00:00,1. Liga Classic - Group 3,Winterthur II,Tuggen,Double Chance,Draw/Away,1.36,,,LOST,
2026-03-18T19:00:00+00:00,Liga Pro,Macara,Delfin SC,Over/Under Goals,Under 3.5,1.2,,,WON,
2026-03-18T19:00:00+00:00,Serie B,Avellino,Sudtirol,1X2 / Match Winner,Away,2.65,,,LOST,
2026-03-18T19:00:00+00:00,Serie B,Carrarese,Sampdoria,Over/Under Goals,Under 3.5,1.19,,,WON,
2026-03-18T19:00:00+00:00,Serie B,Pescara,Virtus Entella,Asian Handicap,Home +0,1.72,,,WON,
2026-03-18T19:30:00+00:00,Coppa Italia Serie C,Potenza,Latina,Over/Under Goals,Under 2.5,1.62,,,LOST,
2026-03-18T19:45:00+00:00,Championship,Southampton,Norwich,Over/Under Goals,Over 1.5,1.22,,,LOST,
2026-03-18T20:00:00+00:00,League Two,Milton Keynes Dons,Colchester,Team Total Goals,Over 0.5,1.17,,,WON,
2026-03-18T20:00:00+00:00,UEFA Champions League,Bayern München,Atalanta,Team Total Goals,Over 0.5,1.53,,,WON,
2026-03-18T20:00:00+00:00,UEFA Champions League,Liverpool,Galatasaray,1X2 / Match Winner,Home,1.3,,,WON,
2026-03-18T20:00:00+00:00,UEFA Champions League,Tottenham,Atletico Madrid,Over/Under Goals,Over 1.5,1.22,,,WON,
2026-03-18T21:00:00+00:00,Paulista - A2,Água Santa,Votuporanguense,Team Total Goals,Over 0.5,1.42,,,LOST,
2026-03-18T21:10:00+00:00,Primera A,Deportivo Pasto,Chico,1X2 / Match Winner,Home,1.48,,,WON,
2026-03-18T21:30:00+00:00,Division Profesional - Apertura,Rubio NU,Cerro Porteno,Asian Handicap,Home +1.25,1.4,,,WON,
2026-03-18T21:30:00+00:00,Liga Pro,Manta FC,Guayaquil City FC,Team Total Goals,Over 0.5,1.17,,,LOST,
2026-03-18T22:00:00+00:00,Paulista - A2,Ituano,XV de Piracicaba,Double Chance,Home/Draw,1.32,,,WON,
2026-03-18T22:00:00+00:00,Piauiense,Piauí,Atlético Piauiense,Double Chance,Home/Draw,1.44,,,WON,
2026-03-18T22:00:00+00:00,Serie A,Bahia,RB Bragantino,Team Total Goals,Over 0.5,1.17,,,WON,
2026-03-18T22:00:00+00:00,Serie A,Palmeiras,Botafogo,Over/Under Goals,Under 3.5,1.44,,,WON,
2026-03-18T22:30:00+00:00,Serie A,Atletico Paranaense,Cruzeiro,Double Chance,Draw/Away,1.44,,,LOST,
2026-03-18T23:00:00+00:00,CONCACAF Champions League,Inter Miami,Nashville SC,Over/Under Goals,Over 1.5,1.17,,,WON,
2026-03-18T23:00:00+00:00,Serie A,Atletico-MG,Sao Paulo,Double Chance,Draw/Away,1.67,,,LOST,
2026-03-18T23:00:00+00:00,Serie A,Mirassol,Coritiba,Team Total Goals,Over 0.5,1.62,,,WON,
2026-03-18T23:20:00+00:00,Primera A,Internacional de Bogota,Deportivo Pereira,1X2 / Match Winner,Home,1.64,,,LOST,
2026-03-18T23:30:00+00:00,Division Profesional - Apertura,Club Guarani,Deportivo Recoleta,Team Total Goals,Over 0.5,1.53,,,WON,
2026-03-18T23:30:00+00:00,Division Profesional - Apertura,Libertad Asuncion,Nacional Asuncion,Asian Handicap,Home +0,1.5,,,WON,
2026-03-18T23:30:00+00:00,Sul-Matogrossense,Operario Ferroviario,Corumbaense,Asian Handicap,Away -1.25,1.66,,,WON,
2026-03-20T00:00:00+00:00,Liga Pro,Emelec,Independiente del Valle,Over/Under Goals,Over 1.5,1.4,,,WON,
2026-03-20T00:30:00+00:00,Serie A,Chapecoense-sc,Corinthians,Over/Under Goals,Under 3.5,1.22,,,WON,
2026-03-20T01:00:00+00:00,CONCACAF Champions League,Tigres UANL,FC Cincinnati,Over/Under Goals,Over 1.5,1.22,,,WON,
2026-03-20T01:30:00+00:00,Primera A,Independiente Medellin,Junior,Over/Under Goals,Under 3.5,1.36,,,WON,
2026-03-20T08:35:00+00:00,A-League,Western Sydney Wanderers,Adelaide United,Over/Under Goals,Over 1.5,1.15,,,WON,
2026-03-20T10:00:00+00:00,1. Liga U19,Zbrojovka Brno U19,Pardubice U19,Over/Under Goals,Over 2.5,1.4,,,WON,
2026-03-20T10:00:00+00:00,Friendlies Clubs,VPS,GIF Sundsvall,Over/Under Goals,Over 1.5,1.15,,,WON,
2026-03-20T11:00:00+00:00,Premyer Liqa,Kapaz,Qarabag,Over/Under Goals,Over 2.5,1.6,,,LOST,
2026-03-20T11:00:00+00:00,Super League,Dalian Zhixing,SHANGHAI SIPG,Over/Under Goals,Under 3.5,1.62,,,WON,
2026-03-20T11:35:00+00:00,Super League,Qingdao Jonoon,Hangzhou Greentown,Over/Under Goals,Over 1.5,1.2,,,WON,
2026-03-20T12:00:00+00:00,1. Liga U19,Slavia Praha U19,Slovácko U19,1X2 / Match Winner,Home,1.68,,,WON,
2026-03-20T12:00:00+00:00,Friendlies Clubs,Stromsgodset,Hønefoss,Over/Under Goals,Over 2.5,1.5,,,WON,
2026-03-20T13:00:00+00:00,Premier League 2 Division One,Blackburn Rovers U21,West Ham United U21,Asian Handicap,Home +1.25,1.6,,,LOST,
2026-03-20T13:30:00+00:00,First League,FK Rabotnicki,Sileks,Team Total Goals,Over 0.5,1.49,,,WON,
2026-03-20T13:30:00+00:00,First League,Tikveš,Akademija Pandev,Over/Under Goals,Under 3.5,1.36,,,LOST,
2026-03-20T13:30:00+00:00,Professional Development League,Queens Park Rangers U21,Colchester United U21,Team Total Goals,Under 2.5,1.17,,,LOST,
2026-03-20T14:00:00+00:00,Professional Development League,Millwall U21,Watford U21,Double Chance,Draw/Away,1.67,,,LOST,
2026-03-20T14:00:00+00:00,Professional Development League,Sheffield Wednesday U21,Brentford U21,BTTS,Yes,1.36,,,WON,
2026-03-20T14:30:00+00:00,2. SNL,Ilirija,Dekani,1X2 / Match Winner,Draw,3.6,,,WON,
2026-03-20T14:30:00+00:00,2. SNL,Slovan Ljubljana,Triglav,1X2 / Match Winner,Away,1.55,,,WON,
2026-03-20T15:00:00+00:00,2. SNL,Krka,Beltinci,1X2 / Match Winner,Away,1.62,,,LOST,
2026-03-20T15:00:00+00:00,Premier League,Haras El Hodood,Ismaily SC,Double Chance,Draw/Away,1.44,,,WON,
2026-03-20T15:15:00+00:00,Premyer Liqa,Neftchi Baku,Mil-Muğan,1X2 / Match Winner,Home,1.63,,,WON,
2026-03-20T16:00:00+00:00,First League,Slavia Sofia,Botev Plovdiv,Over/Under Goals,Under 3.5,1.25,,,WON,
2026-03-20T16:00:00+00:00,Friendlies Clubs,Klubi-04,PK-35,1X2 / Match Winner,Away,2.6,,,LOST,
2026-03-20T16:00:00+00:00,Super Liga,FK Spartak Zdrepceva KRV,Radnik Surdulica,Double Chance,Home/Draw,1.53,,,LOST,
2026-03-20T16:30:00+00:00,First League,Rotor Volgograd,Fakel,Double Chance,Home/Draw,1.64,,,WON,
2026-03-20T17:00:00+00:00,3. liga - West,Spartak Myjava,Rača,Over/Under Goals,Under 3.5,1.68,,,LOST,
2026-03-20T17:00:00+00:00,Ekstraklasa,Piast Gliwice,Radomiak Radom,Over/Under Goals,Under 3.5,1.28,,,LOST,
2026-03-20T17:00:00+00:00,Erste Liga,Admira Wacker,Rapid Wien II,Over/Under Goals,Over 2.5,1.62,,,WON,
2026-03-20T17:00:00+00:00,Erste Liga,Austria Klagenfurt,First Vienna,Over/Under Goals,Under 3.5,1.25,,,WON,
2026-03-20T17:00:00+00:00,Erste Liga,FC Liefering,WSPG Wels,Over/Under Goals,Over 1.5,1.25,,,WON,
2026-03-20T17:00:00+00:00,Erste Liga,SKN ST. Polten,Austria Salzburg,Over/Under Goals,Under 3.5,1.33,,,WON,
2026-03-20T17:00:00+00:00,III Liga - Group 3,Polonia Nysa,Górnik Zabrze II,Double Chance,Draw/Away,1.4,,,WON,
2026-03-20T17:00:00+00:00,Liga I,FCSB,Uta Arad,Over/Under Goals,Over 1.5,1.25,,,LOST,
2026-03-20T17:00:00+00:00,Prva HNL,Istra 1961,NK Varazdin,Double Chance,Draw/Away,1.55,,,LOST,
2026-03-20T17:30:00+00:00,Bundesliga 2,Hannover 96,Eintracht Braunschweig,Over/Under Goals,Over 1.5,1.17,,,LOST,
2026-03-20T17:30:00+00:00,Bundesliga 2,Karlsruher SC,SpVgg Greuther Fürth,Over/Under Goals,Under 3.5,1.5,,,LOST,
2026-03-20T17:30:00+00:00,III Liga - Group 3,SKRA Częstochowa,Lechia Zielona Góra,Over/Under Goals,Over 2.5,1.57,,,WON,
2026-03-20T17:30:00+00:00,Serie A,Cagliari,Napoli,Over/Under Goals,Over 1.5,1.42,,,LOST,
2026-03-20T18:00:00+00:00,3. Liga,SV Wehen,Hansa Rostock,Double Chance,Home/Draw,1.7,,,LOST,
2026-03-20T18:00:00+00:00,Premier League,Wadi Degla,El Gouna FC,Over/Under Goals,Under 2.5,1.42,,,WON,
2026-03-20T18:00:00+00:00,Superliga,AF Elbasani,Egnatia Rrogozhinë,Over/Under Goals,Under 3.5,1.18,,,WON,
2026-03-20T18:00:00+00:00,Superligaen,Vejle,Odense,Over/Under Goals,Under 3.5,1.5,,,WON,
2026-03-20T18:30:00+00:00,Tipp3 Bundesliga,Sturm Graz,Red Bull Salzburg,Over/Under Goals,Under 3.5,1.48,,,WON,
2026-03-20T19:00:00+00:00,Challenger Pro League,AS Eupen,Seraing United,Team Total Goals,Over 0.5,1.42,,,LOST,
2026-03-20T19:00:00+00:00,Challenger Pro League,Olympic Charleroi,KRC Genk II,Over/Under Goals,Over 2.5,1.65,,,WON,
2026-03-20T19:00:00+00:00,Challenger Pro League,Patro Eisden,Beerschot VA,Over/Under Goals,Over 1.5,1.3,,,WON,
2026-03-20T19:00:00+00:00,Eerste Divisie,Cambuur,Jong AZ,1X2 / Match Winner,Home,1.52,,,LOST,
2026-03-20T19:00:00+00:00,Eerste Divisie,Emmen,VVV Venlo,Asian Handicap,Home +0,1.57,,,WON,
2026-03-20T19:00:00+00:00,Eerste Divisie,FC OSS,FC Eindhoven,Over/Under Goals,Over 1.5,1.16,,,WON,
2026-03-20T19:00:00+00:00,Eerste Divisie,Jong Ajax,Almere City FC,Asian Handicap,Home +1.25,1.48,,,LOST,
2026-03-20T19:00:00+00:00,Eerste Divisie,Jong PSV U21,Vitesse,Over/Under Goals,Over 2.5,1.42,,,LOST,
2026-03-20T19:00:00+00:00,Eerste Divisie,Jong Utrecht,Dordrecht,Over/Under Goals,Under 3.5,1.62,,,LOST,
2026-03-20T19:00:00+00:00,Eerste Divisie,Roda,Helmond Sport,Over/Under Goals,Under 3.5,1.62,,,WON,
2026-03-20T19:00:00+00:00,Eredivisie,Heracles,Excelsior,Over/Under Goals,Under 3.5,1.48,,,WON,
2026-03-20T19:00:00+00:00,Ligue 2,Amiens,Le Mans,Double Chance,Home/Draw,1.7,,,LOST,
2026-03-20T19:00:00+00:00,Ligue 2,Boulogne,Nancy,Asian Handicap,Home +0,1.65,,,WON,
2026-03-20T19:00:00+00:00,Ligue 2,Clermont Foot,RED Star FC 93,Over/Under Goals,Under 3.5,1.25,,,WON,
2026-03-20T19:00:00+00:00,Ligue 2,Laval,Grenoble,Over/Under Goals,Under 3.5,1.18,,,LOST,
2026-03-20T19:00:00+00:00,Ligue 2,PAU,Montpellier,Double Chance,Draw/Away,1.48,,,WON,
2026-03-20T19:00:00+00:00,Ligue 2,Rodez,Bastia,Over/Under Goals,Under 3.5,1.25,,,WON,
2026-03-20T19:00:00+00:00,NB I,MTK Budapest,Paks,Double Chance,Home/Draw,1.65,,,LOST,
2026-03-20T19:00:00+00:00,Premier League 2 Division One,Birmingham City U21,Manchester City U21,1X2 / Match Winner,Away,1.18,,,WON,
2026-03-20T19:00:00+00:00,Premier League 2 Division One,Derby County U21,Middlesbrough U21,Over/Under Goals,Over 2.5,1.4,,,LOST,
2026-03-20T19:00:00+00:00,Premier League 2 Division One,Leicester City U21,Aston Villa U21,Asian Handicap,Away -1.25,1.41,,,WON,
2026-03-20T19:00:00+00:00,Premier League 2 Division One,Norwich City U21,West Bromwich Albion U21,Over/Under Goals,Over 2.5,1.44,,,WON,
2026-03-20T19:00:00+00:00,Premier League 2 Division One,Nottingham Forest U21,Newcastle United U21,Over/Under Goals,Over 2.5,1.6,,,WON,
2026-03-20T19:00:00+00:00,Premier League 2 Division One,Reading U21,Manchester United U21,BTTS,Yes,1.57,,,LOST,
2026-03-20T19:00:00+00:00,Premier League 2 Division One,Southampton U21,Leeds United U21,1X2 / Match Winner,Home,1.5,,,WON,
2026-03-20T19:30:00+00:00,Bundesliga 1,RB Leipzig,1899 Hoffenheim,Asian Handicap,Home +0,1.48,,,WON,
2026-03-20T19:30:00+00:00,Ekstraklasa,Motor Lublin,Zaglebie Lubin,Team Total Goals,Under 2.5,1.2,,,WON,
2026-03-20T19:30:00+00:00,Erste Liga,Floridsdorfer AC,Austria Lustenau,Over/Under Goals,Under 3.5,1.22,,,WON,
2026-03-20T19:30:00+00:00,Segunda Division,Huesca,Almeria,Double Chance,Home/Draw,1.6,,,LOST,
2026-03-20T19:30:00+00:00,Serie C - Girone A,Trento,Triestina,1X2 / Match Winner,Home,1.55,,,LOST,
2026-03-20T19:30:00+00:00,Serie C - Girone A,Virtus Verona,Albinoleffe,Over/Under Goals,Under 3.5,1.27,,,LOST,
2026-03-20T19:45:00+00:00,Liga I,CFR 1907 Cluj,Rapid,Over/Under Goals,Over 1.5,1.4,,,LOST,
2026-03-20T19:45:00+00:00,Ligue 1,Lens,Angers,Over/Under Goals,Under 3.5,1.45,,,LOST,
2026-03-20T19:45:00+00:00,Premier League,The New Saints,Colwyn Bay,1X2 / Match Winner,Home,1.22,,,LOST,
2026-03-20T19:45:00+00:00,Premier League,llanelli AFC,Cardiff MET,Over/Under Goals,Under 3.5,1.33,,,WON,
2026-03-20T19:45:00+00:00,Premiership,Carrick Rangers,Linfield,1X2 / Match Winner,Away,1.68,,,LOST,
2026-03-20T19:45:00+00:00,Premiership,Glenavon FC,Larne,Over/Under Goals,Over 1.5,1.25,,,WON,
2026-03-20T19:45:00+00:00,Serie A,Genoa,Udinese,Over/Under Goals,Under 3.5,1.18,,,WON,
2026-03-20T20:00:00+00:00,Championship,Loughgall,Institute,Over/Under Goals,Under 3.5,1.4,,,LOST,
2026-03-20T20:00:00+00:00,Championship,Preston,Stoke City,Over/Under Goals,Over 1.5,1.38,,,WON,
2026-03-20T20:00:00+00:00,La Liga,Villarreal,Real Sociedad,Over/Under Goals,Over 1.5,1.25,,,WON,
2026-03-20T20:00:00+00:00,Liga Mayor,Atlético Pantoja,Universidad O&M,1X2 / Match Winner,Home,1.57,,,WON,
2026-03-20T20:00:00+00:00,Premier League,Bournemouth,Manchester United,Over/Under Goals,Under 3.5,1.57,,,LOST,
2026-03-20T20:15:00+00:00,Primeira Liga,Estrela,Casa Pia,Over/Under Goals,Under 3.5,1.22,,,LOST,
2026-03-20T20:30:00+00:00,Primera Division,ADT,FBC Melgar,Over/Under Goals,Under 3.5,1.22,,,WON,
2026-03-20T21:00:00+00:00,Primera A,Águilas Doradas,America de Cali,Over/Under Goals,Under 3.5,1.2,,,WON,
2026-03-20T22:00:00+00:00,Liga Premier Serie A,Atletico Hidalgo,Lobos ULMX,Double Chance,Home/Draw,1.67,,,LOST,
2026-03-21T00:00:00+00:00,NWSL Women,Orlando Pride W,Denver Summit W,Over/Under Goals,Over 1.5,1.2,,,WON,
2026-03-21T00:00:00+00:00,NWSL Women,Racing Louisville W,Washington Spirit W,Over/Under Goals,Over 1.5,1.27,,,WON,
2026-03-21T00:00:00+00:00,Primera Division,Atletico Tucuman,Gimnasia L.P.,Over/Under Goals,Over 1.5,1.48,,,LOST,
2026-03-21T00:00:00+00:00,Primera Division,Banfield,Tigre,Over/Under Goals,Under 3.5,1.18,,,WON,
2026-03-21T00:00:00+00:00,Torneo Federal A,Sportivo Belgrano,9 de Julio Rafaela,Over/Under Goals,Under 3.5,1.17,,,WON,
2026-03-21T00:30:00+00:00,Division di Honor,Dakota,Bubali,Over/Under Goals,Over 2.5,1.17,,,WON,
2026-03-21T00:30:00+00:00,Primera Division,Cienciano,FC Cajamarca,Over/Under Goals,Over 1.5,1.18,,,WON,
2026-03-21T00:30:00+00:00,Primera División - Apertura,Defensor Sporting,Club Nacional,Over/Under Goals,Under 3.5,1.25,,,WON,
2026-03-21T01:00:00+00:00,Liga MX,Necaxa,Club Tijuana,Over/Under Goals,Under 3.5,1.48,,,WON,
2026-03-21T01:00:00+00:00,Liga de Expansión MX,Tepatitlán,Venados FC,Over/Under Goals,Over 2.5,1.57,,,LOST,
2026-03-21T02:00:00+00:00,A-League,Auckland,Macarthur,Over/Under Goals,Over 1.5,1.18,,,WON,
2026-03-21T02:00:00+00:00,NWSL Women,Portland Thorns W,Seattle Reign FC,Over/Under Goals,Under 3.5,1.25,,,WON,
2026-03-21T03:00:00+00:00,Liga de Expansión MX,CA La Paz,Alebrijes de Oaxaca,Team Total Goals,Over 0.5,1.15,,,WON,
2026-03-21T03:06:00+00:00,Liga MX,Mazatlán,Cruz Azul,Over/Under Goals,Over 1.5,1.2,,,WON,
2026-03-21T04:00:00+00:00,A-League,Brisbane Roar,Wellington Phoenix,Over/Under Goals,Under 3.5,1.38,,,WON,
2026-03-21T05:00:00+00:00,J. League Div.1,Fagiano Okayama,V-varen Nagasaki,Double Chance,Draw/Away,1.6,,,WON,
2026-03-21T05:00:00+00:00,K-League Classic,Daejeon Citizen,Jeonbuk Motors,Over/Under Goals,Under 3.5,1.33,,,WON,
2026-03-21T06:00:00+00:00,New South Wales NPL 2,Newcastle Jets II,Blacktown Spartans,Over/Under Goals,Over 2.5,1.44,,,WON,
2026-03-21T06:00:00+00:00,New South Wales NPL,SD Raiders,Manly United,Over/Under Goals,Over 1.5,1.22,,,WON,
2026-03-21T06:00:00+00:00,New South Wales NPL,Sydney Olympic,Western Sydney Wanderers U23,BTTS,Yes,1.42,,,LOST,
2026-03-21T06:10:00+00:00,A-League,Melbourne Victory,Central Coast Mariners,Over/Under Goals,Over 1.5,1.17,,,WON,
2026-03-21T06:30:00+00:00,New South Wales NPL,NWS Spirit,Rockdale City Suns,Over/Under Goals,Under 3.5,1.65,,,WON,
2026-03-21T06:45:00+00:00,New South Wales NPL,APIA Leichhardt Tigers,Sutherland Sharks,1X2 / Match Winner,Home,1.44,,,WON,
2026-03-21T07:30:00+00:00,New South Wales NPL 2,Northern Tigers,Hills Brumbies,1X2 / Match Winner,Home,1.62,,,LOST,
2026-03-21T07:30:00+00:00,New South Wales NPL,St. George Saints,Marconi Stallions,Over/Under Goals,Under 3.5,1.35,,,WON,
2026-03-21T07:30:00+00:00,Super League,Beijing Guoan,Shanghai Shenhua,Asian Handicap,Home +0,1.7,,,WON,
2026-03-21T07:30:00+00:00,Super League,Shenyang Urban,Tianjin Teda,Over/Under Goals,Under 3.5,1.28,,,WON,
2026-03-21T08:00:00+00:00,New South Wales NPL 2,Canterbury Bankstown,Hurstville FC,Over/Under Goals,Over 2.5,1.65,,,WON,
2026-03-21T08:00:00+00:00,New South Wales NPL 2,Dulwich Hill,Bankstown City Lions,1X2 / Match Winner,Away,1.6,,,WON,
2026-03-21T08:00:00+00:00,New South Wales NPL 2,Inter Lions,Macarthur Rams,1X2 / Match Winner,Away,1.7,,,WON,
2026-03-21T08:00:00+00:00,Victoria NPL,Dandenong Thunder,South Melbourne,Over/Under Goals,Under 3.5,1.4,,,WON,
2026-03-21T08:15:00+00:00,New South Wales NPL,St George City FA,Wollongong Wolves,Asian Handicap,Home +0,1.52,,,LOST,
2026-03-21T08:45:00+00:00,C-League,Kirivong Sok Sen Chey,Visakha,Result + Total Goals,Away/Over 1.5,1.4,,,WON,
2026-03-21T09:00:00+00:00,Liga II,ASA Targu Mures,Muscelul Câmpulung Elite,Over/Under Goals,Under 3.5,2.07,,,LOST,
2026-03-21T09:00:00+00:00,Liga II,CS Afumati,Viitorul Şelimbăr,Over/Under Goals,Under 3.5,1.28,,,WON,
2026-03-21T09:00:00+00:00,Liga II,CSM Reşiţa,CSM Satu Mare,Over/Under Goals,Over 2.5,1.5,,,LOST,
2026-03-21T09:00:00+00:00,Liga II,Concordia,Dumbrăviţa,Over/Under Goals,Under 3.5,1.26,,,WON,
2026-03-21T09:00:00+00:00,Liga II,FC Bacau,Tunari,1X2 / Match Winner,Home,1.6,,,WON,
2026-03-21T09:00:00+00:00,Liga II,Gloria Bistriţa,Slatina,Asian Handicap,Home +0,1.59,,,LOST,
2026-03-21T09:00:00+00:00,Liga II,Politehnica Iasi,Ceahlăul Piatra Neamţ,Over/Under Goals,Over 2.5,1.68,,,WON,
2026-03-21T09:30:00+00:00,3. liga - CFL A,České Budějovice II,Písek,Double Chance,Home/Draw,1.5,,,WON,
2026-03-21T10:30:00+00:00,First League,Septemvri Sofia,Arda Kardzhali,Over/Under Goals,Under 2.5,1.62,,,LOST,
2026-03-21T10:30:00+00:00,Liga II,Corvinul Hunedoara,CSA Steaua Bucureşti,Over/Under Goals,Under 3.5,1.36,,,WON,
2026-03-21T10:30:00+00:00,Meistriliiga,Kalju Nomme,Kuressaare,Over/Under Goals,Over 1.5,1.17,,,WON,
2026-03-21T10:30:00+00:00,Meistriliiga,Nõmme United,Tammeka,Over/Under Goals,Over 2.5,1.44,,,WON,
2026-03-21T10:30:00+00:00,TFF 1. Lig,Boluspor,Bandırmaspor,Asian Handicap,Home +0.25,1.4,,,WON,
2026-03-21T10:30:00+00:00,TFF 1. Lig,Serik Spor,Sakaryaspor,Over/Under Goals,Over 1.5,1.22,,,WON,
2026-03-21T10:45:00+00:00,Premier League,Akhmat,FC Rostov,Over/Under Goals,Over 1.5,1.38,,,LOST,
2026-03-21T11:00:00+00:00,C-League,National Defense,Dangkor Senchey,Double Chance,Home/Draw,1.95,,,WON,
2026-03-21T11:00:00+00:00,Frauen Bundesliga,Eintracht Frankfurt W,Hamburger SV W,Team Total Goals,Over 1.5,1.17,,,WON,
2026-03-21T11:00:00+00:00,III Liga - Group 3,Sparta Katowice,Ślęza Wrocław,Over/Under Goals,Over 2.5,1.57,,,LOST,
2026-03-21T11:00:00+00:00,Liga Revelação U23,Benfica U23,Academico Viseu U23,1X2 / Match Winner,Home,1.62,,,LOST,
2026-03-21T11:00:00+00:00,Premier League,Kryvbas KR,Epitsentr Dunayivtsi,Over/Under Goals,Under 3.5,1.33,,,WON,
2026-03-21T11:00:00+00:00,Primera División Femenina,Levante W,Real Sociedad W,Over/Under Goals,Over 1.5,1.17,,,LOST,
2026-03-21T11:00:00+00:00,Primera División Femenina,Madrid CFF W,Espanyol W,Asian Handicap,Home +0,1.4,,,WON,
2026-03-21T11:00:00+00:00,Segunda Liga,Lusitânia Lourosa,Academico Viseu,Double Chance,Home/Draw,1.67,,,LOST,
2026-03-21T11:00:00+00:00,Super League,Henan Jianye,Wuhan Three Towns,1X2 / Match Winner,Home,1.48,,,LOST,
2026-03-21T11:00:00+00:00,Thai League 2,Khon Kaen United,Chiangmai United,1X2 / Match Winner,Home,1.65,,,WON,
2026-03-21T11:30:00+00:00,Thai League 2,Rasi Salai United,Phrae United,1X2 / Match Winner,Home,1.63,,,LOST,
2026-03-21T11:35:00+00:00,Super League,Chongqing Tongliang Long,Chengdu Better City,Over/Under Goals,Under 3.5,1.36,,,LOST,
2026-03-21T11:35:00+00:00,Super League,Qingdao Youth Island,Sichuan Jiuniu,Over/Under Goals,Under 3.5,1.35,,,WON,
2026-03-21T11:45:00+00:00,First NL,Rudes,Bsk Bijelo Brdo,Double Chance,Home/Draw,1.17,,,WON,
2026-03-21T12:00:00+00:00,3. Division,Holbæk B&I,Sundby,1X2 / Match Winner,Home,1.5,,,LOST,
2026-03-21T12:00:00+00:00,3. Division,Hørsholm-Usserød,Lyseng,Asian Handicap,Away -1.25,1.56,,,LOST,
2026-03-21T12:00:00+00:00,3. Division,Odder,Nykobing FC,Over/Under Goals,Over 1.5,1.2,,,WON,
2026-03-21T12:00:00+00:00,3. Division,Vejgaard B,Næsby,Double Chance,Home/Draw,1.57,,,LOST,
2026-03-21T12:00:00+00:00,Bundesliga 2,1. FC Nürnberg,1. FC Kaiserslautern,Over/Under Goals,Over 1.5,1.2,,,WON,
2026-03-21T12:00:00+00:00,Bundesliga 2,SC Paderborn 07,Dynamo Dresden,Over/Under Goals,Over 2.5,1.6,,,WON,
2026-03-21T12:00:00+00:00,Bundesliga 2,SV Elversberg,Arminia Bielefeld,Over/Under Goals,Under 3.5,1.53,,,LOST,
2026-03-21T12:00:00+00:00,FA WSL,Arsenal W,West Ham W,Team Total Goals,Over 1.5,1.17,,,WON,
2026-03-21T12:00:00+00:00,FA WSL,London City Lionesses,Chelsea W,Team Total Goals,Under 2.5,1.62,,,WON,
2026-03-21T12:00:00+00:00,FA WSL,Manchester City W,Tottenham Hotspur W,BTTS,Yes,1.67,,,WON,
2026-03-21T12:00:00+00:00,FA WSL,Manchester United W,Everton W,Over/Under Goals,Over 1.5,1.15,,,WON,
2026-03-21T12:00:00+00:00,First League,FC UFA,Volga Ulyanovsk,Asian Handicap,Home +0.25,1.41,,,WON,
2026-03-21T12:00:00+00:00,III Liga - Group 3,Miedź Legnica II,Carina Gubin,Over/Under Goals,Over 2.5,1.57,,,WON,
2026-03-21T12:00:00+00:00,Super League,Yunnan Yukun,Shandong Luneng,Over/Under Goals,Over 2.5,1.4,,,WON,
2026-03-21T12:00:00+00:00,Superliga,Ferizaj,Drenica Skënderaj,Asian Handicap,Home +0,1.45,,,WON,
2026-03-21T12:00:00+00:00,Thai League 2,Esan Pattaya,Kasetsart FC,Double Chance,Home/Draw,1.18,,,WON,
2026-03-21T12:15:00+00:00,A Lyga,Kauno Žalgiris,Suduva Marijampole,1X2 / Match Winner,Home,1.49,,,LOST,
2026-03-21T12:30:00+00:00,Championship,Blackburn,Middlesbrough,Over/Under Goals,Under 3.5,1.33,,,WON,
2026-03-21T12:30:00+00:00,Championship,Derby,Birmingham,Asian Handicap,Home +0.5,1.62,,,WON,
2026-03-21T12:30:00+00:00,Championship,Ipswich,Millwall,Over/Under Goals,Over 1.5,1.28,,,WON,
2026-03-21T12:30:00+00:00,League One,Luton,Stockport County,Over/Under Goals,Over 1.5,1.3,,,WON,
2026-03-21T12:30:00+00:00,League Two,Cambridge United,Salford City,Double Chance,Home/Draw,1.15,,,WON,
2026-03-21T12:30:00+00:00,League Two,Milton Keynes Dons,Barnet,Asian Handicap,Home +0,1.53,,,LOST,
2026-03-21T12:30:00+00:00,Meistriliiga,Trans Narva,Vaprus,Over/Under Goals,Over 1.5,1.2,,,WON,
2026-03-21T12:30:00+00:00,National League,Woking,Aldershot Town,Over/Under Goals,Over 1.5,1.2,,,WON,
2026-03-21T12:30:00+00:00,Premier League,Brighton,Liverpool,Over/Under Goals,Under 3.5,1.5,,,WON,
2026-03-21T12:30:00+00:00,Thai League 2,Nakhon Si Thammarat,Chanthaburi,Over/Under Goals,Under 3.5,1.27,,,WON,
2026-03-21T13:00:00+00:00,3. Division,FA 2000,Brønshøj,Double Chance,Home/Draw,1.42,,,WON,
2026-03-21T13:00:00+00:00,3. Division,Frem,Vanløse,Double Chance,Home/Draw,1.15,,,LOST,
2026-03-21T13:00:00+00:00,3. Liga,Energie Cottbus,SSV Ulm 1846,Over/Under Goals,Under 3.5,1.62,,,WON,
2026-03-21T13:00:00+00:00,3. Liga,FC Ingolstadt 04,Alemannia Aachen,Double Chance,Draw/Away,1.57,,,WON,
2026-03-21T13:00:00+00:00,3. Liga,FC Schweinfurt 05,Stuttgart II,Team Total Goals,Under 2.5,1.4,,,WON,
2026-03-21T13:00:00+00:00,3. Liga,SSV Jahn Regensburg,Havelse,Over/Under Goals,Over 1.5,1.15,,,WON,
2026-03-21T13:00:00+00:00,3. Liga,Waldhof Mannheim,Erzgebirge Aue,Asian Handicap,Home +0,1.6,,,WON,
2026-03-21T13:00:00+00:00,3. liga - CFL B,Velké Hamry,Jablonec II,Over/Under Goals,Over 2.5,1.57,,,WON,
2026-03-21T13:00:00+00:00,First League,Bokelj,Buducnost Podgorica,Double Chance,Draw/Away,1.15,,,LOST,
2026-03-21T13:00:00+00:00,First League,CSKA 1948,Lokomotiv Sofia,Team Total Goals,Over 0.5,1.44,,,WON,
2026-03-21T13:00:00+00:00,First League,Sutjeska,Mladost DG,1X2 / Match Winner,Home,1.57,,,WON,
2026-03-21T13:00:00+00:00,Frauen Bundesliga,1899 Hoffenheim W,VfL Wolfsburg W,Over/Under Goals,Under 3.5,1.7,,,WON,
2026-03-21T13:00:00+00:00,La Liga,Elche,Mallorca,Asian Handicap,Home +0,1.53,,,WON,
2026-03-21T13:00:00+00:00,Liga I,Metaloglobus,Petrolul Ploiesti,Over/Under Goals,Under 3.5,1.22,,,WON,
2026-03-21T13:00:00+00:00,Ligue 2,Estac Troyes,Dunkerque,Asian Handicap,Home +0,1.57,,,WON,
2026-03-21T13:00:00+00:00,Ligue 2,Guingamp,Reims,Team Total Goals,Under 2.5,1.15,,,WON,
2026-03-21T13:00:00+00:00,NB I,Nyiregyhaza,Diosgyori VTK,Over/Under Goals,Over 1.5,1.28,,,WON,
2026-03-21T13:00:00+00:00,Premier League,CSKA Moscow,Dinamo Makhachkala,Asian Handicap,Away -1.25,1.58,,,LOST,
2026-03-21T13:00:00+00:00,Primera División - Apertura,Racing Montevideo,Liverpool Montevideo,Over/Under Goals,Over 1.5,1.44,,,LOST,
2026-03-21T13:00:00+00:00,Prva Liga,Borac Cacak,Dinamo Jug,Over/Under Goals,Under 3.5,1.15,,,WON,
2026-03-21T13:00:00+00:00,Segunda Division,Leganes,AD Ceuta FC,Over/Under Goals,Under 3.5,1.25,,,LOST,
2026-03-21T13:00:00+00:00,Super Liga,Javor,Novi Pazar,Over/Under Goals,Under 3.5,1.22,,,WON,
2026-03-21T13:00:00+00:00,TFF 1. Lig,Manisa F.K.,Sivasspor,Over/Under Goals,Over 1.5,1.25,,,LOST,
2026-03-21T13:30:00+00:00,1st League - RS,Famos Vojkovići,Zvijezda 09,1X2 / Match Winner,Home,1.57,,,LOST,
2026-03-21T13:30:00+00:00,First League,Arsenal Tivat,Dečić,Double Chance,Draw/Away,1.4,,,WON,
2026-03-21T13:30:00+00:00,First League,Jezero,Jedinstvo,Over/Under Goals,Over 1.5,1.4,,,LOST,
2026-03-21T13:30:00+00:00,Premier League,Ruh Lviv,LNZ Cherkasy,1X2 / Match Winner,Away,1.6,,,WON,
2026-03-21T13:30:00+00:00,Premier Soccer League,Polokwane City,Amazulu,Double Chance,Home/Draw,1.22,,,LOST,
2026-03-21T13:30:00+00:00,Premier Soccer League,Stellenbosch,Chippa United,Over/Under Goals,Under 3.5,1.18,,,WON,
2026-03-21T13:30:00+00:00,Serie C - Girone A,Giana Erminio,Pergolettese,Over/Under Goals,Under 3.5,1.19,,,WON,
2026-03-21T13:30:00+00:00,Serie C - Girone A,Union Brescia,Ospitaletto,Over/Under Goals,Under 3.5,1.22,,,WON,
2026-03-21T13:30:00+00:00,Serie C - Girone B,Guidonia Montecelio 1937,Vis Pesaro,Over/Under Goals,Under 2.5,1.44,,,WON,
2026-03-21T13:30:00+00:00,Serie C - Girone B,Juventus U23,Gubbio,Asian Handicap,Home +0,1.55,,,WON,
2026-03-21T13:30:00+00:00,Serie C - Girone B,Pianese,Pontedera,Over/Under Goals,Under 3.5,1.2,,,LOST,
2026-03-21T13:30:00+00:00,Tweede Divisie,Excelsior Maassluis,GVVV Veenendaal,Double Chance,Home/Draw,1.52,,,LOST,
2026-03-21T13:30:00+00:00,Tweede Divisie,Hoek,Quick Boys,Over/Under Goals,Under 3.5,1.38,,,WON,
2026-03-21T13:30:00+00:00,Tweede Divisie,Koninklijke HFC,AFC Amsterdam,Over/Under Goals,Over 1.5,1.16,,,WON,
2026-03-21T13:30:00+00:00,Tweede Divisie,RKAV Volendam,HHC,Asian Handicap,Home +1.25,1.54,,,WON,
2026-03-21T13:30:00+00:00,Tweede Divisie,Rijnsburgse Boys,ACV,BTTS,Yes,1.5,,,WON,
2026-03-21T13:45:00+00:00,Ekstraklasa,Cracovia Krakow,GKS Katowice,Over/Under Goals,Under 3.5,1.28,,,WON,
2026-03-21T14:00:00+00:00,1. Liga Promotion,Breitenrain,Kreuzlingen,BTTS,Yes,1.57,,,LOST,
2026-03-21T14:00:00+00:00,1. Liga Promotion,Paradiso,Grand-Saconnex,Double Chance,Draw/Away,1.65,,,WON,
2026-03-21T14:00:00+00:00,1st Division,Apolonia Fier,Lushnja,Double Chance,Draw/Away,1.67,,,WON,
2026-03-21T14:00:00+00:00,3. liga - CFL A,Králův Dvůr,Petřín Plzeň,Over/Under Goals,Over 2.5,1.4,,,WON,
2026-03-21T14:00:00+00:00,3. liga - CFL B,Benátky nad Jizerou,Mladá Boleslav II,Over/Under Goals,Over 2.5,1.57,,,LOST,
2026-03-21T14:00:00+00:00,3. liga - CFL B,Ústí nad Orlicí,Teplice II,Over/Under Goals,Under 3.5,1.37,,,WON,
2026-03-21T14:00:00+00:00,3. liga - Center,MFK Bytča,Námestovo,Over/Under Goals,Over 2.5,1.55,,,LOST,
2026-03-21T14:00:00+00:00,3. liga - West,Galanta,Petržalka II,Team Total Goals,Over 2.5,1.67,,,WON,
2026-03-21T14:00:00+00:00,First League,KAMAZ,Chernomorets,Over/Under Goals,Over 1.5,1.4,,,WON,
2026-03-21T14:00:00+00:00,First League,Petrovac,Mornar,Asian Handicap,Home +0,1.52,,,LOST,
2026-03-21T14:00:00+00:00,III Liga - Group 3,Warta Gorzów,Karkonosze Jelenia Góra,Over/Under Goals,Over 2.5,1.7,,,WON,
2026-03-21T14:00:00+00:00,Prva HNL,Vukovar,HNK Hajduk Split,1X2 / Match Winner,Away,1.7,,,WON,
2026-03-21T14:00:00+00:00,Segunda Liga,Penafiel,Vizela,Over/Under Goals,Under 3.5,1.25,,,WON,
2026-03-21T14:00:00+00:00,Serie A,Parma,Cremonese,Over/Under Goals,Under 3.5,1.25,,,WON,
2026-03-21T14:00:00+00:00,Serie B,Cesena,Catanzaro,Over/Under Goals,Over 1.5,1.3,,,WON,
2026-03-21T14:00:00+00:00,Serie B,Juve Stabia,Spezia,Over/Under Goals,Over 1.5,1.45,,,WON,
2026-03-21T14:00:00+00:00,Serie B,Padova,Palermo,Team Total Goals,Over 0.5,1.55,,,LOST,
2026-03-21T14:00:00+00:00,Superliga,Bylis,Flamurtari,Over/Under Goals,Under 3.5,1.17,,,WON,
2026-03-21T14:00:00+00:00,Tweede Divisie,Spakenburg,Kozakken Boys,Over/Under Goals,Over 2.5,1.44,,,WON,
2026-03-21T14:00:00+00:00,Tweede Divisie,Sparta Rotterdam II,Ijsselmeervogels,Double Chance,Draw/Away,1.47,,,LOST,
2026-03-21T14:30:00+00:00,1. Liga Promotion,Basel II,Young Boys II,Double Chance,Draw/Away,1.57,,,LOST,
2026-03-21T14:30:00+00:00,A Lyga,Banga,Panevėžys,Over/Under Goals,Under 3.5,1.25,,,WON,
2026-03-21T14:30:00+00:00,Bundesliga 1,1. FC Heidenheim,Bayer Leverkusen,Team Total Goals,Over 0.5,1.42,,,WON,
2026-03-21T14:30:00+00:00,Bundesliga 1,1. FC Köln,Borussia Mönchengladbach,Over/Under Goals,Over 1.5,1.25,,,WON,
2026-03-21T14:30:00+00:00,Bundesliga 1,Bayern München,Union Berlin,BTTS,Yes,1.9,,,LOST,
2026-03-21T14:30:00+00:00,Bundesliga 1,VfL Wolfsburg,Werder Bremen,Over/Under Goals,Over 1.5,1.22,,,LOST,
2026-03-21T14:30:00+00:00,First NL,Dubrava Zagreb,Croatia Zmijavci,Asian Handicap,Home +0.25,1.58,,,WON,
2026-03-21T14:30:00+00:00,First NL,HNK Cibalia,Opatija,Over/Under Goals,Under 2.5,1.62,,,WON,
2026-03-21T14:30:00+00:00,Premier League,Barry Town,Caernarfon Town,Asian Handicap,Home +0.25,1.58,,,WON,
2026-03-21T14:30:00+00:00,Premier League,Briton Ferry,Flint Town United,Asian Handicap,Home +0.25,1.68,,,WON,
2026-03-21T14:30:00+00:00,Premier League,GAP Connah S Quay FC,Penybont,1X2 / Match Winner,Home,1.7,,,WON,
2026-03-21T14:30:00+00:00,Super Liga,AS Trencin,Ružomberok,Double Chance,Home/Draw,1.5,,,WON,
2026-03-21T14:30:00+00:00,Super Liga,Zemplín Michalovce,Spartak Trnava,Over/Under Goals,Under 3.5,1.38,,,WON,
2026-03-21T14:30:00+00:00,Super Liga,Žilina,Dunajska Streda,Over/Under Goals,Under 3.5,1.36,,,LOST,
2026-03-21T14:30:00+00:00,Tweede Divisie,Katwijk,Almere City II,Asian Handicap,Home +0.25,1.53,,,WON,
2026-03-21T15:00:00+00:00,1. Division,Anorthosis,Akritas,Over/Under Goals,Under 3.5,1.3,,,LOST,
2026-03-21T15:00:00+00:00,1. Division,Aris,Omonia Nicosia,Over/Under Goals,Over 2.5,1.7,,,WON,
2026-03-21T15:00:00+00:00,Campeonato de Portugal Prio - Group C,Benfica Castelo Branco,Oliveira Hospital,Double Chance,Home/Draw,1.4,,,WON,
2026-03-21T15:00:00+00:00,Challenger Pro League,Francs Borains,Kortrijk,Team Total Goals,Over 0.5,1.15,,,WON,
2026-03-21T15:00:00+00:00,Challenger Pro League,KAA Gent II,Club Brugge II,Double Chance,Home/Draw,1.4,,,WON,
2026-03-21T15:00:00+00:00,Championship,Annagh United,Dundela,1X2 / Match Winner,Home,1.21,,,LOST,
2026-03-21T15:00:00+00:00,Championship,Ards,Warrenpoint Town,Over/Under Goals,Over 2.5,1.65,,,WON,
2026-03-21T15:00:00+00:00,Championship,Charlton,Norwich,Over/Under Goals,Under 3.5,1.3,,,WON,
2026-03-21T15:00:00+00:00,Championship,H&W Welders,Limavady United,Over/Under Goals,Over 2.5,1.7,,,WON,
2026-03-21T15:00:00+00:00,Championship,Hull City,Sheffield Wednesday,Over/Under Goals,Over 1.5,1.2,,,WON,
2026-03-21T15:00:00+00:00,Championship,Newington Youth,Ballinamallard United,Over/Under Goals,Over 1.5,1.17,,,WON,
2026-03-21T15:00:00+00:00,Championship,QPR,Portsmouth,Over/Under Goals,Under 2.5,1.65,,,LOST,
2026-03-21T15:00:00+00:00,Championship,Sheffield Utd,Wrexham,Team Total Goals,Over 0.5,1.17,,,WON,
2026-03-21T15:00:00+00:00,Championship,Southampton,Oxford United,Over/Under Goals,Over 1.5,1.22,,,WON,
2026-03-21T15:00:00+00:00,Championship,Watford,Leicester,Over/Under Goals,Under 3.5,1.35,,,WON,
2026-03-21T15:00:00+00:00,Copa De La Liga,Huachipato,Concepción,Asian Handicap,Home +0,1.48,,,WON,
2026-03-21T15:00:00+00:00,Eliteserien,Start,Aalesund,BTTS,Yes,1.62,,,WON,
2026-03-21T15:00:00+00:00,Júniores U19,Academico Viseu U19,Belenenses U19,Over/Under Goals,Under 3.5,1.18,,,WON,
2026-03-21T15:00:00+00:00,League One,AFC Wimbledon,Peterborough,Over/Under Goals,Over 1.5,1.25,,,WON,
2026-03-21T15:00:00+00:00,League One,Alloa Athletic,Inverness CT,Over/Under Goals,Over 1.5,1.25,,,WON,
2026-03-21T15:00:00+00:00,League One,Barnsley,Doncaster,Over/Under Goals,Under 3.5,1.55,,,WON,
2026-03-21T15:00:00+00:00,League One,Burton Albion,Bradford,Over/Under Goals,Under 3.5,1.28,,,WON,
2026-03-21T15:00:00+00:00,League One,Cove Rangers,Hamilton Academical,Asian Handicap,Home +0,1.55,,,WON,
2026-03-21T15:00:00+00:00,League One,Leyton Orient,Wycombe,Double Chance,Home/Draw,1.65,,,WON,
2026-03-21T15:00:00+00:00,League One,Lincoln,Rotherham,1X2 / Match Winner,Home,1.44,,,WON,
2026-03-21T15:00:00+00:00,League One,Mansfield Town,Northampton,Team Total Goals,Over 0.5,1.15,,,WON,
2026-03-21T15:00:00+00:00,League One,Peterhead,Montrose,Asian Handicap,Home +0,1.4,,,WON,
2026-03-21T15:00:00+00:00,League One,Plymouth,Huddersfield,Over/Under Goals,Over 1.5,1.25,,,WON,
2026-03-21T15:00:00+00:00,League One,Port Vale,Bolton,1X2 / Match Winner,Away,1.7,,,LOST,
2026-03-21T15:00:00+00:00,League One,Queen of the South,East Fife,Over/Under Goals,Over 1.5,1.22,,,WON,
2026-03-21T15:00:00+00:00,League One,Stenhousemuir,Kelty Hearts,Over/Under Goals,Under 3.5,1.25,,,WON,
2026-03-21T15:00:00+00:00,League One,Stevenage,Reading,Over/Under Goals,Over 1.5,1.4,,,LOST,
2026-03-21T15:00:00+00:00,League Two,Accrington ST,Chesterfield,Over/Under Goals,Under 3.5,1.35,,,WON,
2026-03-21T15:00:00+00:00,League Two,Bromley,Colchester,Over/Under Goals,Under 3.5,1.28,,,WON,
2026-03-21T15:00:00+00:00,League Two,Clyde,Stranraer,Team Total Goals,Over 0.5,1.16,,,WON,
2026-03-21T15:00:00+00:00,League Two,Dumbarton,Annan Athletic,Over/Under Goals,Over 1.5,1.22,,,WON,
2026-03-21T15:00:00+00:00,League Two,East Kilbride,Stirling Albion,Over/Under Goals,Over 2.5,1.44,,,WON,
2026-03-21T15:00:00+00:00,League Two,Edinburgh City,Elgin City,Over/Under Goals,Under 3.5,1.44,,,WON,
2026-03-21T15:00:00+00:00,League Two,Fleetwood Town,Crawley Town,Over/Under Goals,Under 3.5,1.4,,,WON,
2026-03-21T15:00:00+00:00,League Two,Forfar Athletic,Spartans,Asian Handicap,Home +0.5,1.7,,,WON,
2026-03-21T15:00:00+00:00,League Two,Gillingham,Bristol Rovers,Over/Under Goals,Under 3.5,1.3,,,WON,
2026-03-21T15:00:00+00:00,League Two,Grimsby,Barrow,Over/Under Goals,Under 3.5,1.38,,,LOST,
2026-03-21T15:00:00+00:00,League Two,Notts County,Cheltenham,Over/Under Goals,Over 1.5,1.28,,,WON,
2026-03-21T15:00:00+00:00,League Two,Oldham,Harrogate Town,1X2 / Match Winner,Home,1.6,,,WON,
2026-03-21T15:00:00+00:00,League Two,Shrewsbury,Crewe,Double Chance,Home/Draw,1.42,,,LOST,
2026-03-21T15:00:00+00:00,Liga Revelação U23,Sporting CP U23,Famalicão U23,Double Chance,Draw/Away,1.4,,,WON,
2026-03-21T15:00:00+00:00,National 2 - Group B,Chantilly,Haguenau,Over/Under Goals,Under 2.5,1.6,,,WON,
2026-03-21T15:00:00+00:00,National League - North,AFC Telford United,Marine,Over/Under Goals,Over 2.5,1.7,,,LOST,
2026-03-21T15:00:00+00:00,National League - North,Buxton,Bedford Town,Over/Under Goals,Under 3.5,1.44,,,WON,
2026-03-21T15:00:00+00:00,National League - North,Chester,Southport,Over/Under Goals,Over 1.5,1.25,,,WON,
2026-03-21T15:00:00+00:00,National League - North,King's Lynn Town,Curzon Ashton,Double Chance,Home/Draw,1.17,,,WON,
2026-03-21T15:00:00+00:00,National League - North,Leamington,Scarborough Athletic,Over/Under Goals,Under 3.5,1.28,,,WON,
2026-03-21T15:00:00+00:00,National League - North,Macclesfield,Hereford,Over/Under Goals,Over 2.5,1.53,,,WON,
2026-03-21T15:00:00+00:00,National League - North,Oxford City,Chorley,Double Chance,Home/Draw,1.7,,,WON,
2026-03-21T15:00:00+00:00,National League - North,Peterborough Sports,Darlington 1883,Over/Under Goals,Under 3.5,1.53,,,WON,
2026-03-21T15:00:00+00:00,National League - North,South Shields,Merthyr Town,BTTS,Yes,1.73,,,WON,
2026-03-21T15:00:00+00:00,National League - South,AFC Hornchurch,Hemel Hempstead Town,Asian Handicap,Home +0,1.55,,,LOST,
2026-03-21T15:00:00+00:00,National League - South,AFC Totton,Worthing,Over/Under Goals,Under 3.5,1.62,,,WON,
2026-03-21T15:00:00+00:00,National League - South,Chelmsford City,Dover,1X2 / Match Winner,Home,1.52,,,LOST,
2026-03-21T15:00:00+00:00,National League - South,Chesham United,Maidstone Utd,Over/Under Goals,Over 1.5,1.3,,,WON,
2026-03-21T15:00:00+00:00,National League - South,Chippenham Town,Eastbourne Borough,Over/Under Goals,Under 3.5,1.5,,,LOST,
2026-03-21T15:00:00+00:00,National League - South,Dagenham & Redbridge,Torquay,Over/Under Goals,Under 3.5,1.44,,,WON,
2026-03-21T15:00:00+00:00,National League - South,Ebbsfleet United,Weston-super-Mare,Asian Handicap,Home +0.5,1.17,,,LOST,
2026-03-21T15:00:00+00:00,National League - South,Farnborough,Slough Town,Asian Handicap,Home +0.25,1.48,,,WON,
2026-03-21T15:00:00+00:00,National League - South,Hampton & Richmond,Horsham,Asian Handicap,Home +0.25,1.65,,,WON,
2026-03-21T15:00:00+00:00,National League - South,Maidenhead,Dorking Wanderers,Over/Under Goals,Under 3.5,1.44,,,WON,
2026-03-21T15:00:00+00:00,National League,Altrincham,Southend,Over/Under Goals,Under 3.5,1.44,,,WON,
2026-03-21T15:00:00+00:00,National League,Boreham Wood,Gateshead,1X2 / Match Winner,Home,1.43,,,WON,
2026-03-21T15:00:00+00:00,National League,Braintree,Scunthorpe,Over/Under Goals,Over 1.5,1.15,,,WON,
2026-03-21T15:00:00+00:00,National League,Carlisle,Boston United,Over/Under Goals,Over 1.5,1.25,,,WON,
2026-03-21T15:00:00+00:00,National League,Forest Green,Wealdstone,Over/Under Goals,Over 1.5,1.17,,,WON,
2026-03-21T15:00:00+00:00,National League,Hartlepool,Eastleigh,Team Total Goals,Over 1.5,1.62,,,LOST,
2026-03-21T15:00:00+00:00,National League,Rochdale,Tamworth,Over/Under Goals,Over 1.5,1.18,,,WON,
2026-03-21T15:00:00+00:00,National League,Sutton Utd,Truro City,Team Total Goals,Over 0.5,1.15,,,LOST,
2026-03-21T15:00:00+00:00,Non League Premier - Isthmian,Aveley,Cheshunt,Over/Under Goals,Over 1.5,1.15,,,WON,
2026-03-21T15:00:00+00:00,Non League Premier - Isthmian,Burgess Hill Town,Chatham Town,Over/Under Goals,Over 1.5,1.19,,,WON,
2026-03-21T15:00:00+00:00,Non League Premier - Isthmian,Canvey Island,Hashtag United,Double Chance,Home/Draw,1.53,,,LOST,
2026-03-21T15:00:00+00:00,Non League Premier - Isthmian,Carshalton Athletic,Wingate & Finchley,Double Chance,Draw/Away,1.6,,,LOST,
2026-03-21T15:00:00+00:00,Non League Premier - Isthmian,Cray Valley PM,Chichester City,Over/Under Goals,Over 2.5,1.65,,,WON,
2026-03-21T15:00:00+00:00,Non League Premier - Isthmian,Cray Wanderers,Potters Bar Town,Over/Under Goals,Under 3.5,1.6,,,WON,
2026-03-21T15:00:00+00:00,Non League Premier - Isthmian,Dulwich Hamlet,Billericay Town,Double Chance,Home/Draw,1.67,,,LOST,
2026-03-21T15:00:00+00:00,Non League Premier - Isthmian,St Albans City,Ramsgate,Asian Handicap,Home +0.25,1.45,,,WON,
2026-03-21T15:00:00+00:00,Non League Premier - Isthmian,Welling United,Whitehawk,Over/Under Goals,Over 1.5,1.21,,,WON,
2026-03-21T15:00:00+00:00,Non League Premier - Northern,Ashton United,Ilkeston Town,Over/Under Goals,Under 3.5,1.25,,,WON,
2026-03-21T15:00:00+00:00,Non League Premier - Northern,Bamber Bridge,Morpeth Town,Over/Under Goals,Under 3.5,1.31,,,WON,
2026-03-21T15:00:00+00:00,Non League Premier - Northern,Guiseley AFC,Whitby Town,Team Total Goals,Over 0.5,1.42,,,LOST,
2026-03-21T15:00:00+00:00,Non League Premier - Northern,Hebburn Town,Prescot Cables,Over/Under Goals,Under 3.5,1.35,,,WON,
2026-03-21T15:00:00+00:00,Non League Premier - Northern,Hyde United,Workington,Over/Under Goals,Under 3.5,1.35,,,WON,
2026-03-21T15:00:00+00:00,Non League Premier - Northern,Lancaster City,Cleethorpes Town,Double Chance,Draw/Away,1.6,,,WON,
2026-03-21T15:00:00+00:00,Non League Premier - Northern,Rushall Olympic,Gainsborough Trinity,Over/Under Goals,Under 3.5,1.25,,,WON,
2026-03-21T15:00:00+00:00,Non League Premier - Northern,Rylands,United of Manchester,1X2 / Match Winner,Draw,3.35,,,LOST,
2026-03-21T15:00:00+00:00,Non League Premier - Northern,Stocksbridge Park Steels,Hednesford Town,Over/Under Goals,Under 3.5,1.28,,,WON,
2026-03-21T15:00:00+00:00,Non League Premier - Northern,Stockton Town,Warrington Town,1X2 / Match Winner,Home,1.65,,,WON,
2026-03-21T15:00:00+00:00,Non League Premier - Southern Central,Alvechurch,Harborough Town,Asian Handicap,Home +1.25,1.57,,,LOST,
2026-03-21T15:00:00+00:00,Non League Premier - Southern Central,Banbury United,Bishop's Stortford,Over/Under Goals,Under 3.5,1.26,,,WON,
2026-03-21T15:00:00+00:00,Non League Premier - Southern Central,Barwell,AFC Sudbury,Team Total Goals,Over 0.5,1.51,,,WON,
2026-03-21T15:00:00+00:00,Non League Premier - Southern Central,Kettering Town,Quorn,1X2 / Match Winner,Home,1.65,,,WON,
2026-03-21T15:00:00+00:00,Non League Premier - Southern Central,Leiston,Worcester City,Over/Under Goals,Under 3.5,1.36,,,WON,
2026-03-21T15:00:00+00:00,Non League Premier - Southern Central,Redditch United,Needham Market,Over/Under Goals,Over 2.5,1.7,,,WON,
2026-03-21T15:00:00+00:00,Non League Premier - Southern Central,Royston Town,Bromsgrove Sporting,Double Chance,Draw/Away,1.44,,,WON,
2026-03-21T15:00:00+00:00,Non League Premier - Southern Central,St Ives Town,Spalding United,Over/Under Goals,Under 3.5,1.66,,,WON,
2026-03-21T15:00:00+00:00,Non League Premier - Southern Central,Stourbridge,Stratford Town,Asian Handicap,Home +0,1.49,,,LOST,
2026-03-21T15:00:00+00:00,Premier League,El Mokawloon,Petrojet,1X2 / Match Winner,Draw,3.05,,,WON,
2026-03-21T15:00:00+00:00,Premier League,Fulham,Burnley,Over/Under Goals,Under 3.5,1.38,,,LOST,
2026-03-21T15:00:00+00:00,Premiership,Falkirk,ST Mirren,Over/Under Goals,Over 1.5,1.3,,,WON,
2026-03-21T15:00:00+00:00,Premiership,Heart Of Midlothian,Dundee,Over/Under Goals,Under 3.5,1.45,,,WON,
2026-03-21T15:00:00+00:00,Premiership,Kilmarnock,Livingston,Over/Under Goals,Over 1.5,1.22,,,WON,
2026-03-21T15:00:00+00:00,Premiership,Motherwell,Hibernian,Over/Under Goals,Under 3.5,1.36,,,WON,
2026-03-21T15:00:00+00:00,Super Liga,FK Crvena Zvezda,Radnicki NIS,Team Total Goals,Over 2.5,1.48,,,LOST,
2026-03-21T15:15:00+00:00,La Liga,Espanyol,Getafe,Asian Handicap,Away -0.5,1.6,,,WON,
2026-03-21T15:15:00+00:00,Premier League,FC Krasnodar,Nizhny Novgorod,Team Total Goals,Under 2.5,1.52,,,LOST,
2026-03-21T15:15:00+00:00,Segunda Division,FC Andorra,Eibar,Asian Handicap,Home +0.25,1.45,,,LOST,
2026-03-21T15:15:00+00:00,Segunda Division,Racing Santander,Albacete,Over/Under Goals,Under 3.5,1.5,,,LOST,
2026-03-21T15:30:00+00:00,3. Liga,Verl,FC Saarbrücken,Over/Under Goals,Over 1.5,1.17,,,WON,
2026-03-21T15:30:00+00:00,Eredivisie,Fortuna Sittard,Twente,Over/Under Goals,Over 1.5,1.17,,,WON,
2026-03-21T15:30:00+00:00,First League,Levski Sofia,Cherno More Varna,Over/Under Goals,Over 1.5,1.3,,,WON,
2026-03-21T15:30:00+00:00,Liga I,Csikszereda,Farul Constanta,Over/Under Goals,Under 3.5,1.28,,,WON,
2026-03-21T15:30:00+00:00,NB I,Zalaegerszegi TE,Ujpest,Over/Under Goals,Under 3.5,1.4,,,WON,
2026-03-21T15:30:00+00:00,Primeira Liga,Famalicao,Nacional,Team Total Goals,Over 0.5,1.17,,,WON,
2026-03-21T15:30:00+00:00,Primeira Liga,Moreirense,Arouca,Asian Handicap,Away -0.5,1.6,,,WON,
2026-03-21T15:30:00+00:00,Segunda Liga,Maritimo,Oliveirense,Over/Under Goals,Under 3.5,1.38,,,WON,
2026-03-21T16:00:00+00:00,1. Liga Classic - Group 1,Monthey,Lancy,Asian Handicap,Home +0,1.58,,,WON,
2026-03-21T16:00:00+00:00,1. Liga Promotion,Luzern II,Lugano II,1X2 / Match Winner,Home,1.65,,,WON,
2026-03-21T16:00:00+00:00,4. liga - Divizie B,Chomutov,Tempo Praha,Over/Under Goals,Over 2.5,1.57,,,LOST,
2026-03-21T16:00:00+00:00,CAF Champions League,Pyramids FC,FAR Rabat,Over/Under Goals,Under 3.5,1.18,,,WON,
2026-03-21T16:00:00+00:00,Liga Premier Serie A,Correcaminos UAT II,FC Santiago,Double Chance,Home/Draw,1.57,,,WON,
2026-03-21T16:00:00+00:00,Ligue 1,Toulouse,Lorient,Over/Under Goals,Under 3.5,1.22,,,WON,
2026-03-21T16:00:00+00:00,Premier Soccer League,Kaizer Chiefs,Magesi,Over/Under Goals,Under 3.5,1.15,,,WON,
2026-03-21T16:00:00+00:00,Primera Division,UCV Moquegua,Cusco,Over/Under Goals,Under 3.5,1.22,,,WON,
2026-03-21T16:00:00+00:00,Primera División - Apertura,Atletico Torque,Central Espanol,Asian Handicap,Home +0.5,1.15,,,WON,
2026-03-21T16:00:00+00:00,Super Liga,Vojvodina,Napredak,1X2 / Match Winner,Home,1.27,,,WON,
2026-03-21T16:00:00+00:00,TFF 1. Lig,Ümraniyespor,Pendikspor,BTTS,Yes,1.67,,,LOST,
2026-03-21T16:00:00+00:00,Tipp3 Bundesliga,FC BW Linz,Ried,Over/Under Goals,Over 1.5,1.42,,,WON,
2026-03-21T16:00:00+00:00,Tipp3 Bundesliga,WSG Wattens,Grazer AK,Over/Under Goals,Under 3.5,1.25,,,LOST,
2026-03-21T16:00:00+00:00,Tipp3 Bundesliga,Wolfsberger AC,SCR Altach,Over/Under Goals,Over 1.5,1.38,,,WON,
2026-03-21T16:15:00+00:00,Prva HNL,NK Lokomotiva Zagreb,Dinamo Zagreb,Over/Under Goals,Over 1.5,1.22,,,WON,
2026-03-21T16:15:00+00:00,Serie B,Monza,Venezia,Over/Under Goals,Over 1.5,1.33,,,WON,
2026-03-21T16:30:00+00:00,1. Liga Promotion,SC Kriens,Cham,Over/Under Goals,Over 2.5,1.38,,,WON,
2026-03-21T16:30:00+00:00,1. Liga Promotion,Vevey Sports,Lausanne Sport II,Over/Under Goals,Under 3.5,1.61,,,LOST,
2026-03-21T16:30:00+00:00,Ekstraklasa,Lechia Gdansk,Pogon Szczecin,Asian Handicap,Away -0.5,1.67,,,LOST,
2026-03-21T16:30:00+00:00,Serie C - Girone A,PRO Vercelli,Lumezzane,Over/Under Goals,Under 3.5,1.2,,,WON,
2026-03-21T16:30:00+00:00,Serie C - Girone A,Renate,Vicenza Virtus,Over/Under Goals,Under 3.5,1.22,,,LOST,
2026-03-21T16:30:00+00:00,Serie C - Girone B,Athletic Carpi,Pineto,Asian Handicap,Home +0.25,1.52,,,LOST,
2026-03-21T16:30:00+00:00,Serie C - Girone B,Campobasso FC,Forli,Team Total Goals,Over 0.5,1.53,,,LOST,
2026-03-21T16:30:00+00:00,Serie C - Girone B,Ravenna,Livorno,Over/Under Goals,Under 3.5,1.22,,,WON,
2026-03-21T17:00:00+00:00,1. Division,Krasava Ypsonas,Olympiakos,Over/Under Goals,Over 1.5,1.45,,,LOST,
2026-03-21T17:00:00+00:00,1. Liga Promotion,Bulle,Bavois,BTTS,Yes,1.4,,,LOST,
2026-03-21T17:00:00+00:00,Derde Divisie - Sunday,Groene Ster,SVV Scheveningen,Double Chance,Draw/Away,1.62,,,LOST,
2026-03-21T17:00:00+00:00,Eliteserien,Viking,Molde,Over/Under Goals,Over 2.5,1.5,,,WON,
2026-03-21T17:00:00+00:00,Major League Soccer,Toronto FC,Columbus Crew,Asian Handicap,Home +0.5,1.62,,,WON,
2026-03-21T17:00:00+00:00,National 1,Caen,Orleans,Double Chance,Draw/Away,1.57,,,WON,
2026-03-21T17:00:00+00:00,National 2 - Group A,Chauray,Avranches,Over/Under Goals,Under 2.5,1.62,,,WON,
2026-03-21T17:00:00+00:00,National 2 - Group A,La Roche VF,Bordeaux,Double Chance,Home/Draw,1.4,,,WON,
2026-03-21T17:00:00+00:00,National 2 - Group B,Biesheim,Chambly Thelle FC,Double Chance,Draw/Away,1.62,,,WON,
2026-03-21T17:00:00+00:00,National 2 - Group B,Blois,Wasquehal,Over/Under Goals,Under 3.5,1.34,,,WON,
2026-03-21T17:00:00+00:00,National 2 - Group C,Cannes,Fréjus St-Raphaël,1X2 / Match Winner,Home,1.6,,,WON,
2026-03-21T17:00:00+00:00,National 2 - Group C,Hyères,Toulon,Asian Handicap,Home +0,1.48,,,WON,
2026-03-21T17:00:00+00:00,National 2 - Group C,Saint-Priest,Nimes,Over/Under Goals,Over 1.5,1.32,,,LOST,
2026-03-21T17:00:00+00:00,Primera B Metropolitana,Brown DE Adrogue,Arsenal Sarandi,Double Chance,Home/Draw,1.4,,,LOST,
2026-03-21T17:00:00+00:00,Primera B Metropolitana,Defensores Unidos,Real Pilar,Over/Under Goals,Under 2.5,1.36,,,LOST,
2026-03-21T17:00:00+00:00,Primera B Metropolitana,Flandria,Villa Dalmine,Double Chance,Draw/Away,1.67,,,WON,
2026-03-21T17:00:00+00:00,Prva Liga,Macva,Dubočica,Over/Under Goals,Under 2.5,1.53,,,LOST,
2026-03-21T17:00:00+00:00,Serie A,AC Milan,Torino,Over/Under Goals,Under 3.5,1.38,,,LOST,
2026-03-21T17:00:00+00:00,Super League,FC Zurich,FC Thun,Over/Under Goals,Over 1.5,1.15,,,WON,
2026-03-21T17:00:00+00:00,Super League,Servette FC,Grasshoppers,Over/Under Goals,Under 3.5,1.42,,,LOST,
2026-03-21T17:00:00+00:00,Super Liga,FK Košice,Tatran Prešov,Over/Under Goals,Over 1.5,1.3,,,WON,
2026-03-21T17:00:00+00:00,Superliga,Teuta Durrës,Partizani,Double Chance,Draw/Away,1.67,,,WON,
2026-03-21T17:00:00+00:00,Superliga,Vllaznia Shkodër,Dinamo Tirana,Double Chance,Home/Draw,1.25,,,WON,
2026-03-21T17:00:00+00:00,Tweede Divisie,De Treffers,Barendrecht,Asian Handicap,Away -1.25,1.56,,,LOST,
2026-03-21T17:15:00+00:00,Championship,Swansea,Coventry,Asian Handicap,Home +0.5,1.67,,,LOST,
2026-03-21T17:15:00+00:00,Premier League,Bala Town,Haverfordwest County AFC,Over/Under Goals,Under 3.5,1.22,,,WON,
2026-03-21T17:30:00+00:00,Bundesliga 1,Borussia Dortmund,Hamburger SV,Over/Under Goals,Over 1.5,1.15,,,WON,
2026-03-21T17:30:00+00:00,La Liga,Levante,Oviedo,Asian Handicap,Away -0.5,1.7,,,LOST,
2026-03-21T17:30:00+00:00,La Liga,Osasuna,Girona,Over/Under Goals,Under 3.5,1.3,,,WON,
2026-03-21T17:30:00+00:00,National 1,Bourg-en-bresse 01,Stade Briochin,Over/Under Goals,Over 1.5,1.4,,,WON,
2026-03-21T17:30:00+00:00,National League,Solihull Moors,FC Halifax Town,BTTS,Yes,1.55,,,LOST,
2026-03-21T17:30:00+00:00,Premier League,Baltika,FC Sochi,1X2 / Match Winner,Home,1.5,,,WON,
2026-03-21T17:30:00+00:00,Premier League,Everton,Chelsea,Team Total Goals,Under 2.5,1.2,,,WON,
2026-03-21T17:30:00+00:00,Segunda Division,Cadiz,Malaga,Over/Under Goals,Under 3.5,1.28,,,WON,
2026-03-21T17:30:00+00:00,Super Liga,Mladost Lucani,FK Partizan,Over/Under Goals,Under 3.5,1.45,,,WON,
2026-03-21T17:45:00+00:00,Eredivisie,Sparta Rotterdam,FC Volendam,Over/Under Goals,Over 1.5,1.17,,,WON,
2026-03-21T17:45:00+00:00,Premiership,Rangers,Aberdeen,Over/Under Goals,Over 1.5,1.15,,,WON,
2026-03-21T18:00:00+00:00,Ligue 1,Auxerre,Stade Brestois 29,Over/Under Goals,Under 3.5,1.22,,,WON,
2026-03-21T18:00:00+00:00,Premier League,Ghazl El Mehalla,National Bank of Egypt,Double Chance,Home/Draw,1.7,,,WON,
2026-03-21T18:00:00+00:00,Primeira Liga,Benfica,Guimaraes,Over/Under Goals,Under 3.5,1.48,,,WON,
2026-03-21T18:00:00+00:00,Primeira Liga,Santa Clara,GIL Vicente,Asian Handicap,Away -0.5,1.48,,,LOST,
2026-03-21T18:00:00+00:00,Primera B Metropolitana,Deportivo Armenio,Excursionistas,Over/Under Goals,Under 2.5,1.38,,,WON,
2026-03-21T18:00:00+00:00,Primera División Femenina,Barcelona W,Athletic Club W,Over/Under Goals,Over 2.5,1.17,,,WON,
2026-03-21T18:00:00+00:00,Segunda Liga,Portimonense,FC Porto B,Double Chance,Draw/Away,1.53,,,LOST,
2026-03-21T18:15:00+00:00,Primera Division,Comerciantes Unidos,Universitario,Over/Under Goals,Over 1.5,1.4,,,LOST,
2026-03-21T18:30:00+00:00,Liga I,Arges Pitesti,Universitatea Cluj,Over/Under Goals,Over 1.5,1.55,,,LOST,
2026-03-21T18:30:00+00:00,Primera Division,Velez Sarsfield,Lanus,Over/Under Goals,Under 2.5,1.48,,,WON,
2026-03-21T18:30:00+00:00,Serie B,Modena,Mantova,Over/Under Goals,Over 1.5,1.25,,,WON,
2026-03-21T19:00:00+00:00,CAF Champions League,Al Ahly,ES Tunis,Over/Under Goals,Under 3.5,1.22,,,LOST,
2026-03-21T19:00:00+00:00,CAF Confederation Cup,CR Belouizdad,AL Masry,1X2 / Match Winner,Draw,3.3,,,WON,
2026-03-21T19:00:00+00:00,Challenger Pro League,Lokeren-Temse,RSC Anderlecht II,Over/Under Goals,Over 2.5,1.53,,,WON,
2026-03-21T19:00:00+00:00,Challenger Pro League,RWDM,K. Lierse S.K.,Over/Under Goals,Over 1.5,1.22,,,WON,
2026-03-21T19:00:00+00:00,Challenger Pro League,SK Beveren,Liège,Over/Under Goals,Over 1.5,1.22,,,WON,
2026-03-21T19:00:00+00:00,Eerste Divisie,Waalwijk,Den Bosch,BTTS,Yes,1.4,,,WON,
2026-03-21T19:00:00+00:00,Liga Pro,Delfin SC,Libertad,Over/Under Goals,Under 2.5,1.57,,,WON,
2026-03-21T19:00:00+00:00,Liga de Ascenso,AD Sarchí,Deportivo Upala,Over/Under Goals,Over 1.5,1.15,,,WON,
2026-03-21T19:00:00+00:00,Ligue 2,Saint Etienne,Annecy,Team Total Goals,Over 0.5,1.15,,,WON,
2026-03-21T19:00:00+00:00,Primera División - Apertura,Wanderers,Danubio,Over/Under Goals,Under 3.5,1.17,,,WON,
2026-03-21T19:00:00+00:00,Serie A,RB Bragantino,Botafogo,Asian Handicap,Home +0.25,1.4,,,LOST,
2026-03-21T19:00:00+00:00,Superliga,Prishtina,Ballkani,Double Chance,Home/Draw,1.5,,,WON,
2026-03-21T19:15:00+00:00,Ekstraklasa,Jagiellonia,Wisla Plock,Asian Handicap,Away -1.25,1.48,,,WON,
2026-03-21T19:30:00+00:00,Bundesliga 2,SV Darmstadt 98,FC Schalke 04,Double Chance,Home/Draw,1.45,,,WON,
2026-03-21T19:30:00+00:00,Super League,FC Sion,FC ST. Gallen,BTTS,Yes,1.55,,,WON,
2026-03-21T19:45:00+00:00,Premier Division,Sligo Rovers,Shelbourne,Over/Under Goals,Under 3.5,1.28,,,WON,
2026-03-21T19:45:00+00:00,Serie A,Juventus,Sassuolo,Over/Under Goals,Over 1.5,1.22,,,WON,
2026-03-21T20:00:00+00:00,Eredivisie,PEC Zwolle,NAC Breda,Over/Under Goals,Under 3.5,1.55,,,WON,
2026-03-21T20:00:00+00:00,La Liga,Sevilla,Valencia,Asian Handicap,Away -0.5,1.67,,,WON,
2026-03-21T20:00:00+00:00,Liga Mayor,Salcedo,Moca,Over/Under Goals,Under 2.5,1.65,,,WON,
2026-03-21T20:00:00+00:00,Premier League,Leeds,Brentford,Asian Handicap,Away -0.5,1.55,,,WON,
2026-03-21T20:00:00+00:00,Segunda Division,Deportivo La Coruna,Zaragoza,Over/Under Goals,Under 3.5,1.28,,,WON,
2026-03-21T20:05:00+00:00,Ligue 1,Nice,Paris Saint Germain,Over/Under Goals,Over 2.5,1.42,,,WON,
2026-03-21T20:30:00+00:00,Eerste Divisie,Broki,Inter Moengotapoe,Over/Under Goals,Over 2.5,1.5,,,WON,
2026-03-21T20:30:00+00:00,Major League Soccer,Philadelphia Union,Chicago Fire,Over/Under Goals,Under 3.5,1.42,,,WON,
2026-03-21T20:30:00+00:00,Primeira Liga,Tondela,AVS,Over/Under Goals,Under 3.5,1.25,,,WON,
2026-03-21T20:30:00+00:00,Primera Division,Club Deportivo Los Chankas,Sporting Cristal,Over/Under Goals,Over 2.5,2.05,,,WON,
2026-03-21T20:45:00+00:00,Primera Division,Defensa Y Justicia,Union Santa Fe,Over/Under Goals,Over 1.5,1.53,,,WON,
2026-03-21T20:45:00+00:00,Primera Division,Newells Old Boys,Gimnasia M.,Over/Under Goals,Under 3.5,1.16,,,WON,
2026-03-21T21:00:00+00:00,Copa De La Liga,Colo Colo,Coquimbo Unido,Over/Under Goals,Under 2.5,1.62,,,WON,
2026-03-21T21:00:00+00:00,Liga de Ascenso,CS Uruguay,AD Carmelita,Team Total Goals,Over 0.5,1.44,,,LOST,
2026-03-21T21:00:00+00:00,Primera B Metropolitana,Deportivo Merlo,San Martín Burzaco,Double Chance,Draw/Away,1.67,,,WON,
2026-03-21T21:30:00+00:00,Division Profesional - Apertura,Club Guarani,Olimpia,Double Chance,Home/Draw,1.6,,,LOST,
2026-03-21T21:30:00+00:00,Liga Premier Serie A,Sporting Canamy,Gavilanes FC Matamoros,Double Chance,Home/Draw,1.45,,,LOST,
2026-03-21T21:30:00+00:00,Liga Pro,Deportivo Cuenca,Macara,Double Chance,Home/Draw,1.22,,,WON,
2026-03-21T21:30:00+00:00,Serie A,Fluminense,Atletico-MG,Team Total Goals,Over 0.5,1.2,,,WON,
2026-03-21T22:00:00+00:00,Liga Mayor,Cibao,Delfines Del Este,Team Total Goals,Under 2.5,1.15,,,WON,
2026-03-21T22:00:00+00:00,Liga Premier Serie A,Deportivo Zap,Cordobés,1X2 / Match Winner,Home,1.45,,,LOST,
2026-03-21T22:15:00+00:00,Major League Soccer,Nashville SC,Orlando City SC,1X2 / Match Winner,Home,1.65,,,WON,
2026-03-21T22:30:00+00:00,NWSL Women,NJ/NY Gotham FC W,North Carolina Courage W,Team Total Goals,Over 0.5,1.61,,,LOST,
2026-03-21T22:30:00+00:00,Primera División - Apertura,Penarol,Cerro,Over/Under Goals,Under 3.5,1.18,,,LOST,
2026-03-21T23:00:00+00:00,Liga MX,Atlas,Club Queretaro,Asian Handicap,Home +0,1.4,,,WON,
2026-03-21T23:00:00+00:00,Liga Premier Serie A,Tapachula,Pioneros de Cancún,Over/Under Goals,Over 2.5,1.65,,,WON,
2026-03-21T23:00:00+00:00,Liga de Expansión MX,Atlante FC,Dorados,Over/Under Goals,Over 2.5,1.48,,,LOST,
2026-03-21T23:00:00+00:00,Liga de Expansión MX,Irapuato,Cancún,Team Total Goals,Over 0.5,1.45,,,WON,
2026-03-21T23:00:00+00:00,Primera Division,Independiente,Talleres Cordoba,Over/Under Goals,Over 1.5,1.53,,,WON,
2026-03-21T23:20:00+00:00,Primera A,Once Caldas,Millonarios,Asian Handicap,Home +0,1.6,,,LOST,
2026-03-21T23:30:00+00:00,Copa De La Liga,Cobresal,Nublense,BTTS,Yes,1.62,,,WON,
2026-03-21T23:30:00+00:00,Division Profesional - Apertura,Libertad Asuncion,Cerro Porteno,Over/Under Goals,Under 3.5,1.2,,,LOST,
2026-03-21T23:30:00+00:00,Major League Soccer,Atlanta United FC,DC United,Team Total Goals,Over 0.5,1.2,,,LOST,
2026-03-21T23:30:00+00:00,Major League Soccer,Charlotte,New York Red Bulls,Team Total Goals,Under 2.5,1.2,,,LOST,
2026-03-21T23:30:00+00:00,Primera Division,Alianza Lima,Juan Pablo II College,Result + Total Goals,Home/Over 1.5,1.42,,,WON,
2026-03-22T00:00:00+00:00,Liga Pro,LDU de Quito,Manta FC,Over/Under Goals,Under 3.5,1.5,,,WON,
2026-03-22T00:00:00+00:00,Serie A,Sao Paulo,Palmeiras,Asian Handicap,Home +0.5,1.65,,,LOST,
2026-03-22T00:30:00+00:00,Division di Honor,Britannia,La Fama,BTTS,Yes,1.24,,,LOST,
2026-03-22T00:30:00+00:00,Major League Soccer,FC Dallas,Houston Dynamo,Over/Under Goals,Over 2.5,1.7,,,WON,
2026-03-22T00:30:00+00:00,Major League Soccer,Sporting Kansas City,Colorado Rapids,Double Chance,Home/Draw,1.44,,,LOST,
2026-03-22T00:30:00+00:00,Major League Soccer,St. Louis City,New England Revolution,Over/Under Goals,Over 1.5,1.2,,,WON,
2026-03-22T00:45:00+00:00,Major League Soccer,Austin,Los Angeles FC,Team Total Goals,Under 2.5,1.2,,,WON,
2026-03-22T00:45:00+00:00,NWSL Women,Bay FC,Angel City W,Asian Handicap,Home +0.25,1.45,,,LOST,
2026-03-22T01:00:00+00:00,Liga MX,Atletico San Luis,Leon,Asian Handicap,Home +0,1.55,,,LOST,
2026-03-22T01:00:00+00:00,Liga Premier Serie A,Celaya,Inter Playa del Carmen,Over/Under Goals,Over 2.5,1.7,,,LOST,
2026-03-22T01:00:00+00:00,USL Super League,Spokane Zephyr W,DC Power W,Over/Under Goals,Under 3.5,1.33,,,WON,
2026-03-22T01:05:00+00:00,Liga MX,Monterrey,Guadalajara Chivas,Over/Under Goals,Over 2.5,1.8,,,WON,
2026-03-22T01:06:00+00:00,Liga MX Femenil,Querétaro W,Tijuana W,Over/Under Goals,Under 3.5,1.62,,,WON,
2026-03-22T01:30:00+00:00,Primera A,Atletico Nacional,Internacional de Bogota,Over/Under Goals,Under 3.5,1.48,,,WON,
2026-03-22T02:30:00+00:00,Major League Soccer,Vancouver Whitecaps,San Jose Earthquakes,1X2 / Match Winner,Home,1.56,,,LOST,
2026-03-22T03:10:00+00:00,Liga MX,U.N.A.M. - Pumas,Club America,Team Total Goals,Over 0.5,1.22,,,LOST,
2026-03-22T04:00:00+00:00,A-League,Sydney,Newcastle Jets,Over/Under Goals,Under 3.5,1.9,,,WON,
2026-03-22T04:00:00+00:00,J. League Div.1,Shimizu S-pulse,Sanfrecce Hiroshima,Over/Under Goals,Under 3.5,1.4,,,LOST,
2026-03-22T05:00:00+00:00,First League,Ska-khabarovsk,Arsenal Tula,Asian Handicap,Home +0.25,1.54,,,LOST,
2026-03-22T05:00:00+00:00,K-League Classic,FC Seoul,Gwangju FC,Double Chance,Home/Draw,1.15,,,WON,
2026-03-22T05:00:00+00:00,K-League Classic,Ulsan Hyundai FC,Gimcheon Sangmu FC,Asian Handicap,Home +0,1.57,,,WON,
2026-03-22T05:30:00+00:00,New South Wales NPL 2,Hakoah Sydney City,Prospect United,Team Total Goals,Over 1.5,1.53,,,LOST,
2026-03-22T06:00:00+00:00,J. League Div.1,Kashima,JEF United Chiba,Over/Under Goals,Under 3.5,1.33,,,WON,
2026-03-22T06:00:00+00:00,J. League Div.1,Kawasaki Frontale,Yokohama F. Marinos,Over/Under Goals,Over 1.5,1.18,,,WON,
2026-03-22T06:00:00+00:00,New South Wales NPL,Sydney United,Blacktown City,Team Total Goals,Over 1.5,1.5,,,WON,
2026-03-22T07:00:00+00:00,J. League Div.1,Kashiwa Reysol,Mito Hollyhock,Over/Under Goals,Over 1.5,1.28,,,WON,
2026-03-22T07:00:00+00:00,J. League Div.1,Urawa,Machida Zelvia,Over/Under Goals,Under 3.5,1.22,,,WON,
2026-03-22T07:00:00+00:00,Queensland Premier League,Capalaba,Broadbeach United,1X2 / Match Winner,Away,1.5,,,WON,
2026-03-22T07:30:00+00:00,K-League Classic,FC Anyang,Incheon United,Over/Under Goals,Over 1.5,1.44,,,LOST,
2026-03-22T07:30:00+00:00,K-League Classic,Gangwon FC,Jeju United FC,Over/Under Goals,Under 3.5,1.22,,,WON,
2026-03-22T07:30:00+00:00,K-League Classic,Pohang Steelers,Bucheon FC 1995,Team Total Goals,Over 0.5,1.53,,,LOST,
2026-03-22T08:00:00+00:00,A-League,Perth Glory,Melbourne City,Team Total Goals,Under 2.5,1.18,,,WON,
2026-03-22T09:00:00+00:00,Liga II,FC Voluntari,Chindia Targoviste,Asian Handicap,Home +0.25,1.48,,,WON,
2026-03-22T09:15:00+00:00,3. liga - CFL A,Bohemians 1905 II,Kladno,Team Total Goals,Over 0.5,1.45,,,WON,
2026-03-22T09:15:00+00:00,3. liga - CFL B,Pardubice II,Varnsdorf,1X2 / Match Winner,Home,1.5,,,LOST,
2026-03-22T09:15:00+00:00,4. liga - Divizie C,Chlumec nad Cidlinou,Svitavy,Over/Under Goals,Over 2.5,1.57,,,LOST,
2026-03-22T09:30:00+00:00,3. liga - CFL A,Viktoria Plzeň II,Dukla Praha II,Asian Handicap,Away -1.25,1.54,,,LOST,
2026-03-22T10:00:00+00:00,Campionato Primavera - 1,Lecce U20,Atalanta U20,Over/Under Goals,Over 2.5,1.55,,,LOST,
2026-03-22T10:00:00+00:00,First League,FK Sokol Saratov,FK Neftekhimik,Asian Handicap,Away -0.25,1.41,,,WON,
2026-03-22T10:00:00+00:00,Frauenliga,First Vienna W,Rheindorf Altach,Double Chance,Home/Draw,1.4,,,WON,
2026-03-22T10:00:00+00:00,TFF 1. Lig,Van Spor Kulübü,Sarıyer,Asian Handicap,Home +0.25,1.5,,,WON,
2026-03-22T10:30:00+00:00,First League,Montana,Beroe,Over/Under Goals,Under 2.5,1.57,,,WON,
2026-03-22T10:30:00+00:00,Meistriliiga,Laagri,Flora Tallinn,Over/Under Goals,Over 2.5,1.44,,,LOST,
2026-03-22T10:45:00+00:00,Premier League,FC Orenburg,Spartak Moscow,Asian Handicap,Home +1.25,1.45,,,LOST,
2026-03-22T11:00:00+00:00,C-League,Angkor Tiger,Kompong Dewa,Asian Handicap,Home +0,1.4,,,WON,
2026-03-22T11:00:00+00:00,C-League,Boeung Ket,Svay Rieng,Over/Under Goals,Under 3.5,1.55,,,WON,
2026-03-22T11:00:00+00:00,C-League,NagaWorld,Phnom Penh Crown,Over/Under Goals,Under 3.5,1.32,,,WON,
2026-03-22T11:00:00+00:00,First League,Ural,Enisey,Double Chance,Home/Draw,1.15,,,LOST,
2026-03-22T11:00:00+00:00,Liga II,Sepsi OSK Sfantu Gheorghe,Bihor Oradea,Double Chance,Home/Draw,1.17,,,WON,
2026-03-22T11:00:00+00:00,Primera División Femenina,Alhama,Atletico Madrid W,Over/Under Goals,Under 3.5,1.62,,,WON,
2026-03-22T11:00:00+00:00,Primera División Femenina,Edf Logrono W,Granad. Tenerife W,1X2 / Match Winner,Away,1.41,,,WON,
2026-03-22T11:00:00+00:00,Segunda Liga,Felgueiras 1932,Torreense,Over/Under Goals,Under 3.5,1.2,,,WON,
2026-03-22T11:00:00+00:00,Thai League 1,Chiangrai United,Port FC,Over/Under Goals,Over 1.5,1.25,,,WON,
2026-03-22T11:15:00+00:00,Eerste Divisie,De Graafschap,ADO Den Haag,Team Total Goals,Over 0.5,1.2,,,WON,
2026-03-22T11:15:00+00:00,Ekstraklasa,Korona Kielce,Arka Gdynia,Over/Under Goals,Under 3.5,1.28,,,WON,
2026-03-22T11:15:00+00:00,Eredivisie,NEC Nijmegen,Heerenveen,Over/Under Goals,Over 2.5,1.42,,,WON,
2026-03-22T11:30:00+00:00,Serie A Women,Fiorentina W,Parma W,Asian Handicap,Home +0.25,1.16,,,WON,
2026-03-22T11:30:00+00:00,Serie A,Como,Pisa,Result + Total Goals,Home/Over 1.5,1.45,,,WON,
2026-03-22T11:30:00+00:00,Serie C - Girone A,Pro Patria,Lecco,Over/Under Goals,Under 2.5,1.62,,,LOST,
2026-03-22T11:30:00+00:00,Thai League 1,BG Pathum United,Ratchaburi,BTTS,Yes,1.62,,,WON,
2026-03-22T11:30:00+00:00,Thai League 1,Prachuap,Bangkok United,Double Chance,Home/Draw,1.44,,,WON,
2026-03-22T12:00:00+00:00,FA WSL,Brighton W,Liverpool W,Over/Under Goals,Under 3.5,1.45,,,WON,
2026-03-22T12:00:00+00:00,Premier League,Newcastle,Sunderland,Over/Under Goals,Under 3.5,1.35,,,WON,
2026-03-22T12:00:00+00:00,Prva Liga,Tekstilac Odžaci,FK Trayal,Over/Under Goals,Under 2.5,1.53,,,WON,
2026-03-22T12:00:00+00:00,Superliga,Gjilani,Drita,Over/Under Goals,Over 1.5,1.4,,,LOST,
2026-03-22T12:00:00+00:00,Superliga,Malisheva,Llapi,Team Total Goals,Over 0.5,1.45,,,LOST,
2026-03-22T12:00:00+00:00,Thai League 1,Buriram United,Muangthong United,1X2 / Match Winner,Home,1.21,,,WON,
2026-03-22T12:30:00+00:00,3. Liga,Hoffenheim II,VfL Osnabrück,Over/Under Goals,Over 2.5,1.7,,,LOST,
2026-03-22T12:30:00+00:00,Bundesliga 2,Fortuna Düsseldorf,Hertha BSC,Over/Under Goals,Under 3.5,1.48,,,LOST,
2026-03-22T12:30:00+00:00,Bundesliga 2,Preußen Münster,1. FC Magdeburg,Over/Under Goals,Over 1.5,1.2,,,WON,
2026-03-22T12:30:00+00:00,Bundesliga 2,VfL Bochum,Holstein Kiel,Asian Handicap,Home +0,1.55,,,LOST,
2026-03-22T12:30:00+00:00,Premiership,Dundee Utd,Celtic,Over/Under Goals,Over 1.5,1.17,,,WON,
2026-03-22T13:00:00+00:00,First League,CSKA Sofia,Dobrudzha,Over/Under Goals,Under 3.5,1.42,,,WON,
2026-03-22T13:00:00+00:00,First League,Spartak Kostroma,Shinnik Yaroslavl,Asian Handicap,Home +0,1.45,,,WON,
2026-03-22T13:00:00+00:00,Frauen Bundesliga,RB Leipzig W,SC Freiburg W,Asian Handicap,Home +0.25,1.52,,,WON,
2026-03-22T13:00:00+00:00,Friendlies Clubs,IF Brommapojkarna,Vasteras SK FK,Asian Handicap,Home +0.25,1.49,,,WON,
2026-03-22T13:00:00+00:00,La Liga,Barcelona,Rayo Vallecano,Team Total Goals,Over 2.5,1.67,,,LOST,
2026-03-22T13:00:00+00:00,Liga 3,Amarante,Guimaraes B,Over/Under Goals,Under 3.5,1.16,,,WON,
2026-03-22T13:00:00+00:00,Meistriliiga,FC Levadia Tallinn,Paide,Team Total Goals,Over 0.5,1.4,,,WON,
2026-03-22T13:00:00+00:00,Paulista - A2,Juventus,Sertãozinho,Double Chance,Home/Draw,1.2,,,WON,
2026-03-22T13:00:00+00:00,Premier League 2 Division One,Liverpool U21,Crystal Palace U21,1X2 / Match Winner,Home,1.47,,,LOST,
2026-03-22T13:00:00+00:00,Premier League,Dynamo,Zenit,Over/Under Goals,Under 3.5,1.36,,,LOST,
2026-03-22T13:00:00+00:00,Primera División - Apertura,Juventud,Albion FC,Over/Under Goals,Over 1.5,1.5,,,LOST,
2026-03-22T13:00:00+00:00,Prva Liga,Grafičar,Stepojevac Vaga,1X2 / Match Winner,Home,1.54,,,LOST,
2026-03-22T13:00:00+00:00,Prva Liga,Jedinstvo Ub,FAP,Over/Under Goals,Over 1.5,1.35,,,WON,
2026-03-22T13:00:00+00:00,Prva Liga,Kabel Novi Sad,Loznica,Double Chance,Home/Draw,1.53,,,WON,
2026-03-22T13:00:00+00:00,Prva Liga,OFK Vršac,FK Vozdovac,Over/Under Goals,Under 2.5,1.44,,,LOST,
2026-03-22T13:00:00+00:00,Prva Liga,Zemun,Semendrija 1924,Double Chance,Home/Draw,1.17,,,WON,
2026-03-22T13:00:00+00:00,Second League,Otrant-Olympic,Iskra,1X2 / Match Winner,Home,1.44,,,LOST,
2026-03-22T13:00:00+00:00,Segunda Division,Burgos,Cordoba,Asian Handicap,Home +0,1.62,,,WON,
2026-03-22T13:00:00+00:00,Super League,FC Winterthur,FC Basel 1893,Over/Under Goals,Over 2.5,1.44,,,LOST,
2026-03-22T13:00:00+00:00,Super Liga,OFK Beograd,IMT Novi Beograd,Over/Under Goals,Under 3.5,1.28,,,LOST,
2026-03-22T13:00:00+00:00,Superligaen,FC Nordsjaelland,Sonderjyske,Over/Under Goals,Under 3.5,1.65,,,WON,
2026-03-22T13:00:00+00:00,Superligaen,Randers FC,Silkeborg,Over/Under Goals,Over 2.5,1.62,,,WON,
2026-03-22T13:00:00+00:00,TFF 1. Lig,Iğdır FK,Çorum FK,Double Chance,Draw/Away,1.44,,,WON,
2026-03-22T13:00:00+00:00,TFF 1. Lig,İstanbulspor,Bodrum FK,Team Total Goals,Under 2.5,1.16,,,WON,
2026-03-22T13:30:00+00:00,1st Division,Hungry Lions,Midlands Wanderers,Over/Under Goals,Over 1.5,1.57,,,LOST,
2026-03-22T13:30:00+00:00,1st Division,The Bees,University of Pretoria,Asian Handicap,Home +0.25,1.56,,,WON,
2026-03-22T13:30:00+00:00,Eliteserien,Rosenborg,Valerenga,Double Chance,Draw/Away,1.7,,,WON,
2026-03-22T13:30:00+00:00,Eredivisie,Feyenoord,Ajax,Asian Handicap,Home +0,1.55,,,WON,
2026-03-22T13:30:00+00:00,Eredivisie,Utrecht,GO Ahead Eagles,Over/Under Goals,Under 3.5,1.55,,,WON,
2026-03-22T13:30:00+00:00,First League,Pelister,Struga,Over/Under Goals,Under 3.5,1.15,,,WON,
2026-03-22T13:30:00+00:00,III Liga - Group 3,Zagłębie Lubin II,Kluczbork,Over/Under Goals,Over 2.5,1.4,,,WON,
2026-03-22T13:30:00+00:00,NB I,Puskas Academy,Debreceni VSC,Over/Under Goals,Under 3.5,1.38,,,WON,
2026-03-22T13:30:00+00:00,Premier League,Krylia Sovetov,Rubin,Over/Under Goals,Over 1.5,1.46,,,LOST,
2026-03-22T13:30:00+00:00,Premier League,Veres Rivne,Kolos Kovalivka,Double Chance,Home/Draw,1.45,,,LOST,
2026-03-22T13:30:00+00:00,Premier Soccer League,Golden Arrows,Sekhukhune United,Over/Under Goals,Under 3.5,1.15,,,WON,
2026-03-22T13:30:00+00:00,Premier Soccer League,Siwelele,Orbit College,Double Chance,Home/Draw,1.17,,,WON,
2026-03-22T13:30:00+00:00,Premier Soccer League,TS Galaxy,Orlando Pirates,1X2 / Match Winner,Away,1.57,,,WON,
2026-03-22T13:30:00+00:00,Second League,Berane,Lovćen,Over/Under Goals,Under 3.5,1.2,,,WON,
2026-03-22T13:30:00+00:00,Second League,Grbalj,Kom,Asian Handicap,Home +0,1.4,,,WON,
2026-03-22T13:30:00+00:00,Serie C - Girone A,Novara,Alcione,Asian Handicap,Home +0,1.55,,,WON,
2026-03-22T13:30:00+00:00,Tipp3 Bundesliga,TSV Hartberg,Austria Vienna,1X2 / Match Winner,Draw,3.3,,,LOST,
2026-03-22T13:45:00+00:00,Ekstraklasa,Lech Poznan,Nieciecza,Over/Under Goals,Under 3.5,1.8,,,LOST,
2026-03-22T14:00:00+00:00,1st Division,Besa Kavajë,Skenderbeu Korce,Team Total Goals,Over 0.5,1.48,,,LOST,
2026-03-22T14:00:00+00:00,1st Division,Burreli,Pogradeci,Over/Under Goals,Under 3.5,1.28,,,WON,
2026-03-22T14:00:00+00:00,1st Division,Iliria Fushë-Krujë,Laci,Over/Under Goals,Under 3.5,1.21,,,WON,
2026-03-22T14:00:00+00:00,1st Division,Kastrioti Krujë,FK Kukesi,Asian Handicap,Home +0,1.4,,,LOST,
2026-03-22T14:00:00+00:00,1st Division,Korabi Peshkopi,Luftëtari,Over/Under Goals,Under 2.5,1.7,,,WON,
2026-03-22T14:00:00+00:00,3. liga - CFL A,Táborsko II,Slavia III,Over/Under Goals,Under 3.5,1.56,,,LOST,
2026-03-22T14:00:00+00:00,3. liga - CFL B,Kolín,Slovan Liberec II,Double Chance,Draw/Away,1.55,,,LOST,
2026-03-22T14:00:00+00:00,3. liga - CFL B,Sokol Brozany,Baník Souš,Over/Under Goals,Over 2.5,1.57,,,WON,
2026-03-22T14:00:00+00:00,3. liga - CFL B,Sokol Zápy,Slovan Velvary,Over/Under Goals,Over 2.5,1.4,,,WON,
2026-03-22T14:00:00+00:00,3. liga - Center,Podkonice,Dolný Kubín,BTTS,Yes,1.51,,,WON,
2026-03-22T14:00:00+00:00,4. liga - Divizie F,Pustá Polom,Vratimov,Double Chance,Home/Draw,1.5,,,WON,
2026-03-22T14:00:00+00:00,Feminine Division 1,Le Havre W,Marseille W,Double Chance,Draw/Away,1.4,,,WON,
2026-03-22T14:00:00+00:00,Ligue 1,Lyon,Monaco,Over/Under Goals,Over 1.5,1.22,,,WON,
2026-03-22T14:00:00+00:00,National 2 - Group A,Lorient II,Bayonne,Over/Under Goals,Under 2.5,1.5,,,WON,
2026-03-22T14:00:00+00:00,National 2 - Group A,Poitiers,Châteaubriant,Over/Under Goals,Under 3.5,1.16,,,WON,
2026-03-22T14:00:00+00:00,Prva HNL,NK Slaven Belupo,NK Osijek,1X2 / Match Winner,Draw,3.25,,,WON,
2026-03-22T14:00:00+00:00,Second League,Rudar,Igalo,Double Chance,Home/Draw,1.17,,,WON,
2026-03-22T14:00:00+00:00,Segunda Liga,Feirense,Sporting CP B,Over/Under Goals,Under 3.5,1.22,,,WON,
2026-03-22T14:00:00+00:00,Serie A Women,Ternana W,Sassuolo W,Double Chance,Home/Draw,1.4,,,WON,
2026-03-22T14:00:00+00:00,Serie A,Atalanta,Hellas Verona,Over/Under Goals,Over 1.5,1.28,,,LOST,
2026-03-22T14:00:00+00:00,Serie A,Bologna,Lazio,Over/Under Goals,Under 3.5,1.2,,,WON,
2026-03-22T14:00:00+00:00,Serie B,Bari,Carrarese,Over/Under Goals,Over 1.5,1.36,,,WON,
2026-03-22T14:00:00+00:00,Serie B,Empoli,Pescara,Over/Under Goals,Over 2.5,1.8,,,WON,
2026-03-22T14:00:00+00:00,Serie B,Sudtirol,Frosinone,Over/Under Goals,Over 1.5,1.25,,,WON,
2026-03-22T14:00:00+00:00,Super Liga,TSC Backa Topola,Radnicki 1923,Over/Under Goals,Under 3.5,1.28,,,WON,
2026-03-22T14:15:00+00:00,Premier League,Aston Villa,West Ham,Over/Under Goals,Under 3.5,1.42,,,WON,
2026-03-22T14:15:00+00:00,Premier League,Tottenham,Nottingham Forest,Double Chance,Home/Draw,1.42,,,LOST,
2026-03-22T14:30:00+00:00,Bundesliga 1,FSV Mainz 05,Eintracht Frankfurt,Over/Under Goals,Under 3.5,1.42,,,WON,
2026-03-22T14:30:00+00:00,Super Liga,Skalica,Komárno,Over/Under Goals,Under 3.5,1.22,,,WON,
2026-03-22T14:45:00+00:00,FA WSL,Leicester City WFC,Aston Villa W,Over/Under Goals,Under 3.5,1.45,,,WON,
2026-03-22T15:00:00+00:00,1. Liga Classic - Group 1,Sion II,Chênois,Asian Handicap,Home +0.25,1.64,,,WON,
2026-03-22T15:00:00+00:00,Campeonato de Portugal Prio - Group A,Bragança,Os Limianos,Double Chance,Draw/Away,1.7,,,LOST,
2026-03-22T15:00:00+00:00,Campeonato de Portugal Prio - Group A,Camacha,Machico,Team Total Goals,Over 0.5,1.16,,,WON,
2026-03-22T15:00:00+00:00,Campeonato de Portugal Prio - Group A,Celoricense,AR São Martinho,Over/Under Goals,Under 3.5,1.25,,,WON,
2026-03-22T15:00:00+00:00,Campeonato de Portugal Prio - Group A,Mirandela,Tirsense,Over/Under Goals,Under 3.5,1.16,,,WON,
2026-03-22T15:00:00+00:00,Campeonato de Portugal Prio - Group A,Monção,Chaves II,Team Total Goals,Over 0.5,1.15,,,WON,
2026-03-22T15:00:00+00:00,Campeonato de Portugal Prio - Group A,Ribeira Brava,Vianense,Team Total Goals,Over 0.5,1.15,,,WON,
2026-03-22T15:00:00+00:00,Campeonato de Portugal Prio - Group A,Vilaverdense,Brito,Over/Under Goals,Under 3.5,1.17,,,WON,
2026-03-22T15:00:00+00:00,Campeonato de Portugal Prio - Group B,Anadia,Alpendorada,Over/Under Goals,Under 3.5,1.16,,,WON,
2026-03-22T15:00:00+00:00,Campeonato de Portugal Prio - Group B,Aparecida,Vila Real,Asian Handicap,Home +0.25,1.42,,,WON,
2026-03-22T15:00:00+00:00,Campeonato de Portugal Prio - Group B,Beira-Mar,Cinfães,Over/Under Goals,Under 3.5,1.19,,,WON,
2026-03-22T15:00:00+00:00,Campeonato de Portugal Prio - Group B,Gouveia,União Lamas,Over/Under Goals,Under 3.5,1.32,,,WON,
2026-03-22T15:00:00+00:00,Campeonato de Portugal Prio - Group B,Resende,Leça,Double Chance,Draw/Away,1.16,,,WON,
2026-03-22T15:00:00+00:00,Campeonato de Portugal Prio - Group B,Salgueiros,Florgrade,Over/Under Goals,Under 3.5,1.24,,,WON,
2026-03-22T15:00:00+00:00,Campeonato de Portugal Prio - Group B,Vila Meã,Rebordosa,Over/Under Goals,Under 3.5,1.22,,,WON,
2026-03-22T15:00:00+00:00,Campeonato de Portugal Prio - Group C,Eléctrico,Peniche,Over/Under Goals,Over 1.5,1.22,,,WON,
2026-03-22T15:00:00+00:00,Campeonato de Portugal Prio - Group C,Os Marialvas,Fátima,Over/Under Goals,Under 3.5,1.19,,,WON,
2026-03-22T15:00:00+00:00,Campeonato de Portugal Prio - Group D,Moncarapachense,Sintrense,Over/Under Goals,Under 3.5,1.23,,,WON,
2026-03-22T15:00:00+00:00,Frauen Bundesliga,Nürnberg,FC Koln W,Asian Handicap,Home +1.25,1.65,,,WON,
2026-03-22T15:00:00+00:00,Liga 3,Caldas,Lusitano Évora 1911,Over/Under Goals,Under 3.5,1.17,,,WON,
2026-03-22T15:00:00+00:00,Liga 3,Fafe,Paredes,Over/Under Goals,Under 3.5,1.18,,,WON,
2026-03-22T15:00:00+00:00,National Division,AS Jeunesse Esch,US Hostert,Asian Handicap,Home +0.25,1.42,,,LOST,
2026-03-22T15:00:00+00:00,National Division,F91 Dudelange,FC Differdange 03,Team Total Goals,Over 0.5,1.2,,,LOST,
2026-03-22T15:00:00+00:00,National Division,Progres Niederkorn,UN Kaerjeng 97,Double Chance,Home/Draw,1.18,,,WON,
2026-03-22T15:00:00+00:00,National Division,Rodange 91,Swift Hesperange,Asian Handicap,Home +0.25,1.58,,,WON,
2026-03-22T15:00:00+00:00,National Division,UNA Strassen,Atert Bissen,Asian Handicap,Home +0,1.48,,,WON,
2026-03-22T15:00:00+00:00,National Division,US Mondorf-les-bains,Jeunesse Canach,Asian Handicap,Away -1.25,1.6,,,LOST,
2026-03-22T15:00:00+00:00,National Division,Union Titus Petange,Mamer,Double Chance,Draw/Away,1.65,,,WON,
2026-03-22T15:00:00+00:00,National Division,Victoria Rosport,Racing FC Union Luxembourg,Team Total Goals,Over 0.5,1.55,,,WON,
2026-03-22T15:00:00+00:00,Premier League,Masr,El Geish,Team Total Goals,Over 0.5,1.48,,,WON,
2026-03-22T15:00:00+00:00,Primera División Femenina,Eibar W,Real Madrid W,Over/Under Goals,Over 1.5,1.16,,,LOST,
2026-03-22T15:00:00+00:00,Primera División Femenina,Sevilla W,FC Levante Badalona,Over/Under Goals,Over 1.5,1.35,,,WON,
2026-03-22T15:00:00+00:00,Super Liga,Cukaricki,Železničar Pančevo,Team Total Goals,Over 0.5,1.45,,,WON,
2026-03-22T15:00:00+00:00,Superligaen,FC Copenhagen,FC Fredericia,Over/Under Goals,Over 2.5,1.42,,,WON,
2026-03-22T15:00:00+00:00,Svenska Cupen,Mjallby AIF,Gais,BTTS,Yes,1.65,,,LOST,
2026-03-22T15:15:00+00:00,La Liga,Celta Vigo,Alaves,Over/Under Goals,Over 1.5,1.42,,,WON,
2026-03-22T15:15:00+00:00,Segunda Division,Mirandes,Valladolid,Double Chance,Draw/Away,1.44,,,LOST,
2026-03-22T15:15:00+00:00,Segunda Division,Real Sociedad II,Granada CF,Over/Under Goals,Over 1.5,1.36,,,WON,
2026-03-22T15:30:00+00:00,3. Liga,MSV Duisburg,TSV 1860 München,Over/Under Goals,Over 1.5,1.25,,,WON,
2026-03-22T15:30:00+00:00,First League,Botev Vratsa,Lokomotiv Plovdiv,Over/Under Goals,Under 3.5,1.17,,,WON,
2026-03-22T15:30:00+00:00,Primeira Liga,Estoril,Rio Ave,Over/Under Goals,Under 3.5,1.48,,,WON,
2026-03-22T15:30:00+00:00,Segunda Liga,Leixoes,Pacos Ferreira,Double Chance,Draw/Away,1.62,,,LOST,
2026-03-22T15:30:00+00:00,Super League,BSC Young Boys,FC Lugano,Over/Under Goals,Under 3.5,1.55,,,WON,
2026-03-22T15:30:00+00:00,Super League,FC Luzern,Lausanne,Over/Under Goals,Over 1.5,1.15,,,WON,
2026-03-22T15:45:00+00:00,Eerste Divisie,MVV,Willem II,Team Total Goals,Over 0.5,1.28,,,LOST,
2026-03-22T15:45:00+00:00,Eredivisie,Groningen,AZ Alkmaar,Over/Under Goals,Over 1.5,1.18,,,WON,
2026-03-22T15:45:00+00:00,Eredivisie,Telstar,PSV Eindhoven,BTTS,Yes,1.48,,,WON,
2026-03-22T15:45:00+00:00,NB I,Kazincbarcikai,Gyori ETO FC,Over/Under Goals,Over 2.5,1.53,,,WON,
2026-03-22T16:00:00+00:00,CAF Champions League,Al Hilal Omdurman,Renaissance Berkane,Over/Under Goals,Over 1.5,1.4,,,LOST,
2026-03-22T16:00:00+00:00,CAF Champions League,Stade Malien Bamako,Mamelodi Sundowns,Over/Under Goals,Under 3.5,1.25,,,WON,
2026-03-22T16:00:00+00:00,CAF Confederation Cup,Zamalek SC,Otôho d'Oyo,Over/Under Goals,Over 1.5,1.33,,,WON,
2026-03-22T16:00:00+00:00,Campeonato de Portugal Prio - Group C,Lajense,Lusitânia,Team Total Goals,Over 0.5,1.16,,,WON,
2026-03-22T16:00:00+00:00,Eliteserien,Brann,Tromso,Over/Under Goals,Over 1.5,1.25,,,WON,
2026-03-22T16:00:00+00:00,Eliteserien,Fredrikstad,KFUM Oslo,Asian Handicap,Home +0,1.67,,,WON,
2026-03-22T16:00:00+00:00,Eliteserien,Sandefjord,Sarpsborg 08 FF,Team Total Goals,Over 0.5,1.15,,,LOST,
2026-03-22T16:00:00+00:00,Premier League 2 Division One,Brighton U21,Everton U21,Double Chance,Draw/Away,1.67,,,LOST,
2026-03-22T16:00:00+00:00,Premier League,Karpaty,Obolon'-Brovar,Double Chance,Home/Draw,1.15,,,WON,
2026-03-22T16:00:00+00:00,Premier League,Lokomotiv,Akron,Over/Under Goals,Over 1.5,1.17,,,WON,
2026-03-22T16:00:00+00:00,Premier Soccer League,Durban City,Richards Bay,Asian Handicap,Home +0,1.42,,,WON,
2026-03-22T16:00:00+00:00,TFF 1. Lig,Esenler Erokspor,Erzurumspor FK,Over/Under Goals,Over 1.5,1.3,,,WON,
2026-03-22T16:00:00+00:00,Tipp3 Bundesliga,Rapid Vienna,Lask Linz,Over/Under Goals,Over 1.5,1.33,,,WON,
2026-03-22T16:15:00+00:00,Ligue 1,Marseille,Lille,Team Total Goals,Over 0.5,1.17,,,WON,
2026-03-22T16:15:00+00:00,Ligue 1,Paris FC,Le Havre,Over/Under Goals,Under 3.5,1.25,,,LOST,
2026-03-22T16:15:00+00:00,Ligue 1,Rennes,Metz,Over/Under Goals,Over 2.5,1.57,,,LOST,
2026-03-22T16:15:00+00:00,Serie B,Sampdoria,Avellino,Over/Under Goals,Under 3.5,1.22,,,WON,
2026-03-22T16:30:00+00:00,Bundesliga 1,FC St. Pauli,SC Freiburg,Over/Under Goals,Under 3.5,1.22,,,WON,
2026-03-22T16:30:00+00:00,Ekstraklasa,Widzew Łódź,Gornik Zabrze,Over/Under Goals,Under 3.5,1.25,,,WON,
2026-03-22T16:30:00+00:00,Feminine Division 1,Montpellier W,Paris Saint Germain W,1X2 / Match Winner,Away,1.26,,,WON,
2026-03-22T16:30:00+00:00,League Cup,Arsenal,Manchester City,Asian Handicap,Home +0,1.67,,,LOST,
2026-03-22T16:30:00+00:00,Serie C - Girone A,Arzignano Valchiampo,Cittadella,Over/Under Goals,Under 3.5,1.2,,,WON,
2026-03-22T16:30:00+00:00,Serie C - Girone A,Inter U23,Dolomiti Bellunesi,Asian Handicap,Away -1.25,1.48,,,WON,
2026-03-22T16:45:00+00:00,Prva HNL,HNK Gorica,HNK Rijeka,Over/Under Goals,Under 3.5,1.22,,,LOST,
2026-03-22T17:00:00+00:00,Liga I,AFC Hermannstadt,FC Botosani,Over/Under Goals,Over 1.5,1.4,,,WON,
2026-03-22T17:00:00+00:00,Major League Soccer,FC Cincinnati,CF Montreal,Over/Under Goals,Over 2.5,1.62,,,WON,
2026-03-22T17:00:00+00:00,Major League Soccer,New York City FC,Inter Miami,Over/Under Goals,Over 1.5,1.18,,,WON,
2026-03-22T17:00:00+00:00,Primera B Metropolitana,Argentino Quilmes,UAI Urquiza,1X2 / Match Winner,Draw,2.9,,,WON,
2026-03-22T17:00:00+00:00,Primera B Metropolitana,Deportivo Camioneros,Sportivo Italiano,Asian Handicap,Home +0,1.68,,,WON,
2026-03-22T17:00:00+00:00,Primera B Metropolitana,Deportivo Laferrere,Argentino de Merlo,Over/Under Goals,Under 2.5,1.42,,,LOST,
2026-03-22T17:00:00+00:00,Serie A Women,AC Milan W,Como W,Over/Under Goals,Under 2.5,1.85,,,WON,
2026-03-22T17:00:00+00:00,Serie A,AS Roma,Lecce,1X2 / Match Winner,Home,1.46,,,WON,
2026-03-22T17:00:00+00:00,Super Liga,Slovan Bratislava,Podbrezová,Team Total Goals,Under 2.5,1.57,,,WON,
2026-03-22T17:00:00+00:00,Superligaen,Aarhus,Brondby,Over/Under Goals,Under 3.5,1.4,,,WON,
2026-03-22T17:30:00+00:00,Frauen Bundesliga,Bayer Leverkusen W,Carl Zeiss Jena  W,Over/Under Goals,Over 1.5,1.17,,,LOST,
2026-03-22T17:30:00+00:00,Jupiler Pro League,Anderlecht,Cercle Brugge,Over/Under Goals,Over 1.5,1.2,,,WON,
2026-03-22T17:30:00+00:00,Jupiler Pro League,Club Brugge KV,KV Mechelen,Over/Under Goals,Over 2.5,1.38,,,WON,
2026-03-22T17:30:00+00:00,Jupiler Pro League,Dender,Gent,BTTS,Yes,1.62,,,WON,
2026-03-22T17:30:00+00:00,Jupiler Pro League,OH Leuven,Antwerp,Asian Handicap,Home +0.25,1.42,,,WON,
2026-03-22T17:30:00+00:00,Jupiler Pro League,RAAL La Louvière,Genk,Over/Under Goals,Under 3.5,1.33,,,LOST,
2026-03-22T17:30:00+00:00,Jupiler Pro League,St. Truiden,Union St. Gilloise,Double Chance,Home/Draw,1.67,,,LOST,
2026-03-22T17:30:00+00:00,Jupiler Pro League,Standard Liege,KVC Westerlo,Over/Under Goals,Under 3.5,1.33,,,WON,
2026-03-22T17:30:00+00:00,Jupiler Pro League,Zulte Waregem,Charleroi,Over/Under Goals,Over 1.5,1.22,,,LOST,
2026-03-22T17:30:00+00:00,La Liga,Athletic Club,Real Betis,Asian Handicap,Away -0.5,1.67,,,LOST,
2026-03-22T17:30:00+00:00,Liga 3,Trofense,Academica,Double Chance,Home/Draw,1.57,,,LOST,
2026-03-22T17:30:00+00:00,Segunda Division,Las Palmas,Sporting Gijon,Over/Under Goals,Under 3.5,1.22,,,WON,
2026-03-22T18:00:00+00:00,Liga MX Femenil,Pumas UNAM W,Pachuca W,Over/Under Goals,Under 3.5,1.57,,,WON,
2026-03-22T18:00:00+00:00,Liga Pro,Tecnico Universitario,Independiente del Valle,Over/Under Goals,Over 1.5,1.4,,,WON,
2026-03-22T18:00:00+00:00,Liga de Expansión MX,Leones Negros UDG,Mineros de Zacatecas,Over/Under Goals,Under 3.5,1.38,,,LOST,
2026-03-22T18:00:00+00:00,NWSL Women,Chicago Red Stars W,Kansas City W,Over/Under Goals,Over 1.5,1.25,,,WON,
2026-03-22T18:00:00+00:00,Premier League,Al Ittihad,Pharco,Over/Under Goals,Under 2.5,1.33,,,WON,
2026-03-22T18:00:00+00:00,Premier League,Kahraba Ismailia,Future FC,Over/Under Goals,Over 1.5,1.4,,,WON,
2026-03-22T18:00:00+00:00,Primeira Liga,Alverca,Sporting CP,Over/Under Goals,Under 3.5,1.5,,,LOST,
2026-03-22T18:00:00+00:00,Primera Division,UTC Cajamarca,Alianza Atletico,Over/Under Goals,Under 3.5,1.2,,,WON,
2026-03-22T18:00:00+00:00,Segunda Liga,Benfica B,Farense,Over/Under Goals,Under 3.5,1.28,,,WON,
2026-03-22T18:15:00+00:00,NB I,Kisvarda FC,Ferencvarosi TC,Over/Under Goals,Over 1.5,1.22,,,WON,
2026-03-22T18:30:00+00:00,3. Liga,FC Viktoria Köln,Rot-Weiß Essen,Over/Under Goals,Over 1.5,1.25,,,WON,
2026-03-22T18:30:00+00:00,Bundesliga 1,FC Augsburg,VfB Stuttgart,Over/Under Goals,Under 3.5,1.55,,,LOST,
2026-03-22T18:30:00+00:00,Major League Soccer,Minnesota United FC,Seattle Sounders,Double Chance,Draw/Away,1.45,,,WON,
2026-03-22T18:30:00+00:00,Serie B,Virtus Entella,Reggiana,Over/Under Goals,Over 1.5,1.42,,,WON,
2026-03-22T19:00:00+00:00,CAF Confederation Cup,USM Alger,Maniema Union,Over/Under Goals,Under 3.5,1.25,,,WON,
2026-03-22T19:00:00+00:00,CAF Confederation Cup,Wydad AC,Olympique Safi,Team Total Goals,Under 2.5,1.48,,,WON,
2026-03-22T19:00:00+00:00,MLS Next Pro,Real Monarchs,Vancouver Whitecaps II,Over/Under Goals,Over 2.5,1.44,,,WON,
2026-03-22T19:00:00+00:00,Primera División - Apertura,Progreso,Boston River,Over/Under Goals,Under 3.5,1.22,,,WON,
2026-03-22T19:00:00+00:00,Serie A,Atletico Paranaense,Coritiba,Over/Under Goals,Over 1.5,1.45,,,WON,
2026-03-22T19:00:00+00:00,Serie A,Cruzeiro,Santos,Team Total Goals,Over 0.5,1.48,,,LOST,
2026-03-22T19:00:00+00:00,Serie A,Vasco DA Gama,Gremio,Asian Handicap,Home +0.25,1.4,,,WON,
2026-03-22T19:00:00+00:00,Serie A,remo,Bahia,Team Total Goals,Under 2.5,1.15,,,WON,
2026-03-22T19:00:00+00:00,Serie B,Avai,Juventude,Double Chance,Draw/Away,1.5,,,LOST,
2026-03-22T19:00:00+00:00,Serie B,Nautico Recife,Criciuma,Over/Under Goals,Over 1.5,1.45,,,LOST,
2026-03-22T19:00:00+00:00,Superligaen,Viborg,FC Midtjylland,Over/Under Goals,Under 3.5,1.62,,,WON,
2026-03-22T19:15:00+00:00,Ekstraklasa,Legia Warszawa,Raków Częstochowa,Over/Under Goals,Over 1.5,1.33,,,WON,
2026-03-22T19:45:00+00:00,Ligue 1,Nantes,Strasbourg,Team Total Goals,Under 2.5,1.18,,,LOST,
2026-03-22T19:45:00+00:00,Serie A,Fiorentina,Inter,Over/Under Goals,Under 3.5,1.42,,,WON,
2026-03-22T20:00:00+00:00,La Liga,Real Madrid,Atletico Madrid,Over/Under Goals,Over 1.5,1.18,,,WON,
2026-03-22T20:00:00+00:00,Liga 3,Mafra,CF Os Belenenses,Double Chance,Draw/Away,1.4,,,WON,
2026-03-22T20:30:00+00:00,Liga Pro,Barcelona SC,Universidad Catolica,Over/Under Goals,Under 3.5,1.3,,,WON,
2026-03-22T20:30:00+00:00,Primeira Liga,SC Braga,FC Porto,Over/Under Goals,Over 1.5,1.4,,,WON,
2026-03-22T20:30:00+00:00,Primera Division,Atletico Grau,Deportivo Garcilaso,Over/Under Goals,Under 3.5,1.17,,,WON,
2026-03-22T20:45:00+00:00,Major League Soccer,Portland Timbers,Los Angeles Galaxy,Over/Under Goals,Over 1.5,1.15,,,WON,
2026-03-22T21:00:00+00:00,Primera A,Alianza Valledupar,Deportivo Cali,Over/Under Goals,Under 3.5,1.22,,,WON,
2026-03-22T21:00:00+00:00,Serie B,Athletic Club,Ponte Preta,Double Chance,Draw/Away,1.7,,,LOST,
2026-03-22T21:00:00+00:00,Serie B,Goias,America Mineiro,Asian Handicap,Home +0.5,1.19,,,WON,
2026-03-22T21:00:00+00:00,USL Super League,Dallas Trinity W,Sporting JAX W,Double Chance,Draw/Away,1.22,,,WON,
2026-03-22T21:30:00+00:00,Division Profesional - Apertura,Club Sp. San Lorenzo,Nacional Asuncion,Over/Under Goals,Under 3.5,1.2,,,WON,
2026-03-22T21:30:00+00:00,Serie A,Internacional,Chapecoense-sc,Asian Handicap,Away -1.25,1.52,,,LOST,
2026-03-22T21:30:00+00:00,Serie A,Vitoria,Mirassol,Double Chance,Home/Draw,1.42,,,WON,
2026-03-22T22:00:00+00:00,Liga Premier Serie A,Acatlan,UA Zacatecas,Double Chance,Home/Draw,1.57,,,WON,
2026-03-22T23:00:00+00:00,Liga MX Femenil,Atlético San Luis W,Tigres UANL W,1X2 / Match Winner,Away,1.19,,,WON,
2026-03-22T23:00:00+00:00,Liga MX,Pachuca,Toluca,BTTS,Yes,1.62,,,WON,
2026-03-22T23:00:00+00:00,Liga MX,Santos Laguna,Puebla,Asian Handicap,Away -0.5,1.53,,,LOST,
2026-03-22T23:00:00+00:00,Liga de Expansión MX,CDS Tampico Madero,Tlaxcala,Team Total Goals,Under 2.5,1.22,,,WON,
2026-03-22T23:00:00+00:00,Liga de Expansión MX,Tapatío,Monarcas,Asian Handicap,Home +0,1.7,,,WON,
2026-03-22T23:00:00+00:00,MLS Next Pro,Crown Legacy,Atlanta United II,BTTS,Yes,1.44,,,LOST,
2026-03-22T23:00:00+00:00,Major League Soccer,San Diego,Real Salt Lake,Over/Under Goals,Over 2.5,1.57,,,WON,
2026-03-22T23:00:00+00:00,NWSL Women,Utah Royals W,San Diego Wave W,BTTS,Yes,1.67,,,WON,
2026-03-22T23:00:00+00:00,Primera Division,Sport Boys,Sport Huancayo,Over/Under Goals,Under 3.5,1.22,,,WON,
2026-03-22T23:00:00+00:00,Serie B,Novorizontino,Londrina,Over/Under Goals,Under 3.5,1.22,,,LOST,
2026-03-22T23:15:00+00:00,Liga Pro,Mushuc Runa SC,Emelec,Over/Under Goals,Under 3.5,1.25,,,WON,
2026-03-22T23:30:00+00:00,Division Profesional - Apertura,Sportivo Luqueno,2 de Mayo,Asian Handicap,Home +0,1.5,,,LOST,
2026-03-22T23:30:00+00:00,Serie A,Corinthians,Flamengo,Team Total Goals,Over 0.5,1.25,,,WON,
2026-03-23T01:06:00+00:00,Liga MX,FC Juarez,Tigres UANL,Over/Under Goals,Over 1.5,1.28,,,WON,
2026-03-23T01:15:00+00:00,Primera Division,Argentinos JRS,Platense,Over/Under Goals,Under 3.5,1.16,,,WON,
2026-03-23T01:15:00+00:00,Primera Division,Independ. Rivadavia,Rosario Central,Asian Handicap,Home +0,1.67,,,WON,
2026-03-23T12:45:00+00:00,Division 2,Hajer,Ohod,Over/Under Goals,Under 3.5,1.38,,,WON,
2026-03-23T13:00:00+00:00,Second League,Internacional Podgorica,Mladost Lješkopolje,Over/Under Goals,Over 1.5,1.3,,,WON,
2026-03-23T13:30:00+00:00,First League,Shkupi 1927,Bashkimi Kumanovo,Over/Under Goals,Under 3.5,1.65,,,LOST,
2026-03-23T14:30:00+00:00,First League,Chelyabinsk,Torpedo Moskva,Asian Handicap,Home +0.25,1.67,,,LOST,
2026-03-23T16:00:00+00:00,First League,Rodina Moskva,Chayka,Result + Total Goals,Home/Over 1.5,1.56,,,WON,
2026-03-23T17:00:00+00:00,Frauen Bundesliga,Union Berlin W,Werder Bremen W,BTTS,Yes,1.5,,,WON,
2026-03-23T18:30:00+00:00,Liga I,Unirea Slobozia,Oţelul,Over/Under Goals,Under 3.5,1.25,,,WON,
2026-03-23T18:30:00+00:00,Primera B Metropolitana,Dock Sud,Villa San Carlos,Over/Under Goals,Over 1.5,1.53,,,WON,
2026-03-23T18:30:00+00:00,Primera División Femenina,Granada,Deportivo de La Coruña W,Team Total Goals,Over 0.5,1.44,,,LOST,
2026-03-23T19:00:00+00:00,Premier League 2 Division One,Ipswich Town U21,Burnley U21,1X2 / Match Winner,Home,1.6,,,LOST,
2026-03-23T19:00:00+00:00,Premier League 2 Division One,Stoke City U21,Fulham U21,BTTS,Yes,1.44,,,WON,
2026-03-23T19:00:00+00:00,Premier League 2 Division One,Sunderland U21,Arsenal U21,Double Chance,Home/Draw,1.57,,,WON,
2026-03-23T19:00:00+00:00,Primera A,Chico,Deportes Tolima,Over/Under Goals,Under 3.5,1.18,,,WON,
2026-03-23T19:30:00+00:00,Segunda Division,Castellón,Cultural Leonesa,Over/Under Goals,Under 3.5,1.57,,,WON,
2026-03-23T21:10:00+00:00,Primera A,Santa Fe,Independiente Medellin,Double Chance,Draw/Away,1.57,,,LOST,
2026-03-23T21:30:00+00:00,Division Profesional - Apertura,Sportivo Trinidense,Deportivo Recoleta,Team Total Goals,Under 2.5,1.15,,,LOST,
2026-03-23T21:30:00+00:00,Liga Pro,Guayaquil City FC,Leones del Norte,Asian Handicap,Home +0,1.53,,,WON,
2026-03-23T22:00:00+00:00,Primera Division,Estudiantes L.P.,Central Cordoba de Santiago,Over/Under Goals,Under 3.5,1.18,,,LOST,
2026-03-23T22:00:00+00:00,Primera División,Carabobo FC,Puerto Cabello,Double Chance,Draw/Away,1.57,,,WON,
2026-03-23T23:00:00+00:00,Primera B Metropolitana,Comunicaciones,Liniers,Asian Handicap,Away -0.5,1.68,,,LOST,
2026-03-23T23:00:00+00:00,Primera División,Metropolitanos FC,Academia Anzoátegui,Asian Handicap,Home +0,1.4,,,WON,
2026-03-23T23:20:00+00:00,Primera A,Jaguares,Águilas Doradas,Double Chance,Draw/Away,1.45,,,WON,
2026-03-23T23:30:00+00:00,Division Profesional - Apertura,Rubio NU,Sportivo Ameliano,Over/Under Goals,Over 1.5,1.48,,,WON,
2026-03-24T00:00:00+00:00,Liga Pro,Aucas,Orense SC,Over/Under Goals,Under 3.5,1.22,,,LOST,
2026-03-24T00:15:00+00:00,Primera Division,Huracan,Barracas Central,Over/Under Goals,Over 1.5,1.65,,,LOST,
2026-03-24T01:00:00+00:00,Liga MX Femenil,León W,Atlas W,Over/Under Goals,Over 1.5,1.18,,,WON,
2026-03-24T01:00:00+00:00,Liga de Ascenso,Pitbulls Santa Barbara FC,Escorpiones Belén,BTTS,Yes,1.68,,,WON,
2026-03-24T10:30:00+00:00,2. Lig,24 Erzincanspor,Kepez Belediyespor,Over/Under Goals,Under 3.5,1.35,,,WON,
2026-03-24T11:00:00+00:00,2. Lig,Adana 1954 FK,Buca FK,Result + Total Goals,Home/Over 1.5,1.17,,,WON,
2026-03-24T11:00:00+00:00,2. Lig,Kırklarelispor,Ankara Demirspor,Double Chance,Draw/Away,1.49,,,LOST,
2026-03-24T11:00:00+00:00,2. Lig,İskenderunspor,İnegölspor,Over/Under Goals,Under 3.5,1.32,,,WON,
2026-03-24T13:00:00+00:00,2. Lig,Isparta 32 Spor,Somaspor,Over/Under Goals,Under 3.5,1.49,,,WON,
2026-03-24T13:00:00+00:00,Professional Development League,Fleetwood Town U21,Millwall U21,Over/Under Goals,Over 2.5,1.35,,,WON,
2026-03-24T13:00:00+00:00,Professional Development League,Huddersfield Town U21,Queens Park Rangers U21,Over/Under Goals,Over 2.5,1.28,,,WON,
2026-03-24T13:00:00+00:00,Professional Development League,Hull City U21,Swansea City U21,Over/Under Goals,Over 2.5,1.26,,,WON,
2026-03-24T13:00:00+00:00,Professional Development League,Peterborough United U21,Watford U21,Team Total Goals,Over 0.5,1.15,,,WON,
2026-03-24T13:00:00+00:00,Professional Development League,Wigan Athletic U21,Bristol City U21,Over/Under Goals,Over 2.5,1.28,,,WON,
2026-03-24T14:30:00+00:00,Liga Leumit,Hapoel Hadera,Kiryat Yam SC,Double Chance,Home/Draw,1.62,,,LOST,
2026-03-24T14:30:00+00:00,Liga Leumit,Hapoel Kfar Saba,Hapoel Kfar Shalem,Over/Under Goals,Under 3.5,1.33,,,LOST,
2026-03-24T14:30:00+00:00,Liga Leumit,Kafr Qasim,Maccabi Herzliya,Over/Under Goals,Under 3.5,1.25,,,WON,
2026-03-24T15:00:00+00:00,Liga Revelação U23,União Leiria U23,Farense U23,Over/Under Goals,Under 3.5,1.39,,,WON,
2026-03-24T16:00:00+00:00,2. Lig,Bursaspor,Belediye Derincespor,1X2 / Match Winner,Home,1.5,,,WON,
2026-03-24T17:00:00+00:00,Primera División - Apertura,Deportivo Maldonado,Atletico Torque,Over/Under Goals,Under 3.5,1.25,,,WON,
2026-03-24T19:00:00+00:00,Derde Divisie - Saturday,Dovo,Hercules,Double Chance,Draw/Away,1.7,,,WON,
2026-03-24T19:00:00+00:00,Eerste Divisie,Emmen,Cambuur,Over/Under Goals,Under 3.5,1.62,,,LOST,
2026-03-24T19:45:00+00:00,League One,Doncaster,Port Vale,Over/Under Goals,Under 3.5,1.34,,,WON,
2026-03-24T19:45:00+00:00,League Two,Elgin City,Forfar Athletic,Over/Under Goals,Over 1.5,1.2,,,WON,
2026-03-24T19:45:00+00:00,League Two,Oldham,Notts County,Double Chance,Home/Draw,1.42,,,WON,
2026-03-24T19:45:00+00:00,League Two,Stranraer,Clyde,Over/Under Goals,Over 1.5,1.22,,,WON,
2026-03-24T19:45:00+00:00,National League - North,Alfreton Town,Macclesfield,Over/Under Goals,Under 3.5,1.42,,,WON,
2026-03-24T19:45:00+00:00,National League - North,Darlington 1883,Kidderminster Harriers,Over/Under Goals,Under 3.5,1.36,,,WON,
2026-03-24T19:45:00+00:00,National League - North,Hereford,Spennymoor Town,Over/Under Goals,Under 3.5,1.42,,,WON,
2026-03-24T19:45:00+00:00,National League - North,Leamington,King's Lynn Town,Double Chance,Draw/Away,1.25,,,WON,
2026-03-24T19:45:00+00:00,National League - South,Bath City,Hemel Hempstead Town,Double Chance,Home/Draw,1.44,,,LOST,
2026-03-24T19:45:00+00:00,National League - South,Chesham United,AFC Hornchurch,Over/Under Goals,Under 3.5,1.28,,,WON,
2026-03-24T19:45:00+00:00,National League - South,Enfield Town,Dover,Over/Under Goals,Under 3.5,1.45,,,LOST,
2026-03-24T19:45:00+00:00,National League - South,Torquay,Dorking Wanderers,Over/Under Goals,Under 3.5,1.45,,,LOST,
2026-03-24T19:45:00+00:00,National League - South,Weston-super-Mare,Worthing,Over/Under Goals,Under 3.5,1.55,,,LOST,
2026-03-24T19:45:00+00:00,Non League Premier - Northern,Cleethorpes Town,Guiseley AFC,Team Total Goals,Under 2.5,1.15,,,WON,
2026-03-24T19:45:00+00:00,Non League Premier - Northern,Gainsborough Trinity,Bamber Bridge,Over/Under Goals,Under 3.5,1.25,,,WON,
2026-03-24T19:45:00+00:00,Non League Premier - Southern Central,Alvechurch,St Ives Town,Asian Handicap,Home +0,1.43,,,WON,
2026-03-24T19:45:00+00:00,Non League Premier - Southern Central,Kettering Town,Banbury United,Over/Under Goals,Over 1.5,1.22,,,LOST,
2026-03-24T19:45:00+00:00,Non League Premier - Southern Central,Real Bedford,Harborough Town,Team Total Goals,Over 0.5,1.21,,,WON,
2026-03-24T19:45:00+00:00,Non League Premier - Southern Central,Stratford Town,Stamford,Double Chance,Home/Draw,1.17,,,WON,
2026-03-24T20:00:00+00:00,Primera División - Apertura,Liverpool Montevideo,Central Espanol,Over/Under Goals,Under 3.5,1.22,,,LOST,
2026-03-24T20:30:00+00:00,Primera A,Deportivo Pereira,Cucuta,Over/Under Goals,Over 1.5,1.42,,,WON,
2026-03-24T21:00:00+00:00,Copa De La Liga,Universidad de Chile,Union La Calera,Double Chance,Home/Draw,1.15,,,LOST,
2026-03-24T23:00:00+00:00,Primera A,Junior,Bucaramanga,Over/Under Goals,Under 3.5,1.22,,,WON,
2026-03-24T23:30:00+00:00,Copa De La Liga,Concepción,Colo Colo,Over/Under Goals,Under 3.5,1.33,,,LOST,
2026-03-25T01:00:00+00:00,Primera A,Fortaleza FC,Deportivo Pasto,Over/Under Goals,Over 1.5,1.5,,,WON,
2026-03-25T07:00:00+00:00,Friendlies,Vietnam U23,Korea DPR U23,Double Chance,Home/Draw,1.5,,,WON,
2026-03-25T11:00:00+00:00,2. Lig,Menemen Belediyespor,Mardin BB,Over/Under Goals,Under 3.5,1.3,,,LOST,
2026-03-25T11:35:00+00:00,Friendlies,China PR U23,Thailand U23,Double Chance,Home/Draw,1.2,,,WON,
2026-03-25T13:00:00+00:00,2. Lig,Altınordu,Kastamonuspor 1966,Over/Under Goals,Under 3.5,1.24,,,WON,
2026-03-25T13:00:00+00:00,2. Lig,Batman Petrolspor,Şanlıurfaspor,1X2 / Match Winner,Home,1.49,,,WON,
2026-03-25T13:00:00+00:00,2. Lig,Beyoğlu Yeni Çarşı,Muğlaspor,Over/Under Goals,Under 2.5,1.65,,,WON,
2026-03-25T13:00:00+00:00,2. Lig,Karacabey Belediyespor,Karaman Belediyespor,Over/Under Goals,Under 3.5,1.55,,,WON,
2026-03-25T13:00:00+00:00,Copa Rio U20,Bangu U20,Boavista U20,Over/Under Goals,Under 3.5,1.25,,,WON,
2026-03-25T14:00:00+00:00,Friendlies,Kyrgyzstan,Equatorial Guinea,Over/Under Goals,Under 3.5,1.22,,,WON,
2026-03-25T15:00:00+00:00,2. Lig,Ankaragücü,Ankaraspor,Over/Under Goals,Under 3.5,1.32,,,WON,
2026-03-25T15:00:00+00:00,Friendlies Clubs,Viking,Haugesund,1X2 / Match Winner,Home,1.52,,,WON,
2026-03-25T16:45:00+00:00,Ligue 1,CR Belouizdad,MC Alger,Asian Handicap,Home +0.25,1.55,,,LOST,
2026-03-25T17:00:00+00:00,III Liga - Group 3,SKRA Częstochowa,Miedź Legnica II,Over/Under Goals,Over 2.5,1.55,,,LOST,
2026-03-25T17:30:00+00:00,National 2 - Group B,Blois,Thionville Lusitanos,Asian Handicap,Home +1.25,1.54,,,LOST,
2026-03-25T17:45:00+00:00,UEFA Champions League Women,Real Madrid W,Barcelona W,Team Total Goals,Over 0.5,1.77,,,WON,
2026-03-25T18:00:00+00:00,Copa Rio U20,Botafogo U20,Portuguesa RJ U20,1X2 / Match Winner,Home,1.4,,,LOST,
2026-03-25T18:00:00+00:00,Copa Rio U20,Cabofriense U20,Sampaio Corrêa U20,Over/Under Goals,Over 1.5,1.18,,,WON,
2026-03-25T18:00:00+00:00,Copa Rio U20,Flamengo U20,América RJ U20,Team Total Goals,Over 0.5,1.44,,,WON,
2026-03-25T18:00:00+00:00,Copa Rio U20,Maricá U20,Nova Iguaçu U20,Team Total Goals,Over 0.5,1.18,,,WON,
2026-03-25T18:00:00+00:00,Paulista - A4,Colorado Caieiras,São Caetano,Over/Under Goals,Over 1.5,1.44,,,WON,
2026-03-25T18:00:00+00:00,Paulista - A4,Joseense,Grêmio Sãocarlense,Asian Handicap,Home +0,1.67,,,LOST,
2026-03-25T18:00:00+00:00,Paulista - A4,Nacional SP,ECUS,Over/Under Goals,Under 2.5,1.42,,,WON,
2026-03-25T18:00:00+00:00,Paulista - A4,Taquaritinga,Tanabi,Over/Under Goals,Over 1.5,1.45,,,WON,
2026-03-25T19:00:00+00:00,1. Liga Classic - Group 3,Höngg,Freienbach,Double Chance,Draw/Away,1.36,,,WON,
2026-03-25T19:00:00+00:00,Cearense - 2,Itapipoca,Uniclinic Atletico Clube,1X2 / Match Winner,Home,1.52,,,WON,
2026-03-25T19:00:00+00:00,Ligue 1,USM Alger,JS Kabylie,Over/Under Goals,Under 3.5,1.17,,,WON,
2026-03-25T19:45:00+00:00,National League - South,Farnborough,Chelmsford City,Asian Handicap,Home +0.5,1.55,,,WON,
2026-03-25T19:45:00+00:00,National League,Morecambe,Hartlepool,Over/Under Goals,Over 1.5,1.15,,,WON,
2026-03-25T19:45:00+00:00,National League,Scunthorpe,Rochdale,Over/Under Goals,Over 1.5,1.22,,,WON,
2026-03-25T19:45:00+00:00,National League,Southend,Woking,Asian Handicap,Away -1.25,1.52,,,WON,
2026-03-25T19:45:00+00:00,National League,Tamworth,Forest Green,Over/Under Goals,Over 1.5,1.2,,,LOST,
2026-03-25T19:45:00+00:00,National League,Truro City,Solihull Moors,Over/Under Goals,Under 3.5,1.44,,,WON,
2026-03-25T19:45:00+00:00,National League,Wealdstone,Yeovil Town,Team Total Goals,Over 0.5,1.17,,,LOST,
2026-03-25T20:00:00+00:00,UEFA Champions League Women,Manchester United W,Bayern Munich W,Over/Under Goals,Over 1.5,1.25,,,WON,
2026-03-25T21:00:00+00:00,Copa De La Liga,Huachipato,Coquimbo Unido,BTTS,Yes,1.7,,,LOST,
2026-03-25T21:00:00+00:00,Copa De La Liga,Nublense,U. Catolica,Over/Under Goals,Over 1.5,1.33,,,LOST,
2026-03-25T22:00:00+00:00,Paulista - A4,EC Lemense,Jabaquara,Over/Under Goals,Under 3.5,1.26,,,WON,
2026-03-25T22:00:00+00:00,Primera Division,Deportivo Riestra,San Lorenzo,Over/Under Goals,Under 2.5,1.25,,,WON,
2026-03-25T22:30:00+00:00,Paulista - A4,Penapolense,Barretos,Over/Under Goals,Under 2.5,1.42,,,WON,
2026-03-25T23:00:00+00:00,NWSL Women,NJ/NY Gotham FC W,Denver Summit W,Over/Under Goals,Under 3.5,1.36,,,WON,
2026-03-25T23:00:00+00:00,NWSL Women,Washington Spirit W,Utah Royals W,Over/Under Goals,Over 1.5,1.17,,,WON,
2026-03-25T23:00:00+00:00,Paulista - A4,Comercial,Inter de Bebedouro,Double Chance,Home/Draw,1.6,,,WON,
2026-03-25T23:00:00+00:00,US Open Cup,Pittsburgh Riverhounds,Steel City,Result + Total Goals,Home/Over 1.5,1.5,,,WON,
2026-03-25T23:30:00+00:00,Copa De La Liga,A. Italiano,D. La Serena,Over/Under Goals,Under 3.5,1.25,,,LOST,
2026-03-26T00:00:00+00:00,FIFA Series,Puerto Rico,Guam,Over/Under Goals,Over 1.5,1.17,,,WON,
2026-03-26T00:00:00+00:00,Liga Premier Serie B,Deportivo Ayense,FC Racing,Asian Handicap,Home +0,1.69,,,WON,
2026-03-26T00:00:00+00:00,NWSL Women,Chicago Red Stars W,Orlando Pride W,Over/Under Goals,Over 1.5,1.21,,,WON,
2026-03-26T01:00:00+00:00,NWSL Women,Seattle Reign FC,Kansas City W,Over/Under Goals,Under 3.5,1.19,,,WON,
2026-03-26T01:00:00+00:00,Primera A,America de Cali,Llaneros,Over/Under Goals,Under 3.5,1.25,,,WON,
2026-03-26T02:00:00+00:00,NWSL Women,San Diego Wave W,Portland Thorns W,Asian Handicap,Home +0,1.61,,,WON,
2026-03-26T11:30:00+00:00,FIFA Series,Aruba,Mação,Asian Handicap,Away -1.25,1.62,,,LOST,
2026-03-26T14:30:00+00:00,FIFA Series,Tanzania,Liechtenstein,Over/Under Goals,Under 3.5,1.54,,,WON,
2026-03-26T16:00:00+00:00,Primera División - Apertura,Racing Montevideo,Progreso,Over/Under Goals,Under 3.5,1.22,,,WON,
2026-03-26T17:00:00+00:00,UEFA Nations League,Gibraltar,Latvia,Over/Under Goals,Under 3.5,1.26,,,WON,
2026-03-26T17:00:00+00:00,UEFA Nations League,Malta,Luxembourg,Double Chance,Home/Draw,1.63,,,LOST,
2026-03-26T19:00:00+00:00,Primera División - Apertura,Danubio,Defensor Sporting,Over/Under Goals,Over 1.5,1.46,,,LOST,
2026-03-26T21:00:00+00:00,Copa De La Liga,Deportes Limache,Palestino,Asian Handicap,Home +0,1.5,,,WON,
2026-03-26T23:00:00+00:00,USL Super League,DC Power W,Tampa Bay Sun W,Over/Under Goals,Under 3.5,1.25,,,WON,
2026-03-26T23:30:00+00:00,Copa De La Liga,Universidad de Concepcion,Cobresal,Over/Under Goals,Under 3.5,1.44,,,WON,
2026-03-27T00:00:00+00:00,Primera Division,Argentinos JRS,Lanus,Over/Under Goals,Under 3.5,1.2,,,WON,
2026-03-27T03:00:00+00:00,World Cup - Qualification Intercontinental Play-offs,New Caledonia,Jamaica,Result + Total Goals,Away/Over 1.5,1.15,,,LOST,
2026-03-27T08:30:00+00:00,FIFA Series,Solomon Islands,Bulgaria,Over/Under Goals,Under 3.5,2.2,,,LOST,
2026-03-27T09:10:00+00:00,FIFA Series,Australia,Cameroon,Over/Under Goals,Under 3.5,1.28,,,WON,
2026-03-27T10:00:00+00:00,3. liga - CFL A,Dukla Praha II,Bohemians 1905 II,Asian Handicap,Home +0.25,1.44,,,WON,
2026-03-27T10:00:00+00:00,FIFA Series,Venezuela,Trinidad and Tobago,Team Total Goals,Under 2.5,1.65,,,LOST,
2026-03-27T12:00:00+00:00,Liga Leumit,Hapoel Afula,Bnei Yehuda,Team Total Goals,Over 0.5,1.17,,,WON,
2026-03-27T12:00:00+00:00,Liga Leumit,Hapoel Nazareth Illit,Maccabi Kabilio Jaffa,Double Chance,Draw/Away,1.6,,,WON,
2026-03-27T12:30:00+00:00,Friendlies,Iran,Nigeria,Over/Under Goals,Over 1.5,1.45,,,WON,
2026-03-27T13:00:00+00:00,FIFA Series,Indonesia,St. Kitts and Nevis,Over/Under Goals,Under 3.5,1.77,,,LOST,
2026-03-27T13:00:00+00:00,Professional Development League,Barnsley U21,Sheffield United U21,Asian Handicap,Home +1.25,1.44,,,WON,
2026-03-27T13:30:00+00:00,Professional Development League,Queens Park Rangers U21,Wigan Athletic U21,Asian Handicap,Home +0,1.64,,,LOST,
2026-03-27T14:00:00+00:00,FIFA Series,Uzbekistan,Gabon,Team Total Goals,Over 0.5,1.57,,,WON,
2026-03-27T14:00:00+00:00,Professional Development League,Watford U21,Coventry City U21,Asian Handicap,Home +0.25,1.57,,,WON,
2026-03-27T14:00:00+00:00,Prva Liga,Stepojevac Vaga,Tekstilac Odžaci,Over/Under Goals,Under 3.5,1.18,,,WON,
2026-03-27T15:00:00+00:00,FIFA Series,Azerbaijan,St. Lucia,Over/Under Goals,Under 3.5,1.6,,,LOST,
2026-03-27T15:00:00+00:00,First NL,Opatija,Dugopolje,Over/Under Goals,Under 3.5,1.17,,,WON,
2026-03-27T16:30:00+00:00,Friendlies,Russia,Nicaragua,Over/Under Goals,Under 3.5,2.05,,,LOST,
2026-03-27T17:00:00+00:00,2. SNL,Triglav,Rudar,1X2 / Match Winner,Home,1.45,,,WON,
2026-03-27T17:00:00+00:00,Friendlies,Austria,Ghana,1X2 / Match Winner,Home,1.63,,,WON,
2026-03-27T17:00:00+00:00,Friendlies,Montenegro,Andorra,Team Total Goals,Over 1.5,1.53,,,WON,
2026-03-27T17:00:00+00:00,Friendlies,South Africa,Panama,Double Chance,Home/Draw,1.4,,,WON,
2026-03-27T17:00:00+00:00,III Liga - Group 3,Kluczbork,Polonia Nysa,1X2 / Match Winner,Home,1.53,,,LOST,
2026-03-27T17:30:00+00:00,Frauen Bundesliga,Carl Zeiss Jena  W,RB Leipzig W,Over/Under Goals,Over 1.5,1.25,,,WON,
2026-03-27T17:30:00+00:00,Friendlies,Jordan,Costa Rica,Double Chance,Home/Draw,1.5,,,WON,
2026-03-27T17:30:00+00:00,Friendlies,Saudi Arabia,Egypt,Double Chance,Home/Draw,1.5,,,LOST,
2026-03-27T18:00:00+00:00,2. SNL,Brinje-Grosuplje,Krka,Over/Under Goals,Under 3.5,1.42,,,WON,
2026-03-27T18:00:00+00:00,4. liga - Divizie A,Hluboka nad Vltavou,Tachov,1X2 / Match Winner,Home,1.24,,,LOST,
2026-03-27T18:00:00+00:00,Division 2 - Västra Götaland,Landvetter IS,Lindome,Double Chance,Draw/Away,1.7,,,LOST,
2026-03-27T18:00:00+00:00,National 2 - Group A,Les Herbiers,Lorient II,Double Chance,Home/Draw,1.15,,,WON,
2026-03-27T18:00:00+00:00,Segunda Division,Cordoba,Mirandes,Over/Under Goals,Under 3.5,1.42,,,LOST,
2026-03-27T18:30:00+00:00,Division 2 - Västra Götaland,Kongahälla,Böljan,Over/Under Goals,Under 3.5,1.83,,,WON,
2026-03-27T18:30:00+00:00,National 1,Chateauroux,Concarneau,Double Chance,Draw/Away,1.44,,,LOST,
2026-03-27T18:30:00+00:00,National 1,Dijon,Versailles,Double Chance,Home/Draw,1.17,,,WON,
2026-03-27T18:30:00+00:00,National 1,Fleury 91,Bourg-en-bresse 01,Over/Under Goals,Under 3.5,1.25,,,WON,
2026-03-27T18:30:00+00:00,National 1,Orleans,Villefranche,Over/Under Goals,Over 1.5,1.28,,,LOST,
2026-03-27T18:30:00+00:00,National 1,Sochaux,Quevilly,1X2 / Match Winner,Home,1.54,,,WON,
2026-03-27T18:30:00+00:00,National 1,Stade Briochin,Gobelins,Over/Under Goals,Over 1.5,1.4,,,LOST,
2026-03-27T18:30:00+00:00,National 1,Valenciennes,Aubagne,Asian Handicap,Home +0,1.4,,,WON,
2026-03-27T18:30:00+00:00,National 2 - Group A,Saint-Malo,Angoulême,Over/Under Goals,Under 3.5,1.19,,,WON,
2026-03-27T19:00:00+00:00,FIFA Series,Rwanda,Grenada,Over/Under Goals,Under 3.5,1.18,,,LOST,
2026-03-27T19:00:00+00:00,Friendlies,Greece,Paraguay,Over/Under Goals,Over 1.5,1.23,,,LOST,
2026-03-27T19:00:00+00:00,National 1,Rouen,Caen,Double Chance,Home/Draw,1.2,,,WON,
2026-03-27T19:30:00+00:00,Reserve Pro League,Kortrijk U21,RFC de Liege U21,Over/Under Goals,Over 2.5,1.25,,,WON,
2026-03-27T19:45:00+00:00,Friendlies,England,Uruguay,1X2 / Match Winner,Home,1.56,,,LOST,
2026-03-27T19:45:00+00:00,Friendlies,Netherlands,Norway,Over/Under Goals,Over 1.5,1.2,,,WON,
2026-03-27T19:45:00+00:00,Friendlies,Switzerland,Germany,Over/Under Goals,Over 1.5,1.19,,,WON,
2026-03-27T19:45:00+00:00,League One,Inverness CT,Queen of the South,Team Total Goals,Over 0.5,1.67,,,WON,
2026-03-27T19:45:00+00:00,Premier League,Caernarfon Town,The New Saints,1X2 / Match Winner,Away,1.5,,,WON,
2026-03-27T20:00:00+00:00,Friendlies,Spain,Serbia,Over/Under Goals,Over 2.5,1.53,,,WON,
2026-03-27T20:15:00+00:00,Friendlies,Morocco,Ecuador,Over/Under Goals,Under 3.5,1.17,,,WON,
2026-03-27T21:00:00+00:00,Primera A,Águilas Doradas,Alianza Valledupar,Over/Under Goals,Under 3.5,1.2,,,WON,
2026-03-27T23:15:00+00:00,Friendlies,Argentina,Mauritania,Over/Under Goals,Under 3.5,2.48,,,WON,
2026-03-28T00:30:00+00:00,Brasileiro Women,São Paulo W,Palmeiras W,1X2 / Match Winner,Away,1.67,,,LOST,
2026-03-28T01:00:00+00:00,Liga de Expansión MX,Alebrijes de Oaxaca,Leones Negros UDG,Asian Handicap,Home +0,1.53,,,WON,
2026-03-28T01:00:00+00:00,Liga de Expansión MX,Venados FC,Atlante FC,Over/Under Goals,Over 1.5,1.2,,,WON,
2026-03-28T01:10:00+00:00,Primera A,Bucaramanga,Santa Fe,Over/Under Goals,Under 3.5,1.2,,,WON,
2026-03-28T02:00:00+00:00,Liga Premier Serie A,Cimarrones,Durango,Over/Under Goals,Over 2.5,1.67,,,LOST,
2026-03-28T02:00:00+00:00,NWSL Women,Angel City W,Houston Dash W,Double Chance,Home/Draw,1.2,,,WON,
2026-03-28T03:00:00+00:00,Liga de Expansión MX,CA La Paz,CDS Tampico Madero,Double Chance,Home/Draw,1.45,,,WON,
2026-03-28T04:00:00+00:00,New South Wales NPL,Western Sydney Wanderers U23,Marconi Stallions,Asian Handicap,Home +1.25,1.65,,,WON,
2026-03-28T06:00:00+00:00,K-League Classic,Pohang Steelers,Gangwon FC,BTTS,No,1.67,,,WON,
2026-03-28T06:00:00+00:00,New South Wales NPL,Rockdale City Suns,Sydney United,Double Chance,Home/Draw,1.44,,,LOST,
2026-03-28T06:00:00+00:00,New South Wales NPL,UNSW,St George City FA,Team Total Goals,Over 0.5,1.2,,,LOST,
2026-03-28T06:30:00+00:00,New South Wales NPL,Sutherland Sharks,Manly United,Over/Under Goals,Under 3.5,1.4,,,WON,
2026-03-28T07:00:00+00:00,Friendlies,Thailand U23,Vietnam U23,Double Chance,Draw/Away,1.53,,,LOST,
2026-03-28T07:30:00+00:00,New South Wales NPL,St. George Saints,NWS Spirit,Over/Under Goals,Under 3.5,1.5,,,WON,
2026-03-28T08:00:00+00:00,First League,Enisey,FC UFA,Asian Handicap,Home +0,1.44,,,WON,
2026-03-28T08:00:00+00:00,Queensland Premier League,St George Willawong,Capalaba,Asian Handicap,Away -1.25,1.49,,,WON,
2026-03-28T09:00:00+00:00,Queensland Premier League,Logan Lightning,Brisbane Strikers,Double Chance,Home/Draw,1.6,,,LOST,
2026-03-28T09:15:00+00:00,3. liga - CFL B,Mladá Boleslav II,Velké Hamry,Asian Handicap,Home +0,1.51,,,WON,
2026-03-28T11:00:00+00:00,Friendlies Clubs,Kooteepee,Gnistan,Double Chance,Home/Draw,1.7,,,WON,
2026-03-28T11:30:00+00:00,Thai League 2,Nong Bua Pitchaya,Police Tero,Double Chance,Draw/Away,1.7,,,LOST,
2026-03-28T11:35:00+00:00,Friendlies,China PR U23,Korea DPR U23,Over/Under Goals,Under 2.5,1.67,,,WON,
2026-03-28T12:00:00+00:00,Division 2 - Norra Svealand,Skiljebo,Viggbyholms IK,Double Chance,Draw/Away,1.57,,,LOST,
2026-03-28T12:00:00+00:00,Division 2 - Västra Götaland,Västra Frölunda,Jonsered,Team Total Goals,Over 0.5,1.15,,,WON,
2026-03-28T12:00:00+00:00,Division 2 - Västra Götaland,Åstorp,Astrio,Over/Under Goals,Over 2.5,1.5,,,WON,
2026-03-28T12:00:00+00:00,FA WSL,Everton W,Liverpool W,Double Chance,Home/Draw,1.62,,,LOST,
2026-03-28T12:00:00+00:00,First League,Volga Ulyanovsk,Spartak Kostroma,Over/Under Goals,Over 1.5,1.41,,,LOST,
2026-03-28T12:00:00+00:00,Friendlies Clubs,Eik-Tønsberg,Follo,Over/Under Goals,Over 2.5,1.53,,,LOST,
2026-03-28T12:00:00+00:00,Friendlies Clubs,FF Jaro,AC Oulu,Over/Under Goals,Over 2.5,1.57,,,WON,
2026-03-28T12:00:00+00:00,Friendlies Clubs,JäPS,TPV,Team Total Goals,Over 0.5,1.32,,,LOST,
2026-03-28T12:00:00+00:00,III Liga - Group 3,Goczałkowice Zdrój,Sparta Katowice,Double Chance,Draw/Away,1.7,,,LOST,
2026-03-28T12:30:00+00:00,3. Division,Lyseng,Frem,Over/Under Goals,Under 3.5,1.21,,,WON,
2026-03-28T12:30:00+00:00,Goiano U20,Trindade U20,Guanabara City U20,Over/Under Goals,Under 3.5,1.16,,,WON,
2026-03-28T12:30:00+00:00,League Two,Harrogate Town,Notts County,Team Total Goals,Over 0.5,1.17,,,WON,
2026-03-28T12:30:00+00:00,Premier League,Haverfordwest County AFC,Briton Ferry,Over/Under Goals,Under 2.5,2.05,,,WON,
2026-03-28T13:00:00+00:00,3. Division,Brønshøj,Odder,Over/Under Goals,Over 2.5,1.62,,,LOST,
2026-03-28T13:00:00+00:00,3. Division,FA 2000,Holbæk B&I,Double Chance,Home/Draw,1.44,,,WON,
2026-03-28T13:00:00+00:00,3. Division,Næsby,Hørsholm-Usserød,Over/Under Goals,Over 2.5,1.44,,,WON,
2026-03-28T13:00:00+00:00,3. Division,Sundby,Vejgaard B,Over/Under Goals,Over 2.5,1.53,,,WON,
2026-03-28T13:00:00+00:00,Copa Rio U20,Botafogo U20,Boavista U20,1X2 / Match Winner,Home,1.18,,,WON,
2026-03-28T13:00:00+00:00,Division 2 - Norra Svealand,Täby,Falu BS,Over/Under Goals,Over 1.5,1.17,,,LOST,
2026-03-28T13:00:00+00:00,Friendlies Clubs,Egersund,Bryne,1X2 / Match Winner,Home,1.85,,,WON,
2026-03-28T13:00:00+00:00,III Liga - Group 3,Górnik Polkowice,Miedź Legnica II,Over/Under Goals,Over 1.5,1.17,,,WON,
2026-03-28T13:00:00+00:00,III Liga - Group 3,Górnik Zabrze II,Słowianin,Over/Under Goals,Over 2.5,1.53,,,WON,
2026-03-28T13:00:00+00:00,Segunda Division,AD Ceuta FC,Cadiz,Over/Under Goals,Over 1.5,1.32,,,WON,
2026-03-28T13:00:00+00:00,Tweede Divisie,Rijnsburgse Boys,De Treffers,Double Chance,Draw/Away,1.67,,,WON,
2026-03-28T13:15:00+00:00,Friendlies Clubs,Lahti,JIPPO,Asian Handicap,Home +0.25,1.78,,,WON,
2026-03-28T13:30:00+00:00,Derde Divisie - Saturday,Harkemase Boys,SC Genemuiden,BTTS,Yes,1.5,,,LOST,
2026-03-28T13:30:00+00:00,FA WSL,Manchester United W,Manchester City W,Over/Under Goals,Under 3.5,1.45,,,WON,
2026-03-28T13:30:00+00:00,Tweede Divisie,ACV,GVVV Veenendaal,Over/Under Goals,Over 1.5,1.15,,,WON,
2026-03-28T13:30:00+00:00,Tweede Divisie,Barendrecht,Katwijk,Over/Under Goals,Over 2.5,1.44,,,WON,
2026-03-28T13:30:00+00:00,Tweede Divisie,HHC,Excelsior Maassluis,Over/Under Goals,Over 1.5,1.18,,,WON,
2026-03-28T14:00:00+00:00,1. Liga Promotion,Bavois,Basel II,Over/Under Goals,Under 3.5,1.55,,,WON,
2026-03-28T14:00:00+00:00,2. SNL,Beltinci,Dravinja,1X2 / Match Winner,Home,1.42,,,LOST,
2026-03-28T14:00:00+00:00,2. SNL,Tabor Sežana,Dekani,Over/Under Goals,Over 1.5,1.36,,,WON,
2026-03-28T14:00:00+00:00,3. Division,Nykobing FC,Vanløse,Over/Under Goals,Under 3.5,1.4,,,WON,
2026-03-28T14:00:00+00:00,3. liga - CFL B,Arsenal Česká Lípa,Benátky nad Jizerou,1X2 / Match Winner,Home,1.19,,,WON,
2026-03-28T14:00:00+00:00,3. liga - CFL B,Slovan Velvary,Sokol Brozany,Over/Under Goals,Over 2.5,1.41,,,LOST,
2026-03-28T14:00:00+00:00,3. liga - CFL B,Ústí nad Orlicí,Kolín,Over/Under Goals,Under 3.5,1.41,,,WON,
2026-03-28T14:00:00+00:00,3. liga - East,Vranov nad Topľou,Snina,Over/Under Goals,Under 3.5,1.32,,,LOST,
2026-03-28T14:00:00+00:00,Friendlies,San Marino,Faroe Islands,Team Total Goals,Over 1.5,1.45,,,WON,
2026-03-28T14:00:00+00:00,Friendlies,South Korea,Ivory Coast,Double Chance,Draw/Away,1.4,,,WON,
2026-03-28T14:00:00+00:00,League One,East Fife,Stenhousemuir,Over/Under Goals,Under 3.5,1.22,,,LOST,
2026-03-28T14:00:00+00:00,League Two,Dumbarton,Forfar Athletic,1X2 / Match Winner,Draw,3.4,,,WON,
2026-03-28T14:00:00+00:00,Prva Liga,Dinamo Jug,Zemun,Over/Under Goals,Under 3.5,1.18,,,WON,
2026-03-28T14:00:00+00:00,Prva Liga,Dubočica,Kabel Novi Sad,1X2 / Match Winner,Home,1.63,,,WON,
2026-03-28T14:00:00+00:00,Prva Liga,FAP,Borac Cacak,Double Chance,Draw/Away,1.4,,,WON,
2026-03-28T14:00:00+00:00,Prva Liga,FK Trayal,Macva,Over/Under Goals,Under 2.5,1.36,,,WON,
2026-03-28T14:00:00+00:00,Prva Liga,Grafičar,OFK Vršac,Over/Under Goals,Under 3.5,1.19,,,WON,
2026-03-28T14:00:00+00:00,Prva Liga,Loznica,Jedinstvo Ub,Over/Under Goals,Under 3.5,1.15,,,WON,
2026-03-28T14:00:00+00:00,Prva Liga,Semendrija 1924,FK Vozdovac,Over/Under Goals,Under 2.5,1.44,,,WON,
2026-03-28T14:00:00+00:00,Tweede Divisie,Ijsselmeervogels,Hoek,Team Total Goals,Over 1.5,1.6,,,LOST,
2026-03-28T14:00:00+00:00,Tweede Divisie,Kozakken Boys,Sparta Rotterdam II,Over/Under Goals,Over 2.5,1.44,,,WON,
2026-03-28T14:00:00+00:00,Tweede Divisie,Quick Boys,RKAV Volendam,BTTS,Yes,1.65,,,LOST,
2026-03-28T14:15:00+00:00,Tweede Divisie,AFC Amsterdam,Spakenburg,Over/Under Goals,Over 1.5,1.15,,,WON,
2026-03-28T14:30:00+00:00,1st League - FBiH,Igman Konjic,Travnik,Double Chance,Home/Draw,1.5,,,WON,
2026-03-28T14:30:00+00:00,2. SNL,Nafta,Krško,Over/Under Goals,Under 3.5,1.77,,,LOST,
2026-03-28T14:30:00+00:00,First League,FK Neftekhimik,Shinnik Yaroslavl,Over/Under Goals,Over 1.5,1.48,,,LOST,
2026-03-28T14:30:00+00:00,Premier League,Cardiff MET,Bala Town,Over/Under Goals,Under 3.5,1.28,,,WON,
2026-03-28T14:30:00+00:00,Premier League,Flint Town United,llanelli AFC,1X2 / Match Winner,Home,1.22,,,LOST,
2026-03-28T14:30:00+00:00,Premier League,Penybont,Colwyn Bay,Over/Under Goals,Under 3.5,1.33,,,WON,
2026-03-28T14:30:00+00:00,Second NL,Bjelovar,Lucko,Over/Under Goals,Under 3.5,1.35,,,WON,
2026-03-28T14:30:00+00:00,Second NL,Jadran LP,Dugo Selo,Over/Under Goals,Under 3.5,1.38,,,WON,
2026-03-28T14:30:00+00:00,Second NL,Segesta Sisak,Uskok Klis,Asian Handicap,Home +0.25,1.42,,,WON,
2026-03-28T14:30:00+00:00,Second NL,Solin,Mladost Ždralovi,Over/Under Goals,Under 3.5,1.21,,,LOST,
2026-03-28T14:30:00+00:00,Tweede Divisie,Almere City II,Koninklijke HFC,BTTS,Yes,1.44,,,WON,
2026-03-28T15:00:00+00:00,1. Liga Promotion,Cham,Breitenrain,Over/Under Goals,Over 1.5,1.15,,,WON,
2026-03-28T15:00:00+00:00,1. Liga Promotion,Lausanne Sport II,Brühl,Asian Handicap,Home +1.25,1.42,,,LOST,
2026-03-28T15:00:00+00:00,1. Liga Promotion,Vevey Sports,Kreuzlingen,Asian Handicap,Home +1.25,1.49,,,WON,
2026-03-28T15:00:00+00:00,1. Liga Promotion,Young Boys II,Paradiso,BTTS,Yes,1.4,,,WON,
2026-03-28T15:00:00+00:00,Championship,Ballinamallard United,Ards,Over/Under Goals,Over 1.5,1.2,,,WON,
2026-03-28T15:00:00+00:00,Championship,Dundela,Institute,Over/Under Goals,Over 1.5,1.15,,,WON,
2026-03-28T15:00:00+00:00,Championship,Loughgall,Limavady United,Team Total Goals,Over 0.5,1.23,,,WON,
2026-03-28T15:00:00+00:00,Championship,Warrenpoint Town,Armagh City,1X2 / Match Winner,Home,1.22,,,LOST,
2026-03-28T15:00:00+00:00,Division 2 - Norra Svealand,Korsnäs,Bollstanäs,Double Chance,Home/Draw,1.57,,,LOST,
2026-03-28T15:00:00+00:00,FA Trophy,Southport,Southend,Over/Under Goals,Under 3.5,1.31,,,LOST,
2026-03-28T15:00:00+00:00,FA Trophy,Wealdstone,Marine,Team Total Goals,Over 0.5,1.16,,,WON,
2026-03-28T15:00:00+00:00,First League,Fakel,KAMAZ,Over/Under Goals,Under 2.5,1.49,,,WON,
2026-03-28T15:00:00+00:00,First NL,Dubrava Zagreb,Bsk Bijelo Brdo,Asian Handicap,Home +0.25,1.6,,,LOST,
2026-03-28T15:00:00+00:00,III Liga - Group 3,SKRA Częstochowa,Zagłębie Lubin II,Over/Under Goals,Over 1.5,1.15,,,WON,
2026-03-28T15:00:00+00:00,Júniores U19,Alverca U19,Tondela U19,Over/Under Goals,Under 3.5,1.22,,,WON,
2026-03-28T15:00:00+00:00,League One,Alloa Athletic,Peterhead,Over/Under Goals,Over 1.5,1.22,,,WON,
2026-03-28T15:00:00+00:00,League One,Hamilton Academical,Kelty Hearts,Over/Under Goals,Over 1.5,1.28,,,WON,
2026-03-28T15:00:00+00:00,League Two,Annan Athletic,Stranraer,Over/Under Goals,Under 3.5,1.36,,,WON,
2026-03-28T15:00:00+00:00,League Two,Barnet,Cambridge United,Over/Under Goals,Under 3.5,1.2,,,WON,
2026-03-28T15:00:00+00:00,League Two,Barrow,Bromley,Team Total Goals,Under 2.5,1.15,,,WON,
2026-03-28T15:00:00+00:00,League Two,Bristol Rovers,Accrington ST,Double Chance,Home/Draw,1.18,,,WON,
2026-03-28T15:00:00+00:00,League Two,Colchester,Walsall,Over/Under Goals,Under 3.5,1.2,,,WON,
2026-03-28T15:00:00+00:00,League Two,Crawley Town,Gillingham,Double Chance,Home/Draw,1.44,,,WON,
2026-03-28T15:00:00+00:00,League Two,Crewe,Oldham,Over/Under Goals,Over 1.5,1.3,,,WON,
2026-03-28T15:00:00+00:00,League Two,Elgin City,Clyde,Over/Under Goals,Under 3.5,1.4,,,WON,
2026-03-28T15:00:00+00:00,League Two,Newport County,Shrewsbury,Double Chance,Home/Draw,1.45,,,WON,
2026-03-28T15:00:00+00:00,League Two,Salford City,Milton Keynes Dons,Over/Under Goals,Under 3.5,1.33,,,WON,
2026-03-28T15:00:00+00:00,League Two,Spartans,East Kilbride,BTTS,Yes,1.55,,,WON,
2026-03-28T15:00:00+00:00,League Two,Stirling Albion,Edinburgh City,Over/Under Goals,Under 3.5,1.44,,,WON,
2026-03-28T15:00:00+00:00,League Two,Swindon Town,Fleetwood Town,Over/Under Goals,Under 3.5,1.33,,,WON,
2026-03-28T15:00:00+00:00,National League - North,AFC Fylde,Darlington 1883,1X2 / Match Winner,Home,1.58,,,WON,
2026-03-28T15:00:00+00:00,National League - North,AFC Telford United,Bedford Town,1X2 / Match Winner,Draw,4.2,,,WON,
2026-03-28T15:00:00+00:00,National League - North,Curzon Ashton,Chester,Asian Handicap,Home +1.25,1.48,,,WON,
2026-03-28T15:00:00+00:00,National League - North,Hereford,Buxton,Double Chance,Draw/Away,1.53,,,WON,
2026-03-28T15:00:00+00:00,National League - North,King's Lynn Town,Spennymoor Town,Asian Handicap,Home +0,1.62,,,LOST,
2026-03-28T15:00:00+00:00,National League - North,Leamington,Peterborough Sports,Double Chance,Home/Draw,1.7,,,WON,
2026-03-28T15:00:00+00:00,National League - North,Oxford City,Kidderminster Harriers,Asian Handicap,Home +1.25,1.6,,,WON,
2026-03-28T15:00:00+00:00,National League - North,Scarborough Athletic,Chorley,Over/Under Goals,Under 3.5,1.28,,,WON,
2026-03-28T15:00:00+00:00,National League - North,South Shields,Alfreton Town,1X2 / Match Winner,Home,1.32,,,WON,
2026-03-28T15:00:00+00:00,National League - North,Worksop Town,Radcliffe,Double Chance,Home/Draw,1.53,,,WON,
2026-03-28T15:00:00+00:00,National League - South,Chesham United,Tonbridge Angels,Over/Under Goals,Over 1.5,1.28,,,LOST,
2026-03-28T15:00:00+00:00,National League - South,Chippenham Town,Chelmsford City,Asian Handicap,Home +0.5,1.7,,,LOST,
2026-03-28T15:00:00+00:00,National League - South,Dagenham & Redbridge,Hampton & Richmond,Over/Under Goals,Under 3.5,1.33,,,LOST,
2026-03-28T15:00:00+00:00,National League - South,Dorking Wanderers,Hemel Hempstead Town,Over/Under Goals,Under 3.5,1.36,,,WON,
2026-03-28T15:00:00+00:00,National League - South,Eastbourne Borough,Bath City,Over/Under Goals,Over 1.5,1.17,,,WON,
2026-03-28T15:00:00+00:00,National League - South,Ebbsfleet United,Slough Town,Over/Under Goals,Under 3.5,1.62,,,WON,
2026-03-28T15:00:00+00:00,National League - South,Enfield Town,Worthing,1X2 / Match Winner,Away,1.48,,,LOST,
2026-03-28T15:00:00+00:00,National League - South,Farnborough,AFC Hornchurch,Over/Under Goals,Over 1.5,1.17,,,WON,
2026-03-28T15:00:00+00:00,National League - South,Maidenhead,Weston-super-Mare,Over/Under Goals,Under 3.5,1.25,,,WON,
2026-03-28T15:00:00+00:00,National League - South,Maidstone Utd,AFC Totton,1X2 / Match Winner,Home,1.68,,,WON,
2026-03-28T15:00:00+00:00,National League,Brackley Town,Tamworth,BTTS,Yes,1.6,,,LOST,
2026-03-28T15:00:00+00:00,National League,Braintree,Carlisle,Over/Under Goals,Over 1.5,1.2,,,WON,
2026-03-28T15:00:00+00:00,National League,Eastleigh,Forest Green,Over/Under Goals,Under 3.5,1.44,,,LOST,
2026-03-28T15:00:00+00:00,National League,FC Halifax Town,Scunthorpe,Over/Under Goals,Over 1.5,1.18,,,WON,
2026-03-28T15:00:00+00:00,National League,Gateshead,Yeovil Town,Over/Under Goals,Under 3.5,1.44,,,WON,
2026-03-28T15:00:00+00:00,National League,Morecambe,Aldershot Town,Double Chance,Home/Draw,1.5,,,LOST,
2026-03-28T15:00:00+00:00,National League,Solihull Moors,Altrincham,Over/Under Goals,Over 2.5,1.53,,,LOST,
2026-03-28T15:00:00+00:00,National League,Sutton Utd,Rochdale,1X2 / Match Winner,Away,1.7,,,WON,
2026-03-28T15:00:00+00:00,National League,Truro City,Boreham Wood,1X2 / Match Winner,Away,1.67,,,LOST,
2026-03-28T15:00:00+00:00,National League,York,Woking,Over/Under Goals,Over 2.5,1.45,,,LOST,
2026-03-28T15:00:00+00:00,Non League Premier - Northern,Bamber Bridge,Cleethorpes Town,Over/Under Goals,Under 3.5,1.37,,,WON,
2026-03-28T15:00:00+00:00,Non League Premier - Northern,Gainsborough Trinity,Rylands,Asian Handicap,Home +0.25,1.41,,,WON,
2026-03-28T15:00:00+00:00,Non League Premier - Northern,Hebburn Town,Lancaster City,Team Total Goals,Over 0.5,1.43,,,WON,
2026-03-28T15:00:00+00:00,Non League Premier - Northern,Hyde United,Stockton Town,Over/Under Goals,Under 3.5,1.44,,,WON,
2026-03-28T15:00:00+00:00,Non League Premier - Northern,Morpeth Town,Leek Town,Over/Under Goals,Under 3.5,1.24,,,WON,
2026-03-28T15:00:00+00:00,Non League Premier - Northern,Prescot Cables,Ilkeston Town,Over/Under Goals,Under 3.5,1.24,,,WON,
2026-03-28T15:00:00+00:00,Non League Premier - Northern,Rushall Olympic,Guiseley AFC,Over/Under Goals,Under 3.5,1.3,,,LOST,
2026-03-28T15:00:00+00:00,Non League Premier - Northern,Stocksbridge Park Steels,Ashton United,Double Chance,Draw/Away,1.67,,,LOST,
2026-03-28T15:00:00+00:00,Non League Premier - Northern,Warrington Town,Whitby Town,Over/Under Goals,Under 3.5,1.25,,,WON,
2026-03-28T15:00:00+00:00,Non League Premier - Northern,Workington,Hednesford Town,Over/Under Goals,Under 3.5,1.32,,,WON,
2026-03-28T15:00:00+00:00,Non League Premier - Southern Central,AFC Sudbury,Alvechurch,Over/Under Goals,Under 3.5,1.29,,,WON,
2026-03-28T15:00:00+00:00,Non League Premier - Southern Central,Barwell,Kettering Town,Over/Under Goals,Over 2.5,1.62,,,WON,
2026-03-28T15:00:00+00:00,Non League Premier - Southern Central,Harborough Town,Bury Town,1X2 / Match Winner,Home,1.42,,,LOST,
2026-03-28T15:00:00+00:00,Non League Premier - Southern Central,Leiston,Banbury United,Over/Under Goals,Under 3.5,1.27,,,WON,
2026-03-28T15:00:00+00:00,Non League Premier - Southern Central,Royston Town,Redditch United,Over/Under Goals,Under 3.5,1.37,,,WON,
2026-03-28T15:00:00+00:00,Non League Premier - Southern Central,Spalding United,Bromsgrove Sporting,Over/Under Goals,Under 3.5,1.72,,,WON,
2026-03-28T15:00:00+00:00,Non League Premier - Southern Central,Stamford,Bishop's Stortford,Over/Under Goals,Under 3.5,1.29,,,WON,
2026-03-28T15:00:00+00:00,Non League Premier - Southern Central,Stourbridge,St Ives Town,Over/Under Goals,Over 1.5,1.19,,,WON,
2026-03-28T15:00:00+00:00,Non League Premier - Southern Central,Stratford Town,Quorn,Double Chance,Home/Draw,1.4,,,WON,
2026-03-28T15:00:00+00:00,Non League Premier - Southern Central,Worcester City,Needham Market,Over/Under Goals,Under 3.5,1.37,,,WON,
2026-03-28T15:00:00+00:00,Non League Premier - Southern South,Basingstoke Town,Taunton Town,Asian Handicap,Home +0,1.62,,,WON,
2026-03-28T15:00:00+00:00,Non League Premier - Southern South,Berkhamsted,Gosport Borough,Over/Under Goals,Under 3.5,1.34,,,WON,
2026-03-28T15:00:00+00:00,Non League Premier - Southern South,Farnham Town,Chertsey Town,BTTS,Yes,1.47,,,LOST,
2026-03-28T15:00:00+00:00,Non League Premier - Southern South,Gloucester City,Plymouth Parkway,1X2 / Match Winner,Home,1.33,,,WON,
2026-03-28T15:00:00+00:00,Non League Premier - Southern South,Havant & Wville,Evesham United,Over/Under Goals,Over 1.5,1.18,,,WON,
2026-03-28T15:00:00+00:00,Non League Premier - Southern South,Poole Town,Bracknell Town,Asian Handicap,Away -1.25,1.43,,,WON,
2026-03-28T15:00:00+00:00,Non League Premier - Southern South,Tiverton Town,Hungerford Town,Over/Under Goals,Under 3.5,1.43,,,WON,
2026-03-28T15:00:00+00:00,Non League Premier - Southern South,Walton & Hersham,Dorchester Town,1X2 / Match Winner,Home,1.35,,,WON,
2026-03-28T15:00:00+00:00,Non League Premier - Southern South,Weymouth,Sholing,Double Chance,Draw/Away,1.44,,,WON,
2026-03-28T15:00:00+00:00,Non League Premier - Southern South,Yate Town,Hanwell Town,Over/Under Goals,Under 3.5,1.38,,,WON,
2026-03-28T15:15:00+00:00,Segunda Division,Granada CF,Huesca,Over/Under Goals,Over 1.5,1.41,,,WON,
2026-03-28T15:15:00+00:00,Segunda Division,Valladolid,Burgos,Over/Under Goals,Over 1.5,1.46,,,LOST,
2026-03-28T15:30:00+00:00,Friendlies Clubs,MP,JJK,1X2 / Match Winner,Home,1.44,,,LOST,
2026-03-28T16:00:00+00:00,Friendlies Clubs,Zenit,Kairat Almaty,Over/Under Goals,Under 3.5,1.89,,,WON,
2026-03-28T16:00:00+00:00,Friendlies,Senegal,Peru,1X2 / Match Winner,Home,1.42,,,WON,
2026-03-28T17:00:00+00:00,Friendlies,Canada,Iceland,Asian Handicap,Home +0.5,1.15,,,WON,
2026-03-28T17:00:00+00:00,Friendlies,Hungary,Slovenia,Over/Under Goals,Under 3.5,1.28,,,WON,
2026-03-28T17:00:00+00:00,Friendlies,Scotland,Japan,Team Total Goals,Over 0.5,1.28,,,WON,
2026-03-28T17:00:00+00:00,National 2 - Group A,Bordeaux,Chauray,Team Total Goals,Under 2.5,1.43,,,WON,
2026-03-28T17:00:00+00:00,National 2 - Group A,Châteaubriant,La Roche VF,Over/Under Goals,Under 3.5,1.21,,,LOST,
2026-03-28T17:00:00+00:00,National 2 - Group C,Limonest,Saint-Priest,Double Chance,Home/Draw,1.44,,,WON,
2026-03-28T17:00:00+00:00,National 2 - Group C,Toulon,Cannes,Over/Under Goals,Over 1.5,1.24,,,WON,
2026-03-28T17:00:00+00:00,Primera B Metropolitana,Arsenal Sarandi,Deportivo Laferrere,Double Chance,Home/Draw,1.15,,,WON,
2026-03-28T17:00:00+00:00,Primera B Metropolitana,Deportivo Camioneros,Ituzaingó,Double Chance,Home/Draw,1.15,,,WON,
2026-03-28T17:00:00+00:00,Primera B Metropolitana,Villa San Carlos,Comunicaciones,Over/Under Goals,Under 2.5,1.42,,,WON,
2026-03-28T17:30:00+00:00,FA WSL,Arsenal W,Tottenham Hotspur W,Over/Under Goals,Over 2.5,1.44,,,WON,
2026-03-28T17:30:00+00:00,Feminine Division 1,Marseille W,Montpellier W,Over/Under Goals,Over 1.5,1.2,,,WON,
2026-03-28T17:30:00+00:00,Segunda Division,Malaga,Leganes,Asian Handicap,Home +0,1.42,,,WON,
2026-03-28T17:45:00+00:00,Eerste Divisie,Willem II,De Graafschap,Double Chance,Home/Draw,1.4,,,LOST,
2026-03-28T18:00:00+00:00,Cearense - 2,Crateús,Uniclinic Atletico Clube,Over/Under Goals,Under 3.5,1.25,,,WON,
2026-03-28T18:00:00+00:00,NWSL Women,Denver Summit W,Washington Spirit W,Over/Under Goals,Under 3.5,1.36,,,WON,
2026-03-28T18:00:00+00:00,National 2 - Group A,Bayonne,Dinan Léhon,Over/Under Goals,Under 3.5,1.26,,,WON,
2026-03-28T18:00:00+00:00,Paulista - A2,Água Santa,Ituano,Double Chance,Draw/Away,1.6,,,WON,
2026-03-28T18:00:00+00:00,Paulista - A3,EC São Bernardo,Marília,Asian Handicap,Home +0.25,1.68,,,WON,
2026-03-28T18:00:00+00:00,Paulista - A3,Rio Claro,XV de Jau,Over/Under Goals,Under 3.5,1.22,,,WON,
2026-03-28T19:00:00+00:00,Brasileiro Women,Internacional RS W,Gremio W,Over/Under Goals,Under 2.5,1.67,,,LOST,
2026-03-28T19:00:00+00:00,Capixaba,Serra Talhada,Porto Vitória,Over/Under Goals,Under 3.5,1.27,,,WON,
2026-03-28T19:00:00+00:00,MLS Next Pro,Sporting KC II,St. Louis City II,1X2 / Match Winner,Away,1.57,,,WON,
2026-03-28T19:00:00+00:00,Primera B Metropolitana,Villa Dalmine,Deportivo Armenio,Asian Handicap,Home +0.25,1.48,,,WON,
2026-03-28T19:30:00+00:00,Friendlies,USA,Belgium,Asian Handicap,Home +0.5,1.58,,,LOST,
2026-03-28T20:00:00+00:00,Brasileiro Women,RB Bragantino W,Bahia W,Double Chance,Home/Draw,1.15,,,LOST,
2026-03-28T20:00:00+00:00,Eerste Divisie,FC Eindhoven,Emmen,Over/Under Goals,Over 1.5,1.18,,,LOST,
2026-03-28T20:00:00+00:00,NWSL Women,Portland Thorns W,Kansas City W,Over/Under Goals,Under 3.5,1.25,,,WON,
2026-03-28T20:00:00+00:00,Paulista - A3,Uniao Barbarense,Rio Preto,Double Chance,Draw/Away,1.58,,,WON,
2026-03-28T20:00:00+00:00,Segunda Division,Albacete,Castellón,Asian Handicap,Home +0.5,1.61,,,WON,
2026-03-28T20:00:00+00:00,Segunda Division,Sporting Gijon,Deportivo La Coruna,1X2 / Match Winner,Draw,3.4,,,WON,
2026-03-28T21:00:00+00:00,Paulista - A2,Votuporanguense,XV de Piracicaba,Over/Under Goals,Over 1.5,1.45,,,WON,
2026-03-28T21:00:00+00:00,Primera A,Cucuta,Chico,Over/Under Goals,Over 1.5,1.38,,,LOST,
2026-03-28T21:30:00+00:00,Copa De La Liga,Union La Calera,D. La Serena,Team Total Goals,Over 0.5,1.44,,,WON,
2026-03-28T21:30:00+00:00,Division Profesional - Apertura,Olimpia,2 de Mayo,Over/Under Goals,Under 3.5,1.25,,,LOST,
2026-03-28T22:00:00+00:00,Friendlies,Brazil U20,Paraguay U20,Team Total Goals,Under 2.5,1.48,,,LOST,
2026-03-28T22:00:00+00:00,Liga Premier Serie A,Tritons Vallarta,Los Cabos United,Over/Under Goals,Under 3.5,1.48,,,WON,
2026-03-28T22:00:00+00:00,Paulista - A3,Paulista,Portuguesa Santista,Double Chance,Draw/Away,1.44,,,LOST,
2026-03-28T22:30:00+00:00,NWSL Women,Seattle Reign FC,Racing Louisville W,Team Total Goals,Over 0.5,1.42,,,WON,
2026-03-28T22:30:00+00:00,Paulista - A2,Sertãozinho,Juventus,Double Chance,Draw/Away,1.4,,,WON,
2026-03-28T23:00:00+00:00,MLS Next Pro,Chattanooga,Columbus Crew II,Double Chance,Home/Draw,1.53,,,WON,
2026-03-28T23:00:00+00:00,MLS Next Pro,Vancouver Whitecaps II,Los Angeles FC II,Double Chance,Home/Draw,1.57,,,LOST,
2026-03-28T23:00:00+00:00,NWSL Women,North Carolina Courage W,Bay FC,Double Chance,Home/Draw,1.2,,,LOST,
2026-03-28T23:00:00+00:00,Primera B Metropolitana,Excursionistas,Brown DE Adrogue,Double Chance,Draw/Away,1.7,,,LOST,
2026-03-28T23:10:00+00:00,Primera A,Deportes Tolima,Jaguares,Over/Under Goals,Under 3.5,1.25,,,LOST,
2026-03-28T23:30:00+00:00,Division Profesional - Apertura,Cerro Porteno,Club Sp. San Lorenzo,Over/Under Goals,Over 1.5,1.25,,,WON,
2026-03-29T00:00:00+00:00,Friendlies,Haiti,Tunisia,Over/Under Goals,Over 1.5,1.5,,,LOST,
2026-03-29T00:45:00+00:00,NWSL Women,San Diego Wave W,Chicago Red Stars W,Over/Under Goals,Over 1.5,1.18,,,WON,
2026-03-29T01:00:00+00:00,Friendlies,Mexico,Portugal,Team Total Goals,Over 0.5,1.44,,,LOST,
2026-03-29T01:00:00+00:00,Liga de Expansión MX,Cancún,Tepatitlán,Asian Handicap,Home +0,1.7,,,WON,
2026-03-29T01:00:00+00:00,Liga de Expansión MX,Dorados,Correcaminos Uat,Over/Under Goals,Under 3.5,1.28,,,WON,
2026-03-29T01:00:00+00:00,Liga de Expansión MX,Monarcas,Irapuato,BTTS,Yes,1.67,,,LOST,
2026-03-29T01:20:00+00:00,Primera A,Deportivo Cali,Deportivo Pereira,Over/Under Goals,Over 1.5,1.35,,,LOST,
2026-03-29T04:00:00+00:00,New South Wales NPL,Blacktown City,SD Raiders,Team Total Goals,Over 0.5,1.25,,,WON,
2026-03-29T04:00:00+00:00,New South Wales NPL,Wollongong Wolves,Sydney Olympic,Over/Under Goals,Under 3.5,1.53,,,WON,
2026-03-29T10:00:00+00:00,Division 2 - Västra Götaland,Qviding FIF,Hestrafor,Over/Under Goals,Over 2.5,1.34,,,WON,
2026-03-29T10:00:00+00:00,Liga Revelação U23,Estrela U23,Rio Ave U23,Over/Under Goals,Under 3.5,1.35,,,WON,
2026-03-29T10:00:00+00:00,Primera División Femenina,Real Sociedad W,Edf Logrono W,Over/Under Goals,Under 3.5,1.67,,,WON,
2026-03-29T10:00:00+00:00,U19 Bundesliga,Nürnberg U19,Paderborn U19,1X2 / Match Winner,Away,1.6,,,WON,
2026-03-29T11:00:00+00:00,FA WSL,Chelsea W,Aston Villa W,1X2 / Match Winner,Home,1.22,,,WON,
2026-03-29T11:00:00+00:00,FA WSL,West Ham W,London City Lionesses,Over/Under Goals,Under 3.5,1.42,,,WON,
2026-03-29T11:00:00+00:00,Friendlies Clubs,Raufoss,Mjondalen,Over/Under Goals,Over 2.5,1.4,,,WON,
2026-03-29T11:00:00+00:00,Friendlies Clubs,Strommen,Grorud,Asian Handicap,Home +0,1.4,,,WON,
2026-03-29T11:00:00+00:00,Primera División Femenina,Granad. Tenerife W,Madrid CFF W,1X2 / Match Winner,Home,1.68,,,WON,
2026-03-29T12:00:00+00:00,Damallsvenskan,Piteå W,Kristianstad,Asian Handicap,Home +0.25,1.53,,,LOST,
2026-03-29T12:00:00+00:00,Frauen Bundesliga,Werder Bremen W,SGS Essen W,Over/Under Goals,Under 3.5,1.53,,,WON,
2026-03-29T12:00:00+00:00,Segunda Division,Eibar,Las Palmas,Over/Under Goals,Under 3.5,1.15,,,LOST,
2026-03-29T12:30:00+00:00,Serie C - Girone B,Pontedera,Bra,Over/Under Goals,Under 3.5,1.25,,,WON,
2026-03-29T13:00:00+00:00,2. SNL,Bistrica,Jesenice,Over/Under Goals,Over 1.5,1.17,,,WON,
2026-03-29T13:00:00+00:00,4. liga - Divizie C,Trutnov,Hlinsko,BTTS,Yes,1.4,,,LOST,
2026-03-29T13:00:00+00:00,Copa Rio U20,Portuguesa RJ U20,Fluminense U20,Asian Handicap,Home +1.25,1.43,,,LOST,
2026-03-29T13:00:00+00:00,Damallsvenskan,Djurgården,Växjö,Asian Handicap,Home +0.25,1.17,,,WON,
2026-03-29T13:00:00+00:00,Damallsvenskan,Häcken,Brommapojkarna W,Team Total Goals,Over 2.5,1.54,,,WON,
2026-03-29T13:00:00+00:00,Damallsvenskan,Malmö FF W,Uppsala W,Team Total Goals,Over 0.5,1.68,,,LOST,
2026-03-29T13:00:00+00:00,Friendlies Clubs,Sogndal,Asane,Team Total Goals,Under 2.5,1.15,,,WON,
2026-03-29T13:00:00+00:00,Friendlies,Lithuania,Georgia,Over/Under Goals,Under 3.5,1.28,,,WON,
2026-03-29T13:00:00+00:00,National 2 - Group B,Haguenau,Blois,Asian Handicap,Home +0.5,1.15,,,LOST,
2026-03-29T13:30:00+00:00,III Liga - Group 3,Ślęza Wrocław,Lechia Zielona Góra,Over/Under Goals,Under 3.5,1.46,,,WON,
2026-03-29T13:30:00+00:00,Premier League,GAP Connah S Quay FC,Barry Town,Team Total Goals,Over 0.5,1.17,,,WON,
2026-03-29T14:00:00+00:00,Campeonato de Portugal Prio - Group C,Fátima,Oliveira Hospital,Over/Under Goals,Under 3.5,1.22,,,WON,
2026-03-29T14:00:00+00:00,Campeonato de Portugal Prio - Group C,Mortágua,Marinhense,Over/Under Goals,Under 2.5,1.44,,,WON,
2026-03-29T14:00:00+00:00,Campeonato de Portugal Prio - Group C,Samora Correir,Peniche,Double Chance,Home/Draw,1.55,,,WON,
2026-03-29T14:00:00+00:00,Damallsvenskan,Hammarby,Rosengård W,1X2 / Match Winner,Home,1.47,,,WON,
2026-03-29T14:00:00+00:00,FA WSL,Leicester City WFC,Brighton W,Over/Under Goals,Under 3.5,1.53,,,WON,
2026-03-29T14:00:00+00:00,Frauen Bundesliga,VfL Wolfsburg W,Union Berlin W,Team Total Goals,Over 0.5,1.42,,,WON,
2026-03-29T14:00:00+00:00,Friendlies,Armenia,Belarus,Over/Under Goals,Over 1.5,1.38,,,WON,
2026-03-29T14:00:00+00:00,Torneo Federal A,9 de Julio Rafaela,Independiente De Chivilcoy,Over/Under Goals,Over 1.5,1.48,,,WON,
2026-03-29T14:15:00+00:00,Segunda Division,Cultural Leonesa,FC Andorra,Double Chance,Draw/Away,1.57,,,WON,
2026-03-29T14:30:00+00:00,2. SNL,Bilje,Gorica,Team Total Goals,Under 2.5,1.15,,,WON,
2026-03-29T14:30:00+00:00,First NL,Orijent 1919,Rudes,Double Chance,Draw/Away,1.4,,,LOST,
2026-03-29T14:30:00+00:00,Segunda Liga,União de Leiria,Pacos Ferreira,Asian Handicap,Away -1.25,1.45,,,LOST,
2026-03-29T15:00:00+00:00,Copa De La Liga,Coquimbo Unido,Concepción,Over/Under Goals,Under 3.5,1.28,,,WON,
2026-03-29T15:00:00+00:00,League Cup,El Geish,Wadi Degla,Double Chance,Home/Draw,1.42,,,WON,
2026-03-29T15:00:00+00:00,Primera División Femenina,Athletic Club W,Atletico Madrid W,Asian Handicap,Home +1.25,1.4,,,WON,
2026-03-29T15:30:00+00:00,Serie C - Girone B,Campobasso FC,Guidonia Montecelio 1937,Asian Handicap,Home +0,1.48,,,WON,
2026-03-29T15:30:00+00:00,Serie C - Girone B,Forli,Pianese,Asian Handicap,Home +0.25,1.4,,,WON,
2026-03-29T15:30:00+00:00,Serie C - Girone B,Vis Pesaro,Perugia,Over/Under Goals,Under 3.5,1.17,,,WON,
2026-03-29T16:30:00+00:00,Frauen Bundesliga,SC Freiburg W,1899 Hoffenheim W,Over/Under Goals,Under 3.5,1.53,,,WON,
2026-03-29T16:30:00+00:00,Segunda Division,Zaragoza,Racing Santander,Over/Under Goals,Under 3.5,1.33,,,WON,
2026-03-29T16:45:00+00:00,Première Division,Djoliba,ASKO,Over/Under Goals,Under 3.5,1.17,,,WON,
2026-03-29T16:45:00+00:00,Première Division,Stade Malien Bamako,Diarra,BTTS,No,1.53,,,WON,
2026-03-29T18:00:00+00:00,League Cup,Petrojet,Enppi,1X2 / Match Winner,Draw,2.7,,,LOST,
2026-03-29T18:00:00+00:00,Torneo Federal A,Germinal de Rawson,Kimberley Mar del Plata,Double Chance,Draw/Away,1.5,,,WON,
2026-03-29T18:30:00+00:00,Serie C - Girone B,Gubbio,Ravenna,Double Chance,Home/Draw,1.44,,,LOST,
2026-03-29T18:30:00+00:00,Serie C - Girone B,Pineto,Sambenedettese,Over/Under Goals,Under 3.5,1.17,,,WON,
2026-03-29T18:30:00+00:00,Torneo Federal A,Alvarado,Guillermo Brown,BTTS,No,1.44,,,WON,
2026-03-29T18:30:00+00:00,Torneo Federal A,Cipolletti,San Martín Mendoza,Over/Under Goals,Under 2.5,1.48,,,LOST,
2026-03-29T18:30:00+00:00,Torneo Federal A,Gimnasia Chivilcoy,Sportivo Belgrano,Double Chance,Draw/Away,1.55,,,WON,
2026-03-29T19:00:00+00:00,Friendlies,Colombia,France,Asian Handicap,Home +1.25,1.53,,,LOST,
2026-03-29T19:00:00+00:00,Primera División Femenina,Real Madrid W,Barcelona W,Team Total Goals,Over 0.5,1.73,,,LOST,
2026-03-29T19:00:00+00:00,Segunda Division,Almeria,Real Sociedad II,1X2 / Match Winner,Home,1.6,,,WON,
2026-03-29T19:00:00+00:00,Torneo Federal A,Argentino Monte Maíz,Costa Brava,Asian Handicap,Home +0.5,1.16,,,WON,
2026-03-29T19:00:00+00:00,Torneo Federal A,Villa Mitre,Circulo Deportivo,1X2 / Match Winner,Home,1.36,,,WON,
2026-03-29T19:30:00+00:00,Torneo Federal A,Bartolomé Mitre,Boca Unidos,Over/Under Goals,Over 1.5,1.4,,,LOST,
2026-03-29T19:30:00+00:00,Torneo Federal A,Gimnasia Concepción,Douglas Haig,Over/Under Goals,Over 1.5,1.48,,,WON,
2026-03-29T20:00:00+00:00,Copa Norte,Remo,Monte Roraima,Over/Under Goals,Over 1.5,1.25,,,WON,
2026-03-29T21:00:00+00:00,Copa Norte,Independência,Nacional AM,Over/Under Goals,Under 3.5,1.7,,,WON,
2026-03-29T21:00:00+00:00,Paulista - A2,Ferroviária,São José EC,Double Chance,Draw/Away,1.7,,,LOST,
2026-03-29T21:00:00+00:00,Torneo Federal A,Sarmiento de La Banda,Sarmiento Resistencia,Over/Under Goals,Over 1.5,1.3,,,WON,
2026-03-29T21:10:00+00:00,Primera A,Internacional de Bogota,Junior,1X2 / Match Winner,Draw,3.4,,,LOST,
2026-03-29T22:00:00+00:00,Division Profesional - Apertura,Club Guarani,Sportivo Trinidense,Team Total Goals,Over 0.5,1.48,,,LOST,
2026-03-29T22:30:00+00:00,Primera División - Apertura,Penarol,Racing Montevideo,Asian Handicap,Away -1.25,1.5,,,WON,
2026-03-29T22:30:00+00:00,Serie A,Atletico Paranaense,Botafogo,Team Total Goals,Under 2.5,1.18,,,LOST,
2026-03-29T23:00:00+00:00,Liga de Expansión MX,Mineros de Zacatecas,Tapatío,BTTS,Yes,1.7,,,WON,
2026-03-29T23:00:00+00:00,NWSL Women,NJ/NY Gotham FC W,Orlando Pride W,Over/Under Goals,Under 3.5,1.2,,,WON,
2026-03-29T23:20:00+00:00,Primera A,Deportivo Pasto,Atletico Nacional,Over/Under Goals,Over 2.5,2.1,,,WON,
2026-03-30T00:00:00+00:00,Liga Premier Serie B,Gorilas de Juanacatlan,Acambaro,Team Total Goals,Over 0.5,1.44,,,LOST,
2026-03-30T01:30:00+00:00,Primera A,Llaneros,Once Caldas,Double Chance,Draw/Away,1.44,,,WON,
2026-03-30T03:00:00+00:00,MLS Next Pro,Tacoma Defiance,Ventura County,Over/Under Goals,Over 2.5,1.5,,,LOST,
2026-03-30T11:00:00+00:00,Professional Development League,Swansea City U21,Barnsley U21,Over/Under Goals,Over 2.5,1.3,,,WON,
2026-03-30T12:00:00+00:00,Professional Development League,AFC Bournemouth U21,Crewe Alexandra U21,BTTS,Yes,1.4,,,WON,
2026-03-30T13:30:00+00:00,Liga Leumit,Hapoel Rishon LeZion,Kafr Qasim,Asian Handicap,Home +0,1.4,,,LOST,
2026-03-30T13:30:00+00:00,Liga Leumit,Ironi Modi'in,Hapoel Kfar Saba,Double Chance,Home/Draw,1.67,,,WON,
2026-03-30T13:30:00+00:00,Liga Leumit,Kiryat Yam SC,Hapoel Acre,Over/Under Goals,Under 3.5,1.25,,,WON,
2026-03-30T13:30:00+00:00,Liga Leumit,Maccabi Herzliya,Hapoel Hadera,Over/Under Goals,Under 3.5,1.28,,,WON,
2026-03-30T14:00:00+00:00,Friendlies Clubs,ODD Ballklubb,Lyn,Double Chance,Home/Draw,1.6,,,WON,
2026-03-30T15:00:00+00:00,League Cup,AL Masry,El Gouna FC,Over/Under Goals,Under 2.5,1.62,,,LOST,
2026-03-30T16:00:00+00:00,Frauen Bundesliga,Hamburger SV W,Bayer Leverkusen W,Over/Under Goals,Over 2.5,1.62,,,WON,
2026-03-30T16:00:00+00:00,Friendlies Clubs,Sandnes ULF,Haugesund,Over/Under Goals,Over 2.5,1.53,,,WON,
2026-03-30T16:30:00+00:00,First League,Torpedo Moskva,Ska-khabarovsk,Double Chance,Home/Draw,1.16,,,WON,
2026-03-30T16:30:00+00:00,Ligue 1,AS Camberene,Wally Daan,Over/Under Goals,Under 2.5,1.28,,,WON,
2026-03-30T16:30:00+00:00,Ligue 1,Gorée,Sonacos,BTTS,No,1.4,,,WON,
2026-03-30T18:00:00+00:00,League Cup,El Mokawloon,Masr,Over/Under Goals,Under 2.5,1.44,,,WON,
2026-03-30T18:30:00+00:00,Serie C - Girone B,Arezzo,Ascoli,Double Chance,Draw/Away,1.6,,,WON,
2026-03-30T21:00:00+00:00,Copa De La Liga,Cobresal,U. Catolica,Over/Under Goals,Over 1.5,1.25,,,WON,
2026-03-30T21:00:00+00:00,Primera División - Apertura,Cerro Largo,Danubio,Over/Under Goals,Over 1.5,1.45,,,WON,
2026-03-30T23:10:00+00:00,Primera A,Independiente Medellin,America de Cali,Over/Under Goals,Under 3.5,1.28,,,WON,
2026-03-30T23:30:00+00:00,Copa De La Liga,Palestino,O'Higgins,BTTS,Yes,1.57,,,WON,
2026-03-30T23:30:00+00:00,Copa De La Liga,Universidad de Concepcion,Nublense,Over/Under Goals,Under 3.5,1.2,,,WON,
2026-03-30T23:30:00+00:00,Division Profesional - Apertura,Libertad Asuncion,Deportivo Recoleta,1X2 / Match Winner,Home,1.6,,,WON,
2026-03-31T00:00:00+00:00,Primera División - Apertura,Central Espanol,Deportivo Maldonado,Over/Under Goals,Under 3.5,1.2,,,WON,
2026-03-31T01:20:00+00:00,Primera A,Millonarios,Fortaleza FC,Over/Under Goals,Over 1.5,1.33,,,WON,
2026-03-31T12:00:00+00:00,Professional Development League,Bristol City U21,Huddersfield Town U21,Double Chance,Draw/Away,1.44,,,WON,
2026-03-31T12:00:00+00:00,Professional Development League,Charlton Athletic U21,Peterborough United U21,Asian Handicap,Home +0.25,1.43,,,WON,
2026-03-31T12:00:00+00:00,Professional Development League,Wigan Athletic U21,Hull City U21,BTTS,Yes,1.25,,,LOST,
2026-03-31T12:30:00+00:00,Professional Development League,Millwall U21,Sheffield Wednesday U21,Asian Handicap,Away -1.25,1.5,,,WON,
2026-03-31T13:00:00+00:00,Liga Leumit,Hapoel Nazareth Illit,Bnei Yehuda,Team Total Goals,Over 0.5,1.42,,,WON,
2026-03-31T14:00:00+00:00,Liga Revelação U23,Torreense U23,Famalicão U23,Double Chance,Draw/Away,1.62,,,WON,
2026-03-31T14:00:00+00:00,Primera División - Apertura,Progreso,Liverpool Montevideo,Over/Under Goals,Under 3.5,1.25,,,LOST,
2026-03-31T16:00:00+00:00,Friendlies,Norway,Switzerland,Over/Under Goals,Over 2.5,1.62,,,LOST,
2026-03-31T16:00:00+00:00,Friendlies,Serbia,Saudi Arabia,1X2 / Match Winner,Draw,3.95,,,LOST,
2026-03-31T16:00:00+00:00,UEFA Nations League,Latvia,Gibraltar,Over/Under Goals,Under 3.5,1.33,,,WON,
2026-03-31T16:00:00+00:00,UEFA Nations League,Luxembourg,Malta,Over/Under Goals,Under 3.5,1.22,,,WON,
2026-03-31T16:30:00+00:00,Friendlies,Haiti,Iceland,Over/Under Goals,Over 1.5,1.35,,,WON,
2026-03-31T17:00:00+00:00,Friendlies,Hungary,Greece,Double Chance,Draw/Away,1.53,,,WON,
2026-03-31T17:00:00+00:00,Primera Division,Aldosivi,Argentinos JRS,Over/Under Goals,Under 3.5,1.18,,,WON,
2026-03-31T17:00:00+00:00,Segunda Division,Mirandes,Albacete,Over/Under Goals,Under 3.5,1.33,,,WON,
2026-03-31T18:00:00+00:00,Friendlies,Morocco,Paraguay,Over/Under Goals,Under 3.5,1.18,,,WON,
2026-03-31T18:00:00+00:00,Professional Development League,Brentford U21,Fleetwood Town U21,Over/Under Goals,Over 2.5,1.31,,,WON,
2026-03-31T18:00:00+00:00,Professional Development League,Colchester United U21,Sheffield United U21,Asian Handicap,Home +1.25,1.5,,,LOST,
2026-03-31T18:00:00+00:00,Segunda Division,Deportivo La Coruna,Cordoba,Over/Under Goals,Over 1.5,1.2,,,WON,
2026-03-31T18:30:00+00:00,Friendlies,Algeria,Uruguay,Over/Under Goals,Over 1.5,1.44,,,LOST,
2026-03-31T18:30:00+00:00,Friendlies,Scotland,Ivory Coast,Over/Under Goals,Over 1.5,1.4,,,LOST,
2026-03-31T18:45:00+00:00,Friendlies,Austria,South Korea,1X2 / Match Winner,Home,1.6,,,WON,
2026-03-31T18:45:00+00:00,Friendlies,England,Japan,1X2 / Match Winner,Home,1.59,,,LOST,
2026-03-31T18:45:00+00:00,Friendlies,Netherlands,Ecuador,Over/Under Goals,Over 1.5,1.3,,,WON,
2026-03-31T18:45:00+00:00,National League - North,AFC Fylde,Marine,Over/Under Goals,Over 2.5,1.45,,,LOST,
2026-03-31T18:45:00+00:00,National League - North,Alfreton Town,Chorley,Double Chance,Home/Draw,1.57,,,WON,
2026-03-31T18:45:00+00:00,National League - North,Hereford,Macclesfield,Team Total Goals,Over 0.5,1.15,,,WON,
2026-03-31T18:45:00+00:00,National League - North,Spennymoor Town,Kidderminster Harriers,Double Chance,Home/Draw,1.7,,,WON,
2026-03-31T18:45:00+00:00,National League - South,Enfield Town,Chesham United,Team Total Goals,Over 0.5,1.2,,,WON,
2026-03-31T18:45:00+00:00,National League - South,Maidenhead,Bath City,Team Total Goals,Over 0.5,1.17,,,WON,
2026-03-31T18:45:00+00:00,National League - South,Weston-super-Mare,Hemel Hempstead Town,Over/Under Goals,Under 3.5,1.22,,,WON,
2026-03-31T18:45:00+00:00,Non League Premier - Southern South,Hanwell Town,Sholing,Double Chance,Home/Draw,1.55,,,WON,
2026-03-31T18:45:00+00:00,Non League Premier - Southern South,Tiverton Town,Evesham United,Double Chance,Home/Draw,1.62,,,LOST,
2026-03-31T19:00:00+00:00,Friendlies,Spain,Egypt,Over/Under Goals,Under 3.5,1.65,,,WON,
2026-03-31T19:30:00+00:00,Segunda Division,Valladolid,Cadiz,Over/Under Goals,Over 1.5,1.28,,,WON,
2026-03-31T20:00:00+00:00,Liga Mayor,Universidad O&M,Salcedo,1X2 / Match Winner,Away,1.65,,,WON,
2026-03-31T21:00:00+00:00,Copa De La Liga,A. Italiano,Universidad de Chile,Team Total Goals,Over 0.5,1.5,,,WON,
2026-03-31T22:00:00+00:00,Primera División - Apertura,Defensor Sporting,Albion FC,Over/Under Goals,Under 3.5,1.18,,,WON,
2026-03-31T23:00:00+00:00,Friendlies,USA,Portugal,Over/Under Goals,Over 2.5,1.62,,,LOST,
2026-03-31T23:00:00+00:00,US Open Cup,Indy Eleven,Union Omaha,Team Total Goals,Over 0.5,1.44,,,WON,
2026-03-31T23:00:00+00:00,US Open Cup,Pittsburgh Riverhounds,Virginia Dream,Over/Under Goals,Under 3.5,2.2,,,WON,
2026-03-31T23:30:00+00:00,Copa De La Liga,Everton de Vina,Deportes Limache,Double Chance,Draw/Away,1.67,,,WON,
2026-03-31T23:30:00+00:00,Friendlies,Canada,Tunisia,Team Total Goals,Under 2.5,1.18,,,WON,
