date_utc,league,home,away,market,pick,price_at_publish,model_probability,result,grade,snapshot_frozen_at
2026-02-01T00:30:00+00:00,USL Super League,Fort Lauderdale United W,Lexington W,Double Chance,Home/Draw,1.55,,,LOST,
2026-02-01T00:30:00+00:00,USL Super League,Tampa Bay Sun W,Spokane Zephyr W,Asian Handicap,Home +0.25,1.65,,,WON,
2026-02-01T01:00:00+00:00,Liga MX Femenil,Mazatlán W,Necaxa W,Asian Handicap,Home +0,1.55,,,WON,
2026-02-01T01:00:00+00:00,Liga MX,Monterrey,Club Tijuana,Asian Handicap,Home +0.5,1.15,,,WON,
2026-02-01T01:00:00+00:00,Liga de Expansión MX,Monarcas,Cancún,Over/Under Goals,Under 3.5,1.3,,,WON,
2026-02-01T01:00:00+00:00,Primera Division,Atletico Tucuman,Huracan,Over/Under Goals,Under 3.5,1.15,,,WON,
2026-02-01T01:00:00+00:00,Primera Division,FAS,Águila,Over/Under Goals,Over 1.5,1.33,,,WON,
2026-02-01T01:00:00+00:00,Primera Division,Firpo,Inter,Over/Under Goals,Under 3.5,1.36,,,WON,
2026-02-01T01:00:00+00:00,Primera Division,Talleres Cordoba,Platense,Over/Under Goals,Under 2.5,1.38,,,LOST,
2026-02-01T01:10:00+00:00,Liga MX,Leon,Tigres UANL,Over/Under Goals,Under 3.5,1.36,,,WON,
2026-02-01T01:15:00+00:00,Primera Division,Isidro Metapán,Zacatecoluca,Over/Under Goals,Under 3.5,1.22,,,WON,
2026-02-01T01:30:00+00:00,Liga Nacional,CD Olimpia,Juticalpa,Over/Under Goals,Under 3.5,1.7,,,LOST,
2026-02-01T01:30:00+00:00,Liga Panameña de Fútbol,Plaza Amador,Tauro FC,Over/Under Goals,Under 3.5,1.25,,,WON,
2026-02-01T03:06:00+00:00,Liga MX Femenil,Tijuana W,Puebla W,1X2 / Match Winner,Home,1.3,,,WON,
2026-02-01T05:00:00+00:00,Friendlies Clubs,Oita Trinita,Consadole Sapporo,Over/Under Goals,Under 3.5,1.33,,,WON,
2026-02-01T06:00:00+00:00,A-League,Central Coast Mariners,Melbourne Victory,Over/Under Goals,Over 1.5,1.22,,,LOST,
2026-02-01T07:00:00+00:00,Premier League,Kowloon City,Warriors,Over/Under Goals,Under 3.5,2.17,,,LOST,
2026-02-01T10:00:00+00:00,1a Divisió,UE Santa Coloma,Ordino,Over/Under Goals,Under 3.5,1.62,,,WON,
2026-02-01T10:00:00+00:00,2. Lig,68 Aksaray Belediyespor,Isparta 32 Spor,Over/Under Goals,Over 1.5,1.27,,,WON,
2026-02-01T10:00:00+00:00,2. Lig,Adana 1954 FK,Batman Petrolspor,Over/Under Goals,Under 2.5,1.55,,,WON,
2026-02-01T10:00:00+00:00,2. Lig,Buca FK,Ankaraspor,Over/Under Goals,Under 3.5,1.33,,,LOST,
2026-02-01T10:00:00+00:00,2. Lig,Erbaaspor,Şanlıurfaspor,Over/Under Goals,Under 3.5,1.47,,,WON,
2026-02-01T10:00:00+00:00,2. Lig,Kepez Belediyespor,Muğlaspor,Over/Under Goals,Under 3.5,1.5,,,WON,
2026-02-01T10:00:00+00:00,Premier League,Welwalo Adigrat Uni,Arba Minch Kenema,Over/Under Goals,Under 2.5,1.33,,,LOST,
2026-02-01T10:00:00+00:00,Super League,Kisumu All Stars,Mwatate United,1X2 / Match Winner,Home,1.56,,,LOST,
2026-02-01T10:15:00+00:00,Tercera División RFEF - Group 4,Santurtzi,Leioa,Over/Under Goals,Under 3.5,1.18,,,WON,
2026-02-01T10:30:00+00:00,Challenge League,St. Andrews,Vittoriosa Stars,Over/Under Goals,Under 3.5,1.22,,,LOST,
2026-02-01T10:30:00+00:00,Segunda División RFEF - Group 3,Barbastro,Poblense,Double Chance,Home/Draw,1.55,,,LOST,
2026-02-01T10:30:00+00:00,TFF 1. Lig,Bandırmaspor,Van BB,Over/Under Goals,Under 3.5,1.36,,,WON,
2026-02-01T10:30:00+00:00,TFF 1. Lig,Sivasspor,Pendikspor,Over/Under Goals,Under 3.5,1.26,,,WON,
2026-02-01T10:30:00+00:00,Tercera División RFEF - Group 7,Trival Valderas,Galapagar,Double Chance,Draw/Away,1.67,,,WON,
2026-02-01T10:45:00+00:00,Tercera División RFEF - Group 13,Unión Molinense,Bala Azul,Over/Under Goals,Under 2.5,1.48,,,LOST,
2026-02-01T10:45:00+00:00,Tercera División RFEF - Group 7,Móstoles,Las Rozas,Team Total Goals,Under 2.5,1.18,,,LOST,
2026-02-01T11:00:00+00:00,C-League,Life Sihanoukville,Kompong Dewa,Over/Under Goals,Under 3.5,1.5,,,WON,
2026-02-01T11:00:00+00:00,C-League,Svay Rieng,National Defense,Over/Under Goals,Under 3.5,2.05,,,LOST,
2026-02-01T11:00:00+00:00,FKF Premier League,Kariobangi Sharks,Ulinzi Stars,Over/Under Goals,Under 2.5,1.33,,,WON,
2026-02-01T11:00:00+00:00,FKF Premier League,Shabana,Bandari,Double Chance,Home/Draw,1.22,,,WON,
2026-02-01T11:00:00+00:00,Friendlies Clubs,Džiugas Telšiai,Laagri,1X2 / Match Winner,Draw,4.5,,,WON,
2026-02-01T11:00:00+00:00,Primera División Femenina,Deportivo de La Coruña W,Real Madrid W,Over/Under Goals,Under 3.5,1.65,,,LOST,
2026-02-01T11:00:00+00:00,Primera División Femenina,FC Levante Badalona,Eibar W,Team Total Goals,Over 0.5,1.17,,,WON,
2026-02-01T11:00:00+00:00,Primera División RFEF - Group 1,Arenas Getxo,Ourense CF,Over/Under Goals,Under 3.5,1.17,,,WON,
2026-02-01T11:00:00+00:00,Primera División RFEF - Group 2,Marbella,Antequera,Over/Under Goals,Under 3.5,1.17,,,WON,
2026-02-01T11:00:00+00:00,Primera División RFEF - Group 2,Teruel,Real Murcia,Over/Under Goals,Under 2.5,1.4,,,WON,
2026-02-01T11:00:00+00:00,Segunda División RFEF - Group 1,Numancia,Lealtad,Over/Under Goals,Under 3.5,1.21,,,WON,
2026-02-01T11:00:00+00:00,Segunda División RFEF - Group 3,Castellón II,Atlético Baleares,Double Chance,Home/Draw,1.7,,,WON,
2026-02-01T11:00:00+00:00,Segunda División RFEF - Group 3,Espanyol II,Andratx,Over/Under Goals,Under 2.5,1.57,,,LOST,
2026-02-01T11:00:00+00:00,Segunda División RFEF - Group 3,Porreres,Ibiza Islas Pitiusas,Over/Under Goals,Under 2.5,1.44,,,WON,
2026-02-01T11:00:00+00:00,Segunda División RFEF - Group 3,Torrent,Atlètic Lleida,Double Chance,Draw/Away,1.55,,,WON,
2026-02-01T11:00:00+00:00,Segunda División RFEF - Group 4,Puente Genil,Antoniano,Over/Under Goals,Under 3.5,1.16,,,WON,
2026-02-01T11:00:00+00:00,Segunda División RFEF - Group 4,Recreativo Huelva,Almería II,1X2 / Match Winner,Home,1.47,,,WON,
2026-02-01T11:00:00+00:00,Segunda División RFEF - Group 4,Xerez,Melilla,Over/Under Goals,Under 2.5,1.44,,,WON,
2026-02-01T11:00:00+00:00,Segunda División RFEF - Group 5,Elche II,Real Madrid III,Double Chance,Home/Draw,1.4,,,WON,
2026-02-01T11:00:00+00:00,Segunda División RFEF - Group 5,Fuenlabrada,Conquense,Over/Under Goals,Under 3.5,1.18,,,WON,
2026-02-01T11:00:00+00:00,Segunda División RFEF - Group 5,Navalcarnero,SS Reyes,Over/Under Goals,Under 3.5,1.18,,,WON,
2026-02-01T11:00:00+00:00,Segunda División RFEF - Group 5,RSD Alcalá,Colonia Moscardó,Over/Under Goals,Under 3.5,1.22,,,WON,
2026-02-01T11:00:00+00:00,Segunda División RFEF - Group 5,Socuéllamos,Getafe II,Over/Under Goals,Under 3.5,1.22,,,WON,
2026-02-01T11:00:00+00:00,Segunda División RFEF - Group 5,Tenerife II,Intercity,Double Chance,Home/Draw,1.4,,,WON,
2026-02-01T11:00:00+00:00,Segunda Liga,Sporting CP B,Oliveirense,Over/Under Goals,Under 3.5,1.3,,,WON,
2026-02-01T11:00:00+00:00,Tercera División RFEF - Group 1,Villalbés,Barbadás,Over/Under Goals,Under 2.5,1.5,,,LOST,
2026-02-01T11:00:00+00:00,Tercera División RFEF - Group 10,Utrera,Dos Hermanas,Double Chance,Home/Draw,1.44,,,LOST,
2026-02-01T11:00:00+00:00,Tercera División RFEF - Group 15,Beti Onak,Subiza,Double Chance,Home/Draw,1.67,,,LOST,
2026-02-01T11:00:00+00:00,Tercera División RFEF - Group 18,Albacete II,Tarancón,Asian Handicap,Home +0.25,1.47,,,WON,
2026-02-01T11:00:00+00:00,Tercera División RFEF - Group 18,Toledo,Azuqueca,Over/Under Goals,Under 3.5,1.26,,,WON,
2026-02-01T11:00:00+00:00,Tercera División RFEF - Group 2,Llanera,Lenense,Over/Under Goals,Under 3.5,1.57,,,WON,
2026-02-01T11:00:00+00:00,Tercera División RFEF - Group 3,Gimnástica Torrelavega,Laredo,Over/Under Goals,Under 3.5,1.44,,,WON,
2026-02-01T11:00:00+00:00,Tercera División RFEF - Group 6,Levante II,Atzeneta,Over/Under Goals,Under 2.5,1.75,,,WON,
2026-02-01T11:00:00+00:00,Thai League 1,Nakhon Ratchasima FC,Lamphun Warrior,Over/Under Goals,Under 3.5,1.33,,,WON,
2026-02-01T11:00:00+00:00,Thai League 2,Songkhla,Nakhon Pathom,Over/Under Goals,Under 3.5,1.16,,,WON,
2026-02-01T11:15:00+00:00,Ekstraklasa,Motor Lublin,Pogon Szczecin,Double Chance,Home/Draw,1.5,,,WON,
2026-02-01T11:15:00+00:00,Eredivisie,Excelsior,Ajax,Over/Under Goals,Under 3.5,1.55,,,LOST,
2026-02-01T11:30:00+00:00,Persian Gulf Pro League,Esteghlal Khuzestan,Aluminium Arak,Over/Under Goals,Under 2.5,1.33,,,WON,
2026-02-01T11:30:00+00:00,Persian Gulf Pro League,Tractor Sazi,Sepahan FC,Over/Under Goals,Under 2.5,1.41,,,WON,
2026-02-01T11:30:00+00:00,Segunda División RFEF - Group 4,La Unión Atlético,Lorca Deportiva,Over/Under Goals,Under 3.5,1.15,,,WON,
2026-02-01T11:30:00+00:00,Serie A,Torino,Lecce,Team Total Goals,Under 2.5,1.16,,,WON,
2026-02-01T11:30:00+00:00,Serie C - Girone A,Cittadella,Albinoleffe,Double Chance,Home/Draw,1.18,,,LOST,
2026-02-01T11:30:00+00:00,Serie C - Girone A,Pro Patria,Vicenza Virtus,Over/Under Goals,Under 3.5,1.25,,,LOST,
2026-02-01T11:30:00+00:00,Tercera División RFEF - Group 1,Coruña,Silva,Over/Under Goals,Under 2.5,1.5,,,LOST,
2026-02-01T11:30:00+00:00,Thai League 1,Ratchaburi,Muangthong United,1X2 / Match Winner,Home,1.57,,,WON,
2026-02-01T11:30:00+00:00,Thai League 1,Sukhothai FC,Uthai Thani,Over/Under Goals,Under 3.5,1.4,,,WON,
2026-02-01T11:30:00+00:00,Thai League 2,Police Tero,Esan Pattaya,Double Chance,Home/Draw,1.18,,,WON,
2026-02-01T11:45:00+00:00,NB I,Diosgyori VTK,Kisvarda FC,Over/Under Goals,Over 1.5,1.25,,,WON,
2026-02-01T11:55:00+00:00,FA WSL,Brighton W,London City Lionesses,Over/Under Goals,Under 3.5,1.7,,,WON,
2026-02-01T11:55:00+00:00,FA WSL,Everton W,Aston Villa W,Double Chance,Home/Draw,1.7,,,WON,
2026-02-01T11:55:00+00:00,FA WSL,Manchester United W,Liverpool W,Over/Under Goals,Over 2.5,1.48,,,WON,
2026-02-01T11:55:00+00:00,FA WSL,West Ham W,Tottenham Hotspur W,Over/Under Goals,Under 3.5,1.36,,,WON,
2026-02-01T12:00:00+00:00,2. Lig,24 Erzincanspor,Karacabey Belediyespor,Over/Under Goals,Under 3.5,1.25,,,WON,
2026-02-01T12:00:00+00:00,2. Lig,Elazığspor,Altınordu,Over/Under Goals,Under 3.5,1.58,,,WON,
2026-02-01T12:00:00+00:00,2. Lig,Menemen Belediyespor,Kırklarelispor,Over/Under Goals,Under 3.5,1.3,,,WON,
2026-02-01T12:00:00+00:00,2. Lig,Somaspor,Muş Menderesspor,1X2 / Match Winner,Away,1.19,,,WON,
2026-02-01T12:00:00+00:00,2. Lig,İnegölspor,Kastamonuspor 1966,Over/Under Goals,Under 3.5,1.31,,,LOST,
2026-02-01T12:00:00+00:00,Czech Liga,Slovácko,Baník Ostrava,Over/Under Goals,Under 3.5,1.28,,,LOST,
2026-02-01T12:00:00+00:00,FKF Premier League,Murang'a SEAL,APS Bomet,Double Chance,Home/Draw,1.25,,,WON,
2026-02-01T12:00:00+00:00,Iraqi League,Al-Qasim,Duhok,Over/Under Goals,Under 3.5,1.22,,,WON,
2026-02-01T12:00:00+00:00,Premier League,Mekelle Kenema,Ethiopia Bunna,Over/Under Goals,Under 2.5,1.4,,,WON,
2026-02-01T12:00:00+00:00,Premyer Liqa,Araz,Neftchi Baku,Double Chance,Home/Draw,1.55,,,LOST,
2026-02-01T12:00:00+00:00,Primera División Femenina,Granad. Tenerife W,Real Sociedad W,1X2 / Match Winner,Draw,3.4,,,WON,
2026-02-01T12:00:00+00:00,Professional Development League,Brentford U21,Bristol City U21,Team Total Goals,Under 2.5,1.94,,,WON,
2026-02-01T12:00:00+00:00,Super League,Kabati Youth FC,Mombasa Elite,Over/Under Goals,Under 2.5,1.53,,,WON,
2026-02-01T12:00:00+00:00,Super League,Soy United,Migori Youth,Over/Under Goals,Under 2.5,1.44,,,WON,
2026-02-01T12:00:00+00:00,Super League,Vihiga United FC,Kibera Black Stars,Double Chance,Home/Draw,1.5,,,WON,
2026-02-01T12:00:00+00:00,Super Liga,Mladost Lucani,OFK Beograd,Double Chance,Home/Draw,1.45,,,WON,
2026-02-01T12:00:00+00:00,Thai League 1,Buriram United,Bangkok United,1X2 / Match Winner,Home,1.55,,,LOST,
2026-02-01T12:00:00+00:00,Thai League 2,Phrae United,Mahasarakham United,Over/Under Goals,Under 3.5,1.3,,,LOST,
2026-02-01T12:00:00+00:00,Women's Championship,Durham W,Portsmouth W,Over/Under Goals,Under 3.5,1.37,,,WON,
2026-02-01T12:30:00+00:00,2. Division,Iraklis Yerolakkou,Ethnikos Latsion,Over/Under Goals,Under 3.5,1.22,,,WON,
2026-02-01T12:30:00+00:00,3. Liga,SSV Ulm 1846,MSV Duisburg,Over/Under Goals,Under 3.5,1.44,,,WON,
2026-02-01T12:30:00+00:00,Bundesliga 2,Dynamo Dresden,Arminia Bielefeld,Over/Under Goals,Under 3.5,1.33,,,WON,
2026-02-01T12:30:00+00:00,Bundesliga 2,Fortuna Düsseldorf,SC Paderborn 07,Over/Under Goals,Under 3.5,1.48,,,WON,
2026-02-01T12:30:00+00:00,Bundesliga 2,Hertha BSC,SV Darmstadt 98,Over/Under Goals,Under 3.5,1.44,,,LOST,
2026-02-01T12:30:00+00:00,Challenger Pro League,K. Lierse S.K.,Beerschot VA,Over/Under Goals,Under 3.5,1.38,,,WON,
2026-02-01T12:30:00+00:00,Challenger Pro League,Kortrijk,Lokeren-Temse,Over/Under Goals,Under 3.5,1.42,,,LOST,
2026-02-01T12:30:00+00:00,Jupiler Pro League,Standard Liege,Anderlecht,Over/Under Goals,Under 3.5,1.25,,,WON,
2026-02-01T12:30:00+00:00,Premier League 2 Division One,Leeds United U21,Arsenal U21,Team Total Goals,Under 2.5,1.5,,,LOST,
2026-02-01T12:30:00+00:00,Tercera División RFEF - Group 10,Castilleja,Pozoblanco,Over/Under Goals,Under 2.5,1.65,,,WON,
2026-02-01T13:00:00+00:00,CAF Champions League,Simba,ES Tunis,Over/Under Goals,Under 3.5,1.2,,,LOST,
2026-02-01T13:00:00+00:00,CAF Confederation Cup,Kaizer Chiefs,ZESCO United,Over/Under Goals,Under 3.5,1.45,,,WON,
2026-02-01T13:00:00+00:00,CAF Confederation Cup,Otôho d'Oyo,Singida Black Stars,Over/Under Goals,Under 3.5,1.18,,,WON,
2026-02-01T13:00:00+00:00,CAF Confederation Cup,Stellenbosch,CR Belouizdad,Over/Under Goals,Under 3.5,1.25,,,WON,
2026-02-01T13:00:00+00:00,Challenge League,FC WIL 1900,Stade Nyonnais,Over/Under Goals,Under 2.5,1.95,,,WON,
2026-02-01T13:00:00+00:00,Challenge League,Santa Lucía,Melita,Over/Under Goals,Under 3.5,1.4,,,LOST,
2026-02-01T13:00:00+00:00,Challenge League,Zurrieq,Mgarr United,Double Chance,Home/Draw,1.55,,,WON,
2026-02-01T13:00:00+00:00,Derde Divisie - Saturday,Hoogeveen,ROHDA Raalte,Asian Handicap,Home +1.25,1.49,,,WON,
2026-02-01T13:00:00+00:00,Frauen Bundesliga,Hamburger SV W,SC Freiburg W,Team Total Goals,Under 2.5,1.3,,,WON,
2026-02-01T13:00:00+00:00,Friendlies Clubs,Sarpsborg 08 FF,Osters IF,Over/Under Goals,Over 1.5,1.17,,,WON,
2026-02-01T13:00:00+00:00,Gamma Ethniki - Group 1,Panthrakikos,Xanthi FC,Double Chance,Home/Draw,1.17,,,WON,
2026-02-01T13:00:00+00:00,Gamma Ethniki - Group 4,Thyella Patras,Panachaiki FC,Double Chance,Home/Draw,1.7,,,WON,
2026-02-01T13:00:00+00:00,Gamma Ethniki - Group 5,Apollon Kalyt.,Diagoras,Double Chance,Home/Draw,1.44,,,WON,
2026-02-01T13:00:00+00:00,Gamma Ethniki - Group 6,Ethnikos Piraeus,Saronikos Anavyssou,Over/Under Goals,Under 3.5,1.24,,,WON,
2026-02-01T13:00:00+00:00,La Liga,Real Madrid,Rayo Vallecano,Over/Under Goals,Over 1.5,1.17,,,WON,
2026-02-01T13:00:00+00:00,Ligue 1,AS Gabes,ES Sahel,Double Chance,Home/Draw,1.7,,,WON,
2026-02-01T13:00:00+00:00,Ligue 1,Jeunesse Sportive Omrane,CS Sfaxien,Over/Under Goals,Under 2.5,1.42,,,WON,
2026-02-01T13:00:00+00:00,Ligue 1,US Monastirienne,AS Marsa,Double Chance,Home/Draw,1.16,,,WON,
2026-02-01T13:00:00+00:00,Ligue 2,CS Hammam-Lif,BS Bouhajla,1X2 / Match Winner,Home,1.53,,,LOST,
2026-02-01T13:00:00+00:00,Ligue 2,EM Mahdia,Sporting Ben Arous,Over/Under Goals,Under 2.5,1.4,,,WON,
2026-02-01T13:00:00+00:00,Ligue 2,ES Hammam-Sousse,CS Chebba,Over/Under Goals,Under 2.5,1.7,,,LOST,
2026-02-01T13:00:00+00:00,Ligue 2,Kerkennah,Bouselem,Over/Under Goals,Under 2.5,1.5,,,WON,
2026-02-01T13:00:00+00:00,Ligue 2,Redeyef,Korba,Over/Under Goals,Under 2.5,1.44,,,LOST,
2026-02-01T13:00:00+00:00,Ligue 2,US Tataouine,Sfax Railways,Over/Under Goals,Under 2.5,1.53,,,WON,
2026-02-01T13:00:00+00:00,NB II,Bekescsaba 1912,Soroksar,Asian Handicap,Home +0,1.57,,,WON,
2026-02-01T13:00:00+00:00,NB II,Karcag SE,Mezokovesd-zsory,Over/Under Goals,Under 3.5,1.28,,,WON,
2026-02-01T13:00:00+00:00,NB II,Szentlőrinc SE,Budafoki LC,Over/Under Goals,Under 3.5,1.25,,,LOST,
2026-02-01T13:00:00+00:00,NB II,Tiszakecske FC,Kozarmisleny FC,Over/Under Goals,Under 3.5,1.28,,,WON,
2026-02-01T13:00:00+00:00,Paraense,Tuna Luso,Águia de Marabá,Double Chance,Home/Draw,1.4,,,LOST,
2026-02-01T13:00:00+00:00,Paulista - A3,Portuguesa Santista,Rio Branco SP,Over/Under Goals,Under 3.5,1.2,,,WON,
2026-02-01T13:00:00+00:00,Premier League 2 Division One,Sunderland U21,Leicester City U21,Double Chance,Draw/Away,1.7,,,LOST,
2026-02-01T13:00:00+00:00,Premier League,Fasil Ketema,Kedus Giorgis,Asian Handicap,Home +0.25,1.47,,,WON,
2026-02-01T13:00:00+00:00,Premier League,Valletta FC,Naxxar Lions,1X2 / Match Winner,Home,1.53,,,WON,
2026-02-01T13:00:00+00:00,Segunda Division,Almeria,AD Ceuta FC,Team Total Goals,Over 0.5,1.48,,,WON,
2026-02-01T13:00:00+00:00,Super League,FC Luzern,FC ST. Gallen,Over/Under Goals,Over 1.5,1.18,,,WON,
2026-02-01T13:00:00+00:00,Super League,Green Buffaloes,Red Arrows,Asian Handicap,Away -0.25,1.18,,,WON,
2026-02-01T13:00:00+00:00,TFF 1. Lig,Boluspor,Sakaryaspor,Over/Under Goals,Under 3.5,1.39,,,WON,
2026-02-01T13:00:00+00:00,Women's Championship,Sheffield United W,Charlton Athletic W,Over/Under Goals,Under 3.5,1.15,,,WON,
2026-02-01T13:15:00+00:00,Presidents Cup,Shabab Al Ahli Dubai,Khorfakkan,Over/Under Goals,Under 3.5,1.8,,,LOST,
2026-02-01T13:30:00+00:00,Derde Divisie - Sunday,UNA,Gemert,Over/Under Goals,Under 3.5,1.43,,,LOST,
2026-02-01T13:30:00+00:00,Eredivisie,Heracles,Fortuna Sittard,Team Total Goals,Over 0.5,1.2,,,WON,
2026-02-01T13:30:00+00:00,Eredivisie,PSV Eindhoven,Feyenoord,Over/Under Goals,Over 2.5,1.4,,,WON,
2026-02-01T13:30:00+00:00,Persian Gulf Pro League,Paykan,Esteghlal FC,Over/Under Goals,Under 2.5,1.99,,,WON,
2026-02-01T13:30:00+00:00,Premier Soccer League,TS Galaxy,Sekhukhune United,Double Chance,Home/Draw,1.42,,,LOST,
2026-02-01T13:30:00+00:00,Serie C - Girone A,PRO Vercelli,Novara,Over/Under Goals,Under 2.5,1.55,,,WON,
2026-02-01T13:30:00+00:00,Serie C - Girone B,Juventus U23,Pineto,Over/Under Goals,Under 3.5,1.2,,,WON,
2026-02-01T13:30:00+00:00,Serie D - Girone A,Asti,Cairese,Double Chance,Home/Draw,1.4,,,WON,
2026-02-01T13:30:00+00:00,Serie D - Girone A,Celle Varazze,Lavagnese,Over/Under Goals,Under 3.5,1.19,,,WON,
2026-02-01T13:30:00+00:00,Serie D - Girone A,Città di Varese,Club Milano,Over/Under Goals,Under 3.5,1.22,,,WON,
2026-02-01T13:30:00+00:00,Serie D - Girone A,Derthona,Valenzana,Over/Under Goals,Under 3.5,1.2,,,WON,
2026-02-01T13:30:00+00:00,Serie D - Girone A,NovaRomentin,Biellese,Over/Under Goals,Under 2.5,1.62,,,LOST,
2026-02-01T13:30:00+00:00,Serie D - Girone A,Saluzzo,Gozzano,Over/Under Goals,Under 3.5,1.25,,,LOST,
2026-02-01T13:30:00+00:00,Serie D - Girone B,Castellanzese,Sondrio,Over/Under Goals,Under 3.5,1.24,,,WON,
2026-02-01T13:30:00+00:00,Serie D - Girone B,Pavia,Real Calepina,Double Chance,Home/Draw,1.53,,,LOST,
2026-02-01T13:30:00+00:00,Serie D - Girone B,USD Casatese,Oltrepò,Over/Under Goals,Under 3.5,1.22,,,WON,
2026-02-01T13:30:00+00:00,Serie D - Girone B,Varesina,Villa Valle,Over/Under Goals,Under 3.5,1.29,,,LOST,
2026-02-01T13:30:00+00:00,Serie D - Girone B,Virtus Ciserano Bergamo,Caldiero Terme,Double Chance,Home/Draw,1.42,,,WON,
2026-02-01T13:30:00+00:00,Serie D - Girone B,Vogherese,Brusaporto,Over/Under Goals,Under 3.5,1.46,,,WON,
2026-02-01T13:30:00+00:00,Serie D - Girone C,Altavilla,Adriese,Over/Under Goals,Under 2.5,1.55,,,LOST,
2026-02-01T13:30:00+00:00,Serie D - Girone C,Clodiense,Brian Lignano,Over/Under Goals,Under 3.5,1.28,,,WON,
2026-02-01T13:30:00+00:00,Serie D - Girone C,Conegliano,Este,Over/Under Goals,Under 2.5,1.55,,,WON,
2026-02-01T13:30:00+00:00,Serie D - Girone C,Legnago Salus,Calvi Noale,Asian Handicap,Home +0,1.4,,,LOST,
2026-02-01T13:30:00+00:00,Serie D - Girone C,Luparense,Campodarsego,Over/Under Goals,Under 2.5,1.57,,,WON,
2026-02-01T13:30:00+00:00,Serie D - Girone C,Mestre,Cjarlins Muzane,Over/Under Goals,Under 2.5,1.5,,,WON,
2026-02-01T13:30:00+00:00,Serie D - Girone C,San Luigi,Vigasio,Over/Under Goals,Under 3.5,1.29,,,WON,
2026-02-01T13:30:00+00:00,Serie D - Girone C,Treviso,Bassano Virtus,Over/Under Goals,Under 2.5,1.55,,,WON,
2026-02-01T13:30:00+00:00,Serie D - Girone D,Cittadella Vis Modena,Sant'Angelo,Over/Under Goals,Under 3.5,1.2,,,WON,
2026-02-01T13:30:00+00:00,Serie D - Girone D,Coriano,Trevigliese,Over/Under Goals,Under 3.5,1.27,,,WON,
2026-02-01T13:30:00+00:00,Serie D - Girone D,Crema,Pro Sesto,1X2 / Match Winner,Draw,3.3,,,LOST,
2026-02-01T13:30:00+00:00,Serie D - Girone D,Desenzano Calvina,Progresso,Over/Under Goals,Under 3.5,1.28,,,LOST,
2026-02-01T13:30:00+00:00,Serie D - Girone D,Imolese,Tuttocuoio,Over/Under Goals,Under 3.5,1.27,,,WON,
2026-02-01T13:30:00+00:00,Serie D - Girone D,Pistoiese,Piacenza,Over/Under Goals,Under 2.5,1.67,,,WON,
2026-02-01T13:30:00+00:00,Serie D - Girone D,Rovato Vertovese,Lentigione,Over/Under Goals,Under 2.5,1.54,,,LOST,
2026-02-01T13:30:00+00:00,Serie D - Girone D,Sangiuliano City,Correggese,Over/Under Goals,Under 3.5,1.25,,,WON,
2026-02-01T13:30:00+00:00,Serie D - Girone D,Sasso Marconi Zola,Pro Palazzolo,Over/Under Goals,Under 3.5,1.22,,,LOST,
2026-02-01T13:30:00+00:00,Serie D - Girone E,Camaiore,Grosseto,Over/Under Goals,Under 3.5,1.32,,,WON,
2026-02-01T13:30:00+00:00,Serie D - Girone E,Gavorrano,Prato,Over/Under Goals,Under 3.5,1.21,,,WON,
2026-02-01T13:30:00+00:00,Serie D - Girone E,Orvietana Calcio,Seravezza,Over/Under Goals,Under 3.5,1.24,,,WON,
2026-02-01T13:30:00+00:00,Serie D - Girone E,Poggibonsi,Ghivizzano Borgo Mozzano,Double Chance,Home/Draw,1.57,,,WON,
2026-02-01T13:30:00+00:00,Serie D - Girone E,Scandicci,San Donato Tavarnelle,Over/Under Goals,Under 2.5,1.5,,,WON,
2026-02-01T13:30:00+00:00,Serie D - Girone E,Sporting Trestina,Montevarchi Calcio,Over/Under Goals,Under 3.5,1.18,,,WON,
2026-02-01T13:30:00+00:00,Serie D - Girone E,Tau Altopascio,Foligno Calcio,Double Chance,Draw/Away,1.67,,,LOST,
2026-02-01T13:30:00+00:00,Serie D - Girone E,Terranuova Traiana,Robur Siena,Asian Handicap,Home +0.25,1.65,,,LOST,
2026-02-01T13:30:00+00:00,Serie D - Girone F,Ancona,Castelfidardo Calcio,Over/Under Goals,Under 3.5,1.33,,,WON,
2026-02-01T13:30:00+00:00,Serie D - Girone F,Fossombrone,Sora,Over/Under Goals,Under 2.5,1.68,,,WON,
2026-02-01T13:30:00+00:00,Serie D - Girone F,L'Aquila,Chieti,Over/Under Goals,Under 3.5,1.47,,,WON,
2026-02-01T13:30:00+00:00,Serie D - Girone F,Notaresco,Real Giulianova,Over/Under Goals,Under 2.5,1.57,,,WON,
2026-02-01T13:30:00+00:00,Serie D - Girone F,Ostia Mare,Atletico Ascoli,Team Total Goals,Over 0.5,1.17,,,WON,
2026-02-01T13:30:00+00:00,Serie D - Girone F,Sammaurese,Maceratese,Double Chance,Home/Draw,1.67,,,LOST,
2026-02-01T13:30:00+00:00,Serie D - Girone F,Teramo,Vigor Senigallia,Over/Under Goals,Under 3.5,1.24,,,LOST,
2026-02-01T13:30:00+00:00,Serie D - Girone F,Termoli Calcio,Unipomezia,Over/Under Goals,Under 2.5,1.63,,,WON,
2026-02-01T13:30:00+00:00,Serie D - Girone G,Trastevere,Real Monterotondo,Over/Under Goals,Over 1.5,1.18,,,WON,
2026-02-01T13:30:00+00:00,Serie D - Girone H,Afragolese,Heraclea,Double Chance,Home/Draw,1.28,,,WON,
2026-02-01T13:30:00+00:00,Serie D - Girone H,Gravina,Fidelis Andria,Double Chance,Home/Draw,1.42,,,WON,
2026-02-01T13:30:00+00:00,Serie D - Girone I,Acireale,AC Palermo,Over/Under Goals,Under 3.5,1.36,,,LOST,
2026-02-01T13:30:00+00:00,Serie D - Girone I,Enna,Igea Virtus,1X2 / Match Winner,Draw,3.5,,,WON,
2026-02-01T13:30:00+00:00,Serie D - Girone I,Milazzo,Gelbison,Over/Under Goals,Under 2.5,1.6,,,LOST,
2026-02-01T13:30:00+00:00,Serie D - Girone I,Reggina,Savoia,Double Chance,Home/Draw,1.17,,,WON,
2026-02-01T13:30:00+00:00,Super Liga,Novi Pazar,FK Spartak Zdrepceva KRV,Asian Handicap,Away -1.25,1.5,,,WON,
2026-02-01T13:45:00+00:00,Ekstraklasa,Wisla Plock,Raków Częstochowa,Over/Under Goals,Under 3.5,1.22,,,WON,
2026-02-01T14:00:00+00:00,1. Division,Omonia Nicosia,Krasava Ypsonas,Over/Under Goals,Under 3.5,1.67,,,WON,
2026-02-01T14:00:00+00:00,1. SNL,Maribor,Celje,1X2 / Match Winner,Draw,3.66,,,WON,
2026-02-01T14:00:00+00:00,3. Lig - Group 3,Giresunspor,Orduspor 1967,Over/Under Goals,Under 3.5,1.32,,,WON,
2026-02-01T14:00:00+00:00,Botola 2,Stade Marocain,Chabab Mohammédia,Over/Under Goals,Under 2.5,1.5,,,LOST,
2026-02-01T14:00:00+00:00,Friendlies Clubs,Brondby,Odense,BTTS,Yes,1.52,,,WON,
2026-02-01T14:00:00+00:00,Ligue 1,Lyon,Lille,Asian Handicap,Home +0,1.4,,,WON,
2026-02-01T14:00:00+00:00,Mineiro - 1,Itabirito,Tombense,Over/Under Goals,Under 3.5,1.2,,,LOST,
2026-02-01T14:00:00+00:00,NB II,Ajka,BVSC,Over/Under Goals,Under 3.5,1.18,,,WON,
2026-02-01T14:00:00+00:00,NB II,Csakvar,Vasas,Over/Under Goals,Under 3.5,1.36,,,LOST,
2026-02-01T14:00:00+00:00,NB II,Kecskeméti TE,Szeged 2011,Over/Under Goals,Under 2.5,1.7,,,LOST,
2026-02-01T14:00:00+00:00,Premier League,Aston Villa,Brentford,Over/Under Goals,Under 3.5,1.42,,,WON,
2026-02-01T14:00:00+00:00,Premier League,Manchester United,Fulham,Over/Under Goals,Over 1.5,1.22,,,WON,
2026-02-01T14:00:00+00:00,Premier League,Nottingham Forest,Crystal Palace,Over/Under Goals,Under 3.5,1.28,,,WON,
2026-02-01T14:00:00+00:00,Premiership,Hibernian,Rangers,Double Chance,Draw/Away,1.4,,,WON,
2026-02-01T14:00:00+00:00,Prva HNL,NK Osijek,HNK Rijeka,Double Chance,Home/Draw,1.67,,,WON,
2026-02-01T14:00:00+00:00,Segunda Liga,Feirense,Maritimo,Over/Under Goals,Under 3.5,1.22,,,WON,
2026-02-01T14:00:00+00:00,Serie A,Como,Atalanta,Over/Under Goals,Under 3.5,1.33,,,WON,
2026-02-01T14:00:00+00:00,Serie B,Reggiana,Juve Stabia,Over/Under Goals,Under 3.5,1.18,,,WON,
2026-02-01T14:00:00+00:00,Serie D - Girone A,Imperia,Vado,Double Chance,Draw/Away,1.19,,,WON,
2026-02-01T14:00:00+00:00,Serie D - Girone A,Sanremese,Chisola,Asian Handicap,Home +0.25,1.7,,,WON,
2026-02-01T14:00:00+00:00,Serie D - Girone A,Sestri Levante,Ligorna,Double Chance,Home/Draw,1.5,,,LOST,
2026-02-01T14:00:00+00:00,Serie D - Girone H,Città di Fasano,Real Acerrana,Over/Under Goals,Under 2.5,1.9,,,WON,
2026-02-01T14:00:00+00:00,Serie D - Girone H,Ferrandina,Pompei,Double Chance,Home/Draw,1.28,,,WON,
2026-02-01T14:00:00+00:00,Serie D - Girone H,Martina Franca,Sarnese,Over/Under Goals,Under 3.5,1.24,,,WON,
2026-02-01T14:00:00+00:00,Serie D - Girone H,Real Normanna,Virtus Francavilla,Over/Under Goals,Under 3.5,1.22,,,WON,
2026-02-01T14:00:00+00:00,Serie D - Girone I,Nissa,Ragusa,Over/Under Goals,Under 3.5,1.25,,,WON,
2026-02-01T14:00:00+00:00,Serie D - Girone I,Sambiase,Vigor Lamezia,Over/Under Goals,Under 2.5,1.53,,,WON,
2026-02-01T14:00:00+00:00,Super League 1,Levadiakos,Asteras Tripolis,1X2 / Match Winner,Home,1.62,,,WON,
2026-02-01T14:00:00+00:00,Super Lig,Genclerbirligi,Gazişehir Gaziantep,Asian Handicap,Home +0.25,1.48,,,WON,
2026-02-01T14:00:00+00:00,Super Liga,Cukaricki,FK Crvena Zvezda,Over/Under Goals,Under 3.5,1.7,,,LOST,
2026-02-01T14:00:00+00:00,Super Liga,TSC Backa Topola,Vojvodina,Over/Under Goals,Under 3.5,1.25,,,WON,
2026-02-01T14:00:00+00:00,Women's Championship,Birmingham City W,Nottingham Forest W,1X2 / Match Winner,Home,1.65,,,WON,
2026-02-01T14:00:00+00:00,Women's Championship,Newcastle United W,Ipswich Town W,Over/Under Goals,Under 3.5,1.59,,,WON,
2026-02-01T14:00:00+00:00,Women's Championship,Southampton W,Crystal Palace W,Over/Under Goals,Under 3.5,1.31,,,LOST,
2026-02-01T14:15:00+00:00,NB I,Paks,Ferencvarosi TC,Double Chance,Home/Draw,1.65,,,LOST,
2026-02-01T14:30:00+00:00,Bundesliga 1,VfB Stuttgart,SC Freiburg,Over/Under Goals,Over 1.5,1.2,,,LOST,
2026-02-01T14:30:00+00:00,Czech Liga,Karviná,Plzen,Over/Under Goals,Under 3.5,1.5,,,WON,
2026-02-01T14:30:00+00:00,Czech Liga,Slovan Liberec,Zlin,Over/Under Goals,Under 3.5,1.25,,,WON,
2026-02-01T14:30:00+00:00,FA WSL,Manchester City W,Chelsea W,Over/Under Goals,Under 3.5,1.28,,,LOST,
2026-02-01T14:30:00+00:00,Iraqi League,Naft,Al Zawra'a,Over/Under Goals,Under 2.5,1.44,,,WON,
2026-02-01T14:30:00+00:00,Iraqi League,Zakho,Al Minaa Basra,Over/Under Goals,Under 2.5,1.57,,,WON,
2026-02-01T14:30:00+00:00,Premyer Liqa,Qarabag,Turan,Over/Under Goals,Over 1.5,1.25,,,LOST,
2026-02-01T14:30:00+00:00,Serie D - Girone H,Barletta,Manfredonia,1X2 / Match Winner,Home,1.6,,,WON,
2026-02-01T14:30:00+00:00,Serie D - Girone H,Paganese,Francavilla,Over/Under Goals,Under 2.5,1.6,,,LOST,
2026-02-01T15:00:00+00:00,1. Division,Akritas,Anorthosis,Over/Under Goals,Under 3.5,1.25,,,WON,
2026-02-01T15:00:00+00:00,Campeonato de Portugal Prio - Group B,Vila Meã,Vila Real,Over/Under Goals,Under 2.5,1.57,,,WON,
2026-02-01T15:00:00+00:00,Jupiler Pro League,Dender,Genk,Over/Under Goals,Under 3.5,1.33,,,WON,
2026-02-01T15:00:00+00:00,League Cup,Njardvik,IR Reykjavik,Asian Handicap,Home +0,1.58,,,WON,
2026-02-01T15:00:00+00:00,Liga MX U21,Queretaro U21,Pachuca U21,Asian Handicap,Home +1.25,1.46,,,LOST,
2026-02-01T15:00:00+00:00,Premier League,Ethiopia Nigd Bank,Negelle Arsi,Double Chance,Home/Draw,1.5,,,LOST,
2026-02-01T15:00:00+00:00,Premiership,Celtic,Falkirk,Over/Under Goals,Under 3.5,1.67,,,WON,
2026-02-01T15:00:00+00:00,Primera División RFEF - Group 2,Algeciras,Eldense,1X2 / Match Winner,Draw,3.0,,,WON,
2026-02-01T15:00:00+00:00,Primera División RFEF - Group 2,Ibiza,Atlético Madrid II,Over/Under Goals,Under 3.5,1.2,,,WON,
2026-02-01T15:00:00+00:00,Tercera División RFEF - Group 6,RC Catarroja,Castellonense,Over/Under Goals,Under 2.5,1.67,,,WON,
2026-02-01T15:15:00+00:00,La Liga,Real Betis,Valencia,Over/Under Goals,Over 1.5,1.3,,,WON,
2026-02-01T15:15:00+00:00,Liga I,Farul Constanta,Universitatea Craiova,Team Total Goals,Over 0.5,1.18,,,WON,
2026-02-01T15:15:00+00:00,Pro League,Al Shabab,Al-Fayha,Over/Under Goals,Under 3.5,1.25,,,WON,
2026-02-01T15:15:00+00:00,Segunda Division,Eibar,Sporting Gijon,1X2 / Match Winner,Draw,3.2,,,LOST,
2026-02-01T15:30:00+00:00,3. Liga,Verl,Stuttgart II,Over/Under Goals,Under 3.5,1.57,,,LOST,
2026-02-01T15:30:00+00:00,Challenge League,Balzan FC,Birzebbuga,Double Chance,Home/Draw,1.17,,,WON,
2026-02-01T15:30:00+00:00,Primeira Liga,GIL Vicente,Famalicao,Over/Under Goals,Under 3.5,1.22,,,LOST,
2026-02-01T15:30:00+00:00,Segunda División RFEF - Group 5,Quintanar del Rey,Orihuela,Over/Under Goals,Under 3.5,1.16,,,WON,
2026-02-01T15:30:00+00:00,Super League 1,Panathinaikos,Kifisia,Over/Under Goals,Under 3.5,1.36,,,WON,
2026-02-01T15:30:00+00:00,Super League,BSC Young Boys,FC Zurich,Over/Under Goals,Under 3.5,1.65,,,WON,
2026-02-01T15:30:00+00:00,Super League,FC Basel 1893,FC Thun,Over/Under Goals,Over 2.5,1.45,,,WON,
2026-02-01T15:30:00+00:00,Superliga,Egnatia Rrogozhinë,Tirana,Over/Under Goals,Under 3.5,1.19,,,WON,
2026-02-01T15:30:00+00:00,Superliga,Teuta Durrës,Vllaznia Shkodër,Over/Under Goals,Under 2.5,1.57,,,WON,
2026-02-01T15:30:00+00:00,Tercera División RFEF - Group 11,Mallorca II,Inter Ibiza,Over/Under Goals,Under 3.5,1.42,,,LOST,
2026-02-01T15:30:00+00:00,Tercera División RFEF - Group 13,Mazarrón FC,Real Murcia II,Double Chance,Draw/Away,1.55,,,LOST,
2026-02-01T15:30:00+00:00,Tercera División RFEF - Group 15,Ardoi,Cirbonero,Double Chance,Home/Draw,1.28,,,LOST,
2026-02-01T15:30:00+00:00,Tercera División RFEF - Group 16,Peña Balsamaiso,Yagüe,Over/Under Goals,Under 3.5,1.44,,,LOST,
2026-02-01T15:30:00+00:00,Tercera División RFEF - Group 2,Covadonga,Tuilla,Over/Under Goals,Under 3.5,1.61,,,WON,
2026-02-01T15:30:00+00:00,Tercera División RFEF - Group 8,Becerril Campos,Almazán,Double Chance,Home/Draw,1.44,,,LOST,
2026-02-01T15:45:00+00:00,Eredivisie,Heerenveen,Utrecht,Over/Under Goals,Under 3.5,1.48,,,WON,
2026-02-01T15:45:00+00:00,Segunda División RFEF - Group 1,Real Oviedo II,Deportivo La Coruña II,Over/Under Goals,Under 3.5,1.18,,,WON,
2026-02-01T16:00:00+00:00,CAF Champions League,Pyramids FC,Renaissance Berkane,Team Total Goals,Under 2.5,1.16,,,LOST,
2026-02-01T16:00:00+00:00,CAF Champions League,Rivers United,Power Dynamos,Double Chance,Draw/Away,1.7,,,WON,
2026-02-01T16:00:00+00:00,CAF Confederation Cup,Azam,Nairobi United,Over/Under Goals,Under 3.5,1.3,,,WON,
2026-02-01T16:00:00+00:00,CAF Confederation Cup,Djoliba,USM Alger,Over/Under Goals,Under 3.5,1.2,,,WON,
2026-02-01T16:00:00+00:00,Premier League,Gendrim,Inter Nouakchott,Over/Under Goals,Under 3.5,1.15,,,WON,
2026-02-01T16:00:00+00:00,Segunda División RFEF - Group 1,Coruxo,Salamanca UDS,Over/Under Goals,Under 3.5,1.2,,,WON,
2026-02-01T16:00:00+00:00,Segunda División RFEF - Group 1,Marino de Luanco,Racing Santander II,Over/Under Goals,Under 2.5,1.5,,,WON,
2026-02-01T16:00:00+00:00,Segunda División RFEF - Group 1,Real Ávila,Atlético Astorga,Team Total Goals,Under 2.5,1.17,,,WON,
2026-02-01T16:00:00+00:00,Segunda División RFEF - Group 1,Sarriana,Real Valladolid II,Over/Under Goals,Under 2.5,1.75,,,LOST,
2026-02-01T16:00:00+00:00,Segunda División RFEF - Group 1,Sámano,Gimnástica Segoviana,Over/Under Goals,Under 3.5,1.18,,,WON,
2026-02-01T16:00:00+00:00,Segunda División RFEF - Group 1,UD Ourense,Burgos Promesas,Over/Under Goals,Under 2.5,1.67,,,WON,
2026-02-01T16:00:00+00:00,Segunda División RFEF - Group 2,UD Logroñés,Basconia,Team Total Goals,Under 2.5,1.45,,,WON,
2026-02-01T16:00:00+00:00,Segunda División RFEF - Group 2,Utebo,Náxara,1X2 / Match Winner,Home,1.53,,,WON,
2026-02-01T16:00:00+00:00,Segunda División RFEF - Group 3,Girona II,Reddis,Over/Under Goals,Under 2.5,1.65,,,WON,
2026-02-01T16:00:00+00:00,Segunda División RFEF - Group 4,Yeclano,Águilas,Over/Under Goals,Under 2.5,1.36,,,WON,
2026-02-01T16:00:00+00:00,Segunda División RFEF - Group 5,CD Coria,Rayo Vallecano II,Over/Under Goals,Under 3.5,1.22,,,LOST,
2026-02-01T16:00:00+00:00,TFF 1. Lig,Amed,Adana Demirspor,Over/Under Goals,Under 3.5,3.5,,,LOST,
2026-02-01T16:00:00+00:00,Tercera División RFEF - Group 14,Gévora,Villanovense,Double Chance,Draw/Away,1.2,,,WON,
2026-02-01T16:00:00+00:00,Tercera División RFEF - Group 16,Oyonesa,Arnedo,Double Chance,Draw/Away,1.6,,,WON,
2026-02-01T16:00:00+00:00,Tercera División RFEF - Group 18,La Solana,Villarrubia,Over/Under Goals,Under 3.5,1.17,,,WON,
2026-02-01T16:00:00+00:00,Tercera División RFEF - Group 3,Tropezón,Torina,Over/Under Goals,Under 3.5,1.26,,,WON,
2026-02-01T16:00:00+00:00,Tercera División RFEF - Group 5,Badalona,Montañesa,1X2 / Match Winner,Home,1.55,,,WON,
2026-02-01T16:15:00+00:00,Ligue 1,Angers,Metz,Asian Handicap,Home +0,1.53,,,WON,
2026-02-01T16:15:00+00:00,Ligue 1,Nice,Stade Brestois 29,Over/Under Goals,Over 1.5,1.25,,,WON,
2026-02-01T16:15:00+00:00,Ligue 1,Toulouse,Auxerre,Over/Under Goals,Under 3.5,1.22,,,WON,
2026-02-01T16:15:00+00:00,Serie B,Padova,Monza,Over/Under Goals,Over 1.5,1.42,,,WON,
2026-02-01T16:30:00+00:00,Bundesliga 1,Borussia Dortmund,1. FC Heidenheim,Over/Under Goals,Under 3.5,1.7,,,LOST,
2026-02-01T16:30:00+00:00,Cup,Wolfsberger AC,Red Bull Salzburg,Team Total Goals,Over 0.5,1.17,,,WON,
2026-02-01T16:30:00+00:00,Ekstraklasa,Legia Warszawa,Korona Kielce,Team Total Goals,Over 0.5,1.18,,,WON,
2026-02-01T16:30:00+00:00,Premier League,Tottenham,Manchester City,Team Total Goals,Over 0.5,1.4,,,WON,
2026-02-01T17:00:00+00:00,1. Division,AEL,Aris,Over/Under Goals,Under 3.5,1.36,,,WON,
2026-02-01T17:00:00+00:00,Liga MX Femenil,Guadalajara W,León W,1X2 / Match Winner,Home,1.47,,,WON,
2026-02-01T17:00:00+00:00,Segunda División RFEF - Group 3,Olot,Sant Andreu,Double Chance,Home/Draw,1.5,,,WON,
2026-02-01T17:00:00+00:00,Segunda División RFEF - Group 3,Terrassa,Barcelona B,Over/Under Goals,Under 3.5,1.23,,,WON,
2026-02-01T17:00:00+00:00,Segunda División RFEF - Group 4,Real Jaén,Estepona,Over/Under Goals,Under 3.5,1.18,,,WON,
2026-02-01T17:00:00+00:00,Serie A,Cremonese,Inter,Over/Under Goals,Under 3.5,1.48,,,WON,
2026-02-01T17:00:00+00:00,Super Lig,Galatasaray,Kayserispor,1X2 / Match Winner,Home,1.18,,,WON,
2026-02-01T17:00:00+00:00,Tercera División RFEF - Group 1,Compostela,Boiro,Asian Handicap,Away -1.25,1.43,,,WON,
2026-02-01T17:00:00+00:00,Tercera División RFEF - Group 10,Conil,Ciudad de Lucena,Double Chance,Home/Draw,1.67,,,WON,
2026-02-01T17:00:00+00:00,Tercera División RFEF - Group 9,Mijas Las Lagunas,UD San Pedro,Over/Under Goals,Under 2.5,1.65,,,LOST,
2026-02-01T17:15:00+00:00,Primera División RFEF - Group 1,Cacereño,Barakaldo,Over/Under Goals,Under 3.5,1.17,,,WON,
2026-02-01T17:15:00+00:00,Primera División RFEF - Group 1,Lugo,Ponferradina,Over/Under Goals,Under 3.5,1.15,,,WON,
2026-02-01T17:15:00+00:00,Primera División RFEF - Group 2,Sabadell,Juventud Torremolinos,Over/Under Goals,Under 2.5,1.57,,,LOST,
2026-02-01T17:30:00+00:00,Czech Liga,Pardubice,Slavia Praha,Over/Under Goals,Over 1.5,1.2,,,WON,
2026-02-01T17:30:00+00:00,Jupiler Pro League,Union St. Gilloise,Club Brugge KV,Asian Handicap,Home +0,1.55,,,WON,
2026-02-01T17:30:00+00:00,La Liga,Getafe,Celta Vigo,Over/Under Goals,Under 2.5,1.42,,,WON,
2026-02-01T17:30:00+00:00,Pro League,Al-Fateh,Al-Hazm,BTTS,Yes,1.53,,,WON,
2026-02-01T17:30:00+00:00,Pro League,Al-Ittihad FC,Al Najma,Over/Under Goals,Under 3.5,2.25,,,WON,
2026-02-01T17:30:00+00:00,Segunda Division,Huesca,Cadiz,Over/Under Goals,Under 3.5,1.18,,,WON,
2026-02-01T17:30:00+00:00,Super League 1,PAOK,Panserraikos,Team Total Goals,Over 1.5,1.15,,,WON,
2026-02-01T18:00:00+00:00,Challenge League,Fgura United,Sirens,Double Chance,Home/Draw,1.25,,,LOST,
2026-02-01T18:00:00+00:00,Liga I,FCSB,Csikszereda,Over/Under Goals,Under 3.5,1.48,,,WON,
2026-02-01T18:00:00+00:00,Liga MX Femenil,América W,Pumas UNAM W,Over/Under Goals,Under 3.5,2.1,,,LOST,
2026-02-01T18:00:00+00:00,Ligat Ha'al,Hapoel Petah Tikva,Ashdod,Over/Under Goals,Under 3.5,1.33,,,WON,
2026-02-01T18:00:00+00:00,Premier League,Zabbar St. Patrick,Floriana,Over/Under Goals,Under 3.5,1.22,,,WON,
2026-02-01T18:00:00+00:00,Primeira Liga,Sporting CP,Nacional,1X2 / Match Winner,Home,1.19,,,WON,
2026-02-01T18:00:00+00:00,Primera Division,Deportivo Garcilaso,Sporting Cristal,Over/Under Goals,Under 3.5,1.28,,,WON,
2026-02-01T18:15:00+00:00,Jupiler Pro League,OH Leuven,KV Mechelen,Over/Under Goals,Under 3.5,1.28,,,LOST,
2026-02-01T18:30:00+00:00,3. Liga,Rot-Weiß Essen,SV Wehen,1X2 / Match Winner,Draw,3.79,,,WON,
2026-02-01T18:45:00+00:00,NB I,Zalaegerszegi TE,Nyiregyhaza,Over/Under Goals,Under 3.5,1.28,,,WON,
2026-02-01T19:00:00+00:00,CAF Champions League,MC Alger,Saint Eloi Lupopo,Over/Under Goals,Under 2.5,1.99,,,WON,
2026-02-01T19:00:00+00:00,CAF Confederation Cup,AL Masry,Zamalek SC,Over/Under Goals,Under 3.5,1.18,,,WON,
2026-02-01T19:00:00+00:00,CAF Confederation Cup,Olympique Safi,San-Pédro,Over/Under Goals,Under 3.5,1.3,,,WON,
2026-02-01T19:00:00+00:00,Eredivisie,FC Volendam,GO Ahead Eagles,Over/Under Goals,Under 3.5,1.57,,,WON,
2026-02-01T19:00:00+00:00,Primera A,Bucaramanga,Alianza Valledupar,Over/Under Goals,Under 3.5,1.22,,,LOST,
2026-02-01T19:00:00+00:00,Super League 1,AEK Athens FC,Olympiakos Piraeus,Over/Under Goals,Under 3.5,1.22,,,WON,
2026-02-01T19:00:00+00:00,Supercopa do Brasil,Flamengo,Corinthians,Over/Under Goals,Under 3.5,1.22,,,WON,
2026-02-01T19:00:00+00:00,Torneo Amistoso de Verano,Oriente Petrolero,Blooming,Double Chance,Home/Draw,1.5,,,LOST,
2026-02-01T19:30:00+00:00,Primera División RFEF - Group 2,Alcorcon,Gimnastic,Over/Under Goals,Under 3.5,1.22,,,WON,
2026-02-01T19:45:00+00:00,Ligue 1,Strasbourg,Paris Saint Germain,Over/Under Goals,Under 3.5,1.57,,,WON,
2026-02-01T19:45:00+00:00,Serie A,Parma,Juventus,Over/Under Goals,Under 3.5,1.3,,,LOST,
2026-02-01T20:00:00+00:00,La Liga,Athletic Club,Real Sociedad,Over/Under Goals,Over 1.5,1.4,,,WON,
2026-02-01T20:00:00+00:00,Paraense,Paysandu,Capitao Poco,Over/Under Goals,Under 3.5,1.38,,,WON,
2026-02-01T20:00:00+00:00,Premier League,Chapelton,Mount Pleasant Academy,Over/Under Goals,Under 3.5,1.25,,,WON,
2026-02-01T20:00:00+00:00,Premier League,Harbour View,Tivoli Gardens,Double Chance,Home/Draw,1.5,,,WON,
2026-02-01T20:00:00+00:00,Premier League,Montego Bay United,Molynes United,1X2 / Match Winner,Home,1.47,,,WON,
2026-02-01T20:00:00+00:00,Premier League,Portmore United,Cavalier,Over/Under Goals,Under 2.5,1.44,,,WON,
2026-02-01T20:00:00+00:00,Premier League,Spanish Town Police,Racing United,Over/Under Goals,Under 3.5,1.48,,,LOST,
2026-02-01T20:00:00+00:00,Primera Division,Barracas Central,Deportivo Riestra,Asian Handicap,Home +0,1.62,,,WON,
2026-02-01T20:00:00+00:00,Segunda Division,Granada CF,Racing Santander,Over/Under Goals,Under 3.5,1.38,,,WON,
2026-02-01T20:15:00+00:00,Primera Division,Alianza Atletico,Cusco,Over/Under Goals,Under 3.5,1.22,,,WON,
2026-02-01T20:30:00+00:00,Primeira Liga,Tondela,Benfica,Over/Under Goals,Under 3.5,1.42,,,WON,
2026-02-01T21:00:00+00:00,Copa Chile,Recoleta,Union Espanola,Over/Under Goals,Under 3.5,1.44,,,WON,
2026-02-01T21:00:00+00:00,Copa Chile,Union San Felipe,Santiago Wanderers,Over/Under Goals,Under 3.5,1.25,,,WON,
2026-02-01T21:00:00+00:00,Division Profesional - Apertura,Olimpia,Sportivo Trinidense,Asian Handicap,Away -1.25,1.48,,,WON,
2026-02-01T21:00:00+00:00,Liga Nacional,Génesis,Atlético Choloma,1X2 / Match Winner,Home,1.67,,,LOST,
2026-02-01T21:00:00+00:00,Liga Panameña de Fútbol,Herrera,Deportivo Universitario,Team Total Goals,Under 2.5,1.15,,,WON,
2026-02-01T21:00:00+00:00,Primera Division,Cacahuatique,Fuerte San Francisco,Over/Under Goals,Under 3.5,1.24,,,WON,
2026-02-01T21:00:00+00:00,Primera Division,D. La Serena,U. Catolica,Over/Under Goals,Under 3.5,1.25,,,LOST,
2026-02-01T21:00:00+00:00,Primera División,Estudiantes de Merida FC,Caracas FC,Over/Under Goals,Under 3.5,1.17,,,LOST,
2026-02-01T21:10:00+00:00,Primera A,Deportivo Cali,Deportivo Pasto,Over/Under Goals,Under 3.5,1.18,,,WON,
2026-02-01T21:15:00+00:00,Paulista - A1,RB Bragantino,São Bernardo,1X2 / Match Winner,Home,1.56,,,LOST,
2026-02-01T21:15:00+00:00,Primera Division,Platense,Alianza,Double Chance,Home/Draw,1.7,,,LOST,
2026-02-01T21:30:00+00:00,Paulista - A1,Mirassol,Novorizontino,Team Total Goals,Over 0.5,1.57,,,WON,
2026-02-01T22:00:00+00:00,Liga Mayor,Moca,Delfines Del Este,Double Chance,Draw/Away,1.57,,,WON,
2026-02-01T22:15:00+00:00,Primera Division,Boca Juniors,Newells Old Boys,1X2 / Match Winner,Home,1.45,,,WON,
2026-02-01T22:30:00+00:00,Paulista - A1,Noroeste,Velo Clube,Over/Under Goals,Under 3.5,1.17,,,WON,
2026-02-01T23:00:00+00:00,Liga MX,Club Queretaro,Pachuca,Double Chance,Home/Draw,1.67,,,WON,
2026-02-01T23:00:00+00:00,Mineiro - 1,Betim,Cruzeiro,Over/Under Goals,Under 3.5,1.25,,,WON,
2026-02-01T23:00:00+00:00,Primera Division,Jalapa,Real Estelí,Asian Handicap,Home +1.25,1.62,,,WON,
2026-02-01T23:00:00+00:00,Primera Division,Universitario,ADT,Team Total Goals,Under 2.5,1.48,,,WON,
2026-02-01T23:00:00+00:00,Primera División,UCV,Trujillanos FC,Double Chance,Home/Draw,1.16,,,WON,
2026-02-01T23:10:00+00:00,Primera A,Once Caldas,Jaguares,1X2 / Match Winner,Draw,4.25,,,WON,
2026-02-01T23:15:00+00:00,Division Profesional - Apertura,Club Guarani,Rubio NU,Team Total Goals,Over 0.5,1.57,,,LOST,
2026-02-01T23:15:00+00:00,Liga Nacional,Real Espana,CD Motagua,Over/Under Goals,Under 3.5,1.26,,,LOST,
2026-02-01T23:15:00+00:00,Liga Panameña de Fútbol,Sporting San Miguelito,CD Arabe Unido,Over/Under Goals,Under 3.5,1.17,,,WON,
2026-02-01T23:30:00+00:00,Carioca - 1,Botafogo,Fluminense,Asian Handicap,Home +0.25,1.49,,,LOST,
2026-02-01T23:30:00+00:00,Paulista - A1,Botafogo SP,Palmeiras,Over/Under Goals,Under 3.5,1.28,,,WON,
2026-02-01T23:30:00+00:00,Primera Division,Palestino,Nublense,Asian Handicap,Home +0,1.42,,,WON,
2026-02-02T00:00:00+00:00,Liga Nacional,Mictlán,Achuapa,Over/Under Goals,Under 2.5,1.55,,,WON,
2026-02-02T00:00:00+00:00,Premier League,Waterhouse,Treasure Beach,Over/Under Goals,Under 2.5,1.7,,,WON,
2026-02-02T00:30:00+00:00,Primera Division,Rosario Central,River Plate,Over/Under Goals,Under 3.5,1.17,,,WON,
2026-02-02T01:00:00+00:00,Liga MX Femenil,Pachuca W,Tigres UANL W,Asian Handicap,Home +0,1.67,,,WON,
2026-02-02T01:10:00+00:00,Primera A,Millonarios,Independiente Medellin,Over/Under Goals,Under 3.5,1.22,,,WON,
2026-02-02T01:30:00+00:00,Liga Nacional,Olancho,Lobos Upnfm,Over/Under Goals,Under 3.5,1.35,,,WON,
2026-02-02T01:30:00+00:00,Primera A,Llaneros,Rionegro Aguilas,Over/Under Goals,Under 3.5,1.17,,,WON,
2026-02-02T08:30:00+00:00,Liga 1,Arema FC,Persijap,Over/Under Goals,Under 3.5,1.3,,,WON,
2026-02-02T10:30:00+00:00,Azadegan League,Navad Urmia,Naft Gachsaran,Over/Under Goals,Under 2.5,1.17,,,WON,
2026-02-02T11:00:00+00:00,Azadegan League,Ario Eslamshahr,Havadar,Over/Under Goals,Under 2.5,1.19,,,WON,
2026-02-02T11:00:00+00:00,Azadegan League,Saipa,Be'sat Kermanshah,Asian Handicap,Home +0,1.4,,,WON,
2026-02-02T11:30:00+00:00,Azadegan League,Naft Bandar Abbas,Niroye Zamini,Asian Handicap,Home +0.25,1.47,,,WON,
2026-02-02T11:30:00+00:00,Persian Gulf Pro League,ZOB Ahan,Fajr Sepasi,Over/Under Goals,Under 2.5,1.3,,,LOST,
2026-02-02T11:30:00+00:00,Premier League,Albirex Niigata S,Geylang International,Asian Handicap,Home +0,1.55,,,WON,
2026-02-02T12:00:00+00:00,Liga 1,PSM Makassar,Semen Padang,Over/Under Goals,Under 3.5,1.33,,,WON,
2026-02-02T12:30:00+00:00,Persian Gulf Pro League,Kheybar Khorramabad,Foolad FC,Asian Handicap,Home +0.25,1.5,,,WON,
2026-02-02T13:00:00+00:00,FKF Premier League,Police,Bidco United,Asian Handicap,Home +0.25,1.16,,,WON,
2026-02-02T13:00:00+00:00,League,Shabab Al Ordon,Al Faisaly,Asian Handicap,Home +1.25,1.6,,,WON,
2026-02-02T13:00:00+00:00,Ligue 2,Mégrine,AS Agareb,Double Chance,Home/Draw,1.18,,,LOST,
2026-02-02T13:40:00+00:00,Professional League,Dhofar,Ibri,Over/Under Goals,Under 3.5,1.22,,,WON,
2026-02-02T14:35:00+00:00,Professional League,Al-Nahda,Bahla,Over/Under Goals,Under 3.5,1.18,,,WON,
2026-02-02T15:15:00+00:00,Pro League,Al Riyadh,Al-Nassr,Over/Under Goals,Under 3.5,1.9,,,WON,
2026-02-02T15:30:00+00:00,League,Al Ramtha,Al Hussein,Over/Under Goals,Under 3.5,1.2,,,WON,
2026-02-02T16:00:00+00:00,Premier League,Chemal,Nouakchott Academie,Over/Under Goals,Under 2.5,1.67,,,WON,
2026-02-02T16:00:00+00:00,Professional League,Al Seeb,Al-Shabab,Over/Under Goals,Under 3.5,1.2,,,LOST,
2026-02-02T16:30:00+00:00,Liga I,FC Botosani,Oţelul,Over/Under Goals,Under 3.5,1.2,,,WON,
2026-02-02T17:00:00+00:00,Frauen Bundesliga,VfL Wolfsburg W,FC Koln W,Over/Under Goals,Under 3.5,2.0,,,WON,
2026-02-02T17:00:00+00:00,Liga Leumit,Hapoel Kfar Shalem,Kiryat Yam SC,Over/Under Goals,Under 3.5,1.33,,,WON,
2026-02-02T17:00:00+00:00,Liga Leumit,Hapoel Ramat Gan,Hapoel Ra'anana,Over/Under Goals,Under 3.5,1.28,,,WON,
2026-02-02T17:00:00+00:00,Liga Leumit,Hapoel Rishon LeZion,Maccabi Herzliya,Over/Under Goals,Under 3.5,1.28,,,LOST,
2026-02-02T17:00:00+00:00,Prva HNL,Dinamo Zagreb,Vukovar,1X2 / Match Winner,Home,1.17,,,WON,
2026-02-02T17:00:00+00:00,Serie A Women,Fiorentina W,Napoli W,Over/Under Goals,Under 3.5,1.36,,,WON,
2026-02-02T17:00:00+00:00,Super Lig,Kocaelispor,Fenerbahçe,Over/Under Goals,Under 3.5,1.28,,,WON,
2026-02-02T17:00:00+00:00,TFF 1. Lig,Erokspor,Ümraniyespor,Over/Under Goals,Under 3.5,1.67,,,WON,
2026-02-02T17:30:00+00:00,Pro League,Al Okhdood,NEOM,Over/Under Goals,Under 3.5,1.36,,,WON,
2026-02-02T17:30:00+00:00,Pro League,Al-Hilal Saudi FC,Al-Ahli Jeddah,Over/Under Goals,Over 1.5,1.17,,,LOST,
2026-02-02T18:00:00+00:00,Ekstraklasa,Nieciecza,Cracovia Krakow,Asian Handicap,Home +0.5,1.67,,,LOST,
2026-02-02T18:00:00+00:00,Ligat Ha'al,Ironi Kiryat Shmona,Maccabi Tel Aviv,Over/Under Goals,Over 1.5,1.17,,,WON,
2026-02-02T18:45:00+00:00,Primeira Liga,AVS,SC Braga,Team Total Goals,Under 2.5,1.42,,,LOST,
2026-02-02T19:00:00+00:00,Eerste Divisie,Jong Ajax,Willem II,Over/Under Goals,Under 3.5,1.7,,,WON,
2026-02-02T19:00:00+00:00,Eerste Divisie,Jong PSV U21,Cambuur,Team Total Goals,Under 2.5,1.17,,,LOST,
2026-02-02T19:00:00+00:00,Eerste Divisie,Jong Utrecht,VVV Venlo,Over/Under Goals,Over 1.5,1.17,,,WON,
2026-02-02T19:00:00+00:00,Eerste Divisie,MVV,Almere City FC,Over/Under Goals,Over 1.5,1.17,,,WON,
2026-02-02T19:00:00+00:00,Eerste Divisie,Vitesse,FC Eindhoven,Over/Under Goals,Over 1.5,1.22,,,WON,
2026-02-02T19:30:00+00:00,Segunda Division,Mirandes,Malaga,Over/Under Goals,Over 1.5,1.38,,,WON,
2026-02-02T19:30:00+00:00,Serie C - Girone A,Renate,Alcione,Over/Under Goals,Under 3.5,1.17,,,WON,
2026-02-02T19:30:00+00:00,The Atlantic Cup,Rosenborg,IFK Goteborg,Double Chance,Home/Draw,1.44,,,LOST,
2026-02-02T19:45:00+00:00,Serie A,Udinese,AS Roma,Over/Under Goals,Under 3.5,1.22,,,WON,
2026-02-02T20:00:00+00:00,Carioca - 1,CFRJ / Maricá,Volta Redonda,Over/Under Goals,Under 3.5,1.36,,,WON,
2026-02-02T20:00:00+00:00,La Liga,Mallorca,Sevilla,Over/Under Goals,Under 3.5,1.22,,,LOST,
2026-02-02T20:00:00+00:00,Premier League,Sunderland,Burnley,Over/Under Goals,Under 3.5,1.25,,,WON,
2026-02-02T20:00:00+00:00,Primera Division,Comerciantes Unidos,UCV Moquegua,Over/Under Goals,Under 3.5,1.22,,,WON,
2026-02-02T20:30:00+00:00,Primera Division,Gimnasia L.P.,Aldosivi,Over/Under Goals,Under 3.5,1.17,,,LOST,
2026-02-02T20:45:00+00:00,Primeira Liga,Casa Pia,FC Porto,Over/Under Goals,Under 3.5,1.35,,,WON,
2026-02-02T21:00:00+00:00,Division Profesional - Apertura,Deportivo Recoleta,Libertad Asuncion,Asian Handicap,Home +1.25,1.42,,,WON,
2026-02-02T21:00:00+00:00,Liga de Ascenso,CS Uruguay,Santa Ana,Double Chance,Home/Draw,1.3,,,WON,
2026-02-02T21:00:00+00:00,Liga de Ascenso,Pitbulls Santa Barbara FC,AD Carmelita,Over/Under Goals,Under 3.5,1.24,,,WON,
2026-02-02T21:00:00+00:00,Primera Division,Everton de Vina,Union La Calera,Over/Under Goals,Under 3.5,1.25,,,WON,
2026-02-02T22:00:00+00:00,Catarinense - 1,Carlos Renaux,Figueirense,Over/Under Goals,Under 2.5,1.7,,,WON,
2026-02-02T22:00:00+00:00,Cearense - 1,Floresta,Ferroviario,Team Total Goals,Under 2.5,1.18,,,WON,
2026-02-02T22:30:00+00:00,Goiano - 1,Anapolina,Aparecidense,Double Chance,Draw/Away,1.62,,,LOST,
2026-02-02T22:45:00+00:00,Primera Division,Tigre,Racing Club,Asian Handicap,Home +0.5,1.57,,,WON,
2026-02-02T23:00:00+00:00,Acreano,Rio Branco,Independência,Asian Handicap,Home +0,1.53,,,WON,
2026-02-02T23:00:00+00:00,Carioca - 1,Madureira,Vasco DA Gama,Over/Under Goals,Under 3.5,1.42,,,WON,
2026-02-02T23:00:00+00:00,Paulista - A2,XV de Piracicaba,Monte Azul,Over/Under Goals,Under 2.5,1.62,,,WON,
2026-02-02T23:15:00+00:00,Division Profesional - Apertura,Cerro Porteno,Sportivo Luqueno,1X2 / Match Winner,Home,1.5,,,WON,
2026-02-02T23:20:00+00:00,Primera A,Internacional de Bogota,Deportes Tolima,Over/Under Goals,Under 3.5,1.15,,,WON,
2026-02-03T00:30:00+00:00,Premier League,Arnett Gardens,Dunbeholden,Over/Under Goals,Under 3.5,1.3,,,WON,
2026-02-03T01:00:00+00:00,Liga MX Femenil,Santos Laguna W,Monterrey W,Over/Under Goals,Under 3.5,1.7,,,LOST,
2026-02-03T01:00:00+00:00,Primera Division,Argentinos JRS,Belgrano Cordoba,Over/Under Goals,Under 3.5,1.15,,,WON,
2026-02-03T01:00:00+00:00,Primera Division,Union Santa Fe,Gimnasia M.,Over/Under Goals,Under 3.5,1.15,,,LOST,
2026-02-03T01:30:00+00:00,Liga Panameña de Fútbol,Veraguas,San Francisco FC,Over/Under Goals,Under 3.5,1.22,,,WON,
2026-02-03T01:30:00+00:00,Primera A,Deportivo Pereira,Junior,Team Total Goals,Under 2.5,1.15,,,LOST,
2026-02-03T05:30:00+00:00,Ofc Pro League,Hekari United,Vanuatu United,Double Chance,Home/Draw,1.5,,,WON,
2026-02-03T10:30:00+00:00,Friendlies Clubs,Kingsley Westside,Gwelup Croatia,Asian Handicap,Home +0,1.6,,,WON,
2026-02-03T11:00:00+00:00,Liga Revelação U23,Academico Viseu U23,Santa Clara U23,Over/Under Goals,Under 3.5,1.36,,,WON,
2026-02-03T11:00:00+00:00,Liga Revelação U23,Farense U23,Marítimo U23,Over/Under Goals,Under 3.5,1.5,,,WON,
2026-02-03T11:30:00+00:00,Azadegan League,Sanat Naft,Nassaji Mazandaran,Asian Handicap,Home +0.25,1.5,,,WON,
2026-02-03T11:30:00+00:00,Friendlies Clubs,Grbalj,Jedinstvo,Double Chance,Home/Draw,1.44,,,WON,
2026-02-03T11:30:00+00:00,Persian Gulf Pro League,Gol Gohar,Malavan,BTTS,No,1.48,,,WON,
2026-02-03T12:00:00+00:00,Friendlies Clubs,AC Horsens,FC Fredericia,Double Chance,Home/Draw,1.62,,,LOST,
2026-02-03T12:00:00+00:00,Friendlies Clubs,BFC Daugavpils,Hegelmann Litauen,Over/Under Goals,Under 3.5,1.61,,,WON,
2026-02-03T12:00:00+00:00,Friendlies Clubs,Zenit,Dynamo,1X2 / Match Winner,Home,1.66,,,WON,
2026-02-03T12:00:00+00:00,Liga Revelação U23,Estoril U23,Rio Ave U23,Asian Handicap,Away -0.25,1.85,,,WON,
2026-02-03T12:30:00+00:00,Cup,Samsunspor,BB Bodrumspor,1X2 / Match Winner,Home,1.41,,,WON,
2026-02-03T12:30:00+00:00,Persian Gulf Pro League,Persepolis FC,Chadormalu SC,1X2 / Match Winner,Home,1.35,,,WON,
2026-02-03T13:30:00+00:00,Friendlies Clubs,Spartak Moscow,Pyunik Yerevan,Over/Under Goals,Under 3.5,1.84,,,WON,
2026-02-03T14:00:00+00:00,Liga I,Petrolul Ploiesti,Unirea Slobozia,Over/Under Goals,Under 3.5,1.18,,,WON,
2026-02-03T15:00:00+00:00,Cup,Rizespor,Beyoğlu Yeni Çarşı,1X2 / Match Winner,Home,1.23,,,LOST,
2026-02-03T15:00:00+00:00,Liga Revelação U23,Estrela U23,Gil Vicente U23,Team Total Goals,Under 2.5,1.16,,,WON,
2026-02-03T15:00:00+00:00,Liga Revelação U23,Vizela U23,Portimonense U23,Over/Under Goals,Under 3.5,1.25,,,WON,
2026-02-03T15:40:00+00:00,Pro League,Damac,Al Kholood,1X2 / Match Winner,Draw,3.35,,,WON,
2026-02-03T16:00:00+00:00,Liga I,Universitatea Cluj,Arges Pitesti,Over/Under Goals,Under 3.5,1.2,,,LOST,
2026-02-03T16:00:00+00:00,Ligue 1,CS Constantine,Mostaganem,1X2 / Match Winner,Home,1.53,,,WON,
2026-02-03T16:00:00+00:00,Ligue 1,MC Oran,Olympique Akbou,Over/Under Goals,Under 3.5,1.18,,,WON,
2026-02-03T16:30:00+00:00,1. SNL,Koper,Primorje,Double Chance,Home/Draw,1.15,,,WON,
2026-02-03T17:30:00+00:00,Cup,Trabzonspor,Fethiyespor,1X2 / Match Winner,Home,1.15,,,WON,
2026-02-03T17:30:00+00:00,Premier Soccer League,Amazulu,Orlando Pirates,Over/Under Goals,Under 3.5,1.17,,,WON,
2026-02-03T17:30:00+00:00,Pro League,Al Khaleej Saihat,Al-Qadisiyah FC,1X2 / Match Winner,Away,1.7,,,WON,
2026-02-03T17:30:00+00:00,Pro League,Al-Ettifaq,Al Taawon,Over/Under Goals,Under 3.5,1.44,,,WON,
2026-02-03T18:00:00+00:00,Premier League,National Bank of Egypt,Al Ahly,Over/Under Goals,Under 3.5,1.25,,,WON,
2026-02-03T18:00:00+00:00,State Cup,Maccabi Haifa,Kafr Qasim,Over/Under Goals,Under 3.5,1.4,,,WON,
2026-02-03T18:30:00+00:00,Liga I,AFC Hermannstadt,Rapid,Over/Under Goals,Under 3.5,1.2,,,WON,
2026-02-03T19:00:00+00:00,1. SNL,Bravo,Mura,Over/Under Goals,Under 3.5,1.33,,,WON,
2026-02-03T19:00:00+00:00,Eerste Divisie,Dordrecht,Helmond Sport,Over/Under Goals,Over 1.5,1.2,,,WON,
2026-02-03T19:00:00+00:00,League One,Port Vale,AFC Wimbledon,Team Total Goals,Over 0.5,1.25,,,LOST,
2026-02-03T19:30:00+00:00,Coupe de France,Reims,Le Mans,Over/Under Goals,Under 3.5,1.22,,,WON,
2026-02-03T19:30:00+00:00,Ekstraklasa,Piast Gliwice,Lech Poznan,Over/Under Goals,Under 3.5,1.33,,,WON,
2026-02-03T19:45:00+00:00,Championship,Ards,Newington Youth,Double Chance,Draw/Away,1.4,,,LOST,
2026-02-03T19:45:00+00:00,Championship,Blackburn,Sheffield Wednesday,1X2 / Match Winner,Home,1.67,,,WON,
2026-02-03T19:45:00+00:00,Championship,Hull City,Watford,Over/Under Goals,Under 3.5,1.33,,,WON,
2026-02-03T19:45:00+00:00,Championship,Queen's Park,Ross County,Team Total Goals,Under 2.5,1.2,,,WON,
2026-02-03T19:45:00+00:00,Championship,Sheffield Utd,Oxford United,Over/Under Goals,Over 1.5,1.3,,,WON,
2026-02-03T19:45:00+00:00,DFB Pokal,Bayer Leverkusen,FC St. Pauli,Over/Under Goals,Under 3.5,1.48,,,WON,
2026-02-03T19:45:00+00:00,Irish Cup,Ballymena United,Larne,Over/Under Goals,Under 3.5,1.29,,,WON,
2026-02-03T19:45:00+00:00,Irish Cup,Knockbreda,Loughgall,BTTS,Yes,1.67,,,LOST,
2026-02-03T19:45:00+00:00,League One,Barnsley,Northampton,Over/Under Goals,Over 1.5,1.2,,,WON,
2026-02-03T19:45:00+00:00,League One,Burton Albion,Doncaster,Over/Under Goals,Under 3.5,1.33,,,WON,
2026-02-03T19:45:00+00:00,League Two,Barnet,Crewe,Over/Under Goals,Under 3.5,1.33,,,WON,
2026-02-03T19:45:00+00:00,League Two,Bristol Rovers,Walsall,Over/Under Goals,Under 3.5,1.27,,,WON,
2026-02-03T19:45:00+00:00,League Two,Harrogate Town,Swindon Town,Over/Under Goals,Under 3.5,1.33,,,WON,
2026-02-03T19:45:00+00:00,League Two,Notts County,Gillingham,Over/Under Goals,Under 3.5,1.28,,,WON,
2026-02-03T19:45:00+00:00,National League - North,AFC Fylde,Peterborough Sports,Over/Under Goals,Under 3.5,1.6,,,LOST,
2026-02-03T19:45:00+00:00,National League - North,Chorley,Leamington,Over/Under Goals,Under 3.5,1.48,,,WON,
2026-02-03T19:45:00+00:00,National League - North,Curzon Ashton,Bedford Town,Asian Handicap,Home +0.25,1.4,,,WON,
2026-02-03T19:45:00+00:00,National League - North,King's Lynn Town,Southport,Over/Under Goals,Under 3.5,1.28,,,WON,
2026-02-03T19:45:00+00:00,National League - North,Macclesfield,Kidderminster Harriers,Double Chance,Draw/Away,1.42,,,LOST,
2026-02-03T19:45:00+00:00,National League - North,Radcliffe,Oxford City,Over/Under Goals,Under 3.5,1.7,,,WON,
2026-02-03T19:45:00+00:00,National League - North,Spennymoor Town,AFC Telford United,Over/Under Goals,Over 1.5,1.2,,,WON,
2026-02-03T19:45:00+00:00,National League - South,Dover,Torquay,Over/Under Goals,Under 3.5,1.45,,,LOST,
2026-02-03T19:45:00+00:00,National League - South,Ebbsfleet United,Hemel Hempstead Town,Team Total Goals,Under 2.5,1.15,,,WON,
2026-02-03T19:45:00+00:00,National League,Altrincham,Morecambe,Over/Under Goals,Under 3.5,1.5,,,WON,
2026-02-03T19:45:00+00:00,National League,Forest Green,Woking,Asian Handicap,Away -1.25,1.52,,,LOST,
2026-02-03T19:45:00+00:00,National League,Rochdale,Boreham Wood,Asian Handicap,Home +0,1.54,,,WON,
2026-02-03T19:45:00+00:00,Non League Premier - Isthmian,Chatham Town,Brentwood Town,Double Chance,Home/Draw,1.17,,,LOST,
2026-02-03T19:45:00+00:00,Non League Premier - Northern,Ashton United,Gainsborough Trinity,Over/Under Goals,Under 3.5,1.22,,,WON,
2026-02-03T19:45:00+00:00,Non League Premier - Northern,Cleethorpes Town,Warrington Town,Over/Under Goals,Under 3.5,1.23,,,LOST,
2026-02-03T19:45:00+00:00,Non League Premier - Northern,Guiseley AFC,Bamber Bridge,Over/Under Goals,Under 3.5,1.29,,,WON,
2026-02-03T19:45:00+00:00,Non League Premier - Northern,Lancaster City,Hyde United,1X2 / Match Winner,Draw,3.5,,,WON,
2026-02-03T19:45:00+00:00,Non League Premier - Northern,Rylands,Rushall Olympic,Team Total Goals,Over 0.5,1.15,,,WON,
2026-02-03T19:45:00+00:00,Non League Premier - Southern Central,Bury Town,Leiston,Double Chance,Home/Draw,1.4,,,WON,
2026-02-03T19:45:00+00:00,Non League Premier - Southern Central,Needham Market,AFC Sudbury,Over/Under Goals,Under 3.5,1.44,,,LOST,
2026-02-03T19:45:00+00:00,Non League Premier - Southern Central,Quorn,Stamford,Over/Under Goals,Over 1.5,1.19,,,WON,
2026-02-03T19:45:00+00:00,Non League Premier - Southern South,Yate Town,Hungerford Town,Asian Handicap,Home +0.25,1.41,,,WON,
2026-02-03T19:45:00+00:00,Premiership,Carrick Rangers,Bangor,Over/Under Goals,Over 1.5,1.28,,,WON,
2026-02-03T19:45:00+00:00,Serie A,Bologna,AC Milan,Team Total Goals,Over 0.5,1.22,,,WON,
2026-02-03T20:00:00+00:00,Copa del Rey,Albacete,Barcelona,Over/Under Goals,Under 3.5,2.0,,,WON,
2026-02-03T20:00:00+00:00,League Cup,Arsenal,Chelsea,Team Total Goals,Over 0.5,1.15,,,WON,
2026-02-03T20:00:00+00:00,Premiership,ST Mirren,Heart Of Midlothian,Over/Under Goals,Under 3.5,1.28,,,WON,
2026-02-03T20:00:00+00:00,Reserve League,Aldosivi Res.,Atlético Tucumán Res.,Over/Under Goals,Under 3.5,1.23,,,WON,
2026-02-03T20:00:00+00:00,Reserve League,Deportivo Riestra Res.,Independiente Res.,Over/Under Goals,Under 3.5,1.18,,,WON,
2026-02-03T20:00:00+00:00,Reserve League,Gimnasia La Plata Res.,Unión Santa Fe Res.,Asian Handicap,Home +0,1.46,,,WON,
2026-02-03T20:00:00+00:00,Reserve League,Newell's Old Boys Res.,Huracán Res.,Over/Under Goals,Under 3.5,1.21,,,LOST,
2026-02-03T20:00:00+00:00,Reserve League,San Lorenzo Res.,Rosario Central Res.,Over/Under Goals,Over 1.5,1.34,,,WON,
2026-02-03T20:10:00+00:00,Coupe de France,Marseille,Rennes,Over/Under Goals,Over 1.5,1.18,,,WON,
2026-02-03T22:00:00+00:00,Primera Division,Banfield,Estudiantes de Rio Cuarto,Over/Under Goals,Under 3.5,1.15,,,WON,
2026-02-03T22:00:00+00:00,Sergipano,Falcon,Atlético Gloriense,Over/Under Goals,Under 3.5,1.28,,,WON,
2026-02-03T23:00:00+00:00,Paulista - A4,Comercial,Penapolense,Over/Under Goals,Under 2.5,1.45,,,LOST,
2026-02-04T00:00:00+00:00,CONCACAF Champions League,Forge,Tigres UANL,Double Chance,Draw/Away,1.15,,,WON,
2026-02-04T00:15:00+00:00,Primera Division,Independ. Rivadavia,Sarmiento Junin,Over/Under Goals,Under 3.5,1.16,,,WON,
2026-02-04T00:15:00+00:00,Primera Division,Instituto Cordoba,Lanus,Asian Handicap,Away -0.5,1.4,,,WON,
2026-02-04T00:30:00+00:00,CONMEBOL Libertadores,The Strongest,Deportivo Tachira FC,Over/Under Goals,Under 3.5,1.57,,,WON,
2026-02-04T00:45:00+00:00,Primera B,Barranquilla,Patriotas,Over/Under Goals,Under 3.5,1.18,,,WON,
2026-02-04T02:00:00+00:00,CONCACAF Champions League,CD Olimpia,Club America,1X2 / Match Winner,Draw,3.7,,,LOST,
2026-02-04T04:00:00+00:00,CONCACAF Champions League,San Diego,U.N.A.M. - Pumas,Asian Handicap,Home +0,1.48,,,WON,
2026-02-04T10:00:00+00:00,3. Lig - Group 3,Düzcespor,Zonguldak Kömürspor,Double Chance,Draw/Away,1.53,,,WON,
2026-02-04T10:00:00+00:00,Cup,Boluspor,Alanyaspor,Over/Under Goals,Over 1.5,1.18,,,WON,
2026-02-04T10:00:00+00:00,Premier League,Sheger Ketema,Suhul Shire,Over/Under Goals,Under 2.5,1.33,,,WON,
2026-02-04T10:30:00+00:00,Friendlies Clubs,Subiaco,Floreat Athena,Over/Under Goals,Under 3.5,1.53,,,LOST,
2026-02-04T11:00:00+00:00,Friendlies Clubs,Vejle,Aarhus Fremad,Over/Under Goals,Under 3.5,1.58,,,WON,
2026-02-04T11:00:00+00:00,Thai League 2,Chiangmai United,Police Tero,Over/Under Goals,Under 3.5,1.32,,,LOST,
2026-02-04T11:30:00+00:00,Thai League 2,Mahasarakham United,Bangkok,Over/Under Goals,Under 3.5,1.33,,,WON,
2026-02-04T11:30:00+00:00,Thai League 2,Rasi Salai United,Nakhon Si Thammarat,Over/Under Goals,Under 3.5,1.59,,,WON,
2026-02-04T12:00:00+00:00,Friendlies Clubs,Rīgas FS,FK Zalgiris Vilnius,Asian Handicap,Home +0.25,1.15,,,WON,
2026-02-04T12:00:00+00:00,Premier League,Mebrat Hayl,Sidama Bunna,Over/Under Goals,Under 2.5,1.33,,,WON,
2026-02-04T12:00:00+00:00,Thai League 2,Khon Kaen United,Phrae United,Over/Under Goals,Under 3.5,1.44,,,LOST,
2026-02-04T12:00:00+00:00,Thai League 2,Trat FC,Songkhla,Over/Under Goals,Under 3.5,1.33,,,WON,
2026-02-04T12:30:00+00:00,ASEAN Club Championship,Buriram United,Dynamic Herb Cebu,Over/Under Goals,Over 1.5,1.19,,,WON,
2026-02-04T12:30:00+00:00,ASEAN Club Championship,Công An Nhân Dân,Tampines Rovers,Over/Under Goals,Under 3.5,1.35,,,LOST,
2026-02-04T12:30:00+00:00,ASEAN Club Championship,Selangor,BG Pathum United,Double Chance,Home/Draw,1.4,,,WON,
2026-02-04T12:30:00+00:00,Cup,Fatih Karagümrük,Başakşehir,Team Total Goals,Over 0.5,1.15,,,WON,
2026-02-04T12:40:00+00:00,Division 1,Al Anwar,Al Jubail,Team Total Goals,Over 0.5,1.15,,,WON,
2026-02-04T12:45:00+00:00,Division 1,Al Zulfi,Al Baten,Double Chance,Home/Draw,1.2,,,WON,
2026-02-04T12:45:00+00:00,Division 1,Al-Faisaly FC,Al Jandal,Over/Under Goals,Under 3.5,1.25,,,LOST,
2026-02-04T13:00:00+00:00,Cup,Sumqayıt,Zira,Over/Under Goals,Under 3.5,1.28,,,WON,
2026-02-04T13:00:00+00:00,Premier League,Hadiya Hosaena,Mekelakeya,Over/Under Goals,Under 2.5,1.36,,,WON,
2026-02-04T13:30:00+00:00,Serie D - Girone I,Enna,Vigor Lamezia,Over/Under Goals,Under 3.5,1.27,,,WON,
2026-02-04T14:00:00+00:00,Friendlies Clubs,B 93,Naestved,Over/Under Goals,Under 3.5,1.4,,,WON,
2026-02-04T14:00:00+00:00,Friendlies Clubs,Cork City,Kerry,1X2 / Match Winner,Home,1.28,,,WON,
2026-02-04T14:00:00+00:00,Liga I,Metaloglobus,Csikszereda,Over/Under Goals,Under 3.5,1.25,,,WON,
2026-02-04T14:00:00+00:00,Ligue 1,El Bayadh,MB Rouisset,Asian Handicap,Home +0.25,1.5,,,WON,
2026-02-04T14:00:00+00:00,Ligue 1,Khenchela,ASO Chlef,Double Chance,Home/Draw,1.15,,,WON,
2026-02-04T14:30:00+00:00,Elite One,Panthère,Fortuna Mfou,1X2 / Match Winner,Home,1.64,,,WON,
2026-02-04T14:30:00+00:00,Elite One,Stade Renard,Aigle Royal de Moungo,Over/Under Goals,Under 2.5,1.53,,,WON,
2026-02-04T14:30:00+00:00,Elite One,Victoria United,Cotonsport,Over/Under Goals,Under 2.5,1.57,,,WON,
2026-02-04T14:45:00+00:00,Stars League,UMM Salal,Al-Duhail SC,Over/Under Goals,Under 3.5,1.7,,,WON,
2026-02-04T15:00:00+00:00,Cup,Genclerbirligi,Eyüpspor,Double Chance,Home/Draw,1.17,,,WON,
2026-02-04T15:00:00+00:00,Cup,OFI,Levadiakos,Over/Under Goals,Under 3.5,1.33,,,WON,
2026-02-04T15:00:00+00:00,Premier League,Masr,AL Masry,Double Chance,Home/Draw,1.5,,,WON,
2026-02-04T15:00:00+00:00,Premier League,Smouha SC,Pyramids FC,Over/Under Goals,Over 1.5,1.48,,,WON,
2026-02-04T15:15:00+00:00,Division 1,Al Diriyah,Al Wehda Club,Over/Under Goals,Under 3.5,1.55,,,LOST,
2026-02-04T15:30:00+00:00,Cup,Sabah FA,Qabala,Over/Under Goals,Under 3.5,1.53,,,WON,
2026-02-04T16:00:00+00:00,Elite One,Colombe,Dynamo de Douala,Over/Under Goals,Under 3.5,1.24,,,WON,
2026-02-04T16:00:00+00:00,Liga I,Uta Arad,CFR 1907 Cluj,Over/Under Goals,Under 3.5,1.22,,,WON,
2026-02-04T16:30:00+00:00,1. SNL,Celje,Radomlje,Over/Under Goals,Under 3.5,1.7,,,LOST,
2026-02-04T16:30:00+00:00,Super League 1,Asteras Tripolis,Olympiakos Piraeus,Over/Under Goals,Under 3.5,1.3,,,WON,
2026-02-04T17:00:00+00:00,1. Division,Pafos,Apoel Nicosia,Team Total Goals,Over 0.5,1.22,,,WON,
2026-02-04T17:00:00+00:00,Cup,Mamelodi Sundowns,Gomora United FC,Over/Under Goals,Under 3.5,1.67,,,WON,
2026-02-04T17:00:00+00:00,Cup,Stellenbosch,Kaizer Chiefs,Double Chance,Home/Draw,1.44,,,WON,
2026-02-04T17:00:00+00:00,Friendlies Clubs,Sturm Graz II,Kalsdorf,Over/Under Goals,Over 1.5,1.15,,,WON,
2026-02-04T17:00:00+00:00,State Cup,Beitar Jerusalem,Bnei Yehuda,Over/Under Goals,Under 3.5,1.44,,,WON,
2026-02-04T17:30:00+00:00,Premier League,Naxxar Lions,Mosta,Asian Handicap,Home +0.25,1.42,,,WON,
2026-02-04T17:45:00+00:00,KNVB Beker,NEC Nijmegen,FC Volendam,1X2 / Match Winner,Home,1.3,,,WON,
2026-02-04T18:00:00+00:00,Premier League,Kahraba Ismailia,Zamalek SC,Asian Handicap,Home +1.25,1.46,,,LOST,
2026-02-04T18:00:00+00:00,State Cup,Maccabi Bnei Raina,Hapoel Beer Sheva,Over/Under Goals,Under 3.5,1.53,,,WON,
2026-02-04T18:15:00+00:00,Schweizer Cup,Stade Lausanne-Ouchy,FC Luzern,Double Chance,Home/Draw,1.62,,,WON,
2026-02-04T18:30:00+00:00,Cup,Panathinaikos,PAOK,Over/Under Goals,Under 3.5,1.25,,,WON,
2026-02-04T18:30:00+00:00,Liga I,Farul Constanta,Dinamo Bucuresti,Over/Under Goals,Under 2.5,1.7,,,LOST,
2026-02-04T18:30:00+00:00,Premier League,Valletta FC,Floriana,Over/Under Goals,Under 3.5,1.18,,,WON,
2026-02-04T18:30:00+00:00,Regionalliga - West,Wiedenbrück,SV Rodinghausen,Asian Handicap,Home +0.25,1.68,,,WON,
2026-02-04T19:15:00+00:00,Schweizer Cup,FC ST. Gallen,FC Basel 1893,Double Chance,Home/Draw,1.45,,,WON,
2026-02-04T19:30:00+00:00,Coupe de France,Lorient,Paris FC,Over/Under Goals,Under 3.5,1.25,,,WON,
2026-02-04T19:30:00+00:00,Coupe de France,Lyon,Laval,Over/Under Goals,Over 1.5,1.2,,,WON,
2026-02-04T19:30:00+00:00,Coupe de France,Nice,Montpellier,Over/Under Goals,Over 1.5,1.22,,,WON,
2026-02-04T19:30:00+00:00,Coupe de France,Toulouse,Amiens,Over/Under Goals,Under 3.5,1.55,,,WON,
2026-02-04T19:30:00+00:00,Cup,Charleroi,Union St. Gilloise,Over/Under Goals,Under 3.5,1.22,,,WON,
2026-02-04T19:30:00+00:00,Pernambucano - 1,Maguary PE,Retrô,Over/Under Goals,Under 3.5,1.22,,,WON,
2026-02-04T19:45:00+00:00,DFB Pokal,Holstein Kiel,VfB Stuttgart,Over/Under Goals,Under 3.5,1.5,,,WON,
2026-02-04T19:45:00+00:00,FAW Championship,Penrhyncoch,Caersws,Over/Under Goals,Under 3.5,1.61,,,LOST,
2026-02-04T19:45:00+00:00,Non League Premier - Southern South,Gosport Borough,Gloucester City,Double Chance,Home/Draw,1.53,,,LOST,
2026-02-04T19:45:00+00:00,Premiership,Hibernian,Dundee Utd,Asian Handicap,Away -1.25,1.6,,,WON,
2026-02-04T19:45:00+00:00,Premiership,Livingston,Falkirk,Over/Under Goals,Under 3.5,1.3,,,WON,
2026-02-04T19:45:00+00:00,Premiership,Rangers,Kilmarnock,Team Total Goals,Over 1.5,1.4,,,WON,
2026-02-04T20:00:00+00:00,Copa del Rey,Alaves,Real Sociedad,Over/Under Goals,Under 3.5,1.18,,,LOST,
2026-02-04T20:00:00+00:00,Copa del Rey,Valencia,Athletic Club,Over/Under Goals,Over 1.5,1.42,,,WON,
2026-02-04T20:00:00+00:00,Coppa Italia,Inter,Torino,Over/Under Goals,Under 3.5,1.48,,,WON,
2026-02-04T20:00:00+00:00,Coupe de France,Estac Troyes,Lens,Over/Under Goals,Under 3.5,1.48,,,LOST,
2026-02-04T20:00:00+00:00,KNVB Beker,PSV Eindhoven,Heerenveen,Asian Handicap,Home +0.25,1.16,,,WON,
2026-02-04T20:00:00+00:00,League Cup,Manchester City,Newcastle,Over/Under Goals,Under 3.5,1.48,,,LOST,
2026-02-04T20:00:00+00:00,Premier League,Hibernians,Zabbar St. Patrick,Over/Under Goals,Over 1.5,1.3,,,WON,
2026-02-04T20:00:00+00:00,Primera B,Tigres FC,Orsomarso,Over/Under Goals,Under 2.5,1.4,,,WON,
2026-02-04T20:15:00+00:00,Taça de Portugal,Fafe,Torreense,Over/Under Goals,Under 3.5,1.25,,,WON,
2026-02-04T21:00:00+00:00,Primera Division,Alianza,Isidro Metapán,Over/Under Goals,Under 3.5,1.18,,,WON,
2026-02-04T21:00:00+00:00,Primera Division,Fuerte San Francisco,Águila,Over/Under Goals,Under 3.5,1.28,,,LOST,
2026-02-04T21:00:00+00:00,Primera Division,Inter,Platense,Asian Handicap,Home +0,1.57,,,WON,
2026-02-04T21:00:00+00:00,Primera Division,Municipal Limeño,FAS,Over/Under Goals,Under 3.5,1.33,,,WON,
2026-02-04T21:30:00+00:00,Primera Division,Cacahuatique,Firpo,Over/Under Goals,Under 3.5,1.3,,,LOST,
2026-02-04T22:00:00+00:00,Copa Argentina,Talleres Cordoba,Argentino de Merlo,Over/Under Goals,Under 3.5,1.45,,,WON,
2026-02-04T22:00:00+00:00,Serie A,Flamengo,Internacional,Over/Under Goals,Under 3.5,1.38,,,WON,
2026-02-04T22:00:00+00:00,Serie A,RB Bragantino,Atletico-MG,Asian Handicap,Home +0,1.6,,,WON,
2026-02-04T22:30:00+00:00,Primera B,Internacional Palmira,Quindio,Over/Under Goals,Under 3.5,1.17,,,WON,
2026-02-04T23:00:00+00:00,Serie A,Santos,Sao Paulo,Over/Under Goals,Under 3.5,1.25,,,WON,
2026-02-04T23:00:00+00:00,Serie A,remo,Mirassol,Over/Under Goals,Under 3.5,1.22,,,LOST,
2026-02-05T00:00:00+00:00,Amazonense,Nacional AM,Princesa Solimões,Over/Under Goals,Under 3.5,1.2,,,WON,
2026-02-05T00:00:00+00:00,Capixaba,Forte FC,Vitória ES,Over/Under Goals,Under 3.5,1.15,,,WON,
2026-02-05T00:00:00+00:00,Liga MX Femenil,Toluca W,Atlético San Luis W,1X2 / Match Winner,Home,1.26,,,WON,
2026-02-05T00:15:00+00:00,Copa Argentina,Platense,Argentino Monte Maíz,Over/Under Goals,Under 3.5,1.42,,,WON,
2026-02-05T00:30:00+00:00,CONMEBOL Libertadores,2 de Mayo,Alianza Lima,Double Chance,Draw/Away,1.4,,,LOST,
2026-02-05T00:30:00+00:00,Serie A,Gremio,Botafogo,Over/Under Goals,Over 1.5,1.38,,,WON,
2026-02-05T00:30:00+00:00,Serie A,Palmeiras,Vitoria,Team Total Goals,Under 2.5,1.44,,,LOST,
2026-02-05T01:00:00+00:00,CONCACAF Champions League,Xelajú,Monterrey,1X2 / Match Winner,Draw,3.8,,,WON,
2026-02-05T01:00:00+00:00,Friendlies Clubs,Guayaquil City FC,Barcelona SC,Over/Under Goals,Under 2.5,1.8,,,LOST,
2026-02-05T01:00:00+00:00,Primera A,Atletico Nacional,America de Cali,Double Chance,Home/Draw,1.15,,,WON,
2026-02-05T03:00:00+00:00,CONCACAF Champions League,Vancouver FC,Cruz Azul,Over/Under Goals,Under 3.5,1.62,,,WON,
2026-02-05T09:00:00+00:00,National League,Rakhine United,Yadanarbon,Asian Handicap,Home +1.25,1.67,,,WON,
2026-02-05T09:30:00+00:00,National League,Sagaing United,Thitsar Arman,Asian Handicap,Home +0,1.43,,,WON,
2026-02-05T10:00:00+00:00,Cup,Keçiörengücü,Gazişehir Gaziantep,Double Chance,Home/Draw,1.55,,,LOST,
2026-02-05T10:00:00+00:00,Friendlies Clubs,Orijent 1919,SKU Amstetten,1X2 / Match Winner,Draw,3.8,,,WON,
2026-02-05T10:30:00+00:00,Birinci Dasta,Cəbrayıl,MOIK,Over/Under Goals,Under 3.5,1.36,,,LOST,
2026-02-05T10:30:00+00:00,Birinci Dasta,Safa Baku,Baku Sportinq,Over/Under Goals,Under 3.5,1.29,,,WON,
2026-02-05T10:30:00+00:00,Birinci Dasta,Zaqatala,Səbail,Over/Under Goals,Under 3.5,1.23,,,WON,
2026-02-05T10:30:00+00:00,Cup,Keshla FC,Qarabag,Team Total Goals,Over 0.5,1.7,,,WON,
2026-02-05T11:00:00+00:00,Friendlies Clubs,Sogndal,Daejeon Citizen,Over/Under Goals,Under 2.5,1.7,,,WON,
2026-02-05T11:00:00+00:00,Thai League 2,Nakhon Pathom,Chanthaburi,Over/Under Goals,Under 2.5,1.75,,,WON,
2026-02-05T12:00:00+00:00,Friendlies Clubs,Arsenal Tivat,Jezero,Over/Under Goals,Under 3.5,1.22,,,LOST,
2026-02-05T12:00:00+00:00,Iraqi League,Al Najaf,Al-Qasim,Over/Under Goals,Under 3.5,1.19,,,WON,
2026-02-05T12:00:00+00:00,Iraqi League,Erbil,Naft,Over/Under Goals,Under 2.5,1.4,,,LOST,
2026-02-05T12:00:00+00:00,Thai League 2,Esan Pattaya,Pattani,Over/Under Goals,Under 2.5,1.75,,,WON,
2026-02-05T12:30:00+00:00,ASEAN Club Championship,Bangkok United,Shan United,Over/Under Goals,Under 3.5,1.93,,,WON,
2026-02-05T12:30:00+00:00,ASEAN Club Championship,Nam Dinh,Johor Darul Takzim FC,Team Total Goals,Under 2.5,1.2,,,WON,
2026-02-05T12:30:00+00:00,Cup,Konyaspor,Aliağa FAŞ,Over/Under Goals,Under 3.5,1.65,,,LOST,
2026-02-05T12:30:00+00:00,Second League,Abu Qair Semad,El Entag EL Harby,Over/Under Goals,Under 2.5,1.44,,,LOST,
2026-02-05T12:30:00+00:00,Second League,Raya Ghazl,El Dakhleya,1X2 / Match Winner,Draw,2.62,,,WON,
2026-02-05T12:30:00+00:00,Second League,Tanta SC,El Seka El Hadid,Asian Handicap,Home +0.25,1.42,,,LOST,
2026-02-05T12:30:00+00:00,Second League,Tersana,Maleyet Kafr El Zayiat,BTTS,No,1.5,,,WON,
2026-02-05T13:25:00+00:00,Pro League,Al Nasr,Al-Wasl FC,Over/Under Goals,Under 3.5,1.45,,,WON,
2026-02-05T13:25:00+00:00,Pro League,Al Wahda FC,Al Bataeh,1X2 / Match Winner,Home,1.42,,,LOST,
2026-02-05T13:40:00+00:00,Premier League,Al Shabab,Al Fahaheel,Double Chance,Home/Draw,1.5,,,WON,
2026-02-05T14:00:00+00:00,1. SNL,Aluminij,Olimpija Ljubljana,Over/Under Goals,Under 3.5,1.42,,,WON,
2026-02-05T14:30:00+00:00,Elite One,PWD Bamenda,Gazelle,Double Chance,Home/Draw,1.62,,,WON,
2026-02-05T14:30:00+00:00,Iraqi League,Al Zawra'a,Zakho,Over/Under Goals,Under 2.5,1.44,,,LOST,
2026-02-05T14:30:00+00:00,Iraqi League,Al-Karma,Al Talaba,Double Chance,Draw/Away,1.57,,,WON,
2026-02-05T14:45:00+00:00,Stars League,Al Sadd,Al Shahaniya,Over/Under Goals,Under 3.5,2.0,,,LOST,
2026-02-05T15:00:00+00:00,Cup,Kocaelispor,Beşiktaş,1X2 / Match Winner,Draw,3.58,,,WON,
2026-02-05T15:00:00+00:00,Cup,Turan,Kapaz,Over/Under Goals,Under 3.5,1.62,,,WON,
2026-02-05T15:00:00+00:00,Friendlies Clubs,Metalist 1925 Kharkiv,Seattle Sounders,Over/Under Goals,Under 3.5,1.5,,,WON,
2026-02-05T15:00:00+00:00,Premier League,Haras El Hodood,Pharco,Over/Under Goals,Under 2.5,1.4,,,LOST,
2026-02-05T15:20:00+00:00,Pro League,Al-Fayha,Al Najma,Over/Under Goals,Over 1.5,1.28,,,WON,
2026-02-05T15:30:00+00:00,Ligue 1,AJEB,Salitas,Double Chance,Home/Draw,1.28,,,LOST,
2026-02-05T15:30:00+00:00,Ligue 1,SONABEL,Réal du Faso,Over/Under Goals,Under 2.5,1.33,,,WON,
2026-02-05T16:00:00+00:00,Liga I,Universitatea Craiova,Oţelul,Asian Handicap,Home +0.5,1.16,,,WON,
2026-02-05T16:00:00+00:00,Pro League,Sharjah FC,Shabab Al Ahli Dubai,Over/Under Goals,Under 3.5,1.33,,,LOST,
2026-02-05T16:05:00+00:00,Premier League,Al Tadhamon,Al Nasar,Over/Under Goals,Under 3.5,1.42,,,LOST,
2026-02-05T16:45:00+00:00,Stars League,Al-Arabi SC,Al Shamal,Team Total Goals,Over 0.5,1.22,,,WON,
2026-02-05T17:30:00+00:00,Cup,Fenerbahçe,Erzurum BB,Over/Under Goals,Under 3.5,1.65,,,LOST,
2026-02-05T17:30:00+00:00,Pro League,Al Okhdood,Al-Hilal Saudi FC,Over/Under Goals,Under 3.5,1.95,,,LOST,
2026-02-05T17:30:00+00:00,Pro League,Al-Ahli Jeddah,Al-Hazm,Result + Total Goals,Home/Over 1.5,1.4,,,WON,
2026-02-05T18:00:00+00:00,Premier League,Ceramica Cleopatra,Ghazl El Mehalla,Double Chance,Home/Draw,1.15,,,WON,
2026-02-05T18:00:00+00:00,Premier League,Wadi Degla,El Mokawloon,Double Chance,Draw/Away,1.45,,,WON,
2026-02-05T18:30:00+00:00,Liga I,FCSB,FC Botosani,Over/Under Goals,Under 3.5,1.28,,,WON,
2026-02-05T18:30:00+00:00,State Cup,Maccabi Kabilio Jaffa,Maccabi Tel Aviv,Over/Under Goals,Under 3.5,1.62,,,LOST,
2026-02-05T19:00:00+00:00,KNVB Beker,Telstar,GO Ahead Eagles,Over/Under Goals,Over 1.5,1.2,,,WON,
2026-02-05T19:30:00+00:00,Cup,Anderlecht,Antwerp,Over/Under Goals,Under 3.5,1.33,,,WON,
2026-02-05T20:00:00+00:00,Copa del Rey,Real Betis,Atletico Madrid,Over/Under Goals,Over 1.5,1.22,,,WON,
2026-02-05T20:00:00+00:00,Coppa Italia,Atalanta,Juventus,Over/Under Goals,Under 3.5,1.3,,,WON,
2026-02-05T20:00:00+00:00,Coupe de France,Strasbourg,Monaco,Over/Under Goals,Under 3.5,1.48,,,LOST,
2026-02-05T20:00:00+00:00,Matogrossense,Operário MT,Nova Mutum EC,Over/Under Goals,Under 2.5,1.62,,,LOST,
2026-02-05T20:00:00+00:00,Premier League,Dunbeholden,Spanish Town Police,Over/Under Goals,Under 3.5,1.28,,,WON,
2026-02-05T20:00:00+00:00,Primera B,Popayan,Real Soacha,Over/Under Goals,Under 3.5,1.16,,,WON,
2026-02-05T20:01:00+00:00,League Two,Accrington ST,Salford City,Over/Under Goals,Under 3.5,1.28,,,WON,
2026-02-05T22:00:00+00:00,Capixaba,Real Noroeste,Desportiva ES,Over/Under Goals,Under 3.5,1.25,,,LOST,
2026-02-05T22:00:00+00:00,Copa Argentina,Deportivo Riestra,Deportivo Maipu,Team Total Goals,Under 2.5,1.15,,,WON,
2026-02-05T22:00:00+00:00,Gaúcho - 1,Guarany de Bagé,Monsoon,Over/Under Goals,Under 2.5,1.44,,,WON,
2026-02-05T22:00:00+00:00,Serie A,Bahia,Fluminense,Over/Under Goals,Under 3.5,1.25,,,WON,
2026-02-05T22:30:00+00:00,Primera B,Leones FC,Bogota FC,Over/Under Goals,Under 2.5,1.67,,,WON,
2026-02-05T23:00:00+00:00,Acreano,São Francisco,ADESG,Asian Handicap,Home +1.25,1.6,,,LOST,
2026-02-05T23:00:00+00:00,Liga MX Femenil,Querétaro W,León W,Team Total Goals,Under 2.5,1.22,,,LOST,
2026-02-05T23:00:00+00:00,Matogrossense,Mixto,Sport Sinop,Over/Under Goals,Under 2.5,1.77,,,WON,
2026-02-05T23:00:00+00:00,Paraense,remo,Águia de Marabá,Over/Under Goals,Under 3.5,1.15,,,WON,
2026-02-05T23:00:00+00:00,Paraibano,Nacional de Patos,Botafogo PB,Over/Under Goals,Under 3.5,1.25,,,WON,
2026-02-05T23:00:00+00:00,Sergipano,Confiança,Guarany SE,Over/Under Goals,Under 3.5,1.48,,,WON,
2026-02-05T23:00:00+00:00,Serie A,Vasco DA Gama,Chapecoense-sc,Team Total Goals,Over 0.5,1.62,,,WON,
2026-02-05T23:30:00+00:00,Paulista - A1,Corinthians,Capivariano,Over/Under Goals,Under 3.5,1.3,,,WON,
2026-02-06T00:00:00+00:00,Liga MX Femenil,Necaxa W,Guadalajara W,Over/Under Goals,Under 3.5,2.0,,,WON,
2026-02-06T00:30:00+00:00,CONMEBOL Libertadores,Juventud,Universidad Catolica,Over/Under Goals,Under 3.5,1.3,,,WON,
2026-02-06T00:30:00+00:00,Gaúcho - 1,Inter Santa Maria,Avenida,Over/Under Goals,Under 2.5,1.45,,,WON,
2026-02-06T00:30:00+00:00,Serie A,Cruzeiro,Coritiba,Over/Under Goals,Under 3.5,1.28,,,WON,
2026-02-06T01:06:00+00:00,Liga MX Femenil,Juárez W,América W,1X2 / Match Winner,Away,1.45,,,LOST,
2026-02-06T02:00:00+00:00,Copa Costa Rica,Deportivo Saprissa,AD Carmelita,Over/Under Goals,Under 3.5,1.5,,,LOST,
2026-02-06T03:00:00+00:00,Liga MX Femenil,Tigres UANL W,Cruz Azul W,Team Total Goals,Under 2.5,1.7,,,LOST,
2026-02-06T03:06:00+00:00,Liga MX Femenil,Atlas W,Pumas UNAM W,Over/Under Goals,Under 3.5,1.55,,,LOST,
2026-02-06T06:00:00+00:00,A-League,Wellington Phoenix,Melbourne Victory,BTTS,Yes,1.55,,,WON,
2026-02-06T08:30:00+00:00,Liga 1,PSIM Yogyakarta,Persis Solo,1X2 / Match Winner,Draw,3.44,,,WON,
2026-02-06T08:35:00+00:00,A-League,Macarthur,Perth Glory,Asian Handicap,Home +0,1.48,,,WON,
2026-02-06T09:30:00+00:00,Liga Alef,Hapoel Tirat HaCarmel,Tzeirey Tamra,Double Chance,Home/Draw,1.57,,,LOST,
2026-02-06T10:00:00+00:00,Friendlies Clubs,Ham-Kam,Kongsvinger,Over/Under Goals,Under 3.5,1.59,,,WON,
2026-02-06T10:00:00+00:00,J. League Div.1,V-varen Nagasaki,Sanfrecce Hiroshima,Over/Under Goals,Under 2.5,1.65,,,LOST,
2026-02-06T10:00:00+00:00,J. League Div.1,Yokohama F. Marinos,Machida Zelvia,Over/Under Goals,Over 1.5,1.33,,,WON,
2026-02-06T10:30:00+00:00,Birinci Dasta,Şahdağ,Difai Ağsu,Over/Under Goals,Under 3.5,1.3,,,LOST,
2026-02-06T10:30:00+00:00,Liga Alef,Hapoel Bnei Musmus,Hapoel Beit Shean,Asian Handicap,Home +0.25,1.49,,,LOST,
2026-02-06T10:30:00+00:00,Liga Alef,Hapoel Herzliya,FC Jerusalem,Double Chance,Home/Draw,1.65,,,LOST,
2026-02-06T10:45:00+00:00,Liga Alef,Tira,Ironi Nesher,1X2 / Match Winner,Home,1.42,,,LOST,
2026-02-06T11:00:00+00:00,Friendlies Clubs,Chrudim,Karkonosze Jelenia Góra,1X2 / Match Winner,Home,1.3,,,WON,
2026-02-06T11:00:00+00:00,Liga Alef,Hapoel Migdal HaEmek,Tzeirei Umm al-Fahm,Over/Under Goals,Under 3.5,1.25,,,LOST,
2026-02-06T11:15:00+00:00,Liga Alef,Ironi Baka El Garbiya,Maccabi Neve Sha'anan,Asian Handicap,Home +0.25,1.47,,,WON,
2026-02-06T11:15:00+00:00,Liga Alef,Nordia Jerusalem,Hapoel Ramat HaSharon,Double Chance,Home/Draw,1.25,,,WON,
2026-02-06T11:20:00+00:00,Liga Alef,Maccabi Ashdod,Tzeirey Tira,Asian Handicap,Home +0.25,1.6,,,LOST,
2026-02-06T11:20:00+00:00,Liga Alef,Maccabi Nujeidat Ahmed,Maccabi K. Ata Bialik,Asian Handicap,Home +1.25,1.62,,,WON,
2026-02-06T11:30:00+00:00,Premier League,Tanjong Pagar,Geylang International,Team Total Goals,Under 2.5,1.67,,,LOST,
2026-02-06T12:00:00+00:00,Iraqi League,Al Kahrabaa,Duhok,Over/Under Goals,Under 2.5,1.4,,,WON,
2026-02-06T12:00:00+00:00,Liga 1,Persib Bandung,Malut United,Over/Under Goals,Under 3.5,1.29,,,WON,
2026-02-06T12:30:00+00:00,Second League,Itesalat,Proxy,Asian Handicap,Home +0.25,1.46,,,LOST,
2026-02-06T12:30:00+00:00,Second League,La Viena FC,Aswan Sc,Over/Under Goals,Under 2.5,1.33,,,WON,
2026-02-06T12:30:00+00:00,Superliga,Vllaznia Shkodër,Vora,Over/Under Goals,Under 2.5,1.75,,,WON,
2026-02-06T13:00:00+00:00,Friendlies Clubs,Lillestrom,Stabaek,Team Total Goals,Under 2.5,1.75,,,WON,
2026-02-06T13:00:00+00:00,Friendlies Clubs,Raufoss,Lyn,Over/Under Goals,Under 3.5,1.57,,,WON,
2026-02-06T13:00:00+00:00,Liga Leumit,Hapoel Afula,Hapoel Hadera,Double Chance,Home/Draw,1.5,,,LOST,
2026-02-06T13:00:00+00:00,Liga Leumit,Hapoel Nazareth Illit,Hapoel Ramat Gan,1X2 / Match Winner,Draw,3.1,,,LOST,
2026-02-06T13:00:00+00:00,Liga Leumit,Ironi Modi'in,Hapoel Rishon LeZion,Over/Under Goals,Under 3.5,1.27,,,WON,
2026-02-06T13:00:00+00:00,Liga Leumit,Kiryat Yam SC,Hapoel Kfar Saba,Asian Handicap,Home +0,1.62,,,WON,
2026-02-06T13:00:00+00:00,Liga Leumit,Maccabi Herzliya,Hapoel Kfar Shalem,Asian Handicap,Home +0.25,1.45,,,WON,
2026-02-06T13:00:00+00:00,Professional Development League,AFC Bournemouth U21,Bristol City U21,Over/Under Goals,Under 3.5,2.27,,,LOST,
2026-02-06T13:15:00+00:00,Division 1,Masfut,Al Urooba,Over/Under Goals,Under 3.5,1.35,,,WON,
2026-02-06T13:15:00+00:00,First League,Montana,CSKA 1948,Over/Under Goals,Under 3.5,1.25,,,WON,
2026-02-06T13:25:00+00:00,Pro League,Al-Dhafra,Khorfakkan,Over/Under Goals,Under 3.5,1.45,,,LOST,
2026-02-06T14:00:00+00:00,League,Al Hussein,Shabab Al Ordon,Over/Under Goals,Under 3.5,1.4,,,LOST,
2026-02-06T14:00:00+00:00,Ligue 2,RC Arba,WA Tlemcen,Over/Under Goals,Under 2.5,1.4,,,LOST,
2026-02-06T14:00:00+00:00,Ligue 2,WA Mostaganem,Témouchent,Over/Under Goals,Under 3.5,1.2,,,LOST,
2026-02-06T14:25:00+00:00,Pro League,NEOM,Al Riyadh,Over/Under Goals,Under 3.5,1.38,,,WON,
2026-02-06T14:30:00+00:00,Iraqi League,Al Quwa Al Jawiya,Naft Maysan,Over/Under Goals,Under 3.5,1.27,,,WON,
2026-02-06T14:35:00+00:00,Division 1,Dubai United,Al Hamriyah,Over/Under Goals,Under 3.5,1.45,,,WON,
2026-02-06T14:45:00+00:00,Stars League,Al Wakrah,Al Ahli Doha,Over/Under Goals,Under 3.5,1.48,,,LOST,
2026-02-06T15:00:00+00:00,Friendlies Clubs,WSPG Wels,Gurten,Asian Handicap,Away -1.25,1.59,,,LOST,
2026-02-06T15:00:00+00:00,Friendlies Clubs,Ústí nad Labem,Kladno,Over/Under Goals,Under 3.5,1.81,,,LOST,
2026-02-06T15:00:00+00:00,Liga I,Arges Pitesti,AFC Hermannstadt,Over/Under Goals,Over 1.5,1.48,,,WON,
2026-02-06T15:00:00+00:00,Premier League,Al Qadsia,Al Kuwait,1X2 / Match Winner,Draw,3.4,,,WON,
2026-02-06T15:00:00+00:00,Premier League,El Gouna FC,Future FC,Double Chance,Home/Draw,1.5,,,WON,
2026-02-06T15:00:00+00:00,Premijer Liga,Rudar Prijedor,Siroki Brijeg,Asian Handicap,Home +0.25,1.42,,,LOST,
2026-02-06T15:00:00+00:00,Pro League,Al-Ettifaq,Damac,Over/Under Goals,Under 3.5,1.3,,,WON,
2026-02-06T15:30:00+00:00,Superliga,AF Elbasani,Teuta Durrës,Over/Under Goals,Under 2.5,1.44,,,LOST,
2026-02-06T15:45:00+00:00,First League,CSKA Sofia,Arda Kardzhali,Over/Under Goals,Under 2.5,1.7,,,LOST,
2026-02-06T16:00:00+00:00,Pro League,Al-Jazira,Al Ain,1X2 / Match Winner,Draw,3.65,,,LOST,
2026-02-06T16:15:00+00:00,Friendlies Clubs,FC Krasnodar,Zenit,Over/Under Goals,Over 2.5,1.69,,,WON,
2026-02-06T16:45:00+00:00,NB I,Kisvarda FC,Kazincbarcikai,Over/Under Goals,Over 1.5,1.25,,,LOST,
2026-02-06T16:45:00+00:00,Stars League,Qatar SC,Al-Rayyan SC,Team Total Goals,Under 2.5,1.53,,,LOST,
2026-02-06T17:00:00+00:00,Ekstraklasa,Korona Kielce,Zaglebie Lubin,Over/Under Goals,Under 3.5,1.22,,,WON,
2026-02-06T17:00:00+00:00,I Liga,Odra Opole,Pogoń Siedlce,Asian Handicap,Home +0,1.42,,,WON,
2026-02-06T17:00:00+00:00,Premijer Liga,Zrinjski,Sloga Doboj,Over/Under Goals,Under 3.5,1.29,,,WON,
2026-02-06T17:00:00+00:00,Prva HNL,NK Lokomotiva Zagreb,HNK Gorica,Double Chance,Draw/Away,1.67,,,LOST,
2026-02-06T17:30:00+00:00,Bundesliga 2,Preußen Münster,VfL Bochum,1X2 / Match Winner,Draw,3.5,,,WON,
2026-02-06T17:30:00+00:00,Bundesliga 2,SpVgg Greuther Fürth,1. FC Magdeburg,Over/Under Goals,Under 3.5,1.55,,,LOST,
2026-02-06T17:30:00+00:00,Pro League,Al-Nassr,Al-Ittihad FC,Team Total Goals,Under 2.5,1.17,,,WON,
2026-02-06T18:00:00+00:00,3. Liga,Waldhof Mannheim,SSV Ulm 1846,Over/Under Goals,Under 3.5,1.45,,,WON,
2026-02-06T18:00:00+00:00,Liga I,Rapid,Petrolul Ploiesti,Over/Under Goals,Under 3.5,1.22,,,WON,
2026-02-06T18:00:00+00:00,Premier League,El Geish,Al Ittihad,Asian Handicap,Home +0.25,1.52,,,LOST,
2026-02-06T18:00:00+00:00,Premier League,Petrojet,Enppi,Over/Under Goals,Under 3.5,1.17,,,WON,
2026-02-06T18:00:00+00:00,Regionalliga - Nordost,Magdeburg II,Chemnitzer FC,Over/Under Goals,Over 2.5,1.7,,,LOST,
2026-02-06T18:00:00+00:00,Segunda Liga,FC Porto B,Academico Viseu,Over/Under Goals,Under 3.5,1.25,,,LOST,
2026-02-06T18:00:00+00:00,Superliga,Flamurtari,Egnatia Rrogozhinë,Over/Under Goals,Under 2.5,1.5,,,WON,
2026-02-06T18:30:00+00:00,Challenge League,Stade Nyonnais,Bellinzona,Over/Under Goals,Under 2.5,1.9,,,WON,
2026-02-06T18:30:00+00:00,National 1,Bourg-en-bresse 01,Le Puy Foot,Over/Under Goals,Over 1.5,1.4,,,LOST,
2026-02-06T18:30:00+00:00,National 1,Caen,Fleury 91,Team Total Goals,Under 2.5,1.22,,,WON,
2026-02-06T18:30:00+00:00,National 1,Concarneau,Aubagne,Double Chance,Draw/Away,1.7,,,LOST,
2026-02-06T18:30:00+00:00,National 1,Gobelins,Dijon,Over/Under Goals,Under 3.5,1.22,,,LOST,
2026-02-06T18:30:00+00:00,National 1,Orleans,Chateauroux,Over/Under Goals,Under 3.5,1.28,,,LOST,
2026-02-06T18:30:00+00:00,National 1,Rouen,Valenciennes,Over/Under Goals,Under 3.5,1.25,,,WON,
2026-02-06T18:30:00+00:00,National 1,Stade Briochin,Sochaux,Over/Under Goals,Under 2.5,1.67,,,WON,
2026-02-06T18:30:00+00:00,National 1,Villefranche,Versailles,Over/Under Goals,Under 3.5,1.22,,,WON,
2026-02-06T18:30:00+00:00,National 2 - Group C,Andrézieux,Hyères,Over/Under Goals,Under 3.5,1.15,,,WON,
2026-02-06T18:30:00+00:00,National 2 - Group C,Cannes,Saint-Priest,Team Total Goals,Over 0.5,1.15,,,WON,
2026-02-06T19:00:00+00:00,CAF Champions League,MC Alger,Al Hilal Omdurman,Asian Handicap,Away -1.25,1.7,,,WON,
2026-02-06T19:00:00+00:00,Challenger Pro League,Liège,K. Lierse S.K.,Team Total Goals,Under 2.5,1.23,,,WON,
2026-02-06T19:00:00+00:00,Challenger Pro League,Patro Eisden,KRC Genk II,1X2 / Match Winner,Home,1.43,,,LOST,
2026-02-06T19:00:00+00:00,Eerste Divisie,FC OSS,Vitesse,Over/Under Goals,Under 3.5,1.5,,,WON,
2026-02-06T19:00:00+00:00,Eerste Divisie,Helmond Sport,Den Bosch,Over/Under Goals,Under 3.5,1.57,,,WON,
2026-02-06T19:00:00+00:00,Eerste Divisie,MVV,Jong PSV U21,Double Chance,Draw/Away,1.5,,,LOST,
2026-02-06T19:00:00+00:00,Eerste Divisie,Roda,ADO Den Haag,Over/Under Goals,Over 1.5,1.18,,,WON,
2026-02-06T19:00:00+00:00,Eredivisie,NAC Breda,Excelsior,Team Total Goals,Over 0.5,1.15,,,LOST,
2026-02-06T19:00:00+00:00,Ligue 2,Annecy,Grenoble,Asian Handicap,Home +0,1.45,,,WON,
2026-02-06T19:00:00+00:00,Ligue 2,Boulogne,Rodez,Over/Under Goals,Under 3.5,1.28,,,WON,
2026-02-06T19:00:00+00:00,Ligue 2,Dunkerque,Guingamp,Over/Under Goals,Under 3.5,1.25,,,WON,
2026-02-06T19:00:00+00:00,Ligue 2,RED Star FC 93,PAU,Over/Under Goals,Over 1.5,1.3,,,WON,
2026-02-06T19:00:00+00:00,Ligue 2,Reims,Bastia,Over/Under Goals,Under 3.5,1.25,,,WON,
2026-02-06T19:00:00+00:00,Premijer Liga,FK Sarajevo,Radnik Bijeljina,Over/Under Goals,Under 2.5,1.8,,,WON,
2026-02-06T19:00:00+00:00,Tercera División RFEF - Group 15,Atlético Artajonés,Beti Onak,Over/Under Goals,Under 3.5,1.31,,,WON,
2026-02-06T19:15:00+00:00,Challenge League,FC Vaduz,Étoile Carouge,1X2 / Match Winner,Home,1.57,,,LOST,
2026-02-06T19:30:00+00:00,Bundesliga 1,Union Berlin,Eintracht Frankfurt,Over/Under Goals,Over 1.5,1.3,,,WON,
2026-02-06T19:30:00+00:00,Ekstraklasa,Lechia Gdansk,Cracovia Krakow,Asian Handicap,Home +0,1.55,,,WON,
2026-02-06T19:30:00+00:00,I Liga,Wisla Krakow,Tychy 71,Team Total Goals,Under 2.5,1.73,,,LOST,
2026-02-06T19:30:00+00:00,Segunda Division,Leganes,Granada CF,Over/Under Goals,Under 3.5,1.2,,,WON,
2026-02-06T19:30:00+00:00,Serie B,Cesena,Pescara,Over/Under Goals,Under 3.5,1.38,,,WON,
2026-02-06T19:30:00+00:00,Serie C - Girone C,Audace Cerignola,Salernitana,Over/Under Goals,Under 3.5,1.22,,,WON,
2026-02-06T19:30:00+00:00,Serie C - Girone C,Benevento,AZ Picerno,Over/Under Goals,Under 3.5,1.4,,,WON,
2026-02-06T19:30:00+00:00,Serie C - Girone C,Latina,Cavese,Over/Under Goals,Under 3.5,1.17,,,WON,
2026-02-06T19:30:00+00:00,Serie C - Girone C,Team Altamura,SS Monopoli,Over/Under Goals,Under 3.5,1.2,,,WON,
2026-02-06T19:30:00+00:00,Tipp3 Bundesliga,Red Bull Salzburg,Austria Vienna,Asian Handicap,Home +0.5,1.21,,,LOST,
2026-02-06T19:45:00+00:00,Irish Cup,Limavady United,Linfield,Over/Under Goals,Under 3.5,1.42,,,WON,
2026-02-06T19:45:00+00:00,Jupiler Pro League,KVC Westerlo,St. Truiden,Over/Under Goals,Under 3.5,1.57,,,LOST,
2026-02-06T19:45:00+00:00,Ligue 1,Metz,Lille,Team Total Goals,Over 0.5,1.42,,,LOST,
2026-02-06T19:45:00+00:00,Premier Division,Galway United,Drogheda United,1X2 / Match Winner,Draw,3.35,,,LOST,
2026-02-06T19:45:00+00:00,Premier Division,Waterford,Shelbourne,Over/Under Goals,Under 3.5,1.28,,,WON,
2026-02-06T19:45:00+00:00,Premier League,GAP Connah S Quay FC,Caernarfon Town,1X2 / Match Winner,Draw,3.6,,,WON,
2026-02-06T19:45:00+00:00,Serie A,Verona,Pisa,Over/Under Goals,Over 1.5,1.45,,,LOST,
2026-02-06T20:00:00+00:00,La Liga,Celta Vigo,Osasuna,Over/Under Goals,Over 1.5,1.4,,,WON,
2026-02-06T20:00:00+00:00,Liga 3,Academica,Guimaraes B,Double Chance,Home/Draw,1.18,,,WON,
2026-02-06T20:00:00+00:00,Premier Division,Derry City,Sligo Rovers,Over/Under Goals,Under 3.5,1.28,,,WON,
2026-02-06T20:00:00+00:00,Premier League,Leeds,Nottingham Forest,Double Chance,Draw/Away,1.62,,,LOST,
2026-02-06T20:00:00+00:00,Primera Division,UCV Moquegua,UTC Cajamarca,Double Chance,Draw/Away,1.44,,,WON,
2026-02-06T20:01:00+00:00,Championship,Charlton,QPR,Over/Under Goals,Under 3.5,1.22,,,WON,
2026-02-06T20:15:00+00:00,Primera División RFEF - Group 2,Europa Fc,Hércules,Over/Under Goals,Under 3.5,1.2,,,WON,
2026-02-06T20:15:00+00:00,Segunda Liga,Chaves,Penafiel,Over/Under Goals,Under 3.5,1.25,,,WON,
2026-02-06T21:00:00+00:00,Copa Chile,Magallanes,Deportes Santa Cruz,Over/Under Goals,Under 3.5,1.62,,,WON,
2026-02-06T21:30:00+00:00,Division Profesional - Apertura,Club Sp. San Lorenzo,Deportivo Recoleta,Over/Under Goals,Under 3.5,1.17,,,WON,
2026-02-06T21:45:00+00:00,Liga MX Femenil,Puebla W,Santos Laguna W,Over/Under Goals,Under 3.5,1.44,,,WON,
2026-02-06T22:00:00+00:00,Liga Premier Serie A,Cañoneros Marina,Montañeses,Over/Under Goals,Under 3.5,1.65,,,WON,
2026-02-06T22:00:00+00:00,Liga Premier Serie A,Tecos,Cimarrones,Over/Under Goals,Under 3.5,1.48,,,WON,
2026-02-06T22:00:00+00:00,Primera División - Apertura,Albion FC,Liverpool Montevideo,Over/Under Goals,Under 3.5,1.25,,,WON,
2026-02-06T22:00:00+00:00,Primera División,Portuguesa FC,Deportivo Tachira FC,Over/Under Goals,Under 3.5,1.17,,,WON,
2026-02-06T23:00:00+00:00,Catarinense - 1,Figueirense,Joinville,Over/Under Goals,Under 3.5,1.25,,,WON,
2026-02-06T23:00:00+00:00,Mineiro - 1,Betim,Itabirito,Over/Under Goals,Under 3.5,1.17,,,WON,
2026-02-06T23:00:00+00:00,Primera Division,A. Italiano,Universidad de Concepcion,Double Chance,Draw/Away,1.6,,,LOST,
2026-02-06T23:20:00+00:00,Primera A,Deportivo Pasto,Bucaramanga,Double Chance,Home/Draw,1.48,,,WON,
2026-02-06T23:30:00+00:00,Division Profesional - Apertura,Sportivo Luqueno,Sportivo Ameliano,Over/Under Goals,Under 3.5,1.22,,,WON,
2026-02-06T23:30:00+00:00,Gaúcho - 1,Caxias,Ypiranga-RS,Over/Under Goals,Under 3.5,1.2,,,WON,
2026-02-06T23:30:00+00:00,Primera División,Academia Anzoátegui,Rayo Zuliano,Over/Under Goals,Under 3.5,1.19,,,LOST,
2026-02-07T00:00:00+00:00,Primera Division,Central Cordoba de Santiago,Union Santa Fe,Over/Under Goals,Under 2.5,1.4,,,WON,
2026-02-07T00:30:00+00:00,Primera División - Apertura,Wanderers,Defensor Sporting,Over/Under Goals,Under 3.5,1.2,,,WON,
2026-02-07T01:00:00+00:00,Liga MX,Necaxa,Atletico San Luis,Double Chance,Draw/Away,1.7,,,LOST,
2026-02-07T01:00:00+00:00,Liga MX,Tigres UANL,Santos Laguna,Over/Under Goals,Over 1.5,1.15,,,WON,
2026-02-07T01:00:00+00:00,Liga Nacional,Juticalpa,Génesis,Over/Under Goals,Under 3.5,1.45,,,WON,
2026-02-07T01:00:00+00:00,Liga Nacional,Malacateco,Municipal,Over/Under Goals,Under 3.5,1.17,,,LOST,
2026-02-07T01:00:00+00:00,Liga de Expansión MX,Tepatitlán,Correcaminos Uat,Over/Under Goals,Under 3.5,1.5,,,WON,
2026-02-07T01:00:00+00:00,Liga de Expansión MX,Venados FC,Alebrijes de Oaxaca,Over/Under Goals,Over 1.5,1.18,,,WON,
2026-02-07T01:30:00+00:00,Primera A,Independiente Medellin,Internacional de Bogota,1X2 / Match Winner,Draw,4.25,,,LOST,
2026-02-07T02:00:00+00:00,Liga MX Femenil,Monterrey W,Tijuana W,Over/Under Goals,Under 3.5,1.83,,,WON,
2026-02-07T02:00:00+00:00,Primera División,Municipal Liberia,Puntarenas FC,Over/Under Goals,Under 3.5,1.25,,,LOST,
2026-02-07T03:00:00+00:00,Liga de Expansión MX,Mineros de Zacatecas,Monarcas,Over/Under Goals,Under 3.5,1.38,,,WON,
2026-02-07T03:06:00+00:00,Liga MX,Club Tijuana,Puebla,Over/Under Goals,Under 3.5,1.42,,,WON,
2026-02-07T03:06:00+00:00,Liga MX,Mazatlán,Guadalajara Chivas,Over/Under Goals,Under 3.5,1.48,,,WON,
2026-02-07T04:00:00+00:00,A-League,Auckland,Sydney,Team Total Goals,Over 0.5,1.15,,,WON,
2026-02-07T04:00:00+00:00,J. League Div.1,JEF United Chiba,Urawa,Over/Under Goals,Under 3.5,1.3,,,WON,
2026-02-07T06:00:00+00:00,A-League,Brisbane Roar,Central Coast Mariners,Team Total Goals,Over 0.5,1.44,,,WON,
2026-02-07T07:00:00+00:00,Senior Shield,North District,Wofoo Tai Po,Over/Under Goals,Under 3.5,1.67,,,LOST,
2026-02-07T08:30:00+00:00,Liga 1,Bhayangkara FC,Pusamania Borneo,Over/Under Goals,Under 3.5,1.15,,,WON,
2026-02-07T08:30:00+00:00,Liga 1,Persik Kediri,Dewa United,Over/Under Goals,Under 3.5,1.32,,,WON,
2026-02-07T08:35:00+00:00,A-League,Western Sydney Wanderers,Melbourne City,Asian Handicap,Away -0.5,1.62,,,WON,
2026-02-07T10:00:00+00:00,Campionato Primavera - 2,Palermo U19,Benevento U19,Double Chance,Home/Draw,1.4,,,WON,
2026-02-07T10:00:00+00:00,Friendlies Clubs,Púchov,Hanácká,Over/Under Goals,Under 3.5,1.65,,,WON,
2026-02-07T10:00:00+00:00,Friendlies Clubs,Sturm Graz II,Táborsko,Asian Handicap,Home +1.25,1.42,,,WON,
2026-02-07T10:30:00+00:00,Birinci Dasta,Şimal,Mingəçevir,Over/Under Goals,Under 3.5,1.5,,,WON,
2026-02-07T10:30:00+00:00,Campionato Primavera - 2,Como U19,Udinese U19,1X2 / Match Winner,Home,1.38,,,LOST,
2026-02-07T10:30:00+00:00,Campionato Primavera - 2,Crotone U19,Pisa U19,Asian Handicap,Home +1.25,1.47,,,WON,
2026-02-07T10:30:00+00:00,Campionato Primavera - 2,Sudtirol U19,Sampdoria U19,BTTS,Yes,1.62,,,LOST,
2026-02-07T10:30:00+00:00,First League,Cherno More Varna,Spartak Varna,1X2 / Match Winner,Home,1.48,,,LOST,
2026-02-07T10:30:00+00:00,TFF 1. Lig,Hatayspor,Erokspor,Over/Under Goals,Under 3.5,2.09,,,LOST,
2026-02-07T10:30:00+00:00,TFF 1. Lig,Sarıyer,Sivasspor,Over/Under Goals,Under 3.5,1.21,,,WON,
2026-02-07T11:00:00+00:00,C-League,National Defense,Kirivong Sok Sen Chey,Over/Under Goals,Under 3.5,1.44,,,LOST,
2026-02-07T11:00:00+00:00,C-League,Phnom Penh Crown,NagaWorld,Asian Handicap,Away -1.25,1.48,,,WON,
2026-02-07T11:00:00+00:00,Liga I,Unirea Slobozia,Farul Constanta,Team Total Goals,Over 0.5,1.22,,,WON,
2026-02-07T11:00:00+00:00,Primera División Femenina,Eibar W,Granada,Over/Under Goals,Under 3.5,1.22,,,WON,
2026-02-07T11:00:00+00:00,Segunda Liga,Lusitânia Lourosa,Felgueiras 1932,Over/Under Goals,Under 3.5,1.25,,,WON,
2026-02-07T11:30:00+00:00,Persian Gulf Pro League,Aluminium Arak,ZOB Ahan,Over/Under Goals,Under 2.5,1.3,,,WON,
2026-02-07T11:30:00+00:00,Premier League,Balestier Khalsa,Tampines Rovers,Result + Total Goals,Away/Over 1.5,1.33,,,WON,
2026-02-07T11:30:00+00:00,Serie A Women,Genoa W,Lazio W,Over/Under Goals,Under 3.5,1.33,,,LOST,
2026-02-07T11:30:00+00:00,Serie A Women,Sassuolo W,Parma W,Over/Under Goals,Under 3.5,1.25,,,WON,
2026-02-07T11:30:00+00:00,Super Lig,Fatih Karagümrük,Antalyaspor,Over/Under Goals,Under 3.5,1.25,,,WON,
2026-02-07T11:45:00+00:00,NB I,Diosgyori VTK,Gyori ETO FC,Over/Under Goals,Under 3.5,1.55,,,WON,
2026-02-07T12:00:00+00:00,Bundesliga 2,FC Schalke 04,Dynamo Dresden,1X2 / Match Winner,Draw,3.7,,,WON,
2026-02-07T12:00:00+00:00,Bundesliga 2,SC Paderborn 07,1. FC Nürnberg,Over/Under Goals,Under 3.5,1.42,,,WON,
2026-02-07T12:00:00+00:00,Bundesliga 2,SV Elversberg,Hertha BSC,Asian Handicap,Home +0,1.55,,,LOST,
2026-02-07T12:00:00+00:00,FA WSL,Leicester City WFC,Manchester United W,Over/Under Goals,Under 3.5,1.53,,,WON,
2026-02-07T12:00:00+00:00,Friendlies Clubs,Sutjeska,Otrant-Olympic,Over/Under Goals,Under 3.5,1.65,,,WON,
2026-02-07T12:00:00+00:00,League Cup,HJK helsinki,Gnistan,Over/Under Goals,Under 3.5,1.73,,,LOST,
2026-02-07T12:00:00+00:00,League Cup,KR Reykjavik,Grindavik,1X2 / Match Winner,Home,1.25,,,WON,
2026-02-07T12:00:00+00:00,League Cup,Turku PS,Inter Turku,Over/Under Goals,Under 3.5,1.8,,,WON,
2026-02-07T12:00:00+00:00,League Cup,Ægir,Vestri,Team Total Goals,Over 0.5,1.28,,,WON,
2026-02-07T12:00:00+00:00,Liga 1,Bali United,Persebaya Surabaya,Over/Under Goals,Under 3.5,1.3,,,LOST,
2026-02-07T12:00:00+00:00,Liga 1,Persijap,Persepam Madura Utd,Over/Under Goals,Under 3.5,1.23,,,WON,
2026-02-07T12:30:00+00:00,1st Division,Kastrioti Krujë,FK Kukesi,Over/Under Goals,Under 3.5,1.46,,,WON,
2026-02-07T12:30:00+00:00,1st Division,Lushnja,Laci,Over/Under Goals,Under 3.5,1.16,,,WON,
2026-02-07T12:30:00+00:00,League Cup,SJK,KuPS,Double Chance,Home/Draw,1.4,,,WON,
2026-02-07T12:30:00+00:00,Obos Supercup,Hønefoss,Lokomotiv Oslo,Asian Handicap,Away -1.25,1.98,,,LOST,
2026-02-07T12:30:00+00:00,Persian Gulf Pro League,Mes Rafsanjan,Esteghlal Khuzestan,BTTS,No,1.56,,,WON,
2026-02-07T12:30:00+00:00,Premier League,Manchester United,Tottenham,Over/Under Goals,Over 1.5,1.18,,,WON,
2026-02-07T12:30:00+00:00,Premier League,The New Saints,Penybont,1X2 / Match Winner,Home,1.42,,,WON,
2026-02-07T12:30:00+00:00,Super League Women,OH Leuven W,Zulte-Waregem W,1X2 / Match Winner,Home,1.15,,,WON,
2026-02-07T12:30:00+00:00,Superliga,Tirana,Dinamo Tirana,Over/Under Goals,Under 3.5,1.16,,,WON,
2026-02-07T12:31:00+00:00,Championship,Derby,Ipswich,Over/Under Goals,Under 3.5,1.22,,,WON,
2026-02-07T12:31:00+00:00,Championship,Norwich,Blackburn,Over/Under Goals,Under 3.5,1.28,,,WON,
2026-02-07T12:31:00+00:00,Championship,Southampton,Watford,Over/Under Goals,Under 3.5,1.36,,,WON,
2026-02-07T12:31:00+00:00,League One,Luton,Bradford,Team Total Goals,Under 2.5,1.17,,,WON,
2026-02-07T12:31:00+00:00,League One,Port Vale,Burton Albion,Asian Handicap,Home +0.25,1.42,,,WON,
2026-02-07T12:31:00+00:00,League Two,Crawley Town,Crewe,Over/Under Goals,Under 3.5,1.38,,,WON,
2026-02-07T12:31:00+00:00,League Two,Swindon Town,Oldham,Asian Handicap,Home +0,1.4,,,WON,
2026-02-07T13:00:00+00:00,2. Division,APEA,Halkanoras,Asian Handicap,Home +0,1.61,,,LOST,
2026-02-07T13:00:00+00:00,2. Division,Ahironas / Onisilos,Ethnikos Latsion,Asian Handicap,Home +0.5,1.82,,,WON,
2026-02-07T13:00:00+00:00,2. Division,Digenis Morphou,Spartakos Kitiou,Double Chance,Draw/Away,1.57,,,WON,
2026-02-07T13:00:00+00:00,2. Division,MEAP Nisou,Karmiotissa,Over/Under Goals,Under 3.5,1.26,,,LOST,
2026-02-07T13:00:00+00:00,2. Division,Nea Salamis,Omonia 29is Maiou,1X2 / Match Winner,Home,1.67,,,WON,
2026-02-07T13:00:00+00:00,2. Division,PAEEK,Doxa,Asian Handicap,Home +0,1.57,,,LOST,
2026-02-07T13:00:00+00:00,3. Liga,Erzgebirge Aue,FC Saarbrücken,Over/Under Goals,Under 3.5,1.45,,,WON,
2026-02-07T13:00:00+00:00,3. Liga,FC Ingolstadt 04,Energie Cottbus,Double Chance,Home/Draw,1.48,,,WON,
2026-02-07T13:00:00+00:00,3. Liga,SSV Jahn Regensburg,FC Viktoria Köln,Over/Under Goals,Under 3.5,1.45,,,WON,
2026-02-07T13:00:00+00:00,3. Liga,SV Wehen,FC Schweinfurt 05,1X2 / Match Winner,Home,1.62,,,WON,
2026-02-07T13:00:00+00:00,3. Liga,VfL Osnabrück,Havelse,Over/Under Goals,Under 3.5,1.53,,,WON,
2026-02-07T13:00:00+00:00,Brasiliense,Real FC,Paranoá,Over/Under Goals,Under 2.5,1.62,,,LOST,
2026-02-07T13:00:00+00:00,CAF Champions League,Power Dynamos,Renaissance Berkane,Over/Under Goals,Under 3.5,1.17,,,WON,
2026-02-07T13:00:00+00:00,Challenge League,Birzebbuga,Santa Lucía,Over/Under Goals,Under 3.5,1.36,,,WON,
2026-02-07T13:00:00+00:00,Challenge League,Sirens,Zurrieq,Double Chance,Home/Draw,1.28,,,WON,
2026-02-07T13:00:00+00:00,Cup,Highbury,Sekhukhune United,Over/Under Goals,Under 2.5,1.53,,,WON,
2026-02-07T13:00:00+00:00,First League,Lokomotiv Sofia,Ludogorets,Asian Handicap,Home +1.25,1.68,,,LOST,
2026-02-07T13:00:00+00:00,Frauen Bundesliga,Eintracht Frankfurt W,Bayer Leverkusen W,Over/Under Goals,Under 3.5,1.65,,,WON,
2026-02-07T13:00:00+00:00,Friendlies Clubs,Olimpia Grudziądz,Elana Toruń,1X2 / Match Winner,Draw,4.4,,,WON,
2026-02-07T13:00:00+00:00,Friendlies Clubs,Strommen,Kjelsås,Double Chance,Home/Draw,1.16,,,WON,
2026-02-07T13:00:00+00:00,Friendlies Clubs,Śląsk Wrocław II,Slavia Praha II,Team Total Goals,Over 0.5,1.51,,,WON,
2026-02-07T13:00:00+00:00,Gamma Ethniki - Group 3,Aris Filiates,Asteras Stavros,Over/Under Goals,Under 2.5,1.67,,,WON,
2026-02-07T13:00:00+00:00,Gamma Ethniki - Group 3,Lamia,Anthoupoli,Over/Under Goals,Under 3.5,1.19,,,LOST,
2026-02-07T13:00:00+00:00,Liga I,Csikszereda,Uta Arad,Over/Under Goals,Under 3.5,1.3,,,WON,
2026-02-07T13:00:00+00:00,Ligat Ha'al,Ironi Tiberias,Hapoel Tel Aviv,Over/Under Goals,Under 3.5,1.36,,,WON,
2026-02-07T13:00:00+00:00,Ligue 1,AS Marsa,JS Kairouanaise,Over/Under Goals,Under 2.5,1.42,,,LOST,
2026-02-07T13:00:00+00:00,Ligue 1,ES Sahel,US Monastirienne,BTTS,No,1.55,,,WON,
2026-02-07T13:00:00+00:00,Ligue 1,ES Zarzis,AS Gabes,Over/Under Goals,Under 3.5,1.17,,,WON,
2026-02-07T13:00:00+00:00,Ligue 1,Olympique Béja,AS Soliman,Over/Under Goals,Under 2.5,1.33,,,WON,
2026-02-07T13:00:00+00:00,Ligue 2,GC Mascara,JS El Biar,Over/Under Goals,Under 2.5,1.44,,,LOST,
2026-02-07T13:00:00+00:00,Ligue 2,HB Chelghoum Laïd,Teleghma,Over/Under Goals,Under 3.5,1.18,,,LOST,
2026-02-07T13:00:00+00:00,Ligue 2,IB Khémis El Khechna,MO Constantine,Over/Under Goals,Under 3.5,1.15,,,WON,
2026-02-07T13:00:00+00:00,Ligue 2,JS Tixeraine,Koléa,Over/Under Goals,Under 3.5,1.19,,,WON,
2026-02-07T13:00:00+00:00,Ligue 2,Le Mans,Laval,Over/Under Goals,Under 3.5,1.2,,,WON,
2026-02-07T13:00:00+00:00,Ligue 2,Nancy,Estac Troyes,Over/Under Goals,Under 3.5,1.25,,,WON,
2026-02-07T13:00:00+00:00,Primera División RFEF - Group 1,Athletic Club II,Tenerife,Over/Under Goals,Under 3.5,1.17,,,WON,
2026-02-07T13:00:00+00:00,Regionalliga - Nordost,Hallescher FC,FC Rot-Weiß Erfurt,Over/Under Goals,Over 1.5,1.22,,,LOST,
2026-02-07T13:00:00+00:00,Regionalliga - West,Bochum II,SV Rodinghausen,Over/Under Goals,Under 3.5,1.53,,,WON,
2026-02-07T13:00:00+00:00,Regionalliga - West,Borussia M'gladbach II,SSVg Velbert,Over/Under Goals,Under 3.5,1.62,,,WON,
2026-02-07T13:00:00+00:00,Regionalliga - West,FC Bocholt,Fortuna Düsseldorf II,1X2 / Match Winner,Home,1.67,,,LOST,
2026-02-07T13:00:00+00:00,Regionalliga - West,Rot-weiss Oberhausen,Fortuna Köln,Double Chance,Home/Draw,1.48,,,LOST,
2026-02-07T13:00:00+00:00,Regionalliga - West,Wuppertaler SV,Borussia Dortmund II,1X2 / Match Winner,Draw,3.9,,,WON,
2026-02-07T13:00:00+00:00,Super Liga,Javor,TSC Backa Topola,Over/Under Goals,Under 3.5,1.25,,,WON,
2026-02-07T13:00:00+00:00,Super Liga,Radnik Surdulica,FK Partizan,Over/Under Goals,Under 2.5,1.95,,,LOST,
2026-02-07T13:00:00+00:00,TFF 1. Lig,Van BB,Yeni Çorumspor,Over/Under Goals,Under 3.5,1.37,,,LOST,
2026-02-07T13:15:00+00:00,Division 1,Al Fujairah SC,Al Jazira Al Hamra,Over/Under Goals,Under 3.5,1.53,,,WON,
2026-02-07T13:15:00+00:00,Division 1,Dibba Al Hisn,Dubai City,Over/Under Goals,Under 3.5,1.48,,,LOST,
2026-02-07T13:15:00+00:00,Division 1,Emirates Club,Al Thaid,Over/Under Goals,Under 3.5,1.42,,,LOST,
2026-02-07T13:15:00+00:00,Division 1,Hatta SC,Majd,Over/Under Goals,Under 3.5,1.45,,,WON,
2026-02-07T13:25:00+00:00,Pro League,Dibba Al-Fujairah,Baniyas SC,Over/Under Goals,Under 3.5,1.33,,,WON,
2026-02-07T13:30:00+00:00,Campionato Primavera - 2,Avellino U19,Pescara U19,Over/Under Goals,Under 3.5,1.38,,,WON,
2026-02-07T13:30:00+00:00,Campionato Primavera - 2,Pro Vercelli U19,Lecco U19,Over/Under Goals,Under 3.5,1.33,,,WON,
2026-02-07T13:30:00+00:00,Campionato Primavera - 2,Renate U19,AlbinoLeffe U19,Double Chance,Draw/Away,1.67,,,LOST,
2026-02-07T13:30:00+00:00,Campionato Primavera - 2,Venezia U19,Padova U19,Over/Under Goals,Under 3.5,1.43,,,LOST,
2026-02-07T13:30:00+00:00,League Cup,FF Jaro,AC Oulu,Double Chance,Draw/Away,1.29,,,WON,
2026-02-07T13:30:00+00:00,Ligue 2,ASM Oran,Béchar Djedid,Over/Under Goals,Under 3.5,1.15,,,LOST,
2026-02-07T13:30:00+00:00,Serie C - Girone A,Lumezzane,Cittadella,Over/Under Goals,Under 3.5,1.15,,,WON,
2026-02-07T13:30:00+00:00,Serie C - Girone C,Casarano,Sorrento,Over/Under Goals,Under 3.5,1.25,,,WON,
2026-02-07T13:30:00+00:00,Serie C - Girone C,Casertana,Foggia,Over/Under Goals,Under 3.5,1.28,,,LOST,
2026-02-07T13:30:00+00:00,Serie C - Girone C,Crotone,Atalanta II,Double Chance,Home/Draw,1.17,,,WON,
2026-02-07T13:30:00+00:00,Serie C - Girone C,Giugliano,Cosenza,Over/Under Goals,Under 3.5,1.25,,,WON,
2026-02-07T13:30:00+00:00,Tweede Divisie,ACV,Hoek,Over/Under Goals,Over 1.5,1.16,,,LOST,
2026-02-07T13:30:00+00:00,Tweede Divisie,Excelsior Maassluis,Spakenburg,Over/Under Goals,Over 1.5,1.15,,,WON,
2026-02-07T13:30:00+00:00,Tweede Divisie,GVVV Veenendaal,Koninklijke HFC,Double Chance,Draw/Away,1.67,,,LOST,
2026-02-07T13:30:00+00:00,Tweede Divisie,HHC,Katwijk,Over/Under Goals,Under 3.5,1.41,,,WON,
2026-02-07T13:30:00+00:00,Tweede Divisie,RKAV Volendam,Sparta Rotterdam II,Double Chance,Home/Draw,1.5,,,WON,
2026-02-07T13:40:00+00:00,Premier League,Al Jahra,Al Salmiyah,Over/Under Goals,Under 3.5,1.42,,,WON,
2026-02-07T13:45:00+00:00,Ekstraklasa,Arka Gdynia,Legia Warszawa,Team Total Goals,Over 0.5,1.45,,,WON,
2026-02-07T13:45:00+00:00,NB I,Debreceni VSC,Paks,Over/Under Goals,Under 3.5,1.5,,,WON,
2026-02-07T13:45:00+00:00,Premier League,Al Riffa,Al-Hidd,Over/Under Goals,Under 3.5,1.35,,,WON,
2026-02-07T14:00:00+00:00,1. SNL,Primorje,Bravo,Over/Under Goals,Over 1.5,1.25,,,WON,
2026-02-07T14:00:00+00:00,Campionato Primavera - 2,Monopoli U19,Perugia U19,Double Chance,Home/Draw,1.62,,,LOST,
2026-02-07T14:00:00+00:00,Campionato,Cosmos,San Giovanni,Over/Under Goals,Under 3.5,1.26,,,WON,
2026-02-07T14:00:00+00:00,Campionato,Faetano,Cailungo,Double Chance,Home/Draw,1.44,,,WON,
2026-02-07T14:00:00+00:00,Campionato,Libertas,Murata,Asian Handicap,Home +0,1.61,,,WON,
2026-02-07T14:00:00+00:00,Campionato,Pennarossa,Tre Penne,Over/Under Goals,Under 3.5,1.57,,,WON,
2026-02-07T14:00:00+00:00,Czech Liga,Baník Ostrava,Sigma Olomouc,Over/Under Goals,Under 3.5,1.25,,,WON,
2026-02-07T14:00:00+00:00,Czech Liga,FK Jablonec,Slovácko,1X2 / Match Winner,Home,1.57,,,LOST,
2026-02-07T14:00:00+00:00,Czech Liga,Teplice,Karviná,Over/Under Goals,Under 3.5,1.3,,,WON,
2026-02-07T14:00:00+00:00,FAW Championship,Baglan Dragons,Aberystwyth Town,Over/Under Goals,Under 3.5,1.22,,,WON,
2026-02-07T14:00:00+00:00,Friendlies Clubs,Kolos Kovalivka,LNZ Cherkasy,Over/Under Goals,Under 3.5,1.54,,,WON,
2026-02-07T14:00:00+00:00,Friendlies Clubs,Nizhny Novgorod,Enisey,Over/Under Goals,Under 2.5,2.31,,,WON,
2026-02-07T14:00:00+00:00,Ligue 1,Mostaganem,MC Oran,Over/Under Goals,Under 3.5,1.15,,,WON,
2026-02-07T14:00:00+00:00,Paulista - A4,Colorado Caieiras,Vocem,Double Chance,Home/Draw,1.25,,,WON,
2026-02-07T14:00:00+00:00,Pro League,Al Kholood,Al Shabab,Over/Under Goals,Under 3.5,1.48,,,WON,
2026-02-07T14:00:00+00:00,Prva HNL,Vukovar,Istra 1961,Over/Under Goals,Over 1.5,1.28,,,WON,
2026-02-07T14:00:00+00:00,Segunda Liga,Maritimo,Farense,Over/Under Goals,Under 3.5,1.25,,,WON,
2026-02-07T14:00:00+00:00,Serie A Women,Como W,Juventus W,Over/Under Goals,Under 3.5,1.5,,,WON,
2026-02-07T14:00:00+00:00,Serie B,Carrarese,Sudtirol,Double Chance,Draw/Away,1.5,,,WON,
2026-02-07T14:00:00+00:00,Serie B,Catanzaro,Reggiana,Over/Under Goals,Under 3.5,1.25,,,WON,
2026-02-07T14:00:00+00:00,Serie B,Frosinone,Venezia,Team Total Goals,Over 0.5,1.2,,,WON,
2026-02-07T14:00:00+00:00,Serie B,Juve Stabia,Padova,Over/Under Goals,Under 3.5,1.2,,,LOST,
2026-02-07T14:00:00+00:00,Serie B,Mantova,Bari,Asian Handicap,Home +0.25,1.4,,,WON,
2026-02-07T14:00:00+00:00,Serie B,Modena,Sampdoria,Over/Under Goals,Under 3.5,1.22,,,WON,
2026-02-07T14:00:00+00:00,Tweede Divisie,Ijsselmeervogels,Rijnsburgse Boys,Asian Handicap,Home +1.25,1.56,,,WON,
2026-02-07T14:00:00+00:00,Tweede Divisie,Kozakken Boys,Barendrecht,Over/Under Goals,Over 1.5,1.15,,,LOST,
2026-02-07T14:00:00+00:00,Tweede Divisie,Quick Boys,De Treffers,Over/Under Goals,Over 1.5,1.17,,,WON,
2026-02-07T14:15:00+00:00,Tweede Divisie,AFC Amsterdam,Almere City II,Over/Under Goals,Under 3.5,1.5,,,WON,
2026-02-07T14:30:00+00:00,Bundesliga 1,1. FC Heidenheim,Hamburger SV,Over/Under Goals,Under 3.5,1.38,,,WON,
2026-02-07T14:30:00+00:00,Bundesliga 1,FC St. Pauli,VfB Stuttgart,Over/Under Goals,Under 3.5,1.33,,,WON,
2026-02-07T14:30:00+00:00,Bundesliga 1,FSV Mainz 05,FC Augsburg,Over/Under Goals,Under 3.5,1.38,,,WON,
2026-02-07T14:30:00+00:00,Bundesliga 1,SC Freiburg,Werder Bremen,Over/Under Goals,Under 3.5,1.38,,,WON,
2026-02-07T14:30:00+00:00,Bundesliga 1,VfL Wolfsburg,Borussia Dortmund,Over/Under Goals,Under 3.5,1.55,,,WON,
2026-02-07T14:30:00+00:00,FAW Championship,Mold Alexandra,Denbigh Town,Over/Under Goals,Under 3.5,1.67,,,WON,
2026-02-07T14:30:00+00:00,Premier League,Bala Town,Cardiff MET,Double Chance,Home/Draw,1.67,,,WON,
2026-02-07T14:30:00+00:00,Premier League,Barry Town,Colwyn Bay,Asian Handicap,Home +0.25,1.48,,,LOST,
2026-02-07T14:30:00+00:00,Premier League,llanelli AFC,Flint Town United,Over/Under Goals,Under 3.5,1.55,,,WON,
2026-02-07T14:30:00+00:00,Super Liga,AS Trencin,Podbrezová,Over/Under Goals,Under 3.5,1.44,,,LOST,
2026-02-07T14:30:00+00:00,Super Liga,FK Košice,Skalica,Over/Under Goals,Under 3.5,1.33,,,LOST,
2026-02-07T14:30:00+00:00,Super Liga,Ružomberok,Tatran Prešov,Over/Under Goals,Under 3.5,1.25,,,WON,
2026-02-07T14:30:00+00:00,Tercera División RFEF - Group 15,Pamplona,Ardoi,Team Total Goals,Over 0.5,1.16,,,WON,
2026-02-07T15:00:00+00:00,1. Division,Enosis,Ethnikos Achna,Over/Under Goals,Under 3.5,1.4,,,WON,
2026-02-07T15:00:00+00:00,Botola Pro,Olympique Dcheïra,FUS Rabat,Over/Under Goals,Under 3.5,1.17,,,WON,
2026-02-07T15:00:00+00:00,Campeonato de Portugal Prio - Group B,Anadia,Aparecida,Over/Under Goals,Under 3.5,1.22,,,WON,
2026-02-07T15:00:00+00:00,Campeonato de Portugal Prio - Group B,Beira-Mar,Resende,Over/Under Goals,Under 3.5,1.2,,,WON,
2026-02-07T15:00:00+00:00,Campeonato de Portugal Prio - Group B,Cinfães,Florgrade,Over/Under Goals,Under 2.5,1.5,,,WON,
2026-02-07T15:00:00+00:00,Campeonato de Portugal Prio - Group B,Gouveia,Rebordosa,Over/Under Goals,Under 3.5,1.33,,,LOST,
2026-02-07T15:00:00+00:00,Campeonato de Portugal Prio - Group B,União Lamas,Vila Real,Over/Under Goals,Under 3.5,1.15,,,WON,
2026-02-07T15:00:00+00:00,Campeonato de Portugal Prio - Group B,Vila Meã,Salgueiros,Double Chance,Home/Draw,1.4,,,WON,
2026-02-07T15:00:00+00:00,Campeonato de Portugal Prio - Group D,O Elvas,Sintrense,Over/Under Goals,Under 3.5,1.15,,,WON,
2026-02-07T15:00:00+00:00,Challenger Pro League,AS Eupen,Kortrijk,Over/Under Goals,Under 3.5,1.36,,,WON,
2026-02-07T15:00:00+00:00,Championship,Newington Youth,Dundela,1X2 / Match Winner,Home,1.44,,,WON,
2026-02-07T15:00:00+00:00,FA Cup,Dunfermline,Kelty Hearts,Over/Under Goals,Under 3.5,1.62,,,WON,
2026-02-07T15:00:00+00:00,FA Cup,Elgin City,Partick,1X2 / Match Winner,Away,1.2,,,WON,
2026-02-07T15:00:00+00:00,Irish Cup,H&W Welders,Ballymacash Rangers,Over/Under Goals,Over 1.5,1.17,,,WON,
2026-02-07T15:00:00+00:00,Irish Cup,Portadown,Dungannon Swifts,Over/Under Goals,Under 3.5,1.36,,,WON,
2026-02-07T15:00:00+00:00,Jupiler Pro League,Zulte Waregem,Dender,Over/Under Goals,Under 3.5,1.33,,,WON,
2026-02-07T15:00:00+00:00,Júniores U19,Tondela U19,Alverca U19,Over/Under Goals,Under 3.5,1.19,,,WON,
2026-02-07T15:00:00+00:00,Júniores U19,Vitoria Guimaraes U19,Chaves U19,Over/Under Goals,Under 2.5,2.3,,,WON,
2026-02-07T15:00:00+00:00,League Cup,IA Akranes,Thor Akureyri,Over/Under Goals,Under 3.5,2.05,,,WON,
2026-02-07T15:00:00+00:00,League One,Cove Rangers,Queen of the South,Over/Under Goals,Over 1.5,1.25,,,WON,
2026-02-07T15:00:00+00:00,League One,Inverness CT,East Fife,Over/Under Goals,Under 3.5,1.53,,,WON,
2026-02-07T15:00:00+00:00,League Two,Edinburgh City,East Kilbride,Over/Under Goals,Over 1.5,1.17,,,WON,
2026-02-07T15:00:00+00:00,League Two,Forfar Athletic,Dumbarton,Over/Under Goals,Over 1.5,1.2,,,WON,
2026-02-07T15:00:00+00:00,League Two,Stranraer,Annan Athletic,Asian Handicap,Home +0.25,1.6,,,WON,
2026-02-07T15:00:00+00:00,Liga 3,Varzim,Amarante,Over/Under Goals,Under 3.5,1.15,,,WON,
2026-02-07T15:00:00+00:00,Liga MX U21,Atlas U21,UNAM Pumas U21,Double Chance,Home/Draw,1.44,,,WON,
2026-02-07T15:00:00+00:00,Liga MX U21,Club America U21,Monterrey U21,Asian Handicap,Home +0.25,1.53,,,WON,
2026-02-07T15:00:00+00:00,Liga MX U21,Queretaro U21,Club Leon U21,Asian Handicap,Home +1.25,1.46,,,LOST,
2026-02-07T15:00:00+00:00,National League - North,Bedford Town,Chester,Over/Under Goals,Under 3.5,1.4,,,WON,
2026-02-07T15:00:00+00:00,National League - North,Leamington,Oxford City,Over/Under Goals,Under 2.5,1.95,,,WON,
2026-02-07T15:00:00+00:00,National League - North,Marine,Scarborough Athletic,Double Chance,Home/Draw,1.4,,,WON,
2026-02-07T15:00:00+00:00,National League - North,Merthyr Town,Chorley,Over/Under Goals,Under 3.5,1.45,,,LOST,
2026-02-07T15:00:00+00:00,National League - North,Peterborough Sports,Curzon Ashton,Over/Under Goals,Under 3.5,1.48,,,WON,
2026-02-07T15:00:00+00:00,National League - North,Radcliffe,King's Lynn Town,Team Total Goals,Over 0.5,1.17,,,LOST,
2026-02-07T15:00:00+00:00,National League - North,Southport,Darlington 1883,Over/Under Goals,Under 3.5,1.5,,,LOST,
2026-02-07T15:00:00+00:00,National League - South,Dagenham & Redbridge,Chippenham Town,1X2 / Match Winner,Home,1.62,,,WON,
2026-02-07T15:00:00+00:00,National League - South,Dover,Worthing,Over/Under Goals,Under 3.5,1.85,,,WON,
2026-02-07T15:00:00+00:00,National League - South,Hampton & Richmond,AFC Hornchurch,Over/Under Goals,Under 3.5,1.42,,,LOST,
2026-02-07T15:00:00+00:00,National League - South,Maidenhead,Farnborough,1X2 / Match Winner,Draw,4.15,,,WON,
2026-02-07T15:00:00+00:00,National League - South,Maidstone Utd,Slough Town,Over/Under Goals,Under 3.5,1.4,,,WON,
2026-02-07T15:00:00+00:00,National League - South,Salisbury,Ebbsfleet United,Over/Under Goals,Under 3.5,1.33,,,WON,
2026-02-07T15:00:00+00:00,National League,Aldershot Town,FC Halifax Town,Asian Handicap,Home +0.25,1.45,,,WON,
2026-02-07T15:00:00+00:00,National League,Altrincham,Yeovil Town,Over/Under Goals,Under 3.5,1.3,,,WON,
2026-02-07T15:00:00+00:00,National League,Boston United,Sutton Utd,Over/Under Goals,Under 3.5,1.36,,,WON,
2026-02-07T15:00:00+00:00,National League,Morecambe,Truro City,Over/Under Goals,Under 3.5,1.36,,,WON,
2026-02-07T15:00:00+00:00,National League,Rochdale,Carlisle,Over/Under Goals,Under 3.5,1.4,,,WON,
2026-02-07T15:00:00+00:00,National League,Scunthorpe,Southend,Double Chance,Home/Draw,1.5,,,WON,
2026-02-07T15:00:00+00:00,National League,Tamworth,Hartlepool,Double Chance,Home/Draw,1.5,,,WON,
2026-02-07T15:00:00+00:00,Non League Premier - Isthmian,Aveley,Dulwich Hamlet,Over/Under Goals,Under 3.5,1.37,,,WON,
2026-02-07T15:00:00+00:00,Non League Premier - Isthmian,Burgess Hill Town,St Albans City,Asian Handicap,Home +0.25,1.56,,,LOST,
2026-02-07T15:00:00+00:00,Non League Premier - Isthmian,Chatham Town,Chichester City,Over/Under Goals,Under 3.5,1.38,,,LOST,
2026-02-07T15:00:00+00:00,Non League Premier - Isthmian,Cray Wanderers,Ramsgate,1X2 / Match Winner,Draw,3.85,,,WON,
2026-02-07T15:00:00+00:00,Non League Premier - Isthmian,Lewes,Folkestone Invicta,Over/Under Goals,Under 3.5,1.44,,,LOST,
2026-02-07T15:00:00+00:00,Non League Premier - Isthmian,Potters Bar Town,Billericay Town,Asian Handicap,Home +1.25,1.44,,,LOST,
2026-02-07T15:00:00+00:00,Non League Premier - Isthmian,Whitehawk,Hashtag United,Asian Handicap,Home +0,1.58,,,WON,
2026-02-07T15:00:00+00:00,Non League Premier - Northern,Ashton United,Warrington Town,Over/Under Goals,Under 3.5,1.25,,,WON,
2026-02-07T15:00:00+00:00,Non League Premier - Northern,Bamber Bridge,Stockton Town,Over/Under Goals,Under 3.5,1.33,,,LOST,
2026-02-07T15:00:00+00:00,Non League Premier - Northern,Guiseley AFC,Lancaster City,Over/Under Goals,Under 3.5,1.25,,,WON,
2026-02-07T15:00:00+00:00,Non League Premier - Northern,Hednesford Town,Whitby Town,Over/Under Goals,Under 3.5,1.23,,,WON,
2026-02-07T15:00:00+00:00,Non League Premier - Northern,Leek Town,Gainsborough Trinity,Over/Under Goals,Under 3.5,1.19,,,WON,
2026-02-07T15:00:00+00:00,Non League Premier - Northern,Rylands,Hebburn Town,Over/Under Goals,Under 3.5,1.25,,,WON,
2026-02-07T15:00:00+00:00,Non League Premier - Northern,Stocksbridge Park Steels,Hyde United,Over/Under Goals,Under 3.5,1.32,,,WON,
2026-02-07T15:00:00+00:00,Non League Premier - Northern,United of Manchester,Prescot Cables,Over/Under Goals,Under 3.5,1.21,,,WON,
2026-02-07T15:00:00+00:00,Non League Premier - Northern,Workington,Ilkeston Town,Over/Under Goals,Under 3.5,1.26,,,WON,
2026-02-07T15:00:00+00:00,Non League Premier - Southern Central,AFC Sudbury,Spalding United,1X2 / Match Winner,Away,1.38,,,WON,
2026-02-07T15:00:00+00:00,Non League Premier - Southern Central,Barwell,Leiston,Over/Under Goals,Under 3.5,1.35,,,LOST,
2026-02-07T15:00:00+00:00,Non League Premier - Southern Central,Royston Town,Real Bedford,Over/Under Goals,Under 3.5,1.44,,,WON,
2026-02-07T15:00:00+00:00,Non League Premier - Southern South,Gloucester City,Weymouth,Over/Under Goals,Under 3.5,1.81,,,LOST,
2026-02-07T15:00:00+00:00,Non League Premier - Southern South,Gosport Borough,Chertsey Town,Double Chance,Home/Draw,1.4,,,WON,
2026-02-07T15:00:00+00:00,Non League Premier - Southern South,Havant & Wville,Basingstoke Town,Over/Under Goals,Over 1.5,1.15,,,LOST,
2026-02-07T15:00:00+00:00,Non League Premier - Southern South,Plymouth Parkway,Berkhamsted,Double Chance,Home/Draw,1.55,,,WON,
2026-02-07T15:00:00+00:00,Non League Premier - Southern South,Poole Town,Hungerford Town,Double Chance,Home/Draw,1.15,,,WON,
2026-02-07T15:00:00+00:00,Non League Premier - Southern South,Uxbridge,Tiverton Town,Over/Under Goals,Under 3.5,1.43,,,WON,
2026-02-07T15:00:00+00:00,Non League Premier - Southern South,Walton & Hersham,Bracknell Town,Team Total Goals,Under 2.5,1.93,,,WON,
2026-02-07T15:00:00+00:00,Non League Premier - Southern South,Yate Town,Dorchester Town,Asian Handicap,Home +0.25,1.42,,,LOST,
2026-02-07T15:00:00+00:00,Premier League,Arsenal,Sunderland,Result + Total Goals,Home/Over 1.5,1.4,,,WON,
2026-02-07T15:00:00+00:00,Premier League,Bournemouth,Aston Villa,1X2 / Match Winner,Draw,4.0,,,WON,
2026-02-07T15:00:00+00:00,Premier League,Burnley,West Ham,Team Total Goals,Over 0.5,1.22,,,WON,
2026-02-07T15:00:00+00:00,Premier League,Fulham,Everton,Over/Under Goals,Under 3.5,1.25,,,WON,
2026-02-07T15:00:00+00:00,Premier League,Wolves,Chelsea,Over/Under Goals,Under 3.5,1.45,,,LOST,
2026-02-07T15:00:00+00:00,Primera Division,Coquimbo Unido,Palestino,Asian Handicap,Home +0.5,1.19,,,WON,
2026-02-07T15:00:00+00:00,Super League 1,Larisa,Panetolikos,Team Total Goals,Under 2.5,1.15,,,WON,
2026-02-07T15:00:00+00:00,Super League Women,Club Brugge W,Gent W,1X2 / Match Winner,Home,1.24,,,WON,
2026-02-07T15:00:00+00:00,Super Liga,FK Crvena Zvezda,Novi Pazar,Over/Under Goals,Under 3.5,2.0,,,LOST,
2026-02-07T15:00:00+00:00,Tercera División RFEF - Group 15,Oberena,Huarte,Double Chance,Home/Draw,1.44,,,LOST,
2026-02-07T15:00:00+00:00,Tercera División RFEF - Group 15,Txantrea,Beti Kozkor,Double Chance,Draw/Away,1.6,,,WON,
2026-02-07T15:01:00+00:00,Championship,Birmingham,Leicester,Over/Under Goals,Under 3.5,1.36,,,WON,
2026-02-07T15:01:00+00:00,Championship,Coventry,Oxford United,Over/Under Goals,Under 3.5,1.55,,,WON,
2026-02-07T15:01:00+00:00,Championship,Hull City,Bristol City,Over/Under Goals,Under 3.5,1.36,,,LOST,
2026-02-07T15:01:00+00:00,Championship,Preston,Portsmouth,Over/Under Goals,Under 3.5,1.25,,,WON,
2026-02-07T15:01:00+00:00,Championship,West Brom,Stoke City,Over/Under Goals,Under 3.5,1.22,,,WON,
2026-02-07T15:01:00+00:00,Championship,Wrexham,Millwall,Over/Under Goals,Under 3.5,1.25,,,WON,
2026-02-07T15:01:00+00:00,League One,AFC Wimbledon,Reading,Double Chance,Home/Draw,1.5,,,WON,
2026-02-07T15:01:00+00:00,League One,Bolton,Barnsley,Over/Under Goals,Under 3.5,1.48,,,LOST,
2026-02-07T15:01:00+00:00,League One,Huddersfield,Blackpool,1X2 / Match Winner,Home,1.7,,,LOST,
2026-02-07T15:01:00+00:00,League One,Mansfield Town,Exeter City,Over/Under Goals,Under 3.5,1.28,,,WON,
2026-02-07T15:01:00+00:00,League One,Northampton,Stevenage,Over/Under Goals,Under 3.5,1.17,,,LOST,
2026-02-07T15:01:00+00:00,League One,Peterborough,Wigan,Over/Under Goals,Under 3.5,1.28,,,LOST,
2026-02-07T15:01:00+00:00,League One,Plymouth,Lincoln,Over/Under Goals,Under 3.5,1.28,,,LOST,
2026-02-07T15:01:00+00:00,League One,Stockport County,Leyton Orient,Over/Under Goals,Under 3.5,1.38,,,WON,
2026-02-07T15:01:00+00:00,League Two,Bristol Rovers,Chesterfield,Double Chance,Home/Draw,1.48,,,LOST,
2026-02-07T15:01:00+00:00,League Two,Cheltenham,Milton Keynes Dons,Double Chance,Draw/Away,1.2,,,WON,
2026-02-07T15:01:00+00:00,League Two,Colchester,Shrewsbury,Over/Under Goals,Under 3.5,1.25,,,WON,
2026-02-07T15:01:00+00:00,League Two,Fleetwood Town,Bromley,Over/Under Goals,Under 3.5,1.33,,,WON,
2026-02-07T15:01:00+00:00,League Two,Gillingham,Tranmere,Team Total Goals,Over 0.5,1.18,,,WON,
2026-02-07T15:01:00+00:00,League Two,Harrogate Town,Cambridge United,Over/Under Goals,Under 3.5,1.28,,,WON,
2026-02-07T15:01:00+00:00,League Two,Notts County,Barrow,Over/Under Goals,Under 3.5,1.36,,,WON,
2026-02-07T15:01:00+00:00,League Two,Walsall,Barnet,Over/Under Goals,Under 2.5,1.7,,,LOST,
2026-02-07T15:15:00+00:00,La Liga,Barcelona,Mallorca,Team Total Goals,Over 1.5,1.15,,,WON,
2026-02-07T15:15:00+00:00,Liga MX U21,Pachuca U21,Juarez U21,Double Chance,Home/Draw,1.16,,,LOST,
2026-02-07T15:15:00+00:00,Primera División RFEF - Group 1,Arenteiro,Real Avilés,Over/Under Goals,Under 3.5,1.15,,,LOST,
2026-02-07T15:15:00+00:00,Primera División RFEF - Group 1,Racing Ferrol,Lugo,Over/Under Goals,Under 3.5,1.15,,,WON,
2026-02-07T15:15:00+00:00,Primera División RFEF - Group 2,Tarazona,Sanluqueño,1X2 / Match Winner,Home,1.62,,,LOST,
2026-02-07T15:15:00+00:00,Segunda Division,Las Palmas,Burgos,Over/Under Goals,Under 3.5,1.17,,,WON,
2026-02-07T15:30:00+00:00,3. Liga,Stuttgart II,TSV 1860 München,Over/Under Goals,Under 3.5,1.45,,,WON,
2026-02-07T15:30:00+00:00,Challenge League,Mgarr United,Fgura United,Double Chance,Home/Draw,1.5,,,LOST,
2026-02-07T15:30:00+00:00,Challenge League,Zebbug Rangers,St. Andrews,Over/Under Goals,Under 3.5,1.43,,,WON,
2026-02-07T15:30:00+00:00,Eerste Divisie,VVV Venlo,FC Eindhoven,Over/Under Goals,Over 1.5,1.18,,,LOST,
2026-02-07T15:30:00+00:00,Eredivisie,NEC Nijmegen,Heracles,Over/Under Goals,Over 2.5,1.38,,,WON,
2026-02-07T15:30:00+00:00,First League,Levski Sofia,Botev Vratsa,Team Total Goals,Under 2.5,1.5,,,LOST,
2026-02-07T15:30:00+00:00,Ligat Ha'al,Hapoel Katamon,Maccabi Haifa,1X2 / Match Winner,Draw,4.26,,,WON,
2026-02-07T15:30:00+00:00,Premier League,Hibernians,Tarxien Rainbows,Over/Under Goals,Under 3.5,1.37,,,WON,
2026-02-07T15:30:00+00:00,Primeira Liga,Estrela,Santa Clara,Asian Handicap,Home +0.5,1.6,,,WON,
2026-02-07T15:30:00+00:00,Primeira Liga,Moreirense,GIL Vicente,Over/Under Goals,Under 3.5,1.18,,,WON,
2026-02-07T15:30:00+00:00,Pro League,Al Taawon,Al Khaleej Saihat,Over/Under Goals,Under 3.5,1.38,,,WON,
2026-02-07T15:30:00+00:00,Segunda División RFEF - Group 1,Real Valladolid II,Real Ávila,Double Chance,Home/Draw,1.4,,,WON,
2026-02-07T15:30:00+00:00,Segunda Liga,Oliveirense,Vizela,Over/Under Goals,Under 3.5,1.25,,,WON,
2026-02-07T15:30:00+00:00,Tercera División RFEF - Group 11,Constància,Platges Calvià,Over/Under Goals,Under 3.5,1.26,,,WON,
2026-02-07T15:30:00+00:00,Tercera División RFEF - Group 6,Soneja,Buñol,Over/Under Goals,Under 2.5,1.44,,,LOST,
2026-02-07T15:30:00+00:00,Tercera División RFEF - Group 8,Mojados,Becerril Campos,Over/Under Goals,Under 2.5,1.6,,,WON,
2026-02-07T16:00:00+00:00,CAF Champions League,Petro de Luanda,Simba,Asian Handicap,Home +0.25,1.44,,,WON,
2026-02-07T16:00:00+00:00,CAF Confederation Cup,Azam,Maniema Union,Over/Under Goals,Under 3.5,1.18,,,WON,
2026-02-07T16:00:00+00:00,Cup,Golden Arrows,Orbit College,Over/Under Goals,Under 3.5,1.15,,,WON,
2026-02-07T16:00:00+00:00,Feminine Division 1,Montpellier W,Le Havre W,Team Total Goals,Under 2.5,1.22,,,WON,
2026-02-07T16:00:00+00:00,League Cup,VPS,Ilves,1X2 / Match Winner,Away,1.6,,,WON,
2026-02-07T16:00:00+00:00,Ligue 1,Lens,Rennes,Over/Under Goals,Under 3.5,1.55,,,LOST,
2026-02-07T16:00:00+00:00,NB I,Ferencvarosi TC,Ujpest,Over/Under Goals,Under 3.5,1.5,,,WON,
2026-02-07T16:00:00+00:00,Premier League,Malkiya,Muharraq,Over/Under Goals,Under 2.5,1.65,,,WON,
2026-02-07T16:00:00+00:00,Pro League,Al-Ittihad Kalba,Ajman,Over/Under Goals,Under 3.5,1.3,,,LOST,
2026-02-07T16:00:00+00:00,Segunda División RFEF - Group 1,Atlético Astorga,Bergantiños,Double Chance,Home/Draw,1.44,,,WON,
2026-02-07T16:00:00+00:00,Segunda División RFEF - Group 1,Deportivo La Coruña II,Sarriana,Over/Under Goals,Under 3.5,1.27,,,WON,
2026-02-07T16:00:00+00:00,Super League 1,Asteras Tripolis,Volos NFC,Over/Under Goals,Under 2.5,1.62,,,WON,
2026-02-07T16:00:00+00:00,TFF 1. Lig,Pendikspor,Amed,Over/Under Goals,Under 3.5,1.35,,,WON,
2026-02-07T16:00:00+00:00,Tercera División RFEF - Group 18,Villarrubia,Albacete II,Over/Under Goals,Under 3.5,1.16,,,WON,
2026-02-07T16:00:00+00:00,Tercera División RFEF - Group 3,Bezana,Tropezón,Over/Under Goals,Under 3.5,1.19,,,WON,
2026-02-07T16:00:00+00:00,Tercera División RFEF - Group 3,Laredo,Cartes,Over/Under Goals,Under 3.5,1.37,,,WON,
2026-02-07T16:00:00+00:00,Tercera División RFEF - Group 5,Vic,Vilassar Mar,Asian Handicap,Home +0.25,1.45,,,WON,
2026-02-07T16:00:00+00:00,Tipp3 Bundesliga,Lask Linz,WSG Wattens,Team Total Goals,Over 0.5,1.15,,,WON,
2026-02-07T16:00:00+00:00,Tipp3 Bundesliga,Rapid Vienna,TSV Hartberg,Asian Handicap,Away -1.25,1.42,,,WON,
2026-02-07T16:05:00+00:00,Premier League,Al Arabi,Kazma,Over/Under Goals,Under 3.5,1.28,,,WON,
2026-02-07T16:15:00+00:00,Prva HNL,HNK Hajduk Split,NK Slaven Belupo,Over/Under Goals,Over 1.5,1.3,,,WON,
2026-02-07T16:15:00+00:00,Serie B,Palermo,Empoli,Over/Under Goals,Under 3.5,1.3,,,LOST,
2026-02-07T16:30:00+00:00,Ekstraklasa,Jagiellonia,Motor Lublin,Over/Under Goals,Over 1.5,1.2,,,WON,
2026-02-07T16:30:00+00:00,Ligat Ha'al,Bnei Sakhnin,Hapoel Petah Tikva,Double Chance,Home/Draw,1.67,,,LOST,
2026-02-07T16:30:00+00:00,Ligat Ha'al,Hapoel Haifa,Ashdod,Team Total Goals,Under 2.5,1.2,,,WON,
2026-02-07T16:30:00+00:00,Serie C - Girone A,Alcione,Arzignano Valchiampo,Over/Under Goals,Under 2.5,1.61,,,WON,
2026-02-07T16:30:00+00:00,Serie C - Girone A,Pergolettese,Trento,Over/Under Goals,Under 3.5,1.19,,,WON,
2026-02-07T16:30:00+00:00,Serie C - Girone A,Virtus Verona,Giana Erminio,Asian Handicap,Home +0.25,1.53,,,LOST,
2026-02-07T16:30:00+00:00,Serie C - Girone B,Ravenna,Athletic Carpi,Over/Under Goals,Under 3.5,1.24,,,WON,
2026-02-07T16:30:00+00:00,Serie C - Girone C,Potenza,Siracusa,Over/Under Goals,Under 3.5,1.3,,,LOST,
2026-02-07T17:00:00+00:00,Botola Pro,UTS Rabat,Hassania Agadir,Over/Under Goals,Under 3.5,1.17,,,WON,
2026-02-07T17:00:00+00:00,Challenge League,FC Aarau,FC WIL 1900,Asian Handicap,Away -1.25,1.5,,,WON,
2026-02-07T17:00:00+00:00,Challenge League,Rapperswil,Yverdon Sport,Over/Under Goals,Under 3.5,1.36,,,LOST,
2026-02-07T17:00:00+00:00,Czech Liga,Slavia Praha,Mlada Boleslav,Over/Under Goals,Over 1.5,1.16,,,WON,
2026-02-07T17:00:00+00:00,Derde Divisie - Saturday,Hsc 21,Eemdijk,Over/Under Goals,Under 3.5,2.15,,,LOST,
2026-02-07T17:00:00+00:00,Derde Divisie - Sunday,Gemert,ASWH,1X2 / Match Winner,Home,1.62,,,WON,
2026-02-07T17:00:00+00:00,Derde Divisie - Sunday,Meerssen,Noordwijk,Over/Under Goals,Under 3.5,1.39,,,WON,
2026-02-07T17:00:00+00:00,Friendlies Clubs,Kvik Halden,Arendal,Double Chance,Home/Draw,1.7,,,WON,
2026-02-07T17:00:00+00:00,Liga Premier Serie A,Leones Negros,Reboceros La Piedad,Double Chance,Home/Draw,1.15,,,WON,
2026-02-07T17:00:00+00:00,Segunda División RFEF - Group 2,SD Logroñés,Sestao River,Over/Under Goals,Under 2.5,1.44,,,WON,
2026-02-07T17:00:00+00:00,Segunda División RFEF - Group 3,Espanyol II,Terrassa,Over/Under Goals,Under 2.5,1.5,,,WON,
2026-02-07T17:00:00+00:00,Serie A,Genoa,Napoli,Over/Under Goals,Under 3.5,1.18,,,LOST,
2026-02-07T17:00:00+00:00,Super League,FC Sion,FC Luzern,BTTS,Yes,1.57,,,LOST,
2026-02-07T17:00:00+00:00,Super League,FC Winterthur,FC Lugano,Over/Under Goals,Over 1.5,1.18,,,WON,
2026-02-07T17:00:00+00:00,Super Lig,Samsunspor,Trabzonspor,Over/Under Goals,Under 3.5,1.3,,,WON,
2026-02-07T17:00:00+00:00,Super Liga,Dunajska Streda,Slovan Bratislava,Over/Under Goals,Under 3.5,1.45,,,WON,
2026-02-07T17:15:00+00:00,Campionato,La Fiorita,Juvenes / Dogana,Over/Under Goals,Under 3.5,1.24,,,WON,
2026-02-07T17:15:00+00:00,Jupiler Pro League,Charleroi,Cercle Brugge,Over/Under Goals,Under 3.5,1.3,,,LOST,
2026-02-07T17:30:00+00:00,Bundesliga 1,Borussia Mönchengladbach,Bayer Leverkusen,Over/Under Goals,Under 3.5,1.48,,,WON,
2026-02-07T17:30:00+00:00,FAW Championship,Caerau (Ely),Ammanford AFC,Asian Handicap,Away -0.5,1.7,,,LOST,
2026-02-07T17:30:00+00:00,Liga 3,CF Os Belenenses,Trofense,Over/Under Goals,Under 3.5,1.22,,,WON,
2026-02-07T17:30:00+00:00,Ligat Ha'al,Maccabi Netanya,Ironi Kiryat Shmona,Over/Under Goals,Under 3.5,1.5,,,WON,
2026-02-07T17:30:00+00:00,National League,Eastleigh,Wealdstone,Over/Under Goals,Under 3.5,1.33,,,LOST,
2026-02-07T17:30:00+00:00,Premier League,Newcastle,Brentford,Over/Under Goals,Under 3.5,1.48,,,LOST,
2026-02-07T17:30:00+00:00,Primera División RFEF - Group 1,Unionistas de Salamanca,Ourense CF,Over/Under Goals,Under 3.5,1.17,,,WON,
2026-02-07T17:30:00+00:00,Primera División RFEF - Group 2,Atlético Madrid II,Alcorcon,Over/Under Goals,Under 3.5,1.2,,,WON,
2026-02-07T17:30:00+00:00,Pro League,Al-Qadisiyah FC,Al-Fateh,1X2 / Match Winner,Home,1.44,,,LOST,
2026-02-07T17:30:00+00:00,Segunda Division,Zaragoza,Eibar,1X2 / Match Winner,Draw,3.12,,,WON,
2026-02-07T17:30:00+00:00,Segunda División RFEF - Group 2,Gernika,Real Unión,Double Chance,Home/Draw,1.55,,,LOST,
2026-02-07T17:30:00+00:00,Tercera División RFEF - Group 16,Yagüe,Agoncillo,Double Chance,Draw/Away,1.57,,,WON,
2026-02-07T17:30:00+00:00,Tercera División RFEF - Group 4,Derio,Lagun Onak,Double Chance,Draw/Away,1.53,,,WON,
2026-02-07T17:45:00+00:00,Eredivisie,PEC Zwolle,FC Volendam,Over/Under Goals,Under 3.5,1.48,,,WON,
2026-02-07T18:00:00+00:00,Liga I,CFR 1907 Cluj,Universitatea Cluj,Over/Under Goals,Under 3.5,1.2,,,LOST,
2026-02-07T18:00:00+00:00,Ligue 1,Stade Brestois 29,Lorient,Over/Under Goals,Under 3.5,1.28,,,WON,
2026-02-07T18:00:00+00:00,Paulista - A3,Desportivo Brasil,Portuguesa Santista,Double Chance,Home/Draw,1.57,,,LOST,
2026-02-07T18:00:00+00:00,Paulista - A3,EC São Bernardo,Rio Preto,Over/Under Goals,Over 1.5,1.4,,,WON,
2026-02-07T18:00:00+00:00,Paulista - A3,Rio Branco SP,Paulista,Over/Under Goals,Under 3.5,1.15,,,WON,
2026-02-07T18:00:00+00:00,Paulista - A4,Nacional SP,Grêmio Sãocarlense,Over/Under Goals,Under 2.5,1.53,,,WON,
2026-02-07T18:00:00+00:00,Paulista - A4,São Caetano,Jabaquara,Over/Under Goals,Under 3.5,1.2,,,WON,
2026-02-07T18:00:00+00:00,Premier League,Hamrun Spartans,Naxxar Lions,Over/Under Goals,Over 1.5,1.18,,,WON,
2026-02-07T18:00:00+00:00,Premier League,Zabbar St. Patrick,Marsaxlokk,Over/Under Goals,Under 3.5,1.19,,,WON,
2026-02-07T18:00:00+00:00,Primeira Liga,Estoril,Tondela,Over/Under Goals,Over 1.5,1.28,,,WON,
2026-02-07T18:00:00+00:00,Primera Division,ADT,Sport Boys,Over/Under Goals,Under 3.5,1.3,,,WON,
2026-02-07T18:00:00+00:00,Segunda División RFEF - Group 1,Burgos Promesas,Real Oviedo II,Over/Under Goals,Under 3.5,1.25,,,WON,
2026-02-07T18:00:00+00:00,Segunda Liga,Leixoes,Feirense,Over/Under Goals,Under 3.5,1.22,,,WON,
2026-02-07T18:00:00+00:00,Super League 1,Kifisia,Atromitos,Over/Under Goals,Under 3.5,1.22,,,WON,
2026-02-07T18:00:00+00:00,Super League Women,Anderlecht W,Genk W,1X2 / Match Winner,Home,1.25,,,WON,
2026-02-07T18:00:00+00:00,Super League Women,Standard Liege W,Westerlo W,Double Chance,Home/Draw,1.22,,,WON,
2026-02-07T18:30:00+00:00,1a Divisió,Penya Encarnada,UE Santa Coloma,Over/Under Goals,Under 3.5,1.57,,,WON,
2026-02-07T18:30:00+00:00,First Amateur Division,Ninove,Spouwen-Mopertingen,Over/Under Goals,Over 1.5,1.16,,,WON,
2026-02-07T18:30:00+00:00,First Amateur Division,Union Saint-Gilloise II,Excelsior Virton,Over/Under Goals,Over 1.5,1.16,,,WON,
2026-02-07T18:30:00+00:00,I Liga,Miedz Legnica,Pogoń Grod. Mazowiecki,Over/Under Goals,Over 1.5,1.17,,,WON,
2026-02-07T18:30:00+00:00,I Liga,Polonia Bytom,ŁKS Łódź,Double Chance,Home/Draw,1.4,,,LOST,
2026-02-07T18:30:00+00:00,Paulista - A2,Sao Bento,Grêmio Prudente,Over/Under Goals,Under 2.5,1.45,,,WON,
2026-02-07T18:30:00+00:00,Serie B,Spezia,Virtus Entella,Over/Under Goals,Under 2.5,1.62,,,WON,
2026-02-07T19:00:00+00:00,Alagoano,ASA,Penedense,Over/Under Goals,Under 3.5,1.2,,,WON,
2026-02-07T19:00:00+00:00,Alagoano,CSA,Cruzeiro Arapiraca,Over/Under Goals,Under 3.5,1.4,,,WON,
2026-02-07T19:00:00+00:00,Alagoano,Coruripe,CRB,Asian Handicap,Home +1.25,1.5,,,WON,
2026-02-07T19:00:00+00:00,Amapaense,Trem,Macapá,Over/Under Goals,Under 3.5,1.85,,,WON,
2026-02-07T19:00:00+00:00,Baiano - 1,Jequié,Vitoria,Double Chance,Home/Draw,1.62,,,WON,
2026-02-07T19:00:00+00:00,Brasiliense,Ceilândia,Capital Brasilia,Over/Under Goals,Under 3.5,1.17,,,WON,
2026-02-07T19:00:00+00:00,Brasiliense,Samambaia,Brasília,1X2 / Match Winner,Home,1.59,,,WON,
2026-02-07T19:00:00+00:00,Brasiliense,Sobradinho EC,Gama,Over/Under Goals,Under 3.5,1.2,,,WON,
2026-02-07T19:00:00+00:00,CAF Champions League,FAR Rabat,Young Africans,Asian Handicap,Away -1.25,1.69,,,WON,
2026-02-07T19:00:00+00:00,CAF Champions League,JS Kabylie,Al Ahly,Over/Under Goals,Under 3.5,1.2,,,WON,
2026-02-07T19:00:00+00:00,Capixaba,Rio Branco ES,Forte FC,Over/Under Goals,Under 2.5,1.67,,,WON,
2026-02-07T19:00:00+00:00,Challenger Pro League,Beerschot VA,Club Brugge II,Over/Under Goals,Under 3.5,1.45,,,WON,
2026-02-07T19:00:00+00:00,Challenger Pro League,Lokeren-Temse,Olympic Charleroi,Over/Under Goals,Under 3.5,1.5,,,WON,
2026-02-07T19:00:00+00:00,Challenger Pro League,Seraing United,RSC Anderlecht II,Over/Under Goals,Under 3.5,1.5,,,WON,
2026-02-07T19:00:00+00:00,Eredivisie,Twente,Heerenveen,1X2 / Match Winner,Draw,3.94,,,LOST,
2026-02-07T19:00:00+00:00,First Amateur Division,Houtvenne,Diegem Sport,Double Chance,Home/Draw,1.4,,,WON,
2026-02-07T19:00:00+00:00,First Amateur Division,Lyra-Lierse Berlaar,Dessel Sport,Over/Under Goals,Under 3.5,1.62,,,WON,
2026-02-07T19:00:00+00:00,First Amateur Division,Sporting Hasselt,Zelzate,Result + Total Goals,Home/Over 1.5,1.46,,,LOST,
2026-02-07T19:00:00+00:00,First Amateur Division,Thes Sport,Hoogstraten,Over/Under Goals,Under 3.5,1.28,,,LOST,
2026-02-07T19:00:00+00:00,First Amateur Division,Tubize,Crossing Schaerbeek,1X2 / Match Winner,Home,1.43,,,WON,
2026-02-07T19:00:00+00:00,Goiano - 1,Aparecidense,ABECAT Ouvidorense,Over/Under Goals,Under 2.5,1.42,,,LOST,
2026-02-07T19:00:00+00:00,Goiano - 1,CRAC,Centro Oeste,BTTS,No,1.57,,,WON,
2026-02-07T19:00:00+00:00,Goiano - 1,Goiatuba EC,Atletico Goianiense,Over/Under Goals,Under 2.5,1.62,,,LOST,
2026-02-07T19:00:00+00:00,Goiano - 1,Inhumas,Goias,Over/Under Goals,Under 2.5,1.65,,,WON,
2026-02-07T19:00:00+00:00,Ligue 2,Saint Etienne,Montpellier,Over/Under Goals,Under 2.5,2.0,,,WON,
2026-02-07T19:00:00+00:00,Maranhense,IAPE,Moto Club,Over/Under Goals,Under 3.5,1.15,,,WON,
2026-02-07T19:00:00+00:00,Maranhense,Sampaio Correa,Maranhão,Over/Under Goals,Under 3.5,1.18,,,WON,
2026-02-07T19:00:00+00:00,Paranaense - 1,Foz Do Iguacu,Atletico Paranaense,Over/Under Goals,Under 3.5,1.35,,,LOST,
2026-02-07T19:00:00+00:00,Paulista - A1,Portuguesa,Ponte Preta,Over/Under Goals,Under 3.5,1.17,,,WON,
2026-02-07T19:00:00+00:00,Paulista - A2,Inter De Limeira,Votuporanguense,Over/Under Goals,Under 2.5,1.55,,,WON,
2026-02-07T19:00:00+00:00,Paulista - A2,Água Santa,Juventus,Over/Under Goals,Under 3.5,1.18,,,WON,
2026-02-07T19:00:00+00:00,Potiguar,ABC,QFC,Over/Under Goals,Under 2.5,1.95,,,WON,
2026-02-07T19:00:00+00:00,Primera A,Rionegro Aguilas,Cucuta,Over/Under Goals,Under 3.5,1.15,,,LOST,
2026-02-07T19:00:00+00:00,Sergipano,Atlético Gloriense,Lagarto,Over/Under Goals,Under 3.5,1.25,,,WON,
2026-02-07T19:00:00+00:00,Sergipano,Sergipe,Dorense,1X2 / Match Winner,Home,1.37,,,WON,
2026-02-07T19:00:00+00:00,Tocantinense,União Carmolandense,Bela Vista TO,Over/Under Goals,Under 3.5,1.16,,,WON,
2026-02-07T19:00:00+00:00,USL Super League,Carolina Ascent W,Lexington W,Over/Under Goals,Under 3.5,1.33,,,WON,
2026-02-07T19:15:00+00:00,Ekstraklasa,Gornik Zabrze,Lech Poznan,Over/Under Goals,Over 1.5,1.2,,,LOST,
2026-02-07T19:30:00+00:00,Bundesliga 2,SV Darmstadt 98,1. FC Kaiserslautern,Asian Handicap,Home +0,1.42,,,WON,
2026-02-07T19:30:00+00:00,Cearense - 1,Ferroviario,Iguatu,Over/Under Goals,Under 3.5,1.2,,,WON,
2026-02-07T19:30:00+00:00,Cearense - 1,Horizonte,Floresta,Over/Under Goals,Under 2.5,1.5,,,WON,
2026-02-07T19:30:00+00:00,Liga Mayor,Salcedo,Delfines Del Este,Asian Handicap,Home +0.25,1.41,,,LOST,
2026-02-07T19:30:00+00:00,Liga Mayor,Universidad O&M,Moca,Over/Under Goals,Under 3.5,1.22,,,WON,
2026-02-07T19:30:00+00:00,Mineiro - 1,Pouso Alegre,Democrata GV,Over/Under Goals,Under 3.5,1.18,,,WON,
2026-02-07T19:30:00+00:00,Super League,Grasshoppers,BSC Young Boys,Over/Under Goals,Over 1.5,1.2,,,WON,
2026-02-07T19:45:00+00:00,Jupiler Pro League,Gent,OH Leuven,Over/Under Goals,Under 3.5,1.28,,,LOST,
2026-02-07T19:45:00+00:00,Serie A,Fiorentina,Torino,Over/Under Goals,Under 3.5,1.33,,,LOST,
2026-02-07T20:00:00+00:00,Acreano,Santa Cruz AC,Galvez,Over/Under Goals,Under 3.5,1.5,,,WON,
2026-02-07T20:00:00+00:00,Eredivisie,Fortuna Sittard,Sparta Rotterdam,Over/Under Goals,Over 1.5,1.25,,,WON,
2026-02-07T20:00:00+00:00,La Liga,Real Sociedad,Elche,Over/Under Goals,Over 1.5,1.28,,,WON,
2026-02-07T20:00:00+00:00,Paraibano,Sousa,Atlético Cajazeirense,Over/Under Goals,Under 3.5,1.25,,,WON,
2026-02-07T20:00:00+00:00,Paulista - A4,EC Lemense,Barretos,Over/Under Goals,Under 2.5,1.5,,,WON,
2026-02-07T20:00:00+00:00,Piauiense,Altos,Atlético Piauiense,Double Chance,Draw/Away,1.5,,,WON,
2026-02-07T20:00:00+00:00,Primera Division,Aldosivi,Rosario Central,Over/Under Goals,Under 2.5,1.35,,,WON,
2026-02-07T20:00:00+00:00,Primera División - Apertura,Progreso,Central Espanol,Over/Under Goals,Under 3.5,1.17,,,WON,
2026-02-07T20:00:00+00:00,Primera División RFEF - Group 2,Eldense,Sabadell,1X2 / Match Winner,Draw,2.9,,,LOST,
2026-02-07T20:05:00+00:00,Feminine Division 1,Paris FC W,Paris Saint Germain W,Over/Under Goals,Under 3.5,1.53,,,WON,
2026-02-07T20:05:00+00:00,Ligue 1,Nantes,Lyon,Over/Under Goals,Over 1.5,1.28,,,LOST,
2026-02-07T20:15:00+00:00,Primera Division,Atletico Grau,Sport Huancayo,Over/Under Goals,Under 3.5,1.25,,,WON,
2026-02-07T20:30:00+00:00,Primeira Liga,Arouca,Guimaraes,Over/Under Goals,Under 3.5,1.25,,,LOST,
2026-02-07T21:00:00+00:00,Copa Chile,Deportes Temuco,D. Puerto Montt,Over/Under Goals,Under 3.5,1.28,,,WON,
2026-02-07T21:00:00+00:00,Liga Nacional,Achuapa,Aurora,Over/Under Goals,Under 2.5,1.65,,,LOST,
2026-02-07T21:00:00+00:00,Liga Panameña de Fútbol,UMECIT,Sporting San Miguelito,Double Chance,Home/Draw,1.48,,,WON,
2026-02-07T21:00:00+00:00,Mineiro - 1,North Esporte,Uberlandia,Double Chance,Home/Draw,1.16,,,LOST,
2026-02-07T21:00:00+00:00,Paulista - A2,Ituano,Santo André,Over/Under Goals,Under 2.5,1.7,,,WON,
2026-02-07T21:00:00+00:00,Paulista - A3,Catanduva,Rio Claro,Over/Under Goals,Under 2.5,1.62,,,WON,
2026-02-07T21:00:00+00:00,Primera Division,O'Higgins,D. La Serena,Over/Under Goals,Over 1.5,1.28,,,LOST,
2026-02-07T21:00:00+00:00,Primera Division,Racing Club,Argentinos JRS,Over/Under Goals,Under 3.5,1.2,,,WON,
2026-02-07T21:00:00+00:00,Primera División,Zamora FC,Estudiantes de Merida FC,Over/Under Goals,Under 2.5,1.57,,,LOST,
2026-02-07T21:10:00+00:00,Primera A,Deportes Tolima,Llaneros,Over/Under Goals,Under 3.5,1.22,,,WON,
2026-02-07T21:30:00+00:00,Baiano - 1,Porto BA,Galícia,Over/Under Goals,Under 2.5,1.7,,,WON,
2026-02-07T21:30:00+00:00,Division Profesional - Apertura,Rubio NU,Sportivo Trinidense,Over/Under Goals,Under 3.5,1.18,,,WON,
2026-02-07T21:30:00+00:00,Gaúcho - 1,Gremio,Novo Hamburgo,Double Chance,Home/Draw,1.16,,,WON,
2026-02-07T21:30:00+00:00,Liga Premier Serie A,Cordobés,Sporting Canamy,Asian Handicap,Home +0.25,1.49,,,WON,
2026-02-07T21:30:00+00:00,Liga Premier Serie A,Deportiva Venados,Celaya,Team Total Goals,Over 0.5,1.42,,,WON,
2026-02-07T21:30:00+00:00,Liga Premier Serie A,Mexicali FC,Inter Playa del Carmen,Double Chance,Home/Draw,1.55,,,WON,
2026-02-07T21:30:00+00:00,Mineiro - 1,Atletico-MG,Athletic Club,1X2 / Match Winner,Home,1.45,,,LOST,
2026-02-07T21:30:00+00:00,Paulista - A1,Guarani Campinas,Botafogo SP,Over/Under Goals,Under 3.5,1.18,,,WON,
2026-02-07T21:30:00+00:00,Paulista - A1,Novorizontino,São Bernardo,Over/Under Goals,Over 1.5,1.45,,,WON,
2026-02-07T21:30:00+00:00,Paulista - A3,Marília,Uniao Barbarense,1X2 / Match Winner,Home,1.67,,,WON,
2026-02-07T22:00:00+00:00,Capixaba,Vitória ES,Rio Branco-VN,Over/Under Goals,Under 3.5,1.17,,,WON,
2026-02-07T22:00:00+00:00,Catarinense - 1,Santa Catarina,Barra,Double Chance,Draw/Away,1.7,,,WON,
2026-02-07T22:00:00+00:00,Copa Chile,Santiago Wanderers,Union San Felipe,Over/Under Goals,Under 3.5,1.22,,,LOST,
2026-02-07T22:00:00+00:00,Liga Premier Serie A,Colima,UA Zacatecas,Double Chance,Home/Draw,1.57,,,LOST,
2026-02-07T22:00:00+00:00,Liga Premier Serie A,Deportivo Zap,Zacatepec 1948,Over/Under Goals,Under 2.5,1.7,,,WON,
2026-02-07T22:00:00+00:00,Liga Premier Serie A,Tritons Vallarta,Ensenada,Over/Under Goals,Under 3.5,1.62,,,WON,
2026-02-07T22:00:00+00:00,Mineiro - 1,Tombense,Uniao Trabalhadores,Team Total Goals,Under 2.5,1.16,,,LOST,
2026-02-07T22:00:00+00:00,Primera División,Caracas FC,Puerto Cabello,Over/Under Goals,Under 2.5,1.44,,,WON,
2026-02-07T22:30:00+00:00,Maranhense,Imperatriz,Tuntum,Over/Under Goals,Under 2.5,1.5,,,LOST,
2026-02-07T23:00:00+00:00,Liga MX,Club Queretaro,Leon,Over/Under Goals,Over 1.5,1.33,,,WON,
2026-02-07T23:00:00+00:00,Liga MX,Toluca,Cruz Azul,Over/Under Goals,Under 3.5,1.48,,,WON,
2026-02-07T23:00:00+00:00,Liga Nacional,Comunicaciones,Marquense,Over/Under Goals,Under 3.5,1.24,,,WON,
2026-02-07T23:00:00+00:00,Liga de Expansión MX,Atlante FC,Tapatío,Over/Under Goals,Under 3.5,1.33,,,LOST,
2026-02-07T23:00:00+00:00,Paranaense - 1,Maringá,Aruko Sports,Team Total Goals,Over 1.5,1.42,,,WON,
2026-02-07T23:00:00+00:00,Primera Division,River Plate,Tigre,Over/Under Goals,Under 3.5,1.2,,,LOST,
2026-02-07T23:15:00+00:00,Liga Nacional,Lobos Upnfm,CD Olimpia,Over/Under Goals,Under 3.5,1.28,,,WON,
2026-02-07T23:30:00+00:00,Copa Chile,San Marcos de Arica,Deportes Iquique,Double Chance,Home/Draw,1.57,,,WON,
2026-02-07T23:30:00+00:00,Division Profesional - Apertura,2 de Mayo,Cerro Porteno,Team Total Goals,Over 0.5,1.16,,,LOST,
2026-02-07T23:30:00+00:00,Paulista - A1,Sao Paulo,Primavera SP,1X2 / Match Winner,Home,1.62,,,WON,
2026-02-07T23:30:00+00:00,Primera Division,Colo Colo,Everton de Vina,Over/Under Goals,Under 3.5,1.36,,,WON,
2026-02-07T23:30:00+00:00,Primera División - Apertura,Penarol,Atletico Torque,Over/Under Goals,Under 2.5,1.65,,,LOST,
2026-02-07T23:30:00+00:00,Primera División,Monagas SC,UCV,Over/Under Goals,Under 3.5,1.15,,,WON,
2026-02-08T00:00:00+00:00,Carioca - 1,Flamengo,Sampaio Corrêa RJ,Over/Under Goals,Under 3.5,1.5,,,LOST,
2026-02-08T00:00:00+00:00,Carioca - 1,Portuguesa RJ,Nova Iguaçu,Over/Under Goals,Under 3.5,1.18,,,WON,
2026-02-08T00:00:00+00:00,Carioca - 1,Volta Redonda,Madureira,Over/Under Goals,Under 3.5,1.2,,,WON,
2026-02-08T00:00:00+00:00,Friendlies Clubs,Barcelona SC,Inter Miami,Over/Under Goals,Over 1.5,1.15,,,WON,
2026-02-08T00:00:00+00:00,Liga Premier Serie A,Tigres de Alica,Acatlan,1X2 / Match Winner,Home,1.34,,,WON,
2026-02-08T01:00:00+00:00,Liga Nacional,Guastatoya,Xelajú,Over/Under Goals,Under 2.5,1.55,,,WON,
2026-02-08T01:00:00+00:00,Liga Premier Serie A,Lobos ULMX,FC Santiago,Over/Under Goals,Under 2.5,1.62,,,WON,
2026-02-08T01:00:00+00:00,Liga de Expansión MX,CDS Tampico Madero,Irapuato,Over/Under Goals,Under 3.5,1.22,,,WON,
2026-02-08T01:00:00+00:00,Primera Division,Cusco,Universitario,Over/Under Goals,Under 3.5,1.25,,,WON,
2026-02-08T01:00:00+00:00,Primera Division,Firpo,Fuerte San Francisco,1X2 / Match Winner,Home,1.55,,,WON,
2026-02-08T01:00:00+00:00,USL Super League,Fort Lauderdale United W,Dallas Trinity W,Double Chance,Draw/Away,1.55,,,WON,
2026-02-08T01:05:00+00:00,Liga MX,Atlas,U.N.A.M. - Pumas,Over/Under Goals,Under 3.5,1.3,,,LOST,
2026-02-08T01:06:00+00:00,Liga MX,Pachuca,FC Juarez,Over/Under Goals,Under 3.5,1.3,,,WON,
2026-02-08T01:15:00+00:00,Primera Division,Belgrano Cordoba,Banfield,Over/Under Goals,Under 3.5,1.15,,,WON,
2026-02-08T01:15:00+00:00,Primera Division,Newells Old Boys,Defensa Y Justicia,Asian Handicap,Home +0,1.62,,,LOST,
2026-02-08T01:30:00+00:00,Liga Nacional,CD Motagua,Victoria,Over/Under Goals,Under 3.5,1.48,,,WON,
2026-02-08T01:30:00+00:00,Liga Panameña de Fútbol,CD Arabe Unido,Tauro FC,Asian Handicap,Home +0,1.67,,,WON,
2026-02-08T01:30:00+00:00,Ofc Pro League,South Melbourne,Vanuatu United,1X2 / Match Winner,Home,1.27,,,WON,
2026-02-08T01:30:00+00:00,Primera A,Junior,Chico,Over/Under Goals,Under 3.5,1.28,,,WON,
2026-02-08T02:00:00+00:00,Primera División,LD Alajuelense,CS Herediano,Over/Under Goals,Under 3.5,1.18,,,WON,
2026-02-08T03:00:00+00:00,Liga de Expansión MX,Dorados,CA La Paz,Over/Under Goals,Under 3.5,1.7,,,LOST,
2026-02-08T03:10:00+00:00,Liga MX,Club America,Monterrey,Over/Under Goals,Under 3.5,1.36,,,WON,
2026-02-08T04:00:00+00:00,J2 League,Roasso Kumamoto,Renofa Yamaguchi,Over/Under Goals,Under 3.5,1.2,,,WON,
2026-02-08T04:05:00+00:00,J2 League,Ehime FC,Albirex Niigata,Over/Under Goals,Under 3.5,1.3,,,WON,
2026-02-08T04:30:00+00:00,J2 League,Fujieda MYFC,FC Gifu,Over/Under Goals,Under 3.5,1.28,,,WON,
2026-02-08T05:00:00+00:00,J. League Div.1,Nagoya Grampus,Shimizu S-pulse,1X2 / Match Winner,Draw,3.5,,,LOST,
2026-02-08T05:00:00+00:00,J2 League,Iwaki,Consadole Sapporo,Over/Under Goals,Under 3.5,1.33,,,WON,
2026-02-08T05:00:00+00:00,J2 League,Kochi United,Kataller Toyama,Over/Under Goals,Under 2.5,1.65,,,LOST,
2026-02-08T05:00:00+00:00,J2 League,Osaka,Kamatamare Sanuki,Over/Under Goals,Under 3.5,1.3,,,WON,
2026-02-08T05:30:00+00:00,Ofc Pro League,Tahiti United,Bula,Double Chance,Draw/Away,1.29,,,LOST,
2026-02-08T06:00:00+00:00,A-League,Adelaide United,Newcastle Jets,Asian Handicap,Home +0.5,1.65,,,LOST,
2026-02-08T06:00:00+00:00,J. League Div.1,Kawasaki Frontale,Kashiwa Reysol,Over/Under Goals,Under 3.5,1.42,,,LOST,
2026-02-08T06:00:00+00:00,New South Wales NPL,Sydney Olympic,Blacktown City,Over/Under Goals,Under 3.5,1.53,,,LOST,
2026-02-08T06:00:00+00:00,New South Wales NPL,Sydney United,UNSW,Over/Under Goals,Under 3.5,1.5,,,LOST,
2026-02-08T06:30:00+00:00,New South Wales NPL,Western Sydney W. II,Rockdale City Suns,Over/Under Goals,Under 3.5,1.77,,,WON,
2026-02-08T07:00:00+00:00,J. League Div.1,Tokyo Verdy,Mito Hollyhock,Over/Under Goals,Under 2.5,1.57,,,LOST,
2026-02-08T07:00:00+00:00,New South Wales NPL 2,Macarthur Rams,Mt Druitt Town,Asian Handicap,Home +1.25,1.42,,,WON,
2026-02-08T07:00:00+00:00,Senior Shield,Eastern,BC Rangers,Asian Handicap,Away -1.25,1.54,,,WON,
2026-02-08T08:30:00+00:00,Liga 1,PSBS Biak Numfor,PSM Makassar,Team Total Goals,Under 2.5,1.21,,,WON,
2026-02-08T08:30:00+00:00,Liga 1,Semen Padang,Persita,Over/Under Goals,Under 3.5,1.28,,,WON,
2026-02-08T10:00:00+00:00,2. Lig,Batman Petrolspor,Elazığspor,Asian Handicap,Home +0,1.42,,,WON,
2026-02-08T10:00:00+00:00,2. Lig,Hekimoğlu Trabzon,Mardin BB,Over/Under Goals,Under 3.5,1.28,,,WON,
2026-02-08T10:00:00+00:00,2. Lig,Karaman Belediyespor,24 Erzincanspor,Over/Under Goals,Under 3.5,1.25,,,LOST,
2026-02-08T10:00:00+00:00,2. Lig,Kastamonuspor 1966,Erbaaspor,Over/Under Goals,Under 3.5,1.35,,,WON,
2026-02-08T10:00:00+00:00,2. Lig,Kırklarelispor,68 Aksaray Belediyespor,Over/Under Goals,Under 3.5,1.22,,,WON,
2026-02-08T10:00:00+00:00,2. Lig,Muş Menderesspor,Menemen Belediyespor,Over/Under Goals,Under 3.5,1.42,,,LOST,
2026-02-08T10:00:00+00:00,3. Lig - Group 2,Osmaniyespor,Niğde Belediyesispor,Over/Under Goals,Under 3.5,1.18,,,WON,
2026-02-08T10:00:00+00:00,Campionato Primavera - 1,Frosinone U20,Torino U20,Double Chance,Home/Draw,1.53,,,WON,
2026-02-08T10:00:00+00:00,First League,Dobrudzha,Septemvri Sofia,Over/Under Goals,Under 3.5,1.25,,,WON,
2026-02-08T10:00:00+00:00,Premier League,Gzira United,Floriana,Over/Under Goals,Under 3.5,1.23,,,WON,
2026-02-08T10:00:00+00:00,Segunda División RFEF - Group 2,Deportivo Alavés II,Mutilvera,Over/Under Goals,Under 3.5,1.19,,,WON,
2026-02-08T10:30:00+00:00,Segunda División RFEF - Group 2,Basconia,Utebo,Over/Under Goals,Under 3.5,1.28,,,LOST,
2026-02-08T10:30:00+00:00,Segunda División RFEF - Group 3,Ibiza Islas Pitiusas,Castellón II,Over/Under Goals,Under 3.5,1.54,,,LOST,
2026-02-08T10:30:00+00:00,Segunda División RFEF - Group 5,Getafe II,Quintanar del Rey,Over/Under Goals,Under 3.5,1.16,,,WON,
2026-02-08T10:30:00+00:00,TFF 1. Lig,Keçiörengücü,Bandırmaspor,Team Total Goals,Under 2.5,1.19,,,LOST,
2026-02-08T10:30:00+00:00,TFF 1. Lig,Serik Belediyespor,76 Iğdır Belediyespor,Over/Under Goals,Over 1.5,1.17,,,WON,
2026-02-08T10:45:00+00:00,Tercera División RFEF - Group 13,Muleño,Santomera,Double Chance,Home/Draw,1.44,,,WON,
2026-02-08T11:00:00+00:00,C-League,Boeung Ket,Visakha,Over/Under Goals,Under 3.5,1.56,,,WON,
2026-02-08T11:00:00+00:00,C-League,Life Sihanoukville,Angkor Tiger,Over/Under Goals,Under 3.5,1.69,,,LOST,
2026-02-08T11:00:00+00:00,Campeonato de Portugal Prio - Group A,Bragança,Ribeira Brava,1X2 / Match Winner,Home,1.49,,,WON,
2026-02-08T11:00:00+00:00,Campeonato de Portugal Prio - Group A,Camacha,Os Limianos,Over/Under Goals,Under 3.5,1.19,,,LOST,
2026-02-08T11:00:00+00:00,I Liga,Polonia Warszawa,Stal Mielec,Over/Under Goals,Under 3.5,1.45,,,LOST,
2026-02-08T11:00:00+00:00,Júniores U19,Sporting CP U19,Famalicão U19,Over/Under Goals,Under 3.5,1.26,,,WON,
2026-02-08T11:00:00+00:00,Liga Revelação U23,Benfica U23,Sporting Braga U23,Over/Under Goals,Under 3.5,1.35,,,WON,
2026-02-08T11:00:00+00:00,Primera División Femenina,Granad. Tenerife W,Alhama,Over/Under Goals,Under 3.5,1.73,,,WON,
2026-02-08T11:00:00+00:00,Primera División Femenina,Levante W,Atletico Madrid W,Team Total Goals,Under 2.5,1.62,,,WON,
2026-02-08T11:00:00+00:00,Primera División Femenina,Sevilla W,Athletic Club W,Double Chance,Home/Draw,1.67,,,WON,
2026-02-08T11:00:00+00:00,Primera División RFEF - Group 1,Osasuna II,Cacereño,Over/Under Goals,Under 3.5,1.15,,,LOST,
2026-02-08T11:00:00+00:00,Primera División RFEF - Group 1,Pontevedra,Real Madrid II,Over/Under Goals,Under 3.5,1.25,,,WON,
2026-02-08T11:00:00+00:00,Primera División RFEF - Group 2,Real Betis II,Ibiza,Over/Under Goals,Under 3.5,1.17,,,LOST,
2026-02-08T11:00:00+00:00,Segunda División RFEF - Group 1,Racing Santander II,Sámano,1X2 / Match Winner,Home,1.53,,,WON,
2026-02-08T11:00:00+00:00,Segunda División RFEF - Group 2,Ejea,Ebro,Over/Under Goals,Under 3.5,1.16,,,WON,
2026-02-08T11:00:00+00:00,Segunda División RFEF - Group 2,Náxara,Amorebieta,Over/Under Goals,Under 3.5,1.15,,,LOST,
2026-02-08T11:00:00+00:00,Segunda División RFEF - Group 2,Real Zaragoza II,Eibar II,Over/Under Goals,Under 3.5,1.22,,,WON,
2026-02-08T11:00:00+00:00,Segunda División RFEF - Group 3,Andratx,Torrent,Over/Under Goals,Under 3.5,1.18,,,WON,
2026-02-08T11:00:00+00:00,Segunda División RFEF - Group 3,Atlético Baleares,Valencia II,1X2 / Match Winner,Draw,3.65,,,LOST,
2026-02-08T11:00:00+00:00,Segunda División RFEF - Group 3,Poblense,Alcoyano,Over/Under Goals,Under 2.5,1.36,,,WON,
2026-02-08T11:00:00+00:00,Segunda División RFEF - Group 3,Reddis,Porreres,Over/Under Goals,Under 2.5,1.57,,,WON,
2026-02-08T11:00:00+00:00,Segunda División RFEF - Group 4,Estepona,Xerez,Over/Under Goals,Under 2.5,1.3,,,WON,
2026-02-08T11:00:00+00:00,Segunda División RFEF - Group 5,Intercity,RSD Alcalá,1X2 / Match Winner,Draw,3.7,,,LOST,
2026-02-08T11:00:00+00:00,Segunda División RFEF - Group 5,Tenerife II,Navalcarnero,Asian Handicap,Home +0.25,1.48,,,WON,
2026-02-08T11:00:00+00:00,Tercera División RFEF - Group 1,Alondras,Atlético Arteixo,Over/Under Goals,Under 2.5,1.67,,,WON,
2026-02-08T11:00:00+00:00,Tercera División RFEF - Group 16,Varea,Peña Balsamaiso,Over/Under Goals,Under 3.5,2.02,,,WON,
2026-02-08T11:00:00+00:00,Tercera División RFEF - Group 2,Praviano,Llanera,Over/Under Goals,Under 3.5,1.22,,,WON,
2026-02-08T11:00:00+00:00,Tercera División RFEF - Group 2,San Martín,Covadonga,Over/Under Goals,Under 3.5,1.18,,,WON,
2026-02-08T11:00:00+00:00,Tercera División RFEF - Group 5,Montañesa,Cornellà,Double Chance,Home/Draw,1.7,,,WON,
2026-02-08T11:15:00+00:00,Ekstraklasa,Pogon Szczecin,Nieciecza,Over/Under Goals,Over 1.5,1.18,,,WON,
2026-02-08T11:15:00+00:00,Eredivisie,Utrecht,Feyenoord,Over/Under Goals,Under 3.5,1.5,,,WON,
2026-02-08T11:30:00+00:00,Persian Gulf Pro League,Chadormalu SC,Paykan,Over/Under Goals,Under 2.5,1.28,,,WON,
2026-02-08T11:30:00+00:00,Segunda División RFEF - Group 3,Atlètic Lleida,Olot,Over/Under Goals,Under 3.5,1.2,,,WON,
2026-02-08T11:30:00+00:00,Serie A Women,Roma W,AC Milan W,Asian Handicap,Home +0.5,1.16,,,WON,
2026-02-08T11:30:00+00:00,Serie A,Bologna,Parma,1X2 / Match Winner,Home,1.62,,,LOST,
2026-02-08T11:30:00+00:00,Serie C - Girone B,Pontedera,Ternana,Over/Under Goals,Under 3.5,1.18,,,LOST,
2026-02-08T11:30:00+00:00,Super Lig,Eyüpspor,Başakşehir,Double Chance,Draw/Away,1.18,,,WON,
2026-02-08T11:30:00+00:00,Tercera División RFEF - Group 1,Silva,Somozas,Over/Under Goals,Under 3.5,1.16,,,WON,
2026-02-08T12:00:00+00:00,1. SNL,Mura,Aluminij,Asian Handicap,Home +0,1.45,,,LOST,
2026-02-08T12:00:00+00:00,2. Lig,Altınordu,Ankaragücü,Over/Under Goals,Under 3.5,1.19,,,WON,
2026-02-08T12:00:00+00:00,2. Lig,Ankaraspor,Kepez Belediyespor,Over/Under Goals,Over 1.5,1.17,,,WON,
2026-02-08T12:00:00+00:00,2. Lig,Isparta 32 Spor,Bursaspor,Double Chance,Draw/Away,1.18,,,WON,
2026-02-08T12:00:00+00:00,2. Lig,Muğlaspor,İnegölspor,Over/Under Goals,Under 3.5,1.16,,,WON,
2026-02-08T12:00:00+00:00,2. Lig,Şanlıurfaspor,Erzin Spor,Over/Under Goals,Under 3.5,1.28,,,WON,
2026-02-08T12:00:00+00:00,3. Lig - Group 1,Kestel Çilek,Edirnespor,1X2 / Match Winner,Home,1.41,,,LOST,
2026-02-08T12:00:00+00:00,3. Lig - Group 1,Küçükçekmece Sinopspor,Bursa Yıldırımspor,Double Chance,Draw/Away,1.67,,,LOST,
2026-02-08T12:00:00+00:00,3. Lig - Group 1,Yalova Yeşilovaspor,Çankaya FK,Over/Under Goals,Under 2.5,1.7,,,WON,
2026-02-08T12:00:00+00:00,Campeonato de Portugal Prio - Group C,Lajense,Eléctrico,Double Chance,Home/Draw,1.15,,,WON,
2026-02-08T12:00:00+00:00,Campionato Primavera - 1,Atalanta U20,Bologna U20,Double Chance,Draw/Away,1.7,,,WON,
2026-02-08T12:00:00+00:00,Czech Liga,Hradec Králové,Dukla Praha,Asian Handicap,Home +0.5,1.15,,,WON,
2026-02-08T12:00:00+00:00,FA WSL,Arsenal W,Manchester City W,Over/Under Goals,Under 3.5,1.42,,,WON,
2026-02-08T12:00:00+00:00,FA WSL,Liverpool W,Aston Villa W,BTTS,Yes,1.5,,,WON,
2026-02-08T12:00:00+00:00,FA WSL,London City Lionesses,Everton W,Over/Under Goals,Under 3.5,1.3,,,WON,
2026-02-08T12:00:00+00:00,FA WSL,West Ham W,Brighton W,Over/Under Goals,Under 3.5,1.48,,,LOST,
2026-02-08T12:00:00+00:00,Friendlies Clubs,FC Levadia Tallinn,Tammeka,Over/Under Goals,Under 3.5,2.07,,,LOST,
2026-02-08T12:00:00+00:00,Liga 1,Persija,Arema FC,Over/Under Goals,Under 3.5,1.31,,,WON,
2026-02-08T12:00:00+00:00,Premijer Liga,Posušje,Zeljeznicar Sarajevo,Over/Under Goals,Under 3.5,1.17,,,WON,
2026-02-08T12:00:00+00:00,Premyer Liqa,Sabah FA,Araz,1X2 / Match Winner,Home,1.53,,,WON,
2026-02-08T12:00:00+00:00,Super Liga,Radnicki NIS,Radnicki 1923,Over/Under Goals,Under 3.5,1.28,,,WON,
2026-02-08T12:00:00+00:00,Superliga,Gjilani,Ballkani,Over/Under Goals,Under 3.5,1.22,,,WON,
2026-02-08T12:00:00+00:00,Superliga,Malisheva,Prishtina e Re,1X2 / Match Winner,Home,1.7,,,WON,
2026-02-08T12:00:00+00:00,Women's Championship,Durham W,Birmingham City W,Over/Under Goals,Under 3.5,1.61,,,WON,
2026-02-08T12:01:00+00:00,Championship,Swansea,Sheffield Wednesday,Over/Under Goals,Under 3.5,1.42,,,LOST,
2026-02-08T12:15:00+00:00,1a Divisió,Atlètic Club d'Escaldes,FC Santa Coloma,Team Total Goals,Under 2.5,1.23,,,LOST,
2026-02-08T12:15:00+00:00,First League,Slavia Sofia,Lokomotiv Plovdiv,Double Chance,Home/Draw,1.4,,,LOST,
2026-02-08T12:30:00+00:00,1st Division,Besa Kavajë,Luftëtari,Over/Under Goals,Under 3.5,1.26,,,WON,
2026-02-08T12:30:00+00:00,1st Division,Burreli,Iliria Fushë-Krujë,Over/Under Goals,Under 2.5,1.53,,,WON,
2026-02-08T12:30:00+00:00,3. Liga,Hoffenheim II,Hansa Rostock,Over/Under Goals,Under 3.5,1.62,,,LOST,
2026-02-08T12:30:00+00:00,Bundesliga 2,Arminia Bielefeld,Eintracht Braunschweig,Over/Under Goals,Under 3.5,1.28,,,LOST,
2026-02-08T12:30:00+00:00,Bundesliga 2,Hannover 96,Holstein Kiel,Over/Under Goals,Over 1.5,1.22,,,WON,
2026-02-08T12:30:00+00:00,Bundesliga 2,Karlsruher SC,Fortuna Düsseldorf,Over/Under Goals,Under 3.5,1.55,,,WON,
2026-02-08T12:30:00+00:00,Jupiler Pro League,Genk,Anderlecht,Over/Under Goals,Under 3.5,1.33,,,WON,
2026-02-08T12:30:00+00:00,Persian Gulf Pro League,Foolad FC,Gol Gohar,Double Chance,Home/Draw,1.55,,,WON,
2026-02-08T12:45:00+00:00,Friendlies Clubs,Tampere United,Haka,Over/Under Goals,Under 3.5,1.46,,,WON,
2026-02-08T12:45:00+00:00,Primera División - Apertura,Juventud,Cerro Largo,Over/Under Goals,Under 3.5,1.18,,,WON,
2026-02-08T13:00:00+00:00,2. Division,AE Zakakiou,Iraklis Yerolakkou,Double Chance,Draw/Away,1.62,,,WON,
2026-02-08T13:00:00+00:00,2. Division,ASIL Lysi,Ayia Napa,Over/Under Goals,Under 3.5,1.17,,,LOST,
2026-02-08T13:00:00+00:00,CAF Champions League,Saint Eloi Lupopo,Mamelodi Sundowns,Over/Under Goals,Under 2.5,1.65,,,WON,
2026-02-08T13:00:00+00:00,CAF Confederation Cup,Kaizer Chiefs,AL Masry,Double Chance,Draw/Away,1.55,,,LOST,
2026-02-08T13:00:00+00:00,CAF Confederation Cup,Otôho d'Oyo,Stellenbosch,Over/Under Goals,Under 3.5,1.15,,,WON,
2026-02-08T13:00:00+00:00,CAF Confederation Cup,ZESCO United,Zamalek SC,Over/Under Goals,Under 2.5,1.62,,,WON,
2026-02-08T13:00:00+00:00,Challenge League,Gudja United,Swieqi United,1X2 / Match Winner,Away,1.45,,,WON,
2026-02-08T13:00:00+00:00,Challenge League,Neuchatel Xamax FC,Stade Lausanne-Ouchy,Over/Under Goals,Under 3.5,1.43,,,WON,
2026-02-08T13:00:00+00:00,Cup,Mkhambathi,Lerumo Lions,Double Chance,Home/Draw,1.57,,,WON,
2026-02-08T13:00:00+00:00,Derde Divisie - Saturday,Hercules,Hoogeveen,Double Chance,Home/Draw,1.5,,,WON,
2026-02-08T13:00:00+00:00,Derde Divisie - Sunday,Blauw Geel,TOGB,Asian Handicap,Away -1.25,1.41,,,WON,
2026-02-08T13:00:00+00:00,Division 1,Al Taee,Al-Raed,Over/Under Goals,Under 2.5,1.85,,,LOST,
2026-02-08T13:00:00+00:00,Elite One,Aigle Royal de Moungo,Canon,Over/Under Goals,Under 2.5,1.4,,,WON,
2026-02-08T13:00:00+00:00,Frauen Bundesliga,Hamburger SV W,RB Leipzig W,Over/Under Goals,Under 3.5,1.42,,,LOST,
2026-02-08T13:00:00+00:00,Friendlies Clubs,Jeonbuk Motors,Malmo FF,Over/Under Goals,Under 3.5,1.59,,,WON,
2026-02-08T13:00:00+00:00,La Liga,Alaves,Getafe,Asian Handicap,Home +0,1.53,,,LOST,
2026-02-08T13:00:00+00:00,League,Al Salt,Sama Al Sarhan,Over/Under Goals,Under 3.5,1.2,,,WON,
2026-02-08T13:00:00+00:00,NB II,Budafoki LC,Budapest Honved,Asian Handicap,Home +1.25,1.53,,,WON,
2026-02-08T13:00:00+00:00,NB II,Kozarmisleny FC,Szentlőrinc SE,Asian Handicap,Home +0.25,1.53,,,WON,
2026-02-08T13:00:00+00:00,NB II,Mezokovesd-zsory,Tiszakecske FC,Over/Under Goals,Under 3.5,1.28,,,WON,
2026-02-08T13:00:00+00:00,Premier League 2 Division One,Southampton U21,Liverpool U21,Double Chance,Draw/Away,1.44,,,WON,
2026-02-08T13:00:00+00:00,Premier League 2 Division One,Tottenham Hotspur U21,Birmingham City U21,Over/Under Goals,Under 3.5,2.21,,,LOST,
2026-02-08T13:00:00+00:00,Premier League,Birkirkara,Valletta FC,Over/Under Goals,Under 2.5,1.62,,,WON,
2026-02-08T13:00:00+00:00,Premier League,Mosta,Sliema Wanderers,Over/Under Goals,Under 3.5,1.25,,,WON,
2026-02-08T13:00:00+00:00,Regionalliga - West,Paderborn II,Wiedenbrück,Over/Under Goals,Under 3.5,1.42,,,LOST,
2026-02-08T13:00:00+00:00,Segunda Division,Valladolid,Castellón,Over/Under Goals,Under 3.5,1.28,,,LOST,
2026-02-08T13:00:00+00:00,Super League,Servette FC,FC Thun,Over/Under Goals,Over 1.5,1.2,,,WON,
2026-02-08T13:00:00+00:00,Super Liga,IMT Novi Beograd,Napredak,Over/Under Goals,Under 3.5,1.33,,,WON,
2026-02-08T13:00:00+00:00,Superligaen,FC Nordsjaelland,Sonderjyske,Over/Under Goals,Over 1.5,1.17,,,WON,
2026-02-08T13:00:00+00:00,Superligaen,Silkeborg,Viborg,BTTS,Yes,1.48,,,LOST,
2026-02-08T13:00:00+00:00,TFF 1. Lig,Adana Demirspor,BB Bodrumspor,Over/Under Goals,Under 3.5,4.1,,,LOST,
2026-02-08T13:00:00+00:00,TFF 1. Lig,Ümraniyespor,İstanbulspor,Over/Under Goals,Under 3.5,1.48,,,WON,
2026-02-08T13:20:00+00:00,Professional League,Bahla,Smail,Over/Under Goals,Under 2.5,1.5,,,LOST,
2026-02-08T13:20:00+00:00,Professional League,Sohar,Sur,Over/Under Goals,Under 3.5,1.2,,,WON,
2026-02-08T13:30:00+00:00,Derde Divisie - Sunday,UNA,Roosendaal,Double Chance,Home/Draw,1.5,,,WON,
2026-02-08T13:30:00+00:00,Eerste Divisie,Willem II,Waalwijk,Over/Under Goals,Over 1.5,1.18,,,WON,
2026-02-08T13:30:00+00:00,Eredivisie,AZ Alkmaar,Ajax,Over/Under Goals,Over 1.5,1.18,,,WON,
2026-02-08T13:30:00+00:00,Eredivisie,GO Ahead Eagles,Telstar,Over/Under Goals,Over 1.5,1.22,,,WON,
2026-02-08T13:30:00+00:00,I Liga,Ruch Chorzów,Slask Wroclaw,Over/Under Goals,Under 3.5,1.48,,,LOST,
2026-02-08T13:30:00+00:00,Serie C - Girone A,Albinoleffe,Pro Patria,Team Total Goals,Over 0.5,1.17,,,WON,
2026-02-08T13:30:00+00:00,Serie C - Girone A,Lecco,PRO Vercelli,Over/Under Goals,Under 3.5,1.18,,,WON,
2026-02-08T13:30:00+00:00,Serie C - Girone A,Ospitaletto,Renate,Over/Under Goals,Under 3.5,1.15,,,WON,
2026-02-08T13:30:00+00:00,Serie C - Girone A,Triestina,Inter U23,Over/Under Goals,Under 3.5,1.28,,,LOST,
2026-02-08T13:30:00+00:00,Serie C - Girone B,Gubbio,Campobasso FC,Over/Under Goals,Under 2.5,1.41,,,WON,
2026-02-08T13:30:00+00:00,Serie C - Girone B,Sambenedettese,Perugia,Asian Handicap,Home +0,1.67,,,LOST,
2026-02-08T13:30:00+00:00,Serie D - Girone A,Biellese,Città di Varese,Over/Under Goals,Under 3.5,1.22,,,WON,
2026-02-08T13:30:00+00:00,Serie D - Girone A,Chisola,Asti,Over/Under Goals,Under 3.5,1.2,,,WON,
2026-02-08T13:30:00+00:00,Serie D - Girone A,Gozzano,Derthona,Over/Under Goals,Under 3.5,1.21,,,WON,
2026-02-08T13:30:00+00:00,Serie D - Girone A,Vado,Saluzzo,Double Chance,Home/Draw,1.15,,,WON,
2026-02-08T13:30:00+00:00,Serie D - Girone A,Valenzana,Celle Varazze,Double Chance,Home/Draw,1.4,,,WON,
2026-02-08T13:30:00+00:00,Serie D - Girone B,Breno,USD Casatese,Over/Under Goals,Under 3.5,1.28,,,WON,
2026-02-08T13:30:00+00:00,Serie D - Girone B,Brusaporto,Varesina,Over/Under Goals,Under 3.5,1.29,,,WON,
2026-02-08T13:30:00+00:00,Serie D - Girone B,Milan II,Virtus Ciserano Bergamo,Over/Under Goals,Under 3.5,1.25,,,WON,
2026-02-08T13:30:00+00:00,Serie D - Girone B,Oltrepò,Leon Monza e Brianza,Over/Under Goals,Under 2.5,1.57,,,WON,
2026-02-08T13:30:00+00:00,Serie D - Girone B,Real Calepina,Castellanzese,Over/Under Goals,Under 3.5,1.21,,,WON,
2026-02-08T13:30:00+00:00,Serie D - Girone B,Villa Valle,Scanzorosciate,Over/Under Goals,Under 3.5,1.25,,,WON,
2026-02-08T13:30:00+00:00,Serie D - Girone C,Adriese,Conegliano,Over/Under Goals,Under 3.5,1.22,,,LOST,
2026-02-08T13:30:00+00:00,Serie D - Girone C,Bassano Virtus,San Luigi,Over/Under Goals,Under 2.5,1.57,,,WON,
2026-02-08T13:30:00+00:00,Serie D - Girone C,Brian Lignano,Treviso,Over/Under Goals,Under 3.5,1.21,,,LOST,
2026-02-08T13:30:00+00:00,Serie D - Girone C,Calvi Noale,Altavilla,Double Chance,Home/Draw,1.4,,,WON,
2026-02-08T13:30:00+00:00,Serie D - Girone C,Campodarsego,FC Obermais,Team Total Goals,Under 2.5,1.17,,,WON,
2026-02-08T13:30:00+00:00,Serie D - Girone C,Cjarlins Muzane,Legnago Salus,Over/Under Goals,Under 3.5,1.31,,,WON,
2026-02-08T13:30:00+00:00,Serie D - Girone C,Clodiense,Luparense,Over/Under Goals,Under 2.5,1.66,,,WON,
2026-02-08T13:30:00+00:00,Serie D - Girone C,Portogruaro,Mestre,Over/Under Goals,Under 3.5,1.24,,,WON,
2026-02-08T13:30:00+00:00,Serie D - Girone C,Vigasio,Este,Over/Under Goals,Under 2.5,1.77,,,WON,
2026-02-08T13:30:00+00:00,Serie D - Girone D,Correggese,Imolese,Over/Under Goals,Under 3.5,1.2,,,WON,
2026-02-08T13:30:00+00:00,Serie D - Girone D,Lentigione,Desenzano Calvina,Over/Under Goals,Under 3.5,1.15,,,WON,
2026-02-08T13:30:00+00:00,Serie D - Girone D,Piacenza,Sangiuliano City,Over/Under Goals,Under 3.5,1.21,,,LOST,
2026-02-08T13:30:00+00:00,Serie D - Girone D,Pro Palazzolo,Pistoiese,Over/Under Goals,Under 2.5,1.57,,,WON,
2026-02-08T13:30:00+00:00,Serie D - Girone D,Pro Sesto,Sasso Marconi Zola,1X2 / Match Winner,Home,1.62,,,LOST,
2026-02-08T13:30:00+00:00,Serie D - Girone D,Progresso,Cittadella Vis Modena,Over/Under Goals,Under 2.5,1.53,,,WON,
2026-02-08T13:30:00+00:00,Serie D - Girone D,Sant'Angelo,Coriano,Over/Under Goals,Under 3.5,1.23,,,LOST,
2026-02-08T13:30:00+00:00,Serie D - Girone D,Trevigliese,Crema,Over/Under Goals,Under 3.5,1.26,,,WON,
2026-02-08T13:30:00+00:00,Serie D - Girone D,Tuttocuoio,Rovato Vertovese,Over/Under Goals,Under 3.5,1.24,,,WON,
2026-02-08T13:30:00+00:00,Serie D - Girone E,Foligno Calcio,Orvietana Calcio,Double Chance,Home/Draw,1.21,,,WON,
2026-02-08T13:30:00+00:00,Serie D - Girone E,Ghivizzano Borgo Mozzano,Scandicci,Over/Under Goals,Under 3.5,1.25,,,WON,
2026-02-08T13:30:00+00:00,Serie D - Girone E,Grosseto,Sporting Trestina,Over/Under Goals,Under 3.5,1.36,,,WON,
2026-02-08T13:30:00+00:00,Serie D - Girone E,Montevarchi Calcio,Cannara,Over/Under Goals,Under 3.5,1.3,,,WON,
2026-02-08T13:30:00+00:00,Serie D - Girone E,Prato,Poggibonsi,Over/Under Goals,Under 3.5,1.28,,,WON,
2026-02-08T13:30:00+00:00,Serie D - Girone E,Robur Siena,Gavorrano,Over/Under Goals,Under 3.5,1.21,,,WON,
2026-02-08T13:30:00+00:00,Serie D - Girone E,San Donato Tavarnelle,Tau Altopascio,Over/Under Goals,Under 3.5,1.23,,,LOST,
2026-02-08T13:30:00+00:00,Serie D - Girone E,Sansepolcro,Terranuova Traiana,Over/Under Goals,Under 2.5,1.38,,,WON,
2026-02-08T13:30:00+00:00,Serie D - Girone F,Castelfidardo Calcio,Termoli Calcio,Over/Under Goals,Under 3.5,1.19,,,WON,
2026-02-08T13:30:00+00:00,Serie D - Girone F,Chieti,Notaresco,Over/Under Goals,Under 3.5,1.19,,,WON,
2026-02-08T13:30:00+00:00,Serie D - Girone F,Real Giulianova,Sammaurese,Asian Handicap,Home +0.25,1.16,,,WON,
2026-02-08T13:30:00+00:00,Serie D - Girone F,Recanatese,Ancona,Over/Under Goals,Under 2.5,1.7,,,LOST,
2026-02-08T13:30:00+00:00,Serie D - Girone F,Sora,Ostia Mare,Double Chance,Draw/Away,1.22,,,WON,
2026-02-08T13:30:00+00:00,Serie D - Girone F,Unipomezia,L'Aquila,Over/Under Goals,Under 3.5,1.3,,,LOST,
2026-02-08T13:30:00+00:00,Serie D - Girone G,Atletico Lodigiani,Flaminia,Over/Under Goals,Under 3.5,1.29,,,WON,
2026-02-08T13:30:00+00:00,Serie D - Girone G,Budoni,Anzio,Over/Under Goals,Under 3.5,1.21,,,WON,
2026-02-08T13:30:00+00:00,Serie D - Girone G,Cassino,Trastevere,Double Chance,Home/Draw,1.65,,,LOST,
2026-02-08T13:30:00+00:00,Serie D - Girone G,Latte Dolce,Olbia,Over/Under Goals,Under 3.5,1.26,,,WON,
2026-02-08T13:30:00+00:00,Serie D - Girone G,Montespaccato,Albalonga,Double Chance,Home/Draw,1.44,,,WON,
2026-02-08T13:30:00+00:00,Serie D - Girone G,Real Monterotondo,Scafatese,Over/Under Goals,Under 3.5,1.36,,,WON,
2026-02-08T13:30:00+00:00,Serie D - Girone G,Valmontone,Ischia,Over/Under Goals,Under 3.5,1.34,,,WON,
2026-02-08T13:30:00+00:00,Serie D - Girone H,Francavilla,Martina Franca,Double Chance,Home/Draw,1.55,,,LOST,
2026-02-08T13:30:00+00:00,Serie D - Girone H,Pompei,Barletta,Over/Under Goals,Under 2.5,1.44,,,WON,
2026-02-08T13:30:00+00:00,Serie D - Girone I,Gelbison,CastrumFavara,Over/Under Goals,Under 3.5,1.28,,,WON,
2026-02-08T13:30:00+00:00,Serie D - Girone I,Ragusa,Reggina,Over/Under Goals,Under 2.5,1.6,,,WON,
2026-02-08T13:30:00+00:00,Serie D - Girone I,Vibonese,Nissa,Over/Under Goals,Under 3.5,1.18,,,WON,
2026-02-08T13:30:00+00:00,Serie D - Girone I,Vigor Lamezia,Paternò,1X2 / Match Winner,Home,1.57,,,WON,
2026-02-08T13:30:00+00:00,Tipp3 Bundesliga,SCR Altach,FC BW Linz,Over/Under Goals,Over 1.5,1.45,,,LOST,
2026-02-08T13:45:00+00:00,Ekstraklasa,Raków Częstochowa,Radomiak Radom,Over/Under Goals,Under 3.5,1.3,,,WON,
2026-02-08T14:00:00+00:00,1. Division,Apoel Nicosia,AEK Larnaca,Over/Under Goals,Under 3.5,1.22,,,WON,
2026-02-08T14:00:00+00:00,1. SNL,Olimpija Ljubljana,Celje,Over/Under Goals,Under 3.5,1.42,,,LOST,
2026-02-08T14:00:00+00:00,3. Lig - Group 4,Altay,Bornova 1877,Over/Under Goals,Under 3.5,1.31,,,WON,
2026-02-08T14:00:00+00:00,Botola 2,Chabab Mohammédia,Raja Beni Mellal,Over/Under Goals,Under 2.5,1.4,,,WON,
2026-02-08T14:00:00+00:00,Campionato Primavera - 1,Juventus U20,Hellas Verona U20,Over/Under Goals,Under 3.5,1.5,,,LOST,
2026-02-08T14:00:00+00:00,FA Cup,Rangers,Queen's Park,Over/Under Goals,Under 3.5,2.35,,,LOST,
2026-02-08T14:00:00+00:00,Ligue 1,MB Rouisset,CS Constantine,Asian Handicap,Home +0.25,1.52,,,LOST,
2026-02-08T14:00:00+00:00,Ligue 1,Nice,Monaco,Asian Handicap,Home +0.5,1.7,,,WON,
2026-02-08T14:00:00+00:00,NB I,Puskas Academy,Zalaegerszegi TE,Over/Under Goals,Under 3.5,1.36,,,WON,
2026-02-08T14:00:00+00:00,NB II,Szeged 2011,Bekescsaba 1912,Over/Under Goals,Under 3.5,1.28,,,WON,
2026-02-08T14:00:00+00:00,NB II,Vasas,Kecskeméti TE,Double Chance,Draw/Away,1.7,,,LOST,
2026-02-08T14:00:00+00:00,Premier Division,Bohemians,St Patrick's Athl.,Asian Handicap,Home +0.25,1.55,,,WON,
2026-02-08T14:00:00+00:00,Premier League,Brighton,Crystal Palace,Over/Under Goals,Under 3.5,1.38,,,WON,
2026-02-08T14:00:00+00:00,Prva HNL,NK Varazdin,NK Osijek,Over/Under Goals,Under 3.5,1.22,,,WON,
2026-02-08T14:00:00+00:00,Serie A Women,Napoli W,Ternana W,Over/Under Goals,Under 3.5,1.36,,,LOST,
2026-02-08T14:00:00+00:00,Serie A,Lecce,Udinese,Over/Under Goals,Under 2.5,1.45,,,LOST,
2026-02-08T14:00:00+00:00,Serie B,Monza,Avellino,Over/Under Goals,Over 1.5,1.33,,,WON,
2026-02-08T14:00:00+00:00,Serie D - Girone A,Club Milano,Sestri Levante,Over/Under Goals,Under 3.5,1.22,,,WON,
2026-02-08T14:00:00+00:00,Serie D - Girone A,Lavagnese,Sanremese,Over/Under Goals,Under 2.5,1.57,,,LOST,
2026-02-08T14:00:00+00:00,Serie D - Girone A,Ligorna,Imperia,1X2 / Match Winner,Home,1.47,,,LOST,
2026-02-08T14:00:00+00:00,Serie D - Girone F,Maceratese,Teramo,Over/Under Goals,Under 3.5,1.36,,,WON,
2026-02-08T14:00:00+00:00,Serie D - Girone F,Vigor Senigallia,Fossombrone,Over/Under Goals,Under 2.5,1.5,,,WON,
2026-02-08T14:00:00+00:00,Serie D - Girone H,Heraclea,Nola 1925,Over/Under Goals,Under 3.5,1.25,,,WON,
2026-02-08T14:00:00+00:00,Serie D - Girone H,Manfredonia,Afragolese,Over/Under Goals,Under 2.5,1.65,,,WON,
2026-02-08T14:00:00+00:00,Serie D - Girone H,Sarnese,Ferrandina,Over/Under Goals,Under 3.5,1.22,,,WON,
2026-02-08T14:00:00+00:00,Serie D - Girone H,Virtus Francavilla,Paganese,Over/Under Goals,Under 3.5,1.16,,,WON,
2026-02-08T14:00:00+00:00,Serie D - Girone I,AC Palermo,Milazzo,1X2 / Match Winner,Home,1.36,,,WON,
2026-02-08T14:00:00+00:00,Serie D - Girone I,Messina,Enna,Double Chance,Home/Draw,1.18,,,LOST,
2026-02-08T14:00:00+00:00,Serie D - Girone I,Sancataldese,Acireale,Over/Under Goals,Under 3.5,1.31,,,WON,
2026-02-08T14:00:00+00:00,Super League 1,Panserraikos,AEK Athens FC,Over/Under Goals,Under 3.5,1.5,,,LOST,
2026-02-08T14:00:00+00:00,Super Lig,Konyaspor,Göztepe,Over/Under Goals,Over 1.5,1.4,,,LOST,
2026-02-08T14:00:00+00:00,Super Lig,Rizespor,Galatasaray,Over/Under Goals,Over 1.5,1.2,,,WON,
2026-02-08T14:00:00+00:00,Super Liga,FK Spartak Zdrepceva KRV,Železničar Pančevo,1X2 / Match Winner,Draw,3.4,,,LOST,
2026-02-08T14:00:00+00:00,Women's Championship,Crystal Palace W,Bristol City W,Double Chance,Draw/Away,1.57,,,LOST,
2026-02-08T14:00:00+00:00,Women's Championship,Nottingham Forest W,Charlton Athletic W,Double Chance,Draw/Away,1.3,,,WON,
2026-02-08T14:00:00+00:00,Women's Championship,Portsmouth W,Ipswich Town W,Over/Under Goals,Under 3.5,1.36,,,WON,
2026-02-08T14:00:00+00:00,Women's Championship,Southampton W,Newcastle United W,Over/Under Goals,Under 3.5,1.27,,,WON,
2026-02-08T14:15:00+00:00,Friendlies Clubs,FK Zalgiris Vilnius,Hegelmann Litauen,Double Chance,Home/Draw,1.5,,,WON,
2026-02-08T14:15:00+00:00,Segunda División RFEF - Group 4,Melilla,Puente Genil,Over/Under Goals,Under 3.5,1.15,,,WON,
2026-02-08T14:25:00+00:00,FA WSL,Tottenham Hotspur W,Chelsea W,Over/Under Goals,Under 3.5,1.42,,,WON,
2026-02-08T14:30:00+00:00,Bundesliga 1,1. FC Köln,RB Leipzig,Over/Under Goals,Under 3.5,1.67,,,WON,
2026-02-08T14:30:00+00:00,Czech Liga,Bohemians 1905,Pardubice,Over/Under Goals,Under 3.5,1.25,,,WON,
2026-02-08T14:30:00+00:00,Czech Liga,Zlin,Sparta Praha,Over/Under Goals,Under 3.5,1.3,,,WON,
2026-02-08T14:30:00+00:00,Elite One,Panthère,Gazelle,Over/Under Goals,Under 2.5,1.44,,,WON,
2026-02-08T14:30:00+00:00,Premyer Liqa,Sumqayıt,Zira,Over/Under Goals,Under 3.5,1.18,,,LOST,
2026-02-08T14:30:00+00:00,Serie D - Girone H,Fidelis Andria,Real Normanna,BTTS,No,1.45,,,WON,
2026-02-08T14:30:00+00:00,Serie D - Girone I,Savoia,Sambiase,Over/Under Goals,Under 3.5,1.26,,,WON,
2026-02-08T14:30:00+00:00,Super Liga,Vojvodina,Mladost Lucani,Over/Under Goals,Under 3.5,1.3,,,LOST,
2026-02-08T14:30:00+00:00,Super Liga,Žilina,Komárno,Over/Under Goals,Under 3.5,1.57,,,WON,
2026-02-08T14:45:00+00:00,First League,Botev Plovdiv,Beroe,1X2 / Match Winner,Home,1.53,,,LOST,
2026-02-08T14:45:00+00:00,Serie A Women,Inter Milano W,Fiorentina W,Asian Handicap,Home +0,1.48,,,WON,
2026-02-08T14:50:00+00:00,Professional League,Al Nasr,Saham,Over/Under Goals,Under 3.5,1.18,,,WON,
2026-02-08T15:00:00+00:00,1a Divisió,Ordino,Inter Club d'Escaldes,Over/Under Goals,Under 3.5,1.74,,,WON,
2026-02-08T15:00:00+00:00,Botola Pro,CR Khemis Zemamra,Ittihad Tanger,Over/Under Goals,Under 3.5,1.17,,,WON,
2026-02-08T15:00:00+00:00,Campeonato de Portugal Prio - Group A,Machico,Chaves II,Over/Under Goals,Under 3.5,1.23,,,WON,
2026-02-08T15:00:00+00:00,Campeonato de Portugal Prio - Group B,Alpendorada,Leça,Over/Under Goals,Under 3.5,1.22,,,WON,
2026-02-08T15:00:00+00:00,Challenger Pro League,Francs Borains,RWDM,Over/Under Goals,Under 3.5,1.33,,,WON,
2026-02-08T15:00:00+00:00,Challenger Pro League,SK Beveren,Lommel United,Double Chance,Home/Draw,1.15,,,WON,
2026-02-08T15:00:00+00:00,Elite One,Stade Renard,Cotonsport,Over/Under Goals,Under 2.5,1.4,,,LOST,
2026-02-08T15:00:00+00:00,Frauen Bundesliga,Union Berlin W,Carl Zeiss Jena  W,Over/Under Goals,Over 1.5,1.15,,,WON,
2026-02-08T15:00:00+00:00,Jupiler Pro League,Union St. Gilloise,RAAL La Louvière,Over/Under Goals,Under 3.5,1.3,,,WON,
2026-02-08T15:00:00+00:00,Júniores U19,Moreirense U19,Vizela U19,Over/Under Goals,Under 3.5,1.48,,,WON,
2026-02-08T15:00:00+00:00,Liga I,FC Botosani,Metaloglobus,Over/Under Goals,Under 3.5,1.35,,,WON,
2026-02-08T15:00:00+00:00,Ligue 1,ASO Chlef,JS Saoura,Over/Under Goals,Under 2.5,1.4,,,WON,
2026-02-08T15:00:00+00:00,National Division,F91 Dudelange,UN Kaerjeng 97,1X2 / Match Winner,Home,1.4,,,WON,
2026-02-08T15:00:00+00:00,National Division,FC Differdange 03,Mamer,Over/Under Goals,Under 3.5,1.85,,,LOST,
2026-02-08T15:00:00+00:00,National Division,UNA Strassen,Swift Hesperange,Over/Under Goals,Under 3.5,1.48,,,WON,
2026-02-08T15:00:00+00:00,National Division,Victoria Rosport,Union Titus Petange,Double Chance,Home/Draw,1.42,,,LOST,
2026-02-08T15:00:00+00:00,Primera Division,Huachipato,Universidad de Chile,Over/Under Goals,Under 3.5,1.33,,,WON,
2026-02-08T15:00:00+00:00,Primera División Femenina,Real Madrid W,Espanyol W,Over/Under Goals,Under 3.5,1.73,,,WON,
2026-02-08T15:00:00+00:00,Primera División Femenina,Real Sociedad W,FC Levante Badalona,Over/Under Goals,Under 3.5,1.25,,,WON,
2026-02-08T15:00:00+00:00,Second Division,Al Kharaitiyat,Al Mesaimeer,Double Chance,Draw/Away,1.67,,,LOST,
2026-02-08T15:00:00+00:00,Second Division,Al Waab,Muaither SC,Double Chance,Home/Draw,1.5,,,LOST,
2026-02-08T15:00:00+00:00,Second Division,Al-Khor,Lusail City,Double Chance,Draw/Away,1.57,,,WON,
2026-02-08T15:00:00+00:00,Second Division,Al-Markhiya,Al Bidda SC,Over/Under Goals,Under 3.5,1.4,,,LOST,
2026-02-08T15:00:00+00:00,Segunda División RFEF - Group 1,Lealtad,Langreo,Over/Under Goals,Under 2.5,1.5,,,WON,
2026-02-08T15:00:00+00:00,Super League 1,OFI,Levadiakos,Team Total Goals,Over 0.5,1.25,,,WON,
2026-02-08T15:00:00+00:00,Superligaen,FC Midtjylland,FC Copenhagen,Asian Handicap,Home +0,1.55,,,WON,
2026-02-08T15:00:00+00:00,Tercera División RFEF - Group 1,Celta de Vigo III,Coruña,Over/Under Goals,Under 3.5,1.18,,,WON,
2026-02-08T15:00:00+00:00,Tercera División RFEF - Group 4,San Ignacio,Deusto,Double Chance,Home/Draw,1.18,,,WON,
2026-02-08T15:15:00+00:00,La Liga,Athletic Club,Levante,Asian Handicap,Away -1.25,1.52,,,LOST,
2026-02-08T15:15:00+00:00,La Liga,Sevilla,Girona,Over/Under Goals,Under 3.5,1.3,,,WON,
2026-02-08T15:15:00+00:00,Segunda Division,Cadiz,Almeria,Over/Under Goals,Under 3.5,1.38,,,WON,
2026-02-08T15:15:00+00:00,Segunda Division,Deportivo La Coruna,Albacete,Over/Under Goals,Under 3.5,1.33,,,WON,
2026-02-08T15:15:00+00:00,Tercera División RFEF - Group 3,Selaya,Gimnástica Torrelavega,Over/Under Goals,Under 3.5,1.35,,,LOST,
2026-02-08T15:15:00+00:00,Tercera División RFEF - Group 6,Castellonense,Roda,Over/Under Goals,Under 3.5,1.23,,,WON,
2026-02-08T15:30:00+00:00,3. Liga,Alemannia Aachen,Rot-Weiß Essen,1X2 / Match Winner,Draw,3.59,,,WON,
2026-02-08T15:30:00+00:00,Challenge League,Melita,Balzan FC,Asian Handicap,Home +1.25,1.45,,,WON,
2026-02-08T15:30:00+00:00,Challenge League,Vittoriosa Stars,Marsa,Asian Handicap,Home +0.25,1.52,,,WON,
2026-02-08T15:30:00+00:00,Division 1,Al Arabi SC,Al-Adalah,Over/Under Goals,Under 3.5,1.38,,,WON,
2026-02-08T15:30:00+00:00,League,Al Buqa'a,Al Ramtha,1X2 / Match Winner,Draw,3.8,,,WON,
2026-02-08T15:30:00+00:00,Primeira Liga,Nacional,Casa Pia,Asian Handicap,Home +0,1.53,,,WON,
2026-02-08T15:30:00+00:00,Segunda Liga,Torreense,União de Leiria,Over/Under Goals,Under 3.5,1.2,,,LOST,
2026-02-08T15:30:00+00:00,Super League,FC Basel 1893,FC Zurich,1X2 / Match Winner,Home,1.66,,,WON,
2026-02-08T15:30:00+00:00,Super League,Lausanne,FC ST. Gallen,Over/Under Goals,Under 3.5,1.45,,,WON,
2026-02-08T15:45:00+00:00,Eredivisie,Groningen,PSV Eindhoven,Over/Under Goals,Under 3.5,1.65,,,WON,
2026-02-08T16:00:00+00:00,1. Division,Apollon Limassol,Olympiakos,Over/Under Goals,Under 3.5,1.3,,,LOST,
2026-02-08T16:00:00+00:00,CAF Champions League,Rivers United,Pyramids FC,Double Chance,Draw/Away,1.16,,,WON,
2026-02-08T16:00:00+00:00,CAF Champions League,Stade Malien Bamako,ES Tunis,Over/Under Goals,Under 2.5,1.57,,,WON,
2026-02-08T16:00:00+00:00,CAF Confederation Cup,San-Pédro,USM Alger,Double Chance,Home/Draw,1.53,,,LOST,
2026-02-08T16:00:00+00:00,CAF Confederation Cup,Singida Black Stars,CR Belouizdad,Over/Under Goals,Under 3.5,1.17,,,WON,
2026-02-08T16:00:00+00:00,Elite One,Colombe,Fortuna Mfou,1X2 / Match Winner,Home,1.67,,,LOST,
2026-02-08T16:00:00+00:00,NB II,Soroksar,Karcag SE,Over/Under Goals,Under 3.5,1.35,,,WON,
2026-02-08T16:00:00+00:00,Primera Division,Sporting Cristal,FBC Melgar,Over/Under Goals,Under 3.5,1.3,,,WON,
2026-02-08T16:00:00+00:00,Segunda División RFEF - Group 1,Salamanca UDS,Numancia,Over/Under Goals,Under 2.5,1.44,,,WON,
2026-02-08T16:00:00+00:00,Segunda División RFEF - Group 1,UD Ourense,Coruxo,1X2 / Match Winner,Draw,3.0,,,WON,
2026-02-08T16:00:00+00:00,Segunda División RFEF - Group 2,Alfaro,Beasain,Over/Under Goals,Under 3.5,1.15,,,LOST,
2026-02-08T16:00:00+00:00,Segunda División RFEF - Group 2,Tudelano,UD Logroñés,Asian Handicap,Home +0.25,1.46,,,WON,
2026-02-08T16:00:00+00:00,Segunda División RFEF - Group 4,Lorca Deportiva,Ucam Murcia,Double Chance,Home/Draw,1.5,,,WON,
2026-02-08T16:00:00+00:00,Segunda División RFEF - Group 4,Yeclano,Deportiva Minera,Over/Under Goals,Under 2.5,1.44,,,WON,
2026-02-08T16:00:00+00:00,Segunda División RFEF - Group 5,Orihuela,Socuéllamos,Over/Under Goals,Under 3.5,1.26,,,WON,
2026-02-08T16:00:00+00:00,Segunda División RFEF - Group 5,Real Madrid III,Rayo Majadahonda,Over/Under Goals,Under 3.5,1.16,,,WON,
2026-02-08T16:00:00+00:00,Serie D - Girone E,Seravezza,Camaiore,Over/Under Goals,Under 3.5,1.23,,,LOST,
2026-02-08T16:00:00+00:00,TFF 1. Lig,Manisa BBSK,Boluspor,Over/Under Goals,Under 3.5,1.41,,,LOST,
2026-02-08T16:00:00+00:00,Tercera División RFEF - Group 15,Bidezarra,Peña Sport,Over/Under Goals,Under 3.5,1.24,,,LOST,
2026-02-08T16:00:00+00:00,Tercera División RFEF - Group 3,Atlético Albericia,Guarnizo,Double Chance,Home/Draw,1.15,,,LOST,
2026-02-08T16:00:00+00:00,Tercera División RFEF - Group 3,Barquereño,Escobedo,Over/Under Goals,Under 3.5,1.29,,,WON,
2026-02-08T16:00:00+00:00,Tercera División RFEF - Group 3,Castro,Cayón,Double Chance,Home/Draw,1.53,,,WON,
2026-02-08T16:00:00+00:00,Tercera División RFEF - Group 3,Colindres,Revilla,Over/Under Goals,Under 3.5,1.16,,,WON,
2026-02-08T16:00:00+00:00,Tipp3 Bundesliga,Sturm Graz,Ried,Team Total Goals,Over 0.5,1.4,,,LOST,
2026-02-08T16:15:00+00:00,Ligue 1,Angers,Toulouse,Over/Under Goals,Under 3.5,1.2,,,WON,
2026-02-08T16:15:00+00:00,Ligue 1,Auxerre,Paris FC,Over/Under Goals,Under 3.5,1.22,,,WON,
2026-02-08T16:15:00+00:00,Ligue 1,Le Havre,Strasbourg,Over/Under Goals,Under 3.5,1.3,,,WON,
2026-02-08T16:15:00+00:00,NB I,Nyiregyhaza,MTK Budapest,Team Total Goals,Over 0.5,1.18,,,WON,
2026-02-08T16:30:00+00:00,Bundesliga 1,Bayern München,1899 Hoffenheim,Team Total Goals,Over 0.5,1.44,,,WON,
2026-02-08T16:30:00+00:00,Ekstraklasa,GKS Katowice,Widzew Łódź,Over/Under Goals,Under 3.5,1.36,,,WON,
2026-02-08T16:30:00+00:00,I Liga,Puszcza Niepołomice,Górnik Łęczna,Over/Under Goals,Under 3.5,1.33,,,WON,
2026-02-08T16:30:00+00:00,Ligue 1,Teungueth,DSC,BTTS,No,1.39,,,WON,
2026-02-08T16:30:00+00:00,Premier League,Liverpool,Manchester City,Over/Under Goals,Over 1.5,1.18,,,WON,
2026-02-08T16:30:00+00:00,Serie C - Girone A,Vicenza Virtus,Dolomiti Bellunesi,Over/Under Goals,Under 3.5,1.35,,,WON,
2026-02-08T16:30:00+00:00,Serie C - Girone B,Arezzo,Pianese,Over/Under Goals,Under 3.5,1.25,,,WON,
2026-02-08T16:30:00+00:00,Serie C - Girone B,Livorno,Bra,Over/Under Goals,Under 3.5,1.22,,,WON,
2026-02-08T16:30:00+00:00,Serie C - Girone B,Pineto,Ascoli,Double Chance,Home/Draw,1.53,,,LOST,
2026-02-08T16:45:00+00:00,Prva HNL,HNK Rijeka,Dinamo Zagreb,Team Total Goals,Over 0.5,1.28,,,LOST,
2026-02-08T17:00:00+00:00,1. Division,Pafos,Omonia Nicosia,Double Chance,Draw/Away,1.44,,,WON,
2026-02-08T17:00:00+00:00,1. SNL,Maribor,Koper,BTTS,Yes,1.6,,,LOST,
2026-02-08T17:00:00+00:00,Botola Pro,CODM Meknès,Raja Casablanca,Over/Under Goals,Under 2.5,1.44,,,WON,
2026-02-08T17:00:00+00:00,Liga Premier Serie B,Caja Oblatos CFD,Huracanes Izcalli,Over/Under Goals,Under 3.5,1.4,,,WON,
2026-02-08T17:00:00+00:00,Ligue 1,ES Setif,El Bayadh,Over/Under Goals,Over 1.5,1.62,,,LOST,
2026-02-08T17:00:00+00:00,Primera División Femenina,Edf Logrono W,Barcelona W,Over/Under Goals,Under 3.5,3.55,,,WON,
2026-02-08T17:00:00+00:00,Primera División,CS Cartagines,Perez Zeledon,Over/Under Goals,Under 3.5,1.25,,,WON,
2026-02-08T17:00:00+00:00,Segunda División RFEF - Group 3,Barcelona B,Barbastro,Over/Under Goals,Under 3.5,1.47,,,WON,
2026-02-08T17:00:00+00:00,Segunda División RFEF - Group 3,Sant Andreu,Girona II,Over/Under Goals,Under 3.5,1.25,,,WON,
2026-02-08T17:00:00+00:00,Serie A,Sassuolo,Inter,Asian Handicap,Away -0.25,1.15,,,WON,
2026-02-08T17:00:00+00:00,Serie D - Girone G,Nocerina,USD Palmese,Over/Under Goals,Under 3.5,1.29,,,WON,
2026-02-08T17:00:00+00:00,Super League 1,Aris Thessalonikis,PAOK,Team Total Goals,Over 0.5,1.22,,,LOST,
2026-02-08T17:00:00+00:00,Super Lig,Beşiktaş,Alanyaspor,1X2 / Match Winner,Home,1.64,,,LOST,
2026-02-08T17:00:00+00:00,Super Liga,Zemplín Michalovce,Spartak Trnava,Team Total Goals,Over 0.5,1.15,,,WON,
2026-02-08T17:00:00+00:00,Superligaen,Brondby,Randers FC,Over/Under Goals,Over 1.5,1.25,,,LOST,
2026-02-08T17:15:00+00:00,Primera División RFEF - Group 1,Mérida AD,Zamora,Over/Under Goals,Under 3.5,1.18,,,WON,
2026-02-08T17:15:00+00:00,Primera División RFEF - Group 2,Gimnastic,Villarreal II,Over/Under Goals,Under 3.5,1.2,,,WON,
2026-02-08T17:30:00+00:00,Czech Liga,Plzen,Slovan Liberec,Over/Under Goals,Under 3.5,1.33,,,LOST,
2026-02-08T17:30:00+00:00,Jupiler Pro League,Club Brugge KV,Standard Liege,Over/Under Goals,Over 1.5,1.18,,,WON,
2026-02-08T17:30:00+00:00,La Liga,Atletico Madrid,Real Betis,Over/Under Goals,Under 3.5,1.42,,,WON,
2026-02-08T17:30:00+00:00,Segunda Division,Sporting Gijon,Huesca,Over/Under Goals,Under 3.5,1.2,,,WON,
2026-02-08T18:00:00+00:00,1a Divisió,Carroi,Ranger's,Over/Under Goals,Under 3.5,1.79,,,WON,
2026-02-08T18:00:00+00:00,Liga I,Oţelul,FCSB,Over/Under Goals,Under 3.5,1.22,,,LOST,
2026-02-08T18:00:00+00:00,Liga de Expansión MX,Tlaxcala,Leones Negros UDG,Over/Under Goals,Under 3.5,1.38,,,LOST,
2026-02-08T18:00:00+00:00,Primeira Liga,SC Braga,Rio Ave,Result + Total Goals,Home/Over 1.5,1.4,,,WON,
2026-02-08T18:15:00+00:00,Jupiler Pro League,KV Mechelen,Antwerp,Over/Under Goals,Under 3.5,1.33,,,WON,
2026-02-08T18:15:00+00:00,Primera Division,Cultural Santa Rosa,Alianza Atletico,Over/Under Goals,Under 3.5,1.25,,,WON,
2026-02-08T18:30:00+00:00,3. Liga,MSV Duisburg,Verl,Over/Under Goals,Under 3.5,1.5,,,LOST,
2026-02-08T19:00:00+00:00,CAF Confederation Cup,Olympique Safi,Djoliba,1X2 / Match Winner,Home,1.4,,,WON,
2026-02-08T19:00:00+00:00,Paulista - A1,Noroeste,Santos,Over/Under Goals,Under 3.5,1.22,,,WON,
2026-02-08T19:00:00+00:00,Super League 1,Olympiakos Piraeus,Panathinaikos,Over/Under Goals,Under 3.5,1.33,,,WON,
2026-02-08T19:30:00+00:00,Primera División RFEF - Group 1,Ponferradina,Celta de Vigo II,Over/Under Goals,Under 3.5,1.2,,,WON,
2026-02-08T19:30:00+00:00,Primera División,Trujillanos FC,Carabobo FC,Over/Under Goals,Under 2.5,1.53,,,WON,
2026-02-08T19:30:00+00:00,Serie C - Girone B,Vis Pesaro,Forli,Over/Under Goals,Under 2.5,1.67,,,WON,
2026-02-08T19:45:00+00:00,Ligue 1,Paris Saint Germain,Marseille,Over/Under Goals,Under 3.5,1.73,,,LOST,
2026-02-08T19:45:00+00:00,Serie A,Juventus,Lazio,Over/Under Goals,Under 3.5,1.25,,,LOST,
2026-02-08T20:00:00+00:00,La Liga,Valencia,Real Madrid,Over/Under Goals,Under 3.5,1.55,,,WON,
2026-02-08T20:00:00+00:00,Paraense,Paysandu,remo,Over/Under Goals,Under 3.5,1.18,,,WON,
2026-02-08T20:00:00+00:00,Primera Division,Platense,Independiente,Asian Handicap,Home +0.5,1.6,,,LOST,
2026-02-08T20:00:00+00:00,Primera Division,Sarmiento Junin,Atletico Tucuman,Over/Under Goals,Under 3.5,1.17,,,WON,
2026-02-08T20:00:00+00:00,Primera División - Apertura,Racing Montevideo,Deportivo Maldonado,Over/Under Goals,Under 3.5,1.17,,,LOST,
2026-02-08T20:00:00+00:00,Segunda Division,Malaga,Cultural Leonesa,Over/Under Goals,Over 1.5,1.36,,,WON,
2026-02-08T20:30:00+00:00,Primeira Liga,Benfica,Alverca,Over/Under Goals,Under 3.5,1.48,,,WON,
2026-02-08T20:30:00+00:00,Primera Division,Cienciano,Juan Pablo II College,Over/Under Goals,Under 3.5,1.44,,,LOST,
2026-02-08T21:00:00+00:00,Carioca - 1,Vasco DA Gama,Botafogo,Over/Under Goals,Under 3.5,1.17,,,WON,
2026-02-08T21:00:00+00:00,Cearense - 1,Ceara,Fortaleza EC,Over/Under Goals,Under 3.5,1.2,,,WON,
2026-02-08T21:00:00+00:00,Copa Chile,Union Espanola,Recoleta,Over/Under Goals,Over 1.5,1.27,,,WON,
2026-02-08T21:00:00+00:00,Gaúcho - 1,Internacional,São Luiz,Over/Under Goals,Under 3.5,1.48,,,LOST,
2026-02-08T21:00:00+00:00,Liga Nacional,CD Marathon,Real Espana,Over/Under Goals,Under 3.5,1.25,,,WON,
2026-02-08T21:00:00+00:00,Liga Nacional,Cobán Imperial,Mictlán,1X2 / Match Winner,Home,1.53,,,WON,
2026-02-08T21:00:00+00:00,Liga Panameña de Fútbol,Union Cocle,Deportivo Universitario,Over/Under Goals,Under 2.5,1.5,,,WON,
2026-02-08T21:00:00+00:00,Mineiro - 1,Cruzeiro,America Mineiro,Over/Under Goals,Under 3.5,1.17,,,WON,
2026-02-08T21:00:00+00:00,Primera Division,Nublense,Deportes Limache,Double Chance,Draw/Away,1.57,,,WON,
2026-02-08T21:00:00+00:00,Primera Division,Águila,Municipal Limeño,Over/Under Goals,Under 3.5,1.28,,,WON,
2026-02-08T21:00:00+00:00,Primera División,Deportivo Saprissa,San Carlos,Over/Under Goals,Under 3.5,1.33,,,WON,
2026-02-08T21:00:00+00:00,Primera División,Metropolitanos FC,Deportivo La Guaira,Over/Under Goals,Under 2.5,1.85,,,LOST,
2026-02-08T21:10:00+00:00,Primera A,Alianza Valledupar,Once Caldas,Over/Under Goals,Under 3.5,1.16,,,WON,
2026-02-08T21:15:00+00:00,Primera Division,Platense,Cacahuatique,Double Chance,Home/Draw,1.42,,,LOST,
2026-02-08T21:30:00+00:00,Division Profesional - Apertura,Libertad Asuncion,Club Guarani,Over/Under Goals,Under 3.5,1.25,,,LOST,
2026-02-08T21:30:00+00:00,Liga Premier Serie A,Real Apodaca,Chilpancingo,Over/Under Goals,Under 3.5,1.48,,,LOST,
2026-02-08T21:30:00+00:00,Paranaense - 1,Azuriz,Operario-PR,Double Chance,Draw/Away,1.5,,,WON,
2026-02-08T21:30:00+00:00,Paranaense - 1,Coritiba,Cianorte,Over/Under Goals,Under 3.5,1.25,,,WON,
2026-02-08T21:30:00+00:00,Paulista - A1,Capivariano,Mirassol,Over/Under Goals,Under 3.5,1.25,,,WON,
2026-02-08T21:30:00+00:00,Paulista - A1,Velo Clube,RB Bragantino,Over/Under Goals,Under 3.5,1.2,,,WON,
2026-02-08T22:00:00+00:00,Catarinense - 1,Chapecoense-sc,Criciuma,Over/Under Goals,Over 1.5,1.44,,,LOST,
2026-02-08T22:00:00+00:00,Copa Chile,Cobreloa,Antofagasta,Over/Under Goals,Under 3.5,1.33,,,WON,
2026-02-08T22:15:00+00:00,Primera Division,Huracan,San Lorenzo,Asian Handicap,Away -0.5,1.5,,,LOST,
2026-02-08T22:30:00+00:00,Primera B,Real Soacha,Leones FC,1X2 / Match Winner,Home,1.62,,,WON,
2026-02-08T23:00:00+00:00,Primera Division,Alianza Lima,Comerciantes Unidos,Over/Under Goals,Under 3.5,1.5,,,WON,
2026-02-08T23:00:00+00:00,Primera Division,FAS,Zacatecoluca,Over/Under Goals,Under 3.5,1.36,,,WON,
2026-02-08T23:15:00+00:00,Liga Panameña de Fútbol,Veraguas,Herrera,Over/Under Goals,Under 3.5,1.28,,,LOST,
2026-02-08T23:20:00+00:00,Primera A,Deportivo Cali,Millonarios,Over/Under Goals,Under 3.5,1.22,,,WON,
2026-02-08T23:30:00+00:00,Carioca - 1,Fluminense,CFRJ / Maricá,Over/Under Goals,Over 1.5,1.25,,,LOST,
2026-02-08T23:30:00+00:00,Division Profesional - Apertura,Nacional Asuncion,Olimpia,Double Chance,Home/Draw,1.53,,,LOST,
2026-02-08T23:30:00+00:00,Paulista - A1,Corinthians,Palmeiras,Over/Under Goals,Under 3.5,1.21,,,WON,
2026-02-08T23:30:00+00:00,Primera Division,U. Catolica,Concepción,Over/Under Goals,Under 3.5,1.36,,,WON,
2026-02-09T01:00:00+00:00,Liga Nacional,Antigua GFC,Mixco,Over/Under Goals,Under 3.5,1.19,,,WON,
2026-02-09T01:00:00+00:00,Primera Division,Jalapa,UNAN Managua,1X2 / Match Winner,Home,1.54,,,LOST,
2026-02-09T01:00:00+00:00,Primera División,Sporting San Jose,Guadalupe FC,Over/Under Goals,Under 2.5,1.85,,,WON,
2026-02-09T01:15:00+00:00,Primera Division,Gimnasia M.,Instituto Cordoba,Over/Under Goals,Under 2.5,1.33,,,WON,
2026-02-09T01:15:00+00:00,Primera Division,Velez Sarsfield,Boca Juniors,Asian Handicap,Home +0.5,1.53,,,WON,
2026-02-09T01:30:00+00:00,Primera A,Jaguares,Deportivo Pereira,Over/Under Goals,Under 3.5,1.25,,,WON,
2026-02-09T09:30:00+00:00,National League,Dagon,I.S.P.E,Asian Handicap,Home +0,1.49,,,WON,
2026-02-09T10:00:00+00:00,3. Lig - Group 2,Karaköprü Belediyespor,Diyarbekirspor,Over/Under Goals,Under 2.5,1.67,,,LOST,
2026-02-09T10:00:00+00:00,3. Lig - Group 3,Sebat Gençlikspor,Giresunspor,Over/Under Goals,Under 3.5,1.59,,,LOST,
2026-02-09T10:30:00+00:00,Premyer Liqa,Mil-Muğan,Kapaz,Over/Under Goals,Under 3.5,1.17,,,WON,
2026-02-09T11:30:00+00:00,Thai League 1,Lamphun Warrior,Kanchanaburi,Over/Under Goals,Under 3.5,1.33,,,WON,
2026-02-09T12:00:00+00:00,2. Lig,Aliağa FAŞ,Somaspor,1X2 / Match Winner,Home,1.15,,,LOST,
2026-02-09T12:00:00+00:00,2. Lig,Arnavutköy Belediyespor,Belediye Derincespor,Over/Under Goals,Under 3.5,1.25,,,WON,
2026-02-09T12:00:00+00:00,2. Lig,Karacabey Belediyespor,Adana 1954 FK,Over/Under Goals,Under 3.5,1.2,,,WON,
2026-02-09T12:00:00+00:00,2. Lig,Tuzlaspor,Buca FK,Over/Under Goals,Over 1.5,1.22,,,WON,
2026-02-09T12:00:00+00:00,3. Lig - Group 1,Silivrispor,Galata,Over/Under Goals,Under 3.5,1.19,,,WON,
2026-02-09T12:00:00+00:00,Friendlies Clubs,Zenit,Dinamo Samarqand,1X2 / Match Winner,Home,1.31,,,WON,
2026-02-09T12:00:00+00:00,Premier League,Fasil Ketema,Hadiya Hosaena,Asian Handicap,Home +0,1.53,,,LOST,
2026-02-09T12:00:00+00:00,Super Liga,OFK Beograd,Cukaricki,Over/Under Goals,Under 3.5,1.4,,,WON,
2026-02-09T12:00:00+00:00,Thai League 2,Bangkok,Kasetsart FC,Over/Under Goals,Under 3.5,1.31,,,WON,
2026-02-09T12:30:00+00:00,Thai League 2,Chainat,Chiangmai United,Team Total Goals,Under 2.5,1.2,,,LOST,
2026-02-09T12:40:00+00:00,Division 1,Al Baten,Al Ula,Over/Under Goals,Under 3.5,1.42,,,WON,
2026-02-09T13:00:00+00:00,Division 1,Al Jabalain,Al Bukayriyah,Asian Handicap,Home +0.5,1.15,,,WON,
2026-02-09T13:05:00+00:00,Division 1,Abha,Al Zulfi,Over/Under Goals,Under 3.5,1.25,,,WON,
2026-02-09T13:05:00+00:00,Division 1,Al Jandal,Al Diriyah,Over/Under Goals,Under 3.5,1.48,,,LOST,
2026-02-09T13:45:00+00:00,AFC Champions League,Al Wahda FC,Al-Ahli Jeddah,Team Total Goals,Under 2.5,1.16,,,WON,
2026-02-09T13:45:00+00:00,AFC Champions League,Nasaf,Al Shorta,Asian Handicap,Home +0.25,1.6,,,WON,
2026-02-09T14:00:00+00:00,Friendlies Clubs,Krylia Sovetov,KAMAZ,Over/Under Goals,Under 3.5,1.68,,,WON,
2026-02-09T14:00:00+00:00,Super Lig,Kayserispor,Kocaelispor,Over/Under Goals,Under 3.5,1.22,,,WON,
2026-02-09T14:30:00+00:00,Elite One,Jeunes Fauves,PWD Bamenda,Double Chance,Home/Draw,1.44,,,LOST,
2026-02-09T14:30:00+00:00,Premyer Liqa,Turan,Karvan,Over/Under Goals,Under 3.5,1.5,,,WON,
2026-02-09T15:05:00+00:00,Division 1,Al Jubail,Al Orubah,Team Total Goals,Over 0.5,1.5,,,WON,
2026-02-09T16:00:00+00:00,AFC Champions League,Al-Duhail SC,Sharjah FC,Team Total Goals,Over 0.5,1.17,,,WON,
2026-02-09T16:00:00+00:00,AFC Champions League,Shabab Al Ahli Dubai,Al-Hilal Saudi FC,BTTS,Yes,1.48,,,LOST,
2026-02-09T16:30:00+00:00,Ligue 1,HLM,Sonacos,Over/Under Goals,Under 2.5,1.36,,,WON,
2026-02-09T17:00:00+00:00,1. Division,Aris,Anorthosis,Over/Under Goals,Under 3.5,1.44,,,WON,
2026-02-09T17:00:00+00:00,1. Division,Krasava Ypsonas,AEL,Double Chance,Home/Draw,1.62,,,WON,
2026-02-09T17:00:00+00:00,1. Division,Omonia Aradippou,Akritas,Over/Under Goals,Under 2.5,1.8,,,WON,
2026-02-09T17:00:00+00:00,Frauen Bundesliga,FC Koln W,SGS Essen W,Over/Under Goals,Under 3.5,1.35,,,WON,
2026-02-09T17:00:00+00:00,Liga Leumit,Bnei Yehuda,Hapoel Acre,Over/Under Goals,Under 3.5,1.23,,,WON,
2026-02-09T17:00:00+00:00,Liga Leumit,Hapoel Ra'anana,Kafr Qasim,Over/Under Goals,Under 3.5,1.18,,,WON,
2026-02-09T17:00:00+00:00,Liga Leumit,Maccabi Petah Tikva,Maccabi Kabilio Jaffa,Over/Under Goals,Under 3.5,1.61,,,WON,
2026-02-09T17:00:00+00:00,Super Lig,Fenerbahçe,Genclerbirligi,Over/Under Goals,Over 1.5,1.15,,,WON,
2026-02-09T17:00:00+00:00,Super Lig,Gazişehir Gaziantep,Kasımpaşa,Over/Under Goals,Under 3.5,1.33,,,WON,
2026-02-09T17:00:00+00:00,TFF 1. Lig,Sakaryaspor,Erzurum BB,Over/Under Goals,Under 3.5,1.25,,,WON,
2026-02-09T17:30:00+00:00,Serie A,Atalanta,Cremonese,Over/Under Goals,Under 2.5,2.15,,,LOST,
2026-02-09T18:00:00+00:00,Ekstraklasa,Piast Gliwice,Wisla Plock,Over/Under Goals,Under 3.5,1.22,,,WON,
2026-02-09T18:00:00+00:00,Liga I,Dinamo Bucuresti,Universitatea Craiova,Over/Under Goals,Under 3.5,1.22,,,WON,
2026-02-09T18:00:00+00:00,Segunda Liga,Portimonense,Benfica B,Over/Under Goals,Under 3.5,1.38,,,WON,
2026-02-09T18:00:00+00:00,Superligaen,Vejle,FC Fredericia,Over/Under Goals,Under 3.5,1.4,,,LOST,
2026-02-09T18:30:00+00:00,I Liga,Chrobry Głogów,Stal Rzeszów,Over/Under Goals,Under 3.5,1.36,,,WON,
2026-02-09T18:30:00+00:00,Ligat Ha'al,Hapoel Beer Sheva,Beitar Jerusalem,Asian Handicap,Home +0,1.4,,,WON,
2026-02-09T18:45:00+00:00,Primeira Liga,Famalicao,AVS,1X2 / Match Winner,Home,1.45,,,WON,
2026-02-09T19:00:00+00:00,Eerste Divisie,Jong AZ,Dordrecht,Over/Under Goals,Over 1.5,1.17,,,WON,
2026-02-09T19:00:00+00:00,Eerste Divisie,Jong PSV U21,FC OSS,Asian Handicap,Home +0,1.62,,,WON,
2026-02-09T19:00:00+00:00,Premier League 2 Division One,Crystal Palace U21,Middlesbrough U21,Asian Handicap,Home +0,1.44,,,WON,
2026-02-09T19:00:00+00:00,Premier League 2 Division One,Leicester City U21,Norwich City U21,Double Chance,Home/Draw,1.25,,,WON,
2026-02-09T19:00:00+00:00,Primera B,Envigado,Tigres FC,Over/Under Goals,Under 3.5,1.25,,,WON,
2026-02-09T19:30:00+00:00,Segunda Division,Racing Santander,Mirandes,Over/Under Goals,Under 3.5,1.48,,,WON,
2026-02-09T19:45:00+00:00,Ligue 2,Amiens,Clermont Foot,Over/Under Goals,Under 3.5,1.25,,,LOST,
2026-02-09T19:45:00+00:00,Serie A,AS Roma,Cagliari,Over/Under Goals,Under 3.5,1.25,,,WON,
2026-02-09T20:00:00+00:00,La Liga,Villarreal,Espanyol,Team Total Goals,Over 0.5,1.16,,,WON,
2026-02-09T20:00:00+00:00,Primera B,Depor FC,Internacional Palmira,Over/Under Goals,Under 3.5,1.22,,,WON,
2026-02-09T20:00:00+00:00,Primera Division,Barracas Central,Gimnasia L.P.,Asian Handicap,Away -0.5,1.5,,,LOST,
2026-02-09T20:00:00+00:00,Superligaen,Aarhus,Odense,Over/Under Goals,Over 1.5,1.2,,,WON,
2026-02-09T20:01:00+00:00,Championship,Sheffield Utd,Middlesbrough,Over/Under Goals,Under 3.5,1.38,,,WON,
2026-02-09T20:30:00+00:00,Primera Division,FC Cajamarca,Deportivo Garcilaso,Team Total Goals,Under 2.5,1.15,,,WON,
2026-02-09T20:45:00+00:00,Primeira Liga,FC Porto,Sporting CP,Over/Under Goals,Under 3.5,1.25,,,WON,
2026-02-09T21:00:00+00:00,Premier League,Cavalier,Spanish Town Police,Over/Under Goals,Under 3.5,1.7,,,LOST,
2026-02-09T21:00:00+00:00,Primera B,Union Magdalena,Popayan,1X2 / Match Winner,Home,1.67,,,LOST,
2026-02-09T21:05:00+00:00,Primera B,Bogota FC,Real Cartagena,Over/Under Goals,Under 2.5,1.7,,,WON,
2026-02-09T21:45:00+00:00,Liga MX Femenil,Cruz Azul W,América W,Over/Under Goals,Under 3.5,1.5,,,WON,
2026-02-09T22:00:00+00:00,Capixaba,Vilavelhense,Serra Talhada,Over/Under Goals,Under 3.5,1.21,,,WON,
2026-02-09T22:00:00+00:00,Cearense - 1,Quixada,Maranguape,Over/Under Goals,Under 2.5,1.5,,,LOST,
2026-02-09T22:00:00+00:00,Cearense - 1,Tirol/CEFAT,Maracanã,Over/Under Goals,Under 2.5,1.55,,,WON,
2026-02-09T22:00:00+00:00,Gaúcho - 1,Monsoon,Inter Santa Maria,Over/Under Goals,Under 3.5,1.15,,,WON,
2026-02-09T22:15:00+00:00,Primera Division,Estudiantes L.P.,Deportivo Riestra,Over/Under Goals,Under 2.5,1.4,,,WON,
2026-02-09T22:15:00+00:00,Primera Division,Lanus,Talleres Cordoba,Asian Handicap,Home +0,1.42,,,WON,
2026-02-09T22:30:00+00:00,Paraibano,Serra Branca,Nacional de Patos,Over/Under Goals,Under 2.5,1.7,,,LOST,
2026-02-09T23:00:00+00:00,Catarinense - 1,Marcílio Dias,Carlos Renaux,Asian Handicap,Away -1.25,1.47,,,WON,
2026-02-09T23:00:00+00:00,Gaúcho - 1,Avenida,Guarany de Bagé,Over/Under Goals,Under 2.5,1.4,,,LOST,
2026-02-09T23:00:00+00:00,Gaúcho - 1,Juventude,Sao Jose,Over/Under Goals,Under 3.5,1.31,,,LOST,
2026-02-09T23:00:00+00:00,Liga MX Femenil,León W,Necaxa W,Over/Under Goals,Under 3.5,1.67,,,LOST,
2026-02-09T23:00:00+00:00,Primera Division,Union La Calera,Cobresal,Over/Under Goals,Under 3.5,1.28,,,LOST,
2026-02-09T23:00:00+00:00,Primera División - Apertura,Cerro,Danubio,Over/Under Goals,Under 2.5,1.4,,,WON,
2026-02-10T00:00:00+00:00,Liga MX Femenil,Pumas UNAM W,Guadalajara W,Over/Under Goals,Under 3.5,1.5,,,WON,
2026-02-10T00:00:00+00:00,Liga MX Femenil,Tigres UANL W,Juárez W,Over/Under Goals,Over 1.5,1.2,,,LOST,
2026-02-10T00:30:00+00:00,Primera Division,Estudiantes de Rio Cuarto,Independ. Rivadavia,Asian Handicap,Home +0.5,1.55,,,LOST,
2026-02-10T01:00:00+00:00,Liga de Ascenso,Santa Ana,Futbol Consultants Moravia,Over/Under Goals,Under 3.5,1.29,,,WON,
2026-02-10T01:06:00+00:00,Liga MX Femenil,Querétaro W,Mazatlán W,Over/Under Goals,Under 3.5,1.45,,,WON,
2026-02-10T01:15:00+00:00,Primera B,Quindio,Ind. Yumbo,Over/Under Goals,Under 3.5,1.17,,,WON,
2026-02-10T02:00:00+00:00,Liga MX Femenil,Monterrey W,Toluca W,Over/Under Goals,Under 3.5,1.48,,,WON,
2026-02-10T02:05:00+00:00,Liga Premier Serie B,FC Racing,Gorilas de Juanacatlan,Over/Under Goals,Under 2.5,1.7,,,LOST,
2026-02-10T09:00:00+00:00,National League,Yangon United,Thitsar Arman,Over/Under Goals,Under 3.5,2.0,,,WON,
2026-02-10T09:30:00+00:00,National League,Ayeyawady United,Shan United,Over/Under Goals,Under 3.5,1.52,,,LOST,
2026-02-10T10:00:00+00:00,AFC Champions League,Sanfrecce Hiroshima,Johor Darul Takzim FC,Over/Under Goals,Under 3.5,1.33,,,WON,
2026-02-10T10:00:00+00:00,AFC Champions League,Vissel Kobe,FC Seoul,Over/Under Goals,Under 3.5,1.36,,,WON,
2026-02-10T10:30:00+00:00,Premyer Liqa,Keshla FC,Qarabag,Over/Under Goals,Under 3.5,1.35,,,WON,
2026-02-10T11:00:00+00:00,Thai League 2,Sisaket United,Trat FC,1X2 / Match Winner,Home,1.62,,,WON,
2026-02-10T11:30:00+00:00,Thai League 2,Songkhla,Esan Pattaya,Over/Under Goals,Under 3.5,1.21,,,WON,
2026-02-10T12:00:00+00:00,Thai League 2,Chanthaburi,Mahasarakham United,Over/Under Goals,Under 3.5,1.25,,,WON,
2026-02-10T12:00:00+00:00,Thai League 2,Nakhon Si Thammarat,Khon Kaen United,Over/Under Goals,Under 3.5,1.5,,,LOST,
2026-02-10T12:15:00+00:00,AFC Champions League,Chengdu Better City,Buriram United,Over/Under Goals,Under 3.5,1.35,,,WON,
2026-02-10T12:15:00+00:00,AFC Champions League,Shanghai Shenhua,Machida Zelvia,Over/Under Goals,Over 1.5,1.22,,,WON,
2026-02-10T12:30:00+00:00,Cup,Bylis,Vllaznia Shkodër,Over/Under Goals,Under 3.5,1.21,,,WON,
2026-02-10T12:40:00+00:00,Division 1,Al Anwar,Jeddah Club,Over/Under Goals,Over 1.5,1.42,,,WON,
2026-02-10T13:00:00+00:00,First League,Shkendija,Struga,Over/Under Goals,Under 3.5,1.38,,,WON,
2026-02-10T13:00:00+00:00,First League,Shkupi 1927,Tikveš,Over/Under Goals,Over 1.5,1.2,,,WON,
2026-02-10T13:00:00+00:00,Friendlies Clubs,Dynamo,FC Krasnodar,Double Chance,Draw/Away,1.26,,,LOST,
2026-02-10T13:00:00+00:00,Liga Revelação U23,Santa Clara U23,Famalicão U23,Over/Under Goals,Under 3.5,1.29,,,LOST,
2026-02-10T13:00:00+00:00,Professional Development League,Barnsley U21,Fleetwood Town U21,Double Chance,Home/Draw,1.44,,,WON,
2026-02-10T13:00:00+00:00,Professional Development League,Wigan Athletic U21,Coventry City U21,Double Chance,Home/Draw,1.44,,,WON,
2026-02-10T13:45:00+00:00,AFC Cup,Esteghlal FC,Al Hussein,Over/Under Goals,Under 3.5,1.2,,,WON,
2026-02-10T14:00:00+00:00,Professional Development League,Sheffield United U21,Peterborough United U21,Team Total Goals,Under 2.5,1.63,,,WON,
2026-02-10T15:00:00+00:00,AGCFF Gulf Champions League,Sitra,Al Ain,Over/Under Goals,Under 3.5,1.2,,,WON,
2026-02-10T15:00:00+00:00,Premyer Liqa,Neftchi Baku,Qabala,Over/Under Goals,Under 3.5,1.21,,,WON,
2026-02-10T15:30:00+00:00,Cup,Teuta Durrës,Egnatia Rrogozhinë,Double Chance,Home/Draw,1.4,,,LOST,
2026-02-10T15:55:00+00:00,Division 1,Al Wehda Club,Al-Faisaly FC,Over/Under Goals,Under 3.5,1.36,,,LOST,
2026-02-10T16:00:00+00:00,AFC Champions League,Tractor Sazi,Al Sadd,Double Chance,Home/Draw,1.5,,,LOST,
2026-02-10T16:00:00+00:00,AFC Cup,Al Zawra'a,Al-Wasl FC,Over/Under Goals,Under 2.5,1.7,,,LOST,
2026-02-10T16:00:00+00:00,Cup,CSKA Sofia,CSKA 1948,Team Total Goals,Under 2.5,1.15,,,WON,
2026-02-10T16:00:00+00:00,Liga Revelação U23,Leixões U23,Sporting CP U23,1X2 / Match Winner,Draw,3.4,,,WON,
2026-02-10T16:00:00+00:00,Premier League,Nouakchott Academie,Nouadhibou,Over/Under Goals,Under 3.5,1.16,,,WON,
2026-02-10T17:00:00+00:00,Cup,Zrinjski,Stupčanica Olovo,Team Total Goals,Under 2.5,1.47,,,LOST,
2026-02-10T17:00:00+00:00,Serie C - Girone C,Cavese,SS Monopoli,Over/Under Goals,Under 2.5,1.48,,,WON,
2026-02-10T17:00:00+00:00,Serie C - Girone C,Sorrento,Giugliano,Over/Under Goals,Under 3.5,1.22,,,WON,
2026-02-10T17:00:00+00:00,Serie C - Girone C,Team Altamura,Latina,Over/Under Goals,Under 3.5,1.17,,,WON,
2026-02-10T17:00:00+00:00,Serie C - Girone C,Trapani 1905,Benevento,Over/Under Goals,Under 3.5,1.3,,,LOST,
2026-02-10T18:00:00+00:00,Cupa României,CFR 1907 Cluj,Rapid,Asian Handicap,Home +0,1.49,,,WON,
2026-02-10T18:00:00+00:00,Paulista - A4,ECUS,Grêmio Sãocarlense,Asian Handicap,Home +0.25,1.62,,,WON,
2026-02-10T18:00:00+00:00,Serie B,Sampdoria,Palermo,Over/Under Goals,Under 3.5,1.25,,,LOST,
2026-02-10T19:00:00+00:00,EFL Trophy,AFC Wimbledon,Northampton,Over/Under Goals,Under 3.5,1.25,,,WON,
2026-02-10T19:00:00+00:00,EFL Trophy,Port Vale,Stockport County,Over/Under Goals,Under 3.5,1.33,,,LOST,
2026-02-10T19:00:00+00:00,Serie B,Padova,Carrarese,Over/Under Goals,Under 3.5,1.28,,,WON,
2026-02-10T19:00:00+00:00,Serie B,Pescara,Catanzaro,Over/Under Goals,Under 3.5,1.38,,,WON,
2026-02-10T19:00:00+00:00,Serie B,Reggiana,Mantova,Asian Handicap,Home +0.25,1.41,,,WON,
2026-02-10T19:00:00+00:00,Serie B,Venezia,Modena,Over/Under Goals,Under 3.5,1.3,,,WON,
2026-02-10T19:00:00+00:00,Serie B,Virtus Entella,Cesena,Over/Under Goals,Under 3.5,1.22,,,LOST,
2026-02-10T19:30:00+00:00,Premier League,Chelsea,Leeds,Double Chance,Home/Draw,1.15,,,WON,
2026-02-10T19:30:00+00:00,Premier League,Everton,Bournemouth,Over/Under Goals,Under 3.5,1.35,,,WON,
2026-02-10T19:30:00+00:00,Premier League,Tottenham,Newcastle,Over/Under Goals,Over 1.5,1.25,,,WON,
2026-02-10T19:30:00+00:00,Serie C - Girone C,Atalanta II,Potenza,Over/Under Goals,Under 2.5,2.15,,,LOST,
2026-02-10T19:30:00+00:00,Serie C - Girone C,Casertana,Crotone,Over/Under Goals,Under 3.5,1.17,,,LOST,
2026-02-10T19:30:00+00:00,Serie C - Girone C,Catania,Audace Cerignola,1X2 / Match Winner,Draw,3.8,,,WON,
2026-02-10T19:30:00+00:00,Serie C - Girone C,Cosenza,Siracusa,Over/Under Goals,Under 2.5,1.77,,,WON,
2026-02-10T19:30:00+00:00,Serie C - Girone C,Foggia,AZ Picerno,Over/Under Goals,Under 3.5,1.25,,,WON,
2026-02-10T19:30:00+00:00,Serie C - Girone C,Salernitana,Casarano,Over/Under Goals,Under 2.5,1.93,,,LOST,
2026-02-10T19:30:00+00:00,Super League,FC Luzern,Grasshoppers,Over/Under Goals,Over 1.5,1.2,,,WON,
2026-02-10T19:45:00+00:00,Championship,Leicester,Southampton,Over/Under Goals,Under 3.5,1.38,,,LOST,
2026-02-10T19:45:00+00:00,Championship,Oxford United,Norwich,Over/Under Goals,Under 3.5,1.3,,,WON,
2026-02-10T19:45:00+00:00,FAW Championship,Flint Mountain,Buckley Town,Double Chance,Home/Draw,1.55,,,WON,
2026-02-10T19:45:00+00:00,League One,Mansfield Town,Peterborough,Double Chance,Draw/Away,1.45,,,WON,
2026-02-10T19:45:00+00:00,League One,Montrose,Peterhead,Asian Handicap,Home +0.25,1.48,,,WON,
2026-02-10T19:45:00+00:00,League One,Wigan,Reading,Over/Under Goals,Under 3.5,1.23,,,WON,
2026-02-10T19:45:00+00:00,League Two,Annan Athletic,Dumbarton,Asian Handicap,Home +0,1.42,,,WON,
2026-02-10T19:45:00+00:00,League Two,Clyde,Elgin City,Over/Under Goals,Under 3.5,1.4,,,WON,
2026-02-10T19:45:00+00:00,League Two,Crawley Town,Cambridge United,Over/Under Goals,Under 3.5,1.3,,,WON,
2026-02-10T19:45:00+00:00,League Two,Shrewsbury,Barrow,Over/Under Goals,Under 3.5,1.24,,,WON,
2026-02-10T19:45:00+00:00,National League - North,AFC Fylde,Spennymoor Town,Over/Under Goals,Under 3.5,1.53,,,LOST,
2026-02-10T19:45:00+00:00,National League - North,AFC Telford United,Hereford,Double Chance,Home/Draw,1.22,,,WON,
2026-02-10T19:45:00+00:00,National League - North,Buxton,Peterborough Sports,Over/Under Goals,Over 1.5,1.17,,,LOST,
2026-02-10T19:45:00+00:00,National League - North,Chester,Alfreton Town,Over/Under Goals,Under 3.5,1.33,,,LOST,
2026-02-10T19:45:00+00:00,National League - North,Chorley,Southport,Over/Under Goals,Under 3.5,1.4,,,LOST,
2026-02-10T19:45:00+00:00,National League - North,Curzon Ashton,Marine,Over/Under Goals,Under 3.5,1.36,,,LOST,
2026-02-10T19:45:00+00:00,National League - North,Kidderminster Harriers,Merthyr Town,Over/Under Goals,Under 3.5,1.57,,,WON,
2026-02-10T19:45:00+00:00,National League - North,King's Lynn Town,Worksop Town,Over/Under Goals,Under 3.5,1.36,,,WON,
2026-02-10T19:45:00+00:00,National League - North,Macclesfield,Leamington,Result + Total Goals,Home/Over 1.5,1.51,,,WON,
2026-02-10T19:45:00+00:00,National League - South,Chippenham Town,Torquay,1X2 / Match Winner,Away,1.58,,,LOST,
2026-02-10T19:45:00+00:00,National League - South,Dorking Wanderers,Dover,1X2 / Match Winner,Home,1.52,,,WON,
2026-02-10T19:45:00+00:00,National League - South,Eastbourne Borough,Maidstone Utd,Double Chance,Home/Draw,1.42,,,WON,
2026-02-10T19:45:00+00:00,National League - South,Ebbsfleet United,Enfield Town,Over/Under Goals,Under 3.5,1.45,,,LOST,
2026-02-10T19:45:00+00:00,National League - South,Hemel Hempstead Town,Hampton & Richmond,Over/Under Goals,Under 3.5,1.33,,,WON,
2026-02-10T19:45:00+00:00,National League - South,Horsham,Dagenham & Redbridge,Asian Handicap,Home +0.25,1.55,,,WON,
2026-02-10T19:45:00+00:00,National League - South,Slough Town,Weston-super-Mare,Over/Under Goals,Under 3.5,1.36,,,WON,
2026-02-10T19:45:00+00:00,National League - South,Tonbridge Angels,Maidenhead,Team Total Goals,Over 0.5,1.42,,,LOST,
2026-02-10T19:45:00+00:00,National League,Altrincham,Wealdstone,Over/Under Goals,Under 3.5,1.36,,,WON,
2026-02-10T19:45:00+00:00,National League,Boston United,Gateshead,Team Total Goals,Over 0.5,1.15,,,WON,
2026-02-10T19:45:00+00:00,National League,Carlisle,Scunthorpe,Asian Handicap,Home +0.25,1.45,,,WON,
2026-02-10T19:45:00+00:00,National League,Morecambe,Tamworth,Over/Under Goals,Under 3.5,1.4,,,LOST,
2026-02-10T19:45:00+00:00,National League,Solihull Moors,Eastleigh,Over/Under Goals,Under 3.5,1.44,,,LOST,
2026-02-10T19:45:00+00:00,National League,Truro City,Woking,Over/Under Goals,Under 3.5,1.22,,,WON,
2026-02-10T19:45:00+00:00,Non League Premier - Northern,Bamber Bridge,Gainsborough Trinity,Over/Under Goals,Under 3.5,1.22,,,LOST,
2026-02-10T19:45:00+00:00,Non League Premier - Northern,Hednesford Town,Hebburn Town,Over/Under Goals,Under 3.5,1.29,,,WON,
2026-02-10T19:45:00+00:00,Non League Premier - Northern,Lancaster City,Rushall Olympic,Double Chance,Home/Draw,1.22,,,LOST,
2026-02-10T19:45:00+00:00,Non League Premier - Northern,Stockton Town,Prescot Cables,Over/Under Goals,Under 3.5,1.2,,,LOST,
2026-02-10T19:45:00+00:00,Non League Premier - Southern Central,Royston Town,Bury Town,Double Chance,Home/Draw,1.5,,,LOST,
2026-02-10T19:45:00+00:00,Non League Premier - Southern South,Bracknell Town,Berkhamsted,1X2 / Match Winner,Draw,3.7,,,WON,
2026-02-10T19:45:00+00:00,Premiership,Carrick Rangers,Glenavon FC,Over/Under Goals,Over 1.5,1.22,,,WON,
2026-02-10T19:45:00+00:00,Premiership,Cliftonville FC,Bangor,Asian Handicap,Away -1.25,1.55,,,LOST,
2026-02-10T19:45:00+00:00,Premiership,Coleraine FC,Portadown,Over/Under Goals,Under 3.5,1.44,,,WON,
2026-02-10T19:45:00+00:00,Premiership,Larne,Glentoran,Team Total Goals,Over 0.5,1.29,,,WON,
2026-02-10T19:45:00+00:00,Premiership,Linfield,Dungannon Swifts,Over/Under Goals,Under 3.5,1.36,,,LOST,
2026-02-10T20:00:00+00:00,Championship,Birmingham,West Brom,Asian Handicap,Home +0,1.4,,,WON,
2026-02-10T20:00:00+00:00,Premiership,Heart Of Midlothian,Hibernian,Team Total Goals,Over 0.5,1.17,,,WON,
2026-02-10T20:00:00+00:00,Reserve League,Banfield Res.,San Lorenzo Res.,Over/Under Goals,Under 3.5,1.18,,,WON,
2026-02-10T20:00:00+00:00,Reserve League,Ferro 2,Belgrano Córdoba Res.,Over/Under Goals,Under 2.5,1.7,,,LOST,
2026-02-10T20:00:00+00:00,Reserve League,Gimnasia La Plata Res.,Instituto Res.,Over/Under Goals,Under 2.5,1.5,,,WON,
2026-02-10T20:00:00+00:00,Reserve League,Rosario Central Res.,Tigre Res.,Over/Under Goals,Under 3.5,1.22,,,WON,
2026-02-10T20:00:00+00:00,Reserve League,Unión Santa Fe Res.,Aldosivi Res.,Over/Under Goals,Under 3.5,1.25,,,LOST,
2026-02-10T20:15:00+00:00,Campionato,Faetano,Cosmos,Over/Under Goals,Under 3.5,1.27,,,WON,
2026-02-10T20:15:00+00:00,Campionato,Murata,Juvenes / Dogana,Over/Under Goals,Under 3.5,1.24,,,LOST,
2026-02-10T20:15:00+00:00,Campionato,San Giovanni,Tre Penne,Over/Under Goals,Under 2.5,2.1,,,WON,
2026-02-10T20:15:00+00:00,Premier League,West Ham,Manchester United,Over/Under Goals,Over 1.5,1.18,,,WON,
2026-02-10T20:15:00+00:00,Segunda Liga,Pacos Ferreira,Sporting CP B,Over/Under Goals,Under 3.5,1.25,,,WON,
2026-02-10T21:00:00+00:00,Primera A,Cucuta,Independiente Medellin,Over/Under Goals,Over 1.5,1.42,,,WON,
2026-02-10T21:45:00+00:00,Liga MX Femenil,Puebla W,Atlas W,Over/Under Goals,Under 3.5,1.6,,,WON,
2026-02-10T22:00:00+00:00,Acreano,Vasco da Gama AC,Independência,Team Total Goals,Over 0.5,1.15,,,WON,
2026-02-10T23:20:00+00:00,Primera A,Llaneros,Deportivo Pasto,Over/Under Goals,Under 3.5,1.18,,,WON,
2026-02-11T00:00:00+00:00,Acreano,ADESG,Rio Branco,Double Chance,Draw/Away,1.18,,,WON,
2026-02-11T00:00:00+00:00,Amazonense,Manaus FC,Princesa Solimões,Over/Under Goals,Under 3.5,1.2,,,WON,
2026-02-11T00:00:00+00:00,Copa Costa Rica,Municipal Liberia,LD Alajuelense,Over/Under Goals,Under 3.5,1.18,,,LOST,
2026-02-11T00:00:00+00:00,Liga de Expansión MX,Venados FC,Cancún,Double Chance,Draw/Away,1.7,,,LOST,
2026-02-11T00:00:00+00:00,Reserve League,Boca Juniors Res.,Deportivo Riestra Res.,Over/Under Goals,Under 2.5,1.48,,,LOST,
2026-02-11T00:30:00+00:00,Serie A,Vitoria,Flamengo,Team Total Goals,Over 0.5,1.62,,,WON,
2026-02-11T01:00:00+00:00,CONCACAF Champions League,U.N.A.M. - Pumas,San Diego,Over/Under Goals,Over 1.5,1.19,,,LOST,
2026-02-11T01:00:00+00:00,Liga MX Femenil,Atlético San Luis W,Pachuca W,Over/Under Goals,Under 3.5,1.83,,,WON,
2026-02-11T01:06:00+00:00,Liga MX Femenil,Santos Laguna W,Tijuana W,Over/Under Goals,Under 3.5,1.57,,,LOST,
2026-02-11T01:30:00+00:00,Primera A,Bucaramanga,Deportes Tolima,Over/Under Goals,Under 2.5,1.53,,,WON,
2026-02-11T02:00:00+00:00,Copa Costa Rica,Puntarenas FC,CS Herediano,Over/Under Goals,Under 3.5,1.22,,,WON,
2026-02-11T03:00:00+00:00,CONCACAF Champions League,Tigres UANL,Forge,Over/Under Goals,Under 3.5,1.6,,,LOST,
2026-02-11T09:00:00+00:00,Friendlies Clubs,Kalju Nomme,Tukums,1X2 / Match Winner,Home,1.47,,,LOST,
2026-02-11T09:30:00+00:00,Friendlies Clubs,Hanácká,Karviná II,Over/Under Goals,Under 2.5,3.4,,,LOST,
2026-02-11T10:00:00+00:00,AFC Champions League,Gangwon FC,SHANGHAI SIPG,Team Total Goals,Over 0.5,1.17,,,LOST,
2026-02-11T10:00:00+00:00,AFC Champions League,Ulsan Hyundai FC,Melbourne City,Over/Under Goals,Under 3.5,1.25,,,WON,
2026-02-11T10:00:00+00:00,Friendlies Clubs,FK Liepaja,Alcoyano,Over/Under Goals,Over 1.5,1.21,,,LOST,
2026-02-11T11:00:00+00:00,UEFA Europa Cup - Women,Sparta Praha W,Austria Wien W,Double Chance,Home/Draw,1.4,,,WON,
2026-02-11T12:00:00+00:00,Cupa României,Slatina,Metaloglobus,Double Chance,Home/Draw,1.5,,,WON,
2026-02-11T12:00:00+00:00,First League,Vardar Skopje,Aresimi,BTTS,Yes,2.05,,,WON,
2026-02-11T12:15:00+00:00,AFC Cup,Công An Nhân Dân,Tampines Rovers,Team Total Goals,Over 0.5,1.45,,,LOST,
2026-02-11T12:15:00+00:00,AFC Cup,Ratchaburi,Persib Bandung,Over/Under Goals,Under 3.5,1.38,,,WON,
2026-02-11T12:30:00+00:00,Cup,Tirana,Dinamo Tirana,Double Chance,Home/Draw,1.44,,,LOST,
2026-02-11T12:30:00+00:00,Friendlies Clubs,Aalborg,Thisted FC,Over/Under Goals,Under 3.5,1.54,,,WON,
2026-02-11T13:00:00+00:00,Coppa Italia Primavera,Sassuolo U20,Fiorentina U20,Over/Under Goals,Under 3.5,1.42,,,WON,
2026-02-11T13:00:00+00:00,Cup,Botev Vratsa,Arda Kardzhali,Double Chance,Draw/Away,1.4,,,WON,
2026-02-11T13:00:00+00:00,First League,Sileks,Bashkimi Kumanovo,1X2 / Match Winner,Home,1.44,,,LOST,
2026-02-11T13:00:00+00:00,Friendlies Clubs,Radomlje,Ruh Lviv,Over/Under Goals,Under 3.5,1.3,,,WON,
2026-02-11T13:00:00+00:00,Gamma Ethniki - Group 3,A. Schimatari,Lamia,Asian Handicap,Home +1.25,1.41,,,WON,
2026-02-11T13:45:00+00:00,AFC Cup,Arkadag,Al-Nassr,Double Chance,Draw/Away,1.17,,,WON,
2026-02-11T14:30:00+00:00,AGCFF Gulf Champions League,Al Tadamon SC,Al-Rayyan SC,Over/Under Goals,Under 3.5,2.25,,,WON,
2026-02-11T15:00:00+00:00,Cup,Levadiakos,OFI,Double Chance,Home/Draw,1.17,,,LOST,
2026-02-11T15:00:00+00:00,Premier League,Al Ahly,Ismaily SC,Over/Under Goals,Under 3.5,1.4,,,WON,
2026-02-11T15:00:00+00:00,Premier League,Enppi,Pyramids FC,Over/Under Goals,Under 3.5,1.2,,,WON,
2026-02-11T15:30:00+00:00,Cup,AF Elbasani,Partizani,Over/Under Goals,Under 3.5,1.16,,,WON,
2026-02-11T15:30:00+00:00,Magyar Kupa,Ajka,Kazincbarcikai,Over/Under Goals,Under 3.5,1.33,,,WON,
2026-02-11T16:00:00+00:00,AFC Cup,Sepahan FC,Al Ahli Doha,Over/Under Goals,Under 2.5,1.65,,,LOST,
2026-02-11T16:00:00+00:00,Cup,Apoel Nicosia,Enosis,Over/Under Goals,Under 3.5,1.7,,,LOST,
2026-02-11T16:00:00+00:00,Cup,Ludogorets,Levski Sofia,Asian Handicap,Home +0.25,1.43,,,WON,
2026-02-11T16:00:00+00:00,Magyar Kupa,Budapest Honved,ESMTK,Over/Under Goals,Under 3.5,1.62,,,WON,
2026-02-11T16:00:00+00:00,Magyar Kupa,Zalaegerszegi TE,Vasas,Over/Under Goals,Under 3.5,1.4,,,WON,
2026-02-11T16:00:00+00:00,Premier League,Pompiers,Gendrim,Over/Under Goals,Under 3.5,1.17,,,WON,
2026-02-11T16:30:00+00:00,Magyar Kupa,Ferencvarosi TC,Csakvar,Over/Under Goals,Under 3.5,1.83,,,LOST,
2026-02-11T17:00:00+00:00,Magyar Kupa,MTK Budapest,Kecskeméti TE,Over/Under Goals,Over 1.5,1.17,,,WON,
2026-02-11T17:00:00+00:00,Serie C - Girone A,Alcione,Ospitaletto,Over/Under Goals,Under 2.5,1.65,,,WON,
2026-02-11T17:00:00+00:00,Serie C - Girone A,Dolomiti Bellunesi,Pergolettese,Over/Under Goals,Under 3.5,1.2,,,WON,
2026-02-11T17:00:00+00:00,Serie C - Girone A,Novara,Albinoleffe,Over/Under Goals,Under 3.5,1.22,,,LOST,
2026-02-11T17:00:00+00:00,Serie C - Girone A,Renate,Triestina,Over/Under Goals,Under 3.5,1.25,,,LOST,
2026-02-11T17:30:00+00:00,UEFA Europa Cup - Women,Eintracht Frankfurt W,Nordsjælland,Over/Under Goals,Under 3.5,1.83,,,LOST,
2026-02-11T17:30:00+00:00,UEFA Europa Cup - Women,Häcken,Breidablik W,Over/Under Goals,Under 3.5,1.89,,,LOST,
2026-02-11T17:45:00+00:00,Eredivisie,GO Ahead Eagles,Heerenveen,Asian Handicap,Home +0.5,1.62,,,LOST,
2026-02-11T17:45:00+00:00,UEFA Champions League Women,OH Leuven W,Arsenal W,Over/Under Goals,Under 3.5,1.95,,,LOST,
2026-02-11T18:00:00+00:00,Brasiliense,Paranoá,Brasiliense,Over/Under Goals,Under 2.5,1.7,,,WON,
2026-02-11T18:00:00+00:00,Brasiliense,Real FC,Sobradinho EC,Over/Under Goals,Under 2.5,1.7,,,LOST,
2026-02-11T18:00:00+00:00,Copa Alagoas,Zumbi,CSE,Over/Under Goals,Under 3.5,1.15,,,LOST,
2026-02-11T18:00:00+00:00,Cupa României,Metalul Buzău,Sepsi OSK Sfantu Gheorghe,Over/Under Goals,Over 1.5,1.36,,,LOST,
2026-02-11T18:00:00+00:00,Cupa României,Sporting Lieşti,Csikszereda,Team Total Goals,Over 0.5,1.44,,,LOST,
2026-02-11T18:00:00+00:00,Cupa României,Universitatea Cluj,Oţelul,Over/Under Goals,Under 3.5,1.17,,,WON,
2026-02-11T18:00:00+00:00,DBU Pokalen,FC Copenhagen,Viborg,Over/Under Goals,Over 2.5,1.67,,,WON,
2026-02-11T18:00:00+00:00,Paulista - A2,Juventus,Linense,Over/Under Goals,Under 3.5,1.17,,,LOST,
2026-02-11T18:00:00+00:00,Paulista - A3,EC São Bernardo,Catanduva,Double Chance,Home/Draw,1.4,,,WON,
2026-02-11T18:00:00+00:00,Paulista - A3,Rio Branco SP,União São João,Over/Under Goals,Under 3.5,1.18,,,WON,
2026-02-11T18:00:00+00:00,Paulista - A3,Rio Preto,Marília,Double Chance,Draw/Away,1.48,,,WON,
2026-02-11T18:00:00+00:00,Paulista - A3,USAC,Itapirense,Double Chance,Draw/Away,1.5,,,LOST,
2026-02-11T18:00:00+00:00,Paulista - A4,Jabaquara,Joseense,Over/Under Goals,Under 2.5,1.5,,,WON,
2026-02-11T18:00:00+00:00,Paulista - A4,São Caetano,Nacional SP,Over/Under Goals,Under 3.5,1.16,,,WON,
2026-02-11T18:00:00+00:00,Paulista - A4,Tanabi,Penapolense,Asian Handicap,Home +0.25,1.47,,,LOST,
2026-02-11T18:00:00+00:00,Premier League,AL Masry,Wadi Degla,Asian Handicap,Home +0,1.48,,,WON,
2026-02-11T18:00:00+00:00,Premier League,Zamalek SC,Smouha SC,Double Chance,Draw/Away,1.6,,,LOST,
2026-02-11T18:00:00+00:00,Serie B,Sudtirol,Monza,Over/Under Goals,Over 1.5,1.48,,,LOST,
2026-02-11T18:30:00+00:00,Cup,PAOK,Panathinaikos,Double Chance,Home/Draw,1.15,,,WON,
2026-02-11T18:30:00+00:00,Maranhense,Tuntum,Imperatriz,Over/Under Goals,Under 3.5,1.17,,,WON,
2026-02-11T18:30:00+00:00,Paraense,Tuna Luso,Sao Francisco,Over/Under Goals,Under 2.5,1.7,,,WON,
2026-02-11T19:00:00+00:00,League Cup,Grotta,IA Akranes,Over/Under Goals,Under 3.5,1.7,,,LOST,
2026-02-11T19:00:00+00:00,Magyar Kupa,Paks,Diosgyori VTK,Over/Under Goals,Under 3.5,1.57,,,LOST,
2026-02-11T19:00:00+00:00,Premier League Cup,Nottingham Forest U21,Sunderland U21,Over/Under Goals,Under 2.5,1.85,,,LOST,
2026-02-11T19:00:00+00:00,Premier League Cup,West Bromwich Albion U21,Queens Park Rangers U21,Over/Under Goals,Under 3.5,1.55,,,WON,
2026-02-11T19:00:00+00:00,Serie B,Avellino,Frosinone,Over/Under Goals,Under 3.5,1.38,,,LOST,
2026-02-11T19:00:00+00:00,Serie B,Bari,Spezia,Over/Under Goals,Under 3.5,1.22,,,WON,
2026-02-11T19:00:00+00:00,Serie B,Empoli,Juve Stabia,Over/Under Goals,Under 3.5,1.2,,,WON,
2026-02-11T19:30:00+00:00,Cup,Union St. Gilloise,Charleroi,Team Total Goals,Under 2.5,1.42,,,LOST,
2026-02-11T19:30:00+00:00,Premier League,Aston Villa,Brighton,Over/Under Goals,Under 3.5,1.42,,,WON,
2026-02-11T19:30:00+00:00,Premier League,Crystal Palace,Burnley,Over/Under Goals,Under 3.5,1.33,,,LOST,
2026-02-11T19:30:00+00:00,Premier League,Manchester City,Fulham,Over/Under Goals,Over 1.5,1.17,,,WON,
2026-02-11T19:30:00+00:00,Premier League,Nottingham Forest,Wolves,Over/Under Goals,Under 3.5,1.25,,,WON,
2026-02-11T19:30:00+00:00,Serie C - Girone A,Arzignano Valchiampo,Trento,Over/Under Goals,Under 3.5,1.22,,,WON,
2026-02-11T19:30:00+00:00,Serie C - Girone A,Giana Erminio,Lecco,Over/Under Goals,Under 3.5,1.17,,,WON,
2026-02-11T19:30:00+00:00,Serie C - Girone A,Inter U23,Lumezzane,Over/Under Goals,Under 2.5,1.65,,,WON,
2026-02-11T19:30:00+00:00,Serie C - Girone A,PRO Vercelli,Vicenza Virtus,Over/Under Goals,Under 3.5,1.2,,,WON,
2026-02-11T19:30:00+00:00,Serie C - Girone A,Pro Patria,Cittadella,Over/Under Goals,Under 3.5,1.2,,,WON,
2026-02-11T19:30:00+00:00,Serie C - Girone A,Union Brescia,Virtus Verona,1X2 / Match Winner,Home,1.45,,,WON,
2026-02-11T19:30:00+00:00,Super League,FC Lugano,Servette FC,Over/Under Goals,Over 1.5,1.2,,,WON,
2026-02-11T19:30:00+00:00,Super League,FC ST. Gallen,BSC Young Boys,Double Chance,Home/Draw,1.49,,,WON,
2026-02-11T19:30:00+00:00,Super League,FC Zurich,FC Winterthur,Over/Under Goals,Over 1.5,1.16,,,WON,
2026-02-11T19:45:00+00:00,Championship,Charlton,Stoke City,Asian Handicap,Away -0.5,1.48,,,LOST,
2026-02-11T19:45:00+00:00,DFB Pokal,Bayern München,RB Leipzig,BTTS,Yes,1.5,,,LOST,
2026-02-11T19:45:00+00:00,League Two,Grimsby,Accrington ST,Over/Under Goals,Under 3.5,1.38,,,WON,
2026-02-11T19:45:00+00:00,National League,Boreham Wood,Yeovil Town,Over/Under Goals,Over 1.5,1.18,,,WON,
2026-02-11T19:45:00+00:00,National League,Brackley Town,FC Halifax Town,Over/Under Goals,Under 3.5,1.25,,,WON,
2026-02-11T19:45:00+00:00,National League,Rochdale,Forest Green,Asian Handicap,Home +0,1.5,,,WON,
2026-02-11T19:45:00+00:00,National League,Sutton Utd,Braintree,Over/Under Goals,Under 2.5,2.2,,,WON,
2026-02-11T19:45:00+00:00,National League,York,Hartlepool,Over/Under Goals,Under 3.5,1.67,,,LOST,
2026-02-11T19:45:00+00:00,Premiership,Celtic,Livingston,Team Total Goals,Over 1.5,1.18,,,WON,
2026-02-11T19:45:00+00:00,Premiership,Falkirk,Dundee,Over/Under Goals,Under 3.5,1.3,,,WON,
2026-02-11T19:45:00+00:00,Premiership,Kilmarnock,ST Mirren,Asian Handicap,Away -0.5,1.44,,,LOST,
2026-02-11T19:45:00+00:00,UEFA Europa Cup - Women,Sporting CP W,Hammarby,Over/Under Goals,Over 1.5,1.18,,,LOST,
2026-02-11T20:00:00+00:00,Copa del Rey,Athletic Club,Real Sociedad,Over/Under Goals,Over 1.5,1.4,,,LOST,
2026-02-11T20:00:00+00:00,Eredivisie,NEC Nijmegen,Utrecht,Over/Under Goals,Over 1.5,1.17,,,WON,
2026-02-11T20:00:00+00:00,League Two,Swindon Town,Newport County,Over/Under Goals,Under 3.5,1.5,,,WON,
2026-02-11T20:00:00+00:00,Liga de Ascenso,AD Sarchí,Santa Cruz FC,Double Chance,Home/Draw,1.17,,,WON,
2026-02-11T20:00:00+00:00,Premier League,Mount Pleasant Academy,Treasure Beach,Over/Under Goals,Under 3.5,1.35,,,WON,
2026-02-11T20:00:00+00:00,Premiership,Motherwell,Rangers,Over/Under Goals,Under 3.5,1.33,,,WON,
2026-02-11T20:00:00+00:00,Reserve League,Barracas Central Res.,River Plate Res.,Over/Under Goals,Under 3.5,1.21,,,WON,
2026-02-11T20:00:00+00:00,Reserve League,Huracán Res.,Lanús Res.,Double Chance,Draw/Away,1.6,,,WON,
2026-02-11T20:00:00+00:00,UEFA Champions League Women,Paris FC W,Real Madrid W,Over/Under Goals,Under 3.5,1.38,,,LOST,
2026-02-11T20:15:00+00:00,Campionato,Cailungo,San Marino Academy,Over/Under Goals,Under 3.5,1.3,,,WON,
2026-02-11T20:15:00+00:00,Campionato,Folgore,Domagnano,Over/Under Goals,Under 3.5,1.27,,,WON,
2026-02-11T20:15:00+00:00,Campionato,La Fiorita,Fiorentino,Over/Under Goals,Under 3.5,1.43,,,WON,
2026-02-11T20:15:00+00:00,Campionato,Pennarossa,Tre Fiori,Over/Under Goals,Under 3.5,1.6,,,WON,
2026-02-11T20:15:00+00:00,Campionato,Virtus,Libertas,Over/Under Goals,Under 3.5,1.55,,,LOST,
2026-02-11T20:15:00+00:00,Premier League,Sunderland,Liverpool,Team Total Goals,Over 0.5,1.5,,,LOST,
2026-02-11T21:00:00+00:00,Liga Nacional,Génesis,CD Motagua,Double Chance,Home/Draw,1.62,,,LOST,
2026-02-11T22:00:00+00:00,Copa Argentina,Rosario Central,Sportivo Belgrano,Team Total Goals,Under 2.5,1.45,,,WON,
2026-02-11T22:00:00+00:00,Paulista - A2,Ituano,Inter De Limeira,Asian Handicap,Home +0,1.44,,,WON,
2026-02-11T22:00:00+00:00,Paulista - A2,Sertãozinho,Sao Bento,Over/Under Goals,Under 2.5,1.45,,,WON,
2026-02-11T22:00:00+00:00,Paulista - A2,Água Santa,Ferroviária,Double Chance,Draw/Away,1.44,,,LOST,
2026-02-11T22:00:00+00:00,Serie A,Chapecoense-sc,Coritiba,Over/Under Goals,Under 2.5,1.5,,,LOST,
2026-02-11T22:00:00+00:00,Serie A,Mirassol,Cruzeiro,Over/Under Goals,Under 3.5,1.25,,,LOST,
2026-02-11T22:30:00+00:00,Goiano - 1,Anapolina,Jataiense,Double Chance,Draw/Away,1.6,,,WON,
2026-02-11T22:30:00+00:00,Goiano - 1,CRAC,Goias,Over/Under Goals,Under 2.5,1.42,,,WON,
2026-02-11T22:30:00+00:00,Maranhense,Maranhão,Sampaio Correa,Double Chance,Draw/Away,1.62,,,WON,
2026-02-11T22:30:00+00:00,Maranhense,Moto Club,IAPE,Over/Under Goals,Under 2.5,1.6,,,WON,
2026-02-11T22:30:00+00:00,Paraibano,Atlético Cajazeirense,Botafogo PB,Over/Under Goals,Under 3.5,1.25,,,WON,
2026-02-11T22:30:00+00:00,Paulista - A2,Grêmio Prudente,Monte Azul,Over/Under Goals,Under 2.5,1.65,,,WON,
2026-02-11T22:30:00+00:00,Paulista - A2,Votuporanguense,Taubaté,Over/Under Goals,Under 3.5,1.17,,,WON,
2026-02-11T22:30:00+00:00,Paulista - A3,Uniao Barbarense,Francana,Over/Under Goals,Under 2.5,1.45,,,LOST,
2026-02-11T23:00:00+00:00,Paranaense - 1,Cascavel,Andraus Brasil,Over/Under Goals,Under 3.5,1.22,,,WON,
2026-02-11T23:00:00+00:00,Paulista - A2,Oeste,Santo André,Over/Under Goals,Under 3.5,1.17,,,WON,
2026-02-11T23:00:00+00:00,Paulista - A3,Bandeirante SP,XV de Jau,Over/Under Goals,Under 2.5,1.55,,,WON,
2026-02-11T23:00:00+00:00,Paulista - A3,Paulista,Desportivo Brasil,Over/Under Goals,Under 2.5,1.48,,,LOST,
2026-02-11T23:00:00+00:00,Paulista - A3,Portuguesa Santista,Rio Claro,Over/Under Goals,Under 2.5,1.55,,,LOST,
2026-02-11T23:00:00+00:00,Paulista - A4,AEA,EC Lemense,Over/Under Goals,Under 2.5,1.44,,,WON,
2026-02-11T23:00:00+00:00,Paulista - A4,Barretos,Vocem,Over/Under Goals,Under 2.5,1.45,,,LOST,
2026-02-11T23:00:00+00:00,Paulista - A4,Comercial,Taquaritinga,Asian Handicap,Home +0.25,1.45,,,LOST,
2026-02-11T23:00:00+00:00,Paulista - A4,Inter de Bebedouro,Colorado Caieiras,1X2 / Match Winner,Home,1.57,,,WON,
2026-02-11T23:00:00+00:00,Serie A,Atletico-MG,remo,Asian Handicap,Away -1.25,1.65,,,WON,
2026-02-11T23:15:00+00:00,Liga Nacional,Atlético Choloma,Olancho,Over/Under Goals,Under 3.5,1.42,,,WON,
2026-02-11T23:15:00+00:00,Liga Panameña de Fútbol,Deportivo Universitario,San Francisco FC,Over/Under Goals,Under 3.5,1.17,,,LOST,
2026-02-11T23:30:00+00:00,Brasiliense,Gama,Ceilândia,Over/Under Goals,Under 2.5,1.5,,,LOST,
2026-02-11T23:30:00+00:00,Primera A,Millonarios,Rionegro Aguilas,Over/Under Goals,Under 3.5,1.28,,,WON,
2026-02-12T00:00:00+00:00,Copa Costa Rica,AD Carmelita,Deportivo Saprissa,1X2 / Match Winner,Away,1.34,,,WON,
2026-02-12T00:00:00+00:00,Reserve League,Atlético Tucumán Res.,Argentinos Juniors Res.,Over/Under Goals,Under 3.5,1.2,,,WON,
2026-02-12T00:00:00+00:00,USL Super League,Sporting JAX W,Spokane Zephyr W,Over/Under Goals,Under 2.5,1.7,,,LOST,
2026-02-12T00:30:00+00:00,Amazonense,Nacional AM,São Raimundo AM,Over/Under Goals,Under 3.5,1.36,,,WON,
2026-02-12T00:30:00+00:00,Baiano - 1,Galícia,Jequié,Over/Under Goals,Under 3.5,1.2,,,WON,
2026-02-12T00:30:00+00:00,CONMEBOL Libertadores,Alianza Lima,2 de Mayo,Over/Under Goals,Under 3.5,1.25,,,WON,
2026-02-12T00:30:00+00:00,Serie A,Sao Paulo,Gremio,Asian Handicap,Home +0,1.5,,,WON,
2026-02-12T00:30:00+00:00,Serie A,Vasco DA Gama,Bahia,Over/Under Goals,Under 3.5,1.3,,,WON,
2026-02-12T01:00:00+00:00,CONCACAF Champions League,Club America,CD Olimpia,Over/Under Goals,Under 3.5,1.53,,,WON,
2026-02-12T01:00:00+00:00,Liga de Ascenso,CS Uruguay,Escorpiones Belén,Double Chance,Home/Draw,1.6,,,WON,
2026-02-12T01:00:00+00:00,Liga de Ascenso,Inter San Carlos,ADR Jicaral,Double Chance,Draw/Away,1.5,,,LOST,
2026-02-12T01:30:00+00:00,Liga Nacional,Juticalpa,Real Espana,Asian Handicap,Home +1.25,1.41,,,WON,
2026-02-12T01:30:00+00:00,Primera A,Internacional de Bogota,Deportivo Cali,Over/Under Goals,Under 3.5,1.2,,,LOST,
2026-02-12T02:15:00+00:00,Copa Costa Rica,CS Cartagines,Sporting San Jose,Over/Under Goals,Under 3.5,1.28,,,WON,
2026-02-12T03:00:00+00:00,CONCACAF Champions League,Monterrey,Xelajú,Over/Under Goals,Under 3.5,1.88,,,WON,
2026-02-12T10:00:00+00:00,AFC Cup,Pohang Steelers,Gamba Osaka,Over/Under Goals,Under 3.5,1.25,,,WON,
2026-02-12T10:30:00+00:00,Birinci Dasta,Baku Sportinq,MOIK,Over/Under Goals,Under 2.5,1.85,,,WON,
2026-02-12T10:30:00+00:00,Birinci Dasta,Şahdağ,Cəbrayıl,Over/Under Goals,Under 3.5,1.39,,,LOST,
2026-02-12T12:00:00+00:00,First League,Akademija Pandev,Makedonija GjP,Over/Under Goals,Under 3.5,1.38,,,WON,
2026-02-12T12:15:00+00:00,AFC Cup,Bangkok United,Macarthur,Over/Under Goals,Over 1.5,1.22,,,WON,
2026-02-12T12:30:00+00:00,Second League,Aswan Sc,Tersana,Over/Under Goals,Under 2.5,1.3,,,WON,
2026-02-12T12:30:00+00:00,Second League,El Seka El Hadid,Abu Qair Semad,Over/Under Goals,Under 2.5,1.36,,,WON,
2026-02-12T12:30:00+00:00,Second League,Masar,Tanta SC,Double Chance,Home/Draw,1.22,,,WON,
2026-02-12T12:30:00+00:00,Second League,Olympic El Qanah,Asyut Petrol,Over/Under Goals,Under 2.5,1.4,,,WON,
2026-02-12T12:30:00+00:00,Second League,Proxy,La Viena FC,Over/Under Goals,Under 2.5,1.36,,,WON,
2026-02-12T13:00:00+00:00,Birinci Dasta,Səbail,Safa Baku,1X2 / Match Winner,Draw,3.4,,,WON,
2026-02-12T13:00:00+00:00,Brasiliense,Brasília,Capital Brasilia,Team Total Goals,Under 2.5,1.5,,,LOST,
2026-02-12T13:00:00+00:00,First League,Pelister,FK Rabotnicki,Team Total Goals,Under 2.5,1.16,,,LOST,
2026-02-12T13:00:00+00:00,Paraense,Capitao Poco,Águia de Marabá,Over/Under Goals,Under 3.5,1.62,,,WON,
2026-02-12T14:00:00+00:00,Friendlies Clubs,Hillerød,Naestved,Asian Handicap,Away -1.25,1.64,,,WON,
2026-02-12T14:00:00+00:00,League,Al Ahli,Al Salt,Over/Under Goals,Under 2.5,1.5,,,WON,
2026-02-12T15:00:00+00:00,Friendlies Clubs,Molde,Metalist 1925 Kharkiv,Double Chance,Home/Draw,1.15,,,LOST,
2026-02-12T15:45:00+00:00,Pro League,Damac,Al Taawon,Over/Under Goals,Under 3.5,1.25,,,WON,
2026-02-12T16:00:00+00:00,Cup,Lokomotiv Plovdiv,Botev Plovdiv,Over/Under Goals,Under 2.5,1.67,,,WON,
2026-02-12T16:00:00+00:00,Cupa României,Dinamo Bucuresti,AFC Hermannstadt,Over/Under Goals,Under 3.5,1.2,,,WON,
2026-02-12T16:00:00+00:00,Premier League,Al Ahli,A'Ali,Over/Under Goals,Under 3.5,1.25,,,WON,
2026-02-12T16:15:00+00:00,Emir Cup,Al Wakrah,Al-Sailiya,Over/Under Goals,Under 3.5,1.53,,,WON,
2026-02-12T17:00:00+00:00,Magyar Kupa,Gyori ETO FC,Fehérvár FC,Over/Under Goals,Under 3.5,1.53,,,WON,
2026-02-12T17:00:00+00:00,Serie C - Girone B,Forli,Pontedera,Team Total Goals,Under 2.5,1.16,,,WON,
2026-02-12T17:00:00+00:00,Serie C - Girone B,Guidonia Montecelio 1937,Bra,Over/Under Goals,Under 3.5,1.2,,,WON,
2026-02-12T17:00:00+00:00,Serie C - Girone B,Juventus U23,Sambenedettese,Over/Under Goals,Under 2.5,1.53,,,LOST,
2026-02-12T17:30:00+00:00,Pro League,Al-Hazm,Al Okhdood,Over/Under Goals,Under 3.5,1.25,,,WON,
2026-02-12T17:30:00+00:00,Pro League,Al-Qadisiyah FC,NEOM,Over/Under Goals,Under 3.5,1.5,,,WON,
2026-02-12T17:45:00+00:00,UEFA Champions League Women,VfL Wolfsburg W,Juventus W,Team Total Goals,Under 2.5,1.57,,,WON,
2026-02-12T18:00:00+00:00,DBU Pokalen,Aarhus,FC Midtjylland,Over/Under Goals,Under 3.5,1.6,,,WON,
2026-02-12T18:00:00+00:00,League Cup,FH hafnarfjordur,IBV Vestmannaeyjar,Asian Handicap,Home +0,1.44,,,WON,
2026-02-12T18:00:00+00:00,National 1,Quevilly,Concarneau,Over/Under Goals,Under 3.5,1.2,,,WON,
2026-02-12T18:30:00+00:00,Cupa României,Gloria Bistriţa,Uta Arad,Over/Under Goals,Under 3.5,1.26,,,WON,
2026-02-12T18:30:00+00:00,Cupa României,Universitatea Craiova,FCSB,Asian Handicap,Home +0,1.55,,,WON,
2026-02-12T19:00:00+00:00,Brasiliense,ARUC,Samambaia,Team Total Goals,Under 2.5,1.5,,,LOST,
2026-02-12T19:00:00+00:00,Derde Divisie - Sunday,TOGB,SteDoCo,Double Chance,Home/Draw,1.44,,,WON,
2026-02-12T19:00:00+00:00,Eerste Divisie,Den Bosch,FC Eindhoven,Over/Under Goals,Under 3.5,1.55,,,WON,
2026-02-12T19:30:00+00:00,Cup,Antwerp,Anderlecht,Over/Under Goals,Under 3.5,1.28,,,LOST,
2026-02-12T19:30:00+00:00,Serie C - Girone B,Ascoli,Torres,Asian Handicap,Home +0.5,1.18,,,WON,
2026-02-12T19:30:00+00:00,Serie C - Girone B,Athletic Carpi,Arezzo,Over/Under Goals,Under 2.5,1.67,,,WON,
2026-02-12T19:30:00+00:00,Serie C - Girone B,Campobasso FC,Livorno,Over/Under Goals,Under 3.5,1.22,,,WON,
2026-02-12T19:30:00+00:00,Serie C - Girone B,Gubbio,Vis Pesaro,Over/Under Goals,Under 2.5,1.44,,,WON,
2026-02-12T19:30:00+00:00,Serie C - Girone B,Pianese,Perugia,Over/Under Goals,Under 3.5,1.17,,,WON,
2026-02-12T19:30:00+00:00,Serie C - Girone B,Ternana,Ravenna,Over/Under Goals,Under 3.5,1.2,,,WON,
2026-02-12T19:30:00+00:00,Super League,FC Sion,FC Basel 1893,Over/Under Goals,Under 3.5,1.5,,,WON,
2026-02-12T19:30:00+00:00,Super League,FC Thun,Lausanne,Asian Handicap,Home +0,1.43,,,WON,
2026-02-12T20:00:00+00:00,Copa del Rey,Atletico Madrid,Barcelona,Double Chance,Draw/Away,1.42,,,LOST,
2026-02-12T20:00:00+00:00,Pernambucano - 1,Retrô,Sport Recife,Over/Under Goals,Under 3.5,1.2,,,WON,
2026-02-12T20:00:00+00:00,Premier League,Brentford,Arsenal,Over/Under Goals,Under 3.5,1.33,,,WON,
2026-02-12T20:00:00+00:00,Premier League,Dunbeholden,Arnett Gardens,Team Total Goals,Under 2.5,1.19,,,WON,
2026-02-12T20:00:00+00:00,Reserve League,Godoy Cruz Res.,Sarmiento Res.,Over/Under Goals,Under 3.5,1.15,,,WON,
2026-02-12T20:00:00+00:00,Reserve League,Independiente Res.,Independiente Riva. Res.,Over/Under Goals,Under 3.5,1.25,,,WON,
2026-02-12T20:00:00+00:00,Reserve League,Platense Res.,Central Córdoba SdE Res.,Over/Under Goals,Under 3.5,1.17,,,WON,
2026-02-12T20:00:00+00:00,Reserve League,Talleres Córdoba Res.,Vélez Sársfield Res.,Double Chance,Home/Draw,1.44,,,WON,
2026-02-12T20:00:00+00:00,UEFA Champions League Women,Atletico Madrid W,Manchester United W,Team Total Goals,Under 2.5,1.16,,,WON,
2026-02-12T21:00:00+00:00,Liga Panameña de Fútbol,Herrera,Union Cocle,Over/Under Goals,Under 2.5,1.5,,,WON,
2026-02-12T21:10:00+00:00,Primera A,Chico,Jaguares,Over/Under Goals,Under 3.5,1.18,,,LOST,
2026-02-12T22:00:00+00:00,Copa Alagoas,Coruripe,CSA,Over/Under Goals,Under 2.5,1.62,,,LOST,
2026-02-12T22:00:00+00:00,Goiano - 1,ABECAT Ouvidorense,Atletico Goianiense,Over/Under Goals,Under 3.5,1.2,,,WON,
2026-02-12T22:00:00+00:00,Primera Division,Tigre,Aldosivi,Over/Under Goals,Under 2.5,1.4,,,WON,
2026-02-12T22:00:00+00:00,Serie A,Atletico Paranaense,Santos,Asian Handicap,Home +0,1.62,,,WON,
2026-02-12T22:30:00+00:00,Serie A,Fluminense,Botafogo,Over/Under Goals,Under 3.5,1.28,,,WON,
2026-02-12T23:00:00+00:00,Acreano,Santa Cruz AC,São Francisco,Over/Under Goals,Under 3.5,1.95,,,LOST,
2026-02-12T23:00:00+00:00,Capixaba,Capixaba SC,Real Noroeste,Double Chance,Home/Draw,1.57,,,LOST,
2026-02-12T23:00:00+00:00,Capixaba,Porto Vitória,Vilavelhense,BTTS,No,1.44,,,WON,
2026-02-12T23:00:00+00:00,Capixaba,Serra Talhada,Vitória ES,Over/Under Goals,Under 2.5,1.57,,,LOST,
2026-02-12T23:00:00+00:00,Paraibano,Nacional de Patos,Sousa,Over/Under Goals,Under 3.5,1.2,,,WON,
2026-02-12T23:00:00+00:00,Serie A,Corinthians,RB Bragantino,Over/Under Goals,Under 3.5,1.22,,,WON,
2026-02-12T23:15:00+00:00,Liga Nacional,Lobos Upnfm,Victoria,Over/Under Goals,Under 3.5,1.3,,,LOST,
2026-02-12T23:20:00+00:00,Primera A,Once Caldas,Junior,Asian Handicap,Home +0,1.65,,,WON,
2026-02-13T00:00:00+00:00,Amazonense,Amazonas,JC,Over/Under Goals,Under 3.5,1.48,,,WON,
2026-02-13T00:00:00+00:00,Goiano - 1,Anápolis,Vila Nova,Over/Under Goals,Under 3.5,1.16,,,WON,
2026-02-13T00:15:00+00:00,Primera Division,Argentinos JRS,River Plate,Over/Under Goals,Under 3.5,1.18,,,WON,
2026-02-13T00:30:00+00:00,Serie A,Internacional,Palmeiras,Over/Under Goals,Under 3.5,1.28,,,LOST,
2026-02-13T01:00:00+00:00,CONCACAF Champions League,Cruz Azul,Vancouver FC,1X2 / Match Winner,Home,1.16,,,WON,
2026-02-13T01:30:00+00:00,Liga Nacional,CD Marathon,Platense FC,Over/Under Goals,Under 3.5,1.39,,,LOST,
2026-02-13T01:30:00+00:00,Liga Panameña de Fútbol,Plaza Amador,CD Arabe Unido,Over/Under Goals,Under 2.5,1.55,,,WON,
2026-02-13T01:30:00+00:00,Primera A,Atletico Nacional,Fortaleza FC,Over/Under Goals,Under 3.5,1.3,,,LOST,
2026-02-13T02:00:00+00:00,Liga de Ascenso,AD Cofutpa,Municipal Grecia,Over/Under Goals,Under 3.5,1.39,,,WON,
2026-02-13T02:00:00+00:00,Liga de Ascenso,Aserri FC,Santa Ana,Over/Under Goals,Under 3.5,1.31,,,WON,
2026-02-13T02:00:00+00:00,Liga de Ascenso,Pitbulls Santa Barbara FC,Cariari Pococi,Over/Under Goals,Under 3.5,1.25,,,LOST,
2026-02-13T08:30:00+00:00,Liga 1,Persik Kediri,PSIM Yogyakarta,Over/Under Goals,Under 3.5,1.24,,,LOST,
2026-02-13T08:30:00+00:00,Liga 1,Persis Solo,Persepam Madura Utd,Over/Under Goals,Under 3.5,1.28,,,LOST,
2026-02-13T08:35:00+00:00,A-League,Western Sydney Wanderers,Wellington Phoenix,Team Total Goals,Over 0.5,1.42,,,WON,
2026-02-13T10:00:00+00:00,J. League Div.1,Vissel Kobe,V-varen Nagasaki,Over/Under Goals,Under 3.5,1.38,,,WON,
2026-02-13T10:30:00+00:00,Birinci Dasta,Difai Ağsu,Şimal,1X2 / Match Winner,Home,1.49,,,WON,
2026-02-13T10:30:00+00:00,Birinci Dasta,Mingəçevir,Zaqatala,Over/Under Goals,Under 3.5,1.26,,,WON,
2026-02-13T10:30:00+00:00,TFF 1. Lig,76 Iğdır Belediyespor,Ümraniyespor,Over/Under Goals,Under 3.5,1.4,,,WON,
2026-02-13T10:45:00+00:00,A-League,Perth Glory,Newcastle Jets,Double Chance,Draw/Away,1.48,,,WON,
2026-02-13T11:30:00+00:00,Persian Gulf Pro League,Shams Azar Qazvin,Aluminium Arak,Asian Handicap,Home +0.25,1.52,,,WON,
2026-02-13T11:30:00+00:00,Premier League,Balestier Khalsa,Young Lions,Asian Handicap,Home +0.25,1.15,,,WON,
2026-02-13T12:00:00+00:00,FKF Premier League,Bidco United,Homeboyz,Double Chance,Home/Draw,1.53,,,LOST,
2026-02-13T12:00:00+00:00,Iraqi League,Al Minaa Basra,Gharraf,Over/Under Goals,Under 2.5,1.4,,,WON,
2026-02-13T12:00:00+00:00,Iraqi League,Al Quwa Al Jawiya,Newroz,1X2 / Match Winner,Home,1.47,,,WON,
2026-02-13T12:00:00+00:00,Liga 1,Malut United,Persijap,Over/Under Goals,Under 3.5,1.37,,,LOST,
2026-02-13T12:00:00+00:00,Ligat Ha'al,Hapoel Tel Aviv,Hapoel Katamon,Over/Under Goals,Under 3.5,1.36,,,LOST,
2026-02-13T12:00:00+00:00,Thai League 1,Chonburi FC,Uthai Thani,Over/Under Goals,Under 3.5,1.44,,,WON,
2026-02-13T12:00:00+00:00,Thai League 2,Chiangmai United,Bangkok,Over/Under Goals,Under 3.5,1.41,,,LOST,
2026-02-13T12:30:00+00:00,Persian Gulf Pro League,Esteghlal Khuzestan,Fajr Sepasi,Over/Under Goals,Under 2.5,1.37,,,WON,
2026-02-13T12:30:00+00:00,Second League,El Dakhleya,El Mansura,BTTS,No,1.55,,,WON,
2026-02-13T12:30:00+00:00,Second League,El Entag EL Harby,Baladiyyat Al Mehalla,Double Chance,Home/Draw,1.44,,,WON,
2026-02-13T12:30:00+00:00,Second League,Maleyet Kafr El Zayiat,Raya Ghazl,Over/Under Goals,Under 2.5,1.28,,,WON,
2026-02-13T13:00:00+00:00,League,Sama Al Sarhan,Al Ramtha,Over/Under Goals,Under 3.5,1.25,,,LOST,
2026-02-13T13:00:00+00:00,Liga Leumit,Hapoel Hadera,Hapoel Ra'anana,Over/Under Goals,Under 2.5,1.82,,,WON,
2026-02-13T13:00:00+00:00,Liga Leumit,Hapoel Kfar Shalem,Hapoel Rishon LeZion,Double Chance,Home/Draw,1.48,,,LOST,
2026-02-13T13:00:00+00:00,Liga Leumit,Hapoel Ramat Gan,Kiryat Yam SC,Over/Under Goals,Under 3.5,1.3,,,WON,
2026-02-13T13:00:00+00:00,Liga Leumit,Kafr Qasim,Hapoel Nazareth Illit,Over/Under Goals,Under 2.5,1.5,,,LOST,
2026-02-13T13:00:00+00:00,Liga Leumit,Maccabi Petah Tikva,Ironi Modi'in,Over/Under Goals,Under 3.5,1.56,,,LOST,
2026-02-13T13:30:00+00:00,Emir Cup,Al Shamal,Qatar SC,Over/Under Goals,Under 3.5,1.55,,,WON,
2026-02-13T13:30:00+00:00,Pro League,Al Bataeh,Al-Dhafra,Over/Under Goals,Under 2.5,2.1,,,WON,
2026-02-13T13:55:00+00:00,Pro League,Al Shabab,Al-Ahli Jeddah,Over/Under Goals,Under 3.5,1.5,,,LOST,
2026-02-13T14:00:00+00:00,Ligue 1,El Bayadh,ASO Chlef,Over/Under Goals,Under 2.5,1.4,,,WON,
2026-02-13T14:00:00+00:00,Ligue 2,Béchar Djedid,RC Kouba,Over/Under Goals,Under 2.5,1.5,,,WON,
2026-02-13T14:00:00+00:00,Ligue 2,CA Batna,MO Constantine,Over/Under Goals,Under 3.5,1.21,,,WON,
2026-02-13T14:00:00+00:00,Ligue 2,CRB Adrar,Usm El Harrach,Over/Under Goals,Under 2.5,1.57,,,LOST,
2026-02-13T14:00:00+00:00,Ligue 2,Hussein Dey,JS Tixeraine,Over/Under Goals,Under 2.5,1.62,,,WON,
2026-02-13T14:00:00+00:00,Ligue 2,JS Bordj Ménaïel,US Chaouia,Asian Handicap,Home +0.25,1.5,,,WON,
2026-02-13T14:00:00+00:00,Ligue 2,JS El Biar,WA Mostaganem,Over/Under Goals,Under 2.5,1.65,,,LOST,
2026-02-13T14:00:00+00:00,Ligue 2,JS Jijel,IB Khémis El Khechna,Over/Under Goals,Under 2.5,1.73,,,WON,
2026-02-13T14:00:00+00:00,Ligue 2,Koléa,ASM Oran,Over/Under Goals,Under 2.5,1.33,,,WON,
2026-02-13T14:00:00+00:00,Ligue 2,Nrb Beni Oulbene,HB Chelghoum Laïd,Over/Under Goals,Under 3.5,1.44,,,WON,
2026-02-13T14:00:00+00:00,Ligue 2,RC Arba,Tiaret,Over/Under Goals,Under 3.5,1.16,,,WON,
2026-02-13T14:30:00+00:00,First NL,Karlovac 1919,Bsk Bijelo Brdo,Over/Under Goals,Under 3.5,1.17,,,WON,
2026-02-13T14:30:00+00:00,Iraqi League,Al Karkh,Al Talaba,Double Chance,Home/Draw,1.55,,,LOST,
2026-02-13T15:25:00+00:00,Pro League,Al-Hilal Saudi FC,Al-Ettifaq,Over/Under Goals,Under 3.5,1.95,,,WON,
2026-02-13T15:30:00+00:00,League,Al Wihdat,Al Jazeera,Over/Under Goals,Under 3.5,1.35,,,WON,
2026-02-13T15:45:00+00:00,First League,Spartak Varna,Lokomotiv Sofia,Double Chance,Home/Draw,1.7,,,WON,
2026-02-13T16:00:00+00:00,Liga MX U21,Juarez U21,Necaxa U21,Over/Under Goals,Under 2.5,1.53,,,WON,
2026-02-13T16:00:00+00:00,Ligue 1,CS Constantine,ES Setif,Over/Under Goals,Under 2.5,1.45,,,WON,
2026-02-13T16:00:00+00:00,Pro League,Al-Jazira,Al-Ittihad Kalba,Double Chance,Home/Draw,1.18,,,WON,
2026-02-13T16:00:00+00:00,Prva Liga,Loznica,FK Trayal,Over/Under Goals,Under 3.5,1.16,,,WON,
2026-02-13T16:15:00+00:00,Emir Cup,Al Shahaniya,Al-Arabi SC,Over/Under Goals,Under 3.5,1.55,,,WON,
2026-02-13T17:00:00+00:00,1. Division,Anorthosis,Krasava Ypsonas,Over/Under Goals,Under 3.5,1.22,,,WON,
2026-02-13T17:00:00+00:00,2. Division,Ayia Napa,Nea Salamis,Over/Under Goals,Under 3.5,1.23,,,WON,
2026-02-13T17:00:00+00:00,2. Division,Karmiotissa,ASIL Lysi,1X2 / Match Winner,Home,1.57,,,WON,
2026-02-13T17:00:00+00:00,Ekstraklasa,Radomiak Radom,Korona Kielce,Over/Under Goals,Under 3.5,1.3,,,WON,
2026-02-13T17:00:00+00:00,I Liga,Górnik Łęczna,Stal Mielec,Over/Under Goals,Under 3.5,1.48,,,WON,
2026-02-13T17:00:00+00:00,Liga Premier Serie A,Cimarrones,Tritons Vallarta,Over/Under Goals,Under 3.5,1.7,,,WON,
2026-02-13T17:00:00+00:00,Prva HNL,NK Slaven Belupo,NK Lokomotiva Zagreb,Over/Under Goals,Under 3.5,1.33,,,WON,
2026-02-13T17:00:00+00:00,Super Lig,Antalyaspor,Samsunspor,Over/Under Goals,Under 3.5,1.22,,,LOST,
2026-02-13T17:00:00+00:00,Super Lig,Galatasaray,Eyüpspor,Team Total Goals,Over 1.5,1.16,,,WON,
2026-02-13T17:00:00+00:00,TFF 1. Lig,Erokspor,Manisa BBSK,Over/Under Goals,Under 3.5,1.61,,,LOST,
2026-02-13T17:00:00+00:00,TFF 1. Lig,Yeni Çorumspor,İstanbulspor,Over/Under Goals,Under 3.5,1.45,,,LOST,
2026-02-13T17:30:00+00:00,Bundesliga 2,1. FC Nürnberg,Karlsruher SC,Over/Under Goals,Under 3.5,1.5,,,LOST,
2026-02-13T17:30:00+00:00,Bundesliga 2,Fortuna Düsseldorf,Preußen Münster,Team Total Goals,Over 0.5,1.15,,,LOST,
2026-02-13T17:30:00+00:00,Frauen Bundesliga,Bayer Leverkusen W,FC Koln W,Over/Under Goals,Under 3.5,1.35,,,WON,
2026-02-13T17:30:00+00:00,Premier League,Gzira United,Valletta FC,Over/Under Goals,Under 3.5,1.22,,,WON,
2026-02-13T17:30:00+00:00,Premier Soccer League,Durban City,TS Galaxy,Over/Under Goals,Under 2.5,1.48,,,WON,
2026-02-13T17:30:00+00:00,Premier Soccer League,Magesi,Golden Arrows,Double Chance,Draw/Away,1.7,,,WON,
2026-02-13T17:30:00+00:00,Pro League,Al-Ittihad FC,Al-Fayha,Over/Under Goals,Under 3.5,1.45,,,WON,
2026-02-13T18:00:00+00:00,3. Liga,FC Viktoria Köln,Erzgebirge Aue,Over/Under Goals,Under 3.5,1.33,,,LOST,
2026-02-13T18:00:00+00:00,Liga I,Petrolul Ploiesti,Arges Pitesti,Double Chance,Home/Draw,1.45,,,WON,
2026-02-13T18:00:00+00:00,Liga Premier Serie A,Héroes de Zaci,Deportiva Venados,Over/Under Goals,Under 3.5,1.4,,,LOST,
2026-02-13T18:00:00+00:00,Ligue 1,Rennes,Paris Saint Germain,Double Chance,Draw/Away,1.16,,,LOST,
2026-02-13T18:00:00+00:00,Primera División RFEF - Group 2,Sanluqueño,Atlético Madrid II,Over/Under Goals,Under 3.5,1.17,,,WON,
2026-02-13T18:00:00+00:00,Superligaen,Randers FC,Vejle,Team Total Goals,Over 0.5,1.15,,,WON,
2026-02-13T18:30:00+00:00,Challenge League,Bellinzona,FC Vaduz,Over/Under Goals,Under 3.5,1.5,,,WON,
2026-02-13T18:30:00+00:00,Challenge League,FC WIL 1900,Rapperswil,Double Chance,Draw/Away,1.65,,,WON,
2026-02-13T18:30:00+00:00,League Cup,Njardvik,Grindavik,1X2 / Match Winner,Home,1.24,,,LOST,
2026-02-13T18:30:00+00:00,National 1,Aubagne,Bourg-en-bresse 01,Over/Under Goals,Under 3.5,1.25,,,WON,
2026-02-13T18:30:00+00:00,National 1,Chateauroux,Rouen,Double Chance,Home/Draw,1.57,,,LOST,
2026-02-13T18:30:00+00:00,National 1,Dijon,Caen,Over/Under Goals,Under 3.5,1.25,,,LOST,
2026-02-13T18:30:00+00:00,National 1,Fleury 91,Villefranche,Over/Under Goals,Under 3.5,1.25,,,LOST,
2026-02-13T18:30:00+00:00,National 1,Le Puy Foot,Orleans,Team Total Goals,Under 2.5,1.2,,,WON,
2026-02-13T18:30:00+00:00,National 1,Sochaux,Gobelins,Over/Under Goals,Under 2.5,1.67,,,WON,
2026-02-13T18:30:00+00:00,National 1,Valenciennes,Stade Briochin,Over/Under Goals,Under 3.5,1.33,,,WON,
2026-02-13T18:30:00+00:00,Primeira Liga,Santa Clara,Benfica,Over/Under Goals,Under 3.5,1.25,,,WON,
2026-02-13T19:00:00+00:00,Challenger Pro League,Club Brugge II,Patro Eisden,Over/Under Goals,Under 3.5,1.38,,,LOST,
2026-02-13T19:00:00+00:00,Challenger Pro League,K. Lierse S.K.,Seraing United,Over/Under Goals,Under 3.5,1.3,,,WON,
2026-02-13T19:00:00+00:00,Eerste Divisie,ADO Den Haag,MVV,1X2 / Match Winner,Home,1.22,,,WON,
2026-02-13T19:00:00+00:00,Eerste Divisie,Almere City FC,Helmond Sport,1X2 / Match Winner,Home,1.47,,,LOST,
2026-02-13T19:00:00+00:00,Eerste Divisie,Dordrecht,Emmen,Over/Under Goals,Over 1.5,1.17,,,LOST,
2026-02-13T19:00:00+00:00,Eerste Divisie,FC OSS,Jong AZ,Over/Under Goals,Over 1.5,1.17,,,WON,
2026-02-13T19:00:00+00:00,Eerste Divisie,Jong PSV U21,De Graafschap,Team Total Goals,Under 2.5,1.4,,,WON,
2026-02-13T19:00:00+00:00,Eerste Divisie,Waalwijk,Roda,Over/Under Goals,Over 1.5,1.18,,,WON,
2026-02-13T19:00:00+00:00,FA WSL,Manchester City W,Leicester City WFC,Over/Under Goals,Under 3.5,2.45,,,LOST,
2026-02-13T19:00:00+00:00,League Cup,Throttur Reykjavik,Breidablik,Double Chance,Home/Draw,1.25,,,WON,
2026-02-13T19:00:00+00:00,Ligue 2,Amiens,Dunkerque,Over/Under Goals,Under 3.5,1.33,,,LOST,
2026-02-13T19:00:00+00:00,Ligue 2,Clermont Foot,Rodez,Over/Under Goals,Under 3.5,1.3,,,WON,
2026-02-13T19:00:00+00:00,Ligue 2,Laval,Annecy,Over/Under Goals,Under 3.5,1.15,,,LOST,
2026-02-13T19:00:00+00:00,Ligue 2,PAU,Boulogne,Over/Under Goals,Under 3.5,1.3,,,WON,
2026-02-13T19:00:00+00:00,Ligue 2,RED Star FC 93,Nancy,Over/Under Goals,Under 3.5,1.25,,,WON,
2026-02-13T19:00:00+00:00,NB I,Ujpest,Debreceni VSC,Over/Under Goals,Under 3.5,1.42,,,WON,
2026-02-13T19:00:00+00:00,Tercera División RFEF - Group 4,Real Sociedad III,Touring,Over/Under Goals,Under 2.5,1.62,,,WON,
2026-02-13T19:15:00+00:00,Challenge League,Stade Lausanne-Ouchy,FC Aarau,Over/Under Goals,Under 3.5,1.5,,,LOST,
2026-02-13T19:15:00+00:00,Challenge League,Yverdon Sport,Stade Nyonnais,1X2 / Match Winner,Home,1.65,,,WON,
2026-02-13T19:15:00+00:00,Challenge League,Étoile Carouge,Neuchatel Xamax FC,Double Chance,Home/Draw,1.4,,,LOST,
2026-02-13T19:30:00+00:00,Bundesliga 1,Borussia Dortmund,FSV Mainz 05,Team Total Goals,Under 2.5,1.48,,,LOST,
2026-02-13T19:30:00+00:00,Ekstraklasa,GKS Katowice,Legia Warszawa,Over/Under Goals,Under 3.5,1.3,,,WON,
2026-02-13T19:45:00+00:00,Championship,Airdrie United,ST Johnstone,Over/Under Goals,Under 3.5,1.33,,,WON,
2026-02-13T19:45:00+00:00,FA Cup,Hull City,Chelsea,Over/Under Goals,Under 3.5,1.6,,,LOST,
2026-02-13T19:45:00+00:00,FA Cup,Wrexham,Ipswich,Team Total Goals,Over 0.5,1.22,,,LOST,
2026-02-13T19:45:00+00:00,First Amateur Division,Cercle Brugge II,Thes Sport,Over/Under Goals,Under 3.5,1.44,,,WON,
2026-02-13T19:45:00+00:00,First Division,Athlone Town,Finn Harps,Double Chance,Home/Draw,1.6,,,WON,
2026-02-13T19:45:00+00:00,First Division,Bray Wanderers,Longford Town,Over/Under Goals,Over 1.5,1.22,,,WON,
2026-02-13T19:45:00+00:00,First Division,Cobh Ramblers,Wexford,Over/Under Goals,Under 3.5,1.5,,,WON,
2026-02-13T19:45:00+00:00,First Division,Cork City,Treaty United,1X2 / Match Winner,Draw,4.4,,,LOST,
2026-02-13T19:45:00+00:00,First Division,UCD,Kerry,Over/Under Goals,Over 1.5,1.3,,,WON,
2026-02-13T19:45:00+00:00,Jupiler Pro League,KV Mechelen,Genk,Over/Under Goals,Under 3.5,1.38,,,LOST,
2026-02-13T19:45:00+00:00,Premier Division,Derry City,Dundalk,1X2 / Match Winner,Draw,4.5,,,WON,
2026-02-13T19:45:00+00:00,Premier Division,Drogheda United,Waterford,Double Chance,Home/Draw,1.2,,,WON,
2026-02-13T19:45:00+00:00,Premier League,Cardiff MET,llanelli AFC,Over/Under Goals,Under 3.5,1.41,,,WON,
2026-02-13T19:45:00+00:00,Premier League,Colwyn Bay,The New Saints,Over/Under Goals,Under 3.5,1.65,,,WON,
2026-02-13T19:45:00+00:00,Premier League,Haverfordwest County AFC,Bala Town,Asian Handicap,Home +0,1.49,,,WON,
2026-02-13T19:45:00+00:00,Serie A,Pisa,AC Milan,Over/Under Goals,Over 1.5,1.28,,,WON,
2026-02-13T20:00:00+00:00,I Liga,Pogoń Siedlce,Ruch Chorzów,Over/Under Goals,Under 3.5,1.33,,,WON,
2026-02-13T20:00:00+00:00,La Liga,Elche,Osasuna,Double Chance,Draw/Away,1.44,,,WON,
2026-02-13T20:00:00+00:00,Premier League,Hamrun Spartans,Zabbar St. Patrick,Over/Under Goals,Under 3.5,1.4,,,WON,
2026-02-13T20:00:00+00:00,Primera Division,UTC Cajamarca,Cusco,Over/Under Goals,Under 3.5,1.25,,,WON,
2026-02-13T20:05:00+00:00,Ligue 1,Monaco,Nantes,Over/Under Goals,Under 3.5,1.65,,,LOST,
2026-02-13T20:15:00+00:00,Primera División RFEF - Group 1,Real Madrid II,Athletic Club II,Over/Under Goals,Under 3.5,1.2,,,WON,
2026-02-13T20:45:00+00:00,Primeira Liga,Tondela,Alverca,Over/Under Goals,Under 3.5,1.2,,,WON,
2026-02-13T21:00:00+00:00,Primera Division,Everton de Vina,Huachipato,Over/Under Goals,Under 3.5,1.25,,,WON,
2026-02-13T21:00:00+00:00,Primera División,Estudiantes de Merida FC,Rayo Zuliano,Over/Under Goals,Under 3.5,1.25,,,WON,
2026-02-13T21:30:00+00:00,Division Profesional - Apertura,Club Guarani,Club Sp. San Lorenzo,Team Total Goals,Over 0.5,1.17,,,WON,
2026-02-13T22:00:00+00:00,Liga Premier Serie A,Chapulineros,Racing de Veracruz,Over/Under Goals,Under 3.5,1.62,,,WON,
2026-02-13T22:00:00+00:00,Primera División - Apertura,Cerro Largo,Wanderers,Over/Under Goals,Under 3.5,1.18,,,WON,
2026-02-13T22:00:00+00:00,Primera División,Carabobo FC,Monagas SC,Over/Under Goals,Under 2.5,1.65,,,WON,
2026-02-13T22:30:00+00:00,Catarinense - 1,Marcílio Dias,Figueirense,Asian Handicap,Home +0.25,1.51,,,WON,
2026-02-13T22:30:00+00:00,Paraibano,Treze,EC de Patos,Over/Under Goals,Under 3.5,1.25,,,LOST,
2026-02-13T22:30:00+00:00,Primera B,Real Cartagena,Depor FC,Over/Under Goals,Under 3.5,1.28,,,LOST,
2026-02-13T23:00:00+00:00,Liga de Expansión MX,Tapatío,CDS Tampico Madero,Over/Under Goals,Under 3.5,1.25,,,LOST,
2026-02-13T23:00:00+00:00,Primera Division,Independiente,Lanus,Over/Under Goals,Under 3.5,1.16,,,WON,
2026-02-13T23:30:00+00:00,Division Profesional - Apertura,Deportivo Recoleta,Sportivo Luqueno,Over/Under Goals,Under 2.5,1.55,,,LOST,
2026-02-13T23:30:00+00:00,Primera Division,Palestino,Universidad de Chile,Double Chance,Home/Draw,1.6,,,WON,
2026-02-13T23:30:00+00:00,Primera División,UCV,Metropolitanos FC,Double Chance,Home/Draw,1.18,,,WON,
2026-02-14T00:00:00+00:00,Catarinense - 1,Joinville,Carlos Renaux,Over/Under Goals,Under 3.5,1.2,,,WON,
2026-02-14T00:00:00+00:00,Liga Premier Serie A,FC Santiago,Deportivo Zap,Over/Under Goals,Under 3.5,1.2,,,LOST,
2026-02-14T00:00:00+00:00,Primera Nacional,Atletico DE Rafaela,Almagro,Over/Under Goals,Under 2.5,1.28,,,WON,
2026-02-14T00:30:00+00:00,Friendlies Clubs,Delfin SC,LDU Portoviejo,Over/Under Goals,Under 3.5,1.31,,,WON,
2026-02-14T00:30:00+00:00,Friendlies Clubs,Macara,Deportivo Cuenca,Over/Under Goals,Under 3.5,1.18,,,WON,
2026-02-14T00:30:00+00:00,Primera División - Apertura,Liverpool Montevideo,Defensor Sporting,Over/Under Goals,Under 3.5,1.2,,,WON,
2026-02-14T00:30:00+00:00,Primera Nacional,Godoy Cruz,Ciudad de Bolívar,Over/Under Goals,Under 3.5,1.19,,,WON,
2026-02-14T01:00:00+00:00,Liga MX Femenil,Tigres UANL W,Puebla W,Over/Under Goals,Under 3.5,3.35,,,LOST,
2026-02-14T01:00:00+00:00,Liga MX,Puebla,U.N.A.M. - Pumas,Over/Under Goals,Under 3.5,1.25,,,LOST,
2026-02-14T01:00:00+00:00,Liga de Expansión MX,Alebrijes de Oaxaca,Tlaxcala,Over/Under Goals,Under 3.5,1.5,,,WON,
2026-02-14T01:00:00+00:00,Liga de Expansión MX,Correcaminos Uat,Atlante FC,Over/Under Goals,Under 3.5,1.42,,,WON,
2026-02-14T01:00:00+00:00,Primera A,America de Cali,Santa Fe,Over/Under Goals,Under 3.5,1.22,,,WON,
2026-02-14T01:15:00+00:00,Primera Division,Defensa Y Justicia,Velez Sarsfield,Over/Under Goals,Under 2.5,1.4,,,WON,
2026-02-14T01:15:00+00:00,Primera Division,Union Santa Fe,San Lorenzo,Asian Handicap,Home +0,1.62,,,WON,
2026-02-14T01:30:00+00:00,Liga Premier Serie B,Gorilas de Juanacatlan,Caja Oblatos CFD,Over/Under Goals,Under 3.5,1.7,,,WON,
2026-02-14T01:30:00+00:00,Primera Division,Universitario,Cienciano,Over/Under Goals,Under 3.5,1.44,,,WON,
2026-02-14T02:00:00+00:00,Primera División,Puntarenas FC,Perez Zeledon,Over/Under Goals,Under 3.5,1.28,,,WON,
2026-02-14T03:00:00+00:00,Liga de Expansión MX,Irapuato,Dorados,Over/Under Goals,Under 2.5,2.25,,,LOST,
2026-02-14T03:05:00+00:00,Liga MX,Toluca,Club Tijuana,Over/Under Goals,Under 3.5,1.57,,,WON,
2026-02-14T04:00:00+00:00,New South Wales NPL,Western Sydney Wanderers U23,Sydney FC U23,Over/Under Goals,Under 3.5,1.5,,,LOST,
2026-02-14T04:00:00+00:00,Victoria NPL,Avondale,South Melbourne,Over/Under Goals,Under 3.5,1.5,,,WON,
2026-02-14T04:15:00+00:00,Victoria NPL 2,Manningham United Blues,Bulleen Lions,Double Chance,Home/Draw,1.44,,,WON,
2026-02-14T05:00:00+00:00,J2 League,Fujieda MYFC,Matsumoto Yamaga,Over/Under Goals,Under 3.5,1.33,,,WON,
2026-02-14T05:00:00+00:00,J2 League,Nara Club,Imabari,Team Total Goals,Over 0.5,1.6,,,WON,
2026-02-14T05:00:00+00:00,J2 League,Omiya Ardija,Consadole Sapporo,Over/Under Goals,Under 3.5,1.45,,,LOST,
2026-02-14T05:00:00+00:00,J2 League,Shonan Bellmare,Sagamihara,Asian Handicap,Away -1.25,1.52,,,LOST,
2026-02-14T05:00:00+00:00,J2 League,Thespakusatsu Gunma,Vanraure Hachinohe,Over/Under Goals,Under 3.5,1.25,,,WON,
2026-02-14T05:00:00+00:00,J2 League,Ventforet Kofu,Parceiro Nagano,Over/Under Goals,Under 3.5,1.33,,,WON,
2026-02-14T05:00:00+00:00,J2 League,Yokohama FC,Vegalta Sendai,Over/Under Goals,Under 3.5,1.25,,,WON,
2026-02-14T05:15:00+00:00,New South Wales NPL 2,Northern Tigers,Prospect United,Over/Under Goals,Under 3.5,1.6,,,WON,
2026-02-14T05:30:00+00:00,New South Wales NPL,APIA Leichhardt Tigers,NWS Spirit,Over/Under Goals,Under 3.5,1.48,,,LOST,
2026-02-14T06:00:00+00:00,A-League,Melbourne Victory,Brisbane Roar,Over/Under Goals,Over 1.5,1.25,,,WON,
2026-02-14T06:00:00+00:00,J. League Div.1,Kashima,Yokohama F. Marinos,Double Chance,Home/Draw,1.15,,,WON,
2026-02-14T06:00:00+00:00,New South Wales NPL 2,Hills Brumbies,Dulwich Hill,Asian Handicap,Home +0,1.49,,,WON,
2026-02-14T06:00:00+00:00,New South Wales NPL 2,Newcastle Jets II,Bulls Academy,Double Chance,Home/Draw,1.53,,,LOST,
2026-02-14T06:00:00+00:00,New South Wales NPL,SD Raiders,Sydney Olympic,Over/Under Goals,Over 1.5,1.2,,,WON,
2026-02-14T06:30:00+00:00,New South Wales NPL,Sutherland Sharks,Sydney United,Over/Under Goals,Under 3.5,1.36,,,WON,
2026-02-14T07:00:00+00:00,New South Wales NPL 2,Bankstown City Lions,Hakoah Sydney City,Asian Handicap,Away -1.25,1.51,,,WON,
2026-02-14T07:00:00+00:00,Premier League,North District,Eastern,Team Total Goals,Over 1.5,1.4,,,LOST,
2026-02-14T07:00:00+00:00,Victoria NPL,Sunshine Georgies,Bentleigh Greens,Over/Under Goals,Under 3.5,1.53,,,WON,
2026-02-14T07:30:00+00:00,New South Wales NPL 2,Rydalmere Lions,Hurstville FC,Over/Under Goals,Under 3.5,1.67,,,WON,
2026-02-14T08:00:00+00:00,New South Wales NPL 2,Inter Lions,Canterbury Bankstown,Over/Under Goals,Under 3.5,1.41,,,LOST,
2026-02-14T08:00:00+00:00,New South Wales NPL 2,Mt Druitt Town,Blacktown Spartans,Over/Under Goals,Under 3.5,1.64,,,WON,
2026-02-14T08:00:00+00:00,New South Wales NPL,Blacktown City,Manly United,Over/Under Goals,Under 3.5,1.62,,,WON,
2026-02-14T08:00:00+00:00,Super League,Talanta,Vihiga United FC,Over/Under Goals,Under 2.5,1.28,,,LOST,
2026-02-14T08:00:00+00:00,Victoria NPL 2,Langwarrin,North Sunshine Eagles,Double Chance,Draw/Away,1.4,,,WON,
2026-02-14T08:15:00+00:00,New South Wales NPL,St George City FA,St. George Saints,Asian Handicap,Home +0.25,1.62,,,WON,
2026-02-14T08:30:00+00:00,Liga 1,PSM Makassar,Dewa United,Over/Under Goals,Under 3.5,1.33,,,WON,
2026-02-14T08:30:00+00:00,Liga 2,Adhyaksa,Persikad Depok FC,Over/Under Goals,Under 3.5,1.56,,,WON,
2026-02-14T08:30:00+00:00,Liga 2,Garudayaksa,Persekat,1X2 / Match Winner,Home,1.48,,,WON,
2026-02-14T08:30:00+00:00,Liga 2,PSS Sleman,Deltras,Over/Under Goals,Under 3.5,1.34,,,LOST,
2026-02-14T08:35:00+00:00,A-League,Sydney,Adelaide United,Over/Under Goals,Under 3.5,1.62,,,WON,
2026-02-14T08:45:00+00:00,Victoria NPL,St. Albans Saints,Dandenong City,1X2 / Match Winner,Draw,3.9,,,WON,
2026-02-14T10:00:00+00:00,2. Lig,24 Erzincanspor,Şanlıurfaspor,Over/Under Goals,Under 3.5,1.25,,,LOST,
2026-02-14T10:00:00+00:00,3. Lig - Group 2,Niğde Belediyesispor,Silifke Belediyespor,Over/Under Goals,Under 3.5,1.18,,,WON,
2026-02-14T10:00:00+00:00,3. Lig - Group 3,Düzcespor,1926 Bulancak,1X2 / Match Winner,Home,1.6,,,WON,
2026-02-14T10:00:00+00:00,Campionato Primavera - 2,Pisa U19,Avellino U19,Over/Under Goals,Under 3.5,1.41,,,LOST,
2026-02-14T10:00:00+00:00,Campionato Primavera - 2,Ternana U19,Bari U19,Asian Handicap,Home +0,1.48,,,WON,
2026-02-14T10:00:00+00:00,Friendlies Clubs,Jastrzębie,Zaglebie Sosnowiec,Over/Under Goals,Under 3.5,1.55,,,LOST,
2026-02-14T10:00:00+00:00,Friendlies Clubs,Paide,Kalju Nomme,Over/Under Goals,Under 3.5,1.5,,,WON,
2026-02-14T10:30:00+00:00,Campionato Primavera - 2,Spezia U19,Ascoli U19,Over/Under Goals,Over 1.5,1.21,,,WON,
2026-02-14T10:30:00+00:00,Campionato Primavera - 2,Udinese U19,Sudtirol U19,Double Chance,Draw/Away,1.67,,,LOST,
2026-02-14T10:30:00+00:00,TFF 1. Lig,Bandırmaspor,Serik Belediyespor,1X2 / Match Winner,Home,1.16,,,LOST,
2026-02-14T11:00:00+00:00,2. Lig,Ankara Demirspor,Hekimoğlu Trabzon,Double Chance,Home/Draw,1.4,,,WON,
2026-02-14T11:00:00+00:00,C-League,Angkor Tiger,Phnom Penh Crown,Asian Handicap,Home +1.25,1.56,,,WON,
2026-02-14T11:00:00+00:00,C-League,NagaWorld,Boeung Ket,Over/Under Goals,Under 3.5,1.28,,,WON,
2026-02-14T11:00:00+00:00,FKF Premier League,Bandari,AFC Leopards,Over/Under Goals,Under 2.5,1.33,,,WON,
2026-02-14T11:00:00+00:00,Frauen Bundesliga,SC Freiburg W,Union Berlin W,Over/Under Goals,Under 3.5,1.5,,,WON,
2026-02-14T11:00:00+00:00,Friendlies Clubs,Hobro,Vendsyssel FF,Over/Under Goals,Under 3.5,1.62,,,WON,
2026-02-14T11:00:00+00:00,Friendlies Clubs,Ślęza Wrocław,Kluczbork,Double Chance,Home/Draw,1.53,,,LOST,
2026-02-14T11:00:00+00:00,Gamma Ethniki - Group 5,Apollon Kalyt.,Aris Petroupolis,Over/Under Goals,Under 3.5,1.25,,,WON,
2026-02-14T11:00:00+00:00,League Cup,KuPS,Ilves,Over/Under Goals,Under 3.5,1.67,,,WON,
2026-02-14T11:00:00+00:00,Liga 3,AD Marco 09,Paredes,Double Chance,Draw/Away,1.3,,,WON,
2026-02-14T11:00:00+00:00,Primera División Femenina,FC Levante Badalona,Granad. Tenerife W,Over/Under Goals,Under 3.5,1.18,,,WON,
2026-02-14T11:00:00+00:00,Primera División Femenina,Granada,Levante W,Over/Under Goals,Under 3.5,1.28,,,WON,
2026-02-14T11:00:00+00:00,Segunda Liga,Feirense,Chaves,Over/Under Goals,Under 3.5,1.17,,,WON,
2026-02-14T11:00:00+00:00,Thai League 1,Kanchanaburi,Port FC,Over/Under Goals,Under 3.5,1.44,,,LOST,
2026-02-14T11:00:00+00:00,Thai League 1,Ratchaburi,Prachuap,Over/Under Goals,Under 3.5,1.36,,,WON,
2026-02-14T11:00:00+00:00,Thai League 2,Khon Kaen United,Chanthaburi,Over/Under Goals,Over 1.5,1.15,,,WON,
2026-02-14T11:30:00+00:00,League Cup,HK Kopavogur,Fram Reykjavik,Asian Handicap,Home +1.25,1.9,,,WON,
2026-02-14T11:30:00+00:00,Persian Gulf Pro League,Kheybar Khorramabad,Malavan,BTTS,No,1.53,,,WON,
2026-02-14T11:30:00+00:00,Serie A Women,Como W,Sassuolo W,Over/Under Goals,Under 3.5,1.28,,,WON,
2026-02-14T11:30:00+00:00,Serie A Women,Ternana W,Genoa W,Over/Under Goals,Under 3.5,1.33,,,LOST,
2026-02-14T11:30:00+00:00,Super Lig,Genclerbirligi,Rizespor,Over/Under Goals,Over 1.5,1.33,,,WON,
2026-02-14T11:30:00+00:00,Thai League 1,Sukhothai FC,Ayutthaya FC,Over/Under Goals,Under 3.5,1.33,,,WON,
2026-02-14T11:30:00+00:00,Thai League 2,Trat FC,Esan Pattaya,Over/Under Goals,Under 3.5,1.33,,,WON,
2026-02-14T11:45:00+00:00,First NL,Dugopolje,Rudes,Asian Handicap,Home +0,1.55,,,WON,
2026-02-14T12:00:00+00:00,2. Lig,Aliağa FAŞ,Muş Menderesspor,Double Chance,Draw/Away,1.65,,,LOST,
2026-02-14T12:00:00+00:00,2. Lig,Beyoğlu Yeni Çarşı,Altınordu,Over/Under Goals,Under 2.5,1.85,,,WON,
2026-02-14T12:00:00+00:00,2. Lig,Elazığspor,Karacabey Belediyespor,Over/Under Goals,Under 3.5,1.36,,,WON,
2026-02-14T12:00:00+00:00,2. Lig,Kepez Belediyespor,Tuzlaspor,Double Chance,Home/Draw,1.5,,,LOST,
2026-02-14T12:00:00+00:00,2. Lig,İnegölspor,Ankaraspor,Over/Under Goals,Under 3.5,1.22,,,LOST,
2026-02-14T12:00:00+00:00,3. Lig - Group 1,Bursa Yıldırımspor,Kartal Bulvarspor,Asian Handicap,Away -1.25,1.53,,,WON,
2026-02-14T12:00:00+00:00,Bundesliga 2,1. FC Kaiserslautern,SpVgg Greuther Fürth,Team Total Goals,Over 0.5,1.4,,,LOST,
2026-02-14T12:00:00+00:00,Bundesliga 2,Eintracht Braunschweig,SV Darmstadt 98,Over/Under Goals,Under 3.5,1.44,,,LOST,
2026-02-14T12:00:00+00:00,Bundesliga 2,Hertha BSC,Hannover 96,Over/Under Goals,Over 1.5,1.2,,,WON,
2026-02-14T12:00:00+00:00,Campeonato de Portugal Prio - Group C,Lusitânia,Os Marialvas,Double Chance,Home/Draw,1.67,,,LOST,
2026-02-14T12:00:00+00:00,First League,Tikveš,Shkendija,Over/Under Goals,Over 1.5,1.29,,,WON,
2026-02-14T12:00:00+00:00,League Cup,Leiknir R.,Fylkir,Over/Under Goals,Under 3.5,1.93,,,WON,
2026-02-14T12:00:00+00:00,League Cup,Turku PS,Gnistan,Over/Under Goals,Under 3.5,1.67,,,WON,
2026-02-14T12:00:00+00:00,Liga 1,Persebaya Surabaya,Bhayangkara FC,Over/Under Goals,Under 3.5,1.22,,,WON,
2026-02-14T12:00:00+00:00,Liga 2,PSMS Medan,Sumsel United,Double Chance,Draw/Away,1.53,,,LOST,
2026-02-14T12:00:00+00:00,Prva Liga,Dinamo Jug,Grafičar,Over/Under Goals,Under 3.5,1.18,,,WON,
2026-02-14T12:00:00+00:00,Prva Liga,Semendrija 1924,Tekstilac Odžaci,Over/Under Goals,Under 2.5,1.57,,,WON,
2026-02-14T12:00:00+00:00,Prva Liga,Zemun,Kabel Novi Sad,Over/Under Goals,Under 3.5,1.17,,,WON,
2026-02-14T12:00:00+00:00,Super League,Kibera Black Stars,Soy United,Double Chance,Draw/Away,1.62,,,LOST,
2026-02-14T12:00:00+00:00,Super Liga,Napredak,Radnicki NIS,Over/Under Goals,Under 3.5,1.26,,,LOST,
2026-02-14T12:00:00+00:00,Thai League 1,BG Pathum United,Buriram United,Over/Under Goals,Over 1.5,1.25,,,WON,
2026-02-14T12:00:00+00:00,Thai League 2,Rasi Salai United,Songkhla,Over/Under Goals,Under 3.5,1.34,,,WON,
2026-02-14T12:30:00+00:00,1st Division,FK Kukesi,Korabi Peshkopi,Over/Under Goals,Under 3.5,1.25,,,LOST,
2026-02-14T12:30:00+00:00,1st Division,Laci,Besa Kavajë,Over/Under Goals,Under 3.5,1.2,,,WON,
2026-02-14T12:30:00+00:00,1st Division,Luftëtari,Kastrioti Krujë,Over/Under Goals,Under 3.5,1.37,,,WON,
2026-02-14T12:30:00+00:00,League One,Reading,Wycombe,Over/Under Goals,Under 3.5,1.28,,,LOST,
2026-02-14T12:30:00+00:00,League One,Stevenage,Huddersfield,Over/Under Goals,Over 1.5,1.44,,,LOST,
2026-02-14T12:30:00+00:00,League Two,Barnet,Cheltenham,Over/Under Goals,Under 3.5,1.33,,,WON,
2026-02-14T12:30:00+00:00,Liga I,Metaloglobus,Oţelul,Over/Under Goals,Under 3.5,1.36,,,WON,
2026-02-14T12:30:00+00:00,Premier League,Penybont,GAP Connah S Quay FC,Over/Under Goals,Under 3.5,1.34,,,WON,
2026-02-14T12:30:00+00:00,Super League Women,Anderlecht W,Standard Liege W,Over/Under Goals,Under 3.5,1.46,,,WON,
2026-02-14T12:30:00+00:00,Superliga,Vora,Egnatia Rrogozhinë,Over/Under Goals,Under 2.5,1.5,,,WON,
2026-02-14T12:30:00+00:00,Thai League 2,Phrae United,Chainat,Over/Under Goals,Over 1.5,1.21,,,WON,
2026-02-14T12:45:00+00:00,First League,CSKA 1948,CSKA Sofia,Over/Under Goals,Under 3.5,1.22,,,WON,
2026-02-14T13:00:00+00:00,2. Division,Doxa,MEAP Nisou,Over/Under Goals,Under 3.5,1.29,,,WON,
2026-02-14T13:00:00+00:00,2. Division,Ethnikos Latsion,AE Zakakiou,Over/Under Goals,Under 3.5,1.27,,,WON,
2026-02-14T13:00:00+00:00,2. Division,Halkanoras,Ahironas / Onisilos,Result + Total Goals,Home/Over 1.5,1.59,,,WON,
2026-02-14T13:00:00+00:00,2. Division,Iraklis Yerolakkou,Digenis Morphou,1X2 / Match Winner,Draw,3.4,,,LOST,
2026-02-14T13:00:00+00:00,2. Division,Spartakos Kitiou,APEA,Over/Under Goals,Under 3.5,1.34,,,WON,
2026-02-14T13:00:00+00:00,3. Liga,FC Saarbrücken,Stuttgart II,Over/Under Goals,Under 3.5,1.48,,,WON,
2026-02-14T13:00:00+00:00,3. Liga,Hansa Rostock,VfL Osnabrück,1X2 / Match Winner,Draw,3.74,,,WON,
2026-02-14T13:00:00+00:00,3. Liga,Havelse,TSV 1860 München,Over/Under Goals,Over 1.5,1.2,,,WON,
2026-02-14T13:00:00+00:00,3. Liga,SV Wehen,MSV Duisburg,Double Chance,Home/Draw,1.42,,,WON,
2026-02-14T13:00:00+00:00,3. Liga,Verl,Hoffenheim II,Double Chance,Home/Draw,1.22,,,WON,
2026-02-14T13:00:00+00:00,CAF Champions League,Al Hilal Omdurman,Saint Eloi Lupopo,Over/Under Goals,Under 3.5,1.15,,,WON,
2026-02-14T13:00:00+00:00,Division 1,Al Bukayriyah,Al Zulfi,Double Chance,Home/Draw,1.62,,,LOST,
2026-02-14T13:00:00+00:00,FKF Premier League,Mathare United,Tusker,Double Chance,Home/Draw,1.53,,,WON,
2026-02-14T13:00:00+00:00,FKF Premier League,Posta Rangers FC,Shabana,Double Chance,Home/Draw,1.57,,,LOST,
2026-02-14T13:00:00+00:00,Frauen Bundesliga,RB Leipzig W,Nürnberg,1X2 / Match Winner,Home,1.6,,,WON,
2026-02-14T13:00:00+00:00,La Liga,Espanyol,Celta Vigo,Asian Handicap,Away -0.5,1.53,,,WON,
2026-02-14T13:00:00+00:00,Ligat Ha'al,Hapoel Petah Tikva,Hapoel Haifa,Over/Under Goals,Under 3.5,1.36,,,WON,
2026-02-14T13:00:00+00:00,Ligue 1,AS Soliman,AS Marsa,Over/Under Goals,Under 2.5,1.38,,,WON,
2026-02-14T13:00:00+00:00,Ligue 2,Grenoble,Reims,Team Total Goals,Under 2.5,1.15,,,WON,
2026-02-14T13:00:00+00:00,Ligue 2,Khroub,USM Annaba,Double Chance,Home/Draw,1.17,,,LOST,
2026-02-14T13:00:00+00:00,Ligue 2,Montpellier,Le Mans,Over/Under Goals,Under 3.5,1.22,,,LOST,
2026-02-14T13:00:00+00:00,Premyer Liqa,Zira,Karvan,Over/Under Goals,Under 3.5,1.56,,,WON,
2026-02-14T13:00:00+00:00,Primera División RFEF - Group 1,Cacereño,Pontevedra,Over/Under Goals,Under 3.5,1.2,,,WON,
2026-02-14T13:00:00+00:00,Regionalliga - West,Köln II,Sportfreunde Lotte,Asian Handicap,Home +0.25,1.45,,,WON,
2026-02-14T13:00:00+00:00,Regionalliga - West,SV Rodinghausen,Borussia M'gladbach II,Over/Under Goals,Under 3.5,1.55,,,WON,
2026-02-14T13:00:00+00:00,Segunda Division,Cordoba,Leganes,Over/Under Goals,Under 3.5,1.25,,,WON,
2026-02-14T13:00:00+00:00,Super League 2,Anagennisi Karditsas,Niki Volos,1X2 / Match Winner,Draw,3.25,,,WON,
2026-02-14T13:00:00+00:00,Super League 2,Iraklis 1908,Asteras Tripolis II,Over/Under Goals,Under 3.5,1.26,,,WON,
2026-02-14T13:00:00+00:00,Super League 2,Kampaniakos Chalastra,Nestos Chrisoupolis,Over/Under Goals,Under 3.5,1.17,,,WON,
2026-02-14T13:00:00+00:00,Super League 2,Makedonikos Neapolis,PAS Giannina,Over/Under Goals,Under 2.5,1.57,,,WON,
2026-02-14T13:00:00+00:00,Super League 2,PAOK II,Kavala,Over/Under Goals,Under 3.5,1.18,,,LOST,
2026-02-14T13:00:00+00:00,TFF 1. Lig,Sivasspor,Van BB,Over/Under Goals,Under 3.5,1.25,,,LOST,
2026-02-14T13:05:00+00:00,Division 1,Al Orubah,Al-Adalah,Over/Under Goals,Over 1.5,1.22,,,WON,
2026-02-14T13:05:00+00:00,Division 1,Al Taee,Al Jubail,1X2 / Match Winner,Home,1.43,,,WON,
2026-02-14T13:30:00+00:00,1st Division,Baroka FC,The Bees,Asian Handicap,Home +0.25,1.45,,,WON,
2026-02-14T13:30:00+00:00,1st Division,Leicesterfield,University of Pretoria,Double Chance,Home/Draw,1.55,,,WON,
2026-02-14T13:30:00+00:00,Campionato Primavera - 2,Empoli U19,Palermo U19,Over/Under Goals,Over 1.5,1.16,,,WON,
2026-02-14T13:30:00+00:00,Campionato Primavera - 2,Padova U19,Vicenza U19,Over/Under Goals,Under 3.5,1.36,,,WON,
2026-02-14T13:30:00+00:00,Campionato Primavera - 2,Pro Vercelli U19,Como U19,Over/Under Goals,Under 3.5,1.47,,,WON,
2026-02-14T13:30:00+00:00,Campionato Primavera - 2,Renate U19,Sampdoria U19,Double Chance,Home/Draw,1.55,,,WON,
2026-02-14T13:30:00+00:00,First NL,Dubrava Zagreb,Opatija,1X2 / Match Winner,Draw,2.92,,,LOST,
2026-02-14T13:30:00+00:00,First NL,Jarun,Sesvete,Asian Handicap,Home +0,1.42,,,LOST,
2026-02-14T13:30:00+00:00,League Cup,FF Jaro,VPS,BTTS,Yes,1.4,,,LOST,
2026-02-14T13:30:00+00:00,Persian Gulf Pro League,Gol Gohar,Persepolis FC,Asian Handicap,Home +0.25,1.65,,,WON,
2026-02-14T13:30:00+00:00,Premier Soccer League,Orlando Pirates,Marumo Gallants,Team Total Goals,Over 0.5,1.15,,,WON,
2026-02-14T13:30:00+00:00,Pro League,Khorfakkan,Ajman,Over/Under Goals,Under 3.5,1.38,,,LOST,
2026-02-14T13:30:00+00:00,Serie C - Girone C,Benevento,Latina,Over/Under Goals,Under 3.5,1.33,,,WON,
2026-02-14T13:30:00+00:00,Serie C - Girone C,Casarano,Casertana,Over/Under Goals,Under 3.5,1.25,,,LOST,
2026-02-14T13:30:00+00:00,Serie C - Girone C,Cavese,Salernitana,Over/Under Goals,Under 2.5,1.62,,,WON,
2026-02-14T13:30:00+00:00,Serie C - Girone C,Cosenza,Audace Cerignola,Over/Under Goals,Under 3.5,1.25,,,WON,
2026-02-14T13:30:00+00:00,Serie C - Girone C,Giugliano,Trapani 1905,Over/Under Goals,Under 3.5,1.2,,,LOST,
2026-02-14T13:30:00+00:00,Serie C - Girone C,SS Monopoli,Sorrento,Over/Under Goals,Under 3.5,1.17,,,WON,
2026-02-14T13:30:00+00:00,Serie D - Girone B,Milan II,Breno,Double Chance,Home/Draw,1.22,,,WON,
2026-02-14T13:30:00+00:00,Serie D - Girone D,Imolese,Progresso,Over/Under Goals,Under 2.5,1.5,,,LOST,
2026-02-14T13:30:00+00:00,Tweede Divisie,ACV,Spakenburg,Asian Handicap,Home +1.25,1.43,,,WON,
2026-02-14T13:30:00+00:00,Tweede Divisie,Excelsior Maassluis,Rijnsburgse Boys,Over/Under Goals,Over 1.5,1.16,,,WON,
2026-02-14T13:30:00+00:00,Tweede Divisie,GVVV Veenendaal,Barendrecht,Asian Handicap,Away -1.25,1.5,,,WON,
2026-02-14T13:30:00+00:00,Tweede Divisie,HHC,Almere City II,Over/Under Goals,Under 3.5,1.45,,,LOST,
2026-02-14T13:45:00+00:00,Ekstraklasa,Cracovia Krakow,Jagiellonia,Double Chance,Draw/Away,1.5,,,WON,
2026-02-14T13:45:00+00:00,NB I,MTK Budapest,Puskas Academy,Over/Under Goals,Over 1.5,1.2,,,WON,
2026-02-14T13:45:00+00:00,Serie A Women,AC Milan W,Fiorentina W,Over/Under Goals,Under 3.5,1.36,,,WON,
2026-02-14T13:55:00+00:00,Pro League,Al Riyadh,Al Khaleej Saihat,Over/Under Goals,Under 3.5,1.33,,,WON,
2026-02-14T14:00:00+00:00,1. Division,Akritas,Aris,Over/Under Goals,Under 3.5,1.5,,,WON,
2026-02-14T14:00:00+00:00,1. Liga Promotion,Bavois,Breitenrain,Over/Under Goals,Under 3.5,1.49,,,WON,
2026-02-14T14:00:00+00:00,1. Liga Promotion,Lugano II,Cham,Double Chance,Home/Draw,1.53,,,LOST,
2026-02-14T14:00:00+00:00,1. Liga Promotion,Paradiso,Brühl,Double Chance,Home/Draw,1.53,,,LOST,
2026-02-14T14:00:00+00:00,1. SNL,Celje,Mura,Team Total Goals,Under 2.5,1.77,,,LOST,
2026-02-14T14:00:00+00:00,Botola 2,KAC Kenitra,Chabab Mohammédia,Asian Handicap,Home +0.25,1.47,,,LOST,
2026-02-14T14:00:00+00:00,Campionato,Cailungo,La Fiorita,Over/Under Goals,Under 3.5,1.5,,,WON,
2026-02-14T14:00:00+00:00,Campionato,Juvenes / Dogana,Domagnano,Asian Handicap,Home +0.25,1.53,,,LOST,
2026-02-14T14:00:00+00:00,Campionato,Murata,San Marino Academy,Over/Under Goals,Under 3.5,1.28,,,LOST,
2026-02-14T14:00:00+00:00,Campionato,San Giovanni,Pennarossa,Over/Under Goals,Under 3.5,1.23,,,WON,
2026-02-14T14:00:00+00:00,Czech Liga,Dukla Praha,Zlin,Over/Under Goals,Under 3.5,1.2,,,WON,
2026-02-14T14:00:00+00:00,Czech Liga,Karviná,Slavia Praha,Over/Under Goals,Under 3.5,1.44,,,LOST,
2026-02-14T14:00:00+00:00,Czech Liga,Slovácko,Bohemians 1905,Over/Under Goals,Under 3.5,1.2,,,WON,
2026-02-14T14:00:00+00:00,FAW Championship,Brickfield Rangers,Ruthin Town,Over/Under Goals,Under 3.5,1.48,,,WON,
2026-02-14T14:00:00+00:00,FAW Championship,Cardiff Draconians,Baglan Dragons,Over/Under Goals,Under 3.5,1.29,,,LOST,
2026-02-14T14:00:00+00:00,FAW Championship,Llantwit Major,Cwmbran Celtic,Over/Under Goals,Under 3.5,1.42,,,LOST,
2026-02-14T14:00:00+00:00,FAW Championship,Penrhyncoch,Mold Alexandra,Double Chance,Home/Draw,1.5,,,WON,
2026-02-14T14:00:00+00:00,FAW Championship,Rhyl,Airbus UK,Over/Under Goals,Under 3.5,1.68,,,LOST,
2026-02-14T14:00:00+00:00,FAW Championship,Ynyshir Albions,Pontypridd Town,Over/Under Goals,Under 3.5,1.38,,,LOST,
2026-02-14T14:00:00+00:00,League Cup,KR Reykjavik,IR Reykjavik,1X2 / Match Winner,Home,1.25,,,LOST,
2026-02-14T14:00:00+00:00,Ligue 1,MB Rouisset,Mostaganem,Over/Under Goals,Under 2.5,1.3,,,WON,
2026-02-14T14:00:00+00:00,Ligue 1,Paradou AC,Ben Aknoun,Over/Under Goals,Under 3.5,1.18,,,LOST,
2026-02-14T14:00:00+00:00,National 2 - Group B,Chantilly,Chambly Thelle FC,Over/Under Goals,Under 3.5,1.15,,,WON,
2026-02-14T14:00:00+00:00,Paulista - A4,Colorado Caieiras,Jabaquara,Over/Under Goals,Under 2.5,1.45,,,WON,
2026-02-14T14:00:00+00:00,Premyer Liqa,Mil-Muğan,Qarabag,Over/Under Goals,Under 3.5,1.45,,,WON,
2026-02-14T14:00:00+00:00,Prva HNL,Dinamo Zagreb,Istra 1961,Over/Under Goals,Over 1.5,1.2,,,WON,
2026-02-14T14:00:00+00:00,Segunda Liga,Academico Viseu,Oliveirense,Over/Under Goals,Under 3.5,1.33,,,LOST,
2026-02-14T14:00:00+00:00,Serie A,Como,Fiorentina,Team Total Goals,Over 0.5,1.15,,,WON,
2026-02-14T14:00:00+00:00,Serie B,Modena,Carrarese,Over/Under Goals,Under 2.5,1.83,,,WON,
2026-02-14T14:00:00+00:00,Serie B,Palermo,Virtus Entella,1X2 / Match Winner,Home,1.68,,,WON,
2026-02-14T14:00:00+00:00,Serie B,Sampdoria,Padova,Over/Under Goals,Under 3.5,1.22,,,WON,
2026-02-14T14:00:00+00:00,Serie D - Girone A,Sestri Levante,Gozzano,Over/Under Goals,Under 3.5,1.25,,,WON,
2026-02-14T14:00:00+00:00,Super Lig,Alanyaspor,Konyaspor,Over/Under Goals,Under 3.5,1.28,,,WON,
2026-02-14T14:00:00+00:00,Super Liga,FK Partizan,FK Spartak Zdrepceva KRV,1X2 / Match Winner,Home,1.22,,,WON,
2026-02-14T14:00:00+00:00,Tweede Divisie,Ijsselmeervogels,Kozakken Boys,Over/Under Goals,Under 3.5,1.46,,,WON,
2026-02-14T14:00:00+00:00,Tweede Divisie,Quick Boys,AFC Amsterdam,Over/Under Goals,Over 1.5,1.18,,,WON,
2026-02-14T14:00:00+00:00,Tweede Divisie,Sparta Rotterdam II,Koninklijke HFC,Double Chance,Home/Draw,1.44,,,WON,
2026-02-14T14:30:00+00:00,1. Liga Promotion,FC Schaffhausen,Kreuzlingen,Over/Under Goals,Under 3.5,1.54,,,WON,
2026-02-14T14:30:00+00:00,Bundesliga 1,1899 Hoffenheim,SC Freiburg,Asian Handicap,Home +0,1.4,,,WON,
2026-02-14T14:30:00+00:00,Bundesliga 1,Bayer Leverkusen,FC St. Pauli,Over/Under Goals,Under 3.5,1.35,,,LOST,
2026-02-14T14:30:00+00:00,Bundesliga 1,Eintracht Frankfurt,Borussia Mönchengladbach,Over/Under Goals,Over 1.5,1.22,,,WON,
2026-02-14T14:30:00+00:00,Bundesliga 1,Hamburger SV,Union Berlin,Over/Under Goals,Under 3.5,1.25,,,LOST,
2026-02-14T14:30:00+00:00,Bundesliga 1,Werder Bremen,Bayern München,Over/Under Goals,Under 3.5,1.95,,,WON,
2026-02-14T14:30:00+00:00,Campionato Primavera - 2,Lecco U19,Cittadella U19,Over/Under Goals,Over 1.5,1.16,,,WON,
2026-02-14T14:30:00+00:00,Iraqi League,Diyala,Al-Karma,Double Chance,Home/Draw,1.5,,,WON,
2026-02-14T14:30:00+00:00,Premier League,Caernarfon Town,Barry Town,Over/Under Goals,Under 3.5,1.41,,,WON,
2026-02-14T14:30:00+00:00,Premier League,Flint Town United,Briton Ferry,Double Chance,Home/Draw,1.2,,,WON,
2026-02-14T14:30:00+00:00,Super Liga,Podbrezová,Ružomberok,Asian Handicap,Home +0,1.48,,,WON,
2026-02-14T14:30:00+00:00,Super Liga,Skalica,Zemplín Michalovce,Over/Under Goals,Under 3.5,1.28,,,WON,
2026-02-14T14:30:00+00:00,Super Liga,Slovan Bratislava,AS Trencin,Over/Under Goals,Under 3.5,1.7,,,WON,
2026-02-14T15:00:00+00:00,1. Liga Promotion,Bulle,Zürich II,Team Total Goals,Over 0.5,1.15,,,WON,
2026-02-14T15:00:00+00:00,Botola Pro,Ittihad Tanger,Olympique Dcheïra,Asian Handicap,Home +0,1.5,,,LOST,
2026-02-14T15:00:00+00:00,Campeonato de Portugal Prio - Group C,Peniche,Fátima,Double Chance,Home/Draw,1.3,,,WON,
2026-02-14T15:00:00+00:00,Challenger Pro League,Lommel United,RSC Anderlecht II,Over/Under Goals,Under 3.5,1.53,,,WON,
2026-02-14T15:00:00+00:00,Championship,Derby,Swansea,Asian Handicap,Away -0.5,1.7,,,LOST,
2026-02-14T15:00:00+00:00,Championship,Morton,Raith Rovers,Double Chance,Home/Draw,1.53,,,WON,
2026-02-14T15:00:00+00:00,Championship,Portsmouth,Sheffield Utd,Over/Under Goals,Under 3.5,1.3,,,WON,
2026-02-14T15:00:00+00:00,Championship,Preston,Watford,Asian Handicap,Home +0.5,1.6,,,WON,
2026-02-14T15:00:00+00:00,Championship,QPR,Blackburn,Asian Handicap,Home +0,1.6,,,LOST,
2026-02-14T15:00:00+00:00,Championship,Ross County,Queen's Park,Over/Under Goals,Under 3.5,1.44,,,WON,
2026-02-14T15:00:00+00:00,Championship,Sheffield Wednesday,Millwall,Over/Under Goals,Under 3.5,1.33,,,WON,
2026-02-14T15:00:00+00:00,FA Cup,Burnley,Mansfield Town,Over/Under Goals,Under 3.5,1.42,,,WON,
2026-02-14T15:00:00+00:00,FA Cup,Manchester City,Salford City,Over/Under Goals,Under 3.5,2.7,,,WON,
2026-02-14T15:00:00+00:00,FA Cup,Norwich,West Brom,Over/Under Goals,Under 3.5,1.33,,,LOST,
2026-02-14T15:00:00+00:00,Football League - Highland League,Formartine United,Fraserburgh,Over/Under Goals,Over 1.5,1.15,,,WON,
2026-02-14T15:00:00+00:00,Football League - Lowland League,Caledonian Braves,Gala Fairydean Rovers,Double Chance,Home/Draw,1.17,,,WON,
2026-02-14T15:00:00+00:00,Football League - Lowland League,Clydebank,Tranent Juniors,Asian Handicap,Home +0.25,1.42,,,LOST,
2026-02-14T15:00:00+00:00,Jupiler Pro League,OH Leuven,Dender,Over/Under Goals,Under 3.5,1.25,,,LOST,
2026-02-14T15:00:00+00:00,Júniores U19,Chaves U19,Vizela U19,Over/Under Goals,Under 3.5,1.56,,,WON,
2026-02-14T15:00:00+00:00,League One,Barnsley,AFC Wimbledon,Team Total Goals,Over 0.5,1.18,,,WON,
2026-02-14T15:00:00+00:00,League One,Blackpool,Plymouth,Over/Under Goals,Under 3.5,1.36,,,LOST,
2026-02-14T15:00:00+00:00,League One,Bradford,Peterborough,Over/Under Goals,Under 3.5,1.35,,,WON,
2026-02-14T15:00:00+00:00,League One,Cardiff,Luton,Asian Handicap,Home +0,1.42,,,WON,
2026-02-14T15:00:00+00:00,League One,East Fife,Cove Rangers,Over/Under Goals,Under 3.5,1.3,,,WON,
2026-02-14T15:00:00+00:00,League One,Exeter City,Northampton,Over/Under Goals,Over 1.5,1.4,,,LOST,
2026-02-14T15:00:00+00:00,League One,Kelty Hearts,Peterhead,Over/Under Goals,Under 3.5,1.3,,,WON,
2026-02-14T15:00:00+00:00,League One,Lincoln,Bolton,Double Chance,Home/Draw,1.42,,,WON,
2026-02-14T15:00:00+00:00,League One,Queen of the South,Alloa Athletic,Over/Under Goals,Over 1.5,1.25,,,WON,
2026-02-14T15:00:00+00:00,League One,Stenhousemuir,Montrose,Over/Under Goals,Under 3.5,1.28,,,LOST,
2026-02-14T15:00:00+00:00,League Two,Annan Athletic,East Kilbride,Double Chance,Home/Draw,1.55,,,LOST,
2026-02-14T15:00:00+00:00,League Two,Barrow,Colchester,Over/Under Goals,Under 3.5,1.22,,,WON,
2026-02-14T15:00:00+00:00,League Two,Bromley,Notts County,Over/Under Goals,Over 1.5,1.3,,,WON,
2026-02-14T15:00:00+00:00,League Two,Cambridge United,Bristol Rovers,Over/Under Goals,Under 3.5,1.25,,,LOST,
2026-02-14T15:00:00+00:00,League Two,Chesterfield,Harrogate Town,1X2 / Match Winner,Home,1.48,,,LOST,
2026-02-14T15:00:00+00:00,League Two,Crewe,Gillingham,Double Chance,Home/Draw,1.42,,,WON,
2026-02-14T15:00:00+00:00,League Two,Milton Keynes Dons,Newport County,Over/Under Goals,Under 3.5,1.44,,,WON,
2026-02-14T15:00:00+00:00,League Two,Oldham,Fleetwood Town,Team Total Goals,Under 2.5,1.2,,,WON,
2026-02-14T15:00:00+00:00,League Two,Shrewsbury,Swindon Town,Over/Under Goals,Under 3.5,1.33,,,LOST,
2026-02-14T15:00:00+00:00,League Two,Spartans,Edinburgh City,1X2 / Match Winner,Home,1.53,,,LOST,
2026-02-14T15:00:00+00:00,League Two,Tranmere,Crawley Town,Over/Under Goals,Under 3.5,1.38,,,WON,
2026-02-14T15:00:00+00:00,Liga 3,Sanjoanense,São João Ver,Over/Under Goals,Under 3.5,1.26,,,WON,
2026-02-14T15:00:00+00:00,National Division,Racing FC Union Luxembourg,FC Differdange 03,Over/Under Goals,Under 3.5,1.28,,,WON,
2026-02-14T15:00:00+00:00,National League - North,AFC Fylde,Alfreton Town,Over/Under Goals,Under 3.5,1.44,,,WON,
2026-02-14T15:00:00+00:00,National League - North,Chester,Buxton,Double Chance,Draw/Away,1.7,,,LOST,
2026-02-14T15:00:00+00:00,National League - North,Chorley,Radcliffe,Over/Under Goals,Under 3.5,1.5,,,WON,
2026-02-14T15:00:00+00:00,National League - North,Marine,Leamington,Double Chance,Home/Draw,1.15,,,WON,
2026-02-14T15:00:00+00:00,National League - North,Merthyr Town,Bedford Town,Over/Under Goals,Under 3.5,1.6,,,LOST,
2026-02-14T15:00:00+00:00,National League - North,Peterborough Sports,Spennymoor Town,Asian Handicap,Home +0.25,1.58,,,LOST,
2026-02-14T15:00:00+00:00,National League - North,Scarborough Athletic,Curzon Ashton,Over/Under Goals,Under 3.5,1.35,,,WON,
2026-02-14T15:00:00+00:00,National League - North,Southport,Hereford,Over/Under Goals,Under 3.5,1.45,,,LOST,
2026-02-14T15:00:00+00:00,National League - South,AFC Hornchurch,Tonbridge Angels,Double Chance,Home/Draw,1.15,,,WON,
2026-02-14T15:00:00+00:00,National League - South,Chippenham Town,Maidstone Utd,Team Total Goals,Over 0.5,1.18,,,LOST,
2026-02-14T15:00:00+00:00,National League - South,Dagenham & Redbridge,Bath City,Over/Under Goals,Under 3.5,1.25,,,WON,
2026-02-14T15:00:00+00:00,National League - South,Dorking Wanderers,Farnborough,1X2 / Match Winner,Home,1.43,,,WON,
2026-02-14T15:00:00+00:00,National League - South,Ebbsfleet United,AFC Totton,Asian Handicap,Home +0.25,1.16,,,WON,
2026-02-14T15:00:00+00:00,National League - South,Hampton & Richmond,Chelmsford City,Over/Under Goals,Under 3.5,1.33,,,LOST,
2026-02-14T15:00:00+00:00,National League - South,Hemel Hempstead Town,Worthing,Over/Under Goals,Under 3.5,1.53,,,WON,
2026-02-14T15:00:00+00:00,National League - South,Salisbury,Chesham United,Over/Under Goals,Under 3.5,1.25,,,WON,
2026-02-14T15:00:00+00:00,National League - South,Slough Town,Horsham,Asian Handicap,Home +0.25,1.5,,,WON,
2026-02-14T15:00:00+00:00,National League,Braintree,Solihull Moors,Over/Under Goals,Under 3.5,1.44,,,WON,
2026-02-14T15:00:00+00:00,National League,Eastleigh,Boreham Wood,BTTS,Yes,1.7,,,WON,
2026-02-14T15:00:00+00:00,National League,FC Halifax Town,Truro City,Over/Under Goals,Under 3.5,1.3,,,WON,
2026-02-14T15:00:00+00:00,National League,Gateshead,Brackley Town,Over/Under Goals,Under 3.5,1.36,,,WON,
2026-02-14T15:00:00+00:00,National League,Scunthorpe,Boston United,Asian Handicap,Away -1.25,1.6,,,WON,
2026-02-14T15:00:00+00:00,National League,Southend,Morecambe,Over/Under Goals,Under 3.5,1.67,,,LOST,
2026-02-14T15:00:00+00:00,National League,Tamworth,Aldershot Town,Double Chance,Home/Draw,1.5,,,WON,
2026-02-14T15:00:00+00:00,National League,Wealdstone,York,Over/Under Goals,Under 3.5,1.67,,,WON,
2026-02-14T15:00:00+00:00,Non League Premier - Isthmian,Billericay Town,Chichester City,1X2 / Match Winner,Home,1.66,,,WON,
2026-02-14T15:00:00+00:00,Non League Premier - Isthmian,Canvey Island,Cray Valley PM,Double Chance,Home/Draw,1.44,,,WON,
2026-02-14T15:00:00+00:00,Non League Premier - Isthmian,Cray Wanderers,Chatham Town,Team Total Goals,Under 2.5,1.29,,,WON,
2026-02-14T15:00:00+00:00,Non League Premier - Isthmian,Dulwich Hamlet,Folkestone Invicta,Over/Under Goals,Under 3.5,1.4,,,WON,
2026-02-14T15:00:00+00:00,Non League Premier - Isthmian,Hashtag United,Carshalton Athletic,Over/Under Goals,Under 3.5,1.57,,,LOST,
2026-02-14T15:00:00+00:00,Non League Premier - Isthmian,Lewes,Aveley,Over/Under Goals,Under 3.5,1.44,,,LOST,
2026-02-14T15:00:00+00:00,Non League Premier - Isthmian,Potters Bar Town,Dartford,Over/Under Goals,Under 3.5,1.46,,,WON,
2026-02-14T15:00:00+00:00,Non League Premier - Isthmian,Ramsgate,Brentwood Town,Double Chance,Home/Draw,1.4,,,WON,
2026-02-14T15:00:00+00:00,Non League Premier - Isthmian,Welling United,St Albans City,Over/Under Goals,Under 3.5,1.47,,,WON,
2026-02-14T15:00:00+00:00,Non League Premier - Isthmian,Wingate & Finchley,Cheshunt,Double Chance,Draw/Away,1.62,,,WON,
2026-02-14T15:00:00+00:00,Non League Premier - Northern,Gainsborough Trinity,Workington,Over/Under Goals,Under 3.5,1.27,,,LOST,
2026-02-14T15:00:00+00:00,Non League Premier - Northern,Hebburn Town,United of Manchester,Asian Handicap,Home +0.25,1.45,,,WON,
2026-02-14T15:00:00+00:00,Non League Premier - Northern,Hyde United,Hednesford Town,Team Total Goals,Under 2.5,1.22,,,WON,
2026-02-14T15:00:00+00:00,Non League Premier - Northern,Ilkeston Town,Guiseley AFC,Asian Handicap,Home +0,1.63,,,WON,
2026-02-14T15:00:00+00:00,Non League Premier - Northern,Lancaster City,Leek Town,Over/Under Goals,Under 3.5,1.33,,,WON,
2026-02-14T15:00:00+00:00,Non League Premier - Northern,Morpeth Town,Rylands,Over/Under Goals,Under 3.5,1.21,,,LOST,
2026-02-14T15:00:00+00:00,Non League Premier - Northern,Rushall Olympic,Bamber Bridge,Over/Under Goals,Over 1.5,1.22,,,LOST,
2026-02-14T15:00:00+00:00,Non League Premier - Northern,Warrington Town,Stocksbridge Park Steels,Over/Under Goals,Under 3.5,1.26,,,WON,
2026-02-14T15:00:00+00:00,Non League Premier - Southern Central,Banbury United,Bury Town,Over/Under Goals,Under 3.5,1.25,,,WON,
2026-02-14T15:00:00+00:00,Non League Premier - Southern Central,Harborough Town,Royston Town,Over/Under Goals,Under 3.5,1.63,,,WON,
2026-02-14T15:00:00+00:00,Non League Premier - Southern Central,Leiston,Bromsgrove Sporting,Over/Under Goals,Over 1.5,1.15,,,WON,
2026-02-14T15:00:00+00:00,Non League Premier - Southern Central,Needham Market,Halesowen Town,Over/Under Goals,Under 3.5,1.37,,,WON,
2026-02-14T15:00:00+00:00,Non League Premier - Southern Central,Quorn,Bishop's Stortford,Double Chance,Home/Draw,1.44,,,WON,
2026-02-14T15:00:00+00:00,Non League Premier - Southern Central,Real Bedford,Stratford Town,1X2 / Match Winner,Home,1.62,,,WON,
2026-02-14T15:00:00+00:00,Non League Premier - Southern Central,Spalding United,Alvechurch,Over/Under Goals,Over 1.5,1.19,,,WON,
2026-02-14T15:00:00+00:00,Non League Premier - Southern Central,St Ives Town,Kettering Town,Over/Under Goals,Over 1.5,1.16,,,WON,
2026-02-14T15:00:00+00:00,Non League Premier - Southern Central,Stamford,Stourbridge,Over/Under Goals,Under 3.5,1.27,,,WON,
2026-02-14T15:00:00+00:00,Non League Premier - Southern Central,Worcester City,AFC Sudbury,Over/Under Goals,Under 3.5,1.68,,,WON,
2026-02-14T15:00:00+00:00,Non League Premier - Southern South,Basingstoke Town,Poole Town,Asian Handicap,Away -0.25,1.41,,,WON,
2026-02-14T15:00:00+00:00,Non League Premier - Southern South,Berkhamsted,Taunton Town,Team Total Goals,Over 0.5,1.16,,,WON,
2026-02-14T15:00:00+00:00,Non League Premier - Southern South,Bracknell Town,Yate Town,Over/Under Goals,Under 3.5,1.39,,,WON,
2026-02-14T15:00:00+00:00,Non League Premier - Southern South,Chertsey Town,Gloucester City,1X2 / Match Winner,Draw,3.6,,,WON,
2026-02-14T15:00:00+00:00,Non League Premier - Southern South,Dorchester Town,Evesham United,Double Chance,Draw/Away,1.6,,,LOST,
2026-02-14T15:00:00+00:00,Non League Premier - Southern South,Hungerford Town,Walton & Hersham,1X2 / Match Winner,Away,1.65,,,LOST,
2026-02-14T15:00:00+00:00,Non League Premier - Southern South,Sholing,Plymouth Parkway,Asian Handicap,Away -1.25,1.52,,,LOST,
2026-02-14T15:00:00+00:00,Non League Premier - Southern South,Weymouth,Havant & Wville,Over/Under Goals,Under 3.5,1.44,,,WON,
2026-02-14T15:00:00+00:00,Non League Premier - Southern South,Wimborne Town,Hanwell Town,Double Chance,Draw/Away,1.67,,,LOST,
2026-02-14T15:00:00+00:00,Oberliga - Westfalen,Arminia II,Verl II,Asian Handicap,Home +0.25,1.46,,,WON,
2026-02-14T15:00:00+00:00,Premiership,Carrick Rangers,Coleraine FC,Over/Under Goals,Over 1.5,1.25,,,WON,
2026-02-14T15:00:00+00:00,Premiership,Crusaders FC,Bangor,Over/Under Goals,Under 3.5,1.45,,,LOST,
2026-02-14T15:00:00+00:00,Premiership,Dundee,Livingston,1X2 / Match Winner,Draw,3.25,,,WON,
2026-02-14T15:00:00+00:00,Premiership,Falkirk,Dundee Utd,Over/Under Goals,Under 3.5,1.3,,,LOST,
2026-02-14T15:00:00+00:00,Premiership,Glenavon FC,Linfield,Team Total Goals,Under 2.5,1.4,,,LOST,
2026-02-14T15:00:00+00:00,Premiership,Glentoran,Ballymena United,1X2 / Match Winner,Home,1.5,,,WON,
2026-02-14T15:00:00+00:00,Premiership,Hibernian,ST Mirren,Asian Handicap,Home +0.5,1.19,,,WON,
2026-02-14T15:00:00+00:00,Premiership,Portadown,Larne,Over/Under Goals,Under 3.5,1.28,,,WON,
2026-02-14T15:00:00+00:00,Premijer Liga,Borac Banja Luka,Zrinjski,Over/Under Goals,Under 3.5,1.15,,,WON,
2026-02-14T15:00:00+00:00,Primera Division,D. La Serena,Coquimbo Unido,Over/Under Goals,Under 3.5,1.25,,,WON,
2026-02-14T15:00:00+00:00,Primera División Femenina,Deportivo de La Coruña W,Sevilla W,Double Chance,Home/Draw,1.45,,,LOST,
2026-02-14T15:00:00+00:00,Super League 1,Panetolikos,Asteras Tripolis,Over/Under Goals,Under 3.5,1.17,,,LOST,
2026-02-14T15:00:00+00:00,Super League Women,Zulte-Waregem W,Gent W,Over/Under Goals,Under 3.5,1.25,,,WON,
2026-02-14T15:00:00+00:00,Tercera División RFEF - Group 15,Beti Onak,Cirbonero,Over/Under Goals,Under 3.5,1.18,,,WON,
2026-02-14T15:00:00+00:00,Tercera División RFEF - Group 15,Valle Egüés,Oberena,Asian Handicap,Home +0,1.48,,,WON,
2026-02-14T15:15:00+00:00,First League,Arda Kardzhali,Slavia Sofia,Over/Under Goals,Under 3.5,1.17,,,WON,
2026-02-14T15:15:00+00:00,La Liga,Getafe,Villarreal,Asian Handicap,Home +0.5,1.6,,,WON,
2026-02-14T15:15:00+00:00,Primera División RFEF - Group 1,Arenas Getxo,Ponferradina,Over/Under Goals,Under 3.5,1.17,,,WON,
2026-02-14T15:15:00+00:00,Primera División RFEF - Group 1,Ourense CF,Mérida AD,Double Chance,Draw/Away,1.57,,,LOST,
2026-02-14T15:15:00+00:00,Segunda Division,Burgos,Cadiz,Over/Under Goals,Under 3.5,1.15,,,WON,
2026-02-14T15:15:00+00:00,Segunda División RFEF - Group 1,Real Oviedo II,Atlético Astorga,Over/Under Goals,Under 3.5,1.15,,,WON,
2026-02-14T15:30:00+00:00,1st Division,Skenderbeu Korce,Apolonia Fier,Over/Under Goals,Under 3.5,1.35,,,LOST,
2026-02-14T15:30:00+00:00,3. Liga,Rot-Weiß Essen,SSV Jahn Regensburg,Over/Under Goals,Under 3.5,1.5,,,LOST,
2026-02-14T15:30:00+00:00,Eerste Divisie,Vitesse,VVV Venlo,Team Total Goals,Under 2.5,1.16,,,WON,
2026-02-14T15:30:00+00:00,Eredivisie,Heracles,NAC Breda,Team Total Goals,Over 0.5,1.25,,,LOST,
2026-02-14T15:30:00+00:00,Friendlies Clubs,Šiauliai,FS Jelgava,Over/Under Goals,Under 3.5,1.61,,,WON,
2026-02-14T15:30:00+00:00,Ligat Ha'al,Ironi Kiryat Shmona,Ironi Tiberias,Over/Under Goals,Under 3.5,1.42,,,LOST,
2026-02-14T15:30:00+00:00,Primeira Liga,Casa Pia,Arouca,Over/Under Goals,Under 3.5,1.22,,,LOST,
2026-02-14T15:30:00+00:00,Segunda División RFEF - Group 2,Beasain,Deportivo Alavés II,Over/Under Goals,Under 3.5,1.16,,,WON,
2026-02-14T15:30:00+00:00,Segunda División RFEF - Group 2,Mutilvera,Gernika,Over/Under Goals,Under 2.5,1.44,,,WON,
2026-02-14T15:30:00+00:00,Segunda Liga,Farense,Leixoes,Team Total Goals,Under 2.5,1.17,,,WON,
2026-02-14T15:30:00+00:00,Superliga,Teuta Durrës,Bylis,Asian Handicap,Home +0.25,1.15,,,WON,
2026-02-14T15:30:00+00:00,Tercera División RFEF - Group 14,Azuaga,Montehermoso,1X2 / Match Winner,Home,1.45,,,WON,
2026-02-14T15:35:00+00:00,Pro League,Al Najma,Al Kholood,Over/Under Goals,Under 3.5,1.38,,,WON,
2026-02-14T16:00:00+00:00,CAF Champions League,ES Tunis,Petro de Luanda,Over/Under Goals,Over 1.5,1.35,,,WON,
2026-02-14T16:00:00+00:00,CAF Champions League,Simba,Stade Malien Bamako,Over/Under Goals,Under 3.5,1.22,,,WON,
2026-02-14T16:00:00+00:00,CAF Confederation Cup,AL Masry,ZESCO United,1X2 / Match Winner,Home,1.25,,,WON,
2026-02-14T16:00:00+00:00,CAF Confederation Cup,Zamalek SC,Kaizer Chiefs,Over/Under Goals,Under 3.5,1.18,,,WON,
2026-02-14T16:00:00+00:00,Division 1,Jeddah Club,Al Baten,Over/Under Goals,Under 3.5,1.18,,,WON,
2026-02-14T16:00:00+00:00,Liga Premier Serie A,Correcaminos UAT II,Calor de San Pedro,Over/Under Goals,Under 3.5,1.25,,,WON,
2026-02-14T16:00:00+00:00,Ligue 1,Marseille,Strasbourg,Over/Under Goals,Over 1.5,1.2,,,WON,
2026-02-14T16:00:00+00:00,NB I,Zalaegerszegi TE,Ferencvarosi TC,Over/Under Goals,Under 3.5,1.5,,,LOST,
2026-02-14T16:00:00+00:00,Premier League,Bahrain SC,Budaiya,Over/Under Goals,Under 2.5,1.85,,,LOST,
2026-02-14T16:00:00+00:00,Premier Soccer League,Polokwane City,Siwelele,Over/Under Goals,Under 2.5,1.3,,,WON,
2026-02-14T16:00:00+00:00,Pro League,Al Ain,Al Nasr,1X2 / Match Winner,Home,1.39,,,LOST,
2026-02-14T16:00:00+00:00,Segunda División RFEF - Group 4,Málaga II,Lorca Deportiva,Double Chance,Home/Draw,1.57,,,WON,
2026-02-14T16:00:00+00:00,Sultan Cup,Oman Club,Al-Nahda,Over/Under Goals,Under 2.5,1.62,,,WON,
2026-02-14T16:00:00+00:00,Super Liga,Cukaricki,Vojvodina,Double Chance,Draw/Away,1.35,,,WON,
2026-02-14T16:00:00+00:00,Super Liga,Železničar Pančevo,FK Crvena Zvezda,Over/Under Goals,Under 3.5,1.44,,,WON,
2026-02-14T16:00:00+00:00,Superligaen,FC Copenhagen,FC Nordsjaelland,Over/Under Goals,Over 1.5,1.2,,,WON,
2026-02-14T16:00:00+00:00,TFF 1. Lig,BB Bodrumspor,Keçiörengücü,Asian Handicap,Home +0,1.43,,,WON,
2026-02-14T16:00:00+00:00,Tipp3 Bundesliga,Ried,Lask Linz,Over/Under Goals,Under 3.5,1.33,,,WON,
2026-02-14T16:00:00+00:00,Tipp3 Bundesliga,TSV Hartberg,SCR Altach,1X2 / Match Winner,Draw,3.35,,,WON,
2026-02-14T16:00:00+00:00,Tipp3 Bundesliga,WSG Wattens,Sturm Graz,Over/Under Goals,Under 3.5,1.35,,,WON,
2026-02-14T16:15:00+00:00,Emir Cup,Al Sadd,Al-Markhiya,1X2 / Match Winner,Home,1.3,,,WON,
2026-02-14T16:15:00+00:00,Emir Cup,Al-Rayyan SC,Al-Khor,1X2 / Match Winner,Home,1.19,,,WON,
2026-02-14T16:15:00+00:00,Prva HNL,HNK Rijeka,NK Varazdin,Over/Under Goals,Under 3.5,1.25,,,LOST,
2026-02-14T16:15:00+00:00,Serie B,Catanzaro,Mantova,Team Total Goals,Over 0.5,1.18,,,WON,
2026-02-14T16:30:00+00:00,Ekstraklasa,Zaglebie Lubin,Raków Częstochowa,Over/Under Goals,Under 3.5,1.25,,,WON,
2026-02-14T16:30:00+00:00,Ligat Ha'al,Maccabi Bnei Raina,Maccabi Netanya,Over/Under Goals,Under 3.5,1.5,,,LOST,
2026-02-14T16:30:00+00:00,Serie C - Girone C,AZ Picerno,Crotone,Over/Under Goals,Under 3.5,1.22,,,LOST,
2026-02-14T16:30:00+00:00,Serie C - Girone C,Foggia,Atalanta II,Over/Under Goals,Under 3.5,1.33,,,WON,
2026-02-14T16:30:00+00:00,Serie C - Girone C,Siracusa,Catania,Over/Under Goals,Under 3.5,1.25,,,WON,
2026-02-14T16:30:00+00:00,Serie D - Girone D,Pistoiese,Tuttocuoio,Over/Under Goals,Under 3.5,1.52,,,WON,
2026-02-14T16:30:00+00:00,Tercera División RFEF - Group 11,Rotlet Molinar,Manacor,Asian Handicap,Home +1.25,1.62,,,WON,
2026-02-14T17:00:00+00:00,1. Division,AEK Larnaca,Apollon Limassol,Over/Under Goals,Under 3.5,1.28,,,WON,
2026-02-14T17:00:00+00:00,Botola Pro,Difaa EL Jadida,UTS Rabat,Over/Under Goals,Under 2.5,1.62,,,WON,
2026-02-14T17:00:00+00:00,Czech Liga,Sigma Olomouc,Plzen,Over/Under Goals,Under 3.5,1.28,,,WON,
2026-02-14T17:00:00+00:00,Liga 3,Trofense,União Santarém,Over/Under Goals,Under 2.5,1.46,,,LOST,
2026-02-14T17:00:00+00:00,Liga I,Universitatea Cluj,Csikszereda,Over/Under Goals,Under 3.5,1.28,,,LOST,
2026-02-14T17:00:00+00:00,Liga Premier Serie A,Mineros de Fresnillo,Tecos,Over/Under Goals,Under 3.5,1.53,,,LOST,
2026-02-14T17:00:00+00:00,National 2 - Group C,Cannes,Andrézieux,Double Chance,Home/Draw,1.17,,,WON,
2026-02-14T17:00:00+00:00,National 2 - Group C,Chasselay MDA,Fréjus St-Raphaël,Over/Under Goals,Under 3.5,1.26,,,WON,
2026-02-14T17:00:00+00:00,National 2 - Group C,Hyères,Istres,Over/Under Goals,Under 3.5,1.19,,,WON,
2026-02-14T17:00:00+00:00,National 2 - Group C,Saint-Priest,Grasse,Over/Under Goals,Over 1.5,1.28,,,LOST,
2026-02-14T17:00:00+00:00,Segunda División RFEF - Group 1,Langreo,Burgos Promesas,Over/Under Goals,Under 3.5,1.23,,,WON,
2026-02-14T17:00:00+00:00,Serie A,Lazio,Atalanta,Over/Under Goals,Under 3.5,1.25,,,WON,
2026-02-14T17:00:00+00:00,Super League,FC ST. Gallen,Grasshoppers,Over/Under Goals,Over 2.5,1.61,,,LOST,
2026-02-14T17:00:00+00:00,Super League,FC Zurich,FC Luzern,Over/Under Goals,Over 1.5,1.18,,,WON,
2026-02-14T17:00:00+00:00,Super Lig,Trabzonspor,Fenerbahçe,Over/Under Goals,Over 1.5,1.2,,,WON,
2026-02-14T17:00:00+00:00,Super Liga,Tatran Prešov,FK Košice,Over/Under Goals,Under 3.5,1.38,,,LOST,
2026-02-14T17:15:00+00:00,Jupiler Pro League,Charleroi,Gent,Asian Handicap,Home +0,1.53,,,LOST,
2026-02-14T17:30:00+00:00,Bundesliga 1,VfB Stuttgart,1. FC Köln,1X2 / Match Winner,Home,1.54,,,WON,
2026-02-14T17:30:00+00:00,La Liga,Sevilla,Alaves,Over/Under Goals,Under 3.5,1.2,,,WON,
2026-02-14T17:30:00+00:00,League Cup,Inter Turku,Lahti,Over/Under Goals,Under 3.5,1.5,,,WON,
2026-02-14T17:30:00+00:00,League One,Hamilton Academical,Inverness CT,Over/Under Goals,Under 3.5,1.4,,,WON,
2026-02-14T17:30:00+00:00,Ligat Ha'al,Ashdod,Hapoel Beer Sheva,Over/Under Goals,Under 3.5,1.62,,,WON,
2026-02-14T17:30:00+00:00,National League,Forest Green,Carlisle,Asian Handicap,Away -1.25,1.4,,,WON,
2026-02-14T17:30:00+00:00,Primera División RFEF - Group 1,Tenerife,Racing Ferrol,Over/Under Goals,Under 3.5,1.18,,,WON,
2026-02-14T17:30:00+00:00,Primera División RFEF - Group 2,Algeciras,Juventud Torremolinos,Over/Under Goals,Under 2.5,1.4,,,WON,
2026-02-14T17:30:00+00:00,Primera División RFEF - Group 2,Europa Fc,Tarazona,Over/Under Goals,Under 2.5,1.45,,,WON,
2026-02-14T17:30:00+00:00,Pro League,Al-Fateh,Al-Nassr,Over/Under Goals,Under 3.5,1.95,,,WON,
2026-02-14T17:30:00+00:00,Segunda Division,Cultural Leonesa,Zaragoza,Double Chance,Draw/Away,1.5,,,WON,
2026-02-14T17:30:00+00:00,Super League 1,Levadiakos,Olympiakos Piraeus,1X2 / Match Winner,Draw,4.08,,,WON,
2026-02-14T17:30:00+00:00,Tercera División RFEF - Group 16,Berceo,Arnedo,Double Chance,Draw/Away,1.22,,,WON,
2026-02-14T17:45:00+00:00,Eredivisie,Excelsior,AZ Alkmaar,Over/Under Goals,Over 1.5,1.2,,,WON,
2026-02-14T17:45:00+00:00,FA Cup,Aston Villa,Newcastle,Asian Handicap,Home +0,1.62,,,LOST,
2026-02-14T18:00:00+00:00,Liga Premier Serie A,Chilpancingo,Lobos ULMX,Over/Under Goals,Under 2.5,1.93,,,LOST,
2026-02-14T18:00:00+00:00,Liga Premier Serie B,Huracanes Izcalli,Artesanos Metepec,Over/Under Goals,Under 3.5,1.35,,,WON,
2026-02-14T18:00:00+00:00,Ligue 1,Lille,Stade Brestois 29,Over/Under Goals,Under 3.5,1.33,,,WON,
2026-02-14T18:00:00+00:00,Paulista - A2,Juventus,Votuporanguense,Over/Under Goals,Under 3.5,1.18,,,WON,
2026-02-14T18:00:00+00:00,Paulista - A2,Santo André,Grêmio Prudente,Over/Under Goals,Under 3.5,1.18,,,WON,
2026-02-14T18:00:00+00:00,Paulista - A2,Taubaté,Monte Azul,Over/Under Goals,Under 3.5,1.18,,,LOST,
2026-02-14T18:00:00+00:00,Paulista - A3,Desportivo Brasil,Rio Branco SP,Double Chance,Draw/Away,1.5,,,WON,
2026-02-14T18:00:00+00:00,Paulista - A3,Rio Claro,Rio Preto,Over/Under Goals,Under 3.5,1.17,,,WON,
2026-02-14T18:00:00+00:00,Paulista - A4,Joseense,São Caetano,Over/Under Goals,Under 2.5,1.55,,,WON,
2026-02-14T18:00:00+00:00,Paulista - A4,Taquaritinga,AEA,Over/Under Goals,Under 2.5,1.44,,,WON,
2026-02-14T18:00:00+00:00,Primeira Liga,Guimaraes,Estrela,Over/Under Goals,Over 1.5,1.4,,,WON,
2026-02-14T18:00:00+00:00,Primera Division,Deportivo Garcilaso,ADT,Over/Under Goals,Under 3.5,1.22,,,WON,
2026-02-14T18:00:00+00:00,Segunda Liga,Benfica B,Felgueiras 1932,Over/Under Goals,Under 3.5,1.33,,,LOST,
2026-02-14T18:00:00+00:00,Super League 1,Volos NFC,Aris Thessalonikis,Over/Under Goals,Under 3.5,1.2,,,WON,
2026-02-14T18:15:00+00:00,NB I,Paks,Diosgyori VTK,Over/Under Goals,Under 3.5,1.7,,,WON,
2026-02-14T18:15:00+00:00,Premier Soccer League,Chippa United,Richards Bay,Over/Under Goals,Under 2.5,1.3,,,LOST,
2026-02-14T18:30:00+00:00,First Amateur Division,Dessel Sport,Diegem Sport,Asian Handicap,Home +0,1.48,,,WON,
2026-02-14T18:30:00+00:00,Goiano - 1,Centro Oeste,Aparecidense,Over/Under Goals,Under 2.5,1.55,,,LOST,
2026-02-14T18:30:00+00:00,I Liga,Miedz Legnica,Slask Wroclaw,Over/Under Goals,Under 3.5,1.55,,,LOST,
2026-02-14T18:30:00+00:00,I Liga,Polonia Warszawa,Znicz Pruszków,Over/Under Goals,Over 1.5,1.2,,,LOST,
2026-02-14T18:30:00+00:00,I Liga,ŁKS Łódź,Chrobry Głogów,Double Chance,Home/Draw,1.17,,,LOST,
2026-02-14T18:30:00+00:00,Paulista - A2,Sao Bento,Oeste,Over/Under Goals,Under 2.5,1.44,,,LOST,
2026-02-14T18:30:00+00:00,Paulista - A3,Francana,EC São Bernardo,Double Chance,Home/Draw,1.62,,,LOST,
2026-02-14T18:30:00+00:00,Serie B,Cesena,Venezia,Team Total Goals,Over 0.5,1.22,,,WON,
2026-02-14T19:00:00+00:00,Alagoano,Murici Fc,ASA,Over/Under Goals,Under 2.5,1.57,,,WON,
2026-02-14T19:00:00+00:00,Amapaense,Oratório,Trem,Double Chance,Home/Draw,1.42,,,WON,
2026-02-14T19:00:00+00:00,Baiano - 1,Bahia,Jacuipense,Over/Under Goals,Under 3.5,1.36,,,LOST,
2026-02-14T19:00:00+00:00,CAF Champions League,Pyramids FC,Power Dynamos,Over/Under Goals,Under 2.5,1.65,,,LOST,
2026-02-14T19:00:00+00:00,CAF Champions League,Renaissance Berkane,Rivers United,Over/Under Goals,Under 3.5,1.3,,,WON,
2026-02-14T19:00:00+00:00,CAF Confederation Cup,USM Alger,Olympique Safi,Over/Under Goals,Over 1.5,1.51,,,LOST,
2026-02-14T19:00:00+00:00,Challenger Pro League,KRC Genk II,Liège,Over/Under Goals,Under 3.5,1.5,,,WON,
2026-02-14T19:00:00+00:00,Challenger Pro League,Kortrijk,Beerschot VA,Over/Under Goals,Under 3.5,1.33,,,WON,
2026-02-14T19:00:00+00:00,Challenger Pro League,RWDM,Lokeren-Temse,Over/Under Goals,Under 3.5,1.38,,,WON,
2026-02-14T19:00:00+00:00,Eredivisie,Ajax,Fortuna Sittard,Over/Under Goals,Over 1.5,1.18,,,WON,
2026-02-14T19:00:00+00:00,First Amateur Division,Houtvenne,Knokke,Over/Under Goals,Under 3.5,1.43,,,WON,
2026-02-14T19:00:00+00:00,First Amateur Division,Lyra-Lierse Berlaar,Spouwen-Mopertingen,1X2 / Match Winner,Draw,3.55,,,WON,
2026-02-14T19:00:00+00:00,Liga MX Femenil,Juárez W,Pumas UNAM W,Double Chance,Home/Draw,1.42,,,WON,
2026-02-14T19:00:00+00:00,Ligue 2,Guingamp,Saint Etienne,Over/Under Goals,Under 3.5,1.48,,,WON,
2026-02-14T19:00:00+00:00,Paranaense - 1,Operario-PR,Coritiba,Over/Under Goals,Under 2.5,1.55,,,LOST,
2026-02-14T19:00:00+00:00,Paulista - A2,Inter De Limeira,Linense,Over/Under Goals,Under 3.5,1.17,,,WON,
2026-02-14T19:00:00+00:00,Paulista - A4,Barretos,Tanabi,BTTS,No,1.68,,,WON,
2026-02-14T19:00:00+00:00,Paulista - A4,Grêmio Sãocarlense,Comercial,Over/Under Goals,Under 3.5,1.2,,,WON,
2026-02-14T19:00:00+00:00,Sergipano,AO Itabaiana,Guarany SE,Over/Under Goals,Under 2.5,1.85,,,WON,
2026-02-14T19:00:00+00:00,Sergipano,Confiança,América SE,Over/Under Goals,Under 3.5,1.22,,,WON,
2026-02-14T19:00:00+00:00,Super League Women,OH Leuven W,Westerlo W,Over/Under Goals,Under 3.5,1.98,,,WON,
2026-02-14T19:15:00+00:00,Ekstraklasa,Wisla Plock,Widzew Łódź,Over/Under Goals,Under 3.5,1.25,,,WON,
2026-02-14T19:30:00+00:00,Bundesliga 2,Dynamo Dresden,SV Elversberg,Over/Under Goals,Over 1.5,1.25,,,WON,
2026-02-14T19:30:00+00:00,Catarinense - 1,Brusque,Chapecoense-sc,Over/Under Goals,Under 3.5,1.17,,,WON,
2026-02-14T19:30:00+00:00,Cearense - 1,Ferroviario,Fortaleza EC,Over/Under Goals,Under 3.5,1.25,,,WON,
2026-02-14T19:30:00+00:00,Liga Mayor,Universidad O&M,Atlético Pantoja,Asian Handicap,Away -0.25,1.18,,,WON,
2026-02-14T19:30:00+00:00,Matogrossense,CEOV Operário,Mixto,Double Chance,Home/Draw,1.57,,,WON,
2026-02-14T19:30:00+00:00,Paraibano,Campinense,Serra Branca,Double Chance,Draw/Away,1.62,,,LOST,
2026-02-14T19:30:00+00:00,Super League,BSC Young Boys,FC Winterthur,1X2 / Match Winner,Home,1.27,,,WON,
2026-02-14T19:45:00+00:00,Jupiler Pro League,Standard Liege,Union St. Gilloise,Over/Under Goals,Under 3.5,1.25,,,WON,
2026-02-14T19:45:00+00:00,Premier Division,Sligo Rovers,Bohemians,Over/Under Goals,Under 3.5,1.28,,,LOST,
2026-02-14T19:45:00+00:00,Serie A,Inter,Juventus,Over/Under Goals,Under 3.5,1.33,,,LOST,
2026-02-14T20:00:00+00:00,Acreano,Galvez,Humaitá,Over/Under Goals,Under 3.5,1.3,,,WON,
2026-02-14T20:00:00+00:00,Eredivisie,Groningen,Utrecht,Over/Under Goals,Under 3.5,1.28,,,WON,
2026-02-14T20:00:00+00:00,FA Cup,Liverpool,Brighton,Over/Under Goals,Over 1.5,1.15,,,WON,
2026-02-14T20:00:00+00:00,Gaúcho - 1,Avenida,Monsoon,Over/Under Goals,Under 2.5,1.48,,,WON,
2026-02-14T20:00:00+00:00,Goiano - 1,Goias,CRAC,Over/Under Goals,Under 2.5,1.7,,,LOST,
2026-02-14T20:00:00+00:00,La Liga,Real Madrid,Real Sociedad,BTTS,Yes,1.62,,,WON,
2026-02-14T20:00:00+00:00,Paraibano,Pombal EC,Atlético Cajazeirense,Over/Under Goals,Under 3.5,1.2,,,WON,
2026-02-14T20:00:00+00:00,Paulista - A3,União São João,USAC,Over/Under Goals,Under 3.5,1.23,,,WON,
2026-02-14T20:00:00+00:00,Paulista - A4,EC Lemense,Inter de Bebedouro,Over/Under Goals,Under 3.5,1.18,,,WON,
2026-02-14T20:00:00+00:00,Paulista - A4,Vocem,Nacional SP,Over/Under Goals,Under 2.5,1.5,,,WON,
2026-02-14T20:00:00+00:00,Primera B Metropolitana,Deportivo Camioneros,Villa Dalmine,Asian Handicap,Home +0.25,1.48,,,LOST,
2026-02-14T20:00:00+00:00,Primera B Metropolitana,Flandria,Brown DE Adrogue,Asian Handicap,Home +0.25,1.48,,,WON,
2026-02-14T20:00:00+00:00,Primera B Metropolitana,San Martín Burzaco,Real Pilar,Over/Under Goals,Under 3.5,1.15,,,WON,
2026-02-14T20:00:00+00:00,Primera B Metropolitana,Villa San Carlos,Liniers,BTTS,No,1.6,,,WON,
2026-02-14T20:00:00+00:00,Primera B,Real Santander,Real Soacha,Over/Under Goals,Under 3.5,1.17,,,WON,
2026-02-14T20:00:00+00:00,Primera División - Apertura,Deportivo Maldonado,Progreso,Over/Under Goals,Under 3.5,1.18,,,WON,
2026-02-14T20:00:00+00:00,Primera División RFEF - Group 2,Gimnastic,Real Betis II,Over/Under Goals,Under 3.5,1.18,,,LOST,
2026-02-14T20:00:00+00:00,Primera Nacional,Acassuso,Chaco For Ever,Asian Handicap,Home +0.25,1.58,,,WON,
2026-02-14T20:00:00+00:00,Primera Nacional,All Boys,Atletico Mitre,BTTS,No,1.44,,,LOST,
2026-02-14T20:00:00+00:00,Primera Nacional,Deportivo Moron,Defensores De Belgrano,BTTS,No,1.36,,,LOST,
2026-02-14T20:00:00+00:00,Primera Nacional,San Telmo,Ferro Carril Oeste,Asian Handicap,Home +0.25,1.52,,,LOST,
2026-02-14T20:00:00+00:00,Segunda Division,Granada CF,Valladolid,Asian Handicap,Home +0,1.53,,,WON,
2026-02-14T20:05:00+00:00,Ligue 1,Paris FC,Lens,Over/Under Goals,Under 3.5,1.38,,,LOST,
2026-02-14T20:15:00+00:00,Primera Division,Juan Pablo II College,Sporting Cristal,Over/Under Goals,Under 3.5,1.3,,,WON,
2026-02-14T20:30:00+00:00,Primeira Liga,GIL Vicente,SC Braga,Over/Under Goals,Under 3.5,1.22,,,WON,
2026-02-14T20:30:00+00:00,Primera Division,Banfield,Racing Club,Over/Under Goals,Under 3.5,1.2,,,WON,
2026-02-14T21:00:00+00:00,Liga Nacional,Mixco,Comunicaciones,Over/Under Goals,Under 3.5,1.15,,,LOST,
2026-02-14T21:00:00+00:00,Paulista - A2,Ferroviária,Sertãozinho,Over/Under Goals,Under 3.5,1.18,,,LOST,
2026-02-14T21:00:00+00:00,Paulista - A2,XV de Piracicaba,Ituano,Over/Under Goals,Under 2.5,1.5,,,WON,
2026-02-14T21:00:00+00:00,Paulista - A3,Catanduva,Uniao Barbarense,Over/Under Goals,Under 2.5,1.53,,,LOST,
2026-02-14T21:00:00+00:00,Primera Division,Deportes Limache,O'Higgins,Over/Under Goals,Under 3.5,1.33,,,WON,
2026-02-14T21:00:00+00:00,Primera División,Deportivo La Guaira,Caracas FC,Over/Under Goals,Under 3.5,1.21,,,WON,
2026-02-14T21:00:00+00:00,Primera Nacional,Agropecuario,Deportivo Maipu,Over/Under Goals,Under 2.5,1.44,,,LOST,
2026-02-14T21:30:00+00:00,Division Profesional - Apertura,Olimpia,Rubio NU,Over/Under Goals,Over 1.5,1.25,,,LOST,
2026-02-14T21:30:00+00:00,Liga Premier Serie A,Ciervos,Zitacuaro,Double Chance,Home/Draw,1.5,,,WON,
2026-02-14T21:30:00+00:00,Liga Premier Serie A,Zacatepec 1948,Cordobés,Over/Under Goals,Under 2.5,1.62,,,WON,
2026-02-14T21:30:00+00:00,Liga Premier Serie B,Aguacateros CDU,FC Racing,Over/Under Goals,Under 3.5,1.4,,,WON,
2026-02-14T21:30:00+00:00,Paulista - A3,Marília,Portuguesa Santista,Double Chance,Draw/Away,1.67,,,LOST,
2026-02-14T21:30:00+00:00,Primera A,Millonarios,Llaneros,Over/Under Goals,Under 3.5,1.2,,,WON,
2026-02-14T22:00:00+00:00,Liga Premier Serie B,Dragones de Oaxaca,Deportivo Ayense,Double Chance,Home/Draw,1.44,,,WON,
2026-02-14T22:00:00+00:00,Mineiro - 1,America Mineiro,North Esporte,1X2 / Match Winner,Draw,3.7,,,LOST,
2026-02-14T22:00:00+00:00,Mineiro - 1,Athletic Club,Tombense,Over/Under Goals,Under 3.5,1.2,,,WON,
2026-02-14T22:00:00+00:00,Mineiro - 1,Democrata GV,Betim,Over/Under Goals,Under 3.5,1.17,,,WON,
2026-02-14T22:00:00+00:00,Mineiro - 1,Itabirito,Atletico-MG,Over/Under Goals,Under 3.5,1.28,,,LOST,
2026-02-14T22:00:00+00:00,Mineiro - 1,Uberlandia,Pouso Alegre,Over/Under Goals,Under 3.5,1.22,,,WON,
2026-02-14T22:00:00+00:00,Mineiro - 1,Uniao Trabalhadores,Cruzeiro,Team Total Goals,Under 2.5,1.44,,,WON,
2026-02-14T22:00:00+00:00,Primera B,Internacional Palmira,Envigado,Over/Under Goals,Under 3.5,1.15,,,WON,
2026-02-14T22:00:00+00:00,Primera B,Leones FC,Union Magdalena,Over/Under Goals,Under 3.5,1.15,,,LOST,
2026-02-14T22:00:00+00:00,Primera División,Deportivo Tachira FC,Trujillanos FC,Over/Under Goals,Under 3.5,1.3,,,WON,
2026-02-14T22:00:00+00:00,Primera Nacional,Tristan Suarez,Temperley,Over/Under Goals,Under 2.5,1.33,,,WON,
2026-02-14T22:30:00+00:00,Paulista - A4,Penapolense,ECUS,Over/Under Goals,Under 3.5,1.15,,,WON,
2026-02-14T22:30:00+00:00,Primera Division,Sport Boys,Atletico Grau,Over/Under Goals,Under 2.5,1.65,,,WON,
2026-02-14T22:45:00+00:00,Primera Division,Huracan,Sarmiento Junin,Asian Handicap,Away -1.25,1.4,,,WON,
2026-02-14T22:45:00+00:00,Primera Division,Talleres Cordoba,Gimnasia M.,Over/Under Goals,Under 3.5,1.17,,,WON,
2026-02-14T23:00:00+00:00,Gaúcho - 1,Novo Hamburgo,Sao Jose,Over/Under Goals,Under 2.5,1.55,,,LOST,
2026-02-14T23:00:00+00:00,Liga MX,Atletico San Luis,Club Queretaro,Asian Handicap,Away -1.25,1.45,,,LOST,
2026-02-14T23:00:00+00:00,Liga MX,Pachuca,Atlas,Asian Handicap,Home +0.5,1.15,,,WON,
2026-02-14T23:00:00+00:00,Liga Premier Serie A,Sporting Canamy,Atletico Hidalgo,Over/Under Goals,Under 3.5,1.48,,,LOST,
2026-02-14T23:00:00+00:00,Primera Division,Inter,Hércules,Double Chance,Home/Draw,1.15,,,WON,
2026-02-14T23:00:00+00:00,Primera Division,Municipal Limeño,Fuerte San Francisco,Over/Under Goals,Under 3.5,1.25,,,LOST,
2026-02-14T23:00:00+00:00,Primera División,Guadalupe FC,San Carlos,Over/Under Goals,Under 3.5,1.22,,,LOST,
2026-02-14T23:00:00+00:00,Primera División,Portuguesa FC,Academia Anzoátegui,Over/Under Goals,Under 3.5,1.18,,,WON,
2026-02-14T23:00:00+00:00,Primera Nacional,Colon Santa Fe,Deportivo Madryn,BTTS,No,1.5,,,LOST,
2026-02-14T23:15:00+00:00,Liga Nacional,Olancho,Juticalpa,Over/Under Goals,Under 3.5,1.36,,,LOST,
2026-02-14T23:30:00+00:00,Division Profesional - Apertura,Sportivo Ameliano,2 de Mayo,Over/Under Goals,Under 3.5,1.18,,,WON,
2026-02-14T23:30:00+00:00,Primera A,Independiente Medellin,Deportivo Pereira,Over/Under Goals,Under 3.5,1.35,,,WON,
2026-02-14T23:30:00+00:00,Primera Division,Cobresal,U. Catolica,Double Chance,Home/Draw,1.5,,,WON,
2026-02-14T23:30:00+00:00,Primera División,Puerto Cabello,Zamora FC,Over/Under Goals,Under 3.5,1.15,,,WON,
2026-02-15T00:00:00+00:00,Liga Nacional,Municipal,Achuapa,Over/Under Goals,Under 3.5,1.4,,,WON,
2026-02-15T00:30:00+00:00,USL Super League,Tampa Bay Sun W,DC Power W,Over/Under Goals,Under 3.5,1.25,,,WON,
2026-02-15T01:00:00+00:00,Liga MX Femenil,Necaxa W,Santos Laguna W,Asian Handicap,Home +1.25,1.52,,,LOST,
2026-02-15T01:00:00+00:00,Liga MX,Monterrey,Leon,Over/Under Goals,Under 3.5,1.55,,,WON,
2026-02-15T01:00:00+00:00,Liga Premier Serie A,Gavilanes FC Matamoros,Real Apodaca,Over/Under Goals,Under 3.5,1.28,,,WON,
2026-02-15T01:00:00+00:00,Liga Premier Serie A,Reboceros La Piedad,Colima,Team Total Goals,Under 2.5,1.8,,,LOST,
2026-02-15T01:00:00+00:00,Liga de Expansión MX,Cancún,Mineros de Zacatecas,Over/Under Goals,Under 3.5,1.28,,,LOST,
2026-02-15T01:00:00+00:00,Liga de Expansión MX,Monarcas,Venados FC,Double Chance,Home/Draw,1.15,,,WON,
2026-02-15T01:00:00+00:00,Primera Division,Alianza Atletico,Alianza Lima,Over/Under Goals,Under 3.5,1.2,,,WON,
2026-02-15T01:00:00+00:00,Primera Division,Alianza,FAS,Over/Under Goals,Under 3.5,1.25,,,LOST,
2026-02-15T01:00:00+00:00,Primera Division,Atletico Tucuman,Estudiantes de Rio Cuarto,Over/Under Goals,Under 3.5,1.15,,,LOST,
2026-02-15T01:00:00+00:00,Primera Division,Firpo,Platense,1X2 / Match Winner,Home,1.65,,,WON,
2026-02-15T01:00:00+00:00,Primera Division,Independ. Rivadavia,Belgrano Cordoba,Over/Under Goals,Under 3.5,1.17,,,WON,
2026-02-15T01:06:00+00:00,Liga MX,FC Juarez,Necaxa,Over/Under Goals,Under 3.5,1.3,,,WON,
2026-02-15T01:30:00+00:00,Liga Nacional,Real Espana,Atlético Choloma,Over/Under Goals,Under 3.5,1.57,,,WON,
2026-02-15T01:30:00+00:00,Primera A,Deportivo Pasto,Internacional de Bogota,Over/Under Goals,Under 3.5,1.15,,,WON,
2026-02-15T02:00:00+00:00,Liga Nacional,Guastatoya,Malacateco,Over/Under Goals,Under 3.5,1.18,,,WON,
2026-02-15T02:00:00+00:00,Primera División,CS Herediano,CS Cartagines,Over/Under Goals,Under 2.5,1.7,,,WON,
2026-02-15T03:00:00+00:00,Victoria NPL 2,Western United II,Melbourne Srbija,1X2 / Match Winner,Away,1.62,,,LOST,
2026-02-15T03:06:00+00:00,Liga MX Femenil,Tijuana W,Cruz Azul W,Over/Under Goals,Under 3.5,1.5,,,WON,
2026-02-15T03:07:00+00:00,Liga MX,Guadalajara Chivas,Club America,Over/Under Goals,Under 3.5,1.25,,,WON,
2026-02-15T04:00:00+00:00,J2 League,Iwaki,Fukushima United,Over/Under Goals,Under 3.5,1.53,,,LOST,
2026-02-15T04:00:00+00:00,New South Wales NPL 2,Central Coast II,Macarthur Rams,Asian Handicap,Home +0,1.4,,,WON,
2026-02-15T04:00:00+00:00,New South Wales NPL,Wollongong Wolves,UNSW,Asian Handicap,Away -1.25,1.66,,,WON,
2026-02-15T04:00:00+00:00,Victoria NPL,Dandenong Thunder,Melbourne City II,Double Chance,Home/Draw,1.2,,,WON,
2026-02-15T04:15:00+00:00,Victoria NPL,Oakleigh Cannons,Preston Lions,Over/Under Goals,Under 3.5,1.5,,,LOST,
2026-02-15T05:00:00+00:00,J. League Div.1,Kashiwa Reysol,Tokyo Verdy,Over/Under Goals,Over 1.5,1.33,,,WON,
2026-02-15T05:00:00+00:00,J2 League,FC Gifu,Jubilo Iwata,Double Chance,Home/Draw,1.55,,,WON,
2026-02-15T05:00:00+00:00,J2 League,Kagoshima United,FC Ryukyu,Over/Under Goals,Under 3.5,1.5,,,LOST,
2026-02-15T05:00:00+00:00,J2 League,Kamatamare Sanuki,Kataller Toyama,Over/Under Goals,Under 3.5,1.22,,,LOST,
2026-02-15T05:00:00+00:00,J2 League,Tochigi City,Blaublitz Akita,Asian Handicap,Home +0,1.53,,,LOST,
2026-02-15T05:00:00+00:00,J2 League,Tochigi SC,Montedio Yamagata,Over/Under Goals,Under 3.5,1.28,,,WON,
2026-02-15T05:00:00+00:00,J2 League,Tokushima Vortis,Albirex Niigata,Over/Under Goals,Under 3.5,1.25,,,LOST,
2026-02-15T05:00:00+00:00,New South Wales NPL,Rockdale City Suns,Marconi Stallions,1X2 / Match Winner,Draw,3.6,,,LOST,
2026-02-15T06:00:00+00:00,J. League Div.1,Avispa Fukuoka,Cerezo Osaka,Double Chance,Home/Draw,1.44,,,LOST,
2026-02-15T06:30:00+00:00,Liga 2,Persipura Jayapura,Barito Putera,Over/Under Goals,Under 2.5,1.5,,,LOST,
2026-02-15T07:00:00+00:00,Premier League,BC Rangers,Southern District,Double Chance,Home/Draw,1.4,,,WON,
2026-02-15T08:00:00+00:00,Diski Challenge,Golden Arrows U23,Mamelodi Sundowns U23,Asian Handicap,Home +1.25,1.53,,,WON,
2026-02-15T08:30:00+00:00,Liga 1,Arema FC,Semen Padang,Over/Under Goals,Under 2.5,2.05,,,LOST,
2026-02-15T08:30:00+00:00,Liga 2,PSIS Semarang,Persela Lamongan,Over/Under Goals,Under 3.5,1.25,,,WON,
2026-02-15T09:30:00+00:00,National League,Yarmanya United,I.S.P.E,BTTS,Yes,1.58,,,WON,
2026-02-15T10:00:00+00:00,1a Divisió,Esperança d'Andorra,Carroi,Over/Under Goals,Under 3.5,1.29,,,WON,
2026-02-15T10:00:00+00:00,2. Lig,68 Aksaray Belediyespor,Menemen Belediyespor,Over/Under Goals,Under 3.5,1.25,,,WON,
2026-02-15T10:00:00+00:00,2. Lig,Adana 1954 FK,Karaman Belediyespor,Over/Under Goals,Under 3.5,2.15,,,WON,
2026-02-15T10:00:00+00:00,2. Lig,Erbaaspor,Muğlaspor,Over/Under Goals,Under 2.5,1.8,,,WON,
2026-02-15T10:00:00+00:00,3. Lig - Group 2,Kahramanmaraşspor,Karaköprü Belediyespor,Double Chance,Draw/Away,1.17,,,WON,
2026-02-15T10:00:00+00:00,3. Lig - Group 3,Pazarspor,Artvin Hopaspor,Over/Under Goals,Under 3.5,1.18,,,WON,
2026-02-15T10:00:00+00:00,Campionato Primavera - 1,Napoli U20,Parma U20,Over/Under Goals,Under 3.5,1.44,,,WON,
2026-02-15T10:00:00+00:00,Diski Challenge,AmaZulu U23,Kaizer Chiefs U23,Over/Under Goals,Under 3.5,1.35,,,WON,
2026-02-15T10:00:00+00:00,First League,Lokomotiv Plovdiv,Cherno More Varna,Over/Under Goals,Under 2.5,1.5,,,WON,
2026-02-15T10:00:00+00:00,Premier League,Floriana,Tarxien Rainbows,Over/Under Goals,Under 3.5,1.45,,,WON,
2026-02-15T10:00:00+00:00,Super League,Mombasa Elite,Kisumu All Stars,Over/Under Goals,Under 2.5,1.44,,,LOST,
2026-02-15T10:30:00+00:00,Azadegan League,Shahrdari Noshahr,Havadar,Over/Under Goals,Under 2.5,1.22,,,WON,
2026-02-15T10:30:00+00:00,Premyer Liqa,Kapaz,Neftchi Baku,Over/Under Goals,Under 3.5,1.25,,,LOST,
2026-02-15T10:30:00+00:00,Segunda División RFEF - Group 3,Valencia II,Poblense,1X2 / Match Winner,Draw,3.1,,,WON,
2026-02-15T10:30:00+00:00,Segunda División RFEF - Group 4,Antoniano,Estepona,Over/Under Goals,Under 3.5,1.15,,,WON,
2026-02-15T10:30:00+00:00,Tercera División RFEF - Group 4,Zamudio,Aurrerá Vitoria,Double Chance,Draw/Away,1.67,,,LOST,
2026-02-15T10:45:00+00:00,Tercera División RFEF - Group 5,Tona,Europa II,Over/Under Goals,Under 2.5,1.65,,,WON,
2026-02-15T11:00:00+00:00,C-League,Dangkor Senchey,National Defense,Over/Under Goals,Under 3.5,1.43,,,WON,
2026-02-15T11:00:00+00:00,C-League,Kompong Dewa,Svay Rieng,Over/Under Goals,Under 3.5,1.66,,,WON,
2026-02-15T11:00:00+00:00,C-League,Life Sihanoukville,Kirivong Sok Sen Chey,Over/Under Goals,Under 3.5,1.42,,,WON,
2026-02-15T11:00:00+00:00,Campeonato de Portugal Prio - Group A,Chaves II,Camacha,Over/Under Goals,Under 3.5,1.18,,,WON,
2026-02-15T11:00:00+00:00,Campeonato de Portugal Prio - Group A,Tirsense,Machico,Over/Under Goals,Under 2.5,1.6,,,LOST,
2026-02-15T11:00:00+00:00,FKF Premier League,APS Bomet,GOR Mahia,Asian Handicap,Home +1.25,1.4,,,WON,
2026-02-15T11:00:00+00:00,I Liga,Stal Rzeszów,Polonia Bytom,Over/Under Goals,Under 3.5,1.55,,,LOST,
2026-02-15T11:00:00+00:00,Liga 3,Guimaraes B,CF Os Belenenses,Over/Under Goals,Under 3.5,1.19,,,LOST,
2026-02-15T11:00:00+00:00,Primera División Femenina,Alhama,Real Madrid W,Over/Under Goals,Under 3.5,1.95,,,WON,
2026-02-15T11:00:00+00:00,Primera División Femenina,Athletic Club W,Real Sociedad W,Over/Under Goals,Under 3.5,1.42,,,WON,
2026-02-15T11:00:00+00:00,Primera División RFEF - Group 1,Celta de Vigo II,Real Avilés,Over/Under Goals,Over 1.5,1.28,,,WON,
2026-02-15T11:00:00+00:00,Primera División RFEF - Group 1,Osasuna II,Unionistas de Salamanca,Over/Under Goals,Under 3.5,1.15,,,WON,
2026-02-15T11:00:00+00:00,Primera División RFEF - Group 1,Zamora,Barakaldo,Over/Under Goals,Under 3.5,1.18,,,LOST,
2026-02-15T11:00:00+00:00,Primera División RFEF - Group 2,Sevilla Atletico,Teruel,Over/Under Goals,Under 3.5,1.16,,,WON,
2026-02-15T11:00:00+00:00,Segunda División RFEF - Group 1,Numancia,UD Ourense,Over/Under Goals,Under 3.5,1.22,,,WON,
2026-02-15T11:00:00+00:00,Segunda División RFEF - Group 1,Sarriana,Gimnástica Segoviana,Over/Under Goals,Under 3.5,1.16,,,WON,
2026-02-15T11:00:00+00:00,Segunda División RFEF - Group 2,Amorebieta,Ejea,Over/Under Goals,Under 3.5,1.18,,,WON,
2026-02-15T11:00:00+00:00,Segunda División RFEF - Group 2,Eibar II,Basconia,Over/Under Goals,Under 3.5,1.19,,,LOST,
2026-02-15T11:00:00+00:00,Segunda División RFEF - Group 2,Náxara,Tudelano,Over/Under Goals,Under 3.5,1.18,,,WON,
2026-02-15T11:00:00+00:00,Segunda División RFEF - Group 3,Alcoyano,Atlético Baleares,Over/Under Goals,Under 2.5,1.62,,,WON,
2026-02-15T11:00:00+00:00,Segunda División RFEF - Group 3,Barbastro,Reddis,Over/Under Goals,Under 3.5,1.18,,,WON,
2026-02-15T11:00:00+00:00,Segunda División RFEF - Group 3,Porreres,Girona II,Over/Under Goals,Under 2.5,1.67,,,LOST,
2026-02-15T11:00:00+00:00,Segunda División RFEF - Group 3,Sant Andreu,Andratx,Over/Under Goals,Under 3.5,1.28,,,WON,
2026-02-15T11:00:00+00:00,Segunda División RFEF - Group 3,Torrent,Ibiza Islas Pitiusas,Double Chance,Home/Draw,1.44,,,WON,
2026-02-15T11:00:00+00:00,Segunda División RFEF - Group 4,Recreativo Huelva,Yeclano,Over/Under Goals,Under 2.5,1.4,,,LOST,
2026-02-15T11:00:00+00:00,Segunda División RFEF - Group 4,Ucam Murcia,Almería II,Over/Under Goals,Under 3.5,1.16,,,WON,
2026-02-15T11:00:00+00:00,Segunda División RFEF - Group 5,Fuenlabrada,Las Palmas II,Over/Under Goals,Under 3.5,1.19,,,WON,
2026-02-15T11:00:00+00:00,Segunda División RFEF - Group 5,Navalcarnero,Intercity,Double Chance,Home/Draw,1.44,,,WON,
2026-02-15T11:00:00+00:00,Segunda División RFEF - Group 5,Quintanar del Rey,Tenerife II,Over/Under Goals,Under 3.5,1.24,,,LOST,
2026-02-15T11:00:00+00:00,Segunda División RFEF - Group 5,Rayo Majadahonda,Colonia Moscardó,1X2 / Match Winner,Home,1.31,,,LOST,
2026-02-15T11:00:00+00:00,Segunda División RFEF - Group 5,Rayo Vallecano II,SS Reyes,Over/Under Goals,Under 3.5,1.19,,,WON,
2026-02-15T11:00:00+00:00,Segunda División RFEF - Group 5,Socuéllamos,Real Madrid III,Over/Under Goals,Under 3.5,1.18,,,WON,
2026-02-15T11:00:00+00:00,Segunda Liga,Pacos Ferreira,Torreense,Over/Under Goals,Under 3.5,1.22,,,WON,
2026-02-15T11:00:00+00:00,Segunda Liga,Sporting CP B,Portimonense,Over/Under Goals,Under 3.5,1.33,,,LOST,
2026-02-15T11:00:00+00:00,Segunda Liga,Vizela,Maritimo,Over/Under Goals,Under 3.5,1.22,,,WON,
2026-02-15T11:00:00+00:00,Tercera División RFEF - Group 10,Conil,Dos Hermanas,Double Chance,Home/Draw,1.44,,,LOST,
2026-02-15T11:00:00+00:00,Tercera División RFEF - Group 11,Mallorca II,Platges Calvià,1X2 / Match Winner,Home,1.17,,,WON,
2026-02-15T11:00:00+00:00,Tercera División RFEF - Group 11,Peña Deportiva,Binissalem,Over/Under Goals,Under 3.5,1.57,,,WON,
2026-02-15T11:00:00+00:00,Tercera División RFEF - Group 15,Ardoi,Txantrea,Double Chance,Home/Draw,1.44,,,WON,
2026-02-15T11:00:00+00:00,Tercera División RFEF - Group 16,Varea,Yagüe,Over/Under Goals,Under 3.5,1.4,,,WON,
2026-02-15T11:00:00+00:00,Tercera División RFEF - Group 18,Albacete II,Azuqueca,Over/Under Goals,Under 2.5,1.75,,,WON,
2026-02-15T11:00:00+00:00,Tercera División RFEF - Group 18,Illescas,Pedroñeras,Over/Under Goals,Under 3.5,1.2,,,WON,
2026-02-15T11:00:00+00:00,Tercera División RFEF - Group 2,San Martín,Tuilla,1X2 / Match Winner,Home,1.7,,,WON,
2026-02-15T11:00:00+00:00,Tercera División RFEF - Group 3,Gimnástica Torrelavega,Colindres,Over/Under Goals,Under 3.5,1.42,,,LOST,
2026-02-15T11:00:00+00:00,Tercera División RFEF - Group 9,Granada II,Motril,Over/Under Goals,Under 2.5,1.62,,,LOST,
2026-02-15T11:00:00+00:00,Thai League 1,Muangthong United,Lamphun Warrior,Over/Under Goals,Under 3.5,1.5,,,WON,
2026-02-15T11:00:00+00:00,Thai League 2,Kasetsart FC,Pattani,Over/Under Goals,Under 3.5,1.4,,,LOST,
2026-02-15T11:00:00+00:00,Thai League 2,Mahasarakham United,Sisaket United,Over/Under Goals,Under 3.5,1.23,,,WON,
2026-02-15T11:15:00+00:00,Ekstraklasa,Motor Lublin,Lechia Gdansk,Over/Under Goals,Over 1.5,1.2,,,WON,
2026-02-15T11:15:00+00:00,Eredivisie,Feyenoord,GO Ahead Eagles,Over/Under Goals,Under 3.5,1.9,,,WON,
2026-02-15T11:30:00+00:00,Azadegan League,Fard Alborz,Ario Eslamshahr,Asian Handicap,Home +0.25,1.41,,,WON,
2026-02-15T11:30:00+00:00,Azadegan League,Naft Bandar Abbas,Shenavarsazi Qeshm,Asian Handicap,Home +0,1.49,,,WON,
2026-02-15T11:30:00+00:00,Azadegan League,Niroye Zamini,Nassaji Mazandaran,Over/Under Goals,Under 2.5,1.31,,,WON,
2026-02-15T11:30:00+00:00,Premier League,Geylang International,Hougang United,Over/Under Goals,Under 3.5,1.8,,,WON,
2026-02-15T11:30:00+00:00,Premier League,Home United,Tanjong Pagar,Over/Under Goals,Under 3.5,2.9,,,LOST,
2026-02-15T11:30:00+00:00,Segunda División RFEF - Group 4,La Unión Atlético,Águilas,Double Chance,Draw/Away,1.5,,,WON,
2026-02-15T11:30:00+00:00,Serie A Women,Parma W,Inter Milano W,Over/Under Goals,Under 2.5,2.1,,,LOST,
2026-02-15T11:30:00+00:00,Serie A,Udinese,Sassuolo,Asian Handicap,Home +0,1.65,,,LOST,
2026-02-15T11:30:00+00:00,Serie C - Girone A,Triestina,Novara,Over/Under Goals,Under 3.5,1.22,,,WON,
2026-02-15T11:30:00+00:00,Serie C - Girone A,Vicenza Virtus,Alcione,Over/Under Goals,Under 3.5,1.3,,,WON,
2026-02-15T11:30:00+00:00,Super Lig,Kocaelispor,Gazişehir Gaziantep,Over/Under Goals,Under 3.5,1.25,,,WON,
2026-02-15T11:30:00+00:00,Tercera División RFEF - Group 1,Coruña,Polvorín,Over/Under Goals,Under 3.5,1.18,,,WON,
2026-02-15T11:30:00+00:00,Tercera División RFEF - Group 5,Cornellà,Badalona,Over/Under Goals,Under 3.5,1.2,,,LOST,
2026-02-15T11:30:00+00:00,Thai League 2,Nong Bua Pitchaya,Nakhon Si Thammarat,Over/Under Goals,Under 3.5,1.48,,,LOST,
2026-02-15T11:45:00+00:00,First NL,Orijent 1919,HNK Cibalia,Over/Under Goals,Under 3.5,1.16,,,LOST,
2026-02-15T12:00:00+00:00,2. Lig,Ankaragücü,Batman Petrolspor,1X2 / Match Winner,Draw,3.4,,,WON,
2026-02-15T12:00:00+00:00,2. Lig,Erzin Spor,Kastamonuspor 1966,Over/Under Goals,Under 3.5,1.19,,,WON,
2026-02-15T12:00:00+00:00,2. Lig,Fethiyespor,Arnavutköy Belediyespor,Over/Under Goals,Under 3.5,1.23,,,WON,
2026-02-15T12:00:00+00:00,3. Lig - Group 1,Galata,Nilüfer Belediye,Over/Under Goals,Under 3.5,1.2,,,WON,
2026-02-15T12:00:00+00:00,3. Lig - Group 1,Çankaya FK,Küçükçekmece Sinopspor,Double Chance,Home/Draw,1.5,,,LOST,
2026-02-15T12:00:00+00:00,3. Lig - Group 1,Çorluspor 1947,Kestel Çilek,Over/Under Goals,Under 3.5,1.33,,,WON,
2026-02-15T12:00:00+00:00,3. Lig - Group 4,Söke 1970,Altay,Double Chance,Draw/Away,1.67,,,WON,
2026-02-15T12:00:00+00:00,Campionato Primavera - 1,Juventus U20,Monza U20,Over/Under Goals,Under 3.5,1.53,,,WON,
2026-02-15T12:00:00+00:00,Czech Liga,Pardubice,FK Jablonec,Over/Under Goals,Under 3.5,1.33,,,WON,
2026-02-15T12:00:00+00:00,FA WSL,Aston Villa W,Tottenham Hotspur W,Over/Under Goals,Under 3.5,1.45,,,LOST,
2026-02-15T12:00:00+00:00,FA WSL,Chelsea W,Liverpool W,Result + Total Goals,Home/Over 1.5,1.22,,,WON,
2026-02-15T12:00:00+00:00,FA WSL,Everton W,West Ham W,Over/Under Goals,Under 3.5,1.36,,,WON,
2026-02-15T12:00:00+00:00,FA WSL,Manchester United W,London City Lionesses,Over/Under Goals,Under 3.5,1.53,,,WON,
2026-02-15T12:00:00+00:00,FKF Premier League,KCB,Kariobangi Sharks,Asian Handicap,Home +0,1.41,,,WON,
2026-02-15T12:00:00+00:00,FKF Premier League,Sofapaka,Murang'a SEAL,Double Chance,Home/Draw,1.4,,,LOST,
2026-02-15T12:00:00+00:00,First League,FK Rabotnicki,Vardar Skopje,Over/Under Goals,Over 1.5,1.15,,,WON,
2026-02-15T12:00:00+00:00,Friendlies Clubs,Vaprus,Trans Narva,Double Chance,Home/Draw,1.44,,,LOST,
2026-02-15T12:00:00+00:00,Liga 1,Bali United,Persija,Over/Under Goals,Under 3.5,1.31,,,WON,
2026-02-15T12:00:00+00:00,Liga 2,Persiba Balikpapan,Persiku Kudus,Over/Under Goals,Under 3.5,1.25,,,WON,
2026-02-15T12:00:00+00:00,Liga 2,Tornado Pekanbaru,Persipal,1X2 / Match Winner,Home,1.18,,,WON,
2026-02-15T12:00:00+00:00,Liga I,Uta Arad,FC Botosani,Over/Under Goals,Under 3.5,1.18,,,WON,
2026-02-15T12:00:00+00:00,Premijer Liga,Siroki Brijeg,Velež,Over/Under Goals,Under 3.5,1.17,,,WON,
2026-02-15T12:00:00+00:00,Prva Liga,Dubočica,OFK Vršac,Over/Under Goals,Under 3.5,1.15,,,WON,
2026-02-15T12:00:00+00:00,Prva Liga,FAP,Stepojevac Vaga,Double Chance,Home/Draw,1.15,,,WON,
2026-02-15T12:00:00+00:00,Prva Liga,FK Vozdovac,Macva,Over/Under Goals,Under 2.5,1.53,,,WON,
2026-02-15T12:00:00+00:00,Second League,Belasitsa,Lokomotiv G. Oryahovitsa,Over/Under Goals,Under 3.5,1.15,,,LOST,
2026-02-15T12:00:00+00:00,Second League,Chernomorets 1919 Burgas,FK Minyor Pernik,Over/Under Goals,Under 2.5,1.7,,,WON,
2026-02-15T12:00:00+00:00,Second League,Dunav Ruse,Spartak Pleven,Over/Under Goals,Under 3.5,1.57,,,LOST,
2026-02-15T12:00:00+00:00,Second League,Hebar 1918,Yantra 2019,Over/Under Goals,Under 2.5,1.57,,,LOST,
2026-02-15T12:00:00+00:00,Second League,Marek,Sevlievo,Over/Under Goals,Under 2.5,1.57,,,WON,
2026-02-15T12:00:00+00:00,Super League,Mwatate United,Darajani Gogo,Over/Under Goals,Under 2.5,1.5,,,LOST,
2026-02-15T12:00:00+00:00,Thai League 1,Rayong FC,Chiangrai United,Asian Handicap,Home +0,1.45,,,WON,
2026-02-15T12:00:00+00:00,Thai League 2,Nakhon Pathom,Police Tero,Over/Under Goals,Under 2.5,2.0,,,WON,
2026-02-15T12:00:00+00:00,Women's Championship,Charlton Athletic W,Durham W,Double Chance,Home/Draw,1.15,,,WON,
2026-02-15T12:30:00+00:00,1st Division,Iliria Fushë-Krujë,Lushnja,Over/Under Goals,Under 3.5,1.2,,,WON,
2026-02-15T12:30:00+00:00,1st Division,Pogradeci,Burreli,Over/Under Goals,Under 3.5,1.27,,,WON,
2026-02-15T12:30:00+00:00,3. Liga,Energie Cottbus,Waldhof Mannheim,Over/Under Goals,Under 3.5,1.5,,,WON,
2026-02-15T12:30:00+00:00,Bundesliga 2,1. FC Magdeburg,Arminia Bielefeld,Over/Under Goals,Over 1.5,1.18,,,WON,
2026-02-15T12:30:00+00:00,Bundesliga 2,Holstein Kiel,FC Schalke 04,Double Chance,Home/Draw,1.48,,,LOST,
2026-02-15T12:30:00+00:00,Bundesliga 2,VfL Bochum,SC Paderborn 07,Over/Under Goals,Under 3.5,1.45,,,WON,
2026-02-15T12:30:00+00:00,First League,Ludogorets,Beroe,Over/Under Goals,Under 3.5,1.67,,,WON,
2026-02-15T12:30:00+00:00,Jupiler Pro League,Cercle Brugge,Club Brugge KV,Over/Under Goals,Over 1.5,1.2,,,WON,
2026-02-15T12:30:00+00:00,Tercera División RFEF - Group 12,Marino,Lanzarote,Asian Handicap,Home +0,1.51,,,WON,
2026-02-15T12:50:00+00:00,Division 1,Al-Faisaly FC,Al Anwar,Over/Under Goals,Under 3.5,1.3,,,LOST,
2026-02-15T13:00:00+00:00,1. Division,Olympiakos,Omonia Aradippou,Double Chance,Draw/Away,1.5,,,WON,
2026-02-15T13:00:00+00:00,2. Division,Omonia 29is Maiou,PAEEK,Over/Under Goals,Under 3.5,1.37,,,WON,
2026-02-15T13:00:00+00:00,Challenge League,Marsa,Balzan FC,Over/Under Goals,Under 3.5,1.58,,,LOST,
2026-02-15T13:00:00+00:00,Challenge League,Swieqi United,Fgura United,Over/Under Goals,Over 1.5,1.15,,,WON,
2026-02-15T13:00:00+00:00,Derde Divisie - Saturday,ADO '20,Hoogeveen,Over/Under Goals,Under 3.5,1.43,,,LOST,
2026-02-15T13:00:00+00:00,Elite One,Cotonsport,Jeunes Fauves,Over/Under Goals,Under 2.5,1.44,,,WON,
2026-02-15T13:00:00+00:00,FKF Premier League,Ulinzi Stars,Police,Double Chance,Home/Draw,1.6,,,WON,
2026-02-15T13:00:00+00:00,First League,Struga,Sileks,Over/Under Goals,Under 3.5,1.24,,,LOST,
2026-02-15T13:00:00+00:00,Friendlies Clubs,Kaluga,Astrakhan,Over/Under Goals,Over 1.5,1.17,,,WON,
2026-02-15T13:00:00+00:00,Gamma Ethniki - Group 1,Panthrakikos,Iraklis Therm.,Over/Under Goals,Under 3.5,1.27,,,WON,
2026-02-15T13:00:00+00:00,Gamma Ethniki - Group 3,Anthoupoli,A. Schimatari,Double Chance,Home/Draw,1.18,,,LOST,
2026-02-15T13:00:00+00:00,Gamma Ethniki - Group 3,Lamia,Asteras Stavros,Asian Handicap,Home +0,1.4,,,WON,
2026-02-15T13:00:00+00:00,La Liga,Oviedo,Athletic Club,Over/Under Goals,Under 3.5,1.2,,,WON,
2026-02-15T13:00:00+00:00,Ligue 1,Club Africain,Jeunesse Sportive Omrane,Over/Under Goals,Under 2.5,1.55,,,LOST,
2026-02-15T13:00:00+00:00,Ligue 1,US Ben Guerdane,CS Sfaxien,BTTS,No,1.48,,,WON,
2026-02-15T13:00:00+00:00,Ligue 1,US Monastirienne,ES Zarzis,Over/Under Goals,Under 2.5,1.4,,,LOST,
2026-02-15T13:00:00+00:00,Ligue 2,Kalaâ Sport,EGS Gafsa,Over/Under Goals,Under 2.5,1.57,,,LOST,
2026-02-15T13:00:00+00:00,Ligue 2,Progrès Sakiet Eddaïer,EO Sidi Bouzid,Over/Under Goals,Under 2.5,1.67,,,LOST,
2026-02-15T13:00:00+00:00,Ligue 2,Stade Gabesien,Jendouba Sport,Over/Under Goals,Under 2.5,1.5,,,WON,
2026-02-15T13:00:00+00:00,MFL Cup,Pdrm,Sabah FA,Over/Under Goals,Under 3.5,1.44,,,WON,
2026-02-15T13:00:00+00:00,NB II,Bekescsaba 1912,Vasas,Over/Under Goals,Under 3.5,1.28,,,WON,
2026-02-15T13:00:00+00:00,NB II,Karcag SE,Szeged 2011,Over/Under Goals,Under 2.5,1.7,,,WON,
2026-02-15T13:00:00+00:00,NB II,Kozarmisleny FC,Mezokovesd-zsory,Over/Under Goals,Under 3.5,1.22,,,WON,
2026-02-15T13:00:00+00:00,NB II,Tiszakecske FC,Soroksar,Over/Under Goals,Under 3.5,1.28,,,LOST,
2026-02-15T13:00:00+00:00,Paulista - A3,Itapirense,Bandeirante SP,Double Chance,Home/Draw,1.17,,,LOST,
2026-02-15T13:00:00+00:00,Paulista - A3,XV de Jau,Paulista,Over/Under Goals,Under 2.5,1.45,,,WON,
2026-02-15T13:00:00+00:00,Premyer Liqa,Araz,Sumqayıt,Over/Under Goals,Under 3.5,1.16,,,WON,
2026-02-15T13:00:00+00:00,Regionalliga - West,Borussia Dortmund II,Bochum II,Team Total Goals,Under 2.5,1.67,,,LOST,
2026-02-15T13:00:00+00:00,Regionalliga - West,Paderborn II,FC Bocholt,Over/Under Goals,Under 3.5,1.53,,,WON,
2026-02-15T13:00:00+00:00,Regionalliga - West,Schalke 04 II,Wuppertaler SV,Team Total Goals,Under 2.5,1.7,,,LOST,
2026-02-15T13:00:00+00:00,Segunda Division,Mirandes,Las Palmas,Over/Under Goals,Under 3.5,1.2,,,WON,
2026-02-15T13:00:00+00:00,Serie D - Girone G,Nocerina,Budoni,Over/Under Goals,Under 3.5,1.24,,,WON,
2026-02-15T13:00:00+00:00,Super League 2,Egaleo,Kallithea,Over/Under Goals,Under 2.5,1.5,,,WON,
2026-02-15T13:00:00+00:00,Super League 2,Ilioupoli,Panargiakos,Over/Under Goals,Under 2.5,1.8,,,WON,
2026-02-15T13:00:00+00:00,Super League 2,Kalamata,Panionios,Over/Under Goals,Under 3.5,1.15,,,WON,
2026-02-15T13:00:00+00:00,Super League 2,Kissamikos,Ellas Syros,Over/Under Goals,Under 3.5,1.18,,,WON,
2026-02-15T13:00:00+00:00,Super League 2,Marko,Olympiakos Piraeus II,Over/Under Goals,Under 3.5,1.18,,,WON,
2026-02-15T13:00:00+00:00,Super League,FC Thun,FC Sion,Over/Under Goals,Over 1.5,1.19,,,LOST,
2026-02-15T13:00:00+00:00,Super League,Red Arrows,NAPSA Stars,Over/Under Goals,Under 2.5,1.44,,,WON,
2026-02-15T13:00:00+00:00,Super League,Zanaco,Prison Leopards,Over/Under Goals,Under 2.5,1.4,,,LOST,
2026-02-15T13:00:00+00:00,Super Liga,Novi Pazar,OFK Beograd,1X2 / Match Winner,Draw,3.25,,,LOST,
2026-02-15T13:00:00+00:00,Superligaen,FC Fredericia,Aarhus,1X2 / Match Winner,Away,1.42,,,LOST,
2026-02-15T13:00:00+00:00,TFF 1. Lig,Amed,Sakaryaspor,Over/Under Goals,Under 3.5,1.67,,,WON,
2026-02-15T13:05:00+00:00,Division 1,Abha,Al Wehda Club,Over/Under Goals,Under 3.5,1.53,,,WON,
2026-02-15T13:20:00+00:00,Division 1,Emirates Club,Dubai City,Over/Under Goals,Under 3.5,1.48,,,WON,
2026-02-15T13:20:00+00:00,Division 1,Hatta SC,Al Jazira Al Hamra,1X2 / Match Winner,Home,1.62,,,WON,
2026-02-15T13:30:00+00:00,1st Division,Cape Town City,Midlands Wanderers,Over/Under Goals,Under 2.5,1.44,,,LOST,
2026-02-15T13:30:00+00:00,Eredivisie,Heerenveen,PEC Zwolle,Team Total Goals,Under 2.5,1.5,,,LOST,
2026-02-15T13:30:00+00:00,Eredivisie,Telstar,Twente,Over/Under Goals,Under 3.5,1.55,,,WON,
2026-02-15T13:30:00+00:00,FA Cup,Grimsby,Wolves,Over/Under Goals,Under 2.5,2.2,,,WON,
2026-02-15T13:30:00+00:00,First Amateur Division,Union Namur,Union Saint-Gilloise II,Over/Under Goals,Over 1.5,1.15,,,WON,
2026-02-15T13:30:00+00:00,First NL,Croatia Zmijavci,Hrvace,Over/Under Goals,Under 3.5,1.2,,,WON,
2026-02-15T13:30:00+00:00,I Liga,Pogoń Grod. Mazowiecki,Wisla Krakow,Over/Under Goals,Under 3.5,1.62,,,WON,
2026-02-15T13:30:00+00:00,Premier Soccer League,Sekhukhune United,Orbit College,Over/Under Goals,Under 2.5,1.4,,,WON,
2026-02-15T13:30:00+00:00,Serie C - Girone A,Dolomiti Bellunesi,PRO Vercelli,Over/Under Goals,Under 3.5,1.2,,,WON,
2026-02-15T13:30:00+00:00,Serie C - Girone B,Bra,Ascoli,Over/Under Goals,Under 3.5,1.25,,,LOST,
2026-02-15T13:30:00+00:00,Serie C - Girone B,Guidonia Montecelio 1937,Forli,Over/Under Goals,Under 3.5,1.2,,,LOST,
2026-02-15T13:30:00+00:00,Serie C - Girone B,Livorno,Pianese,Over/Under Goals,Under 3.5,1.17,,,WON,
2026-02-15T13:30:00+00:00,Serie C - Girone B,Ravenna,Juventus U23,Over/Under Goals,Under 3.5,1.28,,,WON,
2026-02-15T13:30:00+00:00,Serie C - Girone B,Sambenedettese,Torres,Over/Under Goals,Under 3.5,1.17,,,WON,
2026-02-15T13:30:00+00:00,Serie D - Girone A,Asti,NovaRomentin,Over/Under Goals,Under 3.5,1.23,,,WON,
2026-02-15T13:30:00+00:00,Serie D - Girone A,Celle Varazze,Cairese,Double Chance,Draw/Away,1.67,,,WON,
2026-02-15T13:30:00+00:00,Serie D - Girone A,Club Milano,Vado,Over/Under Goals,Under 3.5,1.21,,,LOST,
2026-02-15T13:30:00+00:00,Serie D - Girone A,Derthona,Chisola,Over/Under Goals,Under 3.5,1.23,,,WON,
2026-02-15T13:30:00+00:00,Serie D - Girone A,Saluzzo,Lavagnese,Over/Under Goals,Under 3.5,1.28,,,WON,
2026-02-15T13:30:00+00:00,Serie D - Girone B,Castellanzese,Villa Valle,Over/Under Goals,Under 3.5,1.3,,,WON,
2026-02-15T13:30:00+00:00,Serie D - Girone B,Leon Monza e Brianza,Sondrio,Over/Under Goals,Under 3.5,1.3,,,LOST,
2026-02-15T13:30:00+00:00,Serie D - Girone B,Pavia,Brusaporto,Over/Under Goals,Under 3.5,1.28,,,WON,
2026-02-15T13:30:00+00:00,Serie D - Girone B,Scanzorosciate,Caldiero Terme,Over/Under Goals,Under 3.5,1.22,,,WON,
2026-02-15T13:30:00+00:00,Serie D - Girone B,USD Casatese,Real Calepina,Over/Under Goals,Under 3.5,1.28,,,WON,
2026-02-15T13:30:00+00:00,Serie D - Girone B,Virtus Ciserano Bergamo,Oltrepò,Over/Under Goals,Under 2.5,1.74,,,WON,
2026-02-15T13:30:00+00:00,Serie D - Girone C,Altavilla,Campodarsego,Over/Under Goals,Under 2.5,1.42,,,LOST,
2026-02-15T13:30:00+00:00,Serie D - Girone C,Este,Cjarlins Muzane,Over/Under Goals,Under 2.5,1.56,,,WON,
2026-02-15T13:30:00+00:00,Serie D - Girone C,FC Obermais,Bassano Virtus,Over/Under Goals,Under 2.5,1.55,,,LOST,
2026-02-15T13:30:00+00:00,Serie D - Girone C,Legnago Salus,Clodiense,Over/Under Goals,Under 3.5,1.29,,,WON,
2026-02-15T13:30:00+00:00,Serie D - Girone C,Luparense,Brian Lignano,Double Chance,Home/Draw,1.38,,,WON,
2026-02-15T13:30:00+00:00,Serie D - Girone C,Mestre,Vigasio,Over/Under Goals,Under 2.5,1.5,,,LOST,
2026-02-15T13:30:00+00:00,Serie D - Girone C,Treviso,Calvi Noale,Over/Under Goals,Under 3.5,1.29,,,WON,
2026-02-15T13:30:00+00:00,Serie D - Girone D,Cittadella Vis Modena,Pro Sesto,Asian Handicap,Home +0.25,1.43,,,WON,
2026-02-15T13:30:00+00:00,Serie D - Girone D,Coriano,Crema,Over/Under Goals,Under 3.5,1.25,,,WON,
2026-02-15T13:30:00+00:00,Serie D - Girone D,Desenzano Calvina,Trevigliese,Over/Under Goals,Under 3.5,1.35,,,WON,
2026-02-15T13:30:00+00:00,Serie D - Girone D,Pro Palazzolo,Correggese,Over/Under Goals,Under 2.5,1.65,,,WON,
2026-02-15T13:30:00+00:00,Serie D - Girone D,Rovato Vertovese,Sant'Angelo,Asian Handicap,Home +0,1.53,,,WON,
2026-02-15T13:30:00+00:00,Serie D - Girone D,Sasso Marconi Zola,Piacenza,Over/Under Goals,Under 3.5,1.27,,,WON,
2026-02-15T13:30:00+00:00,Serie D - Girone E,Camaiore,Sporting Trestina,Double Chance,Home/Draw,1.41,,,LOST,
2026-02-15T13:30:00+00:00,Serie D - Girone E,Cannara,Robur Siena,Over/Under Goals,Under 2.5,1.59,,,LOST,
2026-02-15T13:30:00+00:00,Serie D - Girone E,Gavorrano,San Donato Tavarnelle,Over/Under Goals,Under 2.5,1.56,,,WON,
2026-02-15T13:30:00+00:00,Serie D - Girone E,Orvietana Calcio,Montevarchi Calcio,Over/Under Goals,Under 2.5,1.64,,,WON,
2026-02-15T13:30:00+00:00,Serie D - Girone E,Poggibonsi,Foligno Calcio,Over/Under Goals,Under 3.5,1.31,,,WON,
2026-02-15T13:30:00+00:00,Serie D - Girone E,Sansepolcro,Prato,Over/Under Goals,Under 2.5,1.75,,,WON,
2026-02-15T13:30:00+00:00,Serie D - Girone E,Scandicci,Seravezza,Over/Under Goals,Under 3.5,1.16,,,WON,
2026-02-15T13:30:00+00:00,Serie D - Girone E,Tau Altopascio,Grosseto,1X2 / Match Winner,Draw,3.15,,,LOST,
2026-02-15T13:30:00+00:00,Serie D - Girone E,Terranuova Traiana,Ghivizzano Borgo Mozzano,Over/Under Goals,Under 2.5,1.64,,,WON,
2026-02-15T13:30:00+00:00,Serie D - Girone F,Ancona,Chieti,1X2 / Match Winner,Home,1.4,,,WON,
2026-02-15T13:30:00+00:00,Serie D - Girone F,Atletico Ascoli,Castelfidardo Calcio,Over/Under Goals,Under 3.5,1.3,,,LOST,
2026-02-15T13:30:00+00:00,Serie D - Girone F,L'Aquila,Maceratese,Over/Under Goals,Under 3.5,1.36,,,WON,
2026-02-15T13:30:00+00:00,Serie D - Girone F,Notaresco,Vigor Senigallia,Over/Under Goals,Under 2.5,1.5,,,WON,
2026-02-15T13:30:00+00:00,Serie D - Girone F,Ostia Mare,Recanatese,1X2 / Match Winner,Home,1.36,,,WON,
2026-02-15T13:30:00+00:00,Serie D - Girone F,Sammaurese,Sora,1X2 / Match Winner,Draw,3.15,,,WON,
2026-02-15T13:30:00+00:00,Serie D - Girone F,Teramo,Fossombrone,Over/Under Goals,Under 3.5,1.34,,,WON,
2026-02-15T13:30:00+00:00,Serie D - Girone F,Termoli Calcio,Real Giulianova,Over/Under Goals,Under 2.5,1.61,,,WON,
2026-02-15T13:30:00+00:00,Serie D - Girone G,Albalonga,Real Monterotondo,Over/Under Goals,Under 3.5,1.32,,,LOST,
2026-02-15T13:30:00+00:00,Serie D - Girone G,Anzio,Sarrabus Ogliastra,Asian Handicap,Home +0,1.56,,,LOST,
2026-02-15T13:30:00+00:00,Serie D - Girone G,Olbia,Montespaccato,Over/Under Goals,Under 3.5,1.32,,,WON,
2026-02-15T13:30:00+00:00,Serie D - Girone G,Scafatese,Atletico Lodigiani,Over/Under Goals,Under 2.5,2.0,,,LOST,
2026-02-15T13:30:00+00:00,Serie D - Girone G,Trastevere,Valmontone,Double Chance,Home/Draw,1.18,,,WON,
2026-02-15T13:30:00+00:00,Serie D - Girone G,USD Palmese,Cassino,Over/Under Goals,Under 3.5,1.28,,,WON,
2026-02-15T13:30:00+00:00,Serie D - Girone H,Città di Fasano,Virtus Francavilla,Double Chance,Home/Draw,1.23,,,LOST,
2026-02-15T13:30:00+00:00,Serie D - Girone H,Ferrandina,Barletta,BTTS,No,1.61,,,WON,
2026-02-15T13:30:00+00:00,Serie D - Girone H,Gravina,Francavilla,Over/Under Goals,Under 2.5,1.68,,,LOST,
2026-02-15T13:30:00+00:00,Serie D - Girone H,Nola 1925,Fidelis Andria,Over/Under Goals,Under 3.5,1.18,,,WON,
2026-02-15T13:30:00+00:00,Serie D - Girone I,CastrumFavara,Savoia,1X2 / Match Winner,Draw,3.55,,,LOST,
2026-02-15T13:30:00+00:00,Serie D - Girone I,Gelbison,Ragusa,Over/Under Goals,Under 3.5,1.22,,,WON,
2026-02-15T13:30:00+00:00,Serie D - Girone I,Reggina,Messina,1X2 / Match Winner,Home,1.7,,,LOST,
2026-02-15T13:30:00+00:00,Tipp3 Bundesliga,FC BW Linz,Wolfsberger AC,Double Chance,Home/Draw,1.5,,,WON,
2026-02-15T13:30:00+00:00,Tipp3 Bundesliga,Grazer AK,Red Bull Salzburg,Team Total Goals,Over 0.5,1.45,,,WON,
2026-02-15T13:45:00+00:00,Ekstraklasa,Pogon Szczecin,Arka Gdynia,Over/Under Goals,Under 3.5,1.42,,,WON,
2026-02-15T14:00:00+00:00,1. Division,Ethnikos Achna,Apoel Nicosia,Over/Under Goals,Under 3.5,1.33,,,LOST,
2026-02-15T14:00:00+00:00,1. Liga Promotion,Young Boys II,Vevey Sports,1X2 / Match Winner,Home,1.36,,,WON,
2026-02-15T14:00:00+00:00,1. SNL,Primorje,Maribor,Over/Under Goals,Under 3.5,1.5,,,WON,
2026-02-15T14:00:00+00:00,2. Lig,Bursaspor,Kırklarelispor,Over/Under Goals,Under 3.5,1.51,,,LOST,
2026-02-15T14:00:00+00:00,3. Lig - Group 4,Eskişehirspor,Ayvalikgucu,Asian Handicap,Home +0,1.45,,,WON,
2026-02-15T14:00:00+00:00,CAF Confederation Cup,Maniema Union,Nairobi United,Over/Under Goals,Under 3.5,1.45,,,WON,
2026-02-15T14:00:00+00:00,Campeonato de Portugal Prio - Group A,Mirandela,Ribeira Brava,Over/Under Goals,Under 3.5,1.17,,,WON,
2026-02-15T14:00:00+00:00,Campionato Primavera - 1,Hellas Verona U20,Fiorentina U20,1X2 / Match Winner,Draw,3.87,,,WON,
2026-02-15T14:00:00+00:00,Campionato,Folgore,Tre Fiori,Over/Under Goals,Under 3.5,1.24,,,LOST,
2026-02-15T14:00:00+00:00,Campionato,Libertas,Faetano,Over/Under Goals,Under 3.5,1.37,,,WON,
2026-02-15T14:00:00+00:00,Campionato,Tre Penne,Cosmos,Over/Under Goals,Under 3.5,1.31,,,WON,
2026-02-15T14:00:00+00:00,Campionato,Virtus,Fiorentino,Over/Under Goals,Under 3.5,1.61,,,WON,
2026-02-15T14:00:00+00:00,Elite One,PWD Bamenda,Panthère,Over/Under Goals,Under 2.5,1.44,,,WON,
2026-02-15T14:00:00+00:00,Elite One,Stade Renard,Dynamo de Douala,Double Chance,Draw/Away,1.44,,,WON,
2026-02-15T14:00:00+00:00,FA Cup,Oxford United,Sunderland,Over/Under Goals,Under 2.5,1.65,,,WON,
2026-02-15T14:00:00+00:00,FA Cup,Stoke City,Fulham,1X2 / Match Winner,Draw,3.79,,,LOST,
2026-02-15T14:00:00+00:00,First Amateur Division,Crossing Schaerbeek,Habay-la-Neuve,Double Chance,Home/Draw,1.4,,,WON,
2026-02-15T14:00:00+00:00,First Amateur Division,Merelbeke,Sporting Hasselt,1X2 / Match Winner,Away,1.42,,,LOST,
2026-02-15T14:00:00+00:00,First Amateur Division,Meux,Tubize,Team Total Goals,Under 2.5,1.26,,,WON,
2026-02-15T14:00:00+00:00,First Amateur Division,Oud-Heverlee Leuven II,Hoogstraten,Double Chance,Home/Draw,1.44,,,WON,
2026-02-15T14:00:00+00:00,First Amateur Division,Standard Liège II,Rochefort,Over/Under Goals,Under 3.5,1.42,,,WON,
2026-02-15T14:00:00+00:00,First Amateur Division,Stockay-Warfusée,Albert Quévy-Mons,Over/Under Goals,Under 3.5,1.32,,,WON,
2026-02-15T14:00:00+00:00,Friendlies,Croatia U19,Latvia U19,Over/Under Goals,Under 3.5,1.53,,,LOST,
2026-02-15T14:00:00+00:00,Ligue 1,Le Havre,Toulouse,Over/Under Goals,Under 3.5,1.22,,,WON,
2026-02-15T14:00:00+00:00,NB II,Ajka,Budafoki LC,Over/Under Goals,Under 3.5,1.18,,,WON,
2026-02-15T14:00:00+00:00,NB II,Csakvar,Fehérvár FC,Asian Handicap,Home +0.25,1.43,,,LOST,
2026-02-15T14:00:00+00:00,NB II,Kecskeméti TE,BVSC,Over/Under Goals,Over 1.5,1.3,,,WON,
2026-02-15T14:00:00+00:00,Premier League 2 Division One,Liverpool U21,West Bromwich Albion U21,Over/Under Goals,Under 3.5,1.85,,,LOST,
2026-02-15T14:00:00+00:00,Premiership,Kilmarnock,Celtic,Over/Under Goals,Over 1.5,1.18,,,WON,
2026-02-15T14:00:00+00:00,Premijer Liga,Sloga Doboj,FK Sarajevo,Over/Under Goals,Under 3.5,1.17,,,WON,
2026-02-15T14:00:00+00:00,Prva HNL,HNK Gorica,Vukovar,Over/Under Goals,Over 1.5,1.28,,,LOST,
2026-02-15T14:00:00+00:00,Serie A Women,Juventus W,Lazio W,Over/Under Goals,Under 3.5,1.44,,,WON,
2026-02-15T14:00:00+00:00,Serie A,Cremonese,Genoa,Asian Handicap,Home +0.5,1.55,,,WON,
2026-02-15T14:00:00+00:00,Serie A,Parma,Verona,Over/Under Goals,Under 3.5,1.18,,,WON,
2026-02-15T14:00:00+00:00,Serie B,Bari,Sudtirol,Over/Under Goals,Under 3.5,1.21,,,WON,
2026-02-15T14:00:00+00:00,Serie B,Monza,Juve Stabia,Over/Under Goals,Under 3.5,1.18,,,WON,
2026-02-15T14:00:00+00:00,Serie B,Spezia,Frosinone,Over/Under Goals,Under 3.5,1.36,,,WON,
2026-02-15T14:00:00+00:00,Serie D - Girone A,Città di Varese,Ligorna,Over/Under Goals,Under 3.5,1.29,,,LOST,
2026-02-15T14:00:00+00:00,Serie D - Girone A,Imperia,Valenzana,Over/Under Goals,Under 2.5,1.64,,,WON,
2026-02-15T14:00:00+00:00,Serie D - Girone A,Sanremese,Biellese,Over/Under Goals,Under 3.5,1.15,,,WON,
2026-02-15T14:00:00+00:00,Serie D - Girone H,Real Normanna,Sarnese,Over/Under Goals,Under 2.5,1.44,,,LOST,
2026-02-15T14:00:00+00:00,Serie D - Girone I,Sambiase,Igea Virtus,Over/Under Goals,Under 3.5,1.2,,,WON,
2026-02-15T14:00:00+00:00,Super Lig,Göztepe,Kayserispor,Over/Under Goals,Under 3.5,1.28,,,WON,
2026-02-15T14:00:00+00:00,Women's Championship,Bristol City W,Southampton W,Over/Under Goals,Under 3.5,1.33,,,WON,
2026-02-15T14:00:00+00:00,Women's Championship,Newcastle United W,Portsmouth W,Over/Under Goals,Under 3.5,1.67,,,WON,
2026-02-15T14:15:00+00:00,Premijer Liga,Radnik Bijeljina,Posušje,Over/Under Goals,Under 2.5,1.5,,,WON,
2026-02-15T14:30:00+00:00,Bundesliga 1,FC Augsburg,1. FC Heidenheim,Asian Handicap,Home +0,1.4,,,WON,
2026-02-15T14:30:00+00:00,Czech Liga,Mlada Boleslav,Teplice,1X2 / Match Winner,Draw,3.3,,,WON,
2026-02-15T14:30:00+00:00,Czech Liga,Slovan Liberec,Baník Ostrava,Team Total Goals,Over 0.5,1.2,,,WON,
2026-02-15T14:30:00+00:00,NB I,Kazincbarcikai,Nyiregyhaza,Over/Under Goals,Under 3.5,1.25,,,LOST,
2026-02-15T14:30:00+00:00,Premiership,Motherwell,Aberdeen,Over/Under Goals,Under 3.5,1.3,,,WON,
2026-02-15T14:30:00+00:00,Serie D - Girone H,Martina Franca,Manfredonia,Over/Under Goals,Under 3.5,1.21,,,LOST,
2026-02-15T14:30:00+00:00,Super Liga,Komárno,Dunajska Streda,Asian Handicap,Home +1.25,1.48,,,WON,
2026-02-15T14:50:00+00:00,Professional League,Al Nasr,Sur,Over/Under Goals,Under 3.5,1.25,,,WON,
2026-02-15T15:00:00+00:00,Botola 2,Stade Marocain,Moghreb Tetouan,Asian Handicap,Home +0.25,1.46,,,WON,
2026-02-15T15:00:00+00:00,Campeonato de Portugal Prio - Group A,AR São Martinho,Bragança,Over/Under Goals,Under 3.5,1.19,,,WON,
2026-02-15T15:00:00+00:00,Campeonato de Portugal Prio - Group A,Monção,Celoricense,Over/Under Goals,Under 3.5,1.24,,,WON,
2026-02-15T15:00:00+00:00,Campeonato de Portugal Prio - Group A,Os Limianos,Vilaverdense,Over/Under Goals,Under 2.5,1.53,,,LOST,
2026-02-15T15:00:00+00:00,Campeonato de Portugal Prio - Group A,Vianense,Brito,Double Chance,Draw/Away,1.6,,,LOST,
2026-02-15T15:00:00+00:00,Campeonato de Portugal Prio - Group B,Aparecida,Beira-Mar,Double Chance,Home/Draw,1.5,,,LOST,
2026-02-15T15:00:00+00:00,Campeonato de Portugal Prio - Group B,Cinfães,Vila Meã,Over/Under Goals,Under 3.5,1.16,,,WON,
2026-02-15T15:00:00+00:00,Campeonato de Portugal Prio - Group B,Florgrade,Alpendorada,Over/Under Goals,Under 2.5,1.44,,,LOST,
2026-02-15T15:00:00+00:00,Campeonato de Portugal Prio - Group B,Leça,União Lamas,Over/Under Goals,Under 3.5,1.33,,,LOST,
2026-02-15T15:00:00+00:00,Campeonato de Portugal Prio - Group B,Rebordosa,Anadia,Asian Handicap,Away -1.25,1.48,,,WON,
2026-02-15T15:00:00+00:00,Campeonato de Portugal Prio - Group B,Resende,Salgueiros,Over/Under Goals,Under 2.5,1.4,,,WON,
2026-02-15T15:00:00+00:00,Campeonato de Portugal Prio - Group B,Vila Real,Gouveia,Over/Under Goals,Under 2.5,1.85,,,LOST,
2026-02-15T15:00:00+00:00,Campeonato de Portugal Prio - Group C,Benfica Castelo Branco,Eléctrico,1X2 / Match Winner,Home,1.5,,,WON,
2026-02-15T15:00:00+00:00,Campeonato de Portugal Prio - Group C,Oliveira Hospital,Mortágua,Over/Under Goals,Under 3.5,1.2,,,WON,
2026-02-15T15:00:00+00:00,Campeonato de Portugal Prio - Group C,Samora Correir,Lajense,Double Chance,Home/Draw,1.6,,,WON,
2026-02-15T15:00:00+00:00,Campeonato de Portugal Prio - Group D,Louletano,O Elvas,Over/Under Goals,Under 2.5,1.44,,,WON,
2026-02-15T15:00:00+00:00,Challenger Pro League,Francs Borains,SK Beveren,Over/Under Goals,Under 3.5,1.36,,,WON,
2026-02-15T15:00:00+00:00,Elite One,Gazelle,Fortuna Mfou,Over/Under Goals,Under 2.5,1.65,,,WON,
2026-02-15T15:00:00+00:00,First League,Levski Sofia,Botev Plovdiv,Over/Under Goals,Under 3.5,1.44,,,WON,
2026-02-15T15:00:00+00:00,Frauen Bundesliga,Carl Zeiss Jena  W,Eintracht Frankfurt W,Over/Under Goals,Under 3.5,2.05,,,LOST,
2026-02-15T15:00:00+00:00,Girabola,Luanda City,São Salvador,Double Chance,Draw/Away,1.44,,,WON,
2026-02-15T15:00:00+00:00,Jupiler Pro League,Antwerp,KVC Westerlo,Over/Under Goals,Under 3.5,1.38,,,WON,
2026-02-15T15:00:00+00:00,Liga 3,Amora,SC Covilha,Over/Under Goals,Under 3.5,1.18,,,WON,
2026-02-15T15:00:00+00:00,Liga I,Farul Constanta,Rapid,Over/Under Goals,Under 3.5,1.33,,,LOST,
2026-02-15T15:00:00+00:00,Liga Revelação U23,Famalicão U23,Sporting Braga U23,Team Total Goals,Over 0.5,1.18,,,WON,
2026-02-15T15:00:00+00:00,National Division,Progres Niederkorn,Swift Hesperange,Over/Under Goals,Under 3.5,1.3,,,WON,
2026-02-15T15:00:00+00:00,National Division,UNA Strassen,Victoria Rosport,Over/Under Goals,Under 3.5,1.55,,,WON,
2026-02-15T15:00:00+00:00,National Division,US Hostert,Union Titus Petange,Over/Under Goals,Under 3.5,1.36,,,WON,
2026-02-15T15:00:00+00:00,Primera Division,Universidad de Concepcion,Concepción,Over/Under Goals,Under 3.5,1.33,,,WON,
2026-02-15T15:00:00+00:00,Primera División Femenina,Espanyol W,Edf Logrono W,Over/Under Goals,Under 2.5,1.65,,,WON,
2026-02-15T15:00:00+00:00,Primera División RFEF - Group 1,CF Talavera,Arenteiro,Over/Under Goals,Under 3.5,1.17,,,WON,
2026-02-15T15:00:00+00:00,Primera División RFEF - Group 2,Ibiza,Sabadell,Over/Under Goals,Under 3.5,1.15,,,WON,
2026-02-15T15:00:00+00:00,Regionalliga - Nordost,Chemnitzer FC,Lokomotive Leipzig,Over/Under Goals,Over 1.5,1.25,,,WON,
2026-02-15T15:00:00+00:00,Segunda División RFEF - Group 5,CD Coria,Conquense,Over/Under Goals,Under 3.5,1.17,,,WON,
2026-02-15T15:00:00+00:00,Superligaen,Odense,FC Midtjylland,Over/Under Goals,Over 1.5,1.17,,,WON,
2026-02-15T15:00:00+00:00,Tercera División RFEF - Group 6,RC Catarroja,Atzeneta,Over/Under Goals,Under 2.5,1.44,,,WON,
2026-02-15T15:15:00+00:00,La Liga,Rayo Vallecano,Atletico Madrid,Over/Under Goals,Under 3.5,1.25,,,WON,
2026-02-15T15:15:00+00:00,Segunda Division,Eibar,Racing Santander,1X2 / Match Winner,Draw,3.4,,,LOST,
2026-02-15T15:15:00+00:00,Segunda Division,Huesca,AD Ceuta FC,Asian Handicap,Home +0,1.5,,,WON,
2026-02-15T15:25:00+00:00,Division 1,Al Diriyah,Al Ula,Team Total Goals,Under 2.5,1.16,,,WON,
2026-02-15T15:30:00+00:00,3. Liga,SSV Ulm 1846,Alemannia Aachen,Over/Under Goals,Over 1.5,1.28,,,WON,
2026-02-15T15:30:00+00:00,Challenge League,Mtarfa,Sirens,Over/Under Goals,Under 3.5,2.59,,,LOST,
2026-02-15T15:30:00+00:00,Ligue 1,Stella,Korhogo,Over/Under Goals,Under 2.5,1.44,,,WON,
2026-02-15T15:30:00+00:00,Ligue 1,Zoman,Bouaké,Over/Under Goals,Under 2.5,1.5,,,WON,
2026-02-15T15:30:00+00:00,Premier League,Marsaxlokk,Hibernians,Over/Under Goals,Under 3.5,1.28,,,WON,
2026-02-15T15:30:00+00:00,Primeira Liga,Nacional,FC Porto,Over/Under Goals,Under 3.5,1.38,,,WON,
2026-02-15T15:30:00+00:00,Super League 1,Kifisia,OFI,Over/Under Goals,Under 3.5,1.28,,,LOST,
2026-02-15T15:30:00+00:00,Super League,Lausanne,Servette FC,Over/Under Goals,Over 1.5,1.15,,,WON,
2026-02-15T15:30:00+00:00,Superliga,Dinamo Tirana,Flamurtari,Over/Under Goals,Under 2.5,1.67,,,WON,
2026-02-15T15:30:00+00:00,Superliga,Partizani,Tirana,Over/Under Goals,Under 3.5,1.15,,,WON,
2026-02-15T15:30:00+00:00,Tercera División RFEF - Group 17,Caspe,Zuera,1X2 / Match Winner,Home,1.5,,,WON,
2026-02-15T15:50:00+00:00,Professional League,Al-Khabourah,Al Seeb,Over/Under Goals,Under 3.5,1.25,,,WON,
2026-02-15T16:00:00+00:00,Botola Pro,Hassania Agadir,CODM Meknès,Over/Under Goals,Under 3.5,1.15,,,WON,
2026-02-15T16:00:00+00:00,CAF Champions League,Al Ahly,FAR Rabat,Asian Handicap,Home +0.5,1.24,,,WON,
2026-02-15T16:00:00+00:00,CAF Champions League,Young Africans,JS Kabylie,Over/Under Goals,Under 3.5,1.33,,,WON,
2026-02-15T16:00:00+00:00,CAF Confederation Cup,CR Belouizdad,Otôho d'Oyo,Asian Handicap,Home +0.5,1.15,,,WON,
2026-02-15T16:00:00+00:00,CAF Confederation Cup,Djoliba,San-Pédro,Double Chance,Draw/Away,1.6,,,LOST,
2026-02-15T16:00:00+00:00,CAF Confederation Cup,Stellenbosch,Singida Black Stars,Over/Under Goals,Under 3.5,1.17,,,WON,
2026-02-15T16:00:00+00:00,Elite One,Colombe,Aigle Royal de Moungo,Over/Under Goals,Under 2.5,1.44,,,LOST,
2026-02-15T16:00:00+00:00,Liga 3,Caldas,1º Dezembro,Over/Under Goals,Under 3.5,1.16,,,WON,
2026-02-15T16:00:00+00:00,NB II,Budapest Honved,Szentlőrinc SE,Over/Under Goals,Under 3.5,1.36,,,WON,
2026-02-15T16:00:00+00:00,Segunda División RFEF - Group 1,Bergantiños,Racing Santander II,Over/Under Goals,Under 2.5,1.53,,,LOST,
2026-02-15T16:00:00+00:00,Segunda División RFEF - Group 1,Coruxo,Real Valladolid II,Team Total Goals,Over 0.5,1.17,,,LOST,
2026-02-15T16:00:00+00:00,Segunda División RFEF - Group 1,Marino de Luanco,Deportivo La Coruña II,Over/Under Goals,Under 3.5,1.15,,,WON,
2026-02-15T16:00:00+00:00,Segunda División RFEF - Group 1,Real Ávila,Salamanca UDS,Double Chance,Draw/Away,1.5,,,WON,
2026-02-15T16:00:00+00:00,Segunda División RFEF - Group 1,Sámano,Lealtad,Over/Under Goals,Under 3.5,1.2,,,WON,
2026-02-15T16:00:00+00:00,Segunda División RFEF - Group 2,UD Logroñés,Real Zaragoza II,Team Total Goals,Under 2.5,1.49,,,LOST,
2026-02-15T16:00:00+00:00,Segunda División RFEF - Group 2,Utebo,Alfaro,Over/Under Goals,Under 3.5,1.36,,,LOST,
2026-02-15T16:00:00+00:00,Segunda División RFEF - Group 3,Olot,Espanyol II,Double Chance,Draw/Away,1.5,,,WON,
2026-02-15T16:00:00+00:00,Segunda División RFEF - Group 4,Puente Genil,Xerez Deportivo,Double Chance,Draw/Away,1.44,,,WON,
2026-02-15T16:00:00+00:00,Segunda División RFEF - Group 4,Real Jaén,Deportiva Minera,Over/Under Goals,Under 3.5,1.15,,,WON,
2026-02-15T16:00:00+00:00,Segunda División RFEF - Group 5,RSD Alcalá,Orihuela,Over/Under Goals,Under 3.5,1.2,,,WON,
2026-02-15T16:00:00+00:00,Super Liga,Mladost Lucani,TSC Backa Topola,Double Chance,Home/Draw,1.67,,,LOST,
2026-02-15T16:00:00+00:00,TFF 1. Lig,Pendikspor,Sarıyer,Over/Under Goals,Under 3.5,1.25,,,WON,
2026-02-15T16:00:00+00:00,Tercera División RFEF - Group 11,Felanitx,Constància,Double Chance,Draw/Away,1.17,,,WON,
2026-02-15T16:00:00+00:00,Tercera División RFEF - Group 13,Balsicas Atlético,Cieza,Team Total Goals,Over 0.5,1.15,,,WON,
2026-02-15T16:00:00+00:00,Tercera División RFEF - Group 13,Unión Molinense,UD Caravaca,1X2 / Match Winner,Home,1.45,,,LOST,
2026-02-15T16:00:00+00:00,Tercera División RFEF - Group 2,Covadonga,Lenense,Over/Under Goals,Under 2.5,2.62,,,WON,
2026-02-15T16:00:00+00:00,Tercera División RFEF - Group 3,Castro,Atlético Albericia,Over/Under Goals,Under 3.5,1.17,,,WON,
2026-02-15T16:00:00+00:00,Tipp3 Bundesliga,Austria Vienna,Rapid Vienna,Over/Under Goals,Under 3.5,1.33,,,WON,
2026-02-15T16:15:00+00:00,Emir Cup,Al Ahli Doha,UMM Salal,Double Chance,Draw/Away,1.55,,,WON,
2026-02-15T16:15:00+00:00,Ligue 1,Lorient,Angers,Over/Under Goals,Under 3.5,1.22,,,WON,
2026-02-15T16:15:00+00:00,Ligue 1,Metz,Auxerre,Over/Under Goals,Under 3.5,1.22,,,LOST,
2026-02-15T16:15:00+00:00,Serie B,Empoli,Reggiana,Over/Under Goals,Under 3.5,1.21,,,WON,
2026-02-15T16:30:00+00:00,1. SNL,Koper,Radomlje,Over/Under Goals,Over 1.5,1.2,,,WON,
2026-02-15T16:30:00+00:00,Bundesliga 1,RB Leipzig,VfL Wolfsburg,1X2 / Match Winner,Home,1.5,,,LOST,
2026-02-15T16:30:00+00:00,Ekstraklasa,Lech Poznan,Piast Gliwice,Over/Under Goals,Under 3.5,1.36,,,WON,
2026-02-15T16:30:00+00:00,FA Cup,Arsenal,Wigan,Over/Under Goals,Under 3.5,2.2,,,LOST,
2026-02-15T16:30:00+00:00,I Liga,Wieczysta Kraków,Puszcza Niepołomice,Asian Handicap,Home +0.5,1.15,,,WON,
2026-02-15T16:30:00+00:00,Ligue 1,AJEL,Génération Foot,Over/Under Goals,Under 2.5,1.33,,,WON,
2026-02-15T16:30:00+00:00,Ligue 1,Jaraaf,AS Camberene,Over/Under Goals,Under 2.5,1.4,,,WON,
2026-02-15T16:30:00+00:00,Premier League,Nouadhibou,Chemal,1X2 / Match Winner,Home,1.48,,,WON,
2026-02-15T16:30:00+00:00,Premiership,Rangers,Heart Of Midlothian,Team Total Goals,Over 0.5,1.2,,,WON,
2026-02-15T16:30:00+00:00,Segunda División RFEF - Group 2,Sestao River,Real Unión,Over/Under Goals,Under 3.5,1.16,,,WON,
2026-02-15T16:30:00+00:00,Serie C - Girone A,Albinoleffe,Arzignano Valchiampo,Over/Under Goals,Under 3.5,1.22,,,WON,
2026-02-15T16:30:00+00:00,Serie C - Girone A,Lumezzane,Giana Erminio,Over/Under Goals,Under 3.5,1.2,,,WON,
2026-02-15T16:30:00+00:00,Serie C - Girone A,Trento,Pro Patria,Over/Under Goals,Under 3.5,1.3,,,WON,
2026-02-15T16:30:00+00:00,Serie C - Girone B,Perugia,Athletic Carpi,Over/Under Goals,Under 2.5,1.62,,,WON,
2026-02-15T16:30:00+00:00,Serie C - Girone B,Pontedera,Gubbio,Over/Under Goals,Under 3.5,1.17,,,WON,
2026-02-15T16:30:00+00:00,Tercera División RFEF - Group 14,Santa Amalia,Villanovense,Over/Under Goals,Under 3.5,1.16,,,WON,
2026-02-15T16:30:00+00:00,Tercera División RFEF - Group 15,Subiza,Aoiz,Over/Under Goals,Under 3.5,1.25,,,WON,
2026-02-15T16:45:00+00:00,NB I,Gyori ETO FC,Kisvarda FC,Team Total Goals,Under 2.5,1.42,,,WON,
2026-02-15T16:45:00+00:00,Prva HNL,NK Osijek,HNK Hajduk Split,Over/Under Goals,Under 3.5,1.25,,,WON,
2026-02-15T17:00:00+00:00,1. Division,AEL,Pafos,Asian Handicap,Home +1.25,1.42,,,WON,
2026-02-15T17:00:00+00:00,Liga 3,Mafra,Varzim,Over/Under Goals,Under 3.5,1.18,,,WON,
2026-02-15T17:00:00+00:00,Liga Nacional,Aurora,Cobán Imperial,Over/Under Goals,Under 3.5,1.25,,,WON,
2026-02-15T17:00:00+00:00,Segunda División RFEF - Group 3,Terrassa,Atlètic Lleida,Over/Under Goals,Under 2.5,1.85,,,WON,
2026-02-15T17:00:00+00:00,Serie A Women,Roma W,Napoli W,1X2 / Match Winner,Home,1.43,,,LOST,
2026-02-15T17:00:00+00:00,Serie A,Torino,Bologna,Over/Under Goals,Over 1.5,1.35,,,WON,
2026-02-15T17:00:00+00:00,Super Lig,Başakşehir,Beşiktaş,Over/Under Goals,Under 3.5,1.48,,,LOST,
2026-02-15T17:00:00+00:00,Super Liga,Spartak Trnava,Žilina,Over/Under Goals,Under 3.5,1.48,,,WON,
2026-02-15T17:00:00+00:00,Superliga,Prishtina,Llapi,Double Chance,Home/Draw,1.17,,,WON,
2026-02-15T17:00:00+00:00,Superligaen,Viborg,Brondby,Over/Under Goals,Under 3.5,1.42,,,WON,
2026-02-15T17:00:00+00:00,Tercera División RFEF - Group 1,Compostela,Celtiga,Over/Under Goals,Under 3.5,1.28,,,WON,
2026-02-15T17:15:00+00:00,Primera División RFEF - Group 2,FC Cartagena,Marbella,Over/Under Goals,Under 3.5,1.16,,,WON,
2026-02-15T17:15:00+00:00,Primera División RFEF - Group 2,Hércules,Antequera,Over/Under Goals,Under 3.5,1.22,,,WON,
2026-02-15T17:30:00+00:00,Czech Liga,Sparta Praha,Hradec Králové,Over/Under Goals,Under 3.5,1.33,,,WON,
2026-02-15T17:30:00+00:00,Frauen Bundesliga,1899 Hoffenheim W,Hamburger SV W,Over/Under Goals,Under 3.5,2.2,,,LOST,
2026-02-15T17:30:00+00:00,Jupiler Pro League,Anderlecht,RAAL La Louvière,Over/Under Goals,Under 3.5,1.25,,,WON,
2026-02-15T17:30:00+00:00,La Liga,Levante,Valencia,Over/Under Goals,Under 3.5,1.33,,,WON,
2026-02-15T17:30:00+00:00,Primera División Femenina,Atletico Madrid W,Madrid CFF W,1X2 / Match Winner,Home,1.52,,,LOST,
2026-02-15T17:30:00+00:00,Segunda Division,Albacete,Sporting Gijon,Over/Under Goals,Under 3.5,1.33,,,WON,
2026-02-15T17:30:00+00:00,Super League 1,PAOK,AEK Athens FC,Over/Under Goals,Under 3.5,1.28,,,WON,
2026-02-15T17:30:00+00:00,Tercera División RFEF - Group 3,Revilla,Guarnizo,Over/Under Goals,Under 3.5,1.19,,,WON,
2026-02-15T18:00:00+00:00,Botola Pro,FUS Rabat,Kawkab Marrakech,Over/Under Goals,Under 3.5,1.3,,,WON,
2026-02-15T18:00:00+00:00,Liga I,Universitatea Craiova,FCSB,Over/Under Goals,Under 3.5,1.25,,,WON,
2026-02-15T18:00:00+00:00,Liga de Expansión MX,Leones Negros UDG,Tepatitlán,Over/Under Goals,Under 3.5,1.33,,,WON,
2026-02-15T18:00:00+00:00,Primeira Liga,AVS,Estoril,Team Total Goals,Over 0.5,1.16,,,LOST,
2026-02-15T18:00:00+00:00,Primera Division,Sport Huancayo,FC Cajamarca,Over/Under Goals,Under 3.5,1.4,,,WON,
2026-02-15T18:00:00+00:00,Segunda Liga,União de Leiria,FC Porto B,Double Chance,Home/Draw,1.15,,,WON,
2026-02-15T18:00:00+00:00,Tercera División RFEF - Group 5,Vilassar Mar,Peralada,Over/Under Goals,Under 3.5,1.17,,,WON,
2026-02-15T18:15:00+00:00,Jupiler Pro League,St. Truiden,Zulte Waregem,Over/Under Goals,Under 3.5,1.42,,,LOST,
2026-02-15T18:15:00+00:00,Ligat Ha'al,Maccabi Haifa,Bnei Sakhnin,Result + Total Goals,Home/Over 1.5,1.67,,,WON,
2026-02-15T18:30:00+00:00,3. Liga,FC Schweinfurt 05,FC Ingolstadt 04,Over/Under Goals,Under 3.5,1.57,,,WON,
2026-02-15T18:30:00+00:00,Paraense,Águia de Marabá,Cametá,Over/Under Goals,Under 3.5,1.2,,,WON,
2026-02-15T18:30:00+00:00,Serie B,Avellino,Pescara,Over/Under Goals,Under 3.5,1.33,,,WON,
2026-02-15T18:30:00+00:00,Superliga,Vllaznia Shkodër,AF Elbasani,Over/Under Goals,Under 3.5,1.17,,,WON,
2026-02-15T19:00:00+00:00,Baiano - 1,Atlético Alagoinhas,Porto BA,Over/Under Goals,Under 2.5,1.7,,,WON,
2026-02-15T19:00:00+00:00,Cearense - 1,Floresta,Ceara,Over/Under Goals,Under 2.5,1.57,,,LOST,
2026-02-15T19:00:00+00:00,Goiano - 1,Atletico Goianiense,ABECAT Ouvidorense,Over/Under Goals,Under 3.5,1.35,,,WON,
2026-02-15T19:00:00+00:00,Goiano - 1,Jataiense,Anapolina,Over/Under Goals,Under 3.5,1.19,,,WON,
2026-02-15T19:00:00+00:00,Liga 3,Fafe,SC Braga B,Over/Under Goals,Under 3.5,1.22,,,WON,
2026-02-15T19:00:00+00:00,Super League 1,Panathinaikos,Larisa,Over/Under Goals,Under 3.5,1.28,,,WON,
2026-02-15T19:30:00+00:00,Primera División RFEF - Group 2,Alcorcon,Real Murcia,Over/Under Goals,Under 2.5,1.33,,,WON,
2026-02-15T19:30:00+00:00,Serie C - Girone A,Lecco,Virtus Verona,Over/Under Goals,Under 3.5,1.22,,,LOST,
2026-02-15T19:30:00+00:00,Serie C - Girone C,Potenza,Team Altamura,Over/Under Goals,Under 3.5,1.22,,,WON,
2026-02-15T19:45:00+00:00,Ligue 1,Lyon,Nice,1X2 / Match Winner,Home,1.67,,,WON,
2026-02-15T19:45:00+00:00,Serie A,Napoli,AS Roma,1X2 / Match Winner,Draw,3.15,,,WON,
2026-02-15T20:00:00+00:00,Catarinense - 1,Barra,Camboriú,Over/Under Goals,Under 3.5,1.16,,,WON,
2026-02-15T20:00:00+00:00,La Liga,Mallorca,Real Betis,Over/Under Goals,Under 3.5,1.28,,,WON,
2026-02-15T20:00:00+00:00,Primera B Metropolitana,Argentino Quilmes,Deportivo Laferrere,Asian Handicap,Home +0.25,1.41,,,WON,
2026-02-15T20:00:00+00:00,Primera B Metropolitana,Defensores Unidos,Talleres Remedios,Over/Under Goals,Under 2.5,1.4,,,WON,
2026-02-15T20:00:00+00:00,Primera B Metropolitana,Dock Sud,Arsenal Sarandi,1X2 / Match Winner,Draw,3.0,,,WON,
2026-02-15T20:00:00+00:00,Primera Division,Gimnasia L.P.,Estudiantes L.P.,Over/Under Goals,Under 3.5,1.15,,,WON,
2026-02-15T20:00:00+00:00,Primera División - Apertura,Danubio,Boston River,Over/Under Goals,Under 2.5,1.55,,,WON,
2026-02-15T20:00:00+00:00,Primera Nacional,Chacarita Juniors,San Martin S.J.,Asian Handicap,Home +0.25,1.5,,,WON,
2026-02-15T20:00:00+00:00,Primera Nacional,Club Atlético Güemes,Nueva Chicago,Over/Under Goals,Under 2.5,1.33,,,WON,
2026-02-15T20:00:00+00:00,Segunda Division,Castellón,Deportivo La Coruna,Team Total Goals,Over 0.5,1.17,,,WON,
2026-02-15T20:15:00+00:00,Primera Division,Comerciantes Unidos,Club Deportivo Los Chankas,Over/Under Goals,Under 2.5,1.7,,,WON,
2026-02-15T20:30:00+00:00,Carioca - 1,Botafogo,Flamengo,Over/Under Goals,Under 3.5,1.2,,,WON,
2026-02-15T20:30:00+00:00,Gaúcho - 1,Gremio,Juventude,1X2 / Match Winner,Draw,4.2,,,WON,
2026-02-15T20:30:00+00:00,Premier League,Chapelton,Treasure Beach,Over/Under Goals,Under 3.5,1.17,,,WON,
2026-02-15T20:30:00+00:00,Premier League,Molynes United,Racing United,Over/Under Goals,Under 3.5,1.2,,,WON,
2026-02-15T20:30:00+00:00,Premier League,Mount Pleasant Academy,Dunbeholden,Team Total Goals,Under 2.5,1.5,,,LOST,
2026-02-15T20:30:00+00:00,Primeira Liga,Sporting CP,Famalicao,Over/Under Goals,Under 3.5,1.48,,,WON,
2026-02-15T20:30:00+00:00,Primera Nacional,Los Andes,Almirante Brown,Over/Under Goals,Under 2.5,1.3,,,WON,
2026-02-15T21:00:00+00:00,Liga Nacional,Génesis,Platense FC,Double Chance,Home/Draw,1.53,,,WON,
2026-02-15T21:00:00+00:00,Liga Nacional,Mictlán,Antigua GFC,Over/Under Goals,Under 2.5,1.5,,,WON,
2026-02-15T21:00:00+00:00,Matogrossense,Sport Sinop,Luverdense,Over/Under Goals,Under 2.5,1.62,,,WON,
2026-02-15T21:00:00+00:00,Primera Division,Cacahuatique,Isidro Metapán,Over/Under Goals,Under 3.5,1.17,,,WON,
2026-02-15T21:00:00+00:00,Primera Division,Nublense,A. Italiano,Over/Under Goals,Under 3.5,1.28,,,WON,
2026-02-15T21:00:00+00:00,Primera División,Municipal Liberia,Deportivo Saprissa,Over/Under Goals,Under 3.5,1.25,,,WON,
2026-02-15T21:20:00+00:00,Primera A,Deportes Tolima,Once Caldas,Over/Under Goals,Under 3.5,1.18,,,WON,
2026-02-15T21:30:00+00:00,Division Profesional - Apertura,Sportivo Trinidense,Libertad Asuncion,Over/Under Goals,Under 3.5,1.21,,,WON,
2026-02-15T21:30:00+00:00,Paranaense - 1,Londrina,Atletico Paranaense,Double Chance,Home/Draw,1.5,,,WON,
2026-02-15T21:30:00+00:00,Primera Division,Zacatecoluca,Águila,Over/Under Goals,Under 3.5,1.3,,,WON,
2026-02-15T22:00:00+00:00,Liga de Ascenso,AD Carmelita,Aserri FC,Double Chance,Home/Draw,1.18,,,WON,
2026-02-15T22:00:00+00:00,Primera Division,Rancho Santana,UNAN Managua,Double Chance,Home/Draw,1.4,,,LOST,
2026-02-15T22:00:00+00:00,Primera Nacional,Racing Cordoba,CA Estudiantes,Double Chance,Draw/Away,1.4,,,LOST,
2026-02-15T22:00:00+00:00,Primera Nacional,San Martin Tucuman,Patronato,Over/Under Goals,Under 2.5,1.4,,,WON,
2026-02-15T22:30:00+00:00,Liga MX,Cruz Azul,Tigres UANL,Asian Handicap,Home +0.25,1.45,,,WON,
2026-02-15T22:30:00+00:00,Primera B Metropolitana,Sportivo Italiano,UAI Urquiza,Over/Under Goals,Under 2.5,1.44,,,WON,
2026-02-15T22:30:00+00:00,Primera Division,Boca Juniors,Platense,Over/Under Goals,Under 3.5,1.15,,,WON,
2026-02-15T23:00:00+00:00,Liga MX,Santos Laguna,Mazatlán,BTTS,Yes,1.57,,,WON,
2026-02-15T23:00:00+00:00,Primera B Metropolitana,Deportivo Merlo,Excursionistas,Asian Handicap,Home +0,1.62,,,LOST,
2026-02-15T23:15:00+00:00,Liga Nacional,CD Motagua,CD Marathon,Double Chance,Home/Draw,1.4,,,WON,
2026-02-15T23:30:00+00:00,Division Profesional - Apertura,Cerro Porteno,Nacional Asuncion,Over/Under Goals,Under 3.5,1.22,,,WON,
2026-02-15T23:30:00+00:00,Gaúcho - 1,Ypiranga-RS,Internacional,Over/Under Goals,Under 3.5,1.17,,,WON,
2026-02-15T23:30:00+00:00,Paulista - A1,Botafogo SP,Capivariano,Over/Under Goals,Under 3.5,1.18,,,WON,
2026-02-15T23:30:00+00:00,Paulista - A1,Mirassol,Portuguesa,Over/Under Goals,Under 3.5,1.25,,,WON,
2026-02-15T23:30:00+00:00,Paulista - A1,Palmeiras,Guarani Campinas,Over/Under Goals,Under 3.5,1.33,,,WON,
2026-02-15T23:30:00+00:00,Paulista - A1,Ponte Preta,Sao Paulo,Over/Under Goals,Under 3.5,1.28,,,WON,
2026-02-15T23:30:00+00:00,Paulista - A1,Primavera SP,Noroeste,Over/Under Goals,Under 3.5,1.22,,,LOST,
2026-02-15T23:30:00+00:00,Paulista - A1,RB Bragantino,Novorizontino,Over/Under Goals,Under 2.5,1.57,,,LOST,
2026-02-15T23:30:00+00:00,Paulista - A1,Santos,Velo Clube,Over/Under Goals,Under 3.5,1.33,,,LOST,
2026-02-15T23:30:00+00:00,Paulista - A1,São Bernardo,Corinthians,Over/Under Goals,Under 3.5,1.2,,,WON,
2026-02-15T23:30:00+00:00,Primera A,Deportivo Cali,Atletico Nacional,Over/Under Goals,Under 3.5,1.25,,,WON,
2026-02-15T23:30:00+00:00,Primera Division,Colo Colo,Union La Calera,1X2 / Match Winner,Home,1.47,,,WON,
2026-02-15T23:30:00+00:00,Primera Division,FBC Melgar,UCV Moquegua,Over/Under Goals,Over 1.5,1.2,,,WON,
2026-02-15T23:30:00+00:00,Primera División - Apertura,Central Espanol,Penarol,Over/Under Goals,Under 3.5,1.35,,,WON,
2026-02-16T00:00:00+00:00,Premier League,Waterhouse,Tivoli Gardens,Over/Under Goals,Under 3.5,1.2,,,WON,
2026-02-16T00:00:00+00:00,Primera División,LD Alajuelense,Sporting San Jose,Over/Under Goals,Under 3.5,1.22,,,WON,
2026-02-16T01:00:00+00:00,Primera Division,Diriangén,H&H Export,Over/Under Goals,Under 3.5,1.58,,,WON,
2026-02-16T01:00:00+00:00,Primera Division,Instituto Cordoba,Central Cordoba de Santiago,Over/Under Goals,Under 2.5,1.45,,,WON,
2026-02-16T01:00:00+00:00,Primera Division,Managua,Matagalpa,1X2 / Match Winner,Home,1.62,,,LOST,
2026-02-16T01:00:00+00:00,Primera Division,Rosario Central,Barracas Central,Over/Under Goals,Under 2.5,1.48,,,WON,
2026-02-16T01:05:00+00:00,Liga MX Femenil,América W,Monterrey W,Over/Under Goals,Under 3.5,1.5,,,WON,
2026-02-16T01:30:00+00:00,Liga Nacional,Victoria,CD Olimpia,Over/Under Goals,Under 3.5,1.35,,,WON,
2026-02-16T01:30:00+00:00,Primera A,Fortaleza FC,Chico,Over/Under Goals,Under 3.5,1.25,,,WON,
2026-02-16T02:00:00+00:00,Liga Nacional,Xelajú,Marquense,Over/Under Goals,Under 3.5,1.24,,,LOST,
2026-02-16T08:30:00+00:00,Liga 1,Persita,PSBS Biak Numfor,Over/Under Goals,Under 3.5,1.35,,,WON,
2026-02-16T10:30:00+00:00,Premyer Liqa,Keshla FC,Turan,Over/Under Goals,Under 3.5,1.18,,,WON,
2026-02-16T12:00:00+00:00,Liga Revelação U23,Santa Clara U23,Leixões U23,Team Total Goals,Over 0.5,1.17,,,WON,
2026-02-16T12:00:00+00:00,Second League,Ludogorets II,Sportist Svoge,Team Total Goals,Over 0.5,1.63,,,WON,
2026-02-16T12:00:00+00:00,Second League,Vihren,CSKA Sofia II,Double Chance,Home/Draw,1.17,,,WON,
2026-02-16T12:00:00+00:00,Superliga,Ballkani,Malisheva,Double Chance,Home/Draw,1.18,,,LOST,
2026-02-16T13:00:00+00:00,First League,Septemvri Sofia,Montana,Over/Under Goals,Under 3.5,1.22,,,WON,
2026-02-16T13:00:00+00:00,Friendlies Clubs,KAMAZ,Lokomotiv,Over/Under Goals,Under 3.5,1.64,,,WON,
2026-02-16T13:00:00+00:00,Ligue 2,Bouselem,CS Hammam-Lif,Over/Under Goals,Under 2.5,1.4,,,LOST,
2026-02-16T13:00:00+00:00,Ligue 2,CS Chebba,Mégrine,Double Chance,Home/Draw,1.28,,,LOST,
2026-02-16T13:00:00+00:00,Ligue 2,M'saken,Kerkennah,Over/Under Goals,Under 2.5,1.5,,,WON,
2026-02-16T13:00:00+00:00,Ligue 2,Sfax Railways,Menzel Bourguiba,Over/Under Goals,Under 3.5,1.18,,,WON,
2026-02-16T13:00:00+00:00,Ligue 2,Sporting Ben Arous,ES Hammam-Sousse,Over/Under Goals,Under 2.5,1.5,,,WON,
2026-02-16T13:00:00+00:00,Premyer Liqa,Qabala,Sabah FA,Over/Under Goals,Under 3.5,1.25,,,WON,
2026-02-16T13:20:00+00:00,Division 1,Majd,Dibba Al Hisn,Over/Under Goals,Under 3.5,1.53,,,LOST,
2026-02-16T13:25:00+00:00,Division 1,Al Arabi,Al Urooba,Over/Under Goals,Under 3.5,1.42,,,WON,
2026-02-16T13:25:00+00:00,Division 1,Dubai United,Al Thaid,Over/Under Goals,Under 3.5,1.35,,,WON,
2026-02-16T13:25:00+00:00,Division 1,Gulf United,Al Hamriyah,Over/Under Goals,Under 3.5,1.5,,,WON,
2026-02-16T13:25:00+00:00,Professional League,Bahla,Saham,Over/Under Goals,Under 2.5,1.62,,,LOST,
2026-02-16T14:00:00+00:00,Campionato Primavera - 1,Sassuolo U20,Atalanta U20,Over/Under Goals,Under 3.5,1.34,,,WON,
2026-02-16T14:00:00+00:00,Friendlies Clubs,FC UFA,Aktobe,Over/Under Goals,Under 3.5,1.34,,,LOST,
2026-02-16T14:45:00+00:00,Friendlies Clubs,Ural,Dynamo,Over/Under Goals,Under 3.5,1.47,,,WON,
2026-02-16T15:00:00+00:00,Liga I,AFC Hermannstadt,CFR 1907 Cluj,Over/Under Goals,Over 1.5,1.4,,,LOST,
2026-02-16T15:00:00+00:00,Premier League,Al Ittihad,Smouha SC,Double Chance,Home/Draw,1.48,,,WON,
2026-02-16T15:00:00+00:00,Premier League,Future FC,Kahraba Ismailia,Over/Under Goals,Over 1.5,1.42,,,WON,
2026-02-16T15:30:00+00:00,First League,Botev Vratsa,Dobrudzha,Team Total Goals,Under 2.5,1.17,,,WON,
2026-02-16T15:50:00+00:00,Professional League,Sohar,Al-Rustaq,Over/Under Goals,Under 3.5,1.18,,,WON,
2026-02-16T16:00:00+00:00,AFC Champions League,Al-Ahli Jeddah,Shabab Al Ahli Dubai,Over/Under Goals,Under 3.5,1.62,,,LOST,
2026-02-16T16:00:00+00:00,AFC Champions League,Sharjah FC,Nasaf,Over/Under Goals,Under 3.5,1.48,,,WON,
2026-02-16T16:00:00+00:00,Premier League 2 Division One,Everton U21,Burnley U21,Double Chance,Home/Draw,1.18,,,WON,
2026-02-16T16:00:00+00:00,Super League 1,Atromitos,Panserraikos,Over/Under Goals,Under 3.5,1.25,,,LOST,
2026-02-16T16:00:00+00:00,Super Liga,IMT Novi Beograd,Javor,Team Total Goals,Under 2.5,1.15,,,WON,
2026-02-16T16:30:00+00:00,1. SNL,Bravo,Aluminij,Over/Under Goals,Under 3.5,1.5,,,WON,
2026-02-16T17:00:00+00:00,Liga Leumit,Hapoel Acre,Hapoel Afula,Over/Under Goals,Under 3.5,1.28,,,WON,
2026-02-16T17:00:00+00:00,Liga Leumit,Hapoel Kfar Saba,Maccabi Herzliya,1X2 / Match Winner,Draw,3.33,,,LOST,
2026-02-16T17:00:00+00:00,Liga Leumit,Maccabi Kabilio Jaffa,Bnei Yehuda,Over/Under Goals,Under 3.5,1.33,,,LOST,
2026-02-16T17:00:00+00:00,Premijer Liga,Zeljeznicar Sarajevo,Rudar Prijedor,Over/Under Goals,Under 3.5,1.22,,,WON,
2026-02-16T17:00:00+00:00,Super Lig,Kasımpaşa,Fatih Karagümrük,Over/Under Goals,Under 3.5,1.28,,,LOST,
2026-02-16T18:00:00+00:00,Ekstraklasa,Nieciecza,Gornik Zabrze,Double Chance,Home/Draw,1.7,,,WON,
2026-02-16T18:00:00+00:00,I Liga,Tychy 71,Odra Opole,Double Chance,Home/Draw,1.4,,,WON,
2026-02-16T18:00:00+00:00,Liga I,Dinamo Bucuresti,Unirea Slobozia,Over/Under Goals,Under 3.5,1.4,,,WON,
2026-02-16T18:00:00+00:00,Premier League,Enppi,National Bank of Egypt,1X2 / Match Winner,Draw,2.67,,,WON,
2026-02-16T18:00:00+00:00,Segunda Liga,Penafiel,Lusitânia Lourosa,Over/Under Goals,Under 2.5,1.7,,,WON,
2026-02-16T18:00:00+00:00,Superligaen,Sonderjyske,Silkeborg,Over/Under Goals,Over 1.5,1.2,,,WON,
2026-02-16T18:15:00+00:00,AFC Champions League,Al Shorta,Al-Duhail SC,Asian Handicap,Home +1.25,1.45,,,WON,
2026-02-16T18:15:00+00:00,AFC Champions League,Al-Hilal Saudi FC,Al Wahda FC,1X2 / Match Winner,Home,1.53,,,WON,
2026-02-16T18:30:00+00:00,Ligat Ha'al,Beitar Jerusalem,Maccabi Tel Aviv,Double Chance,Home/Draw,1.6,,,WON,
2026-02-16T18:30:00+00:00,Tercera División RFEF - Group 6,Jove Español,Castellonense,Over/Under Goals,Under 3.5,1.16,,,LOST,
2026-02-16T19:00:00+00:00,Eerste Divisie,Jong Ajax,Cambuur,Over/Under Goals,Under 3.5,1.8,,,WON,
2026-02-16T19:00:00+00:00,Eerste Divisie,Jong Utrecht,Willem II,Over/Under Goals,Over 1.5,1.15,,,WON,
2026-02-16T19:00:00+00:00,Gaúcho - 1,Guarany de Bagé,Inter Santa Maria,Over/Under Goals,Under 2.5,1.4,,,LOST,
2026-02-16T19:00:00+00:00,Premier League 2 Division One,Middlesbrough U21,Nottingham Forest U21,Double Chance,Home/Draw,1.5,,,WON,
2026-02-16T19:00:00+00:00,Women's Championship,Birmingham City W,Crystal Palace W,Double Chance,Home/Draw,1.22,,,LOST,
2026-02-16T19:30:00+00:00,FA Cup,Macclesfield,Brentford,Over/Under Goals,Under 3.5,1.73,,,WON,
2026-02-16T19:30:00+00:00,Segunda Division,Real Sociedad II,Malaga,1X2 / Match Winner,Draw,3.4,,,LOST,
2026-02-16T19:30:00+00:00,Serie C - Girone A,Cittadella,Renate,Over/Under Goals,Under 3.5,1.2,,,WON,
2026-02-16T19:30:00+00:00,Serie C - Girone A,Ospitaletto,Inter U23,Over/Under Goals,Under 3.5,1.22,,,LOST,
2026-02-16T19:30:00+00:00,Serie C - Girone A,Pergolettese,Union Brescia,Over/Under Goals,Under 3.5,1.2,,,WON,
2026-02-16T19:30:00+00:00,Serie C - Girone B,Vis Pesaro,Campobasso FC,Over/Under Goals,Under 2.5,1.62,,,LOST,
2026-02-16T19:45:00+00:00,Ligue 2,Bastia,Estac Troyes,Over/Under Goals,Under 3.5,1.2,,,WON,
2026-02-16T19:45:00+00:00,National League - South,Chelmsford City,Maidstone Utd,Double Chance,Home/Draw,1.45,,,WON,
2026-02-16T19:45:00+00:00,Non League Premier - Isthmian,Aveley,Chichester City,Over/Under Goals,Under 3.5,1.5,,,LOST,
2026-02-16T19:45:00+00:00,Serie A,Cagliari,Lecce,Over/Under Goals,Under 3.5,1.17,,,WON,
2026-02-16T20:00:00+00:00,Carioca - 1,Nova Iguaçu,CFRJ / Maricá,Over/Under Goals,Under 3.5,1.22,,,WON,
2026-02-16T20:00:00+00:00,Championship,Coventry,Middlesbrough,Double Chance,Draw/Away,1.62,,,LOST,
2026-02-16T20:00:00+00:00,Primera B Metropolitana,Comunicaciones,Argentino de Merlo,Double Chance,Draw/Away,1.53,,,LOST,
2026-02-16T20:00:00+00:00,Primera B,Tigres FC,Ind. Yumbo,Over/Under Goals,Under 2.5,1.6,,,LOST,
2026-02-16T20:00:00+00:00,Primera Nacional,Atlanta,Quilmes,Over/Under Goals,Under 2.5,1.33,,,WON,
2026-02-16T20:00:00+00:00,Primera Nacional,Gimnasia Jujuy,Midland,Over/Under Goals,Under 2.5,1.44,,,LOST,
2026-02-16T20:00:00+00:00,Reserve League,Aldosivi Res.,Gimnasia La Plata Res.,Double Chance,Home/Draw,1.57,,,LOST,
2026-02-16T20:00:00+00:00,Reserve League,Argentinos Juniors Res.,Unión Santa Fe Res.,Over/Under Goals,Under 3.5,1.16,,,WON,
2026-02-16T20:00:00+00:00,Reserve League,Instituto Res.,Rosario Central Res.,Double Chance,Home/Draw,1.6,,,WON,
2026-02-16T20:00:00+00:00,Reserve League,Tigre Res.,Banfield Res.,Over/Under Goals,Under 2.5,1.53,,,WON,
2026-02-16T20:15:00+00:00,Primeira Liga,Rio Ave,Moreirense,Asian Handicap,Home +0.5,1.55,,,LOST,
2026-02-16T21:00:00+00:00,Carioca - 1,Fluminense,Bangu,Over/Under Goals,Under 3.5,1.48,,,LOST,
2026-02-16T22:00:00+00:00,Gaúcho - 1,São Luiz,Caxias,Double Chance,Home/Draw,1.42,,,LOST,
2026-02-16T22:00:00+00:00,Primera Division,Deportivo Riestra,Newells Old Boys,Over/Under Goals,Under 2.5,1.35,,,WON,
2026-02-16T22:00:00+00:00,Primera División - Apertura,Albion FC,Cerro,Over/Under Goals,Under 3.5,1.15,,,WON,
2026-02-16T22:30:00+00:00,Goiano - 1,Vila Nova,Anápolis,Over/Under Goals,Over 1.5,1.42,,,WON,
2026-02-16T23:00:00+00:00,Liga MX Femenil,León W,Puebla W,Over/Under Goals,Under 3.5,1.48,,,LOST,
2026-02-17T00:00:00+00:00,Liga MX Femenil,Toluca W,Pachuca W,Team Total Goals,Over 0.5,1.17,,,WON,
2026-02-17T00:30:00+00:00,Premier League,Arnett Gardens,Portmore United,Over/Under Goals,Under 2.5,1.62,,,WON,
2026-02-17T00:30:00+00:00,Primera B,Quindio,Barranquilla,Over/Under Goals,Under 3.5,1.23,,,WON,
2026-02-17T00:30:00+00:00,Primera División - Apertura,Atletico Torque,Juventud,Asian Handicap,Home +0,1.53,,,WON,
2026-02-17T01:00:00+00:00,Liga MX Femenil,Atlético San Luis W,Querétaro W,Over/Under Goals,Under 3.5,1.44,,,LOST,
2026-02-17T01:00:00+00:00,Liga MX Femenil,Guadalajara W,Atlas W,1X2 / Match Winner,Home,1.27,,,WON,
2026-02-17T02:00:00+00:00,Liga Premier Serie A,Durango,Leones Negros,Team Total Goals,Under 2.5,1.43,,,WON,
2026-02-17T03:10:00+00:00,Liga MX Femenil,Mazatlán W,Tigres UANL W,1X2 / Match Winner,Draw,17.46,,,WON,
2026-02-17T08:00:00+00:00,A-League,Sydney,Auckland,Over/Under Goals,Under 3.5,1.44,,,WON,
2026-02-17T10:00:00+00:00,AFC Champions League,FC Seoul,Sanfrecce Hiroshima,1X2 / Match Winner,Draw,3.5,,,WON,
2026-02-17T10:00:00+00:00,AFC Champions League,Machida Zelvia,Chengdu Better City,Over/Under Goals,Over 1.5,1.22,,,WON,
2026-02-17T11:00:00+00:00,Thai League 2,Chanthaburi,Chiangmai United,Over/Under Goals,Under 3.5,1.3,,,WON,
2026-02-17T11:30:00+00:00,TFF 1. Lig,Hatayspor,76 Iğdır Belediyespor,Over/Under Goals,Under 3.5,1.98,,,WON,
2026-02-17T12:00:00+00:00,Thai League 2,Bangkok,Phrae United,Over/Under Goals,Under 3.5,1.44,,,LOST,
2026-02-17T12:15:00+00:00,AFC Champions League,Buriram United,Shanghai Shenhua,Over/Under Goals,Under 3.5,1.5,,,WON,
2026-02-17T12:15:00+00:00,AFC Champions League,Johor Darul Takzim FC,Vissel Kobe,Over/Under Goals,Under 3.5,1.36,,,WON,
2026-02-17T13:00:00+00:00,First League,Bashkimi Kumanovo,Pelister,Team Total Goals,Under 2.5,1.24,,,WON,
2026-02-17T13:00:00+00:00,Ligue 2,ASM Oran,Hussein Dey,Over/Under Goals,Under 2.5,1.36,,,WON,
2026-02-17T13:00:00+00:00,Ligue 2,HB Chelghoum Laïd,NC Magra,Over/Under Goals,Under 3.5,1.2,,,LOST,
2026-02-17T13:00:00+00:00,Ligue 2,JS Tixeraine,RC Arba,Over/Under Goals,Under 3.5,1.18,,,WON,
2026-02-17T13:00:00+00:00,Ligue 2,MC Saida,JS El Biar,Double Chance,Home/Draw,1.44,,,LOST,
2026-02-17T13:00:00+00:00,Ligue 2,MO Constantine,JS Jijel,1X2 / Match Winner,Draw,3.2,,,WON,
2026-02-17T13:00:00+00:00,Ligue 2,MSP Batna,JS Bordj Ménaïel,Asian Handicap,Home +0.25,1.48,,,WON,
2026-02-17T13:00:00+00:00,Ligue 2,RC Kouba,CRB Adrar,Over/Under Goals,Under 2.5,1.9,,,WON,
2026-02-17T13:00:00+00:00,Ligue 2,Tiaret,WA Tlemcen,Over/Under Goals,Under 2.5,1.4,,,LOST,
2026-02-17T13:00:00+00:00,Ligue 2,US Chaouia,Khroub,Over/Under Goals,Under 3.5,1.21,,,WON,
2026-02-17T13:00:00+00:00,Ligue 2,WA Mostaganem,Béchar Djedid,Over/Under Goals,Under 3.5,1.33,,,WON,
2026-02-17T13:00:00+00:00,Professional Development League,Fleetwood Town U21,Crewe Alexandra U21,1X2 / Match Winner,Home,1.47,,,WON,
2026-02-17T13:00:00+00:00,Professional Development League,Huddersfield Town U21,Barnsley U21,Asian Handicap,Home +0,1.48,,,LOST,
2026-02-17T13:00:00+00:00,Professional Development League,Hull City U21,Sheffield Wednesday U21,1X2 / Match Winner,Home,1.53,,,LOST,
2026-02-17T13:20:00+00:00,Ligue 1,AS Soliman,ES Tunis,Team Total Goals,Under 2.5,1.44,,,LOST,
2026-02-17T13:30:00+00:00,Professional Development League,Millwall U21,Bristol City U21,Asian Handicap,Home +0,1.6,,,WON,
2026-02-17T13:30:00+00:00,Professional Development League,Queens Park Rangers U21,Cardiff City U21,Over/Under Goals,Under 3.5,2.17,,,WON,
2026-02-17T13:50:00+00:00,Premier League,Al Tadhamon,Kazma,Over/Under Goals,Under 3.5,1.36,,,WON,
2026-02-17T14:00:00+00:00,Friendlies,Czech Republic U19,Turkey U19,Over/Under Goals,Under 3.5,1.45,,,WON,
2026-02-17T14:00:00+00:00,Professional Development League,Sheffield United U21,Wigan Athletic U21,Team Total Goals,Over 0.5,1.25,,,WON,
2026-02-17T14:00:00+00:00,TFF 1. Lig,Ümraniyespor,Boluspor,Over/Under Goals,Under 3.5,1.4,,,LOST,
2026-02-17T15:00:00+00:00,Cup,Zamalek SC,Ceramica Cleopatra,Over/Under Goals,Under 3.5,1.25,,,WON,
2026-02-17T15:30:00+00:00,Second League,Etar Veliko Tarnovo,Fratria,Over/Under Goals,Under 3.5,1.22,,,WON,
2026-02-17T16:00:00+00:00,Liga Revelação U23,Benfica U23,Sporting CP U23,Double Chance,Home/Draw,1.17,,,WON,
2026-02-17T17:00:00+00:00,Friendlies Clubs,Lillestrom,Haugesund,1X2 / Match Winner,Home,1.42,,,WON,
2026-02-17T17:00:00+00:00,TFF 1. Lig,İstanbulspor,Erokspor,Over/Under Goals,Under 3.5,1.54,,,LOST,
2026-02-17T17:30:00+00:00,Premier League,Zabbar St. Patrick,Valletta FC,Over/Under Goals,Under 3.5,1.27,,,WON,
2026-02-17T17:45:00+00:00,UEFA Champions League,Galatasaray,Juventus,Over/Under Goals,Under 3.5,1.4,,,LOST,
2026-02-17T18:15:00+00:00,AFC Cup,Al Hussein,Esteghlal FC,Over/Under Goals,Under 3.5,1.18,,,LOST,
2026-02-17T18:30:00+00:00,National 1,Stade Briochin,Fleury 91,Over/Under Goals,Under 3.5,1.28,,,LOST,
2026-02-17T19:00:00+00:00,Derde Divisie - Saturday,ROHDA Raalte,URK,Over/Under Goals,Under 3.5,1.86,,,LOST,
2026-02-17T19:00:00+00:00,Eredivisie,Sparta Rotterdam,NEC Nijmegen,Over/Under Goals,Over 1.5,1.18,,,WON,
2026-02-17T19:00:00+00:00,Premier League,Naxxar Lions,Gzira United,Double Chance,Home/Draw,1.44,,,WON,
2026-02-17T19:00:00+00:00,Professional Development League,Brentford U21,Charlton Athletic U21,1X2 / Match Winner,Home,1.65,,,WON,
2026-02-17T19:00:00+00:00,Professional Development League,Swansea City U21,AFC Bournemouth U21,Team Total Goals,Under 2.5,1.53,,,LOST,
2026-02-17T19:30:00+00:00,FAW Championship,Trefelin,Baglan Dragons,Over/Under Goals,Under 3.5,1.49,,,WON,
2026-02-17T19:30:00+00:00,National League Cup,Boreham Wood,Truro City,Over/Under Goals,Under 3.5,1.45,,,WON,
2026-02-17T19:30:00+00:00,National League Cup,Tamworth,West Ham United U21,Double Chance,Home/Draw,1.4,,,LOST,
2026-02-17T19:45:00+00:00,Championship,Bristol City,Wrexham,1X2 / Match Winner,Draw,3.62,,,WON,
2026-02-17T19:45:00+00:00,Championship,Charlton,Portsmouth,Asian Handicap,Away -0.5,1.67,,,WON,
2026-02-17T19:45:00+00:00,Championship,Loughgall,Ballinamallard United,Over/Under Goals,Under 3.5,1.44,,,WON,
2026-02-17T19:45:00+00:00,Championship,Morton,Dunfermline,Double Chance,Home/Draw,1.42,,,WON,
2026-02-17T19:45:00+00:00,FA Cup,Dundee Utd,Spartans,Over/Under Goals,Under 3.5,1.9,,,WON,
2026-02-17T19:45:00+00:00,Irish Cup,Glentoran,Drumaness Mills,Over/Under Goals,Under 3.5,3.2,,,LOST,
2026-02-17T19:45:00+00:00,League One,Barnsley,Peterborough,BTTS,Yes,1.44,,,WON,
2026-02-17T19:45:00+00:00,League One,Bradford,Stockport County,Over/Under Goals,Under 3.5,1.33,,,WON,
2026-02-17T19:45:00+00:00,League One,Burton Albion,Rotherham,Over/Under Goals,Over 1.5,1.38,,,LOST,
2026-02-17T19:45:00+00:00,League One,Cardiff,AFC Wimbledon,1X2 / Match Winner,Home,1.49,,,WON,
2026-02-17T19:45:00+00:00,League One,Cove Rangers,Montrose,Asian Handicap,Home +0.25,1.42,,,WON,
2026-02-17T19:45:00+00:00,League One,Doncaster,Huddersfield,Over/Under Goals,Under 3.5,1.36,,,WON,
2026-02-17T19:45:00+00:00,League One,Exeter City,Wycombe,Over/Under Goals,Under 3.5,1.29,,,WON,
2026-02-17T19:45:00+00:00,League One,Leyton Orient,Plymouth,Over/Under Goals,Under 3.5,1.38,,,LOST,
2026-02-17T19:45:00+00:00,League One,Lincoln,Northampton,1X2 / Match Winner,Home,1.49,,,WON,
2026-02-17T19:45:00+00:00,League One,Stevenage,Port Vale,Over/Under Goals,Over 1.5,1.37,,,WON,
2026-02-17T19:45:00+00:00,League Two,Barnet,Swindon Town,Over/Under Goals,Under 3.5,1.36,,,WON,
2026-02-17T19:45:00+00:00,League Two,Barrow,Harrogate Town,Team Total Goals,Over 0.5,1.15,,,LOST,
2026-02-17T19:45:00+00:00,League Two,Bromley,Cheltenham,Over/Under Goals,Over 1.5,1.28,,,WON,
2026-02-17T19:45:00+00:00,League Two,Cambridge United,Colchester,Asian Handicap,Home +0,1.53,,,WON,
2026-02-17T19:45:00+00:00,League Two,Chesterfield,Gillingham,Asian Handicap,Home +0,1.53,,,WON,
2026-02-17T19:45:00+00:00,League Two,Crewe,Fleetwood Town,Over/Under Goals,Under 3.5,1.33,,,WON,
2026-02-17T19:45:00+00:00,League Two,Elgin City,East Kilbride,Over/Under Goals,Under 3.5,1.48,,,LOST,
2026-02-17T19:45:00+00:00,League Two,Milton Keynes Dons,Crawley Town,1X2 / Match Winner,Home,1.65,,,LOST,
2026-02-17T19:45:00+00:00,League Two,Oldham,Bristol Rovers,Over/Under Goals,Over 1.5,1.35,,,WON,
2026-02-17T19:45:00+00:00,League Two,Shrewsbury,Notts County,Over/Under Goals,Under 3.5,1.3,,,WON,
2026-02-17T19:45:00+00:00,League Two,Stirling Albion,Clyde,Over/Under Goals,Under 3.5,1.44,,,WON,
2026-02-17T19:45:00+00:00,League Two,Tranmere,Accrington ST,Over/Under Goals,Under 3.5,1.28,,,WON,
2026-02-17T19:45:00+00:00,National League - North,AFC Telford United,Chorley,Over/Under Goals,Over 1.5,1.18,,,WON,
2026-02-17T19:45:00+00:00,National League - North,Hereford,Darlington 1883,Double Chance,Draw/Away,1.48,,,LOST,
2026-02-17T19:45:00+00:00,National League - North,Leamington,Spennymoor Town,Over/Under Goals,Over 1.5,1.25,,,WON,
2026-02-17T19:45:00+00:00,National League - North,Southport,Buxton,Over/Under Goals,Under 3.5,1.5,,,WON,
2026-02-17T19:45:00+00:00,National League - South,AFC Totton,Hampton & Richmond,Over/Under Goals,Under 3.5,1.6,,,WON,
2026-02-17T19:45:00+00:00,National League - South,Bath City,Ebbsfleet United,Double Chance,Home/Draw,1.45,,,WON,
2026-02-17T19:45:00+00:00,National League - South,Chesham United,Eastbourne Borough,Over/Under Goals,Under 3.5,1.3,,,WON,
2026-02-17T19:45:00+00:00,National League - South,Dorking Wanderers,AFC Hornchurch,Over/Under Goals,Over 1.5,1.17,,,LOST,
2026-02-17T19:45:00+00:00,National League - South,Enfield Town,Horsham,Over/Under Goals,Under 3.5,1.35,,,WON,
2026-02-17T19:45:00+00:00,National League - South,Salisbury,Chippenham Town,Over/Under Goals,Under 3.5,1.33,,,WON,
2026-02-17T19:45:00+00:00,National League,FC Halifax Town,Gateshead,Over/Under Goals,Under 3.5,1.44,,,WON,
2026-02-17T19:45:00+00:00,National League,Rochdale,Scunthorpe,Asian Handicap,Away -1.25,1.48,,,WON,
2026-02-17T19:45:00+00:00,National League,Sutton Utd,Woking,Over/Under Goals,Under 3.5,1.36,,,WON,
2026-02-17T19:45:00+00:00,National League,Yeovil Town,Aldershot Town,Double Chance,Home/Draw,1.5,,,LOST,
2026-02-17T19:45:00+00:00,Non League Premier - Isthmian,Cheshunt,St Albans City,Double Chance,Home/Draw,1.57,,,WON,
2026-02-17T19:45:00+00:00,Non League Premier - Isthmian,Wingate & Finchley,Potters Bar Town,Asian Handicap,Away -1.25,1.44,,,WON,
2026-02-17T19:45:00+00:00,Non League Premier - Northern,Whitby Town,Gainsborough Trinity,Over/Under Goals,Under 3.5,1.23,,,WON,
2026-02-17T19:45:00+00:00,Non League Premier - Southern Central,Bishop's Stortford,Real Bedford,Over/Under Goals,Under 3.5,1.37,,,LOST,
2026-02-17T19:45:00+00:00,Non League Premier - Southern Central,Bromsgrove Sporting,Alvechurch,Double Chance,Home/Draw,1.55,,,LOST,
2026-02-17T19:45:00+00:00,Non League Premier - Southern Central,Stamford,St Ives Town,Double Chance,Home/Draw,1.5,,,WON,
2026-02-17T19:45:00+00:00,Non League Premier - Southern South,Plymouth Parkway,Walton & Hersham,1X2 / Match Winner,Away,1.55,,,WON,
2026-02-17T19:45:00+00:00,Premiership,Ballymena United,Crusaders FC,Over/Under Goals,Under 3.5,1.36,,,WON,
2026-02-17T19:45:00+00:00,Premiership,Dungannon Swifts,Linfield,Team Total Goals,Under 2.5,1.17,,,LOST,
2026-02-17T20:00:00+00:00,Championship,Annagh United,Institute,1X2 / Match Winner,Home,1.48,,,WON,
2026-02-17T20:00:00+00:00,League One,Blackpool,Mansfield Town,Over/Under Goals,Under 3.5,1.38,,,WON,
2026-02-17T20:00:00+00:00,League One,Hamilton Academical,East Fife,Over/Under Goals,Under 3.5,1.38,,,WON,
2026-02-17T20:00:00+00:00,Premier League,Birkirkara,Sliema Wanderers,Double Chance,Home/Draw,1.53,,,WON,
2026-02-17T20:00:00+00:00,Reserve League,Deportivo Riestra Res.,Ferro 2,Over/Under Goals,Under 3.5,1.17,,,LOST,
2026-02-17T20:00:00+00:00,Reserve League,Newell's Old Boys Res.,Defensa y Justicia Res.,Over/Under Goals,Under 3.5,1.2,,,WON,
2026-02-17T20:00:00+00:00,Reserve League,Racing Club Res.,Godoy Cruz Res.,Double Chance,Home/Draw,1.15,,,WON,
2026-02-17T20:00:00+00:00,Reserve League,San Lorenzo Res.,Talleres Córdoba Res.,Team Total Goals,Over 0.5,1.19,,,WON,
2026-02-17T20:00:00+00:00,Reserve League,Vélez Sársfield Res.,Barracas Central Res.,Over/Under Goals,Over 1.5,1.21,,,WON,
2026-02-17T20:00:00+00:00,UEFA Champions League,Benfica,Real Madrid,Over/Under Goals,Over 2.5,1.53,,,LOST,
2026-02-17T20:00:00+00:00,UEFA Champions League,Borussia Dortmund,Atalanta,Double Chance,Draw/Away,1.7,,,LOST,
2026-02-17T20:00:00+00:00,UEFA Champions League,Monaco,Paris Saint Germain,Over/Under Goals,Under 3.5,1.62,,,LOST,
2026-02-17T21:00:00+00:00,Liga Nacional,Achuapa,Guastatoya,Over/Under Goals,Under 2.5,1.65,,,WON,
2026-02-17T21:00:00+00:00,Primera A,Alianza Valledupar,Cucuta,Over/Under Goals,Under 2.5,1.53,,,WON,
2026-02-17T22:00:00+00:00,CONMEBOL Libertadores,Carabobo FC,Huachipato,Asian Handicap,Away -0.5,1.67,,,LOST,
2026-02-17T22:10:00+00:00,Reserve League,Independiente Riva. Res.,Boca Juniors Res.,Double Chance,Draw/Away,1.17,,,WON,
2026-02-17T22:45:00+00:00,Copa Argentina,Tigre,Claypole,Over/Under Goals,Under 3.5,1.62,,,WON,
2026-02-17T23:00:00+00:00,Primera A,Jaguares,Santa Fe,Asian Handicap,Home +0.5,1.67,,,WON,
2026-02-18T00:30:00+00:00,CONMEBOL Libertadores,2 de Mayo,Sporting Cristal,Over/Under Goals,Under 3.5,1.2,,,LOST,
2026-02-18T00:30:00+00:00,CONMEBOL Libertadores,Liverpool Montevideo,Independiente Medellin,Over/Under Goals,Under 3.5,1.25,,,WON,
2026-02-18T01:00:00+00:00,CONCACAF Champions League,Atlético Ottawa,Nashville SC,Over/Under Goals,Under 3.5,1.44,,,WON,
2026-02-18T01:00:00+00:00,Copa Argentina,River Plate,Ciudad de Bolívar,Over/Under Goals,Under 3.5,1.65,,,WON,
2026-02-18T01:10:00+00:00,Primera B,Popayan,Orsomarso,BTTS,No,1.62,,,LOST,
2026-02-18T03:00:00+00:00,CONCACAF Champions League,Real Espana,Los Angeles FC,Over/Under Goals,Under 3.5,1.33,,,LOST,
2026-02-18T08:00:00+00:00,Friendlies Clubs,Baltika,Kaisar,Over/Under Goals,Under 3.5,1.57,,,WON,
2026-02-18T09:00:00+00:00,Friendlies Clubs,Rotor Volgograd,Volga Ulyanovsk,Asian Handicap,Home +0.25,1.43,,,LOST,
2026-02-18T10:00:00+00:00,AFC Champions League,Melbourne City,Gangwon FC,Over/Under Goals,Under 3.5,1.28,,,WON,
2026-02-18T10:00:00+00:00,AFC Champions League,SHANGHAI SIPG,Ulsan Hyundai FC,Over/Under Goals,Under 3.5,1.5,,,WON,
2026-02-18T11:30:00+00:00,TFF 1. Lig,Keçiörengücü,Erzurum BB,Over/Under Goals,Over 1.5,1.22,,,WON,
2026-02-18T11:30:00+00:00,TFF 1. Lig,Serik Belediyespor,Yeni Çorumspor,Over/Under Goals,Over 1.5,1.15,,,WON,
2026-02-18T12:00:00+00:00,2. Lig,Kepez Belediyespor,Şanlıurfaspor,Over/Under Goals,Under 3.5,1.41,,,LOST,
2026-02-18T12:15:00+00:00,AFC Cup,Persib Bandung,Ratchaburi,Over/Under Goals,Under 3.5,1.36,,,WON,
2026-02-18T12:15:00+00:00,AFC Cup,Tampines Rovers,Công An Nhân Dân,Double Chance,Draw/Away,1.17,,,LOST,
2026-02-18T13:00:00+00:00,Friendlies Clubs,CSKA Moscow,FC Rostov,Over/Under Goals,Under 3.5,1.41,,,LOST,
2026-02-18T13:00:00+00:00,Friendlies Clubs,Kristiansund BK,Ham-Kam,Double Chance,Home/Draw,1.44,,,WON,
2026-02-18T13:00:00+00:00,Professional Development League,Peterborough United U21,Coventry City U21,Over/Under Goals,Over 2.5,1.22,,,LOST,
2026-02-18T13:15:00+00:00,Nasjonal U19 Champions League,Rosenborg U19,Tromsø U19,Double Chance,Home/Draw,1.4,,,WON,
2026-02-18T14:00:00+00:00,Friendlies Clubs,ODD Ballklubb,Stromsgodset,Double Chance,Home/Draw,1.55,,,WON,
2026-02-18T14:30:00+00:00,Cup,Liptovský Mikuláš,Komárno,Over/Under Goals,Under 3.5,1.43,,,WON,
2026-02-18T15:00:00+00:00,1. Liga Promotion,Basel II,Luzern II,Asian Handicap,Away -1.25,1.41,,,WON,
2026-02-18T17:00:00+00:00,TFF 1. Lig,Manisa BBSK,Bandırmaspor,Over/Under Goals,Under 3.5,1.36,,,LOST,
2026-02-18T17:30:00+00:00,Premier Soccer League,Orlando Pirates,Mamelodi Sundowns,Over/Under Goals,Under 2.5,1.4,,,LOST,
2026-02-18T17:30:00+00:00,Premier Soccer League,Stellenbosch,Magesi,Over/Under Goals,Under 3.5,1.16,,,WON,
2026-02-18T17:45:00+00:00,UEFA Champions League Women,Real Madrid W,Paris FC W,1X2 / Match Winner,Home,1.44,,,WON,
2026-02-18T17:45:00+00:00,UEFA Champions League,Qarabag,Newcastle,Over/Under Goals,Under 3.5,1.48,,,LOST,
2026-02-18T18:00:00+00:00,Super League,FC Winterthur,FC ST. Gallen,Over/Under Goals,Over 1.5,1.17,,,WON,
2026-02-18T18:15:00+00:00,AFC Cup,Al-Nassr,Arkadag,Over/Under Goals,Under 3.5,1.8,,,WON,
2026-02-18T19:00:00+00:00,Copa Do Brasil,Porto BA,Serra Branca,Double Chance,Home/Draw,1.4,,,WON,
2026-02-18T19:00:00+00:00,La Liga,Levante,Villarreal,Over/Under Goals,Over 1.5,1.18,,,LOST,
2026-02-18T19:00:00+00:00,Segunda División RFEF - Group 4,Extremadura 1924,Antoniano,Double Chance,Home/Draw,1.17,,,WON,
2026-02-18T19:00:00+00:00,Women's Championship,Ipswich Town W,Charlton Athletic W,Over/Under Goals,Under 3.5,1.27,,,WON,
2026-02-18T19:30:00+00:00,Copa Do Brasil,Maguary PE,Laguna,Over/Under Goals,Under 3.5,1.25,,,WON,
2026-02-18T19:30:00+00:00,Serie C - Girone C,Catania,Trapani 1905,1X2 / Match Winner,Home,1.44,,,WON,
2026-02-18T19:30:00+00:00,Tercera División RFEF - Group 3,Atlético Albericia,Colindres,Over/Under Goals,Under 3.5,1.26,,,WON,
2026-02-18T19:45:00+00:00,FA Cup,Aberdeen,Motherwell,Double Chance,Draw/Away,1.48,,,LOST,
2026-02-18T19:45:00+00:00,League One,Wigan,Luton,Over/Under Goals,Under 3.5,1.22,,,WON,
2026-02-18T19:45:00+00:00,League Two,Grimsby,Walsall,Over/Under Goals,Under 3.5,1.28,,,LOST,
2026-02-18T19:45:00+00:00,Serie A,AC Milan,Como,1X2 / Match Winner,Draw,3.52,,,WON,
2026-02-18T20:00:00+00:00,Copa Do Brasil,Baré,Madureira,Asian Handicap,Home +1.25,1.4,,,LOST,
2026-02-18T20:00:00+00:00,Premier League,Wolves,Arsenal,Over/Under Goals,Under 2.5,2.15,,,LOST,
2026-02-18T20:00:00+00:00,UEFA Champions League Women,Arsenal W,OH Leuven W,Over/Under Goals,Under 3.5,2.1,,,LOST,
2026-02-18T20:00:00+00:00,UEFA Champions League,Bodo/Glimt,Inter,Over/Under Goals,Over 2.5,1.5,,,WON,
2026-02-18T20:00:00+00:00,UEFA Champions League,Club Brugge KV,Atletico Madrid,Over/Under Goals,Over 1.5,1.2,,,WON,
2026-02-18T20:00:00+00:00,UEFA Champions League,Olympiakos Piraeus,Bayer Leverkusen,Over/Under Goals,Under 3.5,1.33,,,WON,
2026-02-18T21:00:00+00:00,Liga Nacional,Cobán Imperial,Municipal,Double Chance,Home/Draw,1.5,,,WON,
2026-02-18T21:15:00+00:00,Primera Division,Platense,Fuerte San Francisco,Over/Under Goals,Under 2.5,1.65,,,WON,
2026-02-18T22:00:00+00:00,CONMEBOL Libertadores,O'Higgins,Bahia,Double Chance,Home/Draw,1.67,,,WON,
2026-02-18T22:00:00+00:00,Primera Division,Hércules,Cacahuatique,Double Chance,Home/Draw,1.6,,,LOST,
2026-02-18T22:15:00+00:00,Baiano - 1,Vitoria,Bahia de Feira,Asian Handicap,Away -1.25,1.55,,,WON,
2026-02-18T22:30:00+00:00,Copa Do Brasil,Araguaína,Primavera SP,Over/Under Goals,Under 2.5,1.62,,,LOST,
2026-02-18T23:00:00+00:00,Copa Do Brasil,Betim,Piauí,Over/Under Goals,Under 3.5,1.2,,,WON,
2026-02-18T23:00:00+00:00,Copa Do Brasil,Gama,Monte Roraima,Team Total Goals,Under 2.5,1.44,,,WON,
2026-02-18T23:00:00+00:00,Copa Do Brasil,Santa Catarina,IAPE,Asian Handicap,Away -1.25,1.52,,,LOST,
2026-02-19T00:00:00+00:00,Liga Nacional,Malacateco,Xelajú,Over/Under Goals,Under 3.5,1.16,,,WON,
2026-02-19T00:30:00+00:00,CONMEBOL Libertadores,Barcelona SC,Argentinos JRS,Over/Under Goals,Under 3.5,1.18,,,WON,
2026-02-19T00:30:00+00:00,CONMEBOL Libertadores,Nacional Potosí,Botafogo,Asian Handicap,Away -0.5,1.7,,,LOST,
2026-02-19T00:30:00+00:00,Primera A,Junior,America de Cali,Over/Under Goals,Under 3.5,1.22,,,WON,
2026-02-19T01:00:00+00:00,CONCACAF Champions League,Universidad O&M,FC Cincinnati,Over/Under Goals,Under 3.5,1.7,,,LOST,
2026-02-19T01:00:00+00:00,Liga de Ascenso,Aserri FC,Pitbulls Santa Barbara FC,Over/Under Goals,Under 3.5,1.28,,,WON,
2026-02-19T01:00:00+00:00,Primera Division,Municipal Limeño,Zacatecoluca,Over/Under Goals,Under 3.5,1.25,,,WON,
2026-02-19T01:00:00+00:00,Primera Division,Real Estelí,H&H Export,Over/Under Goals,Under 3.5,1.47,,,LOST,
2026-02-19T01:30:00+00:00,Primera Division,FAS,Inter,Over/Under Goals,Under 3.5,1.25,,,LOST,
2026-02-19T01:30:00+00:00,Primera Division,Isidro Metapán,Firpo,Over/Under Goals,Under 3.5,1.2,,,WON,
2026-02-19T02:00:00+00:00,Liga Nacional,Antigua GFC,Aurora,Over/Under Goals,Under 3.5,1.36,,,WON,
2026-02-19T02:00:00+00:00,Liga de Ascenso,Futbol Consultants Moravia,AD Carmelita,Over/Under Goals,Under 3.5,1.16,,,LOST,
2026-02-19T02:00:00+00:00,Primera Division,Águila,Alianza,Over/Under Goals,Under 3.5,1.25,,,WON,
2026-02-19T03:00:00+00:00,CONCACAF Champions League,CS Cartagines,Vancouver Whitecaps,1X2 / Match Winner,Draw,3.9,,,WON,
2026-02-19T07:45:00+00:00,AFC Cup,Macarthur,Bangkok United,Over/Under Goals,Under 3.5,1.4,,,LOST,
2026-02-19T08:30:00+00:00,Victoria NPL,South Melbourne,Hume City,Asian Handicap,Home +0,1.48,,,LOST,
2026-02-19T09:30:00+00:00,National League,Ayeyawady United,Rakhine United,Over/Under Goals,Under 3.5,1.6,,,WON,
2026-02-19T10:00:00+00:00,AFC Cup,Gamba Osaka,Pohang Steelers,Over/Under Goals,Under 3.5,1.25,,,WON,
2026-02-19T10:30:00+00:00,Birinci Dasta,Safa Baku,Mingəçevir,Over/Under Goals,Under 3.5,1.24,,,LOST,
2026-02-19T10:30:00+00:00,TFF 1. Lig,Sarıyer,Amed,Over/Under Goals,Over 1.5,1.19,,,WON,
2026-02-19T10:30:00+00:00,TFF 1. Lig,Van BB,BB Bodrumspor,1X2 / Match Winner,Draw,3.58,,,LOST,
2026-02-19T11:00:00+00:00,Birinci Dasta,Zaqatala,Difai Ağsu,Over/Under Goals,Under 3.5,1.33,,,WON,
2026-02-19T11:00:00+00:00,Birinci Dasta,Şimal,Şahdağ,Double Chance,Draw/Away,1.15,,,WON,
2026-02-19T11:00:00+00:00,Friendlies Clubs,Zbrojovka Brno,AC Horsens,Double Chance,Home/Draw,1.5,,,WON,
2026-02-19T11:00:00+00:00,Friendlies,Croatia U19,Czech Republic U19,Over/Under Goals,Under 3.5,1.48,,,WON,
2026-02-19T11:00:00+00:00,Thai League 2,Nakhon Si Thammarat,Kasetsart FC,Over/Under Goals,Under 3.5,1.36,,,WON,
2026-02-19T11:30:00+00:00,Liga Revelação U23,Gil Vicente U23,Estoril U23,Over/Under Goals,Under 3.5,1.4,,,WON,
2026-02-19T12:00:00+00:00,Thai League 2,Chainat,Mahasarakham United,Over/Under Goals,Under 3.5,1.25,,,WON,
2026-02-19T13:00:00+00:00,Super League,Zanaco,ZESCO United,Double Chance,Draw/Away,1.65,,,WON,
2026-02-19T13:30:00+00:00,Friendlies Clubs,Ranheim,Rosenborg,Over/Under Goals,Under 3.5,1.48,,,WON,
2026-02-19T15:00:00+00:00,Liga Revelação U23,Estrela U23,Marítimo U23,Double Chance,Home/Draw,1.15,,,LOST,
2026-02-19T15:00:00+00:00,Liga Revelação U23,Rio Ave U23,União Leiria U23,Asian Handicap,Home +0.5,1.4,,,WON,
2026-02-19T15:30:00+00:00,Liga II,FC Voluntari,CSA Steaua Bucureşti,Double Chance,Home/Draw,1.25,,,WON,
2026-02-19T16:00:00+00:00,Friendlies Clubs,Frem,Roskilde,Asian Handicap,Home +1.25,1.5,,,LOST,
2026-02-19T16:00:00+00:00,Liga Alef,Dimona,Tzeirey Tira,Double Chance,Draw/Away,1.55,,,LOST,
2026-02-19T17:00:00+00:00,Liga Alef,Hapoel Migdal HaEmek,Ironi Nesher,Over/Under Goals,Under 3.5,1.23,,,WON,
2026-02-19T17:00:00+00:00,TFF 1. Lig,Sakaryaspor,Pendikspor,Over/Under Goals,Under 3.5,1.36,,,WON,
2026-02-19T17:30:00+00:00,Liga Revelação U23,Farense U23,Portimonense U23,Team Total Goals,Over 0.5,1.17,,,WON,
2026-02-19T17:45:00+00:00,UEFA Champions League Women,Juventus W,VfL Wolfsburg W,Over/Under Goals,Over 1.5,1.17,,,WON,
2026-02-19T17:45:00+00:00,UEFA Europa Conference League,FC Noah,AZ Alkmaar,Over/Under Goals,Over 1.5,1.22,,,LOST,
2026-02-19T17:45:00+00:00,UEFA Europa Conference League,KuPS,Lech Poznan,Team Total Goals,Over 0.5,1.6,,,LOST,
2026-02-19T17:45:00+00:00,UEFA Europa Conference League,Sigma Olomouc,Lausanne,Over/Under Goals,Under 3.5,1.33,,,WON,
2026-02-19T17:45:00+00:00,UEFA Europa Conference League,Zrinjski,Crystal Palace,Over/Under Goals,Under 3.5,1.35,,,WON,
2026-02-19T17:45:00+00:00,UEFA Europa League,Brann,Bologna,Over/Under Goals,Under 3.5,1.3,,,WON,
2026-02-19T17:45:00+00:00,UEFA Europa League,Dinamo Zagreb,Genk,Over/Under Goals,Over 1.5,1.3,,,WON,
2026-02-19T17:45:00+00:00,UEFA Europa League,Fenerbahçe,Nottingham Forest,Over/Under Goals,Under 3.5,1.33,,,WON,
2026-02-19T17:45:00+00:00,UEFA Europa League,PAOK,Celta Vigo,Double Chance,Draw/Away,1.57,,,WON,
2026-02-19T18:00:00+00:00,Premier League,A'Ali,Al Shabab,Over/Under Goals,Under 2.5,1.62,,,WON,
2026-02-19T18:00:00+00:00,Premier League,Budaiya,Al Riffa,Over/Under Goals,Under 3.5,1.35,,,WON,
2026-02-19T18:30:00+00:00,Liga Alef,Shimshon Tel Aviv,Kfar Saba 1928,Double Chance,Draw/Away,1.55,,,WON,
2026-02-19T18:45:00+00:00,Division 1,Al Anwar,Al Jabalain,Team Total Goals,Over 0.5,1.45,,,WON,
2026-02-19T18:45:00+00:00,Division 1,Al Jandal,Al-Raed,Double Chance,Draw/Away,1.15,,,WON,
2026-02-19T18:45:00+00:00,Division 1,Al Jubail,Al Baten,Team Total Goals,Over 0.5,1.18,,,LOST,
2026-02-19T18:45:00+00:00,Division 1,Al-Adalah,Jeddah Club,Double Chance,Home/Draw,1.6,,,WON,
2026-02-19T18:45:00+00:00,League,Al Ramtha,Al Ahli,Over/Under Goals,Under 3.5,1.22,,,LOST,
2026-02-19T18:45:00+00:00,League,Al Salt,Al Jazeera,Over/Under Goals,Under 3.5,1.17,,,LOST,
2026-02-19T19:00:00+00:00,League Cup,Vikingur Reykjavik,KR Reykjavik,Double Chance,Home/Draw,1.6,,,WON,
2026-02-19T19:00:00+00:00,Liga Alef,Hapoel Tirat HaCarmel,Hapoel Beit Shean,Over/Under Goals,Under 3.5,1.27,,,WON,
2026-02-19T19:00:00+00:00,Pro League,Al Kholood,Al Riyadh,Over/Under Goals,Under 3.5,1.3,,,WON,
2026-02-19T19:00:00+00:00,Pro League,Al-Ahli Jeddah,Al Najma,Over/Under Goals,Under 3.5,1.95,,,LOST,
2026-02-19T19:00:00+00:00,Pro League,Al-Ettifaq,Al-Fateh,Over/Under Goals,Under 3.5,1.5,,,LOST,
2026-02-19T19:30:00+00:00,Division 1,Al Wehda Club,Al Bukayriyah,Over/Under Goals,Under 3.5,1.26,,,WON,
2026-02-19T19:30:00+00:00,Premier League,Al Ahly,El Gouna FC,Over/Under Goals,Under 3.5,1.28,,,WON,
2026-02-19T19:30:00+00:00,Premier League,El Mokawloon,AL Masry,Double Chance,Home/Draw,1.5,,,WON,
2026-02-19T19:30:00+00:00,Premier League,Pharco,Petrojet,Over/Under Goals,Under 3.5,1.15,,,WON,
2026-02-19T20:00:00+00:00,UEFA Champions League Women,Manchester United W,Atletico Madrid W,Over/Under Goals,Under 3.5,1.4,,,WON,
2026-02-19T20:00:00+00:00,UEFA Europa Conference League,Drita,Celje,Asian Handicap,Home +1.25,1.4,,,WON,
2026-02-19T20:00:00+00:00,UEFA Europa Conference League,Jagiellonia,Fiorentina,Team Total Goals,Over 0.5,1.4,,,LOST,
2026-02-19T20:00:00+00:00,UEFA Europa Conference League,Omonia Nicosia,HNK Rijeka,Asian Handicap,Home +0,1.48,,,LOST,
2026-02-19T20:00:00+00:00,UEFA Europa Conference League,Shkendija,Samsunspor,Team Total Goals,Under 2.5,1.18,,,WON,
2026-02-19T20:00:00+00:00,UEFA Europa League,Celtic,VfB Stuttgart,Over/Under Goals,Over 1.5,1.28,,,WON,
2026-02-19T20:00:00+00:00,UEFA Europa League,Lille,FK Crvena Zvezda,Over/Under Goals,Under 3.5,1.38,,,WON,
2026-02-19T20:00:00+00:00,UEFA Europa League,Ludogorets,Ferencvarosi TC,Double Chance,Home/Draw,1.45,,,WON,
2026-02-19T20:00:00+00:00,UEFA Europa League,Panathinaikos,Plzen,Over/Under Goals,Under 3.5,1.22,,,LOST,
2026-02-19T21:30:00+00:00,Division Profesional - Apertura,Club Sp. San Lorenzo,Sportivo Trinidense,Over/Under Goals,Under 3.5,1.2,,,WON,
2026-02-19T22:00:00+00:00,CONMEBOL Libertadores,Juventud,Club Guarani,Over/Under Goals,Under 3.5,1.25,,,WON,
2026-02-19T22:00:00+00:00,Primera Division,UNAN Managua,Managua,Team Total Goals,Under 2.5,1.17,,,WON,
2026-02-19T22:00:00+00:00,Torneo Amistoso de Verano,San Antonio Bulo Bulo,Aurora,Over/Under Goals,Over 1.5,1.17,,,WON,
2026-02-19T22:15:00+00:00,Baiano - 1,Barcelona BA,Juazeirense,Double Chance,Home/Draw,1.44,,,WON,
2026-02-19T22:30:00+00:00,Serie A,Atletico Paranaense,Corinthians,Over/Under Goals,Under 3.5,1.19,,,WON,
2026-02-19T23:00:00+00:00,Primera Division,Real Madriz,Diriangén,Over/Under Goals,Under 3.5,1.36,,,WON,
2026-02-19T23:30:00+00:00,Division Profesional - Apertura,Nacional Asuncion,Sportivo Ameliano,Over/Under Goals,Under 3.5,1.25,,,WON,
2026-02-20T00:00:00+00:00,Liga Nacional,Comunicaciones,Mictlán,Over/Under Goals,Under 3.5,1.22,,,WON,
2026-02-20T00:15:00+00:00,Torneo Amistoso de Verano,Real Potosí,Bolívar,Asian Handicap,Away -0.25,1.16,,,WON,
2026-02-20T00:30:00+00:00,Amazonense,Nacional AM,Manaus FC,Over/Under Goals,Under 3.5,1.17,,,WON,
2026-02-20T00:30:00+00:00,CONMEBOL Libertadores,Deportivo Tachira FC,Deportes Tolima,Over/Under Goals,Under 3.5,1.18,,,WON,
2026-02-20T00:30:00+00:00,CONMEBOL Recopa,Lanus,Flamengo,Over/Under Goals,Over 1.5,1.42,,,LOST,
2026-02-20T01:00:00+00:00,CONCACAF Champions League,Sporting San Miguelito,Los Angeles Galaxy,Over/Under Goals,Under 3.5,1.33,,,WON,
2026-02-20T02:00:00+00:00,Liga Nacional,Marquense,Mixco,Over/Under Goals,Under 3.5,1.17,,,WON,
2026-02-20T08:30:00+00:00,New South Wales NPL,Manly United,APIA Leichhardt Tigers,Over/Under Goals,Under 3.5,1.62,,,LOST,
2026-02-20T08:30:00+00:00,Victoria NPL 2,Port Melbourne,Bulleen Lions,Over/Under Goals,Under 3.5,1.66,,,WON,
2026-02-20T08:30:00+00:00,Victoria NPL,Green Gully,Sunshine Georgies,Over/Under Goals,Over 1.5,1.18,,,WON,
2026-02-20T08:35:00+00:00,A-League,Adelaide United,Perth Glory,Asian Handicap,Home +0,1.7,,,WON,
2026-02-20T08:45:00+00:00,Victoria NPL,Dandenong City,Melbourne City II,Over/Under Goals,Under 3.5,1.53,,,LOST,
2026-02-20T09:00:00+00:00,National League,Yangon United,Shan United,Asian Handicap,Home +0,1.58,,,WON,
2026-02-20T09:00:00+00:00,New South Wales NPL 2,Hurstville FC,Inter Lions,Over/Under Goals,Under 3.5,1.36,,,WON,
2026-02-20T09:15:00+00:00,New South Wales NPL 2,Blacktown Spartans,Hakoah Sydney City,Double Chance,Home/Draw,1.16,,,WON,
2026-02-20T09:15:00+00:00,Victoria NPL,Oakleigh Cannons,Altona Magic,Over/Under Goals,Under 3.5,1.55,,,LOST,
2026-02-20T09:30:00+00:00,Victoria NPL 2,Melbourne Knights,Melbourne Victory II,Double Chance,Home/Draw,1.44,,,WON,
2026-02-20T09:30:00+00:00,Victoria NPL 2,Northcote City,Western United II,Team Total Goals,Under 2.5,1.15,,,WON,
2026-02-20T09:30:00+00:00,Victoria NPL,Bentleigh Greens,Avondale,Over/Under Goals,Under 3.5,1.62,,,WON,
2026-02-20T09:30:00+00:00,Victoria NPL,Preston Lions,St. Albans Saints,Over/Under Goals,Under 3.5,1.53,,,WON,
2026-02-20T10:00:00+00:00,FKF Premier League,Homeboyz,Sofapaka,1X2 / Match Winner,Home,1.57,,,WON,
2026-02-20T10:30:00+00:00,Liga Alef,Nordia Jerusalem,FC Jerusalem,Over/Under Goals,Over 1.5,1.16,,,WON,
2026-02-20T10:35:00+00:00,Liga Alef,Maccabi Kiryat Gat,Hapoel Ramat HaSharon,Over/Under Goals,Over 1.5,1.15,,,WON,
2026-02-20T10:40:00+00:00,Liga Alef,Ironi Baka El Garbiya,Maccabi Ahi Nazareth,Over/Under Goals,Under 3.5,1.29,,,WON,
2026-02-20T10:55:00+00:00,Liga Alef,Maccabi Yavne,Holon Yermiyahu,1X2 / Match Winner,Home,1.63,,,LOST,
2026-02-20T11:00:00+00:00,Liga Alef,Hapoel Herzliya,Hapoel Marmorek,Over/Under Goals,Under 3.5,1.26,,,WON,
2026-02-20T11:00:00+00:00,Liga Revelação U23,Academico Viseu U23,Sporting Braga U23,Over/Under Goals,Over 1.5,1.25,,,WON,
2026-02-20T11:30:00+00:00,Friendlies Clubs,Hobro,Aarhus Fremad,Double Chance,Draw/Away,1.51,,,WON,
2026-02-20T11:30:00+00:00,Liga Alef,Maccabi Kiryat Malachi,Beitar Yavne,Over/Under Goals,Under 3.5,1.3,,,WON,
2026-02-20T11:30:00+00:00,Liga Alef,Maccabi Nujeidat Ahmed,Tzeirei Umm al-Fahm,Asian Handicap,Home +1.25,1.42,,,WON,
2026-02-20T12:00:00+00:00,Prva Liga,Stepojevac Vaga,Loznica,Over/Under Goals,Under 2.5,1.44,,,WON,
2026-02-20T12:00:00+00:00,Thai League 1,Prachuap,Rayong FC,Over/Under Goals,Under 2.5,2.13,,,WON,
2026-02-20T12:30:00+00:00,Premier League,Balestier Khalsa,Geylang International,Team Total Goals,Under 2.5,1.46,,,WON,
2026-02-20T13:00:00+00:00,Liga Leumit,Hapoel Ra'anana,Hapoel Acre,Over/Under Goals,Under 3.5,1.24,,,WON,
2026-02-20T13:00:00+00:00,Liga Leumit,Hapoel Rishon LeZion,Hapoel Kfar Saba,Over/Under Goals,Under 3.5,1.3,,,WON,
2026-02-20T13:00:00+00:00,Premier League 2 Division One,Chelsea U21,Leeds United U21,1X2 / Match Winner,Home,1.4,,,LOST,
2026-02-20T13:00:00+00:00,Premier League 2 Division One,Southampton U21,Middlesbrough U21,Over/Under Goals,Under 3.5,1.63,,,WON,
2026-02-20T13:00:00+00:00,Premyer Liqa,Turan,Zira,Over/Under Goals,Under 3.5,1.24,,,WON,
2026-02-20T13:30:00+00:00,First NL,Opatija,Karlovac 1919,Over/Under Goals,Under 3.5,1.2,,,WON,
2026-02-20T13:30:00+00:00,First NL,Rudes,Hrvace,Over/Under Goals,Under 3.5,1.25,,,WON,
2026-02-20T13:30:00+00:00,Liga 1,Persija,PSM Makassar,Over/Under Goals,Under 3.5,1.32,,,WON,
2026-02-20T13:30:00+00:00,Liga 1,Persik Kediri,Bhayangkara FC,Over/Under Goals,Over 1.5,1.36,,,WON,
2026-02-20T13:30:00+00:00,Liga 2,Sriwijaya FC,Persikad Depok FC,1X2 / Match Winner,Away,1.48,,,WON,
2026-02-20T13:30:00+00:00,Premier League,Veres Rivne,SK Poltava,Over/Under Goals,Under 3.5,1.35,,,LOST,
2026-02-20T13:30:00+00:00,Second NL,Kustosija,Solin,Asian Handicap,Home +0.25,1.16,,,WON,
2026-02-20T14:00:00+00:00,Friendlies Clubs,Sandefjord,Aalborg,Asian Handicap,Home +0,1.43,,,WON,
2026-02-20T14:00:00+00:00,Liga 1,Semen Padang,Malut United,1X2 / Match Winner,Draw,3.6,,,WON,
2026-02-20T14:00:00+00:00,Professional Development League,Sheffield Wednesday U21,Huddersfield Town U21,Team Total Goals,Over 0.5,1.17,,,WON,
2026-02-20T15:00:00+00:00,Liga I,Oţelul,Uta Arad,Over/Under Goals,Under 3.5,1.2,,,LOST,
2026-02-20T15:15:00+00:00,Persian Gulf Pro League,Chadormalu SC,Gol Gohar,Asian Handicap,Home +0.25,1.63,,,WON,
2026-02-20T15:15:00+00:00,Persian Gulf Pro League,Fajr Sepasi,Shams Azar Qazvin,Over/Under Goals,Under 2.5,1.32,,,WON,
2026-02-20T15:30:00+00:00,Friendlies Clubs,Brann,Sotra,Double Chance,Draw/Away,1.57,,,WON,
2026-02-20T15:30:00+00:00,Persian Gulf Pro League,Aluminium Arak,Paykan,Over/Under Goals,Under 2.5,1.33,,,WON,
2026-02-20T15:30:00+00:00,Premyer Liqa,Sumqayıt,Qabala,Over/Under Goals,Under 3.5,1.15,,,WON,
2026-02-20T15:45:00+00:00,First League,Cherno More Varna,Botev Vratsa,Over/Under Goals,Under 2.5,1.62,,,WON,
2026-02-20T16:00:00+00:00,Premier League,Dynamo Kyiv,Ruh Lviv,1X2 / Match Winner,Home,1.44,,,WON,
2026-02-20T17:00:00+00:00,1. Division,Enosis,AEL,Over/Under Goals,Under 3.5,1.28,,,WON,
2026-02-20T17:00:00+00:00,1. Division,Krasava Ypsonas,Aris,Asian Handicap,Home +1.25,1.66,,,WON,
2026-02-20T17:00:00+00:00,Cup,Richards Bay,Amazulu,Double Chance,Home/Draw,1.44,,,LOST,
2026-02-20T17:00:00+00:00,Ekstraklasa,Piast Gliwice,Motor Lublin,Asian Handicap,Home +0,1.53,,,LOST,
2026-02-20T17:00:00+00:00,Erste Liga,Austria Lustenau,SV Kapfenberg,Over/Under Goals,Under 3.5,1.36,,,WON,
2026-02-20T17:00:00+00:00,I Liga,Górnik Łęczna,Tychy 71,Asian Handicap,Home +0.25,1.68,,,WON,
2026-02-20T17:00:00+00:00,Prva HNL,Vukovar,NK Slaven Belupo,Double Chance,Home/Draw,1.5,,,WON,
2026-02-20T17:00:00+00:00,Super Lig,Rizespor,Kocaelispor,Asian Handicap,Away -0.5,1.53,,,LOST,
2026-02-20T17:30:00+00:00,Bundesliga 2,SpVgg Greuther Fürth,Arminia Bielefeld,Double Chance,Home/Draw,1.7,,,WON,
2026-02-20T17:30:00+00:00,Bundesliga 2,VfL Bochum,1. FC Nürnberg,Over/Under Goals,Under 3.5,1.4,,,WON,
2026-02-20T17:30:00+00:00,Pro League,Ajman,Sharjah FC,Double Chance,Home/Draw,1.63,,,WON,
2026-02-20T17:30:00+00:00,Pro League,Al Wahda FC,Al-Jazira,Over/Under Goals,Under 3.5,1.39,,,WON,
2026-02-20T17:30:00+00:00,Pro League,Al-Dhafra,Shabab Al Ahli Dubai,Over/Under Goals,Under 3.5,1.49,,,LOST,
2026-02-20T18:00:00+00:00,3. Liga,Stuttgart II,Waldhof Mannheim,Over/Under Goals,Under 3.5,1.48,,,LOST,
2026-02-20T18:00:00+00:00,Division 1,Al Hamriyah,Masfut,Over/Under Goals,Under 3.5,1.33,,,LOST,
2026-02-20T18:00:00+00:00,Division 1,Al Thaid,Gulf United,Team Total Goals,Over 0.5,1.15,,,WON,
2026-02-20T18:00:00+00:00,Iraqi League,Gharraf,Duhok,Over/Under Goals,Under 2.5,1.62,,,LOST,
2026-02-20T18:00:00+00:00,Iraqi League,Newroz,Al Najaf,Over/Under Goals,Under 3.5,1.18,,,WON,
2026-02-20T18:00:00+00:00,Liga I,FC Botosani,Universitatea Cluj,Over/Under Goals,Over 1.5,1.42,,,WON,
2026-02-20T18:00:00+00:00,Premier League,Al Ahli,Al Najma,Over/Under Goals,Under 3.5,1.25,,,WON,
2026-02-20T18:00:00+00:00,Premier League,Muharraq,Bahrain SC,Over/Under Goals,Under 3.5,1.7,,,LOST,
2026-02-20T18:00:00+00:00,Professional League,Al-Shabab,Al-Khabourah,Over/Under Goals,Under 3.5,1.25,,,WON,
2026-02-20T18:00:00+00:00,Regionalliga - Nordost,Magdeburg II,FC Rot-Weiß Erfurt,Over/Under Goals,Under 3.5,1.48,,,LOST,
2026-02-20T18:00:00+00:00,Superliga,Egnatia Rrogozhinë,Dinamo Tirana,Over/Under Goals,Under 3.5,1.15,,,WON,
2026-02-20T18:00:00+00:00,Superligaen,FC Nordsjaelland,Vejle,1X2 / Match Winner,Home,1.63,,,LOST,
2026-02-20T18:30:00+00:00,Challenge League,Rapperswil,Bellinzona,Asian Handicap,Home +0,1.48,,,WON,
2026-02-20T18:30:00+00:00,Division 1,Khaitan,Sporty,1X2 / Match Winner,Home,1.4,,,WON,
2026-02-20T18:30:00+00:00,National 1,Aubagne,Quevilly,Over/Under Goals,Under 3.5,1.22,,,WON,
2026-02-20T18:30:00+00:00,National 1,Bourg-en-bresse 01,Orleans,Over/Under Goals,Under 3.5,1.22,,,WON,
2026-02-20T18:30:00+00:00,National 1,Caen,Sochaux,1X2 / Match Winner,Draw,3.25,,,LOST,
2026-02-20T18:30:00+00:00,National 1,Concarneau,Versailles,Asian Handicap,Home +0.25,1.48,,,LOST,
2026-02-20T18:30:00+00:00,National 1,Gobelins,Valenciennes,Double Chance,Home/Draw,1.5,,,WON,
2026-02-20T18:30:00+00:00,National 1,Rouen,Le Puy Foot,Over/Under Goals,Under 3.5,1.2,,,WON,
2026-02-20T18:30:00+00:00,National 1,Villefranche,Dijon,Over/Under Goals,Under 3.5,1.22,,,WON,
2026-02-20T18:30:00+00:00,National 2 - Group C,Andrézieux,Saint-Priest,Team Total Goals,Under 2.5,1.18,,,LOST,
2026-02-20T18:30:00+00:00,Stars League,Al Shahaniya,Qatar SC,Over/Under Goals,Under 3.5,1.5,,,LOST,
2026-02-20T18:30:00+00:00,Stars League,Al-Sailiya,UMM Salal,Over/Under Goals,Under 3.5,1.45,,,WON,
2026-02-20T18:45:00+00:00,Division 1,Al Arabi SC,Abha,Over/Under Goals,Under 3.5,1.53,,,LOST,
2026-02-20T18:45:00+00:00,Division 1,Al Diriyah,Al Orubah,Over/Under Goals,Over 1.5,1.2,,,WON,
2026-02-20T18:45:00+00:00,Division 1,Al Ula,Al Taee,Double Chance,Home/Draw,1.17,,,WON,
2026-02-20T18:45:00+00:00,League,Al Buqa'a,Al Faisaly,Team Total Goals,Under 2.5,1.48,,,LOST,
2026-02-20T18:45:00+00:00,League,Sama Al Sarhan,Shabab Al Ordon,Over/Under Goals,Under 3.5,1.21,,,WON,
2026-02-20T18:45:00+00:00,Segunda Liga,Leixoes,Vizela,Over/Under Goals,Under 3.5,1.25,,,WON,
2026-02-20T19:00:00+00:00,Challenger Pro League,Liège,Club Brugge II,Over/Under Goals,Under 3.5,1.45,,,LOST,
2026-02-20T19:00:00+00:00,Challenger Pro League,RSC Anderlecht II,KRC Genk II,Over/Under Goals,Under 3.5,1.55,,,WON,
2026-02-20T19:00:00+00:00,Eerste Divisie,Cambuur,Waalwijk,Double Chance,Home/Draw,1.22,,,WON,
2026-02-20T19:00:00+00:00,Eerste Divisie,De Graafschap,Jong Utrecht,Team Total Goals,Over 0.5,1.2,,,LOST,
2026-02-20T19:00:00+00:00,Eerste Divisie,Dordrecht,Jong Ajax,1X2 / Match Winner,Home,1.55,,,LOST,
2026-02-20T19:00:00+00:00,Eerste Divisie,Emmen,Jong PSV U21,Team Total Goals,Under 2.5,1.57,,,WON,
2026-02-20T19:00:00+00:00,Eerste Divisie,Helmond Sport,ADO Den Haag,Over/Under Goals,Under 3.5,1.65,,,LOST,
2026-02-20T19:00:00+00:00,Eerste Divisie,VVV Venlo,FC OSS,Over/Under Goals,Over 1.5,1.18,,,WON,
2026-02-20T19:00:00+00:00,Eerste Divisie,Willem II,Vitesse,Asian Handicap,Home +0,1.45,,,WON,
2026-02-20T19:00:00+00:00,Eredivisie,Fortuna Sittard,Excelsior,Asian Handicap,Away -0.5,1.62,,,LOST,
2026-02-20T19:00:00+00:00,Ligue 2,Annecy,RED Star FC 93,Over/Under Goals,Over 1.5,1.48,,,WON,
2026-02-20T19:00:00+00:00,Ligue 2,Boulogne,Clermont Foot,Over/Under Goals,Under 3.5,1.22,,,WON,
2026-02-20T19:00:00+00:00,Ligue 2,Dunkerque,Bastia,Over/Under Goals,Under 3.5,1.18,,,WON,
2026-02-20T19:00:00+00:00,Ligue 2,Nancy,Grenoble,Over/Under Goals,Under 3.5,1.25,,,WON,
2026-02-20T19:00:00+00:00,Ligue 2,Rodez,Montpellier,Double Chance,Home/Draw,1.5,,,WON,
2026-02-20T19:00:00+00:00,Premier League 2 Division One,Everton U21,Sunderland U21,Asian Handicap,Away -1.25,1.4,,,WON,
2026-02-20T19:00:00+00:00,Premier League 2 Division One,Newcastle United U21,Fulham U21,Over/Under Goals,Under 3.5,1.76,,,WON,
2026-02-20T19:00:00+00:00,Premier League 2 Division One,Tottenham Hotspur U21,Norwich City U21,1X2 / Match Winner,Home,1.54,,,WON,
2026-02-20T19:00:00+00:00,Pro League,Al Okhdood,Al-Qadisiyah FC,Over/Under Goals,Under 3.5,1.48,,,LOST,
2026-02-20T19:00:00+00:00,Pro League,Al Taawon,Al-Fayha,Over/Under Goals,Under 3.5,1.3,,,LOST,
2026-02-20T19:00:00+00:00,Pro League,Damac,Al Shabab,Over/Under Goals,Under 3.5,1.25,,,LOST,
2026-02-20T19:00:00+00:00,Reserve Pro League,Patro Eisden U21,RFC de Liege U21,1X2 / Match Winner,Home,1.57,,,WON,
2026-02-20T19:00:00+00:00,Tercera División RFEF - Group 15,Bidezarra,Ardoi,Over/Under Goals,Under 3.5,1.21,,,WON,
2026-02-20T19:15:00+00:00,Challenge League,Stade Nyonnais,FC Aarau,Over/Under Goals,Under 3.5,1.44,,,WON,
2026-02-20T19:15:00+00:00,Challenge League,Étoile Carouge,Yverdon Sport,Over/Under Goals,Over 1.5,1.22,,,WON,
2026-02-20T19:30:00+00:00,Bundesliga 1,FSV Mainz 05,Hamburger SV,Over/Under Goals,Under 3.5,1.35,,,WON,
2026-02-20T19:30:00+00:00,Ekstraklasa,Widzew Łódź,Cracovia Krakow,Over/Under Goals,Under 3.5,1.25,,,WON,
2026-02-20T19:30:00+00:00,Erste Liga,First Vienna,SKN ST. Polten,Double Chance,Draw/Away,1.18,,,LOST,
2026-02-20T19:30:00+00:00,FAW Championship,Afan Lido,Trethomas Bluebirds,Over/Under Goals,Under 3.5,1.34,,,WON,
2026-02-20T19:30:00+00:00,FAW Championship,Newport City,Llantwit Major,Team Total Goals,Under 2.5,1.18,,,WON,
2026-02-20T19:30:00+00:00,FAW Championship,Trefelin,Ynyshir Albions,Over/Under Goals,Under 3.5,1.74,,,WON,
2026-02-20T19:30:00+00:00,I Liga,Wisla Krakow,Wieczysta Kraków,1X2 / Match Winner,Draw,4.28,,,WON,
2026-02-20T19:30:00+00:00,Premier League,Ghazl El Mehalla,Masr,Double Chance,Home/Draw,1.48,,,WON,
2026-02-20T19:30:00+00:00,Premier League,Ismaily SC,Wadi Degla,Asian Handicap,Away -0.5,1.21,,,WON,
2026-02-20T19:30:00+00:00,Premier League,Pyramids FC,Ceramica Cleopatra,Over/Under Goals,Over 1.5,1.38,,,LOST,
2026-02-20T19:30:00+00:00,Premier League,Zamalek SC,Haras El Hodood,1X2 / Match Winner,Home,1.49,,,WON,
2026-02-20T19:30:00+00:00,Reserve Pro League,RAAL La Louviere U21,Lierse K. U21,1X2 / Match Winner,Home,1.57,,,WON,
2026-02-20T19:30:00+00:00,Segunda Division,AD Ceuta FC,Granada CF,Over/Under Goals,Over 1.5,1.4,,,WON,
2026-02-20T19:30:00+00:00,Serie B,Frosinone,Empoli,Team Total Goals,Over 0.5,1.18,,,WON,
2026-02-20T19:30:00+00:00,Serie C - Girone B,Pianese,Guidonia Montecelio 1937,Over/Under Goals,Under 3.5,1.17,,,WON,
2026-02-20T19:30:00+00:00,Serie C - Girone C,Audace Cerignola,Casarano,Over/Under Goals,Under 3.5,1.25,,,WON,
2026-02-20T19:45:00+00:00,Championship,Raith Rovers,ST Johnstone,Team Total Goals,Under 2.5,1.16,,,WON,
2026-02-20T19:45:00+00:00,FAW Championship,Buckley Town,Holywell,1X2 / Match Winner,Away,1.62,,,WON,
2026-02-20T19:45:00+00:00,FAW Championship,Llandudno,Denbigh Town,1X2 / Match Winner,Home,1.33,,,WON,
2026-02-20T19:45:00+00:00,FAW Championship,Newtown AFC,Guilsfield,Over/Under Goals,Under 3.5,1.43,,,WON,
2026-02-20T19:45:00+00:00,First Division,Finn Harps,UCD,Over/Under Goals,Over 1.5,1.28,,,WON,
2026-02-20T19:45:00+00:00,First Division,Kerry,Athlone Town,Double Chance,Draw/Away,1.7,,,WON,
2026-02-20T19:45:00+00:00,First Division,Treaty United,Bray Wanderers,Over/Under Goals,Under 3.5,1.33,,,WON,
2026-02-20T19:45:00+00:00,First Division,Wexford,Cork City,Over/Under Goals,Under 3.5,1.38,,,LOST,
2026-02-20T19:45:00+00:00,Football League - Lowland League,Hearts U21,Broxburn Athletic,Team Total Goals,Under 2.5,1.41,,,WON,
2026-02-20T19:45:00+00:00,Jupiler Pro League,Gent,Cercle Brugge,Asian Handicap,Home +0,1.67,,,LOST,
2026-02-20T19:45:00+00:00,Ligue 1,Stade Brestois 29,Marseille,Over/Under Goals,Over 1.5,1.25,,,WON,
2026-02-20T19:45:00+00:00,Premier Division,Derry City,Bohemians,Over/Under Goals,Over 1.5,1.4,,,LOST,
2026-02-20T19:45:00+00:00,Premier Division,Shelbourne,Galway United,Double Chance,Home/Draw,1.17,,,WON,
2026-02-20T19:45:00+00:00,Premier Division,Waterford,Sligo Rovers,Team Total Goals,Over 0.5,1.18,,,LOST,
2026-02-20T19:45:00+00:00,Premier League,The New Saints,Caernarfon Town,Over/Under Goals,Under 3.5,1.5,,,WON,
2026-02-20T19:45:00+00:00,Premiership,Coleraine FC,Ballymena United,Over/Under Goals,Under 3.5,1.53,,,WON,
2026-02-20T19:45:00+00:00,Premiership,Larne,Carrick Rangers,Over/Under Goals,Over 1.5,1.22,,,WON,
2026-02-20T19:45:00+00:00,Serie A,Sassuolo,Verona,Over/Under Goals,Over 1.5,1.42,,,WON,
2026-02-20T20:00:00+00:00,Championship,Blackburn,Preston,Over/Under Goals,Under 3.5,1.25,,,WON,
2026-02-20T20:00:00+00:00,FAW Championship,Gresford Athletic,Flint Mountain,Over/Under Goals,Over 2.5,1.4,,,WON,
2026-02-20T20:00:00+00:00,Football League - Highland League,Banks O' Dee,Huntly,Over/Under Goals,Under 3.5,1.57,,,WON,
2026-02-20T20:00:00+00:00,La Liga,Athletic Club,Elche,Double Chance,Home/Draw,1.15,,,WON,
2026-02-20T20:00:00+00:00,Premier Division,Shamrock Rovers,St Patrick's Athl.,Over/Under Goals,Under 3.5,1.18,,,WON,
2026-02-20T20:15:00+00:00,Iraqi League,Al Talaba,Al Quwa Al Jawiya,Double Chance,Draw/Away,1.44,,,WON,
2026-02-20T20:15:00+00:00,Primera Division,Defensa Y Justicia,Belgrano Cordoba,Over/Under Goals,Under 2.5,1.48,,,WON,
2026-02-20T20:45:00+00:00,Primeira Liga,Estrela,Tondela,Asian Handicap,Away -0.5,1.48,,,WON,
2026-02-20T20:45:00+00:00,Primera Division,Estudiantes L.P.,Sarmiento Junin,Over/Under Goals,Under 3.5,1.15,,,WON,
2026-02-20T21:00:00+00:00,Ligue 1,ASO Chlef,CS Constantine,Over/Under Goals,Under 3.5,1.17,,,WON,
2026-02-20T21:00:00+00:00,Ligue 1,CR Belouizdad,El Bayadh,Over/Under Goals,Under 3.5,1.17,,,WON,
2026-02-20T21:00:00+00:00,Ligue 1,ES Setif,MB Rouisset,Over/Under Goals,Under 3.5,1.17,,,WON,
2026-02-20T21:00:00+00:00,Ligue 1,MC Oran,MC Alger,Double Chance,Home/Draw,1.41,,,WON,
2026-02-20T21:00:00+00:00,Primera Division,Union La Calera,Nublense,Over/Under Goals,Under 3.5,1.25,,,WON,
2026-02-20T21:30:00+00:00,Division Profesional - Apertura,Libertad Asuncion,Rubio NU,1X2 / Match Winner,Home,1.67,,,LOST,
2026-02-20T21:30:00+00:00,Mineiro - 1,Tombense,Uniao Trabalhadores,Over/Under Goals,Under 3.5,1.17,,,WON,
2026-02-20T21:45:00+00:00,Primera División - Apertura,Cerro,Liverpool Montevideo,Over/Under Goals,Under 3.5,1.18,,,WON,
2026-02-20T22:00:00+00:00,Liga Premier Serie A,Atletico Hidalgo,Zacatepec 1948,Team Total Goals,Under 2.5,1.2,,,WON,
2026-02-20T23:00:00+00:00,Carioca - 1,Sampaio Corrêa RJ,Portuguesa RJ,Asian Handicap,Home +0.25,1.52,,,WON,
2026-02-20T23:00:00+00:00,Catarinense - 1,Figueirense,Marcílio Dias,Over/Under Goals,Under 3.5,1.23,,,WON,
2026-02-20T23:00:00+00:00,Primera B,San Marcos de Arica,Deportes Santa Cruz,Over/Under Goals,Under 2.5,1.65,,,WON,
2026-02-20T23:00:00+00:00,Primera Division,Boca Juniors,Racing Club,Asian Handicap,Away -0.5,1.7,,,WON,
2026-02-20T23:00:00+00:00,Primera Division,Instituto Cordoba,Atletico Tucuman,Team Total Goals,Under 2.5,1.15,,,WON,
2026-02-20T23:20:00+00:00,Primera A,Llaneros,Independiente Medellin,Over/Under Goals,Under 3.5,1.18,,,LOST,
2026-02-20T23:30:00+00:00,Division Profesional - Apertura,2 de Mayo,Deportivo Recoleta,Over/Under Goals,Under 3.5,1.22,,,WON,
2026-02-20T23:30:00+00:00,Primera Division,Concepción,Cobresal,Double Chance,Home/Draw,1.17,,,WON,
2026-02-20T23:30:00+00:00,Sergipano,AO Itabaiana,Falcon,1X2 / Match Winner,Home,1.5,,,WON,
2026-02-21T00:00:00+00:00,Liga MX Femenil,Pumas UNAM W,Tigres UANL W,Double Chance,Draw/Away,1.15,,,WON,
2026-02-21T00:00:00+00:00,Liga Pro,Orense SC,LDU de Quito,Over/Under Goals,Under 3.5,1.24,,,WON,
2026-02-21T00:30:00+00:00,Division di Honor,La Fama,Britannia,Double Chance,Home/Draw,1.62,,,LOST,
2026-02-21T00:30:00+00:00,Primera División - Apertura,Defensor Sporting,Cerro Largo,Over/Under Goals,Under 3.5,1.17,,,WON,
2026-02-21T01:00:00+00:00,Liga MX Femenil,Atlas W,Cruz Azul W,Over/Under Goals,Under 3.5,1.57,,,LOST,
2026-02-21T01:00:00+00:00,Liga MX,Tigres UANL,Pachuca,Over/Under Goals,Under 3.5,1.38,,,WON,
2026-02-21T01:00:00+00:00,Liga Nacional,Real Espana,Lobos Upnfm,Over/Under Goals,Under 3.5,1.28,,,LOST,
2026-02-21T01:00:00+00:00,Liga de Expansión MX,Dorados,Monarcas,Over/Under Goals,Under 3.5,1.48,,,WON,
2026-02-21T01:00:00+00:00,Liga de Expansión MX,Tepatitlán,Irapuato,1X2 / Match Winner,Draw,3.6,,,LOST,
2026-02-21T01:00:00+00:00,Primera Division,Alianza Lima,Sport Boys,Over/Under Goals,Under 3.5,1.25,,,WON,
2026-02-21T01:15:00+00:00,Primera Division,Gimnasia M.,Gimnasia L.P.,Over/Under Goals,Under 2.5,1.42,,,WON,
2026-02-21T01:15:00+00:00,Primera Division,Rosario Central,Talleres Cordoba,Over/Under Goals,Over 1.5,1.53,,,LOST,
2026-02-21T01:30:00+00:00,Liga Panameña de Fútbol,San Francisco FC,UMECIT,Over/Under Goals,Under 3.5,1.17,,,WON,
2026-02-21T01:30:00+00:00,Primera A,Deportivo Pereira,Deportivo Pasto,Over/Under Goals,Under 3.5,1.17,,,LOST,
2026-02-21T02:00:00+00:00,Ofc Pro League,Tahiti United,South Island United,Asian Handicap,Home +1.25,1.4,,,WON,
2026-02-21T03:06:00+00:00,Liga MX Femenil,Santos Laguna W,Toluca W,Over/Under Goals,Under 3.5,1.7,,,WON,
2026-02-21T03:06:00+00:00,Liga MX,Puebla,Club America,Over/Under Goals,Under 3.5,1.25,,,LOST,
2026-02-21T04:00:00+00:00,A-League,Wellington Phoenix,Auckland,Over/Under Goals,Over 1.5,1.22,,,WON,
2026-02-21T04:00:00+00:00,Victoria NPL 2,Langwarrin,Melbourne Srbija,Asian Handicap,Home +1.25,1.42,,,WON,
2026-02-21T04:15:00+00:00,Victoria NPL 2,Manningham United Blues,Brunswick City,Double Chance,Home/Draw,1.5,,,WON,
2026-02-21T05:00:00+00:00,J. League Div.1,Yokohama F. Marinos,Urawa,Double Chance,Draw/Away,1.42,,,WON,
2026-02-21T05:00:00+00:00,Queensland NPL,Magic United,Gold Coast United,Over/Under Goals,Under 3.5,1.5,,,LOST,
2026-02-21T05:30:00+00:00,J. League Div.1,Shimizu S-pulse,Vissel Kobe,Over/Under Goals,Under 3.5,1.3,,,WON,
2026-02-21T05:30:00+00:00,New South Wales NPL 2,Macarthur Rams,Rydalmere Lions,Double Chance,Draw/Away,1.44,,,WON,
2026-02-21T06:00:00+00:00,A-League,Sydney,Brisbane Roar,Over/Under Goals,Under 3.5,1.44,,,WON,
2026-02-21T06:00:00+00:00,J. League Div.1,Kawasaki Frontale,FC Tokyo,Over/Under Goals,Over 1.5,1.22,,,WON,
2026-02-21T06:00:00+00:00,J. League Div.1,Nagoya Grampus,V-varen Nagasaki,Team Total Goals,Under 2.5,1.22,,,WON,
2026-02-21T06:00:00+00:00,Northern NSW NPL,Valentine,Belmont Swansea,Over/Under Goals,Under 3.5,1.65,,,WON,
2026-02-21T06:15:00+00:00,New South Wales NPL,UNSW,SD Raiders,Double Chance,Home/Draw,1.5,,,WON,
2026-02-21T06:30:00+00:00,New South Wales NPL,NWS Spirit,Sydney FC U23,Asian Handicap,Home +0,1.5,,,LOST,
2026-02-21T06:30:00+00:00,New South Wales NPL,Sutherland Sharks,St. George Saints,Over/Under Goals,Under 3.5,1.42,,,WON,
2026-02-21T07:00:00+00:00,J. League Div.1,Kashima,Kashiwa Reysol,Double Chance,Home/Draw,1.45,,,WON,
2026-02-21T07:00:00+00:00,Queensland NPL,Rochedale Rovers,WDSC Wolves,Double Chance,Home/Draw,1.67,,,LOST,
2026-02-21T07:30:00+00:00,New South Wales NPL 2,Northern Tigers,Bankstown City Lions,Asian Handicap,Home +0,1.52,,,WON,
2026-02-21T08:00:00+00:00,New South Wales NPL 2,Bulls Academy,Hills Brumbies,Asian Handicap,Home +0,1.59,,,LOST,
2026-02-21T08:00:00+00:00,New South Wales NPL 2,Canterbury Bankstown,Mt Druitt Town,Double Chance,Home/Draw,1.44,,,LOST,
2026-02-21T08:00:00+00:00,New South Wales NPL 2,Prospect United,Newcastle Jets II,Over/Under Goals,Under 3.5,1.72,,,WON,
2026-02-21T08:00:00+00:00,Northern NSW NPL,Weston Bears,Hamilton Olympic,Over/Under Goals,Under 3.5,1.66,,,LOST,
2026-02-21T08:00:00+00:00,Queensland NPL,Peninsula Power,Eastern Suburbs,Over/Under Goals,Under 3.5,1.67,,,WON,
2026-02-21T08:00:00+00:00,Victoria NPL,Dandenong Thunder,Heidelberg United,Double Chance,Draw/Away,1.15,,,WON,
2026-02-21T08:30:00+00:00,New South Wales NPL,Rockdale City Suns,Blacktown City,1X2 / Match Winner,Draw,3.8,,,LOST,
2026-02-21T08:35:00+00:00,A-League,Melbourne City,Melbourne Victory,Asian Handicap,Away -0.5,1.5,,,WON,
2026-02-21T09:00:00+00:00,Liga II,CSM Reşiţa,Chindia Targoviste,Over/Under Goals,Under 3.5,1.72,,,LOST,
2026-02-21T09:00:00+00:00,Liga II,Gloria Bistriţa,Ceahlăul Piatra Neamţ,Asian Handicap,Home +0,1.49,,,WON,
2026-02-21T09:00:00+00:00,Liga II,Metalul Buzău,FC Bacau,Asian Handicap,Away -1.25,1.42,,,WON,
2026-02-21T09:00:00+00:00,Liga II,Politehnica Iasi,CSM Satu Mare,Double Chance,Home/Draw,1.18,,,WON,
2026-02-21T09:00:00+00:00,Liga II,Slatina,Muscelul Câmpulung Elite,Over/Under Goals,Under 3.5,1.64,,,WON,
2026-02-21T10:00:00+00:00,3. liga - CFL B,Baník Souš,Teplice II,Double Chance,Home/Draw,1.4,,,WON,
2026-02-21T10:00:00+00:00,Super League,Kisumu All Stars,3K,Over/Under Goals,Under 2.5,1.4,,,WON,
2026-02-21T10:30:00+00:00,First League,Dobrudzha,Montana,Over/Under Goals,Under 3.5,1.22,,,WON,
2026-02-21T10:30:00+00:00,Premyer Liqa,Karvan,Araz,Over/Under Goals,Under 3.5,1.25,,,WON,
2026-02-21T10:30:00+00:00,Super Lig,Eyüpspor,Genclerbirligi,Over/Under Goals,Over 1.5,1.3,,,LOST,
2026-02-21T10:30:00+00:00,TFF 1. Lig,76 Iğdır Belediyespor,Erokspor,Double Chance,Draw/Away,1.5,,,WON,
2026-02-21T11:00:00+00:00,C-League,Life Sihanoukville,NagaWorld,Over/Under Goals,Under 3.5,1.6,,,WON,
2026-02-21T11:00:00+00:00,C-League,Phnom Penh Crown,Visakha,Double Chance,Home/Draw,1.32,,,WON,
2026-02-21T11:00:00+00:00,FKF Premier League,Shabana,Tusker,Double Chance,Home/Draw,1.2,,,WON,
2026-02-21T11:00:00+00:00,Frauen Bundesliga,Nürnberg,Carl Zeiss Jena  W,Asian Handicap,Home +0,1.44,,,WON,
2026-02-21T11:00:00+00:00,League Cup,Fram Reykjavik,Stjarnan,Double Chance,Home/Draw,1.57,,,LOST,
2026-02-21T11:00:00+00:00,Liga 3,União Santarém,Guimaraes B,Over/Under Goals,Under 3.5,1.17,,,WON,
2026-02-21T11:00:00+00:00,Liga Revelação U23,Sporting CP U23,Santa Clara U23,Asian Handicap,Home +0.25,1.44,,,LOST,
2026-02-21T11:00:00+00:00,Premier League,Epitsentr Dunayivtsi,LNZ Cherkasy,Over/Under Goals,Under 3.5,1.3,,,WON,
2026-02-21T11:00:00+00:00,Primera División Femenina,Levante W,Deportivo de La Coruña W,Over/Under Goals,Under 3.5,1.33,,,WON,
2026-02-21T11:00:00+00:00,Primera División Femenina,Madrid CFF W,Alhama,Over/Under Goals,Under 3.5,1.5,,,LOST,
2026-02-21T11:00:00+00:00,Segunda Liga,Torreense,Benfica B,Over/Under Goals,Under 3.5,1.3,,,WON,
2026-02-21T11:00:00+00:00,Thai League 1,Chiangrai United,Chonburi FC,Double Chance,Draw/Away,1.6,,,WON,
2026-02-21T11:00:00+00:00,Thai League 2,Nakhon Pathom,Trat FC,Over/Under Goals,Under 2.5,1.65,,,WON,
2026-02-21T11:30:00+00:00,Serie A Women,Genoa W,Como W,Over/Under Goals,Under 3.5,1.3,,,WON,
2026-02-21T11:30:00+00:00,Serie A Women,Napoli W,Parma W,Over/Under Goals,Under 3.5,1.3,,,WON,
2026-02-21T11:30:00+00:00,Thai League 1,Buriram United,Sukhothai FC,Asian Handicap,Home +0.25,1.17,,,WON,
2026-02-21T11:30:00+00:00,Thai League 2,Khon Kaen United,Police Tero,Over/Under Goals,Under 3.5,1.44,,,WON,
2026-02-21T12:00:00+00:00,2. Lig,Ankaraspor,Erbaaspor,Over/Under Goals,Under 3.5,1.41,,,LOST,
2026-02-21T12:00:00+00:00,2. Lig,Isparta 32 Spor,Belediye Derincespor,Double Chance,Draw/Away,1.67,,,WON,
2026-02-21T12:00:00+00:00,2. Lig,Tuzlaspor,İnegölspor,Over/Under Goals,Under 3.5,1.27,,,WON,
2026-02-21T12:00:00+00:00,Bundesliga 2,Karlsruher SC,Holstein Kiel,Over/Under Goals,Over 1.5,1.22,,,WON,
2026-02-21T12:00:00+00:00,Bundesliga 2,SV Darmstadt 98,Fortuna Düsseldorf,Asian Handicap,Home +0,1.55,,,WON,
2026-02-21T12:00:00+00:00,Bundesliga 2,SV Elversberg,Eintracht Braunschweig,Over/Under Goals,Under 3.5,1.44,,,LOST,
2026-02-21T12:00:00+00:00,FKF Premier League,Kariobangi Sharks,Mathare United,Over/Under Goals,Under 2.5,1.4,,,WON,
2026-02-21T12:00:00+00:00,FKF Premier League,Murang'a SEAL,Bandari,Asian Handicap,Home +0.25,1.41,,,LOST,
2026-02-21T12:00:00+00:00,FKF Premier League,Nairobi United,Bidco United,Double Chance,Draw/Away,1.62,,,LOST,
2026-02-21T12:00:00+00:00,First League,Petrovac,Jezero,Over/Under Goals,Under 2.5,1.63,,,LOST,
2026-02-21T12:00:00+00:00,II Liga - East,Śląsk Wrocław II,Podbeskidzie,Double Chance,Home/Draw,1.63,,,LOST,
2026-02-21T12:00:00+00:00,Ligue 1,ES Tunis,Stade Tunisien,Over/Under Goals,Under 3.5,1.24,,,WON,
2026-02-21T12:00:00+00:00,Ligue 2,Moknine,Kalaâ Sport,Over/Under Goals,Under 2.5,1.57,,,WON,
2026-02-21T12:00:00+00:00,Premier League,Hadiya Hosaena,Bahardar,Double Chance,Home/Draw,1.53,,,LOST,
2026-02-21T12:00:00+00:00,Premier League,Welayta Dicha,Mekelakeya,Over/Under Goals,Under 2.5,1.32,,,LOST,
2026-02-21T12:00:00+00:00,Prva Liga,FK Trayal,Dubočica,Over/Under Goals,Under 3.5,1.22,,,LOST,
2026-02-21T12:00:00+00:00,Prva Liga,OFK Vršac,Borac Cacak,BTTS,No,1.63,,,WON,
2026-02-21T12:00:00+00:00,Prva Liga,Tekstilac Odžaci,Dinamo Jug,Over/Under Goals,Under 3.5,1.19,,,WON,
2026-02-21T12:00:00+00:00,Second League,FK Minyor Pernik,Hebar 1918,Over/Under Goals,Under 3.5,1.16,,,WON,
2026-02-21T12:00:00+00:00,Second League,Lokomotiv G. Oryahovitsa,Pirin Blagoevgrad,Over/Under Goals,Under 3.5,1.15,,,WON,
2026-02-21T12:00:00+00:00,Second League,Vihren,Ludogorets II,Asian Handicap,Away -1.25,1.48,,,LOST,
2026-02-21T12:00:00+00:00,Superliga,Malisheva,Dukagjini,Over/Under Goals,Under 3.5,1.17,,,WON,
2026-02-21T12:00:00+00:00,Svenska Cupen,Mjallby AIF,Kalmar FF,Over/Under Goals,Over 1.5,1.28,,,WON,
2026-02-21T12:00:00+00:00,Thai League 1,Uthai Thani,Kanchanaburi,Over/Under Goals,Under 3.5,1.44,,,WON,
2026-02-21T12:00:00+00:00,Thai League 2,Phrae United,Sisaket United,Over/Under Goals,Under 3.5,1.32,,,WON,
2026-02-21T12:30:00+00:00,1st Division,Pogradeci,Lushnja,1X2 / Match Winner,Home,1.36,,,WON,
2026-02-21T12:30:00+00:00,Championship,Hull City,QPR,Over/Under Goals,Under 3.5,1.3,,,LOST,
2026-02-21T12:30:00+00:00,Championship,Stoke City,Leicester,1X2 / Match Winner,Draw,3.45,,,WON,
2026-02-21T12:30:00+00:00,Championship,Swansea,Bristol City,Over/Under Goals,Over 1.5,1.3,,,LOST,
2026-02-21T12:30:00+00:00,Championship,West Brom,Coventry,Over/Under Goals,Under 3.5,1.33,,,WON,
2026-02-21T12:30:00+00:00,League One,Plymouth,Cardiff,BTTS,Yes,1.62,,,WON,
2026-02-21T12:30:00+00:00,League One,Rotherham,Doncaster,Over/Under Goals,Over 1.5,1.3,,,WON,
2026-02-21T12:30:00+00:00,League One,Wycombe,Stevenage,Over/Under Goals,Over 1.5,1.42,,,WON,
2026-02-21T12:30:00+00:00,League Two,Fleetwood Town,Barrow,Over/Under Goals,Under 3.5,1.33,,,LOST,
2026-02-21T12:30:00+00:00,League Two,Swindon Town,Crewe,Over/Under Goals,Under 3.5,1.38,,,WON,
2026-02-21T12:30:00+00:00,Premier League,Briton Ferry,Bala Town,Over/Under Goals,Under 3.5,1.44,,,WON,
2026-02-21T12:30:00+00:00,Super League Women,Club Brugge W,Anderlecht W,Over/Under Goals,Over 1.5,1.19,,,WON,
2026-02-21T12:30:00+00:00,Thai League 1,Port FC,Nakhon Ratchasima FC,Over/Under Goals,Under 3.5,1.73,,,WON,
2026-02-21T12:30:00+00:00,Thai League 2,Pattani,Nong Bua Pitchaya,Over/Under Goals,Under 3.5,1.32,,,WON,
2026-02-21T12:45:00+00:00,Primera División - Apertura,Racing Montevideo,Danubio,Over/Under Goals,Under 3.5,1.17,,,LOST,
2026-02-21T13:00:00+00:00,2. Division,APEA,Iraklis Yerolakkou,Over/Under Goals,Under 3.5,1.24,,,WON,
2026-02-21T13:00:00+00:00,2. Division,Digenis Morphou,Ethnikos Latsion,Over/Under Goals,Under 3.5,1.3,,,WON,
2026-02-21T13:00:00+00:00,2. Division,Doxa,Omonia 29is Maiou,Double Chance,Home/Draw,1.5,,,LOST,
2026-02-21T13:00:00+00:00,2. Division,Halkanoras,Spartakos Kitiou,Double Chance,Draw/Away,1.44,,,LOST,
2026-02-21T13:00:00+00:00,2. Division,PAEEK,Ayia Napa,Over/Under Goals,Under 3.5,1.29,,,WON,
2026-02-21T13:00:00+00:00,2. Lig,Menemen Belediyespor,Bursaspor,Over/Under Goals,Under 3.5,1.32,,,LOST,
2026-02-21T13:00:00+00:00,3. Liga,Alemannia Aachen,Verl,Over/Under Goals,Over 1.5,1.2,,,WON,
2026-02-21T13:00:00+00:00,3. Liga,FC Ingolstadt 04,Havelse,Over/Under Goals,Under 3.5,1.67,,,LOST,
2026-02-21T13:00:00+00:00,3. Liga,MSV Duisburg,FC Schweinfurt 05,Over/Under Goals,Under 3.5,1.62,,,LOST,
2026-02-21T13:00:00+00:00,3. Liga,SSV Jahn Regensburg,SV Wehen,Over/Under Goals,Under 3.5,1.38,,,WON,
2026-02-21T13:00:00+00:00,3. Liga,VfL Osnabrück,Rot-Weiß Essen,Over/Under Goals,Over 1.5,1.28,,,WON,
2026-02-21T13:00:00+00:00,FKF Premier League,AFC Leopards,Posta Rangers FC,Over/Under Goals,Under 2.5,1.44,,,LOST,
2026-02-21T13:00:00+00:00,First League,Buducnost Podgorica,Sutjeska,Over/Under Goals,Under 3.5,1.26,,,WON,
2026-02-21T13:00:00+00:00,First League,Lokomotiv Plovdiv,Spartak Varna,Over/Under Goals,Under 2.5,1.62,,,WON,
2026-02-21T13:00:00+00:00,Frauen Bundesliga,Hamburger SV W,Werder Bremen W,Over/Under Goals,Under 3.5,1.5,,,WON,
2026-02-21T13:00:00+00:00,Friendlies Clubs,Spartak Moscow,FC Rostov,Over/Under Goals,Under 3.5,1.5,,,LOST,
2026-02-21T13:00:00+00:00,La Liga,Real Sociedad,Oviedo,Over/Under Goals,Over 1.5,1.3,,,WON,
2026-02-21T13:00:00+00:00,Liga II,CS Afumati,Dumbrăviţa,Double Chance,Home/Draw,1.19,,,LOST,
2026-02-21T13:00:00+00:00,Ligat Ha'al,Maccabi Tel Aviv,Ashdod,Over/Under Goals,Over 1.5,1.15,,,WON,
2026-02-21T13:00:00+00:00,Ligue 2,Estac Troyes,PAU,Over/Under Goals,Under 3.5,1.42,,,LOST,
2026-02-21T13:00:00+00:00,Ligue 2,Reims,Amiens,Over/Under Goals,Under 3.5,1.36,,,WON,
2026-02-21T13:00:00+00:00,NB I,Nyiregyhaza,Kisvarda FC,Asian Handicap,Home +0,1.5,,,WON,
2026-02-21T13:00:00+00:00,Primera División Femenina,Edf Logrono W,FC Levante Badalona,Asian Handicap,Home +1.25,1.6,,,WON,
2026-02-21T13:00:00+00:00,Primera División RFEF - Group 1,Athletic Club II,Zamora,Over/Under Goals,Under 3.5,1.2,,,WON,
2026-02-21T13:00:00+00:00,Regionalliga - Nordost,FC Carl Zeiss Jena,BSG Chemie Leipzig,Team Total Goals,Over 0.5,1.67,,,WON,
2026-02-21T13:00:00+00:00,Regionalliga - Nordost,Hallescher FC,Greifswalder FC,1X2 / Match Winner,Home,1.65,,,WON,
2026-02-21T13:00:00+00:00,Regionalliga - SudWest,Barockstadt Fulda-Lehn.,Schott Mainz,Team Total Goals,Under 2.5,1.5,,,WON,
2026-02-21T13:00:00+00:00,Regionalliga - SudWest,FC 08 Homburg,Balingen,1X2 / Match Winner,Home,1.37,,,WON,
2026-02-21T13:00:00+00:00,Regionalliga - SudWest,SV Sandhausen,FC Astoria Walldorf,Team Total Goals,Over 0.5,1.18,,,WON,
2026-02-21T13:00:00+00:00,Regionalliga - SudWest,Stuttgarter Kickers,FSV Mainz 05 II,BTTS,Yes,1.48,,,LOST,
2026-02-21T13:00:00+00:00,Regionalliga - West,FC Bocholt,Bonner SC,Over/Under Goals,Under 3.5,1.57,,,WON,
2026-02-21T13:00:00+00:00,Regionalliga - West,FC Gutersloh,SSVg Velbert,Over/Under Goals,Under 3.5,1.73,,,WON,
2026-02-21T13:00:00+00:00,Regionalliga - West,Rot-weiss Oberhausen,SV Rodinghausen,1X2 / Match Winner,Home,1.44,,,LOST,
2026-02-21T13:00:00+00:00,Regionalliga - West,Sportfreunde Lotte,Wiedenbrück,1X2 / Match Winner,Home,1.44,,,LOST,
2026-02-21T13:00:00+00:00,Regionalliga - West,Wuppertaler SV,Köln II,Over/Under Goals,Under 3.5,1.67,,,WON,
2026-02-21T13:00:00+00:00,Segunda Division,Leganes,Cultural Leonesa,Over/Under Goals,Under 3.5,1.25,,,WON,
2026-02-21T13:00:00+00:00,Super League 2,Ellas Syros,Egaleo,Over/Under Goals,Under 3.5,1.19,,,WON,
2026-02-21T13:00:00+00:00,Super League 2,Kallithea,Ilioupoli,Over/Under Goals,Under 2.5,1.57,,,WON,
2026-02-21T13:00:00+00:00,Super League 2,Olympiakos Piraeus II,Kalamata,Over/Under Goals,Under 3.5,1.25,,,WON,
2026-02-21T13:00:00+00:00,Super League 2,Panargiakos,Kissamikos,Over/Under Goals,Under 2.5,1.65,,,WON,
2026-02-21T13:00:00+00:00,Super League 2,Panionios,Marko,Over/Under Goals,Under 3.5,1.18,,,WON,
2026-02-21T13:00:00+00:00,Super League,Nairobi City Stars,Fortune Sacco,Double Chance,Home/Draw,1.28,,,WON,
2026-02-21T13:00:00+00:00,Super Lig,Alanyaspor,Başakşehir,Over/Under Goals,Over 1.5,1.3,,,WON,
2026-02-21T13:00:00+00:00,Super Liga,OFK Beograd,Železničar Pančevo,Over/Under Goals,Under 3.5,1.3,,,WON,
2026-02-21T13:00:00+00:00,Super Liga,Radnik Surdulica,Napredak,Over/Under Goals,Under 3.5,1.25,,,WON,
2026-02-21T13:00:00+00:00,Superligaen,Odense,FC Copenhagen,BTTS,Yes,1.55,,,WON,
2026-02-21T13:00:00+00:00,TFF 1. Lig,Boluspor,İstanbulspor,Over/Under Goals,Under 3.5,1.51,,,WON,
2026-02-21T13:30:00+00:00,First League,Jedinstvo,Dečić,Over/Under Goals,Under 3.5,1.21,,,WON,
2026-02-21T13:30:00+00:00,First NL,Bsk Bijelo Brdo,Dugopolje,Over/Under Goals,Under 2.5,1.44,,,WON,
2026-02-21T13:30:00+00:00,First NL,Orijent 1919,Croatia Zmijavci,Over/Under Goals,Under 3.5,1.28,,,WON,
2026-02-21T13:30:00+00:00,Liga 1,Persepam Madura Utd,Arema FC,Over/Under Goals,Under 3.5,1.27,,,LOST,
2026-02-21T13:30:00+00:00,Liga 1,Persijap,Persebaya Surabaya,Over/Under Goals,Under 3.5,1.31,,,LOST,
2026-02-21T13:30:00+00:00,Liga 1,Persis Solo,PSBS Biak Numfor,Over/Under Goals,Under 3.5,1.35,,,WON,
2026-02-21T13:30:00+00:00,Liga 2,PSS Sleman,Persipura Jayapura,Over/Under Goals,Under 3.5,1.22,,,WON,
2026-02-21T13:30:00+00:00,Liga 2,Persekat,PSMS Medan,Over/Under Goals,Under 3.5,1.23,,,WON,
2026-02-21T13:30:00+00:00,Liga 2,Persiku Kudus,Persela Lamongan,Over/Under Goals,Under 3.5,1.27,,,WON,
2026-02-21T13:30:00+00:00,Ligue 1,Ben Aknoun,Khenchela,Over/Under Goals,Under 3.5,1.16,,,LOST,
2026-02-21T13:30:00+00:00,Ligue 1,Mostaganem,JS Kabylie,BTTS,No,1.55,,,LOST,
2026-02-21T13:30:00+00:00,Ligue 1,Olympique Akbou,Paradou AC,Over/Under Goals,Over 1.5,1.44,,,WON,
2026-02-21T13:30:00+00:00,Premier League,Metalist 1925 Kharkiv,Kryvbas KR,Asian Handicap,Home +0.25,1.46,,,WON,
2026-02-21T13:30:00+00:00,Second NL,Bjelovar,Varteks Varaždin,Asian Handicap,Home +0.25,1.43,,,WON,
2026-02-21T13:30:00+00:00,Second NL,Segesta Sisak,Jadran LP,Double Chance,Home/Draw,1.4,,,WON,
2026-02-21T13:30:00+00:00,Second NL,Uskok Klis,Hrvatski Dragovoljac,Over/Under Goals,Under 3.5,1.41,,,WON,
2026-02-21T13:30:00+00:00,Serie C - Girone A,Novara,Giana Erminio,Over/Under Goals,Under 3.5,1.16,,,LOST,
2026-02-21T13:30:00+00:00,Serie C - Girone B,Gubbio,Arezzo,Over/Under Goals,Under 3.5,1.16,,,WON,
2026-02-21T13:30:00+00:00,Serie C - Girone B,Livorno,Pineto,Over/Under Goals,Under 3.5,1.2,,,WON,
2026-02-21T13:30:00+00:00,Serie C - Girone B,Torres,Vis Pesaro,Over/Under Goals,Under 3.5,1.19,,,WON,
2026-02-21T13:30:00+00:00,Serie C - Girone C,Latina,Potenza,Over/Under Goals,Under 3.5,1.2,,,WON,
2026-02-21T13:30:00+00:00,Serie C - Girone C,Trapani 1905,Cavese,Over/Under Goals,Under 3.5,1.2,,,WON,
2026-02-21T14:00:00+00:00,1. Liga Promotion,Kreuzlingen,Lausanne Sport II,Over/Under Goals,Under 3.5,1.62,,,WON,
2026-02-21T14:00:00+00:00,1. SNL,Olimpija Ljubljana,Koper,Asian Handicap,Home +0,1.53,,,WON,
2026-02-21T14:00:00+00:00,Campionato,Fiorentino,Juvenes / Dogana,Over/Under Goals,Under 3.5,1.26,,,WON,
2026-02-21T14:00:00+00:00,Campionato,La Fiorita,Libertas,Over/Under Goals,Under 3.5,1.68,,,LOST,
2026-02-21T14:00:00+00:00,Campionato,Pennarossa,Folgore,Over/Under Goals,Under 3.5,1.53,,,LOST,
2026-02-21T14:00:00+00:00,Czech Liga,FK Jablonec,Karviná,Over/Under Goals,Under 3.5,1.4,,,WON,
2026-02-21T14:00:00+00:00,Czech Liga,Hradec Králové,Zlin,Over/Under Goals,Under 3.5,1.28,,,WON,
2026-02-21T14:00:00+00:00,Czech Liga,Slovácko,Pardubice,Over/Under Goals,Under 3.5,1.25,,,WON,
2026-02-21T14:00:00+00:00,Ekstraklasa,Raków Częstochowa,Nieciecza,Over/Under Goals,Under 3.5,1.48,,,WON,
2026-02-21T14:00:00+00:00,FAW Championship,Caerau (Ely),Carmarthen Town,Asian Handicap,Away -1.25,1.44,,,WON,
2026-02-21T14:00:00+00:00,FAW Championship,Mold Alexandra,Rhyl,Over/Under Goals,Under 3.5,1.35,,,WON,
2026-02-21T14:00:00+00:00,FAW Championship,Pontypridd Town,Baglan Dragons,Over/Under Goals,Under 3.5,1.27,,,WON,
2026-02-21T14:00:00+00:00,First League,Bokelj,Mladost DG,Over/Under Goals,Under 3.5,1.16,,,WON,
2026-02-21T14:00:00+00:00,Premijer Liga,Velež,Zeljeznicar Sarajevo,Over/Under Goals,Under 3.5,1.15,,,WON,
2026-02-21T14:00:00+00:00,Prva HNL,Istra 1961,HNK Gorica,Double Chance,Draw/Away,1.7,,,WON,
2026-02-21T14:00:00+00:00,Segunda Liga,Maritimo,Sporting CP B,Over/Under Goals,Under 3.5,1.28,,,WON,
2026-02-21T14:00:00+00:00,Serie A Women,Lazio W,AC Milan W,Over/Under Goals,Under 3.5,1.31,,,LOST,
2026-02-21T14:00:00+00:00,Serie A,Juventus,Como,Double Chance,Draw/Away,1.7,,,WON,
2026-02-21T14:00:00+00:00,Serie B,Mantova,Sampdoria,1X2 / Match Winner,Draw,3.0,,,LOST,
2026-02-21T14:00:00+00:00,Serie B,Padova,Bari,Over/Under Goals,Under 3.5,1.2,,,WON,
2026-02-21T14:00:00+00:00,Serie B,Palermo,Sudtirol,Double Chance,Home/Draw,1.18,,,WON,
2026-02-21T14:00:00+00:00,Serie B,Venezia,Pescara,Over/Under Goals,Over 1.5,1.15,,,WON,
2026-02-21T14:00:00+00:00,Serie B,Virtus Entella,Catanzaro,Over/Under Goals,Under 3.5,1.22,,,LOST,
2026-02-21T14:00:00+00:00,Super League,Melaka,Terengganu,Over/Under Goals,Under 3.5,1.55,,,WON,
2026-02-21T14:00:00+00:00,Super League,Negeri Sembilan,Imigresen,Over/Under Goals,Under 3.5,1.48,,,WON,
2026-02-21T14:00:00+00:00,Svenska Cupen,Djurgardens IF,Falkenbergs FF,Over/Under Goals,Under 3.5,1.61,,,WON,
2026-02-21T14:00:00+00:00,Svenska Cupen,Osters IF,Orebro SK,Over/Under Goals,Under 3.5,1.57,,,LOST,
2026-02-21T14:30:00+00:00,Bundesliga 1,1. FC Köln,1899 Hoffenheim,Over/Under Goals,Over 1.5,1.18,,,WON,
2026-02-21T14:30:00+00:00,Bundesliga 1,Bayern München,Eintracht Frankfurt,1X2 / Match Winner,Home,1.2,,,WON,
2026-02-21T14:30:00+00:00,Bundesliga 1,Union Berlin,Bayer Leverkusen,Over/Under Goals,Over 1.5,1.3,,,LOST,
2026-02-21T14:30:00+00:00,Bundesliga 1,VfL Wolfsburg,FC Augsburg,Over/Under Goals,Under 3.5,1.48,,,LOST,
2026-02-21T14:30:00+00:00,Premier League,Barry Town,GAP Connah S Quay FC,Over/Under Goals,Under 3.5,1.35,,,WON,
2026-02-21T14:30:00+00:00,Premier League,Colwyn Bay,Penybont,Double Chance,Draw/Away,1.45,,,LOST,
2026-02-21T14:30:00+00:00,Premier League,Flint Town United,Cardiff MET,Over/Under Goals,Under 3.5,1.3,,,WON,
2026-02-21T14:30:00+00:00,Super Liga,AS Trencin,Zemplín Michalovce,Over/Under Goals,Under 3.5,1.38,,,WON,
2026-02-21T14:30:00+00:00,Super Liga,Dunajska Streda,Skalica,Over/Under Goals,Under 3.5,1.36,,,LOST,
2026-02-21T14:30:00+00:00,Super Liga,Tatran Prešov,Komárno,Over/Under Goals,Under 3.5,1.33,,,WON,
2026-02-21T15:00:00+00:00,1. Division,Apollon Limassol,Ethnikos Achna,Over/Under Goals,Under 3.5,1.4,,,WON,
2026-02-21T15:00:00+00:00,1. Liga Promotion,Cham,FC Schaffhausen,Over/Under Goals,Under 3.5,1.39,,,WON,
2026-02-21T15:00:00+00:00,Botola 2,Racing de Casablanca,Mouloudia Oujda,Over/Under Goals,Under 2.5,1.44,,,LOST,
2026-02-21T15:00:00+00:00,Championship,Arbroath,Dunfermline,Over/Under Goals,Under 3.5,1.22,,,LOST,
2026-02-21T15:00:00+00:00,Championship,Armagh City,Newington Youth,Over/Under Goals,Under 3.5,2.38,,,WON,
2026-02-21T15:00:00+00:00,Championship,Ayr Utd,Ross County,Over/Under Goals,Under 3.5,1.35,,,WON,
2026-02-21T15:00:00+00:00,Championship,Ballinamallard United,Annagh United,Over/Under Goals,Under 2.5,2.1,,,WON,
2026-02-21T15:00:00+00:00,Championship,H&W Welders,Institute,1X2 / Match Winner,Home,1.29,,,LOST,
2026-02-21T15:00:00+00:00,Championship,Limavady United,Loughgall,Asian Handicap,Away -1.25,1.45,,,WON,
2026-02-21T15:00:00+00:00,Championship,Middlesbrough,Oxford United,1X2 / Match Winner,Home,1.4,,,LOST,
2026-02-21T15:00:00+00:00,Championship,Millwall,Portsmouth,Double Chance,Home/Draw,1.17,,,LOST,
2026-02-21T15:00:00+00:00,Championship,Norwich,Birmingham,Over/Under Goals,Under 3.5,1.33,,,WON,
2026-02-21T15:00:00+00:00,Championship,Partick,Airdrie United,1X2 / Match Winner,Home,1.61,,,WON,
2026-02-21T15:00:00+00:00,Championship,Queen's Park,Morton,Asian Handicap,Home +0.5,1.5,,,WON,
2026-02-21T15:00:00+00:00,Championship,Southampton,Charlton,Over/Under Goals,Over 1.5,1.25,,,WON,
2026-02-21T15:00:00+00:00,Championship,Warrenpoint Town,Dundela,Asian Handicap,Away -1.25,1.65,,,LOST,
2026-02-21T15:00:00+00:00,Championship,Watford,Derby,Over/Under Goals,Under 3.5,1.25,,,WON,
2026-02-21T15:00:00+00:00,Championship,Wrexham,Ipswich,Double Chance,Home/Draw,1.7,,,WON,
2026-02-21T15:00:00+00:00,Football League - Lowland League,Cumbernauld Colts,Albion Rovers,1X2 / Match Winner,Home,1.65,,,WON,
2026-02-21T15:00:00+00:00,Football League - Lowland League,East Stirlingshire,Berwick Rangers,Asian Handicap,Home +1.25,1.42,,,LOST,
2026-02-21T15:00:00+00:00,Football League - Lowland League,Stirling University,Bonnyrigg Rose Athletic,Double Chance,Draw/Away,1.15,,,WON,
2026-02-21T15:00:00+00:00,Jupiler Pro League,Dender,St. Truiden,Over/Under Goals,Under 3.5,1.36,,,LOST,
2026-02-21T15:00:00+00:00,Júniores U19,Belenenses U19,Tondela U19,Over/Under Goals,Under 3.5,1.16,,,WON,
2026-02-21T15:00:00+00:00,Júniores U19,Chaves U19,Sporting Braga U19,Over/Under Goals,Under 3.5,1.45,,,WON,
2026-02-21T15:00:00+00:00,Júniores U19,Famalicão U19,Santa Clara U19,Over/Under Goals,Under 3.5,1.24,,,WON,
2026-02-21T15:00:00+00:00,Júniores U19,Mafra U19,Alverca U19,Over/Under Goals,Under 3.5,1.24,,,LOST,
2026-02-21T15:00:00+00:00,League One,AFC Wimbledon,Bradford,Over/Under Goals,Over 1.5,1.4,,,WON,
2026-02-21T15:00:00+00:00,League One,Alloa Athletic,Hamilton Academical,Over/Under Goals,Under 3.5,1.36,,,WON,
2026-02-21T15:00:00+00:00,League One,Bolton,Blackpool,Over/Under Goals,Over 1.5,1.22,,,WON,
2026-02-21T15:00:00+00:00,League One,Cove Rangers,Kelty Hearts,Over/Under Goals,Over 1.5,1.28,,,WON,
2026-02-21T15:00:00+00:00,League One,Huddersfield,Barnsley,Team Total Goals,Over 0.5,1.4,,,WON,
2026-02-21T15:00:00+00:00,League One,Inverness CT,Stenhousemuir,Over/Under Goals,Under 3.5,1.25,,,WON,
2026-02-21T15:00:00+00:00,League One,Luton,Burton Albion,Team Total Goals,Over 0.5,1.15,,,WON,
2026-02-21T15:00:00+00:00,League One,Mansfield Town,Lincoln,Over/Under Goals,Under 3.5,1.28,,,WON,
2026-02-21T15:00:00+00:00,League One,Montrose,Queen of the South,Double Chance,Home/Draw,1.62,,,WON,
2026-02-21T15:00:00+00:00,League One,Northampton,Leyton Orient,Double Chance,Home/Draw,1.57,,,LOST,
2026-02-21T15:00:00+00:00,League One,Peterborough,Exeter City,Over/Under Goals,Under 3.5,1.44,,,LOST,
2026-02-21T15:00:00+00:00,League One,Peterhead,East Fife,Over/Under Goals,Under 3.5,1.36,,,LOST,
2026-02-21T15:00:00+00:00,League One,Port Vale,Reading,Over/Under Goals,Over 1.5,1.33,,,WON,
2026-02-21T15:00:00+00:00,League One,Stockport County,Wigan,Over/Under Goals,Under 3.5,1.3,,,LOST,
2026-02-21T15:00:00+00:00,League Two,Accrington ST,Shrewsbury,Over/Under Goals,Under 3.5,1.25,,,WON,
2026-02-21T15:00:00+00:00,League Two,Bristol Rovers,Grimsby,Double Chance,Home/Draw,1.5,,,WON,
2026-02-21T15:00:00+00:00,League Two,Cheltenham,Salford City,Over/Under Goals,Under 3.5,1.36,,,LOST,
2026-02-21T15:00:00+00:00,League Two,Clyde,Edinburgh City,Over/Under Goals,Under 3.5,1.5,,,LOST,
2026-02-21T15:00:00+00:00,League Two,Colchester,Barnet,Over/Under Goals,Under 3.5,1.28,,,LOST,
2026-02-21T15:00:00+00:00,League Two,Crawley Town,Chesterfield,Over/Under Goals,Under 3.5,1.4,,,WON,
2026-02-21T15:00:00+00:00,League Two,East Kilbride,Dumbarton,Over/Under Goals,Over 1.5,1.17,,,WON,
2026-02-21T15:00:00+00:00,League Two,Elgin City,Stirling Albion,Over/Under Goals,Under 3.5,1.53,,,WON,
2026-02-21T15:00:00+00:00,League Two,Forfar Athletic,Annan Athletic,Over/Under Goals,Under 3.5,1.36,,,WON,
2026-02-21T15:00:00+00:00,League Two,Gillingham,Oldham,Asian Handicap,Home +0,1.55,,,LOST,
2026-02-21T15:00:00+00:00,League Two,Harrogate Town,Bromley,Double Chance,Draw/Away,1.17,,,WON,
2026-02-21T15:00:00+00:00,League Two,Notts County,Tranmere,Team Total Goals,Over 0.5,1.15,,,WON,
2026-02-21T15:00:00+00:00,League Two,Stranraer,Spartans,Over/Under Goals,Under 3.5,1.33,,,WON,
2026-02-21T15:00:00+00:00,Liga 3,Amarante,Mafra,Over/Under Goals,Under 3.5,1.15,,,WON,
2026-02-21T15:00:00+00:00,Liga 3,São João Ver,Fafe,Over/Under Goals,Under 3.5,1.2,,,WON,
2026-02-21T15:00:00+00:00,National League - North,Alfreton Town,Merthyr Town,Over/Under Goals,Over 1.5,1.17,,,WON,
2026-02-21T15:00:00+00:00,National League - North,Bedford Town,Chorley,Double Chance,Home/Draw,1.67,,,WON,
2026-02-21T15:00:00+00:00,National League - North,Buxton,AFC Fylde,Over/Under Goals,Under 3.5,1.44,,,WON,
2026-02-21T15:00:00+00:00,National League - North,Curzon Ashton,Worksop Town,Over/Under Goals,Under 3.5,1.44,,,LOST,
2026-02-21T15:00:00+00:00,National League - North,Hereford,Scarborough Athletic,Double Chance,Draw/Away,1.4,,,WON,
2026-02-21T15:00:00+00:00,National League - North,Kidderminster Harriers,Southport,Over/Under Goals,Under 3.5,1.25,,,WON,
2026-02-21T15:00:00+00:00,National League - North,Leamington,Chester,Over/Under Goals,Under 3.5,1.33,,,WON,
2026-02-21T15:00:00+00:00,National League - North,Macclesfield,King's Lynn Town,Double Chance,Home/Draw,1.15,,,WON,
2026-02-21T15:00:00+00:00,National League - North,Oxford City,Marine,Over/Under Goals,Under 3.5,1.22,,,WON,
2026-02-21T15:00:00+00:00,National League - North,Radcliffe,Peterborough Sports,Over/Under Goals,Under 3.5,1.5,,,WON,
2026-02-21T15:00:00+00:00,National League - South,AFC Totton,AFC Hornchurch,Double Chance,Home/Draw,1.5,,,WON,
2026-02-21T15:00:00+00:00,National League - South,Bath City,Hampton & Richmond,Double Chance,Draw/Away,1.67,,,WON,
2026-02-21T15:00:00+00:00,National League - South,Chelmsford City,Salisbury,Asian Handicap,Away -1.25,1.55,,,WON,
2026-02-21T15:00:00+00:00,National League - South,Chesham United,Ebbsfleet United,Double Chance,Home/Draw,1.55,,,WON,
2026-02-21T15:00:00+00:00,National League - South,Dover,Weston-super-Mare,Over/Under Goals,Under 3.5,1.36,,,WON,
2026-02-21T15:00:00+00:00,National League - South,Eastbourne Borough,Torquay,Team Total Goals,Over 0.5,1.17,,,WON,
2026-02-21T15:00:00+00:00,National League - South,Farnborough,Enfield Town,BTTS,Yes,1.53,,,LOST,
2026-02-21T15:00:00+00:00,National League - South,Horsham,Hemel Hempstead Town,Over/Under Goals,Under 3.5,1.25,,,WON,
2026-02-21T15:00:00+00:00,National League - South,Maidenhead,Dagenham & Redbridge,Over/Under Goals,Under 3.5,1.3,,,WON,
2026-02-21T15:00:00+00:00,National League - South,Maidstone Utd,Dorking Wanderers,Team Total Goals,Under 2.5,1.15,,,WON,
2026-02-21T15:00:00+00:00,National League,Aldershot Town,Scunthorpe,Double Chance,Home/Draw,1.57,,,WON,
2026-02-21T15:00:00+00:00,National League,Altrincham,Braintree,Over/Under Goals,Under 3.5,1.44,,,WON,
2026-02-21T15:00:00+00:00,National League,Boreham Wood,Forest Green,Over/Under Goals,Over 1.5,1.2,,,WON,
2026-02-21T15:00:00+00:00,National League,Boston United,Tamworth,Over/Under Goals,Under 3.5,1.33,,,WON,
2026-02-21T15:00:00+00:00,National League,Brackley Town,Southend,Over/Under Goals,Under 3.5,1.36,,,WON,
2026-02-21T15:00:00+00:00,National League,Carlisle,Yeovil Town,Over/Under Goals,Under 3.5,1.4,,,WON,
2026-02-21T15:00:00+00:00,National League,Morecambe,Eastleigh,Double Chance,Home/Draw,1.4,,,WON,
2026-02-21T15:00:00+00:00,National League,Rochdale,Woking,Over/Under Goals,Over 1.5,1.28,,,WON,
2026-02-21T15:00:00+00:00,National League,Solihull Moors,Hartlepool,Asian Handicap,Home +0.25,1.45,,,LOST,
2026-02-21T15:00:00+00:00,National League,Sutton Utd,Wealdstone,Over/Under Goals,Under 3.5,1.4,,,WON,
2026-02-21T15:00:00+00:00,Non League Premier - Isthmian,Aveley,Potters Bar Town,1X2 / Match Winner,Home,1.31,,,WON,
2026-02-21T15:00:00+00:00,Non League Premier - Isthmian,Brentwood Town,Whitehawk,Over/Under Goals,Under 3.5,1.44,,,LOST,
2026-02-21T15:00:00+00:00,Non League Premier - Isthmian,Carshalton Athletic,Ramsgate,Over/Under Goals,Under 3.5,1.43,,,WON,
2026-02-21T15:00:00+00:00,Non League Premier - Isthmian,Chatham Town,Welling United,Over/Under Goals,Under 3.5,1.48,,,LOST,
2026-02-21T15:00:00+00:00,Non League Premier - Isthmian,Cheshunt,Lewes,Team Total Goals,Over 1.5,1.56,,,LOST,
2026-02-21T15:00:00+00:00,Non League Premier - Isthmian,Chichester City,Canvey Island,Over/Under Goals,Under 3.5,1.39,,,WON,
2026-02-21T15:00:00+00:00,Non League Premier - Isthmian,Cray Valley PM,Dulwich Hamlet,Double Chance,Home/Draw,1.44,,,LOST,
2026-02-21T15:00:00+00:00,Non League Premier - Isthmian,Dartford,Cray Wanderers,Over/Under Goals,Under 3.5,1.44,,,WON,
2026-02-21T15:00:00+00:00,Non League Premier - Isthmian,Folkestone Invicta,Hashtag United,Result + Total Goals,Home/Over 1.5,1.44,,,LOST,
2026-02-21T15:00:00+00:00,Non League Premier - Isthmian,St Albans City,Billericay Town,Double Chance,Draw/Away,1.5,,,LOST,
2026-02-21T15:00:00+00:00,Non League Premier - Northern,Ashton United,Stockton Town,Over/Under Goals,Under 3.5,1.27,,,WON,
2026-02-21T15:00:00+00:00,Non League Premier - Northern,Bamber Bridge,Whitby Town,Over/Under Goals,Under 3.5,1.33,,,WON,
2026-02-21T15:00:00+00:00,Non League Premier - Northern,Cleethorpes Town,Rushall Olympic,Over/Under Goals,Under 3.5,1.32,,,WON,
2026-02-21T15:00:00+00:00,Non League Premier - Northern,Guiseley AFC,Warrington Town,Over/Under Goals,Under 3.5,1.21,,,LOST,
2026-02-21T15:00:00+00:00,Non League Premier - Northern,Hednesford Town,Lancaster City,Over/Under Goals,Under 3.5,1.24,,,WON,
2026-02-21T15:00:00+00:00,Non League Premier - Northern,Leek Town,Hebburn Town,Over/Under Goals,Under 3.5,1.31,,,WON,
2026-02-21T15:00:00+00:00,Non League Premier - Northern,Rylands,Ilkeston Town,Over/Under Goals,Under 3.5,1.27,,,LOST,
2026-02-21T15:00:00+00:00,Non League Premier - Northern,Stocksbridge Park Steels,Prescot Cables,Over/Under Goals,Under 3.5,1.21,,,WON,
2026-02-21T15:00:00+00:00,Non League Premier - Northern,United of Manchester,Gainsborough Trinity,Double Chance,Draw/Away,1.62,,,WON,
2026-02-21T15:00:00+00:00,Non League Premier - Northern,Workington,Morpeth Town,Over/Under Goals,Under 3.5,1.18,,,WON,
2026-02-21T15:00:00+00:00,Non League Premier - Southern Central,AFC Sudbury,Leiston,Over/Under Goals,Under 3.5,1.39,,,WON,
2026-02-21T15:00:00+00:00,Non League Premier - Southern Central,Alvechurch,Redditch United,Double Chance,Draw/Away,1.6,,,WON,
2026-02-21T15:00:00+00:00,Non League Premier - Southern Central,Barwell,Stamford,Double Chance,Draw/Away,1.6,,,LOST,
2026-02-21T15:00:00+00:00,Non League Premier - Southern Central,Bishop's Stortford,St Ives Town,Over/Under Goals,Over 1.5,1.16,,,LOST,
2026-02-21T15:00:00+00:00,Non League Premier - Southern Central,Bury Town,Needham Market,Over/Under Goals,Under 3.5,1.37,,,WON,
2026-02-21T15:00:00+00:00,Non League Premier - Southern Central,Halesowen Town,Quorn,Over/Under Goals,Under 3.5,1.43,,,LOST,
2026-02-21T15:00:00+00:00,Non League Premier - Southern Central,Royston Town,Spalding United,Over/Under Goals,Under 3.5,1.61,,,WON,
2026-02-21T15:00:00+00:00,Non League Premier - Southern Central,Stourbridge,Real Bedford,Over/Under Goals,Under 3.5,1.38,,,WON,
2026-02-21T15:00:00+00:00,Non League Premier - Southern Central,Stratford Town,Harborough Town,Over/Under Goals,Under 3.5,1.33,,,WON,
2026-02-21T15:00:00+00:00,Non League Premier - Southern South,Evesham United,Sholing,Over/Under Goals,Under 3.5,1.36,,,WON,
2026-02-21T15:00:00+00:00,Non League Premier - Southern South,Gloucester City,Wimborne Town,Over/Under Goals,Under 3.5,1.38,,,LOST,
2026-02-21T15:00:00+00:00,Non League Premier - Southern South,Gosport Borough,Dorchester Town,Over/Under Goals,Under 3.5,1.4,,,LOST,
2026-02-21T15:00:00+00:00,Non League Premier - Southern South,Hanwell Town,Bracknell Town,Over/Under Goals,Under 3.5,1.35,,,WON,
2026-02-21T15:00:00+00:00,Non League Premier - Southern South,Havant & Wville,Tiverton Town,Team Total Goals,Under 2.5,1.66,,,LOST,
2026-02-21T15:00:00+00:00,Non League Premier - Southern South,Poole Town,Berkhamsted,Over/Under Goals,Under 3.5,1.43,,,LOST,
2026-02-21T15:00:00+00:00,Non League Premier - Southern South,Taunton Town,Hungerford Town,Over/Under Goals,Over 1.5,1.18,,,WON,
2026-02-21T15:00:00+00:00,Non League Premier - Southern South,Uxbridge,Weymouth,Double Chance,Draw/Away,1.6,,,LOST,
2026-02-21T15:00:00+00:00,Non League Premier - Southern South,Walton & Hersham,Basingstoke Town,Over/Under Goals,Under 3.5,1.57,,,LOST,
2026-02-21T15:00:00+00:00,Premier League,Aston Villa,Leeds,Team Total Goals,Over 0.5,1.17,,,WON,
2026-02-21T15:00:00+00:00,Premier League,Brentford,Brighton,Over/Under Goals,Under 3.5,1.4,,,WON,
2026-02-21T15:00:00+00:00,Premier League,Chelsea,Burnley,Over/Under Goals,Over 1.5,1.15,,,WON,
2026-02-21T15:00:00+00:00,Premier League,Ethiopia Nigd Bank,Fasil Ketema,Double Chance,Home/Draw,1.52,,,WON,
2026-02-21T15:00:00+00:00,Premier League,Ethiopian Medhin,Adama Kenema,Over/Under Goals,Under 2.5,1.33,,,WON,
2026-02-21T15:00:00+00:00,Premiership,Aberdeen,Dundee,Over/Under Goals,Under 3.5,1.3,,,LOST,
2026-02-21T15:00:00+00:00,Premiership,Bangor,Glenavon FC,Team Total Goals,Over 0.5,1.2,,,WON,
2026-02-21T15:00:00+00:00,Premiership,Cliftonville FC,Crusaders FC,1X2 / Match Winner,Home,1.52,,,WON,
2026-02-21T15:00:00+00:00,Premiership,Dundee Utd,Kilmarnock,BTTS,Yes,1.67,,,WON,
2026-02-21T15:00:00+00:00,Premiership,Heart Of Midlothian,Falkirk,1X2 / Match Winner,Home,1.62,,,WON,
2026-02-21T15:00:00+00:00,Premijer Liga,Rudar Prijedor,Radnik Bijeljina,Over/Under Goals,Under 2.5,1.5,,,WON,
2026-02-21T15:00:00+00:00,Primera B,Santiago Wanderers,Recoleta,Over/Under Goals,Under 3.5,1.29,,,WON,
2026-02-21T15:00:00+00:00,Primera Division,Huachipato,Palestino,Over/Under Goals,Under 3.5,1.19,,,WON,
2026-02-21T15:00:00+00:00,Regionalliga - West,Bochum II,Schalke 04 II,Asian Handicap,Home +1.25,1.48,,,LOST,
2026-02-21T15:00:00+00:00,Segunda División RFEF - Group 5,Colonia Moscardó,CD Coria,Over/Under Goals,Under 3.5,1.29,,,WON,
2026-02-21T15:00:00+00:00,Super League 1,Asteras Tripolis,Atromitos,Over/Under Goals,Under 3.5,1.18,,,WON,
2026-02-21T15:00:00+00:00,Super League 1,Olympiakos Piraeus,Panetolikos,Over/Under Goals,Under 3.5,1.7,,,WON,
2026-02-21T15:00:00+00:00,Super Liga,Vojvodina,Novi Pazar,Over/Under Goals,Under 3.5,1.36,,,WON,
2026-02-21T15:15:00+00:00,La Liga,Real Betis,Rayo Vallecano,Asian Handicap,Home +0,1.4,,,WON,
2026-02-21T15:15:00+00:00,NB I,Kazincbarcikai,Puskas Academy,Over/Under Goals,Under 3.5,1.33,,,WON,
2026-02-21T15:15:00+00:00,Segunda Division,Deportivo La Coruna,Eibar,Over/Under Goals,Under 3.5,1.2,,,WON,
2026-02-21T15:15:00+00:00,Segunda Division,Huesca,Mirandes,Over/Under Goals,Under 3.5,1.18,,,WON,
2026-02-21T15:30:00+00:00,1st Division,Skenderbeu Korce,FK Kukesi,1X2 / Match Winner,Home,1.17,,,WON,
2026-02-21T15:30:00+00:00,3. Liga,SSV Ulm 1846,FC Saarbrücken,Over/Under Goals,Under 3.5,1.44,,,WON,
2026-02-21T15:30:00+00:00,Eerste Divisie,FC Eindhoven,Almere City FC,Over/Under Goals,Under 3.5,1.62,,,LOST,
2026-02-21T15:30:00+00:00,First League,CSKA Sofia,Slavia Sofia,Over/Under Goals,Under 2.5,1.85,,,WON,
2026-02-21T15:30:00+00:00,Júniores U19,Vitoria Guimaraes U19,Vizela U19,Over/Under Goals,Under 3.5,1.4,,,LOST,
2026-02-21T15:30:00+00:00,Ligat Ha'al,Maccabi Haifa,Hapoel Petah Tikva,1X2 / Match Winner,Home,1.6,,,LOST,
2026-02-21T15:30:00+00:00,Primeira Liga,Alverca,Santa Clara,Over/Under Goals,Under 3.5,1.17,,,WON,
2026-02-21T15:30:00+00:00,Primeira Liga,Arouca,Nacional,Over/Under Goals,Under 3.5,1.33,,,WON,
2026-02-21T15:30:00+00:00,Super League Women,Westerlo W,Zulte-Waregem W,Over/Under Goals,Under 3.5,1.28,,,LOST,
2026-02-21T16:00:00+00:00,1. Division,Olympiakos,Akritas,Asian Handicap,Home +0,1.4,,,LOST,
2026-02-21T16:00:00+00:00,1. Division,Pafos,Anorthosis,1X2 / Match Winner,Home,1.47,,,LOST,
2026-02-21T16:00:00+00:00,1. Liga Promotion,Luzern II,Paradiso,Over/Under Goals,Under 3.5,1.68,,,LOST,
2026-02-21T16:00:00+00:00,First League,Mornar,Arsenal Tivat,Over/Under Goals,Under 3.5,1.17,,,WON,
2026-02-21T16:00:00+00:00,League Cup,Valur Reykjavik,Afturelding,Over/Under Goals,Under 3.5,1.7,,,LOST,
2026-02-21T16:00:00+00:00,Liga I,CFR 1907 Cluj,Petrolul Ploiesti,1X2 / Match Winner,Home,1.64,,,WON,
2026-02-21T16:00:00+00:00,Liga Premier Serie A,Correcaminos UAT II,Gavilanes FC Matamoros,Over/Under Goals,Under 3.5,1.2,,,WON,
2026-02-21T16:00:00+00:00,Ligue 1,Lens,Monaco,Over/Under Goals,Under 3.5,1.62,,,LOST,
2026-02-21T16:00:00+00:00,National 2 - Group C,Limonest,Hyères,Double Chance,Home/Draw,1.57,,,WON,
2026-02-21T16:00:00+00:00,Regionalliga - Ost,Wiener Viktoria,Leobendorf,Double Chance,Draw/Away,1.7,,,WON,
2026-02-21T16:00:00+00:00,Segunda División RFEF - Group 2,Tudelano,Utebo,Over/Under Goals,Under 3.5,1.23,,,WON,
2026-02-21T16:00:00+00:00,Segunda División RFEF - Group 5,SS Reyes,Quintanar del Rey,Over/Under Goals,Under 3.5,1.21,,,LOST,
2026-02-21T16:00:00+00:00,Svenska Cupen,IFK Norrkoping,Sandviken,Over/Under Goals,Over 1.5,1.15,,,WON,
2026-02-21T16:00:00+00:00,Svenska Cupen,Sirius,GIF Sundsvall,Team Total Goals,Over 1.5,1.25,,,WON,
2026-02-21T16:00:00+00:00,Tipp3 Bundesliga,Rapid Vienna,Wolfsberger AC,Over/Under Goals,Under 3.5,1.38,,,WON,
2026-02-21T16:00:00+00:00,Tipp3 Bundesliga,SCR Altach,Austria Vienna,Over/Under Goals,Under 3.5,1.2,,,WON,
2026-02-21T16:00:00+00:00,Tipp3 Bundesliga,TSV Hartberg,Grazer AK,Over/Under Goals,Under 3.5,1.25,,,WON,
2026-02-21T16:15:00+00:00,Prva HNL,NK Lokomotiva Zagreb,NK Osijek,Asian Handicap,Home +0.25,1.5,,,WON,
2026-02-21T16:15:00+00:00,Serie B,Cesena,Spezia,Over/Under Goals,Under 3.5,1.22,,,LOST,
2026-02-21T16:30:00+00:00,1. Liga Promotion,SC Kriens,Lugano II,Team Total Goals,Under 2.5,1.82,,,LOST,
2026-02-21T16:30:00+00:00,1. Liga Promotion,Vevey Sports,Bavois,Over/Under Goals,Over 1.5,1.15,,,WON,
2026-02-21T16:30:00+00:00,1. SNL,Radomlje,Primorje,Over/Under Goals,Over 1.5,1.2,,,WON,
2026-02-21T16:30:00+00:00,Ligat Ha'al,Hapoel Katamon,Ironi Kiryat Shmona,Double Chance,Home/Draw,1.48,,,LOST,
2026-02-21T16:30:00+00:00,Serie C - Girone A,Alcione,Pergolettese,Over/Under Goals,Under 3.5,1.16,,,WON,
2026-02-21T16:30:00+00:00,Serie C - Girone A,Renate,Inter U23,Over/Under Goals,Over 1.5,1.43,,,WON,
2026-02-21T16:30:00+00:00,Serie C - Girone A,Triestina,Cittadella,Double Chance,Home/Draw,1.58,,,LOST,
2026-02-21T16:30:00+00:00,Serie C - Girone B,Ravenna,Sambenedettese,Over/Under Goals,Under 3.5,1.24,,,WON,
2026-02-21T16:30:00+00:00,Serie C - Girone C,Casertana,AZ Picerno,Over/Under Goals,Under 3.5,1.25,,,WON,
2026-02-21T16:45:00+00:00,Ekstraklasa,Gornik Zabrze,Pogon Szczecin,Over/Under Goals,Under 3.5,1.42,,,WON,
2026-02-21T17:00:00+00:00,1. Liga Promotion,Zürich II,Basel II,Over/Under Goals,Under 3.5,1.7,,,WON,
2026-02-21T17:00:00+00:00,3. Lig - Group 4,Altay,Tire 2021 FK,Double Chance,Draw/Away,1.4,,,WON,
2026-02-21T17:00:00+00:00,Czech Liga,Slavia Praha,Slovan Liberec,1X2 / Match Winner,Home,1.4,,,WON,
2026-02-21T17:00:00+00:00,Liga Premier Serie A,Leones Negros,Acatlan,1X2 / Match Winner,Home,1.28,,,WON,
2026-02-21T17:00:00+00:00,National 2 - Group B,Feignies-Aulnoye,Epinal,Over/Under Goals,Under 2.5,1.62,,,LOST,
2026-02-21T17:00:00+00:00,National 2 - Group C,Toulon,Chasselay MDA,Double Chance,Home/Draw,1.36,,,WON,
2026-02-21T17:00:00+00:00,Segunda División RFEF - Group 2,Real Unión,Eibar II,Over/Under Goals,Under 3.5,1.18,,,WON,
2026-02-21T17:00:00+00:00,Serie A,Lecce,Inter,Over/Under Goals,Under 3.5,1.3,,,WON,
2026-02-21T17:00:00+00:00,Super League,Servette FC,FC ST. Gallen,Over/Under Goals,Over 1.5,1.2,,,WON,
2026-02-21T17:00:00+00:00,Super Lig,Konyaspor,Galatasaray,1X2 / Match Winner,Away,1.52,,,LOST,
2026-02-21T17:00:00+00:00,Super Liga,Spartak Trnava,Podbrezová,Over/Under Goals,Under 3.5,1.42,,,LOST,
2026-02-21T17:15:00+00:00,Jupiler Pro League,Club Brugge KV,OH Leuven,Over/Under Goals,Over 1.5,1.18,,,WON,
2026-02-21T17:15:00+00:00,Primera División Femenina,Granada,Barcelona W,Over/Under Goals,Under 3.5,2.62,,,WON,
2026-02-21T17:30:00+00:00,Bundesliga 1,RB Leipzig,Borussia Dortmund,Asian Handicap,Home +0,1.65,,,WON,
2026-02-21T17:30:00+00:00,La Liga,Osasuna,Real Madrid,Over/Under Goals,Over 1.5,1.22,,,WON,
2026-02-21T17:30:00+00:00,Liga 3,Varzim,Trofense,Over/Under Goals,Under 3.5,1.16,,,WON,
2026-02-21T17:30:00+00:00,Ligat Ha'al,Bnei Sakhnin,Hapoel Tel Aviv,Over/Under Goals,Over 1.5,1.33,,,LOST,
2026-02-21T17:30:00+00:00,Ligat Ha'al,Ironi Tiberias,Maccabi Bnei Raina,Over/Under Goals,Under 3.5,1.38,,,WON,
2026-02-21T17:30:00+00:00,NB I,Ujpest,Diosgyori VTK,Over/Under Goals,Under 3.5,1.45,,,WON,
2026-02-21T17:30:00+00:00,Premier League,West Ham,Bournemouth,Over/Under Goals,Over 1.5,1.18,,,LOST,
2026-02-21T17:30:00+00:00,Premiership,Portadown,Dungannon Swifts,Asian Handicap,Home +0.25,1.7,,,WON,
2026-02-21T17:30:00+00:00,Premijer Liga,FK Sarajevo,Posušje,Over/Under Goals,Under 3.5,1.25,,,WON,
2026-02-21T17:30:00+00:00,Primera División RFEF - Group 1,Arenteiro,Tenerife,Over/Under Goals,Under 3.5,1.18,,,WON,
2026-02-21T17:30:00+00:00,Primera División RFEF - Group 1,Pontevedra,Lugo,Over/Under Goals,Under 3.5,1.16,,,WON,
2026-02-21T17:30:00+00:00,Primera División RFEF - Group 1,Unionistas de Salamanca,Arenas Getxo,Over/Under Goals,Under 3.5,1.17,,,WON,
2026-02-21T17:30:00+00:00,Pro League,Al-Ittihad Kalba,Dibba Al-Fujairah,Team Total Goals,Over 0.5,1.18,,,WON,
2026-02-21T17:30:00+00:00,Pro League,Al-Wasl FC,Al Bataeh,Over/Under Goals,Under 3.5,1.44,,,WON,
2026-02-21T17:30:00+00:00,Segunda Division,Almeria,Cordoba,Over/Under Goals,Over 2.5,1.65,,,WON,
2026-02-21T17:45:00+00:00,Eredivisie,PSV Eindhoven,Heerenveen,Result + Total Goals,Home/Over 1.5,1.42,,,WON,
2026-02-21T17:45:00+00:00,Segunda División RFEF - Group 3,Barcelona B,Alcoyano,Over/Under Goals,Under 3.5,1.22,,,WON,
2026-02-21T18:00:00+00:00,Division 1,Al Fujairah SC,Hatta SC,Over/Under Goals,Under 3.5,1.28,,,WON,
2026-02-21T18:00:00+00:00,Division 1,Al Jazira Al Hamra,Dibba Al Hisn,Over/Under Goals,Under 3.5,1.45,,,WON,
2026-02-21T18:00:00+00:00,Division 1,Dubai City,Dubai United,Over/Under Goals,Under 3.5,1.62,,,WON,
2026-02-21T18:00:00+00:00,Division 1,Majd,Emirates Club,Over/Under Goals,Under 3.5,1.5,,,WON,
2026-02-21T18:00:00+00:00,Ligue 1,Toulouse,Paris FC,Over/Under Goals,Under 3.5,1.22,,,WON,
2026-02-21T18:00:00+00:00,National 2 - Group B,Thionville Lusitanos,Biesheim,Team Total Goals,Over 0.5,1.16,,,WON,
2026-02-21T18:00:00+00:00,Premiership,Linfield,Glentoran,Over/Under Goals,Under 3.5,1.28,,,WON,
2026-02-21T18:00:00+00:00,Primeira Liga,Benfica,AVS,Over/Under Goals,Under 3.5,1.9,,,WON,
2026-02-21T18:00:00+00:00,Primeira Liga,Moreirense,Sporting CP,Over/Under Goals,Under 3.5,1.5,,,WON,
2026-02-21T18:00:00+00:00,Primera Division,FC Cajamarca,FBC Melgar,Over/Under Goals,Over 1.5,1.33,,,WON,
2026-02-21T18:00:00+00:00,Segunda Liga,Oliveirense,União de Leiria,Double Chance,Home/Draw,1.6,,,LOST,
2026-02-21T18:00:00+00:00,Super League Women,Standard Liege W,OH Leuven W,Double Chance,Draw/Away,1.15,,,WON,
2026-02-21T18:30:00+00:00,Division 1,Al Sahel,Al Sulaibikhat,Team Total Goals,Under 2.5,1.18,,,WON,
2026-02-21T18:30:00+00:00,Division 1,Shamiya,Burgan,Over/Under Goals,Under 3.5,1.49,,,WON,
2026-02-21T18:30:00+00:00,First Amateur Division,Dessel Sport,Houtvenne,Over/Under Goals,Under 3.5,1.63,,,LOST,
2026-02-21T18:30:00+00:00,I Liga,Miedz Legnica,Chrobry Głogów,BTTS,Yes,1.7,,,LOST,
2026-02-21T18:30:00+00:00,I Liga,Ruch Chorzów,Polonia Warszawa,Double Chance,Draw/Away,1.57,,,WON,
2026-02-21T18:30:00+00:00,I Liga,Znicz Pruszków,Pogoń Grod. Mazowiecki,Over/Under Goals,Under 3.5,1.52,,,WON,
2026-02-21T18:30:00+00:00,Liga I,Rapid,Dinamo Bucuresti,Over/Under Goals,Under 3.5,1.25,,,WON,
2026-02-21T18:30:00+00:00,Serie B,Carrarese,Monza,Over/Under Goals,Over 1.5,1.36,,,LOST,
2026-02-21T18:30:00+00:00,Stars League,Al-Duhail SC,Al-Arabi SC,Over/Under Goals,Under 3.5,1.7,,,WON,
2026-02-21T18:45:00+00:00,League,Al Hussein,Al Wihdat,Over/Under Goals,Under 3.5,1.23,,,WON,
2026-02-21T19:00:00+00:00,Challenger Pro League,AS Eupen,Francs Borains,Over/Under Goals,Under 3.5,1.33,,,WON,
2026-02-21T19:00:00+00:00,Challenger Pro League,K. Lierse S.K.,KAA Gent II,Over/Under Goals,Under 3.5,1.36,,,LOST,
2026-02-21T19:00:00+00:00,Challenger Pro League,Lokeren-Temse,Lommel United,Over/Under Goals,Under 3.5,1.36,,,LOST,
2026-02-21T19:00:00+00:00,Eredivisie,NAC Breda,FC Volendam,Double Chance,Home/Draw,1.15,,,WON,
2026-02-21T19:00:00+00:00,First Amateur Division,Sporting Hasselt,Tienen,Over/Under Goals,Under 3.5,1.47,,,WON,
2026-02-21T19:00:00+00:00,First Amateur Division,Spouwen-Mopertingen,Thes Sport,Over/Under Goals,Under 3.5,1.3,,,WON,
2026-02-21T19:00:00+00:00,Liga Pro,Aucas,Mushuc Runa SC,Over/Under Goals,Under 3.5,1.21,,,WON,
2026-02-21T19:00:00+00:00,Ligue 2,Saint Etienne,Laval,Over/Under Goals,Under 3.5,1.33,,,WON,
2026-02-21T19:00:00+00:00,Primera A,Once Caldas,Fortaleza FC,Over/Under Goals,Over 1.5,1.42,,,WON,
2026-02-21T19:00:00+00:00,Pro League,Al Khaleej Saihat,NEOM,Over/Under Goals,Under 3.5,1.42,,,WON,
2026-02-21T19:00:00+00:00,Pro League,Al-Hilal Saudi FC,Al-Ittihad FC,1X2 / Match Winner,Draw,4.46,,,WON,
2026-02-21T19:00:00+00:00,Pro League,Al-Nassr,Al-Hazm,Over/Under Goals,Under 3.5,2.0,,,LOST,
2026-02-21T19:00:00+00:00,Second Amateur Division - VFV B,Racing Mechelen,Londerzeel,Double Chance,Home/Draw,1.6,,,WON,
2026-02-21T19:30:00+00:00,Bundesliga 2,FC Schalke 04,1. FC Magdeburg,Asian Handicap,Home +0,1.55,,,WON,
2026-02-21T19:30:00+00:00,Ekstraklasa,Legia Warszawa,Wisla Plock,Over/Under Goals,Under 3.5,1.3,,,WON,
2026-02-21T19:30:00+00:00,First Division,Longford Town,Cobh Ramblers,Over/Under Goals,Under 3.5,1.42,,,WON,
2026-02-21T19:30:00+00:00,Liga Mayor,Atlético Pantoja,Delfines Del Este,Over/Under Goals,Under 3.5,1.19,,,WON,
2026-02-21T19:30:00+00:00,Liga Mayor,Salcedo,Universidad O&M,Team Total Goals,Over 0.5,1.16,,,WON,
2026-02-21T19:30:00+00:00,Major League Soccer,St. Louis City,Charlotte,Over/Under Goals,Over 1.5,1.22,,,WON,
2026-02-21T19:30:00+00:00,Pernambucano - 1,Sport Recife,Retrô,1X2 / Match Winner,Home,1.66,,,WON,
2026-02-21T19:30:00+00:00,Premiership,ST Mirren,Motherwell,Over/Under Goals,Under 3.5,1.28,,,LOST,
2026-02-21T19:30:00+00:00,Primera División,Rayo Zuliano,Puerto Cabello,Over/Under Goals,Under 3.5,1.22,,,WON,
2026-02-21T19:30:00+00:00,Super League,Grasshoppers,FC Zurich,Over/Under Goals,Under 3.5,1.48,,,WON,
2026-02-21T19:45:00+00:00,Jupiler Pro League,Union St. Gilloise,Antwerp,1X2 / Match Winner,Home,1.47,,,WON,
2026-02-21T19:45:00+00:00,Serie A,Cagliari,Lazio,Over/Under Goals,Under 3.5,1.2,,,WON,
2026-02-21T20:00:00+00:00,Eredivisie,Ajax,NEC Nijmegen,1X2 / Match Winner,Draw,4.35,,,WON,
2026-02-21T20:00:00+00:00,Feminine Division 1,Marseille W,Lyon W,Over/Under Goals,Under 3.5,2.5,,,LOST,
2026-02-21T20:00:00+00:00,La Liga,Atletico Madrid,Espanyol,Over/Under Goals,Under 3.5,1.36,,,LOST,
2026-02-21T20:00:00+00:00,Liga 3,CF Os Belenenses,Academica,1X2 / Match Winner,Draw,3.2,,,LOST,
2026-02-21T20:00:00+00:00,Premier League,Manchester City,Newcastle,Asian Handicap,Home +0.25,1.15,,,WON,
2026-02-21T20:00:00+00:00,Primera B Metropolitana,Argentino de Merlo,Defensores Unidos,Asian Handicap,Home +0,1.7,,,WON,
2026-02-21T20:00:00+00:00,Primera B Metropolitana,Arsenal Sarandi,Comunicaciones,Double Chance,Home/Draw,1.17,,,WON,
2026-02-21T20:00:00+00:00,Primera B Metropolitana,Deportivo Laferrere,Flandria,Asian Handicap,Home +0.25,1.4,,,WON,
2026-02-21T20:00:00+00:00,Primera Division,Independ. Rivadavia,Independiente,Over/Under Goals,Under 3.5,1.15,,,LOST,
2026-02-21T20:00:00+00:00,Primera Division,Platense,Barracas Central,Over/Under Goals,Under 2.5,1.35,,,WON,
2026-02-21T20:00:00+00:00,Primera División - Apertura,Boston River,Albion FC,1X2 / Match Winner,Draw,3.07,,,WON,
2026-02-21T20:00:00+00:00,Primera División RFEF - Group 1,Real Avilés,Real Madrid II,Over/Under Goals,Over 1.5,1.34,,,WON,
2026-02-21T20:00:00+00:00,Primera Nacional,Acassuso,Racing Cordoba,Asian Handicap,Home +0.25,1.58,,,WON,
2026-02-21T20:00:00+00:00,Primera Nacional,Almagro,San Martin Tucuman,Over/Under Goals,Under 2.5,1.33,,,WON,
2026-02-21T20:00:00+00:00,Primera Nacional,Nueva Chicago,Tristan Suarez,Over/Under Goals,Under 2.5,1.36,,,WON,
2026-02-21T20:00:00+00:00,Segunda Division,Las Palmas,Castellón,Over/Under Goals,Under 3.5,1.25,,,WON,
2026-02-21T20:05:00+00:00,Ligue 1,Paris Saint Germain,Metz,Result + Total Goals,Home/Over 1.5,1.18,,,WON,
2026-02-21T20:30:00+00:00,Primeira Liga,SC Braga,Guimaraes,Over/Under Goals,Under 3.5,1.33,,,LOST,
2026-02-21T21:00:00+00:00,Ligue 1,USM Alger,JS Saoura,Over/Under Goals,Under 2.5,1.49,,,LOST,
2026-02-21T21:00:00+00:00,Primera B,Union Espanola,San Luis,Over/Under Goals,Over 1.5,1.25,,,WON,
2026-02-21T21:00:00+00:00,Primera Division,O'Higgins,Colo Colo,Asian Handicap,Home +0.5,1.7,,,LOST,
2026-02-21T21:00:00+00:00,Primera Division,Sporting Cristal,Universitario,Over/Under Goals,Under 3.5,1.28,,,LOST,
2026-02-21T21:10:00+00:00,Primera A,Bucaramanga,Deportivo Cali,Over/Under Goals,Under 2.5,1.53,,,WON,
2026-02-21T21:30:00+00:00,Division Profesional - Apertura,Cerro Porteno,Olimpia,Over/Under Goals,Under 3.5,1.28,,,WON,
2026-02-21T21:30:00+00:00,Gaúcho - 1,Internacional,Ypiranga-RS,Over/Under Goals,Under 3.5,1.33,,,LOST,
2026-02-21T21:30:00+00:00,Liga Premier Serie A,Cordobés,FC Santiago,Over/Under Goals,Under 3.5,1.22,,,WON,
2026-02-21T21:30:00+00:00,Liga Premier Serie A,Deportiva Venados,Inter Playa del Carmen,Double Chance,Home/Draw,1.22,,,LOST,
2026-02-21T21:30:00+00:00,Liga Premier Serie A,Deportivo Zap,Chilpancingo,Result + Total Goals,Home/Over 1.5,1.62,,,LOST,
2026-02-21T21:30:00+00:00,Liga Pro,Barcelona SC,Tecnico Universitario,Over/Under Goals,Under 3.5,1.23,,,WON,
2026-02-21T21:30:00+00:00,Mineiro - 1,Pouso Alegre,Cruzeiro,Over/Under Goals,Under 3.5,1.36,,,WON,
2026-02-21T21:30:00+00:00,Paulista - A1,RB Bragantino,Sao Paulo,1X2 / Match Winner,Draw,3.1,,,LOST,
2026-02-21T21:45:00+00:00,Major League Soccer,FC Cincinnati,Atlanta United FC,Over/Under Goals,Under 3.5,1.5,,,WON,
2026-02-21T22:00:00+00:00,Botola 2,Raja Beni Mellal,KAC Kenitra,Double Chance,Home/Draw,1.4,,,WON,
2026-02-21T22:00:00+00:00,Botola Pro,Kawkab Marrakech,Difaa EL Jadida,Over/Under Goals,Under 2.5,1.49,,,WON,
2026-02-21T22:00:00+00:00,Botola Pro,UTS Rabat,FAR Rabat,BTTS,No,1.55,,,LOST,
2026-02-21T22:00:00+00:00,Catarinense - 1,Barra,Camboriú,Over/Under Goals,Under 3.5,1.19,,,WON,
2026-02-21T22:00:00+00:00,Liga Premier Serie A,Colima,Durango,Over/Under Goals,Under 2.5,2.5,,,LOST,
2026-02-21T22:00:00+00:00,Liga Premier Serie A,Tritons Vallarta,Mineros de Fresnillo,Over/Under Goals,Under 3.5,1.28,,,WON,
2026-02-21T22:00:00+00:00,Primera Nacional,Deportivo Madryn,Deportivo Moron,BTTS,No,1.36,,,LOST,
2026-02-21T22:15:00+00:00,Primera Division,Banfield,Newells Old Boys,Over/Under Goals,Under 2.5,1.5,,,LOST,
2026-02-21T22:15:00+00:00,Primera Division,Deportivo Riestra,Huracan,Asian Handicap,Away -0.5,1.45,,,WON,
2026-02-21T23:00:00+00:00,Liga MX Femenil,Monterrey W,Atlético San Luis W,Over/Under Goals,Under 3.5,2.0,,,LOST,
2026-02-21T23:00:00+00:00,Liga MX,Atlas,Atletico San Luis,Asian Handicap,Away -0.5,1.5,,,LOST,
2026-02-21T23:00:00+00:00,Liga de Expansión MX,Atlante FC,Alebrijes de Oaxaca,Over/Under Goals,Under 3.5,1.57,,,WON,
2026-02-21T23:00:00+00:00,Primera B Metropolitana,Real Pilar,Sportivo Italiano,Over/Under Goals,Under 2.5,1.4,,,LOST,
2026-02-21T23:00:00+00:00,Primera Nacional,Deportivo Maipu,Atletico DE Rafaela,Asian Handicap,Home +0.5,1.27,,,WON,
2026-02-21T23:00:00+00:00,Primera Nacional,Patronato,Gimnasia Y Tiro,Asian Handicap,Home +0.25,1.42,,,LOST,
2026-02-21T23:00:00+00:00,Primera Nacional,Quilmes,Midland,Over/Under Goals,Under 2.5,1.4,,,WON,
2026-02-21T23:00:00+00:00,Primera Nacional,San Martin S.J.,Club Atlético Güemes,Over/Under Goals,Under 2.5,1.4,,,LOST,
2026-02-21T23:15:00+00:00,Liga Nacional,Olancho,CD Marathon,Over/Under Goals,Under 3.5,1.34,,,WON,
2026-02-21T23:20:00+00:00,Primera A,Atletico Nacional,Alianza Valledupar,Over/Under Goals,Over 1.5,1.22,,,WON,
2026-02-21T23:30:00+00:00,Paulista - A1,Palmeiras,Capivariano,Over/Under Goals,Under 3.5,1.48,,,LOST,
2026-02-21T23:30:00+00:00,Primera B,Deportes Iquique,Union San Felipe,Team Total Goals,Over 0.5,1.18,,,WON,
2026-02-21T23:30:00+00:00,Primera Division,U. Catolica,Coquimbo Unido,Asian Handicap,Home +0.5,1.24,,,WON,
2026-02-22T00:00:00+00:00,Carioca - 1,Boavista SC,Botafogo,Double Chance,Home/Draw,1.4,,,LOST,
2026-02-22T00:00:00+00:00,Liga Nacional,Municipal,Antigua GFC,Double Chance,Home/Draw,1.17,,,WON,
2026-02-22T00:00:00+00:00,Liga Premier Serie A,Tigres de Alica,Cimarrones,Double Chance,Home/Draw,1.44,,,WON,
2026-02-22T00:00:00+00:00,Primera Division,Alianza,Municipal Limeño,Over/Under Goals,Under 3.5,1.25,,,WON,
2026-02-22T00:00:00+00:00,Primera Division,Cienciano,Alianza Atletico,Over/Under Goals,Under 3.5,1.44,,,WON,
2026-02-22T00:00:00+00:00,Primera Division,Inter,Águila,Double Chance,Home/Draw,1.53,,,LOST,
2026-02-22T00:00:00+00:00,Primera Division,Walter Ferretti,Jalapa,Double Chance,Draw/Away,1.62,,,WON,
2026-02-22T00:00:00+00:00,Primera División,Sporting San Jose,Puntarenas FC,Over/Under Goals,Under 3.5,1.17,,,WON,
2026-02-22T00:00:00+00:00,Primera Nacional,Chaco For Ever,San Telmo,Double Chance,Home/Draw,1.17,,,WON,
2026-02-22T00:30:00+00:00,Major League Soccer,DC United,Philadelphia Union,Asian Handicap,Home +0.5,1.67,,,WON,
2026-02-22T00:30:00+00:00,Major League Soccer,Orlando City SC,New York Red Bulls,BTTS,Yes,1.65,,,WON,
2026-02-22T00:30:00+00:00,Major League Soccer,Vancouver Whitecaps,Real Salt Lake,Over/Under Goals,Under 3.5,1.5,,,WON,
2026-02-22T00:30:00+00:00,Primera Division,Central Cordoba de Santiago,Tigre,Over/Under Goals,Under 2.5,1.4,,,WON,
2026-02-22T00:30:00+00:00,USL Super League,Tampa Bay Sun W,Fort Lauderdale United W,Asian Handicap,Home +0.25,1.48,,,WON,
2026-02-22T01:00:00+00:00,Liga MX,Leon,Santos Laguna,1X2 / Match Winner,Home,1.65,,,WON,
2026-02-22T01:00:00+00:00,Liga MX,Necaxa,Toluca,Over/Under Goals,Under 3.5,1.42,,,WON,
2026-02-22T01:00:00+00:00,Liga Premier Serie A,Lobos ULMX,Real Apodaca,Over/Under Goals,Under 3.5,1.3,,,WON,
2026-02-22T01:00:00+00:00,Liga Premier Serie A,Racing de Veracruz,Celaya,Over/Under Goals,Under 3.5,1.21,,,LOST,
2026-02-22T01:00:00+00:00,Liga Premier Serie A,Reboceros La Piedad,UA Zacatecas,Double Chance,Home/Draw,1.44,,,WON,
2026-02-22T01:00:00+00:00,Liga Premier Serie A,Tapachula,Héroes de Zaci,Asian Handicap,Home +0,1.62,,,WON,
2026-02-22T01:00:00+00:00,Liga de Ascenso,Futbol Consultants Moravia,Cariari Pococi,Over/Under Goals,Under 3.5,1.34,,,WON,
2026-02-22T01:00:00+00:00,Primera Division,Firpo,Hércules,Over/Under Goals,Over 1.5,1.2,,,WON,
2026-02-22T01:30:00+00:00,Liga Nacional,Atlético Choloma,Victoria,Over/Under Goals,Under 3.5,1.37,,,WON,
2026-02-22T01:30:00+00:00,Liga Panameña de Fútbol,Plaza Amador,Herrera,Over/Under Goals,Under 3.5,1.42,,,LOST,
2026-02-22T01:30:00+00:00,Major League Soccer,Austin,Minnesota United FC,Asian Handicap,Home +0.25,1.52,,,WON,
2026-02-22T01:30:00+00:00,Major League Soccer,FC Dallas,Toronto FC,Double Chance,Draw/Away,1.65,,,LOST,
2026-02-22T01:30:00+00:00,Major League Soccer,Houston Dynamo,Chicago Fire,Over/Under Goals,Over 2.5,1.67,,,WON,
2026-02-22T01:30:00+00:00,Major League Soccer,Nashville SC,New England Revolution,BTTS,Yes,1.53,,,WON,
2026-02-22T01:30:00+00:00,Primera A,Internacional de Bogota,Millonarios,Over/Under Goals,Under 3.5,1.17,,,LOST,
2026-02-22T02:00:00+00:00,Liga MX Femenil,Tijuana W,León W,Over/Under Goals,Over 1.5,1.22,,,WON,
2026-02-22T02:00:00+00:00,Liga Nacional,Guastatoya,Cobán Imperial,Over/Under Goals,Under 3.5,1.2,,,WON,
2026-02-22T02:00:00+00:00,Primera División,Deportivo Saprissa,LD Alajuelense,Over/Under Goals,Under 3.5,1.18,,,WON,
2026-02-22T02:30:00+00:00,Major League Soccer,Los Angeles FC,Inter Miami,Double Chance,Draw/Away,1.7,,,LOST,
2026-02-22T03:05:00+00:00,Liga MX,Cruz Azul,Guadalajara Chivas,Asian Handicap,Home +0,1.67,,,WON,
2026-02-22T03:30:00+00:00,Major League Soccer,Portland Timbers,Columbus Crew,Asian Handicap,Home +0.5,1.65,,,WON,
2026-02-22T03:30:00+00:00,Major League Soccer,San Diego,CF Montreal,1X2 / Match Winner,Home,1.5,,,WON,
2026-02-22T04:00:00+00:00,New South Wales NPL 2,Central Coast II,Dulwich Hill,Double Chance,Home/Draw,1.44,,,WON,
2026-02-22T04:00:00+00:00,New South Wales NPL,Wollongong Wolves,Marconi Stallions,Over/Under Goals,Under 3.5,1.4,,,WON,
2026-02-22T05:00:00+00:00,J. League Div.1,Fagiano Okayama,Gamba Osaka,Double Chance,Home/Draw,1.57,,,LOST,
2026-02-22T05:00:00+00:00,J. League Div.1,Kyoto Sanga,Avispa Fukuoka,Over/Under Goals,Over 1.5,1.42,,,WON,
2026-02-22T05:10:00+00:00,Liga MX,Club Tijuana,Mazatlán,Over/Under Goals,Over 1.5,1.2,,,WON,
2026-02-22T05:15:00+00:00,Queensland NPL,Brisbane Roar II,Brisbane City,Over/Under Goals,Under 3.5,1.73,,,LOST,
2026-02-22T06:00:00+00:00,A-League,Central Coast Mariners,Western Sydney Wanderers,Over/Under Goals,Over 1.5,1.22,,,WON,
2026-02-22T06:00:00+00:00,J. League Div.1,Cerezo Osaka,Sanfrecce Hiroshima,Over/Under Goals,Over 1.5,1.22,,,WON,
2026-02-22T06:00:00+00:00,New South Wales NPL,Sydney Olympic,St George City FA,Asian Handicap,Home +0,1.58,,,WON,
2026-02-22T06:00:00+00:00,New South Wales NPL,Sydney United,Western Sydney Wanderers U23,Over/Under Goals,Under 3.5,1.5,,,LOST,
2026-02-22T06:00:00+00:00,Northern NSW NPL,Charlestown City Blues,Adamstown Rosebuds,Over/Under Goals,Under 3.5,1.67,,,WON,
2026-02-22T06:00:00+00:00,Northern NSW NPL,Cooks Hill United,Maitland,Double Chance,Draw/Away,1.4,,,WON,
2026-02-22T07:00:00+00:00,A-League,Newcastle Jets,Macarthur,BTTS,Yes,1.36,,,LOST,
2026-02-22T07:00:00+00:00,Premier League,Southern District,Hong Kong FC,Over/Under Goals,Under 3.5,1.73,,,WON,
2026-02-22T08:45:00+00:00,C-League,Kirivong Sok Sen Chey,Svay Rieng,Over/Under Goals,Under 3.5,2.15,,,LOST,
2026-02-22T09:00:00+00:00,Liga II,Tunari,Viitorul Şelimbăr,Over/Under Goals,Under 3.5,1.23,,,WON,
2026-02-22T09:30:00+00:00,Erste Liga,SKU Amstetten,WSPG Wels,Double Chance,Home/Draw,1.15,,,WON,
2026-02-22T10:00:00+00:00,2. Lig,Batman Petrolspor,Beyoğlu Yeni Çarşı,1X2 / Match Winner,Home,1.53,,,WON,
2026-02-22T10:00:00+00:00,2. Lig,Hekimoğlu Trabzon,Somaspor,Over/Under Goals,Under 3.5,1.55,,,WON,
2026-02-22T10:00:00+00:00,2. Lig,Karaman Belediyespor,Elazığspor,Over/Under Goals,Under 3.5,1.86,,,LOST,
2026-02-22T10:00:00+00:00,2. Lig,Kastamonuspor 1966,24 Erzincanspor,Over/Under Goals,Under 3.5,1.25,,,WON,
2026-02-22T10:00:00+00:00,2. Lig,Muş Menderesspor,68 Aksaray Belediyespor,Asian Handicap,Away -1.25,1.57,,,WON,
2026-02-22T10:00:00+00:00,3. Lig - Group 1,Kartal Bulvarspor,Çankaya FK,Over/Under Goals,Under 3.5,1.27,,,WON,
2026-02-22T10:00:00+00:00,3. Lig - Group 3,Orduspor 1967,Düzcespor,Over/Under Goals,Under 3.5,1.24,,,WON,
2026-02-22T10:30:00+00:00,Liga II,Bihor Oradea,ASA Targu Mures,Team Total Goals,Under 2.5,1.17,,,WON,
2026-02-22T10:30:00+00:00,Premyer Liqa,Mil-Muğan,Keshla FC,Double Chance,Home/Draw,1.41,,,WON,
2026-02-22T10:30:00+00:00,Segunda División RFEF - Group 2,Basconia,Amorebieta,Over/Under Goals,Under 3.5,1.19,,,WON,
2026-02-22T10:30:00+00:00,Segunda División RFEF - Group 5,Getafe II,Conquense,Over/Under Goals,Under 3.5,1.17,,,WON,
2026-02-22T10:30:00+00:00,Super Lig,Kayserispor,Antalyaspor,Over/Under Goals,Under 3.5,1.28,,,WON,
2026-02-22T10:30:00+00:00,TFF 1. Lig,Erzurum BB,Serik Belediyespor,Over/Under Goals,Over 1.5,1.15,,,WON,
2026-02-22T11:00:00+00:00,C-League,Angkor Tiger,National Defense,1X2 / Match Winner,Home,1.67,,,WON,
2026-02-22T11:00:00+00:00,Campeonato de Portugal Prio - Group A,Machico,Vianense,Double Chance,Home/Draw,1.44,,,LOST,
2026-02-22T11:00:00+00:00,FKF Premier League,Mara Sugar,Ulinzi Stars,Double Chance,Home/Draw,1.17,,,WON,
2026-02-22T11:00:00+00:00,FKF Premier League,Police,APS Bomet,Double Chance,Home/Draw,1.15,,,WON,
2026-02-22T11:00:00+00:00,I Liga,Puszcza Niepołomice,Stal Rzeszów,Asian Handicap,Home +0.25,1.52,,,WON,
2026-02-22T11:00:00+00:00,II Liga - East,Resovia Rzeszów,Hutnik Kraków,Over/Under Goals,Under 3.5,1.36,,,WON,
2026-02-22T11:00:00+00:00,Premier League,Kolos Kovalivka,Polessya,Over/Under Goals,Over 1.5,1.44,,,WON,
2026-02-22T11:00:00+00:00,Primera División Femenina,Eibar W,Athletic Club W,Over/Under Goals,Under 3.5,1.2,,,WON,
2026-02-22T11:00:00+00:00,Primera División Femenina,Real Madrid W,Granad. Tenerife W,Over/Under Goals,Under 3.5,1.7,,,WON,
2026-02-22T11:00:00+00:00,Primera División RFEF - Group 2,Marbella,Algeciras,Over/Under Goals,Under 3.5,1.18,,,LOST,
2026-02-22T11:00:00+00:00,Primera División RFEF - Group 2,Sabadell,Sanluqueño,Over/Under Goals,Under 3.5,1.23,,,WON,
2026-02-22T11:00:00+00:00,Segunda División RFEF - Group 1,Coruxo,Sarriana,Double Chance,Home/Draw,1.15,,,WON,
2026-02-22T11:00:00+00:00,Segunda División RFEF - Group 1,Deportivo La Coruña II,Numancia,Over/Under Goals,Under 3.5,1.17,,,WON,
2026-02-22T11:00:00+00:00,Segunda División RFEF - Group 1,Gimnástica Segoviana,Bergantiños,Over/Under Goals,Under 3.5,1.15,,,WON,
2026-02-22T11:00:00+00:00,Segunda División RFEF - Group 1,Real Valladolid II,Sámano,Over/Under Goals,Under 3.5,1.56,,,LOST,
2026-02-22T11:00:00+00:00,Segunda División RFEF - Group 2,Deportivo Alavés II,Ebro,Over/Under Goals,Under 3.5,1.16,,,WON,
2026-02-22T11:00:00+00:00,Segunda División RFEF - Group 2,Real Zaragoza II,Náxara,Double Chance,Home/Draw,1.4,,,LOST,
2026-02-22T11:00:00+00:00,Segunda División RFEF - Group 3,Andratx,Porreres,Over/Under Goals,Under 3.5,1.17,,,WON,
2026-02-22T11:00:00+00:00,Segunda División RFEF - Group 3,Atlètic Lleida,Barbastro,Over/Under Goals,Under 3.5,1.17,,,LOST,
2026-02-22T11:00:00+00:00,Segunda División RFEF - Group 3,Ibiza Islas Pitiusas,Sant Andreu,Over/Under Goals,Under 3.5,1.19,,,LOST,
2026-02-22T11:00:00+00:00,Segunda División RFEF - Group 3,Poblense,Atlético Baleares,Asian Handicap,Home +0.25,1.44,,,WON,
2026-02-22T11:00:00+00:00,Segunda División RFEF - Group 4,Almería II,Puente Genil,Over/Under Goals,Under 3.5,1.16,,,WON,
2026-02-22T11:00:00+00:00,Segunda División RFEF - Group 4,Deportiva Minera,Xerez,Over/Under Goals,Under 3.5,1.16,,,WON,
2026-02-22T11:00:00+00:00,Segunda División RFEF - Group 4,Estepona,Ucam Murcia,Double Chance,Home/Draw,1.52,,,WON,
2026-02-22T11:00:00+00:00,Segunda División RFEF - Group 4,Melilla,Real Jaén,Double Chance,Draw/Away,1.57,,,WON,
2026-02-22T11:00:00+00:00,Segunda División RFEF - Group 5,Intercity,Fuenlabrada,Team Total Goals,Under 2.5,1.2,,,WON,
2026-02-22T11:00:00+00:00,Segunda División RFEF - Group 5,Socuéllamos,Elche II,Double Chance,Draw/Away,1.68,,,WON,
2026-02-22T11:00:00+00:00,Segunda División RFEF - Group 5,Tenerife II,Rayo Majadahonda,Double Chance,Home/Draw,1.53,,,LOST,
2026-02-22T11:00:00+00:00,Segunda Liga,Felgueiras 1932,Penafiel,Over/Under Goals,Under 3.5,1.25,,,WON,
2026-02-22T11:00:00+00:00,Tercera División RFEF - Group 14,Badajoz,Moralo,Double Chance,Home/Draw,1.18,,,LOST,
2026-02-22T11:00:00+00:00,Tercera División RFEF - Group 14,Villanovense,Don Benito,Double Chance,Home/Draw,1.53,,,LOST,
2026-02-22T11:00:00+00:00,Thai League 1,Ayutthaya FC,BG Pathum United,Double Chance,Home/Draw,1.67,,,LOST,
2026-02-22T11:00:00+00:00,Thai League 2,Kasetsart FC,Chanthaburi,Double Chance,Home/Draw,1.22,,,WON,
2026-02-22T11:00:00+00:00,Thai League 2,Rasi Salai United,Esan Pattaya,1X2 / Match Winner,Home,1.6,,,LOST,
2026-02-22T11:15:00+00:00,Eerste Divisie,Roda,MVV,1X2 / Match Winner,Home,1.42,,,WON,
2026-02-22T11:15:00+00:00,Ekstraklasa,Arka Gdynia,GKS Katowice,Asian Handicap,Away -0.5,1.48,,,LOST,
2026-02-22T11:15:00+00:00,Eredivisie,Twente,Groningen,1X2 / Match Winner,Home,1.54,,,WON,
2026-02-22T11:30:00+00:00,First NL,HNK Cibalia,Jarun,Over/Under Goals,Under 3.5,1.22,,,LOST,
2026-02-22T11:30:00+00:00,Segunda División RFEF - Group 3,Girona II,Olot,Over/Under Goals,Under 2.5,1.44,,,LOST,
2026-02-22T11:30:00+00:00,Serie A Women,Ternana W,Juventus W,Over/Under Goals,Under 3.5,1.5,,,LOST,
2026-02-22T11:30:00+00:00,Serie A,Genoa,Torino,Asian Handicap,Home +0,1.57,,,WON,
2026-02-22T11:30:00+00:00,Serie C - Girone B,Campobasso FC,Juventus U23,Over/Under Goals,Under 3.5,1.22,,,WON,
2026-02-22T11:30:00+00:00,Serie C - Girone C,Atalanta II,Cosenza,Over/Under Goals,Under 3.5,1.3,,,WON,
2026-02-22T11:30:00+00:00,Thai League 2,Nakhon Si Thammarat,Chiangmai United,Double Chance,Draw/Away,1.5,,,LOST,
2026-02-22T12:00:00+00:00,2. Lig,Buca FK,Kepez Belediyespor,Over/Under Goals,Under 3.5,1.32,,,WON,
2026-02-22T12:00:00+00:00,2. Lig,Karacabey Belediyespor,Ankaragücü,Over/Under Goals,Under 3.5,1.21,,,WON,
2026-02-22T12:00:00+00:00,2. Lig,Muğlaspor,Erzin Spor,Over/Under Goals,Under 3.5,1.21,,,WON,
2026-02-22T12:00:00+00:00,2. Lig,Şanlıurfaspor,Adana 1954 FK,Over/Under Goals,Under 3.5,1.2,,,WON,
2026-02-22T12:00:00+00:00,3. Lig - Group 1,Kestel Çilek,Yalova Yeşilovaspor,Over/Under Goals,Under 3.5,1.18,,,LOST,
2026-02-22T12:00:00+00:00,Championship,Sheffield Utd,Sheffield Wednesday,Over/Under Goals,Under 3.5,1.8,,,WON,
2026-02-22T12:00:00+00:00,Czech Liga,Bohemians 1905,Dukla Praha,Over/Under Goals,Under 3.5,1.25,,,WON,
2026-02-22T12:00:00+00:00,First League,Sileks,Shkendija,Double Chance,Draw/Away,1.5,,,WON,
2026-02-22T12:00:00+00:00,Ligue 2,CS Hammam-Lif,M'saken,1X2 / Match Winner,Home,1.55,,,WON,
2026-02-22T12:00:00+00:00,Ligue 2,EM Mahdia,Bouselem,1X2 / Match Winner,Home,1.57,,,WON,
2026-02-22T12:00:00+00:00,Ligue 2,ES Hammam-Sousse,Mégrine,1X2 / Match Winner,Home,1.4,,,WON,
2026-02-22T12:00:00+00:00,Ligue 2,Kerkennah,Sfax Railways,Over/Under Goals,Under 2.5,1.44,,,LOST,
2026-02-22T12:00:00+00:00,Ligue 2,Menzel Bourguiba,AS Agareb,Over/Under Goals,Under 3.5,1.16,,,WON,
2026-02-22T12:00:00+00:00,Ligue 2,Sporting Ben Arous,BS Bouhajla,Double Chance,Home/Draw,1.2,,,WON,
2026-02-22T12:00:00+00:00,Ligue 2,US Tataouine,CS Chebba,Over/Under Goals,Under 3.5,1.23,,,WON,
2026-02-22T12:00:00+00:00,Premier League,Arba Minch Kenema,Negelle Arsi,Over/Under Goals,Under 2.5,1.33,,,WON,
2026-02-22T12:00:00+00:00,Premier League,Awassa Kenema,Dire Dawa Kenema,Over/Under Goals,Under 2.5,1.33,,,WON,
2026-02-22T12:00:00+00:00,Prva Liga,Jedinstvo Ub,Zemun,Over/Under Goals,Under 2.5,1.5,,,LOST,
2026-02-22T12:00:00+00:00,Prva Liga,Kabel Novi Sad,FK Vozdovac,Over/Under Goals,Under 2.5,1.5,,,WON,
2026-02-22T12:00:00+00:00,Segunda División RFEF - Group 5,Las Palmas II,Rayo Vallecano II,Over/Under Goals,Under 3.5,1.43,,,WON,
2026-02-22T12:00:00+00:00,Super League,Equity Bank,Kibera Black Stars,Over/Under Goals,Under 2.5,1.5,,,LOST,
2026-02-22T12:00:00+00:00,Super League,Kabati Youth FC,Mwatate United,Over/Under Goals,Under 2.5,1.5,,,WON,
2026-02-22T12:00:00+00:00,Super Liga,Radnicki NIS,IMT Novi Beograd,Team Total Goals,Under 2.5,1.17,,,WON,
2026-02-22T12:00:00+00:00,Svenska Cupen,AIK Stockholm,Vasteras SK FK,Asian Handicap,Away -1.25,1.6,,,WON,
2026-02-22T12:00:00+00:00,Svenska Cupen,BK Hacken,Oddevold,Over/Under Goals,Under 3.5,1.73,,,WON,
2026-02-22T12:00:00+00:00,Svenska Cupen,IFK Varnamo,Orgryte IS,Double Chance,Home/Draw,1.47,,,WON,
2026-02-22T12:00:00+00:00,Thai League 1,Bangkok United,Muangthong United,1X2 / Match Winner,Home,1.45,,,WON,
2026-02-22T12:00:00+00:00,Thai League 2,Mahasarakham United,Songkhla,1X2 / Match Winner,Home,1.57,,,WON,
2026-02-22T12:15:00+00:00,First League,Beroe,Arda Kardzhali,Over/Under Goals,Under 3.5,1.18,,,WON,
2026-02-22T12:30:00+00:00,1st Division,Burreli,Korabi Peshkopi,Double Chance,Home/Draw,1.22,,,WON,
2026-02-22T12:30:00+00:00,1st Division,Kastrioti Krujë,Apolonia Fier,Asian Handicap,Home +0,1.53,,,WON,
2026-02-22T12:30:00+00:00,3. Liga,TSV 1860 München,Hansa Rostock,Over/Under Goals,Under 3.5,1.42,,,WON,
2026-02-22T12:30:00+00:00,Bundesliga 2,Hannover 96,Dynamo Dresden,Over/Under Goals,Over 1.5,1.2,,,LOST,
2026-02-22T12:30:00+00:00,Bundesliga 2,Preußen Münster,1. FC Kaiserslautern,Over/Under Goals,Under 3.5,1.4,,,LOST,
2026-02-22T12:30:00+00:00,Bundesliga 2,SC Paderborn 07,Hertha BSC,Over/Under Goals,Under 3.5,1.45,,,LOST,
2026-02-22T12:30:00+00:00,Jupiler Pro League,Genk,Standard Liege,Over/Under Goals,Under 3.5,1.36,,,WON,
2026-02-22T12:30:00+00:00,Premier League,Home United,Tampines Rovers,1X2 / Match Winner,Home,1.67,,,LOST,
2026-02-22T12:30:00+00:00,Regionalliga - Nord,Hannover 96 II,SV Meppen,Team Total Goals,Over 0.5,1.4,,,WON,
2026-02-22T12:30:00+00:00,Superliga,Tirana,Teuta Durrës,Double Chance,Home/Draw,1.5,,,LOST,
2026-02-22T12:45:00+00:00,II Liga - East,Podhale Nowy Targ,Olimpia Grudziądz,Asian Handicap,Home +0,1.42,,,LOST,
2026-02-22T12:45:00+00:00,Primera División - Apertura,Wanderers,Atletico Torque,Double Chance,Home/Draw,1.55,,,LOST,
2026-02-22T13:00:00+00:00,Challenge League,FC Vaduz,Neuchatel Xamax FC,Over/Under Goals,Under 3.5,1.67,,,WON,
2026-02-22T13:00:00+00:00,Challenge League,FC WIL 1900,Stade Lausanne-Ouchy,Double Chance,Home/Draw,1.67,,,WON,
2026-02-22T13:00:00+00:00,FKF Premier League,GOR Mahia,KCB,1X2 / Match Winner,Home,1.7,,,WON,
2026-02-22T13:00:00+00:00,Frauen Bundesliga,Bayer Leverkusen W,1899 Hoffenheim W,Over/Under Goals,Under 3.5,1.48,,,WON,
2026-02-22T13:00:00+00:00,Gamma Ethniki - Group 5,Aris Petroupolis,Diagoras,Over/Under Goals,Under 2.5,1.7,,,LOST,
2026-02-22T13:00:00+00:00,La Liga,Getafe,Sevilla,Team Total Goals,Over 0.5,1.4,,,LOST,
2026-02-22T13:00:00+00:00,Liga I,Arges Pitesti,Farul Constanta,Double Chance,Draw/Away,1.67,,,LOST,
2026-02-22T13:00:00+00:00,NB II,BVSC,Bekescsaba 1912,Over/Under Goals,Under 3.5,1.15,,,WON,
2026-02-22T13:00:00+00:00,NB II,Budafoki LC,Csakvar,Double Chance,Home/Draw,1.5,,,WON,
2026-02-22T13:00:00+00:00,NB II,Szentlőrinc SE,Mezokovesd-zsory,Over/Under Goals,Under 3.5,1.24,,,WON,
2026-02-22T13:00:00+00:00,Premyer Liqa,Sabah FA,Kapaz,1X2 / Match Winner,Home,1.33,,,WON,
2026-02-22T13:00:00+00:00,Regionalliga - Nord,BW Lohne,Weiche Flensburg,Asian Handicap,Home +0.25,1.7,,,LOST,
2026-02-22T13:00:00+00:00,Regionalliga - Nordost,Lokomotive Leipzig,Eilenburg,Over/Under Goals,Under 3.5,1.8,,,WON,
2026-02-22T13:00:00+00:00,Regionalliga - Nordost,ZFC Meuselwitz,FSV Zwickau,Asian Handicap,Home +0.5,1.7,,,WON,
2026-02-22T13:00:00+00:00,Segunda Division,Sporting Gijon,Valladolid,Asian Handicap,Home +0,1.5,,,WON,
2026-02-22T13:00:00+00:00,Super League 2,Asteras Tripolis II,Anagennisi Karditsas,Over/Under Goals,Under 3.5,1.16,,,WON,
2026-02-22T13:00:00+00:00,Super League 2,Kavala,Kampaniakos Chalastra,Over/Under Goals,Under 3.5,1.18,,,WON,
2026-02-22T13:00:00+00:00,Super League 2,Nestos Chrisoupolis,Makedonikos Neapolis,Team Total Goals,Under 2.5,1.51,,,LOST,
2026-02-22T13:00:00+00:00,Super League 2,Niki Volos,Iraklis 1908,1X2 / Match Winner,Draw,3.1,,,LOST,
2026-02-22T13:00:00+00:00,Super League 2,PAS Giannina,PAOK II,Double Chance,Home/Draw,1.57,,,LOST,
2026-02-22T13:00:00+00:00,Super League,FC Sion,BSC Young Boys,1X2 / Match Winner,Draw,3.71,,,LOST,
2026-02-22T13:00:00+00:00,Super Lig,Gazişehir Gaziantep,Trabzonspor,Team Total Goals,Over 0.5,1.15,,,WON,
2026-02-22T13:00:00+00:00,Superligaen,Randers FC,FC Fredericia,Over/Under Goals,Under 3.5,1.45,,,WON,
2026-02-22T13:00:00+00:00,TFF 1. Lig,Yeni Çorumspor,Ümraniyespor,Asian Handicap,Away -1.25,1.59,,,LOST,
2026-02-22T13:30:00+00:00,Campionato Primavera - 2,Avellino U19,Perugia U19,Over/Under Goals,Under 3.5,1.37,,,WON,
2026-02-22T13:30:00+00:00,Eredivisie,GO Ahead Eagles,Heracles,Over/Under Goals,Under 3.5,1.48,,,LOST,
2026-02-22T13:30:00+00:00,Eredivisie,Utrecht,PEC Zwolle,1X2 / Match Winner,Home,1.67,,,LOST,
2026-02-22T13:30:00+00:00,I Liga,Slask Wroclaw,Odra Opole,Asian Handicap,Away -1.25,1.48,,,LOST,
2026-02-22T13:30:00+00:00,Liga 1,Dewa United,Pusamania Borneo,Over/Under Goals,Under 3.5,1.32,,,WON,
2026-02-22T13:30:00+00:00,Liga 1,Persib Bandung,Persita,Over/Under Goals,Under 3.5,1.41,,,WON,
2026-02-22T13:30:00+00:00,Liga 2,Barito Putera,Tornado Pekanbaru,Over/Under Goals,Under 3.5,1.35,,,WON,
2026-02-22T13:30:00+00:00,Liga 2,Bekasi City,Persiraja Banda Aceh,1X2 / Match Winner,Home,1.62,,,WON,
2026-02-22T13:30:00+00:00,Liga 2,Deltras,PSIS Semarang,Over/Under Goals,Under 3.5,1.73,,,WON,
2026-02-22T13:30:00+00:00,Liga 2,Sumsel United,Garudayaksa,Double Chance,Home/Draw,1.53,,,WON,
2026-02-22T13:30:00+00:00,Premier League,Shakhtar Donetsk,Karpaty,Result + Total Goals,Home/Over 1.5,1.53,,,WON,
2026-02-22T13:30:00+00:00,Serie C - Girone A,Lumezzane,Dolomiti Bellunesi,Over/Under Goals,Under 3.5,1.25,,,WON,
2026-02-22T13:30:00+00:00,Serie C - Girone A,PRO Vercelli,Trento,Over/Under Goals,Under 3.5,1.22,,,LOST,
2026-02-22T13:30:00+00:00,Serie C - Girone B,Pontedera,Ascoli,Over/Under Goals,Under 3.5,1.25,,,LOST,
2026-02-22T13:30:00+00:00,Serie C - Girone C,Catania,Giugliano,1X2 / Match Winner,Draw,4.6,,,LOST,
2026-02-22T13:30:00+00:00,Serie C - Girone C,Salernitana,SS Monopoli,Over/Under Goals,Under 2.5,1.53,,,WON,
2026-02-22T13:30:00+00:00,Serie C - Girone C,Team Altamura,Benevento,Asian Handicap,Home +1.25,1.62,,,WON,
2026-02-22T13:30:00+00:00,Serie D - Girone A,Chisola,Celle Varazze,Over/Under Goals,Under 3.5,1.26,,,WON,
2026-02-22T13:30:00+00:00,Serie D - Girone A,Gozzano,Imperia,Over/Under Goals,Under 3.5,1.17,,,WON,
2026-02-22T13:30:00+00:00,Serie D - Girone A,NovaRomentin,Città di Varese,Double Chance,Draw/Away,1.16,,,LOST,
2026-02-22T13:30:00+00:00,Serie D - Girone B,Brusaporto,Castellanzese,Over/Under Goals,Under 3.5,1.26,,,WON,
2026-02-22T13:30:00+00:00,Serie D - Girone B,Villa Valle,Vogherese,Double Chance,Home/Draw,1.15,,,WON,
2026-02-22T13:30:00+00:00,Serie D - Girone D,Correggese,Pistoiese,Over/Under Goals,Under 2.5,1.79,,,LOST,
2026-02-22T13:30:00+00:00,Serie D - Girone D,Pro Sesto,Coriano,Over/Under Goals,Under 3.5,1.33,,,WON,
2026-02-22T13:30:00+00:00,Serie D - Girone D,Tuttocuoio,Sangiuliano City,Over/Under Goals,Under 3.5,1.26,,,WON,
2026-02-22T13:30:00+00:00,Serie D - Girone E,San Donato Tavarnelle,Poggibonsi,Over/Under Goals,Under 3.5,1.27,,,WON,
2026-02-22T13:30:00+00:00,Serie D - Girone E,Seravezza,Tau Altopascio,Over/Under Goals,Under 3.5,1.18,,,WON,
2026-02-22T13:30:00+00:00,Super League Women,Gent W,Genk W,Over/Under Goals,Over 1.5,1.22,,,WON,
2026-02-22T13:30:00+00:00,Tipp3 Bundesliga,Sturm Graz,FC BW Linz,Asian Handicap,Away -1.25,1.45,,,WON,
2026-02-22T13:30:00+00:00,Tipp3 Bundesliga,WSG Wattens,Ried,Over/Under Goals,Under 3.5,1.25,,,WON,
2026-02-22T13:45:00+00:00,Ekstraklasa,Jagiellonia,Radomiak Radom,Asian Handicap,Home +0,1.4,,,WON,
2026-02-22T13:45:00+00:00,NB I,Zalaegerszegi TE,Debreceni VSC,Double Chance,Home/Draw,1.44,,,WON,
2026-02-22T14:00:00+00:00,1. SNL,Maribor,Bravo,1X2 / Match Winner,Home,1.67,,,WON,
2026-02-22T14:00:00+00:00,Campionato,Cosmos,San Marino Academy,Over/Under Goals,Under 3.5,1.31,,,WON,
2026-02-22T14:00:00+00:00,Campionato,Domagnano,Murata,1X2 / Match Winner,Home,1.22,,,WON,
2026-02-22T14:00:00+00:00,Campionato,Faetano,Virtus,Over/Under Goals,Under 3.5,1.55,,,WON,
2026-02-22T14:00:00+00:00,Campionato,San Giovanni,Cailungo,Double Chance,Home/Draw,1.18,,,WON,
2026-02-22T14:00:00+00:00,Campionato,Tre Fiori,Tre Penne,Over/Under Goals,Under 2.5,1.57,,,WON,
2026-02-22T14:00:00+00:00,Feminine Division 1,Le Havre W,Paris FC W,Over/Under Goals,Under 3.5,1.4,,,LOST,
2026-02-22T14:00:00+00:00,First Amateur Division,Cercle Brugge II,Ninove,1X2 / Match Winner,Home,1.61,,,WON,
2026-02-22T14:00:00+00:00,First Amateur Division,Knokke,Hoogstraten,Over/Under Goals,Under 3.5,1.44,,,WON,
2026-02-22T14:00:00+00:00,First Amateur Division,Roeselare Daisel,Lyra-Lierse Berlaar,Double Chance,Home/Draw,1.22,,,WON,
2026-02-22T14:00:00+00:00,Friendlies Clubs,Aalesund,Fredrikstad,Double Chance,Draw/Away,1.25,,,WON,
2026-02-22T14:00:00+00:00,Ligue 1,Auxerre,Rennes,Asian Handicap,Home +0.5,1.6,,,LOST,
2026-02-22T14:00:00+00:00,NB II,Szeged 2011,Tiszakecske FC,Team Total Goals,Under 2.5,1.16,,,WON,
2026-02-22T14:00:00+00:00,NB II,Vasas,Karcag SE,Over/Under Goals,Under 3.5,1.29,,,WON,
2026-02-22T14:00:00+00:00,Premier League,Crystal Palace,Wolves,1X2 / Match Winner,Home,1.66,,,WON,
2026-02-22T14:00:00+00:00,Premier League,Nottingham Forest,Liverpool,Over/Under Goals,Under 3.5,1.45,,,WON,
2026-02-22T14:00:00+00:00,Premier League,Sunderland,Fulham,Over/Under Goals,Under 3.5,1.25,,,LOST,
2026-02-22T14:00:00+00:00,Premijer Liga,Zrinjski,Siroki Brijeg,Over/Under Goals,Under 3.5,1.23,,,WON,
2026-02-22T14:00:00+00:00,Prva HNL,NK Varazdin,Dinamo Zagreb,1X2 / Match Winner,Away,1.57,,,WON,
2026-02-22T14:00:00+00:00,Segunda Liga,Chaves,Farense,Over/Under Goals,Under 3.5,1.22,,,WON,
2026-02-22T14:00:00+00:00,Serie A,Atalanta,Napoli,Asian Handicap,Home +0,1.67,,,WON,
2026-02-22T14:00:00+00:00,Serie B,Juve Stabia,Modena,Over/Under Goals,Under 3.5,1.2,,,WON,
2026-02-22T14:00:00+00:00,Serie D - Girone A,Lavagnese,Derthona,Over/Under Goals,Under 2.5,1.74,,,WON,
2026-02-22T14:00:00+00:00,Serie D - Girone F,Vigor Senigallia,Sammaurese,Over/Under Goals,Under 3.5,1.28,,,LOST,
2026-02-22T14:00:00+00:00,Serie D - Girone I,Messina,Sambiase,Over/Under Goals,Under 3.5,1.15,,,WON,
2026-02-22T14:00:00+00:00,Super League 1,OFI,Panathinaikos,Over/Under Goals,Under 3.5,1.25,,,WON,
2026-02-22T14:00:00+00:00,Super League 1,Panserraikos,Volos NFC,Over/Under Goals,Under 3.5,1.2,,,WON,
2026-02-22T14:00:00+00:00,Super League,Kuala Lumpur FA,DPMM FC Brunei,Over/Under Goals,Under 3.5,1.7,,,LOST,
2026-02-22T14:00:00+00:00,Super League,Selangor,Kuching FA,Over/Under Goals,Under 3.5,1.45,,,WON,
2026-02-22T14:00:00+00:00,Svenska Cupen,Degerfors IF,trelleborgs FF,Over/Under Goals,Under 3.5,1.65,,,WON,
2026-02-22T14:00:00+00:00,Svenska Cupen,IF Elfsborg,Helsingborg,Over/Under Goals,Under 3.5,1.6,,,LOST,
2026-02-22T14:30:00+00:00,Bundesliga 1,SC Freiburg,Borussia Mönchengladbach,Asian Handicap,Home +0,1.4,,,WON,
2026-02-22T14:30:00+00:00,Czech Liga,Baník Ostrava,Mlada Boleslav,1X2 / Match Winner,Home,1.7,,,LOST,
2026-02-22T14:30:00+00:00,Czech Liga,Teplice,Sigma Olomouc,Over/Under Goals,Under 3.5,1.15,,,LOST,
2026-02-22T14:30:00+00:00,Regionalliga - Nord,Hamburger SV II,Bremer SV,Asian Handicap,Home +0,1.6,,,WON,
2026-02-22T14:30:00+00:00,Second League,Fratria,Marek,1X2 / Match Winner,Home,1.33,,,LOST,
2026-02-22T14:30:00+00:00,Serie A Women,Inter Milano W,Roma W,Asian Handicap,Home +0.25,1.45,,,LOST,
2026-02-22T14:30:00+00:00,Serie D - Girone D,Progresso,Rovato Vertovese,Over/Under Goals,Under 3.5,1.17,,,WON,
2026-02-22T14:30:00+00:00,Super Liga,Ružomberok,Slovan Bratislava,Asian Handicap,Home +1.25,1.62,,,WON,
2026-02-22T14:45:00+00:00,First League,CSKA 1948,Levski Sofia,Over/Under Goals,Under 3.5,1.3,,,LOST,
2026-02-22T15:00:00+00:00,1. Division,Apoel Nicosia,Omonia Nicosia,Over/Under Goals,Under 3.5,1.28,,,WON,
2026-02-22T15:00:00+00:00,Azadegan League,Nassaji Mazandaran,Saipa,Asian Handicap,Home +0.25,1.16,,,WON,
2026-02-22T15:00:00+00:00,Botola 2,Stade Marocain,Riadi Salmi,Double Chance,Draw/Away,1.53,,,WON,
2026-02-22T15:00:00+00:00,Campeonato de Portugal Prio - Group A,Bragança,Mirandela,1X2 / Match Winner,Home,1.68,,,WON,
2026-02-22T15:00:00+00:00,Campeonato de Portugal Prio - Group A,Brito,AR São Martinho,Over/Under Goals,Under 3.5,1.2,,,LOST,
2026-02-22T15:00:00+00:00,Campeonato de Portugal Prio - Group A,Celoricense,Os Limianos,Over/Under Goals,Under 3.5,1.19,,,WON,
2026-02-22T15:00:00+00:00,Campeonato de Portugal Prio - Group A,Ribeira Brava,Monção,Over/Under Goals,Under 3.5,1.25,,,WON,
2026-02-22T15:00:00+00:00,Campeonato de Portugal Prio - Group A,Vilaverdense,Chaves II,Over/Under Goals,Under 2.5,1.57,,,WON,
2026-02-22T15:00:00+00:00,Campeonato de Portugal Prio - Group B,Alpendorada,Cinfães,Over/Under Goals,Under 2.5,1.5,,,WON,
2026-02-22T15:00:00+00:00,Campeonato de Portugal Prio - Group B,Anadia,Vila Real,Over/Under Goals,Under 3.5,1.3,,,WON,
2026-02-22T15:00:00+00:00,Campeonato de Portugal Prio - Group B,Beira-Mar,Rebordosa,Over/Under Goals,Under 3.5,1.18,,,LOST,
2026-02-22T15:00:00+00:00,Campeonato de Portugal Prio - Group B,Gouveia,Leça,Over/Under Goals,Over 1.5,1.16,,,WON,
2026-02-22T15:00:00+00:00,Campeonato de Portugal Prio - Group B,Salgueiros,Aparecida,Over/Under Goals,Under 3.5,1.22,,,WON,
2026-02-22T15:00:00+00:00,Campeonato de Portugal Prio - Group B,União Lamas,Florgrade,Double Chance,Draw/Away,1.44,,,WON,
2026-02-22T15:00:00+00:00,Campeonato de Portugal Prio - Group B,Vila Meã,Resende,Double Chance,Home/Draw,1.17,,,WON,
2026-02-22T15:00:00+00:00,Campeonato de Portugal Prio - Group C,Fátima,Samora Correir,Over/Under Goals,Under 2.5,1.5,,,LOST,
2026-02-22T15:00:00+00:00,Campeonato de Portugal Prio - Group C,Mortágua,Peniche,Over/Under Goals,Under 3.5,1.2,,,WON,
2026-02-22T15:00:00+00:00,Campeonato de Portugal Prio - Group D,Lagoa,Moncarapachense,Over/Under Goals,Under 3.5,1.21,,,WON,
2026-02-22T15:00:00+00:00,Challenger Pro League,Beerschot VA,RWDM,Over/Under Goals,Under 3.5,1.48,,,WON,
2026-02-22T15:00:00+00:00,Challenger Pro League,Patro Eisden,SK Beveren,Team Total Goals,Over 0.5,1.25,,,WON,
2026-02-22T15:00:00+00:00,Jupiler Pro League,RAAL La Louvière,KV Mechelen,Over/Under Goals,Under 3.5,1.3,,,WON,
2026-02-22T15:00:00+00:00,Liga 3,Lusitano Évora 1911,Amora,Over/Under Goals,Under 3.5,1.18,,,WON,
2026-02-22T15:00:00+00:00,Liga 3,Paredes,Sanjoanense,Over/Under Goals,Under 3.5,1.27,,,LOST,
2026-02-22T15:00:00+00:00,Liga 3,SC Braga B,AD Marco 09,Over/Under Goals,Under 3.5,1.17,,,WON,
2026-02-22T15:00:00+00:00,National Division,F91 Dudelange,Mamer,1X2 / Match Winner,Home,1.25,,,LOST,
2026-02-22T15:00:00+00:00,National Division,Jeunesse Canach,US Hostert,Over/Under Goals,Under 3.5,1.42,,,WON,
2026-02-22T15:00:00+00:00,National Division,Rodange 91,FC Differdange 03,Over/Under Goals,Under 3.5,1.53,,,LOST,
2026-02-22T15:00:00+00:00,National Division,Swift Hesperange,UN Kaerjeng 97,Over/Under Goals,Under 3.5,1.36,,,WON,
2026-02-22T15:00:00+00:00,National Division,US Mondorf-les-bains,Atert Bissen,Double Chance,Draw/Away,1.6,,,LOST,
2026-02-22T15:00:00+00:00,National Division,Union Titus Petange,UNA Strassen,Over/Under Goals,Under 3.5,1.35,,,LOST,
2026-02-22T15:00:00+00:00,National Division,Victoria Rosport,Progres Niederkorn,Over/Under Goals,Under 2.5,1.7,,,LOST,
2026-02-22T15:00:00+00:00,Premier League,Sheger Ketema,Mebrat Hayl,Over/Under Goals,Under 2.5,1.25,,,WON,
2026-02-22T15:00:00+00:00,Premier League,Sidama Bunna,Welwalo Adigrat Uni,Over/Under Goals,Under 2.5,1.36,,,WON,
2026-02-22T15:00:00+00:00,Premiership,Celtic,Hibernian,Over/Under Goals,Over 1.5,1.15,,,WON,
2026-02-22T15:00:00+00:00,Premiership,Livingston,Rangers,Result + Total Goals,Away/Over 1.5,1.57,,,LOST,
2026-02-22T15:00:00+00:00,Primera Division,D. La Serena,Universidad de Concepcion,Double Chance,Draw/Away,1.55,,,WON,
2026-02-22T15:00:00+00:00,Primera División Femenina,Real Sociedad W,Espanyol W,Over/Under Goals,Under 3.5,1.44,,,WON,
2026-02-22T15:00:00+00:00,Primera División RFEF - Group 1,Mérida AD,Cacereño,Over/Under Goals,Under 3.5,1.2,,,WON,
2026-02-22T15:00:00+00:00,Prva Liga,Macva,Semendrija 1924,Over/Under Goals,Under 2.5,1.44,,,WON,
2026-02-22T15:00:00+00:00,Super Liga,FK Spartak Zdrepceva KRV,Radnicki 1923,Double Chance,Home/Draw,1.67,,,WON,
2026-02-22T15:00:00+00:00,Superligaen,Silkeborg,FC Midtjylland,1X2 / Match Winner,Away,1.57,,,WON,
2026-02-22T15:15:00+00:00,Azadegan League,Havadar,Fard Alborz,Over/Under Goals,Under 2.5,1.25,,,WON,
2026-02-22T15:20:00+00:00,Frauen Bundesliga,Bayern Munich W,VfL Wolfsburg W,Over/Under Goals,Over 1.5,1.18,,,WON,
2026-02-22T15:30:00+00:00,3. Liga,Erzgebirge Aue,Energie Cottbus,Over/Under Goals,Under 3.5,1.53,,,WON,
2026-02-22T15:30:00+00:00,Segunda Liga,Portimonense,Academico Viseu,Over/Under Goals,Under 3.5,1.25,,,WON,
2026-02-22T15:30:00+00:00,Super League,FC Lugano,Lausanne,Over/Under Goals,Over 1.5,1.2,,,WON,
2026-02-22T15:30:00+00:00,Super League,FC Luzern,FC Basel 1893,Over/Under Goals,Over 1.5,1.15,,,WON,
2026-02-22T15:30:00+00:00,Superliga,Flamurtari,Partizani,Double Chance,Draw/Away,1.44,,,WON,
2026-02-22T15:45:00+00:00,Eredivisie Women,Ajax W,Twente W,Team Total Goals,Over 0.5,1.17,,,LOST,
2026-02-22T15:45:00+00:00,Eredivisie,AZ Alkmaar,Sparta Rotterdam,Over/Under Goals,Over 1.5,1.2,,,WON,
2026-02-22T16:00:00+00:00,Liga 3,SC Covilha,Caldas,Over/Under Goals,Under 3.5,1.19,,,WON,
2026-02-22T16:00:00+00:00,NB II,Budapest Honved,Ajka,Over/Under Goals,Under 3.5,1.38,,,WON,
2026-02-22T16:00:00+00:00,NB II,Soroksar,Kozarmisleny FC,Double Chance,Home/Draw,1.44,,,WON,
2026-02-22T16:00:00+00:00,Primera Division,ADT,UTC Cajamarca,Over/Under Goals,Under 3.5,1.22,,,LOST,
2026-02-22T16:00:00+00:00,Segunda División RFEF - Group 2,Alfaro,Mutilvera,Double Chance,Draw/Away,1.61,,,LOST,
2026-02-22T16:00:00+00:00,Segunda División RFEF - Group 2,Ejea,UD Logroñés,Team Total Goals,Over 0.5,1.16,,,LOST,
2026-02-22T16:00:00+00:00,Segunda División RFEF - Group 2,Gernika,Sestao River,Double Chance,Home/Draw,1.49,,,WON,
2026-02-22T16:00:00+00:00,Segunda División RFEF - Group 2,SD Logroñés,Beasain,Over/Under Goals,Under 2.5,1.44,,,WON,
2026-02-22T16:00:00+00:00,Segunda División RFEF - Group 3,Espanyol II,Torrent,Over/Under Goals,Under 2.5,1.63,,,LOST,
2026-02-22T16:00:00+00:00,Segunda División RFEF - Group 3,Reddis,Valencia II,Over/Under Goals,Under 3.5,1.21,,,WON,
2026-02-22T16:00:00+00:00,Segunda División RFEF - Group 3,Terrassa,Castellón II,Over/Under Goals,Under 3.5,1.61,,,LOST,
2026-02-22T16:00:00+00:00,Segunda División RFEF - Group 4,Yeclano,La Unión Atlético,Double Chance,Draw/Away,1.57,,,LOST,
2026-02-22T16:00:00+00:00,Segunda División RFEF - Group 5,Orihuela,Navalcarnero,Over/Under Goals,Under 3.5,1.18,,,LOST,
2026-02-22T16:00:00+00:00,Super League 1,Larisa,PAOK,Team Total Goals,Under 2.5,1.45,,,WON,
2026-02-22T16:00:00+00:00,Super Liga,FK Crvena Zvezda,FK Partizan,1X2 / Match Winner,Home,1.53,,,WON,
2026-02-22T16:00:00+00:00,Svenska Cupen,Malmo FF,Varbergs BoIS FC,Over/Under Goals,Under 3.5,1.72,,,WON,
2026-02-22T16:00:00+00:00,Tipp3 Bundesliga,Lask Linz,Red Bull Salzburg,Over/Under Goals,Under 3.5,1.48,,,LOST,
2026-02-22T16:15:00+00:00,Ligue 1,Angers,Lille,Over/Under Goals,Under 3.5,1.28,,,WON,
2026-02-22T16:15:00+00:00,Ligue 1,Nantes,Le Havre,Asian Handicap,Away -0.5,1.6,,,LOST,
2026-02-22T16:15:00+00:00,Ligue 1,Nice,Lorient,Over/Under Goals,Over 1.5,1.28,,,WON,
2026-02-22T16:15:00+00:00,Serie B,Reggiana,Avellino,Over/Under Goals,Under 3.5,1.22,,,WON,
2026-02-22T16:30:00+00:00,Bundesliga 1,FC St. Pauli,Werder Bremen,Over/Under Goals,Under 3.5,1.2,,,WON,
2026-02-22T16:30:00+00:00,Ekstraklasa,Korona Kielce,Lech Poznan,Over/Under Goals,Under 3.5,1.44,,,WON,
2026-02-22T16:30:00+00:00,I Liga,Polonia Bytom,Pogoń Siedlce,Over/Under Goals,Under 3.5,1.4,,,WON,
2026-02-22T16:30:00+00:00,NB I,Paks,Gyori ETO FC,Over/Under Goals,Under 3.5,1.65,,,LOST,
2026-02-22T16:30:00+00:00,Premier League,Tottenham,Arsenal,Over/Under Goals,Over 1.5,1.25,,,WON,
2026-02-22T16:30:00+00:00,Serie C - Girone A,Arzignano Valchiampo,Ospitaletto,Over/Under Goals,Under 3.5,1.2,,,WON,
2026-02-22T16:30:00+00:00,Serie C - Girone A,Union Brescia,Pro Patria,Team Total Goals,Under 2.5,1.44,,,LOST,
2026-02-22T16:30:00+00:00,Serie C - Girone B,Athletic Carpi,Bra,Team Total Goals,Under 2.5,1.16,,,WON,
2026-02-22T16:30:00+00:00,Serie C - Girone C,Crotone,Foggia,Over/Under Goals,Under 3.5,1.36,,,LOST,
2026-02-22T16:30:00+00:00,Serie C - Girone C,Sorrento,Siracusa,Asian Handicap,Home +0.25,1.45,,,WON,
2026-02-22T16:45:00+00:00,Prva HNL,HNK Hajduk Split,HNK Rijeka,Over/Under Goals,Under 3.5,1.22,,,WON,
2026-02-22T17:00:00+00:00,1. Division,Omonia Aradippou,AEK Larnaca,Over/Under Goals,Under 3.5,1.36,,,WON,
2026-02-22T17:00:00+00:00,Liga Nacional,Aurora,Comunicaciones,Over/Under Goals,Under 3.5,1.22,,,WON,
2026-02-22T17:00:00+00:00,Primera División Femenina,Sevilla W,Atletico Madrid W,Team Total Goals,Over 0.5,1.42,,,WON,
2026-02-22T17:00:00+00:00,Primera División,CS Cartagines,Municipal Liberia,Over/Under Goals,Under 3.5,1.22,,,WON,
2026-02-22T17:00:00+00:00,Segunda División RFEF - Group 4,Lorca Deportiva,Antoniano,Over/Under Goals,Under 3.5,1.18,,,WON,
2026-02-22T17:00:00+00:00,Segunda División RFEF - Group 4,Xerez Deportivo,Extremadura 1924,Double Chance,Home/Draw,1.44,,,WON,
2026-02-22T17:00:00+00:00,Segunda División RFEF - Group 4,Águilas,Málaga II,Over/Under Goals,Under 3.5,1.26,,,LOST,
2026-02-22T17:00:00+00:00,Segunda División RFEF - Group 5,Real Madrid III,RSD Alcalá,Over/Under Goals,Under 3.5,1.2,,,LOST,
2026-02-22T17:00:00+00:00,Serie A Women,Fiorentina W,Sassuolo W,Over/Under Goals,Under 3.5,1.4,,,LOST,
2026-02-22T17:00:00+00:00,Serie A,AC Milan,Parma,Over/Under Goals,Over 1.5,1.25,,,LOST,
2026-02-22T17:00:00+00:00,Super League 1,Aris Thessalonikis,Kifisia,Double Chance,Home/Draw,1.15,,,WON,
2026-02-22T17:00:00+00:00,Super Lig,Beşiktaş,Göztepe,Team Total Goals,Over 0.5,1.15,,,WON,
2026-02-22T17:00:00+00:00,Super Lig,Fatih Karagümrük,Samsunspor,Team Total Goals,Under 2.5,1.18,,,WON,
2026-02-22T17:00:00+00:00,Super Liga,FK Košice,Žilina,Double Chance,Home/Draw,1.5,,,WON,
2026-02-22T17:00:00+00:00,Superligaen,Aarhus,Viborg,Over/Under Goals,Under 3.5,1.45,,,LOST,
2026-02-22T17:00:00+00:00,TFF 1. Lig,BB Bodrumspor,Manisa BBSK,1X2 / Match Winner,Home,1.67,,,LOST,
2026-02-22T17:15:00+00:00,Primera División RFEF - Group 2,Real Murcia,FC Cartagena,Over/Under Goals,Under 2.5,1.36,,,LOST,
2026-02-22T17:30:00+00:00,Czech Liga,Plzen,Sparta Praha,Over/Under Goals,Under 3.5,1.36,,,WON,
2026-02-22T17:30:00+00:00,Frauen Bundesliga,SGS Essen W,RB Leipzig W,Over/Under Goals,Under 3.5,1.45,,,LOST,
2026-02-22T17:30:00+00:00,Jupiler Pro League,Zulte Waregem,Anderlecht,Double Chance,Home/Draw,1.67,,,LOST,
2026-02-22T17:30:00+00:00,La Liga,Celta Vigo,Mallorca,Over/Under Goals,Over 1.5,1.4,,,WON,
2026-02-22T17:30:00+00:00,Primera División RFEF - Group 1,Barakaldo,Osasuna II,Over/Under Goals,Under 3.5,1.25,,,WON,
2026-02-22T17:30:00+00:00,Pro League,Al Nasr,Khorfakkan,Over/Under Goals,Under 3.5,1.53,,,LOST,
2026-02-22T17:30:00+00:00,Pro League,Baniyas SC,Al Ain,Over/Under Goals,Under 3.5,1.53,,,LOST,
2026-02-22T17:30:00+00:00,Segunda Division,Racing Santander,Burgos,Over/Under Goals,Under 3.5,1.22,,,WON,
2026-02-22T18:00:00+00:00,Liga I,Unirea Slobozia,Universitatea Craiova,Over/Under Goals,Under 3.5,1.3,,,WON,
2026-02-22T18:00:00+00:00,Liga MX Femenil,Puebla W,Mazatlán W,Asian Handicap,Home +0.25,1.48,,,LOST,
2026-02-22T18:00:00+00:00,Liga Pro,Macara,Leones del Norte,Over/Under Goals,Under 3.5,1.22,,,WON,
2026-02-22T18:00:00+00:00,Primeira Liga,Estoril,GIL Vicente,Over/Under Goals,Over 1.5,1.3,,,WON,
2026-02-22T18:00:00+00:00,Segunda Liga,Lusitânia Lourosa,Feirense,Double Chance,Home/Draw,1.42,,,WON,
2026-02-22T18:00:00+00:00,Super League 1,AEK Athens FC,Levadiakos,1X2 / Match Winner,Home,1.42,,,WON,
2026-02-22T18:00:00+00:00,Super Liga,TSC Backa Topola,Cukaricki,Over/Under Goals,Under 3.5,1.3,,,WON,
2026-02-22T18:15:00+00:00,Jupiler Pro League,KVC Westerlo,Charleroi,Over/Under Goals,Under 3.5,1.38,,,WON,
2026-02-22T18:15:00+00:00,Ligat Ha'al,Hapoel Beer Sheva,Hapoel Haifa,1X2 / Match Winner,Home,1.25,,,LOST,
2026-02-22T18:15:00+00:00,Primera Division,Club Deportivo Los Chankas,Sport Huancayo,Over/Under Goals,Under 3.5,1.25,,,LOST,
2026-02-22T18:15:00+00:00,Primera División RFEF - Group 2,Antequera,Europa Fc,Double Chance,Draw/Away,1.5,,,WON,
2026-02-22T18:30:00+00:00,3. Liga,Hoffenheim II,FC Viktoria Köln,Over/Under Goals,Under 3.5,1.48,,,LOST,
2026-02-22T18:30:00+00:00,Bundesliga 1,1. FC Heidenheim,VfB Stuttgart,Over/Under Goals,Under 3.5,1.6,,,LOST,
2026-02-22T18:30:00+00:00,Stars League,Al Wakrah,Al Sadd,Team Total Goals,Under 2.5,1.57,,,LOST,
2026-02-22T18:30:00+00:00,Stars League,Al-Rayyan SC,Al Ahli Doha,1X2 / Match Winner,Home,1.53,,,WON,
2026-02-22T19:00:00+00:00,Alagoano,ASA,Murici Fc,1X2 / Match Winner,Home,1.52,,,WON,
2026-02-22T19:00:00+00:00,Baiano - 1,Jacuipense,Bahia de Feira,Team Total Goals,Under 2.5,1.19,,,LOST,
2026-02-22T19:00:00+00:00,Baiano - 1,Vitoria,Galícia,Team Total Goals,Under 2.5,1.42,,,LOST,
2026-02-22T19:00:00+00:00,Capixaba,Desportiva ES,Vilavelhense,Over/Under Goals,Under 2.5,1.65,,,WON,
2026-02-22T19:00:00+00:00,Eredivisie,Feyenoord,Telstar,1X2 / Match Winner,Home,1.28,,,WON,
2026-02-22T19:00:00+00:00,Maranhense,Maranhão,IAPE,Over/Under Goals,Under 2.5,1.65,,,WON,
2026-02-22T19:00:00+00:00,Paranaense - 1,Atletico Paranaense,Londrina,1X2 / Match Winner,Home,1.65,,,LOST,
2026-02-22T19:00:00+00:00,Paulista - A1,Novorizontino,Santos,Over/Under Goals,Under 3.5,1.25,,,WON,
2026-02-22T19:30:00+00:00,Primera División RFEF - Group 2,Eldense,Alcorcon,Double Chance,Home/Draw,1.25,,,WON,
2026-02-22T19:30:00+00:00,Primera División RFEF - Group 2,Teruel,Ibiza,BTTS,No,1.57,,,WON,
2026-02-22T19:30:00+00:00,Primera División,Trujillanos FC,Portuguesa FC,Over/Under Goals,Under 2.5,1.5,,,LOST,
2026-02-22T19:30:00+00:00,Serie C - Girone A,Lecco,Albinoleffe,Over/Under Goals,Under 3.5,1.22,,,WON,
2026-02-22T19:45:00+00:00,Ligue 1,Strasbourg,Lyon,Double Chance,Draw/Away,1.57,,,LOST,
2026-02-22T19:45:00+00:00,Serie A,AS Roma,Cremonese,1X2 / Match Winner,Home,1.43,,,WON,
2026-02-22T20:00:00+00:00,Goiano - 1,Atletico Goianiense,Vila Nova,Over/Under Goals,Under 3.5,1.17,,,WON,
2026-02-22T20:00:00+00:00,La Liga,Villarreal,Valencia,Over/Under Goals,Under 3.5,1.4,,,WON,
2026-02-22T20:00:00+00:00,Primera B Metropolitana,Liniers,San Martín Burzaco,Asian Handicap,Home +0.25,1.42,,,WON,
2026-02-22T20:00:00+00:00,Primera B Metropolitana,Talleres Remedios,Argentino Quilmes,Over/Under Goals,Under 2.5,1.38,,,WON,
2026-02-22T20:00:00+00:00,Primera B Metropolitana,Villa Dalmine,Deportivo Merlo,Asian Handicap,Home +0.25,1.45,,,LOST,
2026-02-22T20:00:00+00:00,Primera B Metropolitana,Villa San Carlos,Ituzaingó,Double Chance,Home/Draw,1.17,,,WON,
2026-02-22T20:00:00+00:00,Primera B,Bogota FC,Popayan,Over/Under Goals,Under 2.5,1.51,,,LOST,
2026-02-22T20:00:00+00:00,Primera B,Real Soacha,Orsomarso,Over/Under Goals,Under 3.5,1.15,,,WON,
2026-02-22T20:00:00+00:00,Primera Division,San Lorenzo,Estudiantes de Rio Cuarto,Over/Under Goals,Under 2.5,1.35,,,WON,
2026-02-22T20:00:00+00:00,Primera División - Apertura,Juventud,Central Espanol,Over/Under Goals,Under 3.5,1.17,,,WON,
2026-02-22T20:00:00+00:00,Primera Nacional,Almirante Brown,All Boys,Asian Handicap,Home +0.25,1.48,,,WON,
2026-02-22T20:00:00+00:00,Primera Nacional,Chacarita Juniors,Gimnasia Jujuy,Over/Under Goals,Under 2.5,1.33,,,LOST,
2026-02-22T20:00:00+00:00,Primera Nacional,Ciudad de Bolívar,Los Andes,Asian Handicap,Home +0,1.58,,,WON,
2026-02-22T20:00:00+00:00,Primera Nacional,Defensores De Belgrano,Godoy Cruz,Over/Under Goals,Under 2.5,1.33,,,WON,
2026-02-22T20:00:00+00:00,Segunda Division,Malaga,Albacete,Over/Under Goals,Under 3.5,1.3,,,WON,
2026-02-22T20:30:00+00:00,Liga Pro,Delfin SC,Deportivo Cuenca,Over/Under Goals,Under 3.5,1.25,,,WON,
2026-02-22T20:30:00+00:00,Primeira Liga,FC Porto,Rio Ave,Over/Under Goals,Under 3.5,1.62,,,WON,
2026-02-22T20:30:00+00:00,Primera Division,Atletico Grau,Juan Pablo II College,Asian Handicap,Home +0.25,1.15,,,LOST,
2026-02-22T21:00:00+00:00,Carioca - 1,Vasco DA Gama,Fluminense,Over/Under Goals,Under 3.5,1.26,,,WON,
2026-02-22T21:00:00+00:00,Catarinense - 1,Chapecoense-sc,Brusque,Asian Handicap,Away -1.25,1.49,,,LOST,
2026-02-22T21:00:00+00:00,Liga Nacional,Mictlán,Marquense,Over/Under Goals,Under 2.5,1.62,,,LOST,
2026-02-22T21:00:00+00:00,Liga Nacional,Platense FC,Juticalpa,Double Chance,Home/Draw,1.18,,,WON,
2026-02-22T21:00:00+00:00,Liga Panameña de Fútbol,Union Cocle,CD Arabe Unido,Over/Under Goals,Under 2.5,1.5,,,WON,
2026-02-22T21:00:00+00:00,Mineiro - 1,Atletico-MG,America Mineiro,Double Chance,Home/Draw,1.15,,,WON,
2026-02-22T21:00:00+00:00,Primera A,Santa Fe,Junior,Over/Under Goals,Under 3.5,1.25,,,WON,
2026-02-22T21:00:00+00:00,Primera Division,A. Italiano,Everton de Vina,Over/Under Goals,Under 3.5,1.2,,,WON,
2026-02-22T21:00:00+00:00,Primera Division,Cacahuatique,FAS,Double Chance,Home/Draw,1.57,,,LOST,
2026-02-22T21:00:00+00:00,Primera Division,Diriangén,Managua,Asian Handicap,Home +0.25,1.15,,,WON,
2026-02-22T21:00:00+00:00,Primera Division,Fuerte San Francisco,Zacatecoluca,Over/Under Goals,Under 2.5,1.73,,,LOST,
2026-02-22T21:00:00+00:00,Primera Division,H&H Export,UNAN Managua,Over/Under Goals,Under 3.5,1.33,,,LOST,
2026-02-22T21:00:00+00:00,Primera División,Perez Zeledon,Guadalupe FC,Over/Under Goals,Under 3.5,1.3,,,WON,
2026-02-22T21:00:00+00:00,Primera Nacional,Central Norte,Colon Santa Fe,Double Chance,Home/Draw,1.29,,,WON,
2026-02-22T21:15:00+00:00,Primera Division,Platense,Isidro Metapán,Over/Under Goals,Under 2.5,1.62,,,WON,
2026-02-22T21:30:00+00:00,Primera División,Caracas FC,UCV,Double Chance,Home/Draw,1.45,,,LOST,
2026-02-22T22:00:00+00:00,Botola Pro,CR Khemis Zemamra,Hassania Agadir,Over/Under Goals,Under 3.5,1.18,,,WON,
2026-02-22T22:00:00+00:00,Botola Pro,Raja Casablanca,Ittihad Tanger,Over/Under Goals,Under 2.5,1.85,,,WON,
2026-02-22T22:00:00+00:00,Botola Pro,Renaissance Berkane,FUS Rabat,Over/Under Goals,Under 3.5,1.2,,,WON,
2026-02-22T22:00:00+00:00,Division di Honor,Bubali,River Plate,1X2 / Match Winner,Home,1.64,,,LOST,
2026-02-22T22:00:00+00:00,Liga Mayor,Cibao,Moca,1X2 / Match Winner,Home,1.57,,,WON,
2026-02-22T22:15:00+00:00,Primera Division,Velez Sarsfield,River Plate,Double Chance,Home/Draw,1.45,,,WON,
2026-02-22T23:00:00+00:00,Gaúcho - 1,Sao Jose,Novo Hamburgo,Over/Under Goals,Under 3.5,1.15,,,WON,
2026-02-22T23:00:00+00:00,Liga MX Femenil,Necaxa W,Querétaro W,Over/Under Goals,Under 3.5,1.48,,,WON,
2026-02-22T23:00:00+00:00,Liga MX,U.N.A.M. - Pumas,Monterrey,Asian Handicap,Home +0.5,1.62,,,WON,
2026-02-22T23:00:00+00:00,Liga Pro,Independiente del Valle,Guayaquil City FC,Over/Under Goals,Under 3.5,1.53,,,WON,
2026-02-22T23:00:00+00:00,Primera B Metropolitana,Brown DE Adrogue,Deportivo Armenio,Over/Under Goals,Under 2.5,1.4,,,WON,
2026-02-22T23:00:00+00:00,Primera Nacional,Atletico Mitre,CA Estudiantes,Asian Handicap,Home +0.25,1.55,,,WON,
2026-02-22T23:00:00+00:00,Primera Nacional,Temperley,Agropecuario,Over/Under Goals,Under 2.5,1.4,,,WON,
2026-02-22T23:10:00+00:00,Primera A,Chico,Águilas Doradas,Over/Under Goals,Under 3.5,1.15,,,WON,
2026-02-22T23:30:00+00:00,Carioca - 1,Madureira,Flamengo,Over/Under Goals,Under 3.5,1.65,,,WON,
2026-02-22T23:30:00+00:00,Primera B,D. Puerto Montt,Deportes Copiapo,Over/Under Goals,Under 3.5,1.16,,,WON,
2026-02-22T23:30:00+00:00,Primera Division,Cusco,Comerciantes Unidos,Over/Under Goals,Under 3.5,1.36,,,LOST,
2026-02-22T23:30:00+00:00,Primera Division,Universidad de Chile,Deportes Limache,Over/Under Goals,Under 3.5,1.45,,,LOST,
2026-02-22T23:30:00+00:00,Primera División - Apertura,Penarol,Deportivo Maldonado,Asian Handicap,Away -1.25,1.62,,,WON,
2026-02-22T23:30:00+00:00,Primera División,Monagas SC,Deportivo Tachira FC,Over/Under Goals,Under 3.5,1.28,,,LOST,
2026-02-23T00:00:00+00:00,Division di Honor,Estrella,Dakota,Over/Under Goals,Over 2.5,1.17,,,WON,
2026-02-23T00:00:00+00:00,Liga Nacional,CD Olimpia,CD Motagua,Over/Under Goals,Under 3.5,1.28,,,WON,
2026-02-23T00:00:00+00:00,Major League Soccer,Los Angeles Galaxy,New York City FC,Double Chance,Home/Draw,1.48,,,WON,
2026-02-23T00:00:00+00:00,Primera División,San Carlos,CS Herediano,Over/Under Goals,Under 3.5,1.25,,,WON,
2026-02-23T00:30:00+00:00,Primera Division,Union Santa Fe,Aldosivi,Over/Under Goals,Under 3.5,1.15,,,WON,
2026-02-23T01:00:00+00:00,Primera Division,Matagalpa,Real Estelí,Double Chance,Draw/Away,1.2,,,WON,
2026-02-23T01:06:00+00:00,Liga MX Femenil,Pachuca W,Juárez W,Over/Under Goals,Under 3.5,1.62,,,WON,
2026-02-23T01:30:00+00:00,Primera A,America de Cali,Jaguares,Over/Under Goals,Over 1.5,1.3,,,WON,
2026-02-23T02:00:00+00:00,Liga Nacional,Xelajú,Mixco,Over/Under Goals,Under 3.5,1.17,,,WON,
2026-02-23T02:15:00+00:00,Major League Soccer,Seattle Sounders,Colorado Rapids,Over/Under Goals,Over 1.5,1.18,,,WON,
2026-02-23T10:30:00+00:00,TFF 1. Lig,Sivasspor,Sakaryaspor,Over/Under Goals,Under 3.5,1.35,,,LOST,
2026-02-23T11:00:00+00:00,Division Profesional - Apertura,Sportivo Luqueno,Club Guarani,Double Chance,Draw/Away,1.67,,,LOST,
2026-02-23T12:00:00+00:00,Prva Liga,Grafičar,FAP,Over/Under Goals,Under 3.5,1.17,,,WON,
2026-02-23T12:00:00+00:00,Superliga,Drenica Skënderaj,Prishtina e Re,Double Chance,Home/Draw,1.15,,,LOST,
2026-02-23T12:30:00+00:00,Premier League,Hougang United,Tanjong Pagar,1X2 / Match Winner,Home,1.53,,,WON,
2026-02-23T13:00:00+00:00,First League,Makedonija GjP,Tikveš,Double Chance,Home/Draw,1.44,,,LOST,
2026-02-23T13:00:00+00:00,Professional Development League,AFC Bournemouth U21,Millwall U21,1X2 / Match Winner,Home,1.64,,,WON,
2026-02-23T13:00:00+00:00,Professional Development League,Crewe Alexandra U21,Peterborough United U21,Asian Handicap,Home +1.25,1.48,,,WON,
2026-02-23T13:00:00+00:00,TFF 1. Lig,Pendikspor,Keçiörengücü,Over/Under Goals,Under 3.5,1.42,,,WON,
2026-02-23T13:30:00+00:00,Liga 1,PSIM Yogyakarta,Bali United,1X2 / Match Winner,Draw,3.35,,,WON,
2026-02-23T13:30:00+00:00,Liga 2,Persipal,Persiba Balikpapan,Asian Handicap,Home +1.25,1.52,,,WON,
2026-02-23T13:30:00+00:00,Premier League,Kudrivka,Zorya Luhansk,Double Chance,Home/Draw,1.62,,,WON,
2026-02-23T15:00:00+00:00,Liga I,Csikszereda,AFC Hermannstadt,Over/Under Goals,Under 3.5,1.23,,,WON,
2026-02-23T15:00:00+00:00,Super Liga,Javor,Mladost Lucani,Over/Under Goals,Under 3.5,1.2,,,WON,
2026-02-23T16:00:00+00:00,First League,Botev Plovdiv,Ludogorets,Over/Under Goals,Under 3.5,1.3,,,WON,
2026-02-23T16:45:00+00:00,NB II,Fehérvár FC,Kecskeméti TE,Over/Under Goals,Under 3.5,1.25,,,WON,
2026-02-23T17:00:00+00:00,Frauen Bundesliga,Eintracht Frankfurt W,SC Freiburg W,Over/Under Goals,Under 3.5,1.7,,,WON,
2026-02-23T17:00:00+00:00,I Liga,Stal Mielec,ŁKS Łódź,Over/Under Goals,Under 3.5,1.44,,,WON,
2026-02-23T17:00:00+00:00,Liga Leumit,Bnei Yehuda,Maccabi Petah Tikva,Asian Handicap,Home +1.25,1.4,,,WON,
2026-02-23T17:00:00+00:00,Liga Leumit,Ironi Modi'in,Hapoel Kfar Shalem,Double Chance,Home/Draw,1.7,,,WON,
2026-02-23T17:00:00+00:00,Super Lig,Fenerbahçe,Kasımpaşa,Over/Under Goals,Over 1.5,1.16,,,WON,
2026-02-23T17:00:00+00:00,TFF 1. Lig,Amed,Van BB,1X2 / Match Winner,Home,1.6,,,WON,
2026-02-23T17:30:00+00:00,Serie A,Fiorentina,Pisa,Over/Under Goals,Over 1.5,1.24,,,LOST,
2026-02-23T18:00:00+00:00,A Lyga,FK Trakai,Kauno Žalgiris,1X2 / Match Winner,Draw,7.15,,,LOST,
2026-02-23T18:00:00+00:00,Ekstraklasa,Lechia Gdansk,Zaglebie Lubin,Over/Under Goals,Over 1.5,1.24,,,WON,
2026-02-23T18:00:00+00:00,Liga I,FCSB,Metaloglobus,Over/Under Goals,Under 3.5,1.83,,,LOST,
2026-02-23T18:00:00+00:00,Liga Leumit,Kiryat Yam SC,Kafr Qasim,Over/Under Goals,Under 3.5,1.3,,,WON,
2026-02-23T18:00:00+00:00,Premier League,Al-Hidd,Sitra,Over/Under Goals,Under 3.5,1.25,,,LOST,
2026-02-23T18:00:00+00:00,Superligaen,Brondby,Sonderjyske,Over/Under Goals,Under 3.5,1.43,,,WON,
2026-02-23T18:00:00+00:00,Svenska Cupen,Gais,Landskrona BoIS,Over/Under Goals,Over 2.5,1.4,,,WON,
2026-02-23T18:30:00+00:00,Ligat Ha'al,Maccabi Netanya,Beitar Jerusalem,Over/Under Goals,Under 3.5,1.62,,,LOST,
2026-02-23T18:30:00+00:00,Premier League,Al Salmiyah,Al Arabi,Over/Under Goals,Under 3.5,1.33,,,WON,
2026-02-23T18:30:00+00:00,Premier League,Kazma,Al Qadsia,Over/Under Goals,Under 3.5,1.25,,,LOST,
2026-02-23T19:00:00+00:00,Eerste Divisie,Emmen,Jong Ajax,BTTS,Yes,1.5,,,LOST,
2026-02-23T19:00:00+00:00,Eerste Divisie,Jong AZ,Den Bosch,Over/Under Goals,Over 2.5,1.41,,,WON,
2026-02-23T19:00:00+00:00,NB I,MTK Budapest,Ferencvarosi TC,Over/Under Goals,Over 1.5,1.17,,,WON,
2026-02-23T19:00:00+00:00,Premier League 2 Division One,Burnley U21,Derby County U21,Double Chance,Home/Draw,1.4,,,WON,
2026-02-23T19:00:00+00:00,Premier League 2 Division One,Leicester City U21,Manchester United U21,Team Total Goals,Under 2.5,1.48,,,LOST,
2026-02-23T19:00:00+00:00,Premier League 2 Division One,Reading U21,Arsenal U21,Double Chance,Home/Draw,1.67,,,LOST,
2026-02-23T19:00:00+00:00,Premier League 2 Division One,West Bromwich Albion U21,Blackburn Rovers U21,Team Total Goals,Under 2.5,1.15,,,WON,
2026-02-23T19:00:00+00:00,Premier League 2 Division One,West Ham United U21,Crystal Palace U21,Double Chance,Home/Draw,1.44,,,WON,
2026-02-23T19:00:00+00:00,Premier League,Hamrun Spartans,Marsaxlokk,Over/Under Goals,Under 2.5,1.7,,,WON,
2026-02-23T19:00:00+00:00,Pro League,Al Shabab,Al Riyadh,1X2 / Match Winner,Home,1.66,,,WON,
2026-02-23T19:00:00+00:00,Pro League,Al-Fateh,Al Okhdood,Double Chance,Home/Draw,1.17,,,WON,
2026-02-23T19:00:00+00:00,Pro League,Al-Qadisiyah FC,Al-Ettifaq,Over/Under Goals,Under 3.5,1.67,,,LOST,
2026-02-23T19:00:00+00:00,Pro League,Damac,Al-Ahli Jeddah,Result + Total Goals,Away/Over 1.5,1.41,,,LOST,
2026-02-23T19:30:00+00:00,Premier League,El Gouna FC,El Mokawloon,Double Chance,Home/Draw,1.42,,,WON,
2026-02-23T19:30:00+00:00,Premier League,Kahraba Ismailia,El Geish,Double Chance,Home/Draw,1.6,,,WON,
2026-02-23T19:30:00+00:00,Premier League,Smouha SC,Al Ahly,Asian Handicap,Home +1.25,1.41,,,WON,
2026-02-23T19:30:00+00:00,Segunda Division,Cadiz,Real Sociedad II,Over/Under Goals,Under 3.5,1.24,,,WON,
2026-02-23T19:30:00+00:00,Serie C - Girone A,Virtus Verona,Vicenza Virtus,Over/Under Goals,Under 3.5,1.28,,,WON,
2026-02-23T19:30:00+00:00,Serie C - Girone B,Ternana,Forli,Over/Under Goals,Under 3.5,1.25,,,WON,
2026-02-23T19:45:00+00:00,Ligue 2,Le Mans,Guingamp,1X2 / Match Winner,Draw,3.3,,,WON,
2026-02-23T19:45:00+00:00,National League - South,Chelmsford City,Hemel Hempstead Town,Double Chance,Draw/Away,1.67,,,LOST,
2026-02-23T19:45:00+00:00,Non League Premier - Southern Central,Barwell,Halesowen Town,Asian Handicap,Home +1.25,1.41,,,LOST,
2026-02-23T19:45:00+00:00,Serie A,Bologna,Udinese,Double Chance,Home/Draw,1.23,,,WON,
2026-02-23T20:00:00+00:00,Carioca - 1,CFRJ / Maricá,Portuguesa RJ,Over/Under Goals,Under 3.5,1.22,,,WON,
2026-02-23T20:00:00+00:00,La Liga,Alaves,Girona,1X2 / Match Winner,Draw,3.1,,,WON,
2026-02-23T20:00:00+00:00,League Two,Walsall,Milton Keynes Dons,Over/Under Goals,Under 3.5,1.25,,,WON,
2026-02-23T20:00:00+00:00,Premier Division,Shamrock Rovers,Dundalk,Team Total Goals,Over 0.5,1.57,,,WON,
2026-02-23T20:00:00+00:00,Premier League,Everton,Manchester United,Over/Under Goals,Under 3.5,1.44,,,WON,
2026-02-23T20:00:00+00:00,Primera B Metropolitana,UAI Urquiza,Deportivo Camioneros,Over/Under Goals,Under 2.5,1.4,,,WON,
2026-02-23T20:00:00+00:00,Primera C,Deportivo Español,Yupanqui,Over/Under Goals,Under 2.5,1.44,,,LOST,
2026-02-23T20:00:00+00:00,Primera Division,UCV Moquegua,Deportivo Garcilaso,Over/Under Goals,Under 3.5,1.2,,,WON,
2026-02-23T20:15:00+00:00,Primeira Liga,Famalicao,Casa Pia,Over/Under Goals,Under 3.5,1.31,,,WON,
2026-02-23T20:15:00+00:00,Segunda Liga,FC Porto B,Pacos Ferreira,Asian Handicap,Home +0,1.5,,,WON,
2026-02-23T21:00:00+00:00,Primera A,Cucuta,Deportes Tolima,Asian Handicap,Home +0.5,1.57,,,WON,
2026-02-23T21:00:00+00:00,Primera B,Cobreloa,Deportes Temuco,Over/Under Goals,Under 3.5,1.35,,,LOST,
2026-02-23T21:30:00+00:00,Primera División,Zamora FC,Deportivo La Guaira,Over/Under Goals,Under 3.5,1.15,,,WON,
2026-02-23T22:00:00+00:00,Capixaba,Forte FC,Vitória ES,Over/Under Goals,Under 3.5,1.16,,,WON,
2026-02-23T22:00:00+00:00,Gaúcho - 1,Monsoon,Avenida,Over/Under Goals,Under 2.5,1.43,,,WON,
2026-02-23T22:00:00+00:00,Premier League,Racing United,Chapelton,Over/Under Goals,Under 2.5,1.65,,,WON,
2026-02-23T22:30:00+00:00,Primera División,Academia Anzoátegui,Estudiantes de Merida FC,Over/Under Goals,Under 3.5,1.19,,,WON,
2026-02-23T23:00:00+00:00,Acreano,Rio Branco,Santa Cruz AC,Double Chance,Draw/Away,1.55,,,WON,
2026-02-23T23:00:00+00:00,Carioca - 1,Sampaio Corrêa RJ,Nova Iguaçu,Over/Under Goals,Over 1.5,1.42,,,WON,
2026-02-23T23:30:00+00:00,Primera B,Curico Unido,Magallanes,Over/Under Goals,Under 3.5,1.21,,,WON,
2026-02-24T00:00:00+00:00,Primera B,Ind. Yumbo,Real Santander,Over/Under Goals,Under 3.5,1.22,,,WON,
2026-02-24T00:30:00+00:00,Brasileiro U20 A,Palmeiras U20,São Paulo U20,Over/Under Goals,Over 1.5,1.16,,,WON,
2026-02-24T00:30:00+00:00,Liga Pro,Libertad,Manta FC,Team Total Goals,Over 0.5,1.48,,,LOST,
2026-02-24T01:00:00+00:00,Liga de Ascenso,Inter San Carlos,AD Cofutpa,Over/Under Goals,Over 1.5,1.18,,,WON,
2026-02-24T11:00:00+00:00,Birinci Dasta,Şimal,Cəbrayıl,Double Chance,Draw/Away,1.27,,,LOST,
2026-02-24T11:00:00+00:00,Premyer Liqa,Qabala,Turan,Over/Under Goals,Under 3.5,1.16,,,WON,
2026-02-24T12:00:00+00:00,Liga 1,Malut United,Persija,Asian Handicap,Home +0.25,1.55,,,LOST,
2026-02-24T13:00:00+00:00,Birinci Dasta,Səbail,Baku Sportinq,1X2 / Match Winner,Draw,3.3,,,WON,
2026-02-24T13:00:00+00:00,Cup,Shkëndija Haraçinë,FK Rabotnicki,Double Chance,Home/Draw,1.4,,,WON,
2026-02-24T13:00:00+00:00,Professional Development League,Bristol City U21,Queens Park Rangers U21,Over/Under Goals,Under 3.5,1.85,,,WON,
2026-02-24T13:00:00+00:00,Professional Development League,Coventry City U21,Sheffield United U21,Over/Under Goals,Under 3.5,1.81,,,WON,
2026-02-24T13:00:00+00:00,UEFA Youth League,Internazionale U19,Real Betis U19,Over/Under Goals,Over 1.5,1.17,,,WON,
2026-02-24T13:30:00+00:00,Liga 1,Bhayangkara FC,Semen Padang,Over/Under Goals,Under 3.5,1.27,,,LOST,
2026-02-24T13:30:00+00:00,Professional Development League,Charlton Athletic U21,Swansea City U21,Asian Handicap,Home +0.25,1.43,,,WON,
2026-02-24T13:30:00+00:00,Second NL,Lucko,Trnje,Asian Handicap,Away -1.25,1.47,,,WON,
2026-02-24T14:00:00+00:00,Professional Development League,Cardiff City U21,Colchester United U21,Asian Handicap,Away -1.25,1.86,,,LOST,
2026-02-24T15:00:00+00:00,Friendlies Clubs,Flora Tallinn,Riga,Over/Under Goals,Under 3.5,1.58,,,WON,
2026-02-24T15:00:00+00:00,UEFA Youth League,Eintracht Frankf U19,Sporting CP U19,Asian Handicap,Home +1.25,1.4,,,WON,
2026-02-24T15:30:00+00:00,Liga II,Concordia,Corvinul Hunedoara,Over/Under Goals,Under 2.5,1.7,,,WON,
2026-02-24T15:30:00+00:00,Second League,Yantra 2019,Etar Veliko Tarnovo,Over/Under Goals,Under 3.5,1.21,,,LOST,
2026-02-24T17:30:00+00:00,Premier Soccer League,Amazulu,Mamelodi Sundowns,Over/Under Goals,Under 3.5,1.2,,,WON,
2026-02-24T17:30:00+00:00,Premier Soccer League,Kaizer Chiefs,Stellenbosch,Over/Under Goals,Under 3.5,1.19,,,WON,
2026-02-24T17:45:00+00:00,UEFA Champions League,Atletico Madrid,Club Brugge KV,Over/Under Goals,Over 1.5,1.15,,,WON,
2026-02-24T18:00:00+00:00,Regionalliga - Bayern,Bayern München II,SpVgg Unterhaching,Asian Handicap,Away -0.25,1.42,,,LOST,
2026-02-24T18:00:00+00:00,Regionalliga - West,Sportfreunde Siegen,Paderborn II,Asian Handicap,Away -1.25,1.45,,,WON,
2026-02-24T18:10:00+00:00,Regionalliga - Ost,Favoritner AC,Union Mauer,Over/Under Goals,Under 3.5,1.37,,,WON,
2026-02-24T18:30:00+00:00,Premier League,Al Tadhamon,Al Jahra,Double Chance,Draw/Away,1.67,,,LOST,
2026-02-24T19:00:00+00:00,Challenger Pro League,KAA Gent II,Olympic Charleroi,Asian Handicap,Home +0,1.42,,,LOST,
2026-02-24T19:00:00+00:00,EFL Trophy,Luton,Plymouth,Over/Under Goals,Under 3.5,1.48,,,WON,
2026-02-24T19:00:00+00:00,Eerste Divisie,Cambuur,FC Eindhoven,Over/Under Goals,Over 1.5,1.18,,,WON,
2026-02-24T19:00:00+00:00,Eerste Divisie,Willem II,ADO Den Haag,BTTS,Yes,1.45,,,LOST,
2026-02-24T19:00:00+00:00,Pro League,Al Khaleej Saihat,Al Kholood,Over/Under Goals,Under 3.5,1.48,,,LOST,
2026-02-24T19:00:00+00:00,Pro League,Al Taawon,Al-Hilal Saudi FC,Over/Under Goals,Over 1.5,1.18,,,WON,
2026-02-24T19:00:00+00:00,Pro League,Al-Hazm,Al-Ittihad FC,Over/Under Goals,Under 3.5,1.5,,,WON,
2026-02-24T19:30:00+00:00,Challenge Cup,Ayr Utd,Inverness CT,Over/Under Goals,Under 3.5,1.36,,,WON,
2026-02-24T19:30:00+00:00,FAW Championship,Ammanford AFC,Aberystwyth Town,Over/Under Goals,Over 1.5,1.17,,,WON,
2026-02-24T19:30:00+00:00,Premier League,Ceramica Cleopatra,Ismaily SC,Over/Under Goals,Under 3.5,1.21,,,WON,
2026-02-24T19:30:00+00:00,Premier League,Ghazl El Mehalla,Pyramids FC,1X2 / Match Winner,Away,1.47,,,WON,
2026-02-24T19:30:00+00:00,Premier League,Haras El Hodood,Enppi,Double Chance,Home/Draw,1.7,,,WON,
2026-02-24T19:30:00+00:00,Premier League,Masr,Zamalek SC,Double Chance,Home/Draw,1.49,,,LOST,
2026-02-24T19:45:00+00:00,Championship,Blackburn,Bristol City,Asian Handicap,Home +0,1.7,,,LOST,
2026-02-24T19:45:00+00:00,Championship,Dunfermline,Partick,Over/Under Goals,Under 3.5,1.22,,,LOST,
2026-02-24T19:45:00+00:00,Championship,Hull City,Derby,Double Chance,Draw/Away,1.63,,,LOST,
2026-02-24T19:45:00+00:00,Championship,Middlesbrough,Leicester,1X2 / Match Winner,Home,1.6,,,LOST,
2026-02-24T19:45:00+00:00,Championship,Queen's Park,ST Johnstone,Over/Under Goals,Under 3.5,1.45,,,WON,
2026-02-24T19:45:00+00:00,Championship,Swansea,Preston,Over/Under Goals,Over 1.5,1.29,,,WON,
2026-02-24T19:45:00+00:00,Championship,Watford,Ipswich,Over/Under Goals,Under 3.5,1.31,,,WON,
2026-02-24T19:45:00+00:00,Championship,West Brom,Charlton,Over/Under Goals,Under 3.5,1.26,,,WON,
2026-02-24T19:45:00+00:00,Championship,Wrexham,Portsmouth,Team Total Goals,Under 2.5,1.18,,,WON,
2026-02-24T19:45:00+00:00,League One,Bradford,Rotherham,Over/Under Goals,Over 1.5,1.33,,,LOST,
2026-02-24T19:45:00+00:00,League One,Burton Albion,Stockport County,Over/Under Goals,Under 3.5,1.3,,,WON,
2026-02-24T19:45:00+00:00,League One,Northampton,Port Vale,Over/Under Goals,Over 1.5,1.33,,,LOST,
2026-02-24T19:45:00+00:00,League Two,Accrington ST,Barnet,Over/Under Goals,Under 3.5,1.28,,,WON,
2026-02-24T19:45:00+00:00,League Two,Dumbarton,Clyde,Over/Under Goals,Under 3.5,1.44,,,WON,
2026-02-24T19:45:00+00:00,League Two,Elgin City,Edinburgh City,1X2 / Match Winner,Home,1.7,,,WON,
2026-02-24T19:45:00+00:00,League Two,Salford City,Shrewsbury,Over/Under Goals,Under 3.5,1.42,,,WON,
2026-02-24T19:45:00+00:00,League Two,Stirling Albion,Annan Athletic,Over/Under Goals,Under 3.5,1.48,,,WON,
2026-02-24T19:45:00+00:00,National League - North,Alfreton Town,Scarborough Athletic,Over/Under Goals,Under 3.5,1.3,,,WON,
2026-02-24T19:45:00+00:00,National League - North,Bedford Town,Peterborough Sports,Over/Under Goals,Under 3.5,1.48,,,LOST,
2026-02-24T19:45:00+00:00,National League - North,Buxton,King's Lynn Town,Over/Under Goals,Under 3.5,1.28,,,WON,
2026-02-24T19:45:00+00:00,National League - North,Curzon Ashton,Darlington 1883,Over/Under Goals,Under 3.5,1.48,,,WON,
2026-02-24T19:45:00+00:00,National League - North,Hereford,Chester,Over/Under Goals,Under 3.5,1.42,,,LOST,
2026-02-24T19:45:00+00:00,National League - North,Kidderminster Harriers,Marine,Asian Handicap,Away -1.25,1.55,,,LOST,
2026-02-24T19:45:00+00:00,National League - North,Leamington,Merthyr Town,Over/Under Goals,Over 1.5,1.18,,,WON,
2026-02-24T19:45:00+00:00,National League - North,Macclesfield,AFC Fylde,Double Chance,Draw/Away,1.42,,,WON,
2026-02-24T19:45:00+00:00,National League - North,Oxford City,AFC Telford United,Over/Under Goals,Under 3.5,1.4,,,WON,
2026-02-24T19:45:00+00:00,National League - North,Radcliffe,Southport,Over/Under Goals,Under 3.5,1.42,,,WON,
2026-02-24T19:45:00+00:00,National League - South,AFC Totton,Slough Town,Over/Under Goals,Under 3.5,1.5,,,WON,
2026-02-24T19:45:00+00:00,National League - South,Bath City,Weston-super-Mare,Over/Under Goals,Under 3.5,1.22,,,WON,
2026-02-24T19:45:00+00:00,National League - South,Chesham United,Dagenham & Redbridge,Over/Under Goals,Under 3.5,1.25,,,WON,
2026-02-24T19:45:00+00:00,National League - South,Dover,AFC Hornchurch,Over/Under Goals,Under 3.5,1.4,,,LOST,
2026-02-24T19:45:00+00:00,National League - South,Eastbourne Borough,Dorking Wanderers,Double Chance,Draw/Away,1.17,,,WON,
2026-02-24T19:45:00+00:00,National League - South,Horsham,Ebbsfleet United,Over/Under Goals,Under 3.5,1.3,,,WON,
2026-02-24T19:45:00+00:00,National League - South,Maidenhead,Salisbury,1X2 / Match Winner,Home,1.5,,,WON,
2026-02-24T19:45:00+00:00,National League - South,Maidstone Utd,Enfield Town,Asian Handicap,Away -1.25,1.7,,,LOST,
2026-02-24T19:45:00+00:00,National League - South,Tonbridge Angels,Hampton & Richmond,Over/Under Goals,Under 3.5,1.4,,,WON,
2026-02-24T19:45:00+00:00,National League - South,Worthing,Torquay,Over/Under Goals,Under 3.5,1.45,,,LOST,
2026-02-24T19:45:00+00:00,National League,FC Halifax Town,Rochdale,1X2 / Match Winner,Draw,3.44,,,WON,
2026-02-24T19:45:00+00:00,National League,Forest Green,Boston United,Over/Under Goals,Over 1.5,1.18,,,WON,
2026-02-24T19:45:00+00:00,National League,Scunthorpe,York,Over/Under Goals,Over 1.5,1.18,,,WON,
2026-02-24T19:45:00+00:00,National League,Southend,Boreham Wood,Over/Under Goals,Under 3.5,1.5,,,WON,
2026-02-24T19:45:00+00:00,National League,Tamworth,Altrincham,Asian Handicap,Home +0.25,1.45,,,WON,
2026-02-24T19:45:00+00:00,National League,Wealdstone,Brackley Town,Over/Under Goals,Under 3.5,1.25,,,WON,
2026-02-24T19:45:00+00:00,Non League Premier - Isthmian,Cheshunt,Aveley,Double Chance,Draw/Away,1.44,,,LOST,
2026-02-24T19:45:00+00:00,Non League Premier - Isthmian,Dulwich Hamlet,Chatham Town,Over/Under Goals,Under 3.5,1.32,,,WON,
2026-02-24T19:45:00+00:00,Non League Premier - Isthmian,Welling United,Carshalton Athletic,Double Chance,Home/Draw,1.44,,,WON,
2026-02-24T19:45:00+00:00,Non League Premier - Isthmian,Whitehawk,Lewes,Double Chance,Draw/Away,1.6,,,LOST,
2026-02-24T19:45:00+00:00,Non League Premier - Isthmian,Wingate & Finchley,Canvey Island,Asian Handicap,Away -1.25,1.42,,,LOST,
2026-02-24T19:45:00+00:00,Non League Premier - Northern,Gainsborough Trinity,Leek Town,Over/Under Goals,Under 3.5,1.29,,,WON,
2026-02-24T19:45:00+00:00,Non League Premier - Southern Central,Alvechurch,Real Bedford,Team Total Goals,Under 2.5,1.16,,,LOST,
2026-02-24T19:45:00+00:00,Non League Premier - Southern Central,Banbury United,Stratford Town,Over/Under Goals,Under 3.5,1.28,,,WON,
2026-02-24T19:45:00+00:00,Non League Premier - Southern South,Hanwell Town,Plymouth Parkway,Double Chance,Home/Draw,1.25,,,WON,
2026-02-24T19:45:00+00:00,Non League Premier - Southern South,Hungerford Town,Bracknell Town,Over/Under Goals,Over 1.5,1.16,,,WON,
2026-02-24T19:45:00+00:00,Non League Premier - Southern South,Tiverton Town,Dorchester Town,Double Chance,Draw/Away,1.44,,,WON,
2026-02-24T19:45:00+00:00,Premiership,Ballymena United,Glenavon FC,Over/Under Goals,Under 3.5,1.28,,,LOST,
2026-02-24T19:45:00+00:00,Premiership,Cliftonville FC,Glentoran,Double Chance,Draw/Away,1.19,,,WON,
2026-02-24T19:45:00+00:00,Premiership,Dundee Utd,Aberdeen,Team Total Goals,Over 0.5,1.22,,,LOST,
2026-02-24T19:45:00+00:00,Premiership,Larne,Linfield,Double Chance,Draw/Away,1.53,,,WON,
2026-02-24T20:00:00+00:00,Championship,Southampton,QPR,Over/Under Goals,Over 1.5,1.21,,,WON,
2026-02-24T20:00:00+00:00,Championship,Warrenpoint Town,Ballinamallard United,Asian Handicap,Home +0,1.4,,,WON,
2026-02-24T20:00:00+00:00,Primera Division,Platense,Defensa Y Justicia,Over/Under Goals,Under 3.5,1.16,,,WON,
2026-02-24T20:00:00+00:00,UEFA Champions League,Bayer Leverkusen,Olympiakos Piraeus,Over/Under Goals,Under 3.5,1.44,,,WON,
2026-02-24T20:00:00+00:00,UEFA Champions League,Inter,Bodo/Glimt,BTTS,Yes,1.65,,,WON,
2026-02-24T20:00:00+00:00,UEFA Champions League,Newcastle,Qarabag,Team Total Goals,Over 2.5,1.53,,,WON,
2026-02-24T20:30:00+00:00,Primera B,Envigado,Quindio,Over/Under Goals,Under 3.5,1.25,,,WON,
2026-02-24T21:00:00+00:00,Primera B,Union Magdalena,Tigres FC,1X2 / Match Winner,Home,1.53,,,WON,
2026-02-24T22:00:00+00:00,CONMEBOL Libertadores,Huachipato,Carabobo FC,Over/Under Goals,Under 3.5,1.2,,,WON,
2026-02-24T22:00:00+00:00,Copa Do Brasil,Joinville,CSA,Asian Handicap,Home +0.25,1.65,,,WON,
2026-02-24T22:15:00+00:00,Primera Division,San Lorenzo,Instituto Cordoba,Over/Under Goals,Under 2.5,1.3,,,WON,
2026-02-24T22:45:00+00:00,Primera Division,Central Cordoba de Santiago,Talleres Cordoba,Asian Handicap,Home +0.5,1.49,,,WON,
2026-02-24T23:00:00+00:00,Acreano,Humaitá,São Francisco,Over/Under Goals,Under 3.5,2.05,,,LOST,
2026-02-25T00:15:00+00:00,Copa Argentina,Boca Juniors,Gimnasia Chivilcoy,Over/Under Goals,Under 3.5,1.58,,,WON,
2026-02-25T00:30:00+00:00,CONMEBOL Libertadores,Independiente Medellin,Liverpool Montevideo,1X2 / Match Winner,Home,1.4,,,LOST,
2026-02-25T00:30:00+00:00,Copa Do Brasil,America-RN,GAS,Over/Under Goals,Under 3.5,1.57,,,WON,
2026-02-25T00:30:00+00:00,Primera Division,Belgrano Cordoba,Atletico Tucuman,Over/Under Goals,Under 3.5,1.22,,,LOST,
2026-02-25T01:00:00+00:00,CONCACAF Champions League,Nashville SC,Atlético Ottawa,Over/Under Goals,Under 3.5,1.65,,,LOST,
2026-02-25T01:00:00+00:00,Liga Nacional,Victoria,Olancho,Over/Under Goals,Under 3.5,1.3,,,WON,
2026-02-25T01:00:00+00:00,Primera Division,Gimnasia M.,Independiente,Over/Under Goals,Under 3.5,1.16,,,WON,
2026-02-25T02:00:00+00:00,Liga Nacional,Antigua GFC,Guastatoya,Over/Under Goals,Under 3.5,1.25,,,WON,
2026-02-25T03:00:00+00:00,CONCACAF Champions League,Los Angeles FC,Real Espana,Team Total Goals,Over 2.5,1.62,,,LOST,
2026-02-25T11:00:00+00:00,Birinci Dasta,Difai Ağsu,Safa Baku,Over/Under Goals,Under 3.5,1.44,,,LOST,
2026-02-25T11:00:00+00:00,Birinci Dasta,Mingəçevir,MOIK,Over/Under Goals,Under 3.5,1.31,,,WON,
2026-02-25T11:00:00+00:00,Birinci Dasta,Şahdağ,Zaqatala,Asian Handicap,Home +0.25,1.64,,,WON,
2026-02-25T11:00:00+00:00,FA Cup,Buriram United,Khon Kaen United,Over/Under Goals,Under 3.5,1.93,,,LOST,
2026-02-25T11:00:00+00:00,Liga Revelação U23,Leixões U23,Academico Viseu U23,1X2 / Match Winner,Draw,3.5,,,WON,
2026-02-25T11:30:00+00:00,FA Cup,Ayutthaya FC,Ratchaburi,Over/Under Goals,Under 3.5,1.3,,,WON,
2026-02-25T11:30:00+00:00,FA Cup,Chiangrai United,Prachuap,Double Chance,Draw/Away,1.5,,,WON,
2026-02-25T11:30:00+00:00,Thai League 1,Nakhon Ratchasima FC,Rayong FC,Over/Under Goals,Under 3.5,1.4,,,WON,
2026-02-25T12:00:00+00:00,Cup,Laktaši,Radnik Bijeljina,Asian Handicap,Home +0.25,1.53,,,WON,
2026-02-25T12:00:00+00:00,Ligue 1,ES Metlaoui,ES Tunis,Asian Handicap,Home +1.25,1.48,,,WON,
2026-02-25T13:00:00+00:00,Cup,Detonit Plachkovica,Sileks,Over/Under Goals,Under 3.5,1.65,,,WON,
2026-02-25T13:15:00+00:00,FKF Premier League,Mathare United,Shabana,Double Chance,Home/Draw,1.57,,,LOST,
2026-02-25T13:30:00+00:00,Liga 1,Persebaya Surabaya,PSM Makassar,Double Chance,Home/Draw,1.18,,,WON,
2026-02-25T15:00:00+00:00,Cup,Zeljeznicar Sarajevo,Sloga Doboj,Over/Under Goals,Under 3.5,1.17,,,WON,
2026-02-25T15:00:00+00:00,Liga Revelação U23,Sporting Braga U23,Torreense U23,Over/Under Goals,Under 3.5,1.33,,,WON,
2026-02-25T15:30:00+00:00,Ligue 1,Stade d'Abidjan,San-Pédro,1X2 / Match Winner,Draw,3.08,,,WON,
2026-02-25T16:30:00+00:00,Segunda División RFEF - Group 3,Castellón II,Barcelona B,Asian Handicap,Home +1.25,1.49,,,WON,
2026-02-25T17:30:00+00:00,Cup,FK Sarajevo,Velež,Over/Under Goals,Under 3.5,1.16,,,WON,
2026-02-25T17:30:00+00:00,Pro League,Al Wahda FC,Ajman,Team Total Goals,Over 0.5,1.48,,,LOST,
2026-02-25T17:30:00+00:00,Pro League,Al-Wasl FC,Shabab Al Ahli Dubai,1X2 / Match Winner,Draw,3.4,,,WON,
2026-02-25T17:45:00+00:00,UEFA Champions League,Atalanta,Borussia Dortmund,Asian Handicap,Home +0.25,1.42,,,WON,
2026-02-25T18:00:00+00:00,Brasileiro U20 A,América Mineiro U20,Fluminense U20,Double Chance,Home/Draw,1.44,,,WON,
2026-02-25T18:00:00+00:00,Brasileiro U20 A,Criciuma U20,Cruzeiro U20,Double Chance,Home/Draw,1.65,,,WON,
2026-02-25T18:00:00+00:00,Brasileiro U20 A,Santos U20,Grêmio U20,1X2 / Match Winner,Home,1.4,,,WON,
2026-02-25T18:00:00+00:00,FA Trophy,Gzira United,Hibernians,Double Chance,Home/Draw,1.53,,,WON,
2026-02-25T18:00:00+00:00,Primera División RFEF - Group 2,Juventud Torremolinos,Teruel,Over/Under Goals,Under 2.5,1.36,,,LOST,
2026-02-25T18:00:00+00:00,Professional League,Al-Shabab,Al-Nahda,Over/Under Goals,Under 2.5,1.55,,,LOST,
2026-02-25T18:00:00+00:00,Regionalliga - SudWest,SG Sonnenhof Grossaspach,Freiburg II,Team Total Goals,Over 0.5,1.4,,,WON,
2026-02-25T18:00:00+00:00,Segunda Division,AD Ceuta FC,Cordoba,Over/Under Goals,Over 1.5,1.33,,,WON,
2026-02-25T18:00:00+00:00,Segunda División RFEF - Group 4,Águilas,Recreativo Huelva,BTTS,No,1.44,,,WON,
2026-02-25T18:00:00+00:00,Super League,FC Winterthur,FC Thun,Over/Under Goals,Over 2.5,1.42,,,WON,
2026-02-25T18:00:00+00:00,Tercera División RFEF - Group 3,Selaya,Guarnizo,Over/Under Goals,Under 3.5,1.16,,,WON,
2026-02-25T18:30:00+00:00,Segunda División RFEF - Group 4,Xerez Deportivo,Real Jaén,Double Chance,Draw/Away,1.44,,,WON,
2026-02-25T18:45:00+00:00,Division 1,Al Taee,Al Arabi SC,1X2 / Match Winner,Home,1.54,,,WON,
2026-02-25T18:45:00+00:00,Division 1,Al Zulfi,Al-Adalah,Double Chance,Home/Draw,1.18,,,WON,
2026-02-25T18:45:00+00:00,Division 1,Al-Faisaly FC,Al Ula,BTTS,Yes,1.57,,,WON,
2026-02-25T18:45:00+00:00,Division 1,Jeddah Club,Al Diriyah,Result + Total Goals,Away/Over 1.5,1.62,,,WON,
2026-02-25T18:45:00+00:00,League,Al Faisaly,Sama Al Sarhan,Over/Under Goals,Under 3.5,1.36,,,LOST,
2026-02-25T18:45:00+00:00,League,Al Jazeera,Al Ramtha,Over/Under Goals,Under 3.5,1.18,,,WON,
2026-02-25T19:00:00+00:00,Frauenliga,First Vienna W,Neulengbach W,Over/Under Goals,Under 3.5,1.43,,,WON,
2026-02-25T19:00:00+00:00,Primera División RFEF - Group 2,FC Cartagena,Sevilla Atletico,Over/Under Goals,Under 2.5,1.62,,,WON,
2026-02-25T19:00:00+00:00,Pro League,Al Najma,Al-Nassr,1X2 / Match Winner,Away,1.18,,,WON,
2026-02-25T19:00:00+00:00,Pro League,Al-Fayha,NEOM,Over/Under Goals,Under 3.5,1.28,,,WON,
2026-02-25T19:00:00+00:00,Professional Development League,Huddersfield Town U21,Hull City U21,Asian Handicap,Home +0,1.45,,,WON,
2026-02-25T19:00:00+00:00,Tercera División RFEF - Group 3,Barquereño,Tropezón,Asian Handicap,Home +1.25,1.66,,,WON,
2026-02-25T19:00:00+00:00,Tercera División RFEF - Group 3,Castro,Escobedo,Double Chance,Home/Draw,1.55,,,LOST,
2026-02-25T19:00:00+00:00,Tercera División RFEF - Group 3,Noja,Vimenor,Over/Under Goals,Under 2.5,1.67,,,WON,
2026-02-25T19:15:00+00:00,FA Trophy,Birkirkara,Pietà Hotspurs,Over/Under Goals,Under 3.5,1.73,,,WON,
2026-02-25T19:30:00+00:00,Premier League,AL Masry,Future FC,Over/Under Goals,Under 3.5,1.2,,,WON,
2026-02-25T19:30:00+00:00,Premier League,National Bank of Egypt,Pharco,Over/Under Goals,Under 3.5,1.17,,,WON,
2026-02-25T19:30:00+00:00,Premier League,Petrojet,Al Ittihad,Over/Under Goals,Under 2.5,1.4,,,WON,
2026-02-25T19:45:00+00:00,Championship,Millwall,Birmingham,Double Chance,Home/Draw,1.42,,,WON,
2026-02-25T19:45:00+00:00,Championship,Norwich,Sheffield Wednesday,Over/Under Goals,Under 3.5,1.62,,,WON,
2026-02-25T19:45:00+00:00,Championship,Sheffield Utd,Coventry,Over/Under Goals,Under 3.5,1.53,,,WON,
2026-02-25T19:45:00+00:00,FAW Championship,Ruthin Town,Airbus UK,Over/Under Goals,Under 3.5,1.73,,,LOST,
2026-02-25T19:45:00+00:00,National League - South,Farnborough,Chippenham Town,Team Total Goals,Over 0.5,1.18,,,WON,
2026-02-25T19:45:00+00:00,National League,Braintree,Aldershot Town,Over/Under Goals,Under 3.5,1.44,,,WON,
2026-02-25T19:45:00+00:00,National League,Eastleigh,Truro City,Over/Under Goals,Under 3.5,1.3,,,WON,
2026-02-25T19:45:00+00:00,National League,Gateshead,Morecambe,Over/Under Goals,Under 3.5,1.53,,,LOST,
2026-02-25T19:45:00+00:00,National League,Hartlepool,Carlisle,Over/Under Goals,Under 3.5,1.4,,,LOST,
2026-02-25T19:45:00+00:00,National League,Yeovil Town,Sutton Utd,Over/Under Goals,Under 3.5,1.3,,,LOST,
2026-02-25T19:45:00+00:00,Non League Premier - Southern South,Taunton Town,Wimborne Town,Over/Under Goals,Over 1.5,1.17,,,WON,
2026-02-25T20:00:00+00:00,Championship,Stoke City,Oxford United,Over/Under Goals,Under 2.5,1.62,,,LOST,
2026-02-25T20:00:00+00:00,Copa Argentina,San Martin S.J.,Deportivo Madryn,Over/Under Goals,Under 2.5,1.45,,,WON,
2026-02-25T20:00:00+00:00,Football League - Highland League,Buckie Thistle,Brechin,Asian Handicap,Home +1.25,1.41,,,LOST,
2026-02-25T20:00:00+00:00,Liga de Ascenso,ADR Jicaral,Deportivo Upala,1X2 / Match Winner,Home,1.43,,,WON,
2026-02-25T20:00:00+00:00,Primera Division,Barracas Central,Tigre,Over/Under Goals,Under 3.5,1.15,,,WON,
2026-02-25T20:00:00+00:00,Primera Division,Gimnasia L.P.,Rosario Central,Over/Under Goals,Under 2.5,1.45,,,LOST,
2026-02-25T20:00:00+00:00,UEFA Champions League,Paris Saint Germain,Monaco,BTTS,Yes,1.66,,,WON,
2026-02-25T20:00:00+00:00,UEFA Champions League,Real Madrid,Benfica,Over/Under Goals,Over 1.5,1.15,,,WON,
2026-02-25T21:00:00+00:00,Copa Do Brasil,Novorizontino,Nacional AM,1X2 / Match Winner,Home,1.27,,,WON,
2026-02-25T21:00:00+00:00,Copa Presidente,Cacahuatique,Firpo,Double Chance,Home/Draw,1.67,,,LOST,
2026-02-25T21:00:00+00:00,Liga Nacional,Achuapa,Xelajú,Over/Under Goals,Under 3.5,1.22,,,WON,
2026-02-25T21:00:00+00:00,Liga de Ascenso,AD Carmelita,Santa Ana,Asian Handicap,Home +0.25,1.4,,,LOST,
2026-02-25T21:30:00+00:00,Division Profesional - Apertura,Sportivo Ameliano,Cerro Porteno,Over/Under Goals,Under 3.5,1.25,,,WON,
2026-02-25T22:00:00+00:00,Copa Do Brasil,Londrina,Penedense,Team Total Goals,Under 2.5,1.57,,,WON,
2026-02-25T22:00:00+00:00,Serie A,RB Bragantino,Atletico Paranaense,1X2 / Match Winner,Draw,3.7,,,WON,
2026-02-25T22:00:00+00:00,Serie A,remo,Internacional,Asian Handicap,Home +0.5,1.58,,,WON,
2026-02-25T22:30:00+00:00,Copa Do Brasil,Anápolis,Cianorte,Over/Under Goals,Under 2.5,1.7,,,LOST,
2026-02-25T22:30:00+00:00,Copa Do Brasil,Imperatriz,Amazonas,Over/Under Goals,Under 2.5,1.48,,,LOST,
2026-02-25T22:30:00+00:00,Primera Division,Newells Old Boys,Estudiantes L.P.,Asian Handicap,Home +0.5,1.57,,,LOST,
2026-02-25T22:30:00+00:00,Primera Division,Velez Sarsfield,Deportivo Riestra,Over/Under Goals,Under 2.5,1.38,,,WON,
2026-02-25T22:30:00+00:00,Serie A,Coritiba,Sao Paulo,Asian Handicap,Away -0.5,1.47,,,WON,
2026-02-25T23:00:00+00:00,Copa Do Brasil,ASA,Operario Ferroviario,1X2 / Match Winner,Home,1.4,,,LOST,
2026-02-25T23:00:00+00:00,Copa Do Brasil,Águia de Marabá,Independência,Over/Under Goals,Under 3.5,1.3,,,WON,
2026-02-25T23:00:00+00:00,Serie A,Cruzeiro,Corinthians,Over/Under Goals,Under 3.5,1.27,,,WON,
2026-02-25T23:15:00+00:00,Liga Nacional,Juticalpa,CD Motagua,Over/Under Goals,Over 1.5,1.25,,,WON,
2026-02-25T23:30:00+00:00,Division Profesional - Apertura,Olimpia,Libertad Asuncion,Team Total Goals,Over 0.5,1.25,,,WON,
2026-02-25T23:30:00+00:00,Division Profesional - Apertura,Sportivo Trinidense,Sportivo Luqueno,Asian Handicap,Home +0,1.67,,,WON,
2026-02-26T00:00:00+00:00,Amazonense,Manauara,JC,Over/Under Goals,Under 3.5,1.48,,,LOST,
2026-02-26T00:00:00+00:00,CONCACAF Champions League,FC Cincinnati,Universidad O&M,Result + Total Goals,Home/Over 2.5,1.15,,,WON,
2026-02-26T00:00:00+00:00,Primera A,Santa Fe,Atletico Nacional,Over/Under Goals,Under 3.5,1.25,,,WON,
2026-02-26T00:15:00+00:00,Copa Argentina,Godoy Cruz,Deportivo Moron,Over/Under Goals,Under 2.5,1.48,,,WON,
2026-02-26T00:30:00+00:00,CONMEBOL Libertadores,Botafogo,Nacional Potosí,Over/Under Goals,Under 3.5,1.95,,,WON,
2026-02-26T00:30:00+00:00,Serie A,Gremio,Atletico-MG,Over/Under Goals,Over 1.5,1.33,,,WON,
2026-02-26T00:30:00+00:00,Serie A,Palmeiras,Fluminense,Asian Handicap,Home +0,1.4,,,WON,
2026-02-26T00:30:00+00:00,Torneo Amistoso de Verano,Bolívar,Blooming,Team Total Goals,Over 0.5,1.72,,,WON,
2026-02-26T01:00:00+00:00,Liga Nacional,Comunicaciones,Municipal,Over/Under Goals,Under 3.5,1.17,,,WON,
2026-02-26T01:00:00+00:00,Liga de Expansión MX,Irapuato,Atlante FC,Over/Under Goals,Under 3.5,1.38,,,LOST,
2026-02-26T01:30:00+00:00,Liga Nacional,CD Olimpia,Atlético Choloma,Over/Under Goals,Under 3.5,1.77,,,WON,
2026-02-26T02:00:00+00:00,Friendlies,Mexico,Iceland,Over/Under Goals,Over 1.5,1.18,,,WON,
2026-02-26T02:00:00+00:00,Liga de Ascenso,Pitbulls Santa Barbara FC,Futbol Consultants Moravia,Over/Under Goals,Under 3.5,1.3,,,WON,
2026-02-26T02:30:00+00:00,CONCACAF Champions League,Vancouver Whitecaps,CS Cartagines,Over/Under Goals,Under 3.5,1.75,,,WON,
2026-02-26T03:00:00+00:00,Liga Nacional,Marquense,Aurora,Over/Under Goals,Under 3.5,1.25,,,WON,
2026-02-26T04:30:00+00:00,CONCACAF Champions League,Los Angeles Galaxy,Sporting San Miguelito,Over/Under Goals,Under 3.5,1.73,,,WON,
2026-02-26T10:00:00+00:00,FKF Premier League,Sofapaka,Police,Over/Under Goals,Under 2.5,1.4,,,WON,
2026-02-26T11:00:00+00:00,FKF Premier League,APS Bomet,Kariobangi Sharks,Over/Under Goals,Under 2.5,1.44,,,WON,
2026-02-26T11:00:00+00:00,FKF Premier League,Bidco United,Mara Sugar,Double Chance,Home/Draw,1.44,,,WON,
2026-02-26T11:00:00+00:00,FKF Premier League,Ulinzi Stars,Homeboyz,Double Chance,Home/Draw,1.55,,,WON,
2026-02-26T12:00:00+00:00,Premier League,Adama Kenema,Sheger Ketema,Over/Under Goals,Under 2.5,1.3,,,LOST,
2026-02-26T12:00:00+00:00,Premier League,Dire Dawa Kenema,Welayta Dicha,Over/Under Goals,Under 2.5,1.36,,,WON,
2026-02-26T13:15:00+00:00,FKF Premier League,KCB,AFC Leopards,Double Chance,Home/Draw,1.5,,,WON,
2026-02-26T13:30:00+00:00,Liga 1,Persib Bandung,Persepam Madura Utd,Over/Under Goals,Under 3.5,1.66,,,LOST,
2026-02-26T13:30:00+00:00,Liga 1,Persita,Dewa United,Over/Under Goals,Under 3.5,1.33,,,WON,
2026-02-26T13:30:00+00:00,Liga 1,Pusamania Borneo,Arema FC,Over/Under Goals,Under 3.5,1.28,,,LOST,
2026-02-26T14:00:00+00:00,Elite One,Canon,Cotonsport,Over/Under Goals,Under 2.5,1.53,,,WON,
2026-02-26T14:00:00+00:00,Friendlies Clubs,Sandefjord,Stabaek,1X2 / Match Winner,Home,1.61,,,WON,
2026-02-26T15:00:00+00:00,Premier League,Mekelakeya,Mekelle Kenema,Over/Under Goals,Under 2.5,1.36,,,WON,
2026-02-26T15:00:00+00:00,Premier League,Negelle Arsi,Ethiopia Bunna,Asian Handicap,Home +0,1.49,,,LOST,
2026-02-26T15:30:00+00:00,Liga II,CSA Steaua Bucureşti,Slatina,Over/Under Goals,Under 3.5,1.22,,,WON,
2026-02-26T16:00:00+00:00,Ligi kuu Bara,Namungo,Singida Black Stars,Over/Under Goals,Under 2.5,1.44,,,WON,
2026-02-26T17:30:00+00:00,Liga Alef,Maccabi K. Ata Bialik,Hapoel Umm al-Fahm,1X2 / Match Winner,Draw,3.75,,,WON,
2026-02-26T17:30:00+00:00,Pro League,Al-Ittihad Kalba,Al-Dhafra,Over/Under Goals,Under 3.5,1.36,,,WON,
2026-02-26T17:30:00+00:00,Pro League,Al-Jazira,Sharjah FC,Over/Under Goals,Under 3.5,1.38,,,LOST,
2026-02-26T17:45:00+00:00,UEFA Europa Conference League,HNK Rijeka,Omonia Nicosia,Over/Under Goals,Under 3.5,1.3,,,LOST,
2026-02-26T17:45:00+00:00,UEFA Europa Conference League,Samsunspor,Shkendija,Over/Under Goals,Under 2.5,2.15,,,LOST,
2026-02-26T17:45:00+00:00,UEFA Europa League,Ferencvarosi TC,Ludogorets,Asian Handicap,Away -1.25,1.58,,,LOST,
2026-02-26T17:45:00+00:00,UEFA Europa League,VfB Stuttgart,Celtic,1X2 / Match Winner,Home,1.45,,,LOST,
2026-02-26T18:00:00+00:00,Division 1,Al Arabi,Al Hamriyah,Asian Handicap,Home +0.25,1.58,,,WON,
2026-02-26T18:00:00+00:00,Division 1,Dibba Al Hisn,Al Fujairah SC,Double Chance,Home/Draw,1.17,,,WON,
2026-02-26T18:00:00+00:00,Division 1,Dubai United,Majd,Over/Under Goals,Under 3.5,1.65,,,WON,
2026-02-26T18:00:00+00:00,Division 1,Emirates Club,Al Jazira Al Hamra,Over/Under Goals,Under 3.5,1.48,,,WON,
2026-02-26T18:00:00+00:00,Division 1,Gulf United,Dubai City,Over/Under Goals,Under 3.5,1.53,,,LOST,
2026-02-26T18:00:00+00:00,Division 1,Masfut,Al Thaid,Over/Under Goals,Under 3.5,1.35,,,WON,
2026-02-26T18:30:00+00:00,Iraqi League,Zakho,Gharraf,Double Chance,Home/Draw,1.18,,,WON,
2026-02-26T18:30:00+00:00,Liga Alef,Hapoel Beit Shean,Tira,Over/Under Goals,Under 3.5,1.29,,,WON,
2026-02-26T18:30:00+00:00,Liga Alef,Shimshon Tel Aviv,Hapoel Ramat HaSharon,Double Chance,Home/Draw,1.22,,,WON,
2026-02-26T18:30:00+00:00,Stars League,Al-Duhail SC,Al Sadd,Over/Under Goals,Over 2.5,1.48,,,WON,
2026-02-26T18:45:00+00:00,League,Al Hussein,Al Buqa'a,Over/Under Goals,Under 3.5,1.57,,,LOST,
2026-02-26T18:45:00+00:00,League,Al Wihdat,Al Salt,Over/Under Goals,Under 3.5,1.3,,,WON,
2026-02-26T19:00:00+00:00,League Cup,IA Akranes,Valur Reykjavik,Double Chance,Draw/Away,1.44,,,LOST,
2026-02-26T19:00:00+00:00,Pro League,Al Riyadh,Al-Ahli Jeddah,Over/Under Goals,Under 3.5,1.5,,,WON,
2026-02-26T19:00:00+00:00,Pro League,Al-Fateh,Damac,Team Total Goals,Over 0.5,1.18,,,WON,
2026-02-26T19:30:00+00:00,Second League,Abu Qair Semad,Masar,Over/Under Goals,Under 2.5,1.4,,,WON,
2026-02-26T19:30:00+00:00,Second League,El Entag EL Harby,El Seka El Hadid,Double Chance,Home/Draw,1.5,,,LOST,
2026-02-26T19:30:00+00:00,Second League,El Mansura,Maleyet Kafr El Zayiat,Over/Under Goals,Under 2.5,1.28,,,WON,
2026-02-26T19:30:00+00:00,Second League,Tanta SC,Olympic El Qanah,Over/Under Goals,Under 2.5,1.4,,,WON,
2026-02-26T19:30:00+00:00,Second League,Tersana,Proxy,BTTS,No,1.55,,,LOST,
2026-02-26T20:00:00+00:00,Carioca - 1,Nova Iguaçu,Portuguesa RJ,Over/Under Goals,Under 3.5,1.17,,,WON,
2026-02-26T20:00:00+00:00,Carioca - 1,Sampaio Corrêa RJ,CFRJ / Maricá,Asian Handicap,Home +0,1.55,,,WON,
2026-02-26T20:00:00+00:00,League Cup,IR Reykjavik,Grindavik,1X2 / Match Winner,Home,1.52,,,WON,
2026-02-26T20:00:00+00:00,UEFA Europa Conference League,AZ Alkmaar,FC Noah,Over/Under Goals,Under 3.5,1.53,,,LOST,
2026-02-26T20:00:00+00:00,UEFA Europa Conference League,Crystal Palace,Zrinjski,Over/Under Goals,Under 3.5,1.75,,,WON,
2026-02-26T20:00:00+00:00,UEFA Europa Conference League,Lausanne,Sigma Olomouc,Over/Under Goals,Over 1.5,1.35,,,WON,
2026-02-26T20:00:00+00:00,UEFA Europa Conference League,Lech Poznan,KuPS,Over/Under Goals,Under 3.5,1.67,,,WON,
2026-02-26T20:00:00+00:00,UEFA Europa League,Bologna,Brann,Over/Under Goals,Under 3.5,1.42,,,WON,
2026-02-26T20:00:00+00:00,UEFA Europa League,Celta Vigo,PAOK,Over/Under Goals,Over 1.5,1.3,,,LOST,
2026-02-26T20:00:00+00:00,UEFA Europa League,Nottingham Forest,Fenerbahçe,Over/Under Goals,Under 3.5,1.38,,,WON,
2026-02-26T20:15:00+00:00,Primera Division,Racing Club,Independ. Rivadavia,1X2 / Match Winner,Draw,3.3,,,WON,
2026-02-26T20:15:00+00:00,Primera Division,Sarmiento Junin,Union Santa Fe,Over/Under Goals,Under 3.5,1.15,,,LOST,
2026-02-26T21:00:00+00:00,Liga Nacional,Mixco,Mictlán,Over/Under Goals,Under 3.5,1.2,,,LOST,
2026-02-26T21:30:00+00:00,Division Profesional - Apertura,Rubio NU,Club Sp. San Lorenzo,Asian Handicap,Home +0.25,1.48,,,WON,
2026-02-26T22:00:00+00:00,CONMEBOL Libertadores,Club Guarani,Juventud,Over/Under Goals,Under 2.5,1.7,,,LOST,
2026-02-26T22:00:00+00:00,Cearense - 1,Ferroviario,Floresta,Asian Handicap,Home +0.25,1.52,,,WON,
2026-02-26T22:00:00+00:00,Paulista - A3,Itapirense,Rio Claro,Double Chance,Home/Draw,1.42,,,WON,
2026-02-26T22:00:00+00:00,Primera B,Popayan,Barranquilla,Over/Under Goals,Under 3.5,1.2,,,WON,
2026-02-26T22:00:00+00:00,Serie A,Santos,Vasco DA Gama,Over/Under Goals,Under 3.5,1.28,,,WON,
2026-02-26T22:30:00+00:00,Catarinense - 1,Carlos Renaux,Marcílio Dias,Over/Under Goals,Over 1.5,1.4,,,WON,
2026-02-26T22:30:00+00:00,Primera Division,Estudiantes de Rio Cuarto,Huracan,Asian Handicap,Home +0.5,1.67,,,WON,
2026-02-26T22:30:00+00:00,Primera Division,River Plate,Banfield,Over/Under Goals,Under 3.5,1.3,,,LOST,
2026-02-26T23:00:00+00:00,Capixaba,Serra Talhada,Real Noroeste,Double Chance,Home/Draw,1.17,,,WON,
2026-02-26T23:00:00+00:00,Copa Do Brasil,Ceara,Primavera SP,Over/Under Goals,Over 1.5,1.4,,,WON,
2026-02-26T23:00:00+00:00,Primera División - Apertura,Atletico Torque,Defensor Sporting,Double Chance,Draw/Away,1.7,,,LOST,
2026-02-26T23:15:00+00:00,Liga Nacional,Lobos Upnfm,Platense FC,Team Total Goals,Over 0.5,1.25,,,WON,
2026-02-26T23:15:00+00:00,Sergipano,América SE,Sergipe,Double Chance,Home/Draw,1.44,,,WON,
2026-02-26T23:30:00+00:00,Division Profesional - Apertura,Deportivo Recoleta,Nacional Asuncion,Over/Under Goals,Under 3.5,1.18,,,LOST,
2026-02-27T00:00:00+00:00,Brasileiro U20 A,Botafogo U20,Avaí U20,1X2 / Match Winner,Home,1.39,,,WON,
2026-02-27T00:00:00+00:00,CONCACAF Champions League,Philadelphia Union,Defence Force,Result + Total Goals,Home/Over 1.5,1.15,,,WON,
2026-02-27T00:30:00+00:00,Copa Do Brasil,Portuguesa,Altos,Over/Under Goals,Under 3.5,1.33,,,LOST,
2026-02-27T00:30:00+00:00,Primera A,Millonarios,Deportivo Pereira,Over/Under Goals,Under 3.5,1.22,,,LOST,
2026-02-27T01:00:00+00:00,Copa Presidente,Inter,Isidro Metapán,Over/Under Goals,Under 3.5,1.15,,,WON,
2026-02-27T01:00:00+00:00,Friendlies Clubs,Independiente del Valle,Inter Miami,Over/Under Goals,Under 3.5,1.69,,,WON,
2026-02-27T08:35:00+00:00,A-League,Melbourne Victory,Adelaide United,BTTS,Yes,1.48,,,WON,
2026-02-27T09:00:00+00:00,Northern NSW NPL,Adamstown Rosebuds,Kahibah,Asian Handicap,Away -1.25,1.42,,,WON,
2026-02-27T09:00:00+00:00,Northern NSW NPL,Broadmeadow Magic,Valentine,Over/Under Goals,Under 3.5,2.04,,,WON,
2026-02-27T09:30:00+00:00,Queensland NPL,Lions,Gold Coast Knights,Over/Under Goals,Under 3.5,1.57,,,LOST,
2026-02-27T10:00:00+00:00,J. League Div.1,Machida Zelvia,JEF United Chiba,Over/Under Goals,Under 3.5,1.35,,,WON,
2026-02-27T10:00:00+00:00,J. League Div.1,Sanfrecce Hiroshima,Kyoto Sanga,Double Chance,Home/Draw,1.22,,,LOST,
2026-02-27T10:00:00+00:00,J. League Div.1,Vissel Kobe,Avispa Fukuoka,1X2 / Match Winner,Home,1.7,,,WON,
2026-02-27T10:45:00+00:00,First League,Arda Kardzhali,Spartak Varna,Over/Under Goals,Under 2.5,1.67,,,WON,
2026-02-27T11:00:00+00:00,Friendlies Clubs,Skive,Vendsyssel FF,Over/Under Goals,Under 3.5,1.36,,,LOST,
2026-02-27T11:00:00+00:00,Premier League,Dynamo Kyiv,Epitsentr Dunayivtsi,1X2 / Match Winner,Home,1.26,,,WON,
2026-02-27T12:00:00+00:00,Premier League,Mebrat Hayl,Hadiya Hosaena,Over/Under Goals,Under 2.5,1.25,,,WON,
2026-02-27T12:00:00+00:00,Premier League,Suhul Shire,Ethiopia Nigd Bank,Over/Under Goals,Under 2.5,1.36,,,LOST,
2026-02-27T12:30:00+00:00,Premier League,Tampines Rovers,Hougang United,Asian Handicap,Home +0.25,1.15,,,WON,
2026-02-27T13:00:00+00:00,Friendlies Clubs,Raufoss,Moss,Double Chance,Home/Draw,1.44,,,WON,
2026-02-27T13:00:00+00:00,Friendlies Clubs,Rosenborg,Valerenga,Double Chance,Home/Draw,1.44,,,LOST,
2026-02-27T13:00:00+00:00,TFF 1. Lig,Erokspor,Boluspor,Over/Under Goals,Over 1.5,1.18,,,WON,
2026-02-27T13:15:00+00:00,First League,Montana,Botev Plovdiv,Over/Under Goals,Under 2.5,1.57,,,WON,
2026-02-27T13:30:00+00:00,1st Division,Casric Stars,The Bees,1X2 / Match Winner,Home,1.45,,,WON,
2026-02-27T13:30:00+00:00,1st Division,Highbury,Gomora United FC,Double Chance,Draw/Away,1.53,,,LOST,
2026-02-27T13:30:00+00:00,1st Division,Kruger United,Venda FC,Double Chance,Home/Draw,1.28,,,WON,
2026-02-27T13:30:00+00:00,Liga 1,PSBS Biak Numfor,PSIM Yogyakarta,Double Chance,Home/Draw,1.67,,,LOST,
2026-02-27T13:30:00+00:00,Ligue 1,El Bayadh,USM Alger,Over/Under Goals,Under 2.5,1.28,,,WON,
2026-02-27T13:30:00+00:00,Ligue 1,Paradou AC,MC Oran,Over/Under Goals,Over 1.5,1.53,,,WON,
2026-02-27T13:30:00+00:00,Premier League,Shakhtar Donetsk,Veres Rivne,Over/Under Goals,Over 1.5,1.17,,,LOST,
2026-02-27T13:30:00+00:00,Professional Development League,Charlton Athletic U21,Millwall U21,Team Total Goals,Under 2.5,1.53,,,WON,
2026-02-27T14:00:00+00:00,First League,Fakel,Ural,Asian Handicap,Home +0.25,1.4,,,WON,
2026-02-27T14:00:00+00:00,Prva Liga,FK Trayal,OFK Vršac,Over/Under Goals,Under 3.5,1.17,,,WON,
2026-02-27T14:00:00+00:00,Second NL,Hrvatski Dragovoljac,Kustosija,Over/Under Goals,Under 2.5,2.0,,,WON,
2026-02-27T14:00:00+00:00,Second NL,Mladost Ždralovi,Dugo Selo,Over/Under Goals,Under 3.5,1.44,,,WON,
2026-02-27T15:00:00+00:00,First League,KAMAZ,Arsenal Tula,Over/Under Goals,Under 3.5,1.19,,,WON,
2026-02-27T15:00:00+00:00,Liga I,AFC Hermannstadt,FC Botosani,Over/Under Goals,Under 3.5,1.25,,,LOST,
2026-02-27T15:00:00+00:00,Premier League,Bahardar,Arba Minch Kenema,Double Chance,Home/Draw,1.2,,,LOST,
2026-02-27T15:00:00+00:00,Premier League,Fasil Ketema,Welwalo Adigrat Uni,BTTS,No,1.53,,,LOST,
2026-02-27T15:45:00+00:00,First League,Slavia Sofia,CSKA 1948,Over/Under Goals,Under 2.5,1.85,,,WON,
2026-02-27T16:00:00+00:00,Friendlies Clubs,Tromso,Lillestrom,Over/Under Goals,Over 2.5,1.4,,,LOST,
2026-02-27T16:30:00+00:00,Premier League,Zenit,Baltika,Over/Under Goals,Under 3.5,1.18,,,WON,
2026-02-27T17:00:00+00:00,Czech Liga,Dukla Praha,Slavia Praha,Over/Under Goals,Under 3.5,1.4,,,WON,
2026-02-27T17:00:00+00:00,Ekstraklasa,Cracovia Krakow,Piast Gliwice,Over/Under Goals,Under 3.5,1.2,,,LOST,
2026-02-27T17:00:00+00:00,Erste Liga,FC Liefering,First Vienna,Over/Under Goals,Under 3.5,1.36,,,WON,
2026-02-27T17:00:00+00:00,Erste Liga,Schwarz-Weiß Bregenz,Austria Klagenfurt,Asian Handicap,Home +0,1.67,,,WON,
2026-02-27T17:00:00+00:00,Erste Liga,WSPG Wels,Admira Wacker,Over/Under Goals,Under 3.5,1.25,,,WON,
2026-02-27T17:00:00+00:00,Friendlies Clubs,Egersund,Sandnes ULF,Over/Under Goals,Under 3.5,1.37,,,LOST,
2026-02-27T17:00:00+00:00,Friendlies Clubs,Kjelsås,Ullern,BTTS,Yes,1.5,,,WON,
2026-02-27T17:00:00+00:00,Prva HNL,NK Slaven Belupo,Istra 1961,Over/Under Goals,Over 1.5,1.33,,,LOST,
2026-02-27T17:00:00+00:00,Super Lig,Başakşehir,Konyaspor,Over/Under Goals,Under 3.5,1.48,,,WON,
2026-02-27T17:00:00+00:00,Super Lig,Trabzonspor,Fatih Karagümrük,Result + Total Goals,Home/Over 1.5,1.57,,,WON,
2026-02-27T17:00:00+00:00,TFF 1. Lig,İstanbulspor,76 Iğdır Belediyespor,Over/Under Goals,Under 3.5,1.5,,,WON,
2026-02-27T17:30:00+00:00,Bundesliga 2,Dynamo Dresden,SV Darmstadt 98,Over/Under Goals,Over 1.5,1.22,,,WON,
2026-02-27T17:30:00+00:00,Bundesliga 2,Fortuna Düsseldorf,VfL Bochum,Over/Under Goals,Under 3.5,1.42,,,WON,
2026-02-27T17:30:00+00:00,Premier Soccer League,Magesi,Polokwane City,Double Chance,Draw/Away,1.48,,,WON,
2026-02-27T17:30:00+00:00,Premier Soccer League,Stellenbosch,Amazulu,Over/Under Goals,Under 3.5,1.16,,,WON,
2026-02-27T17:30:00+00:00,Pro League U23,Al Dhafra U23,Ittihad Kalba U23,Double Chance,Home/Draw,1.44,,,WON,
2026-02-27T17:30:00+00:00,Pro League,Al Bataeh,Baniyas SC,Over/Under Goals,Under 3.5,1.36,,,WON,
2026-02-27T17:30:00+00:00,Pro League,Dibba Al-Fujairah,Al Nasr,Over/Under Goals,Under 3.5,1.36,,,WON,
2026-02-27T17:30:00+00:00,Pro League,Khorfakkan,Al Ain,Over/Under Goals,Under 3.5,1.65,,,LOST,
2026-02-27T18:00:00+00:00,3. Liga,Hoffenheim II,TSV 1860 München,Over/Under Goals,Under 3.5,1.57,,,WON,
2026-02-27T18:00:00+00:00,A Lyga,FK Zalgiris Vilnius,Panevėžys,Asian Handicap,Away -1.25,1.42,,,LOST,
2026-02-27T18:00:00+00:00,Liga I,Universitatea Cluj,Oţelul,Asian Handicap,Home +0,1.6,,,WON,
2026-02-27T18:00:00+00:00,National 2 - Group A,Les Herbiers,Saint-Malo,Asian Handicap,Home +0.25,1.46,,,LOST,
2026-02-27T18:00:00+00:00,Serie B,Monza,Virtus Entella,Over/Under Goals,Over 1.5,1.36,,,WON,
2026-02-27T18:00:00+00:00,Superliga,Vllaznia Shkodër,Tirana,Over/Under Goals,Under 2.5,1.67,,,LOST,
2026-02-27T18:00:00+00:00,Svenska Cupen,Orgryte IS,Mjallby AIF,Over/Under Goals,Under 3.5,1.44,,,WON,
2026-02-27T18:30:00+00:00,National 1,Chateauroux,Gobelins,1X2 / Match Winner,Draw,3.15,,,LOST,
2026-02-27T18:30:00+00:00,National 1,Fleury 91,Concarneau,Over/Under Goals,Under 3.5,1.18,,,LOST,
2026-02-27T18:30:00+00:00,National 1,Le Puy Foot,Stade Briochin,Over/Under Goals,Under 2.5,1.73,,,WON,
2026-02-27T18:30:00+00:00,National 1,Sochaux,Villefranche,Over/Under Goals,Under 3.5,1.25,,,WON,
2026-02-27T18:30:00+00:00,National 1,Versailles,Aubagne,Over/Under Goals,Under 3.5,1.19,,,WON,
2026-02-27T18:30:00+00:00,Stars League,Al Ahli Doha,Al Shahaniya,Asian Handicap,Home +0,1.6,,,LOST,
2026-02-27T18:30:00+00:00,Stars League,UMM Salal,Al Wakrah,Over/Under Goals,Over 1.5,1.18,,,WON,
2026-02-27T18:45:00+00:00,Primeira Liga,FC Porto,Arouca,Over/Under Goals,Under 3.5,1.55,,,LOST,
2026-02-27T19:00:00+00:00,Challenger Pro League,KAA Gent II,Patro Eisden,Over/Under Goals,Over 1.5,1.28,,,WON,
2026-02-27T19:00:00+00:00,Challenger Pro League,Kortrijk,Liège,Over/Under Goals,Under 3.5,1.36,,,LOST,
2026-02-27T19:00:00+00:00,Eerste Divisie,ADO Den Haag,VVV Venlo,1X2 / Match Winner,Home,1.3,,,WON,
2026-02-27T19:00:00+00:00,Eerste Divisie,Den Bosch,Roda,Over/Under Goals,Over 1.5,1.17,,,WON,
2026-02-27T19:00:00+00:00,Eerste Divisie,Emmen,Willem II,Over/Under Goals,Under 3.5,1.62,,,WON,
2026-02-27T19:00:00+00:00,Eerste Divisie,FC OSS,Cambuur,Over/Under Goals,Under 3.5,1.62,,,WON,
2026-02-27T19:00:00+00:00,Eerste Divisie,Jong Ajax,Helmond Sport,Over/Under Goals,Under 3.5,1.55,,,LOST,
2026-02-27T19:00:00+00:00,Eerste Divisie,Jong PSV U21,Dordrecht,Double Chance,Home/Draw,1.67,,,WON,
2026-02-27T19:00:00+00:00,Eerste Divisie,Jong Utrecht,Almere City FC,Over/Under Goals,Over 1.5,1.15,,,WON,
2026-02-27T19:00:00+00:00,Eerste Divisie,MVV,De Graafschap,Team Total Goals,Under 2.5,1.48,,,LOST,
2026-02-27T19:00:00+00:00,Eerste Divisie,Vitesse,Jong AZ,Over/Under Goals,Over 1.5,1.17,,,WON,
2026-02-27T19:00:00+00:00,Eerste Divisie,Waalwijk,FC Eindhoven,Over/Under Goals,Under 3.5,1.55,,,WON,
2026-02-27T19:00:00+00:00,Eredivisie,Telstar,NAC Breda,Asian Handicap,Away -0.5,1.5,,,LOST,
2026-02-27T19:00:00+00:00,Ligue 2,Bastia,Annecy,Over/Under Goals,Under 3.5,1.17,,,WON,
2026-02-27T19:00:00+00:00,Ligue 2,Clermont Foot,Dunkerque,Over/Under Goals,Under 3.5,1.35,,,WON,
2026-02-27T19:00:00+00:00,Ligue 2,Grenoble,Boulogne,1X2 / Match Winner,Draw,3.2,,,WON,
2026-02-27T19:00:00+00:00,Ligue 2,Laval,Nancy,Over/Under Goals,Under 2.5,1.53,,,WON,
2026-02-27T19:00:00+00:00,Ligue 2,Montpellier,Reims,Over/Under Goals,Under 3.5,1.28,,,WON,
2026-02-27T19:00:00+00:00,Pro League,Al Shabab,Al-Hilal Saudi FC,Over/Under Goals,Under 3.5,1.62,,,LOST,
2026-02-27T19:00:00+00:00,Pro League,Al-Hazm,Al-Ettifaq,Over/Under Goals,Over 1.5,1.25,,,WON,
2026-02-27T19:00:00+00:00,Pro League,Al-Ittihad FC,Al Khaleej Saihat,1X2 / Match Winner,Home,1.53,,,WON,
2026-02-27T19:00:00+00:00,Reserve Pro League,RFC de Liege U21,Waasland-Beveren U21,Team Total Goals,Under 2.5,1.57,,,LOST,
2026-02-27T19:15:00+00:00,1. Liga Classic - Group 1,Chênois,Lancy,Double Chance,Home/Draw,1.33,,,LOST,
2026-02-27T19:15:00+00:00,NB I,Debreceni VSC,MTK Budapest,Over/Under Goals,Over 1.5,1.18,,,WON,
2026-02-27T19:30:00+00:00,Bundesliga 1,FC Augsburg,1. FC Köln,Asian Handicap,Home +0,1.65,,,WON,
2026-02-27T19:30:00+00:00,Ekstraklasa,Arka Gdynia,Lechia Gdansk,Asian Handicap,Home +0.5,1.5,,,WON,
2026-02-27T19:30:00+00:00,Erste Liga,SKN ST. Polten,SKU Amstetten,Over/Under Goals,Under 3.5,1.42,,,LOST,
2026-02-27T19:30:00+00:00,Reserve Pro League,Westerlo U21,Kortrijk U21,Asian Handicap,Home +1.25,1.41,,,WON,
2026-02-27T19:30:00+00:00,Second League,Baladiyyat Al Mehalla,Itesalat,Asian Handicap,Home +0,1.44,,,WON,
2026-02-27T19:30:00+00:00,Second League,La Viena FC,Dayrout,Over/Under Goals,Under 2.5,1.44,,,WON,
2026-02-27T19:30:00+00:00,Second League,Raya Ghazl,Aswan Sc,Over/Under Goals,Under 2.5,1.3,,,WON,
2026-02-27T19:30:00+00:00,Segunda Division,Albacete,Almeria,Over/Under Goals,Under 3.5,1.44,,,WON,
2026-02-27T19:45:00+00:00,Championship,Dundela,Limavady United,Over/Under Goals,Under 3.5,1.57,,,WON,
2026-02-27T19:45:00+00:00,First Division,Athlone Town,Wexford,Over/Under Goals,Under 3.5,1.38,,,LOST,
2026-02-27T19:45:00+00:00,First Division,Cobh Ramblers,Finn Harps,Over/Under Goals,Under 3.5,1.4,,,WON,
2026-02-27T19:45:00+00:00,First Division,Cork City,Bray Wanderers,1X2 / Match Winner,Home,1.51,,,WON,
2026-02-27T19:45:00+00:00,First Division,Kerry,Longford Town,Double Chance,Draw/Away,1.67,,,WON,
2026-02-27T19:45:00+00:00,First Division,UCD,Treaty United,Asian Handicap,Home +0.25,1.47,,,WON,
2026-02-27T19:45:00+00:00,Jupiler Pro League,Standard Liege,RAAL La Louvière,Over/Under Goals,Under 3.5,1.22,,,WON,
2026-02-27T19:45:00+00:00,League Two,Harrogate Town,Cheltenham,Over/Under Goals,Under 3.5,1.28,,,WON,
2026-02-27T19:45:00+00:00,Ligue 1,Strasbourg,Lens,Over/Under Goals,Over 1.5,1.2,,,WON,
2026-02-27T19:45:00+00:00,Premier Division,Derry City,Waterford,Over/Under Goals,Under 3.5,1.36,,,LOST,
2026-02-27T19:45:00+00:00,Premier Division,Drogheda United,Shelbourne,Over/Under Goals,Over 1.5,1.48,,,WON,
2026-02-27T19:45:00+00:00,Premier Division,Galway United,Sligo Rovers,Over/Under Goals,Under 3.5,1.3,,,WON,
2026-02-27T19:45:00+00:00,Premier Division,St Patrick's Athl.,Dundalk,Over/Under Goals,Under 3.5,1.4,,,LOST,
2026-02-27T19:45:00+00:00,Premier League,Bala Town,llanelli AFC,1X2 / Match Winner,Home,1.37,,,LOST,
2026-02-27T19:45:00+00:00,Premier League,Caernarfon Town,Colwyn Bay,1X2 / Match Winner,Draw,3.6,,,LOST,
2026-02-27T19:45:00+00:00,Serie A,Parma,Cagliari,Over/Under Goals,Under 3.5,1.18,,,WON,
2026-02-27T20:00:00+00:00,Championship,Bristol City,Watford,Over/Under Goals,Under 3.5,1.38,,,WON,
2026-02-27T20:00:00+00:00,La Liga,Levante,Alaves,Over/Under Goals,Under 3.5,1.22,,,WON,
2026-02-27T20:00:00+00:00,Premier Division,Bohemians,Shamrock Rovers,Over/Under Goals,Over 1.5,1.42,,,WON,
2026-02-27T20:00:00+00:00,Premier League,Wolves,Aston Villa,Team Total Goals,Under 2.5,1.22,,,WON,
2026-02-27T20:00:00+00:00,Primera Division,Alianza Atletico,ADT,Over/Under Goals,Under 2.5,1.48,,,WON,
2026-02-27T20:00:00+00:00,Serie B,Sampdoria,Bari,Over/Under Goals,Over 1.5,1.4,,,WON,
2026-02-27T20:45:00+00:00,Primeira Liga,Sporting CP,Estoril,1X2 / Match Winner,Home,1.22,,,WON,
2026-02-27T21:00:00+00:00,Botola Pro,FAR Rabat,CODM Meknès,Over/Under Goals,Under 2.5,1.7,,,LOST,
2026-02-27T21:00:00+00:00,Botola Pro,Maghreb Fès,Kawkab Marrakech,Over/Under Goals,Under 3.5,1.17,,,WON,
2026-02-27T21:00:00+00:00,Ligue 1,JS Saoura,Ben Aknoun,Over/Under Goals,Over 1.5,1.45,,,LOST,
2026-02-27T21:00:00+00:00,Primera B,Recoleta,Union Espanola,Double Chance,Home/Draw,1.53,,,WON,
2026-02-27T21:00:00+00:00,Primera Division,Cobresal,D. La Serena,Over/Under Goals,Over 1.5,1.33,,,LOST,
2026-02-27T22:45:00+00:00,Primera Division,FBC Melgar,Club Deportivo Los Chankas,Result + Total Goals,Home/Over 1.5,1.55,,,LOST,
2026-02-27T23:00:00+00:00,Carioca - 1,Volta Redonda,Bangu,Over/Under Goals,Under 3.5,1.22,,,WON,
2026-02-27T23:00:00+00:00,Liga de Expansión MX,Alebrijes de Oaxaca,Dorados,Over/Under Goals,Under 3.5,1.48,,,LOST,
2026-02-27T23:00:00+00:00,Primera División - Apertura,Cerro,Boston River,Over/Under Goals,Under 3.5,1.15,,,WON,
2026-02-27T23:30:00+00:00,Primera B,Deportes Santa Cruz,Cobreloa,1X2 / Match Winner,Draw,3.3,,,WON,
2026-02-27T23:30:00+00:00,Primera Division,Union La Calera,A. Italiano,Over/Under Goals,Under 3.5,1.18,,,WON,
2026-02-28T00:30:00+00:00,Liga Pro,Tecnico Universitario,Orense SC,Over/Under Goals,Under 3.5,1.18,,,WON,
2026-02-28T01:00:00+00:00,Liga MX,Club Queretaro,Santos Laguna,Over/Under Goals,Under 3.5,1.44,,,LOST,
2026-02-28T01:00:00+00:00,Liga MX,Mazatlán,Pachuca,Over/Under Goals,Under 3.5,1.33,,,WON,
2026-02-28T01:00:00+00:00,Liga de Expansión MX,Correcaminos Uat,Tapatío,Over/Under Goals,Under 3.5,1.33,,,LOST,
2026-02-28T01:00:00+00:00,Liga de Expansión MX,Mineros de Zacatecas,Venados FC,Over/Under Goals,Under 3.5,1.65,,,WON,
2026-02-28T01:15:00+00:00,Primera Division,Deportivo Garcilaso,Cienciano,Double Chance,Home/Draw,1.44,,,LOST,
2026-02-28T01:30:00+00:00,Primera A,Once Caldas,Chico,Over/Under Goals,Under 3.5,1.25,,,WON,
2026-02-28T03:00:00+00:00,Liga MX,FC Juarez,Atlas,Over/Under Goals,Over 1.5,1.38,,,WON,
2026-02-28T03:06:00+00:00,Liga MX,Club Tijuana,U.N.A.M. - Pumas,Over/Under Goals,Under 3.5,1.33,,,WON,
2026-02-28T04:00:00+00:00,A-League,Auckland,Melbourne City,Asian Handicap,Home +0,1.57,,,WON,
2026-02-28T04:00:00+00:00,J. League Div.1,Yokohama F. Marinos,Tokyo Verdy,Double Chance,Draw/Away,1.55,,,LOST,
2026-02-28T05:00:00+00:00,J. League Div.1,Urawa,Kashima,Over/Under Goals,Under 3.5,1.33,,,LOST,
2026-02-28T06:00:00+00:00,A-League,Central Coast Mariners,Newcastle Jets,BTTS,Yes,1.4,,,LOST,
2026-02-28T06:00:00+00:00,J. League Div.1,FC Tokyo,Kashiwa Reysol,Over/Under Goals,Over 1.5,1.25,,,WON,
2026-02-28T07:00:00+00:00,A-League,Brisbane Roar,Perth Glory,Over/Under Goals,Over 1.5,1.25,,,WON,
2026-02-28T08:00:00+00:00,J. League Div.1,V-varen Nagasaki,Cerezo Osaka,Double Chance,Home/Draw,1.48,,,WON,
2026-02-28T08:35:00+00:00,A-League,Macarthur,Western Sydney Wanderers,Over/Under Goals,Over 1.5,1.2,,,WON,
2026-02-28T09:00:00+00:00,Liga II,CSM Satu Mare,Tunari,Over/Under Goals,Under 3.5,1.21,,,WON,
2026-02-28T09:00:00+00:00,Liga II,Ceahlăul Piatra Neamţ,FC Voluntari,Over/Under Goals,Under 3.5,1.36,,,LOST,
2026-02-28T09:00:00+00:00,Liga II,Dumbrăviţa,Politehnica Iasi,Over/Under Goals,Under 3.5,1.21,,,WON,
2026-02-28T09:00:00+00:00,Liga II,FC Bacau,Gloria Bistriţa,Over/Under Goals,Under 2.5,1.8,,,WON,
2026-02-28T09:00:00+00:00,Liga II,Muscelul Câmpulung Elite,CS Afumati,Over/Under Goals,Under 3.5,1.33,,,WON,
2026-02-28T09:00:00+00:00,Liga II,Sepsi OSK Sfantu Gheorghe,CSM Reşiţa,Asian Handicap,Home +0.25,1.21,,,WON,
2026-02-28T09:00:00+00:00,Liga II,Viitorul Şelimbăr,Concordia,Over/Under Goals,Under 3.5,1.18,,,WON,
2026-02-28T09:00:00+00:00,Premier League,FC Orenburg,Akron,Asian Handicap,Home +0,1.57,,,WON,
2026-02-28T10:00:00+00:00,First League,FK Sokol Saratov,Chelyabinsk,Asian Handicap,Home +0.25,1.56,,,LOST,
2026-02-28T10:30:00+00:00,First League,Botev Vratsa,Beroe,Over/Under Goals,Under 2.5,1.53,,,WON,
2026-02-28T10:30:00+00:00,Super Lig,Kasımpaşa,Rizespor,Double Chance,Home/Draw,1.4,,,LOST,
2026-02-28T10:30:00+00:00,TFF 1. Lig,Hatayspor,Bodrum FK,1X2 / Match Winner,Away,1.18,,,WON,
2026-02-28T10:30:00+00:00,TFF 1. Lig,Van Spor Kulübü,Erzurumspor FK,Over/Under Goals,Over 1.5,1.4,,,WON,
2026-02-28T11:00:00+00:00,Liga II,ASA Targu Mures,Metalul Buzău,Over/Under Goals,Under 3.5,1.26,,,WON,
2026-02-28T11:00:00+00:00,Premier League,LNZ Cherkasy,Polessya,1X2 / Match Winner,Draw,2.9,,,LOST,
2026-02-28T11:00:00+00:00,Thai League 1,Chonburi FC,Ayutthaya FC,Over/Under Goals,Under 3.5,1.33,,,WON,
2026-02-28T11:30:00+00:00,Premier League,FC Krasnodar,FC Rostov,1X2 / Match Winner,Home,1.63,,,WON,
2026-02-28T11:30:00+00:00,Thai League 1,Lamphun Warrior,Bangkok United,Over/Under Goals,Under 2.5,1.92,,,WON,
2026-02-28T12:00:00+00:00,Bundesliga 2,1. FC Kaiserslautern,SC Paderborn 07,Over/Under Goals,Under 3.5,1.55,,,WON,
2026-02-28T12:00:00+00:00,Bundesliga 2,Arminia Bielefeld,Hannover 96,BTTS,Yes,1.55,,,LOST,
2026-02-28T12:00:00+00:00,Bundesliga 2,Holstein Kiel,SV Elversberg,Over/Under Goals,Over 1.5,1.25,,,WON,
2026-02-28T12:00:00+00:00,Super Liga,Novi Pazar,TSC Backa Topola,Over/Under Goals,Under 3.5,1.28,,,WON,
2026-02-28T12:00:00+00:00,Thai League 1,Ratchaburi,Uthai Thani,Over/Under Goals,Under 3.5,1.38,,,LOST,
2026-02-28T12:30:00+00:00,Championship,Derby,Blackburn,Over/Under Goals,Under 3.5,1.25,,,LOST,
2026-02-28T12:30:00+00:00,Championship,Leicester,Norwich,Over/Under Goals,Over 1.5,1.25,,,WON,
2026-02-28T12:30:00+00:00,Championship,Portsmouth,Hull City,Over/Under Goals,Under 3.5,1.28,,,WON,
2026-02-28T12:30:00+00:00,League Two,Cambridge United,Milton Keynes Dons,Over/Under Goals,Under 3.5,1.25,,,WON,
2026-02-28T12:30:00+00:00,League Two,Shrewsbury,Walsall,Over/Under Goals,Under 3.5,1.18,,,WON,
2026-02-28T12:30:00+00:00,League Two,Swindon Town,Bristol Rovers,Asian Handicap,Home +0,1.42,,,WON,
2026-02-28T12:30:00+00:00,Premier League,Bournemouth,Sunderland,Over/Under Goals,Over 1.5,1.22,,,WON,
2026-02-28T12:45:00+00:00,Primera División - Apertura,Albion FC,Racing Montevideo,Over/Under Goals,Under 3.5,1.18,,,LOST,
2026-02-28T13:00:00+00:00,3. Liga,Erzgebirge Aue,VfL Osnabrück,Double Chance,Home/Draw,1.7,,,LOST,
2026-02-28T13:00:00+00:00,3. Liga,FC Viktoria Köln,Stuttgart II,Double Chance,Home/Draw,1.45,,,WON,
2026-02-28T13:00:00+00:00,3. Liga,Hansa Rostock,Rot-Weiß Essen,Over/Under Goals,Under 3.5,1.45,,,LOST,
2026-02-28T13:00:00+00:00,3. Liga,SSV Jahn Regensburg,SSV Ulm 1846,Over/Under Goals,Under 3.5,1.45,,,WON,
2026-02-28T13:00:00+00:00,3. Liga,SV Wehen,FC Ingolstadt 04,Over/Under Goals,Under 3.5,1.53,,,WON,
2026-02-28T13:00:00+00:00,First League,Dobrudzha,Cherno More Varna,Over/Under Goals,Under 3.5,1.25,,,WON,
2026-02-28T13:00:00+00:00,First League,Spartak Kostroma,Rotor Volgograd,Over/Under Goals,Under 2.5,1.33,,,WON,
2026-02-28T13:00:00+00:00,La Liga,Rayo Vallecano,Athletic Club,Over/Under Goals,Over 1.5,1.44,,,WON,
2026-02-28T13:00:00+00:00,Liga I,Universitatea Craiova,Metaloglobus,Over/Under Goals,Over 1.5,1.16,,,WON,
2026-02-28T13:00:00+00:00,Ligue 2,Guingamp,Rodez,Team Total Goals,Over 0.5,1.45,,,LOST,
2026-02-28T13:00:00+00:00,Ligue 2,RED Star FC 93,Le Mans,Over/Under Goals,Under 3.5,1.22,,,WON,
2026-02-28T13:00:00+00:00,Super Lig,Kocaelispor,Beşiktaş,Team Total Goals,Over 0.5,1.22,,,WON,
2026-02-28T13:00:00+00:00,Super Liga,Cukaricki,Mladost Lucani,Over/Under Goals,Under 3.5,1.28,,,LOST,
2026-02-28T13:30:00+00:00,1st Division,Milford FC,Midlands Wanderers,1X2 / Match Winner,Home,1.52,,,LOST,
2026-02-28T13:30:00+00:00,NB I,Kisvarda FC,Paks,Over/Under Goals,Over 1.5,1.2,,,WON,
2026-02-28T13:30:00+00:00,Premier League,Metalist 1925 Kharkiv,Oleksandria,Double Chance,Home/Draw,1.17,,,WON,
2026-02-28T13:30:00+00:00,Premier Soccer League,Kaizer Chiefs,Orlando Pirates,Over/Under Goals,Under 3.5,1.15,,,WON,
2026-02-28T13:30:00+00:00,Serie C - Girone A,Albinoleffe,Vicenza Virtus,Asian Handicap,Home +1.25,1.42,,,WON,
2026-02-28T13:30:00+00:00,Serie C - Girone A,Dolomiti Bellunesi,Renate,Over/Under Goals,Under 3.5,1.22,,,WON,
2026-02-28T13:30:00+00:00,Serie C - Girone A,Union Brescia,Lecco,Asian Handicap,Away -1.25,1.45,,,LOST,
2026-02-28T13:30:00+00:00,Serie C - Girone B,Forli,Torres,Over/Under Goals,Under 3.5,1.3,,,WON,
2026-02-28T13:30:00+00:00,Serie C - Girone C,Cavese,Audace Cerignola,Over/Under Goals,Under 3.5,1.17,,,WON,
2026-02-28T13:30:00+00:00,Serie C - Girone C,Trapani 1905,Atalanta II,Double Chance,Home/Draw,1.48,,,LOST,
2026-02-28T13:45:00+00:00,Ekstraklasa,Pogon Szczecin,Widzew Łódź,Over/Under Goals,Under 3.5,1.38,,,WON,
2026-02-28T14:00:00+00:00,1. Division,Ethnikos Achna,Omonia Aradippou,Over/Under Goals,Under 3.5,1.3,,,WON,
2026-02-28T14:00:00+00:00,Czech Liga,Mlada Boleslav,FK Jablonec,Team Total Goals,Under 2.5,1.17,,,WON,
2026-02-28T14:00:00+00:00,Czech Liga,Pardubice,Teplice,Over/Under Goals,Under 3.5,1.25,,,WON,
2026-02-28T14:00:00+00:00,Czech Liga,Slovan Liberec,Hradec Králové,Over/Under Goals,Under 3.5,1.25,,,WON,
2026-02-28T14:00:00+00:00,Premier League,Lokomotiv,Nizhny Novgorod,1X2 / Match Winner,Home,1.45,,,WON,
2026-02-28T14:00:00+00:00,Prva HNL,NK Osijek,Vukovar,Double Chance,Home/Draw,1.17,,,WON,
2026-02-28T14:00:00+00:00,Serie A,Como,Lecce,1X2 / Match Winner,Home,1.45,,,WON,
2026-02-28T14:00:00+00:00,Serie B,Empoli,Cesena,Asian Handicap,Home +0,1.67,,,WON,
2026-02-28T14:00:00+00:00,Serie B,Modena,Padova,Over/Under Goals,Under 3.5,1.28,,,WON,
2026-02-28T14:00:00+00:00,Serie B,Sudtirol,Venezia,1X2 / Match Winner,Draw,3.35,,,WON,
2026-02-28T14:30:00+00:00,Bundesliga 1,1899 Hoffenheim,FC St. Pauli,1X2 / Match Winner,Home,1.54,,,LOST,
2026-02-28T14:30:00+00:00,Bundesliga 1,Bayer Leverkusen,FSV Mainz 05,Team Total Goals,Over 1.5,1.62,,,LOST,
2026-02-28T14:30:00+00:00,Bundesliga 1,Borussia Mönchengladbach,Union Berlin,Over/Under Goals,Under 3.5,1.28,,,WON,
2026-02-28T14:30:00+00:00,Bundesliga 1,Werder Bremen,1. FC Heidenheim,Over/Under Goals,Under 3.5,1.42,,,WON,
2026-02-28T14:30:00+00:00,First League,FK Neftekhimik,FC UFA,Asian Handicap,Home +0.25,1.43,,,WON,
2026-02-28T14:30:00+00:00,Super Liga,Komárno,Ružomberok,1X2 / Match Winner,Draw,3.39,,,WON,
2026-02-28T14:30:00+00:00,Super Liga,Podbrezová,Tatran Prešov,Over/Under Goals,Under 3.5,1.4,,,LOST,
2026-02-28T14:30:00+00:00,Super Liga,Skalica,AS Trencin,Team Total Goals,Under 2.5,1.18,,,WON,
2026-02-28T14:30:00+00:00,Super Liga,Slovan Bratislava,Spartak Trnava,Asian Handicap,Home +0,1.57,,,WON,
2026-02-28T14:30:00+00:00,Super Liga,Zemplín Michalovce,FK Košice,Double Chance,Home/Draw,1.44,,,LOST,
2026-02-28T14:30:00+00:00,Super Liga,Žilina,Dunajska Streda,Over/Under Goals,Under 3.5,1.45,,,WON,
2026-02-28T15:00:00+00:00,1. Division,AEL,Apoel Nicosia,Over/Under Goals,Under 3.5,1.3,,,LOST,
2026-02-28T15:00:00+00:00,Championship,Charlton,Wrexham,Over/Under Goals,Under 3.5,1.25,,,WON,
2026-02-28T15:00:00+00:00,Championship,Coventry,Stoke City,Over/Under Goals,Under 3.5,1.5,,,WON,
2026-02-28T15:00:00+00:00,Championship,Ipswich,Swansea,Over/Under Goals,Under 3.5,1.38,,,WON,
2026-02-28T15:00:00+00:00,Championship,Oxford United,West Brom,Over/Under Goals,Under 3.5,1.22,,,WON,
2026-02-28T15:00:00+00:00,Championship,Preston,Millwall,Over/Under Goals,Under 3.5,1.25,,,WON,
2026-02-28T15:00:00+00:00,Championship,QPR,Sheffield Utd,Asian Handicap,Home +0.5,1.62,,,LOST,
2026-02-28T15:00:00+00:00,Championship,Sheffield Wednesday,Southampton,Over/Under Goals,Over 1.5,1.17,,,WON,
2026-02-28T15:00:00+00:00,Jupiler Pro League,KV Mechelen,Zulte Waregem,Asian Handicap,Home +0,1.67,,,WON,
2026-02-28T15:00:00+00:00,League One,East Fife,Alloa Athletic,Over/Under Goals,Under 3.5,1.36,,,WON,
2026-02-28T15:00:00+00:00,League One,Hamilton Academical,Montrose,1X2 / Match Winner,Draw,3.55,,,WON,
2026-02-28T15:00:00+00:00,League One,Kelty Hearts,Inverness CT,Over/Under Goals,Under 2.5,2.08,,,WON,
2026-02-28T15:00:00+00:00,League One,Queen of the South,Peterhead,Over/Under Goals,Under 3.5,1.4,,,WON,
2026-02-28T15:00:00+00:00,League One,Stenhousemuir,Cove Rangers,Over/Under Goals,Under 3.5,1.25,,,WON,
2026-02-28T15:00:00+00:00,League Two,Barnet,Chesterfield,Over/Under Goals,Over 1.5,1.25,,,LOST,
2026-02-28T15:00:00+00:00,League Two,Barrow,Gillingham,Over/Under Goals,Under 3.5,1.25,,,WON,
2026-02-28T15:00:00+00:00,League Two,Bromley,Accrington ST,Over/Under Goals,Under 3.5,1.28,,,WON,
2026-02-28T15:00:00+00:00,League Two,Clyde,East Kilbride,Double Chance,Draw/Away,1.44,,,WON,
2026-02-28T15:00:00+00:00,League Two,Colchester,Salford City,Double Chance,Home/Draw,1.42,,,LOST,
2026-02-28T15:00:00+00:00,League Two,Crewe,Tranmere,Over/Under Goals,Under 3.5,1.33,,,WON,
2026-02-28T15:00:00+00:00,League Two,Edinburgh City,Forfar Athletic,Double Chance,Home/Draw,1.44,,,WON,
2026-02-28T15:00:00+00:00,League Two,Notts County,Grimsby,Over/Under Goals,Under 3.5,1.28,,,WON,
2026-02-28T15:00:00+00:00,League Two,Oldham,Crawley Town,Team Total Goals,Under 2.5,1.22,,,WON,
2026-02-28T15:00:00+00:00,League Two,Spartans,Annan Athletic,Over/Under Goals,Under 3.5,1.4,,,LOST,
2026-02-28T15:00:00+00:00,League Two,Stirling Albion,Dumbarton,Over/Under Goals,Under 3.5,1.44,,,WON,
2026-02-28T15:00:00+00:00,League Two,Stranraer,Elgin City,Over/Under Goals,Under 3.5,1.4,,,WON,
2026-02-28T15:00:00+00:00,Liga 3,1º Dezembro,Lusitano Évora 1911,1X2 / Match Winner,Draw,3.2,,,WON,
2026-02-28T15:00:00+00:00,Liga 3,Guimaraes B,Varzim,Double Chance,Draw/Away,1.62,,,LOST,
2026-02-28T15:00:00+00:00,National League - North,AFC Fylde,Curzon Ashton,1X2 / Match Winner,Home,1.4,,,WON,
2026-02-28T15:00:00+00:00,National League - North,AFC Telford United,Radcliffe,Team Total Goals,Under 2.5,1.15,,,WON,
2026-02-28T15:00:00+00:00,National League - North,Chester,Spennymoor Town,Over/Under Goals,Under 3.5,1.5,,,WON,
2026-02-28T15:00:00+00:00,National League - North,Darlington 1883,Bedford Town,1X2 / Match Winner,Home,1.65,,,WON,
2026-02-28T15:00:00+00:00,National League - North,King's Lynn Town,Oxford City,Asian Handicap,Home +0,1.4,,,LOST,
2026-02-28T15:00:00+00:00,National League - North,Merthyr Town,Buxton,Asian Handicap,Home +0,1.58,,,LOST,
2026-02-28T15:00:00+00:00,National League - North,Peterborough Sports,South Shields,Over/Under Goals,Over 1.5,1.17,,,WON,
2026-02-28T15:00:00+00:00,National League - North,Scarborough Athletic,Macclesfield,Over/Under Goals,Under 3.5,1.44,,,LOST,
2026-02-28T15:00:00+00:00,National League - North,Worksop Town,Leamington,Over/Under Goals,Under 3.5,1.44,,,WON,
2026-02-28T15:00:00+00:00,National League - South,AFC Hornchurch,Worthing,Over/Under Goals,Under 3.5,1.65,,,WON,
2026-02-28T15:00:00+00:00,National League - South,Chippenham Town,Maidenhead,Over/Under Goals,Under 3.5,1.35,,,WON,
2026-02-28T15:00:00+00:00,National League - South,Dagenham & Redbridge,AFC Totton,Over/Under Goals,Under 3.5,1.38,,,WON,
2026-02-28T15:00:00+00:00,National League - South,Dorking Wanderers,Chesham United,Over/Under Goals,Over 1.5,1.22,,,WON,
2026-02-28T15:00:00+00:00,National League - South,Ebbsfleet United,Farnborough,1X2 / Match Winner,Home,1.54,,,LOST,
2026-02-28T15:00:00+00:00,National League - South,Enfield Town,Bath City,Double Chance,Home/Draw,1.44,,,WON,
2026-02-28T15:00:00+00:00,National League - South,Hampton & Richmond,Eastbourne Borough,Team Total Goals,Over 0.5,1.2,,,WON,
2026-02-28T15:00:00+00:00,National League - South,Hemel Hempstead Town,Tonbridge Angels,Over/Under Goals,Under 3.5,1.35,,,WON,
2026-02-28T15:00:00+00:00,National League - South,Salisbury,Maidstone Utd,Double Chance,Home/Draw,1.7,,,LOST,
2026-02-28T15:00:00+00:00,National League - South,Slough Town,Dover,Over/Under Goals,Under 3.5,1.6,,,WON,
2026-02-28T15:00:00+00:00,Non League Premier - Isthmian,Billericay Town,Folkestone Invicta,Double Chance,Home/Draw,1.5,,,WON,
2026-02-28T15:00:00+00:00,Non League Premier - Isthmian,Cray Wanderers,Cheshunt,1X2 / Match Winner,Draw,3.4,,,LOST,
2026-02-28T15:00:00+00:00,Non League Premier - Isthmian,Dulwich Hamlet,Chichester City,Over/Under Goals,Under 3.5,1.38,,,LOST,
2026-02-28T15:00:00+00:00,Non League Premier - Isthmian,Hashtag United,St Albans City,Double Chance,Draw/Away,1.3,,,WON,
2026-02-28T15:00:00+00:00,Non League Premier - Isthmian,Lewes,Cray Valley PM,Over/Under Goals,Under 3.5,1.44,,,WON,
2026-02-28T15:00:00+00:00,Non League Premier - Isthmian,Potters Bar Town,Carshalton Athletic,Over/Under Goals,Under 3.5,1.37,,,WON,
2026-02-28T15:00:00+00:00,Non League Premier - Isthmian,Welling United,Dartford,Double Chance,Home/Draw,1.67,,,LOST,
2026-02-28T15:00:00+00:00,Non League Premier - Isthmian,Whitehawk,Chatham Town,Team Total Goals,Under 2.5,1.16,,,WON,
2026-02-28T15:00:00+00:00,Non League Premier - Isthmian,Wingate & Finchley,Brentwood Town,Double Chance,Home/Draw,1.57,,,LOST,
2026-02-28T15:00:00+00:00,Non League Premier - Northern,Ilkeston Town,Hebburn Town,Over/Under Goals,Under 3.5,1.31,,,LOST,
2026-02-28T15:00:00+00:00,Non League Premier - Northern,Leek Town,Stockton Town,Over/Under Goals,Under 3.5,1.33,,,WON,
2026-02-28T15:00:00+00:00,Non League Premier - Northern,Morpeth Town,Ashton United,Double Chance,Home/Draw,1.5,,,WON,
2026-02-28T15:00:00+00:00,Non League Premier - Northern,Prescot Cables,Lancaster City,Over/Under Goals,Under 3.5,1.23,,,LOST,
2026-02-28T15:00:00+00:00,Non League Premier - Northern,United of Manchester,Stocksbridge Park Steels,Over/Under Goals,Over 1.5,1.26,,,WON,
2026-02-28T15:00:00+00:00,Non League Premier - Northern,Warrington Town,Hyde United,Over/Under Goals,Under 3.5,1.29,,,WON,
2026-02-28T15:00:00+00:00,Non League Premier - Northern,Whitby Town,Rylands,Over/Under Goals,Under 3.5,1.37,,,WON,
2026-02-28T15:00:00+00:00,Non League Premier - Southern South,Basingstoke Town,Gosport Borough,Double Chance,Home/Draw,1.5,,,LOST,
2026-02-28T15:00:00+00:00,Non League Premier - Southern South,Berkhamsted,Tiverton Town,1X2 / Match Winner,Home,1.47,,,WON,
2026-02-28T15:00:00+00:00,Non League Premier - Southern South,Bracknell Town,Chertsey Town,Over/Under Goals,Under 3.5,1.35,,,LOST,
2026-02-28T15:00:00+00:00,Non League Premier - Southern South,Plymouth Parkway,Hungerford Town,Over/Under Goals,Over 1.5,1.17,,,WON,
2026-02-28T15:00:00+00:00,Non League Premier - Southern South,Poole Town,Gloucester City,Asian Handicap,Home +0,1.67,,,LOST,
2026-02-28T15:00:00+00:00,Non League Premier - Southern South,Sholing,Taunton Town,1X2 / Match Winner,Home,1.7,,,WON,
2026-02-28T15:00:00+00:00,Non League Premier - Southern South,Uxbridge,Havant & Wville,Double Chance,Home/Draw,1.5,,,WON,
2026-02-28T15:00:00+00:00,Non League Premier - Southern South,Walton & Hersham,Yate Town,1X2 / Match Winner,Home,1.28,,,WON,
2026-02-28T15:00:00+00:00,Non League Premier - Southern South,Weymouth,Farnham Town,1X2 / Match Winner,Away,1.62,,,WON,
2026-02-28T15:00:00+00:00,Non League Premier - Southern South,Wimborne Town,Dorchester Town,Team Total Goals,Under 2.5,1.2,,,WON,
2026-02-28T15:00:00+00:00,Premier League,Burnley,Brentford,Asian Handicap,Home +1.25,1.45,,,WON,
2026-02-28T15:00:00+00:00,Premier League,Liverpool,West Ham,1X2 / Match Winner,Home,1.44,,,WON,
2026-02-28T15:00:00+00:00,Premier League,Newcastle,Everton,Over/Under Goals,Under 3.5,1.42,,,LOST,
2026-02-28T15:00:00+00:00,Premiership,Dundee,Hibernian,1X2 / Match Winner,Draw,3.67,,,WON,
2026-02-28T15:00:00+00:00,Premiership,Falkirk,Kilmarnock,Team Total Goals,Over 0.5,1.15,,,WON,
2026-02-28T15:00:00+00:00,Premiership,Heart Of Midlothian,Aberdeen,1X2 / Match Winner,Home,1.43,,,WON,
2026-02-28T15:00:00+00:00,Premiership,Livingston,ST Mirren,Asian Handicap,Home +0.5,1.67,,,WON,
2026-02-28T15:00:00+00:00,Premiership,Motherwell,Dundee Utd,Over/Under Goals,Over 1.5,1.22,,,WON,
2026-02-28T15:00:00+00:00,Primera Division,Coquimbo Unido,Concepción,1X2 / Match Winner,Home,1.67,,,LOST,
2026-02-28T15:00:00+00:00,Super League 1,OFI,Larisa,Over/Under Goals,Under 3.5,1.25,,,WON,
2026-02-28T15:00:00+00:00,Super Liga,Železničar Pančevo,Vojvodina,Over/Under Goals,Under 3.5,1.28,,,WON,
2026-02-28T15:15:00+00:00,La Liga,Barcelona,Villarreal,Team Total Goals,Over 1.5,1.2,,,WON,
2026-02-28T15:15:00+00:00,Segunda Division,Zaragoza,Burgos,Over/Under Goals,Under 2.5,1.4,,,WON,
2026-02-28T15:30:00+00:00,3. Liga,Energie Cottbus,Verl,Double Chance,Home/Draw,1.5,,,WON,
2026-02-28T15:30:00+00:00,Eredivisie,Heerenveen,Sparta Rotterdam,Asian Handicap,Home +0,1.48,,,WON,
2026-02-28T15:30:00+00:00,First League,Septemvri Sofia,CSKA Sofia,Over/Under Goals,Under 3.5,1.36,,,WON,
2026-02-28T15:30:00+00:00,Primeira Liga,AVS,Estrela,Over/Under Goals,Under 3.5,1.22,,,WON,
2026-02-28T16:00:00+00:00,1. Division,Anorthosis,Enosis,Over/Under Goals,Under 3.5,1.44,,,WON,
2026-02-28T16:00:00+00:00,Liga 3,Caldas,Amora,Over/Under Goals,Under 3.5,1.18,,,WON,
2026-02-28T16:00:00+00:00,Ligue 1,Rennes,Toulouse,Asian Handicap,Home +0.25,1.48,,,WON,
2026-02-28T16:00:00+00:00,NB I,Diosgyori VTK,Zalaegerszegi TE,Over/Under Goals,Under 3.5,1.45,,,WON,
2026-02-28T16:00:00+00:00,Premier Soccer League,Golden Arrows,Chippa United,Over/Under Goals,Under 2.5,1.4,,,WON,
2026-02-28T16:00:00+00:00,Premier Soccer League,Siwelele,TS Galaxy,Over/Under Goals,Over 1.5,1.62,,,LOST,
2026-02-28T16:00:00+00:00,Primera Division,Sport Huancayo,Sporting Cristal,Over/Under Goals,Under 3.5,1.33,,,WON,
2026-02-28T16:15:00+00:00,Serie B,Spezia,Reggiana,Over/Under Goals,Under 3.5,1.22,,,WON,
2026-02-28T16:30:00+00:00,Ekstraklasa,Motor Lublin,Korona Kielce,Over/Under Goals,Over 1.5,1.3,,,WON,
2026-02-28T16:30:00+00:00,Premier League,Dinamo Makhachkala,Rubin,Asian Handicap,Home +0.25,1.5,,,WON,
2026-02-28T16:30:00+00:00,Serie C - Girone A,Pro Patria,Virtus Verona,Asian Handicap,Home +0.25,1.48,,,WON,
2026-02-28T16:30:00+00:00,Serie C - Girone A,Trento,Lumezzane,Over/Under Goals,Under 3.5,1.33,,,WON,
2026-02-28T16:30:00+00:00,Serie C - Girone B,Perugia,Pineto,Over/Under Goals,Under 3.5,1.22,,,WON,
2026-02-28T16:30:00+00:00,Serie C - Girone C,AZ Picerno,Team Altamura,Over/Under Goals,Under 3.5,1.2,,,WON,
2026-02-28T16:30:00+00:00,Serie C - Girone C,Foggia,Casarano,Double Chance,Home/Draw,1.4,,,LOST,
2026-02-28T16:45:00+00:00,Prva HNL,NK Varazdin,HNK Hajduk Split,Over/Under Goals,Under 3.5,1.25,,,WON,
2026-02-28T17:00:00+00:00,Czech Liga,Sparta Praha,Baník Ostrava,Over/Under Goals,Under 3.5,1.44,,,LOST,
2026-02-28T17:00:00+00:00,Liga 3,Academica,União Santarém,Over/Under Goals,Under 3.5,1.25,,,LOST,
2026-02-28T17:00:00+00:00,National 2 - Group B,Wasquehal,Dieppe,Asian Handicap,Home +0.25,1.46,,,LOST,
2026-02-28T17:00:00+00:00,Serie A,Verona,Napoli,Over/Under Goals,Over 1.5,1.42,,,WON,
2026-02-28T17:00:00+00:00,Super League,FC ST. Gallen,FC Winterthur,Result + Total Goals,Home/Over 1.5,1.41,,,WON,
2026-02-28T17:00:00+00:00,Super League,FC Thun,FC Luzern,Team Total Goals,Over 1.5,1.55,,,WON,
2026-02-28T17:00:00+00:00,Super Lig,Galatasaray,Alanyaspor,Over/Under Goals,Over 1.5,1.15,,,WON,
2026-02-28T17:00:00+00:00,Super Lig,Göztepe,Eyüpspor,1X2 / Match Winner,Draw,4.11,,,WON,
2026-02-28T17:00:00+00:00,TFF 1. Lig,Keçiörengücü,Amed,Double Chance,Home/Draw,1.57,,,WON,
2026-02-28T17:15:00+00:00,Jupiler Pro League,Antwerp,St. Truiden,Double Chance,Draw/Away,1.42,,,LOST,
2026-02-28T17:30:00+00:00,Bundesliga 1,Borussia Dortmund,Bayern München,Asian Handicap,Home +1.25,1.58,,,WON,
2026-02-28T17:30:00+00:00,La Liga,Mallorca,Real Sociedad,Asian Handicap,Home +0.5,1.62,,,LOST,
2026-02-28T17:30:00+00:00,Non League Premier - Isthmian,Ramsgate,Aveley,Double Chance,Draw/Away,1.5,,,WON,
2026-02-28T17:30:00+00:00,Premier League,Leeds,Manchester City,Over/Under Goals,Over 1.5,1.2,,,LOST,
2026-02-28T17:30:00+00:00,Segunda Division,Granada CF,Malaga,Over/Under Goals,Under 3.5,1.22,,,WON,
2026-02-28T17:30:00+00:00,Segunda Division,Valladolid,Huesca,Over/Under Goals,Over 1.5,1.45,,,LOST,
2026-02-28T17:30:00+00:00,Super League 1,Atromitos,Panetolikos,Over/Under Goals,Over 1.5,1.42,,,LOST,
2026-02-28T17:30:00+00:00,Super Liga,FK Partizan,OFK Beograd,Over/Under Goals,Under 3.5,1.6,,,WON,
2026-02-28T17:45:00+00:00,Eredivisie,Heracles,PSV Eindhoven,Result + Total Goals,Away/Over 1.5,1.4,,,WON,
2026-02-28T18:00:00+00:00,Liga I,Farul Constanta,CFR 1907 Cluj,Over/Under Goals,Under 3.5,1.33,,,WON,
2026-02-28T18:00:00+00:00,Ligue 1,Monaco,Angers,1X2 / Match Winner,Home,1.57,,,WON,
2026-02-28T18:00:00+00:00,Primeira Liga,Nacional,SC Braga,Over/Under Goals,Under 3.5,1.38,,,WON,
2026-02-28T18:00:00+00:00,Super League 1,Kifisia,Levadiakos,Over/Under Goals,Under 3.5,1.25,,,WON,
2026-02-28T18:15:00+00:00,Premier Soccer League,Orbit College,Richards Bay,Double Chance,Home/Draw,1.42,,,WON,
2026-02-28T18:15:00+00:00,Primera Division,UTC Cajamarca,Alianza Lima,Over/Under Goals,Under 2.5,1.65,,,WON,
2026-02-28T18:30:00+00:00,NB I,Gyori ETO FC,Ujpest,Over/Under Goals,Under 3.5,1.53,,,WON,
2026-02-28T18:30:00+00:00,Serie B,Avellino,Juve Stabia,Over/Under Goals,Under 3.5,1.2,,,WON,
2026-02-28T19:00:00+00:00,Capixaba,Rio Branco ES,Porto Vitória,Over/Under Goals,Under 3.5,1.17,,,WON,
2026-02-28T19:00:00+00:00,Liga Pro,Leones del Norte,Libertad,Over/Under Goals,Under 2.5,1.48,,,WON,
2026-02-28T19:00:00+00:00,Ligue 2,PAU,Saint Etienne,Over/Under Goals,Under 3.5,1.5,,,WON,
2026-02-28T19:00:00+00:00,Pro League,Al Najma,Al Okhdood,Over/Under Goals,Over 1.5,1.28,,,WON,
2026-02-28T19:00:00+00:00,Pro League,Al-Fayha,Al-Nassr,Over/Under Goals,Under 3.5,1.5,,,LOST,
2026-02-28T19:00:00+00:00,Pro League,Al-Qadisiyah FC,Al Taawon,1X2 / Match Winner,Home,1.45,,,LOST,
2026-02-28T19:00:00+00:00,Pro League,NEOM,Al Kholood,Over/Under Goals,Under 3.5,1.48,,,WON,
2026-02-28T19:15:00+00:00,Ekstraklasa,GKS Katowice,Gornik Zabrze,Asian Handicap,Home +0.5,1.62,,,WON,
2026-02-28T19:30:00+00:00,Bundesliga 2,SpVgg Greuther Fürth,FC Schalke 04,Over/Under Goals,Under 3.5,1.4,,,WON,
2026-02-28T19:30:00+00:00,Major League Soccer,Chicago Fire,CF Montreal,1X2 / Match Winner,Home,1.58,,,WON,
2026-02-28T19:30:00+00:00,Major League Soccer,New York Red Bulls,New England Revolution,Over/Under Goals,Over 2.5,1.65,,,LOST,
2026-02-28T19:30:00+00:00,Serie C - Girone A,Inter U23,Alcione,BTTS,No,1.7,,,WON,
2026-02-28T19:30:00+00:00,Serie C - Girone B,Ascoli,Athletic Carpi,Team Total Goals,Over 0.5,1.15,,,WON,
2026-02-28T19:30:00+00:00,Serie C - Girone B,Sambenedettese,Livorno,Over/Under Goals,Under 3.5,1.2,,,WON,
2026-02-28T19:30:00+00:00,Super League,Servette FC,FC Sion,1X2 / Match Winner,Draw,3.5,,,WON,
2026-02-28T19:45:00+00:00,Jupiler Pro League,Anderlecht,OH Leuven,Over/Under Goals,Under 3.5,1.36,,,LOST,
2026-02-28T19:45:00+00:00,Serie A,Inter,Genoa,Over/Under Goals,Under 3.5,1.48,,,WON,
2026-02-28T20:00:00+00:00,Acreano,Galvez,Vasco da Gama AC,Asian Handicap,Home +0,1.44,,,WON,
2026-02-28T20:00:00+00:00,Eredivisie,NEC Nijmegen,Fortuna Sittard,Over/Under Goals,Over 1.5,1.15,,,WON,
2026-02-28T20:00:00+00:00,La Liga,Oviedo,Atletico Madrid,Team Total Goals,Over 0.5,1.6,,,LOST,
2026-02-28T20:00:00+00:00,Primera División - Apertura,Danubio,Progreso,Over/Under Goals,Under 2.5,1.67,,,LOST,
2026-02-28T20:00:00+00:00,Segunda Division,Castellón,Racing Santander,1X2 / Match Winner,Home,1.7,,,LOST,
2026-02-28T20:05:00+00:00,Ligue 1,Le Havre,Paris Saint Germain,Over/Under Goals,Under 3.5,1.73,,,WON,
2026-02-28T20:30:00+00:00,Primeira Liga,Guimaraes,Alverca,Double Chance,Home/Draw,1.18,,,WON,
2026-02-28T20:45:00+00:00,Primera Division,Boca Juniors,Gimnasia M.,1X2 / Match Winner,Home,1.46,,,LOST,
2026-02-28T21:00:00+00:00,Ligue 1,ES Setif,Mostaganem,Over/Under Goals,Under 2.5,1.5,,,LOST,
2026-02-28T21:00:00+00:00,Primera Division,Deportes Limache,Huachipato,Asian Handicap,Home +0,1.65,,,WON,
2026-02-28T21:10:00+00:00,Primera A,Alianza Valledupar,America de Cali,Over/Under Goals,Under 3.5,1.18,,,WON,
2026-02-28T21:30:00+00:00,Liga Pro,Guayaquil City FC,Aucas,Double Chance,Home/Draw,1.57,,,WON,
2026-02-28T21:30:00+00:00,Major League Soccer,Colorado Rapids,Portland Timbers,Over/Under Goals,Over 1.5,1.18,,,WON,
2026-02-28T21:30:00+00:00,Major League Soccer,Minnesota United FC,FC Cincinnati,Over/Under Goals,Under 3.5,1.42,,,WON,
2026-02-28T21:30:00+00:00,Mineiro - 1,Cruzeiro,Pouso Alegre,Over/Under Goals,Over 1.5,1.18,,,LOST,
2026-02-28T23:00:00+00:00,Liga MX,Atletico San Luis,Puebla,Team Total Goals,Over 0.5,1.17,,,LOST,
2026-02-28T23:00:00+00:00,Liga MX,Toluca,Guadalajara Chivas,Team Total Goals,Over 0.5,1.18,,,WON,
2026-02-28T23:00:00+00:00,Primera Division,Independiente,Central Cordoba de Santiago,Over/Under Goals,Under 3.5,1.2,,,WON,
2026-02-28T23:00:00+00:00,Primera División - Apertura,Central Espanol,Wanderers,Over/Under Goals,Under 3.5,1.16,,,WON,
2026-02-28T23:20:00+00:00,Primera A,Jaguares,Junior,Team Total Goals,Over 0.5,1.45,,,LOST,
2026-02-28T23:30:00+00:00,Paulista - A1,Novorizontino,Corinthians,Double Chance,Home/Draw,1.5,,,WON,
2026-02-28T23:30:00+00:00,Primera Division,Palestino,O'Higgins,Over/Under Goals,Under 3.5,1.22,,,LOST,
