date_utc,league,home,away,market,pick,price_at_publish,model_probability,result,grade,snapshot_frozen_at
2026-04-01T00:00:00+00:00,Friendlies,Brazil,Croatia,Team Total Goals,Over 0.5,1.53,,,WON,
2026-04-01T01:00:00+00:00,Friendlies,Mexico,Belgium,Asian Handicap,Home +0.5,1.67,,,WON,
2026-04-01T01:00:00+00:00,Primera A,Deportes Tolima,Águilas Doradas,Over/Under Goals,Under 2.5,1.7,,,LOST,
2026-04-01T03:00:00+00:00,World Cup - Qualification Intercontinental Play-offs,Iraq,Bolivia,Over/Under Goals,Under 3.5,1.22,,,WON,
2026-04-01T10:00:00+00:00,J. League Div.1,Machida Zelvia,FC Tokyo,Over/Under Goals,Under 3.5,1.25,,,WON,
2026-04-01T10:00:00+00:00,J. League Div.1,Vissel Kobe,Shimizu S-pulse,Over/Under Goals,Under 3.5,1.33,,,WON,
2026-04-01T11:00:00+00:00,Nasjonal U19 Champions League,Sandefjord U19,Start U19,1X2 / Match Winner,Home,1.17,,,WON,
2026-04-01T13:00:00+00:00,1st Division,Black Leopards,Upington City,Over/Under Goals,Over 1.5,1.5,,,LOST,
2026-04-01T14:00:00+00:00,Liga Revelação U23,Marítimo U23,Vizela U23,Over/Under Goals,Under 3.5,1.44,,,LOST,
2026-04-01T14:00:00+00:00,Ligue 1,Paradou AC,CR Belouizdad,Over/Under Goals,Under 3.5,1.17,,,WON,
2026-04-01T15:00:00+00:00,3. liga - CFL B,Velké Hamry,Sokol Brozany,1X2 / Match Winner,Home,1.51,,,LOST,
2026-04-01T15:00:00+00:00,Ligue 1,JS Kabylie,Ben Aknoun,Over/Under Goals,Under 3.5,1.17,,,LOST,
2026-04-01T15:00:00+00:00,Ligue 1,MC Alger,USM Alger,Asian Handicap,Home +0.5,1.16,,,WON,
2026-04-01T16:00:00+00:00,III Liga - Group 3,Karkonosze Jelenia Góra,Kluczbork,Double Chance,Home/Draw,1.4,,,LOST,
2026-04-01T16:30:00+00:00,3. liga - West,MŠK Senec,Galanta,Double Chance,Draw/Away,1.5,,,WON,
2026-04-01T16:30:00+00:00,First League,FK Neftekhimik,Fakel,Over/Under Goals,Over 1.5,1.57,,,WON,
2026-04-01T16:45:00+00:00,UEFA Champions League Women,Bayern Munich W,Manchester United W,Over/Under Goals,Over 1.5,1.15,,,WON,
2026-04-01T17:00:00+00:00,1. Liga Promotion,Vevey Sports,Cham,Over/Under Goals,Over 2.5,1.5,,,WON,
2026-04-01T17:00:00+00:00,1st League - FBiH,Čelik,Sloboda Tuzla,Double Chance,Home/Draw,1.15,,,WON,
2026-04-01T17:00:00+00:00,III Liga - Group 3,Lechia Zielona Góra,Goczałkowice Zdrój,Over/Under Goals,Over 1.5,1.16,,,WON,
2026-04-01T17:00:00+00:00,III Liga - Group 3,Polonia Nysa,Górnik Polkowice,Double Chance,Draw/Away,1.18,,,WON,
2026-04-01T17:30:00+00:00,1. Liga Promotion,Breitenrain,SC Kriens,Over/Under Goals,Over 1.5,1.15,,,WON,
2026-04-01T17:30:00+00:00,National 2 - Group A,Avranches,Angoulême,Over/Under Goals,Under 3.5,1.17,,,WON,
2026-04-01T19:00:00+00:00,UEFA Champions League Women,Chelsea W,Arsenal W,Over/Under Goals,Over 2.5,1.67,,,LOST,
2026-04-01T20:00:00+00:00,Liga Mayor,Delfines Del Este,Atlético Pantoja,1X2 / Match Winner,Draw,3.2,,,LOST,
2026-04-01T21:00:00+00:00,Copa De La Liga,Colo Colo,Huachipato,Over/Under Goals,Under 3.5,1.44,,,WON,
2026-04-01T21:00:00+00:00,Serie B,America Mineiro,Botafogo SP,Over/Under Goals,Under 2.5,1.67,,,LOST,
2026-04-01T21:10:00+00:00,Primera A,Alianza Valledupar,Deportivo Pasto,Over/Under Goals,Over 1.5,1.48,,,LOST,
2026-04-01T21:45:00+00:00,Liga MX Femenil,Puebla W,Querétaro W,Team Total Goals,Under 2.5,1.18,,,WON,
2026-04-01T22:00:00+00:00,Liga Mayor,Moca,Cibao,Over/Under Goals,Under 2.5,1.5,,,LOST,
2026-04-01T22:00:00+00:00,Serie B,Atletico Goianiense,Nautico Recife,Over/Under Goals,Under 2.5,1.53,,,LOST,
2026-04-01T22:00:00+00:00,Serie B,Londrina,Goias,Double Chance,Draw/Away,1.5,,,WON,
2026-04-01T22:00:00+00:00,Serie B,Sport Recife,Vila Nova,Team Total Goals,Over 0.5,1.7,,,WON,
2026-04-01T22:30:00+00:00,Serie A,Botafogo,Mirassol,Over/Under Goals,Under 3.5,1.22,,,LOST,
2026-04-01T22:30:00+00:00,Serie A,Internacional,Sao Paulo,Over/Under Goals,Under 2.5,1.7,,,WON,
2026-04-01T23:00:00+00:00,Liga MX Femenil,Necaxa W,Juárez W,1X2 / Match Winner,Away,1.2,,,WON,
2026-04-01T23:00:00+00:00,Primera Division,Lanus,Platense,Asian Handicap,Home +0,1.48,,,WON,
2026-04-01T23:00:00+00:00,Roraimense,GAS,Baré,Team Total Goals,Over 0.5,1.52,,,LOST,
2026-04-01T23:00:00+00:00,Serie A,Bahia,Atletico Paranaense,Team Total Goals,Over 0.5,1.2,,,WON,
2026-04-01T23:00:00+00:00,Serie A,Cruzeiro,Vitoria,Asian Handicap,Away -1.25,1.58,,,LOST,
2026-04-01T23:30:00+00:00,Primera A,Santa Fe,Llaneros,Asian Handicap,Away -1.25,1.43,,,WON,
2026-04-01T23:30:00+00:00,Serie A,Coritiba,Vasco DA Gama,Double Chance,Draw/Away,1.5,,,WON,
2026-04-02T00:30:00+00:00,Serie A,Fluminense,Corinthians,Double Chance,Home/Draw,1.2,,,WON,
2026-04-02T01:30:00+00:00,Primera A,Atletico Nacional,Cucuta,Over/Under Goals,Over 1.5,1.17,,,LOST,
2026-04-02T01:30:00+00:00,US Open Cup,New Mexico United,El Paso Locomotive,Team Total Goals,Over 0.5,1.4,,,WON,
2026-04-02T08:35:00+00:00,A-League,Macarthur,Newcastle Jets,Double Chance,Draw/Away,1.53,,,LOST,
2026-04-02T10:00:00+00:00,1. Division,Arys,Jaiyq,Over/Under Goals,Under 3.5,1.62,,,WON,
2026-04-02T10:00:00+00:00,A-League,Brisbane Roar,Sydney,Over/Under Goals,Under 3.5,1.38,,,WON,
2026-04-02T10:00:00+00:00,III Liga - Group 3,Sparta Katowice,Górnik Zabrze II,Over/Under Goals,Over 2.5,1.85,,,WON,
2026-04-02T11:00:00+00:00,3. Division,Holbæk B&I,Nykobing FC,Over/Under Goals,Over 1.5,1.16,,,WON,
2026-04-02T11:00:00+00:00,3. Division,Vejgaard B,Lyseng,Over/Under Goals,Under 3.5,1.4,,,WON,
2026-04-02T12:00:00+00:00,3. Division,Frem,FA 2000,Over/Under Goals,Under 2.5,1.62,,,WON,
2026-04-02T12:00:00+00:00,3. Division,Odder,Sundby,Over/Under Goals,Over 1.5,1.18,,,WON,
2026-04-02T12:00:00+00:00,3. Division,Vanløse,Næsby,Over/Under Goals,Over 2.5,1.6,,,LOST,
2026-04-02T14:00:00+00:00,First NL,Sesvete,Opatija,Asian Handicap,Home +0,1.45,,,WON,
2026-04-02T15:00:00+00:00,Regionalliga - Nord,Bremer SV,Kickers Emden,Over/Under Goals,Over 2.5,1.44,,,WON,
2026-04-02T16:00:00+00:00,1. Liga Promotion,Bulle,Lugano II,Over/Under Goals,Over 2.5,1.57,,,LOST,
2026-04-02T16:00:00+00:00,Second League,El Seka El Hadid,El Dakhleya,Asian Handicap,Home +0.5,1.24,,,WON,
2026-04-02T16:15:00+00:00,First NL,Karlovac 1919,Dubrava Zagreb,Asian Handicap,Home +0.25,1.48,,,WON,
2026-04-02T16:45:00+00:00,UEFA Champions League Women,Barcelona W,Real Madrid W,Team Total Goals,Over 2.5,1.45,,,WON,
2026-04-02T17:00:00+00:00,Division 2 - Västra Götaland,Torslanda,Landvetter IS,Over/Under Goals,Over 2.5,1.4,,,WON,
2026-04-02T17:00:00+00:00,Segunda Division,Las Palmas,Granada CF,Over/Under Goals,Over 1.5,1.42,,,WON,
2026-04-02T17:30:00+00:00,Division 2 - Västra Götaland,Böljan,Dalstorps,Over/Under Goals,Under 3.5,1.73,,,WON,
2026-04-02T17:30:00+00:00,Liga II,CSA Steaua Bucureşti,Chindia Targoviste,Over/Under Goals,Over 1.5,1.23,,,WON,
2026-04-02T18:00:00+00:00,Derde Divisie - Saturday,ROHDA Raalte,Dovo,1X2 / Match Winner,Home,1.53,,,LOST,
2026-04-02T18:00:00+00:00,Segunda Division,Castellón,Almeria,Over/Under Goals,Under 3.5,1.62,,,WON,
2026-04-02T18:00:00+00:00,Segunda Division,Real Sociedad II,Eibar,Over/Under Goals,Under 3.5,1.22,,,WON,
2026-04-02T18:45:00+00:00,League One,Wigan,Leyton Orient,Over/Under Goals,Under 3.5,1.25,,,WON,
2026-04-02T18:45:00+00:00,Non League Premier - Northern,Cleethorpes Town,Stocksbridge Park Steels,1X2 / Match Winner,Home,1.52,,,WON,
2026-04-02T19:00:00+00:00,Botola Pro,FAR Rabat,Olympique Dcheïra,Over/Under Goals,Under 3.5,1.45,,,LOST,
2026-04-02T19:00:00+00:00,League Two,Cambridge United,Swindon Town,Over/Under Goals,Under 3.5,1.3,,,WON,
2026-04-02T19:00:00+00:00,Primera A,Chico,Deportivo Pereira,Over/Under Goals,Over 1.5,1.57,,,LOST,
2026-04-02T19:30:00+00:00,Segunda Division,Leganes,Zaragoza,Over/Under Goals,Over 1.5,1.38,,,WON,
2026-04-02T21:00:00+00:00,Primera Division,U. Catolica,Palestino,Over/Under Goals,Over 1.5,1.28,,,WON,
2026-04-02T21:10:00+00:00,Primera A,America de Cali,Bucaramanga,Over/Under Goals,Under 3.5,1.22,,,WON,
2026-04-02T22:00:00+00:00,Serie A,Chapecoense-sc,Atletico-MG,Over/Under Goals,Under 3.5,1.25,,,LOST,
2026-04-02T22:00:00+00:00,Serie A,Santos,Remo,1X2 / Match Winner,Home,1.56,,,WON,
2026-04-02T23:00:00+00:00,Primera División,Deportivo La Guaira,Carabobo FC,Over/Under Goals,Under 2.5,1.5,,,WON,
2026-04-02T23:20:00+00:00,Primera A,Jaguares,Millonarios,Over/Under Goals,Over 1.5,1.4,,,LOST,
2026-04-03T00:30:00+00:00,Serie A,Palmeiras,Gremio,Over/Under Goals,Under 3.5,1.36,,,WON,
2026-04-03T00:30:00+00:00,Serie A,RB Bragantino,Flamengo,Over/Under Goals,Over 1.5,1.38,,,WON,
2026-04-03T01:00:00+00:00,Liga MX Femenil,Guadalajara W,Mazatlán W,Over/Under Goals,Over 2.5,1.35,,,LOST,
2026-04-03T01:00:00+00:00,Liga MX Femenil,Santos Laguna W,Pachuca W,Over/Under Goals,Under 3.5,1.62,,,WON,
2026-04-03T01:30:00+00:00,Primera A,Once Caldas,Independiente Medellin,Over/Under Goals,Under 3.5,1.38,,,WON,
2026-04-03T03:06:00+00:00,Liga MX Femenil,Tijuana W,Tigres UANL W,Over/Under Goals,Under 3.5,1.62,,,WON,
2026-04-03T06:00:00+00:00,New South Wales NPL,APIA Leichhardt,Western Sydney Wanderers U23,Team Total Goals,Over 0.5,1.48,,,WON,
2026-04-03T08:00:00+00:00,New South Wales NPL,Manly United,Sydney FC U23,Over/Under Goals,Under 3.5,1.38,,,WON,
2026-04-03T08:15:00+00:00,3. liga - CFL A,Admira Praha,Loko Vltavín,Asian Handicap,Away -1.25,1.6,,,WON,
2026-04-03T08:15:00+00:00,3. liga - CFL B,Pardubice II,Ústí nad Orlicí,Asian Handicap,Away -0.5,1.7,,,LOST,
2026-04-03T08:15:00+00:00,3. liga - CFL B,Slovan Liberec II,Mladá Boleslav II,Double Chance,Home/Draw,1.4,,,LOST,
2026-04-03T08:30:00+00:00,Liga 1,Arema FC,Malut United,BTTS,Yes,1.65,,,WON,
2026-04-03T08:35:00+00:00,A-League,Adelaide United,Auckland,Over/Under Goals,Over 1.5,1.17,,,WON,
2026-04-03T09:30:00+00:00,1. Liga U19,Zbrojovka Brno U19,České Budějovice U19,Asian Handicap,Home +0.25,1.44,,,WON,
2026-04-03T10:00:00+00:00,Liga 3,Mafra,União Santarém,Team Total Goals,Over 0.5,1.53,,,WON,
2026-04-03T10:00:00+00:00,Liga Revelação U23,Gil Vicente U23,Farense U23,Asian Handicap,Home +0,1.56,,,WON,
2026-04-03T10:00:00+00:00,Primera División Femenina,Eibar W,Granad. Tenerife W,Over/Under Goals,Under 3.5,1.28,,,WON,
2026-04-03T11:00:00+00:00,Damallsvenskan,Kristianstad,Djurgården,Over/Under Goals,Over 1.5,1.16,,,WON,
2026-04-03T11:00:00+00:00,Division 2 - Norra Svealand,Viggbyholms IK,Enskede,Double Chance,Draw/Away,1.44,,,WON,
2026-04-03T11:00:00+00:00,Division 2 - Västra Götaland,Jonsered,Åstorp,Asian Handicap,Home +1.25,1.4,,,WON,
2026-04-03T11:00:00+00:00,Division 2 - Västra Götaland,Lindome,Qviding FIF,Over/Under Goals,Over 2.5,1.34,,,WON,
2026-04-03T11:00:00+00:00,Division 2 - Västra Götaland,Onsala,Västra Frölunda,Over/Under Goals,Over 2.5,1.41,,,LOST,
2026-04-03T11:00:00+00:00,Erovnuli Liga 2,Kolkheti Poti,Aragvi Dusheti,Team Total Goals,Over 0.5,1.21,,,WON,
2026-04-03T11:00:00+00:00,Erovnuli Liga 2,Samtredia,Odishi 1919,Over/Under Goals,Over 2.5,1.57,,,LOST,
2026-04-03T11:00:00+00:00,Erovnuli Liga 2,Sioni,Telavi,Asian Handicap,Home +0,1.53,,,WON,
2026-04-03T11:00:00+00:00,Erovnuli Liga,Dinamo Tbilisi,Dila,Over/Under Goals,Under 2.5,1.65,,,LOST,
2026-04-03T11:00:00+00:00,Erovnuli Liga,Samgurali,Rustavi,Over/Under Goals,Under 3.5,1.24,,,WON,
2026-04-03T11:00:00+00:00,Ettan - Norra,Arlanda,Vasalund,Over/Under Goals,Over 2.5,1.5,,,WON,
2026-04-03T11:00:00+00:00,Ettan - Södra,Angelholms FF,trelleborgs FF,Asian Handicap,Home +1.25,1.7,,,LOST,
2026-04-03T11:00:00+00:00,Ettan - Södra,Ariana,Kristianstad,Over/Under Goals,Over 2.5,1.6,,,WON,
2026-04-03T11:00:00+00:00,Professional Development League,Barnsley U21,Hull City U21,Double Chance,Home/Draw,1.4,,,WON,
2026-04-03T11:00:00+00:00,Thai League 1,Bangkok United,Sukhothai FC,Over/Under Goals,Under 2.5,2.38,,,WON,
2026-04-03T11:30:00+00:00,4. liga - Divizie C,Horní Ředice,Dobrovice,Over/Under Goals,Under 3.5,1.96,,,WON,
2026-04-03T11:30:00+00:00,Championship,Middlesbrough,Millwall,Over/Under Goals,Under 3.5,1.45,,,WON,
2026-04-03T11:30:00+00:00,League One,Doncaster,Mansfield Town,Over/Under Goals,Under 3.5,1.38,,,WON,
2026-04-03T11:30:00+00:00,Meistriliiga,Kalju Nomme,Trans Narva,Result + Total Goals,Home/Over 1.5,1.49,,,WON,
2026-04-03T11:30:00+00:00,Meistriliiga,Kuressaare,Paide,Result + Total Goals,Away/Over 1.5,1.46,,,LOST,
2026-04-03T11:35:00+00:00,Super League,Chengdu Better City,Qingdao Youth Island,Over/Under Goals,Under 3.5,1.6,,,LOST,
2026-04-03T12:00:00+00:00,Division 2 - Norra Svealand,Franke,Täby,Over/Under Goals,Over 2.5,1.45,,,WON,
2026-04-03T12:00:00+00:00,Liga 1,Dewa United,PSIM Yogyakarta,Team Total Goals,Over 0.5,1.4,,,LOST,
2026-04-03T12:00:00+00:00,Professional Development League,Fleetwood Town U21,Coventry City U21,Over/Under Goals,Over 2.5,1.36,,,WON,
2026-04-03T12:00:00+00:00,Professional Development League,Swansea City U21,Colchester United U21,Over/Under Goals,Over 2.5,1.22,,,WON,
2026-04-03T12:00:00+00:00,Thai League 2,Pattani,Sisaket United,Team Total Goals,Over 0.5,1.4,,,LOST,
2026-04-03T12:30:00+00:00,Non League Premier - Northern,Hednesford Town,Prescot Cables,Over/Under Goals,Over 1.5,1.28,,,WON,
2026-04-03T12:30:00+00:00,Professional Development League,Charlton Athletic U21,AFC Bournemouth U21,Double Chance,Home/Draw,1.57,,,WON,
2026-04-03T13:00:00+00:00,2. SNL,Gorica,Beltinci,Over/Under Goals,Under 2.5,1.68,,,LOST,
2026-04-03T13:00:00+00:00,3. liga - CFL A,Táborsko II,Kladno,Over/Under Goals,Under 3.5,1.84,,,WON,
2026-04-03T13:00:00+00:00,Damallsvenskan,Växjö,Eskilstuna United,Double Chance,Draw/Away,1.67,,,LOST,
2026-04-03T13:00:00+00:00,Superettan,Helsingborg,Osters IF,Over/Under Goals,Under 3.5,1.42,,,LOST,
2026-04-03T13:30:00+00:00,Cup,Turan,Zira,Over/Under Goals,Under 3.5,1.22,,,WON,
2026-04-03T13:30:00+00:00,Ligue 1,AS Marsa,Olympique Béja,Asian Handicap,Away -1.25,1.5,,,WON,
2026-04-03T13:30:00+00:00,Ligue 1,CA Bizertin,AS Soliman,BTTS,No,1.44,,,WON,
2026-04-03T13:30:00+00:00,Premier League,Briton Ferry,Cardiff MET,Over/Under Goals,Under 3.5,1.4,,,LOST,
2026-04-03T13:30:00+00:00,Premier League,Colwyn Bay,Caernarfon Town,Over/Under Goals,Under 3.5,1.44,,,WON,
2026-04-03T13:30:00+00:00,Premier League,Flint Town United,Haverfordwest County AFC,Over/Under Goals,Under 3.5,1.41,,,WON,
2026-04-03T13:30:00+00:00,Premier League,Penybont,Barry Town,Over/Under Goals,Under 3.5,1.28,,,WON,
2026-04-03T13:30:00+00:00,Premier League,The New Saints,GAP Connah S Quay FC,1X2 / Match Winner,Home,1.53,,,WON,
2026-04-03T13:30:00+00:00,Premier League,llanelli AFC,Bala Town,Over/Under Goals,Under 3.5,1.33,,,LOST,
2026-04-03T14:00:00+00:00,3. liga - CFL A,Králův Dvůr,Dukla Praha II,Double Chance,Home/Draw,1.44,,,WON,
2026-04-03T14:00:00+00:00,Championship,Birmingham,Blackburn,Over/Under Goals,Under 3.5,1.22,,,WON,
2026-04-03T14:00:00+00:00,Championship,Leicester,Preston,Team Total Goals,Over 0.5,1.18,,,WON,
2026-04-03T14:00:00+00:00,Championship,Norwich,Portsmouth,Over/Under Goals,Over 1.5,1.33,,,WON,
2026-04-03T14:00:00+00:00,Championship,Oxford United,Hull City,Over/Under Goals,Over 1.5,1.35,,,WON,
2026-04-03T14:00:00+00:00,Championship,QPR,Watford,Over/Under Goals,Over 1.5,1.33,,,WON,
2026-04-03T14:00:00+00:00,Championship,Sheffield Utd,Swansea,Over/Under Goals,Under 3.5,1.35,,,LOST,
2026-04-03T14:00:00+00:00,Championship,Stoke City,Sheffield Wednesday,Team Total Goals,Over 1.5,1.42,,,WON,
2026-04-03T14:00:00+00:00,Championship,West Brom,Wrexham,Team Total Goals,Over 0.5,1.42,,,WON,
2026-04-03T14:00:00+00:00,Ettan - Norra,FBK Karlstad,Gefle IF,Over/Under Goals,Over 2.5,1.44,,,WON,
2026-04-03T14:00:00+00:00,Ettan - Södra,Trollhättan,Hässleholms IF,Double Chance,Draw/Away,1.44,,,WON,
2026-04-03T14:00:00+00:00,Ettan - Södra,Utsikten,Olympic,Team Total Goals,Under 2.5,1.22,,,WON,
2026-04-03T14:00:00+00:00,League One,Blackpool,Exeter City,Over/Under Goals,Under 3.5,1.38,,,WON,
2026-04-03T14:00:00+00:00,League One,Bradford,Northampton,1X2 / Match Winner,Home,1.49,,,WON,
2026-04-03T14:00:00+00:00,League One,Burton Albion,Barnsley,Over/Under Goals,Under 3.5,1.38,,,WON,
2026-04-03T14:00:00+00:00,League One,Huddersfield,Reading,Team Total Goals,Over 0.5,1.5,,,WON,
2026-04-03T14:00:00+00:00,League One,Lincoln,AFC Wimbledon,1X2 / Match Winner,Home,1.47,,,WON,
2026-04-03T14:00:00+00:00,League One,Luton,Peterborough,Over/Under Goals,Over 1.5,1.17,,,WON,
2026-04-03T14:00:00+00:00,League One,Plymouth,Bolton,Over/Under Goals,Over 1.5,1.22,,,WON,
2026-04-03T14:00:00+00:00,League One,Rotherham,Stevenage,Over/Under Goals,Under 3.5,1.22,,,WON,
2026-04-03T14:00:00+00:00,League One,Stockport County,Wycombe,Over/Under Goals,Over 1.5,1.25,,,WON,
2026-04-03T14:00:00+00:00,League Two,Accrington ST,Crewe,Over/Under Goals,Under 3.5,1.3,,,WON,
2026-04-03T14:00:00+00:00,League Two,Barnet,Bromley,1X2 / Match Winner,Draw,3.51,,,WON,
2026-04-03T14:00:00+00:00,League Two,Bristol Rovers,Fleetwood Town,Over/Under Goals,Under 3.5,1.35,,,WON,
2026-04-03T14:00:00+00:00,League Two,Chesterfield,Cheltenham,Team Total Goals,Over 0.5,1.55,,,LOST,
2026-04-03T14:00:00+00:00,League Two,Colchester,Oldham,Double Chance,Draw/Away,1.42,,,WON,
2026-04-03T14:00:00+00:00,League Two,Grimsby,Harrogate Town,1X2 / Match Winner,Home,1.57,,,LOST,
2026-04-03T14:00:00+00:00,League Two,Milton Keynes Dons,Barrow,1X2 / Match Winner,Home,1.44,,,LOST,
2026-04-03T14:00:00+00:00,League Two,Salford City,Notts County,Double Chance,Draw/Away,1.65,,,LOST,
2026-04-03T14:00:00+00:00,League Two,Shrewsbury,Tranmere,Over/Under Goals,Under 3.5,1.22,,,WON,
2026-04-03T14:00:00+00:00,League Two,Walsall,Gillingham,Over/Under Goals,Over 1.5,1.38,,,WON,
2026-04-03T14:00:00+00:00,Meistriliiga,Tammeka,Flora Tallinn,Over/Under Goals,Under 3.5,1.83,,,LOST,
2026-04-03T14:00:00+00:00,Non League Premier - Isthmian,Potters Bar Town,Lewes,BTTS,Yes,1.5,,,WON,
2026-04-03T14:00:00+00:00,Non League Premier - Isthmian,Ramsgate,Cray Valley PM,Over/Under Goals,Under 3.5,1.8,,,WON,
2026-04-03T14:00:00+00:00,Non League Premier - Northern,Ashton United,Rushall Olympic,Double Chance,Home/Draw,1.25,,,WON,
2026-04-03T14:00:00+00:00,Non League Premier - Northern,Lancaster City,Morpeth Town,Asian Handicap,Away -1.25,1.43,,,LOST,
2026-04-03T14:00:00+00:00,Non League Premier - Northern,Stockton Town,Gainsborough Trinity,Over/Under Goals,Under 3.5,1.25,,,WON,
2026-04-03T14:00:00+00:00,Non League Premier - Northern,Whitby Town,United of Manchester,Team Total Goals,Over 0.5,1.2,,,WON,
2026-04-03T14:00:00+00:00,Non League Premier - Southern Central,Alvechurch,Barwell,Over/Under Goals,Under 3.5,1.42,,,WON,
2026-04-03T14:00:00+00:00,Non League Premier - Southern Central,Banbury United,Royston Town,Over/Under Goals,Under 3.5,1.33,,,WON,
2026-04-03T14:00:00+00:00,Non League Premier - Southern Central,Bishop's Stortford,Stratford Town,Over/Under Goals,Under 3.5,1.33,,,WON,
2026-04-03T14:00:00+00:00,Non League Premier - Southern Central,Halesowen Town,Stamford,1X2 / Match Winner,Home,1.62,,,WON,
2026-04-03T14:00:00+00:00,Non League Premier - Southern Central,Kettering Town,Real Bedford,Asian Handicap,Home +0,1.63,,,WON,
2026-04-03T14:00:00+00:00,Non League Premier - Southern Central,Needham Market,Bromsgrove Sporting,Over/Under Goals,Under 3.5,1.42,,,WON,
2026-04-03T14:00:00+00:00,Non League Premier - Southern Central,Quorn,AFC Sudbury,Over/Under Goals,Over 2.5,1.44,,,LOST,
2026-04-03T14:00:00+00:00,Non League Premier - Southern Central,Redditch United,Leiston,Over/Under Goals,Under 3.5,1.35,,,LOST,
2026-04-03T14:00:00+00:00,Non League Premier - Southern Central,Spalding United,Stourbridge,Over/Under Goals,Over 2.5,1.5,,,WON,
2026-04-03T14:00:00+00:00,Non League Premier - Southern Central,St Ives Town,Harborough Town,1X2 / Match Winner,Away,1.44,,,WON,
2026-04-03T14:00:00+00:00,Non League Premier - Southern South,Bracknell Town,Weymouth,Over/Under Goals,Over 1.5,1.19,,,WON,
2026-04-03T14:00:00+00:00,Non League Premier - Southern South,Chertsey Town,Yate Town,Asian Handicap,Away -1.25,1.44,,,WON,
2026-04-03T14:00:00+00:00,Non League Premier - Southern South,Dorchester Town,Berkhamsted,Double Chance,Draw/Away,1.4,,,WON,
2026-04-03T14:00:00+00:00,Non League Premier - Southern South,Evesham United,Poole Town,Over/Under Goals,Under 3.5,1.42,,,WON,
2026-04-03T14:00:00+00:00,Non League Premier - Southern South,Gosport Borough,Uxbridge,Over/Under Goals,Over 2.5,1.53,,,WON,
2026-04-03T14:00:00+00:00,Non League Premier - Southern South,Hanwell Town,Gloucester City,Team Total Goals,Over 0.5,1.31,,,WON,
2026-04-03T14:00:00+00:00,Non League Premier - Southern South,Hungerford Town,Havant & Wville,Over/Under Goals,Under 3.5,1.56,,,WON,
2026-04-03T14:00:00+00:00,Non League Premier - Southern South,Plymouth Parkway,Basingstoke Town,Double Chance,Draw/Away,1.55,,,LOST,
2026-04-03T14:00:00+00:00,Non League Premier - Southern South,Sholing,Tiverton Town,1X2 / Match Winner,Home,1.22,,,WON,
2026-04-03T14:00:00+00:00,Non League Premier - Southern South,Taunton Town,Walton & Hersham,1X2 / Match Winner,Away,1.53,,,LOST,
2026-04-03T14:30:00+00:00,2. SNL,Dekani,Bistrica,1X2 / Match Winner,Draw,3.2,,,LOST,
2026-04-03T14:30:00+00:00,2. SNL,Ilirija,Tabor Sežana,Double Chance,Draw/Away,1.23,,,WON,
2026-04-03T14:30:00+00:00,First League,Chelyabinsk,Chernomorets,1X2 / Match Winner,Draw,3.17,,,WON,
2026-04-03T14:30:00+00:00,Liga II,Bihor Oradea,FC Voluntari,Over/Under Goals,Over 1.5,1.35,,,WON,
2026-04-03T14:30:00+00:00,Primeira Liga,GIL Vicente,AVS,1X2 / Match Winner,Home,1.45,,,WON,
2026-04-03T14:30:00+00:00,Segunda Liga,Oliveirense,Portimonense,Over/Under Goals,Under 3.5,1.3,,,WON,
2026-04-03T15:00:00+00:00,2. SNL,Krka,Triglav,Over/Under Goals,Under 3.5,1.45,,,WON,
2026-04-03T15:00:00+00:00,Cup,Enppi,Pyramids FC,Asian Handicap,Away -0.25,2.0,,,WON,
2026-04-03T15:00:00+00:00,Erovnuli Liga,Dinamo Batumi,Spaeri,Over/Under Goals,Over 1.5,1.24,,,WON,
2026-04-03T15:00:00+00:00,Júniores U19,Chaves U19,Vitoria Guimaraes U19,BTTS,Yes,1.65,,,WON,
2026-04-03T15:00:00+00:00,Ligue 1,MB Rouisset,Olympique Akbou,Over/Under Goals,Over 1.5,1.65,,,WON,
2026-04-03T15:00:00+00:00,National 2 - Group B,Biesheim,Haguenau,Double Chance,Draw/Away,1.6,,,WON,
2026-04-03T15:30:00+00:00,Stars League,Al Shahaniya,Al-Arabi SC,Over/Under Goals,Over 1.5,1.17,,,WON,
2026-04-03T15:30:00+00:00,Stars League,Qatar SC,Al Wakrah,BTTS,Yes,1.48,,,WON,
2026-04-03T16:00:00+00:00,2. SNL,Rudar,Slovan Ljubljana,Over/Under Goals,Over 1.5,1.27,,,WON,
2026-04-03T16:00:00+00:00,A Lyga,Suduva Marijampole,FK Trakai,1X2 / Match Winner,Home,1.41,,,WON,
2026-04-03T16:00:00+00:00,Cup,Qarabag,Sabah FA,Over/Under Goals,Over 2.5,1.95,,,WON,
2026-04-03T16:00:00+00:00,Erste Liga,First Vienna,SV Kapfenberg,Over/Under Goals,Under 3.5,1.33,,,WON,
2026-04-03T16:00:00+00:00,Erste Liga,Rapid Wien II,Floridsdorfer AC,Asian Handicap,Home +1.25,1.45,,,LOST,
2026-04-03T16:00:00+00:00,Erste Liga,SKU Amstetten,Austria Vienna (Am),Over/Under Goals,Over 1.5,1.25,,,WON,
2026-04-03T16:00:00+00:00,Erste Liga,Sturm Graz II,SKN ST. Polten,Over/Under Goals,Under 3.5,1.4,,,WON,
2026-04-03T16:00:00+00:00,Erste Liga,WSPG Wels,Austria Klagenfurt,Over/Under Goals,Over 1.5,1.3,,,WON,
2026-04-03T16:00:00+00:00,Primera Division,Sporting Cristal,UCV Moquegua,1X2 / Match Winner,Home,1.2,,,LOST,
2026-04-03T16:00:00+00:00,Pro League,Al Kholood,Al Khaleej Saihat,BTTS,Yes,1.5,,,WON,
2026-04-03T16:00:00+00:00,Serie A Women,Roma W,Como W,Over/Under Goals,Under 3.5,1.57,,,LOST,
2026-04-03T16:00:00+00:00,Serie A Women,Sassuolo W,AC Milan W,Over/Under Goals,Under 3.5,1.39,,,WON,
2026-04-03T16:00:00+00:00,Ykkösliiga,PK-35,EIF,Over/Under Goals,Under 3.5,1.4,,,LOST,
2026-04-03T16:15:00+00:00,Pro League,Al-Ittihad FC,Al-Hazm,Over/Under Goals,Under 3.5,1.7,,,WON,
2026-04-03T16:15:00+00:00,Prva HNL,NK Varazdin,HNK Gorica,Over/Under Goals,Over 1.5,1.38,,,WON,
2026-04-03T16:45:00+00:00,First League,Lokomotiv Plovdiv,Lokomotiv Sofia,Double Chance,Draw/Away,1.57,,,LOST,
2026-04-03T17:00:00+00:00,3. liga - West,Spartak Myjava,Slovan Duslo Šaľa,1X2 / Match Winner,Home,1.22,,,WON,
2026-04-03T17:00:00+00:00,Erovnuli Liga,Gagra,Saburtalo,Team Total Goals,Under 2.5,1.15,,,WON,
2026-04-03T17:00:00+00:00,Erovnuli Liga,Torpedo Kutaisi,Meshakhte,Over/Under Goals,Under 3.5,1.28,,,WON,
2026-04-03T17:00:00+00:00,Ligue 1,CS Constantine,MC Oran,Over/Under Goals,Under 3.5,1.15,,,WON,
2026-04-03T17:00:00+00:00,National 2 - Group C,Andrézieux,Toulon,1X2 / Match Winner,Home,1.7,,,WON,
2026-04-03T17:00:00+00:00,Primeira Liga,Guimaraes,Tondela,Team Total Goals,Under 2.5,1.2,,,LOST,
2026-04-03T17:00:00+00:00,TFF 1. Lig,Bodrum FK,Ümraniyespor,1X2 / Match Winner,Home,1.55,,,WON,
2026-04-03T17:00:00+00:00,TFF 1. Lig,Çorum FK,Bandırmaspor,1X2 / Match Winner,Home,1.53,,,LOST,
2026-04-03T17:30:00+00:00,Liga I,FC Botosani,FCSB,Over/Under Goals,Over 1.5,1.28,,,WON,
2026-04-03T17:30:00+00:00,National 2 - Group C,Istres,Fréjus St-Raphaël,Double Chance,Draw/Away,1.7,,,LOST,
2026-04-03T17:30:00+00:00,Non League Premier - Northern,Leek Town,Bamber Bridge,Over/Under Goals,Under 3.5,1.25,,,LOST,
2026-04-03T17:30:00+00:00,Premier Soccer League,Mamelodi Sundowns,Chippa United,Team Total Goals,Over 1.5,1.45,,,WON,
2026-04-03T17:30:00+00:00,Stars League,Al Ahli Doha,Al-Sailiya,Over/Under Goals,Under 3.5,1.4,,,LOST,
2026-04-03T17:30:00+00:00,Tipp3 Bundesliga,Ried,SCR Altach,Over/Under Goals,Under 3.5,1.22,,,LOST,
2026-04-03T18:00:00+00:00,Challenger Pro League,KRC Genk II,Lokeren-Temse,Over/Under Goals,Over 1.5,1.17,,,WON,
2026-04-03T18:00:00+00:00,Challenger Pro League,Kortrijk,KAA Gent II,Over/Under Goals,Over 1.5,1.17,,,WON,
2026-04-03T18:00:00+00:00,Eerste Divisie,ADO Den Haag,Jong Ajax,1X2 / Match Winner,Home,1.16,,,WON,
2026-04-03T18:00:00+00:00,Eerste Divisie,Almere City FC,FC OSS,1X2 / Match Winner,Home,1.44,,,WON,
2026-04-03T18:00:00+00:00,Eerste Divisie,Dordrecht,Roda,Over/Under Goals,Under 3.5,1.5,,,WON,
2026-04-03T18:00:00+00:00,Eerste Divisie,FC Eindhoven,De Graafschap,Double Chance,Draw/Away,1.5,,,WON,
2026-04-03T18:00:00+00:00,Eerste Divisie,Jong AZ,Helmond Sport,Over/Under Goals,Over 1.5,1.17,,,WON,
2026-04-03T18:00:00+00:00,Eerste Divisie,MVV,Waalwijk,Over/Under Goals,Over 2.5,1.45,,,WON,
2026-04-03T18:00:00+00:00,Eerste Divisie,VVV Venlo,Cambuur,Team Total Goals,Over 1.5,1.55,,,LOST,
2026-04-03T18:00:00+00:00,Eerste Divisie,Vitesse,Emmen,Over/Under Goals,Under 3.5,1.62,,,LOST,
2026-04-03T18:00:00+00:00,Eerste Divisie,Willem II,Jong PSV U21,Over/Under Goals,Under 3.5,2.0,,,WON,
2026-04-03T18:00:00+00:00,Liga 3,Trofense,CF Os Belenenses,Double Chance,Draw/Away,1.4,,,WON,
2026-04-03T18:00:00+00:00,Ligue 2,Annecy,Guingamp,Over/Under Goals,Under 3.5,1.25,,,WON,
2026-04-03T18:00:00+00:00,Ligue 2,Bastia,Amiens,Over/Under Goals,Under 3.5,1.25,,,WON,
2026-04-03T18:00:00+00:00,Ligue 2,Dunkerque,Rodez,Over/Under Goals,Under 3.5,1.36,,,WON,
2026-04-03T18:00:00+00:00,Ligue 2,Grenoble,Clermont Foot,Over/Under Goals,Under 3.5,1.25,,,LOST,
2026-04-03T18:00:00+00:00,Ligue 2,RED Star FC 93,Laval,Team Total Goals,Under 2.5,1.17,,,WON,
2026-04-03T18:00:00+00:00,Primera B Metropolitana,Brown DE Adrogue,Villa Dalmine,Over/Under Goals,Under 2.5,1.4,,,LOST,
2026-04-03T18:00:00+00:00,Primera Division,Gimnasia M.,Velez Sarsfield,Over/Under Goals,Under 2.5,1.38,,,LOST,
2026-04-03T18:00:00+00:00,Pro League,Al-Nassr,Al Najma,Over/Under Goals,Over 2.5,1.2,,,WON,
2026-04-03T18:30:00+00:00,Erste Liga,Austria Lustenau,Admira Wacker,Over/Under Goals,Under 3.5,1.22,,,WON,
2026-04-03T18:30:00+00:00,Serie C - Girone A,Arzignano Valchiampo,Renate,Over/Under Goals,Under 3.5,1.17,,,WON,
2026-04-03T18:30:00+00:00,Serie C - Girone A,Lecco,Vicenza Virtus,Over/Under Goals,Under 3.5,1.22,,,WON,
2026-04-03T18:30:00+00:00,Serie C - Girone A,Novara,Lumezzane,Double Chance,Home/Draw,1.18,,,LOST,
2026-04-03T18:30:00+00:00,Serie C - Girone A,Union Brescia,Cittadella,Over/Under Goals,Under 3.5,1.22,,,WON,
2026-04-03T18:30:00+00:00,Serie C - Girone B,Athletic Carpi,Pontedera,Asian Handicap,Home +0,1.48,,,WON,
2026-04-03T18:30:00+00:00,Serie C - Girone B,Livorno,Gubbio,Over/Under Goals,Over 1.5,1.44,,,WON,
2026-04-03T18:30:00+00:00,Torneo Federal A,Sol de Mayo,Alvarado,Over/Under Goals,Under 3.5,1.2,,,WON,
2026-04-03T18:45:00+00:00,Jupiler Pro League,Antwerp,Genk,Over/Under Goals,Under 3.5,1.37,,,WON,
2026-04-03T18:45:00+00:00,Ligue 1,Paris Saint Germain,Toulouse,Result + Total Goals,Home/Over 1.5,1.48,,,WON,
2026-04-03T18:45:00+00:00,Premier Division,Drogheda United,Bohemians,Over/Under Goals,Under 2.5,1.7,,,WON,
2026-04-03T18:45:00+00:00,Premier Division,Shelbourne,Dundalk,Team Total Goals,Under 2.5,1.18,,,WON,
2026-04-03T18:45:00+00:00,Premier Division,St Patrick's Athl.,Sligo Rovers,Team Total Goals,Under 2.5,1.42,,,LOST,
2026-04-03T18:45:00+00:00,Premier Division,Waterford,Shamrock Rovers,Over/Under Goals,Under 3.5,1.38,,,WON,
2026-04-03T19:00:00+00:00,Botola Pro,FUS Rabat,Wydad AC,Over/Under Goals,Under 3.5,1.2,,,WON,
2026-04-03T19:00:00+00:00,Championship,Coventry,Derby,1X2 / Match Winner,Home,1.62,,,WON,
2026-04-03T19:00:00+00:00,La Liga,Rayo Vallecano,Elche,Double Chance,Home/Draw,1.17,,,WON,
2026-04-03T19:00:00+00:00,Premier Division,Galway United,Derry City,Over/Under Goals,Under 3.5,1.28,,,WON,
2026-04-03T19:30:00+00:00,Primeira Liga,Sporting CP,Santa Clara,Over/Under Goals,Over 1.5,1.25,,,WON,
2026-04-03T20:00:00+00:00,Primera Division,Alianza Atletico,Atletico Grau,Over/Under Goals,Under 2.5,1.6,,,LOST,
2026-04-03T20:00:00+00:00,Primera División - Apertura,Boston River,Wanderers,Over/Under Goals,Under 2.5,1.55,,,LOST,
2026-04-03T20:15:00+00:00,Primera Division,Union Santa Fe,Deportivo Riestra,Double Chance,Home/Draw,1.17,,,WON,
2026-04-03T20:30:00+00:00,Primera Division,Coquimbo Unido,Cobresal,Over/Under Goals,Under 3.5,1.33,,,LOST,
2026-04-03T21:30:00+00:00,Primera División,Academia Anzoátegui,UCV,Over/Under Goals,Under 3.5,1.22,,,LOST,
2026-04-03T22:00:00+00:00,Primera B Metropolitana,Ituzaingó,Argentino de Merlo,Double Chance,Draw/Away,1.27,,,WON,
2026-04-03T22:30:00+00:00,Primera Division,San Lorenzo,Estudiantes L.P.,Asian Handicap,Away -0.5,1.42,,,LOST,
2026-04-03T23:00:00+00:00,Liga de Expansión MX,Tlaxcala,Dorados,1X2 / Match Winner,Home,1.49,,,WON,
2026-04-03T23:00:00+00:00,MLS Next Pro,Crown Legacy,Atlanta United II,Team Total Goals,Over 1.5,1.44,,,WON,
2026-04-03T23:00:00+00:00,Primera Division,O'Higgins,A. Italiano,Over/Under Goals,Under 3.5,1.25,,,WON,
2026-04-03T23:15:00+00:00,Primera Division,Cienciano,ADT,Double Chance,Home/Draw,1.15,,,WON,
2026-04-03T23:20:00+00:00,Primera A,Fortaleza FC,Internacional de Bogota,Asian Handicap,Home +0,1.48,,,WON,
2026-04-03T23:30:00+00:00,Primera División - Apertura,Club Nacional,Central Espanol,1X2 / Match Winner,Home,1.44,,,LOST,
2026-04-03T23:30:00+00:00,Primera División,Caracas FC,Metropolitanos FC,Double Chance,Draw/Away,1.6,,,LOST,
2026-04-04T00:00:00+00:00,Brasileiro Women,Corinthians W,RB Bragantino W,Over/Under Goals,Over 2.5,1.6,,,WON,
2026-04-04T00:00:00+00:00,Liga Pro,LDU de Quito,Barcelona SC,Over/Under Goals,Under 3.5,1.33,,,WON,
2026-04-04T00:00:00+00:00,NWSL Women,Orlando Pride W,Angel City W,Over/Under Goals,Under 3.5,1.33,,,WON,
2026-04-04T00:30:00+00:00,NWSL Women,Houston Dash W,Racing Louisville W,Double Chance,Home/Draw,1.48,,,WON,
2026-04-04T01:00:00+00:00,Liga MX,Puebla,FC Juarez,Double Chance,Draw/Away,1.42,,,WON,
2026-04-04T01:00:00+00:00,Liga de Expansión MX,Correcaminos Uat,Cancún,Over/Under Goals,Over 2.5,1.65,,,WON,
2026-04-04T01:00:00+00:00,Liga de Expansión MX,Irapuato,CA La Paz,BTTS,Yes,1.57,,,WON,
2026-04-04T01:00:00+00:00,NWSL Women,Utah Royals W,Chicago Red Stars W,Team Total Goals,Over 0.5,1.17,,,WON,
2026-04-04T01:30:00+00:00,Primera A,Junior,Deportivo Cali,Over/Under Goals,Under 3.5,1.28,,,WON,
2026-04-04T02:00:00+00:00,Liga de Expansión MX,Tepatitlán,Alebrijes de Oaxaca,Over/Under Goals,Over 1.5,1.28,,,WON,
2026-04-04T03:00:00+00:00,Liga MX,Necaxa,Mazatlán,Over/Under Goals,Over 1.5,1.2,,,WON,
2026-04-04T03:06:00+00:00,Liga MX,Club Tijuana,Tigres UANL,Over/Under Goals,Under 3.5,1.42,,,WON,
2026-04-04T04:00:00+00:00,J. League Div.1,JEF United Chiba,Tokyo Verdy,Over/Under Goals,Under 3.5,1.18,,,LOST,
2026-04-04T05:00:00+00:00,K-League Classic,Jeju United FC,Bucheon FC 1995,Over/Under Goals,Under 3.5,1.25,,,WON,
2026-04-04T05:00:00+00:00,K-League Classic,Jeonbuk Motors,Ulsan Hyundai FC,Over/Under Goals,Under 3.5,1.3,,,WON,
2026-04-04T05:30:00+00:00,New South Wales NPL 2,Macarthur Rams,Prospect United,Double Chance,Home/Draw,1.22,,,WON,
2026-04-04T05:30:00+00:00,New South Wales NPL 2,Northern Tigers,Central Coast II,1X2 / Match Winner,Home,1.5,,,LOST,
2026-04-04T06:00:00+00:00,A-League,Central Coast Mariners,Perth Glory,Over/Under Goals,Over 1.5,1.22,,,WON,
2026-04-04T06:00:00+00:00,J. League Div.1,Nagoya Grampus,Cerezo Osaka,Team Total Goals,Over 0.5,1.22,,,WON,
2026-04-04T06:00:00+00:00,New South Wales NPL 2,Blacktown Spartans,Canterbury Bankstown,Over/Under Goals,Over 2.5,1.44,,,WON,
2026-04-04T06:00:00+00:00,New South Wales NPL 2,Newcastle Jets II,Mt Druitt Town,Over/Under Goals,Over 2.5,1.4,,,WON,
2026-04-04T06:00:00+00:00,New South Wales NPL,Sydney Olympic,Sutherland Sharks,Over/Under Goals,Over 1.5,1.17,,,WON,
2026-04-04T06:15:00+00:00,New South Wales NPL 2,Bankstown City Lions,Bulls Academy,Double Chance,Home/Draw,1.44,,,WON,
2026-04-04T06:15:00+00:00,New South Wales NPL,SD Raiders,Wollongong Wolves,Over/Under Goals,Under 3.5,1.45,,,WON,
2026-04-04T06:30:00+00:00,New South Wales NPL,NWS Spirit,UNSW,Over/Under Goals,Under 3.5,1.57,,,WON,
2026-04-04T07:00:00+00:00,J. League Div.1,Gamba Osaka,Kyoto Sanga,Double Chance,Home/Draw,1.4,,,WON,
2026-04-04T07:30:00+00:00,K-League Classic,Gangwon FC,Gwangju FC,Over/Under Goals,Under 3.5,1.2,,,WON,
2026-04-04T07:30:00+00:00,K-League Classic,Pohang Steelers,Daejeon Citizen,Over/Under Goals,Under 2.5,1.62,,,WON,
2026-04-04T07:30:00+00:00,New South Wales NPL 2,Rydalmere Lions,Inter Lions,1X2 / Match Winner,Home,1.49,,,LOST,
2026-04-04T07:30:00+00:00,Super League,Qingdao Jonoon,Henan Jianye,Over/Under Goals,Over 1.5,1.18,,,LOST,
2026-04-04T07:30:00+00:00,Super League,Shenyang Urban,Beijing Guoan,Over/Under Goals,Under 3.5,1.44,,,WON,
2026-04-04T08:00:00+00:00,New South Wales NPL 2,Dulwich Hill,Hurstville FC,Over/Under Goals,Over 2.5,1.53,,,WON,
2026-04-04T08:15:00+00:00,New South Wales NPL,St George City FA,Blacktown City,Over/Under Goals,Over 1.5,1.22,,,WON,
2026-04-04T08:30:00+00:00,Liga 1,PSM Makassar,Persis Solo,Over/Under Goals,Under 3.5,1.31,,,WON,
2026-04-04T08:35:00+00:00,A-League,Melbourne City,Western Sydney Wanderers,Over/Under Goals,Over 1.5,1.22,,,WON,
2026-04-04T09:30:00+00:00,Esiliiga B,Narva U21,Tallinna Kalev II,Over/Under Goals,Over 2.5,1.4,,,WON,
2026-04-04T10:00:00+00:00,Júniores U19,Porto U19,Santa Clara U19,Over/Under Goals,Over 2.5,1.44,,,WON,
2026-04-04T10:00:00+00:00,Liga 3,Guimaraes B,Academica,Double Chance,Home/Draw,1.55,,,WON,
2026-04-04T10:00:00+00:00,Premier League,Akron,CSKA Moscow,Over/Under Goals,Over 1.5,1.17,,,WON,
2026-04-04T10:00:00+00:00,Premier League,Hadiya Hosaena,Kedus Giorgis,Over/Under Goals,Under 2.5,1.33,,,LOST,
2026-04-04T10:00:00+00:00,Premier League,Kolos Kovalivka,Metalist 1925 Kharkiv,Team Total Goals,Over 0.5,1.44,,,LOST,
2026-04-04T10:00:00+00:00,Primera División Femenina,Alhama,Real Sociedad W,Over/Under Goals,Under 3.5,1.44,,,LOST,
2026-04-04T10:00:00+00:00,Primera División Femenina,Edf Logrono W,Sevilla W,Over/Under Goals,Over 1.5,1.5,,,WON,
2026-04-04T10:00:00+00:00,Primera División Femenina,Granada,Espanyol W,Over/Under Goals,Under 3.5,1.22,,,WON,
2026-04-04T10:00:00+00:00,Segunda Liga,Farense,Feirense,Over/Under Goals,Under 3.5,1.22,,,WON,
2026-04-04T10:00:00+00:00,Segunda Liga,Sporting CP B,Penafiel,Over/Under Goals,Under 3.5,1.25,,,WON,
2026-04-04T10:00:00+00:00,Veikkausliiga,Inter Turku,VPS,Over/Under Goals,Under 3.5,1.55,,,WON,
2026-04-04T10:15:00+00:00,Ekstraklasa,GKS Katowice,Wisla Plock,Over/Under Goals,Under 3.5,1.33,,,WON,
2026-04-04T10:30:00+00:00,Serie A Women,Fiorentina W,Juventus W,Over/Under Goals,Under 3.5,1.39,,,WON,
2026-04-04T10:30:00+00:00,Serie A Women,Napoli W,Genoa W,Over/Under Goals,Under 3.5,1.34,,,LOST,
2026-04-04T10:30:00+00:00,Superettan,IFK Norrkoping,IFK Varnamo,Asian Handicap,Home +0,1.53,,,WON,
2026-04-04T10:30:00+00:00,TFF 1. Lig,Keçiörengücü,Vanspor FK,Over/Under Goals,Over 1.5,1.21,,,WON,
2026-04-04T10:30:00+00:00,TFF 1. Lig,Sarıyer,Serik Spor,Over/Under Goals,Under 3.5,1.33,,,WON,
2026-04-04T11:00:00+00:00,Bundesliga 2,1. FC Kaiserslautern,Fortuna Düsseldorf,Over/Under Goals,Over 1.5,1.2,,,WON,
2026-04-04T11:00:00+00:00,Bundesliga 2,1. FC Magdeburg,VfL Bochum,Over/Under Goals,Over 1.5,1.18,,,WON,
2026-04-04T11:00:00+00:00,Bundesliga 2,Arminia Bielefeld,SV Darmstadt 98,Over/Under Goals,Under 3.5,1.53,,,WON,
2026-04-04T11:00:00+00:00,C-League,Kompong Dewa,Boeung Ket,Over/Under Goals,Under 3.5,1.35,,,LOST,
2026-04-04T11:00:00+00:00,C-League,NagaWorld,Angkor Tiger,Over/Under Goals,Under 3.5,1.44,,,LOST,
2026-04-04T11:00:00+00:00,C-League,Phnom Penh Crown,Svay Rieng,1X2 / Match Winner,Away,1.67,,,WON,
2026-04-04T11:00:00+00:00,Super League,Shandong Luneng,Dalian Zhixing,BTTS,Yes,1.55,,,WON,
2026-04-04T11:00:00+00:00,Thai League 1,Kanchanaburi,BG Pathum United,Over/Under Goals,Under 3.5,1.32,,,WON,
2026-04-04T11:00:00+00:00,Thai League 2,Songkhla,Chanthaburi,Over/Under Goals,Under 3.5,1.22,,,WON,
2026-04-04T11:15:00+00:00,A Lyga,Hegelmann Litauen,TransINVEST Vilnius,Over/Under Goals,Under 3.5,1.3,,,LOST,
2026-04-04T11:30:00+00:00,First League,Arda Kardzhali,Montana,Over/Under Goals,Under 3.5,1.3,,,WON,
2026-04-04T11:30:00+00:00,Meistriliiga,FC Levadia Tallinn,Nõmme United,BTTS,Yes,1.65,,,WON,
2026-04-04T11:30:00+00:00,Super Lig,Gençlerbirliği S.K.,Göztepe,Over/Under Goals,Under 2.5,1.62,,,WON,
2026-04-04T11:30:00+00:00,Super Lig,Kasımpaşa,Kayserispor,Over/Under Goals,Under 3.5,1.33,,,WON,
2026-04-04T11:30:00+00:00,Thai League 2,Kasetsart FC,Trat FC,Double Chance,Draw/Away,1.55,,,LOST,
2026-04-04T11:35:00+00:00,Super League,SHANGHAI SIPG,Yunnan Yukun,Team Total Goals,Under 2.5,1.5,,,WON,
2026-04-04T11:45:00+00:00,FA Cup,Manchester City,Liverpool,Over/Under Goals,Over 1.5,1.18,,,WON,
2026-04-04T12:00:00+00:00,2. Lig,24 Erzincanspor,Erbaaspor,Asian Handicap,Home +0,1.44,,,WON,
2026-04-04T12:00:00+00:00,2. Lig,68 Aksaray Belediyespor,Ankara Demirspor,Over/Under Goals,Under 3.5,1.32,,,LOST,
2026-04-04T12:00:00+00:00,2. Lig,Adana 01 FK,İnegölspor,Double Chance,Draw/Away,1.55,,,LOST,
2026-04-04T12:00:00+00:00,2. Lig,Altınordu,Ankaraspor,Over/Under Goals,Under 3.5,1.26,,,WON,
2026-04-04T12:00:00+00:00,2. Lig,Batman Petrolspor,Muğlaspor,Asian Handicap,Home +0,1.48,,,WON,
2026-04-04T12:00:00+00:00,2. Lig,Beyoğlu Yeni Çarşı,Beykoz Anadolu,Team Total Goals,Over 1.5,1.46,,,LOST,
2026-04-04T12:00:00+00:00,2. Lig,Elazığspor,Kepezspor,Over/Under Goals,Under 3.5,1.64,,,LOST,
2026-04-04T12:00:00+00:00,2. Lig,Karacabey Belediyespor,Kastamonuspor,Double Chance,Home/Draw,1.18,,,WON,
2026-04-04T12:00:00+00:00,2. Lig,Karaman FK,Şanlıurfaspor,Over/Under Goals,Under 3.5,1.84,,,LOST,
2026-04-04T12:00:00+00:00,3. Liga,Erzgebirge Aue,Hoffenheim II,Over/Under Goals,Under 3.5,1.62,,,LOST,
2026-04-04T12:00:00+00:00,3. Liga,Hansa Rostock,FC Viktoria Köln,1X2 / Match Winner,Home,1.65,,,LOST,
2026-04-04T12:00:00+00:00,3. Liga,Havelse,Energie Cottbus,Over/Under Goals,Over 1.5,1.25,,,WON,
2026-04-04T12:00:00+00:00,3. Liga,TSV 1860 München,Waldhof Mannheim,Asian Handicap,Home +0,1.55,,,WON,
2026-04-04T12:00:00+00:00,3. Liga,VfL Osnabrück,FC Schweinfurt 05,Result + Total Goals,Home/Over 1.5,1.48,,,WON,
2026-04-04T12:00:00+00:00,First League,Buducnost Podgorica,Petrovac,Double Chance,Home/Draw,1.18,,,WON,
2026-04-04T12:00:00+00:00,La Liga,Real Sociedad,Levante,Over/Under Goals,Over 1.5,1.22,,,WON,
2026-04-04T12:00:00+00:00,Liga 1,Persebaya Surabaya,Persita,Team Total Goals,Over 0.5,1.45,,,LOST,
2026-04-04T12:00:00+00:00,Liga I,Oţelul,AFC Hermannstadt,Over/Under Goals,Over 1.5,1.35,,,WON,
2026-04-04T12:00:00+00:00,Ligue 2,Montpellier,Estac Troyes,Over/Under Goals,Under 3.5,1.36,,,LOST,
2026-04-04T12:00:00+00:00,Ligue 2,Reims,Boulogne,Over/Under Goals,Under 3.5,1.28,,,WON,
2026-04-04T12:00:00+00:00,Premier League,Welayta Dicha,Ethiopia Nigd Bank,Double Chance,Draw/Away,1.6,,,WON,
2026-04-04T12:00:00+00:00,Second League,Internacional Podgorica,Grbalj,1X2 / Match Winner,Away,1.51,,,LOST,
2026-04-04T12:00:00+00:00,Second League,Lovćen,Igalo,1X2 / Match Winner,Home,1.59,,,LOST,
2026-04-04T12:00:00+00:00,Second League,Otrant-Olympic,Kom,Over/Under Goals,Under 3.5,1.51,,,WON,
2026-04-04T12:00:00+00:00,Segunda Division,Cadiz,Cordoba,Over/Under Goals,Over 1.5,1.25,,,WON,
2026-04-04T12:00:00+00:00,Thai League 1,Ratchaburi,Buriram United,Team Total Goals,Over 0.5,1.15,,,WON,
2026-04-04T12:00:00+00:00,Thai League 2,Mahasarakham United,Nakhon Pathom,Over/Under Goals,Under 3.5,1.2,,,WON,
2026-04-04T12:00:00+00:00,Veikkausliiga,HJK Helsinki,SJK,Over/Under Goals,Under 3.5,1.7,,,WON,
2026-04-04T12:15:00+00:00,Premier League,Zenit,Krylia Sovetov,Over/Under Goals,Under 3.5,1.47,,,WON,
2026-04-04T12:30:00+00:00,Derde Divisie - Saturday,Staphorst,Sportlust '46,Over/Under Goals,Under 3.5,1.47,,,WON,
2026-04-04T12:30:00+00:00,NB I,Zalaegerszegi TE,Kisvarda FC,Over/Under Goals,Under 3.5,1.28,,,WON,
2026-04-04T12:30:00+00:00,Thai League 1,Port FC,Prachuap,Over/Under Goals,Over 1.5,1.16,,,WON,
2026-04-04T12:30:00+00:00,Thai League 2,Chiangmai United,Rasi Salai United,Over/Under Goals,Under 3.5,1.42,,,WON,
2026-04-04T12:30:00+00:00,Tweede Divisie,Hoek,Katwijk,Double Chance,Draw/Away,1.65,,,LOST,
2026-04-04T12:30:00+00:00,Tweede Divisie,RKAV Volendam,De Treffers,Over/Under Goals,Over 1.5,1.15,,,LOST,
2026-04-04T12:45:00+00:00,Ekstraklasa,Raków Częstochowa,Widzew Łódź,Team Total Goals,Under 2.5,1.15,,,WON,
2026-04-04T13:00:00+00:00,1. Division,Enosis,Olympiakos,Team Total Goals,Under 2.5,1.57,,,LOST,
2026-04-04T13:00:00+00:00,1. Liga Promotion,Young Boys II,Grand-Saconnex,Double Chance,Draw/Away,1.62,,,WON,
2026-04-04T13:00:00+00:00,2. Lig,Bursaspor,Mardin 1969,Over/Under Goals,Under 3.5,1.22,,,WON,
2026-04-04T13:00:00+00:00,Allsvenskan,Degerfors IF,Sirius,Team Total Goals,Over 0.5,1.18,,,WON,
2026-04-04T13:00:00+00:00,Czech Liga,Dukla Praha,Pardubice,Over/Under Goals,Under 3.5,1.22,,,WON,
2026-04-04T13:00:00+00:00,Czech Liga,Sigma Olomouc,Mlada Boleslav,Asian Handicap,Away -1.25,1.42,,,WON,
2026-04-04T13:00:00+00:00,Czech Liga,Slovan Liberec,Slovácko,Team Total Goals,Over 0.5,1.57,,,WON,
2026-04-04T13:00:00+00:00,Czech Liga,Zlin,FK Jablonec,Over/Under Goals,Under 3.5,1.22,,,WON,
2026-04-04T13:00:00+00:00,First League,Jedinstvo,Sutjeska,Over/Under Goals,Over 1.5,1.39,,,WON,
2026-04-04T13:00:00+00:00,First League,Shinnik Yaroslavl,KAMAZ,Asian Handicap,Home +0.25,1.51,,,WON,
2026-04-04T13:00:00+00:00,Premier League,Ethiopian Medhin,Ethiopia Bunna,Double Chance,Draw/Away,1.67,,,WON,
2026-04-04T13:00:00+00:00,Primera División - Apertura,Racing Montevideo,Juventud,Over/Under Goals,Under 3.5,1.22,,,WON,
2026-04-04T13:00:00+00:00,Prva HNL,Dinamo Zagreb,NK Osijek,1X2 / Match Winner,Home,1.25,,,WON,
2026-04-04T13:00:00+00:00,Second League,Berane,Mladost Lješkopolje,Over/Under Goals,Over 1.5,1.34,,,WON,
2026-04-04T13:00:00+00:00,Segunda Liga,Pacos Ferreira,Maritimo,Over/Under Goals,Under 3.5,1.25,,,WON,
2026-04-04T13:00:00+00:00,Serie A Women,Inter Milano W,Lazio W,Over/Under Goals,Over 2.5,1.44,,,WON,
2026-04-04T13:00:00+00:00,Serie A,Sassuolo,Cagliari,Asian Handicap,Home +0,1.42,,,WON,
2026-04-04T13:00:00+00:00,Super League 1,Kifisia,Panserraikos,Over/Under Goals,Under 3.5,1.3,,,WON,
2026-04-04T13:00:00+00:00,Superliga,Prishtina e Re,Gjilani,Double Chance,Draw/Away,1.25,,,WON,
2026-04-04T13:00:00+00:00,TFF 1. Lig,Erzurumspor FK,Iğdır FK,Over/Under Goals,Over 1.5,1.25,,,WON,
2026-04-04T13:30:00+00:00,A Lyga,Šiauliai,Banga,Double Chance,Draw/Away,1.4,,,WON,
2026-04-04T13:30:00+00:00,Bundesliga 1,1899 Hoffenheim,FSV Mainz 05,Over/Under Goals,Over 1.5,1.18,,,WON,
2026-04-04T13:30:00+00:00,Bundesliga 1,Bayer Leverkusen,VfL Wolfsburg,Over/Under Goals,Over 1.5,1.15,,,WON,
2026-04-04T13:30:00+00:00,Bundesliga 1,Borussia Mönchengladbach,1. FC Heidenheim,Over/Under Goals,Over 1.5,1.18,,,WON,
2026-04-04T13:30:00+00:00,Bundesliga 1,Hamburger SV,FC Augsburg,Over/Under Goals,Over 1.5,1.25,,,WON,
2026-04-04T13:30:00+00:00,Bundesliga 1,SC Freiburg,Bayern München,BTTS,Yes,1.53,,,WON,
2026-04-04T13:30:00+00:00,Bundesliga 1,Werder Bremen,RB Leipzig,Over/Under Goals,Under 3.5,1.65,,,WON,
2026-04-04T13:30:00+00:00,Ligue 1,CS Sfaxien,JS Kairouanaise,Result + Total Goals,Home/Over 1.5,1.67,,,WON,
2026-04-04T13:30:00+00:00,Ligue 1,ES Sahel,ES Tunis,Over/Under Goals,Under 2.5,1.44,,,WON,
2026-04-04T13:30:00+00:00,Ligue 1,ES Zarzis,Stade Tunisien,Double Chance,Draw/Away,1.42,,,WON,
2026-04-04T13:30:00+00:00,Ligue 1,Jeunesse Sportive Omrane,US Monastirienne,Over/Under Goals,Under 2.5,1.33,,,WON,
2026-04-04T13:50:00+00:00,Pro League,Al Bataeh,Al-Ittihad Kalba,Over/Under Goals,Under 3.5,1.36,,,LOST,
2026-04-04T13:50:00+00:00,Pro League,Al Nasr,Al Wahda FC,Over/Under Goals,Under 3.5,1.33,,,LOST,
2026-04-04T13:55:00+00:00,Professional League,Dhofar,Saham,Over/Under Goals,Under 2.5,1.55,,,WON,
2026-04-04T14:00:00+00:00,1. Liga Promotion,Brühl,Kreuzlingen,1X2 / Match Winner,Home,1.44,,,WON,
2026-04-04T14:00:00+00:00,1. Liga Promotion,Paradiso,Bavois,Double Chance,Home/Draw,1.54,,,WON,
2026-04-04T14:00:00+00:00,1st League - FBiH,Sloboda Tuzla,GOŠK Gabela,Over/Under Goals,Under 3.5,1.22,,,WON,
2026-04-04T14:00:00+00:00,1st League - FBiH,Vitez,Igman Konjic,1X2 / Match Winner,Home,1.68,,,LOST,
2026-04-04T14:00:00+00:00,2. SNL,Dravinja,Brinje-Grosuplje,Over/Under Goals,Under 3.5,1.37,,,WON,
2026-04-04T14:00:00+00:00,Championship,Annagh United,Loughgall,Over/Under Goals,Under 3.5,1.33,,,WON,
2026-04-04T14:00:00+00:00,Championship,Ards,Dundela,1X2 / Match Winner,Home,1.61,,,LOST,
2026-04-04T14:00:00+00:00,Championship,Institute,Warrenpoint Town,1X2 / Match Winner,Home,1.7,,,LOST,
2026-04-04T14:00:00+00:00,Ettan - Norra,AFC Eskilstuna,Järfälla,BTTS,Yes,1.51,,,WON,
2026-04-04T14:00:00+00:00,Ettan - Norra,Sollentuna,Karlberg,Over/Under Goals,Over 2.5,1.49,,,LOST,
2026-04-04T14:00:00+00:00,First League,Botev Plovdiv,Spartak Varna,Over/Under Goals,Under 3.5,1.33,,,LOST,
2026-04-04T14:00:00+00:00,First League,Dečić,Bokelj,Over/Under Goals,Under 3.5,1.17,,,WON,
2026-04-04T14:00:00+00:00,Jupiler Pro League,Zulte Waregem,Cercle Brugge,Over/Under Goals,Over 1.5,1.18,,,WON,
2026-04-04T14:00:00+00:00,League One,Cove Rangers,Alloa Athletic,Asian Handicap,Home +0.25,1.6,,,LOST,
2026-04-04T14:00:00+00:00,League One,Kelty Hearts,Queen of the South,Over/Under Goals,Over 1.5,1.25,,,WON,
2026-04-04T14:00:00+00:00,League One,Montrose,East Fife,BTTS,Yes,1.6,,,LOST,
2026-04-04T14:00:00+00:00,League One,Stenhousemuir,Hamilton Academical,Team Total Goals,Over 0.5,1.67,,,LOST,
2026-04-04T14:00:00+00:00,League Two,Clyde,Stirling Albion,BTTS,Yes,1.62,,,WON,
2026-04-04T14:00:00+00:00,League Two,East Kilbride,Annan Athletic,Over/Under Goals,Over 1.5,1.16,,,WON,
2026-04-04T14:00:00+00:00,League Two,Edinburgh City,Spartans,Over/Under Goals,Under 3.5,1.44,,,WON,
2026-04-04T14:00:00+00:00,League Two,Forfar Athletic,Elgin City,Double Chance,Draw/Away,1.53,,,LOST,
2026-04-04T14:00:00+00:00,League Two,Stranraer,Dumbarton,Over/Under Goals,Under 3.5,1.4,,,WON,
2026-04-04T14:00:00+00:00,Liga 3,Amarante,Varzim,Over/Under Goals,Under 3.5,1.17,,,WON,
2026-04-04T14:00:00+00:00,Meistriliiga,Vaprus,Laagri,Over/Under Goals,Over 1.5,1.17,,,WON,
2026-04-04T14:00:00+00:00,Non League Premier - Northern,Guiseley AFC,Hyde United,Over/Under Goals,Under 3.5,1.25,,,WON,
2026-04-04T14:00:00+00:00,Non League Premier - Northern,Ilkeston Town,Warrington Town,Team Total Goals,Over 0.5,1.15,,,WON,
2026-04-04T14:00:00+00:00,Non League Premier - Northern,Rylands,Workington,Over/Under Goals,Under 3.5,1.27,,,WON,
2026-04-04T14:00:00+00:00,Premiership,Glenavon FC,Portadown,Over/Under Goals,Over 1.5,1.36,,,WON,
2026-04-04T14:00:00+00:00,Premiership,Hibernian,Kilmarnock,Over/Under Goals,Under 3.5,1.5,,,WON,
2026-04-04T14:00:00+00:00,Premiership,Motherwell,Falkirk,Asian Handicap,Away -1.25,1.45,,,WON,
2026-04-04T14:00:00+00:00,Premiership,Rangers,Dundee Utd,Over/Under Goals,Over 1.5,1.15,,,WON,
2026-04-04T14:00:00+00:00,Premiership,ST Mirren,Aberdeen,Over/Under Goals,Under 3.5,1.33,,,WON,
2026-04-04T14:00:00+00:00,Second League,Rudar,Iskra,Double Chance,Draw/Away,1.5,,,WON,
2026-04-04T14:00:00+00:00,Serie A Women,Parma W,Ternana W,Over/Under Goals,Under 3.5,1.32,,,WON,
2026-04-04T14:00:00+00:00,Super Lig,Gaziantep FK,Alanyaspor,Asian Handicap,Home +0.5,1.6,,,WON,
2026-04-04T14:00:00+00:00,Super Liga,Železničar Pančevo,Novi Pazar,Over/Under Goals,Under 3.5,1.24,,,WON,
2026-04-04T14:00:00+00:00,Veikkausliiga,FF Jaro,Lahti,Over/Under Goals,Over 2.5,1.62,,,LOST,
2026-04-04T14:00:00+00:00,Veikkausliiga,Ilves,KuPS,Asian Handicap,Home +0,1.6,,,LOST,
2026-04-04T14:00:00+00:00,Veikkausliiga,Mariehamn,Turku PS,Over/Under Goals,Under 3.5,1.53,,,WON,
2026-04-04T14:15:00+00:00,La Liga,Mallorca,Real Madrid,Over/Under Goals,Over 1.5,1.22,,,WON,
2026-04-04T14:15:00+00:00,Segunda Division,Albacete,Burgos,Over/Under Goals,Under 3.5,1.18,,,LOST,
2026-04-04T14:30:00+00:00,2. SNL,Krško,Bilje,Over/Under Goals,Under 3.5,1.4,,,WON,
2026-04-04T14:30:00+00:00,3. Liga,Rot-Weiß Essen,MSV Duisburg,Over/Under Goals,Over 1.5,1.2,,,LOST,
2026-04-04T14:30:00+00:00,3. Liga,Stuttgart II,SSV Jahn Regensburg,Over/Under Goals,Over 1.5,1.18,,,WON,
2026-04-04T14:30:00+00:00,3. liga - CFL B,Benátky nad Jizerou,Hradec Králové II,Double Chance,Draw/Away,1.46,,,WON,
2026-04-04T14:30:00+00:00,Eredivisie,PSV Eindhoven,Utrecht,Over/Under Goals,Under 3.5,1.7,,,LOST,
2026-04-04T14:30:00+00:00,Premier League,Dynamo,FC Orenburg,Over/Under Goals,Under 3.5,1.53,,,LOST,
2026-04-04T14:30:00+00:00,Primeira Liga,Nacional,Estrela,Over/Under Goals,Under 3.5,1.28,,,WON,
2026-04-04T14:55:00+00:00,Professional League,Ibri,Al Nasr,1X2 / Match Winner,Away,1.57,,,WON,
2026-04-04T15:00:00+00:00,First League,Spartak Kostroma,Enisey,Over/Under Goals,Over 1.5,1.43,,,WON,
2026-04-04T15:00:00+00:00,Júniores U19,Belenenses U19,Academico Viseu U19,Over/Under Goals,Under 3.5,1.16,,,WON,
2026-04-04T15:00:00+00:00,Júniores U19,Vizela U19,Moreirense U19,1X2 / Match Winner,Draw,3.45,,,WON,
2026-04-04T15:00:00+00:00,Ligue 1,Strasbourg,Nice,Over/Under Goals,Over 1.5,1.22,,,WON,
2026-04-04T15:00:00+00:00,NB I,Paks,Kazincbarcikai,Over/Under Goals,Under 3.5,1.65,,,LOST,
2026-04-04T15:00:00+00:00,National 2 - Group A,Lorient II,Avranches,Over/Under Goals,Under 2.5,1.7,,,LOST,
2026-04-04T15:00:00+00:00,National Division,Rodange 91,Victoria Rosport,Double Chance,Draw/Away,1.53,,,LOST,
2026-04-04T15:00:00+00:00,Premier League,Dynamo Kyiv,Karpaty,Asian Handicap,Away -1.25,1.53,,,WON,
2026-04-04T15:00:00+00:00,Premier League,Mekelle Kenema,Sidama Bunna,Over/Under Goals,Under 3.5,1.16,,,WON,
2026-04-04T15:00:00+00:00,Premier League,Pharco,Ghazl El Mehalla,Double Chance,Draw/Away,1.45,,,WON,
2026-04-04T15:00:00+00:00,Super League 1,Asteras Tripolis,Larisa,Double Chance,Draw/Away,1.57,,,LOST,
2026-04-04T15:00:00+00:00,Tipp3 Bundesliga,Grazer AK,FC BW Linz,Asian Handicap,Home +0,1.67,,,WON,
2026-04-04T15:00:00+00:00,Tipp3 Bundesliga,WSG Wattens,Wolfsberger AC,Double Chance,Home/Draw,1.57,,,WON,
2026-04-04T15:30:00+00:00,Ekstraklasa,Gornik Zabrze,Cracovia Krakow,Over/Under Goals,Under 3.5,1.22,,,WON,
2026-04-04T15:30:00+00:00,Stars League,Al Shamal,UMM Salal,Over/Under Goals,Over 2.5,1.48,,,WON,
2026-04-04T15:30:00+00:00,Stars League,Al-Rayyan SC,Al Sadd,Double Chance,Home/Draw,1.65,,,WON,
2026-04-04T15:45:00+00:00,Prva HNL,NK Slaven Belupo,HNK Rijeka,Double Chance,Home/Draw,1.55,,,LOST,
2026-04-04T16:00:00+00:00,1. Division,Omonia Aradippou,AEL,Double Chance,Draw/Away,1.5,,,WON,
2026-04-04T16:00:00+00:00,1. Division,Omonia Nicosia,Pafos,Over/Under Goals,Over 1.5,1.24,,,WON,
2026-04-04T16:00:00+00:00,Czech Liga,Plzen,Teplice,Over/Under Goals,Under 3.5,1.35,,,LOST,
2026-04-04T16:00:00+00:00,National 2 - Group A,Chauray,Châteaubriant,Over/Under Goals,Under 2.5,1.55,,,LOST,
2026-04-04T16:00:00+00:00,National 2 - Group A,Dinan Léhon,Les Herbiers,Asian Handicap,Home +0.25,1.48,,,LOST,
2026-04-04T16:00:00+00:00,National Division,FC Differdange 03,US Mondorf-les-bains,Team Total Goals,Over 0.5,1.67,,,WON,
2026-04-04T16:00:00+00:00,National Division,Jeunesse Canach,Swift Hesperange,Team Total Goals,Under 2.5,1.17,,,WON,
2026-04-04T16:00:00+00:00,National Division,Mamer,UNA Strassen,1X2 / Match Winner,Away,1.46,,,WON,
2026-04-04T16:00:00+00:00,National Division,Racing FC Union Luxembourg,Union Titus Petange,1X2 / Match Winner,Home,1.65,,,LOST,
2026-04-04T16:00:00+00:00,Serie A,Hellas Verona,Fiorentina,Over/Under Goals,Under 2.5,1.65,,,WON,
2026-04-04T16:00:00+00:00,Super League,FC Lugano,FC Thun,Double Chance,Draw/Away,1.42,,,LOST,
2026-04-04T16:00:00+00:00,Super League,Lausanne,FC Winterthur,Team Total Goals,Under 2.5,1.7,,,WON,
2026-04-04T16:00:00+00:00,Super Liga,FK Spartak Zdrepceva KRV,Javor,Asian Handicap,Home +0.25,1.57,,,LOST,
2026-04-04T16:00:00+00:00,Super Liga,Radnicki 1923,Mladost Lucani,Team Total Goals,Under 2.5,1.2,,,WON,
2026-04-04T16:00:00+00:00,Superligaen,FC Midtjylland,Sonderjyske,Over/Under Goals,Under 3.5,1.65,,,LOST,
2026-04-04T16:00:00+00:00,TFF 1. Lig,Sakaryaspor,İstanbulspor,Double Chance,Home/Draw,1.44,,,WON,
2026-04-04T16:00:00+00:00,Veikkausliiga,Gnistan,AC Oulu,Double Chance,Draw/Away,1.45,,,WON,
2026-04-04T16:15:00+00:00,FA Cup,Chelsea,Port Vale,Over/Under Goals,Under 3.5,2.4,,,LOST,
2026-04-04T16:15:00+00:00,Jupiler Pro League,OH Leuven,Standard Liege,Double Chance,Draw/Away,1.7,,,WON,
2026-04-04T16:15:00+00:00,Pro League,Al-Ahli Jeddah,Damac,Over/Under Goals,Over 1.5,1.2,,,WON,
2026-04-04T16:20:00+00:00,Professional League,Al-Shabab,Bahla,Double Chance,Home/Draw,1.15,,,LOST,
2026-04-04T16:30:00+00:00,Bundesliga 1,VfB Stuttgart,Borussia Dortmund,Over/Under Goals,Over 1.5,1.15,,,WON,
2026-04-04T16:30:00+00:00,First League,Beroe,CSKA Sofia,Over/Under Goals,Under 3.5,1.28,,,WON,
2026-04-04T16:30:00+00:00,La Liga,Real Betis,Espanyol,Team Total Goals,Over 0.5,1.15,,,LOST,
2026-04-04T16:30:00+00:00,Liga I,Arges Pitesti,Dinamo Bucuresti,Over/Under Goals,Under 3.5,1.16,,,WON,
2026-04-04T16:30:00+00:00,Primera Division,Aldosivi,Estudiantes de Rio Cuarto,Asian Handicap,Home +0.5,1.24,,,WON,
2026-04-04T16:30:00+00:00,Pro League,NEOM,Al-Fayha,Team Total Goals,Over 0.5,1.5,,,LOST,
2026-04-04T16:30:00+00:00,Pro League,Shabab Al Ahli Dubai,Al-Jazira,Over/Under Goals,Over 2.5,1.75,,,WON,
2026-04-04T16:30:00+00:00,Segunda Division,Cultural Leonesa,Valladolid,Double Chance,Draw/Away,1.46,,,LOST,
2026-04-04T16:30:00+00:00,Segunda Division,Deportivo La Coruna,Malaga,Over/Under Goals,Over 1.5,1.26,,,WON,
2026-04-04T16:45:00+00:00,Eredivisie,AZ Alkmaar,Fortuna Sittard,Over/Under Goals,Over 2.5,1.42,,,LOST,
2026-04-04T16:45:00+00:00,Eredivisie,Telstar,Groningen,Over/Under Goals,Over 1.5,1.18,,,WON,
2026-04-04T16:45:00+00:00,Ligat Ha'al,Maccabi Bnei Raina,Hapoel Katamon,Over/Under Goals,Under 3.5,1.25,,,WON,
2026-04-04T16:45:00+00:00,Premier League,Akhmat,FC Krasnodar,Team Total Goals,Over 0.5,1.5,,,LOST,
2026-04-04T17:00:00+00:00,First League,Mornar,Jezero,Over/Under Goals,Over 1.5,1.32,,,WON,
2026-04-04T17:00:00+00:00,Ligat Ha'al,Ironi Kiryat Shmona,Bnei Sakhnin,Over/Under Goals,Over 1.5,1.36,,,WON,
2026-04-04T17:00:00+00:00,Ligue 1,Stade Brestois 29,Rennes,Over/Under Goals,Under 3.5,1.35,,,LOST,
2026-04-04T17:00:00+00:00,Major League Soccer,Toronto FC,Colorado Rapids,Over/Under Goals,Under 3.5,1.42,,,LOST,
2026-04-04T17:00:00+00:00,Primeira Liga,Moreirense,SC Braga,Over/Under Goals,Under 3.5,1.3,,,WON,
2026-04-04T17:00:00+00:00,Primeira Liga,Rio Ave,Alverca,Over/Under Goals,Under 3.5,1.28,,,WON,
2026-04-04T17:00:00+00:00,Primera B Metropolitana,Defensores Unidos,Villa San Carlos,Over/Under Goals,Over 1.5,1.57,,,WON,
2026-04-04T17:00:00+00:00,Primera B Metropolitana,Talleres Remedios,Arsenal Sarandi,Over/Under Goals,Over 1.5,1.57,,,LOST,
2026-04-04T17:00:00+00:00,Segunda Liga,Academico Viseu,Felgueiras 1932,Over/Under Goals,Under 3.5,1.22,,,WON,
2026-04-04T17:00:00+00:00,Super League 1,Panetolikos,Atromitos,Over/Under Goals,Under 2.5,1.55,,,WON,
2026-04-04T17:00:00+00:00,Super Lig,Trabzonspor,Galatasaray,Over/Under Goals,Under 3.5,1.6,,,WON,
2026-04-04T17:15:00+00:00,Ligat Ha'al,Hapoel Beer Sheva,Hapoel Petah Tikva,Over/Under Goals,Under 3.5,1.62,,,WON,
2026-04-04T17:30:00+00:00,Ligat Ha'al,Beitar Jerusalem,Ironi Tiberias,Over/Under Goals,Over 1.5,1.15,,,WON,
2026-04-04T17:30:00+00:00,NB I,Ujpest,MTK Budapest,Over/Under Goals,Under 3.5,1.45,,,LOST,
2026-04-04T18:00:00+00:00,1. Liga Promotion,Luzern II,Lausanne Sport II,Asian Handicap,Home +0,1.42,,,WON,
2026-04-04T18:00:00+00:00,Ligue 2,Nancy,Saint Etienne,Team Total Goals,Over 0.5,1.18,,,WON,
2026-04-04T18:00:00+00:00,Premier League,El Gouna FC,Al Ittihad,BTTS,No,1.48,,,WON,
2026-04-04T18:00:00+00:00,Premier League,Future FC,Wadi Degla,Over/Under Goals,Under 3.5,1.15,,,WON,
2026-04-04T18:00:00+00:00,Primera B Metropolitana,Flandria,Real Pilar,Over/Under Goals,Over 1.5,1.67,,,WON,
2026-04-04T18:00:00+00:00,Pro League,Al-Hilal Saudi FC,Al Taawon,Over/Under Goals,Over 1.5,1.15,,,WON,
2026-04-04T18:00:00+00:00,Super Liga,IMT Novi Beograd,Vojvodina,Over/Under Goals,Under 3.5,1.29,,,WON,
2026-04-04T18:15:00+00:00,Ekstraklasa,Jagiellonia,Lech Poznan,Over/Under Goals,Under 3.5,1.57,,,WON,
2026-04-04T18:15:00+00:00,Primera Division,Deportivo Garcilaso,Sport Boys,Over/Under Goals,Under 2.5,1.6,,,LOST,
2026-04-04T18:30:00+00:00,Bundesliga 2,Dynamo Dresden,Hertha BSC,Over/Under Goals,Over 1.5,1.2,,,LOST,
2026-04-04T18:30:00+00:00,First League,Mladost DG,Arsenal Tivat,Asian Handicap,Home +0.25,1.47,,,LOST,
2026-04-04T18:30:00+00:00,Primera B Metropolitana,Deportivo Armenio,UAI Urquiza,Over/Under Goals,Under 2.5,1.4,,,LOST,
2026-04-04T18:30:00+00:00,Primera B Metropolitana,Deportivo Laferrere,Excursionistas,Over/Under Goals,Over 1.5,1.5,,,LOST,
2026-04-04T18:30:00+00:00,Primera División - Apertura,Danubio,Atletico Torque,Over/Under Goals,Under 3.5,1.2,,,WON,
2026-04-04T18:30:00+00:00,Super League,FC Basel 1893,BSC Young Boys,Double Chance,Home/Draw,1.5,,,WON,
2026-04-04T18:45:00+00:00,Jupiler Pro League,Union St. Gilloise,St. Truiden,Team Total Goals,Over 0.5,1.16,,,WON,
2026-04-04T18:45:00+00:00,Serie A,Lazio,Parma,Over/Under Goals,Under 3.5,1.2,,,WON,
2026-04-04T19:00:00+00:00,Botola Pro,Yacoub El Mansour,Olympique Safi,Over/Under Goals,Under 3.5,1.16,,,LOST,
2026-04-04T19:00:00+00:00,Eredivisie,Ajax,Twente,Over/Under Goals,Over 1.5,1.17,,,WON,
2026-04-04T19:00:00+00:00,Eredivisie,Excelsior,NEC Nijmegen,Over/Under Goals,Over 1.5,1.15,,,WON,
2026-04-04T19:00:00+00:00,FA Cup,Southampton,Arsenal,Over/Under Goals,Under 3.5,1.6,,,WON,
2026-04-04T19:00:00+00:00,La Liga,Atletico Madrid,Barcelona,Over/Under Goals,Over 1.5,1.17,,,WON,
2026-04-04T19:00:00+00:00,Liga Pro,Independiente del Valle,Orense SC,Over/Under Goals,Over 1.5,1.25,,,WON,
2026-04-04T19:00:00+00:00,Primera B Metropolitana,Argentino Quilmes,Liniers,Asian Handicap,Home +0.25,1.4,,,LOST,
2026-04-04T19:00:00+00:00,Primera División,Always Ready,Real Tomayapo,1X2 / Match Winner,Home,1.15,,,WON,
2026-04-04T19:05:00+00:00,Ligue 1,Lille,Lens,Double Chance,Draw/Away,1.48,,,LOST,
2026-04-04T19:30:00+00:00,Primeira Liga,FC Porto,Famalicao,Over/Under Goals,Under 3.5,1.3,,,LOST,
2026-04-04T20:00:00+00:00,NWSL Women,Kansas City W,NJ/NY Gotham FC W,Over/Under Goals,Under 2.5,1.65,,,LOST,
2026-04-04T20:30:00+00:00,Major League Soccer,New England Revolution,CF Montreal,Over/Under Goals,Over 1.5,1.22,,,WON,
2026-04-04T20:30:00+00:00,Major League Soccer,Real Salt Lake,Sporting Kansas City,Over/Under Goals,Over 1.5,1.17,,,WON,
2026-04-04T20:30:00+00:00,Primera Division,Deportes Limache,Union La Calera,Over/Under Goals,Over 1.5,1.28,,,WON,
2026-04-04T20:30:00+00:00,Primera Division,FBC Melgar,Cusco,Over/Under Goals,Under 3.5,1.33,,,LOST,
2026-04-04T20:30:00+00:00,Primera Division,Independiente,Racing Club,Double Chance,Draw/Away,1.5,,,LOST,
2026-04-04T21:00:00+00:00,Serie B,Cuiaba,Ceara,Asian Handicap,Home +0.25,1.55,,,LOST,
2026-04-04T21:00:00+00:00,Serie B,Nautico Recife,Ponte Preta,Team Total Goals,Under 2.5,1.2,,,WON,
2026-04-04T21:15:00+00:00,Primera División,Real Potosí,Aurora,Team Total Goals,Over 0.5,1.18,,,LOST,
2026-04-04T21:30:00+00:00,Liga Pro,Universidad Catolica,Guayaquil City FC,Over/Under Goals,Under 3.5,1.36,,,LOST,
2026-04-04T21:30:00+00:00,Serie A,Sao Paulo,Cruzeiro,Over/Under Goals,Under 3.5,1.28,,,LOST,
2026-04-04T22:00:00+00:00,Primera División - Apertura,Progreso,Penarol,Over/Under Goals,Under 3.5,1.28,,,WON,
2026-04-04T22:30:00+00:00,NWSL Women,North Carolina Courage W,Portland Thorns W,Team Total Goals,Over 0.5,1.42,,,WON,
2026-04-04T23:00:00+00:00,Liga MX Femenil,Toluca W,Cruz Azul W,BTTS,Yes,1.44,,,LOST,
2026-04-04T23:00:00+00:00,Liga MX,Club Queretaro,Toluca,Over/Under Goals,Under 3.5,1.42,,,WON,
2026-04-04T23:00:00+00:00,Liga MX,Monterrey,Atletico San Luis,Over/Under Goals,Over 1.5,1.2,,,WON,
2026-04-04T23:00:00+00:00,Liga de Expansión MX,Atlante FC,Mineros de Zacatecas,1X2 / Match Winner,Home,1.53,,,WON,
2026-04-04T23:00:00+00:00,Primera Division,Everton de Vina,Nublense,Over/Under Goals,Under 3.5,1.25,,,WON,
2026-04-04T23:00:00+00:00,Serie B,Vila Nova,Atletico Goianiense,Double Chance,Draw/Away,1.65,,,LOST,
2026-04-04T23:30:00+00:00,Major League Soccer,Atlanta United FC,Columbus Crew,Asian Handicap,Home +0.5,1.62,,,LOST,
2026-04-04T23:30:00+00:00,Major League Soccer,Charlotte,Philadelphia Union,Over/Under Goals,Over 1.5,1.25,,,WON,
2026-04-04T23:30:00+00:00,Major League Soccer,DC United,FC Dallas,Over/Under Goals,Under 3.5,1.36,,,LOST,
2026-04-04T23:30:00+00:00,Major League Soccer,Inter Miami,Austin,Over/Under Goals,Under 3.5,1.65,,,LOST,
2026-04-04T23:30:00+00:00,Major League Soccer,New York City FC,St. Louis City,Over/Under Goals,Over 1.5,1.25,,,WON,
2026-04-04T23:30:00+00:00,Major League Soccer,New York Red Bulls,FC Cincinnati,BTTS,Yes,1.55,,,WON,
2026-04-04T23:30:00+00:00,Serie A,Coritiba,Fluminense,Asian Handicap,Home +0.5,1.62,,,WON,
2026-04-04T23:30:00+00:00,Serie B,Londrina,Sport Recife,Over/Under Goals,Under 2.5,1.57,,,LOST,
2026-04-05T00:00:00+00:00,Liga Pro,Emelec,Deportivo Cuenca,Over/Under Goals,Under 3.5,1.22,,,WON,
2026-04-05T00:00:00+00:00,MLS Next Pro,Sporting KC II,North Texas,Double Chance,Draw/Away,1.53,,,WON,
2026-04-05T00:00:00+00:00,Primera Division,Rosario Central,Atletico Tucuman,Over/Under Goals,Under 3.5,1.2,,,WON,
2026-04-05T00:00:00+00:00,Serie A,Vasco DA Gama,Botafogo,Asian Handicap,Home +0,1.6,,,LOST,
2026-04-05T00:30:00+00:00,Major League Soccer,Chicago Fire,Nashville SC,Over/Under Goals,Under 3.5,1.38,,,WON,
2026-04-05T00:30:00+00:00,Major League Soccer,Houston Dynamo,Seattle Sounders,Asian Handicap,Away -0.5,1.57,,,WON,
2026-04-05T00:30:00+00:00,Primera A,Deportes Tolima,Santa Fe,Over/Under Goals,Under 2.5,1.57,,,LOST,
2026-04-05T00:45:00+00:00,NWSL Women,Seattle Reign FC,Denver Summit W,Asian Handicap,Home +0,1.51,,,WON,
2026-04-05T01:00:00+00:00,Liga de Expansión MX,Leones Negros UDG,Monarcas,Over/Under Goals,Under 3.5,1.38,,,WON,
2026-04-05T01:00:00+00:00,Primera Division,Universitario,Alianza Lima,Over/Under Goals,Under 2.5,1.53,,,WON,
2026-04-05T01:05:00+00:00,Liga MX,Cruz Azul,Pachuca,Over/Under Goals,Over 1.5,1.2,,,WON,
2026-04-05T01:06:00+00:00,Liga MX,Leon,Atlas,Over/Under Goals,Under 3.5,1.38,,,WON,
2026-04-05T01:30:00+00:00,Major League Soccer,Los Angeles FC,Orlando City SC,1X2 / Match Winner,Home,1.32,,,WON,
2026-04-05T02:00:00+00:00,Liga de Ascenso,AD Cofutpa,Inter San Carlos,Double Chance,Draw/Away,1.22,,,WON,
2026-04-05T02:30:00+00:00,Major League Soccer,Los Angeles Galaxy,Minnesota United FC,Over/Under Goals,Over 1.5,1.18,,,WON,
2026-04-05T02:30:00+00:00,Major League Soccer,San Jose Earthquakes,San Diego,Asian Handicap,Away -0.5,1.62,,,LOST,
2026-04-05T02:30:00+00:00,Major League Soccer,Vancouver Whitecaps,Portland Timbers,Team Total Goals,Over 1.5,1.3,,,WON,
2026-04-05T03:06:00+00:00,Liga MX Femenil,Querétaro W,América W,Over/Under Goals,Under 3.5,2.21,,,LOST,
2026-04-05T03:10:00+00:00,Liga MX,Santos Laguna,Club America,Over/Under Goals,Under 3.5,1.5,,,WON,
2026-04-05T04:00:00+00:00,J. League Div.1,V-varen Nagasaki,Shimizu S-pulse,Over/Under Goals,Under 3.5,1.38,,,WON,
2026-04-05T05:00:00+00:00,A-League,Melbourne Victory,Wellington Phoenix,Over/Under Goals,Over 1.5,1.17,,,LOST,
2026-04-05T05:00:00+00:00,First League,Ska-khabarovsk,Volga Ulyanovsk,Asian Handicap,Home +0.25,1.49,,,WON,
2026-04-05T05:00:00+00:00,J. League Div.1,Fagiano Okayama,Vissel Kobe,Over/Under Goals,Under 3.5,1.2,,,LOST,
2026-04-05T05:00:00+00:00,J. League Div.1,Kashiwa Reysol,Yokohama F. Marinos,Team Total Goals,Over 0.5,1.57,,,LOST,
2026-04-05T05:00:00+00:00,J. League Div.1,Sanfrecce Hiroshima,Avispa Fukuoka,1X2 / Match Winner,Home,1.55,,,LOST,
2026-04-05T05:00:00+00:00,K-League Classic,FC Anyang,FC Seoul,Over/Under Goals,Under 3.5,1.25,,,WON,
2026-04-05T05:00:00+00:00,New South Wales NPL,Rockdale City Suns,St. George Saints,Over/Under Goals,Under 3.5,1.67,,,WON,
2026-04-05T07:00:00+00:00,J. League Div.1,Kawasaki Frontale,Urawa,Over/Under Goals,Over 1.5,1.22,,,WON,
2026-04-05T07:30:00+00:00,K-League Classic,Incheon United,Gimcheon Sangmu FC,Over/Under Goals,Under 3.5,1.25,,,WON,
2026-04-05T07:30:00+00:00,Super League,Hangzhou Greentown,Chongqing Tongliang Long,Over/Under Goals,Under 3.5,1.65,,,WON,
2026-04-05T10:00:00+00:00,First League,FK Sokol Saratov,Rodina Moskva,1X2 / Match Winner,Away,1.5,,,WON,
2026-04-05T10:00:00+00:00,Premier League,Kryvbas KR,LNZ Cherkasy,Over/Under Goals,Over 1.5,1.4,,,WON,
2026-04-05T10:00:00+00:00,Primera División Femenina,Atletico Madrid W,Deportivo de La Coruña W,Over/Under Goals,Over 1.5,1.18,,,WON,
2026-04-05T10:00:00+00:00,Primera División Femenina,Levante W,Athletic Club W,Over/Under Goals,Over 1.5,1.32,,,LOST,
2026-04-05T10:15:00+00:00,Eredivisie,GO Ahead Eagles,PEC Zwolle,Asian Handicap,Home +0,1.45,,,WON,
2026-04-05T11:00:00+00:00,Czech Liga,Hradec Králové,Bohemians 1905,Over/Under Goals,Under 3.5,1.22,,,WON,
2026-04-05T11:00:00+00:00,Division 2 - Västra Götaland,Astrio,Kongahälla,Over/Under Goals,Under 3.5,1.57,,,WON,
2026-04-05T11:00:00+00:00,First League,Ural,Chayka,Team Total Goals,Over 0.5,1.87,,,LOST,
2026-04-05T11:00:00+00:00,Premier League,Nizhny Novgorod,FC Rostov,Double Chance,Home/Draw,1.61,,,LOST,
2026-04-05T11:00:00+00:00,Super League,Sichuan Jiuniu,Wuhan Three Towns,Team Total Goals,Under 2.5,1.18,,,LOST,
2026-04-05T11:00:00+00:00,Thai League 1,Muangthong United,Chiangrai United,Over/Under Goals,Under 3.5,1.36,,,WON,
2026-04-05T11:00:00+00:00,Thai League 2,Bangkok,Nakhon Si Thammarat,Asian Handicap,Home +0.25,1.4,,,WON,
2026-04-05T11:00:00+00:00,Thai League 2,Nong Bua Pitchaya,Khon Kaen United,Over/Under Goals,Over 2.5,1.62,,,WON,
2026-04-05T11:30:00+00:00,3. Liga,SSV Ulm 1846,Verl,Over/Under Goals,Over 1.5,1.15,,,LOST,
2026-04-05T11:30:00+00:00,Bundesliga 2,Eintracht Braunschweig,1. FC Nürnberg,Double Chance,Home/Draw,1.48,,,WON,
2026-04-05T11:30:00+00:00,Bundesliga 2,FC Schalke 04,Karlsruher SC,1X2 / Match Winner,Home,1.52,,,WON,
2026-04-05T11:30:00+00:00,Bundesliga 2,Hannover 96,SV Elversberg,Over/Under Goals,Under 3.5,1.48,,,WON,
2026-04-05T11:30:00+00:00,Bundesliga 2,Holstein Kiel,Preußen Münster,Over/Under Goals,Over 1.5,1.22,,,LOST,
2026-04-05T11:30:00+00:00,Bundesliga 2,SpVgg Greuther Fürth,SC Paderborn 07,Over/Under Goals,Over 1.5,1.18,,,WON,
2026-04-05T11:30:00+00:00,First League,Cherno More Varna,Slavia Sofia,Over/Under Goals,Under 3.5,1.22,,,LOST,
2026-04-05T11:30:00+00:00,Premyer Liqa,Kapaz,Qabala,Asian Handicap,Home +0,1.97,,,LOST,
2026-04-05T11:30:00+00:00,Super Lig,Fatih Karagümrük,Rizespor,Over/Under Goals,Under 3.5,1.36,,,WON,
2026-04-05T11:30:00+00:00,Super Lig,Samsunspor,Konyaspor,Over/Under Goals,Over 1.5,1.4,,,WON,
2026-04-05T11:30:00+00:00,Thai League 1,Chonburi FC,Rayong FC,Double Chance,Home/Draw,1.25,,,WON,
2026-04-05T11:30:00+00:00,Thai League 1,Lamphun Warrior,Ayutthaya FC,Over/Under Goals,Under 3.5,1.3,,,WON,
2026-04-05T11:30:00+00:00,Thai League 2,Phrae United,Esan Pattaya,Team Total Goals,Under 2.5,1.2,,,WON,
2026-04-05T11:35:00+00:00,Super League,Tianjin Teda,Shanghai Shenhua,Over/Under Goals,Under 3.5,1.35,,,LOST,
2026-04-05T12:00:00+00:00,FA Women's Cup,Arsenal W,Brighton W,Over/Under Goals,Over 1.5,1.15,,,WON,
2026-04-05T12:00:00+00:00,La Liga,Getafe,Athletic Club,Asian Handicap,Away -0.5,1.4,,,LOST,
2026-04-05T12:00:00+00:00,Liga I,Uta Arad,Metaloglobus,Over/Under Goals,Under 3.5,1.38,,,LOST,
2026-04-05T12:00:00+00:00,Premier League,Adama Kenema,Negelle Arsi,Double Chance,Draw/Away,1.26,,,WON,
2026-04-05T12:00:00+00:00,Segunda Division,Eibar,AD Ceuta FC,Double Chance,Home/Draw,1.16,,,WON,
2026-04-05T12:00:00+00:00,Thai League 1,Nakhon Ratchasima FC,Uthai Thani,Over/Under Goals,Under 3.5,1.33,,,WON,
2026-04-05T12:00:00+00:00,Thai League 2,Chainat,Police Tero,Over/Under Goals,Over 1.5,1.23,,,WON,
2026-04-05T12:30:00+00:00,Eredivisie,FC Volendam,Feyenoord,Over/Under Goals,Under 3.5,1.7,,,WON,
2026-04-05T12:30:00+00:00,Eredivisie,Heerenveen,Heracles,Over/Under Goals,Over 2.5,1.42,,,WON,
2026-04-05T12:30:00+00:00,NB I,Diosgyori VTK,Puskas Academy,Double Chance,Draw/Away,1.42,,,WON,
2026-04-05T12:30:00+00:00,Premier League,Obolon'-Brovar,Zorya Luhansk,Double Chance,Home/Draw,1.67,,,WON,
2026-04-05T12:30:00+00:00,Premier League,Shakhtar Donetsk,Ruh Lviv,Over/Under Goals,Under 3.5,1.44,,,WON,
2026-04-05T12:30:00+00:00,Tipp3 Bundesliga,Lask Linz,Austria Vienna,Over/Under Goals,Over 1.5,1.3,,,WON,
2026-04-05T12:30:00+00:00,Tipp3 Bundesliga,TSV Hartberg,Red Bull Salzburg,Over/Under Goals,Under 3.5,1.42,,,WON,
2026-04-05T13:00:00+00:00,1. Division,Ethnikos Achna,Anorthosis,Over/Under Goals,Under 3.5,1.4,,,WON,
2026-04-05T13:00:00+00:00,Damallsvenskan,Uppsala W,Piteå W,Over/Under Goals,Under 3.5,1.42,,,WON,
2026-04-05T13:00:00+00:00,Division 2 - Norra Svealand,Bollstanäs,Gute,Over/Under Goals,Over 2.5,1.34,,,WON,
2026-04-05T13:00:00+00:00,First League,Arsenal Tula,Fakel,Over/Under Goals,Under 2.5,1.46,,,LOST,
2026-04-05T13:00:00+00:00,Ligue 1,Angers,Lyon,Over/Under Goals,Under 3.5,1.25,,,WON,
2026-04-05T13:00:00+00:00,Paulista - A3,XV de Jau,Rio Claro,Over/Under Goals,Under 3.5,1.16,,,WON,
2026-04-05T13:00:00+00:00,Premier League,Awassa Kenema,Welwalo Adigrat Uni,Double Chance,Draw/Away,1.58,,,WON,
2026-04-05T13:00:00+00:00,Premiership,Livingston,Heart Of Midlothian,Over/Under Goals,Under 3.5,1.44,,,LOST,
2026-04-05T13:00:00+00:00,Primera División - Apertura,Albion FC,Cerro Largo,Over/Under Goals,Over 1.5,1.44,,,WON,
2026-04-05T13:00:00+00:00,Prva Liga,Borac Cacak,Loznica,Over/Under Goals,Under 3.5,1.16,,,WON,
2026-04-05T13:00:00+00:00,Prva Liga,FK Vozdovac,Dinamo Jug,Double Chance,Home/Draw,1.15,,,WON,
2026-04-05T13:00:00+00:00,Prva Liga,Jedinstvo Ub,Dubočica,Double Chance,Home/Draw,1.22,,,WON,
2026-04-05T13:00:00+00:00,Prva Liga,Kabel Novi Sad,FK Trayal,Double Chance,Draw/Away,1.44,,,LOST,
2026-04-05T13:00:00+00:00,Prva Liga,Macva,Stepojevac Vaga,Over/Under Goals,Under 2.5,1.65,,,WON,
2026-04-05T13:00:00+00:00,Prva Liga,OFK Vršac,Semendrija 1924,Double Chance,Draw/Away,1.62,,,WON,
2026-04-05T13:00:00+00:00,Prva Liga,Tekstilac Odžaci,Grafičar,Over/Under Goals,Under 3.5,1.18,,,WON,
2026-04-05T13:00:00+00:00,Prva Liga,Zemun,FAP,Over/Under Goals,Over 1.5,1.36,,,WON,
2026-04-05T13:00:00+00:00,Serie A,Cremonese,Bologna,Over/Under Goals,Under 3.5,1.3,,,WON,
2026-04-05T13:00:00+00:00,Superettan,GIF Sundsvall,United Nordic,Double Chance,Draw/Away,1.6,,,LOST,
2026-04-05T13:00:00+00:00,Superettan,Norrby IF,IK brage,Double Chance,Draw/Away,1.45,,,WON,
2026-04-05T13:00:00+00:00,TFF 1. Lig,Sivasspor,Esenler Erokspor,Asian Handicap,Home +0.5,1.7,,,LOST,
2026-04-05T13:30:00+00:00,A Lyga,Panevėžys,Džiugas Telšiai,Over/Under Goals,Under 3.5,1.22,,,WON,
2026-04-05T13:30:00+00:00,Bundesliga 1,Union Berlin,FC St. Pauli,Over/Under Goals,Under 3.5,1.18,,,WON,
2026-04-05T13:30:00+00:00,Czech Liga,Baník Ostrava,Slavia Praha,Team Total Goals,Over 0.5,1.55,,,LOST,
2026-04-05T13:30:00+00:00,First League,Struga,FK Rabotnicki,Over/Under Goals,Over 1.5,1.18,,,WON,
2026-04-05T13:30:00+00:00,Ligue 1,Club Africain,AS Gabes,Over/Under Goals,Under 3.5,1.18,,,WON,
2026-04-05T13:30:00+00:00,Ligue 1,US Ben Guerdane,ES Metlaoui,Asian Handicap,Home +0,1.41,,,WON,
2026-04-05T13:30:00+00:00,Premier League,Dinamo Makhachkala,Baltika,Double Chance,Home/Draw,1.7,,,WON,
2026-04-05T13:30:00+00:00,Super Liga,Komárno,AS Trencin,Over/Under Goals,Under 3.5,1.38,,,WON,
2026-04-05T13:45:00+00:00,Professional League,Al Seeb,Smail,Over/Under Goals,Over 1.5,1.25,,,WON,
2026-04-05T13:50:00+00:00,Pro League,Dibba Al-Fujairah,Al-Dhafra,Over/Under Goals,Under 3.5,1.42,,,WON,
2026-04-05T13:50:00+00:00,Pro League,Khorfakkan,Baniyas SC,Over/Under Goals,Over 1.5,1.22,,,WON,
2026-04-05T14:00:00+00:00,1. Division,Apoel Nicosia,Aris,Over/Under Goals,Over 1.5,1.28,,,WON,
2026-04-05T14:00:00+00:00,1st League - RS,FK Romanija Pale,BSK Banja Luka,Team Total Goals,Over 0.5,1.49,,,LOST,
2026-04-05T14:00:00+00:00,3. liga - Center,Podkonice,Fiľakovo,Asian Handicap,Home +0,1.48,,,WON,
2026-04-05T14:00:00+00:00,Challenger Pro League,Liège,Olympic Charleroi,Over/Under Goals,Over 1.5,1.22,,,WON,
2026-04-05T14:00:00+00:00,Challenger Pro League,Seraing United,Patro Eisden,Double Chance,Home/Draw,1.7,,,WON,
2026-04-05T14:00:00+00:00,Damallsvenskan,Rosengård W,AIK,Double Chance,Draw/Away,1.64,,,WON,
2026-04-05T14:00:00+00:00,Division 2 - Norra Svealand,Falu BS,Kungsängen,Over/Under Goals,Over 2.5,1.56,,,LOST,
2026-04-05T14:00:00+00:00,Ettan - Norra,Assyriska FF,Stockholm Internazionale,Team Total Goals,Over 0.5,1.47,,,WON,
2026-04-05T14:00:00+00:00,Ettan - Södra,Atvidabergs FF,Jonkopings Sodra,Asian Handicap,Home +1.25,1.45,,,WON,
2026-04-05T14:00:00+00:00,First League,Dobrudzha,Levski Sofia,1X2 / Match Winner,Away,1.42,,,LOST,
2026-04-05T14:00:00+00:00,First League,Rotor Volgograd,FK Neftekhimik,Double Chance,Home/Draw,1.18,,,WON,
2026-04-05T14:00:00+00:00,Premyer Liqa,Sumqayıt,Neftchi Baku,1X2 / Match Winner,Away,2.1,,,WON,
2026-04-05T14:00:00+00:00,Super League 1,Levadiakos,Aris Thessalonikis,Over/Under Goals,Under 3.5,1.18,,,WON,
2026-04-05T14:00:00+00:00,Super League 1,Volos NFC,OFI,Over/Under Goals,Over 1.5,1.33,,,WON,
2026-04-05T14:00:00+00:00,Super Lig,Antalyaspor,Eyüpspor,Over/Under Goals,Under 3.5,1.25,,,WON,
2026-04-05T14:15:00+00:00,La Liga,Valencia,Celta Vigo,Asian Handicap,Away -0.5,1.62,,,WON,
2026-04-05T14:30:00+00:00,3. Liga,FC Saarbrücken,FC Ingolstadt 04,Over/Under Goals,Under 3.5,1.57,,,WON,
2026-04-05T14:30:00+00:00,Liga I,Farul Constanta,Unirea Slobozia,Over/Under Goals,Under 3.5,1.28,,,WON,
2026-04-05T14:45:00+00:00,Eredivisie,NAC Breda,Sparta Rotterdam,Asian Handicap,Home +0,1.7,,,WON,
2026-04-05T15:00:00+00:00,NB I,Debreceni VSC,Ferencvarosi TC,Double Chance,Draw/Away,1.15,,,WON,
2026-04-05T15:00:00+00:00,Premier League,National Bank of Egypt,Haras El Hodood,Over/Under Goals,Under 2.5,1.53,,,LOST,
2026-04-05T15:00:00+00:00,Premier League,Polessya,Veres Rivne,Over/Under Goals,Under 2.5,1.75,,,WON,
2026-04-05T15:00:00+00:00,Super Liga,Radnik Surdulica,FK Crvena Zvezda,Over/Under Goals,Under 3.5,1.4,,,WON,
2026-04-05T15:00:00+00:00,Tipp3 Bundesliga,Rapid Vienna,Sturm Graz,Over/Under Goals,Over 1.5,1.3,,,WON,
2026-04-05T15:10:00+00:00,Challenge Cup,Raith Rovers,Inverness CT,Team Total Goals,Over 0.5,1.17,,,WON,
2026-04-05T15:15:00+00:00,Ligue 1,Le Havre,Auxerre,Over/Under Goals,Under 3.5,1.22,,,WON,
2026-04-05T15:15:00+00:00,Ligue 1,Lorient,Paris FC,1X2 / Match Winner,Draw,3.4,,,WON,
2026-04-05T15:15:00+00:00,Ligue 1,Metz,Nantes,Double Chance,Draw/Away,1.4,,,WON,
2026-04-05T15:15:00+00:00,Serie B,Frosinone,Padova,Over/Under Goals,Over 1.5,1.18,,,WON,
2026-04-05T15:30:00+00:00,Bundesliga 1,Eintracht Frankfurt,1. FC Köln,Over/Under Goals,Under 3.5,1.45,,,LOST,
2026-04-05T15:30:00+00:00,Premiership,Dundee,Celtic,Over/Under Goals,Over 2.5,1.48,,,WON,
2026-04-05T15:45:00+00:00,A Lyga,FK Zalgiris Vilnius,Kauno Žalgiris,Team Total Goals,Over 0.5,1.28,,,WON,
2026-04-05T15:55:00+00:00,Pro League,Al Okhdood,Al-Fateh,Over/Under Goals,Over 1.5,1.2,,,LOST,
2026-04-05T16:00:00+00:00,1. Division,Apollon Limassol,AEK Larnaca,1X2 / Match Winner,Draw,3.25,,,WON,
2026-04-05T16:00:00+00:00,Ligat Ha'al,Ashdod,Maccabi Netanya,Over/Under Goals,Under 3.5,1.48,,,LOST,
2026-04-05T16:00:00+00:00,Primera División Femenina,Madrid CFF W,Real Madrid W,Over/Under Goals,Under 3.5,1.62,,,WON,
2026-04-05T16:00:00+00:00,Serie A,Pisa,Torino,Over/Under Goals,Over 1.5,1.42,,,LOST,
2026-04-05T16:00:00+00:00,Super League 1,PAOK,Panathinaikos,Double Chance,Home/Draw,1.15,,,WON,
2026-04-05T16:00:00+00:00,Super Liga,Spartak Trnava,Podbrezová,Over/Under Goals,Under 3.5,1.42,,,LOST,
2026-04-05T16:00:00+00:00,Superligaen,FC Copenhagen,Silkeborg,Over/Under Goals,Over 1.5,1.16,,,WON,
2026-04-05T16:00:00+00:00,TFF 1. Lig,Amed,Boluspor,Over/Under Goals,Over 1.5,1.15,,,WON,
2026-04-05T16:20:00+00:00,Professional League,Al-Khabourah,Sohar,Over/Under Goals,Under 2.5,1.62,,,WON,
2026-04-05T16:30:00+00:00,Czech Liga,Sparta Praha,Karviná,Over/Under Goals,Over 1.5,1.16,,,WON,
2026-04-05T16:30:00+00:00,First League,Ludogorets,CSKA 1948,Over/Under Goals,Over 2.5,1.67,,,WON,
2026-04-05T16:30:00+00:00,Jupiler Pro League,KVC Westerlo,Charleroi,Over/Under Goals,Under 3.5,1.48,,,WON,
2026-04-05T16:30:00+00:00,La Liga,Oviedo,Sevilla,Over/Under Goals,Over 1.5,1.48,,,LOST,
2026-04-05T16:30:00+00:00,Premier League,Spartak Moscow,Lokomotiv,Over/Under Goals,Over 1.5,1.19,,,WON,
2026-04-05T16:30:00+00:00,Pro League,Al Ain,Ajman,Over/Under Goals,Under 3.5,1.45,,,WON,
2026-04-05T16:30:00+00:00,Pro League,Sharjah FC,Al-Wasl FC,Over/Under Goals,Over 1.5,1.22,,,WON,
2026-04-05T16:30:00+00:00,Segunda Division,Almeria,Leganes,Team Total Goals,Over 1.5,1.61,,,WON,
2026-04-05T16:30:00+00:00,Segunda Division,Las Palmas,Huesca,Team Total Goals,Over 0.5,1.16,,,WON,
2026-04-05T16:45:00+00:00,Première Division,Djoliba,Stade Malien Bamako,Double Chance,Home/Draw,1.17,,,WON,
2026-04-05T17:00:00+00:00,Liga de Ascenso,ADR Jicaral,AD Sarchí,Over/Under Goals,Under 3.5,1.31,,,LOST,
2026-04-05T17:00:00+00:00,Segunda Liga,União de Leiria,Lusitânia Lourosa,Over/Under Goals,Over 1.5,1.3,,,LOST,
2026-04-05T17:00:00+00:00,Super Lig,Fenerbahçe,Beşiktaş,Asian Handicap,Home +0.25,1.4,,,WON,
2026-04-05T17:00:00+00:00,Super Liga,FK Partizan,Cukaricki,Team Total Goals,Over 0.5,1.38,,,LOST,
2026-04-05T17:15:00+00:00,Ligat Ha'al,Hapoel Haifa,Maccabi Tel Aviv,Double Chance,Draw/Away,1.15,,,WON,
2026-04-05T17:30:00+00:00,3. Liga,Alemannia Aachen,SV Wehen,Over/Under Goals,Over 1.5,1.25,,,WON,
2026-04-05T17:30:00+00:00,Liga I,Rapid,Universitatea Cluj,Over/Under Goals,Over 1.5,1.33,,,WON,
2026-04-05T17:30:00+00:00,NB I,Gyori ETO FC,Nyiregyhaza,Over/Under Goals,Under 3.5,1.44,,,WON,
2026-04-05T17:30:00+00:00,Serie B,Palermo,Avellino,Over/Under Goals,Under 3.5,1.35,,,WON,
2026-04-05T18:00:00+00:00,Liga MX Femenil,Pumas UNAM W,Puebla W,Over/Under Goals,Under 3.5,1.89,,,LOST,
2026-04-05T18:00:00+00:00,Liga Pro,Leones del Norte,Delfin SC,Over/Under Goals,Under 2.5,1.4,,,WON,
2026-04-05T18:00:00+00:00,Premier League,AL Masry,Zamalek SC,Over/Under Goals,Under 3.5,1.22,,,LOST,
2026-04-05T18:00:00+00:00,Premier League,Ismaily SC,El Geish,Team Total Goals,Over 0.5,1.4,,,LOST,
2026-04-05T18:00:00+00:00,Pro League,Al Riyadh,Al Shabab,Team Total Goals,Over 0.5,1.15,,,WON,
2026-04-05T18:00:00+00:00,Pro League,Al-Ettifaq,Al-Qadisiyah FC,Over/Under Goals,Over 1.5,1.15,,,WON,
2026-04-05T18:00:00+00:00,Super League 1,Olympiakos Piraeus,AEK Athens FC,Over/Under Goals,Under 3.5,1.25,,,WON,
2026-04-05T18:15:00+00:00,Primera Division,Sport Huancayo,Comerciantes Unidos,Team Total Goals,Under 2.5,1.4,,,WON,
2026-04-05T18:30:00+00:00,Primera B Metropolitana,Comunicaciones,San Martín Burzaco,Double Chance,Draw/Away,1.57,,,WON,
2026-04-05T18:30:00+00:00,Primera B Metropolitana,Dock Sud,Sportivo Italiano,Asian Handicap,Home +0.5,1.52,,,LOST,
2026-04-05T18:30:00+00:00,Primera Division,Gimnasia L.P.,Huracan,Over/Under Goals,Over 1.5,1.62,,,WON,
2026-04-05T18:30:00+00:00,Primera División - Apertura,Cerro,Defensor Sporting,Over/Under Goals,Under 3.5,1.17,,,WON,
2026-04-05T18:45:00+00:00,Ligue 1,Monaco,Marseille,Over/Under Goals,Over 1.5,1.18,,,WON,
2026-04-05T18:45:00+00:00,Serie A,Inter,AS Roma,Over/Under Goals,Under 3.5,1.33,,,LOST,
2026-04-05T19:00:00+00:00,La Liga,Alaves,Osasuna,Over/Under Goals,Under 3.5,1.22,,,LOST,
2026-04-05T19:00:00+00:00,Segunda Division,Zaragoza,Mirandes,Team Total Goals,Over 0.5,1.18,,,WON,
2026-04-05T19:00:00+00:00,Serie A,Chapecoense-sc,Vitoria,Over/Under Goals,Under 3.5,1.22,,,WON,
2026-04-05T19:00:00+00:00,Serie B,Avai,Operario-PR,Double Chance,Draw/Away,1.55,,,WON,
2026-04-05T19:30:00+00:00,Primera Division,Concepción,Colo Colo,Team Total Goals,Over 0.5,1.2,,,WON,
2026-04-05T20:00:00+00:00,Liga de Ascenso,Cariari Pococi,Futbol Consultants Moravia,Asian Handicap,Home +0,1.56,,,LOST,
2026-04-05T20:00:00+00:00,Serie C,Inter De Limeira,Floresta,Over/Under Goals,Under 3.5,1.17,,,WON,
2026-04-05T20:00:00+00:00,Serie C,Ituano,Anápolis,Over/Under Goals,Under 3.5,1.17,,,WON,
2026-04-05T20:30:00+00:00,Liga Pro,Manta FC,Tecnico Universitario,Over/Under Goals,Under 3.5,1.18,,,WON,
2026-04-05T20:30:00+00:00,Primera Division,Juan Pablo II College,UTC Cajamarca,Over/Under Goals,Over 1.5,1.38,,,WON,
2026-04-05T20:30:00+00:00,Serie A,Atletico-MG,Atletico Paranaense,Team Total Goals,Under 2.5,1.18,,,WON,
2026-04-05T20:30:00+00:00,Serie A,Flamengo,Santos,Over/Under Goals,Under 3.5,1.45,,,LOST,
2026-04-05T21:00:00+00:00,NWSL Women,Bay FC,Washington Spirit W,Over/Under Goals,Under 3.5,1.26,,,WON,
2026-04-05T21:00:00+00:00,Primera A,Cucuta,America de Cali,Double Chance,Home/Draw,1.62,,,WON,
2026-04-05T21:00:00+00:00,Primera B Metropolitana,Deportivo Merlo,Deportivo Camioneros,Over/Under Goals,Over 1.5,1.62,,,WON,
2026-04-05T21:00:00+00:00,Primera Division,River Plate,Belgrano Cordoba,1X2 / Match Winner,Home,1.65,,,WON,
2026-04-05T21:00:00+00:00,Serie B,Novorizontino,CRB,Team Total Goals,Over 0.5,1.5,,,WON,
2026-04-05T21:30:00+00:00,Primera División - Apertura,Liverpool Montevideo,Deportivo Maldonado,Team Total Goals,Over 0.5,1.25,,,LOST,
2026-04-05T22:00:00+00:00,Canadian Premier League,Pacific FC,Cavalry FC,Team Total Goals,Over 0.5,1.45,,,WON,
2026-04-05T22:00:00+00:00,Primera Division,Universidad de Chile,D. La Serena,Over/Under Goals,Under 3.5,1.28,,,LOST,
2026-04-05T22:00:00+00:00,Serie C,Confiança,Amazonas,Asian Handicap,Home +0,1.52,,,LOST,
2026-04-05T22:00:00+00:00,Serie C,Volta Redonda,Paysandu,Double Chance,Draw/Away,1.7,,,WON,
2026-04-05T22:30:00+00:00,Serie A,Bahia,Palmeiras,Asian Handicap,Home +0.5,1.62,,,LOST,
2026-04-05T22:30:00+00:00,Serie A,Corinthians,Internacional,Over/Under Goals,Under 3.5,1.25,,,WON,
2026-04-05T23:00:00+00:00,Liga MX Femenil,Atlas W,Santos Laguna W,BTTS,Yes,1.53,,,WON,
2026-04-05T23:00:00+00:00,Liga MX Femenil,Juárez W,Monterrey W,Over/Under Goals,Under 3.5,1.28,,,WON,
2026-04-05T23:00:00+00:00,Liga de Expansión MX,CDS Tampico Madero,Venados FC,Over/Under Goals,Under 3.5,1.48,,,WON,
2026-04-05T23:00:00+00:00,Serie A,Mirassol,RB Bragantino,Team Total Goals,Under 2.5,1.15,,,WON,
2026-04-05T23:00:00+00:00,Serie B,Athletic Club,America Mineiro,Double Chance,Draw/Away,1.57,,,WON,
2026-04-05T23:10:00+00:00,Liga Pro,Macara,Aucas,Over/Under Goals,Under 3.5,1.2,,,WON,
2026-04-05T23:30:00+00:00,Primera Division,Central Cordoba de Santiago,Newells Old Boys,Over/Under Goals,Under 3.5,1.16,,,LOST,
2026-04-05T23:30:00+00:00,Serie A,Gremio,Remo,Over/Under Goals,Over 1.5,1.25,,,LOST,
2026-04-05T23:30:00+00:00,Serie B,Botafogo SP,São Bernardo,Over/Under Goals,Under 3.5,1.25,,,WON,
2026-04-06T00:00:00+00:00,Liga MX Femenil,Tigres UANL W,Guadalajara W,1X2 / Match Winner,Draw,4.2,,,WON,
2026-04-06T02:07:00+00:00,Liga MX,Guadalajara Chivas,U.N.A.M. - Pumas,Over/Under Goals,Over 1.5,1.22,,,WON,
2026-04-06T03:10:00+00:00,Liga MX Femenil,Mazatlán W,Atlético San Luis W,Asian Handicap,Home +1.25,1.45,,,WON,
2026-04-06T05:00:00+00:00,New South Wales NPL,Sydney United,Marconi Stallions,Double Chance,Home/Draw,1.5,,,WON,
2026-04-06T08:30:00+00:00,Liga 1,Persik Kediri,Persijap,Team Total Goals,Over 0.5,1.16,,,LOST,
2026-04-06T10:15:00+00:00,Eerste Divisie,Helmond Sport,Waalwijk,Double Chance,Draw/Away,1.3,,,WON,
2026-04-06T10:15:00+00:00,Ekstraklasa,Nieciecza,Piast Gliwice,Double Chance,Draw/Away,1.45,,,LOST,
2026-04-06T10:30:00+00:00,Serie A,Udinese,Como,Over/Under Goals,Under 3.5,1.28,,,WON,
2026-04-06T10:30:00+00:00,Serie B,Cesena,Sudtirol,Over/Under Goals,Over 1.5,1.38,,,WON,
2026-04-06T11:00:00+00:00,Ettan - Norra,IF Karlstad,Piteå,Team Total Goals,Over 0.5,1.47,,,WON,
2026-04-06T11:00:00+00:00,Ettan - Södra,Skövde AIK,Tvååker,Over/Under Goals,Over 2.5,1.5,,,LOST,
2026-04-06T11:00:00+00:00,Superettan,Falkenbergs FF,Ljungskile SK,Over/Under Goals,Under 3.5,1.44,,,WON,
2026-04-06T11:30:00+00:00,Championship,Portsmouth,Oxford United,1X2 / Match Winner,Away,4.01,,,LOST,
2026-04-06T11:30:00+00:00,Jupiler Pro League,Club Brugge KV,Anderlecht,Over/Under Goals,Over 1.5,1.15,,,WON,
2026-04-06T12:00:00+00:00,3. Division - Girone 1,Gamle Oslo,KFUM II,BTTS,Yes,1.4,,,WON,
2026-04-06T12:00:00+00:00,3. Division,Brønshøj,Holbæk B&I,Over/Under Goals,Under 3.5,1.47,,,WON,
2026-04-06T12:00:00+00:00,3. Division,FA 2000,Hørsholm-Usserød,Asian Handicap,Home +0,1.53,,,WON,
2026-04-06T12:00:00+00:00,3. Division,Lyseng,Odder,Over/Under Goals,Under 3.5,1.29,,,WON,
2026-04-06T12:00:00+00:00,3. Division,Nykobing FC,Vejgaard B,1X2 / Match Winner,Home,1.37,,,WON,
2026-04-06T12:00:00+00:00,3. Division,Næsby,Frem,Asian Handicap,Home +0,1.53,,,WON,
2026-04-06T12:00:00+00:00,3. Division,Sundby,Vanløse,Asian Handicap,Home +0,1.68,,,WON,
2026-04-06T12:00:00+00:00,Allsvenskan,BK Hacken,IF Brommapojkarna,1X2 / Match Winner,Home,1.55,,,LOST,
2026-04-06T12:00:00+00:00,Allsvenskan,IF Elfsborg,IFK Goteborg,Double Chance,Home/Draw,1.44,,,WON,
2026-04-06T12:00:00+00:00,Championship,Millwall,Norwich,1X2 / Match Winner,Away,3.21,,,WON,
2026-04-06T12:00:00+00:00,Erste Liga,Austria Vienna (Am),Austria Lustenau,Double Chance,Draw/Away,1.67,,,LOST,
2026-04-06T12:00:00+00:00,Erste Liga,FC Liefering,SKU Amstetten,Asian Handicap,Home +0.25,1.63,,,LOST,
2026-04-06T12:00:00+00:00,Erste Liga,SV Kapfenberg,Rapid Wien II,Over/Under Goals,Under 3.5,1.36,,,WON,
2026-04-06T12:00:00+00:00,Erste Liga,WSPG Wels,Austria Salzburg,Over/Under Goals,Over 1.5,1.33,,,WON,
2026-04-06T12:00:00+00:00,Liga 1,Bali United,PSBS Biak Numfor,Over/Under Goals,Under 3.5,1.58,,,LOST,
2026-04-06T12:00:00+00:00,Non League Premier - Southern Central,Royston Town,St Ives Town,Over/Under Goals,Under 3.5,1.37,,,WON,
2026-04-06T12:00:00+00:00,Super League,Grasshoppers,FC Sion,Over/Under Goals,Over 1.5,1.25,,,WON,
2026-04-06T12:00:00+00:00,Superligaen,Vejle,Randers FC,Team Total Goals,Over 0.5,1.22,,,WON,
2026-04-06T12:30:00+00:00,Eerste Divisie,Almere City FC,Den Bosch,Over/Under Goals,Over 2.5,1.3,,,WON,
2026-04-06T12:30:00+00:00,Eliteserien,Valerenga,Viking,BTTS,Yes,1.44,,,LOST,
2026-04-06T12:30:00+00:00,FA Women's Cup,Chelsea W,Tottenham Hotspur W,1X2 / Match Winner,Home,1.17,,,WON,
2026-04-06T12:45:00+00:00,Ekstraklasa,Radomiak Radom,Motor Lublin,Over/Under Goals,Under 3.5,1.48,,,WON,
2026-04-06T13:00:00+00:00,3. Division - Girone 1,IF Ready,Lokomotiv Oslo,Over/Under Goals,Over 2.5,1.25,,,WON,
2026-04-06T13:00:00+00:00,3. Division - Girone 3,Fyllingsdalen,Førde,Over/Under Goals,Over 2.5,1.3,,,WON,
2026-04-06T13:00:00+00:00,Ettan - Norra,Hammarby Talang,Umeå FC,Over/Under Goals,Over 2.5,1.53,,,WON,
2026-04-06T13:00:00+00:00,Premier Soccer League,Orbit College,Kaizer Chiefs,Asian Handicap,Home +1.25,1.4,,,LOST,
2026-04-06T13:00:00+00:00,Professional Development League,Brentford U21,Cardiff City U21,Over/Under Goals,Over 2.5,1.33,,,WON,
2026-04-06T13:00:00+00:00,Serie A,Lecce,Atalanta,Over/Under Goals,Over 1.5,1.33,,,WON,
2026-04-06T13:00:00+00:00,Serie B,Bari,Modena,Double Chance,Draw/Away,1.2,,,LOST,
2026-04-06T13:00:00+00:00,Serie B,Catanzaro,Monza,BTTS,Yes,1.62,,,WON,
2026-04-06T13:00:00+00:00,Serie B,Mantova,Virtus Entella,Over/Under Goals,Over 1.5,1.33,,,LOST,
2026-04-06T13:00:00+00:00,Serie B,Reggiana,Pescara,Over/Under Goals,Under 3.5,1.3,,,LOST,
2026-04-06T13:00:00+00:00,Serie B,Venezia,Juve Stabia,Over/Under Goals,Over 1.5,1.25,,,WON,
2026-04-06T13:00:00+00:00,Superettan,Orebro SK,Landskrona BoIS,BTTS,Yes,1.62,,,LOST,
2026-04-06T13:00:00+00:00,Superettan,Varbergs BoIS FC,Ostersunds FK,Over/Under Goals,Under 3.5,1.3,,,WON,
2026-04-06T13:00:00+00:00,Ykkösliiga,JIPPO,JäPS,Over/Under Goals,Under 3.5,1.41,,,WON,
2026-04-06T13:00:00+00:00,Ykkösliiga,Klubi-04,KäPa,Double Chance,Home/Draw,1.4,,,LOST,
2026-04-06T13:00:00+00:00,Ykkösliiga,SJK Akatemia,MP,Over/Under Goals,Under 3.5,1.65,,,WON,
2026-04-06T14:00:00+00:00,3. Division - Girone 1,Ullern,Bærum,Double Chance,Draw/Away,1.55,,,WON,
2026-04-06T14:00:00+00:00,Championship,Blackburn,West Brom,1X2 / Match Winner,Away,2.8,,,LOST,
2026-04-06T14:00:00+00:00,Championship,Bristol City,Sheffield Utd,1X2 / Match Winner,Away,2.16,,,LOST,
2026-04-06T14:00:00+00:00,Championship,Derby,Stoke City,1X2 / Match Winner,Draw,3.35,,,LOST,
2026-04-06T14:00:00+00:00,Championship,Ipswich,Birmingham,Asian Handicap,Home +0,1.34,,,WON,
2026-04-06T14:00:00+00:00,Championship,Preston,QPR,1X2 / Match Winner,Away,2.92,,,LOST,
2026-04-06T14:00:00+00:00,Championship,Watford,Charlton,1X2 / Match Winner,Draw,3.6,,,WON,
2026-04-06T14:00:00+00:00,Erste Liga,Floridsdorfer AC,First Vienna,Over/Under Goals,Under 3.5,1.23,,,WON,
2026-04-06T14:00:00+00:00,First League,FC UFA,Torpedo Moskva,Over/Under Goals,Over 1.5,1.36,,,WON,
2026-04-06T14:00:00+00:00,First League,Septemvri Sofia,Botev Vratsa,Team Total Goals,Over 0.5,1.3,,,LOST,
2026-04-06T14:00:00+00:00,Jupiler Pro League,RAAL La Louvière,Dender,Asian Handicap,Away -1.25,1.4,,,WON,
2026-04-06T14:00:00+00:00,League Two,Barrow,Chesterfield,1X2 / Match Winner,Away,2.16,,,WON,
2026-04-06T14:00:00+00:00,League Two,Cheltenham,Cambridge United,1X2 / Match Winner,Away,1.83,,,LOST,
2026-04-06T14:00:00+00:00,League Two,Crewe,Salford City,1X2 / Match Winner,Draw,3.35,,,LOST,
2026-04-06T14:00:00+00:00,League Two,Fleetwood Town,Barnet,1X2 / Match Winner,Draw,3.25,,,LOST,
2026-04-06T14:00:00+00:00,League Two,Gillingham,Accrington ST,1X2 / Match Winner,Draw,3.35,,,LOST,
2026-04-06T14:00:00+00:00,League Two,Oldham,Milton Keynes Dons,Asian Handicap,Home +0,2.08,,,WON,
2026-04-06T14:00:00+00:00,League Two,Swindon Town,Walsall,1X2 / Match Winner,Draw,3.4,,,LOST,
2026-04-06T14:00:00+00:00,League Two,Tranmere,Colchester,Double Chance,Home/Draw,1.7,,,LOST,
2026-04-06T14:00:00+00:00,Liga Leumit,Hapoel Acre,Maccabi Herzliya,Team Total Goals,Over 0.5,1.25,,,WON,
2026-04-06T14:00:00+00:00,Liga Leumit,Hapoel Afula,Ironi Modi'in,Double Chance,Draw/Away,1.5,,,WON,
2026-04-06T14:00:00+00:00,National League,Brackley Town,Boston United,Over/Under Goals,Under 3.5,1.33,,,WON,
2026-04-06T14:00:00+00:00,National League,Braintree,Woking,Team Total Goals,Over 0.5,1.17,,,LOST,
2026-04-06T14:00:00+00:00,National League,Eastleigh,Yeovil Town,Double Chance,Home/Draw,1.4,,,WON,
2026-04-06T14:00:00+00:00,National League,FC Halifax Town,Tamworth,Over/Under Goals,Under 3.5,1.44,,,LOST,
2026-04-06T14:00:00+00:00,National League,Gateshead,Scunthorpe,Over/Under Goals,Under 3.5,1.67,,,WON,
2026-04-06T14:00:00+00:00,National League,Hartlepool,Rochdale,Double Chance,Draw/Away,1.22,,,WON,
2026-04-06T14:00:00+00:00,National League,Morecambe,Carlisle,Over/Under Goals,Over 1.5,1.15,,,WON,
2026-04-06T14:00:00+00:00,National League,Solihull Moors,Boreham Wood,Over/Under Goals,Over 1.5,1.15,,,WON,
2026-04-06T14:00:00+00:00,National League,Sutton Utd,Southend,Double Chance,Draw/Away,1.22,,,WON,
2026-04-06T14:00:00+00:00,National League,Truro City,Forest Green,Over/Under Goals,Under 3.5,1.44,,,WON,
2026-04-06T14:00:00+00:00,Non League Premier - Northern,Bamber Bridge,Lancaster City,Double Chance,Draw/Away,1.53,,,WON,
2026-04-06T14:00:00+00:00,Non League Premier - Northern,Gainsborough Trinity,Guiseley AFC,Over/Under Goals,Under 3.5,1.21,,,WON,
2026-04-06T14:00:00+00:00,Non League Premier - Northern,Hebburn Town,Stockton Town,Asian Handicap,Home +0,1.54,,,WON,
2026-04-06T14:00:00+00:00,Non League Premier - Northern,Hyde United,Ashton United,Asian Handicap,Home +0,1.4,,,WON,
2026-04-06T14:00:00+00:00,Non League Premier - Northern,Morpeth Town,Whitby Town,Over/Under Goals,Under 3.5,1.26,,,WON,
2026-04-06T14:00:00+00:00,Non League Premier - Northern,Rushall Olympic,Ilkeston Town,Over/Under Goals,Under 3.5,1.24,,,WON,
2026-04-06T14:00:00+00:00,Non League Premier - Northern,Stocksbridge Park Steels,Leek Town,Over/Under Goals,Under 3.5,1.26,,,WON,
2026-04-06T14:00:00+00:00,Non League Premier - Northern,United of Manchester,Hednesford Town,Over/Under Goals,Over 1.5,1.26,,,WON,
2026-04-06T14:00:00+00:00,Non League Premier - Northern,Warrington Town,Rylands,Double Chance,Draw/Away,1.4,,,WON,
2026-04-06T14:00:00+00:00,Non League Premier - Northern,Workington,Cleethorpes Town,Over/Under Goals,Under 3.5,1.2,,,WON,
2026-04-06T14:00:00+00:00,Non League Premier - Southern Central,AFC Sudbury,Needham Market,Result + Total Goals,Away/Over 1.5,1.43,,,WON,
2026-04-06T14:00:00+00:00,Non League Premier - Southern Central,Barwell,Spalding United,1X2 / Match Winner,Away,1.42,,,WON,
2026-04-06T14:00:00+00:00,Non League Premier - Southern Central,Bromsgrove Sporting,Halesowen Town,Over/Under Goals,Under 3.5,1.44,,,WON,
2026-04-06T14:00:00+00:00,Non League Premier - Southern Central,Harborough Town,Banbury United,Over/Under Goals,Under 3.5,1.36,,,LOST,
2026-04-06T14:00:00+00:00,Non League Premier - Southern Central,Leiston,Bury Town,Over/Under Goals,Over 1.5,1.18,,,WON,
2026-04-06T14:00:00+00:00,Non League Premier - Southern Central,Real Bedford,Bishop's Stortford,1X2 / Match Winner,Home,1.5,,,WON,
2026-04-06T14:00:00+00:00,Non League Premier - Southern Central,Stamford,Quorn,Over/Under Goals,Under 3.5,1.4,,,WON,
2026-04-06T14:00:00+00:00,Non League Premier - Southern Central,Stourbridge,Alvechurch,Over/Under Goals,Over 2.5,1.8,,,LOST,
2026-04-06T14:00:00+00:00,Non League Premier - Southern Central,Stratford Town,Kettering Town,Over/Under Goals,Over 2.5,1.6,,,LOST,
2026-04-06T14:00:00+00:00,Non League Premier - Southern South,Basingstoke Town,Sholing,Double Chance,Home/Draw,1.67,,,WON,
2026-04-06T14:00:00+00:00,Non League Premier - Southern South,Berkhamsted,Hungerford Town,1X2 / Match Winner,Home,1.6,,,WON,
2026-04-06T14:00:00+00:00,Non League Premier - Southern South,Farnham Town,Bracknell Town,Over/Under Goals,Under 3.5,1.66,,,LOST,
2026-04-06T14:00:00+00:00,Non League Premier - Southern South,Gloucester City,Taunton Town,1X2 / Match Winner,Home,1.41,,,LOST,
2026-04-06T14:00:00+00:00,Non League Premier - Southern South,Havant & Wville,Gosport Borough,Over/Under Goals,Under 3.5,1.43,,,LOST,
2026-04-06T14:00:00+00:00,Non League Premier - Southern South,Poole Town,Wimborne Town,Over/Under Goals,Under 3.5,1.41,,,WON,
2026-04-06T14:00:00+00:00,Non League Premier - Southern South,Tiverton Town,Plymouth Parkway,Asian Handicap,Home +1.25,1.41,,,WON,
2026-04-06T14:00:00+00:00,Non League Premier - Southern South,Uxbridge,Hanwell Town,Asian Handicap,Home +0,1.52,,,WON,
2026-04-06T14:00:00+00:00,Non League Premier - Southern South,Walton & Hersham,Chertsey Town,1X2 / Match Winner,Home,1.42,,,LOST,
2026-04-06T14:00:00+00:00,Non League Premier - Southern South,Weymouth,Dorchester Town,Over/Under Goals,Under 3.5,1.48,,,WON,
2026-04-06T14:00:00+00:00,Superligaen,Odense,FC Fredericia,Team Total Goals,Under 2.5,1.44,,,WON,
2026-04-06T14:30:00+00:00,Allsvenskan,Gais,Djurgardens IF,Asian Handicap,Home +0,1.65,,,LOST,
2026-04-06T14:30:00+00:00,Liga I,Petrolul Ploiesti,Csikszereda,Over/Under Goals,Under 3.5,1.22,,,WON,
2026-04-06T14:30:00+00:00,Super League,FC ST. Gallen,FC Zurich,Team Total Goals,Under 2.5,1.62,,,WON,
2026-04-06T14:30:00+00:00,Super League,Servette FC,FC Luzern,Over/Under Goals,Over 1.5,1.15,,,WON,
2026-04-06T14:45:00+00:00,Eerste Divisie,ADO Den Haag,FC Eindhoven,Over/Under Goals,Under 3.5,1.69,,,LOST,
2026-04-06T14:45:00+00:00,Eerste Divisie,Cambuur,Dordrecht,1X2 / Match Winner,Home,1.66,,,LOST,
2026-04-06T14:45:00+00:00,Eerste Divisie,De Graafschap,Jong AZ,Over/Under Goals,Over 2.5,1.24,,,WON,
2026-04-06T14:45:00+00:00,Eerste Divisie,Emmen,MVV,BTTS,Yes,1.47,,,WON,
2026-04-06T14:45:00+00:00,Eerste Divisie,FC OSS,Jong Utrecht,Over/Under Goals,Under 3.5,1.56,,,LOST,
2026-04-06T14:45:00+00:00,Eerste Divisie,Roda,Willem II,Over/Under Goals,Under 3.5,1.68,,,WON,
2026-04-06T14:45:00+00:00,Eerste Divisie,Vitesse,Jong Ajax,Asian Handicap,Away -1.25,1.61,,,LOST,
2026-04-06T15:00:00+00:00,Eliteserien,Ham-Kam,Brann,Over/Under Goals,Over 1.5,1.22,,,WON,
2026-04-06T15:00:00+00:00,Eliteserien,Kristiansund BK,Bodo/Glimt,Team Total Goals,Over 1.5,1.25,,,WON,
2026-04-06T15:00:00+00:00,Eliteserien,Molde,Lillestrom,BTTS,Yes,1.44,,,LOST,
2026-04-06T15:00:00+00:00,Eliteserien,Sarpsborg 08 FF,Start,Over/Under Goals,Over 1.5,1.17,,,WON,
2026-04-06T15:00:00+00:00,Erste Liga,SKN ST. Polten,Austria Klagenfurt,Over/Under Goals,Over 2.5,1.6,,,LOST,
2026-04-06T15:00:00+00:00,Erste Liga,Schwarz-Weiß Bregenz,Sturm Graz II,Asian Handicap,Home +0.25,1.51,,,LOST,
2026-04-06T15:00:00+00:00,Premier League,Epitsentr Dunayivtsi,Kudrivka,Over/Under Goals,Under 3.5,1.33,,,WON,
2026-04-06T15:00:00+00:00,Premier League,Kahraba Ismailia,Petrojet,Over/Under Goals,Under 3.5,1.2,,,WON,
2026-04-06T15:15:00+00:00,Serie B,Sampdoria,Empoli,Over/Under Goals,Under 3.5,1.22,,,WON,
2026-04-06T15:30:00+00:00,Ekstraklasa,Pogon Szczecin,Legia Warszawa,Over/Under Goals,Under 3.5,1.42,,,WON,
2026-04-06T15:30:00+00:00,Premier Soccer League,Amazulu,Sekhukhune United,Double Chance,Home/Draw,1.44,,,WON,
2026-04-06T16:00:00+00:00,1. Division,Akritas,Krasava Ypsonas,Double Chance,Draw/Away,1.4,,,WON,
2026-04-06T16:00:00+00:00,FA Women's Cup,Birmingham City W,Manchester City W,Team Total Goals,Over 1.5,1.17,,,LOST,
2026-04-06T16:00:00+00:00,Premier Division,Bohemians,Waterford,Over/Under Goals,Over 2.5,1.55,,,LOST,
2026-04-06T16:00:00+00:00,Premier Division,Drogheda United,Galway United,Asian Handicap,Home +0.25,1.46,,,LOST,
2026-04-06T16:00:00+00:00,Premier Division,Dundalk,St Patrick's Athl.,Over/Under Goals,Over 1.5,1.38,,,WON,
2026-04-06T16:00:00+00:00,Premier Division,Shamrock Rovers,Shelbourne,Asian Handicap,Home +0,1.5,,,WON,
2026-04-06T16:00:00+00:00,Premier Division,Sligo Rovers,Derry City,Over/Under Goals,Under 3.5,1.28,,,WON,
2026-04-06T16:00:00+00:00,Premier League 2 Division One,Blackburn Rovers U21,Aston Villa U21,Double Chance,Home/Draw,1.6,,,LOST,
2026-04-06T16:00:00+00:00,Serie A,Juventus,Genoa,Over/Under Goals,Under 3.5,1.3,,,WON,
2026-04-06T16:00:00+00:00,Superligaen,Viborg,Aarhus,Over/Under Goals,Over 1.5,1.22,,,WON,
2026-04-06T16:30:00+00:00,Championship,Swansea,Middlesbrough,Team Total Goals,Under 2.5,1.22,,,WON,
2026-04-06T16:30:00+00:00,Jupiler Pro League,Gent,KV Mechelen,Over/Under Goals,Over 1.5,1.2,,,WON,
2026-04-06T16:30:00+00:00,Premier League,FC Sochi,Rubin,Over/Under Goals,Over 1.5,1.41,,,LOST,
2026-04-06T17:00:00+00:00,Primera División Femenina,Barcelona W,FC Levante Badalona,BTTS,Yes,2.1,,,LOST,
2026-04-06T17:00:00+00:00,Segunda Division,Castellón,Granada CF,Over/Under Goals,Over 1.5,1.28,,,WON,
2026-04-06T17:00:00+00:00,Super Lig,Kocaelispor,Başakşehir,Over/Under Goals,Under 3.5,1.3,,,WON,
2026-04-06T17:15:00+00:00,Eliteserien,Tromso,Rosenborg,1X2 / Match Winner,Home,1.58,,,WON,
2026-04-06T17:30:00+00:00,Liga I,Universitatea Craiova,CFR 1907 Cluj,Over/Under Goals,Under 3.5,1.25,,,WON,
2026-04-06T17:30:00+00:00,Ligat Ha'al,Hapoel Tel Aviv,Maccabi Haifa,Double Chance,Home/Draw,1.48,,,WON,
2026-04-06T17:30:00+00:00,Serie B,Carrarese,Spezia,Over/Under Goals,Over 2.5,2.0,,,WON,
2026-04-06T17:45:00+00:00,Primeira Liga,Arouca,Estoril,Over/Under Goals,Under 3.5,1.4,,,LOST,
2026-04-06T18:00:00+00:00,Eerste Divisie,Jong PSV U21,VVV Venlo,Over/Under Goals,Under 2.5,3.2,,,WON,
2026-04-06T18:00:00+00:00,Premier League 2 Division One,Derby County U21,Sunderland U21,Team Total Goals,Over 0.5,1.17,,,WON,
2026-04-06T18:00:00+00:00,Premier League,Masr,El Mokawloon,Double Chance,Draw/Away,1.53,,,WON,
2026-04-06T18:15:00+00:00,Ekstraklasa,Lechia Gdansk,Korona Kielce,Over/Under Goals,Over 1.5,1.25,,,WON,
2026-04-06T18:30:00+00:00,Segunda Division,Sporting Gijon,Real Sociedad II,Over/Under Goals,Under 3.5,1.38,,,WON,
2026-04-06T18:45:00+00:00,Ligue 2,Le Mans,PAU,Asian Handicap,Home +0,1.42,,,WON,
2026-04-06T18:45:00+00:00,Serie A,Napoli,AC Milan,Asian Handicap,Away -0.5,1.5,,,LOST,
2026-04-06T19:00:00+00:00,Botola Pro,Wydad AC,Difaa EL Jadida,Over/Under Goals,Under 3.5,1.28,,,WON,
2026-04-06T19:00:00+00:00,Championship,Hull City,Coventry,Over/Under Goals,Over 1.5,1.25,,,LOST,
2026-04-06T19:00:00+00:00,La Liga,Girona,Villarreal,Double Chance,Home/Draw,1.65,,,WON,
2026-04-06T19:45:00+00:00,Primeira Liga,Casa Pia,Benfica,Team Total Goals,Over 0.5,1.91,,,WON,
2026-04-06T20:00:00+00:00,Primera Division,FC Cajamarca,Club Deportivo Los Chankas,Team Total Goals,Over 0.5,1.25,,,WON,
2026-04-06T22:00:00+00:00,Primera Division,Argentinos JRS,Banfield,Asian Handicap,Away -1.25,1.65,,,WON,
2026-04-06T23:00:00+00:00,Division Profesional - Apertura,Sportivo Trinidense,Rubio NU,Double Chance,Draw/Away,1.65,,,LOST,
2026-04-06T23:00:00+00:00,Serie C,Santa Cruz,AO Itabaiana,Asian Handicap,Home +0,1.4,,,WON,
2026-04-06T23:00:00+00:00,Serie C,Ypiranga-RS,Figueirense,Double Chance,Draw/Away,1.57,,,WON,
2026-04-07T00:00:00+00:00,Primera Division,Huachipato,Universidad de Concepcion,Over/Under Goals,Under 3.5,1.33,,,LOST,
2026-04-07T00:00:00+00:00,Serie B,Goias,Criciuma,Over/Under Goals,Under 3.5,1.18,,,WON,
2026-04-07T01:10:00+00:00,Primera A,Atletico Nacional,Jaguares,Over/Under Goals,Under 3.5,1.57,,,WON,
2026-04-07T09:00:00+00:00,A-League,Melbourne City,Central Coast Mariners,Over/Under Goals,Under 3.5,1.38,,,WON,
2026-04-07T11:00:00+00:00,Erovnuli Liga 2,Aragvi Dusheti,Shturmi,Over/Under Goals,Over 1.5,1.3,,,WON,
2026-04-07T11:00:00+00:00,Erovnuli Liga 2,Gareji,Sioni,Over/Under Goals,Under 3.5,1.4,,,WON,
2026-04-07T11:00:00+00:00,Erovnuli Liga 2,Kolkheti Poti,Merani Martvili,Double Chance,Draw/Away,1.55,,,LOST,
2026-04-07T11:00:00+00:00,Liga Leumit,Hapoel Kfar Shalem,Hapoel Ramat Gan,Double Chance,Draw/Away,1.55,,,LOST,
2026-04-07T11:00:00+00:00,Liga Leumit,Hapoel Ra'anana,Maccabi Petah Tikva,Result + Total Goals,Away/Over 1.5,1.63,,,WON,
2026-04-07T11:00:00+00:00,Professional Development League,Swansea City U21,Peterborough United U21,BTTS,Yes,1.22,,,WON,
2026-04-07T11:30:00+00:00,TFF 1. Lig,Bandırmaspor,Sarıyer,1X2 / Match Winner,Draw,3.35,,,WON,
2026-04-07T11:30:00+00:00,TFF 1. Lig,Hatayspor,Adana Demirspor,1X2 / Match Winner,Home,1.62,,,WON,
2026-04-07T12:00:00+00:00,Professional Development League,Coventry City U21,Huddersfield Town U21,Double Chance,Draw/Away,1.65,,,WON,
2026-04-07T12:00:00+00:00,Professional Development League,Crewe Alexandra U21,Barnsley U21,Double Chance,Home/Draw,1.62,,,WON,
2026-04-07T12:00:00+00:00,Professional Development League,Fleetwood Town U21,AFC Bournemouth U21,Team Total Goals,Under 2.5,1.18,,,WON,
2026-04-07T12:00:00+00:00,Professional Development League,Wigan Athletic U21,Sheffield Wednesday U21,Team Total Goals,Under 2.5,1.18,,,WON,
2026-04-07T13:30:00+00:00,First League,Bashkimi Kumanovo,Akademija Pandev,Double Chance,Home/Draw,1.17,,,WON,
2026-04-07T13:30:00+00:00,First League,Tikveš,Sileks,Asian Handicap,Home +0,1.43,,,LOST,
2026-04-07T13:45:00+00:00,Prva HNL,Vukovar,NK Lokomotiva Zagreb,Over/Under Goals,Under 3.5,1.33,,,WON,
2026-04-07T14:00:00+00:00,TFF 1. Lig,Manisa F.K.,Pendikspor,Team Total Goals,Over 0.5,1.18,,,LOST,
2026-04-07T15:00:00+00:00,Erovnuli Liga 2,Telavi,Samtredia,Over/Under Goals,Under 3.5,1.2,,,WON,
2026-04-07T15:00:00+00:00,Premier League,Smouha SC,Enppi,Over/Under Goals,Over 1.5,1.7,,,WON,
2026-04-07T16:00:00+00:00,Meistriliiga,Flora Tallinn,Kuressaare,1X2 / Match Winner,Home,1.26,,,WON,
2026-04-07T16:00:00+00:00,Meistriliiga,Trans Narva,Tammeka,Over/Under Goals,Over 1.5,1.17,,,WON,
2026-04-07T16:00:00+00:00,Prva HNL,Istra 1961,HNK Hajduk Split,Double Chance,Draw/Away,1.15,,,WON,
2026-04-07T17:00:00+00:00,3. Liga,Energie Cottbus,TSV 1860 München,Over/Under Goals,Under 3.5,1.5,,,WON,
2026-04-07T17:00:00+00:00,3. Liga,FC Schweinfurt 05,Rot-Weiß Essen,Over/Under Goals,Over 2.5,1.48,,,WON,
2026-04-07T17:00:00+00:00,3. Liga,MSV Duisburg,VfL Osnabrück,Double Chance,Draw/Away,1.45,,,LOST,
2026-04-07T17:00:00+00:00,3. Liga,SSV Jahn Regensburg,Erzgebirge Aue,Over/Under Goals,Over 1.5,1.18,,,LOST,
2026-04-07T17:00:00+00:00,3. Liga,Waldhof Mannheim,Hoffenheim II,Over/Under Goals,Over 1.5,1.17,,,WON,
2026-04-07T17:00:00+00:00,Ekstraklasa,Arka Gdynia,Zaglebie Lubin,Over/Under Goals,Under 3.5,1.25,,,LOST,
2026-04-07T17:00:00+00:00,Eliteserien,Aalesund,Fredrikstad,BTTS,Yes,1.62,,,WON,
2026-04-07T17:00:00+00:00,Eliteserien,KFUM Oslo,Sandefjord,Asian Handicap,Home +0.25,1.4,,,LOST,
2026-04-07T17:00:00+00:00,Erovnuli Liga,Torpedo Kutaisi,Dinamo Tbilisi,Over/Under Goals,Under 3.5,1.26,,,WON,
2026-04-07T17:00:00+00:00,Segunda Liga,Vizela,Benfica B,Over/Under Goals,Under 3.5,1.33,,,WON,
2026-04-07T17:00:00+00:00,Superettan,Oddevold,Sandviken,Double Chance,Draw/Away,1.67,,,WON,
2026-04-07T17:00:00+00:00,Superligaen,FC Nordsjaelland,Brondby,Asian Handicap,Home +0,1.55,,,WON,
2026-04-07T17:00:00+00:00,TFF 1. Lig,Çorum FK,Bodrum FK,Double Chance,Home/Draw,1.22,,,WON,
2026-04-07T17:30:00+00:00,Premier Soccer League,Chippa United,Siwelele,Over/Under Goals,Over 1.5,1.67,,,LOST,
2026-04-07T17:30:00+00:00,Premier Soccer League,Durban City,Mamelodi Sundowns,Over/Under Goals,Over 1.5,1.45,,,LOST,
2026-04-07T17:30:00+00:00,Premier Soccer League,Magesi,Marumo Gallants,Over/Under Goals,Over 1.5,1.65,,,WON,
2026-04-07T17:30:00+00:00,Premier Soccer League,Orlando Pirates,Golden Arrows,Over/Under Goals,Over 1.5,1.25,,,WON,
2026-04-07T17:30:00+00:00,Premier Soccer League,Richards Bay,Stellenbosch,Double Chance,Draw/Away,1.36,,,LOST,
2026-04-07T18:00:00+00:00,Premier League,Ceramica Cleopatra,Al Ahly,Team Total Goals,Over 0.5,1.65,,,WON,
2026-04-07T18:45:00+00:00,League One,Montrose,Cove Rangers,Over/Under Goals,Over 1.5,1.23,,,WON,
2026-04-07T18:45:00+00:00,League One,Port Vale,Rotherham,Over/Under Goals,Under 3.5,1.3,,,WON,
2026-04-07T19:00:00+00:00,Championship,Wrexham,Southampton,Over/Under Goals,Over 1.5,1.25,,,WON,
2026-04-07T19:00:00+00:00,League Two,Bromley,Shrewsbury,Double Chance,Home/Draw,1.17,,,WON,
2026-04-07T19:00:00+00:00,UEFA Champions League,Real Madrid,Bayern München,Over/Under Goals,Over 1.5,1.16,,,WON,
2026-04-07T19:00:00+00:00,UEFA Champions League,Sporting CP,Arsenal,Asian Handicap,Home +1.25,1.42,,,WON,
2026-04-07T21:00:00+00:00,Copa Presidente,Dragón,FAS,1X2 / Match Winner,Away,1.41,,,WON,
2026-04-07T21:00:00+00:00,Primera A,Rionegro Aguilas,Bucaramanga,Over/Under Goals,Under 3.5,1.18,,,WON,
2026-04-07T22:00:00+00:00,CONMEBOL Libertadores,Deportivo La Guaira,Fluminense,Asian Handicap,Home +1.25,1.45,,,WON,
2026-04-07T22:00:00+00:00,CONMEBOL Libertadores,Independ. Rivadavia,Bolívar,Team Total Goals,Over 0.5,1.6,,,LOST,
2026-04-07T22:00:00+00:00,CONMEBOL Sudamericana,Barracas Central,Vasco DA Gama,Double Chance,Draw/Away,1.42,,,WON,
2026-04-07T22:00:00+00:00,CONMEBOL Sudamericana,Independiente Petrolero,Racing Club,Double Chance,Draw/Away,1.17,,,WON,
2026-04-07T23:00:00+00:00,Liga de Expansión MX,Tapatío,Tlaxcala,Team Total Goals,Over 0.5,1.17,,,WON,
2026-04-08T00:00:00+00:00,CONCACAF Champions League,Nashville SC,Club America,Over/Under Goals,Over 1.5,1.4,,,LOST,
2026-04-08T00:00:00+00:00,CONMEBOL Libertadores,Always Ready,LDU de Quito,Double Chance,Home/Draw,1.45,,,LOST,
2026-04-08T00:00:00+00:00,CONMEBOL Libertadores,Barcelona SC,Cruzeiro,Over/Under Goals,Under 3.5,1.18,,,WON,
2026-04-08T00:00:00+00:00,CONMEBOL Sudamericana,O'Higgins,Millonarios,Over/Under Goals,Over 1.5,1.48,,,WON,
2026-04-08T00:00:00+00:00,Liga MX,Club Queretaro,FC Juarez,Over/Under Goals,Under 3.5,1.25,,,WON,
2026-04-08T00:30:00+00:00,CONMEBOL Libertadores,U. Catolica,Boca Juniors,Asian Handicap,Home +0.5,1.65,,,LOST,
2026-04-08T00:30:00+00:00,CONMEBOL Sudamericana,Boston River,Sao Paulo,Over/Under Goals,Under 3.5,1.2,,,WON,
2026-04-08T02:00:00+00:00,CONCACAF Champions League,Los Angeles FC,Cruz Azul,Over/Under Goals,Under 3.5,1.22,,,WON,
2026-04-08T02:00:00+00:00,CONMEBOL Libertadores,Deportes Tolima,Universitario,1X2 / Match Winner,Draw,3.1,,,WON,
2026-04-08T02:00:00+00:00,CONMEBOL Sudamericana,Alianza Atletico,Tigre,Asian Handicap,Home +0.5,1.67,,,WON,
2026-04-08T09:00:00+00:00,New South Wales NPL 2,Mt Druitt Town,Bulls Academy,Over/Under Goals,Over 2.5,1.4,,,LOST,
2026-04-08T10:00:00+00:00,AFC Cup,Gamba Osaka,Bangkok United,Over/Under Goals,Over 1.5,1.16,,,LOST,
2026-04-08T10:00:00+00:00,Premier League,Ethiopia Bunna,Sheger Ketema,Over/Under Goals,Over 1.5,1.48,,,WON,
2026-04-08T11:00:00+00:00,1. Liga U19,Slavia Praha U19,Baník Ostrava U19,Double Chance,Draw/Away,1.5,,,LOST,
2026-04-08T11:00:00+00:00,2. Lig,İnegölspor,Elazığspor,1X2 / Match Winner,Draw,3.6,,,WON,
2026-04-08T11:30:00+00:00,TFF 1. Lig,Serik Spor,Vanspor FK,Double Chance,Home/Draw,1.53,,,LOST,
2026-04-08T12:00:00+00:00,2. Lig,Ankaraspor,Batman Petrolspor,1X2 / Match Winner,Away,1.68,,,WON,
2026-04-08T12:00:00+00:00,2. Lig,Beykoz Anadolu,Altınordu,Over/Under Goals,Under 3.5,1.24,,,WON,
2026-04-08T12:00:00+00:00,2. Lig,Bucaspor 1928,Beyoğlu Yeni Çarşı,1X2 / Match Winner,Away,1.4,,,LOST,
2026-04-08T12:00:00+00:00,2. Lig,Kastamonuspor,Karaman FK,Over/Under Goals,Under 3.5,1.65,,,LOST,
2026-04-08T12:00:00+00:00,2. Lig,İskenderunspor,24 Erzincanspor,Double Chance,Home/Draw,1.17,,,WON,
2026-04-08T12:00:00+00:00,First League,Bokelj,Petrovac,Over/Under Goals,Under 3.5,1.17,,,WON,
2026-04-08T12:00:00+00:00,First League,Mladost DG,Dečić,Over/Under Goals,Under 3.5,1.17,,,WON,
2026-04-08T12:00:00+00:00,Premier League,Ethiopia Nigd Bank,Mekelle Kenema,Over/Under Goals,Over 1.5,1.48,,,WON,
2026-04-08T12:00:00+00:00,Professional Development League,Hull City U21,Bristol City U21,Double Chance,Draw/Away,1.67,,,LOST,
2026-04-08T12:00:00+00:00,Second League,Internacional Podgorica,Otrant-Olympic,Over/Under Goals,Over 2.5,1.5,,,LOST,
2026-04-08T13:00:00+00:00,2. Lig,Kepezspor,Ankaragücü,Over/Under Goals,Under 3.5,1.35,,,LOST,
2026-04-08T13:00:00+00:00,2. Lig,Muğlaspor,Karacabey Belediyespor,Over/Under Goals,Under 3.5,1.24,,,WON,
2026-04-08T13:00:00+00:00,First League,Buducnost Podgorica,Jezero,Over/Under Goals,Over 1.5,1.28,,,WON,
2026-04-08T13:00:00+00:00,First League,Jedinstvo,Arsenal Tivat,Asian Handicap,Home +0.25,1.48,,,LOST,
2026-04-08T13:00:00+00:00,Premier League,Kedus Giorgis,Mebrat Hayl,Double Chance,Draw/Away,1.67,,,LOST,
2026-04-08T13:00:00+00:00,Second League,Berane,Iskra,Double Chance,Draw/Away,1.57,,,LOST,
2026-04-08T13:00:00+00:00,Super League 1,Larisa,Panetolikos,Over/Under Goals,Under 3.5,1.2,,,WON,
2026-04-08T13:00:00+00:00,Super League,Kabwe Warriors,Mufulira Wanderers,Double Chance,Home/Draw,1.22,,,WON,
2026-04-08T13:30:00+00:00,First League,FK Rabotnicki,Shkendija,Asian Handicap,Home +1.25,1.43,,,LOST,
2026-04-08T13:30:00+00:00,Second League,Kom,Igalo,1X2 / Match Winner,Home,1.46,,,WON,
2026-04-08T14:00:00+00:00,1st League - FBiH,TOŠK Tešanj,Stupčanica Olovo,Team Total Goals,Over 0.5,1.42,,,WON,
2026-04-08T14:00:00+00:00,1st League - FBiH,Vitez,Jedinstvo Bihać,Asian Handicap,Home +0.25,1.17,,,WON,
2026-04-08T14:00:00+00:00,3. liga - Center,Námestovo,Podkonice,Over/Under Goals,Under 3.5,1.5,,,WON,
2026-04-08T14:00:00+00:00,Coppa Italia Primavera,Sassuolo U20,Atalanta U20,Double Chance,Draw/Away,1.45,,,WON,
2026-04-08T14:00:00+00:00,Liga Revelação U23,Rio Ave U23,Marítimo U23,Over/Under Goals,Under 3.5,1.4,,,LOST,
2026-04-08T14:00:00+00:00,Liga Revelação U23,União Leiria U23,Portimonense U23,Asian Handicap,Home +0,1.49,,,WON,
2026-04-08T14:00:00+00:00,Second League,Lovćen,Mladost Lješkopolje,Team Total Goals,Over 0.5,1.47,,,WON,
2026-04-08T14:00:00+00:00,Second League,Rudar,Grbalj,Double Chance,Home/Draw,1.5,,,LOST,
2026-04-08T14:00:00+00:00,Super League 1,Panserraikos,Asteras Tripolis,Double Chance,Home/Draw,1.53,,,WON,
2026-04-08T14:00:00+00:00,TFF 1. Lig,Iğdır FK,Keçiörengücü,Double Chance,Draw/Away,1.7,,,WON,
2026-04-08T14:30:00+00:00,1. Liga Promotion,Lugano II,Zürich II,BTTS,Yes,1.4,,,LOST,
2026-04-08T14:30:00+00:00,Cup,Radnik Bijeljina,Zrinjski,Over/Under Goals,Under 3.5,1.25,,,WON,
2026-04-08T14:30:00+00:00,First League,Mornar,Sutjeska,Over/Under Goals,Over 1.5,1.39,,,WON,
2026-04-08T15:00:00+00:00,First League,Montana,CSKA Sofia,Over/Under Goals,Under 2.5,1.85,,,WON,
2026-04-08T15:00:00+00:00,Premier League,Suhul Shire,Dire Dawa Kenema,Asian Handicap,Away -0.25,1.55,,,WON,
2026-04-08T15:00:00+00:00,Premier League,Wadi Degla,Pharco,BTTS,No,1.44,,,WON,
2026-04-08T15:00:00+00:00,Super Liga,TSC Backa Topola,IMT Novi Beograd,Over/Under Goals,Under 3.5,1.27,,,LOST,
2026-04-08T15:55:00+00:00,Pro League,Al-Fayha,Al-Ahli Jeddah,Over/Under Goals,Over 1.5,1.25,,,WON,
2026-04-08T16:00:00+00:00,Cup,Dinamo Tirana,Vllaznia Shkodër,Over/Under Goals,Under 2.5,1.5,,,WON,
2026-04-08T16:00:00+00:00,Cup,Egnatia Rrogozhinë,AF Elbasani,1X2 / Match Winner,Draw,2.9,,,WON,
2026-04-08T16:00:00+00:00,Cup,Zawisza Bydgoszcz,Gornik Zabrze,Over/Under Goals,Under 3.5,1.42,,,WON,
2026-04-08T16:00:00+00:00,National 2 - Group A,Bayonne,La Roche VF,Over/Under Goals,Under 3.5,1.21,,,WON,
2026-04-08T16:00:00+00:00,Super League 1,Atromitos,Kifisia,Team Total Goals,Over 0.5,1.22,,,LOST,
2026-04-08T16:00:00+00:00,Super Liga,Vojvodina,Radnicki NIS,1X2 / Match Winner,Home,1.57,,,WON,
2026-04-08T16:30:00+00:00,Coppa Italia Primavera,Juventus U20,Parma U20,Over/Under Goals,Under 3.5,1.4,,,WON,
2026-04-08T16:30:00+00:00,GFA League,Brikama United,TMT,Double Chance,Home/Draw,1.17,,,WON,
2026-04-08T16:30:00+00:00,GFA League,Dutch Lions,Real de Banjul,Double Chance,Home/Draw,1.44,,,WON,
2026-04-08T16:30:00+00:00,GFA League,Falcons,Hawks,Double Chance,Draw/Away,1.44,,,WON,
2026-04-08T16:45:00+00:00,Cup,Velež,Sloga Doboj,1X2 / Match Winner,Home,1.4,,,WON,
2026-04-08T17:00:00+00:00,3. Liga,FC Ingolstadt 04,FC Viktoria Köln,Double Chance,Home/Draw,1.4,,,LOST,
2026-04-08T17:00:00+00:00,3. Liga,FC Saarbrücken,Alemannia Aachen,Over/Under Goals,Over 1.5,1.2,,,WON,
2026-04-08T17:00:00+00:00,3. Liga,SV Wehen,Havelse,Over/Under Goals,Over 1.5,1.17,,,WON,
2026-04-08T17:00:00+00:00,3. Liga,Stuttgart II,SSV Ulm 1846,Over/Under Goals,Under 3.5,1.6,,,WON,
2026-04-08T17:00:00+00:00,3. Liga,Verl,Hansa Rostock,Over/Under Goals,Over 1.5,1.18,,,WON,
2026-04-08T17:00:00+00:00,National 2 - Group A,Les Herbiers,Poitiers,Double Chance,Home/Draw,1.16,,,WON,
2026-04-08T17:00:00+00:00,Super Lig,Göztepe,Galatasaray,Over/Under Goals,Under 3.5,1.4,,,LOST,
2026-04-08T17:00:00+00:00,Super Liga,Mladost Lucani,Napredak,Over/Under Goals,Under 3.5,1.2,,,WON,
2026-04-08T17:00:00+00:00,TFF 1. Lig,Ümraniyespor,Sakaryaspor,Over/Under Goals,Under 3.5,1.33,,,WON,
2026-04-08T17:30:00+00:00,First League,Botev Plovdiv,Lokomotiv Plovdiv,Over/Under Goals,Under 2.5,1.7,,,WON,
2026-04-08T17:30:00+00:00,Premier Soccer League,TS Galaxy,Polokwane City,Double Chance,Draw/Away,1.45,,,WON,
2026-04-08T18:00:00+00:00,First League,Pelister,Vardar Skopje,1X2 / Match Winner,Draw,4.2,,,WON,
2026-04-08T18:00:00+00:00,Premier League,Ghazl El Mehalla,El Gouna FC,BTTS,No,1.5,,,WON,
2026-04-08T18:00:00+00:00,Premier League,Haras El Hodood,Future FC,Over/Under Goals,Under 3.5,1.15,,,WON,
2026-04-08T18:00:00+00:00,Pro League,Al-Hilal Saudi FC,Al Kholood,1X2 / Match Winner,Home,1.15,,,WON,
2026-04-08T18:00:00+00:00,Pro League,Al-Ittihad FC,NEOM,Over/Under Goals,Under 3.5,1.5,,,LOST,
2026-04-08T18:45:00+00:00,National League - North,Marine,Hereford,Over/Under Goals,Under 3.5,1.44,,,WON,
2026-04-08T19:00:00+00:00,Liga Revelação U23,Farense U23,Estrela U23,Asian Handicap,Home +0,1.51,,,WON,
2026-04-08T21:00:00+00:00,Copa Sul-Sudeste,Caxias,Juventude,Over/Under Goals,Under 3.5,1.17,,,WON,
2026-04-08T22:00:00+00:00,CONMEBOL Libertadores,Coquimbo Unido,Club Nacional,Asian Handicap,Away -0.5,1.55,,,WON,
2026-04-08T22:00:00+00:00,CONMEBOL Libertadores,Mirassol,Lanus,Over/Under Goals,Under 2.5,1.53,,,WON,
2026-04-08T22:00:00+00:00,CONMEBOL Sudamericana,Deportivo Cuenca,Santos,Over/Under Goals,Under 3.5,1.15,,,WON,
2026-04-08T22:00:00+00:00,CONMEBOL Sudamericana,Deportivo Riestra,Palestino,Double Chance,Draw/Away,1.65,,,WON,
2026-04-08T22:00:00+00:00,Copa Sul-Sudeste,Chapecoense-sc,Avai,Team Total Goals,Over 0.5,1.5,,,WON,
2026-04-08T22:00:00+00:00,Paulista - A2,Sertãozinho,Ferroviária,Over/Under Goals,Over 1.5,1.4,,,LOST,
2026-04-08T22:30:00+00:00,Copa Norte,Trem,Independência,1X2 / Match Winner,Home,1.7,,,WON,
2026-04-08T22:30:00+00:00,Paulista - A2,Votuporanguense,Água Santa,Over/Under Goals,Under 2.5,1.62,,,LOST,
2026-04-08T23:00:00+00:00,Copa Norte,Monte Roraima,Porto Velho,Team Total Goals,Over 0.5,1.28,,,WON,
2026-04-08T23:00:00+00:00,Copa Norte,Remo,Amazonas,Asian Handicap,Away -1.25,1.62,,,WON,
2026-04-09T00:00:00+00:00,CONMEBOL Libertadores,Independiente Medellin,Estudiantes L.P.,Over/Under Goals,Over 1.5,1.53,,,WON,
2026-04-09T00:00:00+00:00,CONMEBOL Sudamericana,A. Italiano,Olimpia,Over/Under Goals,Under 3.5,1.25,,,WON,
2026-04-09T00:00:00+00:00,Liga Pro,Universidad Catolica,Emelec,Over/Under Goals,Under 3.5,1.35,,,WON,
2026-04-09T00:15:00+00:00,Copa Sul-Sudeste,Tombense,America Mineiro,Double Chance,Home/Draw,1.44,,,WON,
2026-04-09T00:30:00+00:00,CONMEBOL Libertadores,Cusco,Flamengo,Over/Under Goals,Over 1.5,1.4,,,WON,
2026-04-09T00:30:00+00:00,CONMEBOL Libertadores,Junior,Palmeiras,Over/Under Goals,Over 1.5,1.4,,,WON,
2026-04-09T00:30:00+00:00,CONMEBOL Sudamericana,Atletico Torque,Gremio,Over/Under Goals,Under 3.5,1.3,,,WON,
2026-04-09T00:30:00+00:00,CONMEBOL Sudamericana,Blooming,River Plate,Over/Under Goals,Under 3.5,1.62,,,WON,
2026-04-09T00:30:00+00:00,Copa Sul-Sudeste,Cianorte,Operario-PR,Over/Under Goals,Under 2.5,1.53,,,WON,
2026-04-09T01:00:00+00:00,CONCACAF Champions League,Tigres UANL,Seattle Sounders,Team Total Goals,Over 0.5,1.53,,,LOST,
2026-04-09T02:00:00+00:00,CONMEBOL Libertadores,Sporting Cristal,Cerro Porteno,Asian Handicap,Home +0,1.7,,,WON,
2026-04-09T02:00:00+00:00,CONMEBOL Sudamericana,Puerto Cabello,Atletico-MG,Over/Under Goals,Under 3.5,1.18,,,WON,
2026-04-09T03:00:00+00:00,CONCACAF Champions League,Toluca,Los Angeles Galaxy,Over/Under Goals,Over 1.5,1.22,,,WON,
2026-04-09T10:00:00+00:00,Premier League,Negelle Arsi,Ethiopian Medhin,Over/Under Goals,Under 2.5,1.36,,,WON,
2026-04-09T12:00:00+00:00,AFC Challenge League,Svay Rieng,Manila Digger,Team Total Goals,Under 2.5,1.68,,,WON,
2026-04-09T12:00:00+00:00,Premier League,Fasil Ketema,Awassa Kenema,Double Chance,Home/Draw,1.44,,,WON,
2026-04-09T12:30:00+00:00,First League,Lokomotiv Sofia,Beroe,1X2 / Match Winner,Home,1.52,,,WON,
2026-04-09T13:00:00+00:00,Premier League,Arba Minch Kenema,Hadiya Hosaena,Double Chance,Draw/Away,1.44,,,WON,
2026-04-09T13:30:00+00:00,First League,Makedonija GjP,Aresimi,Over/Under Goals,Under 2.5,1.85,,,WON,
2026-04-09T13:55:00+00:00,Pro League,Al Wahda FC,Al-Ittihad Kalba,Over/Under Goals,Under 3.5,1.5,,,LOST,
2026-04-09T14:00:00+00:00,TFF 1. Lig,Boluspor,Sivasspor,Double Chance,Draw/Away,1.62,,,WON,
2026-04-09T15:00:00+00:00,First League,Ludogorets,Cherno More Varna,Over/Under Goals,Over 1.5,1.22,,,LOST,
2026-04-09T15:00:00+00:00,Premier League,El Geish,National Bank of Egypt,Double Chance,Home/Draw,1.45,,,WON,
2026-04-09T15:00:00+00:00,Premier League,Kahraba Ismailia,Al Ittihad,Over/Under Goals,Under 3.5,1.18,,,WON,
2026-04-09T15:00:00+00:00,Premier League,Welwalo Adigrat Uni,Welayta Dicha,Double Chance,Draw/Away,1.36,,,WON,
2026-04-09T15:00:00+00:00,Super Liga,Novi Pazar,FK Partizan,Over/Under Goals,Under 3.5,1.33,,,LOST,
2026-04-09T16:00:00+00:00,Pro League,Damac,Al-Qadisiyah FC,Over/Under Goals,Over 1.5,1.2,,,WON,
2026-04-09T16:45:00+00:00,Ligue 1,MC Oran,MB Rouisset,1X2 / Match Winner,Home,1.54,,,WON,
2026-04-09T16:45:00+00:00,UEFA Europa Conference League,Rayo Vallecano,AEK Athens FC,Over/Under Goals,Under 3.5,1.3,,,WON,
2026-04-09T17:00:00+00:00,Super Lig,Rizespor,Samsunspor,Double Chance,Home/Draw,1.5,,,WON,
2026-04-09T17:00:00+00:00,Super Liga,Cukaricki,Radnicki 1923,Over/Under Goals,Under 3.5,1.38,,,WON,
2026-04-09T17:00:00+00:00,Super Liga,OFK Beograd,Radnik Surdulica,Double Chance,Draw/Away,1.67,,,WON,
2026-04-09T17:00:00+00:00,TFF 1. Lig,Esenler Erokspor,Amed,Double Chance,Draw/Away,1.65,,,WON,
2026-04-09T17:00:00+00:00,TFF 1. Lig,İstanbulspor,Erzurumspor FK,Over/Under Goals,Under 3.5,1.29,,,WON,
2026-04-09T17:30:00+00:00,First League,Levski Sofia,Arda Kardzhali,Over/Under Goals,Under 3.5,1.28,,,WON,
2026-04-09T18:00:00+00:00,Premier League,El Mokawloon,Ismaily SC,1X2 / Match Winner,Draw,3.0,,,LOST,
2026-04-09T18:00:00+00:00,Premier League,Petrojet,Masr,Over/Under Goals,Over 1.5,1.58,,,WON,
2026-04-09T18:00:00+00:00,Pro League,Al-Ettifaq,Al Riyadh,Over/Under Goals,Over 1.5,1.25,,,WON,
2026-04-09T19:00:00+00:00,Ligue 1,MC Alger,El Bayadh,Over/Under Goals,Under 2.5,1.7,,,LOST,
2026-04-09T19:00:00+00:00,UEFA Europa Conference League,Crystal Palace,Fiorentina,Team Total Goals,Under 2.5,1.25,,,LOST,
2026-04-09T19:00:00+00:00,UEFA Europa Conference League,FSV Mainz 05,Strasbourg,Over/Under Goals,Under 3.5,1.33,,,WON,
2026-04-09T19:00:00+00:00,UEFA Europa Conference League,Shakhtar Donetsk,AZ Alkmaar,Over/Under Goals,Over 1.5,1.25,,,WON,
2026-04-09T19:00:00+00:00,UEFA Europa League,Bologna,Aston Villa,Over/Under Goals,Under 3.5,1.3,,,LOST,
2026-04-09T19:00:00+00:00,UEFA Europa League,FC Porto,Nottingham Forest,Asian Handicap,Home +0,1.45,,,WON,
2026-04-09T19:00:00+00:00,UEFA Europa League,SC Freiburg,Celta Vigo,Over/Under Goals,Over 1.5,1.36,,,WON,
2026-04-09T22:00:00+00:00,CONMEBOL Libertadores,Rosario Central,Independiente del Valle,Over/Under Goals,Under 3.5,1.18,,,WON,
2026-04-09T22:00:00+00:00,CONMEBOL Libertadores,UCV,Libertad Asuncion,Asian Handicap,Home +0.5,1.57,,,WON,
2026-04-09T22:00:00+00:00,CONMEBOL Sudamericana,Botafogo,Caracas FC,Over/Under Goals,Over 1.5,1.2,,,WON,
2026-04-09T22:00:00+00:00,CONMEBOL Sudamericana,Juventud,Cienciano,Double Chance,Draw/Away,1.67,,,WON,
2026-04-09T23:00:00+00:00,Copa Sul-Sudeste,Novorizontino,São Bernardo,Team Total Goals,Under 2.5,1.18,,,WON,
2026-04-10T00:00:00+00:00,CONMEBOL Libertadores,Platense,Corinthians,BTTS,No,1.5,,,WON,
2026-04-10T00:30:00+00:00,CONMEBOL Sudamericana,Carabobo FC,RB Bragantino,Over/Under Goals,Under 3.5,1.25,,,WON,
2026-04-10T00:30:00+00:00,CONMEBOL Sudamericana,Macara,America de Cali,Over/Under Goals,Under 3.5,1.17,,,WON,
2026-04-10T02:00:00+00:00,CONMEBOL Libertadores,Santa Fe,Penarol,Over/Under Goals,Over 1.5,1.48,,,WON,
2026-04-10T07:30:00+00:00,League Two,Shanghai Port II,Dalian Kewei,Over/Under Goals,Under 2.5,1.55,,,WON,
2026-04-10T07:30:00+00:00,League Two,Tai'an Tiankuang,BIT,Over/Under Goals,Over 1.5,1.32,,,WON,
2026-04-10T08:00:00+00:00,League Two,Guangzhou Dandelion,Jiangxi Liansheng,Double Chance,Draw/Away,1.7,,,LOST,
2026-04-10T08:00:00+00:00,League Two,Xiamen Feilu,Guangdong Mingtu,Over/Under Goals,Under 2.5,1.57,,,LOST,
2026-04-10T08:00:00+00:00,Liga II,CS Afumati,CSM Reşiţa,Over/Under Goals,Under 3.5,1.16,,,WON,
2026-04-10T08:00:00+00:00,Liga II,Concordia,Tunari,Over/Under Goals,Under 3.5,1.37,,,WON,
2026-04-10T08:00:00+00:00,Liga II,Dumbrăviţa,Viitorul Şelimbăr,Over/Under Goals,Under 3.5,1.43,,,WON,
2026-04-10T08:00:00+00:00,Liga II,FC Bacau,CSM Satu Mare,Over/Under Goals,Over 1.5,1.17,,,WON,
2026-04-10T08:00:00+00:00,Liga II,Metalul Buzău,Muscelul Câmpulung Elite,1X2 / Match Winner,Home,1.15,,,WON,
2026-04-10T08:00:00+00:00,Liga II,Politehnica Iasi,ASA Targu Mures,Double Chance,Home/Draw,1.53,,,LOST,
2026-04-10T08:00:00+00:00,Liga II,Slatina,Ceahlăul Piatra Neamţ,Over/Under Goals,Under 3.5,1.42,,,WON,
2026-04-10T09:30:00+00:00,Victoria NPL,St. Albans Saints,Avondale,Over/Under Goals,Over 1.5,1.15,,,WON,
2026-04-10T09:35:00+00:00,A-League,Central Coast Mariners,Brisbane Roar,Over/Under Goals,Under 3.5,1.42,,,LOST,
2026-04-10T10:00:00+00:00,First League,Spartak Varna,Dobrudzha,Over/Under Goals,Under 3.5,1.18,,,WON,
2026-04-10T10:00:00+00:00,Júniores U19,Rio Ave U19,Porto U19,1X2 / Match Winner,Away,1.53,,,WON,
2026-04-10T10:00:00+00:00,New South Wales NPL 2,Prospect United,Inter Lions,Over/Under Goals,Under 3.5,1.44,,,WON,
2026-04-10T10:15:00+00:00,New South Wales NPL 2,Blacktown Spartans,Northern Tigers,Over/Under Goals,Over 2.5,1.57,,,WON,
2026-04-10T10:30:00+00:00,Liga II,Chindia Targoviste,Bihor Oradea,Over/Under Goals,Under 3.5,1.25,,,LOST,
2026-04-10T10:30:00+00:00,Queensland Premier League,Capalaba,Redlands United,Over/Under Goals,Over 2.5,1.4,,,WON,
2026-04-10T11:30:00+00:00,League Two,Nantong Haimen Codion,Changchun Xidu,Over/Under Goals,Under 3.5,1.22,,,LOST,
2026-04-10T11:30:00+00:00,League Two,Shangyu Pterosaur,Yichun Grand Tiger,Over/Under Goals,Under 3.5,1.17,,,WON,
2026-04-10T11:35:00+00:00,Super League,Dalian Zhixing,Hangzhou Greentown,Over/Under Goals,Under 3.5,1.5,,,WON,
2026-04-10T12:00:00+00:00,III Liga - Group 3,Górnik Zabrze II,Warta Gorzów,Over/Under Goals,Over 2.5,1.53,,,WON,
2026-04-10T12:00:00+00:00,Premier League,Bahardar,Adama Kenema,Double Chance,Draw/Away,1.62,,,LOST,
2026-04-10T12:30:00+00:00,First League,CSKA 1948,Botev Vratsa,Over/Under Goals,Under 3.5,1.28,,,WON,
2026-04-10T13:00:00+00:00,Liga II,FC Voluntari,Corvinul Hunedoara,Double Chance,Home/Draw,1.5,,,WON,
2026-04-10T13:00:00+00:00,Premier League,Sidama Bunna,Mekelakeya,Double Chance,Draw/Away,1.45,,,WON,
2026-04-10T13:00:00+00:00,Super League,Kelantan United,Kuala Lumpur FA,Over/Under Goals,Under 3.5,1.4,,,WON,
2026-04-10T13:55:00+00:00,Pro League,Baniyas SC,Sharjah FC,Asian Handicap,Home +0.5,1.7,,,WON,
2026-04-10T13:55:00+00:00,Professional League,Al Nasr,Al-Khabourah,1X2 / Match Winner,Home,1.64,,,WON,
2026-04-10T14:30:00+00:00,3. liga - East,MSK Tesla Stropkov,Snina,Asian Handicap,Away -1.25,1.49,,,WON,
2026-04-10T14:30:00+00:00,First NL,Opatija,Rudes,Over/Under Goals,Under 3.5,1.17,,,WON,
2026-04-10T15:00:00+00:00,First League,Slavia Sofia,Septemvri Sofia,Over/Under Goals,Under 3.5,1.33,,,WON,
2026-04-10T15:00:00+00:00,Ligue 1,Ben Aknoun,ASO Chlef,Double Chance,Draw/Away,1.7,,,LOST,
2026-04-10T15:00:00+00:00,Ligue 1,Mostaganem,Khenchela,Double Chance,Draw/Away,1.33,,,WON,
2026-04-10T15:00:00+00:00,Premier League,Ruh Lviv,Kolos Kovalivka,Double Chance,Draw/Away,1.19,,,WON,
2026-04-10T15:00:00+00:00,Professional League,Smail,Al-Shabab,Over/Under Goals,Over 1.5,1.38,,,WON,
2026-04-10T15:00:00+00:00,Veikkausliiga,Turku PS,Lahti,Over/Under Goals,Under 3.5,1.65,,,WON,
2026-04-10T15:30:00+00:00,Ykkönen,KuPS Akatemia,JJK,Over/Under Goals,Over 2.5,1.4,,,WON,
2026-04-10T15:30:00+00:00,Ykkösliiga,JäPS,Klubi-04,Asian Handicap,Home +0,1.48,,,WON,
2026-04-10T15:30:00+00:00,Ykkösliiga,Kooteepee,MP,Team Total Goals,Under 2.5,1.67,,,WON,
2026-04-10T16:00:00+00:00,Ekstraklasa,Wisla Plock,Lechia Gdansk,Over/Under Goals,Under 3.5,1.35,,,WON,
2026-04-10T16:00:00+00:00,Erste Liga,Austria Klagenfurt,SV Kapfenberg,Over/Under Goals,Over 1.5,1.25,,,LOST,
2026-04-10T16:00:00+00:00,Erste Liga,Rapid Wien II,WSPG Wels,Over/Under Goals,Over 2.5,1.8,,,WON,
2026-04-10T16:00:00+00:00,Erste Liga,SKU Amstetten,Schwarz-Weiß Bregenz,BTTS,Yes,1.65,,,WON,
2026-04-10T16:00:00+00:00,Esiliiga A,Flora II,FC Tallinn,Over/Under Goals,Over 2.5,1.33,,,WON,
2026-04-10T16:00:00+00:00,III Liga - Group 3,Karkonosze Jelenia Góra,Pawłowice Śląskie,Over/Under Goals,Over 2.5,1.44,,,LOST,
2026-04-10T16:00:00+00:00,Liga I,AFC Hermannstadt,Farul Constanta,Asian Handicap,Home +0,1.57,,,WON,
2026-04-10T16:00:00+00:00,Veikkausliiga,SJK,Mariehamn,Over/Under Goals,Under 3.5,1.65,,,WON,
2026-04-10T16:00:00+00:00,Ykkösliiga,KäPa,SJK Akatemia,Team Total Goals,Under 2.5,1.4,,,WON,
2026-04-10T16:20:00+00:00,Professional League,Saham,Al Seeb,Over/Under Goals,Over 1.5,1.25,,,WON,
2026-04-10T16:30:00+00:00,A Lyga,FK Trakai,FK Zalgiris Vilnius,Over/Under Goals,Under 3.5,1.56,,,WON,
2026-04-10T16:30:00+00:00,Bundesliga 2,Fortuna Düsseldorf,Holstein Kiel,Over/Under Goals,Over 1.5,1.2,,,WON,
2026-04-10T16:30:00+00:00,Bundesliga 2,Karlsruher SC,Arminia Bielefeld,Over/Under Goals,Over 1.5,1.2,,,WON,
2026-04-10T16:30:00+00:00,First League,KAMAZ,FK Neftekhimik,Over/Under Goals,Under 3.5,1.16,,,WON,
2026-04-10T16:30:00+00:00,Pro League,Al Ain,Shabab Al Ahli Dubai,Double Chance,Draw/Away,1.4,,,LOST,
2026-04-10T16:45:00+00:00,Ligue 1,JS Kabylie,CS Constantine,Over/Under Goals,Under 3.5,1.15,,,LOST,
2026-04-10T17:00:00+00:00,2. SNL,Brinje-Grosuplje,Gorica,Over/Under Goals,Under 3.5,1.26,,,WON,
2026-04-10T17:00:00+00:00,3. Liga,Hoffenheim II,FC Schweinfurt 05,Over/Under Goals,Over 2.5,1.42,,,LOST,
2026-04-10T17:00:00+00:00,Division 2 - Västra Götaland,Kongahälla,Torslanda,Over/Under Goals,Under 3.5,1.5,,,LOST,
2026-04-10T17:00:00+00:00,Division 2 - Västra Götaland,Landvetter IS,Onsala,Asian Handicap,Home +0,1.7,,,WON,
2026-04-10T17:00:00+00:00,Ettan - Södra,Hässleholms IF,Rosengård,Double Chance,Home/Draw,1.4,,,WON,
2026-04-10T17:00:00+00:00,III Liga - Group 3,Polonia Nysa,Zagłębie Lubin II,Over/Under Goals,Under 3.5,1.58,,,LOST,
2026-04-10T17:00:00+00:00,Ligue 1,Paris FC,Monaco,Over/Under Goals,Over 2.5,1.67,,,WON,
2026-04-10T17:00:00+00:00,Premier League,Sliema Wanderers,Hibernians,Team Total Goals,Over 0.5,1.17,,,WON,
2026-04-10T17:00:00+00:00,Super Lig,Beşiktaş,Antalyaspor,Over/Under Goals,Over 1.5,1.15,,,WON,
2026-04-10T17:00:00+00:00,Veikkausliiga,VPS,FF Jaro,Over/Under Goals,Under 3.5,1.48,,,WON,
2026-04-10T17:30:00+00:00,Division 2 - Västra Götaland,Böljan,Lindome,Over/Under Goals,Under 3.5,1.7,,,LOST,
2026-04-10T17:30:00+00:00,National 1,Chateauroux,Quevilly,Asian Handicap,Home +0,1.46,,,LOST,
2026-04-10T17:30:00+00:00,National 1,Dijon,Bourg-en-bresse 01,1X2 / Match Winner,Home,1.41,,,WON,
2026-04-10T17:30:00+00:00,National 1,Gobelins,Caen,Over/Under Goals,Under 3.5,1.16,,,WON,
2026-04-10T17:30:00+00:00,National 1,Le Puy Foot,Aubagne,Over/Under Goals,Under 3.5,1.32,,,WON,
2026-04-10T17:30:00+00:00,National 1,Orleans,Concarneau,Over/Under Goals,Over 1.5,1.28,,,WON,
2026-04-10T17:30:00+00:00,National 1,Sochaux,Fleury 91,Team Total Goals,Over 0.5,1.41,,,WON,
2026-04-10T17:30:00+00:00,National 1,Stade Briochin,Villefranche,Over/Under Goals,Under 2.5,1.76,,,WON,
2026-04-10T17:30:00+00:00,National 1,Valenciennes,Versailles,Over/Under Goals,Under 3.5,1.26,,,WON,
2026-04-10T17:30:00+00:00,National 2 - Group C,Fréjus St-Raphaël,Limonest,Double Chance,Home/Draw,1.22,,,LOST,
2026-04-10T17:30:00+00:00,Premier Soccer League,Richards Bay,Orlando Pirates,1X2 / Match Winner,Away,1.55,,,LOST,
2026-04-10T17:30:00+00:00,Tipp3 Bundesliga,Red Bull Salzburg,Lask Linz,Over/Under Goals,Over 2.5,1.57,,,WON,
2026-04-10T17:45:00+00:00,Segunda Liga,Felgueiras 1932,Pacos Ferreira,Over/Under Goals,Under 3.5,1.3,,,WON,
2026-04-10T18:00:00+00:00,Challenger Pro League,AS Eupen,Beerschot VA,Team Total Goals,Over 0.5,1.2,,,WON,
2026-04-10T18:00:00+00:00,Challenger Pro League,Lokeren-Temse,Seraing United,Over/Under Goals,Over 1.5,1.25,,,WON,
2026-04-10T18:00:00+00:00,Eerste Divisie,Den Bosch,Cambuur,Over/Under Goals,Over 2.5,1.44,,,LOST,
2026-04-10T18:00:00+00:00,Eerste Divisie,FC Eindhoven,Roda,Over/Under Goals,Under 3.5,1.55,,,LOST,
2026-04-10T18:00:00+00:00,Eerste Divisie,MVV,Helmond Sport,Over/Under Goals,Under 3.5,1.55,,,WON,
2026-04-10T18:00:00+00:00,Eerste Divisie,Waalwijk,Emmen,Over/Under Goals,Over 2.5,1.44,,,WON,
2026-04-10T18:00:00+00:00,Eredivisie,Twente,FC Volendam,Over/Under Goals,Under 3.5,1.9,,,WON,
2026-04-10T18:00:00+00:00,Ligue 2,Amiens,PAU,Over/Under Goals,Over 2.5,1.7,,,LOST,
2026-04-10T18:00:00+00:00,Ligue 2,Annecy,Montpellier,Over/Under Goals,Under 3.5,1.25,,,WON,
2026-04-10T18:00:00+00:00,Ligue 2,Clermont Foot,Nancy,Double Chance,Draw/Away,1.67,,,WON,
2026-04-10T18:00:00+00:00,Ligue 2,Guingamp,Grenoble,Team Total Goals,Under 2.5,1.28,,,WON,
2026-04-10T18:00:00+00:00,Ligue 2,Laval,Reims,Over/Under Goals,Under 3.5,1.25,,,LOST,
2026-04-10T18:30:00+00:00,Bundesliga 1,FC Augsburg,1899 Hoffenheim,BTTS,Yes,1.5,,,WON,
2026-04-10T18:30:00+00:00,Ekstraklasa,Korona Kielce,Jagiellonia,Over/Under Goals,Under 3.5,1.42,,,WON,
2026-04-10T18:30:00+00:00,Erste Liga,Austria Lustenau,SKN ST. Polten,Over/Under Goals,Under 3.5,1.28,,,WON,
2026-04-10T18:30:00+00:00,Primera B Metropolitana,Arsenal Sarandi,Argentino de Merlo,Double Chance,Home/Draw,1.15,,,WON,
2026-04-10T18:30:00+00:00,Primera B Metropolitana,Liniers,Flandria,Asian Handicap,Home +0,1.48,,,LOST,
2026-04-10T18:30:00+00:00,Primera B Metropolitana,UAI Urquiza,Brown DE Adrogue,Over/Under Goals,Under 2.5,1.4,,,WON,
2026-04-10T18:30:00+00:00,Primera C,Deportivo Español,General Lamadrid,Double Chance,Draw/Away,1.62,,,LOST,
2026-04-10T18:30:00+00:00,Segunda Division,AD Ceuta FC,Real Sociedad II,Over/Under Goals,Over 1.5,1.25,,,LOST,
2026-04-10T18:30:00+00:00,Serie B,Frosinone,Palermo,Over/Under Goals,Under 3.5,1.5,,,WON,
2026-04-10T18:30:00+00:00,Serie C - Girone A,Alcione,Lecco,Over/Under Goals,Under 3.5,1.19,,,WON,
2026-04-10T18:45:00+00:00,First Division,Finn Harps,Cobh Ramblers,Over/Under Goals,Under 3.5,1.33,,,WON,
2026-04-10T18:45:00+00:00,First Division,Kerry,UCD,Over/Under Goals,Over 1.5,1.4,,,WON,
2026-04-10T18:45:00+00:00,First Division,Wexford,Athlone Town,Team Total Goals,Over 0.5,1.18,,,WON,
2026-04-10T18:45:00+00:00,Jupiler Pro League,Charleroi,Antwerp,Over/Under Goals,Under 3.5,1.4,,,WON,
2026-04-10T18:45:00+00:00,League Two,Colchester,Swindon Town,Over/Under Goals,Under 3.5,1.3,,,WON,
2026-04-10T18:45:00+00:00,Premier Division,Bohemians,Sligo Rovers,Over/Under Goals,Under 3.5,1.42,,,WON,
2026-04-10T18:45:00+00:00,Premier Division,Dundalk,Derry City,Double Chance,Home/Draw,1.42,,,WON,
2026-04-10T18:45:00+00:00,Serie A,AS Roma,Pisa,1X2 / Match Winner,Home,1.4,,,WON,
2026-04-10T19:00:00+00:00,CAF Confederation Cup,CR Belouizdad,Zamalek SC,Over/Under Goals,Over 1.5,1.5,,,LOST,
2026-04-10T19:00:00+00:00,Championship,West Brom,Millwall,Asian Handicap,Home +0,1.57,,,WON,
2026-04-10T19:00:00+00:00,La Liga,Real Madrid,Girona,Team Total Goals,Over 0.5,1.65,,,WON,
2026-04-10T19:00:00+00:00,Premier Division,St Patrick's Athl.,Shamrock Rovers,Asian Handicap,Home +0,1.65,,,LOST,
2026-04-10T19:00:00+00:00,Premier League,West Ham,Wolves,Team Total Goals,Over 0.5,1.45,,,LOST,
2026-04-10T19:05:00+00:00,Ligue 1,Marseille,Metz,Over/Under Goals,Under 3.5,1.65,,,LOST,
2026-04-10T19:45:00+00:00,Primeira Liga,Famalicao,Moreirense,Over/Under Goals,Under 3.5,1.28,,,WON,
2026-04-10T20:00:00+00:00,Division Intermedia,Atlético Tembetary,Guairena FC,Team Total Goals,Over 0.5,1.45,,,WON,
2026-04-10T20:30:00+00:00,Primera A,Deportivo Pereira,Once Caldas,Over/Under Goals,Under 3.5,1.28,,,WON,
2026-04-10T21:00:00+00:00,CONMEBOL Nations League Women,Peru W,Uruguay W,Over/Under Goals,Under 3.5,1.57,,,WON,
2026-04-10T21:00:00+00:00,Segunda División,Paysandu,Rentistas,Double Chance,Home/Draw,1.44,,,LOST,
2026-04-10T21:15:00+00:00,Division Profesional - Apertura,2 de Mayo,Sportivo Ameliano,Over/Under Goals,Under 3.5,1.2,,,WON,
2026-04-10T22:30:00+00:00,Division Intermedia,Independiente F.b.c.,SOL DE America,Double Chance,Draw/Away,1.44,,,LOST,
2026-04-10T23:00:00+00:00,CONMEBOL Nations League Women,Paraguay W,Ecuador W,Double Chance,Draw/Away,1.5,,,LOST,
2026-04-10T23:00:00+00:00,MLS Next Pro,Inter Miami II,Atlanta United II,Team Total Goals,Under 2.5,1.18,,,WON,
2026-04-10T23:00:00+00:00,Paranaense - 2,Parana,Toledo,Team Total Goals,Over 1.5,1.58,,,WON,
2026-04-10T23:00:00+00:00,Paulista - A4,Barretos,Grêmio Sãocarlense,Over/Under Goals,Under 2.5,1.45,,,WON,
2026-04-10T23:00:00+00:00,Primera B Metropolitana,Excursionistas,Talleres Remedios,BTTS,No,1.5,,,LOST,
2026-04-10T23:00:00+00:00,Primera División - Apertura,Cerro Largo,Cerro,Asian Handicap,Home +0,1.53,,,WON,
2026-04-10T23:30:00+00:00,Division Profesional - Apertura,Club Sp. San Lorenzo,Club Guarani,Over/Under Goals,Over 1.5,1.33,,,LOST,
2026-04-10T23:30:00+00:00,Serie B,Criciuma,Botafogo SP,Asian Handicap,Away -1.25,1.4,,,WON,
2026-04-11T00:00:00+00:00,Liga Pro,Barcelona SC,Leones del Norte,Over/Under Goals,Under 3.5,1.28,,,WON,
2026-04-11T00:00:00+00:00,Liga Pro,Delfin SC,LDU de Quito,BTTS,No,1.77,,,WON,
2026-04-11T00:00:00+00:00,Primera B,Union Espanola,Cobreloa,Over/Under Goals,Under 3.5,1.35,,,WON,
2026-04-11T00:00:00+00:00,Primera Division,Belgrano Cordoba,Aldosivi,Over/Under Goals,Under 3.5,1.15,,,WON,
2026-04-11T00:00:00+00:00,Primera Division,O'Higgins,Huachipato,Asian Handicap,Home +0,1.5,,,LOST,
2026-04-11T00:00:00+00:00,Primera División,Guabirá,Independiente Petrolero,1X2 / Match Winner,Home,1.65,,,LOST,
2026-04-11T01:00:00+00:00,Liga MX,Puebla,Leon,Over/Under Goals,Under 3.5,1.42,,,WON,
2026-04-11T01:00:00+00:00,Liga de Expansión MX,Alebrijes de Oaxaca,CDS Tampico Madero,Double Chance,Home/Draw,1.44,,,LOST,
2026-04-11T01:05:00+00:00,Primera A,Deportivo Pasto,Deportes Tolima,Over/Under Goals,Over 1.5,1.45,,,LOST,
2026-04-11T03:00:00+00:00,Liga de Expansión MX,CA La Paz,Tepatitlán,Over/Under Goals,Over 1.5,1.18,,,WON,
2026-04-11T03:00:00+00:00,Victoria NPL,Heidelberg United,Altona Magic,Over/Under Goals,Under 3.5,1.62,,,LOST,
2026-04-11T03:06:00+00:00,Liga MX,FC Juarez,Club Tijuana,Over/Under Goals,Over 1.5,1.25,,,WON,
2026-04-11T04:00:00+00:00,Northern NSW NPL,Hamilton Olympic,Broadmeadow Magic,BTTS,Yes,1.4,,,LOST,
2026-04-11T04:00:00+00:00,Northern NSW NPL,Lambton Jaffas,Weston Bears,Double Chance,Draw/Away,1.53,,,WON,
2026-04-11T05:00:00+00:00,A-League,Auckland,Melbourne Victory,Over/Under Goals,Over 1.5,1.2,,,WON,
2026-04-11T05:00:00+00:00,J. League Div.1,Avispa Fukuoka,V-varen Nagasaki,Double Chance,Draw/Away,1.5,,,LOST,
2026-04-11T05:00:00+00:00,J. League Div.1,Machida Zelvia,Kashiwa Reysol,Over/Under Goals,Under 3.5,1.22,,,WON,
2026-04-11T05:00:00+00:00,J2 League,FC Gifu,Fujieda MYFC,Asian Handicap,Home +0,1.68,,,LOST,
2026-04-11T05:00:00+00:00,J2 League,Osaka,Kataller Toyama,Double Chance,Draw/Away,1.45,,,WON,
2026-04-11T05:00:00+00:00,J2 League,Ventforet Kofu,Consadole Sapporo,Double Chance,Draw/Away,1.6,,,LOST,
2026-04-11T05:00:00+00:00,K-League Classic,FC Seoul,Jeonbuk Motors,Asian Handicap,Home +0,1.62,,,WON,
2026-04-11T05:00:00+00:00,K-League Classic,Pohang Steelers,Jeju United FC,Over/Under Goals,Under 3.5,1.22,,,WON,
2026-04-11T05:00:00+00:00,K3 League,Changwon City,Busan Transportation,1X2 / Match Winner,Draw,3.45,,,WON,
2026-04-11T05:00:00+00:00,K3 League,Gyeongju HNP,Yangpyeong,Team Total Goals,Over 0.5,1.53,,,LOST,
2026-04-11T05:00:00+00:00,K3 League,Mokpo City,Pocheon,Double Chance,Draw/Away,1.15,,,WON,
2026-04-11T05:00:00+00:00,K3 League,Yeoju Sejong,Dangjin Citizen,Team Total Goals,Over 0.5,1.19,,,WON,
2026-04-11T05:00:00+00:00,Victoria NPL 2,Eltham Redbacks FC,North Sunshine Eagles,Asian Handicap,Home +0,1.48,,,WON,
2026-04-11T05:00:00+00:00,Victoria NPL 2,Port Melbourne,Melbourne Srbija,1X2 / Match Winner,Away,1.7,,,LOST,
2026-04-11T05:00:00+00:00,Victoria NPL,Preston Lions,South Melbourne,Over/Under Goals,Under 3.5,1.4,,,WON,
2026-04-11T05:15:00+00:00,Victoria NPL 2,Manningham United Blues,Northcote City,Double Chance,Home/Draw,1.5,,,LOST,
2026-04-11T06:00:00+00:00,J. League Div.1,Vissel Kobe,Nagoya Grampus,Team Total Goals,Over 0.5,1.53,,,WON,
2026-04-11T06:00:00+00:00,J. League Div.1,Yokohama F. Marinos,FC Tokyo,Over/Under Goals,Over 1.5,1.33,,,WON,
2026-04-11T06:00:00+00:00,K3 League,Daejeon Korail,Siheung Citizen,Over/Under Goals,Under 3.5,1.22,,,WON,
2026-04-11T06:00:00+00:00,New South Wales NPL,Sutherland Sharks,Rockdale City Suns,Double Chance,Home/Draw,1.55,,,WON,
2026-04-11T06:15:00+00:00,Queensland NPL,Olympic,Eastern Suburbs,Asian Handicap,Home +0,1.58,,,LOST,
2026-04-11T06:30:00+00:00,Northern NSW NPL,Belmont Swansea,Edgeworth Eagles,Team Total Goals,Over 0.5,1.27,,,WON,
2026-04-11T06:30:00+00:00,Victoria NPL,Oakleigh Cannons,Hume City,BTTS,Yes,1.53,,,WON,
2026-04-11T07:00:00+00:00,A-League,Newcastle Jets,Adelaide United,Team Total Goals,Under 2.5,1.45,,,WON,
2026-04-11T07:00:00+00:00,J. League Div.1,Gamba Osaka,Cerezo Osaka,Over/Under Goals,Under 3.5,1.48,,,WON,
2026-04-11T07:00:00+00:00,J. League Div.1,Kyoto Sanga,Fagiano Okayama,Over/Under Goals,Under 3.5,1.3,,,LOST,
2026-04-11T07:00:00+00:00,New South Wales NPL 2,Canterbury Bankstown,Bankstown City Lions,Double Chance,Draw/Away,1.36,,,LOST,
2026-04-11T07:00:00+00:00,New South Wales NPL 2,Hills Brumbies,Newcastle Jets II,Double Chance,Draw/Away,1.55,,,WON,
2026-04-11T07:00:00+00:00,New South Wales NPL 2,Hurstville FC,Macarthur Rams,Double Chance,Draw/Away,1.4,,,LOST,
2026-04-11T07:00:00+00:00,New South Wales NPL,Sydney Olympic,Manly United,Double Chance,Home/Draw,1.48,,,LOST,
2026-04-11T07:15:00+00:00,New South Wales NPL,UNSW,APIA Leichhardt Tigers,Team Total Goals,Over 0.5,1.44,,,WON,
2026-04-11T07:15:00+00:00,Victoria NPL,Dandenong City,Bentleigh Greens,Over/Under Goals,Under 3.5,1.45,,,WON,
2026-04-11T07:30:00+00:00,K-League Classic,Gwangju FC,Bucheon FC 1995,Over/Under Goals,Under 3.5,1.18,,,WON,
2026-04-11T07:30:00+00:00,K-League Classic,Incheon United,Ulsan Hyundai FC,Double Chance,Home/Draw,1.44,,,LOST,
2026-04-11T08:00:00+00:00,Northern NSW NPL,Adamstown Rosebuds,Maitland,Team Total Goals,Under 2.5,1.17,,,WON,
2026-04-11T08:30:00+00:00,Liga 1,Persepam Madura Utd,Persik Kediri,Asian Handicap,Home +0.25,1.44,,,WON,
2026-04-11T08:30:00+00:00,Liga 1,Pusamania Borneo,PSBS Biak Numfor,Team Total Goals,Over 2.5,1.48,,,WON,
2026-04-11T08:30:00+00:00,New South Wales NPL 2,Rydalmere Lions,Hakoah Sydney City,Over/Under Goals,Under 3.5,1.56,,,LOST,
2026-04-11T08:30:00+00:00,Victoria NPL 2,Bulleen Lions,Western United II,Over/Under Goals,Over 2.5,1.4,,,LOST,
2026-04-11T09:00:00+00:00,C-League,National Defense,Kirivong Sok Sen Chey,Double Chance,Draw/Away,1.32,,,LOST,
2026-04-11T09:00:00+00:00,Campionato Primavera - 1,Lecce U20,Genoa U20,Double Chance,Home/Draw,1.2,,,LOST,
2026-04-11T09:00:00+00:00,New South Wales NPL 2,Mt Druitt Town,Dulwich Hill,Double Chance,Home/Draw,1.22,,,LOST,
2026-04-11T09:00:00+00:00,New South Wales NPL,Marconi Stallions,SD Raiders,Over/Under Goals,Over 2.5,1.5,,,WON,
2026-04-11T09:00:00+00:00,Queensland NPL,Moreton City Excelsior,Gold Coast United,Result + Total Goals,Home/Over 2.5,1.59,,,WON,
2026-04-11T09:00:00+00:00,Victoria NPL,Dandenong Thunder,Green Gully,Asian Handicap,Home +0,1.4,,,WON,
2026-04-11T09:30:00+00:00,Esiliiga A,Maardu,FCI Levadia II,Double Chance,Home/Draw,1.45,,,WON,
2026-04-11T09:30:00+00:00,Esiliiga A,Nõmme Kalju II,Tartu Welco,Team Total Goals,Over 0.5,1.48,,,WON,
2026-04-11T09:30:00+00:00,Liga II,Sepsi OSK Sfantu Gheorghe,CSA Steaua Bucureşti,Asian Handicap,Away -1.25,1.42,,,LOST,
2026-04-11T09:30:00+00:00,New South Wales NPL 2,Bulls Academy,Central Coast II,Over/Under Goals,Under 3.5,1.56,,,LOST,
2026-04-11T09:35:00+00:00,A-League,Western Sydney Wanderers,Sydney,Over/Under Goals,Over 1.5,1.17,,,WON,
2026-04-11T10:00:00+00:00,J2 League,Oita Trinita,Renofa Yamaguchi,Double Chance,Draw/Away,1.53,,,WON,
2026-04-11T10:00:00+00:00,Liga 3,Varzim,Mafra,Over/Under Goals,Under 3.5,1.21,,,WON,
2026-04-11T10:00:00+00:00,Premier League,Karpaty,Oleksandria,Over/Under Goals,Over 1.5,1.22,,,WON,
2026-04-11T10:00:00+00:00,Segunda Liga,Penafiel,Academico Viseu,Over/Under Goals,Under 3.5,1.22,,,LOST,
2026-04-11T11:00:00+00:00,Bundesliga 2,1. FC Nürnberg,Dynamo Dresden,Asian Handicap,Home +0.25,1.4,,,LOST,
2026-04-11T11:00:00+00:00,Bundesliga 2,Hertha BSC,1. FC Kaiserslautern,Over/Under Goals,Over 2.5,1.53,,,LOST,
2026-04-11T11:00:00+00:00,Bundesliga 2,Preußen Münster,SpVgg Greuther Fürth,Over/Under Goals,Under 3.5,1.35,,,WON,
2026-04-11T11:00:00+00:00,C-League,Dangkor Senchey,Life Sihanoukville,Over/Under Goals,Under 3.5,1.47,,,WON,
2026-04-11T11:00:00+00:00,Erovnuli Liga 2,Gareji,Odishi 1919,Over/Under Goals,Under 3.5,1.36,,,WON,
2026-04-11T11:00:00+00:00,Erovnuli Liga 2,Sioni,Samtredia,Over/Under Goals,Under 3.5,1.29,,,WON,
2026-04-11T11:00:00+00:00,Premier League,Krylia Sovetov,Akhmat,Over/Under Goals,Under 3.5,1.19,,,LOST,
2026-04-11T11:00:00+00:00,Super League,Chongqing Tongliang Long,Wuhan Three Towns,Over/Under Goals,Under 3.5,1.33,,,WON,
2026-04-11T11:00:00+00:00,Super League,Qingdao Youth Island,Shenyang Urban,Double Chance,Home/Draw,1.42,,,WON,
2026-04-11T11:00:00+00:00,Superettan,Ljungskile SK,IFK Norrkoping,Team Total Goals,Over 0.5,1.15,,,WON,
2026-04-11T11:00:00+00:00,Superettan,Osters IF,Orebro SK,Team Total Goals,Over 0.5,1.45,,,LOST,
2026-04-11T11:00:00+00:00,Thai League 1,Lamphun Warrior,Ratchaburi,Over/Under Goals,Under 3.5,1.33,,,WON,
2026-04-11T11:15:00+00:00,A Lyga,Kauno Žalgiris,Hegelmann Litauen,Over/Under Goals,Over 1.5,1.25,,,WON,
2026-04-11T11:30:00+00:00,Championship,Coventry,Sheffield Wednesday,Over/Under Goals,Under 3.5,1.95,,,WON,
2026-04-11T11:30:00+00:00,Championship,Norwich,Ipswich,Over/Under Goals,Over 1.5,1.25,,,WON,
2026-04-11T11:30:00+00:00,Championship,QPR,Bristol City,Asian Handicap,Away -0.5,1.62,,,WON,
2026-04-11T11:30:00+00:00,League One,Cardiff,Bolton,Over/Under Goals,Under 3.5,1.57,,,WON,
2026-04-11T11:30:00+00:00,League One,Lincoln,Leyton Orient,Over/Under Goals,Under 3.5,1.38,,,WON,
2026-04-11T11:30:00+00:00,League One,Plymouth,Exeter City,1X2 / Match Winner,Home,1.6,,,LOST,
2026-04-11T11:30:00+00:00,League Two,Bristol Rovers,Crawley Town,Over/Under Goals,Under 3.5,1.38,,,LOST,
2026-04-11T11:30:00+00:00,League Two,Langfang Glory City,Wuhan Three Towns II,Over/Under Goals,Under 2.5,1.53,,,WON,
2026-04-11T11:30:00+00:00,League Two,Milton Keynes Dons,Bromley,Over/Under Goals,Under 3.5,1.33,,,WON,
2026-04-11T11:30:00+00:00,Meistriliiga,Kuressaare,Laagri,Team Total Goals,Over 0.5,1.15,,,WON,
2026-04-11T11:30:00+00:00,Premier League,Arsenal,Bournemouth,Over/Under Goals,Under 3.5,1.48,,,WON,
2026-04-11T11:30:00+00:00,Premyer Liqa,Şamaxı FK,Qarabag,1X2 / Match Winner,Away,1.47,,,LOST,
2026-04-11T11:30:00+00:00,Super Lig,Başakşehir,Gençlerbirliği S.K.,Over/Under Goals,Under 3.5,1.42,,,WON,
2026-04-11T11:30:00+00:00,Thai League 1,Nakhon Ratchasima FC,Bangkok United,Over/Under Goals,Under 3.5,1.38,,,WON,
2026-04-11T11:30:00+00:00,Tweede Divisie,Katwijk,Rijnsburgse Boys,Double Chance,Home/Draw,1.55,,,WON,
2026-04-11T11:35:00+00:00,League Two,Chengdu Rongcheng II,Shenzhen 2028,Over/Under Goals,Under 3.5,1.16,,,LOST,
2026-04-11T11:35:00+00:00,Super League,Henan Jianye,Shandong Luneng,BTTS,Yes,1.45,,,LOST,
2026-04-11T11:35:00+00:00,Super League,Shanghai Shenhua,SHANGHAI SIPG,Over/Under Goals,Over 2.5,1.5,,,LOST,
2026-04-11T11:45:00+00:00,First NL,Dubrava Zagreb,HNK Cibalia,Over/Under Goals,Over 1.5,1.4,,,WON,
2026-04-11T12:00:00+00:00,3. Liga,Alemannia Aachen,Stuttgart II,Over/Under Goals,Over 1.5,1.18,,,WON,
2026-04-11T12:00:00+00:00,3. Liga,FC Viktoria Köln,SV Wehen,Asian Handicap,Home +0,1.65,,,WON,
2026-04-11T12:00:00+00:00,3. Liga,Havelse,FC Saarbrücken,Over/Under Goals,Over 1.5,1.15,,,WON,
2026-04-11T12:00:00+00:00,3. Liga,Rot-Weiß Essen,FC Ingolstadt 04,Over/Under Goals,Over 1.5,1.15,,,WON,
2026-04-11T12:00:00+00:00,3. Liga,Waldhof Mannheim,MSV Duisburg,Over/Under Goals,Over 1.5,1.22,,,WON,
2026-04-11T12:00:00+00:00,Eliteserien,Lillestrom,Start,Over/Under Goals,Over 2.5,1.5,,,WON,
2026-04-11T12:00:00+00:00,Erovnuli Liga,Dila,Rustavi,Over/Under Goals,Under 3.5,1.22,,,WON,
2026-04-11T12:00:00+00:00,First League,Chayka,Enisey,Over/Under Goals,Over 1.5,1.34,,,WON,
2026-04-11T12:00:00+00:00,La Liga,Real Sociedad,Alaves,Over/Under Goals,Over 1.5,1.33,,,WON,
2026-04-11T12:00:00+00:00,Liga 1,Persija,Persebaya Surabaya,1X2 / Match Winner,Home,1.53,,,WON,
2026-04-11T12:00:00+00:00,Liga 1,Persijap,Bhayangkara FC,Double Chance,Draw/Away,1.4,,,LOST,
2026-04-11T12:00:00+00:00,Ligue 2,Boulogne,Le Mans,Over/Under Goals,Over 1.5,1.45,,,LOST,
2026-04-11T12:00:00+00:00,Ligue 2,RED Star FC 93,Bastia,Over/Under Goals,Under 2.5,1.55,,,LOST,
2026-04-11T12:00:00+00:00,Premiership,Linfield,Larne,Over/Under Goals,Over 1.5,1.27,,,WON,
2026-04-11T12:00:00+00:00,U21 Divisie 1,Willem II U21,Groningen U21,Asian Handicap,Home +0.5,1.42,,,WON,
2026-04-11T12:30:00+00:00,Erste Liga,FC Liefering,Floridsdorfer AC,Double Chance,Home/Draw,1.57,,,WON,
2026-04-11T12:30:00+00:00,Premier League,Birkirkara,Zabbar St. Patrick,Double Chance,Draw/Away,1.44,,,LOST,
2026-04-11T12:30:00+00:00,Premier League,Metalist 1925 Kharkiv,Dynamo Kyiv,Over/Under Goals,Under 3.5,1.21,,,WON,
2026-04-11T12:30:00+00:00,Premier League,Naxxar Lions,Floriana,1X2 / Match Winner,Away,1.57,,,WON,
2026-04-11T12:30:00+00:00,Serie C - Girone B,Campobasso FC,Bra,Over/Under Goals,Under 3.5,1.3,,,WON,
2026-04-11T12:30:00+00:00,Serie C - Girone B,Gubbio,Pianese,Double Chance,Draw/Away,1.5,,,WON,
2026-04-11T12:30:00+00:00,Serie C - Girone B,Pineto,Torres,Over/Under Goals,Under 3.5,1.22,,,WON,
2026-04-11T12:30:00+00:00,Thai League 1,Chiangrai United,Sukhothai FC,Over/Under Goals,Over 1.5,1.23,,,WON,
2026-04-11T12:30:00+00:00,Tweede Divisie,Excelsior Maassluis,Quick Boys,Over/Under Goals,Over 1.5,1.16,,,WON,
2026-04-11T12:30:00+00:00,Tweede Divisie,GVVV Veenendaal,HHC,Double Chance,Home/Draw,1.53,,,LOST,
2026-04-11T12:30:00+00:00,Tweede Divisie,Hoek,Kozakken Boys,Over/Under Goals,Over 1.5,1.15,,,WON,
2026-04-11T12:30:00+00:00,Tweede Divisie,Koninklijke HFC,Barendrecht,Over/Under Goals,Over 1.5,1.15,,,WON,
2026-04-11T12:30:00+00:00,Tweede Divisie,RKAV Volendam,Ijsselmeervogels,Asian Handicap,Home +0,1.6,,,LOST,
2026-04-11T12:45:00+00:00,Ekstraklasa,Widzew Łódź,Nieciecza,Over/Under Goals,Under 3.5,1.48,,,WON,
2026-04-11T13:00:00+00:00,1. Liga Promotion,Lugano II,Basel II,BTTS,Yes,1.41,,,WON,
2026-04-11T13:00:00+00:00,1st Division,Baroka FC,Leicesterfield,BTTS,No,1.62,,,LOST,
2026-04-11T13:00:00+00:00,1st Division,Black Leopards,University of Pretoria,BTTS,No,1.57,,,WON,
2026-04-11T13:00:00+00:00,1st Division,Gomora United FC,Milford FC,Double Chance,Home/Draw,1.48,,,LOST,
2026-04-11T13:00:00+00:00,1st Division,Hungry Lions,Venda FC,Double Chance,Draw/Away,1.53,,,LOST,
2026-04-11T13:00:00+00:00,1st Division,Midlands Wanderers,Casric Stars,Double Chance,Draw/Away,1.3,,,WON,
2026-04-11T13:00:00+00:00,1st Division,The Bees,Lerumo Lions,Over/Under Goals,Under 3.5,1.17,,,WON,
2026-04-11T13:00:00+00:00,Allsvenskan,IFK Goteborg,BK Hacken,Over/Under Goals,Over 1.5,1.2,,,WON,
2026-04-11T13:00:00+00:00,Allsvenskan,Mjallby AIF,Orgryte IS,1X2 / Match Winner,Home,1.4,,,LOST,
2026-04-11T13:00:00+00:00,Allsvenskan,Vasteras SK FK,IF Elfsborg,Double Chance,Draw/Away,1.45,,,WON,
2026-04-11T13:00:00+00:00,Czech Liga,Bohemians 1905,Zlin,Over/Under Goals,Under 3.5,1.25,,,WON,
2026-04-11T13:00:00+00:00,Czech Liga,FK Jablonec,Baník Ostrava,Asian Handicap,Home +0,1.5,,,WON,
2026-04-11T13:00:00+00:00,Division Intermedia,Benjamín Aceval,General Caballero,Double Chance,Home/Draw,1.67,,,WON,
2026-04-11T13:00:00+00:00,Division Intermedia,Sportivo Carapeguá,3 de Noviembre,Double Chance,Home/Draw,1.4,,,WON,
2026-04-11T13:00:00+00:00,First League,Chernomorets,Spartak Kostroma,Over/Under Goals,Under 3.5,1.18,,,WON,
2026-04-11T13:00:00+00:00,Premier Soccer League,Golden Arrows,Durban City,Over/Under Goals,Under 3.5,1.16,,,WON,
2026-04-11T13:00:00+00:00,Premier Soccer League,Siwelele,Amazulu,Over/Under Goals,Under 2.5,1.4,,,WON,
2026-04-11T13:00:00+00:00,Primera División - Apertura,Atletico Torque,Albion FC,Over/Under Goals,Under 3.5,1.2,,,WON,
2026-04-11T13:00:00+00:00,Segunda Liga,Farense,Sporting CP B,Over/Under Goals,Under 3.5,1.22,,,WON,
2026-04-11T13:00:00+00:00,Serie A,Cagliari,Cremonese,Over/Under Goals,Under 3.5,1.2,,,WON,
2026-04-11T13:00:00+00:00,Serie A,Torino,Hellas Verona,Over/Under Goals,Under 3.5,1.2,,,WON,
2026-04-11T13:00:00+00:00,Serie B,Juve Stabia,Cesena,Over/Under Goals,Over 1.5,1.36,,,WON,
2026-04-11T13:00:00+00:00,Serie B,Pescara,Sampdoria,Over/Under Goals,Over 1.5,1.3,,,WON,
2026-04-11T13:00:00+00:00,Serie B,Sudtirol,Modena,Over/Under Goals,Under 2.5,1.62,,,WON,
2026-04-11T13:00:00+00:00,Serie B,Virtus Entella,Venezia,Asian Handicap,Home +1.25,1.45,,,WON,
2026-04-11T13:00:00+00:00,Super Liga,Dacia-Buiucani,CSF Bălți,Team Total Goals,Under 2.5,1.2,,,WON,
2026-04-11T13:00:00+00:00,Superettan,United Nordic,Helsingborg,Over/Under Goals,Over 1.5,1.22,,,WON,
2026-04-11T13:00:00+00:00,Superliga,Prishtina e Re,Malisheva,Over/Under Goals,Under 3.5,1.2,,,WON,
2026-04-11T13:00:00+00:00,TFF 1. Lig,Pendikspor,Çorum FK,Over/Under Goals,Under 3.5,1.27,,,WON,
2026-04-11T13:00:00+00:00,Tweede Divisie,Spakenburg,Almere City II,Double Chance,Home/Draw,1.17,,,WON,
2026-04-11T13:00:00+00:00,Tweede Divisie,Sparta Rotterdam II,AFC Amsterdam,Over/Under Goals,Over 2.5,1.4,,,WON,
2026-04-11T13:15:00+00:00,NB I,Kazincbarcikai,Ujpest,Team Total Goals,Over 0.5,1.17,,,WON,
2026-04-11T13:30:00+00:00,A Lyga,Banga,Suduva Marijampole,Over/Under Goals,Under 3.5,1.17,,,WON,
2026-04-11T13:30:00+00:00,Bundesliga 1,1. FC Heidenheim,Union Berlin,Over/Under Goals,Over 1.5,1.28,,,WON,
2026-04-11T13:30:00+00:00,Bundesliga 1,Borussia Dortmund,Bayer Leverkusen,Over/Under Goals,Over 1.5,1.18,,,LOST,
2026-04-11T13:30:00+00:00,Bundesliga 1,RB Leipzig,Borussia Mönchengladbach,1X2 / Match Winner,Home,1.55,,,WON,
2026-04-11T13:30:00+00:00,Bundesliga 1,VfL Wolfsburg,Eintracht Frankfurt,Over/Under Goals,Over 1.5,1.2,,,WON,
2026-04-11T13:30:00+00:00,First League,Sileks,Bashkimi Kumanovo,Over/Under Goals,Under 3.5,1.33,,,WON,
2026-04-11T13:30:00+00:00,First League,Vardar Skopje,FK Rabotnicki,1X2 / Match Winner,Home,1.17,,,WON,
2026-04-11T13:30:00+00:00,Premier League,Rubin,FC Orenburg,Over/Under Goals,Under 2.5,1.7,,,WON,
2026-04-11T13:30:00+00:00,Super Liga,AS Trencin,Tatran Prešov,Over/Under Goals,Under 3.5,1.28,,,WON,
2026-04-11T13:30:00+00:00,Super Liga,Podbrezová,Žilina,Over/Under Goals,Under 3.5,1.6,,,LOST,
2026-04-11T13:30:00+00:00,Super Liga,Ružomberok,Skalica,1X2 / Match Winner,Draw,3.35,,,WON,
2026-04-11T13:45:00+00:00,Professional League,Bahla,Ibri,1X2 / Match Winner,Home,1.7,,,LOST,
2026-04-11T13:55:00+00:00,Pro League,Al-Dhafra,Al Nasr,Over/Under Goals,Under 3.5,1.4,,,WON,
2026-04-11T13:55:00+00:00,Pro League,Al-Jazira,Dibba Al-Fujairah,Over/Under Goals,Over 1.5,1.17,,,WON,
2026-04-11T14:00:00+00:00,1. Liga Promotion,Bavois,Young Boys II,Over/Under Goals,Under 3.5,1.55,,,WON,
2026-04-11T14:00:00+00:00,1. Liga Promotion,Cham,Brühl,Over/Under Goals,Over 2.5,1.38,,,WON,
2026-04-11T14:00:00+00:00,1. Liga Promotion,Kreuzlingen,Luzern II,Over/Under Goals,Over 2.5,1.28,,,LOST,
2026-04-11T14:00:00+00:00,3. liga - Center,Námestovo,Dolný Kubín,Team Total Goals,Over 0.5,1.44,,,WON,
2026-04-11T14:00:00+00:00,Challenger Pro League,RWDM,RSC Anderlecht II,Over/Under Goals,Over 2.5,1.57,,,WON,
2026-04-11T14:00:00+00:00,Championship,Charlton,Preston,Over/Under Goals,Under 3.5,1.25,,,WON,
2026-04-11T14:00:00+00:00,Championship,Leicester,Swansea,Over/Under Goals,Over 1.5,1.28,,,LOST,
2026-04-11T14:00:00+00:00,Championship,Middlesbrough,Portsmouth,1X2 / Match Winner,Home,1.6,,,LOST,
2026-04-11T14:00:00+00:00,Championship,Oxford United,Watford,Over/Under Goals,Over 1.5,1.35,,,WON,
2026-04-11T14:00:00+00:00,Championship,Sheffield Utd,Hull City,Over/Under Goals,Under 3.5,1.5,,,WON,
2026-04-11T14:00:00+00:00,Championship,Southampton,Derby,Over/Under Goals,Over 1.5,1.22,,,WON,
2026-04-11T14:00:00+00:00,Championship,Stoke City,Blackburn,Over/Under Goals,Over 1.5,1.38,,,WON,
2026-04-11T14:00:00+00:00,Eliteserien,Tromso,Kristiansund BK,1X2 / Match Winner,Home,1.44,,,WON,
2026-04-11T14:00:00+00:00,Erovnuli Liga,Dinamo Tbilisi,Dinamo Batumi,1X2 / Match Winner,Home,1.54,,,LOST,
2026-04-11T14:00:00+00:00,Ettan - Norra,Gefle IF,AFC Eskilstuna,Over/Under Goals,Over 2.5,1.62,,,WON,
2026-04-11T14:00:00+00:00,Ettan - Norra,Järfälla,Sollentuna,Asian Handicap,Home +0.25,1.64,,,LOST,
2026-04-11T14:00:00+00:00,Ettan - Norra,Stocksund,Hammarby Talang,Asian Handicap,Home +1.25,1.55,,,LOST,
2026-04-11T14:00:00+00:00,First League,Chelyabinsk,Ska-khabarovsk,Team Total Goals,Over 0.5,1.21,,,WON,
2026-04-11T14:00:00+00:00,Jupiler Pro League,Cercle Brugge,RAAL La Louvière,Over/Under Goals,Over 1.5,1.22,,,WON,
2026-04-11T14:00:00+00:00,League One,Blackpool,Peterborough,Over/Under Goals,Under 3.5,1.55,,,LOST,
2026-04-11T14:00:00+00:00,League One,Bradford,Stevenage,Over/Under Goals,Under 3.5,1.15,,,WON,
2026-04-11T14:00:00+00:00,League One,Burton Albion,AFC Wimbledon,Over/Under Goals,Under 2.5,1.8,,,WON,
2026-04-11T14:00:00+00:00,League One,Doncaster,Reading,Over/Under Goals,Under 3.5,1.38,,,WON,
2026-04-11T14:00:00+00:00,League One,East Fife,Peterhead,Double Chance,Draw/Away,1.4,,,LOST,
2026-04-11T14:00:00+00:00,League One,Hamilton Academical,Alloa Athletic,Over/Under Goals,Over 1.5,1.22,,,LOST,
2026-04-11T14:00:00+00:00,League One,Huddersfield,Wycombe,Asian Handicap,Home +0,1.7,,,WON,
2026-04-11T14:00:00+00:00,League One,Kelty Hearts,Montrose,Asian Handicap,Home +0.25,1.68,,,WON,
2026-04-11T14:00:00+00:00,League One,Queen of the South,Cove Rangers,Double Chance,Home/Draw,1.22,,,WON,
2026-04-11T14:00:00+00:00,League One,Rotherham,Barnsley,Over/Under Goals,Under 3.5,1.42,,,LOST,
2026-04-11T14:00:00+00:00,League One,Wigan,Mansfield Town,Double Chance,Home/Draw,1.4,,,WON,
2026-04-11T14:00:00+00:00,League Two,Accrington ST,Fleetwood Town,Over/Under Goals,Under 3.5,1.22,,,WON,
2026-04-11T14:00:00+00:00,League Two,Barnet,Barrow,Over/Under Goals,Over 1.5,1.28,,,WON,
2026-04-11T14:00:00+00:00,League Two,Cambridge United,Notts County,Over/Under Goals,Under 3.5,1.22,,,LOST,
2026-04-11T14:00:00+00:00,League Two,Chesterfield,Tranmere,Over/Under Goals,Under 3.5,1.38,,,WON,
2026-04-11T14:00:00+00:00,League Two,Dumbarton,Stirling Albion,Team Total Goals,Over 0.5,1.15,,,WON,
2026-04-11T14:00:00+00:00,League Two,Edinburgh City,Clyde,1X2 / Match Winner,Away,1.62,,,WON,
2026-04-11T14:00:00+00:00,League Two,Elgin City,Annan Athletic,Over/Under Goals,Over 1.5,1.2,,,WON,
2026-04-11T14:00:00+00:00,League Two,Forfar Athletic,East Kilbride,1X2 / Match Winner,Draw,3.7,,,LOST,
2026-04-11T14:00:00+00:00,League Two,Grimsby,Crewe,Asian Handicap,Away -1.25,1.48,,,WON,
2026-04-11T14:00:00+00:00,League Two,Salford City,Gillingham,Over/Under Goals,Under 3.5,1.38,,,WON,
2026-04-11T14:00:00+00:00,League Two,Shrewsbury,Oldham,Over/Under Goals,Under 3.5,1.22,,,WON,
2026-04-11T14:00:00+00:00,League Two,Spartans,Stranraer,1X2 / Match Winner,Home,1.6,,,LOST,
2026-04-11T14:00:00+00:00,League Two,Walsall,Cheltenham,Over/Under Goals,Over 1.5,1.36,,,WON,
2026-04-11T14:00:00+00:00,Liga 3,Lusitano Évora 1911,1º Dezembro,Over/Under Goals,Under 2.5,1.65,,,LOST,
2026-04-11T14:00:00+00:00,Liga 3,Sanjoanense,Fafe,Asian Handicap,Away -0.5,1.24,,,WON,
2026-04-11T14:00:00+00:00,Liga 3,União Santarém,Trofense,Over/Under Goals,Under 3.5,1.19,,,WON,
2026-04-11T14:00:00+00:00,Meistriliiga,Nõmme United,Trans Narva,Over/Under Goals,Over 2.5,1.65,,,WON,
2026-04-11T14:00:00+00:00,National League - North,Alfreton Town,Oxford City,Double Chance,Home/Draw,1.5,,,WON,
2026-04-11T14:00:00+00:00,National League - North,Bedford Town,Hereford,1X2 / Match Winner,Draw,3.7,,,WON,
2026-04-11T14:00:00+00:00,National League - North,Buxton,Scarborough Athletic,Over/Under Goals,Over 1.5,1.28,,,WON,
2026-04-11T14:00:00+00:00,National League - North,Chester,AFC Fylde,Over/Under Goals,Under 3.5,1.4,,,WON,
2026-04-11T14:00:00+00:00,National League - North,Chorley,Curzon Ashton,Over/Under Goals,Under 3.5,1.53,,,WON,
2026-04-11T14:00:00+00:00,National League - North,Darlington 1883,Marine,Asian Handicap,Away -1.25,1.48,,,WON,
2026-04-11T14:00:00+00:00,National League - North,Kidderminster Harriers,King's Lynn Town,Asian Handicap,Away -1.25,1.62,,,LOST,
2026-04-11T14:00:00+00:00,National League - North,Merthyr Town,Macclesfield,Over/Under Goals,Under 3.5,1.67,,,WON,
2026-04-11T14:00:00+00:00,National League - North,Peterborough Sports,AFC Telford United,Asian Handicap,Home +1.25,1.55,,,WON,
2026-04-11T14:00:00+00:00,National League - North,Radcliffe,South Shields,Asian Handicap,Home +1.25,1.68,,,LOST,
2026-04-11T14:00:00+00:00,National League - South,AFC Hornchurch,Ebbsfleet United,BTTS,Yes,1.57,,,LOST,
2026-04-11T14:00:00+00:00,National League - South,AFC Totton,Dorking Wanderers,Over/Under Goals,Under 3.5,1.5,,,WON,
2026-04-11T14:00:00+00:00,National League - South,Bath City,Chesham United,Over/Under Goals,Over 1.5,1.28,,,WON,
2026-04-11T14:00:00+00:00,National League - South,Chelmsford City,Maidenhead,Double Chance,Draw/Away,1.62,,,WON,
2026-04-11T14:00:00+00:00,National League - South,Dover,Farnborough,Double Chance,Draw/Away,1.4,,,WON,
2026-04-11T14:00:00+00:00,National League - South,Hampton & Richmond,Chippenham Town,Team Total Goals,Over 0.5,1.2,,,WON,
2026-04-11T14:00:00+00:00,National League - South,Horsham,Maidstone Utd,Double Chance,Home/Draw,1.7,,,WON,
2026-04-11T14:00:00+00:00,National League - South,Slough Town,Torquay,Team Total Goals,Over 1.5,1.62,,,WON,
2026-04-11T14:00:00+00:00,National League - South,Tonbridge Angels,Salisbury,Double Chance,Draw/Away,1.65,,,LOST,
2026-04-11T14:00:00+00:00,National League - South,Worthing,Dagenham & Redbridge,1X2 / Match Winner,Home,1.53,,,WON,
2026-04-11T14:00:00+00:00,Non League Premier - Northern,Ashton United,Workington,Over/Under Goals,Under 3.5,1.22,,,WON,
2026-04-11T14:00:00+00:00,Non League Premier - Northern,Cleethorpes Town,Hebburn Town,1X2 / Match Winner,Draw,3.4,,,LOST,
2026-04-11T14:00:00+00:00,Non League Premier - Northern,Guiseley AFC,United of Manchester,Double Chance,Home/Draw,1.55,,,LOST,
2026-04-11T14:00:00+00:00,Non League Premier - Northern,Hednesford Town,Morpeth Town,1X2 / Match Winner,Home,1.5,,,WON,
2026-04-11T14:00:00+00:00,Non League Premier - Northern,Ilkeston Town,Bamber Bridge,Over/Under Goals,Under 3.5,1.27,,,WON,
2026-04-11T14:00:00+00:00,Non League Premier - Northern,Lancaster City,Gainsborough Trinity,Asian Handicap,Home +0,1.62,,,WON,
2026-04-11T14:00:00+00:00,Non League Premier - Northern,Leek Town,Prescot Cables,Asian Handicap,Home +0,1.49,,,WON,
2026-04-11T14:00:00+00:00,Non League Premier - Northern,Rylands,Stocksbridge Park Steels,Over/Under Goals,Under 3.5,1.31,,,LOST,
2026-04-11T14:00:00+00:00,Non League Premier - Northern,Stockton Town,Rushall Olympic,Over/Under Goals,Under 3.5,1.31,,,LOST,
2026-04-11T14:00:00+00:00,Non League Premier - Northern,Whitby Town,Hyde United,Double Chance,Draw/Away,1.4,,,WON,
2026-04-11T14:00:00+00:00,Premier League,Brentford,Everton,1X2 / Match Winner,Draw,3.5,,,WON,
2026-04-11T14:00:00+00:00,Premier League,Burnley,Brighton,Over/Under Goals,Under 3.5,1.42,,,WON,
2026-04-11T14:00:00+00:00,Premiership,Aberdeen,Hibernian,Over/Under Goals,Under 3.5,1.33,,,WON,
2026-04-11T14:00:00+00:00,Premiership,Bangor,Glenavon FC,Double Chance,Draw/Away,1.42,,,WON,
2026-04-11T14:00:00+00:00,Premiership,Carrick Rangers,Ballymena United,Over/Under Goals,Under 3.5,1.33,,,LOST,
2026-04-11T14:00:00+00:00,Premiership,Celtic,ST Mirren,Over/Under Goals,Under 3.5,1.75,,,WON,
2026-04-11T14:00:00+00:00,Premiership,Coleraine FC,Cliftonville FC,1X2 / Match Winner,Home,1.44,,,WON,
2026-04-11T14:00:00+00:00,Premiership,Crusaders FC,Portadown,Team Total Goals,Under 2.5,1.17,,,WON,
2026-04-11T14:00:00+00:00,Premiership,Dundee Utd,Livingston,Over/Under Goals,Under 3.5,1.42,,,LOST,
2026-04-11T14:00:00+00:00,Premiership,Glentoran,Dungannon Swifts,Over/Under Goals,Under 3.5,1.42,,,LOST,
2026-04-11T14:00:00+00:00,Premiership,Heart Of Midlothian,Motherwell,Team Total Goals,Under 2.5,1.2,,,LOST,
2026-04-11T14:00:00+00:00,Premiership,Kilmarnock,Dundee,Over/Under Goals,Over 1.5,1.25,,,WON,
2026-04-11T14:00:00+00:00,Premyer Liqa,Sabah FA,Zira,Asian Handicap,Home +0.25,1.16,,,WON,
2026-04-11T14:00:00+00:00,Prva HNL,NK Lokomotiva Zagreb,Istra 1961,Double Chance,Draw/Away,1.56,,,LOST,
2026-04-11T14:00:00+00:00,Super Lig,Alanyaspor,Trabzonspor,Over/Under Goals,Over 1.5,1.25,,,WON,
2026-04-11T14:15:00+00:00,La Liga,Elche,Valencia,Asian Handicap,Away -0.5,1.62,,,LOST,
2026-04-11T14:15:00+00:00,Liga I,Uta Arad,FC Botosani,Asian Handicap,Home +0,1.53,,,WON,
2026-04-11T14:15:00+00:00,Segunda Division,Burgos,Sporting Gijon,Asian Handicap,Home +0,1.48,,,WON,
2026-04-11T14:15:00+00:00,Segunda Division,Leganes,Albacete,Over/Under Goals,Over 1.5,1.3,,,WON,
2026-04-11T14:30:00+00:00,2. SNL,Nafta,Dekani,Over/Under Goals,Over 1.5,1.19,,,WON,
2026-04-11T14:30:00+00:00,3. Liga,Hansa Rostock,SSV Ulm 1846,Over/Under Goals,Over 1.5,1.18,,,WON,
2026-04-11T14:30:00+00:00,Eerste Divisie,VVV Venlo,De Graafschap,Double Chance,Draw/Away,1.42,,,WON,
2026-04-11T14:30:00+00:00,Eredivisie,Utrecht,Telstar,1X2 / Match Winner,Home,1.66,,,WON,
2026-04-11T14:30:00+00:00,First NL,Hrvace,Sesvete,Double Chance,Draw/Away,1.5,,,LOST,
2026-04-11T14:30:00+00:00,Primeira Liga,AVS,Guimaraes,Over/Under Goals,Under 3.5,1.33,,,WON,
2026-04-11T15:00:00+00:00,2. SNL,Bilje,Jesenice,Over/Under Goals,Under 3.5,1.38,,,WON,
2026-04-11T15:00:00+00:00,Erovnuli Liga 2,Telavi,Aragvi Dusheti,Double Chance,Draw/Away,1.53,,,LOST,
2026-04-11T15:00:00+00:00,Júniores U19,Alverca U19,Mafra U19,Over/Under Goals,Under 3.5,1.28,,,WON,
2026-04-11T15:00:00+00:00,Júniores U19,Sporting Braga U19,Chaves U19,1X2 / Match Winner,Home,1.25,,,WON,
2026-04-11T15:00:00+00:00,Júniores U19,Tondela U19,Belenenses U19,Double Chance,Home/Draw,1.18,,,WON,
2026-04-11T15:00:00+00:00,Júniores U19,Vizela U19,Vitoria Guimaraes U19,Over/Under Goals,Over 2.5,1.53,,,WON,
2026-04-11T15:00:00+00:00,Premier League,Pyramids FC,AL Masry,Over/Under Goals,Under 3.5,1.28,,,WON,
2026-04-11T15:00:00+00:00,Premier League,Veres Rivne,Obolon'-Brovar,Over/Under Goals,Under 3.5,1.24,,,WON,
2026-04-11T15:00:00+00:00,Super Liga,Petrocub,Zimbru,Asian Handicap,Home +0,1.63,,,WON,
2026-04-11T15:00:00+00:00,Super Liga,Sheriff Tiraspol,Milsami Orhei,1X2 / Match Winner,Home,1.57,,,WON,
2026-04-11T15:00:00+00:00,Superettan,Ostersunds FK,Norrby IF,Over/Under Goals,Under 3.5,1.38,,,WON,
2026-04-11T15:00:00+00:00,Tipp3 Bundesliga,SCR Altach,Grazer AK,Over/Under Goals,Over 1.5,1.45,,,LOST,
2026-04-11T15:00:00+00:00,Tipp3 Bundesliga,Wolfsberger AC,Ried,Over/Under Goals,Over 1.5,1.28,,,LOST,
2026-04-11T15:00:00+00:00,Ykkösliiga,PK-35,Haka,Double Chance,Home/Draw,1.45,,,WON,
2026-04-11T15:15:00+00:00,Serie B,Avellino,Catanzaro,Double Chance,Home/Draw,1.44,,,WON,
2026-04-11T15:30:00+00:00,1. Liga Promotion,SC Kriens,Vevey Sports,Team Total Goals,Over 0.5,1.7,,,LOST,
2026-04-11T15:30:00+00:00,Ekstraklasa,Zaglebie Lubin,Radomiak Radom,Asian Handicap,Home +0.5,1.53,,,WON,
2026-04-11T15:30:00+00:00,Premier League,Marsaxlokk,Hamrun Spartans,Over/Under Goals,Under 3.5,1.25,,,LOST,
2026-04-11T15:30:00+00:00,Premier League,Tarxien Rainbows,Mosta,Double Chance,Home/Draw,1.44,,,WON,
2026-04-11T15:30:00+00:00,Premier Soccer League,Sekhukhune United,Magesi,Double Chance,Home/Draw,1.15,,,WON,
2026-04-11T15:30:00+00:00,Serie C - Girone B,Forli,Ascoli,Over/Under Goals,Under 3.5,1.3,,,WON,
2026-04-11T15:30:00+00:00,Ykkösliiga,EIF,JIPPO,Double Chance,Home/Draw,1.67,,,LOST,
2026-04-11T15:45:00+00:00,NB I,MTK Budapest,Zalaegerszegi TE,Double Chance,Draw/Away,1.48,,,LOST,
2026-04-11T16:00:00+00:00,2. SNL,Triglav,Dravinja,Over/Under Goals,Under 3.5,1.66,,,WON,
2026-04-11T16:00:00+00:00,CAF Confederation Cup,USM Alger,Olympique Safi,Over/Under Goals,Under 3.5,1.17,,,WON,
2026-04-11T16:00:00+00:00,Czech Liga,Slovácko,Hradec Králové,Over/Under Goals,Over 1.5,1.35,,,WON,
2026-04-11T16:00:00+00:00,Eliteserien,Viking,Bodo/Glimt,Asian Handicap,Home +1.25,1.4,,,WON,
2026-04-11T16:00:00+00:00,Erovnuli Liga,Saburtalo,Meshakhte,Over/Under Goals,Under 3.5,1.25,,,LOST,
2026-04-11T16:00:00+00:00,Liga 3,CF Os Belenenses,Guimaraes B,1X2 / Match Winner,Draw,3.5,,,WON,
2026-04-11T16:00:00+00:00,Premyer Liqa,Neftchi Baku,Araz,1X2 / Match Winner,Home,1.52,,,WON,
2026-04-11T16:00:00+00:00,Pro League,Al Najma,NEOM,Over/Under Goals,Over 1.5,1.18,,,WON,
2026-04-11T16:00:00+00:00,Pro League,Al Taawon,Al Kholood,Over/Under Goals,Over 2.5,1.65,,,WON,
2026-04-11T16:00:00+00:00,Serie A,AC Milan,Udinese,Over/Under Goals,Under 3.5,1.38,,,WON,
2026-04-11T16:00:00+00:00,Super League,FC Winterthur,Grasshoppers,Over/Under Goals,Under 3.5,1.5,,,WON,
2026-04-11T16:00:00+00:00,Super League,FC Zurich,FC Lugano,Over/Under Goals,Under 3.5,1.48,,,WON,
2026-04-11T16:00:00+00:00,Super Liga,Slovan Bratislava,Spartak Trnava,Team Total Goals,Over 0.5,1.15,,,WON,
2026-04-11T16:00:00+00:00,TFF 1. Lig,Bodrum FK,Bandırmaspor,1X2 / Match Winner,Draw,3.5,,,WON,
2026-04-11T16:00:00+00:00,Tweede Divisie,De Treffers,ACV,BTTS,Yes,1.62,,,WON,
2026-04-11T16:05:00+00:00,Pro League,Al-Hazm,Al-Fayha,Double Chance,Draw/Away,1.5,,,LOST,
2026-04-11T16:15:00+00:00,Jupiler Pro League,Standard Liege,KVC Westerlo,Over/Under Goals,Under 3.5,1.33,,,WON,
2026-04-11T16:15:00+00:00,Ligue 1,Génération Foot,DSC,Double Chance,Home/Draw,1.17,,,WON,
2026-04-11T16:15:00+00:00,Professional League,Al-Rustaq,Al-Nahda,Over/Under Goals,Under 3.5,1.25,,,WON,
2026-04-11T16:30:00+00:00,Bundesliga 1,FC St. Pauli,Bayern München,Result + Total Goals,Away/Over 1.5,1.53,,,WON,
2026-04-11T16:30:00+00:00,La Liga,Barcelona,Espanyol,1X2 / Match Winner,Home,1.27,,,WON,
2026-04-11T16:30:00+00:00,League One,Stenhousemuir,Inverness CT,Over/Under Goals,Under 3.5,1.22,,,WON,
2026-04-11T16:30:00+00:00,Ligue 1,AJEL,Ouakam,Asian Handicap,Home +0,1.53,,,WON,
2026-04-11T16:30:00+00:00,Premier League,Baltika,Nizhny Novgorod,1X2 / Match Winner,Home,1.55,,,LOST,
2026-04-11T16:30:00+00:00,Premier League,Liverpool,Fulham,Over/Under Goals,Over 1.5,1.17,,,WON,
2026-04-11T16:30:00+00:00,Pro League,Ajman,Al-Wasl FC,Over/Under Goals,Over 1.5,1.25,,,WON,
2026-04-11T16:30:00+00:00,Pro League,Khorfakkan,Al Bataeh,Over/Under Goals,Over 1.5,1.22,,,WON,
2026-04-11T16:30:00+00:00,Segunda Division,Malaga,Las Palmas,Over/Under Goals,Over 1.5,1.36,,,WON,
2026-04-11T16:45:00+00:00,Eredivisie,Sparta Rotterdam,PSV Eindhoven,Team Total Goals,Over 0.5,1.22,,,LOST,
2026-04-11T17:00:00+00:00,1. Liga Promotion,Lausanne Sport II,Zürich II,Over/Under Goals,Over 2.5,1.44,,,WON,
2026-04-11T17:00:00+00:00,2. SNL,Rudar,Ilirija,Team Total Goals,Over 0.5,1.4,,,LOST,
2026-04-11T17:00:00+00:00,Liga I,FCSB,Oţelul,Over/Under Goals,Over 1.5,1.28,,,WON,
2026-04-11T17:00:00+00:00,Ligat Ha'al,Bnei Sakhnin,Maccabi Bnei Raina,Over/Under Goals,Under 2.5,1.7,,,WON,
2026-04-11T17:00:00+00:00,Ligat Ha'al,Hapoel Petah Tikva,Hapoel Tel Aviv,Over/Under Goals,Under 3.5,1.36,,,WON,
2026-04-11T17:00:00+00:00,Ligat Ha'al,Ironi Tiberias,Ashdod,Over/Under Goals,Over 1.5,1.28,,,LOST,
2026-04-11T17:00:00+00:00,Ligat Ha'al,Maccabi Netanya,Hapoel Haifa,Over/Under Goals,Over 2.5,1.62,,,LOST,
2026-04-11T17:00:00+00:00,Ligue 1,Auxerre,Nantes,Over/Under Goals,Under 3.5,1.2,,,WON,
2026-04-11T17:00:00+00:00,Ligue 1,Wally Daan,HLM,BTTS,No,1.43,,,WON,
2026-04-11T17:00:00+00:00,Primeira Liga,Santa Clara,Rio Ave,Over/Under Goals,Over 1.5,1.45,,,WON,
2026-04-11T17:00:00+00:00,Segunda Liga,Benfica B,União de Leiria,Double Chance,Draw/Away,1.47,,,WON,
2026-04-11T17:00:00+00:00,Segunda Liga,Chaves,Torreense,Over/Under Goals,Under 3.5,1.28,,,WON,
2026-04-11T17:00:00+00:00,Super Lig,Kayserispor,Fenerbahçe,Over/Under Goals,Under 3.5,1.5,,,LOST,
2026-04-11T17:30:00+00:00,Serie B,Monza,Bari,Over/Under Goals,Over 1.5,1.2,,,WON,
2026-04-11T17:30:00+00:00,Tipp3 Bundesliga,FC BW Linz,WSG Wattens,Over/Under Goals,Over 2.5,2.0,,,WON,
2026-04-11T18:00:00+00:00,Challenger Pro League,Francs Borains,KRC Genk II,Asian Handicap,Home +0,1.55,,,WON,
2026-04-11T18:00:00+00:00,Challenger Pro League,Lommel United,Club Brugge II,Over/Under Goals,Over 1.5,1.15,,,LOST,
2026-04-11T18:00:00+00:00,Challenger Pro League,Olympic Charleroi,K. Lierse S.K.,Over/Under Goals,Under 3.5,1.4,,,WON,
2026-04-11T18:00:00+00:00,Challenger Pro League,SK Beveren,Kortrijk,Over/Under Goals,Over 1.5,1.28,,,LOST,
2026-04-11T18:00:00+00:00,Eredivisie,Groningen,GO Ahead Eagles,Over/Under Goals,Over 1.5,1.15,,,LOST,
2026-04-11T18:00:00+00:00,Ligue 2,Saint Etienne,Dunkerque,Over/Under Goals,Over 2.5,1.67,,,WON,
2026-04-11T18:00:00+00:00,NB I,Nyiregyhaza,Paks,Over/Under Goals,Over 1.5,1.18,,,WON,
2026-04-11T18:00:00+00:00,Premier League,Al Ahly,Smouha SC,Over/Under Goals,Over 1.5,1.4,,,WON,
2026-04-11T18:00:00+00:00,Premier League,Enppi,Ceramica Cleopatra,Over/Under Goals,Over 1.5,1.45,,,WON,
2026-04-11T18:00:00+00:00,Premier Soccer League,Chippa United,Polokwane City,Asian Handicap,Home +0.25,1.68,,,WON,
2026-04-11T18:00:00+00:00,Primera Division,Deportivo Riestra,Instituto Cordoba,Over/Under Goals,Under 2.5,1.36,,,WON,
2026-04-11T18:00:00+00:00,Pro League,Al Okhdood,Al-Nassr,Team Total Goals,Over 2.5,1.42,,,LOST,
2026-04-11T18:00:00+00:00,Segunda División,La Luz,Uruguay Montevideo,Over/Under Goals,Over 1.5,1.45,,,WON,
2026-04-11T18:15:00+00:00,Ekstraklasa,Legia Warszawa,Gornik Zabrze,Over/Under Goals,Under 3.5,1.33,,,WON,
2026-04-11T18:30:00+00:00,Bundesliga 2,SV Darmstadt 98,Hannover 96,Over/Under Goals,Under 3.5,1.62,,,WON,
2026-04-11T18:30:00+00:00,Primera B Metropolitana,Real Pilar,Deportivo Armenio,Over/Under Goals,Over 1.5,1.57,,,LOST,
2026-04-11T18:30:00+00:00,Primera B Metropolitana,San Martín Burzaco,Defensores Unidos,Over/Under Goals,Under 3.5,1.17,,,WON,
2026-04-11T18:30:00+00:00,Primera B Metropolitana,Sportivo Italiano,Comunicaciones,Asian Handicap,Home +0,1.4,,,WON,
2026-04-11T18:30:00+00:00,Primera B Metropolitana,Villa Dalmine,Deportivo Laferrere,Double Chance,Home/Draw,1.15,,,WON,
2026-04-11T18:30:00+00:00,Primera B Metropolitana,Villa San Carlos,Argentino Quilmes,Asian Handicap,Home +0.25,1.6,,,WON,
2026-04-11T18:30:00+00:00,Primera C,Canuelas,Atletico Atlas,Double Chance,Home/Draw,1.2,,,WON,
2026-04-11T18:30:00+00:00,Primera C,Centro Español,Berazategui,Over/Under Goals,Under 2.5,1.48,,,WON,
2026-04-11T18:30:00+00:00,Primera C,Deportivo Paraguayo,Sacachispas,Over/Under Goals,Under 3.5,1.18,,,WON,
2026-04-11T18:30:00+00:00,Primera C,Leandro N. Alem,Defensores de Cambaceres,Double Chance,Draw/Away,1.57,,,WON,
2026-04-11T18:30:00+00:00,Primera Division,Independ. Rivadavia,Argentinos JRS,Asian Handicap,Away -0.5,1.42,,,LOST,
2026-04-11T18:30:00+00:00,Primera División - Apertura,Defensor Sporting,Boston River,Over/Under Goals,Under 3.5,1.2,,,WON,
2026-04-11T18:30:00+00:00,Primera Nacional,Almagro,Patronato,Over/Under Goals,Under 2.5,1.33,,,WON,
2026-04-11T18:30:00+00:00,Primera Nacional,San Telmo,Godoy Cruz,Double Chance,Home/Draw,1.67,,,WON,
2026-04-11T18:45:00+00:00,Jupiler Pro League,St. Truiden,Club Brugge KV,Over/Under Goals,Over 2.5,1.48,,,WON,
2026-04-11T18:45:00+00:00,Serie A,Atalanta,Juventus,Over/Under Goals,Over 1.5,1.28,,,LOST,
2026-04-11T19:00:00+00:00,CAF Champions League,FAR Rabat,Renaissance Berkane,Over/Under Goals,Over 1.5,1.44,,,WON,
2026-04-11T19:00:00+00:00,Eredivisie,Heracles,Ajax,1X2 / Match Winner,Away,1.62,,,WON,
2026-04-11T19:00:00+00:00,La Liga,Sevilla,Atletico Madrid,Asian Handicap,Home +0.5,1.65,,,WON,
2026-04-11T19:00:00+00:00,Liga Pro,Mushuc Runa SC,Manta FC,Over/Under Goals,Under 3.5,1.28,,,WON,
2026-04-11T19:00:00+00:00,Primera B,Union San Felipe,Curico Unido,Double Chance,Draw/Away,1.65,,,WON,
2026-04-11T19:00:00+00:00,Primera Division,D. La Serena,Everton de Vina,Double Chance,Draw/Away,1.65,,,LOST,
2026-04-11T19:00:00+00:00,Primera División,ABB,Bolívar,BTTS,Yes,1.4,,,LOST,
2026-04-11T19:00:00+00:00,Segunda Division,Cordoba,Zaragoza,Over/Under Goals,Over 1.5,1.28,,,LOST,
2026-04-11T19:00:00+00:00,Serie B,Juventude,Goias,Over/Under Goals,Under 3.5,1.18,,,WON,
2026-04-11T19:05:00+00:00,Ligue 1,Rennes,Angers,Over/Under Goals,Under 3.5,1.45,,,WON,
2026-04-11T19:30:00+00:00,Primeira Liga,Estrela,Sporting CP,Over/Under Goals,Over 2.5,1.45,,,LOST,
2026-04-11T19:30:00+00:00,Serie A,Remo,Vasco DA Gama,Asian Handicap,Home +0.5,1.6,,,WON,
2026-04-11T19:30:00+00:00,Serie A,Vitoria,Sao Paulo,Over/Under Goals,Under 3.5,1.2,,,WON,
2026-04-11T20:00:00+00:00,Liga Mayor,Atlético Pantoja,Moca,Asian Handicap,Home +0.25,1.15,,,WON,
2026-04-11T20:00:00+00:00,Primera C,Mercedes,Argentino Rosario,Double Chance,Draw/Away,1.4,,,LOST,
2026-04-11T20:00:00+00:00,USL Super League,Fort Lauderdale United W,Sporting JAX W,1X2 / Match Winner,Away,1.44,,,WON,
2026-04-11T20:15:00+00:00,Primera Division,Estudiantes L.P.,Union Santa Fe,Asian Handicap,Away -0.5,1.62,,,LOST,
2026-04-11T21:00:00+00:00,Primera A,Águilas Doradas,Junior,Over/Under Goals,Under 3.5,1.25,,,WON,
2026-04-11T21:00:00+00:00,Primera B Metropolitana,Deportivo Merlo,Ituzaingó,Double Chance,Home/Draw,1.18,,,WON,
2026-04-11T21:00:00+00:00,Primera División,Portuguesa FC,Puerto Cabello,Double Chance,Draw/Away,1.44,,,LOST,
2026-04-11T21:00:00+00:00,Serie B,Ponte Preta,Vila Nova,Over/Under Goals,Under 3.5,1.18,,,WON,
2026-04-11T21:00:00+00:00,Serie B,Sport Recife,Avai,Over/Under Goals,Under 2.5,1.65,,,LOST,
2026-04-11T21:00:00+00:00,USL League One,Union Omaha,Forward Madison,Over/Under Goals,Over 2.5,1.7,,,LOST,
2026-04-11T21:15:00+00:00,Division Profesional - Apertura,Sportivo Luqueno,Deportivo Recoleta,Double Chance,Draw/Away,1.65,,,LOST,
2026-04-11T21:15:00+00:00,Primera División,Nacional Potosí,Universitario de Vinto,1X2 / Match Winner,Home,1.55,,,WON,
2026-04-11T21:30:00+00:00,Liga Premier Serie A,Chapulineros,Pioneros de Cancún,Over/Under Goals,Under 3.5,1.7,,,WON,
2026-04-11T21:30:00+00:00,Primera B,Deportes Santa Cruz,Magallanes,Double Chance,Home/Draw,1.48,,,WON,
2026-04-11T21:30:00+00:00,Primera Division,A. Italiano,U. Catolica,Over/Under Goals,Over 1.5,1.42,,,WON,
2026-04-11T21:30:00+00:00,Serie A,Mirassol,Bahia,Asian Handicap,Away -0.5,1.6,,,WON,
2026-04-11T22:00:00+00:00,Primera División,Monagas SC,Rayo Zuliano,Over/Under Goals,Over 1.5,1.15,,,WON,
2026-04-11T22:00:00+00:00,USL League One,Portland Hearts of Pine,One Knoxville,Double Chance,Home/Draw,1.62,,,WON,
2026-04-11T22:30:00+00:00,Division di Honor,Bubali,Britannia,BTTS,Yes,1.28,,,LOST,
2026-04-11T22:30:00+00:00,Primera Division,Boca Juniors,Independiente,Over/Under Goals,Under 3.5,1.2,,,WON,
2026-04-11T23:00:00+00:00,Liga MX,Club Queretaro,Necaxa,Over/Under Goals,Under 3.5,1.33,,,LOST,
2026-04-11T23:00:00+00:00,Liga MX,Tigres UANL,Guadalajara Chivas,Double Chance,Draw/Away,1.53,,,LOST,
2026-04-11T23:00:00+00:00,Liga de Expansión MX,Tapatío,Irapuato,BTTS,Yes,1.57,,,WON,
2026-04-11T23:00:00+00:00,Primera División,Metropolitanos FC,Zamora FC,Team Total Goals,Over 0.5,1.22,,,LOST,
2026-04-11T23:00:00+00:00,Serie A,Santos,Atletico-MG,1X2 / Match Winner,Draw,3.35,,,LOST,
2026-04-11T23:00:00+00:00,USL Super League,Carolina Ascent W,Lexington W,Double Chance,Draw/Away,1.5,,,LOST,
2026-04-11T23:30:00+00:00,Division Profesional - Apertura,Nacional Asuncion,Cerro Porteno,Over/Under Goals,Over 1.5,1.4,,,LOST,
2026-04-11T23:30:00+00:00,Primera División,Aurora,Always Ready,Double Chance,Draw/Away,1.5,,,WON,
2026-04-11T23:30:00+00:00,Serie A,Internacional,Gremio,Team Total Goals,Under 2.5,1.2,,,WON,
2026-04-11T23:30:00+00:00,Serie B,Ceara,Nautico Recife,Team Total Goals,Under 2.5,1.17,,,WON,
2026-04-11T23:30:00+00:00,USL Super League,Tampa Bay Sun W,DC Power W,Over/Under Goals,Under 3.5,1.25,,,WON,
2026-04-12T00:00:00+00:00,Liga Pro,Orense SC,Libertad,Over/Under Goals,Under 3.5,1.28,,,WON,
2026-04-12T00:00:00+00:00,Primera Division,Palestino,Deportes Limache,Over/Under Goals,Over 1.5,1.2,,,LOST,
2026-04-12T00:30:00+00:00,Major League Soccer,Chicago Fire,Atlanta United FC,Over/Under Goals,Under 3.5,1.5,,,WON,
2026-04-12T00:30:00+00:00,Major League Soccer,FC Dallas,St. Louis City,Asian Handicap,Home +0,1.5,,,WON,
2026-04-12T00:30:00+00:00,Major League Soccer,Sporting Kansas City,San Jose Earthquakes,Over/Under Goals,Over 1.5,1.15,,,WON,
2026-04-12T00:45:00+00:00,Primera Division,Estudiantes de Rio Cuarto,Barracas Central,BTTS,No,1.5,,,LOST,
2026-04-12T01:00:00+00:00,Liga MX,Atlas,Monterrey,Over/Under Goals,Under 3.5,1.36,,,WON,
2026-04-12T01:00:00+00:00,Liga MX,Pachuca,Santos Laguna,Over/Under Goals,Under 3.5,1.7,,,LOST,
2026-04-12T01:00:00+00:00,Liga de Expansión MX,Cancún,Atlante FC,Over/Under Goals,Over 2.5,1.95,,,WON,
2026-04-12T01:00:00+00:00,Liga de Expansión MX,Monarcas,Tlaxcala,Over/Under Goals,Under 3.5,1.5,,,WON,
2026-04-12T01:00:00+00:00,Liga de Expansión MX,Venados FC,Leones Negros UDG,Over/Under Goals,Under 3.5,1.62,,,WON,
2026-04-12T01:20:00+00:00,Primera A,Independiente Medellin,Atletico Nacional,Asian Handicap,Home +0.5,1.62,,,LOST,
2026-04-12T01:30:00+00:00,Major League Soccer,Colorado Rapids,Houston Dynamo,Over/Under Goals,Over 1.5,1.22,,,WON,
2026-04-12T02:30:00+00:00,Major League Soccer,San Diego,Minnesota United FC,Over/Under Goals,Over 1.5,1.18,,,WON,
2026-04-12T03:05:00+00:00,Liga MX,Club America,Cruz Azul,1X2 / Match Winner,Draw,3.55,,,WON,
2026-04-12T05:00:00+00:00,A-League,Melbourne City,Wellington Phoenix,Over/Under Goals,Under 3.5,1.48,,,WON,
2026-04-12T05:00:00+00:00,K-League Classic,Daejeon Citizen,Gangwon FC,Over/Under Goals,Under 2.5,1.7,,,WON,
2026-04-12T05:00:00+00:00,New South Wales NPL,Blacktown City,Wollongong Wolves,Double Chance,Draw/Away,1.44,,,WON,
2026-04-12T05:00:00+00:00,New South Wales NPL,Sydney FC U23,St. George Saints,Double Chance,Home/Draw,1.5,,,WON,
2026-04-12T05:00:00+00:00,New South Wales NPL,Western Sydney Wanderers U23,NWS Spirit,Double Chance,Home/Draw,1.67,,,WON,
2026-04-12T05:00:00+00:00,Victoria NPL,Melbourne City II,Sunshine Georgies,Team Total Goals,Over 0.5,1.17,,,WON,
2026-04-12T07:00:00+00:00,J. League Div.1,Kawasaki Frontale,Kashima,Over/Under Goals,Over 1.5,1.22,,,WON,
2026-04-12T07:00:00+00:00,New South Wales NPL,Sydney United,St George City FA,Double Chance,Home/Draw,1.22,,,WON,
2026-04-12T07:00:00+00:00,Ofc Pro League,Bula,Hekari United,Team Total Goals,Over 0.5,1.48,,,LOST,
2026-04-12T07:30:00+00:00,K-League Classic,Gimcheon Sangmu FC,FC Anyang,Over/Under Goals,Under 3.5,1.3,,,WON,
2026-04-12T08:15:00+00:00,3. liga - CFL A,Dukla Praha II,Táborsko II,Over/Under Goals,Under 3.5,1.56,,,LOST,
2026-04-12T08:15:00+00:00,3. liga - CFL B,Hradec Králové II,Velké Hamry,Double Chance,Home/Draw,1.4,,,WON,
2026-04-12T08:15:00+00:00,3. liga - CFL B,Pardubice II,Kolín,Over/Under Goals,Under 3.5,1.58,,,WON,
2026-04-12T08:30:00+00:00,3. liga - CFL A,Viktoria Plzeň II,Králův Dvůr,1X2 / Match Winner,Home,1.5,,,WON,
2026-04-12T08:30:00+00:00,3. liga - Center,Jednota Bánová,MFK Bytča,1X2 / Match Winner,Away,1.53,,,LOST,
2026-04-12T08:30:00+00:00,3. liga - West,Rača,Galanta,Team Total Goals,Over 0.5,1.2,,,WON,
2026-04-12T08:30:00+00:00,Erste Liga,First Vienna,Sturm Graz II,Over/Under Goals,Under 3.5,1.33,,,WON,
2026-04-12T08:30:00+00:00,Liga 1,Persis Solo,Semen Padang,Over/Under Goals,Under 3.5,1.4,,,WON,
2026-04-12T09:00:00+00:00,A-League,Perth Glory,Macarthur,Over/Under Goals,Under 3.5,1.55,,,LOST,
2026-04-12T09:00:00+00:00,Oberliga - Bremen,Geestemünde,BTS Neustadt,Team Total Goals,Under 2.5,1.55,,,WON,
2026-04-12T10:00:00+00:00,2. Lig,Somaspor,68 Aksaray Belediyespor,Over/Under Goals,Under 3.5,1.36,,,WON,
2026-04-12T10:00:00+00:00,First League,Ural,FC UFA,1X2 / Match Winner,Home,1.61,,,LOST,
2026-04-12T10:00:00+00:00,Liga Revelação U23,Benfica U23,Leixões U23,1X2 / Match Winner,Home,1.6,,,WON,
2026-04-12T10:00:00+00:00,Premier League,Kudrivka,Kryvbas KR,Over/Under Goals,Under 3.5,1.3,,,WON,
2026-04-12T10:00:00+00:00,Segunda Liga,Feirense,Vizela,Over/Under Goals,Under 3.5,1.22,,,WON,
2026-04-12T10:15:00+00:00,Eerste Divisie,Dordrecht,ADO Den Haag,Team Total Goals,Over 1.5,1.62,,,LOST,
2026-04-12T10:15:00+00:00,Ekstraklasa,Cracovia Krakow,Arka Gdynia,1X2 / Match Winner,Draw,3.4,,,WON,
2026-04-12T10:15:00+00:00,Eredivisie,Fortuna Sittard,NAC Breda,Over/Under Goals,Under 3.5,1.5,,,WON,
2026-04-12T10:30:00+00:00,Division 2 - Norrland,Lucksta,IFK Östersund,Over/Under Goals,Over 2.5,1.28,,,LOST,
2026-04-12T10:30:00+00:00,Serie A,Genoa,Sassuolo,Over/Under Goals,Under 3.5,1.25,,,WON,
2026-04-12T10:30:00+00:00,Serie C - Girone B,Juventus U23,Guidonia Montecelio 1937,Over/Under Goals,Over 1.5,1.4,,,LOST,
2026-04-12T10:30:00+00:00,Serie C - Girone B,Ternana,Perugia,Over/Under Goals,Under 2.5,1.62,,,LOST,
2026-04-12T10:30:00+00:00,TFF 1. Lig,Vanspor FK,Manisa F.K.,Asian Handicap,Away -1.25,1.41,,,WON,
2026-04-12T11:00:00+00:00,C-League,Kompong Dewa,Svay Rieng,1X2 / Match Winner,Away,1.21,,,WON,
2026-04-12T11:00:00+00:00,C-League,NagaWorld,Boeung Ket,Over/Under Goals,Under 3.5,1.24,,,LOST,
2026-04-12T11:00:00+00:00,C-League,Phnom Penh Crown,Angkor Tiger,Team Total Goals,Over 0.5,1.23,,,LOST,
2026-04-12T11:00:00+00:00,Campeonato de Portugal Prio - Group C,Lusitânia,Oliveira Hospital,Over/Under Goals,Under 3.5,1.28,,,WON,
2026-04-12T11:00:00+00:00,Campionato Primavera - 1,Fiorentina U20,Sassuolo U20,1X2 / Match Winner,Home,1.63,,,LOST,
2026-04-12T11:00:00+00:00,Campionato Primavera - 1,Frosinone U20,Cagliari U20,Double Chance,Home/Draw,1.42,,,LOST,
2026-04-12T11:00:00+00:00,Championship,Birmingham,Wrexham,Over/Under Goals,Under 3.5,1.38,,,WON,
2026-04-12T11:00:00+00:00,Czech Liga,Karviná,Slovan Liberec,Over/Under Goals,Under 3.5,1.38,,,LOST,
2026-04-12T11:00:00+00:00,Division 2 - Norra Svealand,Viggbyholms IK,Sunnersta,Double Chance,Draw/Away,1.9,,,WON,
2026-04-12T11:00:00+00:00,Ettan - Norra,Umeå FC,Arlanda,1X2 / Match Winner,Home,1.47,,,LOST,
2026-04-12T11:00:00+00:00,Premier League 2 Division One,Burnley U21,Blackburn Rovers U21,Double Chance,Draw/Away,1.67,,,WON,
2026-04-12T11:00:00+00:00,Premier League,CSKA Moscow,FC Sochi,Over/Under Goals,Over 2.5,1.47,,,LOST,
2026-04-12T11:00:00+00:00,Premiership,Falkirk,Rangers,Over/Under Goals,Over 1.5,1.25,,,WON,
2026-04-12T11:00:00+00:00,Second League,Grbalj,Berane,Over/Under Goals,Under 3.5,1.29,,,WON,
2026-04-12T11:00:00+00:00,Super League,Tianjin Teda,Qingdao Jonoon,Double Chance,Draw/Away,1.7,,,WON,
2026-04-12T11:15:00+00:00,A Lyga,TransINVEST Vilnius,Panevėžys,Over/Under Goals,Under 3.5,1.28,,,WON,
2026-04-12T11:15:00+00:00,First NL,Jarun,Orijent 1919,Double Chance,Home/Draw,1.42,,,WON,
2026-04-12T11:30:00+00:00,Bundesliga 2,SC Paderborn 07,1. FC Magdeburg,Over/Under Goals,Over 2.5,1.48,,,WON,
2026-04-12T11:30:00+00:00,Bundesliga 2,SV Elversberg,FC Schalke 04,Over/Under Goals,Under 3.5,1.4,,,WON,
2026-04-12T11:30:00+00:00,Bundesliga 2,VfL Bochum,Eintracht Braunschweig,Over/Under Goals,Over 1.5,1.18,,,WON,
2026-04-12T11:30:00+00:00,Jupiler Pro League,KV Mechelen,Union St. Gilloise,Over/Under Goals,Under 3.5,1.36,,,WON,
2026-04-12T11:30:00+00:00,Meistriliiga,Kalju Nomme,FC Levadia Tallinn,Over/Under Goals,Under 3.5,1.33,,,WON,
2026-04-12T11:30:00+00:00,Meistriliiga,Tammeka,Paide,Over/Under Goals,Over 1.5,1.17,,,WON,
2026-04-12T11:30:00+00:00,Premyer Liqa,Qabala,Imisli FK,Over/Under Goals,Under 3.5,1.18,,,WON,
2026-04-12T11:30:00+00:00,Super Lig,Konyaspor,Fatih Karagümrük,Over/Under Goals,Under 3.5,1.28,,,WON,
2026-04-12T11:35:00+00:00,Super League,Beijing Guoan,Chengdu Better City,Over/Under Goals,Over 2.5,1.5,,,WON,
2026-04-12T12:00:00+00:00,2. Lig,Altınordu,Bucaspor 1928,Over/Under Goals,Under 3.5,1.46,,,WON,
2026-04-12T12:00:00+00:00,2. Lig,Ankara Demirspor,Bursaspor,Over/Under Goals,Under 3.5,1.41,,,WON,
2026-04-12T12:00:00+00:00,2. Lig,Ankaragücü,İnegölspor,Double Chance,Home/Draw,1.15,,,LOST,
2026-04-12T12:00:00+00:00,2. Lig,Batman Petrolspor,Beykoz Anadolu,Over/Under Goals,Under 3.5,1.73,,,WON,
2026-04-12T12:00:00+00:00,2. Lig,Beyoğlu Yeni Çarşı,Kepezspor,Over/Under Goals,Under 3.5,1.44,,,WON,
2026-04-12T12:00:00+00:00,2. Lig,Elazığspor,Erbaaspor,Over/Under Goals,Over 2.5,1.42,,,WON,
2026-04-12T12:00:00+00:00,2. Lig,Karacabey Belediyespor,Ankaraspor,Asian Handicap,Home +0,1.44,,,WON,
2026-04-12T12:00:00+00:00,2. Lig,Karaman FK,Muğlaspor,Over/Under Goals,Under 3.5,1.73,,,LOST,
2026-04-12T12:00:00+00:00,2. Lig,Şanlıurfaspor,Kastamonuspor,Over/Under Goals,Under 3.5,1.37,,,LOST,
2026-04-12T12:00:00+00:00,Allsvenskan,Djurgardens IF,Kalmar FF,Double Chance,Home/Draw,1.17,,,WON,
2026-04-12T12:00:00+00:00,Allsvenskan,Halmstad,Degerfors IF,Double Chance,Draw/Away,1.53,,,WON,
2026-04-12T12:00:00+00:00,Derde Divisie - Sunday,Blauw Geel,GOES,Over/Under Goals,Under 3.5,1.63,,,LOST,
2026-04-12T12:00:00+00:00,Derde Divisie - Sunday,TOGB,UNA,Asian Handicap,Home +0,1.54,,,WON,
2026-04-12T12:00:00+00:00,Division 2 - Västra Götaland,Åstorp,Hestrafor,Over/Under Goals,Over 2.5,1.44,,,LOST,
2026-04-12T12:00:00+00:00,Ettan - Norra,Piteå,Assyriska FF,Double Chance,Home/Draw,1.58,,,LOST,
2026-04-12T12:00:00+00:00,First League,Sutjeska,Buducnost Podgorica,Over/Under Goals,Over 1.5,1.35,,,WON,
2026-04-12T12:00:00+00:00,First League,Volga Ulyanovsk,Shinnik Yaroslavl,Over/Under Goals,Under 3.5,1.15,,,WON,
2026-04-12T12:00:00+00:00,La Liga,Osasuna,Real Betis,Over/Under Goals,Under 3.5,1.33,,,WON,
2026-04-12T12:00:00+00:00,Liga 1,Malut United,Dewa United,Asian Handicap,Home +0,1.43,,,LOST,
2026-04-12T12:00:00+00:00,Liga 1,Persib Bandung,Bali United,BTTS,Yes,1.93,,,WON,
2026-04-12T12:00:00+00:00,Premier League 2 Division One,Stoke City U21,Southampton U21,Asian Handicap,Home +1.25,1.69,,,WON,
2026-04-12T12:00:00+00:00,Segunda Division,Granada CF,Cultural Leonesa,Over/Under Goals,Over 1.5,1.38,,,LOST,
2026-04-12T12:00:00+00:00,Super League,Sichuan Jiuniu,Yunnan Yukun,Over/Under Goals,Over 1.5,1.22,,,WON,
2026-04-12T12:00:00+00:00,Superligaen,Silkeborg,Odense,Over/Under Goals,Under 3.5,1.62,,,LOST,
2026-04-12T12:00:00+00:00,Superligaen,Sonderjyske,Viborg,Over/Under Goals,Under 3.5,1.5,,,WON,
2026-04-12T12:00:00+00:00,Thai League 1,Buriram United,Ayutthaya FC,1X2 / Match Winner,Home,1.16,,,WON,
2026-04-12T12:30:00+00:00,Eliteserien,Rosenborg,Sarpsborg 08 FF,Over/Under Goals,Under 3.5,1.55,,,WON,
2026-04-12T12:30:00+00:00,Eredivisie,NEC Nijmegen,Feyenoord,Asian Handicap,Home +0,1.65,,,WON,
2026-04-12T12:30:00+00:00,Eredivisie,PEC Zwolle,Excelsior,Over/Under Goals,Under 3.5,1.55,,,LOST,
2026-04-12T12:30:00+00:00,Premier League,Valletta FC,Gzira United,1X2 / Match Winner,Home,1.65,,,WON,
2026-04-12T12:30:00+00:00,Premier League,Zorya Luhansk,Epitsentr Dunayivtsi,Asian Handicap,Home +0,1.48,,,WON,
2026-04-12T12:30:00+00:00,Tipp3 Bundesliga,Sturm Graz,TSV Hartberg,Over/Under Goals,Under 3.5,1.3,,,WON,
2026-04-12T12:45:00+00:00,Ekstraklasa,Motor Lublin,Raków Częstochowa,Asian Handicap,Home +0.5,1.62,,,WON,
2026-04-12T13:00:00+00:00,1st Division,Highbury,Kruger United,Double Chance,Home/Draw,1.25,,,LOST,
2026-04-12T13:00:00+00:00,1st Division,Upington City,Cape Town City,Asian Handicap,Home +0.25,1.47,,,LOST,
2026-04-12T13:00:00+00:00,Division 2 - Norra Svealand,Gute,Korsnäs,BTTS,Yes,1.4,,,WON,
2026-04-12T13:00:00+00:00,Division 2 - Norra Svealand,Helges,Angby,1X2 / Match Winner,Away,1.61,,,WON,
2026-04-12T13:00:00+00:00,First League,Arsenal Tivat,Mornar,Double Chance,Home/Draw,1.6,,,LOST,
2026-04-12T13:00:00+00:00,First League,Jezero,Petrovac,Over/Under Goals,Under 3.5,1.15,,,WON,
2026-04-12T13:00:00+00:00,First League,Mladost DG,Bokelj,Double Chance,Draw/Away,1.5,,,WON,
2026-04-12T13:00:00+00:00,National 2 - Group A,Angoulême,Poitiers,Over/Under Goals,Under 3.5,1.17,,,LOST,
2026-04-12T13:00:00+00:00,National 2 - Group A,Bayonne,Granville,1X2 / Match Winner,Home,1.6,,,LOST,
2026-04-12T13:00:00+00:00,National 2 - Group A,Saint-Malo,La Roche VF,Double Chance,Draw/Away,1.62,,,WON,
2026-04-12T13:00:00+00:00,Paulista - A3,XV de Jau,Marília,Over/Under Goals,Under 2.5,1.44,,,WON,
2026-04-12T13:00:00+00:00,Premier League,Crystal Palace,Newcastle,Asian Handicap,Home +0.5,1.65,,,WON,
2026-04-12T13:00:00+00:00,Premier League,Nottingham Forest,Aston Villa,Over/Under Goals,Under 3.5,1.3,,,WON,
2026-04-12T13:00:00+00:00,Premier League,Sunderland,Tottenham,Over/Under Goals,Under 3.5,1.33,,,WON,
2026-04-12T13:00:00+00:00,Premier Soccer League,Kaizer Chiefs,TS Galaxy,Over/Under Goals,Under 2.5,1.53,,,WON,
2026-04-12T13:00:00+00:00,Primera División - Apertura,Central Espanol,Danubio,Over/Under Goals,Under 3.5,1.17,,,LOST,
2026-04-12T13:00:00+00:00,Second League,Otrant-Olympic,Rudar,Over/Under Goals,Over 1.5,1.15,,,WON,
2026-04-12T13:00:00+00:00,Segunda Liga,Maritimo,Portimonense,Over/Under Goals,Under 3.5,1.38,,,WON,
2026-04-12T13:00:00+00:00,Serie A,Parma,Napoli,Over/Under Goals,Under 3.5,1.25,,,WON,
2026-04-12T13:00:00+00:00,Serie B,Padova,Empoli,Team Total Goals,Over 0.5,1.28,,,LOST,
2026-04-12T13:00:00+00:00,Super League,Mufulira Wanderers,Zanaco,BTTS,No,1.5,,,WON,
2026-04-12T13:00:00+00:00,Super League,Negeri Sembilan,DPMM FC Brunei,Over/Under Goals,Over 2.5,1.62,,,WON,
2026-04-12T13:00:00+00:00,Super League,Red Arrows,Kabwe Warriors,Over/Under Goals,Over 1.5,1.63,,,WON,
2026-04-12T13:00:00+00:00,Super League,ZESCO United,Man Utd Zambia Academy,Double Chance,Home/Draw,1.17,,,WON,
2026-04-12T13:00:00+00:00,Superettan,IK brage,Oddevold,Double Chance,Draw/Away,1.55,,,WON,
2026-04-12T13:00:00+00:00,Superettan,Landskrona BoIS,Falkenbergs FF,Double Chance,Draw/Away,1.5,,,WON,
2026-04-12T13:00:00+00:00,Superliga,Ballkani,Gjilani,Over/Under Goals,Under 3.5,1.21,,,WON,
2026-04-12T13:00:00+00:00,Superliga,Drita,Ferizaj,Over/Under Goals,Under 3.5,1.28,,,WON,
2026-04-12T13:30:00+00:00,A Lyga,Džiugas Telšiai,Šiauliai,Over/Under Goals,Under 3.5,1.25,,,WON,
2026-04-12T13:30:00+00:00,Bundesliga 1,1. FC Köln,Werder Bremen,Over/Under Goals,Over 1.5,1.25,,,WON,
2026-04-12T13:30:00+00:00,Czech Liga,Mlada Boleslav,Dukla Praha,Team Total Goals,Over 0.5,1.15,,,WON,
2026-04-12T13:30:00+00:00,Czech Liga,Pardubice,Sigma Olomouc,Over/Under Goals,Under 3.5,1.28,,,WON,
2026-04-12T13:30:00+00:00,Czech Liga,Teplice,Sparta Praha,1X2 / Match Winner,Away,1.66,,,WON,
2026-04-12T13:30:00+00:00,First League,Torpedo Moskva,Arsenal Tula,Over/Under Goals,Over 1.5,1.4,,,WON,
2026-04-12T13:30:00+00:00,Premier League,FC Rostov,Spartak Moscow,Over/Under Goals,Over 1.5,1.28,,,WON,
2026-04-12T13:30:00+00:00,Premier League,Lokomotiv,Dinamo Makhachkala,Over/Under Goals,Over 1.5,1.32,,,WON,
2026-04-12T13:30:00+00:00,Super Liga,Komárno,FK Košice,Over/Under Goals,Under 3.5,1.35,,,WON,
2026-04-12T13:40:00+00:00,Professional League,Sur,Dhofar,Over/Under Goals,Under 3.5,1.19,,,WON,
2026-04-12T13:55:00+00:00,Pro League U23,Al Bataeh U23,Khorfakkan U23,Over/Under Goals,Under 3.5,1.6,,,LOST,
2026-04-12T13:55:00+00:00,Pro League U23,Al Nasr U23,Al Dhafra U23,Asian Handicap,Home +0.25,1.55,,,WON,
2026-04-12T13:55:00+00:00,Pro League U23,Al Wasl U23,Ajman U23,Over/Under Goals,Under 3.5,1.6,,,WON,
2026-04-12T13:55:00+00:00,Pro League U23,Dibba Al Fujairah U23,Al Jazira U23,Over/Under Goals,Under 3.5,1.55,,,WON,
2026-04-12T14:00:00+00:00,3. liga - Center,Fiľakovo,Rimavská Sobota,Team Total Goals,Under 2.5,1.42,,,WON,
2026-04-12T14:00:00+00:00,Campeonato de Portugal Prio - Group A,Vilaverdense,Camacha,Double Chance,Home/Draw,1.55,,,LOST,
2026-04-12T14:00:00+00:00,Challenger Pro League,KAA Gent II,Liège,Over/Under Goals,Over 1.5,1.22,,,WON,
2026-04-12T14:00:00+00:00,Division 2 - Norra Svealand,Falu BS,Skiljebo,Over/Under Goals,Under 3.5,1.41,,,WON,
2026-04-12T14:00:00+00:00,EFL Trophy,Luton,Stockport County,Over/Under Goals,Over 1.5,1.3,,,WON,
2026-04-12T14:00:00+00:00,Ettan - Norra,Stockholm Internazionale,IF Karlstad,Double Chance,Home/Draw,1.15,,,LOST,
2026-04-12T14:00:00+00:00,Ettan - Norra,Vasalund,FBK Karlstad,Team Total Goals,Over 0.5,1.41,,,WON,
2026-04-12T14:00:00+00:00,Ettan - Södra,Jonkopings Sodra,Utsikten,1X2 / Match Winner,Home,1.49,,,LOST,
2026-04-12T14:00:00+00:00,First League,Dečić,Jedinstvo,Over/Under Goals,Under 3.5,1.17,,,LOST,
2026-04-12T14:00:00+00:00,First League,Rotor Volgograd,FK Sokol Saratov,1X2 / Match Winner,Home,1.45,,,WON,
2026-04-12T14:00:00+00:00,Jupiler Pro League,Genk,OH Leuven,1X2 / Match Winner,Home,1.7,,,LOST,
2026-04-12T14:00:00+00:00,Liga 3,Amora,Caldas,Over/Under Goals,Under 3.5,1.16,,,WON,
2026-04-12T14:00:00+00:00,Liga 3,Paredes,SC Braga B,Over/Under Goals,Under 3.5,1.18,,,LOST,
2026-04-12T14:00:00+00:00,Liga 3,SC Covilha,Atlético CP,Double Chance,Draw/Away,1.25,,,LOST,
2026-04-12T14:00:00+00:00,Liga 3,São João Ver,AD Marco 09,Over/Under Goals,Under 3.5,1.17,,,WON,
2026-04-12T14:00:00+00:00,Ligue 1,AS Soliman,CS Sfaxien,Over/Under Goals,Under 2.5,1.35,,,WON,
2026-04-12T14:00:00+00:00,Meistriliiga,Flora Tallinn,Vaprus,Over/Under Goals,Under 3.5,1.67,,,WON,
2026-04-12T14:00:00+00:00,National Division,F91 Dudelange,US Hostert,Team Total Goals,Under 2.5,1.53,,,LOST,
2026-04-12T14:00:00+00:00,National Division,Rodange 91,Union Titus Petange,Over/Under Goals,Under 3.5,1.24,,,WON,
2026-04-12T14:00:00+00:00,National Division,Swift Hesperange,FC Differdange 03,Over/Under Goals,Under 3.5,1.3,,,LOST,
2026-04-12T14:00:00+00:00,National Division,UN Kaerjeng 97,Atert Bissen,Over/Under Goals,Under 3.5,1.5,,,WON,
2026-04-12T14:00:00+00:00,National Division,UNA Strassen,Racing FC Union Luxembourg,Over/Under Goals,Over 2.5,1.67,,,LOST,
2026-04-12T14:00:00+00:00,National Division,US Mondorf-les-bains,AS Jeunesse Esch,Over/Under Goals,Over 1.5,1.25,,,WON,
2026-04-12T14:00:00+00:00,National Division,Victoria Rosport,Jeunesse Canach,Over/Under Goals,Over 1.5,1.32,,,WON,
2026-04-12T14:00:00+00:00,Premyer Liqa,Turan,Sumqayıt,Over/Under Goals,Over 1.5,1.24,,,WON,
2026-04-12T14:00:00+00:00,Prva HNL,HNK Rijeka,NK Osijek,Over/Under Goals,Under 3.5,1.22,,,WON,
2026-04-12T14:00:00+00:00,Prva HNL,NK Varazdin,NK Slaven Belupo,Over/Under Goals,Over 1.5,1.36,,,WON,
2026-04-12T14:00:00+00:00,Second League,Iskra,Lovćen,Over/Under Goals,Under 3.5,1.22,,,WON,
2026-04-12T14:00:00+00:00,Second League,Mladost Lješkopolje,Igalo,1X2 / Match Winner,Home,1.52,,,WON,
2026-04-12T14:00:00+00:00,Serie A,Atletico Paranaense,Chapecoense-sc,1X2 / Match Winner,Home,1.6,,,WON,
2026-04-12T14:00:00+00:00,Super Lig,Göztepe,Kasımpaşa,Double Chance,Home/Draw,1.2,,,WON,
2026-04-12T14:00:00+00:00,Superligaen,Brondby,FC Midtjylland,Over/Under Goals,Under 3.5,1.48,,,WON,
2026-04-12T14:15:00+00:00,La Liga,Mallorca,Rayo Vallecano,Over/Under Goals,Under 3.5,1.22,,,WON,
2026-04-12T14:15:00+00:00,Segunda Division,Huesca,Deportivo La Coruna,Over/Under Goals,Over 1.5,1.45,,,WON,
2026-04-12T14:30:00+00:00,Allsvenskan,Malmo FF,Gais,Team Total Goals,Under 2.5,1.2,,,LOST,
2026-04-12T14:30:00+00:00,Campeonato de Portugal Prio - Group A,Celoricense,Machico,Over/Under Goals,Under 3.5,1.3,,,WON,
2026-04-12T14:30:00+00:00,Division 2 - Norrland,Kubikenborg,Friska Viljor,Double Chance,Draw/Away,1.55,,,LOST,
2026-04-12T14:30:00+00:00,First NL,Croatia Zmijavci,Dugopolje,Over/Under Goals,Under 3.5,1.17,,,WON,
2026-04-12T14:30:00+00:00,Primeira Liga,Alverca,Casa Pia,Over/Under Goals,Under 3.5,1.22,,,LOST,
2026-04-12T14:30:00+00:00,Segunda Liga,Leixoes,Oliveirense,Over/Under Goals,Under 3.5,1.33,,,WON,
2026-04-12T14:30:00+00:00,Super League,BSC Young Boys,Servette FC,BTTS,Yes,1.42,,,WON,
2026-04-12T14:30:00+00:00,Super League,FC Luzern,FC ST. Gallen,Over/Under Goals,Over 2.5,1.42,,,WON,
2026-04-12T14:30:00+00:00,Super League,FC Sion,Lausanne,Over/Under Goals,Over 1.5,1.22,,,WON,
2026-04-12T14:45:00+00:00,Eerste Divisie,Willem II,Almere City FC,Team Total Goals,Over 0.5,1.18,,,WON,
2026-04-12T14:45:00+00:00,Eredivisie,AZ Alkmaar,Heerenveen,BTTS,Yes,1.42,,,LOST,
2026-04-12T15:00:00+00:00,Campeonato de Portugal Prio - Group A,Chaves II,Bragança,Double Chance,Home/Draw,1.5,,,WON,
2026-04-12T15:00:00+00:00,Campeonato de Portugal Prio - Group A,Mirandela,AR São Martinho,Over/Under Goals,Under 3.5,1.16,,,WON,
2026-04-12T15:00:00+00:00,Campeonato de Portugal Prio - Group A,Monção,Vianense,Over/Under Goals,Over 1.5,1.23,,,WON,
2026-04-12T15:00:00+00:00,Campeonato de Portugal Prio - Group A,Os Limianos,Tirsense,Over/Under Goals,Under 3.5,1.19,,,WON,
2026-04-12T15:00:00+00:00,Campeonato de Portugal Prio - Group B,Anadia,Gouveia,Over/Under Goals,Under 3.5,1.5,,,WON,
2026-04-12T15:00:00+00:00,Campeonato de Portugal Prio - Group B,Aparecida,Florgrade,Asian Handicap,Home +0.25,1.48,,,WON,
2026-04-12T15:00:00+00:00,Campeonato de Portugal Prio - Group B,Beira-Mar,União Lamas,Over/Under Goals,Under 3.5,1.19,,,LOST,
2026-04-12T15:00:00+00:00,Campeonato de Portugal Prio - Group B,Rebordosa,Leça,Double Chance,Draw/Away,1.44,,,LOST,
2026-04-12T15:00:00+00:00,Campeonato de Portugal Prio - Group B,Resende,Cinfães,Over/Under Goals,Under 3.5,1.22,,,WON,
2026-04-12T15:00:00+00:00,Campeonato de Portugal Prio - Group B,Salgueiros,Alpendorada,Over/Under Goals,Under 3.5,1.18,,,WON,
2026-04-12T15:00:00+00:00,Campeonato de Portugal Prio - Group B,Vila Real,Vila Meã,Over/Under Goals,Over 1.5,1.35,,,WON,
2026-04-12T15:00:00+00:00,Campeonato de Portugal Prio - Group C,Benfica Castelo Branco,Samora Correir,Asian Handicap,Home +0,1.17,,,LOST,
2026-04-12T15:00:00+00:00,Campeonato de Portugal Prio - Group C,Eléctrico,Fátima,Double Chance,Home/Draw,1.7,,,LOST,
2026-04-12T15:00:00+00:00,Campeonato de Portugal Prio - Group C,Marinhense,Lajense,Over/Under Goals,Under 3.5,1.16,,,LOST,
2026-04-12T15:00:00+00:00,Eliteserien,Aalesund,KFUM Oslo,Over/Under Goals,Over 1.5,1.2,,,WON,
2026-04-12T15:00:00+00:00,Eliteserien,Fredrikstad,Valerenga,Over/Under Goals,Over 1.5,1.2,,,WON,
2026-04-12T15:00:00+00:00,Eliteserien,Molde,Ham-Kam,Over/Under Goals,Over 1.5,1.2,,,WON,
2026-04-12T15:00:00+00:00,Superettan,Sandviken,Varbergs BoIS FC,1X2 / Match Winner,Draw,3.6,,,WON,
2026-04-12T15:00:00+00:00,Tipp3 Bundesliga,Austria Vienna,Rapid Vienna,Over/Under Goals,Over 1.5,1.35,,,WON,
2026-04-12T15:15:00+00:00,Liga I,Unirea Slobozia,Petrolul Ploiesti,Over/Under Goals,Under 3.5,1.2,,,WON,
2026-04-12T15:15:00+00:00,Ligue 1,Nice,Le Havre,Over/Under Goals,Under 3.5,1.33,,,WON,
2026-04-12T15:15:00+00:00,Ligue 1,Toulouse,Lille,Over/Under Goals,Over 1.5,1.38,,,WON,
2026-04-12T15:15:00+00:00,Serie B,Spezia,Mantova,Over/Under Goals,Over 2.5,2.0,,,LOST,
2026-04-12T15:30:00+00:00,Bundesliga 1,VfB Stuttgart,Hamburger SV,Over/Under Goals,Over 1.5,1.15,,,WON,
2026-04-12T15:30:00+00:00,Ekstraklasa,Lech Poznan,GKS Katowice,1X2 / Match Winner,Home,1.65,,,LOST,
2026-04-12T15:30:00+00:00,Premier League,Chelsea,Manchester City,Over/Under Goals,Over 1.5,1.17,,,WON,
2026-04-12T15:30:00+00:00,Premier Soccer League,Marumo Gallants,Orbit College,Over/Under Goals,Over 1.5,1.5,,,LOST,
2026-04-12T15:30:00+00:00,Second Division,Al Kharaitiyat,Al-Khor,Double Chance,Draw/Away,1.44,,,WON,
2026-04-12T15:30:00+00:00,Second Division,Al Waab,Al-Markhiya,Team Total Goals,Over 0.5,1.4,,,WON,
2026-04-12T15:30:00+00:00,Second Division,Lusail City,Al Mesaimeer,Asian Handicap,Home +0,1.55,,,WON,
2026-04-12T15:30:00+00:00,Serie C - Girone A,Cittadella,Trento,Team Total Goals,Over 0.5,1.4,,,WON,
2026-04-12T15:30:00+00:00,Serie C - Girone A,Ospitaletto,Albinoleffe,Over/Under Goals,Under 3.5,1.22,,,WON,
2026-04-12T15:30:00+00:00,Serie C - Girone B,Arezzo,Livorno,Over/Under Goals,Under 3.5,1.3,,,WON,
2026-04-12T15:30:00+00:00,Serie C - Girone B,Pontedera,Ravenna,Over/Under Goals,Under 3.5,1.22,,,WON,
2026-04-12T15:30:00+00:00,Serie C - Girone B,Vis Pesaro,Athletic Carpi,Asian Handicap,Home +0.25,1.42,,,WON,
2026-04-12T16:00:00+00:00,Campeonato de Portugal Prio - Group A,Ribeira Brava,Brito,Double Chance,Draw/Away,1.17,,,WON,
2026-04-12T16:00:00+00:00,Serie A,Bologna,Lecce,Over/Under Goals,Under 3.5,1.22,,,WON,
2026-04-12T16:00:00+00:00,Super Liga,Dunajska Streda,Zemplín Michalovce,Over/Under Goals,Under 3.5,1.5,,,WON,
2026-04-12T16:00:00+00:00,Superligaen,Randers FC,FC Copenhagen,Team Total Goals,Over 0.5,1.15,,,WON,
2026-04-12T16:00:00+00:00,TFF 1. Lig,Keçiörengücü,Serik Spor,Result + Total Goals,Home/Over 1.5,1.44,,,LOST,
2026-04-12T16:15:00+00:00,Professional League,Oman Club,Sohar,Double Chance,Draw/Away,1.45,,,LOST,
2026-04-12T16:30:00+00:00,Czech Liga,Slavia Praha,Plzen,Over/Under Goals,Over 1.5,1.22,,,LOST,
2026-04-12T16:30:00+00:00,GFA League,Greater Tomorrow,Hart Acedemy,Over/Under Goals,Under 2.5,1.4,,,LOST,
2026-04-12T16:30:00+00:00,GFA League,Medina United,Brikama United,Double Chance,Draw/Away,1.44,,,WON,
2026-04-12T16:30:00+00:00,GFA League,Steve Biko,Bombada,Asian Handicap,Home +0.25,1.43,,,LOST,
2026-04-12T16:30:00+00:00,GFA League,Team Rhino,Samger,Double Chance,Draw/Away,1.6,,,WON,
2026-04-12T16:30:00+00:00,Jupiler Pro League,Anderlecht,Gent,Over/Under Goals,Over 2.5,1.65,,,WON,
2026-04-12T16:30:00+00:00,La Liga,Celta Vigo,Oviedo,Over/Under Goals,Over 1.5,1.3,,,WON,
2026-04-12T16:30:00+00:00,Ligue 1,Pikine,Gorée,Double Chance,Home/Draw,1.44,,,WON,
2026-04-12T16:30:00+00:00,Ligue 1,Stade de Mbour,AS Camberene,Over/Under Goals,Under 2.5,1.5,,,WON,
2026-04-12T16:30:00+00:00,Ligue 1,Teungueth,Casa Sport,Double Chance,Draw/Away,1.55,,,WON,
2026-04-12T16:30:00+00:00,National Division,Progres Niederkorn,Mamer,Over/Under Goals,Under 3.5,1.36,,,WON,
2026-04-12T16:30:00+00:00,Premier League,Zenit,FC Krasnodar,Over/Under Goals,Under 3.5,1.26,,,WON,
2026-04-12T16:30:00+00:00,Prva HNL,HNK Hajduk Split,HNK Gorica,BTTS,Yes,1.7,,,LOST,
2026-04-12T16:30:00+00:00,Segunda Division,Cadiz,FC Andorra,Over/Under Goals,Over 1.5,1.3,,,LOST,
2026-04-12T16:30:00+00:00,Segunda Division,Mirandes,Castellón,Double Chance,Home/Draw,1.7,,,WON,
2026-04-12T17:00:00+00:00,Botola Pro,Maghreb Fès,Wydad AC,Over/Under Goals,Under 3.5,1.18,,,WON,
2026-04-12T17:00:00+00:00,Liga Pro,Tecnico Universitario,Universidad Catolica,Over/Under Goals,Under 3.5,1.33,,,WON,
2026-04-12T17:00:00+00:00,Ligat Ha'al,Hapoel Katamon,Beitar Jerusalem,1X2 / Match Winner,Away,1.53,,,WON,
2026-04-12T17:00:00+00:00,Ligat Ha'al,Maccabi Haifa,Ironi Kiryat Shmona,1X2 / Match Winner,Home,1.45,,,WON,
2026-04-12T17:00:00+00:00,Primeira Liga,Benfica,Nacional,Over/Under Goals,Under 3.5,1.95,,,WON,
2026-04-12T17:00:00+00:00,Primeira Liga,SC Braga,Arouca,Over/Under Goals,Over 1.5,1.2,,,LOST,
2026-04-12T17:00:00+00:00,Super Lig,Galatasaray,Kocaelispor,Over/Under Goals,Under 3.5,1.48,,,WON,
2026-04-12T17:15:00+00:00,Eliteserien,Brann,Sandefjord,1X2 / Match Winner,Home,1.5,,,LOST,
2026-04-12T17:15:00+00:00,Jupiler Pro League,Dender,Zulte Waregem,Over/Under Goals,Under 3.5,1.33,,,WON,
2026-04-12T17:30:00+00:00,Bundesliga 1,FSV Mainz 05,SC Freiburg,Asian Handicap,Away -0.5,1.67,,,WON,
2026-04-12T17:30:00+00:00,Ligat Ha'al,Maccabi Tel Aviv,Hapoel Beer Sheva,Over/Under Goals,Over 1.5,1.17,,,WON,
2026-04-12T17:30:00+00:00,Serie B,Reggiana,Carrarese,Team Total Goals,Over 0.5,1.28,,,LOST,
2026-04-12T18:00:00+00:00,Liga 3,Academica,Amarante,Over/Under Goals,Under 3.5,1.23,,,WON,
2026-04-12T18:00:00+00:00,Liga I,CFR 1907 Cluj,Dinamo Bucuresti,Asian Handicap,Home +0,1.62,,,WON,
2026-04-12T18:00:00+00:00,Liga MX,U.N.A.M. - Pumas,Mazatlán,Over/Under Goals,Over 1.5,1.17,,,WON,
2026-04-12T18:00:00+00:00,Liga Pro,Deportivo Cuenca,Independiente del Valle,Over/Under Goals,Under 3.5,1.22,,,LOST,
2026-04-12T18:00:00+00:00,Primera B Metropolitana,Deportivo Camioneros,Dock Sud,Asian Handicap,Home +0,1.4,,,WON,
2026-04-12T18:00:00+00:00,Primera Division,Newells Old Boys,San Lorenzo,Over/Under Goals,Over 1.5,1.62,,,LOST,
2026-04-12T18:00:00+00:00,Primera Division,Platense,Gimnasia M.,Over/Under Goals,Under 2.5,1.38,,,WON,
2026-04-12T18:30:00+00:00,Primera División - Apertura,Juventud,Progreso,Over/Under Goals,Under 3.5,1.2,,,WON,
2026-04-12T18:30:00+00:00,Serie C - Girone A,Inter U23,Arzignano Valchiampo,Team Total Goals,Under 2.5,1.17,,,WON,
2026-04-12T18:45:00+00:00,Ligue 1,Lyon,Lorient,Over/Under Goals,Under 2.5,1.9,,,WON,
2026-04-12T18:45:00+00:00,Serie A,Como,Inter,Asian Handicap,Home +0.5,1.67,,,LOST,
2026-04-12T19:00:00+00:00,CAF Champions League,ES Tunis,Mamelodi Sundowns,Over/Under Goals,Over 1.5,1.5,,,LOST,
2026-04-12T19:00:00+00:00,La Liga,Athletic Club,Villarreal,Asian Handicap,Away -0.5,1.65,,,WON,
2026-04-12T19:00:00+00:00,Liga de Ascenso,AD Sarchí,Municipal Grecia,Over/Under Goals,Over 1.5,1.15,,,WON,
2026-04-12T19:00:00+00:00,Liga de Ascenso,Aserri FC,Cariari Pococi,Double Chance,Draw/Away,1.4,,,WON,
2026-04-12T19:00:00+00:00,Liga de Ascenso,Futbol Consultants Moravia,Pitbulls Santa Barbara FC,Double Chance,Draw/Away,1.53,,,LOST,
2026-04-12T19:00:00+00:00,Liga de Ascenso,Quepos Cambute,AD Cofutpa,1X2 / Match Winner,Home,1.5,,,WON,
2026-04-12T19:00:00+00:00,MLS Next Pro,Philadelphia Union II,Carolina Core,Over/Under Goals,Under 3.5,1.58,,,LOST,
2026-04-12T19:00:00+00:00,Primera A,Millonarios,Santa Fe,Over/Under Goals,Over 1.5,1.33,,,WON,
2026-04-12T19:00:00+00:00,Primera División,Real Oruro,Blooming,BTTS,Yes,1.4,,,WON,
2026-04-12T19:00:00+00:00,Segunda Division,Racing Santander,Almeria,Over/Under Goals,Over 2.5,1.55,,,WON,
2026-04-12T19:00:00+00:00,Serie A,Botafogo,Coritiba,Asian Handicap,Away -1.25,1.45,,,WON,
2026-04-12T19:30:00+00:00,Primeira Liga,Estoril,FC Porto,Over/Under Goals,Over 1.5,1.2,,,WON,
2026-04-12T20:00:00+00:00,Canadian Premier League,Cavalry FC,Atlético Ottawa,Over/Under Goals,Over 1.5,1.25,,,WON,
2026-04-12T20:00:00+00:00,Liga Mayor,Delfines Del Este,Universidad O&M,Team Total Goals,Over 1.5,1.4,,,WON,
2026-04-12T20:30:00+00:00,Liga Pro,Guayaquil City FC,Macara,Over/Under Goals,Under 3.5,1.15,,,WON,
2026-04-12T20:30:00+00:00,Primera Division,Atletico Tucuman,Tigre,Over/Under Goals,Under 3.5,1.15,,,WON,
2026-04-12T20:30:00+00:00,Primera Division,Huracan,Rosario Central,Asian Handicap,Home +0,1.7,,,WON,
2026-04-12T21:00:00+00:00,Primera División,Carabobo FC,UCV,Asian Handicap,Home +0,1.57,,,WON,
2026-04-12T21:00:00+00:00,Serie A,Fluminense,Flamengo,Asian Handicap,Home +0.5,1.57,,,LOST,
2026-04-12T21:00:00+00:00,Serie B,America Mineiro,Novorizontino,Over/Under Goals,Over 1.5,1.4,,,WON,
2026-04-12T21:00:00+00:00,Serie B,Operario-PR,Cuiaba,Over/Under Goals,Under 3.5,1.15,,,WON,
2026-04-12T21:10:00+00:00,Primera A,Deportivo Cali,Llaneros,Over/Under Goals,Under 2.5,1.7,,,WON,
2026-04-12T21:15:00+00:00,Division Profesional - Apertura,Rubio NU,Olimpia,1X2 / Match Winner,Away,1.63,,,WON,
2026-04-12T21:15:00+00:00,Primera División,The Strongest,San Antonio Bulo Bulo,BTTS,Yes,1.44,,,WON,
2026-04-12T21:30:00+00:00,Primera Division,Nublense,Universidad de Chile,Over/Under Goals,Under 3.5,1.2,,,WON,
2026-04-12T21:30:00+00:00,Primera División - Apertura,Wanderers,Racing Montevideo,Over/Under Goals,Over 1.5,1.45,,,WON,
2026-04-12T21:30:00+00:00,Primera División,Trujillanos FC,Estudiantes de Merida FC,Over/Under Goals,Under 3.5,1.22,,,WON,
2026-04-12T21:30:00+00:00,Serie A,Corinthians,Palmeiras,Over/Under Goals,Under 3.5,1.22,,,WON,
2026-04-12T21:30:00+00:00,Serie A,Cruzeiro,RB Bragantino,Over/Under Goals,Under 3.5,1.28,,,WON,
2026-04-12T22:00:00+00:00,Liga Mayor,Cibao,Salcedo,Over/Under Goals,Under 2.5,1.6,,,WON,
2026-04-12T23:00:00+00:00,Canadian Premier League,Vancouver FC,Forge,Double Chance,Draw/Away,1.17,,,WON,
2026-04-12T23:00:00+00:00,Liga de Expansión MX,Mineros de Zacatecas,Correcaminos Uat,1X2 / Match Winner,Home,1.6,,,WON,
2026-04-12T23:00:00+00:00,MLS Next Pro,New England II,New York RB II,Double Chance,Draw/Away,1.62,,,WON,
2026-04-12T23:00:00+00:00,Major League Soccer,Columbus Crew,Orlando City SC,1X2 / Match Winner,Home,1.52,,,LOST,
2026-04-12T23:00:00+00:00,Primera Division,Racing Club,River Plate,Over/Under Goals,Over 1.5,1.5,,,WON,
2026-04-12T23:00:00+00:00,Primera División,Caracas FC,Academia Anzoátegui,Double Chance,Home/Draw,1.17,,,LOST,
2026-04-12T23:00:00+00:00,Serie B,CRB,Athletic Club,Asian Handicap,Away -1.25,1.58,,,WON,
2026-04-12T23:10:00+00:00,Liga Pro,Aucas,Emelec,Over/Under Goals,Under 3.5,1.33,,,WON,
2026-04-12T23:20:00+00:00,Primera A,Bucaramanga,Chico,Over/Under Goals,Under 3.5,1.33,,,LOST,
2026-04-12T23:30:00+00:00,Division Profesional - Apertura,Libertad Asuncion,Sportivo Trinidense,Over/Under Goals,Over 1.5,1.4,,,WON,
2026-04-12T23:30:00+00:00,Primera División,Oriente Petrolero,Gualberto Villarroel SJ,Over/Under Goals,Under 3.5,1.67,,,WON,
2026-04-12T23:30:00+00:00,Serie B,Atletico Goianiense,Londrina,Double Chance,Draw/Away,1.7,,,LOST,
2026-04-13T00:00:00+00:00,Division di Honor,Caiquetio,Estrella,Over/Under Goals,Under 3.5,1.7,,,LOST,
2026-04-13T00:00:00+00:00,MLS Next Pro,Ventura County,Real Monarchs,Double Chance,Draw/Away,1.5,,,LOST,
2026-04-13T00:00:00+00:00,Primera Division,Universidad de Concepcion,Cobresal,Over/Under Goals,Under 3.5,1.42,,,WON,
2026-04-13T01:00:00+00:00,Liga MX,Toluca,Atletico San Luis,Over/Under Goals,Over 1.5,1.17,,,WON,
2026-04-13T01:30:00+00:00,Primera A,Internacional de Bogota,Alianza Valledupar,Over/Under Goals,Under 3.5,1.2,,,WON,
2026-04-13T02:00:00+00:00,MLS Next Pro,The Town,Minnesota United II,Over/Under Goals,Over 2.5,1.5,,,LOST,
2026-04-13T09:30:00+00:00,Victoria NPL 2,Brunswick City,Melbourne Knights,Over/Under Goals,Under 3.5,1.62,,,WON,
2026-04-13T10:00:00+00:00,Premier League,LNZ Cherkasy,Shakhtar Donetsk,Asian Handicap,Home +1.25,1.4,,,WON,
2026-04-13T10:00:00+00:00,Premier League,Sheger Ketema,Negelle Arsi,Over/Under Goals,Under 2.5,1.5,,,WON,
2026-04-13T11:00:00+00:00,Campionato Primavera - 1,Hellas Verona U20,Lazio U20,Double Chance,Draw/Away,1.57,,,WON,
2026-04-13T11:30:00+00:00,Premier League,Balestier Khalsa,Albirex Niigata S,1X2 / Match Winner,Away,1.55,,,LOST,
2026-04-13T12:00:00+00:00,3. Division - Girone 2,Molde II,Ranheim II,Over/Under Goals,Over 2.5,1.2,,,WON,
2026-04-13T12:00:00+00:00,Professional Development League,Coventry City U21,Millwall U21,Asian Handicap,Home +0.25,1.44,,,LOST,
2026-04-13T12:00:00+00:00,Professional Development League,Crewe Alexandra U21,Queens Park Rangers U21,Over/Under Goals,Over 2.5,1.3,,,LOST,
2026-04-13T12:30:00+00:00,Liga I,Metaloglobus,Csikszereda,Double Chance,Home/Draw,1.62,,,LOST,
2026-04-13T13:00:00+00:00,Campionato Primavera - 1,Torino U20,Cremonese U20,1X2 / Match Winner,Home,1.62,,,WON,
2026-04-13T13:00:00+00:00,First League,CSKA Sofia,Levski Sofia,Double Chance,Home/Draw,1.4,,,WON,
2026-04-13T13:00:00+00:00,Premier League,Arba Minch Kenema,Kedus Giorgis,Double Chance,Home/Draw,1.45,,,WON,
2026-04-13T13:00:00+00:00,Premier League,Mekelle Kenema,Welwalo Adigrat Uni,Over/Under Goals,Under 2.5,1.28,,,LOST,
2026-04-13T13:00:00+00:00,Professional Development League,Sheffield United U21,Bristol City U21,1X2 / Match Winner,Home,1.47,,,LOST,
2026-04-13T13:00:00+00:00,Superliga,Prishtina,Dukagjini,Over/Under Goals,Over 1.5,1.25,,,WON,
2026-04-13T13:00:00+00:00,TFF 1. Lig,Sivasspor,İstanbulspor,Over/Under Goals,Under 3.5,1.55,,,LOST,
2026-04-13T13:30:00+00:00,First League,Struga,Tikveš,Asian Handicap,Away -1.25,1.61,,,WON,
2026-04-13T14:00:00+00:00,Ligue 1,ES Metlaoui,AS Marsa,Over/Under Goals,Under 2.5,1.3,,,WON,
2026-04-13T14:00:00+00:00,TFF 1. Lig,Erzurumspor FK,Boluspor,Over/Under Goals,Over 1.5,1.19,,,WON,
2026-04-13T14:15:00+00:00,Premier League,Akron,Dynamo,Over/Under Goals,Over 1.5,1.15,,,WON,
2026-04-13T14:15:00+00:00,Stars League,Al Shamal,Qatar SC,Over/Under Goals,Over 1.5,1.17,,,WON,
2026-04-13T15:00:00+00:00,Premier League,Awassa Kenema,Suhul Shire,Over/Under Goals,Under 2.5,1.4,,,WON,
2026-04-13T15:00:00+00:00,Premier League,Ghazl El Mehalla,Wadi Degla,Double Chance,Draw/Away,1.2,,,WON,
2026-04-13T15:00:00+00:00,Premier League,Pharco,Haras El Hodood,Double Chance,Draw/Away,1.45,,,LOST,
2026-04-13T15:30:00+00:00,Liga I,Rapid,Arges Pitesti,Over/Under Goals,Under 2.5,1.67,,,WON,
2026-04-13T16:00:00+00:00,First League,Beroe,Lokomotiv Plovdiv,Over/Under Goals,Under 2.5,1.54,,,WON,
2026-04-13T16:00:00+00:00,Prva HNL,Vukovar,Dinamo Zagreb,Over/Under Goals,Over 1.5,1.2,,,WON,
2026-04-13T16:30:00+00:00,Stars League,Al-Arabi SC,Al-Sailiya,1X2 / Match Winner,Draw,4.4,,,LOST,
2026-04-13T16:45:00+00:00,First League,Fakel,Rodina Moskva,Over/Under Goals,Over 1.5,1.34,,,WON,
2026-04-13T17:00:00+00:00,3. Division - Girone 1,KFUM II,Asker,1X2 / Match Winner,Away,1.45,,,WON,
2026-04-13T17:00:00+00:00,3. Division - Girone 2,Rosenborg II,Orkla,1X2 / Match Winner,Home,1.47,,,WON,
2026-04-13T17:00:00+00:00,Allsvenskan,IF Brommapojkarna,AIK Stockholm,Over/Under Goals,Under 3.5,1.42,,,LOST,
2026-04-13T17:00:00+00:00,Allsvenskan,Sirius,Hammarby FF,Over/Under Goals,Over 1.5,1.22,,,WON,
2026-04-13T17:00:00+00:00,Ekstraklasa,Piast Gliwice,Pogon Szczecin,Over/Under Goals,Over 1.5,1.28,,,WON,
2026-04-13T17:00:00+00:00,MLS Next Pro,FC Cincinnati II,New York City II,BTTS,Yes,1.4,,,LOST,
2026-04-13T17:00:00+00:00,Super Lig,Eyüpspor,Samsunspor,Over/Under Goals,Under 3.5,1.28,,,WON,
2026-04-13T17:00:00+00:00,Super Lig,Rizespor,Gaziantep FK,Over/Under Goals,Under 3.5,1.48,,,WON,
2026-04-13T17:00:00+00:00,Superligaen,FC Fredericia,Vejle,Double Chance,Draw/Away,1.55,,,WON,
2026-04-13T17:00:00+00:00,TFF 1. Lig,Amed,Ümraniyespor,Over/Under Goals,Under 3.5,1.49,,,LOST,
2026-04-13T17:00:00+00:00,TFF 1. Lig,Sakaryaspor,Esenler Erokspor,Over/Under Goals,Over 1.5,1.17,,,WON,
2026-04-13T18:00:00+00:00,Eerste Divisie,Jong AZ,Jong PSV U21,Team Total Goals,Under 2.5,1.53,,,WON,
2026-04-13T18:00:00+00:00,Eerste Divisie,Jong Ajax,FC OSS,Over/Under Goals,Over 2.5,1.5,,,WON,
2026-04-13T18:00:00+00:00,Eerste Divisie,Jong Utrecht,Vitesse,Over/Under Goals,Over 2.5,1.57,,,WON,
2026-04-13T18:00:00+00:00,NB I,Kisvarda FC,Debreceni VSC,Over/Under Goals,Under 3.5,1.33,,,WON,
2026-04-13T18:00:00+00:00,Premier League 2 Division One,Crystal Palace U21,Arsenal U21,Double Chance,Home/Draw,1.4,,,WON,
2026-04-13T18:00:00+00:00,Premier League 2 Division One,Leeds United U21,Leicester City U21,Double Chance,Draw/Away,1.4,,,WON,
2026-04-13T18:00:00+00:00,Premier League 2 Division One,Manchester City U21,Norwich City U21,Result + Total Goals,Home/Over 1.5,1.17,,,WON,
2026-04-13T18:00:00+00:00,Premier League 2 Division One,Reading U21,Derby County U21,Team Total Goals,Over 0.5,1.25,,,WON,
2026-04-13T18:00:00+00:00,Premier League,El Geish,Petrojet,Double Chance,Home/Draw,1.4,,,WON,
2026-04-13T18:00:00+00:00,Premier League,National Bank of Egypt,El Mokawloon,Double Chance,Home/Draw,1.4,,,WON,
2026-04-13T18:30:00+00:00,Liga I,Universitatea Cluj,Universitatea Craiova,Over/Under Goals,Over 1.5,1.38,,,WON,
2026-04-13T18:30:00+00:00,Segunda Division,Valladolid,Eibar,Double Chance,Draw/Away,1.57,,,WON,
2026-04-13T18:45:00+00:00,Ligue 2,Rodez,Estac Troyes,Team Total Goals,Over 0.5,1.17,,,WON,
2026-04-13T18:45:00+00:00,Serie A,Fiorentina,Lazio,Over/Under Goals,Under 3.5,1.25,,,WON,
2026-04-13T19:00:00+00:00,La Liga,Levante,Getafe,Asian Handicap,Away -0.5,1.44,,,LOST,
2026-04-13T19:00:00+00:00,Premier League,Manchester United,Leeds,Over/Under Goals,Under 3.5,1.44,,,WON,
2026-04-13T19:15:00+00:00,Primeira Liga,Tondela,GIL Vicente,Team Total Goals,Under 2.5,1.17,,,WON,
2026-04-13T19:30:00+00:00,Primera Division,Defensa Y Justicia,Talleres Cordoba,Over/Under Goals,Under 3.5,1.15,,,WON,
2026-04-13T19:30:00+00:00,Primera Division,Sarmiento Junin,Gimnasia L.P.,Over/Under Goals,Under 3.5,1.15,,,WON,
2026-04-13T22:00:00+00:00,Primera Division,Lanus,Banfield,Over/Under Goals,Over 1.5,1.45,,,LOST,
2026-04-13T23:00:00+00:00,Primera División - Apertura,Penarol,Liverpool Montevideo,Double Chance,Home/Draw,1.15,,,LOST,
2026-04-13T23:00:00+00:00,Serie C,Figueirense,Maringá,Double Chance,Home/Draw,1.4,,,LOST,
2026-04-14T00:00:00+00:00,Primera División,Real Tomayapo,Real Potosí,Over/Under Goals,Under 3.5,1.44,,,WON,
2026-04-14T00:30:00+00:00,Primera Division,Velez Sarsfield,Central Cordoba de Santiago,1X2 / Match Winner,Home,1.53,,,WON,
2026-04-14T03:00:00+00:00,Ofc Pro League,South Island United,Tahiti United,1X2 / Match Winner,Home,1.6,,,LOST,
2026-04-14T07:00:00+00:00,League Two,BIT,Shanghai Port II,Over/Under Goals,Over 1.5,1.22,,,WON,
2026-04-14T07:00:00+00:00,League Two,Dalian Kewei,Nantong Haimen Codion,Over/Under Goals,Under 3.5,1.29,,,WON,
2026-04-14T08:30:00+00:00,League Two,Hubei Chufeng Heli,Shangyu Pterosaur,Asian Handicap,Home +0,1.53,,,WON,
2026-04-14T10:00:00+00:00,Liga Revelação U23,Marítimo U23,Farense U23,Team Total Goals,Over 0.5,1.17,,,WON,
2026-04-14T10:00:00+00:00,Premier League,Adama Kenema,Mebrat Hayl,Team Total Goals,Over 0.5,1.58,,,WON,
2026-04-14T10:30:00+00:00,Liga Revelação U23,Santa Clara U23,Academico Viseu U23,Over/Under Goals,Under 3.5,1.33,,,WON,
2026-04-14T11:00:00+00:00,First League,Aresimi,Pelister,Over/Under Goals,Under 2.5,1.8,,,WON,
2026-04-14T11:00:00+00:00,Liga Revelação U23,Rio Ave U23,Estoril U23,Team Total Goals,Over 0.5,1.15,,,LOST,
2026-04-14T11:00:00+00:00,Professional Development League,Wigan Athletic U21,Charlton Athletic U21,Double Chance,Draw/Away,1.51,,,LOST,
2026-04-14T11:30:00+00:00,League Two,Guangdong Mingtu,Guangzhou Dandelion,Over/Under Goals,Under 2.5,1.48,,,LOST,
2026-04-14T12:00:00+00:00,Premier League,Ethiopia Nigd Bank,Sidama Bunna,Over/Under Goals,Over 1.5,1.6,,,LOST,
2026-04-14T12:00:00+00:00,Professional Development League,Colchester United U21,Cardiff City U21,Over/Under Goals,Over 2.5,1.25,,,LOST,
2026-04-14T12:00:00+00:00,Professional Development League,Fleetwood Town U21,Swansea City U21,Over/Under Goals,Over 2.5,1.27,,,LOST,
2026-04-14T12:00:00+00:00,Professional Development League,Huddersfield Town U21,Watford U21,BTTS,Yes,1.28,,,WON,
2026-04-14T12:00:00+00:00,Professional Development League,Hull City U21,AFC Bournemouth U21,Over/Under Goals,Over 2.5,1.23,,,WON,
2026-04-14T12:00:00+00:00,Professional Development League,Peterborough United U21,Brentford U21,Over/Under Goals,Over 2.5,1.27,,,LOST,
2026-04-14T13:00:00+00:00,Premier League,Hadiya Hosaena,Ethiopia Bunna,Double Chance,Draw/Away,1.25,,,WON,
2026-04-14T13:00:00+00:00,Professional Development League,Sheffield Wednesday U21,Barnsley U21,Team Total Goals,Under 2.5,1.19,,,WON,
2026-04-14T13:30:00+00:00,First League,Akademija Pandev,Makedonija GjP,Double Chance,Home/Draw,1.17,,,WON,
2026-04-14T14:00:00+00:00,1. Division,Apoel Nicosia,Apollon Limassol,Double Chance,Home/Draw,1.4,,,LOST,
2026-04-14T14:00:00+00:00,1. Division,Aris,Pafos,BTTS,Yes,1.67,,,WON,
2026-04-14T14:00:00+00:00,Liga Revelação U23,Gil Vicente U23,Estrela U23,Over/Under Goals,Under 3.5,1.5,,,WON,
2026-04-14T14:00:00+00:00,Liga Revelação U23,Portimonense U23,Vizela U23,Over/Under Goals,Over 1.5,1.18,,,WON,
2026-04-14T14:00:00+00:00,Liga Revelação U23,Sporting Braga U23,Famalicão U23,Over/Under Goals,Under 3.5,1.42,,,LOST,
2026-04-14T14:00:00+00:00,Liga Revelação U23,Torreense U23,Sporting CP U23,Over/Under Goals,Under 3.5,1.36,,,WON,
2026-04-14T14:45:00+00:00,AFC Champions League,Shabab Al Ahli Dubai,Tractor Sazi,Over/Under Goals,Over 1.5,1.32,,,WON,
2026-04-14T15:00:00+00:00,First League,Botev Vratsa,Lokomotiv Sofia,Over/Under Goals,Under 3.5,1.22,,,LOST,
2026-04-14T15:00:00+00:00,Premier League,Future FC,El Gouna FC,Over/Under Goals,Under 3.5,1.16,,,WON,
2026-04-14T15:00:00+00:00,Premier League,Welayta Dicha,Fasil Ketema,Over/Under Goals,Under 2.5,1.33,,,WON,
2026-04-14T16:00:00+00:00,1. Division,AEK Larnaca,Omonia Nicosia,1X2 / Match Winner,Draw,2.96,,,LOST,
2026-04-14T16:00:00+00:00,III Liga - Group 3,Karkonosze Jelenia Góra,Carina Gubin,Over/Under Goals,Over 1.5,1.17,,,WON,
2026-04-14T16:00:00+00:00,Premier League,Sliema Wanderers,Birkirkara,Over/Under Goals,Under 3.5,1.18,,,WON,
2026-04-14T16:45:00+00:00,NB I,Ferencvarosi TC,Puskas Academy,Over/Under Goals,Over 1.5,1.2,,,WON,
2026-04-14T17:00:00+00:00,Serie B,Catanzaro,Modena,Asian Handicap,Home +0,2.15,,,WON,
2026-04-14T17:00:00+00:00,Superettan,IFK Varnamo,GIF Sundsvall,Over/Under Goals,Over 1.5,1.2,,,WON,
2026-04-14T17:30:00+00:00,First League,Dobrudzha,Botev Plovdiv,Over/Under Goals,Under 3.5,1.21,,,WON,
2026-04-14T18:00:00+00:00,Premier League,Al Ittihad,Masr,Over/Under Goals,Under 2.5,1.28,,,LOST,
2026-04-14T18:00:00+00:00,Premier League,Kahraba Ismailia,Ismaily SC,Double Chance,Draw/Away,1.44,,,WON,
2026-04-14T18:00:00+00:00,Primera Division,UCV Moquegua,Juan Pablo II College,Over/Under Goals,Over 1.5,1.36,,,WON,
2026-04-14T18:00:00+00:00,Pro League,Al-Qadisiyah FC,Al Shabab,Over/Under Goals,Over 1.5,1.17,,,WON,
2026-04-14T18:30:00+00:00,Premier League,Tarxien Rainbows,Hibernians,Over/Under Goals,Under 3.5,1.42,,,LOST,
2026-04-14T18:30:00+00:00,Primera B Metropolitana,Argentino de Merlo,Excursionistas,Over/Under Goals,Under 2.5,1.42,,,WON,
2026-04-14T18:30:00+00:00,Primera B Metropolitana,Defensores Unidos,Sportivo Italiano,Over/Under Goals,Over 1.5,1.7,,,WON,
2026-04-14T18:30:00+00:00,Primera B Metropolitana,Flandria,Villa San Carlos,Team Total Goals,Over 0.5,1.65,,,WON,
2026-04-14T18:30:00+00:00,Primera B Metropolitana,Ituzaingó,Arsenal Sarandi,Double Chance,Draw/Away,1.2,,,WON,
2026-04-14T18:30:00+00:00,Primera B Metropolitana,Talleres Remedios,Villa Dalmine,Double Chance,Draw/Away,1.62,,,WON,
2026-04-14T18:45:00+00:00,League One,Bolton,Stevenage,Over/Under Goals,Under 2.5,1.66,,,LOST,
2026-04-14T18:45:00+00:00,League One,Huddersfield,Cardiff,1X2 / Match Winner,Draw,3.45,,,WON,
2026-04-14T18:45:00+00:00,League One,Leyton Orient,Mansfield Town,Over/Under Goals,Under 3.5,1.38,,,WON,
2026-04-14T18:45:00+00:00,League One,Peterhead,Inverness CT,Over/Under Goals,Under 3.5,1.44,,,WON,
2026-04-14T18:45:00+00:00,League One,Port Vale,Barnsley,Over/Under Goals,Under 3.5,1.32,,,WON,
2026-04-14T18:45:00+00:00,League One,Wigan,Rotherham,Team Total Goals,Over 0.5,1.18,,,WON,
2026-04-14T18:45:00+00:00,League Two,Barrow,Oldham,Over/Under Goals,Over 1.5,1.3,,,WON,
2026-04-14T18:45:00+00:00,League Two,Cheltenham,Gillingham,Over/Under Goals,Over 1.5,1.28,,,WON,
2026-04-14T18:45:00+00:00,League Two,Chesterfield,Grimsby,Double Chance,Draw/Away,1.57,,,LOST,
2026-04-14T18:45:00+00:00,League Two,Colchester,Accrington ST,Over/Under Goals,Under 3.5,1.3,,,WON,
2026-04-14T18:45:00+00:00,National League - North,Alfreton Town,Buxton,Over/Under Goals,Under 3.5,1.4,,,LOST,
2026-04-14T18:45:00+00:00,National League - North,Hereford,Oxford City,Over/Under Goals,Under 3.5,1.6,,,WON,
2026-04-14T18:45:00+00:00,National League - North,Marine,Merthyr Town,Over/Under Goals,Under 3.5,1.5,,,LOST,
2026-04-14T18:45:00+00:00,National League - North,Radcliffe,Kidderminster Harriers,Over/Under Goals,Under 3.5,1.44,,,LOST,
2026-04-14T18:45:00+00:00,National League - North,South Shields,Macclesfield,Over/Under Goals,Under 3.5,1.57,,,LOST,
2026-04-14T18:45:00+00:00,National League - South,AFC Hornchurch,Chelmsford City,1X2 / Match Winner,Draw,3.55,,,WON,
2026-04-14T18:45:00+00:00,National League - South,AFC Totton,Bath City,Over/Under Goals,Under 3.5,1.42,,,WON,
2026-04-14T18:45:00+00:00,National League - South,Weston-super-Mare,Horsham,Team Total Goals,Over 0.5,1.48,,,LOST,
2026-04-14T18:45:00+00:00,National League,Aldershot Town,Southend,Over/Under Goals,Over 1.5,1.18,,,WON,
2026-04-14T18:45:00+00:00,National League,Wealdstone,Boston United,Over/Under Goals,Over 1.5,1.18,,,WON,
2026-04-14T18:45:00+00:00,National League,Woking,Solihull Moors,1X2 / Match Winner,Draw,3.4,,,WON,
2026-04-14T18:45:00+00:00,Non League Premier - Isthmian,Welling United,Potters Bar Town,Double Chance,Draw/Away,1.7,,,LOST,
2026-04-14T18:45:00+00:00,Non League Premier - Southern South,Tiverton Town,Wimborne Town,Over/Under Goals,Over 1.5,1.15,,,WON,
2026-04-14T19:00:00+00:00,Championship,Portsmouth,Ipswich,Over/Under Goals,Under 3.5,1.27,,,WON,
2026-04-14T19:00:00+00:00,Championship,Southampton,Blackburn,1X2 / Match Winner,Home,1.7,,,WON,
2026-04-14T19:00:00+00:00,UEFA Champions League,Atletico Madrid,Barcelona,BTTS,Yes,1.36,,,WON,
2026-04-14T19:00:00+00:00,UEFA Champions League,Liverpool,Paris Saint Germain,Asian Handicap,Away -0.5,1.6,,,WON,
2026-04-14T20:15:00+00:00,Primera Division,ADT,Alianza Lima,Over/Under Goals,Under 3.5,1.25,,,WON,
2026-04-14T21:00:00+00:00,CONMEBOL Nations League Women,Bolivia W,Uruguay W,Over/Under Goals,Under 3.5,1.61,,,WON,
2026-04-14T21:00:00+00:00,CONMEBOL Nations League Women,Peru W,Paraguay W,Double Chance,Home/Draw,1.67,,,WON,
2026-04-14T22:00:00+00:00,CONMEBOL Libertadores,Cerro Porteno,Junior,Team Total Goals,Under 2.5,1.17,,,WON,
2026-04-14T22:00:00+00:00,CONMEBOL Libertadores,Club Nacional,Deportes Tolima,Over/Under Goals,Under 3.5,1.22,,,LOST,
2026-04-14T22:00:00+00:00,CONMEBOL Libertadores,Estudiantes L.P.,Cusco,Team Total Goals,Under 2.5,1.45,,,WON,
2026-04-14T22:00:00+00:00,CONMEBOL Sudamericana,Gremio,Deportivo Riestra,Over/Under Goals,Under 3.5,1.28,,,WON,
2026-04-14T22:00:00+00:00,CONMEBOL Sudamericana,Sao Paulo,O'Higgins,Over/Under Goals,Under 3.5,1.33,,,WON,
2026-04-14T23:00:00+00:00,CONMEBOL Nations League Women,Venezuela W,Argentina W,Double Chance,Home/Draw,1.67,,,LOST,
2026-04-14T23:00:00+00:00,Primera B Metropolitana,Brown DE Adrogue,Real Pilar,Over/Under Goals,Over 1.5,1.55,,,WON,
2026-04-14T23:00:00+00:00,Primera B Metropolitana,Deportivo Laferrere,UAI Urquiza,Double Chance,Draw/Away,1.62,,,WON,
2026-04-15T00:00:00+00:00,CONMEBOL Libertadores,Boca Juniors,Barcelona SC,Over/Under Goals,Under 3.5,1.22,,,WON,
2026-04-15T00:00:00+00:00,CONMEBOL Libertadores,Bolívar,Deportivo La Guaira,Over/Under Goals,Under 3.5,1.7,,,WON,
2026-04-15T00:00:00+00:00,CONMEBOL Sudamericana,Vasco DA Gama,A. Italiano,Over/Under Goals,Under 3.5,1.62,,,WON,
2026-04-15T00:30:00+00:00,CONMEBOL Sudamericana,Palestino,Atletico Torque,Double Chance,Draw/Away,1.65,,,WON,
2026-04-15T00:30:00+00:00,CONMEBOL Sudamericana,Santos,Deportivo Recoleta,1X2 / Match Winner,Draw,9.5,,,WON,
2026-04-15T01:00:00+00:00,CONCACAF Champions League,Cruz Azul,Los Angeles FC,Double Chance,Draw/Away,1.61,,,WON,
2026-04-15T01:00:00+00:00,CONMEBOL Nations League Women,Colombia W,Chile W,Over/Under Goals,Under 3.5,1.33,,,WON,
2026-04-15T01:00:00+00:00,Primera Division,Sport Boys,FBC Melgar,Over/Under Goals,Under 3.5,1.3,,,LOST,
2026-04-15T02:00:00+00:00,CONMEBOL Libertadores,LDU de Quito,Mirassol,Over/Under Goals,Under 2.5,2.0,,,WON,
2026-04-15T02:00:00+00:00,CONMEBOL Libertadores,Universitario,Coquimbo Unido,Over/Under Goals,Under 3.5,1.18,,,WON,
2026-04-15T03:30:00+00:00,CONCACAF Champions League,Club America,Nashville SC,Over/Under Goals,Under 3.5,1.3,,,WON,
2026-04-15T07:00:00+00:00,League Two,Changchun Xidu,Tai'an Tiankuang,Double Chance,Draw/Away,1.17,,,LOST,
2026-04-15T07:00:00+00:00,Ofc Pro League,South Melbourne,Bula,1X2 / Match Winner,Home,1.57,,,WON,
2026-04-15T08:00:00+00:00,League Two,Shenzhen 2028,Xiamen Feilu,Double Chance,Home/Draw,1.44,,,WON,
2026-04-15T10:30:00+00:00,K-League Classic,Ulsan Hyundai FC,FC Seoul,Over/Under Goals,Under 3.5,1.35,,,LOST,
2026-04-15T11:30:00+00:00,League Two,Rizhao Yuqi,Shandong Taishan II,Double Chance,Home/Draw,1.44,,,LOST,
2026-04-15T11:30:00+00:00,League Two,Wuhan Three Towns II,Chengdu Rongcheng II,Double Chance,Home/Draw,1.44,,,LOST,
2026-04-15T11:30:00+00:00,League Two,Yichun Grand Tiger,Langfang Glory City,Over/Under Goals,Under 2.5,1.5,,,WON,
2026-04-15T12:15:00+00:00,AFC Cup,Bangkok United,Gamba Osaka,Over/Under Goals,Under 3.5,1.28,,,WON,
2026-04-15T13:00:00+00:00,AFC U20 Asian Cup - Women,China PR U20 W,Japan U20 W,Team Total Goals,Over 2.5,1.69,,,LOST,
2026-04-15T14:00:00+00:00,Cup,Sloga Doboj,Velež,Over/Under Goals,Over 1.5,1.42,,,WON,
2026-04-15T14:00:00+00:00,Liga II,Sepsi OSK Sfantu Gheorghe,FC Voluntari,Team Total Goals,Over 0.5,1.55,,,WON,
2026-04-15T15:00:00+00:00,First League,Cherno More Varna,CSKA 1948,Double Chance,Home/Draw,1.44,,,LOST,
2026-04-15T15:00:00+00:00,III Liga - Group 1,Wikielec,Widzew II,Over/Under Goals,Under 3.5,1.6,,,WON,
2026-04-15T16:00:00+00:00,Liga II,CSA Steaua Bucureşti,Bihor Oradea,Double Chance,Home/Draw,1.4,,,WON,
2026-04-15T16:00:00+00:00,Première Division,Bougouni,Afrique Football Élite,Over/Under Goals,Under 2.5,1.44,,,WON,
2026-04-15T16:00:00+00:00,Regionalliga - Nord,Schöningen,BW Lohne,Over/Under Goals,Over 2.5,1.5,,,LOST,
2026-04-15T16:30:00+00:00,1. Liga Promotion,Paradiso,Lugano II,Double Chance,Draw/Away,1.68,,,WON,
2026-04-15T16:30:00+00:00,Cup,Zrinjski,Radnik Bijeljina,Over/Under Goals,Under 3.5,1.33,,,WON,
2026-04-15T16:30:00+00:00,Première Division,Djoliba,Onze Créateurs,Over/Under Goals,Under 2.5,1.57,,,WON,
2026-04-15T17:00:00+00:00,1. Liga Promotion,Vevey Sports,Breitenrain,Over/Under Goals,Over 2.5,1.58,,,WON,
2026-04-15T17:00:00+00:00,Eliteserien,Sarpsborg 08 FF,Bodo/Glimt,Team Total Goals,Over 1.5,1.25,,,LOST,
2026-04-15T17:00:00+00:00,Eliteserien,Tromso,Lillestrom,Over/Under Goals,Under 3.5,1.47,,,WON,
2026-04-15T17:30:00+00:00,1. Liga Promotion,Bavois,Grand-Saconnex,Double Chance,Draw/Away,1.7,,,LOST,
2026-04-15T17:30:00+00:00,1. Liga Promotion,Brühl,SC Kriens,Over/Under Goals,Over 2.5,1.5,,,WON,
2026-04-15T17:30:00+00:00,1. Liga Promotion,Bulle,Lausanne Sport II,Asian Handicap,Home +0,1.42,,,WON,
2026-04-15T17:30:00+00:00,1. Liga Promotion,Zürich II,Kreuzlingen,Over/Under Goals,Under 3.5,1.69,,,WON,
2026-04-15T17:30:00+00:00,First League,Arda Kardzhali,Ludogorets,1X2 / Match Winner,Away,1.58,,,LOST,
2026-04-15T17:30:00+00:00,Premier Soccer League,Magesi,Kaizer Chiefs,Over/Under Goals,Under 3.5,1.16,,,LOST,
2026-04-15T17:45:00+00:00,Oberliga - Bremen,Geestemünde,Eiche Horn,1X2 / Match Winner,Away,1.3,,,LOST,
2026-04-15T18:00:00+00:00,1. Liga Promotion,Luzern II,Cham,Double Chance,Home/Draw,1.5,,,WON,
2026-04-15T18:00:00+00:00,Cearense - 2,Uniclinic Atletico Clube,Itapipoca,Over/Under Goals,Under 3.5,1.18,,,LOST,
2026-04-15T18:30:00+00:00,Première Division,Binga,Derby Academie,Over/Under Goals,Under 2.5,1.44,,,WON,
2026-04-15T18:30:00+00:00,Primera B Metropolitana,Deportivo Armenio,Liniers,Double Chance,Home/Draw,1.18,,,WON,
2026-04-15T18:45:00+00:00,League One,AFC Wimbledon,Stockport County,Over/Under Goals,Under 3.5,1.31,,,WON,
2026-04-15T18:45:00+00:00,League One,Luton,Northampton,Over/Under Goals,Over 1.5,1.2,,,WON,
2026-04-15T18:45:00+00:00,Non League Premier - Southern Central,Stourbridge,Needham Market,Over/Under Goals,Under 3.5,1.29,,,WON,
2026-04-15T18:45:00+00:00,Premiership,Ballymena United,Bangor,Team Total Goals,Under 2.5,1.25,,,WON,
2026-04-15T19:00:00+00:00,UEFA Champions League,Arsenal,Sporting CP,Over/Under Goals,Over 1.5,1.25,,,LOST,
2026-04-15T19:00:00+00:00,UEFA Champions League,Bayern München,Real Madrid,Over/Under Goals,Over 2.5,1.3,,,WON,
2026-04-15T20:00:00+00:00,Liga Femenina,Once Caldas W,Deportivo Cali W,Over/Under Goals,Under 3.5,1.53,,,WON,
2026-04-15T20:00:00+00:00,Primera Division,UTC Cajamarca,Sport Huancayo,Asian Handicap,Home +0,1.55,,,WON,
2026-04-15T22:00:00+00:00,CONMEBOL Libertadores,Cruzeiro,U. Catolica,Over/Under Goals,Under 3.5,1.28,,,WON,
2026-04-15T22:00:00+00:00,CONMEBOL Libertadores,Libertad Asuncion,Rosario Central,Asian Handicap,Home +0.5,1.55,,,LOST,
2026-04-15T22:00:00+00:00,CONMEBOL Sudamericana,Racing Club,Botafogo,Team Total Goals,Over 0.5,1.18,,,WON,
2026-04-15T22:00:00+00:00,Copa Sul-Sudeste,Operario-PR,Novorizontino,Over/Under Goals,Under 3.5,1.17,,,WON,
2026-04-15T22:00:00+00:00,Copa Sul-Sudeste,São Bernardo,Cianorte,Over/Under Goals,Under 3.5,1.17,,,WON,
2026-04-15T22:00:00+00:00,Liga Femenina,Junior W,Independiente Medellín W,Over/Under Goals,Under 2.5,1.65,,,LOST,
2026-04-15T22:00:00+00:00,Paulista - A2,Ferroviária,Juventus,Over/Under Goals,Under 3.5,1.18,,,WON,
2026-04-15T22:00:00+00:00,Paulista - A2,Ituano,Votuporanguense,Double Chance,Home/Draw,1.18,,,WON,
2026-04-15T22:00:00+00:00,Paulista - A2,Água Santa,XV de Piracicaba,Over/Under Goals,Under 3.5,1.18,,,WON,
2026-04-15T22:30:00+00:00,Copa Centro-Oeste,Gama,Anápolis,Team Total Goals,Under 2.5,1.17,,,WON,
2026-04-15T22:30:00+00:00,Copa Centro-Oeste,Rio Branco ES,Araguaína,Over/Under Goals,Under 3.5,1.17,,,LOST,
2026-04-15T23:00:00+00:00,Copa Centro-Oeste,Cuiaba,Porto Vitória,Over/Under Goals,Under 2.5,1.55,,,LOST,
2026-04-15T23:00:00+00:00,Copa Sul-Sudeste,America Mineiro,Sampaio Corrêa RJ,Asian Handicap,Away -1.25,1.58,,,WON,
2026-04-15T23:00:00+00:00,Copa Sul-Sudeste,Volta Redonda,Tombense,Over/Under Goals,Under 2.5,1.57,,,LOST,
2026-04-15T23:00:00+00:00,Primera B Metropolitana,Argentino Quilmes,San Martín Burzaco,Over/Under Goals,Over 1.5,1.5,,,WON,
2026-04-16T00:00:00+00:00,CONMEBOL Sudamericana,Olimpia,Barracas Central,Over/Under Goals,Over 1.5,1.42,,,LOST,
2026-04-16T00:00:00+00:00,US Open Cup,Houston Dynamo,El Paso Locomotive,Over/Under Goals,Over 1.5,1.2,,,WON,
2026-04-16T00:00:00+00:00,US Open Cup,St. Louis City,FC Tulsa,Over/Under Goals,Over 1.5,1.17,,,WON,
2026-04-16T00:15:00+00:00,Copa Sul-Sudeste,Juventude,Chapecoense-sc,Over/Under Goals,Under 2.5,1.53,,,WON,
2026-04-16T00:30:00+00:00,CONMEBOL Libertadores,Corinthians,Santa Fe,Over/Under Goals,Under 3.5,1.2,,,WON,
2026-04-16T00:30:00+00:00,CONMEBOL Libertadores,Fluminense,Independ. Rivadavia,1X2 / Match Winner,Draw,4.5,,,LOST,
2026-04-16T00:30:00+00:00,CONMEBOL Sudamericana,River Plate,Carabobo FC,Over/Under Goals,Under 3.5,1.38,,,WON,
2026-04-16T00:30:00+00:00,Copa Centro-Oeste,Vila Nova,Capital Brasilia,Over/Under Goals,Under 3.5,1.25,,,WON,
2026-04-16T00:30:00+00:00,Copa Sul-Sudeste,Avai,Caxias,Asian Handicap,Home +0.25,1.6,,,WON,
2026-04-16T01:00:00+00:00,CONCACAF Champions League,Los Angeles Galaxy,Toluca,Over/Under Goals,Over 1.5,1.17,,,WON,
2026-04-16T01:00:00+00:00,Copa Costa Rica,Sporting San Jose,Deportivo Saprissa,Over/Under Goals,Under 3.5,1.21,,,LOST,
2026-04-16T02:00:00+00:00,CONMEBOL Libertadores,Independiente del Valle,UCV,Over/Under Goals,Under 3.5,1.55,,,LOST,
2026-04-16T02:00:00+00:00,CONMEBOL Sudamericana,America de Cali,Alianza Atletico,Over/Under Goals,Under 3.5,1.33,,,WON,
2026-04-16T02:00:00+00:00,CONMEBOL Sudamericana,Millonarios,Boston River,Over/Under Goals,Under 3.5,1.42,,,WON,
2026-04-16T02:00:00+00:00,MLS Next Pro,Los Angeles FC II,Portland Timbers II,Double Chance,Draw/Away,1.67,,,WON,
2026-04-16T02:00:00+00:00,US Open Cup,San Jose Earthquakes,Phoenix Rising,1X2 / Match Winner,Home,1.45,,,WON,
2026-04-16T03:30:00+00:00,CONCACAF Champions League,Seattle Sounders,Tigres UANL,Over/Under Goals,Under 3.5,1.33,,,LOST,
2026-04-16T12:00:00+00:00,AFC Challenge League,Manila Digger,Svay Rieng,Over/Under Goals,Under 3.5,1.48,,,WON,
2026-04-16T13:55:00+00:00,Professional League,Dhofar,Al-Rustaq,Over/Under Goals,Under 3.5,1.17,,,WON,
2026-04-16T14:00:00+00:00,First League,Septemvri Sofia,Spartak Varna,Over/Under Goals,Under 3.5,1.3,,,WON,
2026-04-16T16:20:00+00:00,Professional League,Oman Club,Al Nasr,Asian Handicap,Home +0.5,1.52,,,WON,
2026-04-16T16:30:00+00:00,First League,Montana,Slavia Sofia,Over/Under Goals,Under 3.5,1.33,,,WON,
2026-04-16T16:30:00+00:00,Première Division,Mali Coura,ASKO,Double Chance,Home/Draw,1.57,,,WON,
2026-04-16T16:30:00+00:00,Première Division,Stade Malien Bamako,US Bougouba,Over/Under Goals,Under 2.5,1.5,,,WON,
2026-04-16T16:45:00+00:00,UEFA Europa Conference League,AZ Alkmaar,Shakhtar Donetsk,Over/Under Goals,Under 3.5,1.42,,,LOST,
2026-04-16T16:45:00+00:00,UEFA Europa League,Celta Vigo,SC Freiburg,Over/Under Goals,Over 1.5,1.3,,,WON,
2026-04-16T18:30:00+00:00,Première Division,Bakaridjan,Diarra,Double Chance,Home/Draw,1.44,,,WON,
2026-04-16T18:30:00+00:00,Primera B Metropolitana,Comunicaciones,Deportivo Camioneros,Double Chance,Draw/Away,1.57,,,WON,
2026-04-16T18:30:00+00:00,Primera B Metropolitana,Dock Sud,Deportivo Merlo,Over/Under Goals,Over 1.5,1.7,,,WON,
2026-04-16T18:45:00+00:00,Non League Premier - Southern South,Hanwell Town,Farnham Town,Team Total Goals,Over 0.5,1.18,,,WON,
2026-04-16T19:00:00+00:00,League Two,Bromley,Cambridge United,Over/Under Goals,Under 2.5,1.62,,,WON,
2026-04-16T19:00:00+00:00,UEFA Europa Conference League,AEK Athens FC,Rayo Vallecano,Double Chance,Draw/Away,1.67,,,LOST,
2026-04-16T19:00:00+00:00,UEFA Europa Conference League,Fiorentina,Crystal Palace,Over/Under Goals,Under 3.5,1.3,,,WON,
2026-04-16T19:00:00+00:00,UEFA Europa Conference League,Strasbourg,FSV Mainz 05,Over/Under Goals,Under 3.5,1.33,,,LOST,
2026-04-16T19:00:00+00:00,UEFA Europa League,Aston Villa,Bologna,1X2 / Match Winner,Home,1.7,,,WON,
2026-04-16T19:00:00+00:00,UEFA Europa League,Nottingham Forest,FC Porto,Over/Under Goals,Under 3.5,1.22,,,WON,
2026-04-16T19:00:00+00:00,UEFA Europa League,Real Betis,SC Braga,Over/Under Goals,Under 3.5,1.33,,,LOST,
2026-04-16T21:00:00+00:00,Copa Centro-Oeste,Tocantinópolis,Atletico Goianiense,Asian Handicap,Home +0.25,1.68,,,WON,
2026-04-16T22:00:00+00:00,CONMEBOL Libertadores,Lanus,Always Ready,Over/Under Goals,Under 3.5,1.44,,,WON,
2026-04-16T22:00:00+00:00,CONMEBOL Libertadores,Palmeiras,Sporting Cristal,Over/Under Goals,Over 1.5,1.17,,,WON,
2026-04-16T22:00:00+00:00,CONMEBOL Sudamericana,Atletico-MG,Juventud,Over/Under Goals,Under 3.5,1.44,,,WON,
2026-04-16T22:00:00+00:00,CONMEBOL Sudamericana,Tigre,Macara,Over/Under Goals,Under 3.5,1.22,,,WON,
2026-04-16T23:30:00+00:00,Copa Centro-Oeste,Operario Ferroviario,Primavera MG,Over/Under Goals,Under 2.5,1.7,,,LOST,
2026-04-17T00:30:00+00:00,Brasileiro U20 A,Corinthians U20,Santos U20,Double Chance,Home/Draw,1.5,,,WON,
2026-04-17T00:30:00+00:00,CONMEBOL Libertadores,Flamengo,Independiente Medellin,Over/Under Goals,Over 1.5,1.22,,,WON,
2026-04-17T00:30:00+00:00,CONMEBOL Libertadores,Penarol,Platense,Over/Under Goals,Under 2.5,1.4,,,LOST,
2026-04-17T00:30:00+00:00,CONMEBOL Sudamericana,RB Bragantino,Blooming,Team Total Goals,Under 2.5,1.65,,,LOST,
2026-04-17T00:30:00+00:00,CONMEBOL Sudamericana,San Lorenzo,Deportivo Cuenca,1X2 / Match Winner,Home,1.66,,,WON,
2026-04-17T02:00:00+00:00,CONMEBOL Sudamericana,Cienciano,Puerto Cabello,Over/Under Goals,Over 1.5,1.22,,,WON,
2026-04-17T08:30:00+00:00,Liga 1,Bhayangkara FC,PSIM Yogyakarta,Over/Under Goals,Over 1.5,1.21,,,WON,
2026-04-17T09:00:00+00:00,Youth Championship,Fakel U19,Nizhny Novgorod U19,Double Chance,Home/Draw,1.16,,,LOST,
2026-04-17T09:30:00+00:00,Queensland NPL,WDSC Wolves,Gold Coast Knights,Double Chance,Draw/Away,1.5,,,WON,
2026-04-17T09:30:00+00:00,Victoria NPL 2,Langwarrin,Bulleen Lions,Double Chance,Draw/Away,1.4,,,WON,
2026-04-17T09:35:00+00:00,A-League,Melbourne Victory,Newcastle Jets,Asian Handicap,Home +0,1.48,,,WON,
2026-04-17T10:00:00+00:00,New South Wales NPL 2,Bankstown City Lions,Hills Brumbies,Asian Handicap,Home +0,1.48,,,WON,
2026-04-17T10:00:00+00:00,Northern NSW NPL,Broadmeadow Magic,Cooks Hill United,Over/Under Goals,Over 2.5,1.4,,,WON,
2026-04-17T10:00:00+00:00,Youth Championship,Akademiya Konoplev U20,Dinamo Moskva U19,Team Total Goals,Under 2.5,1.6,,,WON,
2026-04-17T10:00:00+00:00,Youth Championship,Chertanovo U20,Lokomotiv Moskva U19,Team Total Goals,Over 1.5,1.23,,,WON,
2026-04-17T10:15:00+00:00,New South Wales NPL 2,Blacktown Spartans,Prospect United,Over/Under Goals,Over 2.5,1.44,,,WON,
2026-04-17T10:30:00+00:00,Queensland Premier League,Holland Park Hawks,Capalaba,Asian Handicap,Away -1.25,1.56,,,WON,
2026-04-17T10:30:00+00:00,Victoria NPL 2,Melbourne Knights,Manningham United Blues,Asian Handicap,Home +0,1.57,,,WON,
2026-04-17T10:30:00+00:00,Victoria NPL 2,Northcote City,Port Melbourne,Over/Under Goals,Under 3.5,1.9,,,WON,
2026-04-17T11:00:00+00:00,First League,Sileks,Akademija Pandev,Over/Under Goals,Under 3.5,1.36,,,LOST,
2026-04-17T11:00:00+00:00,Super League,Qingdao Jonoon,Qingdao Youth Island,Double Chance,Home/Draw,1.42,,,WON,
2026-04-17T11:35:00+00:00,Super League,Chongqing Tongliang Long,Sichuan Jiuniu,BTTS,Yes,1.7,,,LOST,
2026-04-17T11:35:00+00:00,Super League,Shandong Luneng,SHANGHAI SIPG,Asian Handicap,Home +0.25,1.4,,,WON,
2026-04-17T12:00:00+00:00,First League,Enisey,Chelyabinsk,Over/Under Goals,Over 1.5,1.36,,,WON,
2026-04-17T12:00:00+00:00,Liga 1,Persebaya Surabaya,Persepam Madura Utd,Over/Under Goals,Over 1.5,1.22,,,WON,
2026-04-17T12:00:00+00:00,Liga Leumit,Hapoel Kfar Saba,Hapoel Acre,Over/Under Goals,Under 3.5,1.28,,,LOST,
2026-04-17T12:00:00+00:00,Liga Leumit,Hapoel Ramat Gan,Hapoel Hadera,Team Total Goals,Over 0.5,1.15,,,WON,
2026-04-17T12:00:00+00:00,Liga Leumit,Hapoel Rishon LeZion,Maccabi Petah Tikva,Asian Handicap,Home +1.25,1.44,,,WON,
2026-04-17T12:00:00+00:00,Professional Development League,Coventry City U21,Crewe Alexandra U21,Over/Under Goals,Over 2.5,1.22,,,WON,
2026-04-17T12:00:00+00:00,Super League,Hangzhou Greentown,Beijing Guoan,Over/Under Goals,Under 3.5,1.62,,,WON,
2026-04-17T12:00:00+00:00,Super League,Wuhan Three Towns,Chengdu Better City,1X2 / Match Winner,Away,1.47,,,WON,
2026-04-17T12:00:00+00:00,Super League,Yunnan Yukun,Tianjin Teda,Over/Under Goals,Over 1.5,1.2,,,WON,
2026-04-17T12:00:00+00:00,Youth Championship,Krasnodar U19,Rubin Kazan U20,Team Total Goals,Over 1.5,1.19,,,WON,
2026-04-17T12:30:00+00:00,Premier League,Dynamo Kyiv,Zorya Luhansk,Over/Under Goals,Over 2.5,1.68,,,WON,
2026-04-17T13:00:00+00:00,1st Division,Casric Stars,Black Leopards,1X2 / Match Winner,Home,1.67,,,LOST,
2026-04-17T13:00:00+00:00,First League,Tikveš,Shkendija,BTTS,Yes,1.95,,,WON,
2026-04-17T13:00:00+00:00,Premyer Liqa,Araz,Turan,Over/Under Goals,Under 3.5,1.49,,,WON,
2026-04-17T13:30:00+00:00,III Liga - Group 3,Ślęza Wrocław,Warta Gorzów,Asian Handicap,Home +0.25,1.44,,,WON,
2026-04-17T13:30:00+00:00,Prva HNL,HNK Gorica,NK Lokomotiva Zagreb,Over/Under Goals,Over 1.5,1.33,,,WON,
2026-04-17T13:50:00+00:00,Professional League,Ibri,Smail,Over/Under Goals,Over 1.5,1.4,,,WON,
2026-04-17T14:00:00+00:00,Prva Liga,Borac Cacak,Dubočica,Over/Under Goals,Under 2.5,1.67,,,LOST,
2026-04-17T14:00:00+00:00,Prva Liga,Dinamo Jug,FK Trayal,Over/Under Goals,Under 3.5,1.17,,,WON,
2026-04-17T14:00:00+00:00,Prva Liga,Grafičar,Stepojevac Vaga,Over/Under Goals,Under 3.5,1.19,,,WON,
2026-04-17T14:00:00+00:00,Prva Liga,Semendrija 1924,FAP,Double Chance,Home/Draw,1.17,,,LOST,
2026-04-17T14:00:00+00:00,Youth Championship,Zenit U19,Ural U20,1X2 / Match Winner,Home,1.15,,,LOST,
2026-04-17T14:30:00+00:00,Liga I,Oţelul,Uta Arad,Over/Under Goals,Over 1.5,1.36,,,LOST,
2026-04-17T14:45:00+00:00,AFC Champions League,Al-Ahli Jeddah,Johor Darul Takzim FC,Over/Under Goals,Under 3.5,1.55,,,WON,
2026-04-17T15:00:00+00:00,Erovnuli Liga,Dinamo Tbilisi,Meshakhte,Over/Under Goals,Under 3.5,1.21,,,WON,
2026-04-17T15:00:00+00:00,Erovnuli Liga,Samgurali,Dila,Double Chance,Home/Draw,1.53,,,LOST,
2026-04-17T15:00:00+00:00,First League,Torpedo Moskva,KAMAZ,Over/Under Goals,Under 3.5,1.18,,,WON,
2026-04-17T15:00:00+00:00,III Liga - Group 3,Górnik Polkowice,Goczałkowice Zdrój,Over/Under Goals,Under 3.5,1.36,,,WON,
2026-04-17T15:00:00+00:00,Premier League,Obolon'-Brovar,SK Poltava,1X2 / Match Winner,Home,1.57,,,LOST,
2026-04-17T15:30:00+00:00,Premyer Liqa,Zira,Neftchi Baku,Over/Under Goals,Over 1.5,1.43,,,WON,
2026-04-17T15:45:00+00:00,Prva HNL,NK Slaven Belupo,HNK Hajduk Split,Team Total Goals,Over 0.5,1.2,,,WON,
2026-04-17T16:00:00+00:00,1. Division,AEL,Enosis,Result + Total Goals,Home/Over 1.5,1.17,,,WON,
2026-04-17T16:00:00+00:00,A Lyga,Hegelmann Litauen,FK Trakai,Over/Under Goals,Under 3.5,1.32,,,WON,
2026-04-17T16:00:00+00:00,CAF Confederation Cup,Zamalek SC,CR Belouizdad,Asian Handicap,Away -1.25,1.4,,,WON,
2026-04-17T16:00:00+00:00,Ekstraklasa,GKS Katowice,Motor Lublin,Over/Under Goals,Under 3.5,1.42,,,LOST,
2026-04-17T16:00:00+00:00,Erste Liga,Austria Lustenau,Rapid Wien II,1X2 / Match Winner,Home,1.7,,,WON,
2026-04-17T16:00:00+00:00,Erste Liga,Floridsdorfer AC,SKU Amstetten,Over/Under Goals,Under 3.5,1.25,,,LOST,
2026-04-17T16:00:00+00:00,Erste Liga,SV Kapfenberg,Schwarz-Weiß Bregenz,Over/Under Goals,Under 3.5,1.42,,,LOST,
2026-04-17T16:20:00+00:00,Professional League,Sohar,Al-Nahda,Over/Under Goals,Under 3.5,1.2,,,WON,
2026-04-17T16:30:00+00:00,Bundesliga 2,Holstein Kiel,1. FC Kaiserslautern,Over/Under Goals,Under 3.5,1.44,,,WON,
2026-04-17T16:30:00+00:00,Bundesliga 2,SV Elversberg,Karlsruher SC,Over/Under Goals,Over 1.5,1.15,,,WON,
2026-04-17T16:30:00+00:00,Premier League,FC Rostov,FC Sochi,Over/Under Goals,Under 3.5,1.28,,,WON,
2026-04-17T16:30:00+00:00,Serie A,Sassuolo,Como,Over/Under Goals,Over 1.5,1.25,,,WON,
2026-04-17T17:00:00+00:00,3. Liga,SSV Jahn Regensburg,Alemannia Aachen,Over/Under Goals,Over 1.5,1.2,,,WON,
2026-04-17T17:00:00+00:00,A Lyga,FK Zalgiris Vilnius,Banga,Over/Under Goals,Under 2.5,2.12,,,WON,
2026-04-17T17:00:00+00:00,Allsvenskan,Degerfors IF,IF Elfsborg,Team Total Goals,Over 0.5,1.25,,,WON,
2026-04-17T17:00:00+00:00,Allsvenskan,Djurgardens IF,Malmo FF,Double Chance,Draw/Away,1.53,,,WON,
2026-04-17T17:00:00+00:00,Division 2 - Västra Götaland,Jonsered,Böljan,Asian Handicap,Home +0,1.42,,,WON,
2026-04-17T17:00:00+00:00,Erovnuli Liga,Gagra,Torpedo Kutaisi,Over/Under Goals,Under 2.5,1.7,,,LOST,
2026-04-17T17:00:00+00:00,Ettan - Södra,Hässleholms IF,Olympic,Double Chance,Home/Draw,1.4,,,WON,
2026-04-17T17:00:00+00:00,National 2 - Group C,Andrézieux,Grasse,Asian Handicap,Home +0,1.44,,,LOST,
2026-04-17T17:00:00+00:00,Super Lig,Antalyaspor,Konyaspor,Asian Handicap,Home +0.5,1.7,,,LOST,
2026-04-17T17:00:00+00:00,Super Lig,Fenerbahçe,Rizespor,Over/Under Goals,Over 1.5,1.15,,,WON,
2026-04-17T17:00:00+00:00,Superligaen,Brondby,Sonderjyske,Over/Under Goals,Under 3.5,1.44,,,LOST,
2026-04-17T17:30:00+00:00,Liga I,Arges Pitesti,CFR 1907 Cluj,Over/Under Goals,Under 2.5,1.45,,,WON,
2026-04-17T17:30:00+00:00,National 1,Aubagne,Orleans,Over/Under Goals,Under 3.5,1.28,,,WON,
2026-04-17T17:30:00+00:00,National 1,Bourg-en-bresse 01,Caen,Over/Under Goals,Under 3.5,1.22,,,WON,
2026-04-17T17:30:00+00:00,National 1,Concarneau,Rouen,Double Chance,Home/Draw,1.53,,,WON,
2026-04-17T17:30:00+00:00,National 1,Dijon,Sochaux,1X2 / Match Winner,Draw,3.3,,,WON,
2026-04-17T17:30:00+00:00,National 1,Fleury 91,Valenciennes,Asian Handicap,Home +0,1.46,,,WON,
2026-04-17T17:30:00+00:00,National 1,Quevilly,Le Puy Foot,Over/Under Goals,Over 1.5,1.3,,,LOST,
2026-04-17T17:30:00+00:00,National 1,Versailles,Chateauroux,Double Chance,Draw/Away,1.62,,,LOST,
2026-04-17T17:30:00+00:00,National 1,Villefranche,Gobelins,Over/Under Goals,Under 3.5,1.19,,,LOST,
2026-04-17T17:30:00+00:00,Premier Soccer League,Stellenbosch,Sekhukhune United,Double Chance,Draw/Away,1.44,,,LOST,
2026-04-17T17:30:00+00:00,Tipp3 Bundesliga,Grazer AK,Ried,Over/Under Goals,Under 3.5,1.22,,,WON,
2026-04-17T17:45:00+00:00,Segunda Liga,Academico Viseu,Feirense,Over/Under Goals,Under 3.5,1.2,,,WON,
2026-04-17T18:00:00+00:00,Challenger Pro League,Beerschot VA,Lommel United,Over/Under Goals,Over 1.5,1.22,,,WON,
2026-04-17T18:00:00+00:00,Challenger Pro League,K. Lierse S.K.,Lokeren-Temse,Over/Under Goals,Under 3.5,1.42,,,WON,
2026-04-17T18:00:00+00:00,Challenger Pro League,KRC Genk II,KAA Gent II,Over/Under Goals,Under 3.5,1.62,,,WON,
2026-04-17T18:00:00+00:00,Challenger Pro League,Kortrijk,RWDM,Over/Under Goals,Over 1.5,1.2,,,WON,
2026-04-17T18:00:00+00:00,Challenger Pro League,Liège,AS Eupen,Over/Under Goals,Under 3.5,1.4,,,WON,
2026-04-17T18:00:00+00:00,Challenger Pro League,Patro Eisden,Francs Borains,Team Total Goals,Over 0.5,1.55,,,LOST,
2026-04-17T18:00:00+00:00,Challenger Pro League,RSC Anderlecht II,Olympic Charleroi,Over/Under Goals,Over 1.5,1.17,,,WON,
2026-04-17T18:00:00+00:00,Challenger Pro League,Seraing United,SK Beveren,Team Total Goals,Over 0.5,1.57,,,WON,
2026-04-17T18:00:00+00:00,Eerste Divisie,ADO Den Haag,Waalwijk,Over/Under Goals,Over 2.5,1.5,,,WON,
2026-04-17T18:00:00+00:00,Eerste Divisie,Almere City FC,Dordrecht,Over/Under Goals,Over 1.5,1.15,,,WON,
2026-04-17T18:00:00+00:00,Eerste Divisie,De Graafschap,Cambuur,Over/Under Goals,Over 2.5,1.4,,,WON,
2026-04-17T18:00:00+00:00,Eerste Divisie,FC OSS,Den Bosch,Over/Under Goals,Over 2.5,1.49,,,WON,
2026-04-17T18:00:00+00:00,Eerste Divisie,Helmond Sport,VVV Venlo,Over/Under Goals,Under 3.5,1.5,,,WON,
2026-04-17T18:00:00+00:00,Eerste Divisie,Jong PSV U21,Jong Ajax,Over/Under Goals,Under 2.5,3.35,,,WON,
2026-04-17T18:00:00+00:00,Eerste Divisie,Jong Utrecht,FC Eindhoven,Asian Handicap,Home +0,1.64,,,WON,
2026-04-17T18:00:00+00:00,Eerste Divisie,Roda,Emmen,1X2 / Match Winner,Home,1.68,,,LOST,
2026-04-17T18:00:00+00:00,Eerste Divisie,Vitesse,MVV,1X2 / Match Winner,Home,1.52,,,LOST,
2026-04-17T18:00:00+00:00,Eerste Divisie,Willem II,Jong AZ,Over/Under Goals,Over 2.5,1.4,,,WON,
2026-04-17T18:00:00+00:00,Ligue 2,Le Mans,Clermont Foot,Team Total Goals,Over 0.5,1.17,,,WON,
2026-04-17T18:00:00+00:00,Ligue 2,Montpellier,Grenoble,Team Total Goals,Over 0.5,1.17,,,WON,
2026-04-17T18:00:00+00:00,Ligue 2,Nancy,Annecy,Over/Under Goals,Under 3.5,1.25,,,LOST,
2026-04-17T18:00:00+00:00,Ligue 2,PAU,Guingamp,Over/Under Goals,Under 3.5,1.48,,,WON,
2026-04-17T18:00:00+00:00,Ligue 2,Rodez,Amiens,Over/Under Goals,Under 3.5,1.5,,,LOST,
2026-04-17T18:00:00+00:00,Premier League 2 Division One,Blackburn Rovers U21,Tottenham Hotspur U21,Over/Under Goals,Under 3.5,2.0,,,WON,
2026-04-17T18:00:00+00:00,Premier League 2 Division One,Everton U21,Ipswich Town U21,Double Chance,Draw/Away,1.62,,,LOST,
2026-04-17T18:00:00+00:00,Premier League 2 Division One,Stoke City U21,Aston Villa U21,Double Chance,Draw/Away,1.44,,,WON,
2026-04-17T18:15:00+00:00,Prva HNL,NK Osijek,NK Varazdin,Over/Under Goals,Under 3.5,1.22,,,WON,
2026-04-17T18:30:00+00:00,Bundesliga 1,FC St. Pauli,1. FC Köln,Double Chance,Draw/Away,1.57,,,WON,
2026-04-17T18:30:00+00:00,Ekstraklasa,Legia Warszawa,Zaglebie Lubin,Over/Under Goals,Under 3.5,1.33,,,WON,
2026-04-17T18:30:00+00:00,Erste Liga,Admira Wacker,First Vienna,Over/Under Goals,Under 3.5,1.25,,,WON,
2026-04-17T18:30:00+00:00,Reserve Pro League,RAAL La Louviere U21,Waasland-Beveren U21,Over/Under Goals,Over 2.5,1.5,,,WON,
2026-04-17T18:30:00+00:00,Segunda Division,Real Sociedad II,Racing Santander,Over/Under Goals,Over 1.5,1.17,,,WON,
2026-04-17T18:30:00+00:00,Serie B,Sampdoria,Monza,Double Chance,Home/Draw,1.62,,,LOST,
2026-04-17T18:45:00+00:00,Ligue 1,Lens,Toulouse,Over/Under Goals,Over 2.5,1.77,,,WON,
2026-04-17T18:45:00+00:00,Premier Division,Drogheda United,St Patrick's Athl.,Team Total Goals,Under 2.5,1.15,,,LOST,
2026-04-17T18:45:00+00:00,Premier Division,Dundalk,Galway United,Team Total Goals,Over 0.5,1.42,,,WON,
2026-04-17T18:45:00+00:00,Premier Division,Shelbourne,Derry City,Over/Under Goals,Under 3.5,1.25,,,WON,
2026-04-17T18:45:00+00:00,Premiership,Glentoran,Larne,Team Total Goals,Over 0.5,1.57,,,LOST,
2026-04-17T18:45:00+00:00,Serie A,Inter,Cagliari,Over/Under Goals,Over 1.5,1.18,,,WON,
2026-04-17T19:00:00+00:00,Championship,Blackburn,Coventry,Team Total Goals,Under 2.5,1.18,,,WON,
2026-04-17T19:00:00+00:00,Premier Division,Shamrock Rovers,Bohemians,Asian Handicap,Home +0,1.62,,,WON,
2026-04-17T19:00:00+00:00,Segunda Division,Las Palmas,Leganes,Over/Under Goals,Under 3.5,1.33,,,WON,
2026-04-17T19:45:00+00:00,Primeira Liga,Rio Ave,AVS,Over/Under Goals,Under 3.5,1.33,,,LOST,
2026-04-17T20:00:00+00:00,Division Intermedia,Resistencia,Independiente F.b.c.,Double Chance,Draw/Away,1.55,,,WON,
2026-04-17T20:00:00+00:00,Division Profesional - Apertura,Sportivo Trinidense,Club Sp. San Lorenzo,Double Chance,Home/Draw,1.18,,,WON,
2026-04-17T20:00:00+00:00,Primera Division,Club Deportivo Los Chankas,Atletico Grau,Over/Under Goals,Over 1.5,1.4,,,WON,
2026-04-17T21:00:00+00:00,Primera A,Chico,Deportivo Cali,Over/Under Goals,Under 3.5,1.2,,,WON,
2026-04-17T21:00:00+00:00,Primera A,Jaguares,Deportivo Pasto,Over/Under Goals,Under 2.5,1.67,,,LOST,
2026-04-17T22:00:00+00:00,Liga Pro,Leones del Norte,Aucas,Double Chance,Draw/Away,1.42,,,WON,
2026-04-17T22:30:00+00:00,Division Intermedia,Paraguari AC,Encarnación,Asian Handicap,Home +0,1.54,,,LOST,
2026-04-17T23:00:00+00:00,Liga de Expansión MX,Atlante FC,CA La Paz,Over/Under Goals,Over 2.5,1.5,,,LOST,
2026-04-17T23:00:00+00:00,MLS Next Pro,Toronto II,Philadelphia Union II,Over/Under Goals,Over 1.5,1.16,,,LOST,
2026-04-17T23:00:00+00:00,Primera B Metropolitana,Excursionistas,Arsenal Sarandi,Over/Under Goals,Under 2.5,1.42,,,WON,
2026-04-17T23:00:00+00:00,Primera División - Apertura,Albion FC,Central Espanol,Over/Under Goals,Over 1.5,1.48,,,WON,
2026-04-17T23:30:00+00:00,Primera Division,Union Santa Fe,Newells Old Boys,Over/Under Goals,Over 1.5,1.4,,,WON,
2026-04-18T00:00:00+00:00,Primera Division,Deportes Limache,Universidad de Concepcion,Asian Handicap,Home +0,1.6,,,WON,
2026-04-18T00:30:00+00:00,Liga Pro,Emelec,Guayaquil City FC,Over/Under Goals,Under 3.5,1.22,,,LOST,
2026-04-18T01:00:00+00:00,Liga MX,Atletico San Luis,U.N.A.M. - Pumas,Over/Under Goals,Over 1.5,1.22,,,WON,
2026-04-18T01:00:00+00:00,Liga MX,Mazatlán,Club Queretaro,Asian Handicap,Away -0.5,1.5,,,WON,
2026-04-18T01:00:00+00:00,Liga de Expansión MX,Correcaminos Uat,Alebrijes de Oaxaca,Team Total Goals,Over 0.5,1.22,,,WON,
2026-04-18T02:30:00+00:00,Major League Soccer,Vancouver Whitecaps,Sporting Kansas City,Team Total Goals,Over 1.5,1.17,,,WON,
2026-04-18T03:00:00+00:00,Liga de Expansión MX,Dorados,Tapatío,Over/Under Goals,Over 1.5,1.3,,,WON,
2026-04-18T03:00:00+00:00,Ofc Pro League,South Melbourne,Hekari United,1X2 / Match Winner,Home,1.18,,,LOST,
2026-04-18T04:00:00+00:00,J. League Div.1,Yokohama F. Marinos,Kawasaki Frontale,Over/Under Goals,Under 3.5,1.48,,,WON,
2026-04-18T04:00:00+00:00,Northern NSW NPL,Edgeworth Eagles,Charlestown City Blues,Over/Under Goals,Over 2.5,1.6,,,WON,
2026-04-18T04:00:00+00:00,Victoria NPL,Hume City,St. Albans Saints,Over/Under Goals,Over 1.5,1.17,,,LOST,
2026-04-18T05:00:00+00:00,A-League,Wellington Phoenix,Western Sydney Wanderers,Over/Under Goals,Under 3.5,1.55,,,WON,
2026-04-18T05:00:00+00:00,J. League Div.1,Kashima,Urawa,Asian Handicap,Home +0,1.45,,,WON,
2026-04-18T05:00:00+00:00,J. League Div.1,Sanfrecce Hiroshima,V-varen Nagasaki,Over/Under Goals,Under 3.5,1.45,,,WON,
2026-04-18T05:00:00+00:00,K-League Classic,FC Seoul,Daejeon Citizen,Over/Under Goals,Under 3.5,1.33,,,WON,
2026-04-18T05:00:00+00:00,K-League Classic,Gangwon FC,Jeonbuk Motors,Over/Under Goals,Under 3.5,1.22,,,WON,
2026-04-18T05:00:00+00:00,Victoria NPL,Avondale,Melbourne City II,1X2 / Match Winner,Home,1.65,,,WON,
2026-04-18T06:00:00+00:00,J. League Div.1,Tokyo Verdy,JEF United Chiba,Over/Under Goals,Under 2.5,1.57,,,WON,
2026-04-18T06:30:00+00:00,New South Wales NPL 2,Hakoah Sydney City,Mt Druitt Town,Over/Under Goals,Under 3.5,1.58,,,LOST,
2026-04-18T06:30:00+00:00,New South Wales NPL 2,Macarthur Rams,Bulls Academy,Double Chance,Home/Draw,1.6,,,WON,
2026-04-18T06:30:00+00:00,New South Wales NPL 2,Northern Tigers,Hurstville FC,Team Total Goals,Over 0.5,1.22,,,LOST,
2026-04-18T06:30:00+00:00,Northern NSW NPL,Maitland,Lambton Jaffas,BTTS,Yes,1.4,,,WON,
2026-04-18T06:30:00+00:00,Northern NSW NPL,Valentine,Adamstown Rosebuds,Over/Under Goals,Under 3.5,1.7,,,WON,
2026-04-18T07:00:00+00:00,A-League,Brisbane Roar,Melbourne City,Team Total Goals,Under 2.5,1.2,,,LOST,
2026-04-18T07:00:00+00:00,First League,Ska-khabarovsk,Rotor Volgograd,Over/Under Goals,Over 1.5,1.63,,,WON,
2026-04-18T07:00:00+00:00,J. League Div.1,Cerezo Osaka,Kyoto Sanga,Over/Under Goals,Under 3.5,1.48,,,WON,
2026-04-18T07:00:00+00:00,New South Wales NPL 2,Dulwich Hill,Canterbury Bankstown,Double Chance,Home/Draw,1.67,,,WON,
2026-04-18T07:00:00+00:00,New South Wales NPL 2,Inter Lions,Central Coast II,Over/Under Goals,Under 3.5,1.46,,,LOST,
2026-04-18T07:00:00+00:00,New South Wales NPL 2,Newcastle Jets II,Rydalmere Lions,Over/Under Goals,Under 3.5,2.04,,,LOST,
2026-04-18T07:00:00+00:00,New South Wales NPL,SD Raiders,St. George Saints,Over/Under Goals,Over 1.5,1.17,,,LOST,
2026-04-18T07:00:00+00:00,New South Wales NPL,UNSW,Western Sydney Wanderers U23,Over/Under Goals,Over 2.5,1.67,,,WON,
2026-04-18T07:00:00+00:00,Queensland Premier League,Caboolture,St George Willawong,Double Chance,Home/Draw,1.17,,,WON,
2026-04-18T07:30:00+00:00,K-League Classic,Bucheon FC 1995,Incheon United,1X2 / Match Winner,Draw,3.25,,,WON,
2026-04-18T07:30:00+00:00,K-League Classic,Jeju United FC,Gimcheon Sangmu FC,Over/Under Goals,Under 2.5,1.83,,,WON,
2026-04-18T07:30:00+00:00,New South Wales NPL,NWS Spirit,Sydney United,Over/Under Goals,Under 3.5,1.35,,,LOST,
2026-04-18T08:00:00+00:00,Liga II,ASA Targu Mures,Gloria Bistriţa,Double Chance,Draw/Away,1.53,,,WON,
2026-04-18T08:00:00+00:00,Liga II,CSM Reşiţa,Concordia,Over/Under Goals,Under 3.5,1.18,,,WON,
2026-04-18T08:00:00+00:00,Liga II,CSM Satu Mare,Viitorul Şelimbăr,Over/Under Goals,Over 1.5,1.23,,,WON,
2026-04-18T08:00:00+00:00,Liga II,FC Bacau,CS Afumati,Double Chance,Draw/Away,1.5,,,LOST,
2026-04-18T08:00:00+00:00,Liga II,Metalul Buzău,Politehnica Iasi,Team Total Goals,Over 0.5,1.41,,,LOST,
2026-04-18T08:00:00+00:00,Liga II,Muscelul Câmpulung Elite,Ceahlăul Piatra Neamţ,Double Chance,Draw/Away,1.37,,,WON,
2026-04-18T08:00:00+00:00,Liga II,Tunari,Dumbrăviţa,Over/Under Goals,Under 3.5,1.23,,,WON,
2026-04-18T08:00:00+00:00,Queensland Premier League,Broadbeach United,Brisbane Strikers,Double Chance,Draw/Away,1.7,,,LOST,
2026-04-18T08:00:00+00:00,Victoria NPL,Sunshine Georgies,Heidelberg United,Over/Under Goals,Under 3.5,1.45,,,WON,
2026-04-18T08:15:00+00:00,Victoria NPL,Altona Magic,Dandenong Thunder,Over/Under Goals,Under 3.5,1.4,,,LOST,
2026-04-18T08:30:00+00:00,3. liga - CFL A,České Budějovice II,Kladno,BTTS,Yes,1.52,,,LOST,
2026-04-18T08:30:00+00:00,3. liga - CFL B,Velké Hamry,Baník Souš,Double Chance,Draw/Away,1.33,,,WON,
2026-04-18T08:30:00+00:00,Liga 1,Arema FC,Persis Solo,Over/Under Goals,Under 3.5,1.45,,,WON,
2026-04-18T09:00:00+00:00,Liga II,Chindia Targoviste,Sepsi OSK Sfantu Gheorghe,Over/Under Goals,Under 3.5,1.25,,,WON,
2026-04-18T09:00:00+00:00,Premier League,FC Orenburg,Lokomotiv,Over/Under Goals,Under 3.5,1.44,,,WON,
2026-04-18T09:15:00+00:00,New South Wales NPL,St George City FA,Marconi Stallions,Over/Under Goals,Over 1.5,1.28,,,WON,
2026-04-18T09:30:00+00:00,1. Liga U19,Pardubice U19,České Budějovice U19,Double Chance,Home/Draw,1.3,,,WON,
2026-04-18T09:35:00+00:00,A-League,Sydney,Perth Glory,1X2 / Match Winner,Draw,4.6,,,WON,
2026-04-18T10:00:00+00:00,1. Liga U19,Hradec Králové U19,Baník Ostrava U19,Double Chance,Home/Draw,1.4,,,WON,
2026-04-18T10:00:00+00:00,Júniores U19,Famalicão U19,Sporting CP U19,Over/Under Goals,Under 3.5,1.33,,,WON,
2026-04-18T10:00:00+00:00,Júniores U19,Vitoria Guimaraes U19,Sporting Braga U19,Team Total Goals,Over 0.5,1.18,,,WON,
2026-04-18T10:00:00+00:00,Premier League,Kolos Kovalivka,LNZ Cherkasy,Team Total Goals,Over 0.5,1.4,,,LOST,
2026-04-18T10:30:00+00:00,First League,FK Sokol Saratov,Ural,1X2 / Match Winner,Away,1.6,,,WON,
2026-04-18T10:30:00+00:00,TFF 1. Lig,Hatayspor,Sakaryaspor,Team Total Goals,Over 0.5,1.42,,,WON,
2026-04-18T11:00:00+00:00,1. Liga U19,Sparta Praha U19,Slovácko U19,Over/Under Goals,Over 2.5,1.44,,,WON,
2026-04-18T11:00:00+00:00,3. Division,Odder,Sundby,Over/Under Goals,Under 3.5,1.38,,,WON,
2026-04-18T11:00:00+00:00,AFC U20 Asian Cup - Women,Japan U20 W,Korea DPR U20,Double Chance,Home/Draw,1.55,,,WON,
2026-04-18T11:00:00+00:00,Bundesliga 2,1. FC Magdeburg,Fortuna Düsseldorf,Over/Under Goals,Over 1.5,1.17,,,WON,
2026-04-18T11:00:00+00:00,Bundesliga 2,Arminia Bielefeld,1. FC Nürnberg,Over/Under Goals,Over 1.5,1.22,,,WON,
2026-04-18T11:00:00+00:00,Bundesliga 2,Dynamo Dresden,VfL Bochum,Over/Under Goals,Over 1.5,1.18,,,WON,
2026-04-18T11:00:00+00:00,Division 2 - Norrland,IFK Umeå,IFK Luleå,1X2 / Match Winner,Away,1.55,,,WON,
2026-04-18T11:00:00+00:00,Ettan - Norra,Enköping,FBK Karlstad,Asian Handicap,Away -1.25,1.46,,,WON,
2026-04-18T11:00:00+00:00,Super League,Dalian Zhixing,Henan Jianye,Asian Handicap,Home +0,1.57,,,WON,
2026-04-18T11:00:00+00:00,Superettan,Varbergs BoIS FC,United Nordic,Over/Under Goals,Over 1.5,1.22,,,WON,
2026-04-18T11:00:00+00:00,Thai League 1,Bangkok United,Ratchaburi,Asian Handicap,Away -0.5,1.68,,,WON,
2026-04-18T11:00:00+00:00,Thai League 1,Prachuap,Chonburi FC,BTTS,Yes,1.65,,,LOST,
2026-04-18T11:00:00+00:00,Thai League 2,Chiangmai United,Nong Bua Pitchaya,Over/Under Goals,Over 2.5,1.5,,,WON,
2026-04-18T11:00:00+00:00,Thai League 2,Pattani,Chanthaburi,Asian Handicap,Away -1.25,1.43,,,WON,
2026-04-18T11:00:00+00:00,Thai League 2,Police Tero,Phrae United,Over/Under Goals,Under 3.5,1.34,,,LOST,
2026-04-18T11:00:00+00:00,Thai League 2,Rasi Salai United,Mahasarakham United,Over/Under Goals,Under 3.5,1.32,,,WON,
2026-04-18T11:00:00+00:00,Veikkausliiga,Gnistan,HJK Helsinki,1X2 / Match Winner,Away,1.62,,,WON,
2026-04-18T11:15:00+00:00,A Lyga,Kauno Žalgiris,TransINVEST Vilnius,Over/Under Goals,Over 1.5,1.25,,,WON,
2026-04-18T11:30:00+00:00,3. Division,Lyseng,Holbæk B&I,Over/Under Goals,Under 3.5,1.43,,,WON,
2026-04-18T11:30:00+00:00,Championship,Derby,Oxford United,Team Total Goals,Over 0.5,1.2,,,WON,
2026-04-18T11:30:00+00:00,Championship,Millwall,QPR,Asian Handicap,Away -1.25,1.52,,,LOST,
2026-04-18T11:30:00+00:00,Championship,Portsmouth,Leicester,Asian Handicap,Home +0,1.53,,,WON,
2026-04-18T11:30:00+00:00,League One,Barnsley,Bradford,Team Total Goals,Over 0.5,1.22,,,WON,
2026-04-18T11:30:00+00:00,League One,Bolton,Huddersfield,Over/Under Goals,Under 3.5,1.42,,,LOST,
2026-04-18T11:30:00+00:00,League Two,Barrow,Walsall,Over/Under Goals,Over 1.5,1.33,,,WON,
2026-04-18T11:30:00+00:00,League Two,Swindon Town,Accrington ST,Team Total Goals,Over 0.5,1.15,,,WON,
2026-04-18T11:30:00+00:00,Liga I,Csikszereda,Unirea Slobozia,Over/Under Goals,Under 3.5,1.28,,,LOST,
2026-04-18T11:30:00+00:00,Meistriliiga,Trans Narva,Kuressaare,Over/Under Goals,Over 1.5,1.17,,,WON,
2026-04-18T11:30:00+00:00,National League,FC Halifax Town,Southend,Team Total Goals,Under 2.5,1.2,,,LOST,
2026-04-18T11:30:00+00:00,Premier League,Brentford,Fulham,Over/Under Goals,Under 3.5,1.38,,,WON,
2026-04-18T11:30:00+00:00,Premier League,Krylia Sovetov,CSKA Moscow,Asian Handicap,Home +1.25,1.4,,,WON,
2026-04-18T11:30:00+00:00,Premyer Liqa,Karvan,Şamaxı FK,Over/Under Goals,Under 3.5,1.17,,,WON,
2026-04-18T11:30:00+00:00,Super Lig,Fatih Karagümrük,Eyüpspor,Over/Under Goals,Under 3.5,1.28,,,WON,
2026-04-18T11:30:00+00:00,Thai League 1,Muangthong United,Nakhon Ratchasima FC,Over/Under Goals,Under 3.5,1.37,,,WON,
2026-04-18T12:00:00+00:00,3. Division,FA 2000,Hørsholm-Usserød,Over/Under Goals,Under 3.5,1.41,,,LOST,
2026-04-18T12:00:00+00:00,3. Division,Frem,Vejgaard B,1X2 / Match Winner,Home,1.65,,,WON,
2026-04-18T12:00:00+00:00,3. Division,Næsby,Nykobing FC,Double Chance,Draw/Away,1.34,,,WON,
2026-04-18T12:00:00+00:00,3. Division,Vanløse,Brønshøj,Over/Under Goals,Under 3.5,1.44,,,WON,
2026-04-18T12:00:00+00:00,3. Liga,FC Ingolstadt 04,VfL Osnabrück,Over/Under Goals,Under 3.5,1.45,,,WON,
2026-04-18T12:00:00+00:00,3. Liga,FC Saarbrücken,TSV 1860 München,Over/Under Goals,Under 3.5,1.42,,,WON,
2026-04-18T12:00:00+00:00,3. Liga,FC Schweinfurt 05,Hansa Rostock,1X2 / Match Winner,Away,1.49,,,LOST,
2026-04-18T12:00:00+00:00,3. Liga,MSV Duisburg,Hoffenheim II,Over/Under Goals,Over 1.5,1.18,,,WON,
2026-04-18T12:00:00+00:00,3. Liga,Verl,FC Viktoria Köln,Team Total Goals,Over 0.5,1.4,,,LOST,
2026-04-18T12:00:00+00:00,Eliteserien,Bodo/Glimt,Aalesund,BTTS,Yes,1.65,,,LOST,
2026-04-18T12:00:00+00:00,First League,Bokelj,Jezero,Over/Under Goals,Under 3.5,1.15,,,WON,
2026-04-18T12:00:00+00:00,First League,Chayka,Fakel,Over/Under Goals,Under 3.5,1.26,,,WON,
2026-04-18T12:00:00+00:00,First League,FC UFA,Chernomorets,Over/Under Goals,Under 3.5,1.15,,,WON,
2026-04-18T12:00:00+00:00,First League,Jedinstvo,Mladost DG,Over/Under Goals,Over 1.5,1.36,,,WON,
2026-04-18T12:00:00+00:00,Liga 1,PSBS Biak Numfor,Persija,Team Total Goals,Over 1.5,1.17,,,LOST,
2026-04-18T12:00:00+00:00,Liga 1,PSM Makassar,Pusamania Borneo,Over/Under Goals,Over 2.5,1.65,,,WON,
2026-04-18T12:00:00+00:00,Ligue 2,Estac Troyes,Boulogne,Over/Under Goals,Under 3.5,1.38,,,WON,
2026-04-18T12:00:00+00:00,Ligue 2,Reims,RED Star FC 93,Over/Under Goals,Under 3.5,1.28,,,LOST,
2026-04-18T12:00:00+00:00,Premier League,Fasil Ketema,Mekelle Kenema,Over/Under Goals,Under 2.5,1.33,,,LOST,
2026-04-18T12:00:00+00:00,Premier League,Hibernians,Birkirkara,Double Chance,Home/Draw,1.44,,,WON,
2026-04-18T12:00:00+00:00,Super League,Shanghai Shenhua,Shenyang Urban,Over/Under Goals,Over 1.5,1.17,,,WON,
2026-04-18T12:00:00+00:00,Thai League 1,Uthai Thani,Rayong FC,Over/Under Goals,Under 3.5,1.33,,,LOST,
2026-04-18T12:15:00+00:00,NB I,Zalaegerszegi TE,Kazincbarcikai,1X2 / Match Winner,Home,1.54,,,WON,
2026-04-18T12:30:00+00:00,Derde Divisie - Sunday,Rijnvogels,Blauw Geel,Over/Under Goals,Over 2.5,1.57,,,LOST,
2026-04-18T12:30:00+00:00,Derde Divisie - Sunday,Zwaluwen,SteDoCo,Over/Under Goals,Over 2.5,1.6,,,WON,
2026-04-18T12:30:00+00:00,Erste Liga,Sturm Graz II,Austria Klagenfurt,Over/Under Goals,Under 3.5,1.36,,,WON,
2026-04-18T12:30:00+00:00,Premier League,Metalist 1925 Kharkiv,Kudrivka,Over/Under Goals,Under 3.5,1.28,,,WON,
2026-04-18T12:30:00+00:00,Tweede Divisie,ACV,HHC,Over/Under Goals,Over 1.5,1.15,,,WON,
2026-04-18T12:30:00+00:00,Tweede Divisie,Barendrecht,Spakenburg,Team Total Goals,Under 2.5,1.44,,,LOST,
2026-04-18T12:30:00+00:00,Tweede Divisie,Rijnsburgse Boys,Koninklijke HFC,Over/Under Goals,Under 3.5,1.6,,,WON,
2026-04-18T12:45:00+00:00,Ekstraklasa,Radomiak Radom,Widzew Łódź,Over/Under Goals,Under 3.5,1.28,,,WON,
2026-04-18T13:00:00+00:00,Allsvenskan,Halmstad,IFK Goteborg,Team Total Goals,Under 2.5,1.18,,,WON,
2026-04-18T13:00:00+00:00,Allsvenskan,Hammarby FF,Orgryte IS,1X2 / Match Winner,Home,1.28,,,WON,
2026-04-18T13:00:00+00:00,Allsvenskan,Mjallby AIF,IF Brommapojkarna,Team Total Goals,Over 0.5,1.6,,,LOST,
2026-04-18T13:00:00+00:00,Allsvenskan,Sirius,Vasteras SK FK,Over/Under Goals,Over 1.5,1.25,,,WON,
2026-04-18T13:00:00+00:00,CAF Champions League,Mamelodi Sundowns,ES Tunis,Double Chance,Home/Draw,1.17,,,WON,
2026-04-18T13:00:00+00:00,Czech Liga,Baník Ostrava,Bohemians 1905,Over/Under Goals,Over 1.5,1.25,,,WON,
2026-04-18T13:00:00+00:00,Czech Liga,Dukla Praha,Karviná,Double Chance,Draw/Away,1.4,,,WON,
2026-04-18T13:00:00+00:00,Czech Liga,Slovan Liberec,Mlada Boleslav,Team Total Goals,Over 0.5,1.42,,,LOST,
2026-04-18T13:00:00+00:00,Czech Liga,Zlin,Teplice,Over/Under Goals,Over 1.5,1.5,,,WON,
2026-04-18T13:00:00+00:00,First League,Buducnost Podgorica,Arsenal Tivat,Asian Handicap,Away -1.25,1.43,,,WON,
2026-04-18T13:00:00+00:00,First League,Mornar,Dečić,Over/Under Goals,Over 1.5,1.4,,,LOST,
2026-04-18T13:00:00+00:00,First League,Pelister,Makedonija GjP,Over/Under Goals,Under 3.5,1.26,,,WON,
2026-04-18T13:00:00+00:00,Premier Soccer League,Marumo Gallants,Siwelele,Double Chance,Home/Draw,1.4,,,WON,
2026-04-18T13:00:00+00:00,Premier Soccer League,Orbit College,Golden Arrows,Over/Under Goals,Over 1.5,1.5,,,WON,
2026-04-18T13:00:00+00:00,Premier Soccer League,Orlando Pirates,Amazulu,Over/Under Goals,Over 1.5,1.33,,,WON,
2026-04-18T13:00:00+00:00,Serie A,Udinese,Parma,Over/Under Goals,Under 3.5,1.22,,,WON,
2026-04-18T13:00:00+00:00,Serie B,Bari,Venezia,Over/Under Goals,Over 1.5,1.2,,,WON,
2026-04-18T13:00:00+00:00,Serie B,Mantova,Avellino,Over/Under Goals,Over 1.5,1.38,,,WON,
2026-04-18T13:00:00+00:00,Serie B,Modena,Frosinone,Over/Under Goals,Over 1.5,1.25,,,WON,
2026-04-18T13:00:00+00:00,Serie B,Spezia,Sudtirol,Double Chance,Draw/Away,1.57,,,LOST,
2026-04-18T13:00:00+00:00,Super League 1,Kifisia,Asteras Tripolis,Over/Under Goals,Under 3.5,1.22,,,WON,
2026-04-18T13:00:00+00:00,Super Liga,Cukaricki,Radnik Surdulica,Over/Under Goals,Under 3.5,1.3,,,LOST,
2026-04-18T13:00:00+00:00,Superettan,Sandviken,IFK Varnamo,Asian Handicap,Home +0.5,1.41,,,LOST,
2026-04-18T13:00:00+00:00,Superliga,Llapi,Prishtina,Over/Under Goals,Under 3.5,1.25,,,WON,
2026-04-18T13:00:00+00:00,Tweede Divisie,Ijsselmeervogels,Excelsior Maassluis,Over/Under Goals,Under 3.5,1.46,,,WON,
2026-04-18T13:00:00+00:00,Tweede Divisie,Kozakken Boys,RKAV Volendam,Over/Under Goals,Over 2.5,1.53,,,LOST,
2026-04-18T13:00:00+00:00,Tweede Divisie,Quick Boys,GVVV Veenendaal,Asian Handicap,Home +0.25,1.15,,,WON,
2026-04-18T13:00:00+00:00,Veikkausliiga,FF Jaro,KuPS,1X2 / Match Winner,Away,1.64,,,LOST,
2026-04-18T13:15:00+00:00,Tweede Divisie,AFC Amsterdam,Hoek,Over/Under Goals,Over 1.5,1.19,,,WON,
2026-04-18T13:30:00+00:00,A Lyga,Šiauliai,Panevėžys,Over/Under Goals,Under 3.5,1.28,,,LOST,
2026-04-18T13:30:00+00:00,Bundesliga 1,1899 Hoffenheim,Borussia Dortmund,Over/Under Goals,Under 3.5,1.65,,,WON,
2026-04-18T13:30:00+00:00,Bundesliga 1,Bayer Leverkusen,FC Augsburg,Over/Under Goals,Over 1.5,1.15,,,WON,
2026-04-18T13:30:00+00:00,Bundesliga 1,Union Berlin,VfL Wolfsburg,BTTS,Yes,1.7,,,WON,
2026-04-18T13:30:00+00:00,Bundesliga 1,Werder Bremen,Hamburger SV,Over/Under Goals,Over 1.5,1.25,,,WON,
2026-04-18T13:30:00+00:00,Super Liga,Podbrezová,Dunajska Streda,Team Total Goals,Over 0.5,1.2,,,WON,
2026-04-18T13:30:00+00:00,Super Liga,Ružomberok,Komárno,Over/Under Goals,Under 3.5,1.28,,,WON,
2026-04-18T13:30:00+00:00,Super Liga,Spartak Trnava,Zemplín Michalovce,Over/Under Goals,Under 3.5,1.5,,,WON,
2026-04-18T13:30:00+00:00,Tweede Divisie,Almere City II,Sparta Rotterdam II,Team Total Goals,Under 2.5,1.47,,,LOST,
2026-04-18T14:00:00+00:00,1. Division,Omonia Nicosia,Apoel Nicosia,Team Total Goals,Over 0.5,1.16,,,WON,
2026-04-18T14:00:00+00:00,1. Liga Classic - Group 3,Winterthur II,Baden,Double Chance,Home/Draw,1.4,,,WON,
2026-04-18T14:00:00+00:00,1. Liga Promotion,Breitenrain,Brühl,Over/Under Goals,Over 2.5,1.53,,,WON,
2026-04-18T14:00:00+00:00,1. Liga Promotion,Cham,Zürich II,Over/Under Goals,Under 3.5,1.67,,,WON,
2026-04-18T14:00:00+00:00,1. Liga Promotion,Grand-Saconnex,Vevey Sports,BTTS,Yes,1.53,,,LOST,
2026-04-18T14:00:00+00:00,Championship,Bristol City,Norwich,Over/Under Goals,Under 3.5,1.33,,,LOST,
2026-04-18T14:00:00+00:00,Championship,Hull City,Birmingham,Over/Under Goals,Under 3.5,1.38,,,WON,
2026-04-18T14:00:00+00:00,Championship,Preston,West Brom,Over/Under Goals,Under 3.5,1.25,,,WON,
2026-04-18T14:00:00+00:00,Championship,Sheffield Wednesday,Charlton,Over/Under Goals,Under 3.5,1.25,,,WON,
2026-04-18T14:00:00+00:00,Championship,Swansea,Southampton,Over/Under Goals,Over 1.5,1.22,,,WON,
2026-04-18T14:00:00+00:00,Championship,Watford,Sheffield Utd,Asian Handicap,Away -0.5,1.45,,,WON,
2026-04-18T14:00:00+00:00,Championship,Wrexham,Stoke City,Over/Under Goals,Over 1.5,1.25,,,WON,
2026-04-18T14:00:00+00:00,Eliteserien,Sandefjord,Rosenborg,Over/Under Goals,Under 3.5,1.55,,,WON,
2026-04-18T14:00:00+00:00,Ettan - Norra,Arlanda,Stockholm Internazionale,Double Chance,Draw/Away,1.15,,,WON,
2026-04-18T14:00:00+00:00,Ettan - Norra,Gefle IF,Sollentuna,Asian Handicap,Home +0,1.4,,,LOST,
2026-04-18T14:00:00+00:00,Ettan - Norra,IF Karlstad,Järfälla,Over/Under Goals,Under 3.5,1.69,,,WON,
2026-04-18T14:00:00+00:00,First League,Rodina Moskva,Volga Ulyanovsk,Over/Under Goals,Over 1.5,1.26,,,LOST,
2026-04-18T14:00:00+00:00,First League,Shinnik Yaroslavl,Arsenal Tula,Over/Under Goals,Under 2.5,1.48,,,WON,
2026-04-18T14:00:00+00:00,Jupiler Pro League,Antwerp,OH Leuven,Over/Under Goals,Under 3.5,1.33,,,WON,
2026-04-18T14:00:00+00:00,League One,AFC Wimbledon,Plymouth,Team Total Goals,Over 0.5,1.19,,,WON,
2026-04-18T14:00:00+00:00,League One,Alloa Athletic,East Fife,Over/Under Goals,Under 3.5,1.44,,,WON,
2026-04-18T14:00:00+00:00,League One,Cove Rangers,Stenhousemuir,Over/Under Goals,Under 3.5,1.3,,,WON,
2026-04-18T14:00:00+00:00,League One,Exeter City,Stockport County,BTTS,Yes,1.64,,,WON,
2026-04-18T14:00:00+00:00,League One,Inverness CT,Kelty Hearts,Over/Under Goals,Under 3.5,1.53,,,WON,
2026-04-18T14:00:00+00:00,League One,Leyton Orient,Rotherham,Over/Under Goals,Under 3.5,1.33,,,WON,
2026-04-18T14:00:00+00:00,League One,Mansfield Town,Luton,Over/Under Goals,Under 3.5,1.35,,,LOST,
2026-04-18T14:00:00+00:00,League One,Montrose,Hamilton Academical,Over/Under Goals,Over 1.5,1.2,,,WON,
2026-04-18T14:00:00+00:00,League One,Northampton,Doncaster,Team Total Goals,Under 2.5,1.17,,,LOST,
2026-04-18T14:00:00+00:00,League One,Peterhead,Queen of the South,Asian Handicap,Away -0.25,1.4,,,WON,
2026-04-18T14:00:00+00:00,League One,Reading,Cardiff,Over/Under Goals,Under 3.5,1.48,,,LOST,
2026-04-18T14:00:00+00:00,League One,Stevenage,Lincoln,1X2 / Match Winner,Draw,3.16,,,WON,
2026-04-18T14:00:00+00:00,League One,Wycombe,Blackpool,Over/Under Goals,Over 1.5,1.25,,,LOST,
2026-04-18T14:00:00+00:00,League Two,Annan Athletic,Spartans,Over/Under Goals,Under 3.5,1.44,,,WON,
2026-04-18T14:00:00+00:00,League Two,Clyde,Dumbarton,Over/Under Goals,Over 1.5,1.17,,,WON,
2026-04-18T14:00:00+00:00,League Two,Crawley Town,Shrewsbury,Over/Under Goals,Under 3.5,1.25,,,WON,
2026-04-18T14:00:00+00:00,League Two,Crewe,Milton Keynes Dons,Double Chance,Home/Draw,1.7,,,LOST,
2026-04-18T14:00:00+00:00,League Two,East Kilbride,Edinburgh City,Over/Under Goals,Under 3.5,2.49,,,LOST,
2026-04-18T14:00:00+00:00,League Two,Fleetwood Town,Chesterfield,Double Chance,Draw/Away,1.42,,,WON,
2026-04-18T14:00:00+00:00,League Two,Gillingham,Grimsby,Over/Under Goals,Over 1.5,1.3,,,WON,
2026-04-18T14:00:00+00:00,League Two,Harrogate Town,Colchester,Team Total Goals,Over 0.5,1.22,,,LOST,
2026-04-18T14:00:00+00:00,League Two,Notts County,Barnet,Over/Under Goals,Over 1.5,1.33,,,WON,
2026-04-18T14:00:00+00:00,League Two,Oldham,Salford City,Double Chance,Home/Draw,1.45,,,LOST,
2026-04-18T14:00:00+00:00,League Two,Stirling Albion,Elgin City,Over/Under Goals,Over 1.5,1.16,,,WON,
2026-04-18T14:00:00+00:00,League Two,Stranraer,Forfar Athletic,Asian Handicap,Home +0.25,1.4,,,LOST,
2026-04-18T14:00:00+00:00,League Two,Tranmere,Bristol Rovers,Double Chance,Draw/Away,1.4,,,WON,
2026-04-18T14:00:00+00:00,Liga 3,AD Marco 09,Fafe,Over/Under Goals,Under 3.5,1.18,,,WON,
2026-04-18T14:00:00+00:00,Liga 3,Paredes,São João Ver,Over/Under Goals,Under 3.5,1.2,,,WON,
2026-04-18T14:00:00+00:00,Meistriliiga,Vaprus,Tammeka,Over/Under Goals,Under 3.5,1.62,,,WON,
2026-04-18T14:00:00+00:00,National League - North,AFC Fylde,Southport,Team Total Goals,Under 2.5,1.62,,,LOST,
2026-04-18T14:00:00+00:00,National League - North,AFC Telford United,Darlington 1883,Over/Under Goals,Under 3.5,1.65,,,WON,
2026-04-18T14:00:00+00:00,National League - North,Curzon Ashton,Buxton,Over/Under Goals,Over 1.5,1.17,,,WON,
2026-04-18T14:00:00+00:00,National League - North,Hereford,Radcliffe,BTTS,Yes,1.42,,,WON,
2026-04-18T14:00:00+00:00,National League - North,King's Lynn Town,Chorley,Team Total Goals,Under 2.5,1.2,,,WON,
2026-04-18T14:00:00+00:00,National League - North,Leamington,Kidderminster Harriers,Over/Under Goals,Over 2.5,1.62,,,WON,
2026-04-18T14:00:00+00:00,National League - North,Macclesfield,Spennymoor Town,Over/Under Goals,Under 3.5,1.57,,,WON,
2026-04-18T14:00:00+00:00,National League - North,Marine,Alfreton Town,Team Total Goals,Over 0.5,1.18,,,WON,
2026-04-18T14:00:00+00:00,National League - North,Oxford City,Chester,Over/Under Goals,Under 3.5,1.33,,,WON,
2026-04-18T14:00:00+00:00,National League - North,Scarborough Athletic,Merthyr Town,Over/Under Goals,Under 3.5,1.62,,,WON,
2026-04-18T14:00:00+00:00,National League - South,Chesham United,Chelmsford City,Over/Under Goals,Over 1.5,1.22,,,WON,
2026-04-18T14:00:00+00:00,National League - South,Chippenham Town,AFC Hornchurch,Over/Under Goals,Over 1.5,1.2,,,WON,
2026-04-18T14:00:00+00:00,National League - South,Dagenham & Redbridge,Weston-super-Mare,Double Chance,Home/Draw,1.67,,,WON,
2026-04-18T14:00:00+00:00,National League - South,Dorking Wanderers,Bath City,Over/Under Goals,Over 2.5,1.33,,,WON,
2026-04-18T14:00:00+00:00,National League - South,Eastbourne Borough,AFC Totton,Double Chance,Draw/Away,1.65,,,WON,
2026-04-18T14:00:00+00:00,National League - South,Ebbsfleet United,Hampton & Richmond,Over/Under Goals,Over 1.5,1.2,,,WON,
2026-04-18T14:00:00+00:00,National League - South,Enfield Town,Slough Town,Asian Handicap,Home +0.25,1.62,,,WON,
2026-04-18T14:00:00+00:00,National League - South,Farnborough,Tonbridge Angels,Asian Handicap,Home +0,1.55,,,LOST,
2026-04-18T14:00:00+00:00,National League - South,Maidenhead,Dover,1X2 / Match Winner,Home,1.26,,,WON,
2026-04-18T14:00:00+00:00,National League - South,Maidstone Utd,Worthing,Over/Under Goals,Over 1.5,1.17,,,WON,
2026-04-18T14:00:00+00:00,National League,Brackley Town,Aldershot Town,Double Chance,Draw/Away,1.4,,,LOST,
2026-04-18T14:00:00+00:00,National League,Eastleigh,Tamworth,Double Chance,Draw/Away,1.57,,,WON,
2026-04-18T14:00:00+00:00,National League,Gateshead,Woking,Double Chance,Home/Draw,1.4,,,LOST,
2026-04-18T14:00:00+00:00,National League,Hartlepool,Forest Green,Over/Under Goals,Under 3.5,1.4,,,WON,
2026-04-18T14:00:00+00:00,National League,Morecambe,Boreham Wood,BTTS,Yes,1.4,,,LOST,
2026-04-18T14:00:00+00:00,National League,Solihull Moors,Boston United,Double Chance,Draw/Away,1.6,,,WON,
2026-04-18T14:00:00+00:00,National League,Sutton Utd,Altrincham,Over/Under Goals,Under 3.5,1.44,,,WON,
2026-04-18T14:00:00+00:00,National League,Truro City,Carlisle,Double Chance,Draw/Away,1.22,,,WON,
2026-04-18T14:00:00+00:00,Non League Premier - Isthmian,Aveley,Carshalton Athletic,1X2 / Match Winner,Home,1.65,,,LOST,
2026-04-18T14:00:00+00:00,Non League Premier - Isthmian,Billericay Town,Whitehawk,1X2 / Match Winner,Home,1.52,,,WON,
2026-04-18T14:00:00+00:00,Non League Premier - Isthmian,Cheshunt,Brentwood Town,Double Chance,Home/Draw,1.7,,,LOST,
2026-04-18T14:00:00+00:00,Non League Premier - Isthmian,Chichester City,Dartford,Over/Under Goals,Over 1.5,1.19,,,WON,
2026-04-18T14:00:00+00:00,Non League Premier - Isthmian,Cray Wanderers,Welling United,Over/Under Goals,Over 2.5,1.57,,,WON,
2026-04-18T14:00:00+00:00,Non League Premier - Isthmian,Dulwich Hamlet,Burgess Hill Town,Asian Handicap,Home +0,1.5,,,WON,
2026-04-18T14:00:00+00:00,Non League Premier - Isthmian,Lewes,Wingate & Finchley,Double Chance,Home/Draw,1.5,,,WON,
2026-04-18T14:00:00+00:00,Non League Premier - Isthmian,Ramsgate,Hashtag United,BTTS,Yes,1.49,,,LOST,
2026-04-18T14:00:00+00:00,Non League Premier - Northern,Ashton United,Guiseley AFC,Over/Under Goals,Over 1.5,1.23,,,WON,
2026-04-18T14:00:00+00:00,Non League Premier - Northern,Bamber Bridge,Hebburn Town,Double Chance,Draw/Away,1.18,,,WON,
2026-04-18T14:00:00+00:00,Non League Premier - Northern,Cleethorpes Town,Hednesford Town,1X2 / Match Winner,Draw,3.6,,,LOST,
2026-04-18T14:00:00+00:00,Non League Premier - Northern,Gainsborough Trinity,Prescot Cables,Over/Under Goals,Under 3.5,1.26,,,WON,
2026-04-18T14:00:00+00:00,Non League Premier - Northern,Leek Town,Whitby Town,Over/Under Goals,Under 3.5,1.3,,,LOST,
2026-04-18T14:00:00+00:00,Non League Premier - Northern,Rushall Olympic,Morpeth Town,Asian Handicap,Home +0,1.59,,,WON,
2026-04-18T14:00:00+00:00,Non League Premier - Northern,Stocksbridge Park Steels,Ilkeston Town,Over/Under Goals,Under 3.5,1.32,,,WON,
2026-04-18T14:00:00+00:00,Non League Premier - Northern,Stockton Town,Lancaster City,Double Chance,Draw/Away,1.67,,,WON,
2026-04-18T14:00:00+00:00,Non League Premier - Northern,United of Manchester,Hyde United,1X2 / Match Winner,Home,1.67,,,LOST,
2026-04-18T14:00:00+00:00,Non League Premier - Northern,Warrington Town,Workington,Double Chance,Home/Draw,1.44,,,LOST,
2026-04-18T14:00:00+00:00,Non League Premier - Southern Central,AFC Sudbury,Stourbridge,Double Chance,Draw/Away,1.25,,,WON,
2026-04-18T14:00:00+00:00,Non League Premier - Southern Central,Banbury United,Redditch United,Over/Under Goals,Under 3.5,1.33,,,WON,
2026-04-18T14:00:00+00:00,Non League Premier - Southern Central,Barwell,Bury Town,Double Chance,Draw/Away,1.25,,,WON,
2026-04-18T14:00:00+00:00,Non League Premier - Southern Central,Harborough Town,Bishop's Stortford,Team Total Goals,Over 1.5,1.27,,,LOST,
2026-04-18T14:00:00+00:00,Non League Premier - Southern Central,Kettering Town,Halesowen Town,Over/Under Goals,Over 1.5,1.15,,,LOST,
2026-04-18T14:00:00+00:00,Non League Premier - Southern Central,Leiston,Spalding United,Double Chance,Home/Draw,1.62,,,WON,
2026-04-18T14:00:00+00:00,Non League Premier - Southern Central,Quorn,Needham Market,Double Chance,Home/Draw,1.5,,,WON,
2026-04-18T14:00:00+00:00,Non League Premier - Southern Central,Royston Town,Stamford,Over/Under Goals,Under 3.5,1.35,,,WON,
2026-04-18T14:00:00+00:00,Non League Premier - Southern Central,Stratford Town,Bromsgrove Sporting,Over/Under Goals,Under 3.5,1.35,,,WON,
2026-04-18T14:00:00+00:00,Non League Premier - Southern Central,Worcester City,St Ives Town,Over/Under Goals,Under 3.5,1.43,,,LOST,
2026-04-18T14:00:00+00:00,Non League Premier - Southern South,Farnham Town,Berkhamsted,Team Total Goals,Over 0.5,1.42,,,LOST,
2026-04-18T14:00:00+00:00,Non League Premier - Southern South,Hungerford Town,Dorchester Town,Over/Under Goals,Under 3.5,1.44,,,WON,
2026-04-18T14:00:00+00:00,Non League Premier - Southern South,Plymouth Parkway,Hanwell Town,Double Chance,Home/Draw,1.5,,,WON,
2026-04-18T14:00:00+00:00,Non League Premier - Southern South,Poole Town,Havant & Wville,Over/Under Goals,Over 1.5,1.19,,,WON,
2026-04-18T14:00:00+00:00,Non League Premier - Southern South,Sholing,Wimborne Town,Over/Under Goals,Over 1.5,1.16,,,WON,
2026-04-18T14:00:00+00:00,Non League Premier - Southern South,Taunton Town,Bracknell Town,Over/Under Goals,Over 2.5,1.44,,,LOST,
2026-04-18T14:00:00+00:00,Non League Premier - Southern South,Walton & Hersham,Uxbridge,Team Total Goals,Under 2.5,1.53,,,WON,
2026-04-18T14:00:00+00:00,Non League Premier - Southern South,Weymouth,Chertsey Town,Double Chance,Home/Draw,1.44,,,WON,
2026-04-18T14:00:00+00:00,Non League Premier - Southern South,Yate Town,Gloucester City,Asian Handicap,Home +1.25,1.4,,,WON,
2026-04-18T14:00:00+00:00,Premier League,Leeds,Wolves,Over/Under Goals,Under 3.5,1.33,,,WON,
2026-04-18T14:00:00+00:00,Premier League,Newcastle,Bournemouth,Over/Under Goals,Under 3.5,1.7,,,WON,
2026-04-18T14:00:00+00:00,Premier League,Rubin,Akron,Asian Handicap,Home +0,1.42,,,WON,
2026-04-18T14:00:00+00:00,Premiership,Ballymena United,Portadown,Over/Under Goals,Under 3.5,1.27,,,WON,
2026-04-18T14:00:00+00:00,Premiership,Bangor,Carrick Rangers,Over/Under Goals,Over 1.5,1.18,,,WON,
2026-04-18T14:00:00+00:00,Premiership,Cliftonville FC,Dungannon Swifts,Asian Handicap,Home +0,1.5,,,WON,
2026-04-18T14:00:00+00:00,Premiership,Glenavon FC,Crusaders FC,Team Total Goals,Over 0.5,1.17,,,LOST,
2026-04-18T14:00:00+00:00,Premiership,Linfield,Coleraine FC,Team Total Goals,Over 0.5,1.2,,,WON,
2026-04-18T14:00:00+00:00,Prva HNL,Dinamo Zagreb,HNK Rijeka,Over/Under Goals,Over 1.5,1.25,,,WON,
2026-04-18T14:00:00+00:00,Super League 1,Atromitos,Larisa,Over/Under Goals,Under 3.5,1.17,,,LOST,
2026-04-18T14:00:00+00:00,Super Lig,Kocaelispor,Göztepe,Over/Under Goals,Under 3.5,1.18,,,WON,
2026-04-18T14:00:00+00:00,Veikkausliiga,AC Oulu,VPS,Team Total Goals,Over 0.5,1.15,,,WON,
2026-04-18T14:00:00+00:00,Veikkausliiga,Lahti,Inter Turku,Over/Under Goals,Under 3.5,1.25,,,WON,
2026-04-18T14:00:00+00:00,Veikkausliiga,Turku PS,SJK,Over/Under Goals,Under 3.5,1.53,,,WON,
2026-04-18T14:15:00+00:00,Segunda Division,Zaragoza,AD Ceuta FC,Over/Under Goals,Under 3.5,1.28,,,LOST,
2026-04-18T14:30:00+00:00,3. Liga,SSV Ulm 1846,Havelse,Over/Under Goals,Over 2.5,1.5,,,WON,
2026-04-18T14:30:00+00:00,3. liga - Center,Dolný Kubín,Fiľakovo,Over/Under Goals,Over 2.5,1.4,,,WON,
2026-04-18T14:30:00+00:00,First League,FK Neftekhimik,Spartak Kostroma,Over/Under Goals,Under 2.5,1.44,,,LOST,
2026-04-18T14:30:00+00:00,Primeira Liga,Nacional,Alverca,Over/Under Goals,Under 3.5,1.35,,,WON,
2026-04-18T14:30:00+00:00,Second NL,Dugo Selo,Segesta Sisak,Over/Under Goals,Under 2.5,2.2,,,WON,
2026-04-18T14:30:00+00:00,Second NL,Križevci,Trnje,Over/Under Goals,Under 3.5,1.33,,,WON,
2026-04-18T14:30:00+00:00,Second NL,Lucko,Hrvatski Dragovoljac,Over/Under Goals,Over 1.5,1.23,,,LOST,
2026-04-18T15:00:00+00:00,1. Division,Pafos,AEK Larnaca,Over/Under Goals,Over 1.5,1.36,,,WON,
2026-04-18T15:00:00+00:00,1. Liga Promotion,Lausanne Sport II,Basel II,Over/Under Goals,Over 2.5,1.36,,,LOST,
2026-04-18T15:00:00+00:00,2. SNL,Dekani,Bilje,1X2 / Match Winner,Draw,3.35,,,WON,
2026-04-18T15:00:00+00:00,2. SNL,Gorica,Triglav,1X2 / Match Winner,Away,1.67,,,WON,
2026-04-18T15:00:00+00:00,2. SNL,Jesenice,Beltinci,Over/Under Goals,Under 3.5,1.36,,,WON,
2026-04-18T15:00:00+00:00,2. SNL,Krško,Brinje-Grosuplje,Over/Under Goals,Under 3.5,1.43,,,WON,
2026-04-18T15:00:00+00:00,3. liga - CFL A,Jiskra Domažlice,Písek,1X2 / Match Winner,Home,1.48,,,WON,
2026-04-18T15:00:00+00:00,3. liga - CFL A,Králův Dvůr,Bohemians 1905 II,Double Chance,Home/Draw,1.44,,,WON,
2026-04-18T15:00:00+00:00,Campeonato de Portugal Prio - Group D,O Elvas,Moncarapachense,Over/Under Goals,Under 3.5,1.2,,,WON,
2026-04-18T15:00:00+00:00,Campeonato de Portugal Prio - Group D,Sintrense,Portimonense B,Over/Under Goals,Under 3.5,1.33,,,WON,
2026-04-18T15:00:00+00:00,Erovnuli Liga,Dinamo Batumi,Saburtalo,Over/Under Goals,Under 3.5,1.24,,,WON,
2026-04-18T15:00:00+00:00,Ligue 1,Lorient,Marseille,Over/Under Goals,Under 3.5,1.45,,,WON,
2026-04-18T15:00:00+00:00,NB I,MTK Budapest,Kisvarda FC,Over/Under Goals,Over 1.5,1.25,,,WON,
2026-04-18T15:00:00+00:00,National 2 - Group A,Lorient II,Châteaubriant,Over/Under Goals,Under 3.5,1.22,,,WON,
2026-04-18T15:00:00+00:00,Premier League,Floriana,Valletta FC,Over/Under Goals,Under 3.5,1.16,,,WON,
2026-04-18T15:00:00+00:00,Premier League,Petrojet,Pharco,1X2 / Match Winner,Draw,3.25,,,LOST,
2026-04-18T15:00:00+00:00,Premier League,Welwalo Adigrat Uni,Ethiopia Nigd Bank,Over/Under Goals,Under 2.5,1.44,,,WON,
2026-04-18T15:00:00+00:00,Super League 1,OFI,Levadiakos,Over/Under Goals,Over 1.5,1.35,,,WON,
2026-04-18T15:00:00+00:00,Super Liga,FK Crvena Zvezda,Vojvodina,Over/Under Goals,Over 1.5,1.19,,,WON,
2026-04-18T15:00:00+00:00,Super Liga,Novi Pazar,OFK Beograd,Over/Under Goals,Over 1.5,1.21,,,WON,
2026-04-18T15:00:00+00:00,Superettan,Landskrona BoIS,Ljungskile SK,Over/Under Goals,Over 1.5,1.22,,,LOST,
2026-04-18T15:00:00+00:00,Tipp3 Bundesliga,WSG Wattens,SCR Altach,Over/Under Goals,Over 1.5,1.4,,,WON,
2026-04-18T15:00:00+00:00,Tipp3 Bundesliga,Wolfsberger AC,FC BW Linz,Over/Under Goals,Over 1.5,1.28,,,LOST,
2026-04-18T15:15:00+00:00,Serie B,Palermo,Cesena,Over/Under Goals,Under 3.5,1.42,,,WON,
2026-04-18T15:30:00+00:00,1. Liga Promotion,SC Kriens,Luzern II,Over/Under Goals,Over 2.5,1.19,,,WON,
2026-04-18T15:30:00+00:00,Ekstraklasa,Gornik Zabrze,Korona Kielce,Team Total Goals,Over 0.5,1.17,,,WON,
2026-04-18T15:30:00+00:00,Premier Soccer League,Polokwane City,Kaizer Chiefs,Team Total Goals,Over 0.5,1.4,,,LOST,
2026-04-18T15:30:00+00:00,Premyer Liqa,Qarabag,Sabah FA,Over/Under Goals,Over 2.5,2.1,,,LOST,
2026-04-18T15:30:00+00:00,Second Division,Al Bidda SC,Muaither SC,Over/Under Goals,Over 1.5,1.18,,,WON,
2026-04-18T16:00:00+00:00,1. Division,Aris,Apollon Limassol,Double Chance,Home/Draw,1.44,,,WON,
2026-04-18T16:00:00+00:00,Czech Liga,Sparta Praha,FK Jablonec,Over/Under Goals,Over 1.5,1.22,,,WON,
2026-04-18T16:00:00+00:00,Derde Divisie - Sunday,UNA,ASWH,Over/Under Goals,Over 1.5,1.15,,,WON,
2026-04-18T16:00:00+00:00,Eliteserien,Viking,Brann,Asian Handicap,Home +0,1.55,,,WON,
2026-04-18T16:00:00+00:00,First League,Petrovac,Sutjeska,Over/Under Goals,Over 1.5,1.4,,,LOST,
2026-04-18T16:00:00+00:00,Liga 3,Lusitano Évora 1911,SC Covilha,Team Total Goals,Over 0.5,1.7,,,LOST,
2026-04-18T16:00:00+00:00,National 2 - Group A,Dinan Léhon,Bordeaux,Over/Under Goals,Under 3.5,1.23,,,LOST,
2026-04-18T16:00:00+00:00,National Division,Racing FC Union Luxembourg,Progres Niederkorn,Over/Under Goals,Under 3.5,1.29,,,LOST,
2026-04-18T16:00:00+00:00,Primera División - Apertura,Progreso,Wanderers,Over/Under Goals,Over 1.5,1.4,,,WON,
2026-04-18T16:00:00+00:00,Serie A,Napoli,Lazio,Over/Under Goals,Under 2.5,1.65,,,WON,
2026-04-18T16:00:00+00:00,Super League 1,Aris Thessalonikis,Volos NFC,1X2 / Match Winner,Draw,3.7,,,LOST,
2026-04-18T16:00:00+00:00,Super Liga,Žilina,Slovan Bratislava,Over/Under Goals,Over 2.5,1.53,,,LOST,
2026-04-18T16:00:00+00:00,Tweede Divisie,De Treffers,Katwijk,BTTS,Yes,1.44,,,WON,
2026-04-18T16:00:00+00:00,Veikkausliiga,Mariehamn,Ilves,Over/Under Goals,Over 2.5,1.53,,,WON,
2026-04-18T16:15:00+00:00,Jupiler Pro League,Charleroi,Standard Liege,Over/Under Goals,Under 3.5,1.28,,,WON,
2026-04-18T16:15:00+00:00,Jupiler Pro League,KVC Westerlo,Genk,Over/Under Goals,Under 3.5,1.53,,,WON,
2026-04-18T16:15:00+00:00,Premier League,Bala Town,Briton Ferry,Over/Under Goals,Under 3.5,1.52,,,WON,
2026-04-18T16:15:00+00:00,Premier League,Barry Town,The New Saints,1X2 / Match Winner,Away,1.53,,,WON,
2026-04-18T16:15:00+00:00,Premier League,Caernarfon Town,Penybont,Over/Under Goals,Over 1.5,1.19,,,WON,
2026-04-18T16:15:00+00:00,Premier League,Cardiff MET,Flint Town United,Over/Under Goals,Under 3.5,1.4,,,LOST,
2026-04-18T16:15:00+00:00,Premier League,GAP Connah S Quay FC,Colwyn Bay,1X2 / Match Winner,Draw,3.85,,,WON,
2026-04-18T16:15:00+00:00,Premier League,Haverfordwest County AFC,llanelli AFC,Over/Under Goals,Under 3.5,1.49,,,LOST,
2026-04-18T16:30:00+00:00,Bundesliga 1,Eintracht Frankfurt,RB Leipzig,Over/Under Goals,Under 3.5,1.7,,,LOST,
2026-04-18T16:30:00+00:00,National League,Braintree,Rochdale,Over/Under Goals,Under 3.5,1.53,,,WON,
2026-04-18T16:30:00+00:00,Premier League,Nizhny Novgorod,Dynamo,Over/Under Goals,Over 1.5,1.25,,,WON,
2026-04-18T16:30:00+00:00,Premier League,Tottenham,Brighton,Over/Under Goals,Under 3.5,1.48,,,LOST,
2026-04-18T16:30:00+00:00,Segunda Division,Castellón,Burgos,Over/Under Goals,Over 1.5,1.33,,,WON,
2026-04-18T16:30:00+00:00,Segunda Division,Cultural Leonesa,Cordoba,Over/Under Goals,Under 3.5,1.38,,,WON,
2026-04-18T16:30:00+00:00,Super Liga,FK Partizan,Železničar Pančevo,Over/Under Goals,Under 3.5,1.38,,,WON,
2026-04-18T16:45:00+00:00,Prva HNL,Istra 1961,Vukovar,Over/Under Goals,Over 1.5,1.28,,,WON,
2026-04-18T16:50:00+00:00,Ligat Ha'al,Maccabi Netanya,Ashdod,Over/Under Goals,Over 1.5,1.18,,,WON,
2026-04-18T17:00:00+00:00,Championship,Annagh United,Limavady United,Team Total Goals,Over 0.5,1.22,,,WON,
2026-04-18T17:00:00+00:00,Erovnuli Liga,Spaeri,Rustavi,Double Chance,Home/Draw,1.4,,,WON,
2026-04-18T17:00:00+00:00,Ligat Ha'al,Hapoel Haifa,Maccabi Bnei Raina,Over/Under Goals,Under 3.5,1.42,,,LOST,
2026-04-18T17:00:00+00:00,Ligue 1,Angers,Le Havre,Over/Under Goals,Under 3.5,1.22,,,WON,
2026-04-18T17:00:00+00:00,Ligue 1,DSC,AJEL,Over/Under Goals,Under 2.5,1.3,,,WON,
2026-04-18T17:00:00+00:00,Major League Soccer,Toronto FC,Austin,Over/Under Goals,Over 1.5,1.28,,,WON,
2026-04-18T17:00:00+00:00,Primeira Liga,Casa Pia,Santa Clara,Over/Under Goals,Under 3.5,1.18,,,WON,
2026-04-18T17:00:00+00:00,Super League 1,Panetolikos,Panserraikos,Over/Under Goals,Under 3.5,1.18,,,LOST,
2026-04-18T17:00:00+00:00,Super Lig,Gençlerbirliği S.K.,Galatasaray,Over/Under Goals,Under 3.5,1.48,,,WON,
2026-04-18T17:15:00+00:00,Ligat Ha'al,Bnei Sakhnin,Ironi Tiberias,Double Chance,Draw/Away,1.6,,,WON,
2026-04-18T17:15:00+00:00,Schweizer Cup,Stade Lausanne-Ouchy,Grasshoppers,Team Total Goals,Over 0.5,1.22,,,LOST,
2026-04-18T17:30:00+00:00,Ligat Ha'al,Hapoel Beer Sheva,Hapoel Petah Tikva,Over/Under Goals,Under 3.5,1.5,,,WON,
2026-04-18T17:30:00+00:00,Meistriliiga,Nõmme United,Laagri,BTTS,Yes,1.44,,,WON,
2026-04-18T17:30:00+00:00,NB I,Diosgyori VTK,Debreceni VSC,Over/Under Goals,Over 1.5,1.22,,,WON,
2026-04-18T17:30:00+00:00,Serie B,Juve Stabia,Catanzaro,Over/Under Goals,Over 1.5,1.3,,,WON,
2026-04-18T18:00:00+00:00,Liga 3,Trofense,Varzim,Over/Under Goals,Under 3.5,1.18,,,WON,
2026-04-18T18:00:00+00:00,Liga I,Dinamo Bucuresti,Universitatea Cluj,Over/Under Goals,Under 3.5,1.28,,,WON,
2026-04-18T18:00:00+00:00,Ligue 2,Bastia,Saint Etienne,Team Total Goals,Over 0.5,1.22,,,LOST,
2026-04-18T18:00:00+00:00,Premier League,El Mokawloon,El Geish,BTTS,No,1.45,,,WON,
2026-04-18T18:00:00+00:00,Premier League,Wadi Degla,National Bank of Egypt,Over/Under Goals,Under 3.5,1.2,,,WON,
2026-04-18T18:00:00+00:00,Primera Division,FC Cajamarca,ADT,Over/Under Goals,Over 1.5,1.33,,,WON,
2026-04-18T18:00:00+00:00,Primera Division,Gimnasia L.P.,Estudiantes de Rio Cuarto,Over/Under Goals,Under 3.5,1.15,,,WON,
2026-04-18T18:15:00+00:00,Ekstraklasa,Pogon Szczecin,Lech Poznan,Double Chance,Draw/Away,1.45,,,WON,
2026-04-18T18:30:00+00:00,Bundesliga 2,Hannover 96,SC Paderborn 07,Over/Under Goals,Over 1.5,1.18,,,WON,
2026-04-18T18:30:00+00:00,Major League Soccer,CF Montreal,New York Red Bulls,Over/Under Goals,Over 1.5,1.17,,,WON,
2026-04-18T18:30:00+00:00,Serie C - Girone B,Ascoli,Guidonia Montecelio 1937,Over/Under Goals,Over 1.5,1.28,,,LOST,
2026-04-18T18:30:00+00:00,Serie C - Girone B,Athletic Carpi,Forli,Asian Handicap,Home +0,1.66,,,LOST,
2026-04-18T18:30:00+00:00,Serie C - Girone B,Bra,Ternana,Over/Under Goals,Under 3.5,1.23,,,WON,
2026-04-18T18:30:00+00:00,Serie C - Girone B,Perugia,Campobasso FC,Over/Under Goals,Under 3.5,1.22,,,WON,
2026-04-18T18:30:00+00:00,Serie C - Girone B,Pianese,Juventus U23,Team Total Goals,Over 0.5,1.4,,,LOST,
2026-04-18T18:30:00+00:00,Serie C - Girone B,Pineto,Arezzo,BTTS,No,1.62,,,LOST,
2026-04-18T18:30:00+00:00,Serie C - Girone B,Ravenna,Vis Pesaro,Over/Under Goals,Under 3.5,1.28,,,WON,
2026-04-18T18:30:00+00:00,Serie C - Girone B,Sambenedettese,Pontedera,Over/Under Goals,Under 3.5,1.2,,,WON,
2026-04-18T18:30:00+00:00,Serie C - Girone B,Torres,Gubbio,Over/Under Goals,Over 1.5,1.44,,,LOST,
2026-04-18T18:30:00+00:00,Super League,FC Thun,FC Basel 1893,Team Total Goals,Under 2.5,1.48,,,LOST,
2026-04-18T18:45:00+00:00,Jupiler Pro League,KV Mechelen,Anderlecht,Over/Under Goals,Over 1.5,1.25,,,WON,
2026-04-18T18:45:00+00:00,Premier Division,Sligo Rovers,Waterford,Over/Under Goals,Under 3.5,1.35,,,WON,
2026-04-18T18:45:00+00:00,Serie A,AS Roma,Atalanta,Over/Under Goals,Under 3.5,1.3,,,WON,
2026-04-18T19:00:00+00:00,CAF Champions League,Renaissance Berkane,FAR Rabat,Double Chance,Draw/Away,1.55,,,LOST,
2026-04-18T19:00:00+00:00,Liga Pro,Mushuc Runa SC,Tecnico Universitario,Over/Under Goals,Under 3.5,1.22,,,WON,
2026-04-18T19:00:00+00:00,Liga de Ascenso,Santa Cruz FC,Escorpiones Belén,Double Chance,Draw/Away,1.2,,,WON,
2026-04-18T19:00:00+00:00,Premier League,Chelsea,Manchester United,Over/Under Goals,Over 1.5,1.18,,,LOST,
2026-04-18T19:00:00+00:00,Primera División - Apertura,Racing Montevideo,Defensor Sporting,Over/Under Goals,Under 3.5,1.18,,,WON,
2026-04-18T19:05:00+00:00,Ligue 1,Lille,Nice,Over/Under Goals,Over 1.5,1.25,,,LOST,
2026-04-18T19:30:00+00:00,Primeira Liga,GIL Vicente,Guimaraes,Over/Under Goals,Over 1.5,1.36,,,LOST,
2026-04-18T20:00:00+00:00,Liga Mayor,Salcedo,Atlético Pantoja,Over/Under Goals,Under 3.5,1.19,,,WON,
2026-04-18T20:15:00+00:00,Primera Division,Instituto Cordoba,Estudiantes L.P.,Asian Handicap,Home +0.5,1.6,,,LOST,
2026-04-18T20:15:00+00:00,Primera Division,Juan Pablo II College,Comerciantes Unidos,Team Total Goals,Over 0.5,1.48,,,WON,
2026-04-18T20:30:00+00:00,Major League Soccer,Colorado Rapids,Inter Miami,Asian Handicap,Home +1.25,1.42,,,WON,
2026-04-18T21:00:00+00:00,CONMEBOL Nations League Women,Ecuador W,Peru W,Over/Under Goals,Under 2.5,2.0,,,WON,
2026-04-18T21:00:00+00:00,CONMEBOL Nations League Women,Uruguay W,Chile W,Over/Under Goals,Under 3.5,1.22,,,LOST,
2026-04-18T21:00:00+00:00,Primera B Metropolitana,Real Pilar,Deportivo Laferrere,Double Chance,Home/Draw,1.16,,,WON,
2026-04-18T21:00:00+00:00,Serie B,America Mineiro,Sport Recife,Over/Under Goals,Over 1.5,1.48,,,LOST,
2026-04-18T21:00:00+00:00,Serie B,Nautico Recife,São Bernardo,Over/Under Goals,Under 3.5,1.18,,,WON,
2026-04-18T21:15:00+00:00,Division Profesional - Apertura,Club Guarani,Sportivo Luqueno,Over/Under Goals,Under 2.5,1.67,,,LOST,
2026-04-18T21:30:00+00:00,Liga Pro,Universidad Catolica,Libertad,Over/Under Goals,Under 3.5,1.5,,,WON,
2026-04-18T21:30:00+00:00,Primera Division,Everton de Vina,Universidad de Chile,Double Chance,Home/Draw,1.7,,,WON,
2026-04-18T21:30:00+00:00,Serie A,Chapecoense-sc,Botafogo,Team Total Goals,Over 0.5,1.25,,,WON,
2026-04-18T21:30:00+00:00,Serie A,Vasco DA Gama,Sao Paulo,Over/Under Goals,Over 1.5,1.4,,,WON,
2026-04-18T21:30:00+00:00,Serie B,Vila Nova,Operario-PR,Over/Under Goals,Under 3.5,1.16,,,WON,
2026-04-18T22:30:00+00:00,Primera Division,Independiente,Defensa Y Justicia,Over/Under Goals,Over 1.5,1.42,,,WON,
2026-04-18T22:30:00+00:00,Primera Division,Sport Huancayo,Deportivo Garcilaso,Team Total Goals,Under 2.5,1.2,,,WON,
2026-04-18T23:00:00+00:00,CONMEBOL Nations League Women,Argentina W,Colombia W,Double Chance,Home/Draw,1.44,,,WON,
2026-04-18T23:00:00+00:00,Liga MX,Cruz Azul,Club Tijuana,1X2 / Match Winner,Draw,5.2,,,WON,
2026-04-18T23:00:00+00:00,Liga MX,Necaxa,Tigres UANL,Team Total Goals,Over 0.5,1.18,,,WON,
2026-04-18T23:00:00+00:00,Liga de Expansión MX,Tlaxcala,Venados FC,Over/Under Goals,Under 3.5,1.55,,,LOST,
2026-04-18T23:00:00+00:00,Serie A,Vitoria,Corinthians,Over/Under Goals,Under 3.5,1.2,,,WON,
2026-04-18T23:10:00+00:00,Primera A,Deportes Tolima,Deportivo Pereira,Over/Under Goals,Under 3.5,1.42,,,WON,
2026-04-18T23:30:00+00:00,Division Profesional - Apertura,Deportivo Recoleta,2 de Mayo,Double Chance,Home/Draw,1.44,,,WON,
2026-04-18T23:30:00+00:00,Major League Soccer,Atlanta United FC,Nashville SC,Asian Handicap,Home +0.5,1.7,,,LOST,
2026-04-18T23:30:00+00:00,Major League Soccer,FC Cincinnati,Chicago Fire,Over/Under Goals,Over 1.5,1.17,,,WON,
2026-04-18T23:30:00+00:00,Major League Soccer,New England Revolution,Columbus Crew,Asian Handicap,Home +0.5,1.65,,,WON,
2026-04-18T23:30:00+00:00,Major League Soccer,New York City FC,Charlotte,BTTS,Yes,1.7,,,WON,
2026-04-18T23:30:00+00:00,Major League Soccer,Orlando City SC,Houston Dynamo,Over/Under Goals,Over 1.5,1.17,,,LOST,
2026-04-18T23:30:00+00:00,Major League Soccer,Philadelphia Union,DC United,Double Chance,Home/Draw,1.22,,,WON,
2026-04-18T23:30:00+00:00,Serie A,Cruzeiro,Gremio,Over/Under Goals,Under 3.5,1.28,,,WON,
2026-04-18T23:30:00+00:00,Serie B,Avai,Ponte Preta,Asian Handicap,Home +0.25,1.15,,,LOST,
2026-04-18T23:45:00+00:00,Serie B,CRB,Juventude,Double Chance,Home/Draw,1.15,,,LOST,
2026-04-19T00:00:00+00:00,Liga Pro,Orense SC,Delfin SC,Over/Under Goals,Under 3.5,1.2,,,WON,
2026-04-19T00:00:00+00:00,Primera Division,Concepción,D. La Serena,Over/Under Goals,Under 3.5,1.25,,,LOST,
2026-04-19T00:30:00+00:00,Division di Honor,Dakota,Britannia,BTTS,Yes,1.4,,,LOST,
2026-04-19T00:30:00+00:00,Major League Soccer,FC Dallas,Los Angeles Galaxy,Over/Under Goals,Under 3.5,1.55,,,LOST,
2026-04-19T00:30:00+00:00,Major League Soccer,Minnesota United FC,Portland Timbers,Over/Under Goals,Over 1.5,1.18,,,WON,
2026-04-19T00:45:00+00:00,Primera Division,Argentinos JRS,Atletico Tucuman,1X2 / Match Winner,Home,1.67,,,WON,
2026-04-19T01:00:00+00:00,Liga Premier Serie A,Cimarrones,Mineros de Fresnillo,1X2 / Match Winner,Draw,4.0,,,WON,
2026-04-19T01:00:00+00:00,Liga de Expansión MX,Irapuato,Mineros de Zacatecas,BTTS,Yes,1.55,,,LOST,
2026-04-19T01:00:00+00:00,Primera Division,Alianza Lima,Cusco,Over/Under Goals,Under 3.5,1.3,,,LOST,
2026-04-19T01:05:00+00:00,Liga MX,Monterrey,Pachuca,Over/Under Goals,Over 2.5,1.62,,,WON,
2026-04-19T01:07:00+00:00,Liga MX,Guadalajara Chivas,Puebla,Over/Under Goals,Over 1.5,1.18,,,WON,
2026-04-19T01:30:00+00:00,Major League Soccer,Real Salt Lake,San Diego,Over/Under Goals,Over 2.5,1.57,,,WON,
2026-04-19T01:30:00+00:00,Major League Soccer,Seattle Sounders,St. Louis City,Over/Under Goals,Under 3.5,1.48,,,LOST,
2026-04-19T01:30:00+00:00,Primera A,Fortaleza FC,Águilas Doradas,Over/Under Goals,Over 1.5,1.42,,,WON,
2026-04-19T03:00:00+00:00,A-League,Auckland,Central Coast Mariners,Over/Under Goals,Over 1.5,1.18,,,LOST,
2026-04-19T03:06:00+00:00,Liga MX,Leon,FC Juarez,Over/Under Goals,Under 3.5,1.48,,,LOST,
2026-04-19T03:10:00+00:00,Liga MX,Club America,Toluca,Over/Under Goals,Under 3.5,1.33,,,WON,
2026-04-19T04:00:00+00:00,J. League Div.1,Mito Hollyhock,Kashiwa Reysol,Double Chance,Draw/Away,1.2,,,LOST,
2026-04-19T05:00:00+00:00,K-League Classic,Ulsan Hyundai FC,Gwangju FC,Over/Under Goals,Under 3.5,1.3,,,LOST,
2026-04-19T05:30:00+00:00,A-League,Adelaide United,Macarthur,Over/Under Goals,Over 1.5,1.15,,,WON,
2026-04-19T07:30:00+00:00,K-League Classic,Pohang Steelers,FC Anyang,Over/Under Goals,Under 2.5,1.62,,,WON,
2026-04-19T08:00:00+00:00,Liga II,FC Voluntari,CSA Steaua Bucureşti,Asian Handicap,Home +0,1.52,,,WON,
2026-04-19T08:15:00+00:00,3. liga - CFL A,Admira Praha,Motorlet Praha,Double Chance,Draw/Away,1.56,,,WON,
2026-04-19T08:15:00+00:00,3. liga - CFL A,Táborsko II,Viktoria Plzeň II,1X2 / Match Winner,Away,1.56,,,WON,
2026-04-19T08:15:00+00:00,3. liga - CFL B,Jablonec II,Arsenal Česká Lípa,Over/Under Goals,Over 2.5,1.52,,,WON,
2026-04-19T08:15:00+00:00,3. liga - CFL B,Slovan Liberec II,Hradec Králové II,Double Chance,Draw/Away,1.44,,,LOST,
2026-04-19T08:15:00+00:00,4. liga - Divizie C,Chlumec nad Cidlinou,Trutnov,Over/Under Goals,Under 3.5,1.68,,,WON,
2026-04-19T08:30:00+00:00,Erste Liga,SKN ST. Polten,FC Liefering,Over/Under Goals,Under 3.5,1.48,,,WON,
2026-04-19T08:30:00+00:00,Liga 1,Persik Kediri,Persita,Double Chance,Draw/Away,1.67,,,LOST,
2026-04-19T09:00:00+00:00,AFC Challenge League,Al-Shabab,Al Kuwait,Double Chance,Draw/Away,1.44,,,WON,
2026-04-19T09:00:00+00:00,U19 Bundesliga,Borussia Dortmund U19,Schalke 04 U19,Double Chance,Draw/Away,1.65,,,WON,
2026-04-19T10:00:00+00:00,Liga 3,Guimaraes B,União Santarém,Over/Under Goals,Under 3.5,1.25,,,WON,
2026-04-19T10:00:00+00:00,Premier League,Ethiopia Bunna,Arba Minch Kenema,Over/Under Goals,Over 1.5,1.51,,,WON,
2026-04-19T10:00:00+00:00,Premier League,Kryvbas KR,Ruh Lviv,Over/Under Goals,Under 3.5,1.22,,,WON,
2026-04-19T10:00:00+00:00,Segunda Liga,Portimonense,Lusitânia Lourosa,Asian Handicap,Home +0,1.65,,,WON,
2026-04-19T10:15:00+00:00,Ekstraklasa,Nieciecza,Wisla Plock,Asian Handicap,Away -0.5,1.55,,,WON,
2026-04-19T10:30:00+00:00,Liga II,Bihor Oradea,Corvinul Hunedoara,Double Chance,Home/Draw,1.47,,,LOST,
2026-04-19T10:30:00+00:00,Serie A,Cremonese,Torino,Over/Under Goals,Over 1.5,1.4,,,LOST,
2026-04-19T11:00:00+00:00,Championship,Ipswich,Middlesbrough,Double Chance,Draw/Away,1.65,,,WON,
2026-04-19T11:00:00+00:00,Czech Liga,Sigma Olomouc,Slovácko,Over/Under Goals,Over 1.5,1.33,,,WON,
2026-04-19T11:00:00+00:00,Division 2 - Norra Svealand,Korsnäs,Täby,Over/Under Goals,Under 3.5,1.54,,,WON,
2026-04-19T11:00:00+00:00,Division 2 - Norra Svealand,Kungsängen,Viggbyholms IK,Double Chance,Draw/Away,1.48,,,WON,
2026-04-19T11:00:00+00:00,Division 2 - Norra Svealand,Skiljebo,Lidingö,1X2 / Match Winner,Home,1.45,,,WON,
2026-04-19T11:00:00+00:00,Division 2 - Västra Götaland,Hestrafor,Astrio,Over/Under Goals,Over 2.5,1.47,,,LOST,
2026-04-19T11:00:00+00:00,Division 2 - Västra Götaland,Onsala,Kongahälla,Over/Under Goals,Under 3.5,1.62,,,WON,
2026-04-19T11:00:00+00:00,Division 2 - Västra Götaland,Torslanda,Åstorp,Over/Under Goals,Under 3.5,1.63,,,WON,
2026-04-19T11:00:00+00:00,Ettan - Södra,Angelholms FF,Lund,Over/Under Goals,Over 1.5,1.27,,,LOST,
2026-04-19T11:00:00+00:00,First League,FK Rabotnicki,Aresimi,Double Chance,Draw/Away,1.62,,,LOST,
2026-04-19T11:00:00+00:00,Superettan,Norrby IF,Falkenbergs FF,1X2 / Match Winner,Draw,3.5,,,WON,
2026-04-19T11:00:00+00:00,Thai League 2,Esan Pattaya,Sisaket United,1X2 / Match Winner,Draw,3.25,,,WON,
2026-04-19T11:00:00+00:00,Thai League 2,Khon Kaen United,Kasetsart FC,Team Total Goals,Over 0.5,1.44,,,LOST,
2026-04-19T11:00:00+00:00,Thai League 2,Nakhon Pathom,Bangkok,Over/Under Goals,Under 3.5,1.27,,,WON,
2026-04-19T11:00:00+00:00,Thai League 2,Songkhla,Nakhon Si Thammarat,Double Chance,Home/Draw,1.18,,,LOST,
2026-04-19T11:00:00+00:00,Thai League 2,Trat FC,Chainat,Double Chance,Draw/Away,1.6,,,WON,
2026-04-19T11:15:00+00:00,A Lyga,Suduva Marijampole,Džiugas Telšiai,Over/Under Goals,Under 3.5,1.18,,,LOST,
2026-04-19T11:30:00+00:00,Bundesliga 2,Eintracht Braunschweig,Hertha BSC,Over/Under Goals,Over 1.5,1.2,,,WON,
2026-04-19T11:30:00+00:00,Bundesliga 2,FC Schalke 04,Preußen Münster,Over/Under Goals,Under 3.5,1.33,,,LOST,
2026-04-19T11:30:00+00:00,Bundesliga 2,SpVgg Greuther Fürth,SV Darmstadt 98,Over/Under Goals,Under 3.5,1.57,,,LOST,
2026-04-19T11:30:00+00:00,Jupiler Pro League,Gent,St. Truiden,Over/Under Goals,Under 3.5,1.48,,,WON,
2026-04-19T11:30:00+00:00,Premier League,Dinamo Makhachkala,Zenit,Over/Under Goals,Over 1.5,1.44,,,LOST,
2026-04-19T11:30:00+00:00,Premyer Liqa,Kapaz,Imisli FK,Over/Under Goals,Under 3.5,1.22,,,WON,
2026-04-19T11:30:00+00:00,Super Lig,Kasımpaşa,Alanyaspor,Over/Under Goals,Under 3.5,1.28,,,WON,
2026-04-19T12:00:00+00:00,Allsvenskan,AIK Stockholm,Kalmar FF,1X2 / Match Winner,Home,1.67,,,WON,
2026-04-19T12:00:00+00:00,Derde Divisie - Sunday,Gemert,Meerssen,Asian Handicap,Away -1.25,1.61,,,WON,
2026-04-19T12:00:00+00:00,Derde Divisie - Sunday,Roosendaal,TOGB,BTTS,Yes,1.4,,,LOST,
2026-04-19T12:00:00+00:00,Division 2 - Norrland,Täfteå,Skellefteå,Asian Handicap,Home +1.25,1.4,,,WON,
2026-04-19T12:00:00+00:00,Ettan - Norra,Piteå,Hammarby Talang,Over/Under Goals,Under 3.5,1.67,,,LOST,
2026-04-19T12:00:00+00:00,League One,Peterborough,Burton Albion,Over/Under Goals,Over 1.5,1.2,,,WON,
2026-04-19T12:00:00+00:00,Liga 1,Bali United,Malut United,BTTS,Yes,1.55,,,WON,
2026-04-19T12:00:00+00:00,Premier League,Sidama Bunna,Dire Dawa Kenema,Asian Handicap,Away -1.25,1.41,,,LOST,
2026-04-19T12:00:00+00:00,Premier League,Tarxien Rainbows,Zabbar St. Patrick,Over/Under Goals,Over 1.5,1.23,,,WON,
2026-04-19T12:00:00+00:00,Segunda Division,FC Andorra,Valladolid,Asian Handicap,Home +0,1.53,,,WON,
2026-04-19T12:00:00+00:00,Superligaen,Odense,Randers FC,Over/Under Goals,Under 3.5,1.45,,,LOST,
2026-04-19T12:00:00+00:00,Superligaen,Silkeborg,FC Fredericia,Over/Under Goals,Under 3.5,1.57,,,LOST,
2026-04-19T12:00:00+00:00,Thai League 1,Port FC,BG Pathum United,Double Chance,Home/Draw,1.17,,,WON,
2026-04-19T12:15:00+00:00,NB I,Paks,Puskas Academy,Over/Under Goals,Over 1.5,1.2,,,LOST,
2026-04-19T12:30:00+00:00,Eliteserien,Valerenga,Lillestrom,Over/Under Goals,Under 3.5,1.67,,,WON,
2026-04-19T12:30:00+00:00,First NL,Rudes,Hrvace,Over/Under Goals,Under 3.5,1.26,,,WON,
2026-04-19T12:30:00+00:00,Premier League,Epitsentr Dunayivtsi,Karpaty,Over/Under Goals,Under 3.5,1.33,,,WON,
2026-04-19T12:30:00+00:00,Serie C - Girone A,Albinoleffe,Triestina,Double Chance,Draw/Away,1.7,,,LOST,
2026-04-19T12:30:00+00:00,Serie C - Girone A,Giana Erminio,Inter U23,Over/Under Goals,Under 2.5,1.57,,,WON,
2026-04-19T12:30:00+00:00,Serie C - Girone A,Lecco,Lumezzane,Double Chance,Home/Draw,1.17,,,WON,
2026-04-19T12:30:00+00:00,Serie C - Girone A,Novara,Cittadella,Asian Handicap,Home +0.25,1.5,,,LOST,
2026-04-19T12:30:00+00:00,Serie C - Girone A,PRO Vercelli,Ospitaletto,Double Chance,Draw/Away,1.53,,,LOST,
2026-04-19T12:30:00+00:00,Serie C - Girone A,Pro Patria,Arzignano Valchiampo,Over/Under Goals,Under 3.5,1.18,,,LOST,
2026-04-19T12:30:00+00:00,Serie C - Girone A,Trento,Renate,Double Chance,Draw/Away,1.7,,,WON,
2026-04-19T12:30:00+00:00,Serie C - Girone A,Union Brescia,Dolomiti Bellunesi,Team Total Goals,Under 2.5,1.46,,,WON,
2026-04-19T12:30:00+00:00,Serie C - Girone A,Vicenza Virtus,Pergolettese,Over/Under Goals,Under 3.5,1.39,,,WON,
2026-04-19T12:30:00+00:00,Serie C - Girone A,Virtus Verona,Alcione,Asian Handicap,Home +0.25,1.57,,,WON,
2026-04-19T12:30:00+00:00,Tipp3 Bundesliga,Austria Vienna,Red Bull Salzburg,Over/Under Goals,Over 1.5,1.22,,,WON,
2026-04-19T12:30:00+00:00,Tipp3 Bundesliga,TSV Hartberg,Rapid Vienna,Team Total Goals,Under 2.5,1.15,,,WON,
2026-04-19T12:45:00+00:00,Ekstraklasa,Raków Częstochowa,Cracovia Krakow,Team Total Goals,Over 0.5,1.2,,,WON,
2026-04-19T13:00:00+00:00,1. Division,Olympiakos,Akritas,Double Chance,Home/Draw,1.2,,,LOST,
2026-04-19T13:00:00+00:00,1. Liga Promotion,Kreuzlingen,Bulle,Team Total Goals,Under 2.5,1.15,,,WON,
2026-04-19T13:00:00+00:00,1st Division,Apolonia Fier,Besa Kavajë,Double Chance,Draw/Away,1.44,,,WON,
2026-04-19T13:00:00+00:00,1st Division,Laci,Pogradeci,Double Chance,Draw/Away,1.67,,,LOST,
2026-04-19T13:00:00+00:00,1st Division,Luftëtari,Burreli,Asian Handicap,Home +0,1.44,,,WON,
2026-04-19T13:00:00+00:00,1st Division,Lushnja,Iliria Fushë-Krujë,Over/Under Goals,Under 3.5,1.23,,,WON,
2026-04-19T13:00:00+00:00,Ettan - Norra,Vasalund,Umeå FC,Double Chance,Draw/Away,1.57,,,LOST,
2026-04-19T13:00:00+00:00,First League,Bashkimi Kumanovo,Struga,Over/Under Goals,Under 3.5,1.3,,,LOST,
2026-04-19T13:00:00+00:00,Ligue 1,Monaco,Auxerre,Over/Under Goals,Over 1.5,1.22,,,WON,
2026-04-19T13:00:00+00:00,Paulista - A4,Grêmio Sãocarlense,Barretos,Double Chance,Home/Draw,1.17,,,WON,
2026-04-19T13:00:00+00:00,Premier League,Aston Villa,Sunderland,Over/Under Goals,Under 3.5,1.33,,,LOST,
2026-04-19T13:00:00+00:00,Premier League,Everton,Liverpool,Over/Under Goals,Over 1.5,1.25,,,WON,
2026-04-19T13:00:00+00:00,Premier League,Marsaxlokk,Gzira United,Double Chance,Home/Draw,1.18,,,WON,
2026-04-19T13:00:00+00:00,Premier League,Negelle Arsi,Hadiya Hosaena,Double Chance,Draw/Away,1.67,,,WON,
2026-04-19T13:00:00+00:00,Premier League,Nottingham Forest,Burnley,Over/Under Goals,Under 3.5,1.4,,,LOST,
2026-04-19T13:00:00+00:00,Premier Soccer League,TS Galaxy,Richards Bay,Over/Under Goals,Over 1.5,1.62,,,LOST,
2026-04-19T13:00:00+00:00,Primera División - Apertura,Cerro,Atletico Torque,Over/Under Goals,Under 2.5,1.5,,,WON,
2026-04-19T13:00:00+00:00,Professional Development League,Brentford U21,Swansea City U21,1X2 / Match Winner,Home,1.65,,,LOST,
2026-04-19T13:00:00+00:00,Segunda Liga,Vizela,Farense,Asian Handicap,Home +0,1.48,,,LOST,
2026-04-19T13:00:00+00:00,Serie A,Hellas Verona,AC Milan,Over/Under Goals,Under 3.5,1.28,,,WON,
2026-04-19T13:00:00+00:00,Serie B,Carrarese,Pescara,Over/Under Goals,Over 1.5,1.25,,,WON,
2026-04-19T13:00:00+00:00,Superettan,Helsingborg,Ostersunds FK,Team Total Goals,Under 2.5,1.2,,,WON,
2026-04-19T13:00:00+00:00,Superliga,Gjilani,Dukagjini,Double Chance,Home/Draw,1.15,,,LOST,
2026-04-19T13:00:00+00:00,Superliga,Malisheva,Ballkani,Double Chance,Home/Draw,1.6,,,WON,
2026-04-19T13:00:00+00:00,TFF 1. Lig,Bandırmaspor,Amed,Team Total Goals,Over 0.5,1.17,,,LOST,
2026-04-19T13:00:00+00:00,TFF 1. Lig,Bodrum FK,Erzurumspor FK,Over/Under Goals,Under 3.5,1.26,,,WON,
2026-04-19T13:00:00+00:00,TFF 1. Lig,Esenler Erokspor,Keçiörengücü,Over/Under Goals,Under 3.5,1.66,,,WON,
2026-04-19T13:00:00+00:00,TFF 1. Lig,Iğdır FK,Pendikspor,Asian Handicap,Home +0,1.55,,,WON,
2026-04-19T13:00:00+00:00,TFF 1. Lig,Manisa F.K.,Serik Spor,Over/Under Goals,Under 3.5,1.45,,,WON,
2026-04-19T13:00:00+00:00,TFF 1. Lig,Çorum FK,Sivasspor,Asian Handicap,Away -1.25,1.57,,,LOST,
2026-04-19T13:00:00+00:00,TFF 1. Lig,Ümraniyespor,Vanspor FK,Double Chance,Draw/Away,1.55,,,WON,
2026-04-19T13:00:00+00:00,TFF 1. Lig,İstanbulspor,Sarıyer,Double Chance,Draw/Away,1.44,,,LOST,
2026-04-19T13:30:00+00:00,Bundesliga 1,SC Freiburg,1. FC Heidenheim,Over/Under Goals,Over 1.5,1.2,,,WON,
2026-04-19T13:30:00+00:00,Czech Liga,Hradec Králové,Slavia Praha,Over/Under Goals,Over 1.5,1.25,,,WON,
2026-04-19T14:00:00+00:00,1. Division,Anorthosis,Omonia Aradippou,Over/Under Goals,Under 3.5,1.25,,,WON,
2026-04-19T14:00:00+00:00,1. Liga Promotion,Lugano II,Young Boys II,Over/Under Goals,Under 3.5,1.56,,,LOST,
2026-04-19T14:00:00+00:00,4. liga - Divizie F,Šumperk,Havířov,Asian Handicap,Home +1.25,1.47,,,WON,
2026-04-19T14:00:00+00:00,AFC Challenge League,Al Ansar,Muras United,Double Chance,Home/Draw,1.53,,,LOST,
2026-04-19T14:00:00+00:00,AFC Cup,Al-Wasl FC,Al-Nassr,Over/Under Goals,Under 3.5,1.53,,,LOST,
2026-04-19T14:00:00+00:00,Ettan - Norra,Assyriska FF,Karlberg,Over/Under Goals,Over 1.5,1.15,,,WON,
2026-04-19T14:00:00+00:00,Ettan - Södra,Atvidabergs FF,Kristianstad,Double Chance,Draw/Away,1.56,,,LOST,
2026-04-19T14:00:00+00:00,Jupiler Pro League,Dender,Cercle Brugge,Over/Under Goals,Over 1.5,1.25,,,WON,
2026-04-19T14:00:00+00:00,League One,Port Vale,Wigan,Over/Under Goals,Under 3.5,1.2,,,WON,
2026-04-19T14:00:00+00:00,Liga 3,1º Dezembro,Amora,Asian Handicap,Home +0.25,1.4,,,LOST,
2026-04-19T14:00:00+00:00,Liga 3,Mafra,Amarante,Over/Under Goals,Under 3.5,1.16,,,LOST,
2026-04-19T14:00:00+00:00,Liga 3,SC Braga B,Sanjoanense,Over/Under Goals,Under 3.5,1.21,,,WON,
2026-04-19T14:00:00+00:00,National Division,F91 Dudelange,US Mondorf-les-bains,Over/Under Goals,Under 3.5,1.38,,,WON,
2026-04-19T14:00:00+00:00,National Division,FC Differdange 03,Victoria Rosport,1X2 / Match Winner,Home,1.2,,,WON,
2026-04-19T14:00:00+00:00,National Division,Jeunesse Canach,Union Titus Petange,Double Chance,Draw/Away,1.43,,,WON,
2026-04-19T14:00:00+00:00,National Division,Mamer,UN Kaerjeng 97,Over/Under Goals,Under 3.5,1.38,,,WON,
2026-04-19T14:00:00+00:00,National Division,Rodange 91,UNA Strassen,Over/Under Goals,Under 3.5,1.4,,,WON,
2026-04-19T14:00:00+00:00,National Division,US Hostert,Atert Bissen,Over/Under Goals,Over 1.5,1.17,,,WON,
2026-04-19T14:00:00+00:00,Premier League,Spartak Moscow,Akhmat,Over/Under Goals,Over 1.5,1.23,,,WON,
2026-04-19T14:00:00+00:00,Premyer Liqa,Sumqayıt,Qabala,Double Chance,Draw/Away,1.46,,,LOST,
2026-04-19T14:00:00+00:00,Serie A,Internacional,Mirassol,Over/Under Goals,Under 3.5,1.33,,,WON,
2026-04-19T14:00:00+00:00,Super Lig,Samsunspor,Beşiktaş,Team Total Goals,Over 0.5,1.18,,,WON,
2026-04-19T14:00:00+00:00,Super Liga,TSC Backa Topola,Napredak,Over/Under Goals,Under 3.5,1.4,,,LOST,
2026-04-19T14:00:00+00:00,Superligaen,FC Nordsjaelland,Viborg,Over/Under Goals,Under 3.5,1.57,,,WON,
2026-04-19T14:15:00+00:00,Segunda Division,Sporting Gijon,Cadiz,Over/Under Goals,Under 3.5,1.33,,,WON,
2026-04-19T14:30:00+00:00,3. liga - Center,Podkonice,Jednota Bánová,Over/Under Goals,Under 3.5,1.65,,,WON,
2026-04-19T14:30:00+00:00,3. liga - East,Snina,Poprad,Team Total Goals,Under 2.5,1.24,,,WON,
2026-04-19T14:30:00+00:00,Allsvenskan,BK Hacken,Gais,Over/Under Goals,Over 1.5,1.22,,,WON,
2026-04-19T14:30:00+00:00,First NL,Orijent 1919,Opatija,Over/Under Goals,Over 1.5,1.44,,,WON,
2026-04-19T14:30:00+00:00,Primeira Liga,Arouca,Estrela,Over/Under Goals,Under 3.5,1.35,,,WON,
2026-04-19T15:00:00+00:00,2. SNL,Dravinja,Slovan Ljubljana,Over/Under Goals,Under 3.5,1.36,,,WON,
2026-04-19T15:00:00+00:00,3. liga - CFL B,Benátky nad Jizerou,Slovan Velvary,Over/Under Goals,Under 3.5,1.45,,,LOST,
2026-04-19T15:00:00+00:00,3. liga - CFL B,Kolín,Mladá Boleslav II,1X2 / Match Winner,Draw,3.5,,,LOST,
2026-04-19T15:00:00+00:00,3. liga - CFL B,Sokol Brozany,Ústí nad Orlicí,Double Chance,Draw/Away,1.4,,,LOST,
2026-04-19T15:00:00+00:00,3. liga - CFL B,Sokol Zápy,Pardubice II,BTTS,Yes,1.5,,,LOST,
2026-04-19T15:00:00+00:00,4. liga - Divizie C,Svitavy,Čáslav,1X2 / Match Winner,Away,1.58,,,WON,
2026-04-19T15:00:00+00:00,Eliteserien,Ham-Kam,KFUM Oslo,Over/Under Goals,Over 1.5,1.25,,,WON,
2026-04-19T15:00:00+00:00,Eliteserien,Kristiansund BK,Fredrikstad,Double Chance,Draw/Away,1.4,,,LOST,
2026-04-19T15:00:00+00:00,Eliteserien,Sarpsborg 08 FF,Tromso,Team Total Goals,Over 0.5,1.18,,,WON,
2026-04-19T15:00:00+00:00,Premier League,El Gouna FC,Ismaily SC,Over/Under Goals,Under 2.5,1.28,,,WON,
2026-04-19T15:00:00+00:00,Premier League,Haras El Hodood,Al Ittihad,Double Chance,Draw/Away,1.18,,,WON,
2026-04-19T15:00:00+00:00,Premier League,Mekelakeya,Awassa Kenema,Double Chance,Home/Draw,1.4,,,WON,
2026-04-19T15:00:00+00:00,Premier League,Mosta,Sliema Wanderers,Double Chance,Draw/Away,1.2,,,WON,
2026-04-19T15:00:00+00:00,Super League 1,AEK Athens FC,PAOK,Over/Under Goals,Under 3.5,1.25,,,WON,
2026-04-19T15:00:00+00:00,Tipp3 Bundesliga,Lask Linz,Sturm Graz,Over/Under Goals,Over 1.5,1.25,,,WON,
2026-04-19T15:15:00+00:00,Liga I,Petrolul Ploiesti,AFC Hermannstadt,Over/Under Goals,Under 3.5,1.17,,,WON,
2026-04-19T15:15:00+00:00,Ligue 1,Metz,Paris FC,Over/Under Goals,Over 1.5,1.28,,,WON,
2026-04-19T15:15:00+00:00,Ligue 1,Nantes,Stade Brestois 29,Over/Under Goals,Under 3.5,1.25,,,WON,
2026-04-19T15:15:00+00:00,Ligue 1,Strasbourg,Rennes,Over/Under Goals,Over 1.5,1.22,,,WON,
2026-04-19T15:15:00+00:00,Serie B,Padova,Reggiana,Over/Under Goals,Under 3.5,1.25,,,WON,
2026-04-19T15:30:00+00:00,Bundesliga 1,Bayern München,VfB Stuttgart,BTTS,Yes,1.4,,,WON,
2026-04-19T15:30:00+00:00,Ekstraklasa,Arka Gdynia,Jagiellonia,Over/Under Goals,Under 3.5,1.33,,,WON,
2026-04-19T15:30:00+00:00,Premier League,Hamrun Spartans,Naxxar Lions,Over/Under Goals,Under 3.5,1.44,,,WON,
2026-04-19T15:30:00+00:00,Premier League,Manchester City,Arsenal,Team Total Goals,Over 0.5,1.17,,,WON,
2026-04-19T15:30:00+00:00,Premier Soccer League,Magesi,Durban City,Asian Handicap,Home +0.25,1.48,,,WON,
2026-04-19T15:30:00+00:00,Super Liga,Javor,FK Spartak Zdrepceva KRV,Over/Under Goals,Under 3.5,1.22,,,WON,
2026-04-19T16:00:00+00:00,1. Division,Krasava Ypsonas,Ethnikos Achna,Double Chance,Home/Draw,1.5,,,WON,
2026-04-19T16:00:00+00:00,3. Division - Girone 2,Nardo,Aalesund II,Team Total Goals,Over 0.5,1.18,,,WON,
2026-04-19T16:00:00+00:00,KNVB Beker,AZ Alkmaar,NEC Nijmegen,Over/Under Goals,Over 1.5,1.2,,,WON,
2026-04-19T16:00:00+00:00,Ligat Ha'al,Ironi Kiryat Shmona,Hapoel Katamon,Asian Handicap,Home +0.25,1.45,,,WON,
2026-04-19T16:00:00+00:00,Ligue 1,AFAD,Bouaké,Over/Under Goals,Under 2.5,1.44,,,WON,
2026-04-19T16:00:00+00:00,National 2 - Group B,Furiani-Agliani,Wasquehal,Team Total Goals,Over 0.5,1.18,,,WON,
2026-04-19T16:00:00+00:00,National Division,AS Jeunesse Esch,Swift Hesperange,Double Chance,Home/Draw,1.22,,,WON,
2026-04-19T16:00:00+00:00,Primera Division,Sporting Cristal,UTC Cajamarca,Asian Handicap,Home +0.25,1.15,,,WON,
2026-04-19T16:00:00+00:00,Serie A,Pisa,Genoa,Over/Under Goals,Under 2.5,1.57,,,LOST,
2026-04-19T16:00:00+00:00,Super Liga,Radnicki 1923,Radnicki NIS,Team Total Goals,Over 0.5,1.45,,,WON,
2026-04-19T16:00:00+00:00,Superligaen,Vejle,FC Copenhagen,Over/Under Goals,Over 1.5,1.18,,,WON,
2026-04-19T16:30:00+00:00,Czech Liga,Plzen,Pardubice,1X2 / Match Winner,Home,1.43,,,LOST,
2026-04-19T16:30:00+00:00,Jupiler Pro League,Union St. Gilloise,Club Brugge KV,Double Chance,Draw/Away,1.65,,,LOST,
2026-04-19T16:30:00+00:00,Premier League,FC Krasnodar,Baltika,1X2 / Match Winner,Home,1.68,,,LOST,
2026-04-19T16:30:00+00:00,Primera Division,Aldosivi,Racing Club,Over/Under Goals,Under 3.5,1.15,,,WON,
2026-04-19T16:30:00+00:00,Primera Division,Coquimbo Unido,Nublense,Over/Under Goals,Under 3.5,1.2,,,WON,
2026-04-19T16:30:00+00:00,Segunda Division,Albacete,Granada CF,Asian Handicap,Home +0,1.7,,,WON,
2026-04-19T16:30:00+00:00,Segunda Division,Eibar,Huesca,1X2 / Match Winner,Home,1.68,,,WON,
2026-04-19T17:00:00+00:00,Ligat Ha'al,Beitar Jerusalem,Maccabi Haifa,Over/Under Goals,Over 1.5,1.15,,,WON,
2026-04-19T17:00:00+00:00,Ligue 1,AS Camberene,Teungueth,1X2 / Match Winner,Draw,2.6,,,WON,
2026-04-19T17:00:00+00:00,Ligue 1,Ouakam,Wally Daan,Over/Under Goals,Under 2.5,1.21,,,WON,
2026-04-19T17:00:00+00:00,Primeira Liga,Sporting CP,Benfica,Asian Handicap,Home +0,1.57,,,LOST,
2026-04-19T17:00:00+00:00,Primera B Metropolitana,Liniers,Brown DE Adrogue,Asian Handicap,Home +0.25,1.45,,,WON,
2026-04-19T17:00:00+00:00,Super Lig,Trabzonspor,Başakşehir,Over/Under Goals,Under 3.5,1.55,,,WON,
2026-04-19T17:00:00+00:00,Superliga,Partizani,Bylis,Team Total Goals,Under 2.5,1.16,,,WON,
2026-04-19T17:15:00+00:00,Eliteserien,Start,Molde,Over/Under Goals,Over 1.5,1.22,,,WON,
2026-04-19T17:15:00+00:00,Jupiler Pro League,RAAL La Louvière,Zulte Waregem,BTTS,Yes,1.67,,,LOST,
2026-04-19T17:30:00+00:00,Bundesliga 1,Borussia Mönchengladbach,FSV Mainz 05,Double Chance,Draw/Away,1.53,,,WON,
2026-04-19T17:30:00+00:00,Ligat Ha'al,Maccabi Tel Aviv,Hapoel Tel Aviv,Over/Under Goals,Over 1.5,1.22,,,LOST,
2026-04-19T17:30:00+00:00,NB I,Gyori ETO FC,Ferencvarosi TC,Over/Under Goals,Under 3.5,1.5,,,WON,
2026-04-19T17:30:00+00:00,Serie B,Empoli,Virtus Entella,Team Total Goals,Under 2.5,1.15,,,WON,
2026-04-19T18:00:00+00:00,Canadian Premier League,Supra du Quebec,Atlético Ottawa,Asian Handicap,Home +1.25,1.45,,,WON,
2026-04-19T18:00:00+00:00,Liga 3,Academica,CF Os Belenenses,Over/Under Goals,Under 3.5,1.27,,,WON,
2026-04-19T18:00:00+00:00,Liga I,Universitatea Craiova,Rapid,Team Total Goals,Under 2.5,1.18,,,WON,
2026-04-19T18:00:00+00:00,Liga Pro,Manta FC,Deportivo Cuenca,Over/Under Goals,Under 3.5,1.22,,,WON,
2026-04-19T18:00:00+00:00,Liga de Expansión MX,Leones Negros UDG,Cancún,Double Chance,Draw/Away,1.67,,,WON,
2026-04-19T18:00:00+00:00,Premier League,Future FC,Masr,BTTS,No,1.55,,,LOST,
2026-04-19T18:00:00+00:00,Premier League,Kahraba Ismailia,Ghazl El Mehalla,Over/Under Goals,Under 2.5,1.42,,,LOST,
2026-04-19T18:00:00+00:00,Primera B Metropolitana,Dock Sud,Ituzaingó,Double Chance,Draw/Away,1.62,,,LOST,
2026-04-19T18:00:00+00:00,Primera B Metropolitana,Villa Dalmine,Argentino de Merlo,Asian Handicap,Home +0,1.45,,,WON,
2026-04-19T18:00:00+00:00,Primera B Metropolitana,Villa San Carlos,Deportivo Armenio,Over/Under Goals,Under 2.5,1.44,,,LOST,
2026-04-19T18:00:00+00:00,Super League 1,Panathinaikos,Olympiakos Piraeus,Team Total Goals,Under 2.5,1.17,,,WON,
2026-04-19T18:00:00+00:00,Super Liga,IMT Novi Beograd,Mladost Lucani,Over/Under Goals,Under 3.5,1.28,,,WON,
2026-04-19T18:30:00+00:00,Serie C - Girone C,Audace Cerignola,Team Altamura,Double Chance,Home/Draw,1.15,,,WON,
2026-04-19T18:30:00+00:00,Serie C - Girone C,Casarano,Crotone,Asian Handicap,Away -0.25,1.43,,,WON,
2026-04-19T18:30:00+00:00,Serie C - Girone C,Catania,Potenza,Over/Under Goals,Over 1.5,1.22,,,WON,
2026-04-19T18:30:00+00:00,Serie C - Girone C,Cosenza,Trapani 1905,Double Chance,Home/Draw,1.15,,,WON,
2026-04-19T18:30:00+00:00,Serie C - Girone C,Giugliano,Benevento,Asian Handicap,Home +1.25,1.42,,,WON,
2026-04-19T18:30:00+00:00,Serie C - Girone C,Latina,Casertana,Over/Under Goals,Under 3.5,1.16,,,WON,
2026-04-19T18:30:00+00:00,Serie C - Girone C,SS Monopoli,Foggia,Over/Under Goals,Under 3.5,1.15,,,WON,
2026-04-19T18:30:00+00:00,Serie C - Girone C,Salernitana,AZ Picerno,Asian Handicap,Away -1.25,1.42,,,WON,
2026-04-19T18:30:00+00:00,Serie C - Girone C,Siracusa,Cavese,Asian Handicap,Home +0.25,1.41,,,WON,
2026-04-19T18:30:00+00:00,Serie C - Girone C,Sorrento,Atalanta II,BTTS,Yes,1.63,,,WON,
2026-04-19T18:45:00+00:00,Ligue 1,Paris Saint Germain,Lyon,Over/Under Goals,Under 3.5,1.75,,,WON,
2026-04-19T18:45:00+00:00,Serie A,Juventus,Bologna,Over/Under Goals,Over 1.5,1.22,,,WON,
2026-04-19T19:00:00+00:00,AFC Cup,Al Ahli Doha,Al Hussein,Double Chance,Draw/Away,1.6,,,LOST,
2026-04-19T19:00:00+00:00,CAF Confederation Cup,Olympique Safi,USM Alger,BTTS,No,1.53,,,LOST,
2026-04-19T19:00:00+00:00,Primera A,Santa Fe,Cucuta,Over/Under Goals,Under 3.5,1.33,,,LOST,
2026-04-19T19:00:00+00:00,Primera División - Apertura,Danubio,Deportivo Maldonado,Over/Under Goals,Under 3.5,1.18,,,WON,
2026-04-19T19:00:00+00:00,Segunda Division,Almeria,Malaga,Over/Under Goals,Over 2.5,1.62,,,WON,
2026-04-19T19:00:00+00:00,Serie A,Coritiba,Atletico-MG,Over/Under Goals,Over 1.5,1.42,,,WON,
2026-04-19T19:00:00+00:00,Serie A,Santos,Fluminense,Asian Handicap,Away -0.5,1.44,,,WON,
2026-04-19T19:00:00+00:00,Serie B,Botafogo SP,Atletico Goianiense,Asian Handicap,Home +0,1.6,,,WON,
2026-04-19T19:00:00+00:00,Serie B,Londrina,Ceara,Over/Under Goals,Under 3.5,1.2,,,WON,
2026-04-19T19:30:00+00:00,Primeira Liga,FC Porto,Tondela,Over/Under Goals,Under 3.5,1.5,,,WON,
2026-04-19T19:30:00+00:00,Primeira Liga,SC Braga,Famalicao,Over/Under Goals,Under 3.5,1.33,,,LOST,
2026-04-19T19:30:00+00:00,Primera Division,Cobresal,O'Higgins,Over/Under Goals,Under 3.5,1.35,,,LOST,
2026-04-19T20:00:00+00:00,Primera Division,Alianza Atletico,Sport Boys,Over/Under Goals,Over 1.5,1.44,,,LOST,
2026-04-19T20:00:00+00:00,Primera Division,River Plate,Boca Juniors,Asian Handicap,Home +0,1.5,,,LOST,
2026-04-19T20:30:00+00:00,Liga Pro,Independiente del Valle,LDU de Quito,Over/Under Goals,Under 3.5,1.33,,,WON,
2026-04-19T21:00:00+00:00,Canadian Premier League,York United,Vancouver FC,Over/Under Goals,Under 3.5,1.4,,,WON,
2026-04-19T21:00:00+00:00,MLS Next Pro,New York RB II,FC Cincinnati II,1X2 / Match Winner,Home,1.53,,,WON,
2026-04-19T21:00:00+00:00,Primera División,Estudiantes de Merida FC,Monagas SC,Over/Under Goals,Under 3.5,1.28,,,LOST,
2026-04-19T21:00:00+00:00,Serie B,Goias,Cuiaba,Over/Under Goals,Under 3.5,1.22,,,WON,
2026-04-19T21:10:00+00:00,Primera A,Alianza Valledupar,Independiente Medellin,Over/Under Goals,Under 3.5,1.22,,,WON,
2026-04-19T21:30:00+00:00,MLS Next Pro,Real Monarchs,Houston Dynamo FC II,BTTS,Yes,1.53,,,LOST,
2026-04-19T21:30:00+00:00,Serie A,Palmeiras,Atletico Paranaense,Over/Under Goals,Under 3.5,1.33,,,WON,
2026-04-19T21:30:00+00:00,Serie A,RB Bragantino,Remo,Over/Under Goals,Under 3.5,1.33,,,LOST,
2026-04-19T22:00:00+00:00,Liga Mayor,Cibao,Universidad O&M,1X2 / Match Winner,Home,1.17,,,WON,
2026-04-19T22:15:00+00:00,Primera Division,FBC Melgar,Universitario,Over/Under Goals,Under 2.5,1.62,,,LOST,
2026-04-19T22:30:00+00:00,Primera Division,Colo Colo,Palestino,Double Chance,Home/Draw,1.17,,,LOST,
2026-04-19T22:30:00+00:00,Serie A,Flamengo,Bahia,Over/Under Goals,Over 1.5,1.25,,,WON,
2026-04-19T23:00:00+00:00,Liga MX,Santos Laguna,Atlas,Asian Handicap,Home +0.5,1.6,,,LOST,
2026-04-19T23:00:00+00:00,Liga de Expansión MX,CDS Tampico Madero,Monarcas,Over/Under Goals,Under 3.5,1.38,,,WON,
2026-04-19T23:00:00+00:00,Major League Soccer,Los Angeles FC,San Jose Earthquakes,1X2 / Match Winner,Home,1.58,,,LOST,
2026-04-19T23:00:00+00:00,Primera División,UCV,Deportivo Tachira FC,Double Chance,Home/Draw,1.55,,,WON,
2026-04-19T23:00:00+00:00,Serie B,Novorizontino,Athletic Club,Double Chance,Home/Draw,1.17,,,WON,
2026-04-19T23:10:00+00:00,Liga Pro,Macara,Barcelona SC,Over/Under Goals,Under 2.5,1.62,,,LOST,
2026-04-19T23:20:00+00:00,Primera A,Junior,Llaneros,Over/Under Goals,Under 3.5,1.3,,,WON,
2026-04-19T23:30:00+00:00,Primera Division,Rosario Central,Sarmiento Junin,Over/Under Goals,Under 3.5,1.18,,,WON,
2026-04-19T23:30:00+00:00,Primera Division,Talleres Cordoba,Deportivo Riestra,Double Chance,Home/Draw,1.17,,,WON,
2026-04-20T00:00:00+00:00,MLS Next Pro,Colorado Rapids II,Minnesota United II,Double Chance,Draw/Away,1.44,,,WON,
2026-04-20T00:00:00+00:00,MLS Next Pro,Sporting KC II,Vancouver Whitecaps II,Double Chance,Draw/Away,1.4,,,LOST,
2026-04-20T00:30:00+00:00,Primera Division,Cienciano,UCV Moquegua,Over/Under Goals,Over 1.5,1.15,,,WON,
2026-04-20T00:45:00+00:00,Primera Division,Huachipato,A. Italiano,Asian Handicap,Home +0.25,1.45,,,WON,
2026-04-20T01:30:00+00:00,Primera A,America de Cali,Millonarios,Over/Under Goals,Under 3.5,1.22,,,LOST,
2026-04-20T08:30:00+00:00,Liga 1,Semen Padang,Persijap,Over/Under Goals,Under 3.5,1.27,,,WON,
2026-04-20T10:00:00+00:00,Premier League,Bahardar,Sheger Ketema,Double Chance,Draw/Away,1.57,,,WON,
2026-04-20T10:00:00+00:00,Premier League,Oleksandria,Veres Rivne,Over/Under Goals,Under 2.5,1.59,,,LOST,
2026-04-20T11:00:00+00:00,Professional Development League,Sheffield Wednesday U21,Crewe Alexandra U21,BTTS,Yes,1.36,,,LOST,
2026-04-20T12:00:00+00:00,Campionato Primavera - 1,Genoa U20,Torino U20,Double Chance,Home/Draw,1.48,,,WON,
2026-04-20T12:00:00+00:00,Liga 1,Dewa United,Persib Bandung,1X2 / Match Winner,Draw,3.4,,,WON,
2026-04-20T12:00:00+00:00,Professional Development League,Bristol City U21,Colchester United U21,Team Total Goals,Under 2.5,1.15,,,WON,
2026-04-20T12:00:00+00:00,Professional Development League,Watford U21,Charlton Athletic U21,BTTS,Yes,1.29,,,WON,
2026-04-20T13:00:00+00:00,Premier League,Mebrat Hayl,Ethiopian Medhin,Double Chance,Draw/Away,1.4,,,WON,
2026-04-20T13:00:00+00:00,Premier League,Suhul Shire,Welayta Dicha,Over/Under Goals,Under 2.5,1.36,,,WON,
2026-04-20T13:00:00+00:00,Professional Development League,Cardiff City U21,Hull City U21,Asian Handicap,Away -1.25,1.57,,,WON,
2026-04-20T14:00:00+00:00,Campionato Primavera - 1,Atalanta U20,Parma U20,Double Chance,Home/Draw,1.4,,,WON,
2026-04-20T15:00:00+00:00,Premier League,Shakhtar Donetsk,Polessya,Team Total Goals,Over 0.5,1.7,,,LOST,
2026-04-20T16:15:00+00:00,AFC Champions League,Vissel Kobe,Al-Ahli Jeddah,Team Total Goals,Over 0.5,1.48,,,WON,
2026-04-20T17:00:00+00:00,Ekstraklasa,Lechia Gdansk,Piast Gliwice,Over/Under Goals,Over 1.5,1.22,,,WON,
2026-04-20T17:00:00+00:00,Ligue 1,HLM,Stade de Mbour,BTTS,No,1.49,,,WON,
2026-04-20T17:00:00+00:00,Super Lig,Gaziantep FK,Kayserispor,Asian Handicap,Home +0,1.55,,,WON,
2026-04-20T17:00:00+00:00,Superettan,Oddevold,Osters IF,BTTS,Yes,1.67,,,WON,
2026-04-20T17:00:00+00:00,Superligaen,FC Midtjylland,Aarhus,Team Total Goals,Under 2.5,1.2,,,WON,
2026-04-20T17:05:00+00:00,Superettan,GIF Sundsvall,IK brage,Double Chance,Draw/Away,1.48,,,WON,
2026-04-20T17:30:00+00:00,Ettan - Norra,Stocksund,AFC Eskilstuna,Over/Under Goals,Over 2.5,1.44,,,WON,
2026-04-20T17:45:00+00:00,Segunda Liga,FC Porto B,Leixoes,Double Chance,Home/Draw,1.45,,,LOST,
2026-04-20T17:45:00+00:00,Segunda Liga,Sporting CP B,Felgueiras 1932,Over/Under Goals,Under 3.5,1.22,,,WON,
2026-04-20T18:00:00+00:00,Eerste Divisie,Den Bosch,Jong Utrecht,Over/Under Goals,Under 3.5,1.67,,,WON,
2026-04-20T18:00:00+00:00,Primera Division,Barracas Central,Belgrano Cordoba,Over/Under Goals,Under 3.5,1.15,,,WON,
2026-04-20T18:30:00+00:00,Goiano U20,Inhumas U20,Aparecidense U20,Over/Under Goals,Under 3.5,1.45,,,WON,
2026-04-20T18:30:00+00:00,Primera B Metropolitana,Deportivo Camioneros,Defensores Unidos,Double Chance,Draw/Away,1.62,,,LOST,
2026-04-20T18:45:00+00:00,Ligue 2,Dunkerque,Laval,Over/Under Goals,Under 3.5,1.25,,,WON,
2026-04-20T18:45:00+00:00,Non League Premier - Southern South,Taunton Town,Farnham Town,Over/Under Goals,Over 2.5,1.62,,,LOST,
2026-04-20T18:45:00+00:00,Serie A,Lecce,Fiorentina,Over/Under Goals,Over 1.5,1.38,,,WON,
2026-04-20T19:00:00+00:00,Premier League,Crystal Palace,West Ham,Over/Under Goals,Under 3.5,1.33,,,WON,
2026-04-20T19:15:00+00:00,Primeira Liga,Moreirense,Estoril,Over/Under Goals,Under 3.5,1.33,,,WON,
2026-04-20T20:00:00+00:00,Primera División - Apertura,Boston River,Cerro Largo,Over/Under Goals,Under 3.5,1.17,,,WON,
2026-04-20T20:15:00+00:00,Primera Division,Banfield,Independ. Rivadavia,Over/Under Goals,Over 1.5,1.48,,,LOST,
2026-04-20T20:15:00+00:00,Primera Division,Central Cordoba de Santiago,Platense,Over/Under Goals,Under 2.5,1.35,,,LOST,
2026-04-20T21:00:00+00:00,Primera División,Zamora FC,Caracas FC,Over/Under Goals,Under 3.5,1.18,,,WON,
2026-04-20T22:00:00+00:00,Brasileiro Women,Ferroviaria W,America Mineiro W,Over/Under Goals,Under 3.5,1.8,,,LOST,
2026-04-20T22:00:00+00:00,Brasileiro Women,Santos W,Atlético Mineiro W,1X2 / Match Winner,Home,1.53,,,LOST,
2026-04-20T22:00:00+00:00,Brasileiro Women,São Paulo W,Gremio W,Double Chance,Home/Draw,1.15,,,WON,
2026-04-20T22:00:00+00:00,Primera División,Carabobo FC,Academia Anzoátegui,Team Total Goals,Over 1.5,1.62,,,WON,
2026-04-20T22:30:00+00:00,Primera Division,San Lorenzo,Velez Sarsfield,Over/Under Goals,Over 1.5,1.65,,,LOST,
2026-04-20T23:00:00+00:00,Liga de Ascenso,Pitbulls Santa Barbara FC,Inter San Carlos,Double Chance,Home/Draw,1.62,,,LOST,
2026-04-20T23:00:00+00:00,Primera División,Deportivo La Guaira,Portuguesa FC,Team Total Goals,Over 0.5,1.6,,,LOST,
2026-04-20T23:00:00+00:00,Serie C,Floresta,Ferroviária,Over/Under Goals,Under 3.5,1.17,,,WON,
2026-04-20T23:00:00+00:00,Serie C,Maringá,Brusque,Asian Handicap,Away -1.25,1.4,,,WON,
2026-04-20T23:20:00+00:00,Primera A,Once Caldas,Internacional de Bogota,Over/Under Goals,Under 3.5,1.3,,,WON,
2026-04-20T23:30:00+00:00,Division Profesional - Apertura,Sportivo Ameliano,Nacional Asuncion,Over/Under Goals,Under 2.5,1.5,,,WON,
2026-04-20T23:30:00+00:00,Primera División - Apertura,Penarol,Juventud,Over/Under Goals,Under 3.5,1.3,,,LOST,
2026-04-21T00:30:00+00:00,Brasileiro Women,Flamengo W,Bahia W,Over/Under Goals,Over 2.5,1.7,,,WON,
2026-04-21T00:30:00+00:00,Primera Division,U. Catolica,Union La Calera,Over/Under Goals,Over 1.5,1.25,,,WON,
2026-04-21T00:45:00+00:00,Primera Division,Gimnasia M.,Lanus,Asian Handicap,Away -0.5,1.4,,,LOST,
2026-04-21T00:45:00+00:00,Primera Division,Tigre,Huracan,Double Chance,Draw/Away,1.55,,,WON,
2026-04-21T01:00:00+00:00,Liga de Ascenso,Futbol Consultants Moravia,ADR Jicaral,Double Chance,Home/Draw,1.55,,,WON,
2026-04-21T01:06:00+00:00,Liga MX Femenil,Juárez W,Guadalajara W,Over/Under Goals,Over 1.5,1.38,,,WON,
2026-04-21T01:30:00+00:00,Primera A,Atletico Nacional,Bucaramanga,Over/Under Goals,Over 2.5,1.95,,,LOST,
2026-04-21T10:00:00+00:00,Liga Revelação U23,Farense U23,Estoril U23,1X2 / Match Winner,Draw,3.6,,,WON,
2026-04-21T10:00:00+00:00,Liga Revelação U23,Leixões U23,Santa Clara U23,Over/Under Goals,Under 3.5,1.4,,,LOST,
2026-04-21T10:30:00+00:00,K-League Classic,FC Seoul,Bucheon FC 1995,Over/Under Goals,Under 3.5,1.25,,,WON,
2026-04-21T10:30:00+00:00,K-League Classic,Gimcheon Sangmu FC,Gangwon FC,Over/Under Goals,Under 3.5,1.25,,,WON,
2026-04-21T10:30:00+00:00,K-League Classic,Jeonbuk Motors,Incheon United,Over/Under Goals,Under 3.5,1.28,,,WON,
2026-04-21T11:00:00+00:00,Super League,Sichuan Jiuniu,Beijing Guoan,Over/Under Goals,Over 2.5,1.56,,,LOST,
2026-04-21T11:35:00+00:00,Super League,Chengdu Better City,Yunnan Yukun,Over/Under Goals,Over 2.5,1.39,,,WON,
2026-04-21T11:35:00+00:00,Super League,Wuhan Three Towns,Hangzhou Greentown,Over/Under Goals,Over 1.5,1.16,,,WON,
2026-04-21T12:00:00+00:00,Premier League,Kedus Giorgis,Adama Kenema,Double Chance,Draw/Away,1.7,,,LOST,
2026-04-21T12:00:00+00:00,Professional Development League,Huddersfield Town U21,Coventry City U21,BTTS,Yes,1.33,,,WON,
2026-04-21T12:00:00+00:00,Super League,SHANGHAI SIPG,Chongqing Tongliang Long,1X2 / Match Winner,Home,1.64,,,LOST,
2026-04-21T12:00:00+00:00,Super League,Tianjin Teda,Shandong Luneng,Over/Under Goals,Under 3.5,1.41,,,WON,
2026-04-21T13:00:00+00:00,Liga Revelação U23,Famalicão U23,Torreense U23,Over/Under Goals,Over 1.5,1.25,,,WON,
2026-04-21T13:00:00+00:00,Paulista - A2,Juventus,Votuporanguense,Over/Under Goals,Under 3.5,1.2,,,WON,
2026-04-21T13:30:00+00:00,Professional Development League,Sheffield United U21,Swansea City U21,Asian Handicap,Away -1.25,1.44,,,WON,
2026-04-21T14:00:00+00:00,Liga Revelação U23,Gil Vicente U23,Marítimo U23,Over/Under Goals,Over 2.5,1.48,,,LOST,
2026-04-21T14:00:00+00:00,Liga Revelação U23,Rio Ave U23,Portimonense U23,Over/Under Goals,Over 2.5,1.6,,,LOST,
2026-04-21T14:00:00+00:00,Liga Revelação U23,Vizela U23,União Leiria U23,Over/Under Goals,Over 1.5,1.2,,,WON,
2026-04-21T14:00:00+00:00,Prva HNL,NK Lokomotiva Zagreb,NK Slaven Belupo,Over/Under Goals,Over 1.5,1.27,,,WON,
2026-04-21T14:00:00+00:00,Prva Liga,FAP,Dinamo Jug,Over/Under Goals,Under 3.5,1.24,,,WON,
2026-04-21T14:00:00+00:00,Prva Liga,Grafičar,Semendrija 1924,Over/Under Goals,Under 3.5,1.15,,,WON,
2026-04-21T14:30:00+00:00,Premier League,FC Sochi,Krylia Sovetov,Over/Under Goals,Under 3.5,1.31,,,WON,
2026-04-21T15:00:00+00:00,Erovnuli Liga,Dinamo Tbilisi,Gagra,Over/Under Goals,Under 3.5,1.22,,,WON,
2026-04-21T15:45:00+00:00,Meistriliiga,Kuressaare,Vaprus,Over/Under Goals,Under 3.5,1.45,,,WON,
2026-04-21T16:00:00+00:00,Cup,Al Salt,Al Wihdat,Over/Under Goals,Under 3.5,1.33,,,WON,
2026-04-21T16:15:00+00:00,AFC Champions League,Machida Zelvia,Shabab Al Ahli Dubai,Over/Under Goals,Under 3.5,1.22,,,WON,
2026-04-21T16:30:00+00:00,Tipp3 Bundesliga,FC BW Linz,Wolfsberger AC,Over/Under Goals,Over 1.5,1.28,,,WON,
2026-04-21T16:30:00+00:00,Tipp3 Bundesliga,SCR Altach,WSG Wattens,Over/Under Goals,Over 1.5,1.36,,,LOST,
2026-04-21T16:45:00+00:00,Premier League,CSKA Moscow,FC Rostov,1X2 / Match Winner,Draw,3.91,,,WON,
2026-04-21T16:45:00+00:00,Prva HNL,HNK Hajduk Split,NK Osijek,Over/Under Goals,Under 3.5,1.33,,,WON,
2026-04-21T17:00:00+00:00,Erovnuli Liga,Torpedo Kutaisi,Samgurali,Team Total Goals,Over 0.5,1.18,,,WON,
2026-04-21T17:00:00+00:00,La Liga,Athletic Club,Osasuna,Asian Handicap,Away -1.25,1.42,,,WON,
2026-04-21T17:00:00+00:00,La Liga,Mallorca,Valencia,Over/Under Goals,Over 1.5,1.38,,,WON,
2026-04-21T17:00:00+00:00,Liga Revelação U23,Sporting Braga U23,Academico Viseu U23,Over/Under Goals,Over 1.5,1.25,,,WON,
2026-04-21T17:00:00+00:00,Superettan,Orebro SK,IFK Norrkoping,Team Total Goals,Under 2.5,1.16,,,WON,
2026-04-21T18:30:00+00:00,Jupiler Pro League,Genk,Charleroi,Over/Under Goals,Under 3.5,1.5,,,WON,
2026-04-21T18:30:00+00:00,Jupiler Pro League,OH Leuven,KVC Westerlo,Over/Under Goals,Under 2.5,2.12,,,WON,
2026-04-21T18:30:00+00:00,Jupiler Pro League,Standard Liege,Antwerp,Over/Under Goals,Under 3.5,1.26,,,WON,
2026-04-21T18:30:00+00:00,Tipp3 Bundesliga,Ried,Grazer AK,Over/Under Goals,Under 3.5,1.22,,,WON,
2026-04-21T18:45:00+00:00,Championship,Ballinamallard United,Armagh City,Team Total Goals,Under 2.5,1.8,,,LOST,
2026-04-21T18:45:00+00:00,Championship,Coventry,Portsmouth,Over/Under Goals,Under 3.5,1.37,,,LOST,
2026-04-21T18:45:00+00:00,Championship,Leicester,Hull City,Over/Under Goals,Under 3.5,1.37,,,LOST,
2026-04-21T18:45:00+00:00,Championship,Norwich,Derby,Over/Under Goals,Over 1.5,1.21,,,WON,
2026-04-21T18:45:00+00:00,Championship,Oxford United,Wrexham,Over/Under Goals,Under 3.5,1.26,,,WON,
2026-04-21T18:45:00+00:00,Championship,QPR,Swansea,Over/Under Goals,Over 1.5,1.26,,,WON,
2026-04-21T18:45:00+00:00,Championship,Southampton,Bristol City,Over/Under Goals,Over 1.5,1.18,,,WON,
2026-04-21T18:45:00+00:00,Championship,Stoke City,Millwall,Asian Handicap,Home +0.5,1.6,,,LOST,
2026-04-21T18:45:00+00:00,Championship,West Brom,Watford,Over/Under Goals,Under 3.5,1.32,,,WON,
2026-04-21T18:45:00+00:00,League One,Bradford,Plymouth,Over/Under Goals,Over 1.5,1.23,,,WON,
2026-04-21T18:45:00+00:00,League One,Doncaster,Lincoln,Over/Under Goals,Under 3.5,1.32,,,WON,
2026-04-21T18:45:00+00:00,League One,Rotherham,Luton,Team Total Goals,Over 0.5,1.15,,,WON,
2026-04-21T18:45:00+00:00,League One,Stevenage,Barnsley,Double Chance,Home/Draw,1.21,,,WON,
2026-04-21T18:45:00+00:00,League One,Stockport County,Mansfield Town,Double Chance,Home/Draw,1.15,,,LOST,
2026-04-21T18:45:00+00:00,League Two,Cambridge United,Grimsby,Over/Under Goals,Under 2.5,1.8,,,LOST,
2026-04-21T18:45:00+00:00,League Two,Cheltenham,Tranmere,Double Chance,Home/Draw,1.3,,,LOST,
2026-04-21T18:45:00+00:00,National League - North,Hereford,Marine,Over/Under Goals,Under 3.5,1.48,,,WON,
2026-04-21T18:45:00+00:00,National League - North,Macclesfield,Southport,Over/Under Goals,Over 2.5,1.62,,,WON,
2026-04-21T18:45:00+00:00,National League,Hartlepool,Southend,Double Chance,Draw/Away,1.22,,,LOST,
2026-04-21T18:45:00+00:00,Non League Premier - Southern South,Tiverton Town,Gosport Borough,Asian Handicap,Home +1.25,1.42,,,WON,
2026-04-21T19:00:00+00:00,Brasileiro Women,Fluminense W,Palmeiras W,Over/Under Goals,Under 3.5,1.33,,,WON,
2026-04-21T19:00:00+00:00,Coppa Italia,Inter,Como,Team Total Goals,Over 0.5,1.5,,,WON,
2026-04-21T19:00:00+00:00,Premier League,Brighton,Chelsea,Over/Under Goals,Over 2.5,1.65,,,WON,
2026-04-21T19:00:00+00:00,Primera División,Universitario de Vinto,ABB,Team Total Goals,Under 2.5,1.44,,,LOST,
2026-04-21T19:10:00+00:00,Coupe de France,Lens,Toulouse,1X2 / Match Winner,Home,1.7,,,WON,
2026-04-21T19:30:00+00:00,La Liga,Girona,Real Betis,Double Chance,Home/Draw,1.44,,,LOST,
2026-04-21T19:30:00+00:00,La Liga,Real Madrid,Alaves,Over/Under Goals,Over 2.5,1.48,,,WON,
2026-04-21T22:00:00+00:00,Brasileiro Women,Cruzeiro W,Internacional RS W,Asian Handicap,Away -1.25,1.52,,,WON,
2026-04-21T22:00:00+00:00,Liga Pro,Libertad,Guayaquil City FC,Over/Under Goals,Under 3.5,1.25,,,WON,
2026-04-21T22:00:00+00:00,Primera B Metropolitana,Deportivo Merlo,Comunicaciones,Over/Under Goals,Over 1.5,1.62,,,WON,
2026-04-21T22:00:00+00:00,Primera División,Gualberto Villarroel SJ,Aurora,Double Chance,Home/Draw,1.25,,,WON,
2026-04-21T22:00:00+00:00,Primera División,Puerto Cabello,Trujillanos FC,1X2 / Match Winner,Home,1.4,,,WON,
2026-04-22T00:00:00+00:00,Primera División,Bolívar,Independiente Petrolero,Team Total Goals,Over 1.5,1.17,,,LOST,
2026-04-22T00:30:00+00:00,Copa Do Brasil,Barra,Corinthians,Asian Handicap,Home +1.25,1.65,,,WON,
2026-04-22T00:30:00+00:00,Copa Do Brasil,Paysandu,Vasco DA Gama,Team Total Goals,Over 0.5,1.55,,,LOST,
2026-04-22T00:30:00+00:00,Liga Pro,Tecnico Universitario,Emelec,Over/Under Goals,Under 3.5,1.18,,,WON,
2026-04-22T01:00:00+00:00,Copa Presidente,FAS,Dragón,Over/Under Goals,Over 2.5,1.5,,,WON,
2026-04-22T01:00:00+00:00,Liga MX,Club Queretaro,Cruz Azul,Over/Under Goals,Under 3.5,1.42,,,WON,
2026-04-22T01:00:00+00:00,Liga MX,U.N.A.M. - Pumas,FC Juarez,Over/Under Goals,Under 3.5,1.42,,,LOST,
2026-04-22T03:05:00+00:00,Liga MX,Monterrey,Puebla,Over/Under Goals,Under 3.5,1.55,,,WON,
2026-04-22T03:06:00+00:00,Liga MX,Leon,Club America,Over/Under Goals,Under 3.5,1.42,,,LOST,
2026-04-22T08:30:00+00:00,Liga 1,PSIM Yogyakarta,Persija,Over/Under Goals,Over 1.5,1.22,,,WON,
2026-04-22T08:30:00+00:00,Liga 1,Persis Solo,Bhayangkara FC,Over/Under Goals,Under 3.5,1.31,,,WON,
2026-04-22T10:00:00+00:00,J. League Div.1,Gamba Osaka,Avispa Fukuoka,Team Total Goals,Under 2.5,1.22,,,WON,
2026-04-22T10:30:00+00:00,K-League Classic,Daejeon Citizen,Jeju United FC,Over/Under Goals,Under 3.5,1.28,,,WON,
2026-04-22T10:30:00+00:00,K-League Classic,FC Anyang,Ulsan Hyundai FC,Over/Under Goals,Under 3.5,1.28,,,WON,
2026-04-22T10:30:00+00:00,K-League Classic,Pohang Steelers,Gwangju FC,1X2 / Match Winner,Home,1.66,,,WON,
2026-04-22T11:30:00+00:00,ASEAN Club Championship,Svay Rieng,Bangkok United,Asian Handicap,Home +0.5,1.47,,,WON,
2026-04-22T11:35:00+00:00,Super League,Qingdao Youth Island,Henan Jianye,Double Chance,Home/Draw,1.48,,,WON,
2026-04-22T11:35:00+00:00,Super League,Shenyang Urban,Dalian Zhixing,BTTS,Yes,1.6,,,LOST,
2026-04-22T12:00:00+00:00,Erovnuli Liga 2,Kolkheti Poti,Samtredia,Double Chance,Home/Draw,1.2,,,LOST,
2026-04-22T12:00:00+00:00,Erovnuli Liga 2,Merani Martvili,Sioni,Double Chance,Draw/Away,1.67,,,LOST,
2026-04-22T12:00:00+00:00,Erovnuli Liga,Meshakhte,Rustavi,Over/Under Goals,Under 3.5,1.2,,,WON,
2026-04-22T12:00:00+00:00,Super League,Shanghai Shenhua,Qingdao Jonoon,Over/Under Goals,Under 3.5,1.7,,,WON,
2026-04-22T13:00:00+00:00,Cup,Ferizaj,Llapi,Asian Handicap,Home +0.25,1.51,,,WON,
2026-04-22T13:00:00+00:00,First League,Spartak Kostroma,Ska-khabarovsk,Double Chance,Home/Draw,1.19,,,WON,
2026-04-22T13:00:00+00:00,Prva Liga,Zemun,Macva,Asian Handicap,Home +0.25,1.4,,,WON,
2026-04-22T13:00:00+00:00,Super League 1,Panserraikos,Atromitos,Over/Under Goals,Under 2.5,1.5,,,LOST,
2026-04-22T13:30:00+00:00,Prva HNL,Vukovar,HNK Gorica,Over/Under Goals,Over 1.5,1.3,,,WON,
2026-04-22T14:00:00+00:00,AFC Challenge League,Muras United,Al Kuwait,Over/Under Goals,Over 1.5,1.45,,,WON,
2026-04-22T14:00:00+00:00,First League,FC UFA,KAMAZ,Over/Under Goals,Under 2.5,1.59,,,WON,
2026-04-22T14:00:00+00:00,First League,Ural,Torpedo Moskva,Over/Under Goals,Under 3.5,1.2,,,WON,
2026-04-22T14:00:00+00:00,First League,Volga Ulyanovsk,Chayka,1X2 / Match Winner,Home,1.49,,,WON,
2026-04-22T14:00:00+00:00,Prva Liga,FK Trayal,Tekstilac Odžaci,Double Chance,Draw/Away,1.44,,,LOST,
2026-04-22T14:00:00+00:00,Prva Liga,Jedinstvo Ub,FK Vozdovac,Asian Handicap,Home +0.25,1.57,,,LOST,
2026-04-22T14:00:00+00:00,Prva Liga,Kabel Novi Sad,Borac Cacak,Double Chance,Draw/Away,1.4,,,WON,
2026-04-22T14:00:00+00:00,Prva Liga,OFK Vršac,Loznica,Asian Handicap,Home +0.25,1.46,,,WON,
2026-04-22T14:00:00+00:00,Prva Liga,Stepojevac Vaga,Dubočica,Over/Under Goals,Under 3.5,1.21,,,WON,
2026-04-22T14:00:00+00:00,Super League 1,Larisa,Kifisia,Over/Under Goals,Under 2.5,1.62,,,WON,
2026-04-22T14:30:00+00:00,3. liga - MSFL,Start Brno,Hodonín,Asian Handicap,Home +1.25,1.46,,,LOST,
2026-04-22T14:30:00+00:00,Cup,Otrant-Olympic,Dečić,Asian Handicap,Home +0.25,1.61,,,LOST,
2026-04-22T14:30:00+00:00,Elite One,Aigle Royal de Moungo,Cotonsport,Over/Under Goals,Under 3.5,1.16,,,WON,
2026-04-22T14:30:00+00:00,First League,FK Neftekhimik,Chernomorets,Over/Under Goals,Under 2.5,1.58,,,LOST,
2026-04-22T14:30:00+00:00,First League,FK Sokol Saratov,Enisey,Double Chance,Draw/Away,1.19,,,WON,
2026-04-22T14:30:00+00:00,Premier League,FC Orenburg,Nizhny Novgorod,Team Total Goals,Over 0.5,1.2,,,WON,
2026-04-22T14:45:00+00:00,Cup,Radomlje,Brinje-Grosuplje,Double Chance,Home/Draw,1.4,,,LOST,
2026-04-22T15:00:00+00:00,Elite One,Colombe,Gazelle,1X2 / Match Winner,Home,1.56,,,WON,
2026-04-22T15:00:00+00:00,Erovnuli Liga 2,Telavi,Shturmi,Over/Under Goals,Under 2.5,1.65,,,WON,
2026-04-22T15:00:00+00:00,Erovnuli Liga,Spaeri,Saburtalo,Team Total Goals,Over 0.5,1.54,,,LOST,
2026-04-22T15:00:00+00:00,Ligue 1,Olympique Akbou,JS Kabylie,Over/Under Goals,Under 2.5,1.42,,,WON,
2026-04-22T15:00:00+00:00,Premier League,AL Masry,Enppi,Over/Under Goals,Over 1.5,1.53,,,WON,
2026-04-22T15:00:00+00:00,Super Liga,Radnik Surdulica,Novi Pazar,Over/Under Goals,Under 2.5,1.65,,,WON,
2026-04-22T15:00:00+00:00,Super Liga,Vojvodina,FK Partizan,Over/Under Goals,Over 1.5,1.19,,,LOST,
2026-04-22T15:00:00+00:00,Veikkausliiga,KuPS,AC Oulu,Over/Under Goals,Over 1.5,1.22,,,WON,
2026-04-22T15:30:00+00:00,Regionalliga - Nordost,BFC Preussen,Hertha Zehlendorf,Double Chance,Home/Draw,1.18,,,WON,
2026-04-22T15:45:00+00:00,Meistriliiga,Kalju Nomme,Nõmme United,Over/Under Goals,Over 2.5,1.43,,,WON,
2026-04-22T15:45:00+00:00,Prva HNL,NK Varazdin,HNK Rijeka,Over/Under Goals,Under 3.5,1.18,,,WON,
2026-04-22T16:00:00+00:00,Cup,Sabah FA,Qarabag,BTTS,Yes,1.7,,,WON,
2026-04-22T16:00:00+00:00,First League,Arsenal Tula,Chelyabinsk,Double Chance,Home/Draw,1.16,,,WON,
2026-04-22T16:00:00+00:00,First League,Fakel,Shinnik Yaroslavl,Over/Under Goals,Under 3.5,1.16,,,LOST,
2026-04-22T16:00:00+00:00,First League,Rotor Volgograd,Rodina Moskva,Team Total Goals,Over 0.5,1.43,,,LOST,
2026-04-22T16:00:00+00:00,Frauen Bundesliga,Union Berlin W,Bayern Munich W,Team Total Goals,Over 1.5,1.15,,,WON,
2026-04-22T16:00:00+00:00,Frauen Bundesliga,Werder Bremen W,VfL Wolfsburg W,Over/Under Goals,Under 3.5,1.65,,,WON,
2026-04-22T16:00:00+00:00,Liga Pro,Leones del Norte,Manta FC,Over/Under Goals,Under 3.5,1.2,,,WON,
2026-04-22T16:00:00+00:00,Meistriliiga,Flora Tallinn,Trans Narva,1X2 / Match Winner,Home,1.58,,,WON,
2026-04-22T16:00:00+00:00,Meistriliiga,Laagri,Paide,1X2 / Match Winner,Away,1.6,,,LOST,
2026-04-22T16:00:00+00:00,Meistriliiga,Tammeka,FC Levadia Tallinn,1X2 / Match Winner,Away,1.29,,,WON,
2026-04-22T16:00:00+00:00,Super Liga,Spartak Trnava,Dunajska Streda,Double Chance,Draw/Away,1.57,,,LOST,
2026-04-22T16:00:00+00:00,Superligaen,FC Copenhagen,Odense,1X2 / Match Winner,Home,1.67,,,WON,
2026-04-22T16:00:00+00:00,Superligaen,Vejle,Silkeborg,Over/Under Goals,Over 1.5,1.16,,,WON,
2026-04-22T16:30:00+00:00,Cup,Mornar,Jezero,1X2 / Match Winner,Home,1.58,,,WON,
2026-04-22T16:30:00+00:00,Super Liga,OFK Beograd,Cukaricki,Double Chance,Home/Draw,1.44,,,WON,
2026-04-22T16:30:00+00:00,Tipp3 Bundesliga,Rapid Vienna,TSV Hartberg,Asian Handicap,Away -1.25,1.55,,,WON,
2026-04-22T16:30:00+00:00,Tipp3 Bundesliga,Red Bull Salzburg,Austria Vienna,Team Total Goals,Over 0.5,1.45,,,WON,
2026-04-22T16:45:00+00:00,Feminine Division 1,Montpellier W,Paris FC W,Over/Under Goals,Over 2.5,1.56,,,LOST,
2026-04-22T16:45:00+00:00,Premier League,Dynamo,Rubin,Asian Handicap,Away -1.25,1.53,,,WON,
2026-04-22T16:45:00+00:00,Premier League,Lokomotiv,Zenit,Over/Under Goals,Over 1.5,1.27,,,LOST,
2026-04-22T17:00:00+00:00,Allsvenskan,Hammarby FF,Halmstad,Over/Under Goals,Over 1.5,1.18,,,WON,
2026-04-22T17:00:00+00:00,Allsvenskan,IF Elfsborg,Djurgardens IF,Double Chance,Home/Draw,1.57,,,WON,
2026-04-22T17:00:00+00:00,Allsvenskan,Orgryte IS,IF Brommapojkarna,Over/Under Goals,Over 1.5,1.22,,,WON,
2026-04-22T17:00:00+00:00,Allsvenskan,Vasteras SK FK,BK Hacken,BTTS,Yes,1.57,,,WON,
2026-04-22T17:00:00+00:00,Botola Pro,Olympique Safi,CR Khemis Zemamra,Double Chance,Home/Draw,1.17,,,LOST,
2026-04-22T17:00:00+00:00,Erovnuli Liga 2,Aragvi Dusheti,Odishi 1919,Double Chance,Draw/Away,1.44,,,LOST,
2026-04-22T17:00:00+00:00,Erovnuli Liga,Dila,Dinamo Batumi,Over/Under Goals,Under 3.5,1.3,,,WON,
2026-04-22T17:00:00+00:00,La Liga,Elche,Atletico Madrid,Over/Under Goals,Over 1.5,1.2,,,WON,
2026-04-22T17:00:00+00:00,Ligue 1,Paris Saint Germain,Nantes,1X2 / Match Winner,Home,1.25,,,WON,
2026-04-22T17:00:00+00:00,Primera División Femenina,Espanyol W,Barcelona W,Over/Under Goals,Under 3.5,2.7,,,LOST,
2026-04-22T17:00:00+00:00,Reserve League,Estudiantes La Plata Res,Gimnasia La Plata Res.,Double Chance,Draw/Away,1.67,,,LOST,
2026-04-22T17:00:00+00:00,Segunda Liga,Oliveirense,Benfica B,Team Total Goals,Over 0.5,1.2,,,LOST,
2026-04-22T17:00:00+00:00,Super League 1,Asteras Tripolis,Panetolikos,Over/Under Goals,Under 3.5,1.2,,,WON,
2026-04-22T17:00:00+00:00,Super Liga,Železničar Pančevo,FK Crvena Zvezda,Team Total Goals,Over 0.5,1.95,,,WON,
2026-04-22T17:30:00+00:00,Cup,Galatasaray,Gençlerbirliği S.K.,Over/Under Goals,Over 1.5,1.16,,,WON,
2026-04-22T17:30:00+00:00,Premier Soccer League,Mamelodi Sundowns,Stellenbosch,Team Total Goals,Over 1.5,1.62,,,LOST,
2026-04-22T18:00:00+00:00,Cup,Atert Bissen,Progres Niederkorn,Asian Handicap,Home +0,1.56,,,LOST,
2026-04-22T18:00:00+00:00,Cup,FC Differdange 03,Racing FC Union Luxembourg,Asian Handicap,Away -1.25,1.51,,,LOST,
2026-04-22T18:00:00+00:00,Cup,Feulen,Victoria Rosport,Over/Under Goals,Under 3.5,1.44,,,WON,
2026-04-22T18:00:00+00:00,Cup,Fola Esch,Rodange 91,Double Chance,Draw/Away,1.22,,,WON,
2026-04-22T18:00:00+00:00,Eredivisie,Telstar,Sparta Rotterdam,Over/Under Goals,Under 3.5,1.55,,,LOST,
2026-04-22T18:00:00+00:00,La Liga,Real Sociedad,Getafe,Double Chance,Home/Draw,1.15,,,LOST,
2026-04-22T18:00:00+00:00,Liga Pro,Delfin SC,Independiente del Valle,Over/Under Goals,Under 2.5,1.65,,,WON,
2026-04-22T18:00:00+00:00,Premier League,Smouha SC,Ceramica Cleopatra,Over/Under Goals,Under 2.5,1.42,,,WON,
2026-04-22T18:00:00+00:00,Primera Division,Comerciantes Unidos,Alianza Atletico,Asian Handicap,Away -0.5,1.58,,,LOST,
2026-04-22T18:00:00+00:00,Superligaen,Viborg,Brondby,Over/Under Goals,Under 3.5,1.38,,,WON,
2026-04-22T18:15:00+00:00,Prva HNL,Istra 1961,Dinamo Zagreb,Over/Under Goals,Over 1.5,1.2,,,WON,
2026-04-22T18:30:00+00:00,Jupiler Pro League,Club Brugge KV,KV Mechelen,Over/Under Goals,Over 2.5,1.32,,,WON,
2026-04-22T18:30:00+00:00,Jupiler Pro League,Union St. Gilloise,Gent,Over/Under Goals,Under 3.5,1.43,,,WON,
2026-04-22T18:30:00+00:00,Primera C,Fénix,El Porvenir,Double Chance,Draw/Away,1.44,,,WON,
2026-04-22T18:30:00+00:00,Tipp3 Bundesliga,Sturm Graz,Lask Linz,1X2 / Match Winner,Draw,3.65,,,WON,
2026-04-22T18:45:00+00:00,Championship,Birmingham,Preston,Team Total Goals,Over 0.5,1.55,,,WON,
2026-04-22T18:45:00+00:00,Championship,Charlton,Ipswich,Over/Under Goals,Under 3.5,1.3,,,WON,
2026-04-22T18:45:00+00:00,Championship,Middlesbrough,Sheffield Wednesday,Over/Under Goals,Under 3.5,1.95,,,WON,
2026-04-22T18:45:00+00:00,Championship,Sheffield Utd,Blackburn,Team Total Goals,Over 0.5,1.15,,,WON,
2026-04-22T18:45:00+00:00,DFB Pokal,Bayer Leverkusen,Bayern München,BTTS,Yes,1.4,,,LOST,
2026-04-22T18:45:00+00:00,League One,Cardiff,Port Vale,Over/Under Goals,Under 3.5,1.62,,,WON,
2026-04-22T19:00:00+00:00,Botola Pro,FAR Rabat,Renaissance Berkane,Over/Under Goals,Under 3.5,1.2,,,WON,
2026-04-22T19:00:00+00:00,Coupe de France,Strasbourg,Nice,Over/Under Goals,Over 1.5,1.28,,,WON,
2026-04-22T19:00:00+00:00,Premier League,Bournemouth,Leeds,Over/Under Goals,Under 3.5,1.42,,,LOST,
2026-04-22T19:00:00+00:00,Primera División,Always Ready,Oriente Petrolero,Over/Under Goals,Under 3.5,2.5,,,WON,
2026-04-22T19:30:00+00:00,La Liga,Barcelona,Celta Vigo,BTTS,Yes,1.62,,,LOST,
2026-04-22T19:45:00+00:00,Taça de Portugal,FC Porto,Sporting CP,Team Total Goals,Under 2.5,1.2,,,WON,
2026-04-22T20:15:00+00:00,Primera Division,Atletico Grau,Sporting Cristal,Over/Under Goals,Under 3.5,1.2,,,LOST,
2026-04-22T20:30:00+00:00,Liga Pro,Deportivo Cuenca,Orense SC,Over/Under Goals,Under 3.5,1.25,,,LOST,
2026-04-22T22:00:00+00:00,Copa Do Brasil,Bahia,Remo,Team Total Goals,Under 2.5,1.35,,,WON,
2026-04-22T22:00:00+00:00,Copa Do Brasil,Goias,Cruzeiro,Team Total Goals,Under 2.5,1.16,,,WON,
2026-04-22T22:00:00+00:00,Primera División,Real Potosí,Guabirá,Team Total Goals,Under 2.5,1.28,,,LOST,
2026-04-22T22:30:00+00:00,Copa Do Brasil,Santos,Coritiba,Team Total Goals,Under 2.5,1.18,,,WON,
2026-04-22T23:00:00+00:00,Copa Presidente,Inter,Zacatecoluca,Asian Handicap,Home +0.25,1.15,,,WON,
2026-04-22T23:00:00+00:00,Liga Pro,Barcelona SC,Mushuc Runa SC,Team Total Goals,Under 2.5,1.25,,,WON,
2026-04-22T23:00:00+00:00,Primera Division,Cusco,FC Cajamarca,Over/Under Goals,Over 1.5,1.22,,,LOST,
2026-04-22T23:00:00+00:00,USL Super League,DC Power W,Fort Lauderdale United W,Over/Under Goals,Over 1.5,1.28,,,WON,
2026-04-22T23:20:00+00:00,Primera A,Independiente Medellin,Chico,Over/Under Goals,Under 3.5,1.4,,,WON,
2026-04-22T23:30:00+00:00,Copa Do Brasil,Athletic Club,Internacional,Team Total Goals,Under 2.5,1.18,,,WON,
2026-04-22T23:30:00+00:00,Copa Do Brasil,Fortaleza EC,CRB,Team Total Goals,Under 2.5,1.17,,,WON,
2026-04-22T23:30:00+00:00,Major League Soccer,Columbus Crew,Los Angeles Galaxy,Team Total Goals,Under 2.5,1.42,,,WON,
2026-04-22T23:30:00+00:00,Major League Soccer,New York City FC,FC Cincinnati,Team Total Goals,Over 0.5,1.15,,,WON,
2026-04-22T23:30:00+00:00,Major League Soccer,New York Red Bulls,DC United,Team Total Goals,Under 2.5,1.33,,,LOST,
2026-04-22T23:30:00+00:00,Major League Soccer,Orlando City SC,Charlotte,Over/Under Goals,Over 1.5,1.2,,,WON,
2026-04-22T23:30:00+00:00,Major League Soccer,Toronto FC,Philadelphia Union,Team Total Goals,Over 0.5,1.22,,,WON,
2026-04-22T23:45:00+00:00,Major League Soccer,Atlanta United FC,New England Revolution,Team Total Goals,Under 2.5,1.2,,,WON,
2026-04-23T00:00:00+00:00,Primera División,Blooming,Nacional Potosí,Team Total Goals,Under 2.5,1.5,,,WON,
2026-04-23T00:30:00+00:00,Copa Do Brasil,Flamengo,Vitoria,Over/Under Goals,Over 1.5,1.2,,,WON,
2026-04-23T00:30:00+00:00,Copa Do Brasil,RB Bragantino,Mirassol,Team Total Goals,Over 0.5,1.22,,,WON,
2026-04-23T00:30:00+00:00,Major League Soccer,FC Dallas,Minnesota United FC,Over/Under Goals,Over 1.5,1.2,,,LOST,
2026-04-23T00:30:00+00:00,Major League Soccer,Houston Dynamo,San Diego,Team Total Goals,Over 0.5,1.15,,,WON,
2026-04-23T00:30:00+00:00,Serie B,Cuiaba,Botafogo SP,Over/Under Goals,Under 3.5,1.15,,,WON,
2026-04-23T01:00:00+00:00,Copa Presidente,Firpo,Batanecos,Over/Under Goals,Under 3.5,2.13,,,WON,
2026-04-23T01:00:00+00:00,Liga MX,Atlas,Tigres UANL,Over/Under Goals,Under 3.5,1.3,,,WON,
2026-04-23T01:00:00+00:00,Liga MX,Atletico San Luis,Santos Laguna,Over/Under Goals,Over 1.5,1.18,,,WON,
2026-04-23T01:00:00+00:00,Liga MX,Mazatlán,Toluca,Over/Under Goals,Over 1.5,1.15,,,WON,
2026-04-23T01:00:00+00:00,Liga Pro,LDU de Quito,Aucas,Team Total Goals,Under 2.5,1.28,,,WON,
2026-04-23T01:00:00+00:00,Liga de Expansión MX,Mineros de Zacatecas,Monarcas,Over/Under Goals,Under 3.5,1.36,,,WON,
2026-04-23T01:30:00+00:00,Liga Nacional,CD Olimpia,CD Marathon,Team Total Goals,Over 0.5,1.17,,,WON,
2026-04-23T01:30:00+00:00,Major League Soccer,Real Salt Lake,Inter Miami,Over/Under Goals,Over 1.5,1.15,,,WON,
2026-04-23T01:30:00+00:00,Primera A,Fortaleza FC,America de Cali,Over/Under Goals,Under 3.5,1.2,,,WON,
2026-04-23T01:30:00+00:00,Primera Division,Universitario,Deportivo Garcilaso,Team Total Goals,Under 2.5,1.45,,,LOST,
2026-04-23T02:00:00+00:00,Liga Premier Serie A,Celaya,Cimarrones,Over/Under Goals,Over 1.5,1.25,,,WON,
2026-04-23T02:30:00+00:00,Major League Soccer,Los Angeles FC,Colorado Rapids,Team Total Goals,Over 0.5,1.48,,,LOST,
2026-04-23T02:30:00+00:00,Major League Soccer,San Jose Earthquakes,Austin,Over/Under Goals,Over 1.5,1.2,,,WON,
2026-04-23T03:00:00+00:00,Liga de Expansión MX,CDS Tampico Madero,CA La Paz,Over/Under Goals,Under 3.5,1.38,,,WON,
2026-04-23T03:06:00+00:00,Liga MX,Club Tijuana,Pachuca,Asian Handicap,Home +1.25,1.22,,,WON,
2026-04-23T03:10:00+00:00,Liga MX,Necaxa,Guadalajara Chivas,Asian Handicap,Home +1.25,1.5,,,WON,
2026-04-23T08:30:00+00:00,Liga 1,PSM Makassar,Persik Kediri,Team Total Goals,Over 0.5,1.21,,,WON,
2026-04-23T08:30:00+00:00,Liga 1,Persita,Bali United,Over/Under Goals,Over 1.5,1.24,,,LOST,
2026-04-23T12:00:00+00:00,Liga 1,Malut United,Persebaya Surabaya,Over/Under Goals,Over 1.5,1.22,,,WON,
2026-04-23T12:15:00+00:00,Super League,Melaka,Sabah FA,Team Total Goals,Under 2.5,1.22,,,WON,
2026-04-23T12:30:00+00:00,Premier League,Zorya Luhansk,Shakhtar Donetsk,Over/Under Goals,Under 3.5,1.41,,,WON,
2026-04-23T13:00:00+00:00,Second League,Aswan Sc,Masar,Over/Under Goals,Over 1.5,1.54,,,WON,
2026-04-23T13:00:00+00:00,Second League,El Dakhleya,Baladiyyat Al Mehalla,Over/Under Goals,Over 1.5,1.56,,,WON,
2026-04-23T13:00:00+00:00,Second League,Maleyet Kafr El Zayiat,Olympic El Qanah,Double Chance,Draw/Away,1.2,,,WON,
2026-04-23T13:00:00+00:00,Second League,Proxy,El Seka El Hadid,Asian Handicap,Home +0.5,1.25,,,WON,
2026-04-23T13:00:00+00:00,Second League,Raya Ghazl,El Mansura,Over/Under Goals,Under 2.5,1.28,,,LOST,
2026-04-23T13:00:00+00:00,Second League,Tersana,Asyut Petrol,Double Chance,Home/Draw,1.44,,,WON,
2026-04-23T13:00:00+00:00,Super League,ZESCO United,NAPSA Stars,Asian Handicap,Home +0,1.18,,,WON,
2026-04-23T13:00:00+00:00,Úrvalsdeild,IBV Vestmannaeyjar,KR Reykjavik,Over/Under Goals,Over 2.5,1.28,,,WON,
2026-04-23T14:00:00+00:00,Ligue 1,ES Tunis,ES Zarzis,Over/Under Goals,Under 3.5,1.3,,,LOST,
2026-04-23T14:00:00+00:00,Pro League,Al-Ittihad Kalba,Baniyas SC,Team Total Goals,Under 2.5,1.16,,,WON,
2026-04-23T14:00:00+00:00,Pro League,Sharjah FC,Al Wahda FC,Asian Handicap,Home +1.25,1.25,,,LOST,
2026-04-23T14:00:00+00:00,Super Liga,Radnicki NIS,Javor,Over/Under Goals,Under 3.5,1.19,,,LOST,
2026-04-23T14:15:00+00:00,Liga II,Bihor Oradea,Sepsi OSK Sfantu Gheorghe,Team Total Goals,Over 0.5,1.25,,,WON,
2026-04-23T14:30:00+00:00,Elite One,Stade Renard,PWD Bamenda,Over/Under Goals,Over 1.5,1.38,,,WON,
2026-04-23T14:30:00+00:00,Elite One,Victoria United,Dynamo de Douala,Over/Under Goals,Under 3.5,1.22,,,WON,
2026-04-23T14:30:00+00:00,Premier League,Akron,Dinamo Makhachkala,Team Total Goals,Over 0.5,1.33,,,WON,
2026-04-23T15:00:00+00:00,Esiliiga A,FCI Levadia II,Tallinna Kalev,Team Total Goals,Under 2.5,1.24,,,WON,
2026-04-23T15:00:00+00:00,Esiliiga A,Flora II,Elva,Double Chance,Home/Draw,1.3,,,WON,
2026-04-23T15:00:00+00:00,Esiliiga B,Narva U21,Luunja,Team Total Goals,Over 0.5,1.25,,,WON,
2026-04-23T15:00:00+00:00,Premier League,El Mokawloon,Al Ittihad,Double Chance,Home/Draw,1.33,,,WON,
2026-04-23T15:00:00+00:00,Virsliga,Super Nova,FK Liepaja,Over/Under Goals,Under 3.5,1.42,,,WON,
2026-04-23T16:00:00+00:00,Esiliiga A,Maardu,FC Tallinn,Team Total Goals,Over 0.5,1.17,,,WON,
2026-04-23T16:00:00+00:00,Esiliiga A,Viimsi,Tartu Welco,Team Total Goals,Over 0.5,1.19,,,LOST,
2026-04-23T16:00:00+00:00,Super Liga,Napredak,IMT Novi Beograd,Over/Under Goals,Over 1.5,1.28,,,LOST,
2026-04-23T16:00:00+00:00,Superligaen,FC Nordsjaelland,Aarhus,Team Total Goals,Under 2.5,1.23,,,WON,
2026-04-23T16:00:00+00:00,Superligaen,Randers FC,FC Fredericia,Team Total Goals,Under 2.5,1.4,,,WON,
2026-04-23T16:10:00+00:00,Pro League,Al Najma,Al Taawon,Over/Under Goals,Over 1.5,1.22,,,WON,
2026-04-23T16:30:00+00:00,Cup,Bravo,Aluminij,Team Total Goals,Under 2.5,1.3,,,WON,
2026-04-23T16:45:00+00:00,Eredivisie,GO Ahead Eagles,AZ Alkmaar,Asian Handicap,Home +1.25,1.3,,,WON,
2026-04-23T16:45:00+00:00,Premier League,Akhmat,Baltika,Over/Under Goals,Under 3.5,1.16,,,WON,
2026-04-23T16:45:00+00:00,Premier League,Spartak Moscow,FC Krasnodar,Over/Under Goals,Under 3.5,1.3,,,WON,
2026-04-23T16:45:00+00:00,Pro League,Al Bataeh,Al Ain,Over/Under Goals,Over 1.5,1.18,,,WON,
2026-04-23T17:00:00+00:00,Allsvenskan,Degerfors IF,AIK Stockholm,Over/Under Goals,Under 3.5,1.3,,,WON,
2026-04-23T17:00:00+00:00,Allsvenskan,Gais,Mjallby AIF,Team Total Goals,Under 2.5,1.15,,,WON,
2026-04-23T17:00:00+00:00,Allsvenskan,Kalmar FF,IFK Goteborg,Team Total Goals,Under 2.5,1.15,,,WON,
2026-04-23T17:00:00+00:00,Allsvenskan,Malmo FF,Sirius,Team Total Goals,Under 2.5,1.2,,,WON,
2026-04-23T17:00:00+00:00,Cup,Vllaznia Shkodër,Dinamo Tirana,Over/Under Goals,Under 3.5,1.23,,,WON,
2026-04-23T17:00:00+00:00,La Liga,Levante,Sevilla,Asian Handicap,Home +1.25,1.15,,,WON,
2026-04-23T17:00:00+00:00,Úrvalsdeild,Thor Akureyri,Fram Reykjavik,Over/Under Goals,Over 1.5,1.15,,,LOST,
2026-04-23T17:45:00+00:00,Cup,Beşiktaş,Alanyaspor,Over/Under Goals,Under 3.5,1.5,,,WON,
2026-04-23T18:00:00+00:00,La Liga,Rayo Vallecano,Espanyol,Team Total Goals,Under 2.5,1.16,,,WON,
2026-04-23T18:00:00+00:00,Premier League,Ghazl El Mehalla,Petrojet,Double Chance,Home/Draw,1.44,,,WON,
2026-04-23T18:00:00+00:00,Premier League,Zamalek SC,Pyramids FC,Over/Under Goals,Under 3.5,1.2,,,WON,
2026-04-23T18:00:00+00:00,Primeira Liga,Casa Pia,SC Braga,Over/Under Goals,Under 3.5,1.31,,,WON,
2026-04-23T18:00:00+00:00,Pro League,Damac,Al Okhdood,Team Total Goals,Under 2.5,1.25,,,WON,
2026-04-23T18:00:00+00:00,Super Liga,FK Spartak Zdrepceva KRV,TSC Backa Topola,Over/Under Goals,Under 3.5,1.23,,,LOST,
2026-04-23T18:00:00+00:00,Super Liga,Mladost Lucani,Radnicki 1923,Over/Under Goals,Under 3.5,1.25,,,WON,
2026-04-23T18:00:00+00:00,Superligaen,Sonderjyske,FC Midtjylland,Over/Under Goals,Under 3.5,1.62,,,WON,
2026-04-23T18:30:00+00:00,Jupiler Pro League,Lommel United,Liège,Team Total Goals,Under 2.5,1.35,,,LOST,
2026-04-23T18:30:00+00:00,Jupiler Pro League,Patro Eisden,Beerschot VA,Over/Under Goals,Over 1.5,1.28,,,WON,
2026-04-23T18:30:00+00:00,Jupiler Pro League,St. Truiden,Anderlecht,Over/Under Goals,Over 1.5,1.2,,,WON,
2026-04-23T19:00:00+00:00,Eredivisie,PSV Eindhoven,PEC Zwolle,Team Total Goals,Over 1.5,1.17,,,WON,
2026-04-23T19:00:00+00:00,League Two,Salford City,Bromley,Team Total Goals,Under 2.5,1.18,,,WON,
2026-04-23T19:00:00+00:00,Primera División,San Antonio Bulo Bulo,Real Oruro,Asian Handicap,Home +0,1.21,,,WON,
2026-04-23T19:15:00+00:00,Úrvalsdeild,FH hafnarfjordur,Valur Reykjavik,Team Total Goals,Under 2.5,1.25,,,WON,
2026-04-23T19:15:00+00:00,Úrvalsdeild,Vikingur Reykjavik,Stjarnan,Double Chance,Home/Draw,1.15,,,WON,
2026-04-23T19:30:00+00:00,La Liga,Oviedo,Villarreal,Team Total Goals,Under 2.5,1.22,,,WON,
2026-04-23T19:45:00+00:00,Taça de Portugal,Torreense,Fafe,Over/Under Goals,Under 3.5,1.3,,,WON,
2026-04-23T20:00:00+00:00,Brasileiro U20 A,Vitória U20,RB Bragantino U20,Asian Handicap,Home +1.25,1.17,,,LOST,
2026-04-23T20:00:00+00:00,Primera Division,Club Deportivo Los Chankas,Cienciano,Over/Under Goals,Over 1.5,1.3,,,LOST,
2026-04-23T22:00:00+00:00,Copa Do Brasil,Atletico-MG,Ceara,Team Total Goals,Under 2.5,1.42,,,WON,
2026-04-23T22:00:00+00:00,Liga Premier Serie A,Inter Playa del Carmen,Real Apodaca,Over/Under Goals,Under 3.5,1.2,,,WON,
2026-04-23T22:00:00+00:00,Paulista - A2,Ituano,Ferroviária,Over/Under Goals,Under 3.5,1.19,,,WON,
2026-04-23T22:30:00+00:00,Copa Do Brasil,Palmeiras,Jacuipense,Over/Under Goals,Under 3.5,1.8,,,WON,
2026-04-23T23:00:00+00:00,Liga de Expansión MX,Atlante FC,Tepatitlán,Team Total Goals,Under 2.5,1.36,,,WON,
2026-04-23T23:00:00+00:00,Primera A,Deportivo Pasto,Santa Fe,Team Total Goals,Under 2.5,1.15,,,WON,
2026-04-23T23:00:00+00:00,Primera Division,Defensa Y Justicia,Boca Juniors,Over/Under Goals,Under 3.5,1.18,,,LOST,
2026-04-24T00:00:00+00:00,Liga Pro,Universidad Catolica,Macara,Team Total Goals,Over 0.5,1.17,,,WON,
2026-04-24T00:00:00+00:00,Primera Division,Palestino,Concepción,Team Total Goals,Under 2.5,1.25,,,WON,
2026-04-24T00:00:00+00:00,Primera División,Real Tomayapo,The Strongest,Team Total Goals,Under 2.5,1.17,,,WON,
2026-04-24T00:30:00+00:00,Copa Do Brasil,Atletico Paranaense,Atletico Goianiense,Team Total Goals,Over 0.5,1.15,,,LOST,
2026-04-24T00:30:00+00:00,Copa Do Brasil,Operario-PR,Fluminense,Team Total Goals,Under 2.5,1.2,,,WON,
2026-04-24T00:30:00+00:00,Division di Honor,Dakota,La Fama,Team Total Goals,Under 2.5,2.06,,,WON,
2026-04-24T01:00:00+00:00,Liga de Expansión MX,Tapatío,Cancún,Team Total Goals,Over 0.5,1.2,,,WON,
2026-04-24T01:00:00+00:00,Primera A,Millonarios,Deportes Tolima,Team Total Goals,Under 2.5,1.18,,,WON,
2026-04-24T01:30:00+00:00,Liga Nacional,Olancho,CD Motagua,Team Total Goals,Over 0.5,1.22,,,LOST,
2026-04-24T08:00:00+00:00,Youth Championship,Ural U20,Akademiya Konoplev U20,Team Total Goals,Over 0.5,1.2,,,WON,
2026-04-24T09:30:00+00:00,New South Wales NPL,Sydney FC U23,Sutherland Sharks,Over/Under Goals,Over 1.5,1.17,,,LOST,
2026-04-24T09:30:00+00:00,Queensland NPL,Olympic,Magic United,Asian Handicap,Home +0,1.19,,,WON,
2026-04-24T09:35:00+00:00,A-League,Macarthur,Wellington Phoenix,Team Total Goals,Under 2.5,1.17,,,WON,
2026-04-24T10:00:00+00:00,J. League Div.1,FC Tokyo,Mito Hollyhock,Double Chance,Home/Draw,1.17,,,WON,
2026-04-24T10:00:00+00:00,J. League Div.1,Kashiwa Reysol,Kashima,Team Total Goals,Under 2.5,1.15,,,WON,
2026-04-24T10:00:00+00:00,New South Wales NPL 2,Hurstville FC,Bankstown City Lions,Over/Under Goals,Over 1.5,1.16,,,WON,
2026-04-24T10:00:00+00:00,Northern NSW NPL,Broadmeadow Magic,Maitland,Team Total Goals,Over 0.5,1.21,,,WON,
2026-04-24T10:00:00+00:00,Northern NSW NPL,Lambton Jaffas,Cooks Hill United,Team Total Goals,Over 0.5,1.36,,,WON,
2026-04-24T10:00:00+00:00,Youth Championship,Dinamo Moskva U19,Fakel U19,Team Total Goals,Over 0.5,1.39,,,LOST,
2026-04-24T10:00:00+00:00,Youth Championship,Nizhny Novgorod U19,CSKA Moskva U19,Over/Under Goals,Over 2.5,1.4,,,WON,
2026-04-24T10:30:00+00:00,Queensland Premier League,Brisbane Strikers,St George Willawong,Asian Handicap,Home +0,1.17,,,WON,
2026-04-24T10:30:00+00:00,Queensland Premier League,Capalaba,North Star,Asian Handicap,Home +1.25,1.22,,,WON,
2026-04-24T10:30:00+00:00,Victoria Premier League 2,Moreland City,Bayside Argonauts,Double Chance,Draw/Away,1.22,,,WON,
2026-04-24T11:00:00+00:00,League Two,Shandong Taishan II,Qingdao Red Lions,Team Total Goals,Over 0.5,1.17,,,WON,
2026-04-24T11:30:00+00:00,League Two,Langfang Glory City,Guangzhou Dandelion,Double Chance,Draw/Away,1.25,,,WON,
2026-04-24T11:30:00+00:00,Premier League,Tampines Rovers,Young Lions,Over/Under Goals,Under 3.5,2.2,,,LOST,
2026-04-24T11:35:00+00:00,League Two,Chengdu Rongcheng II,Shangyu Pterosaur,Team Total Goals,Over 0.5,1.19,,,LOST,
2026-04-24T12:00:00+00:00,2. Lig,Karacabey Belediyespor,Bucaspor 1928,Asian Handicap,Home +0.25,1.2,,,LOST,
2026-04-24T12:00:00+00:00,Liga 1,Persib Bandung,Arema FC,Over/Under Goals,Over 1.5,1.2,,,LOST,
2026-04-24T12:00:00+00:00,Thai League 1,Sukhothai FC,Ratchaburi,Over/Under Goals,Over 1.5,1.21,,,WON,
2026-04-24T12:00:00+00:00,Youth Championship,Rubin Kazan U20,Zenit U19,1X2 / Match Winner,Away,1.18,,,WON,
2026-04-24T12:30:00+00:00,Premier League,Kolos Kovalivka,SK Poltava,Over/Under Goals,Under 3.5,1.38,,,WON,
2026-04-24T13:00:00+00:00,1. Division,Khan Tengri,Jaiyq,Over/Under Goals,Over 1.5,1.15,,,LOST,
2026-04-24T13:00:00+00:00,Super League,Kelantan United,Selangor,Over/Under Goals,Under 3.5,1.73,,,LOST,
2026-04-24T14:00:00+00:00,Premier League,National Bank of Egypt,Masr,Over/Under Goals,Over 1.5,1.42,,,WON,
2026-04-24T14:00:00+00:00,Premier League,Pharco,El Gouna FC,Asian Handicap,Home +1.25,1.15,,,WON,
2026-04-24T14:00:00+00:00,Pro League,Al-Dhafra,Ajman,Over/Under Goals,Under 3.5,1.36,,,WON,
2026-04-24T14:00:00+00:00,Pro League,Al-Wasl FC,Dibba Al-Fujairah,1X2 / Match Winner,Home,1.23,,,WON,
2026-04-24T14:00:00+00:00,Youth Championship,Spartak Moskva U19,Rostov U19,Team Total Goals,Over 0.5,1.24,,,LOST,
2026-04-24T14:30:00+00:00,Liga I,AFC Hermannstadt,Csikszereda,Team Total Goals,Over 0.5,1.17,,,LOST,
2026-04-24T15:00:00+00:00,Esiliiga B,Legion,JK Tabasalu,Over/Under Goals,Under 3.5,1.97,,,LOST,
2026-04-24T15:00:00+00:00,Veikkausliiga,Turku PS,Gnistan,Asian Handicap,Home +1.25,1.15,,,WON,
2026-04-24T15:00:00+00:00,Veikkausliiga,VPS,Ilves,Team Total Goals,Under 2.5,1.25,,,WON,
2026-04-24T15:30:00+00:00,Ykkönen,KuPS Akatemia,TPV,Team Total Goals,Under 2.5,1.36,,,WON,
2026-04-24T15:30:00+00:00,Ykkönen,SalPa,Inter Turku II,Team Total Goals,Over 0.5,1.3,,,WON,
2026-04-24T15:30:00+00:00,Ykkönen,Tampere United,VJS,Asian Handicap,Home +1.25,1.17,,,LOST,
2026-04-24T15:45:00+00:00,Pro League,Al-Fateh,Al Khaleej Saihat,Team Total Goals,Under 2.5,1.22,,,WON,
2026-04-24T16:00:00+00:00,2. Division - Group 2,Grorud,Skeid,Over/Under Goals,Over 1.5,1.2,,,LOST,
2026-04-24T16:00:00+00:00,Ekstraklasa,Zaglebie Lubin,Nieciecza,Team Total Goals,Under 2.5,1.25,,,WON,
2026-04-24T16:00:00+00:00,Erste Liga,Austria Klagenfurt,Austria Lustenau,Team Total Goals,Over 0.5,1.18,,,LOST,
2026-04-24T16:00:00+00:00,Erste Liga,SKU Amstetten,First Vienna,Team Total Goals,Under 2.5,1.15,,,WON,
2026-04-24T16:00:00+00:00,Erste Liga,Schwarz-Weiß Bregenz,WSPG Wels,Over/Under Goals,Over 1.5,1.22,,,WON,
2026-04-24T16:00:00+00:00,Esiliiga A,Nõmme United II,Nõmme Kalju II,Double Chance,Home/Draw,1.2,,,LOST,
2026-04-24T16:00:00+00:00,Esiliiga B,Johvi Phoenix,Levadia U19,Over/Under Goals,Over 2.5,1.25,,,WON,
2026-04-24T16:00:00+00:00,Esiliiga B,Tartu Kalev,Tallinna Kalev II,1X2 / Match Winner,Home,1.34,,,LOST,
2026-04-24T16:00:00+00:00,FNL,Vlašim,Prostějov,Over/Under Goals,Under 3.5,1.36,,,WON,
2026-04-24T16:00:00+00:00,FNL,Ústí nad Labem,Viktoria Žižkov,Team Total Goals,Over 0.5,1.17,,,WON,
2026-04-24T16:00:00+00:00,I Liga,Znicz Pruszków,Górnik Łęczna,Team Total Goals,Under 2.5,1.2,,,WON,
2026-04-24T16:00:00+00:00,Veikkausliiga,SJK,FF Jaro,Team Total Goals,Under 2.5,1.42,,,WON,
2026-04-24T16:00:00+00:00,Ykkösliiga,Klubi-04,MP,Over/Under Goals,Under 3.5,1.65,,,WON,
2026-04-24T16:00:00+00:00,Ykkösliiga,PK-35,Kooteepee,Asian Handicap,Home +1.25,1.17,,,WON,
2026-04-24T16:10:00+00:00,Pro League,Al-Hazm,Al Riyadh,Asian Handicap,Home +1.25,1.2,,,WON,
2026-04-24T16:30:00+00:00,Bundesliga 2,1. FC Kaiserslautern,Eintracht Braunschweig,Team Total Goals,Over 0.5,1.15,,,LOST,
2026-04-24T16:30:00+00:00,Bundesliga 2,Fortuna Düsseldorf,Dynamo Dresden,Over/Under Goals,Over 1.5,1.22,,,WON,
2026-04-24T16:30:00+00:00,First League,Spartak Varna,Beroe,Over/Under Goals,Under 3.5,1.16,,,WON,
2026-04-24T16:30:00+00:00,Frauen Bundesliga,Nürnberg,Hamburger SV W,Over/Under Goals,Over 1.5,1.22,,,LOST,
2026-04-24T16:30:00+00:00,Kakkonen - Lohko B,NJS,GrIFK,Team Total Goals,Over 0.5,1.25,,,LOST,
2026-04-24T16:30:00+00:00,Première Division,Réal Bamako,Bakaridjan,Over/Under Goals,Under 3.5,1.15,,,WON,
2026-04-24T16:45:00+00:00,Pro League,Al Nasr,Al-Jazira,Over/Under Goals,Over 1.5,1.25,,,WON,
2026-04-24T17:00:00+00:00,1. Division,Lyngby,Esbjerg,Asian Handicap,Home +0,1.26,,,WON,
2026-04-24T17:00:00+00:00,3. Division - Girone 2,Rosenborg II,Aalesund II,Double Chance,Home/Draw,1.22,,,WON,
2026-04-24T17:00:00+00:00,3. Liga,Alemannia Aachen,MSV Duisburg,Over/Under Goals,Over 1.5,1.25,,,WON,
2026-04-24T17:00:00+00:00,Division 2 - Västra Götaland,Landvetter IS,Hestrafor,Double Chance,Draw/Away,2.25,,,LOST,
2026-04-24T17:00:00+00:00,Ettan - Södra,Trollhättan,Skövde AIK,Over/Under Goals,Over 2.5,1.49,,,LOST,
2026-04-24T17:00:00+00:00,Premier League,El Geish,Kahraba Ismailia,Over/Under Goals,Under 3.5,1.16,,,WON,
2026-04-24T17:00:00+00:00,Premier League,Ismaily SC,Future FC,Over/Under Goals,Under 2.5,1.26,,,WON,
2026-04-24T17:00:00+00:00,Serie B,Monza,Modena,Team Total Goals,Over 0.5,1.17,,,WON,
2026-04-24T17:00:00+00:00,Super Lig,Başakşehir,Kasımpaşa,Team Total Goals,Under 2.5,1.38,,,LOST,
2026-04-24T17:00:00+00:00,Superettan,Ljungskile SK,Helsingborg,Asian Handicap,Home +1.25,1.15,,,WON,
2026-04-24T17:30:00+00:00,Ettan - Norra,Enköping,Arlanda,Double Chance,Home/Draw,1.45,,,LOST,
2026-04-24T17:30:00+00:00,Liga I,FCSB,Petrolul Ploiesti,Over/Under Goals,Under 3.5,1.33,,,LOST,
2026-04-24T17:30:00+00:00,National 1,Caen,Villefranche,Team Total Goals,Under 2.5,1.23,,,LOST,
2026-04-24T17:30:00+00:00,National 1,Chateauroux,Fleury 91,Over/Under Goals,Over 1.5,1.26,,,WON,
2026-04-24T17:30:00+00:00,National 1,Le Puy Foot,Versailles,Over/Under Goals,Under 3.5,1.28,,,LOST,
2026-04-24T17:30:00+00:00,National 1,Orleans,Quevilly,Team Total Goals,Under 2.5,1.25,,,WON,
2026-04-24T17:30:00+00:00,National 1,Rouen,Aubagne,Team Total Goals,Under 2.5,1.33,,,LOST,
2026-04-24T17:30:00+00:00,National 1,Sochaux,Bourg-en-bresse 01,Team Total Goals,Under 2.5,1.33,,,WON,
2026-04-24T17:30:00+00:00,National 1,Stade Briochin,Concarneau,Asian Handicap,Home +1.25,1.23,,,WON,
2026-04-24T17:30:00+00:00,National 1,Valenciennes,Dijon,Over/Under Goals,Under 3.5,1.26,,,WON,
2026-04-24T17:30:00+00:00,Premier Soccer League,Durban City,Orbit College,Double Chance,Home/Draw,1.15,,,WON,
2026-04-24T17:30:00+00:00,Premier Soccer League,Golden Arrows,Siwelele,Over/Under Goals,Under 3.5,1.15,,,WON,
2026-04-24T17:30:00+00:00,Tipp3 Bundesliga,FC BW Linz,SCR Altach,Team Total Goals,Over 0.5,1.3,,,WON,
2026-04-24T18:00:00+00:00,Eerste Divisie,Cambuur,Vitesse,Over/Under Goals,Over 1.5,1.15,,,WON,
2026-04-24T18:00:00+00:00,Eerste Divisie,Den Bosch,ADO Den Haag,Double Chance,Draw/Away,1.21,,,WON,
2026-04-24T18:00:00+00:00,Eerste Divisie,Dordrecht,Willem II,Team Total Goals,Under 2.5,1.2,,,WON,
2026-04-24T18:00:00+00:00,Eerste Divisie,Emmen,De Graafschap,Team Total Goals,Under 2.5,1.22,,,WON,
2026-04-24T18:00:00+00:00,Eerste Divisie,FC Eindhoven,Helmond Sport,Team Total Goals,Under 2.5,1.3,,,WON,
2026-04-24T18:00:00+00:00,Eerste Divisie,Jong AZ,Roda,Team Total Goals,Under 2.5,1.22,,,WON,
2026-04-24T18:00:00+00:00,Eerste Divisie,Jong Ajax,Jong Utrecht,Team Total Goals,Under 2.5,1.25,,,WON,
2026-04-24T18:00:00+00:00,Eerste Divisie,MVV,FC OSS,Team Total Goals,Under 2.5,1.18,,,WON,
2026-04-24T18:00:00+00:00,Eerste Divisie,VVV Venlo,Almere City FC,Team Total Goals,Over 0.5,1.17,,,WON,
2026-04-24T18:00:00+00:00,Eerste Divisie,Waalwijk,Jong PSV U21,Double Chance,Home/Draw,1.17,,,WON,
2026-04-24T18:00:00+00:00,Ligue 2,Amiens,Montpellier,Over/Under Goals,Under 3.5,1.4,,,WON,
2026-04-24T18:00:00+00:00,Ligue 2,Annecy,PAU,Team Total Goals,Under 2.5,1.2,,,LOST,
2026-04-24T18:00:00+00:00,Ligue 2,Clermont Foot,Bastia,Over/Under Goals,Over 1.5,1.38,,,WON,
2026-04-24T18:00:00+00:00,Ligue 2,Laval,Rodez,Over/Under Goals,Over 1.5,1.28,,,LOST,
2026-04-24T18:00:00+00:00,Ligue 2,RED Star FC 93,Guingamp,Team Total Goals,Over 0.5,1.18,,,WON,
2026-04-24T18:00:00+00:00,NB I,Kazincbarcikai,MTK Budapest,Over/Under Goals,Over 1.5,1.2,,,LOST,
2026-04-24T18:00:00+00:00,National 2 - Group B,Chambly Thelle FC,Dieppe,Over/Under Goals,Over 1.5,1.34,,,WON,
2026-04-24T18:30:00+00:00,Bundesliga 1,RB Leipzig,Union Berlin,Over/Under Goals,Under 3.5,1.57,,,LOST,
2026-04-24T18:30:00+00:00,Ekstraklasa,Jagiellonia,Gornik Zabrze,Team Total Goals,Under 2.5,1.17,,,WON,
2026-04-24T18:30:00+00:00,Erste Liga,Floridsdorfer AC,SKN ST. Polten,Team Total Goals,Under 2.5,1.16,,,WON,
2026-04-24T18:30:00+00:00,I Liga,Wisla Krakow,Puszcza Niepołomice,Over/Under Goals,Over 1.5,1.25,,,WON,
2026-04-24T18:30:00+00:00,Segunda Division,Albacete,Eibar,Asian Handicap,Home +1.25,1.19,,,LOST,
2026-04-24T18:45:00+00:00,Championship,H&W Welders,Annagh United,Team Total Goals,Under 2.5,1.17,,,WON,
2026-04-24T18:45:00+00:00,Championship,Newington Youth,Loughgall,Asian Handicap,Home +1.25,1.19,,,WON,
2026-04-24T18:45:00+00:00,First Division,Bray Wanderers,Cork City,Over/Under Goals,Over 1.5,1.25,,,WON,
2026-04-24T18:45:00+00:00,First Division,Finn Harps,Athlone Town,Over/Under Goals,Under 3.5,1.3,,,WON,
2026-04-24T18:45:00+00:00,First Division,Treaty United,UCD,Over/Under Goals,Under 3.5,1.22,,,WON,
2026-04-24T18:45:00+00:00,First Division,Wexford,Cobh Ramblers,Over/Under Goals,Under 3.5,1.33,,,WON,
2026-04-24T18:45:00+00:00,Jupiler Pro League,Cercle Brugge,Dender,Asian Handicap,Home +0,1.21,,,WON,
2026-04-24T18:45:00+00:00,Ligue 1,Stade Brestois 29,Lens,Over/Under Goals,Over 1.5,1.22,,,WON,
2026-04-24T18:45:00+00:00,Premier Division,Shelbourne,Drogheda United,Team Total Goals,Under 2.5,1.2,,,LOST,
2026-04-24T18:45:00+00:00,Premier Division,St Patrick's Athl.,Bohemians,Over/Under Goals,Under 3.5,1.2,,,LOST,
2026-04-24T18:45:00+00:00,Premier Division,Waterford,Galway United,Over/Under Goals,Over 1.5,1.3,,,WON,
2026-04-24T18:45:00+00:00,Serie A,Napoli,Cremonese,Team Total Goals,Under 2.5,1.44,,,LOST,
2026-04-24T19:00:00+00:00,Championship,Leicester,Millwall,Over/Under Goals,Under 3.5,1.34,,,WON,
2026-04-24T19:00:00+00:00,La Liga,Real Betis,Real Madrid,Asian Handicap,Home +1.25,1.4,,,WON,
2026-04-24T19:00:00+00:00,Premier Division,Derry City,Shamrock Rovers,Over/Under Goals,Under 3.5,1.22,,,WON,
2026-04-24T19:00:00+00:00,Premier League,Sunderland,Nottingham Forest,Over/Under Goals,Under 3.5,1.28,,,LOST,
2026-04-24T19:00:00+00:00,Serie B,Avellino,Bari,Team Total Goals,Over 0.5,1.22,,,WON,
2026-04-24T19:15:00+00:00,Primeira Liga,Alverca,Arouca,Team Total Goals,Under 2.5,1.15,,,WON,
2026-04-24T20:00:00+00:00,Coupe Nationale,CS Constantine,CR Belouizdad,Double Chance,Draw/Away,1.3,,,WON,
2026-04-24T20:00:00+00:00,Division Intermedia,12 de Junio VH,Encarnación,Team Total Goals,Over 0.5,1.24,,,WON,
2026-04-24T20:00:00+00:00,Primera Division,Deportivo Riestra,Independiente,Double Chance,Draw/Away,1.25,,,LOST,
2026-04-24T20:45:00+00:00,Division Profesional - Apertura,Nacional Asuncion,Deportivo Recoleta,Team Total Goals,Under 2.5,1.2,,,WON,
2026-04-24T21:00:00+00:00,Primera A,Cucuta,Junior,Over/Under Goals,Under 3.5,1.3,,,WON,
2026-04-24T21:30:00+00:00,NWSL Women,Racing Louisville W,Orlando Pride W,Asian Handicap,Home +1.25,1.21,,,WON,
2026-04-24T22:00:00+00:00,Primera Division,Union La Calera,Coquimbo Unido,Asian Handicap,Home +1.25,1.21,,,WON,
2026-04-24T22:15:00+00:00,Primera Division,Estudiantes de Rio Cuarto,Rosario Central,Asian Handicap,Home +1.25,1.35,,,WON,
2026-04-24T22:15:00+00:00,Primera Division,Lanus,Central Cordoba de Santiago,Team Total Goals,Over 0.5,1.2,,,LOST,
2026-04-24T22:30:00+00:00,Division Intermedia,SOL DE America,Paraguari AC,Over/Under Goals,Under 3.5,1.2,,,WON,
2026-04-24T22:30:00+00:00,Primera División - Apertura,Atletico Torque,Boston River,Team Total Goals,Under 2.5,1.22,,,LOST,
2026-04-24T23:00:00+00:00,Canadian Premier League,Supra du Quebec,HFX Wanderers FC,Asian Handicap,Home +1.25,1.23,,,WON,
2026-04-24T23:00:00+00:00,Division Profesional - Apertura,Cerro Porteno,Sportivo Ameliano,Over/Under Goals,Under 3.5,1.22,,,WON,
2026-04-24T23:00:00+00:00,Liga MX Femenil,León W,Atlético San Luis W,Team Total Goals,Over 0.5,1.3,,,WON,
2026-04-24T23:00:00+00:00,MLS Next Pro,Toronto II,New York City II,Over/Under Goals,Under 3.5,1.42,,,WON,
2026-04-24T23:00:00+00:00,Serie B,Ponte Preta,America Mineiro,Over/Under Goals,Under 3.5,1.25,,,WON,
2026-04-25T00:00:00+00:00,Brasileiro Women,Corinthians W,Ferroviaria W,Over/Under Goals,Over 1.5,1.25,,,WON,
2026-04-25T00:00:00+00:00,Liga Pro Serie B,Santo Domingo,San Antonio,Over/Under Goals,Over 1.5,1.44,,,WON,
2026-04-25T00:00:00+00:00,NWSL Women,Washington Spirit W,Kansas City W,Over/Under Goals,Under 3.5,1.33,,,LOST,
2026-04-25T00:00:00+00:00,Primera División,Independiente Petrolero,Universitario de Vinto,Team Total Goals,Under 2.5,1.4,,,WON,
2026-04-25T00:30:00+00:00,Primera Division,A. Italiano,Deportes Limache,Team Total Goals,Under 2.5,1.19,,,WON,
2026-04-25T00:30:00+00:00,Primera Division,Platense,San Lorenzo,Double Chance,Draw/Away,1.62,,,WON,
2026-04-25T00:30:00+00:00,Primera Division,Racing Club,Barracas Central,Team Total Goals,Under 2.5,1.25,,,WON,
2026-04-25T01:00:00+00:00,Liga MX Femenil,América W,Pachuca W,Double Chance,Home/Draw,1.25,,,WON,
2026-04-25T01:00:00+00:00,Liga de Ascenso,Escorpiones Belén,Santa Cruz FC,Over/Under Goals,Over 2.5,1.53,,,WON,
2026-04-25T01:06:00+00:00,Liga MX Femenil,Guadalajara W,Toluca W,Double Chance,Home/Draw,1.35,,,WON,
2026-04-25T01:15:00+00:00,Primera B,Quindio,Envigado,Over/Under Goals,Over 1.5,1.44,,,WON,
2026-04-25T03:00:00+00:00,Liga MX Femenil,Tijuana W,Mazatlán W,Over/Under Goals,Under 3.5,1.8,,,WON,
2026-04-25T03:00:00+00:00,Liga MX,Puebla,Club Queretaro,Over/Under Goals,Under 3.5,1.38,,,WON,
2026-04-25T03:06:00+00:00,Liga MX Femenil,Monterrey W,Tigres UANL W,Asian Handicap,Home +1.25,1.24,,,LOST,
2026-04-25T03:10:00+00:00,Liga MX Femenil,Atlas W,Juárez W,Over/Under Goals,Over 1.5,1.2,,,WON,
2026-04-25T04:00:00+00:00,J2 League,Jubilo Iwata,FC Gifu,Over/Under Goals,Under 3.5,1.25,,,WON,
2026-04-25T04:00:00+00:00,Northern NSW NPL,Hamilton Olympic,Edgeworth Eagles,Double Chance,Draw/Away,1.25,,,WON,
2026-04-25T05:00:00+00:00,J. League Div.1,Fagiano Okayama,Avispa Fukuoka,Over/Under Goals,Under 3.5,1.22,,,WON,
2026-04-25T05:00:00+00:00,J. League Div.1,Shimizu S-pulse,Nagoya Grampus,Over/Under Goals,Over 1.5,1.33,,,WON,
2026-04-25T05:00:00+00:00,J. League Div.1,Urawa,Yokohama F. Marinos,Team Total Goals,Under 2.5,1.22,,,WON,
2026-04-25T05:00:00+00:00,J2 League,Albirex Niigata,Osaka,Over/Under Goals,Under 3.5,1.2,,,WON,
2026-04-25T05:00:00+00:00,J2 League,Consadole Sapporo,Iwaki,Over/Under Goals,Under 3.5,1.28,,,WON,
2026-04-25T05:00:00+00:00,J2 League,Fukushima United,Ventforet Kofu,Team Total Goals,Under 2.5,1.28,,,WON,
2026-04-25T05:00:00+00:00,J2 League,Imabari,Kataller Toyama,Over/Under Goals,Under 3.5,1.25,,,WON,
2026-04-25T05:00:00+00:00,J2 League,Kanazawa,Nara Club,Team Total Goals,Under 2.5,1.22,,,WON,
2026-04-25T05:00:00+00:00,J2 League,Thespakusatsu Gunma,Yokohama FC,Over/Under Goals,Over 1.5,1.28,,,WON,
2026-04-25T05:00:00+00:00,J2 League,Tochigi City,Tochigi SC,Over/Under Goals,Over 1.5,1.3,,,WON,
2026-04-25T05:00:00+00:00,J2 League,Vegalta Sendai,Montedio Yamagata,Over/Under Goals,Over 1.5,1.25,,,LOST,
2026-04-25T05:00:00+00:00,K League 2,Paju Citizen,Gyeongnam FC,Over/Under Goals,Under 3.5,1.2,,,LOST,
2026-04-25T05:00:00+00:00,K League 2,Suwon Bluewings,Busan I Park,Team Total Goals,Under 2.5,1.19,,,LOST,
2026-04-25T05:00:00+00:00,K-League Classic,Gangwon FC,FC Seoul,Over/Under Goals,Under 3.5,1.22,,,WON,
2026-04-25T05:00:00+00:00,K3 League,Daejeon Korail,Changwon City,Over/Under Goals,Under 3.5,1.25,,,WON,
2026-04-25T05:00:00+00:00,K3 League,Gyeongju HNP,Ulsan Citizen,Team Total Goals,Over 0.5,1.22,,,WON,
2026-04-25T05:00:00+00:00,K3 League,Jeonbuk Motors II,Dangjin Citizen,Over/Under Goals,Under 3.5,1.31,,,WON,
2026-04-25T05:00:00+00:00,Northern NSW NPL,Adamstown Rosebuds,Weston Bears,Double Chance,Draw/Away,1.2,,,WON,
2026-04-25T05:00:00+00:00,Victoria NPL 2,Port Melbourne,Manningham United Blues,Team Total Goals,Under 2.5,1.42,,,WON,
2026-04-25T06:00:00+00:00,J. League Div.1,Kawasaki Frontale,JEF United Chiba,Team Total Goals,Under 2.5,1.33,,,WON,
2026-04-25T06:00:00+00:00,Queensland NPL,Peninsula Power,Lions,Double Chance,Draw/Away,1.35,,,LOST,
2026-04-25T06:30:00+00:00,New South Wales NPL 2,Macarthur Rams,Dulwich Hill,Team Total Goals,Under 2.5,1.33,,,WON,
2026-04-25T07:00:00+00:00,A-League,Newcastle Jets,Central Coast Mariners,Team Total Goals,Under 2.5,1.73,,,LOST,
2026-04-25T07:00:00+00:00,J. League Div.1,Sanfrecce Hiroshima,Cerezo Osaka,Team Total Goals,Under 2.5,1.42,,,WON,
2026-04-25T07:00:00+00:00,League One,Yanbian Longding,Shaanxi Union,Double Chance,Home/Draw,1.28,,,WON,
2026-04-25T07:00:00+00:00,League Two,Xi'an Ronghai,Shanghai Port II,Over/Under Goals,Over 1.5,1.33,,,WON,
2026-04-25T07:00:00+00:00,New South Wales NPL 2,Canterbury Bankstown,Hills Brumbies,Over/Under Goals,Under 3.5,1.44,,,WON,
2026-04-25T07:00:00+00:00,New South Wales NPL 2,Inter Lions,Blacktown Spartans,Over/Under Goals,Over 2.5,1.44,,,WON,
2026-04-25T07:00:00+00:00,New South Wales NPL,Sydney Olympic,UNSW,Over/Under Goals,Under 3.5,1.5,,,WON,
2026-04-25T07:00:00+00:00,Western Australia NPL,Armadale,Stirling Lions,Asian Handicap,Home +1.25,1.5,,,LOST,
2026-04-25T07:00:00+00:00,Western Australia NPL,Olympic Kingsway,Western Knights,Team Total Goals,Under 2.5,1.36,,,WON,
2026-04-25T07:00:00+00:00,Western Australia State League 1,Inglewood United,Gwelup Croatia,Double Chance,Draw/Away,1.5,,,WON,
2026-04-25T07:00:00+00:00,Western Australia State League 1,Kingsley Westside,Cockburn City,Team Total Goals,Under 2.5,1.49,,,LOST,
2026-04-25T07:00:00+00:00,Western Australia State League 1,Murdoch Melville,Subiaco,Asian Handicap,Home +0,1.4,,,WON,
2026-04-25T07:30:00+00:00,K League 2,Ansan Greeners,Jeonnam Dragons,Over/Under Goals,Under 3.5,1.28,,,WON,
2026-04-25T07:30:00+00:00,K League 2,Cheonan City,Seongnam FC,Over/Under Goals,Under 3.5,1.19,,,WON,
2026-04-25T07:30:00+00:00,K-League Classic,Bucheon FC 1995,Gimcheon Sangmu FC,Over/Under Goals,Under 3.5,1.22,,,WON,
2026-04-25T07:30:00+00:00,K-League Classic,Incheon United,Jeju United FC,Over/Under Goals,Over 1.5,1.42,,,LOST,
2026-04-25T07:30:00+00:00,League Two,Jiangxi Liansheng,Hubei Chufeng Heli,Team Total Goals,Over 0.5,1.23,,,LOST,
2026-04-25T07:30:00+00:00,League Two,Tai'an Tiankuang,Rizhao Yuqi,Over/Under Goals,Over 1.5,1.32,,,LOST,
2026-04-25T08:00:00+00:00,League One,Shenzhen Juniors,Dongguan United,Team Total Goals,Over 0.5,1.2,,,LOST,
2026-04-25T08:00:00+00:00,League Two,Shenzhen 2028,Guangdong Mingtu,Team Total Goals,Over 0.5,1.24,,,WON,
2026-04-25T08:00:00+00:00,League Two,Xiamen Feilu,Wuhan Three Towns II,Team Total Goals,Over 0.5,1.22,,,WON,
2026-04-25T08:00:00+00:00,Liga II,CS Afumati,CSM Satu Mare,Over/Under Goals,Over 1.5,1.23,,,WON,
2026-04-25T08:00:00+00:00,Liga II,Chindia Targoviste,FC Voluntari,Over/Under Goals,Under 3.5,1.22,,,WON,
2026-04-25T08:00:00+00:00,Liga II,Concordia,FC Bacau,Over/Under Goals,Over 1.5,1.27,,,WON,
2026-04-25T08:00:00+00:00,Liga II,Dumbrăviţa,CSM Reşiţa,Over/Under Goals,Under 3.5,1.22,,,WON,
2026-04-25T08:00:00+00:00,Liga II,Gloria Bistriţa,Metalul Buzău,Over/Under Goals,Over 1.5,1.25,,,LOST,
2026-04-25T08:00:00+00:00,Liga II,Slatina,ASA Targu Mures,Over/Under Goals,Under 3.5,1.23,,,WON,
2026-04-25T08:00:00+00:00,Liga II,Viitorul Şelimbăr,Tunari,Over/Under Goals,Under 3.5,1.31,,,WON,
2026-04-25T08:00:00+00:00,Queensland NPL,Moreton City Excelsior,Brisbane Roar II,Team Total Goals,Over 1.5,1.25,,,WON,
2026-04-25T08:00:00+00:00,Queensland Premier League,Caboolture,Redlands United,Double Chance,Home/Draw,1.22,,,WON,
2026-04-25T08:00:00+00:00,Victoria NPL 2,Melbourne Srbija,Melbourne Victory II,Double Chance,Draw/Away,1.25,,,LOST,
2026-04-25T08:15:00+00:00,3. liga - CFL A,Motorlet Praha,Jiskra Domažlice,Team Total Goals,Under 2.5,1.25,,,WON,
2026-04-25T08:15:00+00:00,3. liga - CFL A,Písek,Loko Vltavín,Team Total Goals,Under 2.5,1.28,,,WON,
2026-04-25T08:15:00+00:00,4. liga - Divizie A,Benešov,Křimice,Team Total Goals,Over 0.5,1.42,,,LOST,
2026-04-25T08:30:00+00:00,Liga 1,Persepam Madura Utd,Dewa United,Over/Under Goals,Over 1.5,1.2,,,WON,
2026-04-25T08:30:00+00:00,New South Wales NPL 2,Rydalmere Lions,Northern Tigers,Double Chance,Draw/Away,1.28,,,WON,
2026-04-25T09:00:00+00:00,1. Liga U19,Mladá Boleslav U19,Sparta Praha U19,Asian Handicap,Home +1.25,1.25,,,WON,
2026-04-25T09:00:00+00:00,New South Wales NPL 2,Bulls Academy,Hakoah Sydney City,Team Total Goals,Over 0.5,1.22,,,WON,
2026-04-25T09:00:00+00:00,New South Wales NPL 2,Mt Druitt Town,Prospect United,Team Total Goals,Under 2.5,1.19,,,WON,
2026-04-25T09:00:00+00:00,New South Wales NPL,Marconi Stallions,Manly United,Over/Under Goals,Over 1.5,1.2,,,WON,
2026-04-25T09:00:00+00:00,Queensland NPL,Eastern Suburbs,Rochedale Rovers,Team Total Goals,Under 2.5,1.4,,,LOST,
2026-04-25T09:00:00+00:00,Second League A - Fall Season Silver,Dinamo Vladivostok,Tyumen,Team Total Goals,Over 0.5,1.25,,,WON,
2026-04-25T09:00:00+00:00,Western Australia NPL,Balcatta,Perth RedStar,Team Total Goals,Over 0.5,1.4,,,WON,
2026-04-25T09:00:00+00:00,Western Australia NPL,Dianella White Eagle,Perth Glory II,Team Total Goals,Under 2.5,1.2,,,WON,
2026-04-25T09:00:00+00:00,Western Australia State League 1,Mandurah City,Joondalup City,Team Total Goals,Under 2.5,1.29,,,WON,
2026-04-25T09:35:00+00:00,A-League,Western Sydney Wanderers,Melbourne Victory,Over/Under Goals,Over 1.5,1.19,,,WON,
2026-04-25T10:00:00+00:00,Frauen Bundesliga,SGS Essen W,Carl Zeiss Jena  W,Over/Under Goals,Over 1.5,1.22,,,WON,
2026-04-25T10:00:00+00:00,III Liga - Group 3,Zagłębie Lubin II,Ślęza Wrocław,Team Total Goals,Under 2.5,1.39,,,WON,
2026-04-25T10:00:00+00:00,Júniores U19,Chaves U19,Moreirense U19,Over/Under Goals,Over 1.5,1.19,,,LOST,
2026-04-25T10:00:00+00:00,Júniores U19,Santa Clara U19,Famalicão U19,Over/Under Goals,Over 1.5,1.24,,,WON,
2026-04-25T10:00:00+00:00,Liga II,CSA Steaua Bucureşti,Corvinul Hunedoara,Over/Under Goals,Under 3.5,1.34,,,LOST,
2026-04-25T10:00:00+00:00,Segunda Liga,Leixoes,Portimonense,Team Total Goals,Over 0.5,1.22,,,WON,
2026-04-25T10:15:00+00:00,First League,Ludogorets,CSKA 1948,Team Total Goals,Under 2.5,1.4,,,WON,
2026-04-25T10:30:00+00:00,Central Youth League,Arkonia U19,Górnik Zabrze U19,Over/Under Goals,Under 3.5,1.67,,,WON,
2026-04-25T10:30:00+00:00,Serie A Women,Como W,Parma W,Over/Under Goals,Under 3.5,1.22,,,WON,
2026-04-25T10:30:00+00:00,Serie A Women,Juventus W,Roma W,Team Total Goals,Under 2.5,1.25,,,WON,
2026-04-25T10:30:00+00:00,Serie A Women,Lazio W,Sassuolo W,Asian Handicap,Home +0.25,1.19,,,LOST,
2026-04-25T10:30:00+00:00,Serie B,Catanzaro,Spezia,Over/Under Goals,Over 1.5,1.25,,,WON,
2026-04-25T10:30:00+00:00,TFF 1. Lig,Serik Spor,Hatayspor,Team Total Goals,Over 0.5,1.54,,,WON,
2026-04-25T10:30:00+00:00,TFF 1. Lig,Vanspor FK,İstanbulspor,Over/Under Goals,Over 1.5,1.19,,,WON,
2026-04-25T11:00:00+00:00,1. Division,Hvidovre,AC Horsens,Over/Under Goals,Under 3.5,1.22,,,WON,
2026-04-25T11:00:00+00:00,1. Liga U19,České Budějovice U19,Slovácko U19,Over/Under Goals,Under 3.5,1.72,,,LOST,
2026-04-25T11:00:00+00:00,2. Division - Group 2,Stjørdals-Blink,Follo,Double Chance,Home/Draw,1.25,,,LOST,
2026-04-25T11:00:00+00:00,3. Division,Holbæk B&I,Frem,Over/Under Goals,Over 1.5,1.22,,,WON,
2026-04-25T11:00:00+00:00,3. Division,Sundby,Lyseng,Over/Under Goals,Under 3.5,1.42,,,LOST,
2026-04-25T11:00:00+00:00,Bundesliga 2,Hertha BSC,Holstein Kiel,Asian Handicap,Home +0.5,1.27,,,LOST,
2026-04-25T11:00:00+00:00,Bundesliga 2,Karlsruher SC,Hannover 96,Double Chance,Draw/Away,1.25,,,WON,
2026-04-25T11:00:00+00:00,Bundesliga 2,Preußen Münster,Arminia Bielefeld,Team Total Goals,Under 2.5,1.22,,,LOST,
2026-04-25T11:00:00+00:00,C-League,Angkor Tiger,Boeung Ket,Team Total Goals,Over 0.5,1.21,,,WON,
2026-04-25T11:00:00+00:00,C-League,Kompong Dewa,Phnom Penh Crown,Team Total Goals,Under 2.5,1.41,,,WON,
2026-04-25T11:00:00+00:00,C-League,Svay Rieng,NagaWorld,Team Total Goals,Under 2.5,1.69,,,WON,
2026-04-25T11:00:00+00:00,FA WSL,Brighton W,Manchester City W,Over/Under Goals,Under 3.5,1.62,,,LOST,
2026-04-25T11:00:00+00:00,League One,Suzhou Dongwu,Heilongjiang Lava Spring,Double Chance,Home/Draw,1.38,,,LOST,
2026-04-25T11:00:00+00:00,Second League A - Fall Season Silver,Alaniya Vladikavkaz,Urozhay,Over/Under Goals,Over 1.5,1.19,,,WON,
2026-04-25T11:00:00+00:00,Super League,Chengdu Better City,Hangzhou Greentown,Asian Handicap,Home +0,1.23,,,WON,
2026-04-25T11:00:00+00:00,Superettan,Osters IF,Ostersunds FK,Team Total Goals,Over 0.5,1.19,,,WON,
2026-04-25T11:00:00+00:00,Thai League 1,Chiangrai United,Bangkok United,Team Total Goals,Under 2.5,1.25,,,WON,
2026-04-25T11:00:00+00:00,U19 Bundesliga,Bayern München U19,RB Leipzig U19,Double Chance,Home/Draw,1.42,,,WON,
2026-04-25T11:00:00+00:00,U19 Bundesliga,Köln U19,Stuttgart U19,Team Total Goals,Under 2.5,1.19,,,WON,
2026-04-25T11:00:00+00:00,Ykkönen,OLS,PKKU,Team Total Goals,Under 2.5,1.62,,,WON,
2026-04-25T11:30:00+00:00,Championship,Charlton,Hull City,Over/Under Goals,Under 3.5,1.3,,,WON,
2026-04-25T11:30:00+00:00,Championship,Middlesbrough,Watford,Over/Under Goals,Under 3.5,1.53,,,LOST,
2026-04-25T11:30:00+00:00,Championship,West Brom,Ipswich,Over/Under Goals,Under 3.5,1.27,,,WON,
2026-04-25T11:30:00+00:00,League One,Doncaster,Stevenage,Team Total Goals,Over 0.5,1.35,,,WON,
2026-04-25T11:30:00+00:00,League One,Guangxi Hengchen,Nanjing City,Team Total Goals,Over 0.5,1.22,,,WON,
2026-04-25T11:30:00+00:00,League One,Meizhou Kejia,Ningbo Professional,Team Total Goals,Under 2.5,1.22,,,WON,
2026-04-25T11:30:00+00:00,League One,Stockport County,Peterborough,Asian Handicap,Home +0,1.2,,,WON,
2026-04-25T11:30:00+00:00,League Two,Grimsby,Swindon Town,Over/Under Goals,Over 1.5,1.22,,,WON,
2026-04-25T11:30:00+00:00,League Two,Milton Keynes Dons,Tranmere,Team Total Goals,Under 2.5,1.57,,,LOST,
2026-04-25T11:30:00+00:00,League Two,Nantong Haimen Codion,BIT,Over/Under Goals,Over 1.5,1.28,,,WON,
2026-04-25T11:30:00+00:00,Meistriliiga,Laagri,Tammeka,Team Total Goals,Under 2.5,1.21,,,WON,
2026-04-25T11:30:00+00:00,National League - North,Alfreton Town,Curzon Ashton,Over/Under Goals,Over 1.5,1.2,,,WON,
2026-04-25T11:30:00+00:00,National League - North,Bedford Town,Scarborough Athletic,Asian Handicap,Home +1.25,1.2,,,WON,
2026-04-25T11:30:00+00:00,National League - North,Chester,King's Lynn Town,Team Total Goals,Over 0.5,1.2,,,LOST,
2026-04-25T11:30:00+00:00,National League - North,Chorley,Worksop Town,Team Total Goals,Under 2.5,1.2,,,WON,
2026-04-25T11:30:00+00:00,National League - North,Darlington 1883,Oxford City,Team Total Goals,Over 0.5,1.25,,,WON,
2026-04-25T11:30:00+00:00,National League - North,Hereford,Peterborough Sports,Double Chance,Home/Draw,1.3,,,WON,
2026-04-25T11:30:00+00:00,National League - North,Kidderminster Harriers,South Shields,Asian Handicap,Home +1.25,1.24,,,WON,
2026-04-25T11:30:00+00:00,National League - North,Radcliffe,Macclesfield,Team Total Goals,Over 0.5,1.25,,,WON,
2026-04-25T11:30:00+00:00,National League - South,AFC Hornchurch,Maidenhead,Asian Handicap,Home +1.25,1.2,,,WON,
2026-04-25T11:30:00+00:00,National League - South,AFC Totton,Farnborough,Team Total Goals,Over 0.5,1.22,,,WON,
2026-04-25T11:30:00+00:00,National League - South,Bath City,Maidstone Utd,Asian Handicap,Home +1.25,1.8,,,WON,
2026-04-25T11:30:00+00:00,National League - South,Chelmsford City,Eastbourne Borough,Over/Under Goals,Over 2.5,1.4,,,WON,
2026-04-25T11:30:00+00:00,National League - South,Dover,Chesham United,Double Chance,Draw/Away,1.2,,,WON,
2026-04-25T11:30:00+00:00,National League - South,Hampton & Richmond,Enfield Town,Team Total Goals,Under 2.5,1.36,,,WON,
2026-04-25T11:30:00+00:00,National League - South,Hemel Hempstead Town,Salisbury,Over/Under Goals,Over 1.5,1.2,,,WON,
2026-04-25T11:30:00+00:00,National League - South,Horsham,Chippenham Town,Team Total Goals,Under 2.5,1.22,,,LOST,
2026-04-25T11:30:00+00:00,National League - South,Slough Town,Dagenham & Redbridge,Team Total Goals,Over 0.5,1.22,,,WON,
2026-04-25T11:30:00+00:00,National League - South,Tonbridge Angels,Torquay,Team Total Goals,Over 0.5,1.33,,,WON,
2026-04-25T11:30:00+00:00,National League - South,Weston-super-Mare,Dorking Wanderers,Over/Under Goals,Under 3.5,1.5,,,WON,
2026-04-25T11:30:00+00:00,National League - South,Worthing,Ebbsfleet United,Asian Handicap,Home +0,1.42,,,WON,
2026-04-25T11:30:00+00:00,National League,Aldershot Town,Truro City,Team Total Goals,Under 2.5,1.3,,,WON,
2026-04-25T11:30:00+00:00,National League,Altrincham,Gateshead,Team Total Goals,Under 2.5,1.2,,,WON,
2026-04-25T11:30:00+00:00,National League,Boreham Wood,Sutton Utd,Asian Handicap,Home +0,1.2,,,WON,
2026-04-25T11:30:00+00:00,National League,Boston United,Hartlepool,Over/Under Goals,Under 3.5,1.4,,,LOST,
2026-04-25T11:30:00+00:00,National League,Carlisle,Brackley Town,Over/Under Goals,Under 3.5,1.53,,,WON,
2026-04-25T11:30:00+00:00,National League,Forest Green,Morecambe,Team Total Goals,Over 1.5,1.28,,,WON,
2026-04-25T11:30:00+00:00,National League,Rochdale,York,Over/Under Goals,Over 1.5,1.25,,,WON,
2026-04-25T11:30:00+00:00,National League,Scunthorpe,Eastleigh,Team Total Goals,Under 2.5,1.33,,,WON,
2026-04-25T11:30:00+00:00,National League,Southend,Wealdstone,Over/Under Goals,Over 1.5,1.2,,,WON,
2026-04-25T11:30:00+00:00,National League,Tamworth,Braintree,Team Total Goals,Under 2.5,1.4,,,LOST,
2026-04-25T11:30:00+00:00,Premier League,FC Rostov,FC Orenburg,Over/Under Goals,Under 3.5,1.24,,,WON,
2026-04-25T11:30:00+00:00,Premier League,Fulham,Aston Villa,Team Total Goals,Under 2.5,1.19,,,WON,
2026-04-25T11:30:00+00:00,Super Lig,Eyüpspor,Gaziantep FK,Over/Under Goals,Over 1.5,1.25,,,WON,
2026-04-25T11:30:00+00:00,Thai League 1,BG Pathum United,Nakhon Ratchasima FC,Team Total Goals,Under 2.5,1.44,,,WON,
2026-04-25T11:35:00+00:00,Super League,Beijing Guoan,Tianjin Teda,Team Total Goals,Under 2.5,1.53,,,WON,
2026-04-25T11:45:00+00:00,A-League,Perth Glory,Brisbane Roar,Asian Handicap,Home +1.25,1.2,,,WON,
2026-04-25T11:45:00+00:00,First NL,HNK Cibalia,Bsk Bijelo Brdo,Over/Under Goals,Under 3.5,1.22,,,WON,
2026-04-25T12:00:00+00:00,1. Division,Hillerød,Kolding IF,Over/Under Goals,Under 3.5,1.28,,,WON,
2026-04-25T12:00:00+00:00,3. Division,Brønshøj,Hørsholm-Usserød,Over/Under Goals,Under 3.5,1.57,,,LOST,
2026-04-25T12:00:00+00:00,3. Division,Næsby,Vanløse,Over/Under Goals,Under 3.5,1.55,,,WON,
2026-04-25T12:00:00+00:00,3. Liga,Erzgebirge Aue,SV Wehen,Over/Under Goals,Under 3.5,1.42,,,LOST,
2026-04-25T12:00:00+00:00,3. Liga,Hansa Rostock,SSV Jahn Regensburg,Double Chance,Home/Draw,1.21,,,LOST,
2026-04-25T12:00:00+00:00,3. Liga,Hoffenheim II,FC Ingolstadt 04,Team Total Goals,Under 2.5,1.25,,,LOST,
2026-04-25T12:00:00+00:00,3. Liga,TSV 1860 München,SSV Ulm 1846,Team Total Goals,Under 2.5,1.33,,,LOST,
2026-04-25T12:00:00+00:00,3. Liga,VfL Osnabrück,Verl,Over/Under Goals,Under 3.5,1.42,,,WON,
2026-04-25T12:00:00+00:00,Damallsvenskan,Uppsala W,Rosengård W,Team Total Goals,Under 2.5,1.3,,,WON,
2026-04-25T12:00:00+00:00,Frauen Bundesliga,RB Leipzig W,Werder Bremen W,Asian Handicap,Home +1.25,1.25,,,WON,
2026-04-25T12:00:00+00:00,La Liga,Alaves,Mallorca,Over/Under Goals,Over 1.5,1.4,,,WON,
2026-04-25T12:00:00+00:00,Liga 1,Pusamania Borneo,Semen Padang,1X2 / Match Winner,Home,1.42,,,WON,
2026-04-25T12:00:00+00:00,Liga I,FC Botosani,Oţelul,Team Total Goals,Over 0.5,1.25,,,WON,
2026-04-25T12:00:00+00:00,Ligue 2,Grenoble,Le Mans,Over/Under Goals,Over 1.5,1.33,,,WON,
2026-04-25T12:00:00+00:00,Ligue 2,Reims,Nancy,Over/Under Goals,Over 1.5,1.28,,,WON,
2026-04-25T12:00:00+00:00,Premyer Liqa,Imisli FK,Sumqayıt,Over/Under Goals,Under 3.5,1.23,,,WON,
2026-04-25T12:00:00+00:00,Super League,SHANGHAI SIPG,Wuhan Three Towns,Over/Under Goals,Over 1.5,1.19,,,WON,
2026-04-25T12:00:00+00:00,Thai League 1,Uthai Thani,Port FC,Team Total Goals,Under 2.5,1.33,,,WON,
2026-04-25T12:00:00+00:00,Veikkausliiga,Lahti,AC Oulu,Over/Under Goals,Over 1.5,1.28,,,WON,
2026-04-25T12:00:00+00:00,Ykkönen,FC jazz,JJK,Double Chance,Draw/Away,1.3,,,WON,
2026-04-25T12:15:00+00:00,Super League,DPMM FC Brunei,Kuching FA,Over/Under Goals,Under 3.5,1.62,,,LOST,
2026-04-25T12:30:00+00:00,Derde Divisie - Sunday,SteDoCo,Groene Ster,Team Total Goals,Over 0.5,1.24,,,LOST,
2026-04-25T12:30:00+00:00,I Liga,ŁKS Łódź,Stal Rzeszów,Over/Under Goals,Over 1.5,1.2,,,WON,
2026-04-25T12:30:00+00:00,NB I,Kisvarda FC,Diosgyori VTK,Over/Under Goals,Under 3.5,1.36,,,WON,
2026-04-25T12:30:00+00:00,Tweede Divisie,Excelsior Maassluis,Kozakken Boys,Over/Under Goals,Over 1.5,1.22,,,WON,
2026-04-25T12:30:00+00:00,Tweede Divisie,GVVV Veenendaal,Ijsselmeervogels,Team Total Goals,Under 2.5,1.3,,,LOST,
2026-04-25T12:30:00+00:00,Tweede Divisie,HHC,Quick Boys,Over/Under Goals,Over 1.5,1.19,,,WON,
2026-04-25T12:30:00+00:00,Tweede Divisie,Hoek,Almere City II,Double Chance,Home/Draw,1.2,,,WON,
2026-04-25T12:30:00+00:00,Tweede Divisie,Koninklijke HFC,De Treffers,Double Chance,Draw/Away,1.25,,,WON,
2026-04-25T12:30:00+00:00,Tweede Divisie,RKAV Volendam,AFC Amsterdam,Team Total Goals,Under 2.5,1.2,,,LOST,
2026-04-25T12:45:00+00:00,Ekstraklasa,Korona Kielce,GKS Katowice,Team Total Goals,Under 2.5,1.19,,,WON,
2026-04-25T13:00:00+00:00,1. Division,Enosis,Akritas,Over/Under Goals,Over 1.5,1.3,,,WON,
2026-04-25T13:00:00+00:00,1st Division,Black Leopards,Milford FC,Double Chance,Home/Draw,1.3,,,LOST,
2026-04-25T13:00:00+00:00,1st Division,Leicesterfield,Casric Stars,Over/Under Goals,Under 2.5,1.53,,,LOST,
2026-04-25T13:00:00+00:00,1st Division,Lerumo Lions,Highbury,Double Chance,Home/Draw,1.3,,,LOST,
2026-04-25T13:00:00+00:00,1st Division,The Bees,Cape Town City,Over/Under Goals,Under 2.5,1.4,,,WON,
2026-04-25T13:00:00+00:00,1st Division,Upington City,University of Pretoria,Team Total Goals,Over 0.5,1.3,,,WON,
2026-04-25T13:00:00+00:00,3. liga - CFL B,Baník Souš,Slovan Liberec II,Asian Handicap,Home +0,1.23,,,WON,
2026-04-25T13:00:00+00:00,3. liga - CFL B,Slovan Velvary,Velké Hamry,Over/Under Goals,Under 3.5,1.5,,,LOST,
2026-04-25T13:00:00+00:00,Damallsvenskan,Djurgården,Norrköping W,Over/Under Goals,Over 1.5,1.2,,,WON,
2026-04-25T13:00:00+00:00,Damallsvenskan,Kristianstad,Växjö,Over/Under Goals,Over 1.5,1.19,,,LOST,
2026-04-25T13:00:00+00:00,Derde Divisie - Sunday,ASWH,Roosendaal,Asian Handicap,Home +1.25,1.29,,,WON,
2026-04-25T13:00:00+00:00,Division Intermedia,Deportivo Capiata,Resistencia,Team Total Goals,Over 0.5,1.23,,,WON,
2026-04-25T13:00:00+00:00,Division Intermedia,Tacuary,General Caballero,Asian Handicap,Home +1.25,1.19,,,LOST,
2026-04-25T13:00:00+00:00,First League,CSKA Sofia,Levski Sofia,Over/Under Goals,Under 3.5,1.22,,,LOST,
2026-04-25T13:00:00+00:00,First League,Spartak Kostroma,Arsenal Tula,Over/Under Goals,Over 1.5,1.36,,,WON,
2026-04-25T13:00:00+00:00,III Liga - Group 3,SKRA Częstochowa,Starowice Dolne,Team Total Goals,Under 2.5,1.62,,,LOST,
2026-04-25T13:00:00+00:00,Ligue 1,Lyon,Auxerre,Team Total Goals,Under 2.5,1.25,,,LOST,
2026-04-25T13:00:00+00:00,Premier League 2 Division One,Chelsea U21,Middlesbrough U21,Asian Handicap,Home +0,1.19,,,WON,
2026-04-25T13:00:00+00:00,Premier Soccer League,Amazulu,Chippa United,Over/Under Goals,Over 1.5,1.5,,,WON,
2026-04-25T13:00:00+00:00,Second League A - Fall Season Silver,Amkar,Dinamo Moskva II,Over/Under Goals,Over 1.5,1.22,,,WON,
2026-04-25T13:00:00+00:00,Second League A - Fall Season Silver,Dinamo Bryansk,Zenit 2,Over/Under Goals,Under 3.5,1.35,,,WON,
2026-04-25T13:00:00+00:00,Second League,Itesalat,Abu Qair Semad,Double Chance,Home/Draw,1.33,,,WON,
2026-04-25T13:00:00+00:00,Second League,La Viena FC,Tanta SC,Double Chance,Home/Draw,1.19,,,WON,
2026-04-25T13:00:00+00:00,Segunda Liga,Farense,Academico Viseu,Over/Under Goals,Over 1.5,1.4,,,LOST,
2026-04-25T13:00:00+00:00,Serie A Women,AC Milan W,Napoli W,Over/Under Goals,Over 1.5,1.25,,,LOST,
2026-04-25T13:00:00+00:00,Serie A,Parma,Pisa,Asian Handicap,Home +0,1.42,,,WON,
2026-04-25T13:00:00+00:00,Serie B,Frosinone,Carrarese,Over/Under Goals,Under 3.5,1.55,,,WON,
2026-04-25T13:00:00+00:00,Serie B,Pescara,Juve Stabia,Over/Under Goals,Over 1.5,1.28,,,WON,
2026-04-25T13:00:00+00:00,Serie B,Reggiana,Palermo,Team Total Goals,Under 2.5,1.3,,,WON,
2026-04-25T13:00:00+00:00,Serie B,Sudtirol,Mantova,Over/Under Goals,Under 3.5,1.25,,,WON,
2026-04-25T13:00:00+00:00,Serie B,Virtus Entella,Padova,Over/Under Goals,Under 3.5,1.25,,,WON,
2026-04-25T13:00:00+00:00,Super League,Terengganu,Negeri Sembilan,Team Total Goals,Under 2.5,1.48,,,WON,
2026-04-25T13:00:00+00:00,Superettan,Falkenbergs FF,GIF Sundsvall,Over/Under Goals,Under 3.5,1.38,,,WON,
2026-04-25T13:00:00+00:00,Superliga,Prishtina e Re,Drenica Skënderaj,Over/Under Goals,Under 3.5,1.2,,,LOST,
2026-04-25T13:00:00+00:00,Tweede Divisie,Spakenburg,Rijnsburgse Boys,Asian Handicap,Home +1.25,1.19,,,WON,
2026-04-25T13:00:00+00:00,Tweede Divisie,Sparta Rotterdam II,Barendrecht,Asian Handicap,Home +1.25,1.2,,,WON,
2026-04-25T13:00:00+00:00,Ykkönen,Rops,KPV-j,1X2 / Match Winner,Home,1.37,,,WON,
2026-04-25T13:00:00+00:00,Ykkösliiga,JIPPO,SJK Akatemia,Team Total Goals,Under 2.5,1.54,,,WON,
2026-04-25T13:00:00+00:00,Ykkösliiga,JäPS,EIF,Asian Handicap,Home +1.25,1.23,,,WON,
2026-04-25T13:30:00+00:00,Bundesliga 1,1. FC Heidenheim,FC St. Pauli,Team Total Goals,Over 0.5,1.28,,,WON,
2026-04-25T13:30:00+00:00,Bundesliga 1,1. FC Köln,Bayer Leverkusen,Team Total Goals,Over 0.5,1.3,,,WON,
2026-04-25T13:30:00+00:00,Bundesliga 1,FC Augsburg,Eintracht Frankfurt,Team Total Goals,Over 0.5,1.2,,,WON,
2026-04-25T13:30:00+00:00,Bundesliga 1,FSV Mainz 05,Bayern München,Double Chance,Draw/Away,1.2,,,WON,
2026-04-25T13:30:00+00:00,Bundesliga 1,VfL Wolfsburg,Borussia Mönchengladbach,Team Total Goals,Under 2.5,1.22,,,WON,
2026-04-25T13:30:00+00:00,Tweede Divisie,Katwijk,ACV,Double Chance,Home/Draw,1.25,,,WON,
2026-04-25T14:00:00+00:00,1. Division,Omonia Aradippou,Krasava Ypsonas,Team Total Goals,Over 0.5,1.5,,,WON,
2026-04-25T14:00:00+00:00,1. Liga Promotion,Basel II,Kreuzlingen,Over/Under Goals,Under 3.5,1.69,,,LOST,
2026-04-25T14:00:00+00:00,1. Liga Promotion,Bavois,Lugano II,Over/Under Goals,Under 3.5,1.65,,,LOST,
2026-04-25T14:00:00+00:00,1. Liga Promotion,Bulle,Cham,Double Chance,Home/Draw,1.38,,,LOST,
2026-04-25T14:00:00+00:00,1. Liga Promotion,Luzern II,Breitenrain,Team Total Goals,Under 2.5,1.2,,,LOST,
2026-04-25T14:00:00+00:00,Championship,Armagh City,Institute,Over/Under Goals,Under 3.5,1.91,,,LOST,
2026-04-25T14:00:00+00:00,Championship,Ballinamallard United,Dundela,Team Total Goals,Under 2.5,1.25,,,WON,
2026-04-25T14:00:00+00:00,Championship,Birmingham,Bristol City,Team Total Goals,Under 2.5,1.25,,,WON,
2026-04-25T14:00:00+00:00,Championship,Norwich,Swansea,Over/Under Goals,Over 1.5,1.22,,,WON,
2026-04-25T14:00:00+00:00,Championship,Oxford United,Sheffield Wednesday,Team Total Goals,Under 2.5,1.38,,,LOST,
2026-04-25T14:00:00+00:00,Championship,QPR,Derby,Team Total Goals,Over 0.5,1.28,,,WON,
2026-04-25T14:00:00+00:00,Championship,Sheffield Utd,Preston,Over/Under Goals,Over 1.5,1.19,,,WON,
2026-04-25T14:00:00+00:00,Championship,Stoke City,Portsmouth,Over/Under Goals,Under 3.5,1.25,,,LOST,
2026-04-25T14:00:00+00:00,Championship,Warrenpoint Town,Ards,Team Total Goals,Under 2.5,1.22,,,WON,
2026-04-25T14:00:00+00:00,Czech Liga,Baník Ostrava,Plzen,Over/Under Goals,Under 3.5,1.38,,,WON,
2026-04-25T14:00:00+00:00,Czech Liga,Bohemians 1905,Sparta Praha,Over/Under Goals,Over 1.5,1.25,,,WON,
2026-04-25T14:00:00+00:00,Czech Liga,FK Jablonec,Slovan Liberec,Asian Handicap,Home +0,1.6,,,LOST,
2026-04-25T14:00:00+00:00,Czech Liga,Karviná,Mlada Boleslav,Over/Under Goals,Over 1.5,1.2,,,WON,
2026-04-25T14:00:00+00:00,Czech Liga,Pardubice,Zlin,Team Total Goals,Over 0.5,1.22,,,WON,
2026-04-25T14:00:00+00:00,Czech Liga,Slavia Praha,Sigma Olomouc,Team Total Goals,Under 2.5,1.5,,,WON,
2026-04-25T14:00:00+00:00,Czech Liga,Slovácko,Dukla Praha,Team Total Goals,Over 0.5,1.22,,,WON,
2026-04-25T14:00:00+00:00,Czech Liga,Teplice,Hradec Králové,Over/Under Goals,Over 1.5,1.45,,,LOST,
2026-04-25T14:00:00+00:00,Eliteserien,Fredrikstad,Viking,Team Total Goals,Over 0.5,1.35,,,WON,
2026-04-25T14:00:00+00:00,Ettan - Norra,FBK Karlstad,Stocksund,Double Chance,Home/Draw,1.3,,,WON,
2026-04-25T14:00:00+00:00,Ettan - Norra,Sollentuna,Assyriska FF,Double Chance,Draw/Away,1.33,,,WON,
2026-04-25T14:00:00+00:00,First League,Makedonija GjP,FK Rabotnicki,Over/Under Goals,Under 3.5,1.21,,,WON,
2026-04-25T14:00:00+00:00,III Liga - Group 3,Warta Gorzów,Goczałkowice Zdrój,Over/Under Goals,Under 3.5,1.35,,,WON,
2026-04-25T14:00:00+00:00,Jupiler Pro League,OH Leuven,Charleroi,Over/Under Goals,Under 3.5,1.35,,,WON,
2026-04-25T14:00:00+00:00,League One,Blackpool,Leyton Orient,Double Chance,Home/Draw,1.44,,,WON,
2026-04-25T14:00:00+00:00,League One,Bradford,Bolton,Over/Under Goals,Under 3.5,1.36,,,WON,
2026-04-25T14:00:00+00:00,League One,Burton Albion,Exeter City,Team Total Goals,Under 2.5,1.25,,,WON,
2026-04-25T14:00:00+00:00,League One,Cardiff,Northampton,Over/Under Goals,Under 3.5,1.93,,,LOST,
2026-04-25T14:00:00+00:00,League One,East Fife,Inverness CT,Over/Under Goals,Under 3.5,1.4,,,WON,
2026-04-25T14:00:00+00:00,League One,Hamilton Academical,Peterhead,Over/Under Goals,Over 1.5,1.2,,,WON,
2026-04-25T14:00:00+00:00,League One,Huddersfield,Mansfield Town,Over/Under Goals,Over 1.5,1.22,,,WON,
2026-04-25T14:00:00+00:00,League One,Kelty Hearts,Cove Rangers,Team Total Goals,Under 2.5,1.19,,,WON,
2026-04-25T14:00:00+00:00,League One,Lincoln,Wycombe,Asian Handicap,Home +0,1.35,,,WON,
2026-04-25T14:00:00+00:00,League One,Luton,Barnsley,Over/Under Goals,Over 1.5,1.19,,,WON,
2026-04-25T14:00:00+00:00,League One,Plymouth,Port Vale,Team Total Goals,Under 2.5,1.5,,,WON,
2026-04-25T14:00:00+00:00,League One,Queen of the South,Montrose,Over/Under Goals,Under 3.5,1.57,,,LOST,
2026-04-25T14:00:00+00:00,League One,Rotherham,Reading,Asian Handicap,Home +1.25,1.22,,,WON,
2026-04-25T14:00:00+00:00,League One,Stenhousemuir,Alloa Athletic,Team Total Goals,Under 2.5,1.25,,,WON,
2026-04-25T14:00:00+00:00,League One,Wigan,AFC Wimbledon,Over/Under Goals,Under 3.5,1.22,,,WON,
2026-04-25T14:00:00+00:00,League Two,Accrington ST,Crawley Town,Asian Handicap,Home +1.25,1.21,,,WON,
2026-04-25T14:00:00+00:00,League Two,Barnet,Gillingham,Over/Under Goals,Over 1.5,1.25,,,WON,
2026-04-25T14:00:00+00:00,League Two,Bristol Rovers,Cheltenham,Team Total Goals,Under 2.5,1.25,,,LOST,
2026-04-25T14:00:00+00:00,League Two,Cambridge United,Barrow,Team Total Goals,Under 2.5,1.36,,,LOST,
2026-04-25T14:00:00+00:00,League Two,Chesterfield,Crewe,Team Total Goals,Under 2.5,1.36,,,WON,
2026-04-25T14:00:00+00:00,League Two,Clyde,Annan Athletic,Team Total Goals,Under 2.5,1.4,,,LOST,
2026-04-25T14:00:00+00:00,League Two,Colchester,Notts County,Team Total Goals,Over 0.5,1.28,,,LOST,
2026-04-25T14:00:00+00:00,League Two,Dumbarton,East Kilbride,Team Total Goals,Under 2.5,1.44,,,WON,
2026-04-25T14:00:00+00:00,League Two,Forfar Athletic,Edinburgh City,1X2 / Match Winner,Home,1.26,,,WON,
2026-04-25T14:00:00+00:00,League Two,Shrewsbury,Fleetwood Town,Over/Under Goals,Under 3.5,1.22,,,LOST,
2026-04-25T14:00:00+00:00,League Two,Spartans,Elgin City,Team Total Goals,Under 2.5,1.28,,,WON,
2026-04-25T14:00:00+00:00,League Two,Stranraer,Stirling Albion,Over/Under Goals,Over 1.5,1.2,,,WON,
2026-04-25T14:00:00+00:00,League Two,Walsall,Harrogate Town,Over/Under Goals,Over 1.5,1.28,,,WON,
2026-04-25T14:00:00+00:00,Liga 3,Amora,Lusitano Évora 1911,Over/Under Goals,Over 1.5,1.41,,,WON,
2026-04-25T14:00:00+00:00,Liga 3,Atlético CP,1º Dezembro,Team Total Goals,Over 0.5,1.23,,,LOST,
2026-04-25T14:00:00+00:00,Meistriliiga,Nõmme United,Kuressaare,Asian Handicap,Home +0,1.37,,,WON,
2026-04-25T14:00:00+00:00,National 2 - Group B,Haguenau,Furiani-Agliani,Team Total Goals,Over 0.5,1.24,,,WON,
2026-04-25T14:00:00+00:00,Non League Premier - Isthmian,Burgess Hill Town,Cray Wanderers,Over/Under Goals,Over 1.5,1.19,,,WON,
2026-04-25T14:00:00+00:00,Non League Premier - Isthmian,Canvey Island,Ramsgate,Asian Handicap,Home +1.25,1.51,,,LOST,
2026-04-25T14:00:00+00:00,Non League Premier - Isthmian,Carshalton Athletic,St Albans City,Over/Under Goals,Over 1.5,1.19,,,LOST,
2026-04-25T14:00:00+00:00,Non League Premier - Isthmian,Chatham Town,Lewes,1X2 / Match Winner,Home,1.38,,,WON,
2026-04-25T14:00:00+00:00,Non League Premier - Isthmian,Dartford,Cray Valley PM,Asian Handicap,Home +0,1.21,,,LOST,
2026-04-25T14:00:00+00:00,Non League Premier - Isthmian,Folkestone Invicta,Cheshunt,Team Total Goals,Over 0.5,1.67,,,WON,
2026-04-25T14:00:00+00:00,Non League Premier - Isthmian,Hashtag United,Dulwich Hamlet,Double Chance,Draw/Away,1.44,,,WON,
2026-04-25T14:00:00+00:00,Non League Premier - Isthmian,Welling United,Billericay Town,Team Total Goals,Over 0.5,1.34,,,WON,
2026-04-25T14:00:00+00:00,Non League Premier - Isthmian,Whitehawk,Potters Bar Town,Team Total Goals,Under 2.5,1.44,,,WON,
2026-04-25T14:00:00+00:00,Non League Premier - Isthmian,Wingate & Finchley,Aveley,Team Total Goals,Under 2.5,1.21,,,WON,
2026-04-25T14:00:00+00:00,Non League Premier - Northern,Hebburn Town,Rushall Olympic,Over/Under Goals,Over 1.5,1.19,,,WON,
2026-04-25T14:00:00+00:00,Non League Premier - Northern,Hednesford Town,Ashton United,Over/Under Goals,Over 1.5,1.21,,,WON,
2026-04-25T14:00:00+00:00,Non League Premier - Northern,Hyde United,Gainsborough Trinity,Team Total Goals,Under 2.5,1.21,,,WON,
2026-04-25T14:00:00+00:00,Non League Premier - Northern,Ilkeston Town,United of Manchester,Over/Under Goals,Over 1.5,1.21,,,WON,
2026-04-25T14:00:00+00:00,Non League Premier - Northern,Lancaster City,Stocksbridge Park Steels,Over/Under Goals,Over 1.5,1.2,,,WON,
2026-04-25T14:00:00+00:00,Non League Premier - Northern,Morpeth Town,Warrington Town,Over/Under Goals,Under 3.5,1.35,,,WON,
2026-04-25T14:00:00+00:00,Non League Premier - Northern,Prescot Cables,Bamber Bridge,Over/Under Goals,Under 3.5,1.35,,,WON,
2026-04-25T14:00:00+00:00,Non League Premier - Northern,Rylands,Stockton Town,Double Chance,Home/Draw,1.4,,,LOST,
2026-04-25T14:00:00+00:00,Non League Premier - Northern,Whitby Town,Cleethorpes Town,Over/Under Goals,Under 3.5,1.28,,,WON,
2026-04-25T14:00:00+00:00,Non League Premier - Northern,Workington,Leek Town,Over/Under Goals,Over 1.5,1.21,,,LOST,
2026-04-25T14:00:00+00:00,Non League Premier - Southern Central,Alvechurch,Leiston,Team Total Goals,Under 2.5,1.21,,,WON,
2026-04-25T14:00:00+00:00,Non League Premier - Southern Central,Barwell,Bishop's Stortford,Team Total Goals,Under 2.5,1.19,,,LOST,
2026-04-25T14:00:00+00:00,Non League Premier - Southern Central,Bromsgrove Sporting,Real Bedford,Double Chance,Draw/Away,1.44,,,WON,
2026-04-25T14:00:00+00:00,Non League Premier - Southern Central,Bury Town,Kettering Town,Team Total Goals,Under 2.5,1.33,,,WON,
2026-04-25T14:00:00+00:00,Non League Premier - Southern Central,Needham Market,Banbury United,Over/Under Goals,Under 3.5,1.42,,,WON,
2026-04-25T14:00:00+00:00,Non League Premier - Southern Central,Redditch United,Quorn,Double Chance,Home/Draw,1.2,,,WON,
2026-04-25T14:00:00+00:00,Non League Premier - Southern Central,St Ives Town,Stratford Town,Double Chance,Draw/Away,1.44,,,WON,
2026-04-25T14:00:00+00:00,Non League Premier - Southern Central,Stamford,Harborough Town,Asian Handicap,Home +1.25,1.56,,,WON,
2026-04-25T14:00:00+00:00,Non League Premier - Southern Central,Stourbridge,Royston Town,Double Chance,Home/Draw,1.2,,,WON,
2026-04-25T14:00:00+00:00,Non League Premier - Southern South,Berkhamsted,Weymouth,Over/Under Goals,Over 1.5,1.2,,,WON,
2026-04-25T14:00:00+00:00,Non League Premier - Southern South,Chertsey Town,Hungerford Town,Double Chance,Home/Draw,1.2,,,WON,
2026-04-25T14:00:00+00:00,Non League Premier - Southern South,Dorchester Town,Sholing,Over/Under Goals,Under 3.5,1.46,,,LOST,
2026-04-25T14:00:00+00:00,Non League Premier - Southern South,Gloucester City,Walton & Hersham,Team Total Goals,Under 2.5,1.24,,,WON,
2026-04-25T14:00:00+00:00,Non League Premier - Southern South,Gosport Borough,Plymouth Parkway,Team Total Goals,Under 2.5,1.35,,,LOST,
2026-04-25T14:00:00+00:00,Non League Premier - Southern South,Hanwell Town,Basingstoke Town,Over/Under Goals,Under 3.5,1.43,,,WON,
2026-04-25T14:00:00+00:00,Non League Premier - Southern South,Havant & Wville,Yate Town,Team Total Goals,Over 0.5,1.31,,,WON,
2026-04-25T14:00:00+00:00,Non League Premier - Southern South,Taunton Town,Evesham United,Asian Handicap,Home +0,1.48,,,WON,
2026-04-25T14:00:00+00:00,Non League Premier - Southern South,Tiverton Town,Farnham Town,Over/Under Goals,Under 3.5,1.97,,,WON,
2026-04-25T14:00:00+00:00,Non League Premier - Southern South,Wimborne Town,Bracknell Town,Team Total Goals,Over 0.5,1.24,,,WON,
2026-04-25T14:00:00+00:00,Premier League,Floriana,Hamrun Spartans,Over/Under Goals,Over 1.5,1.4,,,WON,
2026-04-25T14:00:00+00:00,Premier League,Haras El Hodood,Wadi Degla,Double Chance,Draw/Away,1.2,,,WON,
2026-04-25T14:00:00+00:00,Premier League,Krylia Sovetov,Lokomotiv,Team Total Goals,Under 2.5,1.19,,,WON,
2026-04-25T14:00:00+00:00,Premier League,Liverpool,Crystal Palace,Team Total Goals,Under 2.5,1.5,,,LOST,
2026-04-25T14:00:00+00:00,Premier League,West Ham,Everton,Team Total Goals,Over 0.5,1.25,,,WON,
2026-04-25T14:00:00+00:00,Premier League,Wolves,Tottenham,Team Total Goals,Under 2.5,1.3,,,WON,
2026-04-25T14:00:00+00:00,Premiership,Aberdeen,Kilmarnock,Over/Under Goals,Over 1.5,1.25,,,LOST,
2026-04-25T14:00:00+00:00,Premiership,Bangor,Portadown,Over/Under Goals,Under 3.5,1.33,,,LOST,
2026-04-25T14:00:00+00:00,Premiership,Crusaders FC,Ballymena United,Asian Handicap,Home +1.25,1.4,,,WON,
2026-04-25T14:00:00+00:00,Premiership,Glenavon FC,Carrick Rangers,Over/Under Goals,Under 3.5,1.33,,,LOST,
2026-04-25T14:00:00+00:00,Premiership,ST Mirren,Livingston,Over/Under Goals,Under 3.5,1.36,,,WON,
2026-04-25T14:00:00+00:00,Pro League U23,Al Jazira U23,Al Nasr U23,Over/Under Goals,Under 2.5,2.35,,,WON,
2026-04-25T14:00:00+00:00,Prva HNL,NK Slaven Belupo,Vukovar,Team Total Goals,Under 2.5,1.25,,,WON,
2026-04-25T14:00:00+00:00,Super Lig,Kayserispor,Rizespor,Over/Under Goals,Over 1.5,1.22,,,WON,
2026-04-25T14:00:00+00:00,Veikkausliiga,Inter Turku,Mariehamn,Team Total Goals,Under 2.5,1.53,,,WON,
2026-04-25T14:15:00+00:00,La Liga,Getafe,Barcelona,Over/Under Goals,Under 3.5,1.42,,,WON,
2026-04-25T14:15:00+00:00,Segunda Division,Valladolid,Real Sociedad II,Over/Under Goals,Under 3.5,1.38,,,WON,
2026-04-25T14:30:00+00:00,1. Liga Promotion,Paradiso,Lausanne Sport II,Team Total Goals,Over 0.5,1.25,,,LOST,
2026-04-25T14:30:00+00:00,1st League - RS,FK Romanija Pale,Drina Zvornik,Over/Under Goals,Under 3.5,1.22,,,LOST,
2026-04-25T14:30:00+00:00,3. Liga,Waldhof Mannheim,FC Schweinfurt 05,1X2 / Match Winner,Home,1.57,,,LOST,
2026-04-25T14:30:00+00:00,3. liga - West,Slovan Duslo Šaľa,Galanta,Asian Handicap,Home +1.25,1.38,,,WON,
2026-04-25T14:30:00+00:00,Eredivisie,Feyenoord,Groningen,Team Total Goals,Under 2.5,1.45,,,LOST,
2026-04-25T14:30:00+00:00,Ligue 1,ES Sahel,AS Marsa,Team Total Goals,Under 2.5,1.22,,,WON,
2026-04-25T14:30:00+00:00,Ligue 1,Jeunesse Sportive Omrane,AS Soliman,Over/Under Goals,Under 2.5,1.4,,,WON,
2026-04-25T14:30:00+00:00,Ligue 1,US Ben Guerdane,US Monastirienne,Over/Under Goals,Under 2.5,1.3,,,WON,
2026-04-25T14:30:00+00:00,Premyer Liqa,Qabala,Araz,Over/Under Goals,Under 3.5,1.29,,,WON,
2026-04-25T14:30:00+00:00,Primeira Liga,Tondela,Nacional,Over/Under Goals,Under 3.5,1.33,,,WON,
2026-04-25T15:00:00+00:00,1. Liga Promotion,Zürich II,SC Kriens,Double Chance,Draw/Away,1.23,,,WON,
2026-04-25T15:00:00+00:00,1st League - FBiH,Čelik,Jedinstvo Bihać,Over/Under Goals,Over 1.5,1.25,,,WON,
2026-04-25T15:00:00+00:00,3. liga - CFL B,Arsenal Česká Lípa,Mladá Boleslav II,1X2 / Match Winner,Home,1.27,,,WON,
2026-04-25T15:00:00+00:00,3. liga - CFL B,Ústí nad Orlicí,Neratovice-Byškovice,Over/Under Goals,Under 3.5,1.24,,,LOST,
2026-04-25T15:00:00+00:00,Botola Pro,Hassania Agadir,Ittihad Tanger,Over/Under Goals,Under 2.5,1.5,,,WON,
2026-04-25T15:00:00+00:00,FNL,Hanácká,Chrudim,Team Total Goals,Under 2.5,1.22,,,WON,
2026-04-25T15:00:00+00:00,First NL,Dubrava Zagreb,Sesvete,Over/Under Goals,Over 1.5,1.4,,,WON,
2026-04-25T15:00:00+00:00,First NL,Hrvace,Orijent 1919,Over/Under Goals,Over 1.5,1.4,,,WON,
2026-04-25T15:00:00+00:00,III Liga - Group 3,Karkonosze Jelenia Góra,Miedź Legnica II,Over/Under Goals,Under 3.5,1.53,,,WON,
2026-04-25T15:00:00+00:00,Júniores U19,Belenenses U19,Alverca U19,Over/Under Goals,Under 3.5,1.19,,,LOST,
2026-04-25T15:00:00+00:00,Júniores U19,Mafra U19,Academico Viseu U19,Over/Under Goals,Under 3.5,1.21,,,WON,
2026-04-25T15:00:00+00:00,NB I,Puskas Academy,Ujpest,Over/Under Goals,Over 1.5,1.28,,,WON,
2026-04-25T15:00:00+00:00,National 2 - Group C,Chasselay MDA,Hyères,Double Chance,Home/Draw,1.25,,,WON,
2026-04-25T15:00:00+00:00,Premier League,Ruh Lviv,Karpaty,Over/Under Goals,Under 3.5,1.24,,,WON,
2026-04-25T15:00:00+00:00,Primera División - Apertura,Juventud,Liverpool Montevideo,Over/Under Goals,Under 3.5,1.25,,,WON,
2026-04-25T15:00:00+00:00,Second NL,Bjelovar,Dugo Selo,Team Total Goals,Under 2.5,1.33,0.9781,,LOST,
2026-04-25T15:00:00+00:00,Second NL,Segesta Sisak,Trnje,Over/Under Goals,Under 3.5,1.46,0.8406,,WON,
2026-04-25T15:00:00+00:00,Superettan,Orebro SK,Norrby IF,Team Total Goals,Under 2.5,1.25,,,WON,
2026-04-25T15:00:00+00:00,Superettan,United Nordic,Sandviken,Team Total Goals,Over 0.5,1.2,,,WON,
2026-04-25T15:00:00+00:00,Tipp3 Bundesliga,WSG Wattens,Ried,Over/Under Goals,Over 1.5,1.33,,,LOST,
2026-04-25T15:00:00+00:00,Tipp3 Bundesliga,Wolfsberger AC,Grazer AK,Team Total Goals,Over 0.5,1.33,,,LOST,
2026-04-25T15:00:00+00:00,Ykkösliiga,Haka,KäPa,Team Total Goals,Under 2.5,1.5,,,WON,
2026-04-25T15:15:00+00:00,Serie B,Venezia,Empoli,Over/Under Goals,Over 1.5,1.19,,,WON,
2026-04-25T15:30:00+00:00,Ekstraklasa,Lechia Gdansk,Raków Częstochowa,Over/Under Goals,Over 1.5,1.25,,,WON,
2026-04-25T15:30:00+00:00,Liga 3,Varzim,Guimaraes B,Over/Under Goals,Under 3.5,1.22,,,LOST,
2026-04-25T15:30:00+00:00,Premier Soccer League,Sekhukhune United,Marumo Gallants,Double Chance,Home/Draw,1.19,,,WON,
2026-04-25T16:00:00+00:00,1. Division,AEK Larnaca,Aris,Team Total Goals,Under 2.5,1.22,,,WON,
2026-04-25T16:00:00+00:00,Eliteserien,Rosenborg,Brann,Over/Under Goals,Over 1.5,1.22,,,WON,
2026-04-25T16:00:00+00:00,FNL,Artis,České Budějovice,Team Total Goals,Under 2.5,1.3,,,WON,
2026-04-25T16:00:00+00:00,FNL,Táborsko,Příbram,Team Total Goals,Under 2.5,1.24,,,WON,
2026-04-25T16:00:00+00:00,Liga 3,Caldas,SC Covilha,Over/Under Goals,Under 3.5,1.19,,,WON,
2026-04-25T16:00:00+00:00,National 2 - Group B,Blois,Epinal,Team Total Goals,Over 0.5,1.28,,,LOST,
2026-04-25T16:00:00+00:00,National 2 - Group B,Thionville Lusitanos,Chantilly,Over/Under Goals,Under 3.5,1.24,,,LOST,
2026-04-25T16:00:00+00:00,National 2 - Group C,Fréjus St-Raphaël,Saint-Priest,Over/Under Goals,Under 3.5,1.21,,,WON,
2026-04-25T16:00:00+00:00,National 2 - Group C,Grasse,Istres,Over/Under Goals,Under 3.5,1.25,,,LOST,
2026-04-25T16:00:00+00:00,National 2 - Group C,Nimes,Cannes,Over/Under Goals,Over 1.5,1.32,,,WON,
2026-04-25T16:00:00+00:00,Second Division,Al Mesaimeer,Al Waab,Over/Under Goals,Under 3.5,1.31,,,WON,
2026-04-25T16:00:00+00:00,Second Division,Al-Khor,Al Bidda SC,Over/Under Goals,Over 1.5,1.23,,,WON,
2026-04-25T16:00:00+00:00,Second Division,Al-Markhiya,Lusail City,Over/Under Goals,Over 1.5,1.22,,,WON,
2026-04-25T16:00:00+00:00,Second Division,Muaither SC,Al Kharaitiyat,Team Total Goals,Under 2.5,1.23,,,WON,
2026-04-25T16:00:00+00:00,Serie A Women,Genoa W,Inter Milano W,1X2 / Match Winner,Away,1.23,,,WON,
2026-04-25T16:00:00+00:00,Serie A,Bologna,AS Roma,Over/Under Goals,Under 3.5,1.28,,,WON,
2026-04-25T16:00:00+00:00,Super League,Grasshoppers,FC Luzern,Team Total Goals,Over 0.5,1.19,,,WON,
2026-04-25T16:00:00+00:00,Super League,Lausanne,FC Zurich,Team Total Goals,Under 2.5,1.4,,,LOST,
2026-04-25T16:00:00+00:00,Super Liga,FK Košice,Ružomberok,Team Total Goals,Under 2.5,1.22,,,LOST,
2026-04-25T16:00:00+00:00,Super Liga,Komárno,Skalica,Over/Under Goals,Under 3.5,1.25,,,WON,
2026-04-25T16:00:00+00:00,Super Liga,Zemplín Michalovce,Podbrezová,Team Total Goals,Under 2.5,1.2,,,WON,
2026-04-25T16:15:00+00:00,FA Cup,Manchester City,Southampton,Team Total Goals,Under 2.5,1.95,,,WON,
2026-04-25T16:15:00+00:00,Jupiler Pro League,Genk,Standard Liege,Team Total Goals,Under 2.5,1.33,,,WON,
2026-04-25T16:15:00+00:00,Prva HNL,NK Osijek,NK Lokomotiva Zagreb,Over/Under Goals,Under 3.5,1.28,,,WON,
2026-04-25T16:15:00+00:00,UEFA Champions League Women,Bayern Munich W,Barcelona W,Over/Under Goals,Over 2.5,1.28,,,LOST,
2026-04-25T16:30:00+00:00,Bundesliga 1,Hamburger SV,1899 Hoffenheim,Team Total Goals,Over 0.5,1.3,,,WON,
2026-04-25T16:30:00+00:00,La Liga,Valencia,Girona,Team Total Goals,Under 2.5,1.2,,,WON,
2026-04-25T16:30:00+00:00,Premier League,Arsenal,Newcastle,Team Total Goals,Under 2.5,1.5,,,WON,
2026-04-25T16:30:00+00:00,Premier League,Rubin,CSKA Moscow,Over/Under Goals,Under 3.5,1.19,,,WON,
2026-04-25T16:30:00+00:00,Premiership,Celtic,Falkirk,1X2 / Match Winner,Home,1.47,,,WON,
2026-04-25T16:30:00+00:00,Premiership,Coleraine FC,Glentoran,Over/Under Goals,Over 1.5,1.33,,,WON,
2026-04-25T16:30:00+00:00,Premiership,Larne,Dungannon Swifts,Over/Under Goals,Under 3.5,1.44,,,LOST,
2026-04-25T16:30:00+00:00,Premiership,Linfield,Cliftonville FC,Team Total Goals,Under 2.5,1.36,,,WON,
2026-04-25T16:30:00+00:00,Segunda Division,Burgos,Deportivo La Coruna,Team Total Goals,Over 0.5,1.4,,,WON,
2026-04-25T16:45:00+00:00,Eredivisie,Heerenveen,Fortuna Sittard,Asian Handicap,Home +0,1.21,,,WON,
2026-04-25T16:45:00+00:00,Liga Pro,Mushuc Runa SC,Deportivo Cuenca,Over/Under Goals,Under 3.5,1.22,,,LOST,
2026-04-25T17:00:00+00:00,Botola Pro,CODM Meknès,Difaa EL Jadida,Double Chance,Home/Draw,1.25,,,LOST,
2026-04-25T17:00:00+00:00,Botola Pro,UTS Rabat,Olympique Safi,Over/Under Goals,Over 1.5,1.62,,,WON,
2026-04-25T17:00:00+00:00,Ligue 1,Angers,Paris Saint Germain,Over/Under Goals,Under 3.5,1.65,,,WON,
2026-04-25T17:00:00+00:00,Ligue 1,Teungueth,HLM,Over/Under Goals,Under 2.5,1.3,,,WON,
2026-04-25T17:00:00+00:00,Ligue 1,Wally Daan,AJEL,Over/Under Goals,Under 2.5,1.3,,,WON,
2026-04-25T17:00:00+00:00,Major League Soccer,Toronto FC,Atlanta United FC,Over/Under Goals,Over 1.5,1.25,,,WON,
2026-04-25T17:00:00+00:00,NWSL Women,NJ/NY Gotham FC W,Bay FC,Team Total Goals,Under 2.5,1.22,,,LOST,
2026-04-25T17:00:00+00:00,Segunda Liga,Felgueiras 1932,União de Leiria,Over/Under Goals,Under 3.5,1.3,,,WON,
2026-04-25T17:00:00+00:00,Super Lig,Göztepe,Antalyaspor,Over/Under Goals,Over 1.5,1.33,,,WON,
2026-04-25T17:00:00+00:00,Superliga,Tirana,Partizani,Team Total Goals,Over 0.5,1.3,,,WON,
2026-04-25T17:30:00+00:00,I Liga,Pogoń Siedlce,Miedz Legnica,Team Total Goals,Under 2.5,1.21,,,WON,
2026-04-25T17:30:00+00:00,I Liga,Polonia Warszawa,Chrobry Głogów,Team Total Goals,Under 2.5,1.24,,,WON,
2026-04-25T17:30:00+00:00,I Liga,Stal Mielec,Slask Wroclaw,Over/Under Goals,Over 1.5,1.19,,,WON,
2026-04-25T17:30:00+00:00,Liga I,CFR 1907 Cluj,Universitatea Cluj,Over/Under Goals,Under 3.5,1.25,,,WON,
2026-04-25T17:30:00+00:00,NB I,Nyiregyhaza,Zalaegerszegi TE,Over/Under Goals,Under 3.5,1.3,,,WON,
2026-04-25T17:30:00+00:00,Serie B,Cesena,Sampdoria,Over/Under Goals,Over 1.5,1.38,,,LOST,
2026-04-25T18:00:00+00:00,Eredivisie,NAC Breda,Ajax,Over/Under Goals,Over 1.5,1.2,,,WON,
2026-04-25T18:00:00+00:00,First Amateur Division,Albert Quévy-Mons,Tubize,Over/Under Goals,Under 3.5,1.27,0.8615,,WON,
2026-04-25T18:00:00+00:00,First Amateur Division,Excelsior Virton,Meux,Team Total Goals,Under 2.5,1.44,0.9962,,WON,
2026-04-25T18:00:00+00:00,First Amateur Division,Rochefort,Habay-la-Neuve,Over/Under Goals,Under 3.5,1.32,0.8583,,LOST,
2026-04-25T18:00:00+00:00,First Amateur Division,Union Saint-Gilloise II,Standard Liège II,Over/Under Goals,Under 3.5,1.52,0.8212,,WON,
2026-04-25T18:00:00+00:00,III Liga - Group 3,Lechia Zielona Góra,Sparta Katowice,Double Chance,Home/Draw,1.19,,,WON,
2026-04-25T18:00:00+00:00,Liga MX Femenil,Puebla W,Necaxa W,Team Total Goals,Under 2.5,1.38,,,LOST,
2026-04-25T18:00:00+00:00,Ligue 2,Saint Etienne,Estac Troyes,Over/Under Goals,Over 1.5,1.22,,,WON,
2026-04-25T18:00:00+00:00,Premier League 2 Division One,Manchester City U21,Arsenal U21,Team Total Goals,Over 1.5,1.2,,,WON,
2026-04-25T18:00:00+00:00,Primera Division,UCV Moquegua,FC Cajamarca,Team Total Goals,Over 0.5,1.22,,,WON,
2026-04-25T18:00:00+00:00,Superliga,Prishtina,Gjilani,Over/Under Goals,Under 3.5,1.25,,,WON,
2026-04-25T18:00:00+00:00,USL Super League,Sporting JAX W,Lexington W,Over/Under Goals,Over 1.5,1.25,,,WON,
2026-04-25T18:15:00+00:00,1. SNL,Koper,Olimpija Ljubljana,Double Chance,Home/Draw,1.28,,,WON,
2026-04-25T18:15:00+00:00,Ekstraklasa,Cracovia Krakow,Pogon Szczecin,Team Total Goals,Under 2.5,1.2,,,WON,
2026-04-25T18:30:00+00:00,Bundesliga 2,SV Darmstadt 98,SV Elversberg,Team Total Goals,Under 2.5,1.2,,,LOST,
2026-04-25T18:30:00+00:00,First Division,Longford Town,Kerry,Over/Under Goals,Under 3.5,1.28,,,WON,
2026-04-25T18:30:00+00:00,Major League Soccer,CF Montreal,New York City FC,Over/Under Goals,Over 1.5,1.25,,,LOST,
2026-04-25T18:30:00+00:00,Primera División - Apertura,Deportivo Maldonado,Albion FC,Over/Under Goals,Over 1.5,1.4,,,WON,
2026-04-25T18:30:00+00:00,Primera Nacional,San Telmo,All Boys,Over/Under Goals,Under 2.5,1.36,,,WON,
2026-04-25T18:30:00+00:00,Primera Nacional,Temperley,Patronato,Team Total Goals,Over 0.5,1.44,,,LOST,
2026-04-25T18:30:00+00:00,Serie C - Girone A,Alcione,Albinoleffe,Over/Under Goals,Under 3.5,1.25,,,WON,
2026-04-25T18:30:00+00:00,Serie C - Girone A,Arzignano Valchiampo,PRO Vercelli,Over/Under Goals,Under 3.5,1.3,,,WON,
2026-04-25T18:30:00+00:00,Serie C - Girone A,Cittadella,Giana Erminio,Over/Under Goals,Under 3.5,1.22,,,WON,
2026-04-25T18:30:00+00:00,Serie C - Girone A,Dolomiti Bellunesi,Trento,Over/Under Goals,Over 1.5,1.25,,,LOST,
2026-04-25T18:30:00+00:00,Serie C - Girone A,Inter U23,Union Brescia,Team Total Goals,Under 2.5,1.19,,,WON,
2026-04-25T18:30:00+00:00,Serie C - Girone A,Lumezzane,Virtus Verona,Over/Under Goals,Over 1.5,1.28,,,WON,
2026-04-25T18:30:00+00:00,Serie C - Girone A,Ospitaletto,Novara,Team Total Goals,Over 0.5,1.2,,,LOST,
2026-04-25T18:30:00+00:00,Serie C - Girone A,Pergolettese,Lecco,Over/Under Goals,Under 3.5,1.28,,,WON,
2026-04-25T18:30:00+00:00,Serie C - Girone A,Renate,Pro Patria,Over/Under Goals,Over 1.5,1.22,,,WON,
2026-04-25T18:30:00+00:00,Serie C - Girone A,Triestina,Vicenza Virtus,Asian Handicap,Home +1.25,1.39,,,LOST,
2026-04-25T18:30:00+00:00,Super League,FC Thun,FC Lugano,Over/Under Goals,Under 3.5,1.62,,,WON,
2026-04-25T18:30:00+00:00,Super Liga,Dunajska Streda,Žilina,Over/Under Goals,Over 1.5,1.22,,,WON,
2026-04-25T18:45:00+00:00,Jupiler Pro League,KVC Westerlo,Antwerp,Team Total Goals,Under 2.5,1.24,,,WON,
2026-04-25T18:45:00+00:00,Premier Division,Sligo Rovers,Dundalk,Over/Under Goals,Over 1.5,1.3,,,WON,
2026-04-25T18:45:00+00:00,Serie A,Hellas Verona,Lecce,Double Chance,Home/Draw,1.4,,,WON,
2026-04-25T19:00:00+00:00,Botola Pro,Kawkab Marrakech,Wydad AC,Asian Handicap,Home +1.25,1.38,,,WON,
2026-04-25T19:00:00+00:00,Eredivisie,Twente,NEC Nijmegen,Team Total Goals,Under 2.5,1.36,,,WON,
2026-04-25T19:00:00+00:00,La Liga,Atletico Madrid,Athletic Club,Team Total Goals,Under 2.5,1.19,,,LOST,
2026-04-25T19:00:00+00:00,Primera A,Bucaramanga,Jaguares,Over/Under Goals,Over 1.5,1.3,,,WON,
2026-04-25T19:00:00+00:00,Primera Division,Nublense,O'Higgins,Over/Under Goals,Over 1.5,1.4,,,WON,
2026-04-25T19:00:00+00:00,Primera División,Nacional Potosí,Gualberto Villarroel SJ,Team Total Goals,Under 2.5,1.45,,,WON,
2026-04-25T19:00:00+00:00,Segunda Division,Malaga,Castellón,Over/Under Goals,Over 1.5,1.22,,,WON,
2026-04-25T19:05:00+00:00,Ligue 1,Toulouse,Monaco,Over/Under Goals,Over 1.5,1.22,,,WON,
2026-04-25T19:10:00+00:00,Liga Pro,Independiente del Valle,Leones del Norte,Over/Under Goals,Under 3.5,1.3,,,WON,
2026-04-25T19:30:00+00:00,Liga 3,Mafra,Trofense,Over/Under Goals,Under 3.5,1.22,,,WON,
2026-04-25T19:30:00+00:00,Liga Mayor,Universidad O&M,Moca,Team Total Goals,Under 2.5,1.2,,,WON,
2026-04-25T19:30:00+00:00,Primeira Liga,Guimaraes,Rio Ave,Over/Under Goals,Over 1.5,1.28,,,WON,
2026-04-25T20:00:00+00:00,Liga Mayor,Atlético Pantoja,Cibao,Over/Under Goals,Under 3.5,1.23,,,WON,
2026-04-25T20:00:00+00:00,Liga Mayor,Salcedo,Delfines Del Este,Over/Under Goals,Under 2.5,1.53,,,LOST,
2026-04-25T20:00:00+00:00,Primera Division,Estudiantes L.P.,Talleres Cordoba,Double Chance,Home/Draw,1.28,,,WON,
2026-04-25T20:30:00+00:00,Primera Division,Comerciantes Unidos,Sporting Cristal,Over/Under Goals,Over 1.5,1.33,,,LOST,
2026-04-25T20:30:00+00:00,Primera Nacional,San Martin S.J.,Quilmes,Over/Under Goals,Over 1.5,1.67,,,LOST,
2026-04-25T20:45:00+00:00,Division Profesional - Apertura,Sportivo Luqueno,Sportivo Trinidense,Over/Under Goals,Over 1.5,1.38,,,WON,
2026-04-25T20:45:00+00:00,Major League Soccer,Minnesota United FC,Los Angeles FC,Team Total Goals,Under 2.5,1.2,,,WON,
2026-04-25T21:00:00+00:00,Canadian Premier League,Cavalry FC,York United,Double Chance,Home/Draw,1.2,,,WON,
2026-04-25T21:00:00+00:00,Primera A,Deportivo Pereira,Atletico Nacional,Over/Under Goals,Under 3.5,1.42,,,WON,
2026-04-25T21:00:00+00:00,Primera Nacional,Atletico DE Rafaela,Gimnasia Jujuy,Over/Under Goals,Over 1.5,1.67,,,LOST,
2026-04-25T21:15:00+00:00,Primera División,ABB,Blooming,Team Total Goals,Over 0.5,1.22,,,WON,
2026-04-25T21:30:00+00:00,Serie A,Bahia,Santos,Team Total Goals,Under 2.5,1.2,,,WON,
2026-04-25T21:30:00+00:00,Serie A,Botafogo,Internacional,Team Total Goals,Over 0.5,1.25,,,WON,
2026-04-25T21:30:00+00:00,Serie A,Remo,Cruzeiro,Over/Under Goals,Over 1.5,1.33,,,LOST,
2026-04-25T22:00:00+00:00,Liga Premier Serie A,Deportiva Venados,Tritons Vallarta,Over/Under Goals,Over 1.5,1.22,,,LOST,
2026-04-25T22:00:00+00:00,Liga Pro,Emelec,LDU de Quito,Over/Under Goals,Under 3.5,1.22,,,WON,
2026-04-25T22:00:00+00:00,Primera Division,Universidad de Chile,U. Catolica,Team Total Goals,Over 0.5,1.25,,,WON,
2026-04-25T22:15:00+00:00,Primera Division,Sarmiento Junin,Tigre,Asian Handicap,Home +0.5,1.5,,,WON,
2026-04-25T23:00:00+00:00,Division Profesional - Apertura,Libertad Asuncion,Olimpia,Over/Under Goals,Under 3.5,1.22,,,LOST,
2026-04-25T23:00:00+00:00,Liga MX,Pachuca,U.N.A.M. - Pumas,Over/Under Goals,Over 1.5,1.2,,,WON,
2026-04-25T23:00:00+00:00,Liga MX,Tigres UANL,Mazatlán,1X2 / Match Winner,Home,1.19,,,WON,
2026-04-25T23:10:00+00:00,Primera A,Deportivo Cali,America de Cali,Over/Under Goals,Under 3.5,1.2,,,WON,
2026-04-25T23:30:00+00:00,Major League Soccer,Columbus Crew,Philadelphia Union,Team Total Goals,Under 2.5,1.36,,,WON,
2026-04-25T23:30:00+00:00,Major League Soccer,DC United,Orlando City SC,Over/Under Goals,Under 3.5,1.42,,,LOST,
2026-04-25T23:30:00+00:00,Major League Soccer,FC Cincinnati,New York Red Bulls,Team Total Goals,Over 0.5,1.25,,,LOST,
2026-04-25T23:30:00+00:00,Major League Soccer,Inter Miami,New England Revolution,Over/Under Goals,Under 3.5,1.7,,,WON,
2026-04-25T23:30:00+00:00,Primera División,Guabirá,Always Ready,Team Total Goals,Under 2.5,1.3,,,WON,
2026-04-25T23:30:00+00:00,Serie B,Sport Recife,Novorizontino,Over/Under Goals,Under 3.5,1.2,,,WON,
2026-04-25T23:30:00+00:00,USL Super League,Tampa Bay Sun W,Carolina Ascent W,Double Chance,Draw/Away,1.36,,,WON,
2026-04-26T00:00:00+00:00,NWSL Women,Houston Dash W,North Carolina Courage W,Over/Under Goals,Over 1.5,1.28,,,LOST,
2026-04-26T00:00:00+00:00,Primera B,Curico Unido,D. Puerto Montt,Over/Under Goals,Under 2.5,1.5,,,LOST,
2026-04-26T00:00:00+00:00,Primera Division,Sport Boys,Juan Pablo II College,Over/Under Goals,Over 1.5,1.33,,,WON,
2026-04-26T00:00:00+00:00,Serie A,Sao Paulo,Mirassol,Team Total Goals,Over 0.5,1.2,,,WON,
2026-04-26T00:00:00+00:00,Serie B,Juventude,Londrina,Over/Under Goals,Under 3.5,1.2,,,WON,
2026-04-26T00:30:00+00:00,Major League Soccer,Austin,Houston Dynamo,Over/Under Goals,Over 1.5,1.25,,,WON,
2026-04-26T00:30:00+00:00,Major League Soccer,Chicago Fire,Sporting Kansas City,Over/Under Goals,Under 3.5,1.85,,,LOST,
2026-04-26T00:30:00+00:00,Major League Soccer,Nashville SC,Charlotte,Team Total Goals,Under 2.5,1.3,,,LOST,
2026-04-26T00:30:00+00:00,Major League Soccer,St. Louis City,San Jose Earthquakes,Over/Under Goals,Over 1.5,1.2,,,WON,
2026-04-26T00:30:00+00:00,Primera B,Deportes Temuco,Rangers de Talca,Over/Under Goals,Under 3.5,1.25,,,WON,
2026-04-26T00:30:00+00:00,Primera Division,River Plate,Aldosivi,Team Total Goals,Under 2.5,1.35,,,LOST,
2026-04-26T00:45:00+00:00,NWSL Women,Denver Summit W,San Diego Wave W,Asian Handicap,Home +1.25,1.21,,,WON,
2026-04-26T01:00:00+00:00,Liga MX,Toluca,Leon,Team Total Goals,Under 2.5,1.55,,,LOST,
2026-04-26T01:00:00+00:00,Liga Nacional,Real Espana,CD Olimpia,Over/Under Goals,Over 1.5,1.28,,,WON,
2026-04-26T01:00:00+00:00,Liga Premier Serie A,Durango,Zacatepec 1948,Over/Under Goals,Over 1.5,1.2,,,WON,
2026-04-26T01:00:00+00:00,Liga de Expansión MX,Monarcas,Mineros de Zacatecas,Team Total Goals,Under 2.5,1.2,,,WON,
2026-04-26T01:07:00+00:00,Liga MX,Guadalajara Chivas,Club Tijuana,Over/Under Goals,Over 2.5,1.5,,,LOST,
2026-04-26T01:30:00+00:00,Major League Soccer,San Diego,Portland Timbers,Team Total Goals,Under 2.5,1.42,,,WON,
2026-04-26T01:30:00+00:00,Primera A,Independiente Medellin,Fortaleza FC,Over/Under Goals,Under 3.5,1.3,,,WON,
2026-04-26T02:00:00+00:00,Liga Premier Serie A,Cimarrones,Celaya,Over/Under Goals,Over 1.5,1.21,,,WON,
2026-04-26T02:30:00+00:00,Major League Soccer,Seattle Sounders,FC Dallas,Over/Under Goals,Over 1.5,1.2,,,WON,
2026-04-26T02:30:00+00:00,Major League Soccer,Vancouver Whitecaps,Colorado Rapids,Team Total Goals,Over 0.5,1.44,,,WON,
2026-04-26T03:00:00+00:00,Liga MX,Club America,Atlas,Over/Under Goals,Under 3.5,1.33,,,WON,
2026-04-26T03:00:00+00:00,Liga MX,FC Juarez,Atletico San Luis,Team Total Goals,Under 2.5,1.25,,,WON,
2026-04-26T03:00:00+00:00,Liga de Expansión MX,CA La Paz,CDS Tampico Madero,Over/Under Goals,Under 3.5,1.38,,,WON,
2026-04-26T03:00:00+00:00,Northern NSW NPL,Charlestown City Blues,Valentine,Team Total Goals,Under 2.5,1.49,,,WON,
2026-04-26T04:00:00+00:00,J2 League,Vanraure Hachinohe,Blaublitz Akita,Team Total Goals,Over 0.5,1.4,,,WON,
2026-04-26T04:30:00+00:00,New South Wales NPL,Sydney United,Wollongong Wolves,Team Total Goals,Under 2.5,1.3,,,WON,
2026-04-26T05:00:00+00:00,A-League,Sydney,Auckland,Team Total Goals,Under 2.5,1.2,,,WON,
2026-04-26T05:00:00+00:00,J2 League,Kochi United,Tokushima Vortis,Team Total Goals,Over 0.5,1.22,,,WON,
2026-04-26T05:00:00+00:00,J2 League,Matsumoto Yamaga,Parceiro Nagano,Over/Under Goals,Over 1.5,1.25,,,LOST,
2026-04-26T05:00:00+00:00,K League 2,Seoul E-Land FC,Hwaseong,Team Total Goals,Over 0.5,1.2,,,WON,
2026-04-26T05:00:00+00:00,K League 2,Suwon City FC,Gimpo Citizen,Over/Under Goals,Over 1.5,1.25,,,WON,
2026-04-26T05:00:00+00:00,K-League Classic,Jeonbuk Motors,Pohang Steelers,Over/Under Goals,Under 3.5,1.25,,,LOST,
2026-04-26T05:00:00+00:00,K3 League,Busan Transportation,Gangneung City,Over/Under Goals,Under 3.5,1.23,,,LOST,
2026-04-26T05:00:00+00:00,K3 League,Chuncheon,Mokpo City,Team Total Goals,Over 0.5,1.21,,,LOST,
2026-04-26T05:00:00+00:00,K3 League,Siheung Citizen,Yangpyeong,Over/Under Goals,Over 1.5,1.27,,,LOST,
2026-04-26T05:00:00+00:00,K3 League,Yeoju Sejong,Pocheon,Over/Under Goals,Under 3.5,1.23,,,LOST,
2026-04-26T05:00:00+00:00,New South Wales NPL 2,Central Coast II,Newcastle Jets II,Team Total Goals,Over 0.5,1.19,,,WON,
2026-04-26T05:00:00+00:00,New South Wales NPL,Blacktown City,NWS Spirit,Team Total Goals,Over 0.5,1.25,,,LOST,
2026-04-26T05:00:00+00:00,New South Wales NPL,Rockdale City Suns,St George City FA,Over/Under Goals,Under 3.5,1.5,,,WON,
2026-04-26T05:00:00+00:00,New South Wales NPL,Western Sydney Wanderers U23,SD Raiders,Team Total Goals,Over 0.5,1.22,,,WON,
2026-04-26T05:00:00+00:00,Northern NSW NPL,Belmont Swansea,Kahibah,Over/Under Goals,Under 3.5,1.7,,,LOST,
2026-04-26T05:00:00+00:00,Victoria NPL,Melbourne City II,Hume City,Asian Handicap,Home +1.25,1.25,,,WON,
2026-04-26T06:00:00+00:00,J2 League,Ehime FC,Kamatamare Sanuki,Over/Under Goals,Under 3.5,1.28,,,WON,
2026-04-26T06:30:00+00:00,New South Wales NPL,APIA Leichhardt Tigers,St. George Saints,Team Total Goals,Over 1.5,1.3,,,WON,
2026-04-26T07:00:00+00:00,First League,Enisey,FK Neftekhimik,Team Total Goals,Over 0.5,1.24,,,WON,
2026-04-26T07:00:00+00:00,Queensland NPL,Brisbane City,WDSC Wolves,Team Total Goals,Over 0.5,1.2,,,LOST,
2026-04-26T07:30:00+00:00,A-League,Melbourne City,Adelaide United,Over/Under Goals,Over 1.5,1.2,,,WON,
2026-04-26T07:30:00+00:00,K League 2,Cheongju,Asan Mugunghwa,Over/Under Goals,Under 3.5,1.25,,,WON,
2026-04-26T07:30:00+00:00,K League 2,Yongin City,Gimhae City,Over/Under Goals,Over 1.5,1.36,,,WON,
2026-04-26T07:30:00+00:00,K-League Classic,Gwangju FC,FC Anyang,Over/Under Goals,Under 3.5,1.2,,,LOST,
2026-04-26T07:30:00+00:00,K-League Classic,Ulsan Hyundai FC,Daejeon Citizen,Team Total Goals,Under 2.5,1.22,,,WON,
2026-04-26T07:30:00+00:00,Taiwan Football Premier League,Hang Yuen,Taichung Futuro,Over/Under Goals,Under 3.5,1.29,,,WON,
2026-04-26T07:30:00+00:00,Taiwan Football Premier League,Tainan City,Ming Chuan University,Over/Under Goals,Over 2.5,1.2,,,WON,
2026-04-26T08:15:00+00:00,3. liga - CFL A,Bohemians 1905 II,Táborsko II,Over/Under Goals,Under 3.5,1.73,,,WON,
2026-04-26T08:15:00+00:00,3. liga - CFL A,Dukla Praha II,České Budějovice II,Over/Under Goals,Under 3.5,1.57,,,LOST,
2026-04-26T08:15:00+00:00,3. liga - CFL B,Hradec Králové II,Jablonec II,Over/Under Goals,Under 3.5,1.54,,,LOST,
2026-04-26T08:15:00+00:00,3. liga - CFL B,Pardubice II,Sokol Brozany,Team Total Goals,Under 2.5,1.54,,,LOST,
2026-04-26T08:15:00+00:00,FNL,Slavia Praha II,Zbrojovka Brno,Asian Handicap,Home +1.25,1.5,,,WON,
2026-04-26T08:30:00+00:00,3. liga - Center,Jednota Bánová,Rimavská Sobota,Over/Under Goals,Under 3.5,1.48,,,WON,
2026-04-26T08:30:00+00:00,Erste Liga,Admira Wacker,Sturm Graz II,Team Total Goals,Under 2.5,1.3,,,WON,
2026-04-26T08:30:00+00:00,FNL,Sparta Praha II,Opava,Over/Under Goals,Under 3.5,1.44,,,WON,
2026-04-26T08:30:00+00:00,First League,Chelyabinsk,Ural,Team Total Goals,Over 0.5,1.24,,,WON,
2026-04-26T08:45:00+00:00,C-League,Kirivong Sok Sen Chey,Dangkor Senchey,Double Chance,Draw/Away,1.25,,,WON,
2026-04-26T09:00:00+00:00,Super League,Qingdao Jonoon,Shandong Luneng,Over/Under Goals,Under 3.5,1.44,,,LOST,
2026-04-26T10:00:00+00:00,1. Division,B 93,Middelfart,Over/Under Goals,Over 1.5,1.2,,,WON,
2026-04-26T10:00:00+00:00,III Liga - Group 3,Polonia Nysa,Słowianin,Team Total Goals,Under 2.5,1.21,,,WON,
2026-04-26T10:00:00+00:00,Liga 3,União Santarém,Academica,Over/Under Goals,Under 3.5,1.21,,,WON,
2026-04-26T10:00:00+00:00,Premier League,Kryvbas KR,Dynamo Kyiv,Over/Under Goals,Over 1.5,1.24,,,WON,
2026-04-26T10:00:00+00:00,Primera División Femenina,Deportivo de La Coruña W,Alhama,Team Total Goals,Over 0.5,1.2,,,WON,
2026-04-26T10:00:00+00:00,Segunda Liga,Lusitânia Lourosa,Pacos Ferreira,Over/Under Goals,Over 1.5,1.4,,,WON,
2026-04-26T10:15:00+00:00,Ekstraklasa,Wisla Plock,Radomiak Radom,Team Total Goals,Over 0.5,1.28,,,LOST,
2026-04-26T10:15:00+00:00,Eredivisie,Excelsior,Utrecht,Team Total Goals,Over 0.5,1.2,,,LOST,
2026-04-26T10:30:00+00:00,Division 2 - Norra Svealand,Gute,Angby,Team Total Goals,Over 0.5,1.2,,,WON,
2026-04-26T10:30:00+00:00,Division 2 - Norrland,Kubikenborg,IFK Östersund,Asian Handicap,Home +1.25,1.19,,,WON,
2026-04-26T10:30:00+00:00,Serie A,Fiorentina,Sassuolo,Team Total Goals,Over 0.5,1.2,,,LOST,
2026-04-26T10:45:00+00:00,Frauenliga,St. Pölten W,Austria Wien W,Over/Under Goals,Over 1.5,1.21,,,LOST,
2026-04-26T11:00:00+00:00,2. Division - Group 1,jerv,Træff,Over/Under Goals,Over 1.5,1.2,,,WON,
2026-04-26T11:00:00+00:00,C-League,Visakha,Life Sihanoukville,1X2 / Match Winner,Home,1.22,,,WON,
2026-04-26T11:00:00+00:00,Championship,Coventry,Wrexham,Team Total Goals,Under 2.5,1.22,,,LOST,
2026-04-26T11:00:00+00:00,Division 2 - Norra Svealand,Korsnäs,Enskede,Over/Under Goals,Under 3.5,1.48,,,LOST,
2026-04-26T11:00:00+00:00,Division 2 - Norra Svealand,Skiljebo,Bollstanäs,Double Chance,Home/Draw,1.2,,,WON,
2026-04-26T11:00:00+00:00,Division 2 - Norra Svealand,Täby,Kungsängen,Over/Under Goals,Under 3.5,1.55,,,WON,
2026-04-26T11:00:00+00:00,Division 2 - Västra Götaland,Onsala,Jonsered,Double Chance,Draw/Away,1.49,,,WON,
2026-04-26T11:00:00+00:00,Division 2 - Västra Götaland,Torslanda,Astrio,Double Chance,Draw/Away,2.12,,,LOST,
2026-04-26T11:00:00+00:00,Division 2 - Västra Götaland,Västra Frölunda,Lindome,Double Chance,Home/Draw,1.19,,,LOST,
2026-04-26T11:00:00+00:00,FA WSL,Everton W,Chelsea W,Over/Under Goals,Under 3.5,1.55,,,LOST,
2026-04-26T11:00:00+00:00,FA WSL,London City Lionesses,Leicester City WFC,Over/Under Goals,Over 1.5,1.25,,,WON,
2026-04-26T11:00:00+00:00,FA WSL,Tottenham Hotspur W,Manchester United W,Over/Under Goals,Over 1.5,1.2,,,LOST,
2026-04-26T11:00:00+00:00,First League,Slavia Sofia,Botev Vratsa,Over/Under Goals,Over 1.5,1.3,,,WON,
2026-04-26T11:00:00+00:00,Liga I,Uta Arad,Farul Constanta,Asian Handicap,Home +0,1.55,,,WON,
2026-04-26T11:00:00+00:00,Premier League,Nizhny Novgorod,Spartak Moscow,Team Total Goals,Under 2.5,1.32,,,WON,
2026-04-26T11:00:00+00:00,Primera División Femenina,Granad. Tenerife W,Sevilla W,Over/Under Goals,Over 1.5,1.3,,,WON,
2026-04-26T11:00:00+00:00,Super League,Chongqing Tongliang Long,Qingdao Youth Island,Double Chance,Home/Draw,1.25,,,WON,
2026-04-26T11:00:00+00:00,Super League,Sichuan Jiuniu,Shenyang Urban,Over/Under Goals,Over 1.5,1.35,,,LOST,
2026-04-26T11:00:00+00:00,Superettan,IFK Varnamo,Oddevold,Over/Under Goals,Over 1.5,1.25,,,WON,
2026-04-26T11:00:00+00:00,Thai League 1,Rayong FC,Lamphun Warrior,Over/Under Goals,Under 3.5,1.33,,,WON,
2026-04-26T11:00:00+00:00,Virsliga,Auda,Tukums,Team Total Goals,Over 0.5,1.4,,,WON,
2026-04-26T11:15:00+00:00,First NL,Croatia Zmijavci,Rudes,Over/Under Goals,Under 3.5,1.2,,,WON,
2026-04-26T11:30:00+00:00,3. Liga,FC Viktoria Köln,Energie Cottbus,Over/Under Goals,Over 1.5,1.2,,,WON,
2026-04-26T11:30:00+00:00,Bundesliga 2,1. FC Nürnberg,1. FC Magdeburg,Team Total Goals,Under 2.5,1.22,,,WON,
2026-04-26T11:30:00+00:00,Bundesliga 2,SC Paderborn 07,FC Schalke 04,Over/Under Goals,Over 1.5,1.25,,,WON,
2026-04-26T11:30:00+00:00,Bundesliga 2,VfL Bochum,SpVgg Greuther Fürth,Asian Handicap,Home +0.5,1.21,,,WON,
2026-04-26T11:30:00+00:00,Jupiler Pro League,Gent,Club Brugge KV,Over/Under Goals,Under 3.5,1.62,,,WON,
2026-04-26T11:30:00+00:00,Meistriliiga,Kalju Nomme,Vaprus,Over/Under Goals,Under 3.5,1.62,,,WON,
2026-04-26T11:30:00+00:00,Meistriliiga,Paide,Flora Tallinn,Over/Under Goals,Over 1.5,1.2,,,WON,
2026-04-26T11:30:00+00:00,Premier League,Geylang International,Home United,Over/Under Goals,Over 2.5,1.33,,,WON,
2026-04-26T11:30:00+00:00,Super Lig,Gençlerbirliği S.K.,Kocaelispor,Over/Under Goals,Under 3.5,1.22,,,WON,
2026-04-26T11:30:00+00:00,Thai League 1,Chonburi FC,Muangthong United,Over/Under Goals,Over 1.5,1.2,,,LOST,
2026-04-26T11:30:00+00:00,Thai League 1,Kanchanaburi,Buriram United,Over/Under Goals,Under 3.5,1.53,,,LOST,
2026-04-26T11:35:00+00:00,Super League,Dalian Zhixing,Yunnan Yukun,Over/Under Goals,Over 1.5,1.2,,,WON,
2026-04-26T12:00:00+00:00,1. Division,Aarhus Fremad,Hobro,Over/Under Goals,Over 1.5,1.3,,,LOST,
2026-04-26T12:00:00+00:00,3. Division - Girone 5,Strømsgodset II,Fauske Sprint,Team Total Goals,Under 2.5,1.42,,,LOST,
2026-04-26T12:00:00+00:00,3. Division,Nykobing FC,FA 2000,Over/Under Goals,Over 1.5,1.2,,,LOST,
2026-04-26T12:00:00+00:00,Allsvenskan,Djurgardens IF,Hammarby FF,Over/Under Goals,Over 1.5,1.25,,,WON,
2026-04-26T12:00:00+00:00,Damallsvenskan,Piteå W,Vittsjö,Team Total Goals,Over 0.5,1.2,,,WON,
2026-04-26T12:00:00+00:00,Division 2 - Västra Götaland,Åstorp,Böljan,Team Total Goals,Under 2.5,1.53,,,WON,
2026-04-26T12:00:00+00:00,First League,Arsenal Tivat,Petrovac,Double Chance,Draw/Away,1.33,,,LOST,
2026-04-26T12:00:00+00:00,First League,Dečić,Buducnost Podgorica,Over/Under Goals,Over 1.5,1.43,,,LOST,
2026-04-26T12:00:00+00:00,First League,Mladost DG,Mornar,Over/Under Goals,Under 3.5,1.2,,,WON,
2026-04-26T12:00:00+00:00,First League,Sutjeska,Jezero,Over/Under Goals,Under 3.5,1.27,,,WON,
2026-04-26T12:00:00+00:00,Frauen Bundesliga,Eintracht Frankfurt W,VfL Wolfsburg W,Asian Handicap,Home +1.25,1.21,,,WON,
2026-04-26T12:00:00+00:00,La Liga,Rayo Vallecano,Real Sociedad,Over/Under Goals,Under 3.5,1.3,,,LOST,
2026-04-26T12:00:00+00:00,Premier League,Kedus Giorgis,Ethiopia Bunna,Double Chance,Home/Draw,1.33,,,LOST,
2026-04-26T12:00:00+00:00,Premyer Liqa,Şamaxı FK,Kapaz,Over/Under Goals,Under 3.5,1.19,,,WON,
2026-04-26T12:00:00+00:00,Segunda Division,Cordoba,Sporting Gijon,Team Total Goals,Under 2.5,1.22,,,LOST,
2026-04-26T12:00:00+00:00,Super League,FC Basel 1893,FC Sion,Over/Under Goals,Over 1.5,1.19,,,WON,
2026-04-26T12:00:00+00:00,Super League,Henan Jianye,Shanghai Shenhua,Over/Under Goals,Under 3.5,1.48,,,WON,
2026-04-26T12:00:00+00:00,Superligaen,FC Fredericia,Odense,Over/Under Goals,Under 3.5,1.38,,,WON,
2026-04-26T12:00:00+00:00,Superligaen,Silkeborg,Randers FC,Team Total Goals,Under 2.5,1.19,,,WON,
2026-04-26T12:00:00+00:00,Thai League 1,Ayutthaya FC,Prachuap,Over/Under Goals,Under 3.5,1.33,,,LOST,
2026-04-26T12:15:00+00:00,Super League,Penang,Sabah FA,Over/Under Goals,Under 3.5,1.45,,,WON,
2026-04-26T12:30:00+00:00,1. Liga Classic - Group 2,Münsingen,Courtételle,Over/Under Goals,Under 3.5,1.3,,,WON,
2026-04-26T12:30:00+00:00,2. Division - Group 1,Brattvåg,Vidar,Over/Under Goals,Under 3.5,2.0,,,WON,
2026-04-26T12:30:00+00:00,Derde Divisie - Saturday,Hsc 21,TEC,1X2 / Match Winner,Away,1.43,,,WON,
2026-04-26T12:30:00+00:00,Eliteserien,Molde,Valerenga,Double Chance,Home/Draw,1.3,,,WON,
2026-04-26T12:30:00+00:00,Eredivisie,Heracles,FC Volendam,Team Total Goals,Under 2.5,1.25,,,WON,
2026-04-26T12:30:00+00:00,FNL,Baník Ostrava II,Vysočina Jihlava,Team Total Goals,Over 0.5,1.19,,,WON,
2026-04-26T12:30:00+00:00,Premier League,LNZ Cherkasy,Metalist 1925 Kharkiv,Double Chance,Home/Draw,1.29,,,WON,
2026-04-26T12:30:00+00:00,Serie C - Girone B,Arezzo,Torres,Over/Under Goals,Under 3.5,1.3,,,LOST,
2026-04-26T12:30:00+00:00,Serie C - Girone B,Campobasso FC,Ascoli,Over/Under Goals,Under 3.5,1.3,,,WON,
2026-04-26T12:30:00+00:00,Serie C - Girone B,Forli,Perugia,Over/Under Goals,Under 3.5,1.25,,,WON,
2026-04-26T12:30:00+00:00,Serie C - Girone B,Gubbio,Pineto,Over/Under Goals,Under 3.5,1.2,,,WON,
2026-04-26T12:30:00+00:00,Serie C - Girone B,Guidonia Montecelio 1937,Athletic Carpi,Over/Under Goals,Under 3.5,1.22,,,LOST,
2026-04-26T12:30:00+00:00,Serie C - Girone B,Juventus U23,Bra,Over/Under Goals,Under 3.5,1.35,,,LOST,
2026-04-26T12:30:00+00:00,Serie C - Girone B,Pontedera,Livorno,Over/Under Goals,Under 3.5,1.28,,,WON,
2026-04-26T12:30:00+00:00,Serie C - Girone B,Ternana,Pianese,Team Total Goals,Under 2.5,1.22,,,WON,
2026-04-26T12:30:00+00:00,Serie C - Girone B,Vis Pesaro,Sambenedettese,Asian Handicap,Home +1.25,1.2,,,WON,
2026-04-26T12:30:00+00:00,Tipp3 Bundesliga,Rapid Vienna,Red Bull Salzburg,Over/Under Goals,Over 1.5,1.25,,,LOST,
2026-04-26T12:30:00+00:00,Tipp3 Bundesliga,TSV Hartberg,Lask Linz,Over/Under Goals,Over 1.5,1.25,,,WON,
2026-04-26T12:45:00+00:00,Ekstraklasa,Widzew Łódź,Motor Lublin,Team Total Goals,Under 2.5,1.25,,,WON,
2026-04-26T13:00:00+00:00,1. Division,Ethnikos Achna,Olympiakos,Over/Under Goals,Under 3.5,1.25,,,WON,
2026-04-26T13:00:00+00:00,1. SNL,Primorje,Radomlje,Team Total Goals,Under 2.5,1.25,,,WON,
2026-04-26T13:00:00+00:00,1st Division,Baroka FC,Kruger United,Double Chance,Home/Draw,1.6,,,LOST,
2026-04-26T13:00:00+00:00,1st Division,Gomora United FC,Hungry Lions,Double Chance,Draw/Away,1.67,,,LOST,
2026-04-26T13:00:00+00:00,1st Division,Midlands Wanderers,Venda FC,Team Total Goals,Over 0.5,1.34,,,WON,
2026-04-26T13:00:00+00:00,2. Division - Group 2,Hønefoss,Levanger,Team Total Goals,Over 0.5,1.28,,,WON,
2026-04-26T13:00:00+00:00,3. Division - Girone 4,Hinna,Odd II,Asian Handicap,Home +0,1.27,,,WON,
2026-04-26T13:00:00+00:00,3. Division - Girone 4,Vindbjart,Viking II,Over/Under Goals,Over 2.5,1.36,,,WON,
2026-04-26T13:00:00+00:00,Damallsvenskan,Malmö FF W,Brommapojkarna W,Over/Under Goals,Over 2.5,1.44,,,LOST,
2026-04-26T13:00:00+00:00,Division Intermedia,Benjamín Aceval,Fernando De La Mora,Over/Under Goals,Under 3.5,1.2,,,WON,
2026-04-26T13:00:00+00:00,Division Intermedia,Independiente F.b.c.,Guairena FC,Over/Under Goals,Under 3.5,1.22,,,WON,
2026-04-26T13:00:00+00:00,Ettan - Norra,Stockholm Internazionale,Umeå FC,Over/Under Goals,Under 3.5,1.38,,,WON,
2026-04-26T13:00:00+00:00,FA WSL,Liverpool W,West Ham W,Asian Handicap,Home +0,1.3,,,LOST,
2026-04-26T13:00:00+00:00,Ligue 1,Lorient,Strasbourg,Team Total Goals,Under 2.5,1.2,,,WON,
2026-04-26T13:00:00+00:00,Paulista - A3,Portuguesa Santista,Marília,Asian Handicap,Home +0.25,1.19,,,WON,
2026-04-26T13:00:00+00:00,Paulista - A4,Grêmio Sãocarlense,Inter de Bebedouro,Double Chance,Draw/Away,1.42,,,WON,
2026-04-26T13:00:00+00:00,Premier League 2 Division One,Manchester United U21,Sunderland U21,Team Total Goals,Under 2.5,1.2,,,WON,
2026-04-26T13:00:00+00:00,Premier League,Zabbar St. Patrick,Sliema Wanderers,Over/Under Goals,Over 1.5,1.26,,,WON,
2026-04-26T13:00:00+00:00,Premier Soccer League,Orlando Pirates,Kaizer Chiefs,Team Total Goals,Over 0.5,1.2,,,WON,
2026-04-26T13:00:00+00:00,Premier Soccer League,Polokwane City,Stellenbosch,Double Chance,Home/Draw,1.4,,,WON,
2026-04-26T13:00:00+00:00,Premier Soccer League,TS Galaxy,Magesi,Over/Under Goals,Over 1.5,1.62,,,LOST,
2026-04-26T13:00:00+00:00,Premiership,Dundee Utd,Dundee,Over/Under Goals,Over 1.5,1.22,,,WON,
2026-04-26T13:00:00+00:00,Primera División - Apertura,Central Espanol,Cerro,Team Total Goals,Over 0.5,1.28,,,WON,
2026-04-26T13:00:00+00:00,Segunda Liga,Vizela,Sporting CP B,Over/Under Goals,Under 3.5,1.33,,,WON,
2026-04-26T13:00:00+00:00,Serie A,Genoa,Como,Over/Under Goals,Over 1.5,1.33,,,WON,
2026-04-26T13:00:00+00:00,Super League 1,Kifisia,Panetolikos,Over/Under Goals,Under 3.5,1.22,,,WON,
2026-04-26T13:00:00+00:00,Super Liga,OFK Beograd,Radnik Surdulica,Team Total Goals,Over 0.5,1.25,,,WON,
2026-04-26T13:00:00+00:00,Superettan,IK brage,Varbergs BoIS FC,Over/Under Goals,Over 1.5,1.25,,,WON,
2026-04-26T13:00:00+00:00,Superliga,Ballkani,Ferizaj,Team Total Goals,Under 2.5,1.33,,,LOST,
2026-04-26T13:00:00+00:00,Superliga,Drita,Llapi,Over/Under Goals,Under 3.5,1.28,,,WON,
2026-04-26T13:00:00+00:00,TFF 1. Lig,Amed,Bodrum FK,Over/Under Goals,Over 1.5,1.22,,,WON,
2026-04-26T13:00:00+00:00,TFF 1. Lig,Erzurumspor FK,Bandırmaspor,Team Total Goals,Under 2.5,1.27,,,WON,
2026-04-26T13:00:00+00:00,TFF 1. Lig,Keçiörengücü,Manisa F.K.,Team Total Goals,Under 2.5,1.54,,,WON,
2026-04-26T13:00:00+00:00,TFF 1. Lig,Pendikspor,Boluspor,Over/Under Goals,Over 1.5,1.19,,,WON,
2026-04-26T13:00:00+00:00,TFF 1. Lig,Sakaryaspor,Çorum FK,Over/Under Goals,Under 3.5,1.35,,,LOST,
2026-04-26T13:00:00+00:00,TFF 1. Lig,Sarıyer,Esenler Erokspor,Team Total Goals,Under 2.5,1.35,,,WON,
2026-04-26T13:00:00+00:00,TFF 1. Lig,Sivasspor,Iğdır FK,Over/Under Goals,Under 3.5,1.31,,,WON,
2026-04-26T13:00:00+00:00,Veikkausliiga,KuPS,HJK Helsinki,Team Total Goals,Under 2.5,1.2,,,WON,
2026-04-26T13:30:00+00:00,Bundesliga 1,VfB Stuttgart,Werder Bremen,Team Total Goals,Over 0.5,1.38,,,WON,
2026-04-26T13:30:00+00:00,First League,Lokomotiv Plovdiv,Cherno More Varna,Over/Under Goals,Under 3.5,1.19,,,WON,
2026-04-26T13:55:00+00:00,Professional League,Saham,Ibri,Over/Under Goals,Under 3.5,1.22,,,WON,
2026-04-26T14:00:00+00:00,1. Division,Apoel Nicosia,Pafos,Over/Under Goals,Over 1.5,1.28,,,WON,
2026-04-26T14:00:00+00:00,1. Division,HB Koge,Aalborg,Over/Under Goals,Over 1.5,1.2,,,WON,
2026-04-26T14:00:00+00:00,3. Division,Vejgaard B,Odder,Over/Under Goals,Under 3.5,1.5,,,WON,
2026-04-26T14:00:00+00:00,Brasileiro Women,RB Bragantino W,Cruzeiro W,Over/Under Goals,Over 1.5,1.2,,,WON,
2026-04-26T14:00:00+00:00,Division 2 - Norrland,Team Thoren,Lucksta,Team Total Goals,Under 2.5,1.45,,,WON,
2026-04-26T14:00:00+00:00,Ettan - Norra,AFC Eskilstuna,IF Karlstad,Double Chance,Home/Draw,1.48,,,LOST,
2026-04-26T14:00:00+00:00,Ettan - Norra,Järfälla,Piteå,Over/Under Goals,Under 3.5,1.55,,,WON,
2026-04-26T14:00:00+00:00,Ettan - Norra,Karlberg,Gefle IF,Over/Under Goals,Over 1.5,1.19,,,WON,
2026-04-26T14:00:00+00:00,Ettan - Södra,Kristianstad,Utsikten,Over/Under Goals,Under 3.5,1.41,,,LOST,
2026-04-26T14:00:00+00:00,Ettan - Södra,Olympic,Jonkopings Sodra,Over/Under Goals,Under 3.5,1.36,,,LOST,
2026-04-26T14:00:00+00:00,FA Cup,Chelsea,Leeds,Team Total Goals,Under 2.5,1.3,,,WON,
2026-04-26T14:00:00+00:00,First League,Akademija Pandev,Pelister,Over/Under Goals,Under 3.5,1.22,,,WON,
2026-04-26T14:00:00+00:00,First League,Chernomorets,FK Sokol Saratov,Over/Under Goals,Under 3.5,1.22,,,WON,
2026-04-26T14:00:00+00:00,First League,KAMAZ,Chayka,Over/Under Goals,Under 3.5,1.28,,,WON,
2026-04-26T14:00:00+00:00,First League,Rotor Volgograd,Volga Ulyanovsk,Double Chance,Home/Draw,1.19,,,WON,
2026-04-26T14:00:00+00:00,First League,Shinnik Yaroslavl,Ska-khabarovsk,Over/Under Goals,Under 3.5,1.19,,,WON,
2026-04-26T14:00:00+00:00,First League,Vardar Skopje,Tikveš,1X2 / Match Winner,Home,1.19,,,WON,
2026-04-26T14:00:00+00:00,Frauen Bundesliga,Bayer Leverkusen W,SC Freiburg W,1X2 / Match Winner,Home,1.49,,,WON,
2026-04-26T14:00:00+00:00,Jupiler Pro League,KV Mechelen,St. Truiden,Team Total Goals,Under 2.5,1.24,,,LOST,
2026-04-26T14:00:00+00:00,Liga 3,AD Marco 09,SC Braga B,Over/Under Goals,Under 3.5,1.19,,,WON,
2026-04-26T14:00:00+00:00,Liga 3,Sanjoanense,Paredes,Over/Under Goals,Over 1.5,1.31,,,LOST,
2026-04-26T14:00:00+00:00,Meistriliiga,FC Levadia Tallinn,Trans Narva,Over/Under Goals,Over 2.5,1.44,,,WON,
2026-04-26T14:00:00+00:00,National Division,Atert Bissen,Mamer,Over/Under Goals,Under 3.5,1.48,,,LOST,
2026-04-26T14:00:00+00:00,National Division,Swift Hesperange,F91 Dudelange,Over/Under Goals,Under 3.5,1.48,,,WON,
2026-04-26T14:00:00+00:00,National Division,UN Kaerjeng 97,Racing FC Union Luxembourg,Over/Under Goals,Under 3.5,1.4,,,LOST,
2026-04-26T14:00:00+00:00,National Division,UNA Strassen,Jeunesse Canach,Over/Under Goals,Under 3.5,1.47,,,WON,
2026-04-26T14:00:00+00:00,National Division,US Mondorf-les-bains,US Hostert,Over/Under Goals,Over 1.5,1.19,,,WON,
2026-04-26T14:00:00+00:00,National Division,Union Titus Petange,FC Differdange 03,Over/Under Goals,Under 3.5,1.42,,,WON,
2026-04-26T14:00:00+00:00,National Division,Victoria Rosport,AS Jeunesse Esch,Over/Under Goals,Under 3.5,1.23,,,WON,
2026-04-26T14:00:00+00:00,Premier League,Dynamo,FC Sochi,Over/Under Goals,Under 3.5,1.65,,,WON,
2026-04-26T14:00:00+00:00,Premier League,FC Krasnodar,Dinamo Makhachkala,Over/Under Goals,Over 1.5,1.36,,,WON,
2026-04-26T14:00:00+00:00,Premier League,FC Urartu,Van,Over/Under Goals,Under 3.5,1.3,,,WON,
2026-04-26T14:00:00+00:00,Premier League,Marsaxlokk,Valletta FC,Over/Under Goals,Over 1.5,1.3,,,LOST,
2026-04-26T14:00:00+00:00,Premiership,Rangers,Motherwell,Over/Under Goals,Over 1.5,1.19,,,WON,
2026-04-26T14:00:00+00:00,Professional League,Al-Nahda,Dhofar,Over/Under Goals,Under 3.5,1.2,,,WON,
2026-04-26T14:00:00+00:00,Prva HNL,HNK Rijeka,HNK Hajduk Split,Over/Under Goals,Under 3.5,1.28,,,WON,
2026-04-26T14:00:00+00:00,Superliga,Bylis,Teuta Durrës,Over/Under Goals,Under 3.5,1.19,,,WON,
2026-04-26T14:00:00+00:00,Superligaen,Sonderjyske,Brondby,Over/Under Goals,Under 3.5,1.38,,,WON,
2026-04-26T14:15:00+00:00,La Liga,Oviedo,Elche,Over/Under Goals,Under 3.5,1.25,,,WON,
2026-04-26T14:15:00+00:00,Segunda Division,Granada CF,Almeria,Over/Under Goals,Over 1.5,1.28,,,WON,
2026-04-26T14:15:00+00:00,Segunda Division,Mirandes,Cultural Leonesa,Team Total Goals,Over 0.5,1.22,,,WON,
2026-04-26T14:30:00+00:00,3. Liga,Rot-Weiß Essen,FC Saarbrücken,Asian Handicap,Home +0,1.38,,,LOST,
2026-04-26T14:30:00+00:00,3. liga - East,MSK Tesla Stropkov,Spišská Nová Ves,Over/Under Goals,Under 3.5,1.32,,,WON,
2026-04-26T14:30:00+00:00,Allsvenskan,IF Brommapojkarna,Vasteras SK FK,Over/Under Goals,Over 1.5,1.3,,,WON,
2026-04-26T14:30:00+00:00,Allsvenskan,IFK Goteborg,Gais,Over/Under Goals,Under 3.5,1.3,,,LOST,
2026-04-26T14:30:00+00:00,Ligue 1,CA Bizertin,ES Tunis,Team Total Goals,Under 2.5,1.21,,,WON,
2026-04-26T14:30:00+00:00,Ligue 1,CS Sfaxien,Stade Tunisien,Double Chance,Home/Draw,1.21,,,WON,
2026-04-26T14:30:00+00:00,Ligue 1,Club Africain,JS Kairouanaise,Over/Under Goals,Under 3.5,1.3,,,WON,
2026-04-26T14:30:00+00:00,Ligue 1,ES Zarzis,Olympique Béja,Team Total Goals,Under 2.5,1.2,,,WON,
2026-04-26T14:30:00+00:00,Primeira Liga,Estoril,Famalicao,Over/Under Goals,Over 1.5,1.22,,,LOST,
2026-04-26T14:30:00+00:00,Segunda Liga,Penafiel,FC Porto B,Asian Handicap,Home +0.5,1.35,,,WON,
2026-04-26T14:30:00+00:00,Super League,BSC Young Boys,FC ST. Gallen,Team Total Goals,Over 0.5,1.2,,,WON,
2026-04-26T14:30:00+00:00,Super League,Servette FC,FC Winterthur,1X2 / Match Winner,Home,1.36,,,WON,
2026-04-26T14:30:00+00:00,Super Liga,Novi Pazar,Cukaricki,Over/Under Goals,Under 3.5,1.25,,,LOST,
2026-04-26T14:30:00+00:00,UEFA Champions League Women,Arsenal W,Lyon W,Team Total Goals,Under 2.5,1.21,,,WON,
2026-04-26T15:00:00+00:00,2. SNL,Bilje,Tabor Sežana,Over/Under Goals,Over 1.5,1.23,,,WON,
2026-04-26T15:00:00+00:00,3. liga - CFL A,Slavia III,Admira Praha,Over/Under Goals,Under 3.5,1.46,,,WON,
2026-04-26T15:00:00+00:00,3. liga - CFL B,Sokol Zápy,Kolín,1X2 / Match Winner,Home,1.22,,,WON,
2026-04-26T15:00:00+00:00,3. liga - CFL B,Varnsdorf,Benátky nad Jizerou,Over/Under Goals,Over 1.5,1.2,,,LOST,
2026-04-26T15:00:00+00:00,4. liga - Divizie A,Hluboka nad Vltavou,Doubravka,Double Chance,Home/Draw,1.2,,,WON,
2026-04-26T15:00:00+00:00,Botola Pro,CR Khemis Zemamra,Maghreb Fès,Double Chance,Draw/Away,1.28,,,WON,
2026-04-26T15:00:00+00:00,Eliteserien,Aalesund,Kristiansund BK,Team Total Goals,Under 2.5,1.33,,,WON,
2026-04-26T15:00:00+00:00,Eliteserien,Ham-Kam,Start,Team Total Goals,Over 0.5,1.2,,,WON,
2026-04-26T15:00:00+00:00,Eliteserien,KFUM Oslo,Sarpsborg 08 FF,Over/Under Goals,Over 1.5,1.19,,,LOST,
2026-04-26T15:00:00+00:00,Eliteserien,Tromso,Sandefjord,Over/Under Goals,Under 3.5,1.42,,,LOST,
2026-04-26T15:00:00+00:00,Erovnuli Liga,Spaeri,Dila,Asian Handicap,Home +1.25,1.22,,,WON,
2026-04-26T15:00:00+00:00,I Liga,Odra Opole,Polonia Bytom,Over/Under Goals,Under 3.5,1.24,,,WON,
2026-04-26T15:00:00+00:00,NB I,Ferencvarosi TC,Paks,Team Total Goals,Over 0.5,1.38,,,LOST,
2026-04-26T15:00:00+00:00,Premier League,Kudrivka,Shakhtar Donetsk,Over/Under Goals,Under 3.5,1.41,,,LOST,
2026-04-26T15:00:00+00:00,Premier League,Polessya,Obolon'-Brovar,Over/Under Goals,Under 3.5,1.3,,,LOST,
2026-04-26T15:00:00+00:00,Premyer Liqa,Neftchi Baku,Qarabag,Over/Under Goals,Over 1.5,1.3,,,WON,
2026-04-26T15:00:00+00:00,Primera C,Berazategui,Victoriano Arenas,Team Total Goals,Under 2.5,1.23,,,WON,
2026-04-26T15:00:00+00:00,Super League 1,Atromitos,Asteras Tripolis,Over/Under Goals,Under 3.5,1.22,,,WON,
2026-04-26T15:00:00+00:00,Super Liga,CSF Bălți,Milsami Orhei,Team Total Goals,Under 2.5,1.19,,,WON,
2026-04-26T15:00:00+00:00,Super Liga,Tatran Prešov,AS Trencin,Over/Under Goals,Under 3.5,1.3,,,WON,
2026-04-26T15:00:00+00:00,Tipp3 Bundesliga,Sturm Graz,Austria Vienna,Team Total Goals,Over 0.5,1.25,,,WON,
2026-04-26T15:15:00+00:00,Ligue 1,Le Havre,Metz,Team Total Goals,Under 2.5,1.25,,,LOST,
2026-04-26T15:15:00+00:00,Ligue 1,Paris FC,Lille,Over/Under Goals,Over 1.5,1.28,,,LOST,
2026-04-26T15:15:00+00:00,Ligue 1,Rennes,Nantes,Team Total Goals,Under 2.5,1.48,,,WON,
2026-04-26T15:30:00+00:00,1. SNL,Celje,Aluminij,Over/Under Goals,Under 3.5,1.85,,,LOST,
2026-04-26T15:30:00+00:00,Bundesliga 1,Borussia Dortmund,SC Freiburg,Team Total Goals,Under 2.5,1.55,,,LOST,
2026-04-26T15:30:00+00:00,Ekstraklasa,Lech Poznan,Legia Warszawa,Over/Under Goals,Over 1.5,1.22,,,WON,
2026-04-26T15:30:00+00:00,Liga 3,Amarante,CF Os Belenenses,Double Chance,Home/Draw,1.5,,,WON,
2026-04-26T15:30:00+00:00,Premier League,Gzira United,Naxxar Lions,Team Total Goals,Over 0.5,1.22,,,LOST,
2026-04-26T15:30:00+00:00,Premier Soccer League,Richards Bay,Mamelodi Sundowns,Team Total Goals,Under 2.5,1.3,,,WON,
2026-04-26T15:30:00+00:00,Premiership,Hibernian,Heart Of Midlothian,Over/Under Goals,Over 1.5,1.28,,,WON,
2026-04-26T15:30:00+00:00,Primera División Femenina,Real Sociedad W,Madrid CFF W,1X2 / Match Winner,Home,1.36,,,WON,
2026-04-26T16:00:00+00:00,1. Division,Apollon Limassol,Omonia Nicosia,Over/Under Goals,Under 3.5,1.36,,,LOST,
2026-04-26T16:00:00+00:00,2. SNL,Brinje-Grosuplje,Jesenice,Over/Under Goals,Under 3.5,1.62,,,LOST,
2026-04-26T16:00:00+00:00,Esiliiga A,Viimsi,Maardu,Asian Handicap,Home +0,1.21,,,WON,
2026-04-26T16:00:00+00:00,First League,Arda Kardzhali,Botev Plovdiv,Over/Under Goals,Under 3.5,1.2,,,WON,
2026-04-26T16:00:00+00:00,First League,Rodina Moskva,FC UFA,Over/Under Goals,Under 3.5,1.21,,,WON,
2026-04-26T16:00:00+00:00,Primera B Metropolitana,Deportivo Armenio,San Martín Burzaco,Double Chance,Home/Draw,1.22,,,WON,
2026-04-26T16:00:00+00:00,Primera Division,UTC Cajamarca,Cienciano,Over/Under Goals,Over 1.5,1.28,,,WON,
2026-04-26T16:00:00+00:00,Serie A Women,Ternana W,Fiorentina W,Asian Handicap,Home +1.25,1.52,,,WON,
2026-04-26T16:00:00+00:00,Serie A,Torino,Inter,Over/Under Goals,Over 1.5,1.2,,,WON,
2026-04-26T16:00:00+00:00,Super Liga,FK Crvena Zvezda,FK Partizan,Over/Under Goals,Over 2.5,1.4,,,WON,
2026-04-26T16:00:00+00:00,Superligaen,Viborg,FC Nordsjaelland,Team Total Goals,Under 2.5,1.2,,,WON,
2026-04-26T16:25:00+00:00,Professional League,Al-Rustaq,Al Seeb,Over/Under Goals,Under 3.5,1.3,,,LOST,
2026-04-26T16:25:00+00:00,Professional League,Smail,Al-Khabourah,Over/Under Goals,Over 1.5,1.48,,,WON,
2026-04-26T16:30:00+00:00,Jupiler Pro League,Anderlecht,Union St. Gilloise,Over/Under Goals,Over 1.5,1.3,,,WON,
2026-04-26T16:30:00+00:00,La Liga,Osasuna,Sevilla,Team Total Goals,Over 0.5,1.25,,,WON,
2026-04-26T16:30:00+00:00,National Division,Progres Niederkorn,Rodange 91,Team Total Goals,Under 2.5,1.32,,,WON,
2026-04-26T16:30:00+00:00,Premier League,Zenit,Akhmat,Over/Under Goals,Over 1.5,1.27,,,WON,
2026-04-26T16:30:00+00:00,Première Division,ASKO,USFAS Bamako,Double Chance,Draw/Away,1.33,,,WON,
2026-04-26T16:30:00+00:00,Primera Division,D. La Serena,Huachipato,Over/Under Goals,Over 1.5,1.36,,,LOST,
2026-04-26T16:30:00+00:00,Segunda Division,Huesca,Zaragoza,Over/Under Goals,Under 3.5,1.22,,,WON,
2026-04-26T16:30:00+00:00,Segunda Division,Leganes,FC Andorra,Over/Under Goals,Over 1.5,1.3,,,WON,
2026-04-26T16:45:00+00:00,Prva HNL,Dinamo Zagreb,NK Varazdin,Over/Under Goals,Over 2.5,1.48,,,WON,
2026-04-26T17:00:00+00:00,Botola Pro,Raja Casablanca,FUS Rabat,Double Chance,Home/Draw,1.2,,,WON,
2026-04-26T17:00:00+00:00,Botola Pro,Yacoub El Mansour,FAR Rabat,Over/Under Goals,Under 3.5,1.25,,,LOST,
2026-04-26T17:00:00+00:00,Erovnuli Liga,Rustavi,Saburtalo,Over/Under Goals,Over 1.5,1.37,,,WON,
2026-04-26T17:00:00+00:00,Liga de Ascenso,ADR Jicaral,Futbol Consultants Moravia,Team Total Goals,Over 0.5,1.57,,,LOST,
2026-04-26T17:00:00+00:00,Ligat Ha'al,Hapoel Katamon,Hapoel Haifa,Over/Under Goals,Under 3.5,1.28,,,WON,
2026-04-26T17:00:00+00:00,Ligat Ha'al,Ironi Tiberias,Ironi Kiryat Shmona,Over/Under Goals,Under 3.5,1.3,,,WON,
2026-04-26T17:00:00+00:00,Ligue 1,Casa Sport,Gorée,Double Chance,Draw/Away,1.4,,,WON,
2026-04-26T17:00:00+00:00,Ligue 1,Pikine,Génération Foot,Over/Under Goals,Under 2.5,1.33,,,WON,
2026-04-26T17:00:00+00:00,Ligue 1,Sonacos,DSC,Asian Handicap,Home +0.5,1.33,,,WON,
2026-04-26T17:00:00+00:00,Ligue 1,Stade de Mbour,Ouakam,Over/Under Goals,Under 2.5,1.3,,,WON,
2026-04-26T17:00:00+00:00,Primeira Liga,Estrela,FC Porto,Over/Under Goals,Over 1.5,1.25,,,WON,
2026-04-26T17:00:00+00:00,Primeira Liga,Santa Clara,SC Braga,Team Total Goals,Under 2.5,1.19,,,WON,
2026-04-26T17:00:00+00:00,Segunda Liga,Benfica B,Maritimo,Team Total Goals,Under 2.5,1.2,,,WON,
2026-04-26T17:00:00+00:00,Super League 1,Larisa,Panserraikos,Over/Under Goals,Under 3.5,1.2,,,WON,
2026-04-26T17:00:00+00:00,Super Lig,Galatasaray,Fenerbahçe,Over/Under Goals,Over 1.5,1.22,,,WON,
2026-04-26T17:00:00+00:00,Super Liga,Petrocub,Sheriff Tiraspol,Over/Under Goals,Over 1.5,1.33,,,LOST,
2026-04-26T17:00:00+00:00,Super Liga,Spartak Trnava,Slovan Bratislava,Over/Under Goals,Over 1.5,1.2,,,LOST,
2026-04-26T17:00:00+00:00,Superliga,Egnatia Rrogozhinë,Vora,Team Total Goals,Under 2.5,1.28,,,WON,
2026-04-26T17:15:00+00:00,Eliteserien,Lillestrom,Bodo/Glimt,Team Total Goals,Under 2.5,1.45,,,WON,
2026-04-26T17:15:00+00:00,Jupiler Pro League,Zulte Waregem,RAAL La Louvière,Over/Under Goals,Under 3.5,1.35,,,LOST,
2026-04-26T17:30:00+00:00,3. Liga,Havelse,Stuttgart II,Asian Handicap,Home +1.25,1.42,,,WON,
2026-04-26T17:30:00+00:00,NB I,Debreceni VSC,Gyori ETO FC,Over/Under Goals,Over 1.5,1.22,,,WON,
2026-04-26T17:30:00+00:00,Primera División Femenina,Real Madrid W,Edf Logrono W,Team Total Goals,Over 0.5,2.55,,,WON,
2026-04-26T18:00:00+00:00,Liga I,Dinamo Bucuresti,Rapid,Over/Under Goals,Under 3.5,1.28,,,LOST,
2026-04-26T18:00:00+00:00,Liga Pro,Macara,Libertad,Double Chance,Home/Draw,1.25,,,WON,
2026-04-26T18:00:00+00:00,Primera Division,Independ. Rivadavia,Gimnasia M.,Over/Under Goals,Under 3.5,1.19,,,LOST,
2026-04-26T18:00:00+00:00,Primera Nacional,Deportivo Moron,Racing Cordoba,Team Total Goals,Over 0.5,1.33,,,WON,
2026-04-26T18:00:00+00:00,Super Liga,Vojvodina,Železničar Pančevo,Over/Under Goals,Over 1.5,1.28,,,LOST,
2026-04-26T18:00:00+00:00,Superligaen,Aarhus,FC Midtjylland,Over/Under Goals,Under 3.5,1.36,,,WON,
2026-04-26T18:00:00+00:00,Úrvalsdeild,KA Akureyri,Keflavik,Team Total Goals,Under 2.5,1.5,,,WON,
2026-04-26T18:15:00+00:00,1. SNL,Bravo,Maribor,Team Total Goals,Under 2.5,1.25,,,WON,
2026-04-26T18:15:00+00:00,Primera Division,Cusco,Sport Huancayo,Team Total Goals,Under 2.5,1.25,,,WON,
2026-04-26T18:30:00+00:00,First League,Jedinstvo,Bokelj,Over/Under Goals,Under 3.5,1.2,,,WON,
2026-04-26T18:30:00+00:00,Primera B Metropolitana,Arsenal Sarandi,Villa Dalmine,Over/Under Goals,Over 1.5,1.57,,,WON,
2026-04-26T18:30:00+00:00,Primera B Metropolitana,Comunicaciones,Dock Sud,Double Chance,Draw/Away,1.62,,,LOST,
2026-04-26T18:30:00+00:00,Primera B Metropolitana,Deportivo Laferrere,Liniers,Double Chance,Draw/Away,1.55,,,WON,
2026-04-26T18:30:00+00:00,Primera B Metropolitana,Talleres Remedios,Real Pilar,Over/Under Goals,Under 2.5,1.4,,,WON,
2026-04-26T18:30:00+00:00,Primera C,Defensores de Cambaceres,Puerto Nuevo,Over/Under Goals,Under 3.5,1.19,,,WON,
2026-04-26T18:30:00+00:00,Primera C,Estrella Del Sur,Centro Español,Team Total Goals,Over 0.5,1.67,,,LOST,
2026-04-26T18:30:00+00:00,Primera C,Fénix,Claypole,Over/Under Goals,Under 2.5,1.35,,,WON,
2026-04-26T18:30:00+00:00,Primera C,Sacachispas,Mercedes,Double Chance,Home/Draw,1.23,,,WON,
2026-04-26T18:30:00+00:00,Primera División - Apertura,Cerro Largo,Racing Montevideo,Asian Handicap,Home +1.25,1.27,,,WON,
2026-04-26T18:30:00+00:00,Primera Nacional,Acassuso,CA Estudiantes,Double Chance,Draw/Away,1.29,,,WON,
2026-04-26T18:30:00+00:00,Primera Nacional,Chacarita Juniors,Midland,Asian Handicap,Home +0.5,1.27,,,WON,
2026-04-26T18:45:00+00:00,Ligue 1,Marseille,Nice,Over/Under Goals,Under 3.5,1.73,,,WON,
2026-04-26T18:45:00+00:00,Serie A,AC Milan,Juventus,Over/Under Goals,Over 1.5,1.3,,,LOST,
2026-04-26T19:00:00+00:00,Botola Pro,Renaissance Berkane,Olympique Dcheïra,Team Total Goals,Under 2.5,1.5,,,WON,
2026-04-26T19:00:00+00:00,La Liga,Villarreal,Celta Vigo,Over/Under Goals,Over 1.5,1.28,,,WON,
2026-04-26T19:00:00+00:00,Primera Division,Universidad de Concepcion,Colo Colo,Team Total Goals,Under 2.5,1.2,,,WON,
2026-04-26T19:00:00+00:00,Primera Nacional,Agropecuario,San Martin Tucuman,Team Total Goals,Over 0.5,1.57,,,LOST,
2026-04-26T19:00:00+00:00,Primera Nacional,Deportivo Madryn,Defensores De Belgrano,Double Chance,Draw/Away,1.62,,,LOST,
2026-04-26T19:00:00+00:00,Segunda Division,AD Ceuta FC,Racing Santander,Over/Under Goals,Over 1.5,1.19,,,LOST,
2026-04-26T19:00:00+00:00,Serie A,Corinthians,Vasco DA Gama,Over/Under Goals,Under 3.5,1.22,,,WON,
2026-04-26T19:00:00+00:00,Serie A,Gremio,Coritiba,Team Total Goals,Under 2.5,1.2,,,WON,
2026-04-26T19:00:00+00:00,Serie B,São Bernardo,Goias,Double Chance,Home/Draw,1.38,,,WON,
2026-04-26T19:30:00+00:00,Primeira Liga,AVS,Sporting CP,Over/Under Goals,Under 3.5,2.0,,,WON,
2026-04-26T20:00:00+00:00,Liga de Ascenso,Quepos Cambute,CS Uruguay,Asian Handicap,Home +0,1.21,,,WON,
2026-04-26T20:00:00+00:00,Primera Nacional,Central Norte,Ciudad de Bolívar,Double Chance,Draw/Away,1.67,,,WON,
2026-04-26T20:00:00+00:00,Primera Nacional,Chaco For Ever,Atletico Mitre,Double Chance,Home/Draw,1.22,,,WON,
2026-04-26T20:00:00+00:00,Primera Nacional,Club Atlético Güemes,Atlanta,Team Total Goals,Over 0.5,1.67,,,WON,
2026-04-26T20:30:00+00:00,Liga Pro,Guayaquil City FC,Tecnico Universitario,Over/Under Goals,Under 3.5,1.2,,,WON,
2026-04-26T20:30:00+00:00,Primera Division,Atletico Grau,Alianza Lima,Over/Under Goals,Under 3.5,1.19,,,WON,
2026-04-26T20:30:00+00:00,Primera Division,Belgrano Cordoba,Gimnasia L.P.,Team Total Goals,Under 2.5,1.19,,,WON,
2026-04-26T20:30:00+00:00,Primera Division,Newells Old Boys,Instituto Cordoba,Over/Under Goals,Under 3.5,1.2,,,WON,
2026-04-26T20:45:00+00:00,Division Profesional - Apertura,2 de Mayo,Club Guarani,Team Total Goals,Over 0.5,1.28,,,WON,
2026-04-26T21:00:00+00:00,Liga Nacional,Achuapa,Antigua GFC,Over/Under Goals,Under 3.5,1.22,,,LOST,
2026-04-26T21:00:00+00:00,Liga Nacional,Guastatoya,Marquense,Team Total Goals,Under 2.5,1.35,,,LOST,
2026-04-26T21:00:00+00:00,Liga Nacional,Malacateco,Comunicaciones,Over/Under Goals,Under 3.5,1.21,,,WON,
2026-04-26T21:00:00+00:00,Liga Nacional,Municipal,Mixco,Team Total Goals,Under 2.5,1.32,,,LOST,
2026-04-26T21:00:00+00:00,Liga Nacional,Platense FC,Olancho,Over/Under Goals,Over 1.5,1.2,,,LOST,
2026-04-26T21:00:00+00:00,Liga Nacional,Xelajú,Cobán Imperial,Over/Under Goals,Under 3.5,1.28,,,WON,
2026-04-26T21:00:00+00:00,Primera A,Águilas Doradas,Once Caldas,Over/Under Goals,Under 3.5,1.25,,,LOST,
2026-04-26T21:00:00+00:00,Primera Nacional,Deportivo Maipu,Almagro,Team Total Goals,Over 0.5,1.28,,,WON,
2026-04-26T21:00:00+00:00,Serie B,Ceara,Vila Nova,Team Total Goals,Over 0.5,1.2,,,WON,
2026-04-26T21:30:00+00:00,Primera Division,Everton de Vina,Cobresal,Over/Under Goals,Under 3.5,1.33,,,LOST,
2026-04-26T21:30:00+00:00,Serie A,Atletico Paranaense,Vitoria,Team Total Goals,Under 2.5,1.2,,,LOST,
2026-04-26T21:30:00+00:00,Serie A,RB Bragantino,Palmeiras,Asian Handicap,Home +1.25,1.22,,,WON,
2026-04-26T22:00:00+00:00,NWSL Women,Angel City W,Portland Thorns W,Over/Under Goals,Over 1.5,1.26,,,WON,
2026-04-26T22:00:00+00:00,Primera División - Apertura,Wanderers,Penarol,Asian Handicap,Home +1.25,1.52,,,WON,
2026-04-26T23:00:00+00:00,Division Profesional - Apertura,Club Sp. San Lorenzo,Rubio NU,Over/Under Goals,Under 3.5,1.2,,,WON,
2026-04-26T23:00:00+00:00,Liga MX,Santos Laguna,Monterrey,Team Total Goals,Under 2.5,1.42,,,WON,
2026-04-26T23:00:00+00:00,Liga de Expansión MX,Tepatitlán,Atlante FC,Asian Handicap,Home +0,1.8,,,WON,
2026-04-26T23:00:00+00:00,Major League Soccer,Los Angeles Galaxy,Real Salt Lake,Over/Under Goals,Over 1.5,1.2,,,WON,
2026-04-26T23:00:00+00:00,Primera Division,Atletico Tucuman,Banfield,Over/Under Goals,Under 3.5,1.2,,,WON,
2026-04-26T23:00:00+00:00,Primera Division,Universitario,Alianza Atletico,Team Total Goals,Under 2.5,1.42,,,WON,
2026-04-26T23:00:00+00:00,USL Super League,Spokane Zephyr W,Fort Lauderdale United W,Over/Under Goals,Over 1.5,1.28,,,WON,
2026-04-26T23:10:00+00:00,Liga Pro,Orense SC,Barcelona SC,Over/Under Goals,Under 3.5,1.22,,,WON,
2026-04-26T23:10:00+00:00,Primera A,Llaneros,Alianza Valledupar,Over/Under Goals,Under 3.5,1.19,,,WON,
2026-04-26T23:30:00+00:00,Primera División,Oriente Petrolero,Real Potosí,Team Total Goals,Under 2.5,1.44,,,WON,
2026-04-26T23:30:00+00:00,Serie A,Atletico-MG,Flamengo,Asian Handicap,Home +1.25,1.3,,,LOST,
2026-04-26T23:30:00+00:00,Serie A,Fluminense,Chapecoense-sc,Over/Under Goals,Over 1.5,1.22,,,WON,
2026-04-26T23:30:00+00:00,Serie B,Atletico Goianiense,Avai,Team Total Goals,Under 2.5,1.2,,,WON,
2026-04-26T23:30:00+00:00,Serie B,Criciuma,CRB,Over/Under Goals,Under 3.5,1.22,,,LOST,
2026-04-27T00:00:00+00:00,Division di Honor,Jong Aruba,Estrella,Over/Under Goals,Over 2.5,1.33,,,WON,
2026-04-27T00:00:00+00:00,MLS Next Pro,Sporting KC II,Houston Dynamo FC II,Double Chance,Draw/Away,1.25,,,WON,
2026-04-27T00:00:00+00:00,NWSL Women,Seattle Reign FC,Utah Royals W,Over/Under Goals,Under 3.5,1.24,,,WON,
2026-04-27T00:00:00+00:00,Primera B,Union Espanola,Deportes Santa Cruz,Team Total Goals,Under 2.5,1.22,,,WON,
2026-04-27T01:00:00+00:00,Liga de Expansión MX,Cancún,Tapatío,Over/Under Goals,Over 1.5,1.25,,,LOST,
2026-04-27T01:05:00+00:00,Liga MX,Cruz Azul,Necaxa,Over/Under Goals,Under 3.5,1.62,,,LOST,
2026-04-27T01:20:00+00:00,Primera A,Internacional de Bogota,Chico,Over/Under Goals,Under 3.5,1.25,,,LOST,
2026-04-27T01:30:00+00:00,Liga Nacional,Juticalpa,Lobos Upnfm,Over/Under Goals,Over 1.5,1.2,,,LOST,
2026-04-27T03:00:00+00:00,MLS Next Pro,Tacoma Defiance,Los Angeles FC II,Double Chance,Home/Draw,1.33,,,WON,
2026-04-27T07:00:00+00:00,Western Australia State League 1,Floreat Athena,Curtin University,Over/Under Goals,Under 3.5,1.59,,,LOST,
2026-04-27T08:30:00+00:00,Liga 1,Bali United,PSM Makassar,Over/Under Goals,Over 1.5,1.22,,,WON,
2026-04-27T10:00:00+00:00,Premier League,Epitsentr Dunayivtsi,Oleksandria,Double Chance,Home/Draw,1.3,,,WON,
2026-04-27T11:00:00+00:00,3. Division - Girone 4,Haugesund II,Stabæk II,Team Total Goals,Over 0.5,1.2,,,WON,
2026-04-27T11:00:00+00:00,First League,Struga,Sileks,Over/Under Goals,Over 1.5,1.27,,,WON,
2026-04-27T11:30:00+00:00,Premier League,Balestier Khalsa,Hougang United,Asian Handicap,Home +1.25,1.2,,,LOST,
2026-04-27T12:00:00+00:00,Liga 1,Persija,Persis Solo,Over/Under Goals,Under 3.5,1.59,,,LOST,
2026-04-27T12:30:00+00:00,Premier League,Zorya Luhansk,Veres Rivne,Over/Under Goals,Over 1.5,1.33,,,WON,
2026-04-27T13:00:00+00:00,3. Lig - Play-offs,Çorluspor 1947,Bursa Yıldırımspor,Over/Under Goals,Under 3.5,1.28,0.7715,,WON,
2026-04-27T13:00:00+00:00,Campionato Primavera - 1,Bologna U20,Genoa U20,Team Total Goals,Under 2.5,1.21,,,WON,
2026-04-27T13:50:00+00:00,Professional League,Bahla,Oman Club,Over/Under Goals,Under 3.5,1.2,,,WON,
2026-04-27T14:00:00+00:00,First League,Shkendija,Bashkimi Kumanovo,Team Total Goals,Over 1.5,1.3,,,WON,
2026-04-27T14:00:00+00:00,Premier League,Smouha SC,AL Masry,Double Chance,Draw/Away,1.33,,,WON,
2026-04-27T14:00:00+00:00,Premier League,Zamalek SC,Enppi,Team Total Goals,Under 2.5,1.2,,,WON,
2026-04-27T14:00:00+00:00,Premyer Liqa,Turan,Zira,Double Chance,Home/Draw,1.32,,,WON,
2026-04-27T14:00:00+00:00,Prva Liga,Dubočica,Kabel Novi Sad,Over/Under Goals,Over 1.5,1.29,,,WON,
2026-04-27T14:00:00+00:00,Prva Liga,FK Vozdovac,Zemun,Team Total Goals,Over 0.5,1.28,,,WON,
2026-04-27T14:00:00+00:00,Super Lig,Alanyaspor,Samsunspor,Team Total Goals,Over 0.5,1.25,,,WON,
2026-04-27T14:15:00+00:00,Stars League,Al Wakrah,Al-Sailiya,Over/Under Goals,Over 1.5,1.2,,,WON,
2026-04-27T14:15:00+00:00,Stars League,Al-Rayyan SC,Al-Arabi SC,Double Chance,Home/Draw,1.2,,,WON,
2026-04-27T14:15:00+00:00,Stars League,Qatar SC,Al-Duhail SC,Double Chance,Draw/Away,1.25,,,WON,
2026-04-27T14:15:00+00:00,Stars League,UMM Salal,Al Ahli Doha,Team Total Goals,Under 2.5,1.2,,,WON,
2026-04-27T14:30:00+00:00,First League,Montana,Dobrudzha,Over/Under Goals,Under 3.5,1.19,,,WON,
2026-04-27T14:30:00+00:00,First League,Torpedo Moskva,Fakel,Over/Under Goals,Over 1.5,1.5,,,WON,
2026-04-27T14:30:00+00:00,Liga I,Metaloglobus,Unirea Slobozia,Team Total Goals,Under 2.5,1.21,,,WON,
2026-04-27T15:00:00+00:00,1. Liga,Tukums II,Skanste,Team Total Goals,Over 0.5,1.21,,,WON,
2026-04-27T15:00:00+00:00,Erovnuli Liga,Gagra,Meshakhte,Over/Under Goals,Under 3.5,1.24,,,WON,
2026-04-27T15:00:00+00:00,Esiliiga B,Legion,Johvi Phoenix,Team Total Goals,Under 2.5,2.48,,,WON,
2026-04-27T15:00:00+00:00,Super Liga,IMT Novi Beograd,Radnicki NIS,Asian Handicap,Home +0,1.5,,,WON,
2026-04-27T15:10:00+00:00,Professional League,Al Nasr,Sohar,Team Total Goals,Over 0.5,1.28,,,LOST,
2026-04-27T16:00:00+00:00,1. Division,AEL,Anorthosis,Over/Under Goals,Over 1.5,1.25,,,LOST,
2026-04-27T16:00:00+00:00,Esiliiga A,FC Tallinn,FCI Levadia II,Double Chance,Home/Draw,1.6,,,WON,
2026-04-27T16:00:00+00:00,Esiliiga A,Nõmme Kalju II,Tallinna Kalev,Double Chance,Home/Draw,1.42,,,LOST,
2026-04-27T16:00:00+00:00,Esiliiga A,Tartu Welco,Elva,Asian Handicap,Home +0,1.31,,,WON,
2026-04-27T16:00:00+00:00,Frauen Bundesliga,1899 Hoffenheim W,FC Koln W,Over/Under Goals,Under 3.5,1.55,,,LOST,
2026-04-27T16:00:00+00:00,I Liga,Ruch Chorzów,Pogoń Grod. Mazowiecki,Over/Under Goals,Over 1.5,1.2,,,WON,
2026-04-27T16:00:00+00:00,Première Division,Diarra,Binga,Asian Handicap,Home +0.25,1.51,,,WON,
2026-04-27T16:00:00+00:00,Premyer Liqa,Sabah FA,Karvan,Over/Under Goals,Over 2.5,1.61,,,LOST,
2026-04-27T16:00:00+00:00,Prva HNL,HNK Gorica,Istra 1961,Over/Under Goals,Over 1.5,1.33,,,LOST,
2026-04-27T16:00:00+00:00,Super Liga,Javor,Napredak,Asian Handicap,Home +0,1.2,,,WON,
2026-04-27T16:30:00+00:00,Serie A,Cagliari,Atalanta,Over/Under Goals,Under 3.5,1.33,,,LOST,
2026-04-27T16:30:00+00:00,Stars League,Al Sadd,Al Shamal,Double Chance,Home/Draw,1.2,,,WON,
2026-04-27T17:00:00+00:00,Allsvenskan,AIK Stockholm,Malmo FF,Team Total Goals,Over 0.5,1.28,,,LOST,
2026-04-27T17:00:00+00:00,Allsvenskan,BK Hacken,Sirius,Over/Under Goals,Over 1.5,1.22,,,WON,
2026-04-27T17:00:00+00:00,Allsvenskan,Kalmar FF,IF Elfsborg,Over/Under Goals,Under 3.5,1.22,,,WON,
2026-04-27T17:00:00+00:00,Allsvenskan,Mjallby AIF,Halmstad,Over/Under Goals,Under 3.5,1.44,,,WON,
2026-04-27T17:00:00+00:00,Allsvenskan,Orgryte IS,Degerfors IF,Over/Under Goals,Over 1.5,1.28,,,WON,
2026-04-27T17:00:00+00:00,Ekstraklasa,Piast Gliwice,Arka Gdynia,Over/Under Goals,Over 1.5,1.33,,,WON,
2026-04-27T17:00:00+00:00,Erovnuli Liga,Dinamo Batumi,Torpedo Kutaisi,Over/Under Goals,Over 1.5,1.19,,,WON,
2026-04-27T17:00:00+00:00,Ettan - Norra,Hammarby Talang,Vasalund,1X2 / Match Winner,Away,12.0,,,LOST,
2026-04-27T17:00:00+00:00,First League,Lokomotiv Sofia,Septemvri Sofia,Over/Under Goals,Under 3.5,1.33,,,WON,
2026-04-27T17:00:00+00:00,Premier League,Baltika,Akron,Over/Under Goals,Over 1.5,1.29,,,LOST,
2026-04-27T17:00:00+00:00,Premier League,Pyramids FC,Al Ahly,Over/Under Goals,Under 3.5,1.22,,,WON,
2026-04-27T17:00:00+00:00,Segunda Liga,Chaves,Oliveirense,Over/Under Goals,Under 3.5,1.33,,,WON,
2026-04-27T17:00:00+00:00,Super Lig,Beşiktaş,Fatih Karagümrük,Over/Under Goals,Over 1.5,1.19,,,LOST,
2026-04-27T17:00:00+00:00,Super Lig,Konyaspor,Trabzonspor,Asian Handicap,Home +1.25,1.26,,,WON,
2026-04-27T17:00:00+00:00,Super Liga,TSC Backa Topola,Mladost Lucani,Over/Under Goals,Over 1.5,1.33,,,WON,
2026-04-27T17:00:00+00:00,Superliga,AF Elbasani,Vllaznia Shkodër,Asian Handicap,Home +0,1.92,,,WON,
2026-04-27T17:00:00+00:00,Superliga,Flamurtari,Dinamo Tirana,Asian Handicap,Home +0.25,1.8,,,WON,
2026-04-27T17:00:00+00:00,Superligaen,FC Copenhagen,Vejle,Team Total Goals,Over 1.5,1.28,,,WON,
2026-04-27T17:30:00+00:00,Liga I,Arges Pitesti,Universitatea Craiova,Asian Handicap,Home +1.25,1.3,,,WON,
2026-04-27T18:30:00+00:00,Jupiler Pro League,Liège,Lommel United,Asian Handicap,Home +1.25,1.27,,,WON,
2026-04-27T18:30:00+00:00,Segunda Division,Cadiz,Las Palmas,Over/Under Goals,Under 3.5,1.25,,,WON,
2026-04-27T18:45:00+00:00,Ligue 2,Boulogne,Dunkerque,Over/Under Goals,Under 3.5,1.25,,,LOST,
2026-04-27T18:45:00+00:00,Serie A,Lazio,Udinese,Over/Under Goals,Under 3.5,1.22,,,LOST,
2026-04-27T19:00:00+00:00,La Liga,Espanyol,Levante,Team Total Goals,Under 2.5,1.22,,,WON,
2026-04-27T19:00:00+00:00,Liga Pro Serie B,LDU Portoviejo,Deportivo Cuenca Juniors,Double Chance,Draw/Away,1.36,,,LOST,
2026-04-27T19:00:00+00:00,Premier League,Manchester United,Brentford,Team Total Goals,Under 2.5,1.33,,,WON,
2026-04-27T19:15:00+00:00,Primeira Liga,GIL Vicente,Casa Pia,Over/Under Goals,Under 3.5,1.28,,,WON,
2026-04-27T20:00:00+00:00,Primera Division,ADT,Club Deportivo Los Chankas,Over/Under Goals,Over 1.5,1.3,,,WON,
2026-04-27T22:00:00+00:00,Serie B,Athletic Club,Nautico Recife,Asian Handicap,Home +0,1.8,,,LOST,
2026-04-27T23:00:00+00:00,Serie C,Ferroviária,Guarani Campinas,Asian Handicap,Home +0.25,1.78,,,WON,
2026-04-28T00:00:00+00:00,Primera Division,Huracan,Argentinos JRS,Asian Handicap,Home +0,2.0,,,LOST,
2026-04-28T12:00:00+00:00,Liga 1,PSBS Biak Numfor,Malut United,Asian Handicap,Home +1.25,4.45,,,LOST,
2026-04-28T14:00:00+00:00,Liga Revelação U23,Marítimo U23,Estrela U23,Asian Handicap,Home +0,2.02,,,WON,
2026-04-28T14:00:00+00:00,Liga Revelação U23,Portimonense U23,Farense U23,Asian Handicap,Home +0.25,1.98,,,LOST,
2026-04-28T14:00:00+00:00,Liga Revelação U23,União Leiria U23,Rio Ave U23,Asian Handicap,Home +0,1.85,,,WON,
2026-04-28T15:00:00+00:00,Esiliiga B,Levadia U19,Tartu Kalev,Over/Under Goals,Under 3.5,1.97,,,LOST,
2026-04-28T16:30:00+00:00,Liga Revelação U23,Benfica U23,Famalicão U23,Over/Under Goals,Under 3.5,1.6,,,WON,
2026-04-28T16:30:00+00:00,Liga Revelação U23,Santa Clara U23,Sporting CP U23,Asian Handicap,Home +0,1.65,,,WON,
2026-04-28T17:00:00+00:00,Premier League,Kahraba Ismailia,National Bank of Egypt,Asian Handicap,Home +0.25,2.14,,,LOST,
2026-04-28T17:00:00+00:00,Superettan,IFK Norrkoping,Landskrona BoIS,Over/Under Goals,Under 3.5,1.62,,,LOST,
2026-04-28T18:00:00+00:00,Pro League,Al Khaleej Saihat,Al Najma,Team Total Goals,Over 0.5,1.53,,,WON,
2026-04-28T18:45:00+00:00,Championship,Southampton,Ipswich,Asian Handicap,Home +0,1.63,,,WON,
2026-04-28T18:45:00+00:00,League One,Peterborough,Mansfield Town,Over/Under Goals,Under 3.5,1.5,,,WON,
2026-04-28T21:00:00+00:00,Brasileiro U20 A,Cruzeiro U20,Palmeiras U20,Asian Handicap,Home +0.25,1.88,,,LOST,
2026-04-28T22:00:00+00:00,CONMEBOL Sudamericana,San Lorenzo,Santos,Asian Handicap,Home +0,1.55,,,WON,
2026-04-28T23:00:00+00:00,US Open Cup,Charlotte,Atlanta United FC,Asian Handicap,Home +0,1.55,,,LOST,
2026-04-29T00:00:00+00:00,CONMEBOL Libertadores,UCV,Rosario Central,Asian Handicap,Home +0.25,2.6,0.5717,,LOST,
2026-04-29T00:30:00+00:00,CONMEBOL Sudamericana,Deportivo Recoleta,Deportivo Cuenca,Asian Handicap,Home +0,1.55,0.7137,,WON,
2026-04-29T00:30:00+00:00,CONMEBOL Sudamericana,Millonarios,Sao Paulo,Asian Handicap,Home +0.25,1.55,0.8355,,WON,
2026-04-29T02:00:00+00:00,CONMEBOL Libertadores,Sporting Cristal,Junior,Asian Handicap,Home +0,1.62,0.5832,,WON,
2026-04-29T04:00:00+00:00,J. League Div.1,Shimizu S-pulse,V-varen Nagasaki,Asian Handicap,Home +0,1.68,0.8790,,LOST,
2026-04-29T11:30:00+00:00,Thai League 1,Uthai Thani,Bangkok United,Asian Handicap,Home +0,1.97,0.8324,,WON,
2026-04-29T12:00:00+00:00,Premier League,Mebrat Hayl,Mekelakeya,Over/Under Goals,Over 1.5,1.65,0.6545,,LOST,
2026-04-29T13:00:00+00:00,Elite One,Fortuna Mfou,Panthère,Asian Handicap,Home +0.5,2.0,,,LOST,
2026-04-29T13:00:00+00:00,Elite One,Gazelle,PWD Bamenda,Team Total Goals,Over 0.5,1.71,,,WON,
2026-04-29T13:00:00+00:00,Premier League,Sheger Ketema,Welayta Dicha,Asian Handicap,Home +0.25,1.57,0.7332,,WON,
2026-04-29T15:20:00+00:00,Pro League,Shabab Al Ahli Dubai,Khorfakkan,Team Total Goals,Over 0.5,1.85,,,WON,
2026-04-29T15:30:00+00:00,2. SNL,Dekani,Brinje-Grosuplje,Double Chance,Home/Draw,1.92,0.6131,,WON,
2026-04-29T16:00:00+00:00,Frauen Bundesliga,Werder Bremen W,Bayern Munich W,Over/Under Goals,Under 3.5,1.8,,,WON,
2026-04-29T16:00:00+00:00,Ligat Ha'al,Maccabi Bnei Raina,Hapoel Katamon,Asian Handicap,Home +0,2.57,0.6280,,LOST,
2026-04-29T16:00:00+00:00,Pro League,Al Riyadh,Al-Qadisiyah FC,Asian Handicap,Home +0.25,3.28,0.5561,,LOST,
2026-04-29T16:10:00+00:00,Pro League,Al Taawon,Al-Ittihad FC,Asian Handicap,Home +0.25,2.03,0.6096,,LOST,
2026-04-29T16:30:00+00:00,Ligat Ha'al,Hapoel Tel Aviv,Maccabi Haifa,Asian Handicap,Home +0,1.87,0.6110,,WON,
2026-04-29T17:00:00+00:00,Premier League,Wadi Degla,Al Ittihad,Asian Handicap,Home +0,1.53,0.6727,,WON,
2026-04-29T17:30:00+00:00,Premier Soccer League,Polokwane City,Mamelodi Sundowns,Team Total Goals,Under 2.5,1.22,,,WON,
2026-04-29T17:30:00+00:00,Premier Soccer League,Siwelele,Kaizer Chiefs,BTTS,No,1.55,,,WON,
2026-04-29T18:00:00+00:00,FA WSL,Arsenal W,Leicester City WFC,Over/Under Goals,Under 3.5,2.38,,,LOST,
2026-04-29T19:15:00+00:00,Primeira Liga,Sporting CP,Tondela,Over/Under Goals,Under 3.5,1.67,,,LOST,
2026-04-29T22:00:00+00:00,CONMEBOL Libertadores,Mirassol,Always Ready,Team Total Goals,Under 2.5,1.65,0.9845,,WON,
2026-04-29T22:00:00+00:00,CONMEBOL Sudamericana,Caracas FC,Racing Club,Asian Handicap,Home +0.25,2.35,0.6793,,WON,
2026-04-29T22:00:00+00:00,Copa Centro-Oeste,Anápolis,Cuiaba,Asian Handicap,Away -1.25,2.25,0.2295,,LOST,
2026-04-29T22:00:00+00:00,Copa Centro-Oeste,Araguaína,Vila Nova,Team Total Goals,Over 0.5,1.6,0.7871,,WON,
2026-04-29T22:00:00+00:00,Copa Norte,Trem,Paysandu,Asian Handicap,Home +0,1.83,0.8534,,LOST,
2026-04-29T22:30:00+00:00,Copa Sul-Sudeste,Chapecoense-sc,America Mineiro,Asian Handicap,Home +0.25,1.5,0.6420,,WON,
2026-04-29T23:00:00+00:00,NWSL Women,Washington Spirit W,Racing Louisville W,Team Total Goals,Over 0.5,1.65,0.8005,,LOST,
2026-04-30T00:30:00+00:00,CONMEBOL Sudamericana,Cienciano,Atletico-MG,Asian Handicap,Home +0,1.62,0.6836,,WON,
2026-04-30T00:30:00+00:00,Copa do Nordeste,Confiança,Vitoria,Asian Handicap,Home +0,2.15,0.6101,,WON,
2026-04-30T00:30:00+00:00,Copa do Nordeste,Fortaleza EC,Sport Recife,Team Total Goals,Over 0.5,1.5,0.8862,,LOST,
2026-04-30T00:30:00+00:00,Copa do Nordeste,Jacuipense,Imperatriz,Team Total Goals,Over 0.5,1.57,0.7544,,WON,
2026-04-30T00:30:00+00:00,Copa do Nordeste,Juazeirense,ASA,Asian Handicap,Home +0,1.8,0.7084,,WON,
2026-04-30T00:30:00+00:00,Copa do Nordeste,Piauí,AO Itabaiana,Asian Handicap,Home +0,1.9,0.6212,,WON,
2026-04-30T01:00:00+00:00,Liga MX Femenil,Cruz Azul W,Monterrey W,Asian Handicap,Home +1.25,4.95,0.9504,,WON,
2026-04-30T02:00:00+00:00,CONMEBOL Libertadores,Universitario,Club Nacional,Over/Under Goals,Over 1.5,1.5,0.8280,,WON,
2026-04-30T02:00:00+00:00,NWSL Women,Portland Thorns W,San Diego Wave W,Asian Handicap,Home +0.25,1.62,0.6529,,WON,
2026-04-30T07:30:00+00:00,League Two,Qingdao Red Lions,Tai'an Tiankuang,Asian Handicap,Home +0.25,1.67,0.7369,,WON,
2026-04-30T10:00:00+00:00,Premier League,Hadiya Hosaena,Mekelle Kenema,Asian Handicap,Home +0.25,1.51,0.5707,,WON,
2026-04-30T11:30:00+00:00,Premier League,Albirex Niigata S,Tampines Rovers,Over/Under Goals,Under 3.5,1.6,,,WON,
2026-04-30T12:00:00+00:00,Liga 1,Bhayangkara FC,Persib Bandung,Asian Handicap,Home +0,3.86,0.5416,,LOST,
2026-04-30T14:30:00+00:00,Ligue 1,AS Marsa,ES Zarzis,Team Total Goals,Over 0.5,1.5,0.7667,,LOST,
2026-04-30T14:30:00+00:00,Ligue 1,Olympique Béja,CA Bizertin,Over/Under Goals,Over 1.5,1.62,0.8755,,LOST,
2026-04-30T15:00:00+00:00,2. SNL,Ilirija,Nafta,Double Chance,Home/Draw,1.89,0.6041,,LOST,
2026-04-30T15:00:00+00:00,2. SNL,Jesenice,Triglav,Over/Under Goals,Under 3.5,1.56,0.7321,,WON,
2026-04-30T15:00:00+00:00,Botola Pro,Difaa EL Jadida,CR Khemis Zemamra,Over/Under Goals,Over 1.5,1.62,0.7826,,WON,
2026-04-30T16:00:00+00:00,Cup,Al Hussein,Al Jazeera,Team Total Goals,Under 2.5,1.73,,,LOST,
2026-04-30T16:00:00+00:00,Premyer Liqa,Neftchi Baku,Qarabag,Over/Under Goals,Over 1.5,1.4,,,WON,
2026-04-30T16:00:00+00:00,Pro League,Al Okhdood,Al-Ettifaq,Over/Under Goals,Under 3.5,1.5,0.7457,,LOST,
2026-04-30T16:00:00+00:00,Second Division,Al-Khor,Al-Markhiya,Asian Handicap,Home +0.25,1.65,0.7814,,LOST,
2026-04-30T16:00:00+00:00,Second Division,Lusail City,Al Bidda SC,Team Total Goals,Over 0.5,1.73,0.7433,,WON,
2026-04-30T16:30:00+00:00,Premier League,Tarxien Rainbows,Sliema Wanderers,Asian Handicap,Home +0.25,1.92,0.6637,,WON,
2026-04-30T16:30:00+00:00,Premier League,Zabbar St. Patrick,Hibernians,Double Chance,Home/Draw,1.5,0.7614,,WON,
2026-04-30T17:00:00+00:00,Botola Pro,FAR Rabat,Raja Casablanca,Over/Under Goals,Over 1.5,1.5,0.6334,,WON,
2026-04-30T17:00:00+00:00,Division 2 - Västra Götaland,Galtabacks,Åstorp,Asian Handicap,Home +0.5,1.77,0.7674,,WON,
2026-04-30T17:00:00+00:00,Eliteserien,Bodo/Glimt,Start,Over/Under Goals,Under 3.5,2.18,0.8505,,LOST,
2026-04-30T22:00:00+00:00,CONMEBOL Sudamericana,Carabobo FC,Blooming,Team Total Goals,Over 0.5,1.62,0.7903,,LOST,
2026-04-30T22:00:00+00:00,Copa Sul-Sudeste,Tombense,São Bernardo,Asian Handicap,Home +0.25,1.65,0.8039,,WON,
