date_utc,league,home,away,market,pick,price_at_publish,model_probability,result,grade,snapshot_frozen_at
2026-07-01T00:30:00+00:00,Copa Chile,U. Catolica,Everton de Vina,Over/Under Goals,Over 2.5,1.62,0.7936,,WON,
2026-07-01T08:15:00+00:00,Friendlies Clubs,GKS Katowice,Piast Gliwice,Asian Handicap,Home +1.25,3.9,0.9898,,WON,
2026-07-01T09:00:00+00:00,Friendlies Clubs,Chrobry Głogów,Lechia Zielona Góra,Asian Handicap,Away -1.25,1.72,0.3085,,LOST,
2026-07-01T09:30:00+00:00,Northern NSW NPL,Hamilton Olympic,Charlestown City Blues,Asian Handicap,Home +0,1.52,0.5396,,WON,
2026-07-01T12:00:00+00:00,Friendlies Clubs,Austria Lustenau,BSC Young Boys,Asian Handicap,Home +0.25,2.35,0.6253,,WON,
2026-07-01T12:00:00+00:00,Friendlies Clubs,Glentoran,Kilmarnock,Asian Handicap,Home +0.25,1.7,0.6816,,LOST,
2026-07-01T13:00:00+00:00,Division Intermedia,Guairena FC,Deportivo Santani,Asian Handicap,Home +0,1.65,0.6554,,LOST,
2026-07-01T14:30:00+00:00,Friendlies Clubs,GKS Katowice,Miedz Legnica,Asian Handicap,Home +1.25,3.1,0.9878,,WON,
2026-07-01T15:00:00+00:00,Friendlies Clubs,Pardubice,Žilina,Asian Handicap,Home +1.25,4.4,0.9262,,WON,
2026-07-01T15:00:00+00:00,USL League Two,Houston FC,Brazos Valley,Asian Handicap,Home +0,1.5,0.5699,,WON,
2026-07-01T16:00:00+00:00,Friendlies Clubs,Weiz,TSV Hartberg,Double Chance,Home/Draw,9.0,0.5953,,WON,
2026-07-01T16:15:00+00:00,Friendlies Clubs,Celje,HNK Hajduk Split,Asian Handicap,Home +0.25,1.52,0.5756,,LOST,
2026-07-01T16:30:00+00:00,Friendlies Clubs,Macva,Novi Pazar,Asian Handicap,Home +1.25,6.8,0.9568,,WON,
2026-07-01T17:00:00+00:00,Ettan - Södra,Eskilsminne,Kristianstad,Over/Under Goals,Under 3.5,1.5,0.8540,,LOST,
2026-07-01T18:00:00+00:00,Brasileiro U20 A,Bahia U20,Cruzeiro U20,Asian Handicap,Home +0,1.55,0.6713,,WON,
2026-07-01T18:00:00+00:00,Brasileiro U20 A,Flamengo U20,Avaí U20,Team Total Goals,Under 2.5,1.55,0.8587,,WON,
2026-07-01T18:00:00+00:00,Brasileiro U20 A,Juventude U20,Corinthians U20,Asian Handicap,Home +0.25,2.02,0.7067,,WON,
2026-07-01T18:00:00+00:00,Liga Pro Serie B,Cuniburo,Gualaceo SC,Asian Handicap,Home +0,1.5,0.7415,,LOST,
2026-07-01T19:00:00+00:00,Copa Chile,Universidad de Concepcion,Nublense,Asian Handicap,Home +0.25,1.65,0.6222,,LOST,
2026-07-01T22:00:00+00:00,Liga Pro,LDU de Quito,Orense SC,Asian Handicap,Away -1.25,1.62,0.0927,,LOST,
2026-07-01T22:00:00+00:00,USL League Two,Connecticut Rush,AC Connecticut,Asian Handicap,Away -1.25,1.8,0.1824,,WON,
2026-07-01T22:00:00+00:00,USL League Two,Staten Island Athletic,New Jersey Copa,Asian Handicap,Home +0,1.68,0.6895,,WON,
2026-07-02T00:00:00+00:00,World Cup,USA,Bosnia & Herzegovina,Over/Under Goals,Over 2.5,1.8,0.7892,,LOST,
2026-07-02T00:30:00+00:00,Copa Chile,Universidad de Chile,Union La Calera,Over/Under Goals,Over 2.5,1.65,0.6296,,LOST,
2026-07-02T00:30:00+00:00,USL League Two,Denton Diablos,West Texas,Over/Under Goals,Under 3.5,1.59,0.7840,,LOST,
2026-07-02T01:30:00+00:00,Friendlies Clubs,New Mexico United,Atlante FC,Asian Handicap,Home +0.25,3.04,0.6872,,WON,
2026-07-02T02:00:00+00:00,USL League Two,Davis Legacy,Academica,Asian Handicap,Home +0,1.68,0.5544,,LOST,
2026-07-02T09:00:00+00:00,Friendlies Clubs,Universitatea Cluj,Vojvodina,Over/Under Goals,Under 3.5,1.54,0.9682,,WON,
2026-07-02T13:00:00+00:00,UEFA U19 Championship,Croatia U19,Italy U19,Asian Handicap,Home +0.25,1.72,0.7849,,WON,
2026-07-02T14:00:00+00:00,Friendlies Clubs,Spartak Moscow,Spartak Kostroma,Team Total Goals,Under 2.5,1.62,0.8576,,WON,
2026-07-02T15:00:00+00:00,1 Lyga,Žalgiris II,Hegelmann II,Over/Under Goals,Under 3.5,1.6,0.9440,,LOST,
2026-07-02T15:00:00+00:00,Friendlies Clubs,Beşiktaş,Gyirmot SE,Team Total Goals,Under 2.5,2.34,0.9200,,WON,
2026-07-02T15:00:00+00:00,Friendlies Clubs,Polessya,Sabah FA,Asian Handicap,Home +0,1.8,0.8250,,WON,
2026-07-02T16:00:00+00:00,Friendlies Clubs,Aluminij,FK Partizan,Team Total Goals,Under 2.5,1.98,0.9094,,WON,
2026-07-02T16:00:00+00:00,Friendlies Clubs,Dekani,Arges Pitesti,Asian Handicap,Home +0,6.85,0.6827,,LOST,
2026-07-02T16:00:00+00:00,Friendlies Clubs,Koper,Corvinul Hunedoara,Over/Under Goals,Under 3.5,1.61,0.6914,,WON,
2026-07-02T16:00:00+00:00,Meistriliiga,Kuressaare,Flora Tallinn,Asian Handicap,Home +0.25,3.5,0.6207,,LOST,
2026-07-02T16:30:00+00:00,Friendlies Clubs,Brinje-Grosuplje,Dinamo Zagreb,Double Chance,Home/Draw,6.5,0.8900,,LOST,
2026-07-02T17:00:00+00:00,Botola Pro,CR Khemis Zemamra,FUS Rabat,Over/Under Goals,Over 2.5,2.6,0.6387,,LOST,
2026-07-02T17:00:00+00:00,Botola Pro,Kawkab Marrakech,Maghreb Fès,Asian Handicap,Home +0.25,2.33,0.6838,,WON,
2026-07-02T17:30:00+00:00,Cup,Tallinna Wolves,JK Tabasalu,Double Chance,Home/Draw,6.0,0.6565,,LOST,
2026-07-02T18:00:00+00:00,Friendlies Clubs,Cove Rangers,Turriff United,Team Total Goals,Under 2.5,1.98,0.9769,,WON,
2026-07-02T20:30:00+00:00,Liga Pro Serie B,Atletico FC,El Nacional,Asian Handicap,Away -1.25,1.8,0.0467,,LOST,
2026-07-03T00:00:00+00:00,Liga Pro Serie B,Santo Domingo,Ind. Juniors,Asian Handicap,Home +0.25,1.55,0.7625,,WON,
2026-07-03T00:00:00+00:00,Serie B,Fortaleza EC,Ponte Preta,Team Total Goals,Under 2.5,1.53,0.9281,,WON,
2026-07-03T00:00:00+00:00,USL Championship,Birmingham Legion,Detroit City,Asian Handicap,Home +0.25,1.75,0.6631,,LOST,
2026-07-03T08:30:00+00:00,Friendlies Clubs,Enisey,Zenit 2,Team Total Goals,Under 2.5,1.75,0.9406,,LOST,
2026-07-03T08:30:00+00:00,Friendlies Clubs,IMT Novi Beograd,Maccabi Tel Aviv,Team Total Goals,Under 2.5,1.52,0.8894,,WON,
2026-07-03T09:00:00+00:00,Friendlies Clubs,AS Trencin,Zlin,Asian Handicap,Home +0,2.5,0.6782,,LOST,
2026-07-03T09:30:00+00:00,Victoria NPL,Green Gully,Bentleigh Greens,Asian Handicap,Home +0.25,1.6,0.8129,,WON,
2026-07-03T10:00:00+00:00,Friendlies Clubs,Vejle,Randers FC,Asian Handicap,Home +0.25,2.15,0.6962,,WON,
2026-07-03T10:00:00+00:00,New South Wales NPL 2,Prospect United,Hakoah Sydney City,Over/Under Goals,Under 3.5,1.58,0.9260,,WON,
2026-07-03T10:00:00+00:00,Premier League,Ethiopia Nigd Bank,Bahardar,Asian Handicap,Home +0.25,1.62,0.8536,,WON,
2026-07-03T10:00:00+00:00,Youth Championship,Almaz Antey U19,Rubin Kazan U20,Over/Under Goals,Under 3.5,1.51,0.7444,,LOST,
2026-07-03T10:30:00+00:00,Victoria NPL 2,Northcote City,Melbourne Srbija,Over/Under Goals,Under 3.5,1.59,0.7590,,LOST,
2026-07-03T11:00:00+00:00,Friendlies Clubs,Aalborg,Viborg,Asian Handicap,Home +0.25,3.3,0.7508,,WON,
2026-07-03T12:00:00+00:00,Friendlies Clubs,FC Sochi,Torpedo Moskva,Over/Under Goals,Under 3.5,1.88,0.6808,,WON,
2026-07-03T12:00:00+00:00,Friendlies Clubs,Motor Lublin,Warta Poznań,Team Total Goals,Under 2.5,1.52,0.9199,,LOST,
2026-07-03T12:00:00+00:00,Friendlies Clubs,Vitesse,Roda,Asian Handicap,Home +0,1.95,0.5570,,WON,
2026-07-03T12:00:00+00:00,Super League,Yunnan Yukun,Henan Jianye,Over/Under Goals,Under 3.5,1.57,0.7126,,WON,
2026-07-03T14:00:00+00:00,Friendlies Clubs,Lokomotiv,Spartak Kostroma,Team Total Goals,Under 2.5,1.81,0.9785,,WON,
2026-07-03T14:00:00+00:00,Youth Championship,Zenit U19,Dinamo Moskva U19,Over/Under Goals,Under 3.5,1.89,0.8918,,LOST,
2026-07-03T15:00:00+00:00,1. Division,Turan Turkistan,Jaiyq,Over/Under Goals,Under 3.5,1.61,0.8228,,LOST,
2026-07-03T15:00:00+00:00,Friendlies Clubs,Biel-Bienne,Yverdon Sport,Asian Handicap,Home +0.25,2.42,0.8024,,WON,
2026-07-03T15:00:00+00:00,Friendlies Clubs,FK Jablonec,Ústí nad Labem,Asian Handicap,Away -1.25,1.72,0.1860,,WON,
2026-07-03T16:00:00+00:00,1. Division,Kongsvinger,Sogndal,Over/Under Goals,Under 3.5,1.83,0.2675,,LOST,
2026-07-03T16:00:00+00:00,1. Division,Raufoss,Strommen,Asian Handicap,Home +0.25,1.62,0.6855,,WON,
2026-07-03T16:00:00+00:00,A Lyga,Džiugas Telšiai,Kauno Žalgiris,Double Chance,Home/Draw,1.98,0.7302,,WON,
2026-07-03T16:00:00+00:00,Azadegan League,Mes Kerman,Naft Bandar Abbas,Asian Handicap,Home +0.25,1.52,0.9653,,WON,
2026-07-03T16:00:00+00:00,Friendlies Clubs,Radomlje,HNK Rijeka,Over/Under Goals,Under 3.5,1.5,0.7836,,WON,
2026-07-03T16:00:00+00:00,Friendlies Clubs,SKN ST. Polten,Artis,Over/Under Goals,Under 3.5,1.77,0.6480,,WON,
2026-07-03T16:00:00+00:00,Friendlies Clubs,Wolfsberger AC,Admira Wacker,Over/Under Goals,Under 3.5,1.57,0.9346,,LOST,
2026-07-03T16:30:00+00:00,Friendlies Clubs,Deutschlandsberger SC,SV Kapfenberg,Asian Handicap,Home +0,2.3,0.5433,,LOST,
2026-07-03T16:30:00+00:00,Friendlies Clubs,Germania Teveren,Alemannia Aachen,Over/Under Goals,Under 3.5,3.5,0.8670,,LOST,
2026-07-03T16:30:00+00:00,Friendlies Clubs,Wiener SC,Floridsdorfer AC,Asian Handicap,Home +0.25,4.65,0.8169,,LOST,
2026-07-03T17:00:00+00:00,Friendlies Clubs,Monheim,Fortuna Düsseldorf,Team Total Goals,Over 0.5,1.65,0.7838,,LOST,
2026-07-03T17:00:00+00:00,Friendlies Clubs,Wildon,Voitsberg,Over/Under Goals,Under 3.5,2.31,0.6310,,WON,
2026-07-03T18:00:00+00:00,Paulista - U20,Flamengo SP U20,XV de Jaú U20,Asian Handicap,Home +0.25,1.56,0.8874,,LOST,
2026-07-03T18:00:00+00:00,Paulista - U20,Guarani U20,Sfera U20,Team Total Goals,Over 0.5,1.5,0.8962,,LOST,
2026-07-03T18:00:00+00:00,Paulista - U20,Mauá U20,Tanabi SP U20,Asian Handicap,Home +0.25,1.8,0.5942,,WON,
2026-07-03T18:00:00+00:00,Paulista - U20,Osasco Audax U20,Água Santa U20,Asian Handicap,Home +0.25,1.8,0.8259,,WON,
2026-07-03T18:30:00+00:00,1. Deild,B36 II,Hoyvík,Over/Under Goals,Under 3.5,1.89,0.4265,,LOST,
2026-07-03T18:30:00+00:00,Friendlies Clubs,River Plate,Flamengo,Asian Handicap,Home +1.25,3.1,0.9003,,WON,
2026-07-03T18:45:00+00:00,Friendlies Clubs,Dartford,Charlton,Team Total Goals,Over 0.5,1.93,0.7772,,LOST,
2026-07-03T18:45:00+00:00,Premier Division,Derry City,Waterford,Team Total Goals,Over 0.5,1.62,0.7338,,WON,
2026-07-03T18:45:00+00:00,Premier Division,Sligo Rovers,Shamrock Rovers,Team Total Goals,Over 0.5,1.62,0.7796,,WON,
2026-07-03T18:45:00+00:00,Premier Division,St Patrick's Athl.,Galway United,Asian Handicap,Away -1.25,1.8,0.1597,,LOST,
2026-07-03T19:15:00+00:00,1. Deild,IR Reykjavik,Afturelding,Double Chance,Home/Draw,1.67,0.7054,,LOST,
2026-07-03T19:15:00+00:00,1. Deild,Njardvik,Throttur Reykjavik,Over/Under Goals,Under 3.5,1.56,0.8672,,WON,
2026-07-03T19:15:00+00:00,Úrvalsdeild,FH hafnarfjordur,Stjarnan,Asian Handicap,Home +0.25,1.57,0.5996,,WON,
2026-07-03T23:30:00+00:00,USL Championship,Loudoun United,Sporting JAX,Asian Handicap,Away -1.25,1.6,0.1809,,WON,
2026-07-04T01:30:00+00:00,NWSL Women,Denver Summit W,Kansas City W,Asian Handicap,Home +0.25,1.57,0.5676,,LOST,
2026-07-04T01:30:00+00:00,USL League Two,Midlakes United,Bangers,Over/Under Goals,Under 3.5,1.73,0.7045,,WON,
2026-07-04T04:15:00+00:00,Tasmania Southern Championship,Hobart City,University of Tasmania,Asian Handicap,Away -1.25,2.52,0.2236,,LOST,
2026-07-04T04:30:00+00:00,Tasmania NPL,Devonport City,Riverside,Team Total Goals,Under 2.5,1.82,0.8712,,LOST,
2026-07-04T05:00:00+00:00,Capital Territory NPL,Canberra White Eagles,Cooma Tigers FC,Over/Under Goals,Under 3.5,2.21,0.5313,,WON,
2026-07-04T05:00:00+00:00,New South Wales NPL,UNSW,Sydney FC U23,Over/Under Goals,Under 3.5,1.57,0.6944,,LOST,
2026-07-04T05:00:00+00:00,Victoria NPL 2,Langwarrin,Eltham Redbacks FC,Asian Handicap,Home +0,1.98,0.8529,,LOST,
2026-07-04T05:00:00+00:00,Victoria NPL,Avondale,Preston Lions,Asian Handicap,Home +0,1.68,0.9695,,LOST,
2026-07-04T05:30:00+00:00,South Australia NPL,Adelaide United II,Campbelltown City,Asian Handicap,Home +0.25,1.6,0.8145,,WON,
2026-07-04T05:30:00+00:00,South Australia NPL,Sturt Lions,Playford City Patriots,Asian Handicap,Home +0.25,1.8,0.7465,,WON,
2026-07-04T06:15:00+00:00,Queensland NPL,Gold Coast Knights,Moreton City Excelsior,Asian Handicap,Home +0.25,1.75,0.6603,,WON,
2026-07-04T07:00:00+00:00,New South Wales NPL 2,Bankstown City Lions,Dulwich Hill,Over/Under Goals,Under 3.5,1.59,0.6806,,LOST,
2026-07-04T07:00:00+00:00,New South Wales NPL 2,Hills Brumbies,Northern Tigers,Asian Handicap,Home +0.25,1.9,0.6520,,LOST,
2026-07-04T07:00:00+00:00,Queensland Premier League,Brisbane Strikers,Logan Lightning,Over/Under Goals,Under 3.5,1.85,0.7697,,LOST,
2026-07-04T07:00:00+00:00,Western Australia NPL,Armadale,Olympic Kingsway,Over/Under Goals,Under 3.5,2.0,0.3466,,LOST,
2026-07-04T07:00:00+00:00,Western Australia NPL,Stirling Lions,Perth RedStar,Asian Handicap,Home +0.25,1.7,0.8012,,LOST,
2026-07-04T07:00:00+00:00,Western Australia NPL,Western Knights,Sorrento,Team Total Goals,Under 2.5,1.53,0.9748,,WON,
2026-07-04T07:00:00+00:00,Western Australia State League 1,Joondalup City,Quinns FC,Over/Under Goals,Under 3.5,1.66,0.6155,,LOST,
2026-07-04T07:00:00+00:00,Western Australia State League 1,Mandurah City,Gwelup Croatia,Over/Under Goals,Under 3.5,1.86,0.6079,,LOST,
2026-07-04T07:00:00+00:00,Western Australia State League 1,Murdoch Melville,Floreat Athena,Over/Under Goals,Under 3.5,1.74,0.7088,,LOST,
2026-07-04T09:00:00+00:00,Friendlies Clubs,Hradec Králové,Sparta Praha II,Over/Under Goals,Under 3.5,1.76,0.8210,,WON,
2026-07-04T09:00:00+00:00,Friendlies Clubs,Zaglebie Sosnowiec,Podbeskidzie,Over/Under Goals,Under 3.5,1.62,0.8245,,LOST,
2026-07-04T09:00:00+00:00,Queensland NPL,Eastern Suburbs,Peninsula Power,Over/Under Goals,Under 3.5,1.73,0.7361,,LOST,
2026-07-04T09:00:00+00:00,Western Australia NPL,Dianella White Eagle,Perth,Over/Under Goals,Under 3.5,2.05,0.5186,,LOST,
2026-07-04T10:00:00+00:00,FA Cup,Ulsan Citizen,Chuncheon,Over/Under Goals,Over 1.5,1.5,0.8468,,WON,
2026-07-04T10:00:00+00:00,Friendlies Clubs,De Treffers,FC Eindhoven,Asian Handicap,Home +0.25,2.25,0.7732,,WON,
2026-07-04T10:00:00+00:00,Friendlies Clubs,Korona Kielce,Zemplín Michalovce,Over/Under Goals,Under 3.5,1.63,0.9180,,LOST,
2026-07-04T10:00:00+00:00,Friendlies Clubs,Lyngby,B 93,Over/Under Goals,Under 3.5,1.94,0.6841,,LOST,
2026-07-04T10:00:00+00:00,Friendlies Clubs,Wisla Krakow,Karviná,Asian Handicap,Home +0,1.9,0.5915,,WON,
2026-07-04T10:00:00+00:00,Second League - Group 2,Iskra Smolensk,Tver,Asian Handicap,Home +0.25,1.59,0.6008,,LOST,
2026-07-04T10:30:00+00:00,K-League Classic,FC Anyang,Pohang Steelers,Asian Handicap,Home +0.25,1.7,0.6960,,LOST,
2026-07-04T11:00:00+00:00,1. Liga,JDFS Alberts,Riga Mariners,Asian Handicap,Home +0.25,1.65,0.6664,,LOST,
2026-07-04T11:00:00+00:00,Friendlies Clubs,FC Midtjylland,Silkeborg,Over/Under Goals,Under 3.5,1.69,0.5874,,LOST,
2026-07-04T11:00:00+00:00,Friendlies Clubs,GO Ahead Eagles,FC OSS,Asian Handicap,Home +1.25,1.58,0.8992,,WON,
2026-07-04T11:00:00+00:00,Friendlies Clubs,Liptovský Mikuláš,Baník Ostrava II,Asian Handicap,Home +0.25,2.3,0.7379,,WON,
2026-07-04T11:00:00+00:00,Friendlies Clubs,Sparta Praha,Opava,Team Total Goals,Under 2.5,1.97,0.9051,,LOST,
2026-07-04T11:00:00+00:00,Kakkonen - Lohko B,Honka,Musa,Over/Under Goals,Under 3.5,2.75,0.4713,,LOST,
2026-07-04T11:00:00+00:00,Kakkonen - Lohko C,JS Hercules,Vaajakoski,Asian Handicap,Home +0.25,1.7,0.5615,,WON,
2026-07-04T11:00:00+00:00,League One,Shenzhen Juniors,Nantong Zhiyun,Asian Handicap,Home +0.25,1.5,0.6945,,WON,
2026-07-04T11:00:00+00:00,Super League,Qingdao Youth Island,SHANGHAI SIPG,Asian Handicap,Home +0.25,1.85,0.6343,,WON,
2026-07-04T11:35:00+00:00,Super League,Beijing Guoan,Shandong Luneng,Asian Handicap,Away -1.25,1.52,0.2701,,LOST,
2026-07-04T12:00:00+00:00,Esiliiga A,FC Tallinn,Nõmme United II,Over/Under Goals,Under 3.5,1.82,0.4103,,LOST,
2026-07-04T12:00:00+00:00,Esiliiga B,Tartu Kalev,Johvi Phoenix,Asian Handicap,Home +0.5,1.9,0.6956,,WON,
2026-07-04T12:00:00+00:00,Friendlies Clubs,Twente,Aberdeen,Over/Under Goals,Under 3.5,1.7,0.8790,,WON,
2026-07-04T12:00:00+00:00,Friendlies Clubs,Unia Skierniewice,Pogoń Grod. Mazowiecki,Asian Handicap,Home +0,2.02,0.5916,,LOST,
2026-07-04T12:00:00+00:00,Kakkonen - Lohko A,HIFK Helsinki,MyPa,Over/Under Goals,Under 3.5,2.05,0.6336,,LOST,
2026-07-04T12:00:00+00:00,Kakkonen - Lohko C,Kraft,Jaro 2,Asian Handicap,Home +0.25,1.92,0.5986,,WON,
2026-07-04T12:30:00+00:00,Friendlies Clubs,Dordrecht,Feyenoord,Over/Under Goals,Under 3.5,1.65,0.7571,,LOST,
2026-07-04T13:00:00+00:00,Allsvenskan,Degerfors IF,Malmo FF,Asian Handicap,Home +0.25,1.9,0.5983,,LOST,
2026-07-04T13:00:00+00:00,Allsvenskan,Halmstad,Vasteras SK FK,Asian Handicap,Home +0.25,1.7,0.6673,,LOST,
2026-07-04T13:00:00+00:00,Friendlies Clubs,Glentoran,Dundela,Asian Handicap,Home +0,9.3,0.7339,,WON,
2026-07-04T13:00:00+00:00,Friendlies Clubs,Haverfordwest County AFC,Hamilton Academical,Asian Handicap,Home +0,3.3,0.6734,,LOST,
2026-07-04T13:00:00+00:00,Kakkonen - Lohko A,Atlantis,PEPO,Asian Handicap,Home +0,1.73,0.8303,,WON,
2026-07-04T13:00:00+00:00,Kakkonen - Lohko A,Union Plaani,PuiU Helsinki,Over/Under Goals,Under 3.5,1.8,0.7175,,WON,
2026-07-04T13:00:00+00:00,Premier League,FC Vitebsk,FC Dnepr Mogilev,Asian Handicap,Home +0,1.62,0.6307,,WON,
2026-07-04T13:00:00+00:00,Ykkönen,SalPa,VJS,Asian Handicap,Home +0.25,1.5,0.6600,,WON,
2026-07-04T13:30:00+00:00,Friendlies Clubs,Rot-weiss Oberhausen,VfL Bochum,Over/Under Goals,Under 3.5,1.58,0.6625,,LOST,
2026-07-04T13:30:00+00:00,Meistaradeildin,B36 Torshavn,Vikingur Gota,Asian Handicap,Home +0.25,1.57,0.5771,,LOST,
2026-07-04T13:30:00+00:00,Second League - Group 1,Pobeda,Rostov II,Asian Handicap,Home +0.25,1.55,0.6808,,WON,
2026-07-04T14:00:00+00:00,1. Deild,Grindavik,Vestri,Over/Under Goals,Under 3.5,1.54,0.9370,,WON,
2026-07-04T14:00:00+00:00,1. Division,hodd,Stromsgodset,Over/Under Goals,Under 3.5,1.8,0.3116,,LOST,
2026-07-04T14:00:00+00:00,2. Deild,Fjardabyggd / Leiknir,Vikingur Olafsiik,Over/Under Goals,Under 3.5,2.17,0.6552,,WON,
2026-07-04T14:00:00+00:00,Friendlies Clubs,FC Luzern,FC Winterthur,Over/Under Goals,Under 3.5,1.95,0.5874,,LOST,
2026-07-04T14:00:00+00:00,Friendlies Clubs,Helmond Sport,AEK Larnaca,Team Total Goals,Under 2.5,1.5,0.9223,,WON,
2026-07-04T14:00:00+00:00,Friendlies Clubs,SCR Altach,1. FC Heidenheim,Asian Handicap,Home +0.25,2.38,0.6010,,LOST,
2026-07-04T14:00:00+00:00,Friendlies Clubs,Spartak Moscow,Krylia Sovetov,Team Total Goals,Over 0.5,1.7,0.8601,,WON,
2026-07-04T14:00:00+00:00,Kakkonen - Lohko A,HPS,Reipas,Over/Under Goals,Under 3.5,1.8,0.4721,,LOST,
2026-07-04T14:00:00+00:00,Veikkausliiga,SJK,Turku PS,Asian Handicap,Away -1.25,1.52,0.1369,,LOST,
2026-07-04T14:00:00+00:00,Ykkönen,KuPS Akatemia,Tampere United,Over/Under Goals,Under 3.5,1.73,0.5990,,LOST,
2026-07-04T15:00:00+00:00,Friendlies Clubs,Lokomotiv Plovdiv,Arda Kardzhali,Asian Handicap,Home +0.25,1.68,0.6605,,WON,
2026-07-04T15:00:00+00:00,Friendlies Clubs,Slovácko,Spartak Trnava,Asian Handicap,Home +0.25,1.6,0.7443,,WON,
2026-07-04T15:00:00+00:00,Premier League,Neman,Arsenal,Team Total Goals,Over 0.5,1.73,0.8900,,WON,
2026-07-04T15:00:00+00:00,Super Liga,Politehnica UTM,Sheriff Tiraspol,Asian Handicap,Home +0,9.1,0.6144,,WON,
2026-07-04T16:00:00+00:00,1. Liga,Metta / LU,Skanste,Over/Under Goals,Under 3.5,2.0,0.1973,,LOST,
2026-07-04T16:00:00+00:00,2. Deild,Magni,Thróttur Vogar,Asian Handicap,Home +0,1.95,0.5814,,WON,
2026-07-04T16:00:00+00:00,Friendlies Clubs,Olimpija Ljubljana,CFR 1907 Cluj,Asian Handicap,Home +0.25,1.6,0.7075,,WON,
2026-07-04T16:00:00+00:00,Úrvalsdeild,IBV Vestmannaeyjar,Valur Reykjavik,Asian Handicap,Home +0.25,1.5,0.6574,,WON,
2026-07-04T16:30:00+00:00,1. Deild,ÍF II,Víkingur II,Over/Under Goals,Under 3.5,1.9,0.4355,,LOST,
2026-07-04T17:00:00+00:00,World Cup,Canada,Morocco,Asian Handicap,Home +0.25,2.42,0.6868,,LOST,
2026-07-04T17:30:00+00:00,Primera B Metropolitana,Ituzaingó,Villa San Carlos,Asian Handicap,Home +0.25,1.5,0.8044,,LOST,
2026-07-04T18:00:00+00:00,Baiano U20,Bahia U20,Jacobina U20,Over/Under Goals,Under 3.5,1.92,0.6457,,LOST,
2026-07-04T18:00:00+00:00,Baiano U20,Camaçariense U20,SSA U20,Asian Handicap,Home +0,1.73,0.7434,,WON,
2026-07-04T18:00:00+00:00,Paulista - U20,Aguai U20,Botafogo SP U20,Asian Handicap,Home +0.25,2.43,0.9446,,WON,
2026-07-04T18:00:00+00:00,Paulista - U20,Ponte Preta U20,Santos U20,Asian Handicap,Home +0.25,1.9,0.7116,,WON,
2026-07-04T18:00:00+00:00,Primera B Metropolitana,Comunicaciones,Arsenal Sarandi,Asian Handicap,Home +0.25,1.6,0.6368,,LOST,
2026-07-04T18:00:00+00:00,Primera B Metropolitana,Deportivo Merlo,Villa Dalmine,Over/Under Goals,Over 1.5,1.57,0.6409,,WON,
2026-07-04T18:00:00+00:00,Primera B Metropolitana,Dock Sud,Excursionistas,Over/Under Goals,Over 1.5,1.5,0.6369,,WON,
2026-07-04T18:00:00+00:00,Primera B Metropolitana,Flandria,Deportivo Laferrere,Team Total Goals,Over 0.5,1.5,0.8660,,WON,
2026-07-04T18:30:00+00:00,Primera B Metropolitana,Deportivo Armenio,Brown DE Adrogue,Team Total Goals,Over 0.5,1.8,0.7452,,LOST,
2026-07-04T18:30:00+00:00,Primera Nacional,Almagro,Atletico DE Rafaela,Asian Handicap,Home +0,1.62,0.6750,,WON,
2026-07-04T18:30:00+00:00,Primera Nacional,Nueva Chicago,Club Atlético Güemes,Over/Under Goals,Over 1.5,1.5,0.7157,,WON,
2026-07-04T19:00:00+00:00,Copa Chile,Magallanes,Palestino,Asian Handicap,Home +0.25,2.5,0.5960,,LOST,
2026-07-04T19:00:00+00:00,Liga Pro,Libertad,Leones del Norte,Team Total Goals,Over 0.5,1.53,0.8297,,WON,
2026-07-04T19:00:00+00:00,Primera Nacional,Ciudad de Bolívar,Godoy Cruz,Asian Handicap,Home +0.25,1.62,0.5981,,WON,
2026-07-04T19:00:00+00:00,Serie B,Londrina,CRB,Asian Handicap,Home +0,1.8,0.6609,,WON,
2026-07-04T19:00:00+00:00,Serie B,Novorizontino,Atletico Goianiense,Team Total Goals,Over 0.5,1.53,0.8821,,LOST,
2026-07-04T19:00:00+00:00,Serie D,CRAC,Treze,Asian Handicap,Home +0.25,1.52,0.9954,,WON,
2026-07-04T19:00:00+00:00,Serie D,Imperatriz,Ferroviario,Team Total Goals,Over 0.5,1.5,0.8029,,WON,
2026-07-04T19:00:00+00:00,Serie D,Nacional AM,Capital Brasilia,Over/Under Goals,Over 1.5,1.5,0.8520,,LOST,
2026-07-04T19:00:00+00:00,Serie D,Sao Jose,Portuguesa RJ,Over/Under Goals,Over 1.5,1.5,0.7031,,LOST,
2026-07-04T20:00:00+00:00,Serie D,Águia de Marabá,ABC,Asian Handicap,Home +0.25,1.82,0.7244,,WON,
2026-07-04T20:00:00+00:00,USL Championship,Indy Eleven,Charleston Battery,Asian Handicap,Home +0.25,1.8,0.8316,,WON,
2026-07-04T21:00:00+00:00,Serie D,Luverdense,Guaporé,Team Total Goals,Over 0.5,1.73,0.7495,,LOST,
2026-07-04T21:00:00+00:00,Serie D,Marcílio Dias,Portuguesa,Over/Under Goals,Over 1.5,1.53,0.7264,,WON,
2026-07-04T21:00:00+00:00,World Cup,Paraguay,France,Over/Under Goals,Under 3.5,1.5,0.7253,,WON,
2026-07-04T22:00:00+00:00,Serie D,Velo Clube,São Luiz,Over/Under Goals,Over 1.5,1.5,0.7375,,WON,
2026-07-04T22:00:00+00:00,USL Championship,Tampa Bay Rowdies,Lexington,Team Total Goals,Over 0.5,1.53,0.8208,,WON,
2026-07-04T23:00:00+00:00,Serie B,Goias,Ceara,Team Total Goals,Over 0.5,1.53,0.8146,,LOST,
2026-07-04T23:30:00+00:00,MLS Next Pro,Chattanooga,Inter Miami II,Over/Under Goals,Under 3.5,2.07,0.6740,,WON,
2026-07-04T23:30:00+00:00,USL Championship,Rhode Island,Orange County SC,Team Total Goals,Over 0.5,1.54,0.8940,,WON,
2026-07-04T23:30:00+00:00,USL League One,Corpus Christi,Chattanooga Red Wolves,Asian Handicap,Home +0.25,1.58,0.6375,,WON,
2026-07-04T23:30:00+00:00,USL League One,Fort Wayne,Spokane Velocity,Asian Handicap,Home +0.25,1.6,0.6837,,WON,
2026-07-05T00:00:00+00:00,USL League Two,Jackson Boom,Mississippi Brilla,Over/Under Goals,Under 3.5,1.72,0.7126,,LOST,
2026-07-05T00:45:00+00:00,MLS Next Pro,North Texas,St. Louis City II,Asian Handicap,Home +0,2.2,0.5931,,WON,
2026-07-05T02:00:00+00:00,Friendlies Clubs,CDS Tampico Madero,Club America,Double Chance,Home/Draw,2.3,0.6729,,LOST,
2026-07-05T05:00:00+00:00,New South Wales NPL 2,Central Coast II,Rydalmere Lions,Asian Handicap,Home +0.25,1.6,0.5756,,LOST,
2026-07-05T05:00:00+00:00,New South Wales NPL,Marconi Stallions,St. George Saints,Team Total Goals,Under 2.5,1.91,0.9341,,WON,
2026-07-05T05:00:00+00:00,Queensland NPL,Gold Coast United,Magic United,Over/Under Goals,Under 3.5,1.8,0.5699,,LOST,
2026-07-05T08:00:00+00:00,League Two,Xiamen Feilu,Shenzhen 2028,Asian Handicap,Home +0.25,1.5,0.6530,,WON,
2026-07-05T09:00:00+00:00,FA Cup,Geoje Citizen,Seogot,Team Total Goals,Under 2.5,1.83,0.9404,,LOST,
2026-07-05T10:00:00+00:00,FA Cup,Busan Transportation,Gijang United,Team Total Goals,Under 2.5,1.7,0.9649,,WON,
2026-07-05T10:00:00+00:00,FA Cup,Gyeongju HNP,Seosan Pioneer,Team Total Goals,Under 2.5,2.1,0.8629,,LOST,
2026-07-05T10:00:00+00:00,FA Cup,Pyeongtaek Citizen,Yeoju Sejong,Asian Handicap,Home +0,5.5,0.6475,,LOST,
2026-07-05T10:30:00+00:00,K League 2,Gyeongnam FC,Cheonan City,Asian Handicap,Home +0.25,1.6,0.6212,,WON,
2026-07-05T10:30:00+00:00,K-League Classic,Gimcheon Sangmu FC,Jeju United FC,Asian Handicap,Home +0.25,1.5,0.5410,,WON,
2026-07-05T11:00:00+00:00,Kakkonen - Lohko B,Ilves II,EPS,Over/Under Goals,Under 3.5,2.1,0.4706,,LOST,
2026-07-05T11:00:00+00:00,League Two,Dalian Yingbo B,Qingdao Red Lions,Team Total Goals,Over 0.5,1.55,0.7926,,LOST,
2026-07-05T11:00:00+00:00,Super League,Qingdao Jonoon,Chengdu Better City,Asian Handicap,Home +0,3.55,0.5520,,WON,
2026-07-05T12:00:00+00:00,1. Liga,Rīgas FS II,Super Nova 2,Asian Handicap,Home +0.25,1.85,0.7113,,WON,
2026-07-05T12:00:00+00:00,1. Liga,Valmiera / BSS,Leevon / PPK,Team Total Goals,Under 2.5,1.52,0.8997,,LOST,
2026-07-05T12:00:00+00:00,Esiliiga A,Nõmme Kalju II,Elva,Over/Under Goals,Under 3.5,1.86,0.4065,,LOST,
2026-07-05T12:00:00+00:00,Friendlies Clubs,Aarhus,Motherwell,Asian Handicap,Away -1.25,1.52,0.1910,,LOST,
2026-07-05T12:00:00+00:00,Ykkönen,TPV,JJK,Over/Under Goals,Under 3.5,1.83,0.5726,,WON,
2026-07-05T12:30:00+00:00,Friendlies Clubs,RKAV Volendam,FC Volendam,Asian Handicap,Home +0.25,5.9,0.6279,,LOST,
2026-07-05T13:00:00+00:00,Division Intermedia,Deportivo Santani,General Caballero,Asian Handicap,Home +0.25,1.58,0.6272,,WON,
2026-07-05T13:00:00+00:00,Friendlies Clubs,Rapid Vienna,Pardubice,Asian Handicap,Home +0.25,1.5,0.8038,,WON,
2026-07-05T13:00:00+00:00,Mineiro - 2,Coimbra,Valeriodoce,Asian Handicap,Home +0,1.75,0.5986,,WON,
2026-07-05T13:00:00+00:00,Paulista - U20,Porto Football U20,Palmeiras U20,Over/Under Goals,Under 3.5,1.85,0.8912,,WON,
2026-07-05T13:00:00+00:00,Paulista - U20,Referencia U20,RB Bragantino U20,Over/Under Goals,Under 3.5,1.55,0.6516,,LOST,
2026-07-05T13:00:00+00:00,Paulista - U20,União Suzano U20,Mirassol U20,Asian Handicap,Home +0.25,1.67,0.8046,,WON,
2026-07-05T13:00:00+00:00,Premier Soccer League,Highlanders,Simba Bhora,Asian Handicap,Home +0,1.55,0.6286,,WON,
2026-07-05T13:30:00+00:00,Friendlies Clubs,Rosenborg,Molde,Asian Handicap,Home +0.5,1.82,0.6674,,WON,
2026-07-05T14:00:00+00:00,1. Division,ODD Ballklubb,Haugesund,Asian Handicap,Home +0.25,1.52,0.5842,,LOST,
2026-07-05T14:30:00+00:00,Allsvenskan,IF Elfsborg,Hammarby FF,Asian Handicap,Home +0.25,2.15,0.8158,,LOST,
2026-07-05T15:00:00+00:00,Friendlies Clubs,MTE 1904,Beşiktaş,Over/Under Goals,Under 3.5,2.4,0.8401,,WON,
2026-07-05T15:00:00+00:00,MLS Next Pro,New England II,Philadelphia Union II,Over/Under Goals,Under 3.5,1.57,0.7143,,LOST,
2026-07-05T15:00:00+00:00,UEFA U19 Championship,Ukraine U19,Italy U19,Asian Handicap,Home +0.25,1.9,0.7157,,WON,
2026-07-05T15:15:00+00:00,Friendlies Clubs,Rapid Vienna,Rapid,Asian Handicap,Home +0,2.75,0.7111,,WON,
2026-07-05T16:00:00+00:00,Friendlies Clubs,Beltinci,Mura,Asian Handicap,Home +0,3.3,0.7629,,WON,
2026-07-05T16:00:00+00:00,Friendlies Clubs,Omonia Nicosia,Hapoel Beer Sheva,Asian Handicap,Home +0.25,1.75,0.7660,,WON,
2026-07-05T16:00:00+00:00,Primera B Metropolitana,Argentino Quilmes,Talleres Remedios,Over/Under Goals,Over 1.5,1.62,0.7951,,WON,
2026-07-05T17:00:00+00:00,Botola Pro,Difaa EL Jadida,Renaissance Berkane,Asian Handicap,Home +0.25,3.2,0.7301,,LOST,
2026-07-05T17:00:00+00:00,Botola Pro,FUS Rabat,Yacoub El Mansour,Asian Handicap,Home +0.25,1.72,0.6569,,LOST,
2026-07-05T17:00:00+00:00,Botola Pro,Maghreb Fès,Olympique Dcheïra,Team Total Goals,Over 0.5,1.75,0.8601,,LOST,
2026-07-05T17:00:00+00:00,Primera División - Apertura,Danubio,Juventud,Asian Handicap,Home +0.25,1.62,0.5607,,WON,
2026-07-05T18:00:00+00:00,Primera C,Atletico Atlas,Claypole,Asian Handicap,Home +0.25,1.52,0.6862,,WON,
2026-07-05T18:00:00+00:00,Primera C,Lujan,Fénix,Over/Under Goals,Over 1.5,1.55,0.6169,,WON,
2026-07-05T18:00:00+00:00,Primera Nacional,Deportivo Madryn,Colon Santa Fe,Asian Handicap,Home +0.25,1.5,0.6064,,LOST,
2026-07-05T18:00:00+00:00,Torneo Federal A,Gimnasia Concepción,9 de Julio Rafaela,Asian Handicap,Home +0.25,1.7,0.7204,,WON,
2026-07-05T19:00:00+00:00,Copa Chile,D. Puerto Montt,Huachipato,Asian Handicap,Home +0.25,1.78,0.9964,,WON,
2026-07-05T19:00:00+00:00,Segunda División,Real San Joaquín,Trasandino,Asian Handicap,Home +0.25,1.5,0.7414,,LOST,
2026-07-05T19:30:00+00:00,Primera Nacional,Central Norte,San Miguel,Team Total Goals,Over 0.5,1.65,0.7707,,WON,
2026-07-05T20:00:00+00:00,Copa Chile,Deportes Santa Cruz,A. Italiano,Asian Handicap,Home +0.25,1.88,0.6619,,WON,
2026-07-05T20:00:00+00:00,Segunda División,Tacuarembo,Cerrito,Asian Handicap,Home +0.25,1.6,0.6970,,WON,
2026-07-06T00:00:00+00:00,Copa Chile,Deportes Limache,San Marcos de Arica,Over/Under Goals,Under 3.5,1.55,0.7349,,LOST,
2026-07-06T00:00:00+00:00,Copa Nicaragua,Rancho Santana,Managua,Over/Under Goals,Under 3.5,1.64,0.7475,,LOST,
2026-07-06T00:00:00+00:00,MLS Next Pro,Huntsville City,Chicago Fire II,Asian Handicap,Home +0.25,1.7,0.6262,,WON,
2026-07-06T00:00:00+00:00,Serie C,Anápolis,Botafogo PB,Asian Handicap,Home +0.25,1.55,0.8879,,LOST,
2026-07-06T00:30:00+00:00,MLS Next Pro,Austin II,Colorado Rapids II,Over/Under Goals,Under 3.5,1.51,0.8552,,LOST,
2026-07-06T01:00:00+00:00,MLS Next Pro,Los Angeles FC II,Real Monarchs,Over/Under Goals,Under 3.5,1.66,0.5280,,LOST,
2026-07-06T02:00:00+00:00,MLS Next Pro,Tacoma Defiance,Portland Timbers II,Over/Under Goals,Under 3.5,1.56,0.9842,,WON,
2026-07-06T18:00:00+00:00,Primera C,Deportivo Muñiz,Deportivo Español,Asian Handicap,Home +0,1.9,0.5904,,WON,
2026-07-06T21:00:00+00:00,USL League Two,Lansing City,Flint City Bucks,Team Total Goals,Over 0.5,1.62,0.8132,,WON,
2026-07-06T21:30:00+00:00,Liga Pro,Universidad Catolica,Mushuc Runa SC,Team Total Goals,Over 0.5,1.55,0.7553,,WON,
2026-07-06T23:00:00+00:00,Serie D,Ivinhema,ASA,Asian Handicap,Home +0,3.3,0.5763,,LOST,
2026-07-06T23:30:00+00:00,Copa Chile,Colo Colo,Recoleta,Over/Under Goals,Under 3.5,1.55,0.5194,,LOST,
2026-07-07T09:00:00+00:00,Friendlies Clubs,Karviná,Zemplín Michalovce,Over/Under Goals,Under 3.5,1.91,0.9476,,WON,
2026-07-07T09:00:00+00:00,Friendlies Clubs,Podbeskidzie,Baník Ostrava II,Asian Handicap,Home +0.25,2.1,0.7195,,WON,
2026-07-07T09:30:00+00:00,Capital Territory NPL,Monaro Panthers,Queanbeyan City,1X2 / Match Winner,Home,1.45,,,WON,
2026-07-07T09:30:00+00:00,Queensland NPL,Gold Coast Knights,Lions,Over/Under Goals,Under 3.5,1.73,0.6631,,WON,
2026-07-07T10:00:00+00:00,Friendlies Clubs,Hvidovre,Fremad Amager,Team Total Goals,Under 2.5,1.63,0.9662,,LOST,
2026-07-07T10:30:00+00:00,Friendlies Clubs,FC Viktoria Köln,TSV Steinbach,Team Total Goals,Under 2.5,2.09,0.9832,,LOST,
2026-07-07T12:00:00+00:00,Friendlies Clubs,Hannover 96,Phönix Lübeck,Over/Under Goals,Under 3.5,3.34,0.4860,,LOST,
2026-07-07T13:30:00+00:00,Friendlies Clubs,Dynamo,FC Orenburg,Over/Under Goals,Under 3.5,1.76,0.8783,,WON,
2026-07-07T14:00:00+00:00,Friendlies Clubs,Pogoń Grod. Mazowiecki,AS Trencin,Over/Under Goals,Under 3.5,1.54,0.7874,,WON,
2026-07-07T14:00:00+00:00,UEFA U19 Championship - Women,Spain U19 W,Sweden U19 W,Team Total Goals,Under 2.5,1.87,0.9037,,LOST,
2026-07-07T14:30:00+00:00,Friendlies Clubs,Fakel,FC Rostov,Asian Handicap,Home +0.25,2.98,0.8681,,WON,
2026-07-07T14:30:00+00:00,Friendlies Clubs,Legia Warszawa,Hapoel Beer Sheva,Over/Under Goals,Under 3.5,1.62,0.7496,,LOST,
2026-07-07T15:30:00+00:00,Kakkonen - Lohko C,JBK,Kraft,Team Total Goals,Under 2.5,1.62,0.8431,,LOST,
2026-07-07T16:00:00+00:00,Friendlies Clubs,Memmingen,FC Lugano,Over/Under Goals,Under 3.5,2.1,0.8358,,LOST,
2026-07-07T16:00:00+00:00,Friendlies Clubs,Roskilde,AB Copenhagen,Over/Under Goals,Under 3.5,1.76,0.8786,,WON,
2026-07-07T16:00:00+00:00,Friendlies Clubs,SV Horn,Floridsdorfer AC,Asian Handicap,Home +0.25,2.42,0.6463,,WON,
2026-07-07T16:00:00+00:00,UEFA Champions League,Lincoln Red Imps FC,Inter Club d'Escaldes,Asian Handicap,Home +0,1.62,0.5972,,WON,
2026-07-07T16:00:00+00:00,UEFA Champions League,Sabah FA,The New Saints,Team Total Goals,Over 0.5,2.0,0.8145,,LOST,
2026-07-07T17:00:00+00:00,Friendlies Clubs,Shelbourne,Celtic,Over/Under Goals,Under 3.5,1.77,0.4148,,WON,
2026-07-07T17:00:00+00:00,UEFA Champions League,Vardar Skopje,KuPS,Asian Handicap,Home +0,1.65,0.6278,,LOST,
2026-07-07T17:15:00+00:00,UEFA Europa Conference League,UNA Strassen,La Fiorita,Team Total Goals,Under 2.5,1.53,0.9393,,WON,
2026-07-07T17:30:00+00:00,Friendlies Clubs,Gemert,Helmond Sport,Asian Handicap,Home +0,4.5,0.6795,,WON,
2026-07-07T17:30:00+00:00,UEFA Champions League,Floriana,Shamrock Rovers,Asian Handicap,Home +0.25,1.95,0.7460,,WON,
2026-07-07T18:30:00+00:00,Friendlies Clubs,Airdrie United,Falkirk,Asian Handicap,Home +0,6.0,0.6627,,LOST,
2026-07-07T18:30:00+00:00,UEFA Champions League,Tre Fiori,Larne,Team Total Goals,Under 2.5,1.5,0.9305,,WON,
2026-07-07T18:45:00+00:00,Friendlies Clubs,Bedford Town,Aldershot Town,Asian Handicap,Home +0,3.3,0.5971,,WON,
2026-07-07T18:45:00+00:00,Friendlies Clubs,Bishop's Cleeve,Forest Green,Over/Under Goals,Under 3.5,1.62,0.6205,,LOST,
2026-07-07T18:45:00+00:00,Friendlies Clubs,Dungannon Swifts,Annagh United,Over/Under Goals,Under 3.5,1.54,0.7018,,WON,
2026-07-07T19:00:00+00:00,UEFA Champions League,Vikingur Reykjavik,Gyori ETO FC,Asian Handicap,Home +0.25,1.65,0.7485,,WON,
2026-07-07T20:00:00+00:00,World Cup,Switzerland,Colombia,Asian Handicap,Home +0,2.3,0.6097,,WON,
2026-07-07T22:00:00+00:00,Division Intermedia,Atlético Tembetary,Independiente F.b.c.,Asian Handicap,Home +0.25,1.58,0.6559,,WON,
2026-07-07T23:00:00+00:00,USL League Two,AC Connecticut,Western Mass Pioneers,Over/Under Goals,Under 3.5,1.74,0.5840,,WON,
2026-07-08T01:00:00+00:00,MLS Next Pro,Vancouver Whitecaps II,Ventura County,Over/Under Goals,Under 3.5,1.67,0.7113,,LOST,
2026-07-08T02:00:00+00:00,USL League Two,Tacoma Stars,Midlakes United,Over/Under Goals,Under 3.5,1.74,0.9256,,WON,
2026-07-08T09:00:00+00:00,Friendlies Clubs,Budapest Honved,Soroksar,Over/Under Goals,Under 3.5,1.58,0.6375,,WON,
2026-07-08T09:00:00+00:00,Friendlies Clubs,Servette FC,Stade Lausanne-Ouchy,Asian Handicap,Home +0,1.55,0.7641,,WON,
2026-07-08T10:00:00+00:00,Friendlies Clubs,Aalborg,Randers FC,Asian Handicap,Home +0.25,2.15,0.6582,,WON,
2026-07-08T10:00:00+00:00,Friendlies Clubs,Aarhus Fremad,Silkeborg,Asian Handicap,Home +0,1.9,0.6636,,WON,
2026-07-08T12:00:00+00:00,Friendlies Clubs,NEC Nijmegen,MSV Duisburg,Team Total Goals,Under 2.5,1.66,0.9486,,WON,
2026-07-08T13:00:00+00:00,Friendlies Clubs,FC Gutersloh,Arminia Bielefeld,Team Total Goals,Over 0.5,1.56,0.8752,,LOST,
2026-07-08T13:00:00+00:00,Ligi kuu Bara,Tanzania Prisons,Mbeya City,Team Total Goals,Over 0.5,1.71,0.8867,,LOST,
2026-07-08T14:00:00+00:00,Friendlies Clubs,Slovácko,Zorya Luhansk,Over/Under Goals,Under 3.5,1.53,0.7872,,WON,
2026-07-08T15:00:00+00:00,Friendlies Clubs,Lipany,Humenné,Over/Under Goals,Under 3.5,1.94,0.7256,,WON,
2026-07-08T15:00:00+00:00,Friendlies Clubs,Vasas,Kisvarda FC,Asian Handicap,Home +0.25,1.72,0.7024,,WON,
2026-07-08T15:30:00+00:00,Friendlies Clubs,Rapid,FK Košice,Over/Under Goals,Under 3.5,1.6,0.5239,,WON,
2026-07-08T15:30:00+00:00,Kakkonen - Lohko C,Jaro 2,SJK-juniorit,Over/Under Goals,Under 3.5,2.75,0.4753,,LOST,
2026-07-08T15:30:00+00:00,UEFA U19 Championship,Spain U19,Croatia U19,Over/Under Goals,Under 3.5,1.53,0.6475,,WON,
2026-07-08T16:00:00+00:00,Friendlies Clubs,FK Jablonec,Pafos,Over/Under Goals,Under 3.5,1.67,0.9555,,WON,
2026-07-08T16:00:00+00:00,Friendlies Clubs,SpVgg Greuther Fürth,Eltersdorf,Asian Handicap,Home +0,3.45,0.6555,,LOST,
2026-07-08T16:00:00+00:00,Friendlies Clubs,Zenit,Neftchi,Team Total Goals,Under 2.5,2.23,0.7901,,LOST,
2026-07-08T16:00:00+00:00,UEFA Champions League,Flora Tallinn,Saburtalo,Asian Handicap,Home +0.25,1.72,0.7046,,LOST,
2026-07-08T17:00:00+00:00,Friendlies Clubs,Heracles,Groningen,Over/Under Goals,Under 3.5,1.61,0.6949,,WON,
2026-07-08T17:00:00+00:00,Friendlies Clubs,Kornburg,1. FC Nürnberg,Over/Under Goals,Under 3.5,3.3,0.9111,,LOST,
2026-07-08T17:00:00+00:00,UEFA Champions League,ML Vitebsk,Universitatea Craiova,Asian Handicap,Home +0.25,1.78,0.7001,,LOST,
2026-07-08T17:30:00+00:00,UEFA Europa Conference League,FC Differdange 03,Ilves,Asian Handicap,Home +0.25,1.78,0.6852,,WON,
2026-07-08T17:30:00+00:00,UEFA Europa Conference League,GAP Connah S Quay FC,Ballkani,Asian Handicap,Home +0,6.0,0.5802,,WON,
2026-07-08T18:00:00+00:00,Cearense U20,Ceará U20,Fortaleza U20,Asian Handicap,Home +0.25,1.52,0.7149,,WON,
2026-07-08T18:00:00+00:00,Torneo Promocional Amateur,Ezeiza,Control Orientado,Asian Handicap,Home +0,1.68,0.5999,,WON,
2026-07-08T19:30:00+00:00,Friendlies Clubs,Lausanne,Flamengo,Asian Handicap,Home +1.25,2.67,0.9372,,WON,
2026-07-08T23:00:00+00:00,USL Championship,Hartford Athletic,Orange County SC,Team Total Goals,Over 0.5,1.5,0.8760,,WON,
2026-07-08T23:00:00+00:00,USL League One,NY Cosmos,Naples,Asian Handicap,Home +0.25,1.88,0.6327,,WON,
2026-07-08T23:00:00+00:00,USL League Two,Lakeland United,FC Miami City,Over/Under Goals,Under 3.5,1.82,0.6475,,WON,
2026-07-08T23:00:00+00:00,USL League Two,SC United Bantams,Charlotte Independence 2,Over/Under Goals,Under 3.5,1.64,0.8922,,LOST,
2026-07-08T23:30:00+00:00,USL League Two,Morris Elite,Westchester Flames,Asian Handicap,Home +0.5,1.5,0.5130,,WON,
2026-07-09T00:00:00+00:00,USL League Two,Davis Legacy,San Francisco City,Over/Under Goals,Under 3.5,2.02,0.8457,,LOST,
2026-07-09T00:00:00+00:00,USL League Two,Jackson Boom,Hattiesburg,Team Total Goals,Under 2.5,1.84,0.7699,,LOST,
2026-07-09T00:00:00+00:00,USL League Two,Little Rock Rangers,Memphis 901,Over/Under Goals,Under 3.5,1.65,0.5076,,WON,
2026-07-09T13:00:00+00:00,Friendlies Clubs,Cracovia Krakow,Pardubice,Over/Under Goals,Under 3.5,1.55,0.8331,,WON,
2026-07-09T14:00:00+00:00,UEFA Europa Conference League,Atlètic Club d'Escaldes,Mornar,Team Total Goals,Over 0.5,1.57,0.7683,,WON,
2026-07-09T15:30:00+00:00,Friendlies Clubs,Debreceni VSC,Železničar Pančevo,Asian Handicap,Home +0.25,1.5,0.5165,,LOST,
2026-07-09T16:00:00+00:00,Esiliiga A,Maardu,Flora II,Over/Under Goals,Under 3.5,2.16,0.7020,,LOST,
2026-07-09T16:00:00+00:00,Friendlies Clubs,Korona Kielce,Omonia Nicosia,Asian Handicap,Home +0.25,1.82,0.6786,,WON,
2026-07-09T16:00:00+00:00,UEFA Europa Conference League,Dila,Virtus,Over/Under Goals,Under 3.5,1.5,0.4770,,LOST,
2026-07-09T16:00:00+00:00,UEFA Europa League,Qarabag,Vestri,Team Total Goals,Under 2.5,2.86,0.7533,,LOST,
2026-07-09T16:30:00+00:00,Friendlies Clubs,Chemnitzer FC,Union Berlin,Over/Under Goals,Under 3.5,1.85,0.1537,,WON,
2026-07-09T17:00:00+00:00,UEFA Europa Conference League,Marsaxlokk,Pyunik Yerevan,Asian Handicap,Home +0.25,2.02,0.6756,,LOST,
2026-07-09T17:15:00+00:00,UEFA Europa Conference League,US Mondorf-les-bains,Dinamo Tbilisi,Asian Handicap,Home +0.25,2.6,0.7061,,LOST,
2026-07-09T17:30:00+00:00,UEFA Europa Conference League,Caernarfon Town,FC Levadia Tallinn,Over/Under Goals,Under 3.5,1.57,0.7757,,LOST,
2026-07-09T18:00:00+00:00,UEFA Europa League,CSKA Sofia,Derry City,Team Total Goals,Under 2.5,1.65,0.8749,,LOST,
2026-07-09T18:30:00+00:00,UEFA Europa Conference League,Glentoran,Rīgas FS,Over/Under Goals,Under 3.5,1.5,0.7751,,WON,
2026-07-09T18:45:00+00:00,Friendlies Clubs,H&W Welders,Dergview,Over/Under Goals,Under 3.5,1.72,0.7129,,WON,
2026-07-09T22:00:00+00:00,USL League Two,Dayton Dutch Lions,West Virginia Alliance,Asian Handicap,Home +0.25,2.75,0.7821,,WON,
2026-07-10T00:00:00+00:00,Primera División,Nacional Potosí,Aurora,Over/Under Goals,Under 3.5,1.65,0.9004,,WON,
2026-07-10T01:00:00+00:00,Friendlies Clubs,Colorado Rapids,FC Juarez,Asian Handicap,Home +0.25,1.56,0.5704,,WON,
2026-07-10T07:30:00+00:00,Friendlies Clubs,Arda Kardzhali,Botev Vratsa,Asian Handicap,Home +0.25,1.9,0.7176,,WON,
2026-07-10T09:00:00+00:00,Friendlies Clubs,Zlin,Dukla Banská Bystrica,Over/Under Goals,Under 3.5,1.65,0.7387,,WON,
2026-07-10T09:30:00+00:00,Friendlies Clubs,NK Slaven Belupo,Debreceni VSC,Asian Handicap,Home +0.25,1.58,0.6878,,LOST,
2026-07-10T09:30:00+00:00,Victoria NPL,Green Gully,Altona Magic,Asian Handicap,Home +0.25,1.8,0.7440,,LOST,
2026-07-10T10:00:00+00:00,Friendlies Clubs,Huddersfield,Birmingham,Team Total Goals,Over 0.5,1.62,0.8983,,WON,
2026-07-10T10:00:00+00:00,K3 League,Ulsan Citizen,Yeoju Sejong,Asian Handicap,Home +0.25,1.55,0.6597,,WON,
2026-07-10T10:00:00+00:00,Youth Championship,Almaz Antey U19,Spartak Moskva U19,Asian Handicap,Home +0.25,1.77,0.6671,,WON,
2026-07-10T10:15:00+00:00,Tasmania NPL,Glenorchy Knights,Kingborough Lions,Over/Under Goals,Under 3.5,2.21,0.5054,,WON,
2026-07-10T10:15:00+00:00,Victoria NPL,Oakleigh Cannons,Avondale,Over/Under Goals,Under 3.5,1.57,0.6104,,WON,
2026-07-10T10:30:00+00:00,Queensland Premier League,Holland Park Hawks,North Star,Over/Under Goals,Under 3.5,1.95,0.7101,,WON,
2026-07-10T10:30:00+00:00,Victoria NPL 2,Northcote City,Melbourne Knights,Asian Handicap,Home +0.25,1.68,0.7128,,LOST,
2026-07-10T10:30:00+00:00,Victoria NPL,Preston Lions,Hume City,Asian Handicap,Home +0.25,1.6,0.6470,,WON,
2026-07-10T11:35:00+00:00,Super League,Shandong Luneng,Yunnan Yukun,Over/Under Goals,Under 3.5,1.83,0.5033,,LOST,
2026-07-10T12:00:00+00:00,Friendlies Clubs,Radomiak Radom,Dynamo Kyiv,Asian Handicap,Home +0.5,1.77,0.2167,,LOST,
2026-07-10T12:00:00+00:00,Youth Championship,Rubin Kazan U20,Dinamo Moskva U19,Asian Handicap,Home +0.25,2.3,0.8194,,LOST,
2026-07-10T13:30:00+00:00,Friendlies Clubs,Plzen,BSC Young Boys,Team Total Goals,Under 2.5,1.5,0.8021,,LOST,
2026-07-10T13:30:00+00:00,Friendlies Clubs,SV Sandhausen,1. FC Kaiserslautern,Over/Under Goals,Under 3.5,1.74,0.7045,,LOST,
2026-07-10T14:00:00+00:00,Friendlies Clubs,Legia Warszawa,AS Trencin,Over/Under Goals,Under 3.5,1.56,0.7615,,WON,
2026-07-10T14:00:00+00:00,Youth Championship,Chertanovo U20,Krasnodar U19,Over/Under Goals,Under 3.5,1.95,0.4860,,LOST,
2026-07-10T14:30:00+00:00,Ykkönen,Inter Turku II,Rops,Asian Handicap,Home +0.25,2.21,0.7253,,LOST,
2026-07-10T15:00:00+00:00,Friendlies Clubs,SKU Amstetten,Artis,Asian Handicap,Home +0,2.2,0.7759,,WON,
2026-07-10T15:00:00+00:00,Friendlies Clubs,Sturm Graz II,Beltinci,Over/Under Goals,Under 3.5,2.34,0.6878,,LOST,
2026-07-10T15:00:00+00:00,Youth Championship,Fakel U19,Ural U20,Asian Handicap,Home +0.25,1.91,0.6712,,WON,
2026-07-10T15:30:00+00:00,Friendlies Clubs,Radnicki NIS,Neftchi Baku,Asian Handicap,Home +0.25,1.9,0.6554,,LOST,
2026-07-10T15:30:00+00:00,Kakkonen - Lohko C,GBK,JBK,Asian Handicap,Home +0,1.83,0.7511,,WON,
2026-07-10T15:30:00+00:00,Premier League,FC Dnepr Mogilev,FC Minsk,Asian Handicap,Home +0.25,1.53,0.9937,,LOST,
2026-07-10T15:30:00+00:00,Ykkönen,Tampere United,SalPa,Over/Under Goals,Under 3.5,1.67,0.4986,,WON,
2026-07-10T16:00:00+00:00,Friendlies Clubs,Ajax,AEK Larnaca,Over/Under Goals,Under 3.5,1.65,0.7258,,WON,
2026-07-10T16:00:00+00:00,Friendlies Clubs,Grom Nowy Staw,Luzino,Over/Under Goals,Under 3.5,1.87,0.8721,,WON,
2026-07-10T16:00:00+00:00,Friendlies Clubs,Maribor,Charlton,Asian Handicap,Home +0.25,1.6,0.7186,,WON,
2026-07-10T16:00:00+00:00,Friendlies Clubs,NK Lokomotiva Zagreb,FK Partizan,Asian Handicap,Home +0.25,1.62,0.7694,,WON,
2026-07-10T16:00:00+00:00,Friendlies Clubs,Radomlje,NK Varazdin,Over/Under Goals,Under 3.5,1.5,0.7548,,WON,
2026-07-10T16:30:00+00:00,Friendlies Clubs,Leobendorf,Floridsdorfer AC,Asian Handicap,Home +0.25,3.0,0.7627,,LOST,
2026-07-10T17:30:00+00:00,Kakkonen - Lohko A,Atlantis,Kiffen,Asian Handicap,Home +0,1.8,0.6062,,LOST,
2026-07-10T18:00:00+00:00,Copa De La Liga,Cienciano,ADT,Team Total Goals,Over 0.5,1.53,0.8644,,WON,
2026-07-10T18:00:00+00:00,Primera B Metropolitana,Excursionistas,Comunicaciones,Over/Under Goals,Over 2.5,2.35,0.7463,,WON,
2026-07-10T18:00:00+00:00,Primera B Metropolitana,UAI Urquiza,Deportivo Merlo,Asian Handicap,Home +0.25,1.55,0.8166,,WON,
2026-07-10T18:30:00+00:00,Division Intermedia,Resistencia,Sportivo Carapeguá,Asian Handicap,Home +0,1.58,0.7268,,WON,
2026-07-10T18:30:00+00:00,Friendlies Clubs,Maidenhead,Milton Keynes Dons,Asian Handicap,Home +0.25,4.8,0.7071,,LOST,
2026-07-10T18:45:00+00:00,First Division,Cork City,Longford Town,Over/Under Goals,Over 2.5,1.77,0.7670,,WON,
2026-07-10T18:45:00+00:00,Friendlies Clubs,Horsham,Eastleigh,Asian Handicap,Home +0.25,2.38,0.7319,,WON,
2026-07-10T18:45:00+00:00,Friendlies Clubs,Livingston,Heart Of Midlothian,Asian Handicap,Home +0.25,3.0,0.7315,,WON,
2026-07-10T18:45:00+00:00,Premier Division,Dundalk,Drogheda United,Over/Under Goals,Under 3.5,1.55,0.7547,,WON,
2026-07-10T19:00:00+00:00,Premier Division,Waterford,St Patrick's Athl.,Asian Handicap,Home +0.25,2.85,0.6680,,WON,
2026-07-10T19:15:00+00:00,1. Deild,IR Reykjavik,Throttur Reykjavik,Over/Under Goals,Under 3.5,1.83,0.7582,,WON,
2026-07-10T19:15:00+00:00,1. Deild,Njardvik,Grindavik,Over/Under Goals,Under 3.5,1.61,0.8887,,LOST,
2026-07-10T22:00:00+00:00,Liga Pro,Leones del Norte,Universidad Catolica,Asian Handicap,Home +0,2.5,0.6998,,WON,
2026-07-10T23:00:00+00:00,USL League Two,FC Miami City,Lakeland United,Over/Under Goals,Under 3.5,1.73,0.9424,,WON,
2026-07-10T23:30:00+00:00,Friendlies Clubs,FC Cincinnati,Burnley,Asian Handicap,Home +0,3.45,0.6948,,WON,
2026-07-11T00:00:00+00:00,NWSL Women,Boston Legacy W,Chicago Red Stars W,Over/Under Goals,Under 3.5,1.62,0.6660,,WON,
2026-07-11T00:15:00+00:00,Liga Pro,Tecnico Universitario,Macara,Asian Handicap,Home +0,1.77,0.6336,,LOST,
2026-07-11T02:00:00+00:00,NWSL Women,Utah Royals W,NJ/NY Gotham FC W,Asian Handicap,Home +0.25,1.95,0.7883,,LOST,
2026-07-11T04:00:00+00:00,Northern NSW NPL,Weston Bears,Lambton Jaffas,Over/Under Goals,Under 3.5,1.78,0.7404,,LOST,
2026-07-11T04:00:00+00:00,Victoria NPL 2,Port Melbourne,North Sunshine Eagles,Team Total Goals,Under 2.5,1.57,0.8403,,LOST,
2026-07-11T04:30:00+00:00,Capital Territory NPL,Canberra Olympic,Canberra White Eagles,Team Total Goals,Under 2.5,1.93,0.7010,,WON,
2026-07-11T04:30:00+00:00,Tasmania NPL,Clarence Zebras,Launceston City,Over/Under Goals,Under 3.5,2.02,0.7922,,WON,
2026-07-11T05:00:00+00:00,Capital Territory NPL,Canberra Juventus,O'Connor Knights,Over/Under Goals,Under 3.5,2.19,0.8522,,WON,
2026-07-11T05:00:00+00:00,Victoria NPL,Melbourne City II,Heidelberg United,Asian Handicap,Home +0,3.1,0.7614,,WON,
2026-07-11T06:30:00+00:00,New South Wales NPL 2,Hakoah Sydney City,Hurstville FC,Over/Under Goals,Under 3.5,1.62,0.8233,,WON,
2026-07-11T06:30:00+00:00,New South Wales NPL 2,Northern Tigers,Newcastle Jets II,Over/Under Goals,Under 3.5,1.79,0.4558,,LOST,
2026-07-11T06:30:00+00:00,Northern NSW NPL,Maitland,Adamstown Rosebuds,Over/Under Goals,Under 3.5,2.0,0.8051,,LOST,
2026-07-11T07:00:00+00:00,New South Wales NPL,SD Raiders,Blacktown City,Asian Handicap,Home +0.25,1.72,0.9961,,LOST,
2026-07-11T07:00:00+00:00,Victoria NPL,Dandenong Thunder,Bentleigh Greens,Asian Handicap,Home +0.25,1.55,0.8034,,WON,
2026-07-11T07:00:00+00:00,Western Australia NPL,Olympic Kingsway,Perth RedStar,Team Total Goals,Over 1.5,1.67,0.7195,,LOST,
2026-07-11T07:30:00+00:00,New South Wales NPL,APIA Leichhardt Tigers,Sydney FC U23,Team Total Goals,Under 2.5,1.57,0.9079,,WON,
2026-07-11T08:00:00+00:00,Capital Territory NPL,Cooma Tigers FC,Queanbeyan City,Over/Under Goals,Under 3.5,1.65,0.5219,,LOST,
2026-07-11T08:00:00+00:00,Friendlies Clubs,Lokomotiv,Akron,Team Total Goals,Under 2.5,1.61,0.9849,,LOST,
2026-07-11T08:00:00+00:00,Queensland NPL,Moreton City Excelsior,Magic United,Team Total Goals,Under 2.5,2.71,0.8191,,LOST,
2026-07-11T08:30:00+00:00,Friendlies Clubs,Humenné,FK Košice,Asian Handicap,Home +0,4.15,0.5943,,LOST,
2026-07-11T08:30:00+00:00,New South Wales NPL 2,Rydalmere Lions,Mt Druitt Town,Over/Under Goals,Under 3.5,1.66,0.4828,,WON,
2026-07-11T09:00:00+00:00,Friendlies Clubs,Concarneau,Lorient,Team Total Goals,Under 2.5,1.8,0.8454,,WON,
2026-07-11T09:00:00+00:00,Friendlies Clubs,Dukla Praha,Sparta Praha II,Over/Under Goals,Under 3.5,1.8,0.7445,,LOST,
2026-07-11T09:00:00+00:00,Friendlies Clubs,Mlada Boleslav,Táborsko,Over/Under Goals,Under 3.5,1.65,0.7983,,WON,
2026-07-11T09:00:00+00:00,Friendlies Clubs,Paks,Kozarmisleny FC,Over/Under Goals,Under 3.5,1.75,0.4449,,WON,
2026-07-11T09:00:00+00:00,Friendlies Clubs,Willem II,FC Eindhoven,Over/Under Goals,Under 3.5,1.57,0.7849,,LOST,
2026-07-11T09:00:00+00:00,Npl Nsw U20,SD Raiders U20,Blacktown City U20,Asian Handicap,Home +0.25,1.69,0.6916,,LOST,
2026-07-11T09:15:00+00:00,New South Wales NPL,St George City FA,UNSW,Asian Handicap,Home +0.25,1.58,0.7827,,LOST,
2026-07-11T10:00:00+00:00,Friendlies Clubs,Feyenoord,Club Brugge KV,Over/Under Goals,Over 2.5,1.67,0.7932,,WON,
2026-07-11T10:00:00+00:00,K3 League,Daejeon Korail,Gyeongju HNP,Asian Handicap,Home +0,1.75,0.7016,,LOST,
2026-07-11T11:00:00+00:00,Friendlies Clubs,Alvechurch,Solihull Moors,Asian Handicap,Home +0.25,2.6,0.7641,,WON,
2026-07-11T11:00:00+00:00,Friendlies Clubs,Esbjerg,Mafra,Asian Handicap,Home +0,1.5,0.6821,,LOST,
2026-07-11T11:00:00+00:00,Friendlies Clubs,Viborg,Notts County,Over/Under Goals,Under 3.5,1.57,0.5642,,WON,
2026-07-11T11:00:00+00:00,League One,Shaanxi Union,Meizhou Kejia,Team Total Goals,Over 0.5,1.57,0.7827,,LOST,
2026-07-11T11:30:00+00:00,Friendlies Clubs,Cardiff,FC Midtjylland,Asian Handicap,Home +0.25,2.38,0.8166,,LOST,
2026-07-11T11:30:00+00:00,Friendlies Clubs,FC Halifax Town,Bradford,Over/Under Goals,Under 3.5,1.54,0.6652,,LOST,
2026-07-11T11:35:00+00:00,Super League,Sichuan Jiuniu,Qingdao Youth Island,Over/Under Goals,Over 2.5,1.8,0.8285,,WON,
2026-07-11T12:00:00+00:00,Friendlies Clubs,Cambridge City,Cambridge United,Over/Under Goals,Under 3.5,2.14,0.6888,,LOST,
2026-07-11T12:00:00+00:00,Friendlies Clubs,FC Gutersloh,FC Schalke 04,Team Total Goals,Under 2.5,2.05,0.8124,,WON,
2026-07-11T12:00:00+00:00,Friendlies Clubs,Hitchin Town,Luton,Over/Under Goals,Under 3.5,2.19,0.6086,,LOST,
2026-07-11T12:00:00+00:00,Friendlies Clubs,Pogoń Grod. Mazowiecki,Pogoń Siedlce,Asian Handicap,Home +1.25,3.5,0.9405,,WON,
2026-07-11T12:00:00+00:00,Friendlies Clubs,Redbridge,AFC Hornchurch,Asian Handicap,Home +0.25,4.25,0.7178,,LOST,
2026-07-11T12:00:00+00:00,Friendlies Clubs,Sparta Rotterdam,Telstar,Over/Under Goals,Under 3.5,1.63,0.5096,,WON,
2026-07-11T12:00:00+00:00,Premier League,Irtysh,Zhenys,Asian Handicap,Home +0.25,1.66,0.7002,,LOST,
2026-07-11T12:00:00+00:00,Super League,Chengdu Better City,Chongqing Tongliang Long,Team Total Goals,Under 2.5,1.55,0.9030,,WON,
2026-07-11T12:30:00+00:00,Friendlies Clubs,Erzgebirge Aue,Kladno,Over/Under Goals,Under 3.5,1.83,0.7962,,WON,
2026-07-11T13:00:00+00:00,Friendlies Clubs,Alfreton Town,Burton Albion,Over/Under Goals,Under 3.5,1.68,0.6974,,WON,
2026-07-11T13:00:00+00:00,Friendlies Clubs,Eintracht Trier,Bonner SC,Asian Handicap,Home +0,1.9,0.6513,,LOST,
2026-07-11T13:00:00+00:00,Friendlies Clubs,Schöningen,VfL Wolfsburg,Over/Under Goals,Under 3.5,4.5,0.9172,,LOST,
2026-07-11T13:00:00+00:00,Friendlies Clubs,Sparta Praha,Gamba Osaka,Asian Handicap,Home +1.25,3.55,0.8750,,WON,
2026-07-11T13:00:00+00:00,Friendlies Clubs,Wisla Krakow,Wrexham,Asian Handicap,Home +0.25,2.0,0.6404,,WON,
2026-07-11T13:00:00+00:00,Paulista - U20,EC São Bernardo U20,São Paulo U20,Asian Handicap,Home +0.25,2.38,0.8612,,LOST,
2026-07-11T13:00:00+00:00,Paulista - U20,Santos U20,União Suzano U20,Team Total Goals,Under 2.5,1.69,0.9988,,LOST,
2026-07-11T13:00:00+00:00,Premier Soccer League,CAPS United,Ngezi Platinum,BTTS,Yes,2.03,0.7679,,LOST,
2026-07-11T13:00:00+00:00,Primera División - Apertura,Juventud,Atletico Torque,Over/Under Goals,Over 2.5,2.1,0.7547,,WON,
2026-07-11T13:00:00+00:00,Ykkösliiga,Haka,EIF,Over/Under Goals,Under 3.5,1.53,0.8123,,LOST,
2026-07-11T14:00:00+00:00,Eliteserien,Aalesund,Molde,Asian Handicap,Home +0.25,1.95,0.6939,,WON,
2026-07-11T14:00:00+00:00,Friendlies Clubs,AFC Totton,Sutton Utd,Asian Handicap,Home +0.25,2.5,0.7173,,WON,
2026-07-11T14:00:00+00:00,Friendlies Clubs,Accrington ST,Blackburn,Over/Under Goals,Under 3.5,1.6,0.8580,,WON,
2026-07-11T14:00:00+00:00,Friendlies Clubs,Barrow,Workington,Team Total Goals,Under 2.5,1.84,0.9382,,WON,
2026-07-11T14:00:00+00:00,Friendlies Clubs,Boreham Wood,Watford,Asian Handicap,Home +0,4.0,0.7384,,WON,
2026-07-11T14:00:00+00:00,Friendlies Clubs,Boston United,Lincoln,Over/Under Goals,Under 3.5,1.65,0.6522,,WON,
2026-07-11T14:00:00+00:00,Friendlies Clubs,Colwyn Bay,Altrincham,Asian Handicap,Home +0.25,2.02,0.7321,,WON,
2026-07-11T14:00:00+00:00,Friendlies Clubs,Stal Rzeszów,GKS Katowice,Team Total Goals,Under 2.5,1.63,0.9179,,LOST,
2026-07-11T14:00:00+00:00,Kakkonen - Lohko A,MyPa,Union Plaani,Over/Under Goals,Under 3.5,2.2,0.8745,,WON,
2026-07-11T14:00:00+00:00,Kakkonen - Lohko A,PEPO,HPS,Over/Under Goals,Under 3.5,1.8,0.7723,,WON,
2026-07-11T14:00:00+00:00,Kakkonen - Lohko A,PuiU Helsinki,PPJ,Over/Under Goals,Under 3.5,1.67,0.7623,,LOST,
2026-07-11T14:00:00+00:00,League Cup,Annan Athletic,Ross County,Team Total Goals,Under 2.5,1.85,0.8415,,LOST,
2026-07-11T14:00:00+00:00,League Cup,Dumbarton,ST Mirren,Asian Handicap,Home +0.25,6.0,0.6854,,LOST,
2026-07-11T14:00:00+00:00,League Cup,Dundee,Airdrie United,Over/Under Goals,Under 3.5,1.62,0.6333,,LOST,
2026-07-11T14:00:00+00:00,League Cup,East Kilbride,Dunfermline,Asian Handicap,Home +0.25,2.3,0.8004,,WON,
2026-07-11T14:00:00+00:00,League Cup,Inverness CT,East Fife,Asian Handicap,Home +0.5,2.35,0.7812,,WON,
2026-07-11T14:00:00+00:00,League Cup,Morton,Linlithgow Rose,Team Total Goals,Under 2.5,1.53,0.9718,,WON,
2026-07-11T14:00:00+00:00,League Cup,Partick,Brechin,Over/Under Goals,Under 3.5,1.95,0.7582,,LOST,
2026-07-11T14:00:00+00:00,League Cup,Queen of the South,Kelty Hearts,Over/Under Goals,Under 3.5,1.55,0.8242,,WON,
2026-07-11T14:00:00+00:00,League Cup,Queen's Park,Brora Rangers,Over/Under Goals,Under 3.5,1.8,0.9380,,LOST,
2026-07-11T14:00:00+00:00,League Cup,Raith Rovers,Elgin City,Over/Under Goals,Under 3.5,1.83,0.4990,,LOST,
2026-07-11T14:00:00+00:00,League Cup,Spartans,Arbroath,Over/Under Goals,Under 3.5,1.8,0.7956,,WON,
2026-07-11T14:00:00+00:00,League Cup,Stenhousemuir,Forfar Athletic,Over/Under Goals,Under 3.5,1.83,0.7446,,WON,
2026-07-11T14:00:00+00:00,League Cup,Stranraer,Ayr Utd,Team Total Goals,Under 2.5,1.62,0.9419,,LOST,
2026-07-11T14:00:00+00:00,Meistriliiga,Nõmme United,Kuressaare,Over/Under Goals,Under 3.5,1.62,0.7779,,LOST,
2026-07-11T14:00:00+00:00,Veikkausliiga,Gnistan,Mariehamn,Over/Under Goals,Under 3.5,1.57,0.7296,,LOST,
2026-07-11T14:00:00+00:00,Veikkausliiga,Turku PS,AC Oulu,Asian Handicap,Home +0.25,1.72,0.7040,,WON,
2026-07-11T14:00:00+00:00,Ykkönen,KPV-j,TPV,Asian Handicap,Home +0.25,2.05,0.6947,,LOST,
2026-07-11T14:00:00+00:00,Ykkönen,VJS,OLS,Over/Under Goals,Under 3.5,1.8,0.8043,,LOST,
2026-07-11T15:00:00+00:00,1. Liga,Skanste,JFK Ventspils,Over/Under Goals,Under 3.5,1.56,0.7481,,WON,
2026-07-11T15:00:00+00:00,Cup,Riga Mariners,BFC Daugavpils,Asian Handicap,Home +0,3.45,0.5854,,WON,
2026-07-11T15:00:00+00:00,Cup,Tukums,Super Nova,Asian Handicap,Home +0.25,1.58,0.7782,,LOST,
2026-07-11T15:00:00+00:00,USL League Two,New Jersey Copa,Westchester Flames,Team Total Goals,Under 2.5,1.62,0.8253,,WON,
2026-07-11T15:30:00+00:00,Allsvenskan,Orgryte IS,BK Hacken,Over/Under Goals,Under 3.5,1.62,0.7578,,LOST,
2026-07-11T16:00:00+00:00,Esiliiga A,FC Tallinn,Elva,Over/Under Goals,Under 3.5,1.72,0.4451,,WON,
2026-07-11T16:00:00+00:00,Esiliiga A,Viimsi,Nõmme Kalju II,Over/Under Goals,Under 3.5,1.87,0.5192,,LOST,
2026-07-11T16:00:00+00:00,Friendlies Clubs,Komárno,Pohronie,Team Total Goals,Over 0.5,1.53,0.8919,,LOST,
2026-07-11T16:00:00+00:00,Primera C,Deportivo Español,Canuelas,Asian Handicap,Home +0.25,1.5,0.7664,,LOST,
2026-07-11T16:00:00+00:00,Ykkösliiga,Klubi-04,JIPPO,Asian Handicap,Home +0.25,2.38,0.6837,,LOST,
2026-07-11T16:30:00+00:00,Friendlies Clubs,First Vienna,QPR,Asian Handicap,Home +0.25,3.1,0.7691,,WON,
2026-07-11T16:30:00+00:00,League Cup,Stirling Albion,Dundee Utd,Over/Under Goals,Under 3.5,2.0,0.8299,,WON,
2026-07-11T18:00:00+00:00,Baiano U20,Camaçariense U20,Bahia U20,Asian Handicap,Home +0.25,4.33,0.6619,,LOST,
2026-07-11T18:00:00+00:00,Baiano U20,Fluminense de Feira U20,Vitória U20,Over/Under Goals,Under 3.5,1.55,0.6764,,WON,
2026-07-11T18:00:00+00:00,Primera C,Yupanqui,Deportivo Muñiz,Over/Under Goals,Over 1.5,1.53,0.7995,,LOST,
2026-07-11T18:00:00+00:00,Primera Nacional,CA Estudiantes,Atletico Mitre,Over/Under Goals,Over 1.5,1.8,0.8090,,WON,
2026-07-11T19:00:00+00:00,Primera División,Real Oruro,Gualberto Villarroel SJ,Asian Handicap,Home +0,1.62,0.7472,,WON,
2026-07-11T19:00:00+00:00,USL League One Cup,Oakland Roots,Spokane Velocity,Asian Handicap,Home +0.25,1.5,0.6822,,LOST,
2026-07-11T19:00:00+00:00,USL League Two,San Francisco City,Project 51O,Team Total Goals,Over 1.5,1.61,0.7695,,LOST,
2026-07-11T20:00:00+00:00,Segunda División,Trasandino,Municipal Salamanca,Asian Handicap,Home +0,2.05,0.6197,,LOST,
2026-07-11T20:30:00+00:00,Copa De La Liga,Sporting Cristal,Bentín Tacna Heroica,Team Total Goals,Under 2.5,1.53,0.7420,,WON,
2026-07-11T22:30:00+00:00,NWSL Women,North Carolina Courage W,Washington Spirit W,Asian Handicap,Home +0.25,1.76,0.6716,,LOST,
2026-07-11T23:00:00+00:00,USL League One Cup,Hartford Athletic,Westchester SC,Team Total Goals,Under 2.5,1.67,0.9615,,WON,
2026-07-11T23:30:00+00:00,USL League One Cup,Charleston Battery,Charlotte Independence,Over/Under Goals,Under 3.5,1.53,0.9305,,LOST,
2026-07-11T23:30:00+00:00,USL League One Cup,Fort Wayne,Detroit City,Asian Handicap,Home +0.25,2.56,0.6766,,LOST,
2026-07-11T23:30:00+00:00,USL League One Cup,Tampa Bay Rowdies,Naples,Team Total Goals,Under 2.5,1.8,0.8525,,WON,
2026-07-12T00:00:00+00:00,MLS Next Pro,Colorado Rapids II,North Texas,Over/Under Goals,Under 3.5,1.54,0.7722,,WON,
2026-07-12T00:30:00+00:00,USL League One Cup,Corpus Christi,One Knoxville,Over/Under Goals,Under 3.5,1.53,0.6977,,WON,
2026-07-12T01:00:00+00:00,World Cup,Argentina,Switzerland,Over/Under Goals,Over 2.5,2.2,0.7866,,LOST,
2026-07-12T01:30:00+00:00,USL League One Cup,Boise,Sacramento Republic,Asian Handicap,Home +0.25,1.75,0.7876,,WON,
2026-07-12T02:00:00+00:00,MLS Next Pro,Los Angeles FC II,Portland Timbers II,Over/Under Goals,Under 3.5,1.67,0.7421,,WON,
2026-07-12T02:00:00+00:00,USL League One Cup,Monterey Bay,Las Vegas Lights,Asian Handicap,Home +0,1.75,0.7636,,LOST,
2026-07-12T03:00:00+00:00,USL League One Cup,Alta,Phoenix Rising,Asian Handicap,Home +0,1.68,0.5873,,WON,
2026-07-12T05:00:00+00:00,New South Wales NPL,Marconi Stallions,Western Sydney Wanderers U23,Team Total Goals,Under 2.5,1.53,0.8747,,LOST,
2026-07-12T05:00:00+00:00,Queensland NPL,Gold Coast United,Olympic,Over/Under Goals,Under 3.5,1.73,0.8944,,WON,
2026-07-12T07:00:00+00:00,Friendlies Clubs,Parceiro Nagano,Iwaki,Asian Handicap,Home +0.25,2.85,0.6474,,LOST,
2026-07-12T09:00:00+00:00,K3 League,Changwon City,Chuncheon,Over/Under Goals,Over 2.5,2.05,0.7950,,LOST,
2026-07-12T10:30:00+00:00,K League 2,Busan I Park,Gimpo Citizen,Asian Handicap,Home +0.25,1.62,0.7720,,WON,
2026-07-12T12:00:00+00:00,Allsvenskan,Hammarby FF,Kalmar FF,Team Total Goals,Under 2.5,1.57,0.8152,,WON,
2026-07-12T12:00:00+00:00,Allsvenskan,Malmo FF,IFK Goteborg,Team Total Goals,Over 1.5,1.73,0.8581,,WON,
2026-07-12T12:00:00+00:00,Friendlies Clubs,BSG Chemie Leipzig,1. FC Magdeburg,Over/Under Goals,Under 3.5,1.9,0.7448,,LOST,
2026-07-12T12:00:00+00:00,Segunda División,Uruguay Montevideo,Oriental,Asian Handicap,Home +0.25,1.69,0.6809,,WON,
2026-07-12T13:00:00+00:00,Kakkonen - Lohko C,SJK-juniorit,TP-47,Over/Under Goals,Under 3.5,2.12,0.5197,,WON,
2026-07-12T13:00:00+00:00,Kakkonen - Lohko C,Vaajakoski,Jaro 2,Asian Handicap,Home +0,1.9,0.6814,,WON,
2026-07-12T13:00:00+00:00,Paulista - U20,XV de Jaú U20,RB Bragantino U20,Over/Under Goals,Under 3.5,1.5,0.7203,,LOST,
2026-07-12T13:30:00+00:00,First League,Nizhny Novgorod,Rotor Volgograd,Team Total Goals,Over 0.5,1.59,0.8145,,WON,
2026-07-12T14:00:00+00:00,2. Deild,Kári,Fjardabyggd / Leiknir,Asian Handicap,Home +0.25,1.54,0.6924,,WON,
2026-07-12T14:00:00+00:00,Esiliiga B,Luunja,Narva U21,Over/Under Goals,Under 3.5,2.23,0.5490,,WON,
2026-07-12T14:00:00+00:00,First League,Shinnik Yaroslavl,FC Sochi,Asian Handicap,Home +0.25,2.25,0.7985,,WON,
2026-07-12T14:00:00+00:00,Serie C,Barra,Santa Cruz,Team Total Goals,Over 0.5,1.5,0.7789,,WON,
2026-07-12T14:30:00+00:00,Allsvenskan,Gais,IF Elfsborg,Asian Handicap,Home +0,1.53,0.7842,,WON,
2026-07-12T14:30:00+00:00,Premier League,Al Ansar,Al Ahed,Team Total Goals,Over 0.5,1.57,0.8423,,WON,
2026-07-12T15:00:00+00:00,Friendlies Clubs,Jagiellonia,Pafos,Asian Handicap,Home +0.25,1.5,0.7417,,WON,
2026-07-12T15:00:00+00:00,Friendlies Clubs,Slavia Praha,Ružomberok,Over/Under Goals,Under 3.5,1.73,0.3816,,WON,
2026-07-12T15:00:00+00:00,Segunda División,Atenas,Rentistas,Asian Handicap,Home +0.25,1.6,0.7831,,LOST,
2026-07-12T15:30:00+00:00,Kakkonen - Lohko C,Kraft,VPS II,Asian Handicap,Home +0.25,1.72,0.6198,,WON,
2026-07-12T16:00:00+00:00,2. Deild,Dalvík / Reynir,Fjolnir,Asian Handicap,Home +0.25,1.62,0.6979,,LOST,
2026-07-12T16:00:00+00:00,Esiliiga A,Nõmme United II,Flora II,Over/Under Goals,Under 3.5,2.25,0.4684,,WON,
2026-07-12T16:00:00+00:00,Esiliiga B,Levadia U19,Tallinna Kalev II,Over/Under Goals,Under 3.5,1.96,0.4560,,LOST,
2026-07-12T17:00:00+00:00,Super Liga,Sheriff Tiraspol,Zimbru,Asian Handicap,Home +0.25,1.62,0.9433,,WON,
2026-07-12T17:15:00+00:00,Eliteserien,Sarpsborg 08 FF,Viking,Over/Under Goals,Under 3.5,1.62,0.6850,,WON,
2026-07-12T17:30:00+00:00,Supercupa,Universitatea Craiova,Universitatea Cluj,Asian Handicap,Home +0,1.5,0.7596,,WON,
2026-07-12T18:00:00+00:00,Baiano - 2,Feira FC,Fluminense De Feira,Over/Under Goals,Over 2.5,1.75,0.7768,,LOST,
2026-07-12T18:00:00+00:00,Úrvalsdeild,Fram Reykjavik,Thor Akureyri,Team Total Goals,Under 2.5,2.24,0.9087,,LOST,
2026-07-12T18:30:00+00:00,Primera C,Mercedes,Victoriano Arenas,Asian Handicap,Home +0,1.6,0.8681,,WON,
2026-07-12T19:00:00+00:00,Friendlies Clubs,Cascavel,Corinthians,Over/Under Goals,Under 3.5,1.5,0.9387,,WON,
2026-07-12T19:00:00+00:00,MLS Next Pro,Philadelphia Union II,Huntsville City,Over/Under Goals,Under 3.5,1.61,0.7271,,WON,
2026-07-12T19:00:00+00:00,Primera División,Real Potosí,Nacional Potosí,Asian Handicap,Home +0,1.69,0.6773,,WON,
2026-07-12T19:15:00+00:00,Liga Pro,Deportivo Cuenca,Aucas,Asian Handicap,Home +0.25,1.5,0.6961,,LOST,
2026-07-12T19:30:00+00:00,Segunda División,Linares Unido,Colchagua,Asian Handicap,Home +0.25,1.6,0.8222,,WON,
2026-07-12T20:00:00+00:00,Copa Nicaragua,H&H Export,Diriangén,Asian Handicap,Home +0.25,2.33,0.7087,,WON,
2026-07-12T20:00:00+00:00,MLS Next Pro,Chicago Fire II,New York RB II,Asian Handicap,Home +0.25,1.92,0.6500,,WON,
2026-07-12T20:00:00+00:00,Serie D,ASA,Ivinhema,Team Total Goals,Under 2.5,1.5,0.8759,,LOST,
2026-07-12T20:05:00+00:00,Úrvalsdeild,FH hafnarfjordur,Valur Reykjavik,Over/Under Goals,Under 3.5,1.8,0.7043,,WON,
2026-07-12T21:15:00+00:00,Primera División,The Strongest,Bolívar,Over/Under Goals,Under 3.5,1.8,0.9958,,WON,
2026-07-12T23:00:00+00:00,USL League Two,The Villages,Shark Coast,Team Total Goals,Over 0.5,1.66,0.8520,,WON,
2026-07-12T23:30:00+00:00,Primera División,Real Tomayapo,Independiente Petrolero,Over/Under Goals,Under 3.5,1.65,0.8842,,WON,
2026-07-13T00:00:00+00:00,USL League Two,Ballard,Snohomish United,Asian Handicap,Home +0,1.55,0.7089,,WON,
2026-07-13T14:00:00+00:00,Friendlies Clubs,Zenit,Dinamo Makhachkala,Over/Under Goals,Under 3.5,1.64,0.7226,,WON,
2026-07-13T15:30:00+00:00,Friendlies Clubs,Wolfsberger AC,Hradec Králové,Asian Handicap,Home +0,1.9,0.8920,,WON,
2026-07-13T15:30:00+00:00,Kakkonen - Lohko B,Honka,HJS Akatemia,Over/Under Goals,Under 3.5,1.9,0.4738,,WON,
2026-07-13T16:00:00+00:00,Friendlies Clubs,Sigma Olomouc,Shabab Al Ahli Dubai,Asian Handicap,Home +0,1.58,0.6445,,WON,
2026-07-13T18:00:00+00:00,Reserve League,Ferro 2,Lanús Res.,Asian Handicap,Home +0.25,2.0,0.7483,,WON,
2026-07-13T23:30:00+00:00,Serie C,Figueirense,Volta Redonda,Asian Handicap,Home +0,1.82,0.5608,,WON,
2026-07-14T01:30:00+00:00,Canadian Championship,Cavalry FC,Vancouver Whitecaps,Over/Under Goals,Over 2.5,1.85,0.7440,,LOST,
2026-07-14T08:00:00+00:00,Friendlies Clubs,Polessya,Shimizu S-pulse,Team Total Goals,Over 1.5,1.64,0.7326,,LOST,
2026-07-14T09:30:00+00:00,Australia Cup,APIA Leichhardt Tigers,Peninsula Power,Over/Under Goals,Under 3.5,1.5,0.8596,,WON,
2026-07-14T09:30:00+00:00,Australia Cup,Rochedale Rovers,SD Raiders,Asian Handicap,Home +0.25,1.72,0.7470,,LOST,
2026-07-14T10:00:00+00:00,Friendlies Clubs,Legia Warszawa,Radomiak Radom,Team Total Goals,Over 1.5,1.76,0.8052,,WON,
2026-07-14T12:00:00+00:00,Friendlies Clubs,Dordrecht,Borussia Dortmund II,Over/Under Goals,Under 3.5,1.58,0.6887,,LOST,
2026-07-14T14:00:00+00:00,Friendlies Clubs,Dukla Banská Bystrica,Hapoel Tel Aviv,Asian Handicap,Home +0.25,2.42,0.8582,,WON,
2026-07-14T14:00:00+00:00,Friendlies Clubs,SV Wehen,Fagiano Okayama,Over/Under Goals,Under 3.5,1.57,0.8095,,WON,
2026-07-14T15:00:00+00:00,Friendlies Clubs,Korona Kielce,Stal Rzeszów,Over/Under Goals,Under 3.5,1.55,0.7255,,WON,
2026-07-14T15:00:00+00:00,UEFA Champions League,KuPS,Vardar Skopje,Over/Under Goals,Under 3.5,1.5,0.6679,,WON,
2026-07-14T15:30:00+00:00,Friendlies Clubs,NK Slaven Belupo,Sanfrecce Hiroshima,Over/Under Goals,Under 3.5,1.6,0.5505,,LOST,
2026-07-14T15:30:00+00:00,Friendlies Clubs,Spartak Trnava,Beşiktaş,Team Total Goals,Under 2.5,1.56,0.9992,,WON,
2026-07-14T16:00:00+00:00,Friendlies Clubs,Fach-Donaufeld,Rapid Wien II,Over/Under Goals,Under 3.5,2.24,0.9732,,LOST,
2026-07-14T16:00:00+00:00,Friendlies Clubs,Randers FC,Notts County,Team Total Goals,Under 2.5,1.51,0.9055,,LOST,
2026-07-14T16:00:00+00:00,Friendlies Clubs,SV Darmstadt 98,FC 08 Homburg,Team Total Goals,Under 2.5,1.73,0.8321,,LOST,
2026-07-14T16:00:00+00:00,Friendlies Clubs,Seraing United,MVV,Over/Under Goals,Under 3.5,1.73,0.7665,,WON,
2026-07-14T16:00:00+00:00,Kakkonen - Lohko B,Ilves II,GrIFK,Over/Under Goals,Under 3.5,2.2,0.5200,,LOST,
2026-07-14T16:30:00+00:00,Friendlies Clubs,FC Winterthur,Brühl,Team Total Goals,Under 2.5,1.87,0.9241,,WON,
2026-07-14T17:00:00+00:00,1. Deild,HK Kopavogur,IR Reykjavik,Over/Under Goals,Under 3.5,1.97,0.5365,,LOST,
2026-07-14T17:00:00+00:00,Friendlies Clubs,NEC Nijmegen,V-varen Nagasaki,Over/Under Goals,Under 3.5,1.66,0.7045,,LOST,
2026-07-14T17:00:00+00:00,UEFA Champions League,Gyori ETO FC,Vikingur Reykjavik,Over/Under Goals,Under 3.5,1.57,0.9468,,LOST,
2026-07-14T17:30:00+00:00,UEFA Champions League,The New Saints,Sabah FA,Over/Under Goals,Under 3.5,1.57,0.8970,,WON,
2026-07-14T18:00:00+00:00,Friendlies Clubs,Alfreton Town,Boston United,Over/Under Goals,Under 3.5,1.62,0.6807,,WON,
2026-07-14T18:00:00+00:00,Friendlies Clubs,Bristol Rovers,Leicester,Double Chance,Home/Draw,2.4,0.9480,,LOST,
2026-07-14T18:00:00+00:00,Friendlies Clubs,Woking,Portsmouth,Team Total Goals,Under 2.5,1.71,0.9013,,WON,
2026-07-14T18:00:00+00:00,Primera B Metropolitana,Flandria,Argentino de Merlo,Team Total Goals,Over 0.5,1.53,0.8756,,LOST,
2026-07-14T18:30:00+00:00,Friendlies Clubs,Hebburn Town,Gateshead,Over/Under Goals,Under 3.5,1.72,0.6088,,LOST,
2026-07-14T18:30:00+00:00,Friendlies Clubs,Real Bedford,Boreham Wood,Asian Handicap,Home +0.25,3.0,0.6936,,LOST,
2026-07-14T18:30:00+00:00,Friendlies Clubs,Redcar Athletic,Hartlepool,Double Chance,Home/Draw,7.5,0.8006,,LOST,
2026-07-14T18:30:00+00:00,Friendlies Clubs,St Patrick's Athl.,Doncaster,Asian Handicap,Home +1.25,3.84,1.0000,,WON,
2026-07-14T18:45:00+00:00,Friendlies Clubs,Bedfont Sports,St Albans City,Over/Under Goals,Under 3.5,1.65,0.7515,,LOST,
2026-07-14T18:45:00+00:00,Friendlies Clubs,Cliftonville FC,Moyola Park,Team Total Goals,Under 2.5,2.02,0.9875,,LOST,
2026-07-14T18:45:00+00:00,Friendlies Clubs,Cork City,Cardiff,Asian Handicap,Home +0.25,2.42,0.6904,,LOST,
2026-07-14T18:45:00+00:00,Friendlies Clubs,Leek Town,Macclesfield,Asian Handicap,Home +0,4.15,0.6624,,WON,
2026-07-14T18:45:00+00:00,Friendlies Clubs,Tonbridge Angels,Sutton Utd,Asian Handicap,Home +0,3.0,0.6615,,LOST,
2026-07-14T18:45:00+00:00,League Cup,Annan Athletic,Dundee,Asian Handicap,Home +0.5,5.75,0.7072,,LOST,
2026-07-14T18:45:00+00:00,League Cup,Brechin,Livingston,Team Total Goals,Under 2.5,2.75,0.7892,,WON,
2026-07-14T18:45:00+00:00,League Cup,Brora Rangers,Aberdeen,Team Total Goals,Under 2.5,3.2,0.8810,,WON,
2026-07-14T18:45:00+00:00,League Cup,Clyde,Airdrie United,Asian Handicap,Home +0.25,2.1,0.6575,,WON,
2026-07-14T18:45:00+00:00,League Cup,Cove Rangers,East Kilbride,Over/Under Goals,Under 3.5,1.5,0.5255,,LOST,
2026-07-14T18:45:00+00:00,League Cup,Dunfermline,Dumbarton,Team Total Goals,Under 2.5,1.77,0.8563,,LOST,
2026-07-14T18:45:00+00:00,League Cup,Edinburgh City,Alloa Athletic,Asian Handicap,Home +0.25,2.85,0.9867,,WON,
2026-07-14T18:45:00+00:00,League Cup,Elgin City,Peterhead,Over/Under Goals,Under 3.5,1.55,0.9079,,LOST,
2026-07-14T18:45:00+00:00,League Cup,Falkirk,Ayr Utd,Over/Under Goals,Under 3.5,1.55,0.5149,,WON,
2026-07-14T18:45:00+00:00,League Cup,Forfar Athletic,Partick,Over/Under Goals,Under 3.5,1.62,0.8223,,LOST,
2026-07-14T18:45:00+00:00,League Cup,Montrose,Dundee Utd,Over/Under Goals,Under 3.5,1.62,0.7444,,WON,
2026-07-14T19:00:00+00:00,UEFA Champions League,Shamrock Rovers,Floriana,Team Total Goals,Over 0.5,1.91,0.8395,,WON,
2026-07-14T19:00:00+00:00,World Cup,France,Spain,Asian Handicap,Home +0,1.62,0.5782,,LOST,
2026-07-14T22:00:00+00:00,Primera B Metropolitana,Brown DE Adrogue,Deportivo Laferrere,Over/Under Goals,Over 1.5,1.55,0.8995,,LOST,
2026-07-14T22:00:00+00:00,Primera B Metropolitana,Comunicaciones,Villa Dalmine,Team Total Goals,Over 0.5,1.62,0.8759,,LOST,
2026-07-14T22:00:00+00:00,Primera División,Real Oruro,Always Ready,Over/Under Goals,Under 3.5,1.7,0.8661,,LOST,
2026-07-15T00:30:00+00:00,Primera División,Blooming,Gualberto Villarroel SJ,Team Total Goals,Under 2.5,1.67,0.9236,,WON,
2026-07-15T08:30:00+00:00,Friendlies Clubs,Schwarz-Weiß Bregenz,Austria Lustenau,Asian Handicap,Home +0,4.8,0.7414,,WON,
2026-07-15T09:00:00+00:00,Friendlies Clubs,OH Leuven,Lommel United,Over/Under Goals,Under 3.5,1.55,0.7739,,LOST,
2026-07-15T09:30:00+00:00,Australia Cup,Marlin Coast,Brunswick Juventus FC,Over/Under Goals,Under 3.5,1.8,0.5294,,LOST,
2026-07-15T10:00:00+00:00,Northern NSW NPL,Charlestown City Blues,Weston Bears,Asian Handicap,Home +0.25,2.42,0.6198,,LOST,
2026-07-15T11:00:00+00:00,Friendlies Clubs,Almere City FC,FC Volendam,Over/Under Goals,Under 3.5,1.7,0.8623,,WON,
2026-07-15T12:00:00+00:00,Friendlies Clubs,Aarhus,AC Horsens,Over/Under Goals,Under 3.5,1.81,0.4626,,WON,
2026-07-15T12:00:00+00:00,Friendlies Clubs,FC Fredericia,Mafra,Asian Handicap,Home +0.25,1.5,0.7364,,WON,
2026-07-15T12:00:00+00:00,Friendlies Clubs,KRC Genk II,RWDM,Over/Under Goals,Under 3.5,1.68,0.8171,,LOST,
2026-07-15T13:00:00+00:00,Friendlies Clubs,Red Bull Salzburg,Gamba Osaka,Over/Under Goals,Under 3.5,1.55,0.5343,,WON,
2026-07-15T14:30:00+00:00,Friendlies Clubs,Hansa Rostock,Greifswalder FC,Team Total Goals,Over 0.5,5.15,0.9855,,LOST,
2026-07-15T15:00:00+00:00,Friendlies Clubs,Fleury 91,Boulogne,Asian Handicap,Home +0,2.02,0.6604,,LOST,
2026-07-15T15:00:00+00:00,Friendlies Clubs,Polonia Warszawa,Zlin,Over/Under Goals,Under 3.5,1.56,0.8285,,WON,
2026-07-15T15:00:00+00:00,Friendlies Clubs,Sturm Graz,Pogon Szczecin,Asian Handicap,Home +0,1.6,0.6021,,WON,
2026-07-15T15:30:00+00:00,Friendlies Clubs,Zorya Luhansk,Konyaspor,Asian Handicap,Home +1.25,4.1,0.9576,,WON,
2026-07-15T16:00:00+00:00,Friendlies Clubs,Aldershot Town,Portsmouth,Team Total Goals,Under 2.5,1.82,0.9056,,WON,
2026-07-15T16:00:00+00:00,Friendlies Clubs,Eintracht Trier,Fortuna Köln,Asian Handicap,Home +0.25,2.1,0.7225,,LOST,
2026-07-15T16:00:00+00:00,Friendlies Clubs,Zagłębie Lubin II,Odra Bytom Odrzański,Asian Handicap,Home +0.25,1.5,0.7322,,LOST,
2026-07-15T16:30:00+00:00,Friendlies Clubs,Solihull Moors,Birmingham,Over/Under Goals,Under 3.5,1.72,0.7007,,WON,
2026-07-15T16:30:00+00:00,Friendlies Clubs,Unia Swarzędz,Lipno Stęszew,Asian Handicap,Home +1.25,3.84,0.9336,,WON,
2026-07-15T17:00:00+00:00,Friendlies Clubs,Hoek,NAC Breda,Asian Handicap,Home +0,4.5,0.6692,,LOST,
2026-07-15T17:00:00+00:00,Friendlies Clubs,Vitesse,AEK Athens FC,Over/Under Goals,Under 3.5,1.6,0.4998,,WON,
2026-07-15T17:30:00+00:00,Friendlies Clubs,Derio,Athletic Club,Team Total Goals,Under 2.5,2.45,0.9226,,LOST,
2026-07-15T17:30:00+00:00,UEFA Champions League,Universitatea Craiova,ML Vitebsk,Over/Under Goals,Under 3.5,1.5,0.6656,,WON,
2026-07-15T17:45:00+00:00,Copa Rio,Bonsucesso,Madureira,Asian Handicap,Home +0.25,1.95,0.7590,,WON,
2026-07-15T17:45:00+00:00,Copa Rio,Pérolas Negras,CFRJ / Maricá,Asian Handicap,Home +0.25,1.56,0.4711,,WON,
2026-07-15T19:00:00+00:00,UEFA Champions League,Sutjeska,Kairat Almaty,Over/Under Goals,Under 3.5,1.5,0.8041,,WON,
2026-07-15T19:00:00+00:00,World Cup,England,Argentina,Asian Handicap,Home +0.25,1.52,0.6567,,LOST,
2026-07-15T23:00:00+00:00,USL Championship,Lexington,New Mexico United,Team Total Goals,Over 0.5,1.53,0.8380,,WON,
2026-07-15T23:30:00+00:00,USL Championship,Sporting JAX,Pittsburgh Riverhounds,Asian Handicap,Home +0.25,2.2,0.8515,,WON,
2026-07-16T00:00:00+00:00,Primera División,The Strongest,Oriente Petrolero,Team Total Goals,Under 2.5,2.06,0.9295,,WON,
2026-07-16T01:30:00+00:00,Friendlies Clubs,Real Salt Lake,Burnley,Asian Handicap,Home +0.25,1.52,0.7929,,WON,
2026-07-16T12:00:00+00:00,Friendlies Clubs,Puskas Academy,Başakşehir,Over/Under Goals,Under 3.5,1.73,0.8570,,WON,
2026-07-16T14:00:00+00:00,Friendlies Clubs,Nürnberg II,Austria Lustenau,Asian Handicap,Home +0.25,1.62,0.7535,,WON,
2026-07-16T14:30:00+00:00,Premier League,Al Ahed,Al Nejmeh,Asian Handicap,Home +0.25,1.78,0.6885,,LOST,
2026-07-16T16:00:00+00:00,Esiliiga A,Viimsi,Elva,Over/Under Goals,Under 3.5,1.56,0.8072,,LOST,
2026-07-16T16:00:00+00:00,Friendlies Clubs,Jagiellonia,Sparta Praha,Asian Handicap,Home +0,1.9,0.6096,,WON,
2026-07-16T16:00:00+00:00,Friendlies Clubs,LNZ Cherkasy,Göztepe,Asian Handicap,Home +0,3.7,0.8005,,LOST,
2026-07-16T16:00:00+00:00,Kakkonen - Lohko A,HIFK Helsinki,PPJ,Over/Under Goals,Under 3.5,1.73,0.4153,,WON,
2026-07-16T16:30:00+00:00,Friendlies Clubs,Apollon Limassol,AEK Larnaca,Asian Handicap,Home +0.25,1.52,0.7866,,WON,
2026-07-16T16:30:00+00:00,UEFA Europa Conference League,FC Levadia Tallinn,Caernarfon Town,Over/Under Goals,Under 3.5,1.62,0.7361,,LOST,
2026-07-16T16:30:00+00:00,UEFA Europa Conference League,Rīgas FS,Glentoran,Over/Under Goals,Under 3.5,1.53,0.7582,,WON,
2026-07-16T17:00:00+00:00,Eliteserien,Valerenga,Aalesund,Over/Under Goals,Under 3.5,1.65,0.4523,,LOST,
2026-07-16T17:00:00+00:00,UEFA Europa Conference League,Bate Borisov,AF Elbasani,Asian Handicap,Home +0.25,1.95,0.6622,,WON,
2026-07-16T17:00:00+00:00,UEFA Europa Conference League,Dinamo Tbilisi,US Mondorf-les-bains,Team Total Goals,Under 2.5,1.57,0.8365,,WON,
2026-07-16T18:00:00+00:00,Reserve League,Godoy Cruz Res.,Argentinos Juniors Res.,Asian Handicap,Home +0.25,1.92,0.6502,,WON,
2026-07-16T18:00:00+00:00,Reserve League,Platense Res.,San Martín San Juan Res.,Over/Under Goals,Under 3.5,1.5,0.6006,,WON,
2026-07-16T18:00:00+00:00,UEFA Europa Conference League,Ballkani,GAP Connah S Quay FC,Team Total Goals,Under 2.5,1.67,0.9881,,LOST,
2026-07-16T18:15:00+00:00,UEFA Europa League,Ferencvarosi TC,Vojvodina,Team Total Goals,Under 2.5,1.57,0.8716,,LOST,
2026-07-16T18:30:00+00:00,Friendlies Clubs,Bangor,Ards,Over/Under Goals,Under 3.5,1.51,0.6940,,WON,
2026-07-16T18:30:00+00:00,Friendlies Clubs,Glenavon FC,Doncaster,Asian Handicap,Home +0.25,5.5,0.9597,,LOST,
2026-07-16T20:00:00+00:00,UEFA Europa League,Vestri,Qarabag,Over/Under Goals,Under 3.5,1.8,0.7346,,WON,
2026-07-16T20:00:00+00:00,USL League Two,Minneapolis City,West Virginia Alliance,Over/Under Goals,Under 3.5,1.83,0.7150,,WON,
2026-07-16T22:30:00+00:00,Serie A,Botafogo,Santos,Over/Under Goals,Over 2.5,1.83,0.7764,,WON,
2026-07-16T23:30:00+00:00,Major League Soccer,CF Montreal,Toronto FC,Over/Under Goals,Under 3.5,1.55,0.7526,,WON,
2026-07-17T00:45:00+00:00,Copa Argentina,Sarmiento Junin,Boca Juniors,Asian Handicap,Home +0.25,2.6,0.8057,,LOST,
2026-07-17T03:10:00+00:00,Liga MX,Club Tijuana,Tigres UANL,Asian Handicap,Home +0,2.6,0.5901,,WON,
2026-07-17T08:00:00+00:00,Youth Championship,Ural U20,Dinamo Moskva U19,Over/Under Goals,Under 3.5,1.66,0.8453,,WON,
2026-07-17T08:30:00+00:00,Friendlies Clubs,Leganes,Albacete,Asian Handicap,Home +0.25,1.52,0.5057,,WON,
2026-07-17T09:00:00+00:00,Friendlies Clubs,Prostějov,Floridsdorfer AC,Over/Under Goals,Under 3.5,1.51,0.5021,,WON,
2026-07-17T09:30:00+00:00,New South Wales NPL,Sydney FC U23,Manly United,Asian Handicap,Home +0.25,1.55,0.6543,,WON,
2026-07-17T09:30:00+00:00,South Australia NPL,Campbelltown City,Adelaide Comets,Over/Under Goals,Under 3.5,1.67,0.9520,,WON,
2026-07-17T09:30:00+00:00,Victoria NPL,Bentleigh Greens,Dandenong City,Over/Under Goals,Under 3.5,1.5,0.7399,,WON,
2026-07-17T09:30:00+00:00,Victoria NPL,Green Gully,Dandenong Thunder,Asian Handicap,Home +0,1.58,0.7213,,WON,
2026-07-17T09:45:00+00:00,Victoria Premier League 2,Eastern Lions,Bayside Argonauts,Over/Under Goals,Under 3.5,1.63,0.7289,,WON,
2026-07-17T10:00:00+00:00,Friendlies Clubs,FC Nordsjaelland,Sparta Praha,Team Total Goals,Under 2.5,1.53,0.8657,,WON,
2026-07-17T10:00:00+00:00,Friendlies Clubs,Jong AZ,Jong Ajax,Over/Under Goals,Under 3.5,1.75,0.7107,,WON,
2026-07-17T10:00:00+00:00,Friendlies Clubs,Sonderjyske,Kolding IF,Team Total Goals,Under 2.5,1.58,0.7916,,WON,
2026-07-17T10:30:00+00:00,South Australia NPL,West Torrens Birkalla,Para Hills Knights,Over/Under Goals,Under 3.5,3.4,0.6015,,LOST,
2026-07-17T10:30:00+00:00,Victoria NPL 2,Melbourne Knights,Brunswick City,Over/Under Goals,Under 3.5,1.74,0.5373,,WON,
2026-07-17T11:00:00+00:00,Friendlies Clubs,Aalborg,Silkeborg,Asian Handicap,Home +0.25,1.88,0.7556,,LOST,
2026-07-17T11:00:00+00:00,League One,Suzhou Dongwu,Shenzhen Juniors,Asian Handicap,Home +0.25,2.35,0.6722,,WON,
2026-07-17T11:00:00+00:00,Super League,Qingdao Youth Island,Chengdu Better City,Asian Handicap,Home +0.25,2.42,0.6970,,WON,
2026-07-17T11:30:00+00:00,Friendlies Clubs,Feyenoord,Charleroi,Over/Under Goals,Under 3.5,1.8,0.4163,,LOST,
2026-07-17T11:35:00+00:00,Super League,Beijing Guoan,Shenyang Urban,Team Total Goals,Under 2.5,1.67,0.7848,,WON,
2026-07-17T11:35:00+00:00,Super League,Henan Jianye,Qingdao Jonoon,Team Total Goals,Over 0.5,1.5,0.8571,,WON,
2026-07-17T14:00:00+00:00,1. Division,Astana II,Jaiyq,Over/Under Goals,Under 3.5,1.55,0.5004,,WON,
2026-07-17T14:00:00+00:00,Friendlies Clubs,Kolos Kovalivka,Kudrivka,Over/Under Goals,Under 3.5,1.59,0.9701,,WON,
2026-07-17T14:00:00+00:00,Youth Championship,Fakel U19,Zenit U19,Team Total Goals,Under 2.5,2.3,0.7790,,WON,
2026-07-17T14:00:00+00:00,Youth Championship,Rostov U19,Chertanovo U20,Over/Under Goals,Under 3.5,1.81,0.7491,,LOST,
2026-07-17T14:30:00+00:00,Friendlies Clubs,Sparta Praha II,FSV Zwickau,Over/Under Goals,Under 3.5,2.62,0.5403,,LOST,
2026-07-17T15:00:00+00:00,Friendlies Clubs,Lincoln,Leyton Orient,Asian Handicap,Home +1.25,2.1,0.9582,,LOST,
2026-07-17T15:00:00+00:00,Friendlies Clubs,Zbrojovka Brno,Podbrezová,Asian Handicap,Home +0,2.02,0.7215,,WON,
2026-07-17T15:00:00+00:00,Super League,Mash'al,Kokand-1912,Asian Handicap,Home +0.25,2.15,0.7087,,WON,
2026-07-17T15:00:00+00:00,Super League,Pakhtakor,Lokomotiv,Over/Under Goals,Over 2.5,1.85,0.7387,,LOST,
2026-07-17T15:30:00+00:00,Kakkonen - Lohko C,Vaajakoski,Huima / Urho,Double Chance,Home/Draw,1.5,0.6708,,LOST,
2026-07-17T15:30:00+00:00,Liga I,FC Voluntari,FC Botosani,Asian Handicap,Home +0,1.77,0.9305,,WON,
2026-07-17T16:00:00+00:00,1. SNL,Nafta,Koper,Team Total Goals,Under 2.5,1.53,0.8635,,WON,
2026-07-17T16:00:00+00:00,First League,Spartak Varna,CSKA 1948,Asian Handicap,Home +0,4.0,0.6644,,WON,
2026-07-17T16:00:00+00:00,Friendlies Clubs,Ústí nad Labem,Dukla Praha,Asian Handicap,Home +1.25,5.0,0.8203,,WON,
2026-07-17T16:00:00+00:00,USL League Two,Charlotte Independence 2,Appalachian,Asian Handicap,Home +0.25,1.52,0.6948,,LOST,
2026-07-17T16:00:00+00:00,Ykkösliiga,Klubi-04,Haka,Over/Under Goals,Under 3.5,1.55,0.8817,,LOST,
2026-07-17T16:00:00+00:00,Ykkösliiga,KäPa,SJK Akatemia,Asian Handicap,Home +0,1.52,0.6130,,WON,
2026-07-17T16:00:00+00:00,Youth Championship,Krasnodar U19,CSKA Moskva U19,Asian Handicap,Home +0,1.62,0.6079,,WON,
2026-07-17T16:30:00+00:00,Friendlies Clubs,Olympiakos Piraeus,Fortuna Sittard,Team Total Goals,Over 0.5,1.68,0.7714,,WON,
2026-07-17T16:30:00+00:00,Friendlies Clubs,Zalaegerszegi TE,Epitsentr Dunayivtsi,Asian Handicap,Home +1.25,4.1,0.3405,,WON,
2026-07-17T17:00:00+00:00,Friendlies Clubs,Club Brugge KV,Heerenveen,Over/Under Goals,Under 3.5,1.77,0.3208,,LOST,
2026-07-17T17:15:00+00:00,Eliteserien,Bodo/Glimt,Fredrikstad,Over/Under Goals,Under 3.5,2.1,0.5565,,WON,
2026-07-17T18:00:00+00:00,Friendlies Clubs,Alfreton Town,Derby,Over/Under Goals,Under 3.5,2.18,0.7814,,WON,
2026-07-17T18:00:00+00:00,Friendlies Clubs,FC ST. Gallen,Norwich,Asian Handicap,Home +0.25,1.6,0.3878,,LOST,
2026-07-17T18:00:00+00:00,Friendlies Clubs,Motherwell,Genk,Over/Under Goals,Under 3.5,1.65,0.6007,,LOST,
2026-07-17T18:00:00+00:00,Paulista - U20,Osasco Audax U20,Guarani U20,Asian Handicap,Home +0,2.74,0.6805,,LOST,
2026-07-17T18:00:00+00:00,Paulista - U20,São Caetano U20,EC São Bernardo U20,Asian Handicap,Home +0.25,1.75,0.6914,,WON,
2026-07-17T18:00:00+00:00,Primera C,Yupanqui,Argentino Rosario,Asian Handicap,Home +0,1.57,0.7177,,WON,
2026-07-17T18:00:00+00:00,Primera Division,FC Cajamarca,Juan Pablo II College,Asian Handicap,Home +0,1.5,0.7604,,WON,
2026-07-17T18:00:00+00:00,Primera Nacional,Deportivo Maipu,San Martin Tucuman,Asian Handicap,Home +0.25,1.52,0.8398,,WON,
2026-07-17T18:00:00+00:00,Super Liga,FK Crvena Zvezda,Macva,Team Total Goals,Under 2.5,2.8,0.9503,,LOST,
2026-07-17T18:15:00+00:00,First League,Levski Sofia,Dunav Ruse,Over/Under Goals,Under 3.5,1.53,0.7575,,WON,
2026-07-17T20:00:00+00:00,USL League Two,Steel City,Northern Indiana,Over/Under Goals,Under 3.5,1.53,0.7953,,WON,
2026-07-17T20:15:00+00:00,Primera Division,Sporting Cristal,Deportivo Garcilaso,Team Total Goals,Over 0.5,1.67,0.8101,,LOST,
2026-07-17T23:00:00+00:00,MLS Next Pro,Toronto II,FC Cincinnati II,Asian Handicap,Home +0.25,1.52,0.6463,,WON,
2026-07-17T23:00:00+00:00,Primera Nacional,Ciudad de Bolívar,All Boys,Over/Under Goals,Over 1.5,1.73,0.8134,,LOST,
2026-07-18T00:00:00+00:00,Primera Division,Diriangén,San Marcos,Team Total Goals,Under 2.5,1.98,0.9174,,WON,
2026-07-18T00:00:00+00:00,Serie B,Fortaleza EC,Novorizontino,Team Total Goals,Over 0.5,1.53,0.9164,,LOST,
2026-07-18T00:00:00+00:00,Serie B,Londrina,Botafogo SP,BTTS,Yes,1.95,0.7650,,LOST,
2026-07-18T01:00:00+00:00,Liga MX,Atletico San Luis,Cruz Azul,Asian Handicap,Home +0,2.75,0.6228,,LOST,
2026-07-18T01:00:00+00:00,Liga MX,Leon,Atlas,Over/Under Goals,Over 2.5,1.95,0.8529,,WON,
2026-07-18T01:00:00+00:00,Primera Division,Cienciano,FBC Melgar,Over/Under Goals,Over 2.5,1.7,0.8157,,WON,
2026-07-18T01:00:00+00:00,Primera Division,Real Estelí,UNAN Managua,Team Total Goals,Under 2.5,1.64,0.9823,,WON,
2026-07-18T02:15:00+00:00,Tasmania Southern Championship,Taroona,Olympia Warriors,Over/Under Goals,Under 3.5,2.33,0.8272,,LOST,
2026-07-18T02:25:00+00:00,Major League Soccer,Los Angeles Galaxy,Los Angeles FC,Asian Handicap,Home +0.25,1.72,0.7570,,LOST,
2026-07-18T04:00:00+00:00,Victoria NPL,Hume City,Oakleigh Cannons,Over/Under Goals,Under 3.5,1.5,0.9547,,WON,
2026-07-18T04:30:00+00:00,Northern NSW NPL,Lambton Jaffas,Maitland,Over/Under Goals,Under 3.5,2.02,0.8474,,WON,
2026-07-18T04:30:00+00:00,Tasmania NPL,Devonport City,South Hobart,Asian Handicap,Home +0.25,2.28,0.6483,,LOST,
2026-07-18T04:30:00+00:00,Tasmania NPL,Riverside,Clarence Zebras,Asian Handicap,Home +0,1.9,0.5898,,LOST,
2026-07-18T05:00:00+00:00,New South Wales NPL,Western Sydney Wanderers U23,APIA Leichhardt Tigers,Over/Under Goals,Under 3.5,1.67,0.4268,,LOST,
2026-07-18T05:00:00+00:00,Queensland NPL,Gold Coast United,Lions,Over/Under Goals,Under 3.5,2.2,0.4754,,WON,
2026-07-18T05:15:00+00:00,Victoria NPL,Altona Magic,Heidelberg United,Asian Handicap,Home +0.25,2.3,0.6404,,WON,
2026-07-18T05:30:00+00:00,South Australia NPL,West Adelaide,Sturt Lions,Asian Handicap,Home +0,2.15,0.6283,,WON,
2026-07-18T05:30:00+00:00,South Australia State League 1,Adelaide Victory,Adelaide Olympic,Asian Handicap,Home +0.25,1.53,0.8175,,LOST,
2026-07-18T05:30:00+00:00,South Australia State League 1,Salisbury United,Modbury Jets,Team Total Goals,Under 2.5,1.52,0.9245,,LOST,
2026-07-18T06:00:00+00:00,Queensland NPL,Gold Coast Knights,WDSC Wolves,Over/Under Goals,Under 3.5,2.1,0.4779,,WON,
2026-07-18T06:30:00+00:00,Northern NSW NPL,Weston Bears,Kahibah,Over/Under Goals,Under 3.5,2.41,0.4923,,LOST,
2026-07-18T06:30:00+00:00,Queensland NPL,Moreton City Excelsior,Peninsula Power,Asian Handicap,Home +0.25,1.7,0.6858,,WON,
2026-07-18T07:00:00+00:00,New South Wales NPL 2,Canterbury Bankstown,Blacktown Spartans,Asian Handicap,Home +0.25,1.9,0.6985,,LOST,
2026-07-18T07:00:00+00:00,New South Wales NPL 2,Hills Brumbies,Hakoah Sydney City,Asian Handicap,Home +0,1.61,0.6248,,WON,
2026-07-18T07:00:00+00:00,New South Wales NPL 2,Inter Lions,Rydalmere Lions,Asian Handicap,Home +0.25,1.52,0.6672,,LOST,
2026-07-18T07:00:00+00:00,Western Australia NPL,Balcatta,Stirling Lions,Asian Handicap,Home +0.25,2.68,0.6207,,WON,
2026-07-18T07:00:00+00:00,Western Australia NPL,Perth Glory II,Armadale,Over/Under Goals,Under 3.5,1.91,0.4774,,LOST,
2026-07-18T07:00:00+00:00,Western Australia NPL,Perth RedStar,Fremantle City,Over/Under Goals,Under 3.5,1.57,0.8264,,WON,
2026-07-18T07:15:00+00:00,New South Wales NPL,UNSW,NWS Spirit,Asian Handicap,Home +0.25,1.75,0.7376,,WON,
2026-07-18T07:30:00+00:00,New South Wales NPL,Sutherland Sharks,Sydney Olympic,Over/Under Goals,Over 2.5,1.6,0.7714,,LOST,
2026-07-18T08:00:00+00:00,New South Wales NPL 2,Mt Druitt Town,Newcastle Jets II,Asian Handicap,Home +0.25,1.65,0.6908,,WON,
2026-07-18T08:00:00+00:00,Queensland NPL,Eastern Suburbs,Magic United,Team Total Goals,Under 2.5,2.25,0.8180,,WON,
2026-07-18T08:00:00+00:00,Queensland Premier League,Brisbane Strikers,Broadbeach United,Asian Handicap,Home +0,1.78,0.7220,,WON,
2026-07-18T08:00:00+00:00,Queensland Premier League,St George Willawong,Caboolture,Over/Under Goals,Under 3.5,1.7,0.9465,,WON,
2026-07-18T08:00:00+00:00,Victoria NPL,Sunshine Georgies,Melbourne City II,Over/Under Goals,Under 3.5,1.5,0.8222,,WON,
2026-07-18T08:15:00+00:00,Victoria NPL 2,Melbourne Srbija,Port Melbourne,Over/Under Goals,Under 3.5,1.82,0.8373,,WON,
2026-07-18T08:30:00+00:00,Friendlies Clubs,Monaco,Saint-Priest,Over/Under Goals,Under 3.5,3.3,0.8052,,LOST,
2026-07-18T09:00:00+00:00,Friendlies Clubs,OH Leuven,K. Lierse S.K.,Over/Under Goals,Under 3.5,1.56,0.9021,,WON,
2026-07-18T09:00:00+00:00,Friendlies Clubs,Wisla Krakow,Artis,Over/Under Goals,Under 3.5,1.62,0.8563,,LOST,
2026-07-18T09:00:00+00:00,Western Australia NPL,Dianella White Eagle,Olympic Kingsway,Over/Under Goals,Under 3.5,1.8,0.5883,,WON,
2026-07-18T09:45:00+00:00,Npl Nsw U20,Sutherland Sharks U20,Sydney Olympic U20,Over/Under Goals,Under 3.5,2.23,0.4876,,LOST,
2026-07-18T10:00:00+00:00,1. Liga,Leevon / PPK,Riga Mariners,Over/Under Goals,Under 3.5,1.6,0.4555,,WON,
2026-07-18T10:00:00+00:00,Friendlies Clubs,Bologna,Arminia Bielefeld,Over/Under Goals,Over 2.5,1.73,0.7672,,WON,
2026-07-18T10:00:00+00:00,Friendlies Clubs,Radomiak Radom,Pogoń Siedlce,Over/Under Goals,Under 3.5,1.55,0.3395,,WON,
2026-07-18T10:00:00+00:00,Friendlies Clubs,Ružomberok,Teplice,Over/Under Goals,Over 2.5,1.9,0.7488,,WON,
2026-07-18T10:00:00+00:00,Friendlies Clubs,Slask Wroclaw,Zlin,Asian Handicap,Home +0,2.05,0.5994,,WON,
2026-07-18T10:00:00+00:00,K3 League,Dangjin Citizen,Jeonbuk Motors II,Over/Under Goals,Over 2.5,1.73,0.7712,,LOST,
2026-07-18T10:00:00+00:00,Kakkonen - Lohko C,JS Hercules,JBK,Over/Under Goals,Under 3.5,2.07,0.5716,,LOST,
2026-07-18T10:30:00+00:00,K League 2,Seongnam FC,Busan I Park,Over/Under Goals,Over 2.5,2.1,0.8060,,LOST,
2026-07-18T10:30:00+00:00,K League 2,Suwon City FC,Seoul E-Land FC,Asian Handicap,Home +0,2.1,0.6701,,WON,
2026-07-18T10:30:00+00:00,K-League Classic,Daejeon Citizen,Ulsan Hyundai FC,Asian Handicap,Home +0,1.7,0.6916,,WON,
2026-07-18T11:00:00+00:00,Friendlies Clubs,Hillerød,Lyngby,Over/Under Goals,Under 3.5,1.72,0.5197,,WON,
2026-07-18T11:00:00+00:00,League Two,BIT,Dalian Kewei,Asian Handicap,Home +0.25,3.28,0.6482,,LOST,
2026-07-18T11:00:00+00:00,Second League A - Fall Season Silver,Irtysh Omsk,Amkar,Asian Handicap,Home +0.25,6.25,0.9712,,LOST,
2026-07-18T11:00:00+00:00,Super League,Chongqing Tongliang Long,Hangzhou Greentown,Asian Handicap,Home +0.25,1.52,0.7881,,WON,
2026-07-18T11:00:00+00:00,Superettan,Oddevold,Varbergs BoIS FC,Asian Handicap,Home +0.25,1.52,0.6879,,LOST,
2026-07-18T11:15:00+00:00,Friendlies Clubs,KV Mechelen,ADO Den Haag,Over/Under Goals,Over 2.5,1.6,0.8274,,WON,
2026-07-18T11:30:00+00:00,League One,Guangxi Hengchen,Shaanxi Union,Over/Under Goals,Over 2.5,2.0,0.8650,,WON,
2026-07-18T11:30:00+00:00,League One,Meizhou Kejia,Dalian Huayi,Over/Under Goals,Over 2.5,1.75,0.7870,,LOST,
2026-07-18T11:35:00+00:00,Super League,Shanghai Shenhua,Tianjin Teda,Over/Under Goals,Under 3.5,1.62,0.6530,,WON,
2026-07-18T12:00:00+00:00,Eliteserien,Ham-Kam,Tromso,Asian Handicap,Home +0.25,2.0,0.7257,,LOST,
2026-07-18T12:00:00+00:00,Friendlies Clubs,Barnet,Luton,BTTS,Yes,1.6,0.8195,,WON,
2026-07-18T12:00:00+00:00,Friendlies Clubs,Bonner SC,MSV Duisburg,Over/Under Goals,Under 3.5,1.55,0.8227,,LOST,
2026-07-18T12:00:00+00:00,Friendlies Clubs,Burton Albion,Leicester,Over/Under Goals,Under 3.5,1.81,0.8389,,WON,
2026-07-18T12:00:00+00:00,Friendlies Clubs,FC Zurich,SpVgg Greuther Fürth,Over/Under Goals,Under 3.5,1.58,0.7135,,LOST,
2026-07-18T12:00:00+00:00,Friendlies Clubs,NEC Nijmegen,Al-Fayha,Over/Under Goals,Under 3.5,1.63,0.5904,,LOST,
2026-07-18T13:00:00+00:00,Division Intermedia,Paraguari AC,Independiente F.b.c.,Asian Handicap,Home +0.25,1.65,0.8483,,WON,
2026-07-18T13:00:00+00:00,Ykkönen,PKKU,OLS,Over/Under Goals,Under 3.5,1.83,0.4411,,WON,
2026-07-18T13:30:00+00:00,Coppa,Slonim,FC Isloch Minsk R.,Team Total Goals,Under 2.5,1.72,0.7922,,WON,
2026-07-18T13:30:00+00:00,Friendlies Clubs,FC Basel 1893,Juventus,Asian Handicap,Home +0.25,2.3,0.7192,,WON,
2026-07-18T14:00:00+00:00,1. Deild,Grindavik,IR Reykjavik,Asian Handicap,Home +0,1.77,0.7074,,WON,
2026-07-18T14:00:00+00:00,1. Deild,Grotta,Ægir,Over/Under Goals,Under 3.5,2.25,0.5309,,LOST,
2026-07-18T14:00:00+00:00,1. Liga,JFK Ventspils,JDFS Alberts,Over/Under Goals,Under 3.5,1.5,0.4461,,LOST,
2026-07-18T14:00:00+00:00,2. Deild,Fjardabyggd / Leiknir,Selfoss,Asian Handicap,Home +0,1.73,0.6164,,LOST,
2026-07-18T14:00:00+00:00,Coppa,Niva,FC Gomel,Asian Handicap,Home +0,7.2,0.6751,,LOST,
2026-07-18T14:00:00+00:00,Friendlies Clubs,AS Trencin,Baník Ostrava,Over/Under Goals,Under 3.5,1.75,0.6866,,LOST,
2026-07-18T14:00:00+00:00,Friendlies Clubs,Aldershot Town,Farnborough,Over/Under Goals,Under 3.5,1.61,0.9396,,WON,
2026-07-18T14:00:00+00:00,Friendlies Clubs,Evesham United,Cheltenham,Asian Handicap,Home +0.25,4.1,0.6485,,LOST,
2026-07-18T14:00:00+00:00,Friendlies Clubs,Lausanne,Yverdon Sport,Over/Under Goals,Under 3.5,1.79,0.7270,,WON,
2026-07-18T14:00:00+00:00,Friendlies Clubs,Pollok,East Stirlingshire,Over/Under Goals,Under 3.5,1.86,0.8101,,WON,
2026-07-18T14:00:00+00:00,Friendlies Clubs,Vysočina Jihlava,Pardubice,Asian Handicap,Home +0,3.14,0.9357,,LOST,
2026-07-18T14:00:00+00:00,Kakkonen - Lohko A,HPS,MyPa,Over/Under Goals,Under 3.5,1.91,0.6835,,LOST,
2026-07-18T14:00:00+00:00,Kakkonen - Lohko A,PuiU Helsinki,Reipas,Asian Handicap,Home +0.25,2.02,0.7550,,WON,
2026-07-18T14:00:00+00:00,Kakkonen - Lohko B,EPS,NJS,Over/Under Goals,Under 3.5,2.07,0.7847,,WON,
2026-07-18T14:00:00+00:00,Kakkonen - Lohko B,HJS Akatemia,Musa,Over/Under Goals,Under 3.5,2.1,0.4626,,WON,
2026-07-18T14:00:00+00:00,Kakkonen - Lohko C,Jaro 2,TP-47,Team Total Goals,Under 2.5,1.73,0.8341,,WON,
2026-07-18T14:00:00+00:00,League Cup,Airdrie United,Annan Athletic,Team Total Goals,Over 0.5,1.7,0.8122,,LOST,
2026-07-18T14:00:00+00:00,League Cup,Ayr Utd,Edinburgh City,Over/Under Goals,Over 2.5,1.65,0.8403,,LOST,
2026-07-18T14:00:00+00:00,League Cup,Brora Rangers,Queen of the South,Over/Under Goals,Under 3.5,1.53,0.7079,,WON,
2026-07-18T14:00:00+00:00,League Cup,East Kilbride,Dumbarton,Over/Under Goals,Under 3.5,1.73,0.5587,,LOST,
2026-07-18T14:00:00+00:00,League Cup,Elgin City,Kilmarnock,Over/Under Goals,Under 3.5,1.83,0.7433,,WON,
2026-07-18T14:00:00+00:00,League Cup,Ross County,Clyde,Over/Under Goals,Under 3.5,1.55,0.5423,,LOST,
2026-07-18T14:00:00+00:00,Ykkösliiga,Kooteepee,PK-35,BTTS,Yes,1.75,0.8012,,LOST,
2026-07-18T15:00:00+00:00,1 Lyga,Minija,Jonava,Team Total Goals,Under 2.5,1.54,0.8593,,WON,
2026-07-18T15:00:00+00:00,Coppa,Lida,Torpedo Zhodino,Over/Under Goals,Under 3.5,1.62,0.8132,,LOST,
2026-07-18T15:00:00+00:00,Friendlies Clubs,Rot-weiss Oberhausen,Borussia Dortmund,Asian Handicap,Home +0.25,6.75,0.6999,,LOST,
2026-07-18T15:00:00+00:00,Friendlies Clubs,Táborsko,WSPG Wels,Over/Under Goals,Under 3.5,1.59,0.6744,,WON,
2026-07-18T15:30:00+00:00,Friendlies Clubs,Chrobry Głogów,Ślęza Wrocław,Over/Under Goals,Over 2.5,1.65,0.7588,,WON,
2026-07-18T15:30:00+00:00,Friendlies Clubs,Konyaspor,Zalaegerszegi TE,Over/Under Goals,Under 3.5,1.64,0.4958,,LOST,
2026-07-18T15:30:00+00:00,Friendlies Clubs,TSV Hartberg,Voitsberg,Team Total Goals,Under 2.5,2.01,0.9503,,WON,
2026-07-18T15:30:00+00:00,Liga I,Oţelul,CFR 1907 Cluj,Asian Handicap,Home +0,2.1,0.6499,,WON,
2026-07-18T16:00:00+00:00,1. Deild,Throttur Reykjavik,Völsungur,Team Total Goals,Over 0.5,1.61,0.8331,,LOST,
2026-07-18T16:00:00+00:00,1. Liga,Skanste,Valmiera / BSS,Over/Under Goals,Under 3.5,1.85,0.6543,,WON,
2026-07-18T16:00:00+00:00,1. SNL,Radomlje,Brinje-Grosuplje,Asian Handicap,Home +0,2.25,0.8495,,LOST,
2026-07-18T16:00:00+00:00,Eliteserien,Molde,Brann,Asian Handicap,Home +0,1.57,0.6250,,LOST,
2026-07-18T16:00:00+00:00,Esiliiga B,Legion,JK Tabasalu,Asian Handicap,Home +1.25,2.28,0.7777,,WON,
2026-07-18T16:00:00+00:00,FAI Cup,Baldoyle United,Longford Town,Team Total Goals,Under 2.5,2.3,0.8336,,LOST,
2026-07-18T16:00:00+00:00,First League,Septemvri Sofia,Arda Kardzhali,Asian Handicap,Home +0.25,2.05,0.6961,,WON,
2026-07-18T16:00:00+00:00,Friendlies Clubs,Real Sociedad,Racing Santander,Over/Under Goals,Under 3.5,1.55,0.2552,,WON,
2026-07-18T16:00:00+00:00,League Cup,Aberdeen,Queen's Park,Team Total Goals,Under 2.5,1.57,0.9841,,WON,
2026-07-18T16:00:00+00:00,NWSL Women,NJ/NY Gotham FC W,Seattle Reign FC W,Team Total Goals,Over 0.5,1.73,0.8184,,WON,
2026-07-18T16:00:00+00:00,Virsliga,Riga,Tukums,Over/Under Goals,Under 3.5,1.72,0.6782,,LOST,
2026-07-18T16:00:00+00:00,Úrvalsdeild,Thor Akureyri,Vikingur Reykjavik,Over/Under Goals,Under 3.5,2.38,0.4484,,WON,
2026-07-18T17:00:00+00:00,2. Deild,Kormákur / Hvöt,Dalvík / Reynir,Over/Under Goals,Under 3.5,1.63,0.5287,,LOST,
2026-07-18T17:00:00+00:00,Segunda División,Rentistas,Cerrito,Asian Handicap,Home +0.25,1.75,0.6835,,WON,
2026-07-18T18:00:00+00:00,Cearense U20,Ceará U20,Quixadá U20,Team Total Goals,Under 2.5,1.94,0.9647,,LOST,
2026-07-18T18:00:00+00:00,Division Intermedia,Benjamín Aceval,Resistencia,Over/Under Goals,Over 2.5,2.05,0.7838,,LOST,
2026-07-18T18:00:00+00:00,Friendlies Clubs,Olot,Espanyol,Team Total Goals,Under 2.5,2.0,0.8482,,LOST,
2026-07-18T18:00:00+00:00,Paulista - U20,São Bento U20,Mirassol U20,Asian Handicap,Home +0.25,1.78,0.7103,,WON,
2026-07-18T18:00:00+00:00,Primera B Metropolitana,Real Pilar,Dock Sud,Asian Handicap,Home +0.25,1.55,0.7158,,LOST,
2026-07-18T18:00:00+00:00,Primera C,Mercedes,El Porvenir,Asian Handicap,Home +0,1.73,0.8088,,WON,
2026-07-18T18:00:00+00:00,Super Liga,Zemun,FK Partizan,Asian Handicap,Home +0.25,3.55,0.7196,,WON,
2026-07-18T18:15:00+00:00,1. SNL,Olimpija Ljubljana,Bravo,Asian Handicap,Home +0.25,1.5,0.6824,,LOST,
2026-07-18T18:15:00+00:00,Primera Division,ADT,Universitario,Asian Handicap,Home +0.25,1.78,0.8338,,LOST,
2026-07-18T19:00:00+00:00,Copa Paulista,Comercial,Noroeste,Asian Handicap,Home +0.25,2.38,0.6910,,WON,
2026-07-18T19:00:00+00:00,Liga Pro,Deportivo Cuenca,Universidad Catolica,Asian Handicap,Home +0.25,1.6,0.7678,,LOST,
2026-07-18T19:00:00+00:00,Serie B,Sport Recife,Operario-PR,Team Total Goals,Over 0.5,1.55,0.9194,,WON,
2026-07-18T19:00:00+00:00,Serie D,Cianorte,ASA,Asian Handicap,Home +0,1.62,0.6096,,LOST,
2026-07-18T19:15:00+00:00,Úrvalsdeild,Valur Reykjavik,Fram Reykjavik,Over/Under Goals,Under 3.5,2.05,0.7898,,LOST,
2026-07-18T22:00:00+00:00,Copa Paulista,Bandeirante SP,Linense,Asian Handicap,Home +0.25,1.7,0.7423,,WON,
2026-07-18T22:00:00+00:00,Serie D,Luverdense,ABC,Asian Handicap,Home +0,2.14,0.5804,,WON,
2026-07-18T23:00:00+00:00,USL Championship,Loudoun United,Tampa Bay Rowdies,Over/Under Goals,Under 3.5,1.5,0.7368,,WON,
2026-07-18T23:00:00+00:00,USL League One,Richmond Kickers,Spokane Velocity,Asian Handicap,Home +0.25,2.38,0.6870,,LOST,
2026-07-18T23:00:00+00:00,USL League One,Union Omaha,Westchester SC,Over/Under Goals,Under 3.5,1.62,0.6919,,LOST,
2026-07-18T23:30:00+00:00,USL League One,One Knoxville,Alta,Team Total Goals,Over 1.5,1.57,0.7036,,WON,
2026-07-19T00:00:00+00:00,Primera Division,Managua,Rancho Santana,Team Total Goals,Under 2.5,1.53,0.8402,,WON,
2026-07-19T01:05:00+00:00,Liga MX,Monterrey,Santos Laguna,Over/Under Goals,Under 3.5,1.7,0.7057,,LOST,
2026-07-19T02:00:00+00:00,MLS Next Pro,The Town,North Texas,Over/Under Goals,Under 3.5,1.7,0.5540,,WON,
2026-07-19T02:30:00+00:00,USL Championship,Phoenix Rising,Monterey Bay,Team Total Goals,Over 0.5,1.5,0.8332,,WON,
2026-07-19T03:10:00+00:00,Liga MX,Club Queretaro,Club America,BTTS,Yes,1.73,0.8204,,LOST,
2026-07-19T04:00:00+00:00,Victoria NPL 2,Western United II,Bulleen Lions,Asian Handicap,Home +0.25,1.89,0.6074,,LOST,
2026-07-19T04:30:00+00:00,Tasmania NPL,Ulverstone,Glenorchy Knights,Asian Handicap,Home +0.25,4.05,0.7421,,LOST,
2026-07-19T05:00:00+00:00,New South Wales NPL 2,Central Coast II,Northern Tigers,Over/Under Goals,Under 3.5,1.69,0.8820,,WON,
2026-07-19T06:00:00+00:00,Queensland NPL,Olympic,Brisbane Roar II,Team Total Goals,Under 2.5,1.57,0.7911,,LOST,
2026-07-19T06:00:00+00:00,Queensland Premier League,Capalaba,Holland Park Hawks,Over/Under Goals,Under 3.5,1.95,0.7956,,WON,
2026-07-19T08:00:00+00:00,Second League A - Fall Season Gold,Dinamo Vladivostok,Novosibirsk,Asian Handicap,Home +0.25,1.72,0.9955,,LOST,
2026-07-19T08:30:00+00:00,South Australia NPL,FK Beograd,Adelaide United II,Over/Under Goals,Under 3.5,1.73,0.9576,,WON,
2026-07-19T10:30:00+00:00,K League 2,Cheongju,Cheonan City,Over/Under Goals,Over 2.5,1.93,0.8365,,LOST,
2026-07-19T10:30:00+00:00,K-League Classic,FC Anyang,Gwangju FC,Team Total Goals,Over 1.5,1.85,0.7717,,LOST,
2026-07-19T11:00:00+00:00,Friendlies Clubs,Naestved,FC Helsingor,Over/Under Goals,Under 3.5,1.51,0.7709,,LOST,
2026-07-19T11:00:00+00:00,Superettan,IFK Norrkoping,Sandviken,Over/Under Goals,Under 3.5,1.67,0.8214,,WON,
2026-07-19T12:00:00+00:00,Coppa,Shakhter Soligorsk,Neman,Asian Handicap,Home +0.25,4.3,0.7951,,WON,
2026-07-19T12:00:00+00:00,Friendlies Clubs,Erzgebirge Aue,FC Schalke 04,Asian Handicap,Home +0.25,6.25,0.7746,,LOST,
2026-07-19T13:00:00+00:00,Copa Paulista,EC São Bernardo,Santo André,Asian Handicap,Home +0.25,1.58,0.7162,,WON,
2026-07-19T13:00:00+00:00,Division Intermedia,Atlético Tembetary,SOL DE America,Asian Handicap,Home +0.25,1.62,0.7488,,WON,
2026-07-19T13:00:00+00:00,First League,KAMAZ,Nizhny Novgorod,Asian Handicap,Home +0.25,1.86,0.6168,,LOST,
2026-07-19T13:00:00+00:00,Mineiro U20,Atlético Mineiro U20,Cruzeiro U20,Asian Handicap,Home +0.25,1.58,0.7645,,WON,
2026-07-19T13:00:00+00:00,Paulista - U20,Flamengo SP U20,Palmeiras U20,Over/Under Goals,Under 3.5,1.65,0.7017,,WON,
2026-07-19T14:00:00+00:00,1. Liga,Smiltene,Rēzekne FA,Over/Under Goals,Under 3.5,1.75,0.7187,,WON,
2026-07-19T14:00:00+00:00,First League,Shinnik Yaroslavl,Leningradets,Team Total Goals,Over 1.5,2.19,0.7132,,WON,
2026-07-19T14:00:00+00:00,First League,Veles,Chelyabinsk,Asian Handicap,Home +0.25,1.55,0.7773,,WON,
2026-07-19T14:00:00+00:00,Friendlies Clubs,Cracovia Krakow,Sevilla,Asian Handicap,Home +0.25,2.6,0.6922,,WON,
2026-07-19T14:00:00+00:00,Friendlies Clubs,HNK Gorica,FC St. Pauli,Over/Under Goals,Over 2.5,1.62,0.8651,,WON,
2026-07-19T14:00:00+00:00,Friendlies Clubs,Sporting Hasselt,Antwerp,Asian Handicap,Home +0.25,3.3,0.7697,,LOST,
2026-07-19T14:00:00+00:00,Virsliga,Ogre United,BFC Daugavpils,Over/Under Goals,Under 3.5,1.52,0.5530,,LOST,
2026-07-19T14:00:00+00:00,Úrvalsdeild,IBV Vestmannaeyjar,KA Akureyri,Asian Handicap,Home +0.25,1.54,0.7176,,WON,
2026-07-19T14:30:00+00:00,Allsvenskan,Halmstad,BK Hacken,Over/Under Goals,Under 3.5,1.62,0.7005,,WON,
2026-07-19T14:30:00+00:00,Allsvenskan,Hammarby FF,Degerfors IF,Over/Under Goals,Under 3.5,1.62,0.8190,,LOST,
2026-07-19T15:00:00+00:00,1 Lyga,Kauno Žalgiris II,Babrungas,Over/Under Goals,Under 3.5,1.57,0.9978,,WON,
2026-07-19T15:00:00+00:00,Coppa,NFK Minsk,Dinamo Brest,Team Total Goals,Under 2.5,2.9,0.7047,,LOST,
2026-07-19T15:00:00+00:00,FAI Cup,Derry City,Tolka Rovers,Over/Under Goals,Under 3.5,1.93,0.8283,,WON,
2026-07-19T15:00:00+00:00,Friendlies Clubs,FC Krasnodar,Baltika,Over/Under Goals,Over 2.5,2.03,0.7366,,LOST,
2026-07-19T15:00:00+00:00,Friendlies Clubs,Genoa,Trento,Team Total Goals,Under 2.5,1.82,0.8915,,WON,
2026-07-19T15:00:00+00:00,Primera División,Gualberto Villarroel SJ,The Strongest,Over/Under Goals,Under 3.5,1.7,0.9981,,WON,
2026-07-19T15:45:00+00:00,Segunda División,Academia Cantolao,Deportiva Agropecuaria,Asian Handicap,Home +0.25,1.75,0.9748,,WON,
2026-07-19T16:00:00+00:00,1. SNL,Aluminij,Maribor,Over/Under Goals,Under 3.5,1.53,0.8493,,WON,
2026-07-19T16:00:00+00:00,Kakkonen - Lohko C,VPS II,SJK-juniorit,Over/Under Goals,Under 3.5,2.9,0.4650,,LOST,
2026-07-19T16:30:00+00:00,First League,Botev Vratsa,Cherno More Varna,Asian Handicap,Home +0,1.9,0.5809,,WON,
2026-07-19T17:00:00+00:00,Super Liga,Petrocub,Sheriff Tiraspol,Asian Handicap,Home +0.25,1.5,0.7505,,LOST,
2026-07-19T19:00:00+00:00,World Cup,Spain,Argentina,Over/Under Goals,Over 2.5,2.25,0.7966,,LOST,
2026-07-19T21:45:00+00:00,Liga Pro,Guayaquil City FC,Manta FC,Asian Handicap,Home +0,1.5,0.5884,,WON,
2026-07-19T22:00:00+00:00,MLS Next Pro,Connecticut FC,New York RB II,Asian Handicap,Home +0,1.52,0.5954,,WON,
2026-07-20T00:00:00+00:00,MLS Next Pro,Sporting KC II,Minnesota United II,Asian Handicap,Home +0.25,2.35,0.6137,1-0,WON,
2026-07-20T00:30:00+00:00,Primera División,Blooming,Real Tomayapo,Team Total Goals,Under 2.5,1.73,0.9819,1-0,WON,
2026-07-20T01:30:00+00:00,MLS Next Pro,Real Monarchs,Tacoma Defiance,Asian Handicap,Home +0,1.5,0.5730,2-4,LOST,
2026-07-20T15:00:00+00:00,1 Lyga,Transinvest 2,Neptūną Klaipėda,Team Total Goals,Under 2.5,1.58,0.9522,2-2,WON,
2026-07-20T15:00:00+00:00,Veikkausliiga,Turku PS,Ilves,Asian Handicap,Home +0.25,1.65,0.7226,1-3,LOST,
2026-07-20T15:00:00+00:00,Virsliga,FS Jelgava,Rīgas FS,Over/Under Goals,Under 3.5,1.58,0.7078,0-1,WON,
2026-07-20T16:15:00+00:00,First League,Slavia Sofia,CSKA Sofia,Asian Handicap,Home +0.25,3.55,0.7722,0-0,WON,
2026-07-20T17:00:00+00:00,Allsvenskan,Orgryte IS,Djurgardens IF,BTTS,Yes,1.62,0.8901,0-0,LOST,
2026-07-20T18:00:00+00:00,Copa Paulista,São Caetano,São José EC,Asian Handicap,Home +0.25,3.1,0.6466,1-2,LOST,
2026-07-20T19:00:00+00:00,Primera División,San Antonio Bulo Bulo,ABB,Team Total Goals,Under 2.5,1.65,0.9509,2-1,WON,
2026-07-20T19:15:00+00:00,Friendlies Clubs,Sporting CP,Strasbourg,Over/Under Goals,Under 3.5,1.57,0.6555,7-0,LOST,
2026-07-20T19:15:00+00:00,Úrvalsdeild,Keflavik,IA Akranes,Asian Handicap,Home +0.25,1.53,0.6553,5-2,WON,
2026-07-20T20:00:00+00:00,Division Intermedia,Tacuary,Deportivo Capiata,Asian Handicap,Home +0.25,1.8,0.6884,0-0,WON,
2026-07-20T23:00:00+00:00,Primera División,Nacional Potosí,Real Oruro,Team Total Goals,Under 2.5,1.8,0.8675,1-4,WON,
2026-07-21T09:30:00+00:00,Calcutta Premier Division,Coal India,Aryan,Over/Under Goals,Under 3.5,1.5,0.9630,1-0,WON,2026-07-21T00:33:12.058Z
2026-07-21T10:30:00+00:00,K-League Classic,Jeju United FC,Gangwon FC,Double Chance,Home/Draw,1.62,0.7965,1-1,WON,
2026-07-21T11:35:00+00:00,FA Cup,Shanghai Shenhua,Qingdao Jonoon,Team Total Goals,Under 2.5,1.77,0.7762,4-1,LOST,
2026-07-21T12:00:00+00:00,Friendlies Clubs,QPR,Wycombe,Over/Under Goals,Under 3.5,1.55,0.6641,1-0,WON,2026-07-21T11:00:00.805Z
2026-07-21T15:00:00+00:00,Super League,Sogdiana,Neftchi,Double Chance,Home/Draw,2.45,0.7356,1-5,LOST,
2026-07-21T16:00:00+00:00,UEFA Champions League,Mjallby AIF,Lincoln Red Imps FC,Team Total Goals,Under 2.5,1.89,0.8438,3-0,LOST,
2026-07-21T16:00:00+00:00,UEFA Champions League,Saburtalo,Slovan Bratislava,Double Chance,Home/Draw,1.8,0.7788,0-2,LOST,
2026-07-21T17:00:00+00:00,UEFA Champions League,Aarhus,Lech Poznan,BTTS,Yes,1.95,0.8167,1-4,WON,
2026-07-21T17:00:00+00:00,UEFA Europa Conference League,IFK Goteborg,FC Levadia Tallinn,Asian Handicap,Away -1.25,1.9,0.5827,1-2,LOST,
2026-07-21T18:00:00+00:00,Friendlies Clubs,Forest Green,Bristol Rovers,Over/Under Goals,Over 2.5,1.73,0.8060,2-2,WON,
2026-07-21T18:00:00+00:00,UEFA Champions League,FC Thun,Dinamo Zagreb,Asian Handicap,Home +0,2.75,0.5948,1-1,WON,
2026-07-21T18:30:00+00:00,Friendlies Clubs,AFC Telford United,Crewe,Over/Under Goals,Under 3.5,1.58,0.6884,0-3,WON,
2026-07-21T18:30:00+00:00,Friendlies Clubs,Briton Ferry,Merthyr Town,Over/Under Goals,Under 3.5,1.77,0.5257,3-0,WON,2026-07-21T17:30:06.277Z
2026-07-21T18:30:00+00:00,Friendlies Clubs,Lancaster City,Preston North End U21,Asian Handicap,Home +0,2.3,0.6533,2-2,WON,
2026-07-21T18:30:00+00:00,Friendlies Clubs,Torquay,Plymouth,Over/Under Goals,Over 2.5,1.57,0.7763,0-1,LOST,
2026-07-21T18:30:00+00:00,Friendlies Clubs,Worthing,Queens Park Rangers U21,Over/Under Goals,Under 3.5,1.65,0.2422,1-0,WON,2026-07-21T17:30:06.371Z
2026-07-21T18:45:00+00:00,Friendlies Clubs,Chertsey Town,Wealdstone,Double Chance,Home/Draw,2.0,0.7867,2-0,WON,
2026-07-21T18:45:00+00:00,Friendlies Clubs,Chorley,Altrincham,Over/Under Goals,Under 3.5,1.55,0.6998,0-0,WON,
2026-07-21T18:45:00+00:00,Friendlies Clubs,Gainsborough Trinity,FC Halifax Town,Over/Under Goals,Under 3.5,1.69,0.4705,2-3,LOST,
2026-07-21T18:45:00+00:00,Friendlies Clubs,Taunton Town,Weston-super-Mare,Double Chance,Home/Draw,2.4,0.8548,0-4,LOST,
2026-07-21T18:45:00+00:00,League Cup,Alloa Athletic,Falkirk,Over/Under Goals,Under 3.5,1.62,0.7524,1-1,WON,
2026-07-21T18:45:00+00:00,League Cup,Dundee Utd,Spartans,Over/Under Goals,Under 3.5,1.93,0.8016,4-0,LOST,
2026-07-21T18:45:00+00:00,League Cup,Kelty Hearts,Brora Rangers,Team Total Goals,Under 2.5,1.75,0.8011,3-2,LOST,
2026-07-21T18:45:00+00:00,League Cup,Kilmarnock,Hamilton Academical,Over/Under Goals,Under 3.5,1.8,0.8157,1-0,WON,
2026-07-21T18:45:00+00:00,League Cup,Livingston,Forfar Athletic,Over/Under Goals,Under 3.5,2.15,0.5703,8-0,LOST,
2026-07-21T18:45:00+00:00,League Cup,Ross County,Dundee,Over/Under Goals,Over 2.5,1.55,0.8324,1-1,LOST,
2026-07-21T19:00:00+00:00,UEFA Champions League,Larne,FK Crvena Zvezda,Asian Handicap,Home +0,8.0,0.8058,0-4,LOST,
2026-07-21T22:30:00+00:00,Serie B,Novorizontino,Criciuma,Asian Handicap,Home +0,1.55,0.7266,0-1,LOST,
2026-07-21T23:00:00+00:00,Primera División,Independiente Petrolero,Real Potosí,Over/Under Goals,Under 3.5,1.53,0.9967,1-2,WON,
2026-07-22T00:00:00+00:00,Copa Colombia,Deportivo Pasto,Bogota FC,Team Total Goals,Under 2.5,1.57,0.8999,0-1,WON,
2026-07-22T00:30:00+00:00,CONMEBOL Sudamericana,UCV,Santos,Over/Under Goals,Over 2.5,2.1,0.7929,1-4,WON,
2026-07-22T01:00:00+00:00,Liga MX,Cruz Azul,Puebla,Over/Under Goals,Under 3.5,1.5,0.6187,2-1,WON,
2026-07-22T03:05:00+00:00,Liga MX,Toluca,U.N.A.M. - Pumas,Over/Under Goals,Under 3.5,1.5,0.9825,1-2,WON,
2026-07-22T09:00:00+00:00,Northern NSW NPL,Hamilton Olympic,Belmont Swansea,Asian Handicap,Home +0,2.03,0.6957,5-2,WON,
2026-07-22T09:30:00+00:00,Australia Cup,Sydney United,Central Coast Mariners,Over/Under Goals,Under 3.5,1.67,0.8355,1-1,WON,
2026-07-22T10:00:00+00:00,Friendlies Clubs,Nottingham Forest,Blackburn,Team Total Goals,Under 2.5,1.75,0.8623,3-0,LOST,
2026-07-22T10:30:00+00:00,Friendlies Clubs,Santa Clara,Moreirense,Asian Handicap,Home +0.5,2.72,0.8683,2-1,WON,
2026-07-22T12:00:00+00:00,Friendlies Clubs,Dunkerque,Samsunspor,Over/Under Goals,Over 2.5,1.95,0.8053,2-1,WON,
2026-07-22T14:00:00+00:00,Friendlies Clubs,Bologna,1. FC Heidenheim,Asian Handicap,Away -1.25,1.52,0.4020,1-1,LOST,
2026-07-22T15:30:00+00:00,Friendlies Clubs,Torino,Alcione,Over/Under Goals,Under 3.5,3.2,0.6894,1-0,WON,
2026-07-22T15:30:00+00:00,Friendlies Clubs,Werder Bremen,Fagiano Okayama,Team Total Goals,Under 2.5,1.65,0.7923,2-0,WON,
2026-07-22T16:00:00+00:00,Cup,Trans Narva,Flora II,Over/Under Goals,Under 3.5,1.65,0.4811,0-0,WON,
2026-07-22T16:00:00+00:00,Friendlies Clubs,Liège,St. Truiden,Over/Under Goals,Under 3.5,1.68,0.4264,0-1,WON,
2026-07-22T16:00:00+00:00,Friendlies Clubs,MSV Duisburg,Beerschot VA,Over/Under Goals,Under 3.5,1.93,0.6830,2-4,LOST,
2026-07-22T16:00:00+00:00,Friendlies Clubs,Stade Brestois 29,Al Wakrah,Over/Under Goals,Under 3.5,1.5,0.5051,0-2,WON,
2026-07-22T16:30:00+00:00,Friendlies Clubs,Brønshøj,Avarta,Over/Under Goals,Under 3.5,1.65,0.7813,1-0,WON,2026-07-22T15:30:01.053Z
2026-07-22T17:00:00+00:00,Eliteserien,Lillestrom,Viking,Double Chance,Home/Draw,1.67,0.6868,1-2,LOST,
2026-07-22T17:00:00+00:00,Friendlies Clubs,F91 Dudelange,Mamer,Over/Under Goals,Under 3.5,2.0,0.3472,2-0,WON,2026-07-22T16:00:03.757Z
2026-07-22T17:00:00+00:00,Friendlies Clubs,Heist,Patro Eisden,Over/Under Goals,Under 3.5,1.6,0.6449,0-0,WON,2026-07-22T16:00:03.833Z
2026-07-22T17:00:00+00:00,UEFA Champions League,Omonia Nicosia,Kairat Almaty,Team Total Goals,Over 0.5,1.6,0.9202,1-0,LOST,
2026-07-22T17:30:00+00:00,Friendlies Clubs,Sestao River,Athletic Club,Over/Under Goals,Under 3.5,1.8,0.7652,0-2,WON,2026-07-22T16:30:00.704Z
2026-07-22T17:45:00+00:00,Copa Rio,Portuguesa RJ,Americano Campos,Team Total Goals,Over 0.5,1.81,0.7610,1-0,LOST,
2026-07-22T17:45:00+00:00,UEFA Europa Conference League,Başakşehir,Inter Turku,Over/Under Goals,Under 3.5,1.55,0.7597,1-1,WON,
2026-07-22T18:00:00+00:00,Catarinense - 2,Blumenau,Nação,Over/Under Goals,Under 3.5,1.5,0.6166,0-2,WON,
2026-07-22T18:00:00+00:00,Reserve League,Tigre Res.,Rosario Central Res.,Double Chance,Home/Draw,1.7,0.8095,1-3,LOST,
2026-07-22T18:30:00+00:00,Friendlies Clubs,Southend,Northampton,Double Chance,Home/Draw,3.4,0.6763,1-3,LOST,
2026-07-22T19:00:00+00:00,Liga Pro,Macara,Deportivo Cuenca,Asian Handicap,Home +0,1.57,0.6145,3-0,WON,
2026-07-22T19:00:00+00:00,UEFA Champions League,Egnatia Rrogozhinë,Celje,Over/Under Goals,Over 2.5,2.0,0.8173,3-3,WON,
2026-07-22T19:00:00+00:00,UEFA Europa Conference League,Železničar Pančevo,SC Braga,Team Total Goals,Under 2.5,1.53,0.8090,0-1,WON,
2026-07-22T20:00:00+00:00,Reserve League,Central Córdoba SdE Res.,Platense Res.,Asian Handicap,Home +0,1.82,0.6579,0-0,WON,
2026-07-22T21:30:00+00:00,Liga Pro,Independiente del Valle,Tecnico Universitario,Over/Under Goals,Under 3.5,1.5,0.4584,3-0,WON,
2026-07-22T23:00:00+00:00,USL Championship,Lexington,Oakland Roots,BTTS,Yes,1.62,0.8131,2-0,LOST,
2026-07-22T23:00:00+00:00,USL League One,Portland Hearts of Pine,Union Omaha,Double Chance,Home/Draw,1.5,0.6310,1-2,LOST,
2026-07-22T23:00:00+00:00,USL League One,Westchester SC,NY Cosmos,Over/Under Goals,Under 3.5,1.55,0.7765,3-0,WON,
2026-07-22T23:30:00+00:00,Major League Soccer,FC Cincinnati,Vancouver Whitecaps,Double Chance,Home/Draw,1.91,0.6777,4-3,WON,
2026-07-22T23:30:00+00:00,Major League Soccer,Inter Miami,Chicago Fire,Double Chance,Home/Draw,1.53,0.8185,3-2,WON,2026-07-22T22:30:00.338Z
2026-07-22T23:30:00+00:00,Major League Soccer,Philadelphia Union,New York Red Bulls,Over/Under Goals,Under 3.5,1.65,0.4876,3-1,LOST,
2026-07-23T00:30:00+00:00,CONMEBOL Sudamericana,Sporting Cristal,RB Bragantino,Double Chance,Home/Draw,1.67,0.6531,0-0,WON,
2026-07-23T00:30:00+00:00,Copa Colombia,Junior,Barranquilla,Over/Under Goals,Under 3.5,1.53,0.7240,2-2,LOST,
2026-07-23T00:30:00+00:00,Major League Soccer,Nashville SC,CF Montreal,Over/Under Goals,Under 3.5,1.53,0.7594,1-0,WON,
2026-07-23T00:30:00+00:00,Major League Soccer,Sporting Kansas City,Minnesota United FC,Double Chance,Home/Draw,1.85,0.7445,2-1,WON,
2026-07-23T00:30:00+00:00,Serie B,Nautico Recife,Londrina,Team Total Goals,Over 0.5,1.57,0.8081,2-1,WON,
2026-07-23T01:30:00+00:00,Major League Soccer,Austin,Seattle Sounders,Double Chance,Home/Draw,1.75,0.8104,3-1,WON,
2026-07-23T01:30:00+00:00,Major League Soccer,Colorado Rapids,San Diego,Over/Under Goals,Under 3.5,1.7,0.5388,1-0,WON,
2026-07-23T02:30:00+00:00,Major League Soccer,Los Angeles Galaxy,St. Louis City,Over/Under Goals,Under 3.5,1.57,0.8559,1-3,LOST,
2026-07-23T02:30:00+00:00,Major League Soccer,Portland Timbers,FC Dallas,Asian Handicap,Home +0,1.75,0.6383,2-2,WON,
2026-07-23T13:00:00+00:00,1. Division,Jaiyq,Khan Tengri,Asian Handicap,Home +0,1.58,0.6520,2-0,WON,
2026-07-23T14:30:00+00:00,Pro League A,Gazalkent,Metalourg,Asian Handicap,Home +0,3.2,0.6453,3-2,WON,
2026-07-23T14:30:00+00:00,UEFA Europa Conference League,Malisheva,Hibernian,Double Chance,Home/Draw,2.2,0.7528,2-0,WON,
2026-07-23T15:00:00+00:00,MLS Next Pro,New England II,New York City II,Asian Handicap,Away -1.25,1.6,0.4906,3-0,LOST,
2026-07-23T15:00:00+00:00,UEFA Europa Conference League,Alashkert,CFR 1907 Cluj,Asian Handicap,Home +0,2.6,0.7049,1-1,WON,
2026-07-23T15:00:00+00:00,UEFA Europa Conference League,FK Liepaja,Austria Vienna,Double Chance,Home/Draw,2.9,0.7509,0-2,LOST,
2026-07-23T15:30:00+00:00,Friendlies Clubs,Venezia,Vis Pesaro,Over/Under Goals,Under 3.5,1.7,0.6872,8-0,LOST,
2026-07-23T15:30:00+00:00,Kakkonen - Lohko C,TP-47,JS Hercules,Over/Under Goals,Under 3.5,2.35,0.7558,0-1,WON,2026-07-21T00:33:14.418Z
2026-07-23T16:00:00+00:00,Friendlies Clubs,HNK Gorica,Shakhtar Donetsk,Over/Under Goals,Under 3.5,1.5,0.7821,0-2,WON,
2026-07-23T16:00:00+00:00,UEFA Europa Conference League,Debreceni VSC,Pyunik Yerevan,Team Total Goals,Over 0.5,1.57,0.8278,1-0,LOST,
2026-07-23T16:00:00+00:00,UEFA Europa Conference League,Dila,Apollon Limassol,Double Chance,Home/Draw,1.7,0.7363,0-4,LOST,
2026-07-23T16:00:00+00:00,UEFA Europa Conference League,HJK Helsinki,Coleraine FC,Asian Handicap,Away -1.25,2.1,0.7392,5-0,LOST,
2026-07-23T16:00:00+00:00,UEFA Europa Conference League,Paide,Zira,Double Chance,Home/Draw,2.75,0.7409,1-0,WON,
2026-07-23T16:30:00+00:00,Friendlies Clubs,Francs Borains,Tubize,BTTS,Yes,1.64,0.8206,3-0,LOST,2026-07-21T00:33:14.581Z
2026-07-23T16:30:00+00:00,UEFA Europa Conference League,Raków Częstochowa,Valletta FC,Team Total Goals,Under 2.5,2.0,0.9091,3-1,LOST,
2026-07-23T17:00:00+00:00,UEFA Europa Conference League,Bate Borisov,FC Sion,Team Total Goals,Under 2.5,1.67,0.8669,1-1,WON,
2026-07-23T17:00:00+00:00,UEFA Europa Conference League,Dinamo Tbilisi,FK Zalgiris Vilnius,Team Total Goals,Over 0.5,1.5,0.8745,3-0,LOST,
2026-07-23T17:00:00+00:00,UEFA Europa Conference League,FC Santa Coloma,Rapid Vienna,Double Chance,Home/Draw,4.0,0.6884,1-3,LOST,
2026-07-23T17:00:00+00:00,UEFA Europa Conference League,Gais,FC Nordsjaelland,Asian Handicap,Home +0,2.1,0.5622,1-0,WON,
2026-07-23T17:00:00+00:00,UEFA Europa League,Sheriff Tiraspol,Maccabi Tel Aviv,Double Chance,Home/Draw,1.7,0.6863,0-5,LOST,
2026-07-23T17:45:00+00:00,UEFA Europa Conference League,FCSB,Auda,Team Total Goals,Under 2.5,1.62,0.8705,2-3,WON,
2026-07-23T18:00:00+00:00,Reserve League,Independiente Riva. Res.,Independiente Res.,Double Chance,Home/Draw,1.55,0.7245,1-2,LOST,2026-07-22T00:35:59.492Z
2026-07-23T18:00:00+00:00,UEFA Europa Conference League,NK Varazdin,FK Jablonec,Double Chance,Home/Draw,1.57,0.7394,3-2,WON,
2026-07-23T18:00:00+00:00,UEFA Europa Conference League,Paks,Panathinaikos,Double Chance,Home/Draw,2.45,0.6654,1-2,LOST,
2026-07-23T18:00:00+00:00,UEFA Europa League,FC ST. Gallen,Benfica,Double Chance,Home/Draw,2.55,0.6408,2-1,WON,
2026-07-23T18:30:00+00:00,UEFA Europa Conference League,Borac Banja Luka,Petrocub,Team Total Goals,Under 2.5,1.5,0.9308,3-0,LOST,
2026-07-23T18:30:00+00:00,UEFA Europa Conference League,FC Lugano,Dukagjini,Over/Under Goals,Under 3.5,1.5,0.8334,1-0,WON,
2026-07-23T18:30:00+00:00,UEFA Europa Conference League,LNZ Cherkasy,Gent,Double Chance,Home/Draw,1.67,0.7374,0-0,WON,
2026-07-23T18:30:00+00:00,UEFA Europa Conference League,Žilina,GKS Katowice,Double Chance,Home/Draw,1.53,0.8218,2-1,WON,
2026-07-23T18:45:00+00:00,UEFA Europa Conference League,HNK Rijeka,Derry City,Team Total Goals,Under 2.5,1.85,0.8028,1-0,WON,
2026-07-23T18:45:00+00:00,UEFA Europa Conference League,Shelbourne,Kalju Nomme,Team Total Goals,Over 0.5,2.05,0.8576,5-2,WON,
2026-07-23T19:00:00+00:00,UEFA Europa Conference League,FK Partizan,UNA Strassen,Team Total Goals,Under 2.5,1.75,0.9187,4-0,LOST,
2026-07-23T19:00:00+00:00,UEFA Europa Conference League,Stjarnan,Ilves,Double Chance,Home/Draw,1.62,0.7617,1-0,WON,
2026-07-23T19:15:00+00:00,1. Deild,Leiknir R.,Throttur Reykjavik,Double Chance,Home/Draw,2.08,0.7491,1-5,LOST,
2026-07-23T19:15:00+00:00,UEFA Europa Conference League,Valur Reykjavik,Zrinjski,Double Chance,Home/Draw,1.5,0.6349,1-0,WON,
2026-07-24T00:30:00+00:00,CONMEBOL Sudamericana,Boca Juniors,O'Higgins,Team Total Goals,Over 0.5,2.15,0.7791,1-0,LOST,
2026-07-24T00:45:00+00:00,Primera Division,Defensa Y Justicia,Aldosivi,Over/Under Goals,Over 1.5,1.57,0.8213,1-1,WON,
2026-07-24T09:00:00+00:00,Friendlies Clubs,Preston,Cambridge United,Over/Under Goals,Under 3.5,1.7,0.4563,0-1,WON,
2026-07-24T09:30:00+00:00,Victoria NPL,Green Gully,Dandenong City,Double Chance,Home/Draw,1.75,0.6815,0-0,WON,
2026-07-24T09:30:00+00:00,Victoria NPL,Heidelberg United,Sunshine Georgies,Team Total Goals,Under 2.5,1.5,0.9039,0-0,WON,
2026-07-24T09:30:00+00:00,Victoria NPL,St. Albans Saints,Hume City,Over/Under Goals,Under 3.5,1.53,0.7596,3-2,LOST,
2026-07-24T10:00:00+00:00,South Australia State League 1,Adelaide Olympic,South Adelaide Panthers,Over/Under Goals,Under 3.5,1.87,0.6083,5-1,LOST,2026-07-22T00:35:59.962Z
2026-07-24T10:15:00+00:00,South Australia State League 1,Eastern United,Salisbury United,Over/Under Goals,Under 3.5,1.62,0.7754,0-3,WON,2026-07-22T00:35:59.993Z
2026-07-24T10:15:00+00:00,Victoria NPL,Oakleigh Cannons,South Melbourne,Over/Under Goals,Under 3.5,1.53,0.8191,1-2,WON,
2026-07-24T10:30:00+00:00,Victoria NPL,Preston Lions,Bentleigh Greens,Over/Under Goals,Under 3.5,1.5,0.7268,1-0,WON,
2026-07-24T11:00:00+00:00,Friendlies Clubs,Swansea,Udinese,Double Chance,Home/Draw,1.95,0.7013,2-0,WON,2026-07-21T00:33:15.142Z
2026-07-24T12:00:00+00:00,Friendlies Clubs,Lommel United,ADO Den Haag,Over/Under Goals,Over 2.5,1.75,0.9191,0-4,WON,
2026-07-24T12:00:00+00:00,Friendlies Clubs,VfL Wolfsburg,Lyon,Over/Under Goals,Over 2.5,1.57,0.8094,0-2,LOST,
2026-07-24T13:00:00+00:00,1. Division,Shakhter Karagandy,Arys,Over/Under Goals,Under 3.5,3.14,0.6642,4-1,LOST,
2026-07-24T14:00:00+00:00,1 Lyga,Tauras,Kauno Žalgiris II,Over/Under Goals,Under 3.5,1.68,0.8048,4-2,LOST,2026-07-21T00:33:15.436Z
2026-07-24T14:00:00+00:00,Friendlies Clubs,SC Freiburg,Derby,Over/Under Goals,Under 3.5,1.83,0.7104,3-1,LOST,
2026-07-24T14:00:00+00:00,Youth Championship,Chertanovo U20,Zenit U19,Over/Under Goals,Under 3.5,1.95,0.7810,0-3,WON,
2026-07-24T14:00:00+00:00,Youth Championship,Fakel U19,Rubin Kazan U20,Over/Under Goals,Under 3.5,1.62,0.4480,0-1,WON,
2026-07-24T15:00:00+00:00,David Kipiani Cup,Margveti 2006,Saburtalo,Over/Under Goals,Under 3.5,1.9,0.7075,1-3,LOST,2026-07-24T14:00:02.723Z
2026-07-24T15:30:00+00:00,Cup,Kravare,Bospor Bohumín,Over/Under Goals,Under 3.5,2.25,0.7714,1-6,LOST,
2026-07-24T16:00:00+00:00,1. Division,Vejle,AB Copenhagen,Team Total Goals,Over 0.5,1.5,0.8340,2-2,WON,
2026-07-24T16:00:00+00:00,Cup,Strání,Vsetín,Over/Under Goals,Under 3.5,1.53,0.8940,1-2,WON,
2026-07-24T16:00:00+00:00,Cup,Tatran Všechovice,Unie Hlubina,Team Total Goals,Under 2.5,1.53,0.8848,1-1,WON,
2026-07-24T16:00:00+00:00,FNL,Dukla Praha,Arsenal Česká Lípa,Asian Handicap,Away -1.25,1.72,0.4406,2-0,LOST,2026-07-21T00:33:15.796Z
2026-07-24T16:00:00+00:00,FNL,Hanácká,Táborsko,Asian Handicap,Home +0,1.91,0.6095,0-0,WON,2026-07-21T00:33:15.954Z
2026-07-24T16:00:00+00:00,FNL,Prostějov,Třinec,Over/Under Goals,Over 2.5,1.8,0.7986,1-1,LOST,2026-07-21T00:33:15.842Z
2026-07-24T16:00:00+00:00,Friendlies Clubs,Cremonese,Giana Erminio,Team Total Goals,Under 2.5,2.12,0.8318,4-0,LOST,
2026-07-24T16:00:00+00:00,Friendlies Clubs,Rosenborg,Manchester United,Double Chance,Home/Draw,2.2,0.6326,0-5,LOST,
2026-07-24T16:00:00+00:00,Ykkönen,FC jazz,TPV,Over/Under Goals,Under 3.5,1.7,0.6837,4-0,LOST,
2026-07-24T16:30:00+00:00,Friendlies Clubs,Gleisdorf 09,Sturm Graz II,Over/Under Goals,Under 3.5,1.9,0.3818,2-1,WON,2026-07-24T15:30:00.573Z
2026-07-24T17:00:00+00:00,Allsvenskan,Vasteras SK FK,Orgryte IS,Team Total Goals,Under 2.5,1.55,0.8140,2-0,WON,
2026-07-24T17:00:00+00:00,Friendlies Clubs,Antwerp,Olympiakos Piraeus,Double Chance,Home/Draw,1.55,0.6383,3-0,WON,
2026-07-24T17:00:00+00:00,Friendlies Clubs,Atert Bissen,Liège,Over/Under Goals,Under 3.5,1.65,0.4245,1-1,WON,
2026-07-24T17:00:00+00:00,Friendlies Clubs,Benfica,CF Os Belenenses,Team Total Goals,Under 2.5,2.25,0.8554,5-1,LOST,2026-07-21T00:33:16.160Z
2026-07-24T17:30:00+00:00,Challenge League,Neuchatel Xamax FC,SC Kriens,Team Total Goals,Under 2.5,1.53,0.8567,3-2,LOST,2026-07-21T00:33:16.337Z
2026-07-24T17:30:00+00:00,Challenge League,Rapperswil,FC WIL 1900,Double Chance,Home/Draw,1.57,0.7563,4-5,LOST,2026-07-21T00:33:16.370Z
2026-07-24T17:30:00+00:00,Cup,Leoben,Voitsberg,Over/Under Goals,Under 3.5,2.95,0.6882,0-6,LOST,
2026-07-24T17:30:00+00:00,Cup,Tillmitsch,SKN ST. Polten,Over/Under Goals,Under 3.5,2.05,0.6304,1-1,WON,2026-07-24T16:30:00.913Z
2026-07-24T17:30:00+00:00,Cup,Traiskirchen,Bleiburg,Team Total Goals,Under 2.5,1.77,0.9419,4-0,LOST,
2026-07-24T17:30:00+00:00,Friendlies Clubs,Osasuna,Racing Santander,Over/Under Goals,Over 2.5,1.75,0.7673,2-0,LOST,
2026-07-24T18:00:00+00:00,Friendlies Clubs,Eintracht Braunschweig,Southampton,Over/Under Goals,Under 3.5,1.62,0.4883,0-1,WON,
2026-07-24T18:00:00+00:00,Paulista - U20,Guarani U20,Tanabi SP U20,Team Total Goals,Under 2.5,1.66,0.7329,1-0,WON,2026-07-21T00:33:16.538Z
2026-07-24T18:00:00+00:00,Paulista - U20,Mauá U20,Flamengo SP U20,Asian Handicap,Home +0,1.9,0.7266,1-2,LOST,2026-07-21T00:33:16.565Z
2026-07-24T18:00:00+00:00,Paulista - U20,Sfera U20,Osasco Audax U20,Team Total Goals,Over 1.5,1.87,0.7867,0-1,LOST,2026-07-21T00:33:16.728Z
2026-07-24T18:00:00+00:00,Paulista - U20,União São João U20,EC São Bernardo U20,Double Chance,Home/Draw,1.62,0.7775,1-1,WON,2026-07-21T00:33:16.695Z
2026-07-24T18:00:00+00:00,Paulista - U20,Água Santa U20,Ituano U20,Asian Handicap,Home +0,1.85,0.5974,0-0,WON,2026-07-21T00:33:16.618Z
2026-07-24T18:15:00+00:00,Challenge League,FC Winterthur,Yverdon Sport,Over/Under Goals,Under 3.5,1.62,0.6603,2-2,LOST,2026-07-21T00:33:16.870Z
2026-07-24T18:15:00+00:00,Challenge League,Étoile Carouge,FC Aarau,Double Chance,Home/Draw,2.3,0.6266,3-0,WON,2026-07-21T00:33:16.906Z
2026-07-24T18:15:00+00:00,First League,Arda Kardzhali,Slavia Sofia,Team Total Goals,Over 0.5,1.73,0.8207,1-0,LOST,
2026-07-24T18:30:00+00:00,Ekstraklasa,Pogon Szczecin,Legia Warszawa,Double Chance,Home/Draw,1.57,0.7186,0-1,LOST,
2026-07-24T18:30:00+00:00,Friendlies Clubs,Carrick Rangers,Ballymena United,Over/Under Goals,Over 2.5,1.7,0.7974,0-3,WON,
2026-07-24T18:30:00+00:00,Premier League,Al Ahed,Al Ansar,Over/Under Goals,Over 2.5,1.65,0.8047,1-1,LOST,2026-07-24T00:33:21.842Z
2026-07-24T18:45:00+00:00,First Division,UCD,Cork City,Double Chance,Home/Draw,1.73,0.6386,5-2,WON,
2026-07-24T18:45:00+00:00,Friendlies Clubs,Hyde United,Chester,Double Chance,Home/Draw,2.3,0.7020,0-1,LOST,
2026-07-24T18:45:00+00:00,Friendlies Clubs,Limavady United,Linfield,Double Chance,Home/Draw,2.6,0.7671,0-1,LOST,
2026-07-24T19:45:00+00:00,Primera Division,Gimnasia M.,Central Cordoba de Santiago,Team Total Goals,Over 1.5,2.3,0.7857,1-0,LOST,
2026-07-24T20:00:00+00:00,CONCACAF U20,Guatemala U20,Costa Rica U20,Asian Handicap,Home +0,5.7,0.5776,0-1,LOST,2026-07-21T00:33:17.169Z
2026-07-24T20:00:00+00:00,Úrvalsdeild,Vikingur Reykjavik,Keflavik,Team Total Goals,Under 2.5,1.89,0.7839,5-1,LOST,
2026-07-24T20:15:00+00:00,Segunda División,Comerciantes,Alianza Universidad,Over/Under Goals,Over 2.5,2.2,0.7698,1-0,LOST,
2026-07-24T22:00:00+00:00,Canadian Premier League,HFX Wanderers FC,Supra du Quebec,Over/Under Goals,Over 2.5,1.7,0.7819,2-3,WON,2026-07-21T00:33:17.335Z
2026-07-24T22:30:00+00:00,Division Intermedia,Deportivo Santani,Paraguari AC,BTTS,Yes,2.05,0.7857,2-0,LOST,2026-07-22T00:36:01.064Z
2026-07-24T22:30:00+00:00,USL League Two,Vermont Green,Asheville City,Over/Under Goals,Under 3.5,1.74,0.3795,4-0,LOST,2026-07-24T21:30:00.231Z
2026-07-25T00:00:00+00:00,NWSL Women,Orlando Pride W,Chicago Red Stars W,Over/Under Goals,Under 3.5,1.6,0.8158,1-0,WON,2026-07-21T00:33:17.501Z
2026-07-25T00:15:00+00:00,Primera Division,Huracan,Banfield,Over/Under Goals,Over 1.5,1.7,0.7925,1-0,LOST,2026-07-21T00:33:17.638Z
2026-07-25T00:30:00+00:00,Brasileiro Women,Cruzeiro W,São Paulo W,Double Chance,Home/Draw,1.57,0.7079,1-2,LOST,2026-07-23T00:31:42.176Z
2026-07-25T00:30:00+00:00,Primera Division,Colo Colo,Deportes Limache,Over/Under Goals,Under 3.5,1.55,0.4274,3-1,LOST,2026-07-21T00:33:17.743Z
2026-07-25T02:00:00+00:00,Liga Nacional,Municipal,Mixco,Over/Under Goals,Over 2.5,1.8,0.7404,2-0,LOST,2026-07-22T00:36:01.334Z
2026-07-25T02:00:00+00:00,NWSL Women,Portland Thorns W,NJ/NY Gotham FC W,Double Chance,Home/Draw,1.63,0.7448,2-2,WON,2026-07-21T00:33:17.973Z
2026-07-25T04:00:00+00:00,Northern NSW NPL,Cooks Hill United,Lambton Jaffas,Over/Under Goals,Under 3.5,1.94,0.4833,1-0,WON,2026-07-21T00:33:18.212Z
2026-07-25T04:00:00+00:00,Victoria NPL 2,Port Melbourne,Northcote City,Over/Under Goals,Under 3.5,1.86,0.6696,1-3,LOST,2026-07-21T00:33:18.156Z
2026-07-25T04:30:00+00:00,Tasmania NPL,Launceston United,Devonport City,Team Total Goals,Over 0.5,1.73,0.7332,0-6,LOST,
2026-07-25T04:30:00+00:00,Tasmania NPL,Riverside,Launceston City,Double Chance,Home/Draw,2.15,0.6663,0-0,WON,
2026-07-25T05:00:00+00:00,Capital Territory NPL,Brindabella,Canberra White Eagles,Over/Under Goals,Under 3.5,1.62,0.7292,1-2,WON,2026-07-21T00:33:18.424Z
2026-07-25T05:15:00+00:00,Victoria NPL 2,Manningham United Blues,Melbourne Knights,Asian Handicap,Home +0,3.08,0.6775,1-5,LOST,2026-07-21T00:33:18.450Z
2026-07-25T05:30:00+00:00,South Australia NPL,Adelaide Comets,FK Beograd,Over/Under Goals,Under 3.5,1.53,0.6817,1-0,WON,2026-07-22T00:36:01.603Z
2026-07-25T05:30:00+00:00,South Australia NPL,Adelaide United II,Sturt Lions,Over/Under Goals,Under 3.5,1.73,0.9298,2-3,LOST,2026-07-22T00:36:01.630Z
2026-07-25T05:30:00+00:00,South Australia NPL,Para Hills Knights,Playford City Patriots,Over/Under Goals,Under 3.5,3.35,0.5693,2-4,LOST,2026-07-22T00:36:01.656Z
2026-07-25T05:30:00+00:00,South Australia State League 1,Adelaide Raiders,Fulham United,Asian Handicap,Home +0,1.59,0.6244,1-0,WON,2026-07-22T00:36:01.684Z
2026-07-25T05:30:00+00:00,South Australia State League 1,Modbury Jets,Adelaide Victory,Over/Under Goals,Under 3.5,1.6,0.9525,4-0,LOST,2026-07-22T00:36:01.711Z
2026-07-25T06:30:00+00:00,Capital Territory NPL,Belconnen United,O'Connor Knights,Over/Under Goals,Under 3.5,1.78,0.9277,1-1,WON,2026-07-21T00:33:18.755Z
2026-07-25T06:30:00+00:00,New South Wales NPL 2,Hakoah Sydney City,Rydalmere Lions,Team Total Goals,Under 2.5,2.25,0.9990,1-0,WON,2026-07-21T00:33:18.588Z
2026-07-25T06:30:00+00:00,New South Wales NPL 2,Northern Tigers,Blacktown Spartans,Over/Under Goals,Under 3.5,1.57,0.5195,0-3,WON,2026-07-21T00:33:18.616Z
2026-07-25T06:30:00+00:00,Northern NSW NPL,Valentine,Charlestown City Blues,Asian Handicap,Home +0,1.69,0.7537,1-0,WON,2026-07-21T00:33:18.702Z
2026-07-25T07:00:00+00:00,New South Wales NPL 2,Newcastle Jets II,Hills Brumbies,Over/Under Goals,Under 3.5,1.67,0.5227,2-1,WON,2026-07-21T00:33:18.878Z
2026-07-25T07:00:00+00:00,Victoria NPL,Dandenong Thunder,Altona Magic,Over/Under Goals,Under 3.5,1.53,0.5938,0-2,WON,2026-07-21T00:33:18.850Z
2026-07-25T07:00:00+00:00,Western Australia NPL,Perth Glory II,Dianella White Eagle,Double Chance,Home/Draw,1.8,0.6935,4-0,WON,2026-07-21T00:33:19.025Z
2026-07-25T07:00:00+00:00,Western Australia State League 1,UWA Nedlands,Curtin University,Over/Under Goals,Under 3.5,1.76,0.7755,2-1,WON,2026-07-22T00:36:01.859Z
2026-07-25T07:30:00+00:00,New South Wales NPL,NWS Spirit,Western Sydney Wanderers U23,Team Total Goals,Over 1.5,1.57,0.7842,0-4,LOST,2026-07-21T00:33:19.183Z
2026-07-25T08:00:00+00:00,K3 League,Gyeongju HNP,Siheung Citizen,Double Chance,Home/Draw,1.5,0.6547,1-0,WON,2026-07-21T00:33:19.444Z
2026-07-25T08:15:00+00:00,Cup,Vratimov,Havířov,Double Chance,Home/Draw,2.25,0.7677,1-1,WON,2026-07-21T00:33:19.554Z
2026-07-25T08:30:00+00:00,Cup,Sparta Brno,Vrchovina,Double Chance,Home/Draw,2.05,0.7153,1-0,WON,2026-07-21T00:33:19.823Z
2026-07-25T08:30:00+00:00,New South Wales NPL,St. George Saints,Sydney FC U23,Over/Under Goals,Over 2.5,1.7,0.7774,0-0,LOST,2026-07-21T00:33:19.762Z
2026-07-25T09:00:00+00:00,Friendlies Clubs,Kortrijk,Knokke,Over/Under Goals,Under 3.5,1.73,0.8145,4-1,LOST,2026-07-21T00:33:19.888Z
2026-07-25T09:00:00+00:00,Friendlies Clubs,Laval,Concarneau,Team Total Goals,Over 1.5,2.06,0.8422,1-2,LOST,2026-07-21T00:33:19.858Z
2026-07-25T09:00:00+00:00,K3 League,Pocheon,Daejeon Korail,Asian Handicap,Home +0,1.53,0.6582,1-1,WON,2026-07-21T00:33:20.306Z
2026-07-25T09:00:00+00:00,Persha Liga,Ahrobiznes Volochysk,SK Poltava,Asian Handicap,Home +0,1.52,0.6100,0-3,LOST,2026-07-23T00:31:42.666Z
2026-07-25T09:15:00+00:00,II Liga - East,Podhale Nowy Targ,Śląsk Wrocław II,Asian Handicap,Away -1.25,1.68,0.3769,3-1,LOST,2026-07-23T00:31:42.712Z
2026-07-25T09:30:00+00:00,South Australia State League 1,Cumberland United,Adelaide Blue Eagles,Double Chance,Home/Draw,1.6,0.7779,2-1,WON,2026-07-22T00:36:02.144Z
2026-07-25T09:45:00+00:00,South Australia NPL,MetroStars,West Adelaide,Over/Under Goals,Under 3.5,1.73,0.4845,1-3,LOST,2026-07-22T00:36:02.173Z
2026-07-25T10:00:00+00:00,Friendlies Clubs,Santa Clara,Arouca,Asian Handicap,Home +1.25,4.4,0.9518,3-0,WON,2026-07-21T00:33:20.806Z
2026-07-25T10:00:00+00:00,Second League - Group 3,Avangard Kursk,SKA Khabarovsk II,Team Total Goals,Over 1.5,1.84,0.7474,1-2,LOST,2026-07-21T00:33:21.215Z
2026-07-25T10:30:00+00:00,K League 2,Busan I Park,Suwon Bluewings,Double Chance,Home/Draw,1.65,0.7110,1-4,LOST,2026-07-21T00:33:21.447Z
2026-07-25T10:30:00+00:00,K-League Classic,Gimcheon Sangmu FC,Daejeon Citizen,Double Chance,Home/Draw,1.53,0.9038,3-2,WON,2026-07-21T00:33:21.348Z
2026-07-25T11:00:00+00:00,1. Liga,Smiltene,Rīgas FS II,Over/Under Goals,Under 3.5,1.61,0.8054,3-5,LOST,2026-07-21T00:33:22.623Z
2026-07-25T11:00:00+00:00,3. Division - Girone 1,Nordstrand,Gamle Oslo,Over/Under Goals,Under 3.5,2.41,0.4294,1-2,WON,2026-07-21T00:33:22.110Z
2026-07-25T11:00:00+00:00,3. Division - Girone 1,Ullern,Heming,Double Chance,Home/Draw,1.87,0.6938,1-3,LOST,2026-07-21T00:33:22.135Z
2026-07-25T11:00:00+00:00,Friendlies Clubs,Dynamo Dresden,Energie Cottbus,Over/Under Goals,Under 3.5,1.53,0.3098,1-2,WON,2026-07-25T10:00:01.357Z
2026-07-25T11:00:00+00:00,League One,Shaanxi Union,Shenzhen Juniors,Asian Handicap,Home +0,1.54,0.6692,3-0,WON,2026-07-21T00:33:22.461Z
2026-07-25T11:35:00+00:00,Super League,Shenyang Urban,Qingdao Youth Island,Team Total Goals,Over 1.5,1.73,0.8053,0-1,LOST,2026-07-21T00:33:23.029Z
2026-07-25T12:00:00+00:00,1 Lyga,Atmosfera,Hegelmann II,Team Total Goals,Under 2.5,1.66,0.8239,4-1,LOST,2026-07-21T00:33:25.867Z
2026-07-25T12:00:00+00:00,2. Division - Group 1,Brattvåg,Mjondalen,Over/Under Goals,Under 3.5,1.53,0.7630,3-5,LOST,2026-07-21T00:33:25.710Z
2026-07-25T12:00:00+00:00,3. Division - Girone 3,Stord,Askøy,Double Chance,Home/Draw,1.57,0.6869,0-4,LOST,2026-07-21T00:33:25.643Z
2026-07-25T12:00:00+00:00,Friendlies Clubs,FC Augsburg,FC Saarbrücken,Over/Under Goals,Under 3.5,1.87,0.8027,1-1,WON,2026-07-21T00:33:23.243Z
2026-07-25T12:00:00+00:00,Friendlies Clubs,Hanwell Town,Aldershot Town,Over/Under Goals,Under 3.5,1.56,0.8683,0-2,WON,2026-07-21T00:33:30.034Z
2026-07-25T12:00:00+00:00,Friendlies Clubs,Swindon Town,Bristol City,Over/Under Goals,Under 3.5,1.53,0.7470,1-3,LOST,2026-07-21T00:33:23.936Z
2026-07-25T12:00:00+00:00,Friendlies Clubs,Willem II,KV Mechelen,Double Chance,Home/Draw,1.85,0.7007,1-0,WON,2026-07-21T00:33:23.320Z
2026-07-25T12:00:00+00:00,Ykkösliiga,Haka,KäPa,Over/Under Goals,Under 3.5,1.67,0.5404,3-1,LOST,2026-07-21T00:33:25.684Z
2026-07-25T12:30:00+00:00,Super League,Dedza Dynamos,Nyasa Big Bullets,Double Chance,Home/Draw,2.2,0.7989,1-0,WON,2026-07-22T00:36:03.002Z
2026-07-25T13:00:00+00:00,1. Division,Esbjerg,Kolding IF,Over/Under Goals,Under 3.5,1.5,0.6545,1-1,WON,2026-07-21T00:33:27.613Z
2026-07-25T13:00:00+00:00,1. Liga,JDFS Alberts,Super Nova 2,Over/Under Goals,Under 3.5,1.68,0.4587,1-1,WON,2026-07-21T00:33:27.579Z
2026-07-25T13:00:00+00:00,2. Division - Group 1,Arendal,Vidar,Over/Under Goals,Under 3.5,1.8,0.5710,4-0,LOST,2026-07-21T00:33:27.452Z
2026-07-25T13:00:00+00:00,2. Division - Group 2,Junkeren,Lørenskog,Over/Under Goals,Under 3.5,1.65,0.4718,1-0,WON,2026-07-23T00:31:43.906Z
2026-07-25T13:00:00+00:00,3. Division - Girone 2,Molde II,Byåsen,Double Chance,Home/Draw,1.85,0.6400,6-6,WON,2026-07-21T00:33:27.023Z
2026-07-25T13:00:00+00:00,3. Division - Girone 4,Hinna,Vindbjart,Team Total Goals,Under 2.5,1.78,0.8487,0-7,LOST,2026-07-21T00:33:27.644Z
2026-07-25T13:00:00+00:00,3. Division - Girone 4,Madla,Flekkerøy,Over/Under Goals,Under 3.5,1.92,0.4931,5-1,LOST,2026-07-21T00:33:27.671Z
2026-07-25T13:00:00+00:00,3. Division - Girone 4,Mandalskameratene,Staal Jørpeland,Team Total Goals,Under 2.5,1.77,0.7488,8-3,LOST,2026-07-21T00:33:27.698Z
2026-07-25T13:00:00+00:00,3. Division - Girone 6,Bjørkelangen,Fram,Double Chance,Home/Draw,2.62,0.6599,0-2,LOST,2026-07-21T00:33:27.853Z
2026-07-25T13:00:00+00:00,3. Division - Girone 6,Gjøvik-Lyn,Råde,Double Chance,Home/Draw,1.5,0.7173,0-3,LOST,2026-07-21T00:33:27.827Z
2026-07-25T13:00:00+00:00,Division Intermedia,Tacuary,SOL DE America,Double Chance,Home/Draw,1.55,0.7897,1-1,WON,2026-07-22T00:36:03.190Z
2026-07-25T13:00:00+00:00,Elitettan,Enskede W,Häcken II W,Over/Under Goals,Under 3.5,1.58,0.4251,1-1,WON,2026-07-22T00:36:03.243Z
2026-07-25T13:00:00+00:00,Friendlies Clubs,Arminia Bielefeld,MSV Duisburg,Team Total Goals,Over 1.5,1.61,0.8989,1-1,LOST,2026-07-21T00:33:26.402Z
2026-07-25T13:00:00+00:00,Friendlies Clubs,Hereford,Solihull Moors,Over/Under Goals,Under 3.5,1.5,0.6924,0-3,WON,2026-07-21T00:33:26.736Z
2026-07-25T13:00:00+00:00,Friendlies Clubs,Watford,Hansa Rostock,Over/Under Goals,Under 3.5,1.53,0.6050,3-0,WON,2026-07-21T00:33:26.324Z
2026-07-25T13:00:00+00:00,Kakkonen - Lohko B,Musa,EPS,Double Chance,Home/Draw,1.7,0.7039,0-2,LOST,2026-07-21T00:33:27.302Z
2026-07-25T13:00:00+00:00,Superettan,IFK Varnamo,IK brage,Over/Under Goals,Over 2.5,1.57,0.7838,0-0,LOST,2026-07-21T00:33:26.957Z
2026-07-25T13:15:00+00:00,Premier League,Akron,Zenit,Over/Under Goals,Under 3.5,1.55,0.7076,0-5,LOST,2026-07-21T00:33:27.953Z
2026-07-25T13:30:00+00:00,2. Division - Group 1,Notodden,Sotra,Double Chance,Home/Draw,1.5,0.8151,1-0,WON,2026-07-21T00:33:28.120Z
2026-07-25T13:30:00+00:00,I Liga,Pogoń Siedlce,ŁKS Łódź,Double Chance,Home/Draw,1.95,0.6507,1-1,WON,2026-07-21T00:33:28.186Z
2026-07-25T13:30:00+00:00,I Liga,Stal Rzeszów,Chrobry Głogów,Asian Handicap,Home +0,2.2,0.6248,1-5,LOST,2026-07-21T00:33:28.207Z
2026-07-25T14:00:00+00:00,1. Division,FC Fredericia,HB Koge,Over/Under Goals,Under 3.5,1.5,0.7361,3-0,WON,2026-07-21T00:33:31.542Z
2026-07-25T14:00:00+00:00,1. Liga,Riga Mariners,JFK Ventspils,Over/Under Goals,Under 3.5,1.66,0.6296,1-1,WON,2026-07-21T00:33:31.498Z
2026-07-25T14:00:00+00:00,2. liga,Humenné,Tatran Prešov,Double Chance,Home/Draw,1.73,0.7221,1-2,LOST,2026-07-21T00:33:31.716Z
2026-07-25T14:00:00+00:00,3. Division - Girone 4,Stabæk II,Viking II,Double Chance,Home/Draw,1.95,0.5934,1-1,WON,2026-07-21T00:33:31.597Z
2026-07-25T14:00:00+00:00,Damallsvenskan,Norrköping W,Hammarby W,Team Total Goals,Under 2.5,1.58,0.8532,0-4,LOST,2026-07-21T00:33:30.723Z
2026-07-25T14:00:00+00:00,Football League - Highland League,Strathspey Thistle,Formartine United,Team Total Goals,Under 2.5,1.83,0.8915,1-2,WON,2026-07-21T00:33:32.018Z
2026-07-25T14:00:00+00:00,Football League - Lowland League,Pollok,Troon FC,Over/Under Goals,Under 3.5,1.67,0.7296,2-0,WON,2026-07-22T00:36:04.230Z
2026-07-25T14:00:00+00:00,Friendlies Clubs,AFC Telford United,Walsall,Double Chance,Home/Draw,2.15,0.8682,1-0,WON,2026-07-21T00:33:29.628Z
2026-07-25T14:00:00+00:00,Friendlies Clubs,Barnet,Oxford United,Double Chance,Home/Draw,1.5,0.6198,1-2,LOST,2026-07-21T00:33:29.064Z
2026-07-25T14:00:00+00:00,Friendlies Clubs,Barry Town,Gloucester City,Asian Handicap,Home +0,1.85,0.9251,0-1,LOST,2026-07-21T00:33:28.598Z
2026-07-25T14:00:00+00:00,Friendlies Clubs,Bologna,Iraklis 1908,Team Total Goals,Under 2.5,2.6,0.9393,2-0,WON,2026-07-21T00:33:32.364Z
2026-07-25T14:00:00+00:00,Friendlies Clubs,Boston United,Peterborough,Double Chance,Home/Draw,1.83,0.9346,1-0,WON,2026-07-21T00:33:30.403Z
2026-07-25T14:00:00+00:00,Friendlies Clubs,Bromley,Crystal Palace,Over/Under Goals,Under 3.5,1.7,0.6467,3-0,WON,2026-07-21T00:33:29.283Z
2026-07-25T14:00:00+00:00,Friendlies Clubs,Celtic,AC Milan,Over/Under Goals,Under 3.5,1.62,0.5398,2-2,LOST,2026-07-21T00:33:28.568Z
2026-07-25T14:00:00+00:00,Friendlies Clubs,H&W Welders,Dungannon Swifts,Over/Under Goals,Under 3.5,1.76,0.7427,1-1,WON,2026-07-21T00:33:29.823Z
2026-07-25T14:00:00+00:00,Friendlies Clubs,Lokeren-Temse,NAC Breda,Asian Handicap,Home +0,2.1,0.6934,1-2,LOST,2026-07-21T00:33:30.621Z
2026-07-25T14:00:00+00:00,Friendlies Clubs,QPR,Fiorentina,Over/Under Goals,Over 2.5,1.67,0.7886,3-2,WON,2026-07-21T00:33:28.387Z
2026-07-25T14:00:00+00:00,League Cup,Aberdeen,Kelty Hearts,Over/Under Goals,Under 3.5,2.25,0.7552,3-0,WON,2026-07-21T00:33:30.965Z
2026-07-25T14:00:00+00:00,League Cup,Airdrie United,Ross County,Over/Under Goals,Over 2.5,1.57,0.7796,0-3,WON,2026-07-21T00:33:31.321Z
2026-07-25T14:00:00+00:00,League Cup,Arbroath,Stirling Albion,Over/Under Goals,Under 3.5,1.53,0.6360,1-0,WON,2026-07-21T00:33:31.220Z
2026-07-25T14:00:00+00:00,League Cup,Ayr Utd,Alloa Athletic,Over/Under Goals,Under 3.5,1.67,0.6666,4-1,LOST,2026-07-21T00:33:31.148Z
2026-07-25T14:00:00+00:00,League Cup,Falkirk,Stranraer,Over/Under Goals,Under 3.5,1.83,0.6415,3-0,WON,2026-07-21T00:33:31.186Z
2026-07-25T14:00:00+00:00,League Cup,Forfar Athletic,Brechin,Over/Under Goals,Under 3.5,1.57,0.8593,3-1,LOST,2026-07-21T00:33:31.252Z
2026-07-25T14:00:00+00:00,League Cup,Hamilton Academical,Elgin City,Over/Under Goals,Under 3.5,1.83,0.7432,5-0,LOST,2026-07-21T00:33:30.925Z
2026-07-25T14:00:00+00:00,League Cup,Montrose,Spartans,Over/Under Goals,Under 3.5,1.57,0.6541,0-2,WON,2026-07-21T00:33:31.287Z
2026-07-25T14:00:00+00:00,League Cup,Morton,Inverness CT,Over/Under Goals,Under 3.5,1.67,0.8384,0-1,WON,2026-07-21T00:33:31.113Z
2026-07-25T14:00:00+00:00,League Cup,Peterhead,Kilmarnock,Over/Under Goals,Under 3.5,1.5,0.7726,0-0,WON,2026-07-21T00:33:31.361Z
2026-07-25T14:00:00+00:00,League Cup,ST Johnstone,East Fife,Over/Under Goals,Under 3.5,1.83,0.6907,1-1,WON,2026-07-21T00:33:31.044Z
2026-07-25T14:00:00+00:00,League Cup,Stenhousemuir,Livingston,Team Total Goals,Under 2.5,1.5,0.8323,0-0,WON,2026-07-21T00:33:31.440Z
2026-07-25T14:00:00+00:00,Second League - Group 1,Spartak Nalchik,Rubin Yalta,Asian Handicap,Home +0,1.64,0.7127,1-1,WON,2026-07-23T00:31:44.498Z
2026-07-25T15:00:00+00:00,2. Division - Group 2,Tromsdalen Uil,Follo,Over/Under Goals,Under 3.5,1.85,0.8969,0-0,WON,2026-07-23T00:31:44.833Z
2026-07-25T15:00:00+00:00,2. liga,Galanta,Lokomotíva Zvolen,Double Chance,Home/Draw,1.57,0.7400,1-1,WON,2026-07-21T00:33:33.146Z
2026-07-25T15:00:00+00:00,2. liga,MFK Bytča,Liptovský Mikuláš,Double Chance,Home/Draw,1.91,0.7968,0-5,LOST,2026-07-21T00:33:33.244Z
2026-07-25T15:00:00+00:00,Cup,Stonava,Polanka nad Odrou,Double Chance,Home/Draw,1.67,0.7279,1-1,WON,2026-07-21T00:33:33.068Z
2026-07-25T15:00:00+00:00,David Kipiani Cup,Irao,Dinamo Batumi,Over/Under Goals,Under 3.5,1.87,0.5211,1-4,LOST,2026-07-21T00:33:32.872Z
2026-07-25T15:00:00+00:00,First League,Struga,Shkëndija Haraçinë,Team Total Goals,Under 2.5,1.73,1.0000,3-0,LOST,2026-07-21T00:33:33.437Z
2026-07-25T15:00:00+00:00,First League,Vardar Skopje,Bregalnica Štip,Asian Handicap,Away -1.25,2.7,0.3830,2-0,LOST,2026-07-21T00:33:33.341Z
2026-07-25T15:00:00+00:00,Friendlies Clubs,Le Mans,Nantes,Asian Handicap,Home +0,1.98,0.6167,1-0,WON,2026-07-21T00:33:32.449Z
2026-07-25T15:00:00+00:00,Second League - Group 1,Druzhba,Sevastopol,Over/Under Goals,Over 2.5,2.08,0.7970,1-3,WON,2026-07-23T00:31:44.869Z
2026-07-25T15:30:00+00:00,1. Liga,Leevon / PPK,Skanste,Over/Under Goals,Under 3.5,1.68,0.4882,2-1,WON,2026-07-21T00:33:33.941Z
2026-07-25T15:30:00+00:00,Second League,Nesebar,Etar Veliko Tarnovo,Asian Handicap,Home +0,1.9,0.8904,1-5,LOST,2026-07-23T00:31:44.994Z
2026-07-25T16:00:00+00:00,1. SNL,Mura,Olimpija Ljubljana,Asian Handicap,Home +0,2.2,0.6666,1-0,WON,2026-07-21T00:33:35.136Z
2026-07-25T16:00:00+00:00,Cup,Kalsdorf,Lask Linz,Over/Under Goals,Under 3.5,3.25,0.7893,0-7,LOST,2026-07-22T00:36:05.217Z
2026-07-25T16:00:00+00:00,Cup,Leonfelden,Schwarz-Weiß Bregenz,Over/Under Goals,Under 3.5,1.67,0.5864,0-5,LOST,2026-07-25T15:00:08.493Z
2026-07-25T16:00:00+00:00,Cup,Wacker Innsbruck,SVG Reichenau,Team Total Goals,Under 2.5,2.1,0.8813,3-0,LOST,2026-07-22T00:36:05.152Z
2026-07-25T16:00:00+00:00,Esiliiga A,Nõmme Kalju II,Flora II,Over/Under Goals,Under 3.5,2.33,0.6819,0-5,LOST,2026-07-21T00:33:35.033Z
2026-07-25T16:00:00+00:00,Friendlies Clubs,Auxerre,Orleans,Asian Handicap,Home +1.25,1.96,0.9771,1-2,WON,2026-07-25T15:00:02.358Z
2026-07-25T16:00:00+00:00,Friendlies Clubs,Rennes,Club Brugge KV,Team Total Goals,Over 1.5,1.7,0.7801,2-1,WON,2026-07-21T00:33:34.160Z
2026-07-25T16:00:00+00:00,Friendlies Clubs,Wycombe,Portsmouth,Double Chance,Home/Draw,1.73,0.6718,3-1,WON,2026-07-21T00:33:32.495Z
2026-07-25T16:00:00+00:00,II Liga - East,Świt Skolwin,Górnik Łęczna,Double Chance,Home/Draw,1.53,0.6481,2-3,LOST,2026-07-23T00:31:45.562Z
2026-07-25T16:00:00+00:00,Premier Division,Galway United,Waterford,Over/Under Goals,Over 2.5,1.55,0.7910,0-0,LOST,2026-07-21T00:33:34.740Z
2026-07-25T16:00:00+00:00,Primera C,Berazategui,Mercedes,Team Total Goals,Over 0.5,1.7,0.8194,0-1,WON,2026-07-21T00:33:35.069Z
2026-07-25T16:00:00+00:00,Super League,Lausanne,Grasshoppers,Over/Under Goals,Under 3.5,1.53,0.6895,1-1,WON,2026-07-21T00:33:34.073Z
2026-07-25T16:00:00+00:00,Super League,Servette FC,FC Basel 1893,Over/Under Goals,Under 3.5,1.7,0.9730,0-1,WON,2026-07-21T00:33:34.112Z
2026-07-25T16:15:00+00:00,Kakkonen - Lohko A,Kiffen,HIFK Helsinki,Over/Under Goals,Under 3.5,1.66,0.5543,1-1,WON,2026-07-21T00:33:35.382Z
2026-07-25T16:30:00+00:00,Cup,Krems / Rehberg,Austria Lustenau,Over/Under Goals,Under 3.5,1.77,0.8696,0-1,WON,2026-07-22T00:36:05.359Z
2026-07-25T17:00:00+00:00,Friendlies Clubs,VVV Venlo,Fortuna Köln,Double Chance,Home/Draw,1.5,0.7316,0-1,LOST,2026-07-21T00:33:35.692Z
2026-07-25T17:00:00+00:00,II Liga - East,Zawisza Bydgoszcz,Sokół Kleczew,Over/Under Goals,Under 3.5,1.67,0.7188,1-1,WON,2026-07-23T00:31:45.714Z
2026-07-25T17:00:00+00:00,Liga MX U21,Santos Laguna U21,Atlas U21,Double Chance,Home/Draw,1.55,0.6850,0-0,WON,2026-07-22T00:36:05.713Z
2026-07-25T17:00:00+00:00,NB II,BVSC,Kazincbarcikai,Asian Handicap,Home +0,2.18,0.6692,0-0,WON,2026-07-22T00:36:05.685Z
2026-07-25T17:30:00+00:00,Toto Cup Ligat Al,Ironi Tiberias,Bnei Sakhnin,Asian Handicap,Home +0,1.95,0.5827,2-1,WON,2026-07-21T00:33:36.261Z
2026-07-25T17:45:00+00:00,Division 1,Khaitan,Shamiya,Over/Under Goals,Under 3.5,1.67,0.7772,0-1,WON,2026-07-25T16:45:00.582Z
2026-07-25T17:45:00+00:00,Premier League,Spartak Moscow,Rodina Moskva,Team Total Goals,Under 2.5,1.79,0.8758,3-0,LOST,2026-07-21T00:33:36.393Z
2026-07-25T18:00:00+00:00,Baiano U20,Fluminense de Feira U20,Bahia U20,Over/Under Goals,Over 2.5,1.62,0.8432,0-8,WON,2026-07-21T00:33:38.974Z
2026-07-25T18:00:00+00:00,Friendlies Clubs,Standard Liege,Juventus,Asian Handicap,Home +0,2.41,0.7129,0-1,LOST,2026-07-21T00:33:36.889Z
2026-07-25T18:00:00+00:00,II Liga - East,Lechia Zielona Góra,Rekord Bielsko-Biała,Asian Handicap,Home +0,1.7,0.7032,1-1,WON,2026-07-23T00:31:46.134Z
2026-07-25T18:00:00+00:00,Primera División - Apertura,Central Espanol,Cerro Largo,Asian Handicap,Home +0.25,1.55,0.7483,0-1,LOST,
2026-07-25T18:30:00+00:00,Primera B Metropolitana,Deportivo Armenio,Arsenal Sarandi,Double Chance,Home/Draw,1.53,0.7853,0-0,WON,2026-07-21T00:33:38.686Z
2026-07-25T18:30:00+00:00,Super League,FC Luzern,FC Thun,Asian Handicap,Home +0,1.8,0.7381,1-3,LOST,2026-07-21T00:33:37.726Z
2026-07-25T18:30:00+00:00,Super Liga,Podbrezová,Zemplín Michalovce,Over/Under Goals,Under 3.5,1.57,0.5557,2-0,WON,2026-07-21T00:33:37.899Z
2026-07-25T19:00:00+00:00,Liga Nacional,Deportivo San Pedro,Xelajú,Asian Handicap,Home +0,3.4,0.6066,1-0,WON,2026-07-22T00:36:06.101Z
2026-07-25T20:00:00+00:00,Segunda División,Yaracuyanos FC,Atletico el Vigia FC,Team Total Goals,Under 2.5,1.52,0.8851,0-0,WON,2026-07-22T00:36:06.231Z
2026-07-25T20:15:00+00:00,Primera Division,Juan Pablo II College,Cienciano,Over/Under Goals,Under 3.5,1.5,0.4876,2-0,WON,2026-07-21T00:33:39.193Z
2026-07-25T21:00:00+00:00,MLS Next Pro,Inter Miami II,Toronto II,Double Chance,Home/Draw,1.73,0.8047,2-1,WON,2026-07-21T00:33:39.320Z
2026-07-25T21:15:00+00:00,Primera División,Guabirá,Real Oruro,Over/Under Goals,Under 3.5,1.7,0.7325,4-1,LOST,
2026-07-25T22:00:00+00:00,Paulista - U20,Corinthians U20,Itapirense U20,Over/Under Goals,Under 3.5,1.65,0.5352,4-0,LOST,2026-07-21T00:33:39.866Z
2026-07-25T22:30:00+00:00,Major League Soccer,New York Red Bulls,Charlotte,Over/Under Goals,Under 3.5,1.62,0.7773,0-2,WON,2026-07-21T00:33:40.047Z
2026-07-25T23:00:00+00:00,MLS Next Pro,Chattanooga,Philadelphia Union II,Over/Under Goals,Under 3.5,1.5,0.4530,4-0,LOST,2026-07-21T00:33:40.216Z
2026-07-25T23:00:00+00:00,USL Championship,Miami FC,Tampa Bay Rowdies,Double Chance,Home/Draw,1.95,0.7789,2-3,LOST,2026-07-21T00:33:40.313Z
2026-07-25T23:00:00+00:00,USL League One,Charlotte Independence,Richmond Kickers,Team Total Goals,Under 2.5,1.67,0.7824,3-1,LOST,2026-07-21T00:33:40.412Z
2026-07-25T23:00:00+00:00,USL League One,Forward Madison,Naples,Team Total Goals,Over 1.5,1.62,0.7596,3-1,WON,2026-07-21T00:33:40.490Z
2026-07-25T23:00:00+00:00,USL League One,NY Cosmos,Boise,Double Chance,Home/Draw,1.95,0.6847,1-2,LOST,2026-07-21T00:33:40.526Z
2026-07-25T23:07:00+00:00,Liga MX,Guadalajara Chivas,FC Juarez,Over/Under Goals,Under 3.5,1.55,0.7919,1-0,WON,2026-07-21T00:33:40.577Z
2026-07-25T23:15:00+00:00,Major League Soccer,Columbus Crew,FC Cincinnati,Over/Under Goals,Under 3.5,1.83,0.6445,2-1,WON,2026-07-21T00:33:40.147Z
2026-07-25T23:30:00+00:00,Major League Soccer,New York City FC,Chicago Fire,Over/Under Goals,Under 3.5,1.5,0.9668,3-1,LOST,2026-07-21T00:33:40.827Z
2026-07-25T23:30:00+00:00,Major League Soccer,Orlando City SC,Nashville SC,Double Chance,Home/Draw,1.67,0.7017,1-0,WON,2026-07-21T00:33:40.753Z
2026-07-25T23:30:00+00:00,Major League Soccer,Philadelphia Union,Seattle Sounders,Asian Handicap,Home +0,1.65,0.8030,1-0,WON,2026-07-21T00:33:40.789Z
2026-07-25T23:30:00+00:00,Primera División,Independiente Petrolero,Oriente Petrolero,Over/Under Goals,Under 3.5,1.62,0.9099,1-2,WON,
2026-07-26T00:00:00+00:00,Primera Division,U. Catolica,D. La Serena,Over/Under Goals,Over 2.5,1.62,0.7647,3-3,WON,2026-07-22T00:36:06.694Z
2026-07-26T00:30:00+00:00,Major League Soccer,Minnesota United FC,Vancouver Whitecaps,Over/Under Goals,Under 3.5,1.55,0.5428,0-0,WON,2026-07-22T00:36:06.973Z
2026-07-26T00:30:00+00:00,Major League Soccer,St. Louis City,Colorado Rapids,Over/Under Goals,Under 3.5,1.55,0.8474,1-0,WON,2026-07-22T00:36:07.021Z
2026-07-26T01:00:00+00:00,USL Championship,El Paso Locomotive,Sporting JAX,Team Total Goals,Under 2.5,1.57,0.9066,2-0,WON,2026-07-22T00:36:07.376Z
2026-07-26T01:30:00+00:00,Chatham Cup,Nelson Suburbs,Auckland United,Over/Under Goals,Under 3.5,1.8,0.4933,2-1,WON,2026-07-22T00:36:07.691Z
2026-07-26T01:30:00+00:00,Liga Panameña de Fútbol,Deportivo Universitario,San Francisco FC,Over/Under Goals,Over 2.5,2.35,0.8043,1-2,WON,2026-07-22T00:36:07.657Z
2026-07-26T01:30:00+00:00,Major League Soccer,San Diego,FC Dallas,Over/Under Goals,Under 3.5,1.8,0.4490,1-0,WON,2026-07-22T00:36:07.616Z
2026-07-26T02:00:00+00:00,CONCACAF U20,United States U20,Haiti U20,Over/Under Goals,Under 3.5,2.5,0.4721,3-0,WON,2026-07-23T00:31:47.158Z
2026-07-26T02:00:00+00:00,MLS Next Pro,Ventura County,The Town,Double Chance,Home/Draw,1.53,0.6045,3-0,WON,2026-07-21T00:33:40.181Z
2026-07-26T03:00:00+00:00,USL League One,Alta,Westchester SC,Over/Under Goals,Under 3.5,1.53,0.4509,0-0,WON,2026-07-22T00:36:08.237Z
2026-07-26T04:00:00+00:00,Australia Cup,Weston Bears,Melbourne City,Over/Under Goals,Under 3.5,2.25,0.5124,0-3,WON,2026-07-22T00:36:08.279Z
2026-07-26T05:00:00+00:00,New South Wales NPL 2,Central Coast II,Bulls Academy,Over/Under Goals,Under 3.5,1.73,0.5990,1-3,LOST,2026-07-22T00:36:08.378Z
2026-07-26T05:00:00+00:00,Northern NSW NPL,Kahibah,Belmont Swansea,Double Chance,Home/Draw,1.91,0.7232,3-1,WON,2026-07-22T00:36:08.408Z
2026-07-26T07:00:00+00:00,Australia Cup,Kingborough Lions,Melbourne Victory,Over/Under Goals,Under 3.5,4.33,0.5821,0-4,LOST,2026-07-22T00:36:08.544Z
2026-07-26T08:15:00+00:00,FNL,Slavia Praha II,Příbram,Asian Handicap,Home +0,1.52,0.6533,2-2,WON,2026-07-22T00:36:08.766Z
2026-07-26T08:30:00+00:00,2. liga,Slovan Bratislava II,Zlaté Moravce,Double Chance,Home/Draw,1.62,0.6652,0-1,LOST,2026-07-22T00:36:08.844Z
2026-07-26T08:30:00+00:00,2. liga,Žilina II,Petržalka,Asian Handicap,Home +0,1.9,0.7075,0-2,LOST,2026-07-22T00:36:08.884Z
2026-07-26T09:00:00+00:00,K3 League,Yangpyeong,Busan Transportation,Double Chance,Home/Draw,1.5,0.7365,2-4,LOST,2026-07-22T00:36:09.005Z
2026-07-26T09:00:00+00:00,NB III - Northwest,Gyori ETO II,Tatabánya,Over/Under Goals,Under 3.5,1.59,0.6486,2-1,WON,2026-07-23T00:31:47.458Z
2026-07-26T10:00:00+00:00,K4 League,Pyeongtaek Citizen,Jinju Citizen,Over/Under Goals,Under 3.5,1.69,0.6419,0-2,WON,2026-07-23T00:31:47.772Z
2026-07-26T10:00:00+00:00,Second League - Group 4,Dinamo Barnaul,Khimik Dzerzhinsk,Over/Under Goals,Under 3.5,1.68,0.6331,0-4,LOST,2026-07-23T00:31:47.695Z
2026-07-26T11:00:00+00:00,Second League - Group 3,Arsenal Tula II,Ryazan,Double Chance,Home/Draw,2.07,0.7026,0-5,LOST,2026-07-23T00:31:47.896Z
2026-07-26T11:00:00+00:00,Second League A - Fall Season Gold,Kaluga,Novosibirsk,Double Chance,Home/Draw,1.66,0.6298,0-1,LOST,2026-07-22T00:36:14.194Z
2026-07-26T11:00:00+00:00,Superettan,GIF Sundsvall,Falkenbergs FF,Over/Under Goals,Over 2.5,1.75,0.7740,1-2,WON,2026-07-22T00:36:09.691Z
2026-07-26T11:35:00+00:00,Super League,Chengdu Better City,Beijing Guoan,Over/Under Goals,Under 3.5,1.67,0.7597,2-2,LOST,2026-07-22T00:36:10.080Z
2026-07-26T12:00:00+00:00,1 Lyga,BFA,Be1 NFA,Over/Under Goals,Under 3.5,1.52,0.8678,3-1,LOST,2026-07-22T00:36:11.183Z
2026-07-26T12:00:00+00:00,1. Division,Hobro,Aarhus Fremad,Over/Under Goals,Over 2.5,1.8,0.7692,1-2,WON,2026-07-22T00:36:11.066Z
2026-07-26T12:00:00+00:00,Allsvenskan,IF Brommapojkarna,Hammarby FF,Over/Under Goals,Under 3.5,1.67,0.5586,1-1,WON,2026-07-22T00:36:10.330Z
2026-07-26T12:00:00+00:00,Allsvenskan,Sirius,IFK Goteborg,Over/Under Goals,Under 3.5,1.67,0.5647,4-1,LOST,2026-07-22T00:36:10.282Z
2026-07-26T12:00:00+00:00,Friendlies Clubs,Göztepe,Rudes,Over/Under Goals,Over 2.5,1.57,0.8142,1-1,LOST,2026-07-22T00:36:10.462Z
2026-07-26T12:30:00+00:00,Eliteserien,Brann,Valerenga,Over/Under Goals,Under 3.5,1.7,0.4819,2-3,LOST,2026-07-22T00:36:11.273Z
2026-07-26T12:45:00+00:00,Ekstraklasa,Raków Częstochowa,Wisla Plock,Team Total Goals,Over 0.5,1.62,0.8289,1-2,WON,2026-07-22T00:36:11.702Z
2026-07-26T13:00:00+00:00,3. Division - Girone 3,Fyllingsdalen,Åsane II,Double Chance,Home/Draw,1.5,0.7345,2-4,LOST,2026-07-22T00:36:12.004Z
2026-07-26T13:00:00+00:00,Czech Liga,Slavia Praha,Slovácko,Team Total Goals,Under 2.5,1.83,0.8249,5-1,LOST,2026-07-22T00:36:11.749Z
2026-07-26T13:00:00+00:00,Division Intermedia,Encarnación,Fernando De La Mora,Over/Under Goals,Over 2.5,1.85,0.7560,0-0,LOST,2026-07-22T00:36:12.216Z
2026-07-26T13:00:00+00:00,Division Intermedia,Sportivo Carapeguá,General Caballero,Double Chance,Home/Draw,1.55,0.7847,1-2,LOST,2026-07-22T00:36:12.188Z
2026-07-26T13:00:00+00:00,Friendlies Clubs,PEC Zwolle,AEK Athens FC,Double Chance,Home/Draw,2.05,0.7869,2-3,LOST,2026-07-22T00:36:11.792Z
2026-07-26T13:00:00+00:00,Paulista - U20,Porto Football U20,Referencia U20,Double Chance,Home/Draw,1.53,0.7205,0-1,LOST,2026-07-22T00:36:12.031Z
2026-07-26T13:00:00+00:00,Ykkönen,KuPS Akatemia,VJS,Asian Handicap,Home +0,3.3,0.6803,2-2,WON,2026-07-22T00:36:12.160Z
2026-07-26T13:45:00+00:00,NB I,Vasas,Gyori ETO FC,Asian Handicap,Home +0,3.9,0.6303,2-2,WON,2026-07-22T00:36:12.581Z
2026-07-26T14:00:00+00:00,3. Division - Girone 2,Rosenborg II,Strindheim,Over/Under Goals,Under 3.5,2.19,0.4861,1-1,WON,2026-07-22T00:36:12.851Z
2026-07-26T14:00:00+00:00,League Cup,ST Mirren,Dunfermline,Over/Under Goals,Under 3.5,1.62,0.4526,0-1,WON,2026-07-22T00:36:12.899Z
2026-07-26T14:30:00+00:00,Allsvenskan,Gais,Halmstad,Over/Under Goals,Under 3.5,1.57,0.8707,1-1,WON,2026-07-22T00:36:13.232Z
2026-07-26T14:30:00+00:00,Friendlies Clubs,Karlsruher SC,Inter,Double Chance,Home/Draw,5.5,0.6965,1-2,LOST,2026-07-22T00:36:13.328Z
2026-07-26T14:30:00+00:00,Liga I,Sepsi OSK Sfantu Gheorghe,Universitatea Cluj,Double Chance,Home/Draw,1.5,0.8002,1-0,WON,2026-07-22T00:36:13.279Z
2026-07-26T14:30:00+00:00,Super League,FC Lugano,FC Vaduz,Over/Under Goals,Under 3.5,1.62,0.7684,2-1,WON,2026-07-22T00:36:13.092Z
2026-07-26T14:30:00+00:00,Super League,FC ST. Gallen,FC Zurich,Over/Under Goals,Under 3.5,1.7,0.4867,2-1,WON,2026-07-22T00:36:13.133Z
2026-07-26T15:00:00+00:00,1. Division,Asane,Egersund,Double Chance,Home/Draw,1.75,0.6522,3-3,WON,2026-07-22T00:36:14.338Z
2026-07-26T15:00:00+00:00,1. Division,Sandnes ULF,Kongsvinger,Double Chance,Home/Draw,1.73,0.6513,1-6,LOST,2026-07-22T00:36:14.269Z
2026-07-26T15:00:00+00:00,1. Division,Sogndal,Ranheim,Asian Handicap,Home +0,1.72,0.5945,3-2,WON,2026-07-22T00:36:14.235Z
2026-07-26T15:00:00+00:00,1. Division,Strommen,ODD Ballklubb,Double Chance,Home/Draw,1.75,0.6582,0-0,WON,2026-07-22T00:36:14.305Z
2026-07-26T15:00:00+00:00,Eliteserien,Sandefjord,Bodo/Glimt,Double Chance,Home/Draw,2.75,0.6514,0-3,LOST,2026-07-22T00:36:13.482Z
2026-07-26T15:00:00+00:00,Eliteserien,Sarpsborg 08 FF,Ham-Kam,Over/Under Goals,Under 3.5,1.55,0.7432,1-0,WON,2026-07-22T00:36:13.531Z
2026-07-26T15:00:00+00:00,First League,Sileks,Bashkimi Kumanovo,Team Total Goals,Under 2.5,2.8,0.9949,6-0,LOST,2026-07-21T00:33:33.406Z
2026-07-26T15:00:00+00:00,Friendlies Clubs,Rangers,West Ham,Over/Under Goals,Over 2.5,1.57,0.7360,0-0,LOST,2026-07-22T00:36:13.629Z
2026-07-26T15:00:00+00:00,MLS Next Pro,Atlanta United II,New York City II,Team Total Goals,Under 2.5,1.6,0.8445,3-2,LOST,2026-07-22T00:36:20.374Z
2026-07-26T15:00:00+00:00,Super Liga,Politehnica UTM,Zimbru,Asian Handicap,Home +0,4.5,0.6374,0-2,LOST,2026-07-22T00:36:13.927Z
2026-07-26T15:00:00+00:00,Super Liga,Žilina,FK Košice,Over/Under Goals,Under 3.5,1.67,0.7237,4-4,LOST,2026-07-22T00:36:13.760Z
2026-07-26T15:00:00+00:00,Superettan,Norrby IF,Ostersunds FK,Double Chance,Home/Draw,1.57,0.7475,2-2,WON,2026-07-22T00:36:13.802Z
2026-07-26T15:00:00+00:00,Ykkönen,OLS,KPV-j,Over/Under Goals,Under 3.5,2.25,0.4923,2-1,WON,2026-07-22T00:36:13.890Z
2026-07-26T15:30:00+00:00,Friendlies Clubs,AS Roma,Cannes,Over/Under Goals,Under 3.5,1.91,0.4499,3-3,LOST,2026-07-22T00:36:15.025Z
2026-07-26T15:30:00+00:00,Kakkonen - Lohko C,Kraft,Vaajakoski,Asian Handicap,Home +0,1.5,0.7135,2-3,LOST,2026-07-22T00:36:14.672Z
2026-07-26T16:00:00+00:00,Cup,Wiener SC,Austria Vienna,Team Total Goals,Under 2.5,2.1,0.8696,0-5,LOST,2026-07-22T00:36:15.353Z
2026-07-26T16:00:00+00:00,First League,Cherno More Varna,Spartak Varna,Team Total Goals,Over 0.5,1.67,0.8771,0-3,WON,2026-07-22T00:36:15.113Z
2026-07-26T16:00:00+00:00,Friendlies Clubs,Napoli,Carrarese,Over/Under Goals,Under 3.5,1.9,0.6108,2-0,WON,2026-07-22T00:36:14.976Z
2026-07-26T16:00:00+00:00,Second League - Group 2,Chertanovo Moscow,Zvezda St. Petersburg,Team Total Goals,Over 0.5,1.7,0.8420,1-1,WON,2026-07-22T00:36:15.421Z
2026-07-26T16:00:00+00:00,Segunda División,Ayacucho FC,Santos,Over/Under Goals,Over 2.5,2.35,0.7826,2-0,LOST,2026-07-22T00:36:15.315Z
2026-07-26T16:00:00+00:00,Superligaen,AC Horsens,FC Nordsjaelland,Double Chance,Home/Draw,1.85,0.7825,1-1,WON,2026-07-22T00:36:14.883Z
2026-07-26T16:00:00+00:00,Virsliga,Auda,BFC Daugavpils,Over/Under Goals,Under 3.5,1.57,0.8545,1-0,WON,2026-07-22T00:36:15.276Z
2026-07-26T16:30:00+00:00,Premier League,Rubin,FC Krasnodar,Double Chance,Home/Draw,1.79,0.6247,1-3,LOST,2026-07-22T00:36:15.463Z
2026-07-26T17:00:00+00:00,NB II,Gyirmot SE,Csakvar,Asian Handicap,Home +0,2.25,0.7721,3-1,WON,2026-07-22T00:36:15.921Z
2026-07-26T17:00:00+00:00,Super Liga,Dukla Banská Bystrica,Slovan Bratislava,Team Total Goals,Under 2.5,1.5,0.9407,0-4,LOST,2026-07-22T00:36:15.733Z
2026-07-26T17:00:00+00:00,Super Liga,FK Crvena Zvezda,Vojvodina,Team Total Goals,Under 2.5,1.83,0.8449,3-1,LOST,2026-07-22T00:36:15.649Z
2026-07-26T17:00:00+00:00,Super Liga,Sireți,Petrocub,Double Chance,Home/Draw,3.6,0.6556,0-0,WON,2026-07-22T00:36:15.853Z
2026-07-26T17:30:00+00:00,Liga I,Csikszereda,FCSB,Double Chance,Home/Draw,1.85,0.7174,0-2,LOST,2026-07-22T00:36:16.061Z
2026-07-26T18:00:00+00:00,NB I,Paks,Ferencvarosi TC,Over/Under Goals,Under 3.5,1.62,0.6039,4-2,LOST,2026-07-22T00:36:16.322Z
2026-07-26T18:00:00+00:00,Paulista - U20,Palmeiras U20,RB Bragantino U20,Over/Under Goals,Over 2.5,1.67,0.8430,0-3,WON,2026-07-22T00:36:16.385Z
2026-07-26T18:00:00+00:00,Primera B Metropolitana,Deportivo Laferrere,Talleres Remedios,Asian Handicap,Home +0,1.98,0.5998,0-2,LOST,2026-07-21T00:33:38.614Z
2026-07-26T18:00:00+00:00,Primera C,Juventud Unida,Defensores de Cambaceres,Asian Handicap,Home +0,1.67,0.6760,3-1,WON,2026-07-22T00:36:16.791Z
2026-07-26T18:00:00+00:00,Torneo Federal A,Boca Unidos,Juventud Antoniana,Double Chance,Home/Draw,1.5,0.6971,0-3,LOST,
2026-07-26T18:00:00+00:00,Torneo Federal A,Douglas Haig,9 de Julio Rafaela,Asian Handicap,Home +0,1.88,0.5733,2-1,WON,
2026-07-26T18:15:00+00:00,1. SNL,Koper,Radomlje,Over/Under Goals,Under 3.5,1.7,0.6134,2-2,LOST,2026-07-22T00:36:17.214Z
2026-07-26T18:15:00+00:00,Segunda División,Deportivo Binacional,Bentín Tacna Heroica,Double Chance,Home/Draw,2.15,0.7555,0-3,LOST,2026-07-22T00:36:17.253Z
2026-07-26T19:00:00+00:00,Liga Femenina,Santa Fe W,Real Santander W,Over/Under Goals,Under 3.5,1.53,0.8255,0-1,WON,2026-07-22T00:36:18.543Z
2026-07-26T19:00:00+00:00,Primera A,Internacional de Bogota,America de Cali,Double Chance,Home/Draw,1.55,0.8177,0-2,LOST,2026-07-22T00:36:17.846Z
2026-07-26T19:00:00+00:00,Primera División,Blooming,The Strongest,Over/Under Goals,Under 3.5,1.55,0.9995,1-1,WON,
2026-07-26T19:00:00+00:00,Primera Nacional,Gimnasia Jujuy,Club Atlético Güemes,Team Total Goals,Over 1.5,1.8,0.7272,2-1,WON,2026-07-22T00:36:18.345Z
2026-07-26T19:00:00+00:00,Serie B,São Bernardo,Ceara,Asian Handicap,Home +0,1.75,0.6879,3-4,LOST,2026-07-22T00:36:17.960Z
2026-07-26T19:00:00+00:00,Super Liga,Macva,FK Partizan,Over/Under Goals,Under 3.5,1.53,0.7874,1-3,LOST,2026-07-22T00:36:17.991Z
2026-07-26T19:00:00+00:00,Torneo Federal A,Tucuman Central,Sarmiento de La Banda,Double Chance,Home/Draw,1.7,0.6762,1-1,WON,
2026-07-26T19:15:00+00:00,Úrvalsdeild,IA Akranes,Stjarnan,Over/Under Goals,Under 3.5,2.1,0.5657,5-1,LOST,2026-07-22T00:36:18.582Z
2026-07-26T20:00:00+00:00,Segunda División,Dinamo de Puerto La Cruz,Monagas II,Team Total Goals,Over 0.5,1.57,0.8657,2-2,WON,2026-07-22T00:36:18.856Z
2026-07-26T20:30:00+00:00,Primera Division,Comerciantes Unidos,Alianza Lima,Double Chance,Home/Draw,1.85,0.8798,2-2,WON,2026-07-22T00:36:19.264Z
2026-07-26T21:15:00+00:00,Primera División,Bolívar,Real Potosí,Team Total Goals,Under 2.5,1.8,0.9887,2-1,WON,
2026-07-26T21:30:00+00:00,Division Profesional - Clausura,Club Guarani,Sportivo Luqueno,Team Total Goals,Over 0.5,1.55,0.8186,1-2,WON,2026-07-22T00:36:19.974Z
2026-07-26T21:30:00+00:00,Serie B,Londrina,Novorizontino,Double Chance,Home/Draw,1.57,0.7006,1-4,LOST,2026-07-22T00:36:19.843Z
2026-07-26T21:30:00+00:00,Serie C,Caxias,Botafogo PB,Team Total Goals,Over 0.5,1.53,0.7672,1-2,WON,2026-07-22T00:36:19.924Z
2026-07-26T23:00:00+00:00,Liga MX,Necaxa,Monterrey,Double Chance,Home/Draw,1.6,0.7695,2-1,WON,2026-07-22T00:36:20.341Z
2026-07-26T23:00:00+00:00,Liga Nacional,Suchitepéquez,Comunicaciones,Asian Handicap,Home +0,1.78,0.6402,0-0,WON,2026-07-22T00:36:20.511Z
2026-07-26T23:00:00+00:00,MLS Next Pro,Orlando City II,Huntsville City,Over/Under Goals,Under 3.5,1.77,0.6835,0-1,WON,2026-07-22T00:36:20.445Z
2026-07-26T23:30:00+00:00,Primera División,Nacional Potosí,Real Tomayapo,Over/Under Goals,Under 3.5,1.8,0.7118,4-1,LOST,
2026-07-27T00:00:00+00:00,MLS Next Pro,St. Louis City II,Vancouver Whitecaps II,Team Total Goals,Under 2.5,1.68,0.8814,1-1,WON,2026-07-22T00:36:20.481Z
2026-07-27T00:30:00+00:00,Primera Division,Concepción,O'Higgins,Asian Handicap,Home +0,1.67,0.6261,2-0,WON,2026-07-23T00:31:50.764Z
2026-07-27T01:00:00+00:00,CONCACAF U20,Honduras U20,Jamaica U20,Team Total Goals,Over 0.5,1.54,0.9792,1-2,WON,2026-07-23T00:31:50.894Z
2026-07-27T02:00:00+00:00,MLS Next Pro,Tacoma Defiance,Colorado Rapids II,Over/Under Goals,Under 3.5,1.55,0.5588,2-1,WON,2026-07-23T00:31:50.988Z
2026-07-27T13:00:00+00:00,Second League - Group 4,Orenburg II,Krylya Sovetov II,Double Chance,Home/Draw,1.56,0.7173,0-0,WON,2026-07-23T00:31:51.181Z
2026-07-27T15:00:00+00:00,1. Liga,Valmiera / BSS,Riga FC II,Over/Under Goals,Under 3.5,1.75,0.5267,3-0,WON,2026-07-23T00:31:51.247Z
2026-07-27T15:00:00+00:00,Virsliga,Tukums,Rīgas FS,Over/Under Goals,Under 3.5,1.83,0.7232,0-1,WON,2026-07-23T00:31:51.287Z
2026-07-27T16:00:00+00:00,Esiliiga A,Nõmme United II,Viimsi,Over/Under Goals,Under 3.5,1.83,0.7047,0-3,WON,2026-07-23T00:31:51.752Z
2026-07-27T16:00:00+00:00,First League,Dunav Ruse,Ludogorets,Team Total Goals,Under 2.5,1.53,0.9422,0-2,WON,2026-07-23T00:31:51.657Z
2026-07-27T17:00:00+00:00,1. Division,Stabaek,hodd,Team Total Goals,Under 2.5,1.73,0.8193,6-0,LOST,2026-07-23T00:31:52.481Z
2026-07-27T17:00:00+00:00,3. Division - Girone 1,IF Ready,Frigg,Over/Under Goals,Under 3.5,2.27,0.5740,3-3,LOST,2026-07-23T00:31:52.265Z
2026-07-27T17:00:00+00:00,3. Division - Girone 5,Kongsvinger II,Skedsmo,Over/Under Goals,Under 3.5,2.1,0.4987,1-3,LOST,2026-07-27T16:00:02.003Z
2026-07-27T17:00:00+00:00,3. Division - Girone 6,Sarpsborg 08 II,Ørn Horten,Over/Under Goals,Under 3.5,2.02,0.6869,2-3,LOST,2026-07-23T00:31:52.415Z
2026-07-27T17:00:00+00:00,Ekstraklasa,Zaglebie Lubin,Piast Gliwice,Double Chance,Home/Draw,1.5,0.6501,2-0,WON,2026-07-23T00:31:51.930Z
2026-07-27T17:00:00+00:00,Svenska Cupen,IFK Skövde,Jonkopings Sodra,Double Chance,Home/Draw,2.55,0.7139,1-0,WON,2026-07-23T00:31:52.516Z
2026-07-27T17:05:00+00:00,Superettan,Osters IF,Varbergs BoIS FC,Over/Under Goals,Under 3.5,1.57,0.4750,3-0,WON,2026-07-23T00:31:52.551Z
2026-07-27T17:30:00+00:00,NB I,MTK Budapest,Zalaegerszegi TE,Asian Handicap,Home +0,1.6,0.6809,3-0,WON,2026-07-23T00:31:52.601Z
2026-07-27T19:00:00+00:00,Primera División,Gualberto Villarroel SJ,Universitario de Vinto,Over/Under Goals,Under 3.5,1.62,0.7689,2-1,WON,
2026-07-27T21:30:00+00:00,Liga Pro,Guayaquil City FC,Universidad Catolica,Double Chance,Home/Draw,1.65,0.6984,0-0,WON,2026-07-23T00:31:53.203Z
2026-07-28T00:00:00+00:00,Liga Pro,Deportivo Cuenca,Emelec,Team Total Goals,Over 0.5,1.5,0.8194,2-1,WON,2026-07-24T00:33:29.300Z
2026-07-28T02:00:00+00:00,CONCACAF U20,Costa Rica U20,Mexico U20,Double Chance,Home/Draw,3.0,0.8022,0-2,LOST,2026-07-24T00:33:29.413Z
2026-07-28T02:00:00+00:00,Primera Division,UNAN Managua,Rancho Santana,Over/Under Goals,Under 3.5,1.5,0.8502,2-0,WON,2026-07-22T00:36:20.543Z
2026-07-28T09:30:00+00:00,Calcutta Premier Division,United Kolkata,Mohun Bagan,Over/Under Goals,Over 2.5,1.6,0.9012,0-1,LOST,2026-07-28T00:33:09.598Z
2026-07-28T09:45:00+00:00,Friendlies Clubs,Chelsea,Western Sydney Wanderers,Team Total Goals,Under 2.5,2.1,0.9520,6-4,LOST,2026-07-24T00:33:29.549Z
2026-07-28T12:00:00+00:00,Cup,Bomik,Broke Boys,Double Chance,Home/Draw,3.88,0.8494,1-2,LOST,2026-07-24T00:33:29.838Z
2026-07-28T12:30:00+00:00,Piala Presiden,DPMM FC Brunei,Persib Bandung,Team Total Goals,Under 2.5,2.04,0.9666,0-1,WON,2026-07-25T00:35:39.147Z
2026-07-28T14:00:00+00:00,Cup,Anzhi,Izberbash,Asian Handicap,Home +0,6.45,0.6281,1-5,LOST,2026-07-24T00:33:29.863Z
2026-07-28T15:00:00+00:00,1 Lyga,Dainava,Transinvest 2,Over/Under Goals,Under 3.5,1.72,0.7549,3-1,LOST,2026-07-24T00:33:30.040Z
2026-07-28T15:30:00+00:00,Friendlies Clubs,Udinese,Shabab Al Ahli Dubai,Over/Under Goals,Under 3.5,1.62,0.8444,1-2,WON,2026-07-28T14:30:00.501Z
2026-07-28T15:30:00+00:00,Second League,Dobrudzha,Pirin Blagoevgrad,Team Total Goals,Over 0.5,1.55,0.7935,5-1,WON,2026-07-24T00:33:30.130Z
2026-07-28T15:30:00+00:00,Second League,Rilski Sportist,Ludogorets II,Team Total Goals,Over 0.5,1.5,0.7850,0-1,WON,2026-07-24T00:33:30.197Z
2026-07-28T16:00:00+00:00,Cup,Kristall MEZ,Salyut-Belgorod,Over/Under Goals,Under 3.5,2.19,0.7387,3-0,WON,2026-07-24T00:33:30.341Z
2026-07-28T16:00:00+00:00,UEFA Champions League,Lincoln Red Imps FC,Mjallby AIF,Double Chance,Home/Draw,3.15,0.6235,0-0,WON,2026-07-24T00:33:30.241Z
2026-07-28T17:00:00+00:00,Friendlies Clubs,Cambuur,Volos NFC,Asian Handicap,Home +0,1.57,0.7243,1-2,LOST,2026-07-24T00:33:30.648Z
2026-07-28T18:00:00+00:00,Friendlies Clubs,Elche,Al Ain,Team Total Goals,Over 0.5,1.79,0.8157,2-2,WON,2026-07-24T00:33:31.177Z
2026-07-28T18:00:00+00:00,Friendlies Clubs,Kidderminster Harriers,Alvechurch,Team Total Goals,Under 2.5,1.87,0.8323,0-0,WON,2026-07-24T00:33:31.501Z
2026-07-28T18:00:00+00:00,Friendlies Clubs,Morecambe,AFC Fylde,Over/Under Goals,Under 3.5,1.61,0.6407,1-1,WON,2026-07-24T00:33:31.432Z
2026-07-28T18:00:00+00:00,Friendlies Clubs,Quick Boys,Jong AZ,Double Chance,Home/Draw,1.57,0.7358,1-4,LOST,2026-07-24T00:33:29.718Z
2026-07-28T18:00:00+00:00,Primera C,Sportivo Barracas,El Porvenir,Asian Handicap,Home +0,1.75,0.6405,3-2,WON,2026-07-23T00:31:52.789Z
2026-07-28T18:15:00+00:00,UEFA Champions League,Celje,Egnatia Rrogozhinë,Team Total Goals,Over 0.5,1.85,0.9266,1-1,WON,2026-07-24T00:33:31.606Z
2026-07-28T18:30:00+00:00,Friendlies Clubs,Aston Villa,Real Sociedad,Asian Handicap,Home +0,1.55,0.7713,2-4,LOST,2026-07-24T00:33:31.662Z
2026-07-28T18:30:00+00:00,Friendlies Clubs,Barnet,Milton Keynes Dons,Double Chance,Home/Draw,1.55,0.6263,0-0,WON,2026-07-24T00:33:31.796Z
2026-07-28T18:30:00+00:00,Friendlies Clubs,Cambridge United,Northampton,Asian Handicap,Home +0,1.52,0.6885,0-0,WON,2026-07-24T00:33:31.842Z
2026-07-28T18:30:00+00:00,Friendlies Clubs,Carrick Rangers,Ards,Over/Under Goals,Under 3.5,1.86,0.6514,1-0,WON,2026-07-24T00:33:32.090Z
2026-07-28T18:30:00+00:00,Friendlies Clubs,Dagenham & Redbridge,Boreham Wood,Over/Under Goals,Over 2.5,1.6,0.7945,1-2,WON,2026-07-24T00:33:31.925Z
2026-07-28T18:30:00+00:00,Friendlies Clubs,Dollingstown,Linfield,Over/Under Goals,Under 3.5,2.07,0.7118,1-7,LOST,2026-07-24T00:33:32.224Z
2026-07-28T18:30:00+00:00,Friendlies Clubs,Gateshead,South Shields,Asian Handicap,Home +0,1.55,0.7269,1-4,LOST,2026-07-24T00:33:31.954Z
2026-07-28T18:30:00+00:00,Friendlies Clubs,Newport County,Reading,Asian Handicap,Home +0,3.0,0.6341,0-4,LOST,2026-07-24T00:33:31.751Z
2026-07-28T18:30:00+00:00,Premier League,Al Nejmeh,Al Ahed,Over/Under Goals,Over 2.5,1.95,0.7481,2-1,WON,2026-07-25T00:35:39.183Z
2026-07-28T18:45:00+00:00,Football League - Lowland League,Bo'ness United,Bonnyrigg Rose Athletic,Over/Under Goals,Under 3.5,1.61,0.5861,0-4,LOST,2026-07-28T17:45:01.043Z
2026-07-28T18:45:00+00:00,Football League - Lowland League,Celtic II,Clydebank,Over/Under Goals,Under 3.5,1.82,0.4470,6-1,LOST,2026-07-28T17:45:01.073Z
2026-07-28T18:45:00+00:00,Friendlies Clubs,Canvey Island,Aveley,Double Chance,Home/Draw,2.0,0.7504,1-4,LOST,2026-07-24T00:33:32.722Z
2026-07-28T18:45:00+00:00,Friendlies Clubs,Crusaders FC,Newington Youth,Over/Under Goals,Under 3.5,1.84,0.7177,1-1,WON,2026-07-24T00:33:32.388Z
2026-07-28T18:45:00+00:00,Friendlies Clubs,Farnham Town,Yeovil Town,Over/Under Goals,Under 3.5,1.6,0.6480,1-1,WON,2026-07-28T17:45:00.791Z
2026-07-28T18:45:00+00:00,Friendlies Clubs,Hereford,Shrewsbury,Over/Under Goals,Under 3.5,1.77,0.7492,1-1,WON,2026-07-24T00:33:32.634Z
2026-07-28T18:45:00+00:00,Friendlies Clubs,Rochdale,FC Halifax Town,Over/Under Goals,Over 2.5,1.62,0.8209,2-3,WON,2026-07-24T00:33:32.421Z
2026-07-28T18:45:00+00:00,Friendlies Clubs,Tamworth,Macclesfield,Over/Under Goals,Under 3.5,1.57,0.5871,1-1,WON,2026-07-24T00:33:32.883Z
2026-07-28T22:00:00+00:00,CONMEBOL Sudamericana,Tigre,Club Nacional,Asian Handicap,Home +0,1.53,0.8107,1-2,LOST,2026-07-24T00:33:33.471Z
2026-07-28T22:30:00+00:00,Serie B,Ponte Preta,Athletic Club,Asian Handicap,Home +0,2.5,0.5590,1-1,WON,2026-07-24T00:33:33.651Z
2026-07-29T00:00:00+00:00,Copa Colombia,Bogota FC,Deportivo Pasto,Double Chance,Home/Draw,1.73,0.8217,0-3,LOST,2026-07-25T00:35:39.724Z
2026-07-29T00:30:00+00:00,CONMEBOL Sudamericana,Santos,UCV,Over/Under Goals,Over 2.5,1.57,0.8345,4-2,WON,2026-07-25T00:35:39.811Z
2026-07-29T00:35:00+00:00,Serie B,Fortaleza EC,Botafogo SP,Team Total Goals,Over 0.5,1.62,0.8745,1-0,LOST,2026-07-25T00:35:39.867Z
2026-07-29T01:00:00+00:00,Canadian Premier League,Cavalry FC,Supra du Quebec,Over/Under Goals,Over 2.5,1.8,0.7893,2-1,WON,
2026-07-29T08:30:00+00:00,Piala Presiden,Port FC,Persija,Double Chance,Home/Draw,1.5,0.7547,2-2,WON,2026-07-25T00:35:40.169Z
2026-07-29T09:30:00+00:00,Capital Territory NPL,Brindabella,Queanbeyan City,Team Total Goals,Under 2.5,2.14,0.8583,2-0,WON,
2026-07-29T09:45:00+00:00,Friendlies Clubs,Tottenham,Sydney,Over/Under Goals,Under 3.5,1.95,0.8101,1-1,WON,2026-07-25T00:35:40.298Z
2026-07-29T10:00:00+00:00,FA Cup,Busan I Park,FC Seoul,Double Chance,Home/Draw,2.05,0.6453,2-0,WON,2026-07-25T00:35:40.438Z
2026-07-29T10:00:00+00:00,FA Cup,Gimpo Citizen,Incheon United,Over/Under Goals,Under 3.5,1.5,0.7382,1-0,WON,2026-07-25T00:35:40.626Z
2026-07-29T10:00:00+00:00,FA Cup,Ulsan Citizen,Ulsan Hyundai FC,Team Total Goals,Under 2.5,1.8,0.7585,1-0,WON,2026-07-25T00:35:40.668Z
2026-07-29T10:00:00+00:00,Friendlies Clubs,Cerezo Osaka,Borussia Dortmund,Asian Handicap,Home +0,6.5,0.7542,1-0,WON,2026-07-25T00:35:40.346Z
2026-07-29T11:00:00+00:00,League Two,BIT,Nantong Haimen Codion,Asian Handicap,Home +0.25,2.1,0.6683,1-2,LOST,
2026-07-29T12:30:00+00:00,Piala Presiden,Persebaya Surabaya,PSMS Medan,Team Total Goals,Under 2.5,1.63,0.7595,1-0,WON,2026-07-25T00:35:41.404Z
2026-07-29T13:00:00+00:00,Nasjonal U19 Champions League,Fredrikstad FK U19,Stabæk U19,Over/Under Goals,Under 3.5,2.59,0.4308,2-1,WON,2026-07-25T00:35:42.113Z
2026-07-29T14:00:00+00:00,Premier League,Reyady Abaseya,Tadamon Sour,Asian Handicap,Home +0,1.53,0.6453,2-1,WON,2026-07-23T00:31:51.147Z
2026-07-29T14:30:00+00:00,Cup,Kristall,Znamya Noginsk,Over/Under Goals,Under 3.5,1.95,0.4917,2-3,LOST,2026-07-27T00:30:24.724Z
2026-07-29T14:30:00+00:00,Cupa României,Plopeni,Baicoi,Over/Under Goals,Under 3.5,1.6,0.8279,1-2,WON,2026-07-28T00:33:11.099Z
2026-07-29T15:00:00+00:00,Cup,Kirovets Voskhozhdenie,FC Tosno,Asian Handicap,Home +0,2.81,0.6254,0-3,LOST,2026-07-27T00:30:24.806Z
2026-07-29T15:00:00+00:00,Friendlies Clubs,Cremonese,Cittadella,Over/Under Goals,Under 3.5,1.7,0.4191,1-1,WON,2026-07-25T00:35:41.592Z
2026-07-29T16:00:00+00:00,Cup,Stará Říše,Havlíčkův Brod,Over/Under Goals,Under 3.5,1.67,0.7849,0-4,LOST,2026-07-23T00:31:49.011Z
2026-07-29T16:00:00+00:00,Friendlies Clubs,1899 Hoffenheim,Holstein Kiel,Over/Under Goals,Under 3.5,1.65,0.4853,3-1,LOST,2026-07-29T15:00:01.059Z
2026-07-29T16:00:00+00:00,Friendlies Clubs,AEK Athens FC,Samsunspor,Over/Under Goals,Under 3.5,1.5,0.7804,1-2,WON,2026-07-25T00:35:41.896Z
2026-07-29T17:00:00+00:00,Cup,SKA Rostov,Zenit Penza,Team Total Goals,Under 2.5,2.06,0.7986,2-2,WON,2026-07-27T00:30:24.903Z
2026-07-29T17:00:00+00:00,Toto Cup Ligat Al,Hapoel Ramat Gan,Hapoel Petah Tikva,Double Chance,Home/Draw,1.6,0.7182,2-1,WON,2026-07-26T00:35:57.076Z
2026-07-29T17:00:00+00:00,UEFA Champions League,Lech Poznan,Aarhus,Over/Under Goals,Over 2.5,1.7,0.8997,0-3,WON,2026-07-25T00:35:42.245Z
2026-07-29T17:00:00+00:00,UEFA Europa Conference League,FC Copenhagen,Polessya,Team Total Goals,Over 0.5,1.62,0.9280,2-1,WON,2026-07-25T00:35:42.286Z
2026-07-29T17:30:00+00:00,UEFA Champions League,Hapoel Beer Sheva,Vikingur Reykjavik,Team Total Goals,Over 0.5,1.53,0.9387,2-0,LOST,2026-07-25T00:35:42.542Z
2026-07-29T17:45:00+00:00,Division 1,Al Sahel,Khaitan,Asian Handicap,Home +0,1.6,,1-1,WON,
2026-07-29T17:45:00+00:00,Division 1,Al Sulaibikhat,Shamiya,Over/Under Goals,Under 3.5,1.57,0.4993,3-0,WON,2026-07-25T00:35:42.701Z
2026-07-29T18:00:00+00:00,1. Deild,Fylkir,Völsungur,Team Total Goals,Under 2.5,2.06,0.7307,3-1,LOST,2026-07-27T00:30:25.074Z
2026-07-29T18:00:00+00:00,2. Deild,Magni,Fjardabyggd / Leiknir,Double Chance,Home/Draw,1.75,0.6758,3-0,WON,2026-07-25T00:35:43.077Z
2026-07-29T18:00:00+00:00,Friendlies Clubs,Cadiz,AD Ceuta FC,Asian Handicap,Home +0,1.9,0.6304,1-3,LOST,2026-07-25T00:35:41.184Z
2026-07-29T18:00:00+00:00,Friendlies Clubs,Farnborough,Portsmouth,Over/Under Goals,Under 3.5,1.7,0.6936,1-1,WON,2026-07-29T17:00:01.434Z
2026-07-29T18:00:00+00:00,UEFA Champions League,FK Crvena Zvezda,Larne,Team Total Goals,Under 2.5,2.65,0.7914,5-0,LOST,2026-07-25T00:35:42.821Z
2026-07-29T18:45:00+00:00,Football League - Lowland League,Beith,Cumnock Juniors,Double Chance,Home/Draw,1.95,0.7447,2-2,WON,2026-07-25T00:35:43.417Z
2026-07-29T18:45:00+00:00,Football League - Lowland League,East Stirlingshire,Brechin,Over/Under Goals,Under 3.5,1.57,0.5780,3-3,LOST,2026-07-29T17:45:00.910Z
2026-07-29T19:15:00+00:00,1. Deild,Grindavik,Leiknir R.,Over/Under Goals,Under 3.5,1.67,0.7370,1-0,WON,2026-07-27T00:30:25.166Z
2026-07-29T19:15:00+00:00,2. Deild,Haukar,KFG,Over/Under Goals,Under 3.5,2.46,0.5383,2-1,WON,2026-07-25T00:35:43.699Z
2026-07-29T20:00:00+00:00,CONCACAF U20,Jamaica U20,Panama U20,Asian Handicap,Home +0,3.05,0.8776,2-2,WON,2026-07-25T00:35:44.012Z
2026-07-29T22:30:00+00:00,Serie A,Internacional,Flamengo,Over/Under Goals,Over 2.5,1.95,0.8021,1-1,LOST,2026-07-25T00:35:44.154Z
2026-07-29T23:00:00+00:00,USL League One,Greenville Triumph,Boise,Double Chance,Home/Draw,1.7,0.6685,3-2,WON,2026-07-25T00:35:44.327Z
2026-07-29T23:30:00+00:00,USL Championship,Louisville City,Birmingham Legion,Team Total Goals,Under 2.5,1.52,0.7447,2-1,WON,2026-07-25T00:35:44.384Z
2026-07-30T00:00:00+00:00,NWSL Women,Kansas City W,Racing Louisville W,Over/Under Goals,Under 3.5,1.62,0.8650,5-1,LOST,2026-07-27T00:30:25.454Z
2026-07-30T00:00:00+00:00,USL League One,Forward Madison,Chattanooga Red Wolves,Asian Handicap,Home +0,1.61,0.7087,5-2,WON,2026-07-28T00:33:12.326Z
2026-07-30T00:30:00+00:00,CONMEBOL Sudamericana,RB Bragantino,Sporting Cristal,Team Total Goals,Under 2.5,1.57,0.9136,1-0,WON,2026-07-26T00:35:57.516Z
2026-07-30T01:00:00+00:00,CONCACAF U20,Canada U20,Honduras U20,Asian Handicap,Home +0,1.75,0.6613,1-1,WON,2026-07-28T00:33:12.442Z
2026-07-30T01:00:00+00:00,Primera Division,Firpo,Fuerte San Francisco,Team Total Goals,Over 0.5,1.67,0.8463,4-0,LOST,2026-07-26T00:35:57.616Z
2026-07-30T02:00:00+00:00,NWSL Women,Bay FC W,NJ/NY Gotham FC W,Double Chance,Home/Draw,2.05,0.7093,0-1,LOST,2026-07-27T00:30:25.748Z
2026-07-30T09:30:00+00:00,Australia Cup,South Melbourne,Adelaide United,Over/Under Goals,Under 3.5,1.5,0.7165,2-1,WON,2026-07-26T00:35:57.854Z
2026-07-30T14:00:00+00:00,Friendlies Clubs,FC Augsburg,Bournemouth,Asian Handicap,Away -1.25,2.5,0.4534,2-5,WON,2026-07-26T00:35:58.216Z
2026-07-30T15:30:00+00:00,Friendlies Clubs,Mantova,Alcione,Asian Handicap,Home +1.25,2.0,0.9529,6-2,WON,2026-07-30T00:39:31.971Z
2026-07-30T16:00:00+00:00,UEFA Europa Conference League,Auda,FCSB,Double Chance,Home/Draw,2.3,0.6866,4-1,WON,2026-07-26T00:35:58.682Z
2026-07-30T16:00:00+00:00,UEFA Europa Conference League,FC Noah,Zimbru,Team Total Goals,Under 2.5,1.73,0.8739,2-1,WON,2026-07-26T00:35:58.644Z
2026-07-30T16:00:00+00:00,UEFA Europa Conference League,Pyunik Yerevan,Debreceni VSC,Asian Handicap,Home +0,1.53,0.6842,0-0,WON,2026-07-26T00:35:58.491Z
2026-07-30T16:00:00+00:00,UEFA Europa Conference League,Zira,Paide,Team Total Goals,Under 2.5,1.57,0.9528,1-1,WON,2026-07-26T00:35:58.396Z
2026-07-30T16:00:00+00:00,Ykkönen,FC jazz,KuPS Akatemia,Over/Under Goals,Under 3.5,2.0,0.4518,2-2,LOST,2026-07-28T00:33:12.638Z
2026-07-30T16:30:00+00:00,UEFA Europa Conference League,FC Levadia Tallinn,IFK Goteborg,Asian Handicap,Home +0,2.25,0.7320,0-1,LOST,2026-07-26T00:35:58.857Z
2026-07-30T17:00:00+00:00,UEFA Europa Conference League,Dinamo Minsk,Neftchi Baku,Asian Handicap,Home +0,2.1,0.8189,0-1,LOST,2026-07-26T00:35:58.940Z
2026-07-30T17:00:00+00:00,UEFA Europa League,Hradec Králové,Tromso,Double Chance,Home/Draw,1.6,0.7854,3-1,WON,2026-07-26T00:35:59.291Z
2026-07-30T18:00:00+00:00,Paulista - U20,América-SP U20,Mirassol U20,Double Chance,Home/Draw,2.3,0.7589,2-1,WON,2026-07-27T00:30:26.198Z
2026-07-30T18:00:00+00:00,UEFA Europa Conference League,Ajax,Vojvodina,Over/Under Goals,Under 3.5,1.85,0.5462,4-1,LOST,2026-07-26T00:35:59.580Z
2026-07-30T18:15:00+00:00,UEFA Europa Conference League,FC Sion,Bate Borisov,Team Total Goals,Under 2.5,2.25,0.8697,4-0,LOST,2026-07-26T00:35:59.905Z
2026-07-30T18:30:00+00:00,UEFA Europa Conference League,Austria Vienna,FK Liepaja,Team Total Goals,Under 2.5,1.85,0.8503,3-1,LOST,2026-07-26T00:36:00.021Z
2026-07-30T18:30:00+00:00,UEFA Europa Conference League,CFR 1907 Cluj,Alashkert,Team Total Goals,Over 0.5,1.53,0.8377,3-0,LOST,2026-07-26T00:36:00.120Z
2026-07-30T18:30:00+00:00,UEFA Europa Conference League,Panathinaikos,Paks,Team Total Goals,Under 2.5,1.7,0.8059,2-2,WON,2026-07-26T00:36:00.050Z
2026-07-30T18:30:00+00:00,UEFA Europa Conference League,Zrinjski,Valur Reykjavik,Team Total Goals,Under 2.5,1.77,0.9440,2-2,WON,2026-07-26T00:35:59.984Z
2026-07-30T18:30:00+00:00,UEFA Europa League,Ferencvarosi TC,Twente,Double Chance,Home/Draw,1.6,0.6590,2-2,WON,2026-07-26T00:36:00.243Z
2026-07-30T18:45:00+00:00,UEFA Europa Conference League,Coleraine FC,HJK Helsinki,Over/Under Goals,Under 3.5,1.55,0.7093,0-3,WON,2026-07-26T00:36:00.281Z
2026-07-30T18:45:00+00:00,UEFA Europa Conference League,Koper,NSI Runavik,Over/Under Goals,Under 3.5,1.55,0.7855,0-2,WON,2026-07-26T00:36:00.317Z
2026-07-30T19:00:00+00:00,UEFA Europa Conference League,Hibernian,Malisheva,Team Total Goals,Under 2.5,1.85,0.9232,4-1,LOST,2026-07-26T00:36:00.400Z
2026-07-30T19:00:00+00:00,UEFA Europa Conference League,SC Braga,Železničar Pančevo,Over/Under Goals,Under 3.5,1.53,0.8533,4-0,LOST,2026-07-26T00:36:00.361Z
2026-07-30T19:00:00+00:00,UEFA Europa League,Benfica,FC ST. Gallen,Team Total Goals,Under 2.5,1.85,0.7493,5-0,LOST,2026-07-26T00:36:00.522Z
2026-07-30T22:00:00+00:00,CONMEBOL Sudamericana,Gremio,Bolívar,Team Total Goals,Over 0.5,1.7,0.9143,0-1,WON,2026-07-26T00:36:00.741Z
2026-07-30T22:00:00+00:00,Primera Division,Jalapa,Real Estelí,Double Chance,Home/Draw,1.77,0.7800,0-1,LOST,2026-07-26T00:36:00.777Z
2026-07-31T00:15:00+00:00,Primera Division,Central Cordoba de Santiago,Atletico Tucuman,Double Chance,Home/Draw,1.55,0.6966,0-2,LOST,2026-07-27T00:30:26.669Z
2026-07-31T00:15:00+00:00,Primera Division,Independiente,Newells Old Boys,Team Total Goals,Over 0.5,1.77,0.8670,1-0,LOST,2026-07-27T00:30:26.615Z
2026-07-31T00:30:00+00:00,CONMEBOL Sudamericana,O'Higgins,Boca Juniors,Double Chance,Home/Draw,1.83,0.7774,1-0,WON,2026-07-27T00:30:26.776Z
2026-07-31T08:30:00+00:00,Piala Presiden,Arema FC,DPMM FC Brunei,Team Total Goals,Over 0.5,1.64,0.8765,2-0,LOST,2026-07-27T00:30:27.062Z
2026-07-31T09:30:00+00:00,Queensland NPL,Rochedale Rovers,Eastern Suburbs,Asian Handicap,Home +0,2.42,0.6475,2-1,WON,2026-07-27T00:30:27.180Z
2026-07-31T09:30:00+00:00,Victoria NPL,Bentleigh Greens,Oakleigh Cannons,Team Total Goals,Under 2.5,1.67,0.8342,0-0,WON,2026-07-27T00:30:27.152Z
2026-07-31T10:00:00+00:00,New South Wales NPL 2,Prospect United,Blacktown Spartans,Over/Under Goals,Under 3.5,1.71,0.7205,1-2,WON,2026-07-27T00:30:27.302Z
2026-07-31T10:00:00+00:00,Persha Liga,UCSA,Oleksandria,Over/Under Goals,Over 2.5,2.08,0.7155,4-4,WON,2026-07-27T00:30:27.419Z
2026-07-31T10:00:00+00:00,South Australia NPL,Campbelltown City,Adelaide City,Over/Under Goals,Under 3.5,1.57,0.7688,0-4,LOST,2026-07-28T00:33:13.365Z
2026-07-31T10:30:00+00:00,Queensland Premier League,Broadbeach United,Logan Lightning,Over/Under Goals,Under 3.5,1.7,0.4703,1-0,WON,2026-07-28T00:33:13.444Z
2026-07-31T10:30:00+00:00,Queensland Premier League,North Star,Capalaba,Over/Under Goals,Under 3.5,1.95,0.5400,1-0,WON,2026-07-28T00:33:13.412Z
2026-07-31T12:00:00+00:00,Friendlies Clubs,Fortuna Düsseldorf II,TSV Steinbach,Double Chance,Home/Draw,1.83,0.6806,2-4,LOST,2026-07-27T00:30:27.883Z
2026-07-31T13:00:00+00:00,Mineiro U20,Itabirito U20,Athletic Club MG U20,Asian Handicap,Home +0,2.5,0.6669,1-2,LOST,2026-07-27T00:30:28.065Z
2026-07-31T14:00:00+00:00,Friendlies Clubs,FSV Mainz 05,Shabab Al Ahli Dubai,Asian Handicap,Home +0,1.7,0.8629,1-0,WON,2026-07-30T00:39:33.324Z
2026-07-31T14:00:00+00:00,Youth Championship,CSKA Moskva U19,Rubin Kazan U20,Over/Under Goals,Under 3.5,2.09,0.4888,3-1,LOST,2026-07-27T00:30:28.338Z
2026-07-31T14:30:00+00:00,Friendlies Clubs,Den Bosch,Al-Fayha,Asian Handicap,Home +0,1.75,0.7556,2-0,WON,2026-07-27T00:30:28.255Z
2026-07-31T15:00:00+00:00,2. liga,Pohronie,Považská Bystrica,Asian Handicap,Home +0,1.75,0.6420,2-1,WON,2026-07-28T00:33:13.834Z
2026-07-31T15:00:00+00:00,Liga MX U21,Puebla U21,Guadalajara Chivas U21,Double Chance,Home/Draw,1.57,0.7248,0-0,WON,2026-07-28T00:33:13.954Z
2026-07-31T15:30:00+00:00,1 Lyga,Be1 NFA,Jonava,Over/Under Goals,Under 3.5,1.52,0.7798,0-2,WON,2026-07-27T00:30:28.906Z
2026-07-31T15:30:00+00:00,3. liga - MSFL,Unie Hlubina,Zbrojovka Brno II,Double Chance,Home/Draw,1.5,0.7996,8-2,WON,2026-07-27T00:30:28.941Z
2026-07-31T15:30:00+00:00,Kakkonen - Lohko B,ÅIFK,HJS Akatemia,Over/Under Goals,Under 3.5,1.79,0.5703,0-1,WON,2026-07-27T00:30:28.844Z
2026-07-31T15:30:00+00:00,Liga I,Arges Pitesti,Csikszereda,Asian Handicap,Home +0,1.5,0.5824,1-0,WON,2026-07-27T00:30:28.770Z
2026-07-31T15:30:00+00:00,Ykkönen,Inter Turku II,VJS,Over/Under Goals,Under 3.5,2.25,0.4318,1-1,WON,2026-07-28T00:33:14.033Z
2026-07-31T15:30:00+00:00,Ykkönen,PKKU,Tampere United,Over/Under Goals,Under 3.5,1.62,0.7862,4-4,LOST,2026-07-28T00:33:13.998Z
2026-07-31T15:45:00+00:00,Friendlies Clubs,Juve Stabia,Ischia,Over/Under Goals,Under 3.5,3.05,0.6810,5-1,LOST,2026-07-27T00:30:29.127Z
2026-07-31T16:00:00+00:00,1 Lyga,Hegelmann II,Minija,Over/Under Goals,Under 3.5,2.33,0.8188,0-4,LOST,2026-07-27T00:30:29.332Z
2026-07-31T16:00:00+00:00,1. Division,Aarhus Fremad,Aalborg,Asian Handicap,Home +0,1.8,0.7379,1-2,LOST,2026-07-27T00:30:29.303Z
2026-07-31T16:00:00+00:00,3. liga - MSFL,Frýdek-Místek,Hranice,Team Total Goals,Over 0.5,1.6,0.8606,1-0,LOST,2026-07-27T00:30:29.571Z
2026-07-31T16:00:00+00:00,FNL,Karviná,Vlašim,Team Total Goals,Over 0.5,1.5,0.8081,1-0,LOST,2026-07-28T00:33:14.205Z
2026-07-31T16:00:00+00:00,First League,Slavia Sofia,Lokomotiv Sofia,Asian Handicap,Home +0,2.15,0.6396,1-1,WON,2026-07-27T00:30:29.181Z
2026-07-31T16:00:00+00:00,Friendlies Clubs,Juventus,Nice,Over/Under Goals,Under 3.5,1.5,0.7948,2-0,WON,2026-07-27T00:30:29.075Z
2026-07-31T16:00:00+00:00,Friendlies Clubs,Nantes,Al Wakrah,Over/Under Goals,Under 3.5,1.65,0.4755,5-1,LOST,2026-07-27T00:30:28.990Z
2026-07-31T16:00:00+00:00,Friendlies Clubs,Rizespor,Abha,Over/Under Goals,Under 3.5,1.62,0.4905,0-0,WON,2026-07-27T00:30:27.767Z
2026-07-31T16:00:00+00:00,III Liga - Group 3,Stal Brzeg,Goczałkowice Zdrój,Asian Handicap,Home +0.5,1.65,0.8756,1-1,WON,2026-07-27T00:30:29.648Z
2026-07-31T16:00:00+00:00,Kakkonen - Lohko A,Union Plaani,PEPO,Double Chance,Home/Draw,2.02,0.6268,0-2,LOST,2026-07-28T00:33:14.181Z
2026-07-31T16:00:00+00:00,Regionalliga - Ost,Fach-Donaufeld,SV Horn,Over/Under Goals,Under 3.5,1.53,0.8461,2-1,WON,2026-07-27T00:30:29.608Z
2026-07-31T16:30:00+00:00,Erste Liga,Austria Vienna (Am),FC BW Linz,Double Chance,Home/Draw,1.8,0.8039,0-3,LOST,2026-07-27T00:30:29.808Z
2026-07-31T16:30:00+00:00,Erste Liga,Voitsberg,SKU Amstetten,Asian Handicap,Home +0,1.7,0.7304,1-1,WON,2026-07-27T00:30:29.839Z
2026-07-31T17:00:00+00:00,2. Division,FA 2000,B 93,Double Chance,Home/Draw,2.75,0.7028,1-3,LOST,2026-07-27T00:30:31.150Z
2026-07-31T17:00:00+00:00,2. Division,Nykobing FC,Fremad Amager,Asian Handicap,Home +0,1.98,0.7626,2-2,WON,2026-07-27T00:30:31.086Z
2026-07-31T17:00:00+00:00,2. Division,Roskilde,Naestved,Over/Under Goals,Under 3.5,1.5,0.8630,2-2,LOST,2026-07-27T00:30:31.118Z
2026-07-31T17:00:00+00:00,2. liga,Liptovský Mikuláš,Galanta,Team Total Goals,Under 2.5,1.65,0.8178,2-0,WON,2026-07-28T00:33:14.811Z
2026-07-31T17:00:00+00:00,Czech Liga,Sparta Praha,Zlin,Over/Under Goals,Under 3.5,1.6,0.5669,3-1,LOST,2026-07-28T00:33:14.541Z
2026-07-31T17:00:00+00:00,Damallsvenskan,Hammarby W,Växjö W,Over/Under Goals,Under 3.5,1.83,0.6113,5-0,LOST,2026-07-27T00:30:30.340Z
2026-07-31T17:00:00+00:00,Division 2 - Västra Götaland,Böljan,Västra Frölunda,Over/Under Goals,Under 3.5,1.7,0.6803,2-1,WON,2026-07-27T00:30:31.349Z
2026-07-31T17:00:00+00:00,Division 2 - Västra Götaland,Lindome,Jonsered,Over/Under Goals,Under 3.5,1.94,0.6634,2-3,LOST,2026-07-27T00:30:31.315Z
2026-07-31T17:00:00+00:00,Eliteserien,Valerenga,Ham-Kam,Over/Under Goals,Under 3.5,1.55,0.4761,0-3,WON,2026-07-28T00:33:14.464Z
2026-07-31T17:00:00+00:00,Friendlies Clubs,ADO Den Haag,Asteras Tripolis,Over/Under Goals,Over 2.5,1.57,0.8272,0-0,LOST,2026-07-27T00:30:30.094Z
2026-07-31T17:00:00+00:00,Friendlies Clubs,Fortuna Sittard,Apoel Nicosia,Over/Under Goals,Under 3.5,1.5,0.6144,2-1,WON,2026-07-27T00:30:30.140Z
2026-07-31T17:00:00+00:00,Friendlies Clubs,NEC Nijmegen,Sevilla,Asian Handicap,Home +0,1.93,0.6264,1-2,LOST,2026-07-27T00:30:30.181Z
2026-07-31T17:00:00+00:00,Regionalliga - Nord,Werder Bremen II,VfB Oldenburg,Double Chance,Home/Draw,1.7,0.6610,0-3,LOST,2026-07-28T00:33:14.738Z
2026-07-31T17:00:00+00:00,Regionalliga - Ost,Donau,Krems / Rehberg,Double Chance,Home/Draw,1.83,0.7803,1-1,WON,2026-07-27T00:30:31.241Z
2026-07-31T17:00:00+00:00,Regionalliga - Ost,Leobendorf,Parndorf,Over/Under Goals,Under 3.5,1.53,0.9498,1-1,WON,2026-07-27T00:30:31.179Z
2026-07-31T17:30:00+00:00,1. Liga Promotion,Brühl,Young Boys II,Team Total Goals,Under 2.5,1.65,0.8448,4-2,LOST,2026-07-27T00:30:32.001Z
2026-07-31T17:30:00+00:00,Challenge League,Yverdon Sport,Étoile Carouge,Over/Under Goals,Under 3.5,1.58,0.5102,1-1,WON,2026-07-27T00:30:31.753Z
2026-07-31T17:30:00+00:00,Division 2 - Norra Götaland,IF Karlstad II,Grebbestad,Over/Under Goals,Under 3.5,1.6,0.8208,1-2,WON,2026-07-27T00:30:31.782Z
2026-07-31T17:30:00+00:00,Division 2 - Norra Götaland,Stenungsund,Skara,Over/Under Goals,Under 3.5,1.85,0.5324,1-1,WON,2026-07-27T00:30:31.811Z
2026-07-31T17:30:00+00:00,Division 2 - Västra Götaland,Kongahälla,Onsala,Over/Under Goals,Under 3.5,1.7,0.6991,0-0,WON,2026-07-27T00:30:31.967Z
2026-07-31T17:30:00+00:00,Friendlies Clubs,Johor Darul Takzim FC,FC Cartagena,Asian Handicap,Home +1.25,4.1,0.9640,2-0,WON,2026-07-30T00:39:33.894Z
2026-07-31T17:30:00+00:00,Regionalliga - Ost,Wiener SC,Favoritner AC,Over/Under Goals,Under 3.5,1.69,0.8311,2-0,WON,2026-07-27T00:30:31.872Z
2026-07-31T18:00:00+00:00,Division 2 - Södra Svealand,Farsta,Rågsved,Asian Handicap,Home +0,1.72,0.7288,1-1,WON,2026-07-27T00:30:32.748Z
2026-07-31T18:00:00+00:00,Friendlies Clubs,Estoril,CF Os Belenenses,Asian Handicap,Home +0,2.88,0.7601,1-1,WON,2026-07-27T00:30:27.684Z
2026-07-31T18:00:00+00:00,Friendlies Clubs,Mansfield Town,Derby,Over/Under Goals,Under 3.5,1.55,0.4364,1-3,LOST,2026-07-27T00:30:32.213Z
2026-07-31T18:00:00+00:00,Paulista - U20,São Paulo U20,Botafogo SP U20,Team Total Goals,Under 2.5,1.55,0.9597,2-0,WON,2026-07-27T00:30:32.351Z
2026-07-31T18:00:00+00:00,Primera C,JJ Urquiza,Berazategui,Double Chance,Home/Draw,1.53,0.8219,0-0,WON,2026-07-28T00:33:15.242Z
2026-07-31T18:00:00+00:00,Primera C,Puerto Nuevo,Sacachispas,Double Chance,Home/Draw,1.55,0.7365,1-0,WON,2026-07-30T00:39:48.283Z
2026-07-31T18:00:00+00:00,Prva HNL,Dinamo Zagreb,NK Slaven Belupo,Team Total Goals,Under 2.5,1.91,0.9619,2-0,WON,2026-07-27T00:30:32.053Z
2026-07-31T18:30:00+00:00,Erste Liga,Floridsdorfer AC,SKN ST. Polten,Double Chance,Home/Draw,1.55,0.9427,1-0,WON,2026-07-27T00:30:32.864Z
2026-07-31T18:30:00+00:00,FAW Championship,llanelli AFC,Newport City,Over/Under Goals,Under 3.5,1.55,0.9272,1-4,LOST,2026-07-27T00:30:33.218Z
2026-07-31T18:30:00+00:00,Friendlies Clubs,Bromley,QPR,Over/Under Goals,Under 3.5,1.62,0.5249,0-7,LOST,2026-07-27T00:30:33.085Z
2026-07-31T18:30:00+00:00,Friendlies Clubs,Scunthorpe,Chesterfield,Over/Under Goals,Under 3.5,1.58,0.8215,1-1,WON,2026-07-27T00:30:32.953Z
2026-07-31T18:30:00+00:00,II Liga - East,Stal Stalowa Wola,Tychy 71,Double Chance,Home/Draw,1.53,0.7797,1-2,LOST,2026-07-27T00:30:33.178Z
2026-07-31T18:30:00+00:00,Liga I,Oţelul,Dinamo Bucuresti,Over/Under Goals,Over 2.5,2.15,0.7991,1-1,LOST,2026-07-27T00:30:32.911Z
2026-07-31T18:45:00+00:00,First Division,Athlone Town,UCD,Double Chance,Home/Draw,1.55,0.6708,0-0,WON,2026-07-27T00:30:33.553Z
2026-07-31T18:45:00+00:00,First Division,Treaty United,Longford Town,Over/Under Goals,Over 2.5,1.95,0.7730,0-1,LOST,2026-07-27T00:30:33.674Z
2026-07-31T18:45:00+00:00,Friendlies Clubs,Ballinamallard United,Bangor,Double Chance,Home/Draw,2.6,0.6843,1-2,LOST,2026-07-27T00:30:33.345Z
2026-07-31T18:45:00+00:00,Friendlies Clubs,Bishop's Cleeve,Evesham United,Over/Under Goals,Under 3.5,1.58,0.7512,1-1,WON,2026-07-27T00:30:33.418Z
2026-07-31T18:45:00+00:00,Friendlies Clubs,Southport,Wigan,Team Total Goals,Under 2.5,1.8,0.8580,0-0,WON,2026-07-27T00:30:33.304Z
2026-07-31T18:45:00+00:00,Friendlies Clubs,Sporting CP,Nottingham Forest,Over/Under Goals,Under 3.5,1.7,0.4910,4-1,LOST,2026-07-27T00:30:32.123Z
2026-07-31T18:45:00+00:00,Premier League,Colwyn Bay,Trefelin,Asian Handicap,Away -1.25,2.02,0.4646,2-0,LOST,2026-07-29T00:30:42.153Z
2026-07-31T18:45:00+00:00,Premier League,Llandudno,Flint Town United,Over/Under Goals,Under 3.5,1.55,0.6882,3-2,LOST,2026-07-29T00:30:42.102Z
2026-07-31T19:00:00+00:00,FAW Championship,Bangor 1876,Bala Town,Asian Handicap,Home +0,2.16,0.7443,1-2,LOST,2026-07-27T00:30:33.860Z
2026-07-31T19:00:00+00:00,Premier Division,Drogheda United,Shamrock Rovers,Double Chance,Home/Draw,2.05,0.8148,0-0,WON,2026-07-27T00:30:33.805Z
2026-07-31T19:00:00+00:00,Premiership,Dundee Utd,Rangers,Asian Handicap,Home +0,4.15,0.6057,1-1,WON,2026-07-27T00:30:33.763Z
2026-07-31T19:00:00+00:00,Primera División,Universitario de Vinto,Guabirá,Over/Under Goals,Under 3.5,1.65,0.5809,1-1,WON,
2026-07-31T21:00:00+00:00,CONCACAF U20,El Salvador U20,Haiti U20,Asian Handicap,Home +0,3.14,0.5924,1-2,LOST,2026-07-28T00:33:15.988Z
2026-07-31T21:00:00+00:00,Primera C,Mercedes,Estrella Del Sur,Asian Handicap,Home +0,1.83,0.6481,1-1,WON,2026-07-28T00:33:15.435Z
2026-07-31T21:30:00+00:00,Primera División,The Strongest,Aurora,Team Total Goals,Under 2.5,1.8,1.0000,1-1,WON,
2026-07-31T23:00:00+00:00,MLS Next Pro,Inter Miami II,Chattanooga,Over/Under Goals,Under 3.5,1.71,0.5801,0-1,WON,2026-07-27T00:30:34.281Z
